tag,rate_hz,executor,nodes,affinity_mask,sched_policy,yolo_pool,warmup_ms,n_gaps,gap_mean_ms,gap_p95_ms,gap_max_ms,n_frames,n_goals,n_consumed,e2e_goal_med_ms,e2e_goal_p95_ms,e2e_med_ms,e2e_p95_ms,rmw,kernels_sha,busy_c0,busy_c1,busy_c2,busy_c3,busy_c4,busy_c5,busy_c6,busy_c7
10_multi_r1,10,multi,"camera,perception,nav,control",0xff,SCHED_OTHER,0,3000.0,1700,9.999847035294117,10.179,11.3113,171,170,170,53.162,54.646,58.703,58.811,rmw_fastrtps_cpp,2b8233d ir=0c783539626c,7.2,12.4,11.2,10.3,10.2,2.3,5.4,12.0
10_multi_r2,10,multi,"camera,perception,nav,control",0xff,SCHED_OTHER,0,3000.0,1700,9.999917988235294,10.2196,11.3347,171,170,170,53.195,54.232,58.697,58.793,rmw_fastrtps_cpp,2b8233d ir=0c783539626c,6.4,7.1,7.3,7.6,11.7,3.2,8.1,9.4
10_p3_r1,10,single,percep | nav | control (3 processes),"{'percep': '0x1', 'nav': '0x10', 'control': '0x20'}",,,3000.0,1700,9.999881847058823,10.06,10.8172,179,170,170,30.533,31.009,35.447500000000005,35.47,rmw_fastrtps_cpp,2b8233d ir=0c783539626c,24.3,22.2,21.9,21.8,7.6,0.3,0.5,1.0
10_p8_r1,10,single,percep | nav | control (3 processes),"{'percep': '0x1', 'nav': '0x30', 'control': '0xc0'}",,,3000.0,1700,9.999863352941176,10.0657,12.1978,181,170,170,30.38,31.117,33.915,33.935,rmw_fastrtps_cpp,2b8233d ir=0c783539626c,23.5,21.4,20.8,21.2,3.8,0.4,0.5,0.7
10_ship_r1,10,single,"camera,perception,nav,control",0xff,SCHED_OTHER,0,3000.0,1165,14.592262635193133,49.3432,50.1801,171,170,170,53.2775,53.934,59.033500000000004,59.111,rmw_fastrtps_cpp,2b8233d ir=0c783539626c,5.7,56.0,2.5,2.0,9.0,2.6,1.9,7.9
10_ship_r2,10,single,"camera,perception,nav,control",0xff,SCHED_OTHER,0,3000.0,1189,14.2975186627418,49.5048,49.7586,171,170,170,53.4865,53.659,59.0,59.033,rmw_fastrtps_cpp,2b8233d ir=0c783539626c,0.2,0.1,0.5,0.1,0.1,0.1,54.2,0.8
10_smte_r1,10,multi,"camera,perception,nav,control",0xf,SCHED_OTHER,4,3000.0,1700,9.99988834117647,10.4466,13.7664,171,170,170,44.8775,53.805,48.707499999999996,58.729,rmw_fastrtps_cpp,2b8233d ir=0c783539626c,14.6,29.7,27.3,25.9,0.2,0.3,0.2,1.1
10_smte_r2,10,multi,"camera,perception,nav,control",0xf,SCHED_OTHER,4,3000.0,1700,9.999882805882352,10.4424,14.0725,171,170,170,38.551500000000004,53.473,43.846000000000004,58.792,rmw_fastrtps_cpp,2b8233d ir=0c783539626c,19.3,30.4,29.2,27.4,0.0,0.0,0.7,0.7
10_spin_r1,10,single,"camera,perception,nav,control",0x1,SCHED_OTHER,4,3000.0,1530,11.110939581699347,26.4469,29.7344,171,170,170,30.488500000000002,30.751,39.0225,39.065,rmw_fastrtps_cpp,2b8233d ir=0c783539626c,32.0,21.8,21.4,21.4,0.1,0.3,0.0,1.4
10_spin_r2,10,single,"camera,perception,nav,control",0x1,SCHED_OTHER,4,3000.0,1528,11.125545477748691,26.519,35.7114,171,170,170,30.5255,31.332,39.051,39.079,rmw_fastrtps_cpp,2b8233d ir=0c783539626c,39.5,22.1,21.8,21.6,0.5,0.1,0.1,0.4
120_p3_r1,120,single,percep | nav | control (3 processes),"{'percep': '0x1', 'nav': '0x10', 'control': '0x20'}",,,3000.0,1700,9.999880076470589,10.0793,12.3966,707,656,656,56.39,57.358,61.735,66.222,rmw_fastrtps_cpp,cef38a5a ir=0c783539626c,99.3,87.5,85.8,85.3,20.2,2.6,0.1,1.0
120_p3_r2,120,single,percep | nav | control (3 processes),"{'percep': '0x1', 'nav': '0x10', 'control': '0x20'}",,,3000.0,1700,10.000088905882352,10.0808,12.1795,689,654,654,56.4705,57.768,61.741,66.331,rmw_fastrtps_cpp,70d57e09 ir=0c783539626c,99.2,87.4,85.7,85.5,20.0,2.8,0.2,1.0
120_p3_r3,120,single,percep | nav | control (3 processes),"{'percep': '0x1', 'nav': '0x10', 'control': '0x20'}",,,3000.0,1700,10.000086023529411,10.0808,10.4802,690,658,658,56.3,57.075,61.4825,66.035,rmw_fastrtps_cpp,70d57e09 ir=0c783539626c,99.4,87.4,85.9,85.7,20.2,2.4,0.5,0.8
120_vanilla4_r1,120,single,"camera | percep | nav | control (4 processes, unpinned)","{'camera': '0xff', 'percep': '0xff', 'nav': '0xff', 'control': '0xff'}",,,3000.0,648,26.14045848765432,26.7475,72.3067,2171,643,643,110.532,114.378,110.534,114.38,rmw_fastrtps_cpp,cef38a5a ir=0c783539626c,19.5,87.0,85.6,85.3,4.1,7.6,1.1,98.9
120_vanilla4_r2,120,single,"camera | percep | nav | control (4 processes, unpinned)","{'camera': '0xff', 'percep': '0xff', 'nav': '0xff', 'control': '0xff'}",,,3000.0,651,26.11502396313364,26.7885,71.804,2139,646,646,110.61099999999999,114.498,110.61349999999999,114.5,rmw_fastrtps_cpp,70d57e09 ir=0c783539626c,4.2,87.0,85.8,85.4,4.4,3.7,20.1,99.0
120_vanilla4_r3,120,single,"camera | percep | nav | control (4 processes, unpinned)","{'camera': '0xff', 'percep': '0xff', 'nav': '0xff', 'control': '0xff'}",,,3000.0,650,26.12044953846154,27.3466,72.1285,2137,646,646,110.6105,114.355,110.613,114.357,rmw_fastrtps_cpp,70d57e09 ir=0c783539626c,2.1,87.2,86.0,85.5,13.4,98.5,10.5,7.1
120_vanilla4x2_r1,120,single,"camera | percep | percep2 | nav | control (5 processes, unpinned)","{'camera': '0xff', 'percep': '0xff', 'percep2': '0xff', 'nav': '0xff', 'control': '0xff'}",,,3000.0,1028,16.532574455252917,28.6162,40.0327,2145,1017,1017,199.988,215.209,199.99,215.211,rmw_fastrtps_cpp,36b326c8 ir=0c783539626c,84.1,72.4,73.6,72.4,75.9,78.1,80.5,80.3
120_vanilla4x2_r2,120,single,"camera | percep | percep2 | nav | control (5 processes, unpinned)","{'camera': '0xff', 'percep': '0xff', 'percep2': '0xff', 'nav': '0xff', 'control': '0xff'}",,,3000.0,1037,16.38136262295082,28.8998,44.1482,2187,1025,1025,199.83,215.514,199.833,215.517,rmw_fastrtps_cpp,36b326c8 ir=0c783539626c,81.6,70.9,74.2,70.0,80.1,80.8,82.7,81.9
120_vanilla4x2_r3,120,single,"camera | percep | percep2 | nav | control (5 processes, unpinned)","{'camera': '0xff', 'percep': '0xff', 'percep2': '0xff', 'nav': '0xff', 'control': '0xff'}",,,3000.0,1048,16.229713654580152,28.0954,43.0643,2148,1035,1035,200.113,215.808,200.115,215.812,rmw_fastrtps_cpp,36b326c8 ir=0c783539626c,74.1,70.8,73.2,70.6,89.9,82.5,83.5,82.7
120_vanilla4x2tm_r1,120,single,"camera | percep | percep2 | nav | control (5 processes, unpinned)","{'camera': '0xff', 'percep': '0xff', 'percep2': '0xff', 'nav': '0xff', 'control': '0xff'}",,,3000.0,1701,9.999527613168723,10.7696,13.807,2149,1012,968,200.351,215.666,205.7225,222.469,rmw_fastrtps_cpp,36b326c8 ir=0c783539626c,86.4,70.4,69.7,67.4,75.9,84.4,85.1,84.1
120_vanilla4x2tm_r2,120,single,"camera | percep | percep2 | nav | control (5 processes, unpinned)","{'camera': '0xff', 'percep': '0xff', 'percep2': '0xff', 'nav': '0xff', 'control': '0xff'}",,,3000.0,1700,10.000198947058824,10.8573,19.0085,2148,1016,958,200.3105,215.357,205.69400000000002,221.597,rmw_fastrtps_cpp,36b326c8 ir=0c783539626c,82.7,78.8,79.8,77.6,81.2,73.0,75.2,72.2
120_vanilla4x2tm_r3,120,single,"camera | percep | percep2 | nav | control (5 processes, unpinned)","{'camera': '0xff', 'percep': '0xff', 'percep2': '0xff', 'nav': '0xff', 'control': '0xff'}",,,3000.0,1700,10.000035611764705,10.7754,13.0481,2141,1013,951,200.447,215.383,205.583,220.505,rmw_fastrtps_cpp,de7f98ef ir=0c783539626c,84.2,74.7,73.6,73.2,77.8,79.6,80.5,78.0
12_multi_r1,12,multi,"camera,perception,nav,control",0xff,SCHED_OTHER,0,3000.0,1700,9.999756111764706,10.1495,13.8386,205,204,204,53.17,54.966,58.7,62.114,rmw_fastrtps_cpp,2b8233d ir=0c783539626c,9.4,8.2,9.7,9.5,6.7,8.3,9.6,8.3
12_multi_r2,12,multi,"camera,perception,nav,control",0xff,SCHED_OTHER,0,3000.0,1700,9.999758594117647,10.1767,12.7043,205,204,204,53.177499999999995,54.116,58.744,62.123,rmw_fastrtps_cpp,2b8233d ir=0c783539626c,10.2,12.4,13.2,10.3,10.3,12.1,11.3,12.2
12_p3_r1,12,single,percep | nav | control (3 processes),"{'percep': '0x1', 'nav': '0x10', 'control': '0x20'}",,,3000.0,1700,9.999868082352942,10.0655,10.8033,215,204,204,30.506,31.187,36.386,39.75,rmw_fastrtps_cpp,2b8233d ir=0c783539626c,30.1,26.2,25.9,25.7,6.0,1.6,0.1,0.8
12_p8_r1,12,single,percep | nav | control (3 processes),"{'percep': '0x1', 'nav': '0x30', 'control': '0xc0'}",,,3000.0,1700,9.999859547058824,10.0653,11.1199,215,204,204,30.38,30.82,35.802499999999995,39.173,rmw_fastrtps_cpp,2b8233d ir=0c783539626c,29.6,25.9,25.2,25.0,5.5,0.4,0.8,1.0
12_ship_r1,12,single,"camera,perception,nav,control",0xff,SCHED_OTHER,0,3000.0,936,18.162258322649574,56.1932,58.6193,205,204,204,53.5945,54.324,58.9965,62.361,rmw_fastrtps_cpp,2b8233d ir=0c783539626c,66.1,0.5,0.0,0.3,0.1,0.1,100.0,1.0
12_ship_r2,12,single,"camera,perception,nav,control",0xff,SCHED_OTHER,0,3000.0,952,17.85686281512605,55.7478,56.0574,205,204,204,53.087,53.274,59.073499999999996,62.434,rmw_fastrtps_cpp,2b8233d ir=0c783539626c,0.1,65.0,0.1,0.4,0.1,0.4,0.1,0.4
12_smte_r1,12,multi,"camera,perception,nav,control",0xf,SCHED_OTHER,4,3000.0,1700,9.999902329411764,10.7753,13.6277,205,204,204,40.1495,53.427,45.4625,58.831,rmw_fastrtps_cpp,2b8233d ir=0c783539626c,23.1,34.8,32.6,33.4,0.0,0.3,0.2,0.9
12_smte_r2,12,multi,"camera,perception,nav,control",0xf,SCHED_OTHER,4,3000.0,1700,9.999900664705882,10.7851,12.9978,205,204,204,37.11150000000001,53.809,45.462500000000006,62.087,rmw_fastrtps_cpp,2b8233d ir=0c783539626c,26.7,35.5,34.8,34.5,0.8,0.5,0.7,1.1
12_spin_r1,12,single,"camera,perception,nav,control",0x1,SCHED_OTHER,4,3000.0,1364,12.463139039589443,32.8683,33.5012,205,204,204,30.39,30.663,35.6185,38.998,rmw_fastrtps_cpp,2b8233d ir=0c783539626c,37.1,26.6,26.2,26.0,0.1,0.2,0.2,0.9
12_spin_r2,12,single,"camera,perception,nav,control",0x1,SCHED_OTHER,4,3000.0,1395,12.186228050179212,30.0978,46.1989,205,204,204,30.459,30.994,35.7735,39.126,rmw_fastrtps_cpp,2b8233d ir=0c783539626c,37.4,26.3,26.2,26.0,0.1,0.1,0.4,0.7
15_cp3_r1,15,single,percep | nav | control (3 processes),"{'percep': '0x1', 'nav': '0x10', 'control': '0x20'}",,,3000.0,255,66.66595647058824,69.1934,72.303,267,254,254,30.7885,33.549,30.791,33.551,rmw_fastrtps_cpp,2b8233d ir=0c783539626c,38.1,36.2,33.1,32.8,7.7,0.7,0.4,0.3
15_cp3_r2,15,single,percep | nav | control (3 processes),"{'percep': '0x1', 'nav': '0x10', 'control': '0x20'}",,,3000.0,255,66.66185176470589,69.0204,74.8127,268,254,254,30.647,33.21,30.649,33.212,rmw_fastrtps_cpp,2b8233d ir=0c783539626c,38.9,32.8,32.5,32.1,7.8,2.0,0.1,0.6
15_cp3_r3,15,single,percep | nav | control (3 processes),"{'percep': '0x1', 'nav': '0x10', 'control': '0x20'}",,,3000.0,255,66.66467019607843,67.8575,70.4044,270,255,255,30.523,31.527,30.525,31.529,rmw_fastrtps_cpp,3b71363 ir=0c783539626c,37.4,32.2,31.5,31.3,8.4,0.5,0.2,0.6
15_cship_r1,15,single,"camera,perception,nav,control",0xff,SCHED_OTHER,0,3000.0,255,66.66508549019608,66.9652,67.3216,256,255,255,53.944,54.21,53.946,54.212,rmw_fastrtps_cpp,2b8233d ir=0c783539626c,0.3,3.1,0.6,0.4,0.2,81.9,0.7,0.5
15_cship_r2,15,single,"camera,perception,nav,control",0xff,SCHED_OTHER,0,3000.0,255,66.66521137254902,66.8999,67.2433,256,255,255,54.046,54.249,54.048,54.251,rmw_fastrtps_cpp,2b8233d ir=0c783539626c,0.9,0.1,0.7,0.1,0.1,0.4,0.1,82.0
15_cship_r3,15,single,"camera,perception,nav,control",0xff,SCHED_OTHER,0,3000.0,255,66.66500588235294,66.9351,68.4663,256,255,255,53.613,53.837,53.616,53.845,rmw_fastrtps_cpp,788b66c ir=0c783539626c,0.3,0.6,79.7,0.1,2.6,1.6,0.1,0.1
15_cspin_r1,15,single,"camera,perception,nav,control",0x1,SCHED_OTHER,4,3000.0,255,66.6625643137255,68.8656,70.8856,256,255,255,30.485,32.568,30.487,32.57,rmw_fastrtps_cpp,2b8233d ir=0c783539626c,45.5,34.3,32.7,32.4,0.1,0.2,0.5,0.1
15_cspin_r2,15,single,"camera,perception,nav,control",0x1,SCHED_OTHER,4,3000.0,255,66.65281921568628,70.4214,72.929,256,255,255,31.069,34.539,31.071,34.541,rmw_fastrtps_cpp,2b8233d ir=0c783539626c,48.8,32.7,32.1,31.8,0.1,0.5,0.8,0.1
15_cspin_r3,15,single,"camera,perception,nav,control",0x1,SCHED_OTHER,4,3000.0,255,66.66518039215686,67.1394,69.8349,256,255,255,30.271,30.764,30.272,30.766,rmw_fastrtps_cpp,788b66c ir=0c783539626c,45.8,32.5,32.2,32.1,1.7,0.6,0.0,0.3
15_multi_r1,15,multi,"camera,perception,nav,control",0xff,SCHED_OTHER,0,3000.0,1700,9.99983024117647,10.1786,11.3928,256,255,255,53.125,54.086,58.784,62.202,rmw_fastrtps_cpp,2b8233d ir=0c783539626c,9.5,10.5,17.0,14.6,15.2,13.1,7.7,10.0
15_multi_r2,15,multi,"camera,perception,nav,control",0xff,SCHED_OTHER,0,3000.0,1700,9.999913258823529,10.1453,12.4976,256,255,255,53.884,54.853,58.809,62.212,rmw_fastrtps_cpp,788b66c ir=0c783539626c,13.1,13.8,13.1,13.4,12.4,11.7,15.0,14.8
15_multi_r3,15,multi,"camera,perception,nav,control",0xff,SCHED_OTHER,0,3000.0,1700,9.999926529411765,10.1453,11.8788,256,255,255,53.841,55.909,58.844,62.28,rmw_fastrtps_cpp,3b71363 ir=0c783539626c,11.8,12.9,16.2,12.9,13.6,12.3,9.5,12.1
15_nproc_r1,15,single,nav | control (2 processes),"{'nav': '0x10', 'control': '0x1'}",,,3000.0,1336,12.72430509730539,32.96,36.1272,0,0,0,,,,,rmw_fastrtps_cpp,2b8233d ir=0c783539626c,46.1,32.1,31.5,31.5,7.8,0.5,0.1,0.7
15_nproc_r2,15,single,nav | control (2 processes),"{'nav': '0x10', 'control': '0x1'}",,,3000.0,1299,13.086833503464204,33.1142,36.5558,0,0,0,,,,,rmw_fastrtps_cpp,05d2ce6 ir=0c783539626c,40.4,33.3,32.6,32.4,9.2,0.7,0.2,0.1
15_nproc_r3,15,single,nav | control (2 processes),"{'nav': '0x10', 'control': '0x1'}",,,3000.0,1279,13.291472555121189,33.2077,36.2994,0,0,0,,,,,rmw_fastrtps_cpp,3b71363 ir=0c783539626c,39.0,33.8,33.3,33.3,8.0,0.5,0.6,0.2
15_p3_r1,15,single,percep | nav | control (3 processes),"{'percep': '0x1', 'nav': '0x10', 'control': '0x20'}",,,3000.0,1700,9.999874335294118,10.0657,11.3443,268,255,254,30.451,30.75,36.0095,39.412,rmw_fastrtps_cpp,2b8233d ir=0c783539626c,37.2,31.8,31.1,31.0,7.9,0.9,0.1,0.4
15_p3_r2,15,single,percep | nav | control (3 processes),"{'percep': '0x1', 'nav': '0x10', 'control': '0x20'}",,,3000.0,1700,9.999887341176471,10.0678,11.0954,275,254,254,30.5715,31.956,35.356,38.749,rmw_fastrtps_cpp,788b66c ir=0c783539626c,37.5,32.6,32.1,31.7,9.9,1.0,0.4,0.4
15_p3_r3,15,single,percep | nav | control (3 processes),"{'percep': '0x1', 'nav': '0x10', 'control': '0x20'}",,,3000.0,1700,9.99987405882353,10.0755,11.3854,270,254,254,30.506,31.218,34.521,37.887,rmw_fastrtps_cpp,3b71363 ir=0c783539626c,38.2,32.6,32.1,31.9,9.1,17.4,0.4,0.1
15_p8_r1,15,single,percep | nav | control (3 processes),"{'percep': '0x1', 'nav': '0x30', 'control': '0xc0'}",,,3000.0,1700,9.999873552941176,10.0688,10.5099,268,254,254,30.3945,30.826,34.818,38.218,rmw_fastrtps_cpp,2b8233d ir=0c783539626c,37.5,32.0,31.4,31.1,7.6,0.4,0.7,0.8
15_rvanilla4_r1,15,single,"camera | percep | nav | control | extra | extra2 (6 processes, unpinned)","{'camera': '0xff', 'percep': '0xff', 'nav': '0xff', 'control': '0xff', 'extra': '0xff', 'extra2': '0xff'}",,,3000.0,255,66.66613725490195,67.8706,76.9566,266,254,254,31.524,32.758,31.526,32.761,rmw_fastrtps_cpp,eed7a3f ir=0c783539626c,30.6,37.5,33.4,35.0,31.7,1.7,12.5,22.2
15_rvanilla4_r2,15,single,"camera | percep | nav | control | extra | extra2 (6 processes, unpinned)","{'camera': '0xff', 'percep': '0xff', 'nav': '0xff', 'control': '0xff', 'extra': '0xff', 'extra2': '0xff'}",,,3000.0,255,66.69076274509804,67.8483,76.7027,267,255,255,31.464,32.521,31.468,32.523,rmw_fastrtps_cpp,eed7a3f ir=0c783539626c,28.4,40.9,33.5,33.6,37.6,14.2,15.7,1.4
15_rvanilla4_r3,15,single,"camera | percep | nav | control | extra | extra2 (6 processes, unpinned)","{'camera': '0xff', 'percep': '0xff', 'nav': '0xff', 'control': '0xff', 'extra': '0xff', 'extra2': '0xff'}",,,3000.0,255,66.66687176470589,67.3633,70.0132,268,255,255,30.901,31.544,30.903,31.546,rmw_fastrtps_cpp,428f390 ir=0c783539626c,36.7,38.9,36.4,33.4,7.4,27.9,22.3,0.3
15_rvanilla_r1,15,single,"camera | percep | nav | control | extra | extra2 (6 processes, unpinned)","{'camera': '0xff', 'percep': '0xff', 'nav': '0xff', 'control': '0xff', 'extra': '0xff', 'extra2': '0xff'}",,,3000.0,204,83.4537068627451,84.1431,84.5266,267,196,196,719.7574999999999,747.768,719.7595,747.77,rmw_fastrtps_cpp,971f1b7 ir=0c783539626c,0.8,0.5,1.0,100.0,28.1,1.4,6.3,28.0
15_rvanilla_r2,15,single,"camera | percep | nav | control | extra | extra2 (6 processes, unpinned)","{'camera': '0xff', 'percep': '0xff', 'nav': '0xff', 'control': '0xff', 'extra': '0xff', 'extra2': '0xff'}",,,3000.0,203,83.89287192118226,87.5935,89.3701,267,195,195,722.768,752.093,722.77,752.095,rmw_fastrtps_cpp,ed33052 ir=0c783539626c,5.0,1.8,100.0,28.0,28.3,0.5,1.0,3.8
15_rvanilla_r3,15,single,"camera | percep | nav | control | extra | extra2 (6 processes, unpinned)","{'camera': '0xff', 'percep': '0xff', 'nav': '0xff', 'control': '0xff', 'extra': '0xff', 'extra2': '0xff'}",,,3000.0,204,83.37529950980392,84.1171,84.2977,267,196,196,721.1980000000001,750.867,721.2,750.869,rmw_fastrtps_cpp,cc1adbf ir=0c783539626c,28.3,0.3,1.0,100.0,29.2,6.5,0.4,0.5
15_ship_r1,15,single,"camera,perception,nav,control",0xff,SCHED_OTHER,0,3000.0,765,22.221911450980393,55.6766,56.0149,256,255,255,53.08,53.241,59.026,62.362,rmw_fastrtps_cpp,2b8233d ir=0c783539626c,0.5,81.8,0.3,0.1,0.1,0.1,0.1,1.0
15_ship_r2,15,single,"camera,perception,nav,control",0xff,SCHED_OTHER,0,3000.0,682,24.92643491202346,56.5666,56.793,256,255,255,53.883,54.091,59.117,62.515,rmw_fastrtps_cpp,788b66c ir=0c783539626c,0.1,0.2,0.1,82.2,1.1,0.3,0.5,0.0
15_ship_r3,15,single,"camera,perception,nav,control",0xff,SCHED_OTHER,0,3000.0,680,24.999721264705883,56.8548,57.1351,256,255,255,54.253,54.481,59.133,62.451,rmw_fastrtps_cpp,3b71363 ir=0c783539626c,0.1,0.1,0.1,0.4,1.6,83.5,0.1,0.2
15_smte_r1,15,multi,"camera,perception,nav,control",0xf,SCHED_OTHER,4,3000.0,1700,9.999886923529411,10.9099,14.7062,256,255,255,45.36,53.596,48.775,62.063,rmw_fastrtps_cpp,2b8233d ir=0c783539626c,25.7,43.7,43.1,40.4,0.1,0.5,0.2,0.7
15_spin_r1,15,single,"camera,perception,nav,control",0x1,SCHED_OTHER,4,3000.0,1340,12.686405350746268,32.8581,33.7136,256,255,255,30.404,30.74,35.801,39.201,rmw_fastrtps_cpp,2b8233d ir=0c783539626c,46.2,32.2,31.3,31.4,0.3,0.2,0.2,0.9
15_spin_r2,15,single,"camera,perception,nav,control",0x1,SCHED_OTHER,4,3000.0,1339,12.695893666915609,32.8572,42.649,256,255,255,30.38,31.477,35.835,39.235,rmw_fastrtps_cpp,7e6e40a ir=0c783539626c,46.5,33.3,33.2,32.8,1.6,0.1,0.2,0.5
15_spin_r3,15,single,"camera,perception,nav,control",0x1,SCHED_OTHER,4,3000.0,1347,12.62048601336303,32.944,36.2457,256,255,255,30.341,30.541,35.819,39.223,rmw_fastrtps_cpp,3b71363 ir=0c783539626c,46.5,32.7,32.4,32.3,1.1,0.1,0.1,0.3
15_vanilla4_r1,15,single,"camera | percep | nav | control (4 processes, unpinned)","{'camera': '0xff', 'percep': '0xff', 'nav': '0xff', 'control': '0xff'}",,,3000.0,255,66.66520588235294,67.0805,68.0685,268,255,255,31.076,31.391,31.079,31.393,rmw_fastrtps_cpp,f431a8b ir=0c783539626c,1.8,33.9,34.3,33.8,36.9,7.8,0.5,0.4
15_vanilla4_r2,15,single,"camera | percep | nav | control (4 processes, unpinned)","{'camera': '0xff', 'percep': '0xff', 'nav': '0xff', 'control': '0xff'}",,,3000.0,255,66.66677764705882,67.2081,68.1453,268,255,255,31.035,31.501,31.037,31.503,rmw_fastrtps_cpp,eed7a3f ir=0c783539626c,0.6,33.4,41.1,32.9,0.6,30.1,1.3,8.9
15_vanilla4_r3,15,single,"camera | percep | nav | control (4 processes, unpinned)","{'camera': '0xff', 'percep': '0xff', 'nav': '0xff', 'control': '0xff'}",,,3000.0,255,66.66767607843137,67.1723,77.7267,268,254,254,30.9115,31.474,30.914,31.477,rmw_fastrtps_cpp,eed7a3f ir=0c783539626c,18.2,33.6,32.1,38.8,0.4,0.7,16.8,4.0
15_vanilla4t_r1,15,single,"camera,perception,nav,control",0xff,SCHED_OTHER,4,3000.0,1275,13.333265568627452,33.6459,34.3498,256,255,255,30.883,31.478,35.522,38.921,rmw_fastrtps_cpp,f431a8b ir=0c783539626c,0.3,32.2,32.7,31.7,0.5,49.4,0.1,0.2
15_vanilla4t_r2,15,single,"camera,perception,nav,control",0xff,SCHED_OTHER,4,3000.0,1275,13.333183992156863,33.6947,34.3721,256,255,255,30.91,31.348,35.477,38.901,rmw_fastrtps_cpp,eed7a3f ir=0c783539626c,0.2,32.3,32.5,31.6,0.1,50.1,0.6,0.2
15_vanilla4t_r3,15,single,"camera,perception,nav,control",0xff,SCHED_OTHER,4,3000.0,1275,13.33318820392157,33.5927,34.8163,256,255,255,30.875,31.679,35.562,38.979,rmw_fastrtps_cpp,eed7a3f ir=0c783539626c,0.4,32.1,32.5,31.5,0.3,47.2,0.1,0.2
15_vanilla_r1,15,single,"camera | percep | nav | control (4 processes, unpinned)","{'camera': '0xff', 'percep': '0xff', 'nav': '0xff', 'control': '0xff'}",,,3000.0,255,66.66510117647059,66.8768,67.179,267,254,254,53.73,53.865,53.732,53.868,rmw_fastrtps_cpp,971f1b7 ir=0c783539626c,0.3,73.2,1.8,8.0,0.1,0.2,0.4,2.2
15_vanilla_r2,15,single,"camera | percep | nav | control (4 processes, unpinned)","{'camera': '0xff', 'percep': '0xff', 'nav': '0xff', 'control': '0xff'}",,,3000.0,255,66.6650768627451,66.9294,67.0843,267,254,254,53.819500000000005,54.057,53.8215,54.06,rmw_fastrtps_cpp,971f1b7 ir=0c783539626c,2.6,0.1,6.9,1.7,72.7,0.7,1.7,0.3
15_vanilla_r3,15,single,"camera | percep | nav | control (4 processes, unpinned)","{'camera': '0xff', 'percep': '0xff', 'nav': '0xff', 'control': '0xff'}",,,3000.0,255,66.66501254901961,67.258,76.0832,270,255,255,53.843,54.288,53.847,54.292,rmw_fastrtps_cpp,fb08334 ir=0c783539626c,0.8,1.8,72.9,0.5,0.4,7.5,0.4,0.7
15_yproc_r1,15,single,percep | control (2 processes),"{'percep': '0x1', 'control': '0x10'}",,,3000.0,1700,9.999876888235294,11.5735,13.2532,255,254,254,30.3525,30.557,35.036,38.427,rmw_fastrtps_cpp,2b8233d ir=0c783539626c,37.5,33.7,33.4,33.1,8.1,0.7,0.1,1.1
15_yproc_r2,15,single,percep | control (2 processes),"{'percep': '0x1', 'control': '0x10'}",,,3000.0,1701,9.99987443856555,11.9192,15.0627,256,255,255,30.405,31.687,34.595,41.043,rmw_fastrtps_cpp,33a5a72 ir=0c783539626c,37.9,32.9,32.3,32.2,10.4,0.4,0.2,0.1
15_yproc_r3,15,single,percep | control (2 processes),"{'percep': '0x1', 'control': '0x10'}",,,3000.0,1700,9.999729623529412,12.4872,15.5427,255,254,254,30.627499999999998,32.353,37.412000000000006,40.936,rmw_fastrtps_cpp,3b71363 ir=0c783539626c,38.2,32.3,31.8,31.5,11.2,0.4,0.4,0.3
20_multi_r1,20,multi,"camera,perception,nav,control",0xff,SCHED_OTHER,0,3000.0,1700,10.000060405882353,10.2918,13.8675,341,339,339,53.162,53.913,58.696,58.769,rmw_fastrtps_cpp,2b8233d ir=0c783539626c,14.9,22.5,12.1,13.2,4.9,14.2,16.6,16.8
20_multi_r2,20,multi,"camera,perception,nav,control",0xff,SCHED_OTHER,0,3000.0,1700,10.000104882352941,10.2022,11.479,341,339,339,53.175,55.001,58.742,58.841,rmw_fastrtps_cpp,2b8233d ir=0c783539626c,13.8,25.8,13.6,20.8,6.6,10.5,12.4,12.5
20_p3_r1,20,single,percep | nav | control (3 processes),"{'percep': '0x1', 'nav': '0x10', 'control': '0x20'}",,,3000.0,1700,9.999869088235295,10.0602,11.5426,359,339,339,30.478,30.847,35.214,35.243,rmw_fastrtps_cpp,2b8233d ir=0c783539626c,50.6,43.1,42.4,42.1,11.8,2.9,0.1,1.1
20_p8_r1,20,single,percep | nav | control (3 processes),"{'percep': '0x1', 'nav': '0x30', 'control': '0xc0'}",,,3000.0,1700,9.999878147058823,10.0651,11.1182,358,340,340,30.323,30.898,39.79,39.85,rmw_fastrtps_cpp,2b8233d ir=0c783539626c,50.5,40.9,40.0,39.6,6.0,3.6,1.3,1.9
20_ship_r1,20,single,"camera,perception,nav,control",0xff,SCHED_OTHER,0,3000.0,334,50.913999251497,53.1084,53.3248,322,318,317,211.37150000000003,211.645,211.725,211.996,rmw_fastrtps_cpp,2b8233d ir=0c783539626c,0.2,0.0,0.5,0.1,0.1,0.1,100.0,1.1
20_ship_r2,20,single,"camera,perception,nav,control",0xff,SCHED_OTHER,0,3000.0,351,48.394759344729344,52.8507,53.1376,324,320,317,209.63850000000002,209.985,209.977,210.341,rmw_fastrtps_cpp,2b8233d ir=0c783539626c,0.1,100.0,0.0,0.2,0.2,0.0,0.2,1.3
20_smte_r1,20,multi,"camera,perception,nav,control",0xf,SCHED_OTHER,4,3000.0,1700,9.999873223529411,10.8544,14.582,341,339,339,41.805,54.538,48.699,59.363,rmw_fastrtps_cpp,2b8233d ir=0c783539626c,38.5,58.2,57.7,53.0,0.8,0.2,0.0,0.5
20_spin_r1,20,single,"camera,perception,nav,control",0x1,SCHED_OTHER,4,3000.0,1360,12.499888897058824,26.4635,29.6189,341,340,340,30.398,30.744,39.034,39.11,rmw_fastrtps_cpp,2b8233d ir=0c783539626c,62.9,44.1,43.9,43.6,0.3,0.7,0.1,0.7
20_spin_r2,20,single,"camera,perception,nav,control",0x1,SCHED_OTHER,4,3000.0,1360,12.499846286764706,26.4465,29.7174,341,340,340,30.382,30.591,39.042,39.088,rmw_fastrtps_cpp,2b8233d ir=0c783539626c,62.8,42.0,41.4,41.0,0.5,0.2,0.6,0.7
25_cp3_r1,25,single,percep | nav | control (3 processes),"{'percep': '0x1', 'nav': '0x10', 'control': '0x20'}",,,3000.0,425,39.99924705882353,43.3118,51.5251,445,424,424,30.7445,34.635,30.7465,34.638,rmw_fastrtps_cpp,2b8233d ir=0c783539626c,65.5,60.1,55.8,55.6,12.2,1.1,0.7,0.1
25_cp3_r2,25,single,percep | nav | control (3 processes),"{'percep': '0x1', 'nav': '0x10', 'control': '0x20'}",,,3000.0,425,39.999917411764706,42.7014,60.4463,445,424,424,30.582,33.92,30.584,33.922,rmw_fastrtps_cpp,2b8233d ir=0c783539626c,65.0,55.2,54.0,53.6,16.5,2.1,0.4,0.9
25_cp3_r3,25,single,percep | nav | control (3 processes),"{'percep': '0x1', 'nav': '0x10', 'control': '0x20'}",,,3000.0,426,39.999675352112675,41.7995,43.3646,450,425,425,30.619,32.602,30.623,32.604,rmw_fastrtps_cpp,3b71363 ir=0c783539626c,66.0,59.1,58.4,58.2,13.3,0.7,0.5,0.4
25_cship_r1,25,single,"camera,perception,nav,control",0xff,SCHED_OTHER,0,3000.0,317,53.611350788643534,53.7719,54.0142,317,313,313,214.011,214.331,214.012,214.332,rmw_fastrtps_cpp,2b8233d ir=0c783539626c,0.6,1.4,0.4,0.1,0.0,0.2,0.3,100.0
25_cship_r2,25,single,"camera,perception,nav,control",0xff,SCHED_OTHER,0,3000.0,320,53.1615790625,53.3117,53.4472,320,316,316,212.21050000000002,212.517,212.212,212.519,rmw_fastrtps_cpp,2b8233d ir=0c783539626c,2.0,0.5,100.0,0.1,0.4,0.1,0.2,0.2
25_cship_r3,25,single,"camera,perception,nav,control",0xff,SCHED_OTHER,0,3000.0,319,53.260710971786835,53.4652,53.5618,319,315,315,212.626,212.901,212.628,212.902,rmw_fastrtps_cpp,788b66c ir=0c783539626c,0.1,0.4,0.0,100.0,1.2,0.1,0.5,0.1
25_cspin_r1,25,single,"camera,perception,nav,control",0x1,SCHED_OTHER,4,3000.0,425,40.00168117647059,41.3044,43.3104,426,425,425,30.518,32.025,30.52,32.027,rmw_fastrtps_cpp,2b8233d ir=0c783539626c,77.0,57.4,54.4,53.9,0.1,1.5,0.1,0.1
25_cspin_r2,25,single,"camera,perception,nav,control",0x1,SCHED_OTHER,4,3000.0,425,40.00007094117647,42.5834,90.0657,426,425,425,30.365,33.105,30.367,33.107,rmw_fastrtps_cpp,2b8233d ir=0c783539626c,77.6,56.4,55.5,55.3,0.3,0.7,0.9,0.7
25_cspin_r3,25,single,"camera,perception,nav,control",0x1,SCHED_OTHER,4,3000.0,425,39.999574352941174,40.5945,43.7469,426,425,425,30.223,30.828,30.225,30.83,rmw_fastrtps_cpp,788b66c ir=0c783539626c,77.4,56.2,55.4,54.8,1.2,0.1,0.6,0.1
25_multi_q1_r1,25,multi,"camera,perception,nav,control",0xff,SCHED_OTHER,0,3000.0,1700,9.999808811764705,10.1611,11.0938,426,342,342,73.5935,92.033,78.5235,98.58,rmw_fastrtps_cpp,6fbda91 ir=0c783539626c,17.2,17.2,19.5,17.0,17.0,15.8,16.6,16.0
25_multi_r1,25,multi,"camera,perception,nav,control",0xff,SCHED_OTHER,0,3000.0,1700,9.999893588235294,10.2389,11.0946,426,340,340,433.095,450.906,438.6915,458.723,rmw_fastrtps_cpp,2b8233d ir=0c783539626c,15.2,17.3,14.0,15.8,18.9,14.8,14.8,19.8
25_multi_r2,25,multi,"camera,perception,nav,control",0xff,SCHED_OTHER,0,3000.0,1700,9.999935411764707,10.2312,11.6654,426,334,334,433.765,452.274,438.68550000000005,458.725,rmw_fastrtps_cpp,788b66c ir=0c783539626c,16.1,16.0,14.5,15.6,17.6,19.5,6.8,14.6
25_multi_r3,25,multi,"camera,perception,nav,control",0xff,SCHED_OTHER,0,3000.0,1700,9.999909476470588,10.247,14.4124,426,334,334,433.969,451.771,438.7145,458.746,rmw_fastrtps_cpp,3b71363 ir=0c783539626c,11.2,14.9,14.8,14.4,14.9,18.7,16.6,15.1
25_nproc_r1,25,single,nav | control (2 processes),"{'nav': '0x10', 'control': '0x1'}",,,3000.0,1270,13.38566837007874,27.1656,30.9108,0,0,0,,,,,rmw_fastrtps_cpp,2b8233d ir=0c783539626c,68.7,54.8,54.1,53.7,10.3,0.1,0.5,0.6
25_nproc_r2,25,single,nav | control (2 processes),"{'nav': '0x10', 'control': '0x1'}",,,3000.0,1274,13.343765598901099,26.7817,30.0062,0,0,0,,,,,rmw_fastrtps_cpp,05d2ce6 ir=0c783539626c,66.6,56.4,55.6,55.7,12.3,0.9,0.4,0.1
25_nproc_r3,25,single,nav | control (2 processes),"{'nav': '0x10', 'control': '0x1'}",,,3000.0,1270,13.385681503937008,27.4656,31.3779,0,0,0,,,,,rmw_fastrtps_cpp,3b71363 ir=0c783539626c,67.8,54.0,52.6,52.3,18.1,0.2,0.4,0.2
25_p3_q1_r1,25,single,percep | nav | control (3 processes),"{'percep': '0x1', 'nav': '0x10', 'control': '0x20'}",,,3000.0,1700,9.999859876470587,10.0892,10.5677,447,424,424,30.701500000000003,31.36,40.595,40.67,rmw_fastrtps_cpp,6fbda91 ir=0c783539626c,61.4,53.8,53.0,52.3,18.4,0.4,0.4,0.4
25_p3_r1,25,single,percep | nav | control (3 processes),"{'percep': '0x1', 'nav': '0x10', 'control': '0x20'}",,,3000.0,1700,9.999879529411764,10.0539,10.4909,447,425,425,30.437,30.739,30.948,30.997,rmw_fastrtps_cpp,2b8233d ir=0c783539626c,65.6,51.3,50.4,50.3,10.6,0.2,0.4,0.8
25_p3_r2,25,single,percep | nav | control (3 processes),"{'percep': '0x1', 'nav': '0x10', 'control': '0x20'}",,,3000.0,1700,9.999887370588235,10.0579,11.1296,458,424,424,30.538,31.212,32.92,32.949,rmw_fastrtps_cpp,788b66c ir=0c783539626c,62.3,55.5,54.7,54.5,19.7,2.4,0.3,0.2
25_p3_r3,25,single,percep | nav | control (3 processes),"{'percep': '0x1', 'nav': '0x10', 'control': '0x20'}",,,3000.0,1700,9.999886052941177,10.0604,11.6393,450,424,424,30.47,31.053,33.584,33.61,rmw_fastrtps_cpp,3b71363 ir=0c783539626c,65.0,52.1,50.9,50.5,11.4,0.4,0.4,0.1
25_p8_r1,25,single,percep | nav | control (3 processes),"{'percep': '0x1', 'nav': '0x30', 'control': '0xc0'}",,,3000.0,1700,9.9998779,10.102,11.9358,445,424,424,30.354,30.863,37.911,37.949,rmw_fastrtps_cpp,2b8233d ir=0c783539626c,65.6,55.3,54.1,54.0,10.2,1.0,8.7,9.7
25_rmulti_r1,25,multi,"camera,perception,nav,control",0xff,SCHED_OTHER,4,3000.0,1700,9.999945311764705,10.7395,12.5511,425,424,424,34.394,54.769,35.3935,64.444,rmw_fastrtps_cpp,9705f2c ir=0c783539626c,25.6,64.3,62.7,59.9,25.4,27.4,25.5,24.5
25_rmulti_r2,25,multi,"camera,perception,nav,control",0xff,SCHED_OTHER,4,3000.0,1700,10.000022876470588,10.5706,13.3214,426,425,425,33.529,50.935,35.19,55.043,rmw_fastrtps_cpp,9705f2c ir=0c783539626c,27.4,64.5,63.4,60.1,28.2,29.4,30.2,27.0
25_rp3_r1,25,single,percep | nav | control | extra (4 processes),"{'percep': '0x1', 'nav': '0x10', 'control': '0x20', 'extra': '0xc0'}",,,3000.0,1700,10.000103047058824,10.0631,12.3746,449,424,424,30.8185,31.846,36.691500000000005,36.777,rmw_fastrtps_cpp,9705f2c ir=0c783539626c,65.5,51.7,51.6,50.4,11.5,0.5,53.6,0.3
25_rp3_r2,25,single,percep | nav | control | extra (4 processes),"{'percep': '0x1', 'nav': '0x10', 'control': '0x20', 'extra': '0xc0'}",,,3000.0,1700,10.000034752941177,10.0792,11.049,448,425,424,30.885,33.009,37.659,37.714,rmw_fastrtps_cpp,9705f2c ir=0c783539626c,64.1,56.0,56.7,54.7,15.7,0.7,0.9,55.0
25_rspin_r1,25,single,"camera,perception,nav,control",0x1,SCHED_OTHER,4,3000.0,577,29.442348868284228,52.4526,65.9047,294,293,293,97.132,141.875,97.68,142.305,rmw_fastrtps_cpp,7866a91 ir=0c783539626c,98.9,38.1,39.4,37.4,0.2,0.0,0.1,0.7
25_rspin_r2,25,single,"camera,perception,nav,control",0x1,SCHED_OTHER,4,3000.0,610,27.841698537704918,51.3686,62.7105,300,298,298,95.4485,113.674,96.06299999999999,114.105,rmw_fastrtps_cpp,9705f2c ir=0c783539626c,99.3,38.7,39.0,38.1,0.1,0.0,0.2,0.1
25_rvanilla4_r1,25,single,"camera | percep | nav | control | extra | extra2 (6 processes, unpinned)","{'camera': '0xff', 'percep': '0xff', 'nav': '0xff', 'control': '0xff', 'extra': '0xff', 'extra2': '0xff'}",,,3000.0,425,40.014042823529415,40.9121,51.0905,445,424,424,31.474,32.429,31.477,32.431,rmw_fastrtps_cpp,eed7a3f ir=0c783539626c,6.5,65.4,56.8,54.8,32.9,28.3,7.6,51.4
25_rvanilla4_r2,25,single,"camera | percep | nav | control | extra | extra2 (6 processes, unpinned)","{'camera': '0xff', 'percep': '0xff', 'nav': '0xff', 'control': '0xff', 'extra': '0xff', 'extra2': '0xff'}",,,3000.0,425,40.00189411764706,41.2438,56.9202,446,424,424,31.3415,32.835,31.3435,32.837,rmw_fastrtps_cpp,eed7a3f ir=0c783539626c,30.3,59.7,56.8,59.7,16.2,49.1,3.2,28.1
25_rvanilla4_r3,25,single,"camera | percep | nav | control | extra | extra2 (6 processes, unpinned)","{'camera': '0xff', 'percep': '0xff', 'nav': '0xff', 'control': '0xff', 'extra': '0xff', 'extra2': '0xff'}",,,3000.0,425,40.03782023529412,40.7227,53.3877,444,424,424,31.3365,31.981,31.3385,31.983,rmw_fastrtps_cpp,428f390 ir=0c783539626c,28.5,65.3,55.9,52.8,3.1,34.3,4.8,55.1
25_rvanilla_r1,25,single,"camera | percep | nav | control | extra | extra2 (6 processes, unpinned)","{'camera': '0xff', 'percep': '0xff', 'nav': '0xff', 'control': '0xff', 'extra': '0xff', 'extra2': '0xff'}",,,3000.0,204,83.44267205882353,83.8682,85.9202,445,198,198,469.088,487.042,469.09000000000003,487.043,rmw_fastrtps_cpp,971f1b7 ir=0c783539626c,28.4,100.0,28.5,0.7,0.9,0.2,7.0,0.3
25_rvanilla_r2,25,single,"camera | percep | nav | control | extra | extra2 (6 processes, unpinned)","{'camera': '0xff', 'percep': '0xff', 'nav': '0xff', 'control': '0xff', 'extra': '0xff', 'extra2': '0xff'}",,,3000.0,203,83.9185802955665,84.4092,87.2827,454,197,197,470.264,488.36,470.266,488.362,rmw_fastrtps_cpp,ed33052 ir=0c783539626c,13.3,28.1,0.4,28.3,3.5,100.0,0.4,0.6
25_rvanilla_r3,25,single,"camera | percep | nav | control | extra | extra2 (6 processes, unpinned)","{'camera': '0xff', 'percep': '0xff', 'nav': '0xff', 'control': '0xff', 'extra': '0xff', 'extra2': '0xff'}",,,3000.0,202,84.18425247524752,89.7693,92.3297,445,197,197,470.023,488.708,470.025,488.764,rmw_fastrtps_cpp,cc1adbf ir=0c783539626c,1.4,32.7,100.0,0.1,2.8,28.2,1.4,0.8
25_ship_q1_r1,25,single,"camera,perception,nav,control",0xff,SCHED_OTHER,0,3000.0,464,36.59496642241379,54.1227,54.3582,351,312,312,107.694,107.982,108.03,108.308,rmw_fastrtps_cpp,bc05094 ir=0c783539626c,0.1,0.0,0.7,0.4,0.5,0.1,0.1,100.0
25_ship_r1,25,single,"camera,perception,nav,control",0xff,SCHED_OTHER,0,3000.0,322,52.75841645962733,52.8959,53.0219,322,318,318,210.592,210.83,210.94,211.179,rmw_fastrtps_cpp,2b8233d ir=0c783539626c,0.1,0.0,0.1,0.2,0.1,0.1,100.0,1.4
25_ship_r2,25,single,"camera,perception,nav,control",0xff,SCHED_OTHER,0,3000.0,320,53.21776125,53.364,53.5146,320,316,316,212.4305,212.682,212.779,213.025,rmw_fastrtps_cpp,788b66c ir=0c783539626c,0.1,0.1,100.0,0.5,0.5,0.1,0.1,0.1
25_ship_r3,25,single,"camera,perception,nav,control",0xff,SCHED_OTHER,0,3000.0,316,53.72027215189873,53.9352,54.2072,316,312,312,214.43349999999998,214.801,214.78,215.143,rmw_fastrtps_cpp,3b71363 ir=0c783539626c,0.5,0.2,0.1,0.2,1.3,100.0,0.1,0.1
25_smte_r1,25,multi,"camera,perception,nav,control",0xf,SCHED_OTHER,4,3000.0,1700,9.999638464705882,11.1589,15.2021,425,407,407,391.118,439.277,398.357,448.053,rmw_fastrtps_cpp,2b8233d ir=0c783539626c,42.2,72.1,68.8,67.6,0.4,0.1,0.3,0.9
25_spin_q1_r1,25,single,"camera,perception,nav,control",0x1,SCHED_OTHER,4,3000.0,1271,13.375077671125098,26.7873,30.3544,426,425,425,30.427,30.963,38.805,38.834,rmw_fastrtps_cpp,6fbda91 ir=0c783539626c,78.3,57.4,57.0,56.4,0.0,0.2,0.6,0.3
25_spin_r1,25,single,"camera,perception,nav,control",0x1,SCHED_OTHER,4,3000.0,1274,13.343644262166405,26.4089,29.6854,426,425,425,30.411,30.941,39.023,39.082,rmw_fastrtps_cpp,2b8233d ir=0c783539626c,78.0,54.5,53.7,53.3,0.1,0.1,0.7,1.1
25_spin_r2,25,single,"camera,perception,nav,control",0x1,SCHED_OTHER,4,3000.0,1273,13.35409827965436,26.8397,29.897,426,425,425,30.502,31.48,39.032,39.1,rmw_fastrtps_cpp,7e6e40a ir=0c783539626c,78.7,52.4,51.5,51.1,2.0,0.5,0.3,0.1
25_spin_r3,25,single,"camera,perception,nav,control",0x1,SCHED_OTHER,4,3000.0,1270,13.385661472440946,26.6769,31.4754,426,425,425,30.381,31.088,38.939,38.987,rmw_fastrtps_cpp,3b71363 ir=0c783539626c,78.2,55.9,54.6,54.7,1.7,0.2,0.0,0.1
25_vanilla4_r1,25,single,"camera | percep | nav | control (4 processes, unpinned)","{'camera': '0xff', 'percep': '0xff', 'nav': '0xff', 'control': '0xff'}",,,3000.0,425,39.99935411764706,40.6124,43.8876,445,424,424,30.607,31.121,30.61,31.124,rmw_fastrtps_cpp,f431a8b ir=0c783539626c,60.8,55.0,54.6,54.3,0.3,0.6,17.6,2.2
25_vanilla4_r2,25,single,"camera | percep | nav | control (4 processes, unpinned)","{'camera': '0xff', 'percep': '0xff', 'nav': '0xff', 'control': '0xff'}",,,3000.0,425,39.998987529411764,40.7309,50.602,446,424,424,31.054000000000002,31.654,31.055999999999997,31.656,rmw_fastrtps_cpp,eed7a3f ir=0c783539626c,6.4,53.1,52.7,51.2,57.3,3.7,0.4,4.8
25_vanilla4_r3,25,single,"camera | percep | nav | control (4 processes, unpinned)","{'camera': '0xff', 'percep': '0xff', 'nav': '0xff', 'control': '0xff'}",,,3000.0,425,39.99906752941177,40.4213,57.3085,446,424,424,30.988500000000002,31.427,30.990499999999997,31.429,rmw_fastrtps_cpp,eed7a3f ir=0c783539626c,0.1,57.9,57.9,67.9,55.5,1.7,8.4,0.4
25_vanilla4t_r1,25,single,"camera,perception,nav,control",0xff,SCHED_OTHER,4,3000.0,1275,13.333207152941176,27.3557,28.6046,426,425,425,30.957,31.377,38.776,38.801,rmw_fastrtps_cpp,f431a8b ir=0c783539626c,0.8,53.3,53.1,51.4,0.1,78.4,0.1,0.1
25_vanilla4t_r2,25,single,"camera,perception,nav,control",0xff,SCHED_OTHER,4,3000.0,1275,13.333183780392156,27.1888,28.0654,426,425,425,30.933,31.229,38.825,38.856,rmw_fastrtps_cpp,eed7a3f ir=0c783539626c,0.7,57.8,57.7,56.4,78.2,0.1,0.5,0.1
25_vanilla4t_r3,25,single,"camera,perception,nav,control",0xff,SCHED_OTHER,4,3000.0,1270,13.385680141732283,27.7792,31.627,426,425,425,30.949,32.742,38.785,38.835,rmw_fastrtps_cpp,eed7a3f ir=0c783539626c,0.1,55.3,55.9,53.9,0.8,0.2,0.4,78.9
25_vanilla4x2_r1,25,single,"camera | percep | percep2 | nav | control (5 processes, unpinned)","{'camera': '0xff', 'percep': '0xff', 'percep2': '0xff', 'nav': '0xff', 'control': '0xff'}",,,3000.0,425,39.99798094117647,40.9461,62.8556,456,424,424,31.456,32.167,31.458,32.17,rmw_fastrtps_cpp,55d02a97 ir=0c783539626c,15.3,32.6,45.3,34.1,16.6,35.3,31.1,25.9
25_vanilla4x2_r2,25,single,"camera | percep | percep2 | nav | control (5 processes, unpinned)","{'camera': '0xff', 'percep': '0xff', 'percep2': '0xff', 'nav': '0xff', 'control': '0xff'}",,,3000.0,425,39.99978894117647,41.3455,62.6002,446,424,424,31.403,32.462,31.406,32.465,rmw_fastrtps_cpp,55d02a97 ir=0c783539626c,23.6,31.3,42.7,32.3,17.2,29.7,30.6,38.7
25_vanilla4x2_r3,25,single,"camera | percep | percep2 | nav | control (5 processes, unpinned)","{'camera': '0xff', 'percep': '0xff', 'percep2': '0xff', 'nav': '0xff', 'control': '0xff'}",,,3000.0,424,39.99993325471698,40.879,66.7632,447,424,424,31.4145,32.461,31.417,32.463,rmw_fastrtps_cpp,55d02a97 ir=0c783539626c,16.9,37.6,42.5,26.4,5.0,28.3,50.3,34.0
25_vanilla4x2tm_r1,25,single,"camera | percep | percep2 | nav | control (5 processes, unpinned)","{'camera': '0xff', 'percep': '0xff', 'percep2': '0xff', 'nav': '0xff', 'control': '0xff'}",,,3000.0,1701,10.000427530864197,10.8549,11.8377,448,424,424,31.543,32.965,31.822499999999998,42.773,rmw_fastrtps_cpp,55d02a97 ir=0c783539626c,1.8,56.4,39.1,27.7,13.0,27.2,28.4,52.2
25_vanilla4x2tm_r2,25,single,"camera | percep | percep2 | nav | control (5 processes, unpinned)","{'camera': '0xff', 'percep': '0xff', 'percep2': '0xff', 'nav': '0xff', 'control': '0xff'}",,,3000.0,1700,9.9999041,10.2735,10.7751,455,424,424,31.6715,33.208,35.686,35.739,rmw_fastrtps_cpp,55d02a97 ir=0c783539626c,9.9,45.2,33.8,28.3,37.3,35.9,31.8,37.0
25_vanilla4x2tm_r3,25,single,"camera | percep | percep2 | nav | control (5 processes, unpinned)","{'camera': '0xff', 'percep': '0xff', 'percep2': '0xff', 'nav': '0xff', 'control': '0xff'}",,,3000.0,1700,9.999912370588236,10.4615,12.3848,455,424,424,31.607,33.11,39.992,40.363,rmw_fastrtps_cpp,55d02a97 ir=0c783539626c,7.8,46.9,42.0,28.4,20.4,27.0,35.9,37.7
25_vanilla_r1,25,single,"camera | percep | nav | control (4 processes, unpinned)","{'camera': '0xff', 'percep': '0xff', 'nav': '0xff', 'control': '0xff'}",,,3000.0,354,48.06454463276836,48.2925,49.1147,446,345,345,433.178,451.073,433.18,451.076,rmw_fastrtps_cpp,971f1b7 ir=0c783539626c,0.5,100.0,1.8,0.9,0.1,11.9,0.3,0.1
25_vanilla_r2,25,single,"camera | percep | nav | control (4 processes, unpinned)","{'camera': '0xff', 'percep': '0xff', 'nav': '0xff', 'control': '0xff'}",,,3000.0,350,48.53715142857143,49.0875,53.0472,448,341,341,433.292,451.598,433.295,451.6,rmw_fastrtps_cpp,971f1b7 ir=0c783539626c,98.2,10.4,0.3,0.8,0.7,2.3,0.5,0.5
25_vanilla_r3,25,single,"camera | percep | nav | control (4 processes, unpinned)","{'camera': '0xff', 'percep': '0xff', 'nav': '0xff', 'control': '0xff'}",,,3000.0,354,48.03159124293785,48.2725,48.6887,446,345,345,433.641,451.108,433.643,451.11,rmw_fastrtps_cpp,fb08334 ir=0c783539626c,0.4,100.0,2.0,1.4,11.2,0.7,0.2,0.1
25_yproc_r1,25,single,percep | control (2 processes),"{'percep': '0x1', 'control': '0x10'}",,,3000.0,1700,9.99988834117647,10.0806,10.5998,425,424,424,30.127,30.85,34.570499999999996,34.677,rmw_fastrtps_cpp,2b8233d ir=0c783539626c,61.7,52.8,51.2,51.1,17.2,0.4,0.1,1.0
25_yproc_r2,25,single,percep | control (2 processes),"{'percep': '0x1', 'control': '0x10'}",,,3000.0,1700,9.999889994117646,13.6811,15.0646,425,424,424,30.357,31.35,36.732,36.798,rmw_fastrtps_cpp,33a5a72 ir=0c783539626c,62.0,56.0,54.9,54.5,19.6,0.1,0.1,0.8
25_yproc_r3,25,single,percep | control (2 processes),"{'percep': '0x1', 'control': '0x10'}",,,3000.0,1701,9.99987848324515,10.0872,10.601,425,424,424,30.255000000000003,31.38,33.9815,34.022,rmw_fastrtps_cpp,3b71363 ir=0c783539626c,65.3,53.9,52.9,52.1,12.5,0.4,0.1,0.2
30_cp3_r1,30,single,percep | nav | control (3 processes),"{'percep': '0x1', 'nav': '0x10', 'control': '0x20'}",,,3000.0,509,33.40083104125737,33.645,79.1375,545,509,509,30.693,30.996,30.695,30.998,rmw_fastrtps_cpp,22c997a6 ir=0c783539626c,77.0,66.7,65.5,65.3,15.4,3.1,0.7,0.6
30_cp3_r2,30,single,percep | nav | control (3 processes),"{'percep': '0x1', 'nav': '0x10', 'control': '0x20'}",,,3000.0,509,33.39968231827112,34.026,79.5812,545,508,508,30.624,31.22,30.626,31.222,rmw_fastrtps_cpp,22c997a6 ir=0c783539626c,77.0,65.4,64.2,63.9,15.8,1.6,0.2,0.8
30_cp3_r3,30,single,percep | nav | control (3 processes),"{'percep': '0x1', 'nav': '0x10', 'control': '0x20'}",,,3000.0,509,33.40042671905697,33.7467,80.5979,545,508,508,30.667,31.125,30.669,31.127,rmw_fastrtps_cpp,22c997a6 ir=0c783539626c,77.1,66.4,65.5,65.0,15.8,3.1,0.1,0.9
30_cp3n4_d_r1,30,single,percep | nav | control (3 processes),"{'percep': '0x1', 'nav': '0xf0', 'control': '0xf0'}",,,3000.0,509,33.39855088408645,33.8757,77.5905,545,508,508,30.054499999999997,32.136,30.0565,32.138,rmw_fastrtps_cpp,68f7e426 ir=0c783539626c,77.0,67.5,66.4,66.3,12.7,9.8,10.2,9.2
30_cp3n4_d_r2,30,single,percep | nav | control (3 processes),"{'percep': '0x1', 'nav': '0xf0', 'control': '0xf0'}",,,3000.0,509,33.39851257367387,33.9614,77.641,545,508,508,30.0475,32.348,30.0505,32.35,rmw_fastrtps_cpp,68f7e426 ir=0c783539626c,76.8,66.2,65.3,65.0,11.4,7.6,7.4,8.4
30_cp3n4_d_r3,30,single,percep | nav | control (3 processes),"{'percep': '0x1', 'nav': '0xf0', 'control': '0xf0'}",,,3000.0,509,33.40299666011788,34.1004,78.7947,546,508,508,30.1515,32.582,30.154,32.584,rmw_fastrtps_cpp,68f7e426 ir=0c783539626c,77.9,66.9,65.7,65.4,9.9,8.0,8.5,6.6
30_cp3n4_r1,30,single,percep | nav | control (3 processes),"{'percep': '0x1', 'nav': '0xf0', 'control': '0xf0'}",,,3000.0,509,33.403361493123775,34.0635,80.1137,545,508,508,29.9825,32.249,29.985500000000002,32.251,rmw_fastrtps_cpp,9a0516fc ir=0c783539626c,76.8,66.2,64.8,64.5,11.7,6.0,5.5,7.0
30_cp3n4_r2,30,single,percep | nav | control (3 processes),"{'percep': '0x1', 'nav': '0xf0', 'control': '0xf0'}",,,3000.0,509,33.39451552062869,34.0525,80.2613,550,508,508,32.161500000000004,32.65,32.164,32.652,rmw_fastrtps_cpp,9a0516fc ir=0c783539626c,77.6,65.9,64.6,64.1,7.9,13.6,5.6,7.5
30_cp3n4_r3,30,single,percep | nav | control (3 processes),"{'percep': '0x1', 'nav': '0xf0', 'control': '0xf0'}",,,3000.0,509,33.399446758349704,34.1698,80.8822,550,508,508,30.134,32.726,30.136,32.736,rmw_fastrtps_cpp,9a0516fc ir=0c783539626c,77.7,66.6,65.4,65.3,10.6,8.4,7.3,7.1
30_multi_r1,30,multi,"camera,perception,nav,control",0xff,SCHED_OTHER,0,3000.0,1700,9.99975774117647,10.2487,12.5156,511,341,341,369.436,384.787,375.298,392.009,rmw_fastrtps_cpp,2b8233d ir=0c783539626c,17.2,18.2,17.3,20.5,18.9,17.3,11.6,17.2
30_multi_r2,30,multi,"camera,perception,nav,control",0xff,SCHED_OTHER,0,3000.0,1700,9.999815488235294,10.2455,12.7546,511,342,342,369.54999999999995,384.6,375.4125,388.936,rmw_fastrtps_cpp,2b8233d ir=0c783539626c,19.1,18.1,17.1,19.2,16.1,9.9,16.0,16.6
30_p3_r1,30,single,percep | nav | control (3 processes),"{'percep': '0x1', 'nav': '0x10', 'control': '0x20'}",,,3000.0,1700,9.999868652941176,10.0653,10.824,534,509,509,30.398,30.866,34.049,37.466,rmw_fastrtps_cpp,2b8233d ir=0c783539626c,76.8,66.7,65.4,65.1,16.0,1.2,0.7,0.3
30_p8_r1,30,single,percep | nav | control (3 processes),"{'percep': '0x1', 'nav': '0x30', 'control': '0xc0'}",,,3000.0,1700,9.999872735294117,10.0572,11.6381,536,509,509,30.269,30.659,36.509,39.919,rmw_fastrtps_cpp,2b8233d ir=0c783539626c,75.8,65.7,64.2,63.9,9.4,7.2,0.4,0.6
30_rvanilla4_r1,30,single,"camera | percep | nav | control | extra | extra2 (6 processes, unpinned)","{'camera': '0xff', 'percep': '0xff', 'nav': '0xff', 'control': '0xff', 'extra': '0xff', 'extra2': '0xff'}",,,3000.0,510,33.32514352941176,34.2854,46.1136,544,509,509,31.261,32.707,31.263,32.709,rmw_fastrtps_cpp,eed7a3f ir=0c783539626c,25.1,68.9,73.4,66.4,29.1,28.6,48.7,16.3
30_rvanilla4_r2,30,single,"camera | percep | nav | control | extra | extra2 (6 processes, unpinned)","{'camera': '0xff', 'percep': '0xff', 'nav': '0xff', 'control': '0xff', 'extra': '0xff', 'extra2': '0xff'}",,,3000.0,509,33.350885461689586,34.7871,47.885,533,508,508,31.541,33.139,31.543,33.141,rmw_fastrtps_cpp,eed7a3f ir=0c783539626c,28.6,70.2,69.4,78.9,67.5,27.4,11.7,1.2
30_rvanilla4_r3,30,single,"camera | percep | nav | control | extra | extra2 (6 processes, unpinned)","{'camera': '0xff', 'percep': '0xff', 'nav': '0xff', 'control': '0xff', 'extra': '0xff', 'extra2': '0xff'}",,,3000.0,510,33.33165901960784,34.5456,42.4001,534,509,509,31.525,32.674,31.527,32.676,rmw_fastrtps_cpp,428f390 ir=0c783539626c,28.3,67.6,67.4,67.8,16.5,75.8,1.6,28.1
30_rvanilla_r1,30,single,"camera | percep | nav | control | extra | extra2 (6 processes, unpinned)","{'camera': '0xff', 'percep': '0xff', 'nav': '0xff', 'control': '0xff', 'extra': '0xff', 'extra2': '0xff'}",,,3000.0,204,83.4358455882353,83.841,84.5886,532,199,199,405.715,419.384,405.717,419.386,rmw_fastrtps_cpp,971f1b7 ir=0c783539626c,0.8,100.0,28.9,0.8,0.2,5.2,1.9,28.1
30_rvanilla_r2,30,single,"camera | percep | nav | control | extra | extra2 (6 processes, unpinned)","{'camera': '0xff', 'percep': '0xff', 'nav': '0xff', 'control': '0xff', 'extra': '0xff', 'extra2': '0xff'}",,,3000.0,202,84.0368,88.8591,89.9278,533,197,197,406.295,423.082,406.297,423.084,rmw_fastrtps_cpp,ed33052 ir=0c783539626c,28.3,28.3,100.0,0.1,5.2,0.8,0.6,0.8
30_rvanilla_r3,30,single,"camera | percep | nav | control | extra | extra2 (6 processes, unpinned)","{'camera': '0xff', 'percep': '0xff', 'nav': '0xff', 'control': '0xff', 'extra': '0xff', 'extra2': '0xff'}",,,3000.0,203,83.81968866995074,87.6692,89.9248,534,198,198,406.389,421.938,406.39099999999996,421.94,rmw_fastrtps_cpp,cc1adbf ir=0c783539626c,100.0,0.3,1.4,5.9,28.1,0.8,1.3,28.2
30_ship_r1,30,single,"camera,perception,nav,control",0xff,SCHED_OTHER,0,3000.0,325,52.38486092307692,52.528,52.6578,325,321,321,209.115,209.369,209.465,209.716,rmw_fastrtps_cpp,2b8233d ir=0c783539626c,0.6,0.1,100.0,0.1,0.0,0.1,0.0,1.1
30_ship_r2,30,single,"camera,perception,nav,control",0xff,SCHED_OTHER,0,3000.0,321,53.023585981308415,53.1353,53.2641,321,317,317,211.679,211.865,212.027,212.216,rmw_fastrtps_cpp,2b8233d ir=0c783539626c,0.6,0.1,0.0,0.4,0.1,100.0,0.0,0.6
30_smte_r1,30,multi,"camera,perception,nav,control",0xf,SCHED_OTHER,4,3000.0,1700,10.0003749,11.053,15.5577,510,391,391,364.887,384.737,369.172,391.982,rmw_fastrtps_cpp,2b8233d ir=0c783539626c,39.8,70.9,69.6,66.8,0.1,0.2,0.2,1.1
30_spin_r1,30,single,"camera,perception,nav,control",0x1,SCHED_OTHER,4,3000.0,971,17.50872763130793,31.6473,34.0102,511,510,509,30.375,30.883,58.629,59.065,rmw_fastrtps_cpp,2b8233d ir=0c783539626c,92.7,66.4,65.3,65.0,0.6,0.1,0.3,1.1
30_spin_r2,30,single,"camera,perception,nav,control",0x1,SCHED_OTHER,4,3000.0,940,18.08487964893617,33.0447,46.1605,511,510,510,30.4145,32.844,58.6785,60.119,rmw_fastrtps_cpp,2b8233d ir=0c783539626c,92.6,67.4,66.1,65.8,0.6,0.9,0.2,0.7
30_vanilla4_r1,30,single,"camera | percep | nav | control (4 processes, unpinned)","{'camera': '0xff', 'percep': '0xff', 'nav': '0xff', 'control': '0xff'}",,,3000.0,510,33.331556078431376,33.8424,34.912,538,509,509,31.093,31.536,31.095,31.538,rmw_fastrtps_cpp,f431a8b ir=0c783539626c,0.7,69.2,79.2,65.5,71.8,7.9,0.8,5.0
30_vanilla4_r2,30,single,"camera | percep | nav | control (4 processes, unpinned)","{'camera': '0xff', 'percep': '0xff', 'nav': '0xff', 'control': '0xff'}",,,3000.0,510,33.33287980392157,33.9544,35.7938,534,509,509,31.094,31.65,31.097,31.652,rmw_fastrtps_cpp,eed7a3f ir=0c783539626c,15.9,66.0,66.3,65.2,75.4,0.5,0.5,0.6
30_vanilla4_r3,30,single,"camera | percep | nav | control (4 processes, unpinned)","{'camera': '0xff', 'percep': '0xff', 'nav': '0xff', 'control': '0xff'}",,,3000.0,510,33.332593137254904,33.7816,34.6182,536,509,509,31.052,31.452,31.055,31.455,rmw_fastrtps_cpp,eed7a3f ir=0c783539626c,1.0,68.7,65.6,66.1,1.0,75.4,2.7,14.1
30_vanilla4t_r1,30,single,"camera,perception,nav,control",0xff,SCHED_OTHER,4,3000.0,850,19.999891611764706,33.4229,34.014,511,510,510,30.947,31.307,59.1355,59.577,rmw_fastrtps_cpp,f431a8b ir=0c783539626c,0.2,66.1,66.0,64.6,94.1,0.3,0.5,0.1
30_vanilla4t_r2,30,single,"camera,perception,nav,control",0xff,SCHED_OTHER,4,3000.0,850,19.999764047058825,33.4398,34.376,511,510,510,30.958,31.461,59.1155,59.69,rmw_fastrtps_cpp,eed7a3f ir=0c783539626c,0.3,67.5,67.3,66.3,71.7,0.1,22.5,0.1
30_vanilla4t_r3,30,single,"camera,perception,nav,control",0xff,SCHED_OTHER,4,3000.0,876,19.406374121004568,33.426,36.5081,511,510,510,30.817,32.37,58.7035,60.573,rmw_fastrtps_cpp,eed7a3f ir=0c783539626c,49.9,66.4,67.1,65.2,44.0,0.1,0.0,0.4
30_vanilla4x2_ime_r1,30,single,"camera | percep | percep2 | nav | control (5 processes, unpinned)","{'camera': '0xff', 'percep': '0xf', 'nav': '0xff', 'control': '0xff'}",,,3000.0,255,66.66613333333333,67.2781,90.3092,545,254,254,24.042,24.595,24.0445,24.598,rmw_fastrtps_cpp,3c992047 ir=0c783539626c,25.3,21.6,26.6,20.0,2.7,1.7,4.8,1.3
30_vanilla4x2_ime_r2,30,single,"camera | percep | percep2 | nav | control (5 processes, unpinned)","{'camera': '0xff', 'percep': '0xf', 'nav': '0xff', 'control': '0xff'}",,,3000.0,255,66.66617450980392,67.1366,90.6506,547,255,255,24.067,24.428,24.071,24.43,rmw_fastrtps_cpp,3c992047 ir=0c783539626c,26.6,21.9,28.3,23.2,0.4,0.1,0.9,1.0
30_vanilla4x2_ime_r3,30,single,"camera | percep | percep2 | nav | control (5 processes, unpinned)","{'camera': '0xff', 'percep': '0xf', 'nav': '0xff', 'control': '0xff'}",,,3000.0,255,66.6010494117647,67.4118,90.6485,546,255,255,24.071,24.745,24.073,24.747,rmw_fastrtps_cpp,3c992047 ir=0c783539626c,25.8,22.8,22.1,21.8,7.0,0.9,4.5,1.0
30_vanilla4x2_r1,30,single,"camera | percep | percep2 | nav | control (5 processes, unpinned)","{'camera': '0xff', 'percep': '0xff', 'percep2': '0xff', 'nav': '0xff', 'control': '0xff'}",,,3000.0,510,33.33227274509804,34.2622,56.7017,534,509,509,31.376,32.349,31.378,32.351,rmw_fastrtps_cpp,55d02a97 ir=0c783539626c,39.8,37.6,52.4,33.5,5.6,44.3,50.8,33.0
30_vanilla4x2_r2,30,single,"camera | percep | percep2 | nav | control (5 processes, unpinned)","{'camera': '0xff', 'percep': '0xff', 'percep2': '0xff', 'nav': '0xff', 'control': '0xff'}",,,3000.0,493,33.32310588235294,34.715,57.9327,600,494,494,31.167,32.758,31.169,32.76,rmw_fastrtps_cpp,55d02a97 ir=0c783539626c,47.8,36.4,37.3,51.4,15.8,33.1,31.9,33.3
30_vanilla4x2_r3,30,single,"camera | percep | percep2 | nav | control (5 processes, unpinned)","{'camera': '0xff', 'percep': '0xff', 'percep2': '0xff', 'nav': '0xff', 'control': '0xff'}",,,3000.0,510,33.33212607843137,34.3134,56.8172,544,509,509,31.477,32.401,31.479,32.403,rmw_fastrtps_cpp,55d02a97 ir=0c783539626c,14.2,47.1,47.5,42.8,38.9,34.5,33.2,34.0
30_vanilla4x2c0_ime_r1,30,single,"camera | percep | percep2 | nav | control (5 processes, unpinned)","{'camera': '0xf', 'percep': '0xf', 'percep2': '0xf', 'nav': '0xf', 'control': '0xf'}",,,3000.0,510,33.35125549019608,43.9299,60.0832,545,509,509,23.964,39.23,23.966,39.233,rmw_fastrtps_cpp,3c992047 ir=0c783539626c,43.3,51.9,55.9,54.0,0.1,0.6,0.0,0.5
30_vanilla4x2c0_ime_r2,30,single,"camera | percep | percep2 | nav | control (5 processes, unpinned)","{'camera': '0xf', 'percep': '0xf', 'percep2': '0xf', 'nav': '0xf', 'control': '0xf'}",,,3000.0,510,33.331314509803924,44.9297,56.8225,544,510,510,24.2245,41.336,24.227,41.338,rmw_fastrtps_cpp,3c992047 ir=0c783539626c,45.7,56.5,49.6,53.3,0.3,0.1,0.1,0.9
30_vanilla4x2c0_ime_r3,30,single,"camera | percep | percep2 | nav | control (5 processes, unpinned)","{'camera': '0xf', 'percep': '0xf', 'percep2': '0xf', 'nav': '0xf', 'control': '0xf'}",,,3000.0,510,33.30028490196079,43.2888,47.1795,544,509,509,23.855,40.519,23.859,40.521,rmw_fastrtps_cpp,3c992047 ir=0c783539626c,47.9,55.1,48.6,49.8,0.2,0.2,0.6,0.9
30_vanilla4x2c0_rvv_r1,30,single,"camera | percep | percep2 | nav | control (5 processes, unpinned)","{'camera': '0xf', 'percep': '0xf', 'percep2': '0xf', 'nav': '0xf', 'control': '0xf'}",,,3000.0,512,33.22820625,44.7217,70.3338,545,510,510,31.264,64.245,31.266,64.247,rmw_fastrtps_cpp,3c992047 ir=0c783539626c,74.7,73.5,71.0,77.8,0.0,0.1,0.6,0.6
30_vanilla4x2c0_rvv_r2,30,single,"camera | percep | percep2 | nav | control (5 processes, unpinned)","{'camera': '0xf', 'percep': '0xf', 'percep2': '0xf', 'nav': '0xf', 'control': '0xf'}",,,3000.0,510,33.331136470588234,35.1146,75.9751,544,509,509,30.95,57.392,30.956,57.394,rmw_fastrtps_cpp,3c992047 ir=0c783539626c,75.9,74.7,73.3,69.8,0.2,0.5,0.1,0.8
30_vanilla4x2c0_rvv_r3,30,single,"camera | percep | percep2 | nav | control (5 processes, unpinned)","{'camera': '0xf', 'percep': '0xf', 'percep2': '0xf', 'nav': '0xf', 'control': '0xf'}",,,3000.0,511,33.316510567514676,36.7723,64.54,544,510,510,31.102,60.208,31.1045,60.21,rmw_fastrtps_cpp,3c992047 ir=0c783539626c,74.8,71.1,71.9,77.3,0.1,0.3,0.2,0.7
30_vanilla4x2d2_r1,30,single,"camera | percep | percep2 | nav | control (5 processes, unpinned)","{'camera': '0xff', 'percep': '0xff', 'percep2': '0xff', 'nav': '0xff', 'control': '0xff'}",,,3000.0,510,33.332545294117644,34.6186,63.5445,547,509,509,31.633,32.811,31.635,32.814,rmw_fastrtps_cpp,32a9dd45 ir=0c783539626c,14.2,56.0,37.1,42.8,14.9,34.0,38.4,59.4
30_vanilla4x2tm_r1,30,single,"camera | percep | percep2 | nav | control (5 processes, unpinned)","{'camera': '0xff', 'percep': '0xff', 'percep2': '0xff', 'nav': '0xff', 'control': '0xff'}",,,3000.0,1700,9.999957241176471,10.5222,12.2127,544,509,509,31.715,33.354,36.325,40.166,rmw_fastrtps_cpp,55d02a97 ir=0c783539626c,27.5,50.3,35.5,34.0,39.2,34.0,33.8,40.0
30_vanilla4x2tm_r2,30,single,"camera | percep | percep2 | nav | control (5 processes, unpinned)","{'camera': '0xff', 'percep': '0xff', 'percep2': '0xff', 'nav': '0xff', 'control': '0xff'}",,,3000.0,1700,9.99984531764706,10.2243,12.1456,534,509,509,31.597,32.735,35.775,42.308,rmw_fastrtps_cpp,55d02a97 ir=0c783539626c,19.4,65.9,33.6,36.0,24.0,60.2,37.4,34.7
30_vanilla4x2tm_r3,30,single,"camera | percep | percep2 | nav | control (5 processes, unpinned)","{'camera': '0xff', 'percep': '0xff', 'percep2': '0xff', 'nav': '0xff', 'control': '0xff'}",,,3000.0,1700,10.000004611764705,10.6592,11.7837,536,509,509,31.493,33.012,36.017,42.017,rmw_fastrtps_cpp,b0b57459 ir=0c783539626c,4.0,34.9,45.4,46.8,42.2,46.9,37.2,40.1
30_vanilla_r1,30,single,"camera | percep | nav | control (4 processes, unpinned)","{'camera': '0xff', 'percep': '0xff', 'nav': '0xff', 'control': '0xff'}",,,3000.0,351,48.42794700854701,48.6415,49.9808,535,344,344,370.8405,385.612,370.8435,385.614,rmw_fastrtps_cpp,971f1b7 ir=0c783539626c,3.8,0.9,0.9,0.3,1.0,0.1,100.0,10.4
30_vanilla_r2,30,single,"camera | percep | nav | control (4 processes, unpinned)","{'camera': '0xff', 'percep': '0xff', 'nav': '0xff', 'control': '0xff'}",,,3000.0,351,48.39395641025641,48.6859,50.4475,535,344,344,370.549,385.525,370.5515,385.527,rmw_fastrtps_cpp,971f1b7 ir=0c783539626c,0.1,8.8,2.1,0.9,41.8,62.4,0.5,3.1
30_vanilla_r3,30,single,"camera | percep | nav | control (4 processes, unpinned)","{'camera': '0xff', 'percep': '0xff', 'nav': '0xff', 'control': '0xff'}",,,3000.0,351,48.351275783475785,48.6762,52.9566,536,343,343,370.317,385.136,370.319,385.138,rmw_fastrtps_cpp,fb08334 ir=0c783539626c,100.0,0.1,1.1,1.0,0.5,10.1,0.8,0.5
36_vanilla4x2_q1_r1,36,single,"camera | percep | percep2 | nav | control (5 processes, unpinned)","{'camera': '0xff', 'percep': '0xff', 'percep2': '0xff', 'nav': '0xff', 'control': '0xff'}",,,3000.0,612,27.776800980392157,34.8215,52.4745,642,611,611,32.345,46.309,32.347,46.311,rmw_fastrtps_cpp,2d6fb801 ir=0c783539626c,35.7,63.1,50.3,44.5,20.5,55.1,43.3,48.8
36_vanilla4x2_q1_r2,36,single,"camera | percep | percep2 | nav | control (5 processes, unpinned)","{'camera': '0xff', 'percep': '0xff', 'percep2': '0xff', 'nav': '0xff', 'control': '0xff'}",,,3000.0,612,27.775501846405227,31.7413,55.5935,640,610,610,32.1225,43.549,32.1245,43.551,rmw_fastrtps_cpp,2d6fb801 ir=0c783539626c,21.6,45.1,42.7,69.3,23.2,64.3,53.4,42.2
36_vanilla4x2_q1_r3,36,single,"camera | percep | percep2 | nav | control (5 processes, unpinned)","{'camera': '0xff', 'percep': '0xff', 'percep2': '0xff', 'nav': '0xff', 'control': '0xff'}",,,3000.0,612,27.792057140522875,34.5173,54.375,655,611,611,32.582,51.016,32.585,51.018,rmw_fastrtps_cpp,2d6fb801 ir=0c783539626c,38.0,47.9,54.7,46.6,31.9,48.0,51.1,43.2
36_vanilla4x2_r1,36,single,"camera | percep | percep2 | nav | control (5 processes, unpinned)","{'camera': '0xff', 'percep': '0xff', 'percep2': '0xff', 'nav': '0xff', 'control': '0xff'}",,,3000.0,612,27.769992173202613,31.3672,52.294,656,611,611,32.228,44.158,32.23,44.16,rmw_fastrtps_cpp,e09432f9 ir=0c783539626c,27.8,51.0,55.3,53.9,37.7,44.6,44.9,42.2
36_vanilla4x2_r2,36,single,"camera | percep | percep2 | nav | control (5 processes, unpinned)","{'camera': '0xff', 'percep': '0xff', 'percep2': '0xff', 'nav': '0xff', 'control': '0xff'}",,,3000.0,612,27.776634803921567,31.1729,60.276,640,611,611,32.158,43.064,32.16,43.066,rmw_fastrtps_cpp,e09432f9 ir=0c783539626c,27.9,49.1,44.4,43.0,36.3,51.5,42.8,60.8
36_vanilla4x2_r3,36,single,"camera | percep | percep2 | nav | control (5 processes, unpinned)","{'camera': '0xff', 'percep': '0xff', 'percep2': '0xff', 'nav': '0xff', 'control': '0xff'}",,,3000.0,612,27.775745522875816,30.2791,50.449,657,611,611,32.011,38.892,32.013,38.894,rmw_fastrtps_cpp,e09432f9 ir=0c783539626c,23.4,53.2,46.4,49.3,48.2,51.7,43.4,41.6
36_vanilla4x2d2_r1,36,single,"camera | percep | percep2 | nav | control (5 processes, unpinned)","{'camera': '0xff', 'percep': '0xff', 'percep2': '0xff', 'nav': '0xff', 'control': '0xff'}",,,3000.0,612,27.76732496732026,36.2062,52.3297,656,611,611,32.832,50.145,32.834,50.147,rmw_fastrtps_cpp,32a9dd45 ir=0c783539626c,29.8,59.2,46.9,44.2,36.3,54.9,43.4,43.9
36_vanilla4x2ns4_r1,36,single,"camera | percep | percep2 | nav | control (5 processes, unpinned)",{'camera': '0xff'},,,3000.0,0,,,,676,0,0,,,,,rmw_fastrtps_cpp,88fe8eb8 ir=0c783539626c,,,,,,,,
36_vanilla4x2ns4a_r1,36,single,"camera | percep | percep2 | nav | control (5 processes, unpinned)","{'camera': '0xff', 'percep': '0xff', 'percep2': '0xff', 'nav': '0xff', 'control': '0xff'}",,,3000.0,612,27.786720947712418,41.899,53.1457,656,611,611,38.714,55.1,38.716,55.102,rmw_fastrtps_cpp,88fe8eb8 ir=0c783539626c,37.2,54.0,53.5,51.7,38.0,50.6,48.8,49.4
36_vanilla4x2ns4b_r1,36,single,"camera | percep | percep2 | nav | control (5 processes, unpinned)","{'camera': '0xff', 'percep': '0xff', 'percep2': '0xff', 'nav': '0xff', 'control': '0xff'}",,,3000.0,612,27.782152598039215,41.1853,58.1013,656,611,611,39.169,53.983,39.171,53.985,rmw_fastrtps_cpp,88fe8eb8 ir=0c783539626c,40.3,49.4,49.3,44.6,37.7,54.1,53.0,53.1
36_vanilla4x2ns4c_r1,36,single,"camera | percep | percep2 | nav | control (5 processes, unpinned)","{'camera': '0xff', 'percep': '0xff', 'percep2': '0xff', 'nav': '0xff', 'control': '0xff'}",,,3000.0,612,27.773756732026143,39.9773,53.9876,652,610,610,37.763,54.13,37.765,54.132,rmw_fastrtps_cpp,88fe8eb8 ir=0c783539626c,36.3,54.1,54.5,49.9,36.6,48.6,48.3,51.8
38_vanilla4x2_r1,38,single,"camera | percep | percep2 | nav | control (5 processes, unpinned)","{'camera': '0xff', 'percep': '0xff', 'percep2': '0xff', 'nav': '0xff', 'control': '0xff'}",,,3000.0,646,26.31980794117647,40.4652,57.2176,676,644,644,36.591499999999996,53.88,36.593,53.883,rmw_fastrtps_cpp,df9dd2f5 ir=0c783539626c,39.3,49.6,52.0,47.1,44.0,48.5,48.6,47.0
38_vanilla4x2_r2,38,single,"camera | percep | percep2 | nav | control (5 processes, unpinned)","{'camera': '0xff', 'percep': '0xff', 'percep2': '0xff', 'nav': '0xff', 'control': '0xff'}",,,3000.0,647,26.31176666151468,42.3685,52.0582,676,645,645,36.421,53.248,36.423,53.25,rmw_fastrtps_cpp,df9dd2f5 ir=0c783539626c,39.3,48.9,51.0,47.0,45.7,48.0,46.8,45.7
38_vanilla4x2_r3,38,single,"camera | percep | percep2 | nav | control (5 processes, unpinned)","{'camera': '0xff', 'percep': '0xff', 'percep2': '0xff', 'nav': '0xff', 'control': '0xff'}",,,3000.0,645,26.314415286821706,39.4328,56.3555,676,644,644,36.174499999999995,50.609,36.176500000000004,50.611,rmw_fastrtps_cpp,df9dd2f5 ir=0c783539626c,41.4,49.3,50.4,48.3,44.9,47.2,47.3,47.5
40_vanilla4x2_r1,40,single,"camera | percep | percep2 | nav | control (5 processes, unpinned)","{'camera': '0xff', 'percep': '0xff', 'percep2': '0xff', 'nav': '0xff', 'control': '0xff'}",,,3000.0,680,24.97433555882353,38.7885,52.1083,711,678,678,38.279,55.095,38.281,55.097,rmw_fastrtps_cpp,e09432f9 ir=0c783539626c,42.5,52.3,53.8,50.2,44.3,51.9,52.0,49.4
40_vanilla4x2_r2,40,single,"camera | percep | percep2 | nav | control (5 processes, unpinned)","{'camera': '0xff', 'percep': '0xff', 'percep2': '0xff', 'nav': '0xff', 'control': '0xff'}",,,3000.0,679,24.98797874815906,39.7743,49.7456,715,678,678,36.192,53.494,36.195,53.496,rmw_fastrtps_cpp,e09432f9 ir=0c783539626c,47.6,50.9,53.2,48.9,46.2,49.3,50.1,48.0
40_vanilla4x2_r3,40,single,"camera | percep | percep2 | nav | control (5 processes, unpinned)","{'camera': '0xff', 'percep': '0xff', 'percep2': '0xff', 'nav': '0xff', 'control': '0xff'}",,,3000.0,680,25.011296480882354,41.5587,48.9683,712,678,678,37.451,54.548,37.453,54.55,rmw_fastrtps_cpp,e09432f9 ir=0c783539626c,42.0,51.8,53.6,49.3,48.1,50.2,51.5,49.0
45_cp3_r1,45,single,percep | nav | control (3 processes),"{'percep': '0x1', 'nav': '0x10', 'control': '0x20'}",,,3000.0,656,25.91748993902439,27.1519,30.2189,686,654,654,56.682,58.752,56.685,58.754,rmw_fastrtps_cpp,2b8233d ir=0c783539626c,98.1,89.0,85.4,84.8,20.0,2.9,0.2,0.6
45_cp3_r2,45,single,percep | nav | control (3 processes),"{'percep': '0x1', 'nav': '0x10', 'control': '0x20'}",,,3000.0,659,25.812261456752655,27.6855,42.8555,693,658,658,55.948,59.073,55.950500000000005,59.075,rmw_fastrtps_cpp,2b8233d ir=0c783539626c,99.4,87.4,85.8,85.5,20.4,2.6,0.5,0.6
45_cp3_r3,45,single,percep | nav | control (3 processes),"{'percep': '0x1', 'nav': '0x10', 'control': '0x20'}",,,3000.0,666,25.534316216216215,26.5145,31.4522,717,664,664,56.150999999999996,57.775,56.153000000000006,57.777,rmw_fastrtps_cpp,3b71363 ir=0c783539626c,99.4,88.1,86.7,86.2,23.4,2.8,0.6,0.3
45_cship_r1,45,single,"camera,perception,nav,control",0xff,SCHED_OTHER,0,3000.0,317,53.57641892744479,53.7001,53.8654,317,313,313,213.881,214.116,213.882,214.117,rmw_fastrtps_cpp,2b8233d ir=0c783539626c,0.6,2.1,0.0,0.4,0.1,0.1,100.0,0.2
45_cship_r2,45,single,"camera,perception,nav,control",0xff,SCHED_OTHER,0,3000.0,320,53.21668875,53.4293,53.5565,320,316,316,212.426,212.748,212.4275,212.75,rmw_fastrtps_cpp,2b8233d ir=0c783539626c,2.3,0.1,0.1,100.0,0.6,0.1,0.4,0.0
45_cship_r3,45,single,"camera,perception,nav,control",0xff,SCHED_OTHER,0,3000.0,320,53.2757778125,53.4535,53.7224,319,316,316,212.69,212.989,212.692,212.991,rmw_fastrtps_cpp,788b66c ir=0c783539626c,0.2,0.0,0.1,100.0,3.4,0.1,0.4,0.1
45_cspin_r1,45,single,"camera,perception,nav,control",0x1,SCHED_OTHER,4,3000.0,551,30.88794228675136,34.36,39.6096,551,547,547,121.705,132.209,121.707,132.211,rmw_fastrtps_cpp,2b8233d ir=0c783539626c,97.2,76.2,71.0,70.4,0.6,0.2,0.9,0.1
45_cspin_r2,45,single,"camera,perception,nav,control",0x1,SCHED_OTHER,4,3000.0,557,30.540950628366247,32.6097,44.1685,557,553,553,120.848,126.372,120.85,126.374,rmw_fastrtps_cpp,2b8233d ir=0c783539626c,99.3,73.1,72.1,71.3,0.2,0.5,0.1,0.3
45_cspin_r3,45,single,"camera,perception,nav,control",0x1,SCHED_OTHER,4,3000.0,565,30.08126513274336,30.5694,40.7907,565,561,561,119.367,123.321,119.369,123.323,rmw_fastrtps_cpp,788b66c ir=0c783539626c,99.3,74.5,73.1,72.8,1.8,0.0,0.5,0.1
45_multi_c200_r1,45,multi,"camera,perception,nav,control",0xff,SCHED_OTHER,0,3000.0,3400,4.999940517647059,5.21946,9.14983,766,337,337,264.976,274.664,267.04,277.608,rmw_fastrtps_cpp,6fbda91 ir=0c783539626c,18.3,16.7,19.6,18.5,17.3,14.0,18.3,13.3
45_multi_hog2_r1,45,multi,"camera,perception,nav,control",0xff,SCHED_OTHER,0,3000.0,1700,9.999862588235294,10.2683,13.6576,766,333,333,265.431,275.104,269.912,281.776,rmw_fastrtps_cpp,6fbda91 ir=0c783539626c,16.8,100.0,22.8,25.3,27.4,100.0,22.3,23.7
45_multi_q1_r1,45,multi,"camera,perception,nav,control",0xff,SCHED_OTHER,0,3000.0,1700,9.999802411764707,10.1975,12.72,766,341,341,64.919,75.087,69.802,81.783,rmw_fastrtps_cpp,6fbda91 ir=0c783539626c,15.5,17.8,16.7,15.1,17.0,1.8,17.4,17.8
45_multi_r1,45,multi,"camera,perception,nav,control",0xff,SCHED_OTHER,0,3000.0,1700,10.000039388235294,10.2295,11.3731,766,344,344,263.908,273.51,268.73850000000004,279.922,rmw_fastrtps_cpp,2b8233d ir=0c783539626c,16.7,15.1,16.4,14.3,14.8,14.6,15.3,16.3
45_multi_r2,45,multi,"camera,perception,nav,control",0xff,SCHED_OTHER,0,3000.0,1700,9.99992855882353,10.2242,13.287,766,335,335,265.11,275.031,269.703,279.954,rmw_fastrtps_cpp,788b66c ir=0c783539626c,16.1,17.8,18.2,18.1,20.2,18.6,17.6,9.1
45_multi_r3,45,multi,"camera,perception,nav,control",0xff,SCHED_OTHER,0,3000.0,1700,9.999906082352942,10.216,11.1702,766,338,338,264.6785,274.687,269.76,280.931,rmw_fastrtps_cpp,3b71363 ir=0c783539626c,13.8,15.9,15.5,15.2,15.7,16.2,15.7,16.4
45_nproc_r1,45,single,nav | control (2 processes),"{'nav': '0x10', 'control': '0x1'}",,,3000.0,657,25.869631811263318,26.1395,29.3443,0,0,0,,,,,rmw_fastrtps_cpp,2b8233d ir=0c783539626c,99.5,87.1,85.5,85.2,19.8,0.1,0.8,1.0
45_nproc_r2,45,single,nav | control (2 processes),"{'nav': '0x10', 'control': '0x1'}",,,3000.0,656,25.93861417682927,26.4723,29.394,0,0,0,,,,,rmw_fastrtps_cpp,05d2ce6 ir=0c783539626c,99.3,87.1,85.5,85.3,21.5,0.1,0.2,0.3
45_nproc_r3,45,single,nav | control (2 processes),"{'nav': '0x10', 'control': '0x1'}",,,3000.0,651,26.134756221198156,26.8868,29.7525,0,0,0,,,,,rmw_fastrtps_cpp,3b71363 ir=0c783539626c,99.3,86.5,85.0,84.8,22.5,0.5,0.1,0.6
45_p3_c200_r1,45,single,percep | nav | control (3 processes),"{'percep': '0x1', 'nav': '0x10', 'control': '0x20'}",,,3000.0,3401,4.999945513084387,5.11383,7.02888,696,664,664,56.041,57.031,58.6425,61.029,rmw_fastrtps_cpp,6fbda91 ir=0c783539626c,98.9,87.9,87.2,86.2,20.5,19.9,0.1,0.6
45_p3_c50_r1,45,single,percep | nav | control (3 processes),"{'percep': '0x1', 'nav': '0x10', 'control': '0x20'}",,,3000.0,850,19.999810470588237,20.1109,21.3204,690,656,656,56.466,57.44,66.535,75.799,rmw_fastrtps_cpp,3deacc56 ir=0c783539626c,99.3,87.4,85.7,85.3,20.3,2.2,0.1,2.2
45_p3_c50_r2,45,single,percep | nav | control (3 processes),"{'percep': '0x1', 'nav': '0x10', 'control': '0x20'}",,,3000.0,850,19.999658470588237,20.1123,22.0302,691,656,656,56.447500000000005,57.525,66.1925,75.769,rmw_fastrtps_cpp,3deacc56 ir=0c783539626c,99.3,87.1,85.8,85.3,20.2,2.8,0.1,1.3
45_p3_c50_r3,45,single,percep | nav | control (3 processes),"{'percep': '0x1', 'nav': '0x10', 'control': '0x20'}",,,3000.0,850,19.999782588235295,20.1131,20.7016,692,658,657,56.381,57.234,66.484,75.496,rmw_fastrtps_cpp,32a02ec0 ir=0c783539626c,99.4,87.4,86.0,85.6,20.5,2.5,0.4,0.7
45_p3_hog2_r1,45,single,percep | nav | control (3 processes),"{'percep': '0x1', 'nav': '0x10', 'control': '0x20'}",,,3000.0,1700,9.999858817647059,10.0819,11.6846,719,665,665,55.866,56.793,60.248,65.524,rmw_fastrtps_cpp,6fbda91 ir=0c783539626c,98.8,87.8,87.2,86.2,20.6,3.9,100.0,100.0
45_p3_q1_r1,45,single,percep | nav | control (3 processes),"{'percep': '0x1', 'nav': '0x10', 'control': '0x20'}",,,3000.0,1700,9.999835176470588,10.0806,10.3533,688,652,652,31.101,31.846,36.379000000000005,40.882,rmw_fastrtps_cpp,6fbda91 ir=0c783539626c,98.3,86.6,86.0,84.9,22.0,2.8,0.2,0.1
45_p3_r1,45,single,percep | nav | control (3 processes),"{'percep': '0x1', 'nav': '0x10', 'control': '0x20'}",,,3000.0,1700,9.99985894117647,10.0763,10.298,692,657,656,56.408,57.258,61.605000000000004,66.219,rmw_fastrtps_cpp,871ec7e9 ir=0c783539626c,99.4,87.4,85.9,85.6,20.2,2.0,0.5,1.0
45_p3_r2,45,single,percep | nav | control (3 processes),"{'percep': '0x1', 'nav': '0x10', 'control': '0x20'}",,,3000.0,1700,9.999880217647059,10.0794,11.1312,690,656,656,56.412499999999994,57.66,61.7315,66.198,rmw_fastrtps_cpp,871ec7e9 ir=0c783539626c,99.4,87.4,85.8,85.4,20.4,2.2,0.6,0.7
45_p3_r3,45,single,percep | nav | control (3 processes),"{'percep': '0x1', 'nav': '0x10', 'control': '0x20'}",,,3000.0,1700,9.999875452941177,10.0772,10.5249,695,657,657,56.37,57.126,61.473,66.157,rmw_fastrtps_cpp,a87bda63 ir=0c783539626c,99.4,87.4,85.9,85.6,20.5,1.9,0.7,0.9
45_p3_r4,45,single,percep | nav | control (3 processes),"{'percep': '0x1', 'nav': '0x10', 'control': '0x20'}",,,3000.0,1700,9.999899852941176,10.0798,10.2373,688,656,656,56.408500000000004,57.214,61.711,66.216,rmw_fastrtps_cpp,d9ce8dcd ir=0c783539626c,99.4,87.3,85.6,85.3,20.3,2.3,0.6,1.3
45_p3_r5,45,single,percep | nav | control (3 processes),"{'percep': '0x1', 'nav': '0x10', 'control': '0x20'}",,,3000.0,1700,9.999947970588236,10.0803,14.4646,691,657,657,56.345,57.15,60.712,66.12,rmw_fastrtps_cpp,d9ce8dcd ir=0c783539626c,99.3,87.5,85.9,85.4,20.4,2.9,0.2,1.0
45_p3_r6,45,single,percep | nav | control (3 processes),"{'percep': '0x1', 'nav': '0x10', 'control': '0x20'}",,,3000.0,1700,9.999949888235294,10.0761,11.0341,686,654,653,56.3555,57.169,59.535,66.192,rmw_fastrtps_cpp,d9ce8dcd ir=0c783539626c,99.2,87.0,85.5,85.0,20.2,1.9,0.1,1.5
45_p8_r1,45,single,percep | nav | control (3 processes),"{'percep': '0x1', 'nav': '0x30', 'control': '0xc0'}",,,3000.0,1700,9.999925882352942,10.0821,11.324,694,658,658,56.180499999999995,57.492,61.449,66.099,rmw_fastrtps_cpp,d9ce8dcd ir=0c783539626c,99.4,87.6,86.2,85.5,20.0,1.1,1.3,2.0
45_p8_r2,45,single,percep | nav | control (3 processes),"{'percep': '0x1', 'nav': '0x30', 'control': '0xc0'}",,,3000.0,1700,9.999954682352941,10.1093,11.4639,693,658,658,56.219,57.211,61.3105,65.936,rmw_fastrtps_cpp,d9ce8dcd ir=0c783539626c,99.4,87.4,86.0,85.4,19.0,1.3,17.8,1.1
45_p8_r3,45,single,percep | nav | control (3 processes),"{'percep': '0x1', 'nav': '0x30', 'control': '0xc0'}",,,3000.0,1700,9.999808,10.0831,10.4751,691,656,655,56.326499999999996,57.345,61.528,66.072,rmw_fastrtps_cpp,d9ce8dcd ir=0c783539626c,99.4,87.4,85.9,85.3,19.0,1.6,0.9,1.8
45_part8_r1,45,single,percep | nav | control (3 processes),"{'percep': '0x1', 'nav': '0x30', 'control': '0xc0'}",,,3000.0,1700,9.999866670588235,10.0823,10.1827,693,658,658,56.212,57.235,61.2555,65.926,rmw_fastrtps_cpp,d9ce8dcd ir=0c783539626c,99.4,87.3,86.0,85.5,19.0,1.9,1.4,1.6
45_part8_r2,45,single,percep | nav | control (3 processes),"{'percep': '0x1', 'nav': '0x30', 'control': '0xc0'}",,,3000.0,1700,9.999899599999999,10.0906,12.0125,691,656,656,56.2615,57.206,61.462999999999994,65.997,rmw_fastrtps_cpp,d9ce8dcd ir=0c783539626c,99.4,87.4,85.9,85.5,1.4,19.0,17.5,1.1
45_part8_r3,45,single,percep | nav | control (3 processes),"{'percep': '0x1', 'nav': '0x30', 'control': '0xc0'}",,,3000.0,1700,9.999905911764706,10.0791,10.3073,687,654,654,30.783,56.52,38.560500000000005,64.942,rmw_fastrtps_cpp,d9ce8dcd ir=0c783539626c,99.4,86.8,85.5,84.9,18.8,1.6,1.1,1.9
45_part8_r4,45,single,percep | nav | control (3 processes),"{'percep': '0x1', 'nav': '0x30', 'control': '0xc0'}",,,3000.0,1700,9.999859,10.0847,11.0339,693,657,657,56.21,57.182,61.419,66.03,rmw_fastrtps_cpp,d9ce8dcd ir=0c783539626c,99.4,87.6,86.1,85.6,19.0,1.7,0.6,3.7
45_part8_r5,45,single,percep | nav | control (3 processes),"{'percep': '0x1', 'nav': '0x30', 'control': '0xc0'}",,,3000.0,1700,9.999949211764706,10.0887,10.7619,693,658,658,56.159,57.095,61.3425,66.028,rmw_fastrtps_cpp,d9ce8dcd ir=0c783539626c,99.5,87.5,86.1,85.7,19.0,1.7,0.6,3.7
45_part8_r6,45,single,percep | nav | control (3 processes),"{'percep': '0x1', 'nav': '0x30', 'control': '0xc0'}",,,3000.0,1700,9.999907199999999,10.0839,11.1062,693,658,658,56.182500000000005,57.064,61.4285,65.979,rmw_fastrtps_cpp,d9ce8dcd ir=0c783539626c,99.4,87.7,86.1,85.7,20.0,0.6,1.7,1.9
45_rmulti_r1,45,multi,"camera,perception,nav,control",0xff,SCHED_OTHER,4,3000.0,0,,,,0,0,0,,,,,rmw_fastrtps_cpp,9705f2c ir=0c783539626c,30.5,76.2,76.6,73.7,33.1,30.1,29.9,30.1
45_rmulti_r2,45,multi,"camera,perception,nav,control",0xff,SCHED_OTHER,4,3000.0,1700,10.000022358823529,10.7621,13.9242,766,517,517,247.302,262.411,252.621,268.528,rmw_fastrtps_cpp,9705f2c ir=0c783539626c,29.4,76.1,77.5,73.7,31.0,32.8,32.2,32.2
45_rmulti_r3,45,multi,"camera,perception,nav,control",0xff,SCHED_OTHER,4,3000.0,1697,10.017496685327048,10.9266,41.559,766,506,506,248.25650000000002,264.84,253.745,269.457,rmw_fastrtps_cpp,de7f98ef ir=0c783539626c,29.7,75.5,76.5,73.0,31.0,29.6,31.4,34.7
45_rmulti_r4,45,multi,"camera,perception,nav,control",0xff,SCHED_OTHER,4,3000.0,1696,10.02355591981132,10.8075,46.9896,766,505,505,248.015,266.739,253.559,272.449,rmw_fastrtps_cpp,de7f98ef ir=0c783539626c,31.8,74.5,75.6,73.6,34.6,32.6,31.8,31.1
45_rp3_r1,45,single,percep | nav | control | extra (4 processes),"{'percep': '0x1', 'nav': '0x10', 'control': '0x20', 'extra': '0xc0'}",,,3000.0,1700,9.999999576470588,10.08,11.6868,677,642,642,57.4015,61.44,62.9045,68.672,rmw_fastrtps_cpp,9705f2c ir=0c783539626c,96.8,85.6,87.2,83.9,20.1,2.9,55.1,0.7
45_rp3_r2,45,single,percep | nav | control | extra (4 processes),"{'percep': '0x1', 'nav': '0x10', 'control': '0x20', 'extra': '0xc0'}",,,3000.0,1700,9.999984688235294,10.0886,11.2792,680,645,645,57.316,60.647,62.64,68.363,rmw_fastrtps_cpp,9705f2c ir=0c783539626c,97.2,86.0,87.5,84.2,20.3,3.1,0.4,55.2
45_rp8_r1,45,single,percep | nav | control | extra | extra2 (5 processes),"{'percep': '0x1', 'nav': '0x30', 'control': '0xc0', 'extra': '0xff', 'extra2': '0xff'}",,,3000.0,1700,9.999891847058823,10.0849,11.1546,685,650,650,57.0145,61.258,62.8925,68.903,rmw_fastrtps_cpp,2d842623 ir=0c783539626c,98.8,87.1,85.7,85.5,25.0,22.2,28.3,3.0
45_rp8_r2,45,single,percep | nav | control | extra | extra2 (5 processes),"{'percep': '0x1', 'nav': '0x30', 'control': '0xc0', 'extra': '0xff', 'extra2': '0xff'}",,,3000.0,1700,9.999809329411764,10.1104,14.8012,685,651,651,56.522,57.371,59.662,66.307,rmw_fastrtps_cpp,2d842623 ir=0c783539626c,99.2,86.9,85.5,85.0,24.7,20.6,22.9,9.5
45_rp8_r3,45,single,percep | nav | control | extra | extra2 (5 processes),"{'percep': '0x1', 'nav': '0x30', 'control': '0xc0', 'extra': '0xff', 'extra2': '0xff'}",,,3000.0,1700,9.999892964705882,10.1022,15.4255,683,647,646,56.935,63.805,63.153000000000006,69.94,rmw_fastrtps_cpp,2d842623 ir=0c783539626c,98.6,86.7,85.5,85.2,19.7,29.8,8.8,21.3
45_rspin_r1,45,single,"camera,perception,nav,control",0x1,SCHED_OTHER,4,3000.0,320,53.1143296875,65.8261,69.2425,320,316,316,198.4435,202.102,198.904,202.599,rmw_fastrtps_cpp,7866a91 ir=0c783539626c,99.1,41.2,41.8,40.6,0.2,0.0,0.1,0.4
45_rspin_r2,45,single,"camera,perception,nav,control",0x1,SCHED_OTHER,4,3000.0,319,53.390733855799375,66.8858,81.0609,318,315,315,198.045,204.329,198.515,204.781,rmw_fastrtps_cpp,9705f2c ir=0c783539626c,98.9,41.0,42.3,40.3,0.5,0.1,0.1,0.1
45_rvanilla4_r1,45,single,"camera | percep | nav | control | extra | extra2 (6 processes, unpinned)","{'camera': '0xff', 'percep': '0xff', 'nav': '0xff', 'control': '0xff', 'extra': '0xff', 'extra2': '0xff'}",,,3000.0,646,26.30167600619195,27.7192,33.2723,799,636,636,243.0365,252.966,243.0385,252.969,rmw_fastrtps_cpp,eed7a3f ir=0c783539626c,20.5,86.9,86.9,84.9,28.1,9.7,97.3,24.5
45_rvanilla4_r2,45,single,"camera | percep | nav | control | extra | extra2 (6 processes, unpinned)","{'camera': '0xff', 'percep': '0xff', 'nav': '0xff', 'control': '0xff', 'extra': '0xff', 'extra2': '0xff'}",,,3000.0,637,26.69397142857143,28.057,35.3589,800,628,628,243.73250000000002,253.651,243.7345,253.653,rmw_fastrtps_cpp,eed7a3f ir=0c783539626c,5.1,85.6,86.7,84.6,20.4,28.2,28.8,96.4
45_rvanilla4_r3,45,single,"camera | percep | nav | control | extra | extra2 (6 processes, unpinned)","{'camera': '0xff', 'percep': '0xff', 'nav': '0xff', 'control': '0xff', 'extra': '0xff', 'extra2': '0xff'}",,,3000.0,645,26.36166372093023,27.5393,36.1103,802,636,636,243.3905,253.37,243.39249999999998,253.372,rmw_fastrtps_cpp,428f390 ir=0c783539626c,5.8,86.4,86.6,85.1,29.1,28.0,97.3,21.2
45_rvanilla4x2tm_r1,45,single,"camera | percep | percep2 | nav | control | extra | extra2 (7 processes, unpinned)","{'camera': '0xff', 'percep': '0xff', 'percep2': '0xff', 'nav': '0xff', 'control': '0xff', 'extra': '0xff', 'extra2': '0xff'}",,,3000.0,1700,10.000112429411764,10.8304,15.6726,797,758,716,93.67949999999999,216.589,99.761,220.183,rmw_fastrtps_cpp,4727fb69 ir=0c783539626c,58.0,67.9,66.6,64.1,57.0,65.4,65.7,65.7
45_rvanilla4x2tm_r2,45,single,"camera | percep | percep2 | nav | control | extra | extra2 (7 processes, unpinned)","{'camera': '0xff', 'percep': '0xff', 'percep2': '0xff', 'nav': '0xff', 'control': '0xff', 'extra': '0xff', 'extra2': '0xff'}",,,3000.0,1700,9.999971494117647,10.817,14.4903,797,761,710,89.702,204.133,96.7375,209.817,rmw_fastrtps_cpp,4727fb69 ir=0c783539626c,58.0,66.8,66.8,65.2,56.6,65.8,66.5,63.6
45_rvanilla4x2tm_r3,45,single,"camera | percep | percep2 | nav | control | extra | extra2 (7 processes, unpinned)","{'camera': '0xff', 'percep': '0xff', 'percep2': '0xff', 'nav': '0xff', 'control': '0xff', 'extra': '0xff', 'extra2': '0xff'}",,,3000.0,1700,9.999745829411765,10.8495,15.0254,796,756,706,71.521,230.741,77.6905,247.091,rmw_fastrtps_cpp,4727fb69 ir=0c783539626c,56.4,65.0,66.2,65.9,57.9,64.5,67.3,63.9
45_rvanilla8_r1,45,single,"camera | percep | nav | control | extra | extra2 (6 processes, unpinned)","{'camera': '0xff', 'percep': '0xff', 'nav': '0xff', 'control': '0xff', 'extra': '0xff', 'extra2': '0xff'}",,,3000.0,635,26.743528818897637,27.8489,74.7496,801,626,626,243.77550000000002,253.564,243.77749999999997,253.566,rmw_fastrtps_cpp,4727fb69 ir=0c783539626c,28.5,85.9,85.0,84.4,20.2,28.2,4.7,97.8
45_rvanilla8_r2,45,single,"camera | percep | nav | control | extra | extra2 (6 processes, unpinned)","{'camera': '0xff', 'percep': '0xff', 'nav': '0xff', 'control': '0xff', 'extra': '0xff', 'extra2': '0xff'}",,,3000.0,637,26.696621821036107,28.3367,76.3229,800,628,628,243.6245,253.681,243.627,253.684,rmw_fastrtps_cpp,4727fb69 ir=0c783539626c,44.5,86.3,85.6,85.6,27.0,14.5,69.8,19.0
45_rvanilla8_r3,45,single,"camera | percep | nav | control | extra | extra2 (6 processes, unpinned)","{'camera': '0xff', 'percep': '0xff', 'nav': '0xff', 'control': '0xff', 'extra': '0xff', 'extra2': '0xff'}",,,3000.0,642,26.474546261682242,27.2698,73.6741,797,633,633,243.22,253.128,243.223,253.13,rmw_fastrtps_cpp,4727fb69 ir=0c783539626c,20.9,86.6,85.9,85.0,28.4,98.2,5.3,25.8
45_rvanilla8tm_r1,45,single,"camera | percep | nav | control | extra | extra2 (6 processes, unpinned)","{'camera': '0xff', 'percep': '0xff', 'nav': '0xff', 'control': '0xff', 'extra': '0xff', 'extra2': '0xff'}",,,3000.0,1700,9.999873858823529,10.3179,15.7682,800,619,619,244.123,254.024,249.225,260.999,rmw_fastrtps_cpp,4727fb69 ir=0c783539626c,26.1,85.9,84.7,84.3,26.0,54.5,23.6,60.8
45_rvanilla8tm_r2,45,single,"camera | percep | nav | control | extra | extra2 (6 processes, unpinned)","{'camera': '0xff', 'percep': '0xff', 'nav': '0xff', 'control': '0xff', 'extra': '0xff', 'extra2': '0xff'}",,,3000.0,1700,9.999714494117647,10.6063,14.3373,800,636,636,243.36599999999999,253.288,247.99,260.25,rmw_fastrtps_cpp,4727fb69 ir=0c783539626c,55.1,86.9,86.0,85.5,27.9,62.2,7.8,29.3
45_rvanilla8tm_r3,45,single,"camera | percep | nav | control | extra | extra2 (6 processes, unpinned)","{'camera': '0xff', 'percep': '0xff', 'nav': '0xff', 'control': '0xff', 'extra': '0xff', 'extra2': '0xff'}",,,3000.0,1700,9.999891194117646,10.7529,13.6101,799,621,620,244.024,254.226,248.7825,261.123,rmw_fastrtps_cpp,4727fb69 ir=0c783539626c,15.3,86.3,85.2,84.0,12.7,26.7,82.5,38.2
45_rvanilla_r1,45,single,"camera | percep | nav | control | extra | extra2 (6 processes, unpinned)","{'camera': '0xff', 'percep': '0xff', 'nav': '0xff', 'control': '0xff', 'extra': '0xff', 'extra2': '0xff'}",,,3000.0,202,84.0071594059406,84.6341,90.9198,801,199,199,300.702,310.649,300.703,310.65,rmw_fastrtps_cpp,971f1b7 ir=0c783539626c,0.5,2.9,100.0,28.8,0.2,1.8,5.8,27.9
45_rvanilla_r2,45,single,"camera | percep | nav | control | extra | extra2 (6 processes, unpinned)","{'camera': '0xff', 'percep': '0xff', 'nav': '0xff', 'control': '0xff', 'extra': '0xff', 'extra2': '0xff'}",,,3000.0,204,83.41393039215686,83.8222,87.6867,800,201,201,299.936,309.961,299.938,309.963,rmw_fastrtps_cpp,ed33052 ir=0c783539626c,28.9,2.7,1.3,100.0,0.9,7.3,28.0,0.5
45_rvanilla_r3,45,single,"camera | percep | nav | control | extra | extra2 (6 processes, unpinned)","{'camera': '0xff', 'percep': '0xff', 'nav': '0xff', 'control': '0xff', 'extra': '0xff', 'extra2': '0xff'}",,,3000.0,202,83.94984554455445,84.2029,85.5394,796,199,199,301.064,310.842,301.066,310.844,rmw_fastrtps_cpp,cc1adbf ir=0c783539626c,1.7,6.4,1.6,2.8,100.0,28.3,28.3,0.6
45_ship_c200_r1,45,single,"camera,perception,nav,control",0xff,SCHED_OTHER,0,3000.0,318,53.439843081761005,53.6005,53.9515,318,314,314,213.30349999999999,213.633,213.657,213.992,rmw_fastrtps_cpp,6fbda91 ir=0c783539626c,0.1,100.0,0.6,0.0,0.1,0.5,0.1,0.1
45_ship_q1_r1,45,single,"camera,perception,nav,control",0xff,SCHED_OTHER,0,3000.0,475,35.82215126315789,53.931,54.1255,387,314,314,107.19,107.51,107.523,107.842,rmw_fastrtps_cpp,bc05094 ir=0c783539626c,0.3,100.0,0.8,0.1,0.1,0.2,0.0,0.5
45_ship_r1,45,single,"camera,perception,nav,control",0xff,SCHED_OTHER,0,3000.0,322,52.76849813664596,53.4924,54.8166,322,318,318,210.01350000000002,213.081,210.362,213.429,rmw_fastrtps_cpp,2b8233d ir=0c783539626c,0.1,77.0,0.1,0.1,0.1,0.2,0.4,23.2
45_ship_r2,45,single,"camera,perception,nav,control",0xff,SCHED_OTHER,0,3000.0,317,53.56369211356467,53.6852,53.873,317,313,313,213.831,214.055,214.174,214.411,rmw_fastrtps_cpp,788b66c ir=0c783539626c,0.9,0.1,0.1,0.1,0.7,0.1,0.1,100.0
45_ship_r3,45,single,"camera,perception,nav,control",0xff,SCHED_OTHER,0,3000.0,319,53.41000344827586,53.5765,53.736,319,315,315,213.206,213.478,213.548,213.821,rmw_fastrtps_cpp,3b71363 ir=0c783539626c,0.1,100.0,0.2,0.2,3.6,0.5,0.2,0.1
45_smte_r1,45,multi,"camera,perception,nav,control",0xf,SCHED_OTHER,4,3000.0,1700,10.000021882352941,11.1905,14.73,766,396,396,258.265,275.42,264.3215,282.056,rmw_fastrtps_cpp,2b8233d ir=0c783539626c,38.9,70.4,68.8,67.0,0.1,0.5,0.4,0.9
45_smte_r2,45,multi,"camera,perception,nav,control",0xf,SCHED_OTHER,4,3000.0,1700,9.999996852941177,11.0898,14.526,766,385,385,258.646,275.416,265.133,282.003,rmw_fastrtps_cpp,26f8525 ir=0c783539626c,35.8,71.4,68.3,66.5,0.1,0.1,0.7,0.2
45_smte_r3,45,multi,"camera,perception,nav,control",0xf,SCHED_OTHER,4,3000.0,1700,10.000399411764706,11.0234,15.4861,765,383,383,259.557,276.18,264.995,281.024,rmw_fastrtps_cpp,26f8525 ir=0c783539626c,37.6,70.8,69.0,65.8,0.2,0.2,0.1,0.1
45_spin_c200_r1,45,single,"camera,perception,nav,control",0x1,SCHED_OTHER,4,3000.0,565,30.114243539823008,30.6893,39.4081,565,561,561,119.66,122.555,120.01,123.011,rmw_fastrtps_cpp,6fbda91 ir=0c783539626c,98.8,74.0,73.7,72.5,0.2,0.4,0.1,0.1
45_spin_hog2_r1,45,single,"camera,perception,nav,control",0x1,SCHED_OTHER,4,3000.0,564,30.127287943262413,30.5962,42.1369,564,560,560,119.4795,127.196,119.8335,127.541,rmw_fastrtps_cpp,6fbda91 ir=0c783539626c,98.6,74.2,74.0,72.7,100.0,0.7,0.1,100.0
45_spin_q1_r1,45,single,"camera,perception,nav,control",0x1,SCHED_OTHER,4,3000.0,796,21.370790816582915,30.6543,39.416,682,557,557,60.079,61.016,60.415,61.348,rmw_fastrtps_cpp,6fbda91 ir=0c783539626c,99.0,73.2,72.7,71.7,0.1,0.3,0.1,0.5
45_spin_r1,45,single,"camera,perception,nav,control",0x1,SCHED_OTHER,4,3000.0,568,29.934482394366196,30.2319,33.8379,568,564,564,119.0315,122.079,119.3825,122.425,rmw_fastrtps_cpp,2b8233d ir=0c783539626c,99.5,74.4,73.2,72.9,0.2,0.1,0.6,0.8
45_spin_r2,45,single,"camera,perception,nav,control",0x1,SCHED_OTHER,4,3000.0,566,30.026669434628975,30.5683,33.8071,566,562,562,119.3695,122.283,119.722,122.634,rmw_fastrtps_cpp,7e6e40a ir=0c783539626c,99.6,74.6,73.4,73.0,1.2,0.1,0.1,0.6
45_spin_r3,45,single,"camera,perception,nav,control",0x1,SCHED_OTHER,4,3000.0,569,29.89958611599297,30.2603,33.4978,569,565,565,118.914,121.82,119.274,122.322,rmw_fastrtps_cpp,3b71363 ir=0c783539626c,99.5,74.8,73.4,73.0,0.9,0.0,0.0,0.7
45_vanilla4_q1_r1,45,single,"camera | percep | nav | control (4 processes, unpinned)","{'camera': '0xff', 'percep': '0xff', 'nav': '0xff', 'control': '0xff'}",,,3000.0,663,25.63203242835596,26.1626,35.4672,806,661,661,42.044,52.043,42.046,52.045,rmw_fastrtps_cpp,eb13b53 ir=0c783539626c,2.4,88.3,87.3,86.4,15.2,98.7,1.7,11.2
45_vanilla4_q1_r2,45,single,"camera | percep | nav | control (4 processes, unpinned)","{'camera': '0xff', 'percep': '0xff', 'nav': '0xff', 'control': '0xff'}",,,3000.0,668,25.482860479041918,25.9385,26.6639,803,666,666,41.9165,51.931,41.919,51.933,rmw_fastrtps_cpp,eb13b53 ir=0c783539626c,3.1,88.6,87.7,86.6,7.6,21.0,1.6,99.1
45_vanilla4_q1_r3,45,single,"camera | percep | nav | control (4 processes, unpinned)","{'camera': '0xff', 'percep': '0xff', 'nav': '0xff', 'control': '0xff'}",,,3000.0,665,25.565623909774438,25.9449,34.3586,802,663,663,42.341,52.325,42.344,52.327,rmw_fastrtps_cpp,91f2b26 ir=0c783539626c,5.3,88.0,87.7,86.3,2.6,98.9,3.5,19.6
45_vanilla4_r1,45,single,"camera | percep | nav | control (4 processes, unpinned)","{'camera': '0xff', 'percep': '0xff', 'nav': '0xff', 'control': '0xff'}",,,3000.0,655,25.952984427480917,26.4185,70.0717,801,646,646,242.66,252.777,242.66250000000002,252.779,rmw_fastrtps_cpp,2e609141 ir=0c783539626c,3.3,87.2,85.9,85.4,1.0,20.4,2.8,99.3
45_vanilla4_r2,45,single,"camera | percep | nav | control (4 processes, unpinned)","{'camera': '0xff', 'percep': '0xff', 'nav': '0xff', 'control': '0xff'}",,,3000.0,658,25.830767933130698,26.0469,70.285,802,648,648,242.38799999999998,252.3,242.39,252.302,rmw_fastrtps_cpp,ad0e6dfd ir=0c783539626c,2.4,87.6,86.3,85.5,19.4,99.3,3.8,1.3
45_vanilla4_r3,45,single,"camera | percep | nav | control (4 processes, unpinned)","{'camera': '0xff', 'percep': '0xff', 'nav': '0xff', 'control': '0xff'}",,,3000.0,657,25.87798599695586,26.3336,69.5804,802,647,647,242.241,252.354,242.243,252.356,rmw_fastrtps_cpp,ad0e6dfd ir=0c783539626c,2.7,87.4,86.4,85.6,99.2,3.3,19.3,3.1
45_vanilla4f_r1,45,single,"camera | percep | nav | control (4 processes, unpinned)","{'camera': '0xff', 'percep': '0xff', 'nav': '0xff', 'control': '0xff'}",,,3000.0,655,25.943095267175572,26.545,70.8127,801,646,646,242.45350000000002,252.414,242.456,252.416,rmw_fastrtps_cpp,0475e22c ir=0c783539626c,1.2,87.3,86.2,85.4,4.7,99.2,2.3,21.4
45_vanilla4f_r2,45,single,"camera | percep | nav | control (4 processes, unpinned)","{'camera': '0xff', 'percep': '0xff', 'nav': '0xff', 'control': '0xff'}",,,3000.0,657,25.84928691019787,26.0394,72.6847,807,648,648,242.39249999999998,252.571,242.39499999999998,252.573,rmw_fastrtps_cpp,0475e22c ir=0c783539626c,2.9,87.8,86.5,85.7,19.7,99.5,3.0,2.6
45_vanilla4f_r3,45,single,"camera | percep | nav | control (4 processes, unpinned)","{'camera': '0xff', 'percep': '0xff', 'nav': '0xff', 'control': '0xff'}",,,3000.0,643,26.459377916018664,27.2662,71.5876,803,633,633,243.123,253.328,243.125,253.331,rmw_fastrtps_cpp,0475e22c ir=0c783539626c,1.8,86.0,84.9,84.4,19.5,2.1,1.6,98.4
45_vanilla4t_r1,45,single,"camera,perception,nav,control",0xff,SCHED_OTHER,4,3000.0,555,30.607023063063064,31.1598,31.7242,555,551,551,121.98,122.775,122.336,123.121,rmw_fastrtps_cpp,f431a8b ir=0c783539626c,0.5,73.0,73.0,71.7,0.1,0.1,98.8,0.1
45_vanilla4t_r2,45,single,"camera,perception,nav,control",0xff,SCHED_OTHER,4,3000.0,555,30.61032936936937,31.1728,40.2481,555,551,551,121.906,122.689,122.255,123.044,rmw_fastrtps_cpp,eed7a3f ir=0c783539626c,0.4,73.3,72.8,71.8,0.1,0.1,99.0,0.1
45_vanilla4t_r3,45,single,"camera,perception,nav,control",0xff,SCHED_OTHER,4,3000.0,567,30.0128733686067,30.6629,33.3829,567,563,563,119.265,122.099,119.619,122.469,rmw_fastrtps_cpp,eed7a3f ir=0c783539626c,99.1,74.1,73.6,72.5,0.1,0.5,0.3,0.6
45_vanilla4tm_r1,45,single,"camera | percep | nav | control (4 processes, unpinned)","{'camera': '0xff', 'percep': '0xff', 'nav': '0xff', 'control': '0xff'}",,,3000.0,1700,9.999869482352942,10.0872,10.784,802,656,656,241.9035,252.03,247.466,258.579,rmw_fastrtps_cpp,a0455e4 ir=0c783539626c,19.3,88.5,87.8,86.5,2.4,2.2,3.9,98.8
45_vanilla4tm_r2,45,single,"camera | percep | nav | control (4 processes, unpinned)","{'camera': '0xff', 'percep': '0xff', 'nav': '0xff', 'control': '0xff'}",,,3000.0,1700,9.999900111764706,10.1294,12.5582,800,648,648,242.49099999999999,252.481,247.8175,258.961,rmw_fastrtps_cpp,2f1f22c ir=0c783539626c,1.1,87.8,87.3,86.1,4.4,19.1,4.0,98.4
45_vanilla4tm_r3,45,single,"camera | percep | nav | control (4 processes, unpinned)","{'camera': '0xff', 'percep': '0xff', 'nav': '0xff', 'control': '0xff'}",,,3000.0,1700,9.999834770588235,10.2353,14.2466,822,649,649,242.551,252.583,247.037,259.142,rmw_fastrtps_cpp,2f1f22c ir=0c783539626c,0.8,88.2,87.3,85.9,7.2,5.2,98.4,14.1
45_vanilla4x2_r1,45,single,"camera | percep | percep2 | nav | control (5 processes, unpinned)","{'camera': '0xff', 'percep': '0xff', 'percep2': '0xff', 'nav': '0xff', 'control': '0xff'}",,,3000.0,765,22.220781104575163,39.0653,48.1503,767,763,763,37.042,58.485,37.045,58.487,rmw_fastrtps_cpp,c42fb2f5 ir=0c783539626c,54.6,57.8,58.1,56.2,52.7,57.4,56.7,56.3
45_vanilla4x2_r2,45,single,"camera | percep | percep2 | nav | control (5 processes, unpinned)","{'camera': '0xff', 'percep': '0xff', 'percep2': '0xff', 'nav': '0xff', 'control': '0xff'}",,,3000.0,766,22.24399775456919,40.0981,47.9442,804,763,763,37.049,61.354,37.051,61.356,rmw_fastrtps_cpp,c42fb2f5 ir=0c783539626c,54.3,56.8,58.8,56.3,53.2,59.0,54.1,55.8
45_vanilla4x2_r3,45,single,"camera | percep | percep2 | nav | control (5 processes, unpinned)","{'camera': '0xff', 'percep': '0xff', 'percep2': '0xff', 'nav': '0xff', 'control': '0xff'}",,,3000.0,764,22.22269114790576,38.6066,48.5099,820,762,762,37.024,59.33,37.0265,59.332,rmw_fastrtps_cpp,c42fb2f5 ir=0c783539626c,53.7,59.0,58.7,55.5,54.8,56.4,54.7,55.0
45_vanilla4x2tm_c50_r1,45,single,"camera | percep | percep2 | nav | control (5 processes, unpinned)","{'camera': '0xff', 'percep': '0xff', 'percep2': '0xff', 'nav': '0xff', 'control': '0xff'}",,,3000.0,850,19.999715647058824,20.6643,24.7174,800,762,649,40.947,351.706,53.073,364.018,rmw_fastrtps_cpp,83223c0d ir=0c783539626c,53.8,62.9,62.1,57.3,57.0,59.4,59.8,58.7
45_vanilla4x2tm_c50_r2,45,single,"camera | percep | percep2 | nav | control (5 processes, unpinned)","{'camera': '0xff', 'percep': '0xff', 'percep2': '0xff', 'nav': '0xff', 'control': '0xff'}",,,3000.0,850,19.999786352941175,20.6971,23.1363,816,763,665,39.797,348.939,51.69,362.456,rmw_fastrtps_cpp,83223c0d ir=0c783539626c,54.0,61.6,61.8,58.0,56.8,61.5,58.1,59.2
45_vanilla4x2tm_c50_r3,45,single,"camera | percep | percep2 | nav | control (5 processes, unpinned)","{'camera': '0xff', 'percep': '0xff', 'percep2': '0xff', 'nav': '0xff', 'control': '0xff'}",,,3000.0,850,19.999500588235293,20.5773,24.4773,806,763,679,37.672,60.463,48.121,69.782,rmw_fastrtps_cpp,b936ef86 ir=0c783539626c,54.2,56.4,57.4,54.9,56.0,57.8,57.7,56.7
45_vanilla4x2tm_r1,45,single,"camera | percep | percep2 | nav | control (5 processes, unpinned)","{'camera': '0xff', 'percep': '0xff', 'percep2': '0xff', 'nav': '0xff', 'control': '0xff'}",,,3000.0,1700,9.999596664705882,10.6536,13.2277,805,764,731,37.5975,60.201,42.838,66.536,rmw_fastrtps_cpp,d43fdbaa ir=0c783539626c,53.5,56.6,57.3,57.5,54.4,57.6,57.2,56.3
45_vanilla4x2tm_r2,45,single,"camera | percep | percep2 | nav | control (5 processes, unpinned)","{'camera': '0xff', 'percep': '0xff', 'percep2': '0xff', 'nav': '0xff', 'control': '0xff'}",,,3000.0,1700,9.999791182352942,10.6061,14.8193,805,763,726,37.791,58.701,42.997,64.902,rmw_fastrtps_cpp,d43fdbaa ir=0c783539626c,54.0,57.4,58.7,55.5,55.2,57.6,57.3,56.6
45_vanilla4x2tm_r3,45,single,"camera | percep | percep2 | nav | control (5 processes, unpinned)","{'camera': '0xff', 'percep': '0xff', 'percep2': '0xff', 'nav': '0xff', 'control': '0xff'}",,,3000.0,1700,9.999893329411766,10.611,13.0197,805,763,727,37.981,62.366,43.478,68.099,rmw_fastrtps_cpp,d43fdbaa ir=0c783539626c,52.4,58.7,56.6,55.5,56.3,58.5,59.0,57.8
45_vanilla8_q1_r1,45,single,"camera | percep | nav | control (4 processes, unpinned)","{'camera': '0xff', 'percep': '0xff', 'nav': '0xff', 'control': '0xff'}",,,3000.0,656,25.948591006097562,26.4113,72.3035,802,654,654,42.49,52.445,42.492000000000004,52.448,rmw_fastrtps_cpp,2d842623 ir=0c783539626c,3.9,87.1,86.0,85.4,98.9,4.0,20.7,4.7
45_vanilla8_q1_r2,45,single,"camera | percep | nav | control (4 processes, unpinned)","{'camera': '0xff', 'percep': '0xff', 'nav': '0xff', 'control': '0xff'}",,,3000.0,655,25.96931709923664,26.5215,71.0695,804,654,654,42.389,52.614,42.391,52.616,rmw_fastrtps_cpp,2d842623 ir=0c783539626c,3.0,87.3,85.9,85.4,98.9,20.9,5.3,2.8
45_vanilla8_q1_r3,45,single,"camera | percep | nav | control (4 processes, unpinned)","{'camera': '0xff', 'percep': '0xff', 'nav': '0xff', 'control': '0xff'}",,,3000.0,655,25.96951251908397,26.3975,71.1321,807,653,653,42.703,52.857,42.706,52.859,rmw_fastrtps_cpp,2d842623 ir=0c783539626c,2.5,87.5,86.2,85.5,3.8,99.0,19.7,4.9
45_vanilla8_r1,45,single,"camera | percep | nav | control (4 processes, unpinned)","{'camera': '0xff', 'percep': '0xff', 'nav': '0xff', 'control': '0xff'}",,,3000.0,653,26.01959479326187,26.4252,73.1423,808,643,643,242.304,252.756,242.306,252.758,rmw_fastrtps_cpp,c3ea25bb ir=0c783539626c,2.4,87.0,86.1,85.4,19.9,99.1,1.7,3.6
45_vanilla8_r2,45,single,"camera | percep | nav | control (4 processes, unpinned)","{'camera': '0xff', 'percep': '0xff', 'nav': '0xff', 'control': '0xff'}",,,3000.0,658,25.842235866261397,26.0375,71.3246,801,648,648,242.4665,252.449,242.469,252.452,rmw_fastrtps_cpp,c3ea25bb ir=0c783539626c,0.3,87.8,86.6,85.7,3.8,99.5,20.5,3.2
45_vanilla8_r3,45,single,"camera | percep | nav | control (4 processes, unpinned)","{'camera': '0xff', 'percep': '0xff', 'nav': '0xff', 'control': '0xff'}",,,3000.0,652,26.094129141104293,26.5964,71.9005,803,642,642,242.70100000000002,252.24,242.7035,252.242,rmw_fastrtps_cpp,c3ea25bb ir=0c783539626c,1.0,87.2,86.1,85.2,3.4,22.8,20.2,79.4
45_vanilla8f_r1,45,single,"camera | percep | nav | control (4 processes, unpinned)","{'camera': '0xff', 'percep': '0xff', 'nav': '0xff', 'control': '0xff'}",,,3000.0,653,26.037185451761104,26.5051,72.2366,808,644,644,242.587,252.823,242.589,252.825,rmw_fastrtps_cpp,0475e22c ir=0c783539626c,4.0,87.1,86.1,85.3,98.9,19.6,1.9,1.8
45_vanilla8f_r2,45,single,"camera | percep | nav | control (4 processes, unpinned)","{'camera': '0xff', 'percep': '0xff', 'nav': '0xff', 'control': '0xff'}",,,3000.0,668,25.44021886227545,25.6815,75.5367,802,658,658,241.95299999999997,251.868,241.95499999999998,251.87,rmw_fastrtps_cpp,7692340d ir=0c783539626c,99.4,88.7,87.3,86.8,2.1,4.3,19.8,4.0
45_vanilla8f_r3,45,single,"camera | percep | nav | control (4 processes, unpinned)","{'camera': '0xff', 'percep': '0xff', 'nav': '0xff', 'control': '0xff'}",,,3000.0,658,25.84544848024316,26.0476,71.4139,807,648,648,242.2795,252.494,242.28199999999998,252.496,rmw_fastrtps_cpp,7692340d ir=0c783539626c,2.3,87.4,86.3,85.7,18.9,99.4,2.5,5.5
45_vanilla8tm_c50_r1,45,single,"camera | percep | nav | control (4 processes, unpinned)","{'camera': '0xff', 'percep': '0xff', 'nav': '0xff', 'control': '0xff'}",,,3000.0,850,19.99987305882353,20.1213,21.3005,801,641,640,242.849,252.998,252.817,268.322,rmw_fastrtps_cpp,dfa75388 ir=0c783539626c,3.8,86.8,85.8,85.1,98.5,2.8,19.3,3.1
45_vanilla8tm_c50_r2,45,single,"camera | percep | nav | control (4 processes, unpinned)","{'camera': '0xff', 'percep': '0xff', 'nav': '0xff', 'control': '0xff'}",,,3000.0,850,19.999811411764707,20.1873,22.0499,802,644,644,242.88400000000001,252.839,252.8845,268.403,rmw_fastrtps_cpp,dfa75388 ir=0c783539626c,0.9,87.4,86.3,85.6,2.9,99.1,18.9,5.7
45_vanilla8tm_c50_r3,45,single,"camera | percep | nav | control (4 processes, unpinned)","{'camera': '0xff', 'percep': '0xff', 'nav': '0xff', 'control': '0xff'}",,,3000.0,850,19.999794588235293,20.2102,21.5357,802,632,632,243.3855,253.467,254.023,267.426,rmw_fastrtps_cpp,dfa75388 ir=0c783539626c,4.1,85.6,84.6,83.7,18.8,3.4,2.8,99.0
45_vanilla8tm_r1,45,single,"camera | percep | nav | control (4 processes, unpinned)","{'camera': '0xff', 'percep': '0xff', 'nav': '0xff', 'control': '0xff'}",,,3000.0,1700,10.0008581,10.1886,12.485,807,656,656,242.35000000000002,252.276,246.89049999999997,258.971,rmw_fastrtps_cpp,c3ea25bb ir=0c783539626c,99.0,88.4,86.7,86.3,19.8,14.7,0.3,7.6
45_vanilla8tm_r2,45,single,"camera | percep | nav | control (4 processes, unpinned)","{'camera': '0xff', 'percep': '0xff', 'nav': '0xff', 'control': '0xff'}",,,3000.0,1700,9.999972770588235,10.0859,11.0747,808,657,657,241.882,251.76,246.907,258.104,rmw_fastrtps_cpp,c3ea25bb ir=0c783539626c,99.1,88.5,86.9,86.6,2.7,4.5,0.9,20.5
45_vanilla8tm_r3,45,single,"camera | percep | nav | control (4 processes, unpinned)","{'camera': '0xff', 'percep': '0xff', 'nav': '0xff', 'control': '0xff'}",,,3000.0,1700,9.999945205882353,10.0856,11.7177,802,658,658,241.9335,251.961,246.9335,259.14,rmw_fastrtps_cpp,c3ea25bb ir=0c783539626c,99.2,88.5,87.0,86.4,4.8,4.4,2.2,17.9
45_vanilla_c50_r1,45,single,"camera | percep | nav | control (4 processes, unpinned)","{'camera': '0xff', 'percep': '0xff', 'nav': '0xff', 'control': '0xff'}",,,3000.0,343,49.55175306122449,50.6859,51.8407,802,337,337,266.211,276.23,266.214,276.232,rmw_fastrtps_cpp,32a02ec0 ir=0c783539626c,0.6,0.8,2.9,9.7,2.3,0.3,0.3,100.0
45_vanilla_c50_r2,45,single,"camera | percep | nav | control (4 processes, unpinned)","{'camera': '0xff', 'percep': '0xff', 'nav': '0xff', 'control': '0xff'}",,,3000.0,346,49.22163583815029,49.764,50.1777,807,341,341,265.653,275.766,265.655,275.769,rmw_fastrtps_cpp,32a02ec0 ir=0c783539626c,0.4,1.0,0.9,1.8,1.3,10.9,100.0,3.1
45_vanilla_c50_r3,45,single,"camera | percep | nav | control (4 processes, unpinned)","{'camera': '0xff', 'percep': '0xff', 'nav': '0xff', 'control': '0xff'}",,,3000.0,349,48.70959770773639,49.3603,50.3643,806,344,344,265.9035,275.695,265.90549999999996,275.697,rmw_fastrtps_cpp,32a02ec0 ir=0c783539626c,1.0,3.0,1.3,100.0,0.2,0.2,1.3,12.9
45_vanilla_q1_r1,45,single,"camera | percep | nav | control (4 processes, unpinned)","{'camera': '0xff', 'percep': '0xff', 'nav': '0xff', 'control': '0xff'}",,,3000.0,352,48.27466448863636,48.531,53.1327,802,351,351,64.908,74.919,64.91,74.921,rmw_fastrtps_cpp,f431a8b ir=0c783539626c,100.0,2.6,1.1,0.1,9.9,0.5,5.7,0.9
45_vanilla_r1,45,single,"camera | percep | nav | control (4 processes, unpinned)","{'camera': '0xff', 'percep': '0xff', 'nav': '0xff', 'control': '0xff'}",,,3000.0,354,48.03327062146893,48.5867,48.85,802,348,348,264.406,274.408,264.408,274.41,rmw_fastrtps_cpp,971f1b7 ir=0c783539626c,13.4,0.1,0.8,100.0,0.2,1.3,0.5,0.9
45_vanilla_r2,45,single,"camera | percep | nav | control (4 processes, unpinned)","{'camera': '0xff', 'percep': '0xff', 'nav': '0xff', 'control': '0xff'}",,,3000.0,353,48.218517847025495,48.7159,52.161,802,347,347,264.773,274.777,264.776,274.78,rmw_fastrtps_cpp,971f1b7 ir=0c783539626c,0.1,100.0,1.1,0.3,0.9,10.9,3.0,0.4
45_vanilla_r3,45,single,"camera | percep | nav | control (4 processes, unpinned)","{'camera': '0xff', 'percep': '0xff', 'nav': '0xff', 'control': '0xff'}",,,3000.0,351,48.46991709401709,48.6306,49.0159,808,345,345,265.211,274.831,265.214,274.833,rmw_fastrtps_cpp,fb08334 ir=0c783539626c,0.5,0.8,0.7,3.1,9.9,2.0,0.7,100.0
45_vanilla_smoke_r1,45,single,"camera | percep | nav | control (4 processes, unpinned)","{'camera': '0xff', 'percep': '0xff', 'nav': '0xff', 'control': '0xff'}",,,3000.0,103,48.25171747572816,48.5033,49.6063,267,98,98,264.9875,274.551,264.9895,274.554,rmw_fastrtps_cpp,971f1b7 ir=0c783539626c,9.6,1.5,4.8,0.6,100.0,0.9,0.2,0.2
45_x2p_r1,45,single,percep | percep2 | nav | control (4 processes),"{'percep': '0x1', 'percep2': '0x10', 'nav': '0xff', 'control': '0xff'}",,,3000.0,1700,10.000104052941177,10.844,14.6418,548,514,487,80.22550000000001,88.034,82.534,94.988,rmw_fastrtps_cpp,fed7c4f7 ir=0c783539626c,80.5,74.5,79.3,74.8,86.3,78.7,82.2,80.8
45_x2p_r2,45,single,percep | percep2 | nav | control (4 processes),"{'percep': '0x1', 'percep2': '0x10', 'nav': '0xff', 'control': '0xff'}",,,3000.0,1700,9.999982488235293,10.7483,13.356,603,466,436,45.2425,86.695,49.658,92.445,rmw_fastrtps_cpp,fed7c4f7 ir=0c783539626c,74.4,68.3,74.8,70.5,90.6,82.5,83.9,82.3
45_x2rmulti_r1,45,multi,"camera,perception,camera2,perception2,nav,control,extra",0xff,SCHED_OTHER,4,3000.0,1700,9.999656570588236,10.9566,14.6097,1532,500,499,248.144,264.317,253.812,271.116,rmw_fastrtps_cpp,26f8525 ir=0c783539626c,31.5,75.7,75.3,73.0,34.5,33.8,33.9,31.3
45_x2rmulti_r2,45,multi,"camera,perception,camera2,perception2,nav,control,extra",0xff,SCHED_OTHER,4,3000.0,1700,10.000090541176471,11.1566,13.5625,1532,506,506,247.64999999999998,264.196,253.4885,270.638,rmw_fastrtps_cpp,26f8525 ir=0c783539626c,34.2,76.5,75.1,72.3,33.2,32.5,33.8,31.6
45_x2rp3_r1,45,single,percep | percep2 | nav | control | extra (5 processes),"{'percep': '0x1', 'percep2': '0x10', 'nav': '0xff', 'control': '0xff', 'extra': '0xff'}",,,3000.0,1700,10.000081135294117,10.7647,14.5318,600,467,448,62.686,121.833,68.20349999999999,126.852,rmw_fastrtps_cpp,fed7c4f7 ir=0c783539626c,74.7,75.2,72.1,75.4,72.0,76.1,75.5,71.9
45_x2rp3_r2,45,single,percep | percep2 | nav | control | extra (5 processes),"{'percep': '0x1', 'percep2': '0x10', 'nav': '0xff', 'control': '0xff', 'extra': '0xff'}",,,3000.0,1700,9.999774811764706,10.8264,14.5069,462,426,396,63.8705,126.564,70.3815,131.77,rmw_fastrtps_cpp,fed7c4f7 ir=0c783539626c,66.8,66.5,82.0,70.0,74.6,79.7,71.7,83.5
45_x2rspin_r1,45,single,"camera,perception,camera2,perception2,nav,control,extra",0x1,SCHED_OTHER,4,3000.0,183,92.57354480874316,97.02,99.5155,368,178,177,623.4065,631.112,624.0,631.703,rmw_fastrtps_cpp,2d9e8de ir=0c783539626c,99.3,47.7,48.0,46.8,0.1,0.3,0.4,0.1
45_x2rspin_r2,45,single,"camera,perception,camera2,perception2,nav,control,extra",0x1,SCHED_OTHER,4,3000.0,183,92.8523131147541,96.5022,99.9642,366,176,176,624.1385,630.887,624.7335,631.473,rmw_fastrtps_cpp,2d9e8de ir=0c783539626c,99.3,47.4,47.4,46.5,0.0,0.1,0.1,0.9
45_x2spin_r1,45,single,"camera,perception,camera2,perception2,nav,control",0x1,SCHED_OTHER,4,3000.0,283,60.00954593639576,62.0665,64.3656,566,276,276,418.9085,425.123,419.3865,425.602,rmw_fastrtps_cpp,f1b6bb1 ir=0c783539626c,98.7,74.2,74.5,72.8,0.2,0.7,0.0,0.1
45_x2spin_r2,45,single,"camera,perception,camera2,perception2,nav,control",0x1,SCHED_OTHER,4,3000.0,284,59.741541197183096,60.3684,69.3379,568,277,277,416.541,425.303,417.034,425.792,rmw_fastrtps_cpp,f1b6bb1 ir=0c783539626c,99.0,74.4,73.9,72.8,0.1,0.1,0.5,0.4
45_yproc_r1,45,single,percep | control (2 processes),"{'percep': '0x1', 'control': '0x10'}",,,3000.0,1701,9.999890964138743,13.2008,14.4714,668,666,666,55.648,56.361,60.9285,65.463,rmw_fastrtps_cpp,2b8233d ir=0c783539626c,99.4,88.5,87.3,86.7,22.1,0.4,0.0,0.7
45_yproc_r2,45,single,percep | control (2 processes),"{'percep': '0x1', 'control': '0x10'}",,,3000.0,1701,9.999873386243387,13.2664,14.8827,660,658,658,33.679,56.933,41.649,65.492,rmw_fastrtps_cpp,33a5a72 ir=0c783539626c,98.9,87.7,86.2,85.9,22.6,0.1,0.5,0.5
45_yproc_r3,45,single,percep | control (2 processes),"{'percep': '0x1', 'control': '0x10'}",,,3000.0,1700,9.999868523529411,13.4258,16.2833,661,659,659,56.314,58.899,61.533,66.695,rmw_fastrtps_cpp,3b71363 ir=0c783539626c,99.3,87.8,86.2,85.9,36.0,0.1,0.8,0.1
50_vanilla4x2_r1,50,single,"camera | percep | percep2 | nav | control (5 processes, unpinned)","{'camera': '0xff', 'percep': '0xff', 'percep2': '0xff', 'nav': '0xff', 'control': '0xff'}",,,3000.0,850,19.998313623529413,30.7519,50.6153,910,848,848,36.7685,64.079,36.771,64.081,rmw_fastrtps_cpp,dfa75388 ir=0c783539626c,66.1,62.6,63.0,61.8,62.4,62.8,62.5,62.4
50_vanilla4x2_r2,50,single,"camera | percep | percep2 | nav | control (5 processes, unpinned)","{'camera': '0xff', 'percep': '0xff', 'percep2': '0xff', 'nav': '0xff', 'control': '0xff'}",,,3000.0,850,19.99787624352941,32.8263,48.3747,894,849,849,36.781,59.827,36.783,59.829,rmw_fastrtps_cpp,dfa75388 ir=0c783539626c,65.0,63.6,62.2,59.9,64.7,61.6,62.1,61.1
50_vanilla4x2_r3,50,single,"camera | percep | percep2 | nav | control (5 processes, unpinned)","{'camera': '0xff', 'percep': '0xff', 'percep2': '0xff', 'nav': '0xff', 'control': '0xff'}",,,3000.0,850,20.008683811764705,33.613,51.1185,907,848,848,37.295,63.543,37.297,63.545,rmw_fastrtps_cpp,dfa75388 ir=0c783539626c,64.6,63.9,61.1,60.8,63.8,63.0,62.2,62.2
5_multi_r1,5,multi,"camera,perception,nav,control",0xff,SCHED_OTHER,0,3000.0,1700,9.999725670588235,10.1457,10.6948,86,85,85,53.342,53.914,58.621,58.698,rmw_fastrtps_cpp,2b8233d ir=0c783539626c,5.9,4.1,4.2,4.9,4.8,4.1,4.3,6.0
5_multi_r2,5,multi,"camera,perception,nav,control",0xff,SCHED_OTHER,0,3000.0,1700,9.999908082352942,10.1173,10.9022,86,85,85,53.142,54.455,58.697,58.789,rmw_fastrtps_cpp,2b8233d ir=0c783539626c,2.9,3.1,4.2,3.9,3.3,3.0,3.0,5.1
5_p3_r1,5,single,percep | nav | control (3 processes),"{'percep': '0x1', 'nav': '0x10', 'control': '0x20'}",,,3000.0,1700,9.999947852941176,10.0666,10.5772,92,85,85,30.441,31.111,39.016,39.086,rmw_fastrtps_cpp,2b8233d ir=0c783539626c,12.1,10.9,10.9,10.7,3.7,0.3,0.1,0.7
5_p8_r1,5,single,percep | nav | control (3 processes),"{'percep': '0x1', 'nav': '0x30', 'control': '0xc0'}",,,3000.0,1700,9.999803688235295,10.0537,10.3006,91,85,85,30.43,30.814,35.338,35.382,rmw_fastrtps_cpp,2b8233d ir=0c783539626c,11.8,9.9,9.8,10.0,2.3,0.3,1.5,0.9
5_ship_r1,5,single,"camera,perception,nav,control",0xff,SCHED_OTHER,0,3000.0,1360,12.49986975,50.0637,50.3479,86,85,85,54.044,54.19,59.009,59.026,rmw_fastrtps_cpp,2b8233d ir=0c783539626c,0.1,0.1,0.4,0.1,0.0,0.3,28.1,0.2
5_ship_r2,5,single,"camera,perception,nav,control",0xff,SCHED_OTHER,0,3000.0,1445,11.764552678200692,49.3453,49.5947,86,85,85,53.534,53.644,59.025,59.059,rmw_fastrtps_cpp,2b8233d ir=0c783539626c,0.5,0.3,0.0,0.0,0.1,0.1,28.7,0.5
5_smte_r1,5,multi,"camera,perception,nav,control",0xf,SCHED_OTHER,4,3000.0,1700,9.999805176470588,10.2745,13.1087,86,85,85,49.221,54.161,58.575,58.696,rmw_fastrtps_cpp,2b8233d ir=0c783539626c,11.0,20.9,18.9,15.5,0.1,0.1,0.2,1.1
5_smte_r2,5,multi,"camera,perception,nav,control",0xf,SCHED_OTHER,4,3000.0,1700,9.999895352941177,10.207,13.4794,86,85,85,40.662,53.603,48.629,58.653,rmw_fastrtps_cpp,2b8233d ir=0c783539626c,9.6,14.6,13.9,13.2,0.3,0.0,0.2,0.7
5_spin_r1,5,single,"camera,perception,nav,control",0x1,SCHED_OTHER,4,3000.0,1614,10.532655384138785,26.4156,36.0261,86,85,85,30.476,30.905,38.976,39.044,rmw_fastrtps_cpp,2b8233d ir=0c783539626c,27.1,11.3,11.2,11.2,0.1,0.6,0.0,0.4
5_spin_r2,5,single,"camera,perception,nav,control",0x1,SCHED_OTHER,4,3000.0,1614,10.532711456009913,26.4375,29.7875,86,85,85,30.499,30.686,39.03,39.053,rmw_fastrtps_cpp,2b8233d ir=0c783539626c,15.8,9.1,8.8,8.7,0.1,0.2,0.1,1.2
60_cp3_r1,60,single,percep | nav | control (3 processes),"{'percep': '0x1', 'nav': '0x10', 'control': '0x20'}",,,3000.0,663,25.63391523378582,26.391,29.5053,693,661,661,56.18,57.553,56.182,57.555,rmw_fastrtps_cpp,c5c4b14 ir=0c783539626c,98.6,88.0,87.1,86.0,20.5,2.8,0.1,0.3
60_cspin_r1,60,single,"camera,perception,nav,control",0x1,SCHED_OTHER,4,3000.0,553,30.748811392405063,33.1451,36.2574,553,549,549,121.868,127.936,121.87,127.938,rmw_fastrtps_cpp,c5c4b14 ir=0c783539626c,97.6,72.6,74.2,71.1,0.1,0.1,0.3,0.3
60_multi_r1,60,multi,"camera,perception,nav,control",0xff,SCHED_OTHER,0,3000.0,1700,9.999925470588236,10.2151,11.1605,1021,338,338,212.483,219.525,218.869,225.863,rmw_fastrtps_cpp,c5c4b14 ir=0c783539626c,16.8,16.4,15.2,17.7,16.9,13.9,16.5,17.7
60_p3_r1,60,single,percep | nav | control (3 processes),"{'percep': '0x1', 'nav': '0x10', 'control': '0x20'}",,,3000.0,1700,9.999819570588235,10.1094,10.3006,700,665,665,55.849,56.596,59.77,65.402,rmw_fastrtps_cpp,c5c4b14 ir=0c783539626c,99.0,88.2,87.1,86.1,20.3,19.1,0.1,0.9
60_rvanilla4_r1,60,single,"camera | percep | nav | control | extra | extra2 (6 processes, unpinned)","{'camera': '0xff', 'percep': '0xff', 'nav': '0xff', 'control': '0xff', 'extra': '0xff', 'extra2': '0xff'}",,,3000.0,648,26.209633024691357,27.2924,35.3534,1066,640,640,190.302,198.028,190.304,198.03,rmw_fastrtps_cpp,eed7a3f ir=0c783539626c,23.5,86.9,86.5,85.5,28.5,20.7,12.2,97.6
60_rvanilla4_r2,60,single,"camera | percep | nav | control | extra | extra2 (6 processes, unpinned)","{'camera': '0xff', 'percep': '0xff', 'nav': '0xff', 'control': '0xff', 'extra': '0xff', 'extra2': '0xff'}",,,3000.0,642,26.48901199376947,27.6955,34.6112,1068,634,634,190.9115,198.301,190.914,198.304,rmw_fastrtps_cpp,eed7a3f ir=0c783539626c,10.0,86.5,86.2,84.9,28.1,29.6,97.0,16.4
60_rvanilla4_r3,60,single,"camera | percep | nav | control | extra | extra2 (6 processes, unpinned)","{'camera': '0xff', 'percep': '0xff', 'nav': '0xff', 'control': '0xff', 'extra': '0xff', 'extra2': '0xff'}",,,3000.0,648,26.251236419753088,27.2376,39.1737,1066,641,641,190.839,198.083,190.841,198.086,rmw_fastrtps_cpp,428f390 ir=0c783539626c,31.6,86.9,86.7,85.7,28.1,97.1,5.9,20.7
60_rvanilla_r1,60,single,"camera | percep | nav | control | extra | extra2 (6 processes, unpinned)","{'camera': '0xff', 'percep': '0xff', 'nav': '0xff', 'control': '0xff', 'extra': '0xff', 'extra2': '0xff'}",,,3000.0,202,84.11053910891088,88.0471,90.0376,1067,199,199,250.321,256.202,250.323,256.204,rmw_fastrtps_cpp,971f1b7 ir=0c783539626c,0.1,1.0,28.6,0.3,27.9,100.0,7.4,4.2
60_rvanilla_r2,60,single,"camera | percep | nav | control | extra | extra2 (6 processes, unpinned)","{'camera': '0xff', 'percep': '0xff', 'nav': '0xff', 'control': '0xff', 'extra': '0xff', 'extra2': '0xff'}",,,3000.0,204,83.416625,83.8328,84.8587,1067,201,201,245.676,251.327,245.679,251.329,rmw_fastrtps_cpp,ed33052 ir=0c783539626c,1.3,100.0,27.5,0.9,1.4,0.5,10.2,27.9
60_rvanilla_r3,60,single,"camera | percep | nav | control | extra | extra2 (6 processes, unpinned)","{'camera': '0xff', 'percep': '0xff', 'nav': '0xff', 'control': '0xff', 'extra': '0xff', 'extra2': '0xff'}",,,3000.0,203,83.84988522167488,84.8576,86.8949,1070,200,200,247.1725,254.978,247.1745,254.98,rmw_fastrtps_cpp,cc1adbf ir=0c783539626c,100.0,26.8,7.3,0.6,1.8,28.0,3.2,0.1
60_ship_r1,60,single,"camera,perception,nav,control",0xff,SCHED_OTHER,0,3000.0,318,53.53288742138365,53.746,58.0053,318,314,314,213.249,217.649,213.6035,218.024,rmw_fastrtps_cpp,aa9f01a ir=0c783539626c,100.0,0.1,0.3,0.1,0.5,0.1,0.3,0.1
60_smte_r1,60,multi,"camera,perception,nav,control",0xf,SCHED_OTHER,4,3000.0,1700,10.000219152941176,11.0311,14.2024,1021,389,389,207.75,220.418,212.753,226.411,rmw_fastrtps_cpp,a6402a6 ir=0c783539626c,36.9,70.6,69.6,65.6,0.1,0.8,0.1,0.2
60_spin_r1,60,single,"camera,perception,nav,control",0x1,SCHED_OTHER,4,3000.0,566,30.01913886925795,30.5448,33.9996,566,562,562,119.38,122.163,119.73,122.519,rmw_fastrtps_cpp,c5c4b14 ir=0c783539626c,99.1,74.1,73.6,72.4,0.2,0.0,0.2,0.7
60_vanilla4_r1,60,single,"camera | percep | nav | control (4 processes, unpinned)","{'camera': '0xff', 'percep': '0xff', 'nav': '0xff', 'control': '0xff'}",,,3000.0,663,25.6422346907994,26.5252,30.2016,1076,656,656,189.4875,196.951,189.4905,196.954,rmw_fastrtps_cpp,f431a8b ir=0c783539626c,1.2,87.9,87.3,86.1,20.5,35.4,3.4,67.3
60_vanilla4_r2,60,single,"camera | percep | nav | control (4 processes, unpinned)","{'camera': '0xff', 'percep': '0xff', 'nav': '0xff', 'control': '0xff'}",,,3000.0,662,25.70611238670695,26.5377,32.6946,1076,654,654,189.3905,196.96,189.39249999999998,196.962,rmw_fastrtps_cpp,eed7a3f ir=0c783539626c,11.4,88.0,87.4,86.2,5.3,8.6,11.9,89.5
60_vanilla4_r3,60,single,"camera | percep | nav | control (4 processes, unpinned)","{'camera': '0xff', 'percep': '0xff', 'nav': '0xff', 'control': '0xff'}",,,3000.0,663,25.63886395173454,26.4498,29.2152,1069,656,656,189.35399999999998,196.96,189.356,196.962,rmw_fastrtps_cpp,eed7a3f ir=0c783539626c,1.6,87.8,87.6,86.0,5.1,20.9,2.1,98.7
60_vanilla4t_r1,60,single,"camera,perception,nav,control",0xff,SCHED_OTHER,4,3000.0,556,30.573218165467626,31.1588,31.9147,556,552,552,121.84,122.698,122.189,123.043,rmw_fastrtps_cpp,f431a8b ir=0c783539626c,0.1,73.0,72.8,71.8,0.1,0.9,99.0,0.1
60_vanilla4t_r2,60,single,"camera,perception,nav,control",0xff,SCHED_OTHER,4,3000.0,565,30.05507575221239,30.5692,34.1194,565,561,561,119.588,122.547,119.939,122.91,rmw_fastrtps_cpp,eed7a3f ir=0c783539626c,98.8,74.2,73.7,72.9,0.2,0.2,0.1,0.3
60_vanilla4t_r3,60,single,"camera,perception,nav,control",0xff,SCHED_OTHER,4,3000.0,556,30.5855035971223,31.2079,32.7659,556,552,552,121.84549999999999,122.777,122.2015,123.12,rmw_fastrtps_cpp,eed7a3f ir=0c783539626c,1.0,72.9,72.8,71.5,0.1,98.9,0.0,0.0
60_vanilla4x2_r1,60,single,"camera | percep | percep2 | nav | control (5 processes, unpinned)","{'camera': '0xff', 'percep': '0xff', 'percep2': '0xff', 'nav': '0xff', 'control': '0xff'}",,,3000.0,1022,16.62948759295499,29.0173,38.3201,1068,1015,1015,68.445,157.686,68.447,157.689,rmw_fastrtps_cpp,cdd10967 ir=0c783539626c,77.7,76.5,74.9,73.8,77.5,73.8,76.5,74.3
60_vanilla4x2_r2,60,single,"camera | percep | percep2 | nav | control (5 processes, unpinned)","{'camera': '0xff', 'percep': '0xff', 'percep2': '0xff', 'nav': '0xff', 'control': '0xff'}",,,3000.0,1022,16.63897338551859,29.8944,44.1288,1092,1016,1016,66.44550000000001,127.147,66.44800000000001,127.15,rmw_fastrtps_cpp,cdd10967 ir=0c783539626c,78.2,74.7,76.0,74.1,77.3,73.8,77.6,72.9
60_vanilla4x2_r3,60,single,"camera | percep | percep2 | nav | control (5 processes, unpinned)","{'camera': '0xff', 'percep': '0xff', 'percep2': '0xff', 'nav': '0xff', 'control': '0xff'}",,,3000.0,1022,16.62329927592955,29.555,38.4931,1068,1016,1016,88.682,198.916,88.6845,198.919,rmw_fastrtps_cpp,cdd10967 ir=0c783539626c,78.3,74.4,75.2,73.8,77.0,76.8,77.1,75.4
60_vanilla_r1,60,single,"camera | percep | nav | control (4 processes, unpinned)","{'camera': '0xff', 'percep': '0xff', 'nav': '0xff', 'control': '0xff'}",,,3000.0,352,48.287251704545454,48.6698,49.2842,1069,347,347,211.782,219.397,211.785,219.399,rmw_fastrtps_cpp,971f1b7 ir=0c783539626c,1.1,0.5,10.3,1.1,4.5,100.0,0.2,0.4
60_vanilla_r2,60,single,"camera | percep | nav | control (4 processes, unpinned)","{'camera': '0xff', 'percep': '0xff', 'nav': '0xff', 'control': '0xff'}",,,3000.0,350,48.55380257142857,48.7675,49.1863,1069,346,346,212.3355,219.701,212.3375,219.704,rmw_fastrtps_cpp,971f1b7 ir=0c783539626c,0.2,1.8,1.8,3.6,10.5,0.3,0.1,100.0
60_vanilla_r3,60,single,"camera | percep | nav | control (4 processes, unpinned)","{'camera': '0xff', 'percep': '0xff', 'nav': '0xff', 'control': '0xff'}",,,3000.0,352,48.332728125,48.5444,50.3465,1070,348,348,212.052,219.472,212.05450000000002,219.474,rmw_fastrtps_cpp,fb08334 ir=0c783539626c,9.8,1.0,1.0,1.5,0.1,3.8,0.1,100.0
75_cp3_r1,75,single,percep | nav | control (3 processes),"{'percep': '0x1', 'nav': '0x10', 'control': '0x20'}",,,3000.0,664,25.60119262048193,26.3763,29.421,696,662,662,56.0625,57.636,56.064499999999995,57.638,rmw_fastrtps_cpp,c5c4b14 ir=0c783539626c,98.7,88.0,87.3,85.9,20.4,2.7,0.6,0.1
75_cspin_r1,75,single,"camera,perception,nav,control",0x1,SCHED_OTHER,4,3000.0,554,30.705916606498196,32.599,36.8695,554,550,550,122.06,126.112,122.061,126.113,rmw_fastrtps_cpp,c5c4b14 ir=0c783539626c,97.7,73.0,74.7,71.5,0.0,0.2,0.1,0.6
75_multi_r1,75,multi,"camera,perception,nav,control",0xff,SCHED_OTHER,0,3000.0,1700,9.999891105882353,10.2148,13.7251,1276,340,340,180.0605,186.102,185.543,192.408,rmw_fastrtps_cpp,c5c4b14 ir=0c783539626c,14.9,15.0,19.0,20.4,18.2,13.9,17.1,13.1
75_p3_r1,75,single,percep | nav | control (3 processes),"{'percep': '0x1', 'nav': '0x10', 'control': '0x20'}",,,3000.0,1700,9.999825929411765,10.0754,12.1564,695,663,662,56.079,56.973,61.299499999999995,65.893,rmw_fastrtps_cpp,c5c4b14 ir=0c783539626c,98.9,88.2,87.4,86.2,20.3,2.8,0.1,0.6
75_ship_r1,75,single,"camera,perception,nav,control",0xff,SCHED_OTHER,0,3000.0,319,53.36973354231975,53.5338,53.8206,319,315,315,213.043,213.374,213.385,213.712,rmw_fastrtps_cpp,aa9f01a ir=0c783539626c,0.1,100.0,0.7,0.1,0.5,0.1,0.1,0.1
75_smte_r1,75,multi,"camera,perception,nav,control",0xf,SCHED_OTHER,4,3000.0,1700,10.00027495882353,11.0648,14.4752,1276,397,397,174.287,186.868,180.366,192.546,rmw_fastrtps_cpp,a6402a6 ir=0c783539626c,42.0,71.1,70.1,65.0,0.1,0.2,0.5,0.1
75_spin_r1,75,single,"camera,perception,nav,control",0x1,SCHED_OTHER,4,3000.0,563,30.214802841918296,30.8408,39.6801,563,559,559,119.772,128.339,120.122,128.681,rmw_fastrtps_cpp,c5c4b14 ir=0c783539626c,98.6,74.1,74.2,72.6,0.0,0.5,0.2,0.1
75_vanilla4x2_r1,75,single,"camera | percep | percep2 | nav | control (5 processes, unpinned)","{'camera': '0xff', 'percep': '0xff', 'percep2': '0xff', 'nav': '0xff', 'control': '0xff'}",,,3000.0,1050,16.187410123809524,28.1715,41.0611,1337,1038,1038,290.74350000000004,311.462,290.7455,311.464,rmw_fastrtps_cpp,b0b57459 ir=0c783539626c,72.1,70.7,74.8,72.0,86.9,81.1,83.1,82.9
75_vanilla4x2_r2,75,single,"camera | percep | percep2 | nav | control (5 processes, unpinned)","{'camera': '0xff', 'percep': '0xff', 'percep2': '0xff', 'nav': '0xff', 'control': '0xff'}",,,3000.0,1052,16.15792127376426,27.5745,37.7486,1335,1039,1039,291.947,312.47,291.949,312.472,rmw_fastrtps_cpp,36b326c8 ir=0c783539626c,69.2,68.8,72.8,66.0,91.1,85.7,86.2,85.9
75_vanilla4x2_r3,75,single,"camera | percep | percep2 | nav | control (5 processes, unpinned)","{'camera': '0xff', 'percep': '0xff', 'percep2': '0xff', 'nav': '0xff', 'control': '0xff'}",,,3000.0,1048,16.21837128816794,27.9461,43.3965,1359,1036,1036,292.80150000000003,313.386,292.8035,313.388,rmw_fastrtps_cpp,36b326c8 ir=0c783539626c,81.5,70.0,74.3,71.3,80.9,82.2,84.8,81.8
75_vanilla4x2tm_r1,75,single,"camera | percep | percep2 | nav | control (5 processes, unpinned)","{'camera': '0xff', 'percep': '0xff', 'percep2': '0xff', 'nav': '0xff', 'control': '0xff'}",,,3000.0,1700,9.999982729411764,10.7523,11.9018,1366,1037,967,291.375,313.315,296.099,319.109,rmw_fastrtps_cpp,36b326c8 ir=0c783539626c,78.5,74.9,80.1,73.4,85.6,78.4,79.5,76.1
75_vanilla4x2tm_r2,75,single,"camera | percep | percep2 | nav | control (5 processes, unpinned)","{'camera': '0xff', 'percep': '0xff', 'percep2': '0xff', 'nav': '0xff', 'control': '0xff'}",,,3000.0,1700,9.999974229411764,10.7821,13.2808,1340,1031,971,291.512,312.928,296.51,317.751,rmw_fastrtps_cpp,36b326c8 ir=0c783539626c,85.4,74.0,75.5,72.9,77.9,80.5,81.7,79.9
75_vanilla4x2tm_r3,75,single,"camera | percep | percep2 | nav | control (5 processes, unpinned)","{'camera': '0xff', 'percep': '0xff', 'percep2': '0xff', 'nav': '0xff', 'control': '0xff'}",,,3000.0,1700,10.0001863,10.706,15.7564,1333,1037,969,294.335,314.228,298.92,319.457,rmw_fastrtps_cpp,36b326c8 ir=0c783539626c,84.5,76.0,77.0,75.0,82.5,78.8,78.9,78.7
8_multi_r1,8,multi,"camera,perception,nav,control",0xff,SCHED_OTHER,0,3000.0,1700,9.99981008235294,10.1714,10.7098,137,136,136,53.343500000000006,54.678,58.688500000000005,63.764,rmw_fastrtps_cpp,2b8233d ir=0c783539626c,3.5,7.5,7.1,6.0,4.9,4.4,6.2,7.2
8_multi_r2,8,multi,"camera,perception,nav,control",0xff,SCHED_OTHER,0,3000.0,1700,9.999852576470587,10.1514,11.2302,137,136,136,53.0915,53.602,58.613,58.782,rmw_fastrtps_cpp,2b8233d ir=0c783539626c,5.7,7.3,5.8,6.1,5.2,5.9,7.3,2.4
8_p3_r1,8,single,percep | nav | control (3 processes),"{'percep': '0x1', 'nav': '0x10', 'control': '0x20'}",,,3000.0,1700,9.999892464705882,10.0577,11.1169,143,136,136,30.463,30.842,34.0555,36.593,rmw_fastrtps_cpp,2b8233d ir=0c783539626c,20.2,16.2,16.2,15.9,4.1,1.3,0.1,0.5
8_p8_r1,8,single,percep | nav | control (3 processes),"{'percep': '0x1', 'nav': '0x30', 'control': '0xc0'}",,,3000.0,1700,9.999875888235294,10.0664,10.9234,143,135,135,30.413,31.051,37.248,37.334,rmw_fastrtps_cpp,2b8233d ir=0c783539626c,20.0,17.0,16.6,16.3,0.3,3.9,0.3,1.1
8_ship_r1,8,single,"camera,perception,nav,control",0xff,SCHED_OTHER,0,3000.0,1199,14.178341526271893,54.3487,57.53,137,136,136,53.607,54.691,58.965,63.999,rmw_fastrtps_cpp,2b8233d ir=0c783539626c,16.2,0.2,0.1,0.3,0.1,0.5,9.8,20.3
8_ship_r2,8,single,"camera,perception,nav,control",0xff,SCHED_OTHER,0,3000.0,1217,13.968586844700082,54.1698,58.6903,137,136,136,53.253,54.123,58.989000000000004,59.031,rmw_fastrtps_cpp,2b8233d ir=0c783539626c,43.9,0.0,0.1,0.1,0.1,0.9,0.1,0.6
8_smte_r1,8,multi,"camera,perception,nav,control",0xf,SCHED_OTHER,4,3000.0,1700,9.999853388235294,10.4897,16.2999,137,136,136,42.6295,54.282,48.704,63.718,rmw_fastrtps_cpp,2b8233d ir=0c783539626c,13.1,23.6,23.6,21.2,0.1,0.0,0.3,0.8
8_smte_r2,8,multi,"camera,perception,nav,control",0xf,SCHED_OTHER,4,3000.0,1700,9.999893,10.5071,13.9329,137,136,136,42.8435,53.636,43.961,58.762,rmw_fastrtps_cpp,2b8233d ir=0c783539626c,19.5,26.9,26.8,22.7,0.2,0.5,0.1,1.0
8_spin_r1,8,single,"camera,perception,nav,control",0x1,SCHED_OTHER,4,3000.0,1496,11.363458068181819,26.7014,34.645,137,136,136,30.448500000000003,31.002,36.575,39.112,rmw_fastrtps_cpp,2b8233d ir=0c783539626c,24.9,16.9,16.6,16.6,0.1,0.0,0.3,1.0
8_spin_r2,8,single,"camera,perception,nav,control",0x1,SCHED_OTHER,4,3000.0,1496,11.363415434491978,26.7543,34.6993,137,136,136,30.4895,31.109,39.016999999999996,39.078,rmw_fastrtps_cpp,2b8233d ir=0c783539626c,24.8,17.8,17.4,17.5,0.1,0.4,0.1,0.8
90_cp3_r1,90,single,percep | nav | control (3 processes),"{'percep': '0x1', 'nav': '0x10', 'control': '0x20'}",,,3000.0,665,25.57389894736842,26.274,29.6094,702,663,663,56.017,57.251,56.019,57.253,rmw_fastrtps_cpp,c5c4b14 ir=0c783539626c,98.9,88.1,87.3,86.1,20.6,2.5,0.7,0.1
90_cspin_r1,90,single,"camera,perception,nav,control",0x1,SCHED_OTHER,4,3000.0,564,30.105766312056737,30.7437,39.6167,564,560,560,119.6385,122.452,119.6405,122.454,rmw_fastrtps_cpp,c5c4b14 ir=0c783539626c,98.9,74.1,73.8,72.5,0.1,0.1,0.1,0.8
90_multi_r1,90,multi,"camera,perception,nav,control",0xff,SCHED_OTHER,0,3000.0,1700,9.999830682352941,10.2137,12.771,1531,340,340,159.3755,163.974,164.349,170.988,rmw_fastrtps_cpp,c5c4b14 ir=0c783539626c,16.1,18.1,21.7,18.5,20.2,18.2,17.8,11.2
90_p3_r1,90,single,percep | nav | control (3 processes),"{'percep': '0x1', 'nav': '0x10', 'control': '0x20'}",,,3000.0,1700,9.999852811764706,10.0806,12.4865,695,660,660,56.1935,57.457,61.323,65.977,rmw_fastrtps_cpp,c5c4b14 ir=0c783539626c,98.7,88.0,87.3,86.0,20.3,3.2,0.1,0.2
90_rp3_r1,90,single,percep | nav | control | extra (4 processes),"{'percep': '0x1', 'nav': '0x10', 'control': '0x20', 'extra': '0xc0'}",,,3000.0,1700,9.999886482352942,10.0801,12.6474,698,662,662,56.319,57.61,61.5195,66.058,rmw_fastrtps_cpp,eed7a3f ir=0c783539626c,98.9,87.9,86.9,86.1,20.9,2.8,56.6,0.7
90_rp3_r2,90,single,percep | nav | control | extra (4 processes),"{'percep': '0x1', 'nav': '0x10', 'control': '0x20', 'extra': '0xc0'}",,,3000.0,1700,9.999935276470588,10.0895,11.901,780,642,642,56.35,57.98,61.4765,66.238,rmw_fastrtps_cpp,eed7a3f ir=0c783539626c,96.0,85.0,84.3,83.1,20.8,14.3,56.5,0.5
90_rvanilla4_r1,90,single,"camera | percep | nav | control | extra | extra2 (6 processes, unpinned)","{'camera': '0xff', 'percep': '0xff', 'nav': '0xff', 'control': '0xff', 'extra': '0xff', 'extra2': '0xff'}",,,3000.0,656,25.923548932926828,27.988,38.4427,1601,651,651,137.39,142.775,137.393,142.778,rmw_fastrtps_cpp,eed7a3f ir=0c783539626c,73.6,87.6,86.9,86.4,30.3,29.8,30.5,22.9
90_rvanilla4_r2,90,single,"camera | percep | nav | control | extra | extra2 (6 processes, unpinned)","{'camera': '0xff', 'percep': '0xff', 'nav': '0xff', 'control': '0xff', 'extra': '0xff', 'extra2': '0xff'}",,,3000.0,632,26.855662183544304,28.2967,38.1252,1597,627,627,138.379,143.621,138.381,143.623,rmw_fastrtps_cpp,eed7a3f ir=0c783539626c,28.4,85.7,85.8,84.6,11.8,41.3,68.5,28.9
90_rvanilla4_r3,90,single,"camera | percep | nav | control | extra | extra2 (6 processes, unpinned)","{'camera': '0xff', 'percep': '0xff', 'nav': '0xff', 'control': '0xff', 'extra': '0xff', 'extra2': '0xff'}",,,3000.0,650,26.142442153846154,27.8289,37.214,1598,645,645,137.492,142.785,137.494,142.787,rmw_fastrtps_cpp,428f390 ir=0c783539626c,58.9,87.0,87.3,86.2,28.3,21.4,47.3,27.8
90_rvanilla_r1,90,single,"camera | percep | nav | control | extra | extra2 (6 processes, unpinned)","{'camera': '0xff', 'percep': '0xff', 'nav': '0xff', 'control': '0xff', 'extra': '0xff', 'extra2': '0xff'}",,,3000.0,202,83.90008465346534,85.367,87.7837,1601,200,200,195.035,199.794,195.03699999999998,199.81,rmw_fastrtps_cpp,971f1b7 ir=0c783539626c,100.0,30.0,1.0,0.5,28.1,5.1,1.3,7.2
90_rvanilla_r2,90,single,"camera | percep | nav | control | extra | extra2 (6 processes, unpinned)","{'camera': '0xff', 'percep': '0xff', 'nav': '0xff', 'control': '0xff', 'extra': '0xff', 'extra2': '0xff'}",,,3000.0,203,83.9237921182266,85.0773,90.9301,1595,200,200,195.0565,200.067,195.05849999999998,200.069,rmw_fastrtps_cpp,ed33052 ir=0c783539626c,100.0,31.2,2.5,28.2,0.8,10.8,0.6,0.2
90_rvanilla_r3,90,single,"camera | percep | nav | control | extra | extra2 (6 processes, unpinned)","{'camera': '0xff', 'percep': '0xff', 'nav': '0xff', 'control': '0xff', 'extra': '0xff', 'extra2': '0xff'}",,,3000.0,202,83.91035544554455,84.2501,84.7912,1600,200,200,194.8075,199.887,194.809,199.888,rmw_fastrtps_cpp,cc1adbf ir=0c783539626c,1.6,6.0,28.5,1.0,28.3,0.3,100.0,4.3
90_ship_r1,90,single,"camera,perception,nav,control",0xff,SCHED_OTHER,0,3000.0,317,53.70723059936908,53.8383,54.1898,317,313,313,214.381,214.666,214.726,215.034,rmw_fastrtps_cpp,aa9f01a ir=0c783539626c,0.1,0.1,1.2,0.1,0.1,0.1,0.1,100.0
90_smte_r1,90,multi,"camera,perception,nav,control",0xf,SCHED_OTHER,4,3000.0,1701,9.99997164021164,10.9669,14.2715,1531,387,387,154.772,166.536,160.718,172.774,rmw_fastrtps_cpp,a6402a6 ir=0c783539626c,37.9,72.3,69.3,64.0,0.0,0.3,0.3,0.5
90_spin_r1,90,single,"camera,perception,nav,control",0x1,SCHED_OTHER,4,3000.0,566,30.04879416961131,30.7119,36.9584,566,562,562,119.475,122.235,119.8275,122.577,rmw_fastrtps_cpp,c5c4b14 ir=0c783539626c,98.9,74.4,74.0,72.9,0.1,0.1,0.8,0.1
90_vanilla4_q1_r1,90,single,"camera | percep | nav | control (4 processes, unpinned)","{'camera': '0xff', 'percep': '0xff', 'nav': '0xff', 'control': '0xff'}",,,3000.0,662,25.651210271903324,26.302,27.7733,1612,661,661,36.887,41.731,36.89,41.734,rmw_fastrtps_cpp,eb13b53 ir=0c783539626c,7.0,88.6,87.6,86.5,4.9,6.4,98.6,21.0
90_vanilla4_q1_r2,90,single,"camera | percep | nav | control (4 processes, unpinned)","{'camera': '0xff', 'percep': '0xff', 'nav': '0xff', 'control': '0xff'}",,,3000.0,664,25.61493689759036,26.1862,31.434,1604,662,662,36.671,41.654,36.673500000000004,41.656,rmw_fastrtps_cpp,eb13b53 ir=0c783539626c,5.2,88.4,87.5,86.5,20.7,6.0,98.7,6.3
90_vanilla4_q1_r3,90,single,"camera | percep | nav | control (4 processes, unpinned)","{'camera': '0xff', 'percep': '0xff', 'nav': '0xff', 'control': '0xff'}",,,3000.0,676,25.138382100591716,25.7002,29.9327,1614,675,675,36.103,41.09,36.105,41.092,rmw_fastrtps_cpp,91f2b26 ir=0c783539626c,99.0,89.5,88.4,87.6,4.7,2.2,21.6,5.6
90_vanilla4_r1,90,single,"camera | percep | nav | control (4 processes, unpinned)","{'camera': '0xff', 'percep': '0xff', 'nav': '0xff', 'control': '0xff'}",,,3000.0,666,25.529086486486488,25.9557,27.8341,1604,661,661,136.487,141.373,136.489,141.375,rmw_fastrtps_cpp,f431a8b ir=0c783539626c,20.9,88.8,87.7,86.6,6.0,3.0,1.4,99.0
90_vanilla4_r2,90,single,"camera | percep | nav | control (4 processes, unpinned)","{'camera': '0xff', 'percep': '0xff', 'nav': '0xff', 'control': '0xff'}",,,3000.0,662,25.69594274924471,26.3983,27.5499,1603,657,657,136.948,141.866,136.959,141.868,rmw_fastrtps_cpp,eed7a3f ir=0c783539626c,2.4,88.1,87.5,86.2,98.6,4.2,2.3,20.8
90_vanilla4_r3,90,single,"camera | percep | nav | control (4 processes, unpinned)","{'camera': '0xff', 'percep': '0xff', 'nav': '0xff', 'control': '0xff'}",,,3000.0,662,25.68347069486405,26.5086,27.7651,1615,657,657,136.863,141.561,136.865,141.563,rmw_fastrtps_cpp,eed7a3f ir=0c783539626c,1.7,87.7,87.8,86.1,98.5,20.9,5.2,5.3
90_vanilla4t_r1,90,single,"camera,perception,nav,control",0xff,SCHED_OTHER,4,3000.0,563,30.17940408525755,30.9013,33.401,563,559,559,119.666,122.467,120.013,122.814,rmw_fastrtps_cpp,f431a8b ir=0c783539626c,66.9,73.7,73.6,72.4,4.2,0.8,28.1,0.0
90_vanilla4t_r2,90,single,"camera,perception,nav,control",0xff,SCHED_OTHER,4,3000.0,559,30.437211806797855,30.7856,37.2477,559,555,555,121.162,122.029,121.516,122.374,rmw_fastrtps_cpp,eed7a3f ir=0c783539626c,0.2,73.4,73.0,71.9,0.1,0.1,99.2,0.5
90_vanilla4t_r3,90,single,"camera,perception,nav,control",0xff,SCHED_OTHER,4,3000.0,558,30.460770967741936,30.889,37.4883,558,554,554,121.2685,122.5,121.62100000000001,122.85,rmw_fastrtps_cpp,eed7a3f ir=0c783539626c,0.5,73.4,73.3,72.1,0.3,99.2,0.1,0.3
90_vanilla4tm_r1,90,single,"camera | percep | nav | control (4 processes, unpinned)","{'camera': '0xff', 'percep': '0xff', 'nav': '0xff', 'control': '0xff'}",,,3000.0,1700,9.999874564705882,10.0913,12.8743,1603,671,671,136.091,141.069,141.084,147.846,rmw_fastrtps_cpp,a0455e4 ir=0c783539626c,98.9,89.4,88.4,87.5,2.7,4.3,6.6,19.3
90_vanilla4tm_r2,90,single,"camera | percep | nav | control (4 processes, unpinned)","{'camera': '0xff', 'percep': '0xff', 'nav': '0xff', 'control': '0xff'}",,,3000.0,1700,9.999743788235294,10.0968,12.4803,1614,658,658,136.622,141.51,141.96300000000002,148.808,rmw_fastrtps_cpp,2f1f22c ir=0c783539626c,19.0,88.1,87.6,86.5,2.0,98.7,12.6,9.1
90_vanilla4tm_r3,90,single,"camera | percep | nav | control (4 processes, unpinned)","{'camera': '0xff', 'percep': '0xff', 'nav': '0xff', 'control': '0xff'}",,,3000.0,1700,9.999835147058823,10.0984,12.6672,1602,657,657,136.776,141.615,141.998,148.829,rmw_fastrtps_cpp,2f1f22c ir=0c783539626c,3.6,88.3,87.5,86.2,7.5,13.9,98.6,19.2
90_vanilla4x2_r1,90,single,"camera | percep | percep2 | nav | control (5 processes, unpinned)","{'camera': '0xff', 'percep': '0xff', 'percep2': '0xff', 'nav': '0xff', 'control': '0xff'}",,,3000.0,1042,16.32419692418426,28.2088,43.3653,1611,1026,1026,252.7635,270.69,252.7735,270.692,rmw_fastrtps_cpp,fed7c4f7 ir=0c783539626c,89.7,84.1,82.8,82.7,72.7,67.5,72.1,68.5
90_vanilla4x2_r2,90,single,"camera | percep | percep2 | nav | control (5 processes, unpinned)","{'camera': '0xff', 'percep': '0xff', 'percep2': '0xff', 'nav': '0xff', 'control': '0xff'}",,,3000.0,1050,16.197177666666665,27.7892,42.619,1602,1034,1034,252.905,268.439,252.908,268.441,rmw_fastrtps_cpp,fed7c4f7 ir=0c783539626c,71.7,76.6,79.2,77.0,91.7,75.5,79.8,75.3
90_vanilla4x2_r3,90,single,"camera | percep | percep2 | nav | control (5 processes, unpinned)","{'camera': '0xff', 'percep': '0xff', 'percep2': '0xff', 'nav': '0xff', 'control': '0xff'}",,,3000.0,1056,16.092361373106062,27.5774,42.2505,1641,1040,1040,252.7385,268.971,252.74099999999999,268.973,rmw_fastrtps_cpp,fed7c4f7 ir=0c783539626c,77.6,73.5,77.9,74.1,85.0,79.1,80.8,80.2
90_vanilla_r1,90,single,"camera | percep | nav | control (4 processes, unpinned)","{'camera': '0xff', 'percep': '0xff', 'nav': '0xff', 'control': '0xff'}",,,3000.0,352,48.298498011363634,48.9086,50.1619,1604,348,348,159.0975,164.239,159.1,164.241,rmw_fastrtps_cpp,971f1b7 ir=0c783539626c,3.6,0.2,100.0,1.2,2.7,1.3,0.8,10.0
90_vanilla_r2,90,single,"camera | percep | nav | control (4 processes, unpinned)","{'camera': '0xff', 'percep': '0xff', 'nav': '0xff', 'control': '0xff'}",,,3000.0,351,48.464484045584044,48.6559,49.159,1613,348,348,159.3745,164.342,159.4,164.344,rmw_fastrtps_cpp,971f1b7 ir=0c783539626c,0.6,4.7,1.4,9.9,1.4,100.0,0.1,2.1
90_vanilla_r3,90,single,"camera | percep | nav | control (4 processes, unpinned)","{'camera': '0xff', 'percep': '0xff', 'nav': '0xff', 'control': '0xff'}",,,3000.0,352,48.363271022727275,48.593,49.3257,1604,348,348,159.2475,164.226,159.25,164.229,rmw_fastrtps_cpp,fb08334 ir=0c783539626c,1.2,0.8,0.3,1.0,100.0,4.4,10.2,0.2
smoke,15,single,"camera,perception,nav,control",0xff,SCHED_OTHER,0,3000.0,89,22.47168966292135,56.0022,57.5292,31,30,30,53.403999999999996,54.975,59.067,62.43,rmw_fastrtps_cpp,,,,,,,,,
