workload,sigma_pct,seed,scheduler,n_ops,feasible,valid,makespan_us,deadline_miss_count,total_lateness_us,cross_device_transitions,critical_path_us,solver_wall_time_s,error
vision_pipeline,0.0,0,heft,14,True,True,490.0,0,0.0,9,405.0,0.0005285519873723388,
vision_pipeline,0.0,0,edf,14,True,True,1190.0,1,590.0,5,1190.0,0.00030520802829414606,
vision_pipeline,0.0,0,fastest_device,14,True,True,515.0,0,0.0,7,400.0,0.00021103001199662685,
vision_pipeline,0.0,0,cpsat,14,True,True,490.0,0,0.0,7,405.0,0.4497687160037458,
vision_pipeline,0.0,0,gnn_placement,14,True,True,490.0,0,0.0,9,405.0,2.2532485050614923,
vision_pipeline,0.0,0,simulated_annealing,14,True,True,490.0,0,0.0,9,405.0,0.020527455024421215,
vision_pipeline,0.0,0,peft,14,True,True,490.0,0,0.0,9,405.0,0.00038375798612833023,
vision_pipeline,0.0,1,heft,14,True,True,490.0,0,0.0,9,405.0,0.0002732080174610019,
vision_pipeline,0.0,1,edf,14,True,True,1190.0,1,590.0,5,1190.0,0.00028302602004259825,
vision_pipeline,0.0,1,fastest_device,14,True,True,515.0,0,0.0,7,400.0,0.0002002089750021696,
vision_pipeline,0.0,1,cpsat,14,True,True,490.0,0,0.0,7,405.0,0.2242049800697714,
vision_pipeline,0.0,1,gnn_placement,14,True,True,490.0,0,0.0,9,405.0,0.018456930993124843,
vision_pipeline,0.0,1,simulated_annealing,14,True,True,490.0,0,0.0,9,405.0,0.028249870985746384,
vision_pipeline,0.0,1,peft,14,True,True,490.0,0,0.0,9,405.0,0.0003744900459423661,
vision_pipeline,0.0,2,heft,14,True,True,490.0,0,0.0,9,405.0,0.0002645219210535288,
vision_pipeline,0.0,2,edf,14,True,True,1190.0,1,590.0,5,1190.0,0.00028274604119360447,
vision_pipeline,0.0,2,fastest_device,14,True,True,515.0,0,0.0,7,400.0,0.00020479806698858738,
vision_pipeline,0.0,2,cpsat,14,True,True,490.0,0,0.0,7,405.0,0.2137195869581774,
vision_pipeline,0.0,2,gnn_placement,14,True,True,490.0,0,0.0,9,405.0,0.006724675069563091,
vision_pipeline,0.0,2,simulated_annealing,14,True,True,490.0,0,0.0,9,405.0,0.021173420012928545,
vision_pipeline,0.0,2,peft,14,True,True,490.0,0,0.0,9,405.0,0.00036622409243136644,
vision_pipeline,0.0,3,heft,14,True,True,490.0,0,0.0,9,405.0,0.00028303603176027536,
vision_pipeline,0.0,3,edf,14,True,True,1190.0,1,590.0,5,1190.0,0.0003001989098265767,
vision_pipeline,0.0,3,fastest_device,14,True,True,515.0,0,0.0,7,400.0,0.00020458700601011515,
vision_pipeline,0.0,3,cpsat,14,True,True,490.0,0,0.0,7,405.0,0.2273324370617047,
vision_pipeline,0.0,3,gnn_placement,14,True,True,490.0,0,0.0,9,405.0,0.0025889870012179017,
vision_pipeline,0.0,3,simulated_annealing,14,True,True,490.0,0,0.0,9,405.0,0.02086970303207636,
vision_pipeline,0.0,3,peft,14,True,True,490.0,0,0.0,9,405.0,0.00035621493589133024,
vision_pipeline,0.0,4,heft,14,True,True,490.0,0,0.0,9,405.0,0.00028450891841202974,
vision_pipeline,0.0,4,edf,14,True,True,1190.0,1,590.0,5,1190.0,0.0002758419141173363,
vision_pipeline,0.0,4,fastest_device,14,True,True,515.0,0,0.0,7,400.0,0.00020494800992310047,
vision_pipeline,0.0,4,cpsat,14,True,True,490.0,0,0.0,7,405.0,0.20638194994535297,
vision_pipeline,0.0,4,gnn_placement,14,True,True,490.0,0,0.0,9,405.0,0.0023500240640714765,
vision_pipeline,0.0,4,simulated_annealing,14,True,True,490.0,0,0.0,9,405.0,0.022385196993127465,
vision_pipeline,0.0,4,peft,14,True,True,490.0,0,0.0,9,405.0,0.00057834608014673,
vision_pipeline,10.0,0,heft,14,True,True,536.3359030167651,0,0.0,7,427.09006483477344,0.0002798399655148387,
vision_pipeline,10.0,0,edf,14,True,True,1201.948206781621,1,601.9482067816209,6,1201.948206781621,0.0002937160898000002,
vision_pipeline,10.0,0,fastest_device,14,True,True,532.4690842952973,0,0.0,7,420.4514463643201,0.00023821205832064152,
vision_pipeline,10.0,0,cpsat,14,True,False,506.58563999666626,0,0.0,7,427.09006483477344,0.2869588059838861,
vision_pipeline,10.0,0,gnn_placement,14,True,True,536.3359030167651,0,0.0,7,427.09006483477344,0.0019021750194951892,
vision_pipeline,10.0,0,simulated_annealing,14,True,True,514.2922641815852,0,0.0,7,422.27832731808485,0.0215891869738698,
vision_pipeline,10.0,0,peft,14,True,True,536.3359030167651,0,0.0,7,427.09006483477344,0.00045832793693989515,
vision_pipeline,10.0,1,heft,14,True,True,525.0398131548343,0,0.0,7,465.03981315483423,0.0003418079577386379,
vision_pipeline,10.0,1,edf,14,True,True,1194.6758595327804,1,594.6758595327804,6,1194.6758595327804,0.00032665906473994255,
vision_pipeline,10.0,1,fastest_device,14,True,True,519.4537030506283,0,0.0,7,403.6800158666045,0.00027158495504409075,
vision_pipeline,10.0,1,cpsat,14,True,False,492.2900777360996,0,0.0,7,408.62286987987414,0.22769600700121373,
vision_pipeline,10.0,1,gnn_placement,14,True,True,525.0398131548343,0,0.0,7,465.03981315483423,0.002464020042680204,
vision_pipeline,10.0,1,simulated_annealing,14,True,True,513.5927376536081,0,0.0,10,443.592737653608,0.02391148905735463,
vision_pipeline,10.0,1,peft,14,True,True,526.6711605649944,0,0.0,8,466.6711605649943,0.00036650500260293484,
vision_pipeline,10.0,2,heft,14,True,True,486.60019806013156,0,0.0,8,426.60019806013156,0.0002676979638636112,
vision_pipeline,10.0,2,edf,14,True,True,1234.1730104665096,1,634.1730104665096,5,1234.1730104665096,0.0002621859312057495,
vision_pipeline,10.0,2,fastest_device,14,True,True,488.3291094728064,0,0.0,7,373.7384989425558,0.00019664200954139233,
vision_pipeline,10.0,2,cpsat,14,True,False,460.1644641236662,0,0.0,7,399.25572690310673,0.1997374170459807,
vision_pipeline,10.0,2,gnn_placement,14,True,True,486.60019806013156,0,0.0,8,426.60019806013156,0.01055447303224355,
vision_pipeline,10.0,2,simulated_annealing,14,True,True,459.25572690310673,0,0.0,7,399.25572690310673,0.023359682993032038,
vision_pipeline,10.0,2,peft,14,True,True,486.60019806013156,0,0.0,8,426.60019806013156,0.0003832569345831871,
vision_pipeline,10.0,3,heft,14,True,True,515.1454403646528,0,0.0,8,401.5150976069367,0.000321298954077065,
vision_pipeline,10.0,3,edf,14,True,True,1130.212117412117,1,530.2121174121171,5,1130.212117412117,0.0002749409759417176,
vision_pipeline,10.0,3,fastest_device,14,True,True,484.0900045609582,0,0.0,7,375.49204408431814,0.0001984459813684225,
vision_pipeline,10.0,3,cpsat,14,True,False,460.3553676640635,0,0.0,7,380.52911751430605,0.24265876493882388,
vision_pipeline,10.0,3,gnn_placement,14,True,True,515.1454403646528,0,0.0,8,401.5150976069367,0.016983287991024554,
vision_pipeline,10.0,3,simulated_annealing,14,True,True,467.60880387863745,0,0.0,7,380.63595257931894,0.029811360989697278,
vision_pipeline,10.0,3,peft,14,True,True,460.56797217418347,0,0.0,9,380.52911751430605,0.0005617940332740545,
vision_pipeline,10.0,4,heft,14,True,True,500.76333811274594,0,0.0,7,397.25751778922967,0.0003496930003166199,
vision_pipeline,10.0,4,edf,14,True,True,1156.257579271708,1,556.257579271708,6,1156.257579271708,0.00033889198675751686,
vision_pipeline,10.0,4,fastest_device,14,True,True,498.14769714301326,0,0.0,7,386.9878367220625,0.00020614091772586107,
vision_pipeline,10.0,4,cpsat,14,True,False,474.5620192656635,0,0.0,7,386.9878367220625,0.1993224109755829,
vision_pipeline,10.0,4,gnn_placement,14,True,True,500.76333811274594,0,0.0,7,397.25751778922967,0.009921774035319686,
vision_pipeline,10.0,4,simulated_annealing,14,True,True,473.64174231562805,0,0.0,7,386.9878367220625,0.024717506021261215,
vision_pipeline,10.0,4,peft,14,True,True,500.76333811274594,0,0.0,7,397.25751778922967,0.0005439709639176726,
vision_pipeline,25.0,0,heft,14,True,True,421.8355901091528,0,0.0,9,349.6789989930395,0.00037684408016502857,
vision_pipeline,25.0,0,edf,14,True,True,1223.0016564698617,1,623.0016564698617,5,1223.0016564698617,0.0002904499415308237,
vision_pipeline,25.0,0,fastest_device,14,True,True,454.90289981859087,0,0.0,7,344.99183053489514,0.00021514797117561102,
vision_pipeline,25.0,0,cpsat,14,True,False,417.39450776798014,0,0.0,6,358.7325309743527,0.22418416000436991,
vision_pipeline,25.0,0,gnn_placement,14,True,True,421.8355901091528,0,0.0,9,349.6789989930395,0.0017601558938622475,
vision_pipeline,25.0,0,simulated_annealing,14,True,True,418.7325309743527,0,0.0,8,358.7325309743527,0.021639662911184132,
vision_pipeline,25.0,0,peft,14,True,True,437.31119755312466,0,0.0,8,367.6315430253271,0.0003810829948633909,
vision_pipeline,25.0,1,heft,14,True,True,501.9024560010954,0,0.0,8,432.54645843773784,0.0002663549967110157,
vision_pipeline,25.0,1,edf,14,True,True,1191.017302630024,1,591.017302630024,6,1191.017302630024,0.0002721060300245881,
vision_pipeline,25.0,1,fastest_device,14,True,True,535.0619496338824,0,0.0,7,422.9884366480659,0.0002011909382417798,
vision_pipeline,25.0,1,cpsat,14,True,False,497.9222228147528,0,0.0,7,432.54645843773784,0.22300474508665502,
vision_pipeline,25.0,1,gnn_placement,14,True,True,501.9024560010954,0,0.0,8,432.54645843773784,0.002173839951865375,
vision_pipeline,25.0,1,simulated_annealing,14,True,True,501.9024560010954,0,0.0,8,432.54645843773784,0.020458535058423877,
vision_pipeline,25.0,1,peft,14,True,True,501.9024560010954,0,0.0,8,432.54645843773784,0.0004849899560213089,
vision_pipeline,25.0,2,heft,14,True,True,534.4607824227725,0,0.0,7,474.4607824227724,0.00035430199932307005,
vision_pipeline,25.0,2,edf,14,True,True,1046.5550848859966,1,446.5550848859966,5,1046.5550848859966,0.00039631209801882505,
vision_pipeline,25.0,2,fastest_device,14,True,True,487.7431858824522,0,0.0,8,407.311252010488,0.00022081902716308832,
vision_pipeline,25.0,2,cpsat,14,True,False,487.58577459437214,0,0.0,7,407.311252010488,0.29682469402905554,
vision_pipeline,25.0,2,gnn_placement,14,True,True,534.4607824227725,0,0.0,7,474.4607824227724,0.02553735999390483,
vision_pipeline,25.0,2,simulated_annealing,14,True,True,487.7431858824522,0,0.0,9,407.311252010488,0.021280291955918074,
vision_pipeline,25.0,2,peft,14,True,True,534.4607824227725,0,0.0,7,474.4607824227724,0.0003822649596258998,
vision_pipeline,25.0,3,heft,14,True,True,488.804062041581,0,0.0,7,405.5889231587157,0.0002735179150477052,
vision_pipeline,25.0,3,edf,14,True,True,1306.6356166189787,1,706.6356166189787,6,1306.6356166189787,0.0002728070830926299,
vision_pipeline,25.0,3,fastest_device,14,True,True,484.85678509585296,0,0.0,8,405.5889231587157,0.00020469806622713804,
vision_pipeline,25.0,3,cpsat,14,True,False,486.6207589870687,0,0.0,7,405.5889231587157,0.23749283398501575,
vision_pipeline,25.0,3,gnn_placement,14,True,True,488.804062041581,0,0.0,7,405.5889231587157,0.005610673921182752,
vision_pipeline,25.0,3,simulated_annealing,14,True,True,488.804062041581,0,0.0,7,405.5889231587157,0.02561711089219898,
vision_pipeline,25.0,3,peft,14,True,True,488.804062041581,0,0.0,7,405.5889231587157,0.0003984658978879452,
vision_pipeline,25.0,4,heft,14,True,True,516.0195480600596,0,0.0,7,413.03779048225607,0.00027468090411275625,
vision_pipeline,25.0,4,edf,14,True,True,1227.9180745624942,1,627.9180745624942,5,1227.9180745624942,0.00027567194774746895,
vision_pipeline,25.0,4,fastest_device,14,True,True,516.0195480600596,0,0.0,7,413.03779048225607,0.00023988389875739813,
vision_pipeline,25.0,4,cpsat,14,True,False,495.8283899362266,0,0.0,7,423.9847602554121,0.17100406892132014,
vision_pipeline,25.0,4,gnn_placement,14,True,True,516.0195480600596,0,0.0,7,413.03779048225607,0.0018654849845916033,
vision_pipeline,25.0,4,simulated_annealing,14,True,True,516.0195480600596,0,0.0,7,413.03779048225607,0.020575847011059523,
vision_pipeline,25.0,4,peft,14,True,True,496.6372854146805,0,0.0,9,423.9847602554121,0.0003648620331659913,
vision_pipeline,50.0,0,heft,14,True,True,416.5777833172552,0,0.0,8,337.9498097961475,0.00025761802680790424,
vision_pipeline,50.0,0,edf,14,True,True,898.8119401210595,1,298.8119401210595,6,893.8119401210595,0.0002650120295584202,
vision_pipeline,50.0,0,fastest_device,14,True,True,454.53363643495817,0,0.0,11,325.4473578995805,0.00025481299962848425,
vision_pipeline,50.0,0,cpsat,14,True,False,413.41887669267015,0,0.0,6,352.5385202108989,0.1440813330700621,
vision_pipeline,50.0,0,gnn_placement,14,True,True,416.5777833172552,0,0.0,8,337.9498097961475,0.0057492859195917845,
vision_pipeline,50.0,0,simulated_annealing,14,True,True,412.5385202108989,0,0.0,7,352.5385202108989,0.035641390015371144,
vision_pipeline,50.0,0,peft,14,True,True,416.5777833172552,0,0.0,8,337.9498097961475,0.0006511240499094129,
vision_pipeline,50.0,1,heft,14,True,True,377.31636947313956,0,0.0,7,298.97524371442626,0.0004609740572050214,
vision_pipeline,50.0,1,edf,14,True,True,906.8745676409476,1,306.8745676409476,6,901.8745676409476,0.0004910510033369064,
vision_pipeline,50.0,1,fastest_device,14,True,True,398.10684755690187,0,0.0,8,293.3697460766155,0.000353069044649601,
vision_pipeline,50.0,1,cpsat,14,True,False,375.6907149749294,0,0.0,7,298.97524371442626,0.2003209430258721,
vision_pipeline,50.0,1,gnn_placement,14,True,True,377.31636947313956,0,0.0,7,298.97524371442626,0.0023539819521829486,
vision_pipeline,50.0,1,simulated_annealing,14,True,True,377.31636947313956,0,0.0,7,298.97524371442626,0.029841386945918202,
vision_pipeline,50.0,1,peft,14,True,True,377.31636947313956,0,0.0,7,298.97524371442626,0.0005687979282811284,
vision_pipeline,50.0,2,heft,14,True,True,491.4956402701493,0,0.0,8,396.8311080334153,0.0003772849449887872,
vision_pipeline,50.0,2,edf,14,True,True,1328.6288500922603,1,728.6288500922603,6,1328.6288500922603,0.00038911798037588596,
vision_pipeline,50.0,2,fastest_device,14,True,True,518.673239475452,0,0.0,9,393.6732394754519,0.00028274604119360447,
vision_pipeline,50.0,2,cpsat,14,True,False,467.3849313417891,0,0.0,7,396.8311080334153,0.30971308203879744,
vision_pipeline,50.0,2,gnn_placement,14,True,True,491.4956402701493,0,0.0,8,396.8311080334153,0.0018558569718152285,
vision_pipeline,50.0,2,simulated_annealing,14,True,True,466.8311080334153,0,0.0,8,396.8311080334153,0.026342828059569,
vision_pipeline,50.0,2,peft,14,True,True,491.4956402701493,0,0.0,8,396.8311080334153,0.0005177219863981009,
vision_pipeline,50.0,3,heft,14,True,True,583.5472215070231,0,0.0,8,495.28741189362387,0.00028386793565005064,
vision_pipeline,50.0,3,edf,14,True,True,1358.5671929962887,1,758.5671929962887,6,1358.5671929962887,0.000278657884337008,
vision_pipeline,50.0,3,fastest_device,14,True,True,668.8233656679125,1,68.82336566791253,11,488.82336566791247,0.00031444604974240065,
vision_pipeline,50.0,3,cpsat,14,True,False,571.8718354545722,0,0.0,6,498.82252975840976,0.13900666602421552,
vision_pipeline,50.0,3,gnn_placement,14,True,True,583.5472215070231,0,0.0,8,495.28741189362387,0.0020367199322208762,
vision_pipeline,50.0,3,simulated_annealing,14,True,True,572.1447350582305,0,0.0,7,498.82252975840976,0.02235588093753904,
vision_pipeline,50.0,3,peft,14,True,True,583.5472215070231,0,0.0,8,495.28741189362387,0.0004083740059286356,
vision_pipeline,50.0,4,heft,14,True,True,474.20313068833127,0,0.0,8,409.20313068833127,0.00030224304646253586,
vision_pipeline,50.0,4,edf,14,True,True,1453.886417943101,1,853.8864179431009,5,1453.886417943101,0.0002809020224958658,
vision_pipeline,50.0,4,fastest_device,14,True,True,477.4144644044238,0,0.0,8,401.9724089248805,0.0002145669423043728,
vision_pipeline,50.0,4,cpsat,14,True,False,469.17463482108565,0,0.0,7,409.3488443384882,0.21526189998257905,
vision_pipeline,50.0,4,gnn_placement,14,True,True,474.20313068833127,0,0.0,8,409.20313068833127,0.006792322965338826,
vision_pipeline,50.0,4,simulated_annealing,14,True,True,474.20313068833127,0,0.0,8,409.20313068833127,0.029859633068554103,
vision_pipeline,50.0,4,peft,14,True,True,474.20313068833127,0,0.0,8,409.20313068833127,0.0005575970280915499,
sensor_fusion_diamond,0.0,0,heft,16,True,True,480.0,0,0.0,3,470.0,0.00042840198148041964,
sensor_fusion_diamond,0.0,0,edf,16,True,True,510.0,0,0.0,1,510.0,0.00043993396684527397,
sensor_fusion_diamond,0.0,0,fastest_device,16,True,True,510.0,0,0.0,3,445.0,0.0003198960330337286,
sensor_fusion_diamond,0.0,0,cpsat,16,True,True,475.0,0,0.0,2,465.0,0.06210153899155557,
sensor_fusion_diamond,0.0,0,gnn_placement,16,True,True,480.0,0,0.0,3,470.0,0.0024509041104465723,
sensor_fusion_diamond,0.0,0,simulated_annealing,16,True,True,480.0,0,0.0,3,470.0,0.03246989904437214,
sensor_fusion_diamond,0.0,0,peft,16,True,True,480.0,0,0.0,3,470.0,0.0005711119156330824,
sensor_fusion_diamond,0.0,1,heft,16,True,True,480.0,0,0.0,3,470.0,0.00042180903255939484,
sensor_fusion_diamond,0.0,1,edf,16,True,True,510.0,0,0.0,1,510.0,0.00042888300959020853,
sensor_fusion_diamond,0.0,1,fastest_device,16,True,True,510.0,0,0.0,3,445.0,0.0003084039781242609,
sensor_fusion_diamond,0.0,1,cpsat,16,True,True,475.0,0,0.0,2,465.0,0.060378493973985314,
sensor_fusion_diamond,0.0,1,gnn_placement,16,True,True,480.0,0,0.0,3,470.0,0.0022623779950663447,
sensor_fusion_diamond,0.0,1,simulated_annealing,16,True,True,480.0,0,0.0,3,470.0,0.031132434029132128,
sensor_fusion_diamond,0.0,1,peft,16,True,True,480.0,0,0.0,3,470.0,0.00044159707613289356,
sensor_fusion_diamond,0.0,2,heft,16,True,True,480.0,0,0.0,3,470.0,0.00033464503940194845,
sensor_fusion_diamond,0.0,2,edf,16,True,True,510.0,0,0.0,1,510.0,0.0003982450580224395,
sensor_fusion_diamond,0.0,2,fastest_device,16,True,True,510.0,0,0.0,3,445.0,0.00022386503405869007,
sensor_fusion_diamond,0.0,2,cpsat,16,True,True,475.0,0,0.0,2,465.0,0.050398488994687796,
sensor_fusion_diamond,0.0,2,gnn_placement,16,True,True,480.0,0,0.0,3,470.0,0.002211621031165123,
sensor_fusion_diamond,0.0,2,simulated_annealing,16,True,True,480.0,0,0.0,3,470.0,0.022437194013036788,
sensor_fusion_diamond,0.0,2,peft,16,True,True,480.0,0,0.0,3,470.0,0.00043389201164245605,
sensor_fusion_diamond,0.0,3,heft,16,True,True,480.0,0,0.0,3,470.0,0.00034876097925007343,
sensor_fusion_diamond,0.0,3,edf,16,True,True,510.0,0,0.0,1,510.0,0.0003447729395702481,
sensor_fusion_diamond,0.0,3,fastest_device,16,True,True,510.0,0,0.0,3,445.0,0.00030970689840614796,
sensor_fusion_diamond,0.0,3,cpsat,16,True,True,475.0,0,0.0,2,465.0,0.05085545498877764,
sensor_fusion_diamond,0.0,3,gnn_placement,16,True,True,480.0,0,0.0,3,470.0,0.0026106979930773377,
sensor_fusion_diamond,0.0,3,simulated_annealing,16,True,True,480.0,0,0.0,3,470.0,0.022633146960288286,
sensor_fusion_diamond,0.0,3,peft,16,True,True,480.0,0,0.0,3,470.0,0.0005174310645088553,
sensor_fusion_diamond,0.0,4,heft,16,True,True,480.0,0,0.0,3,470.0,0.0003429299686104059,
sensor_fusion_diamond,0.0,4,edf,16,True,True,510.0,0,0.0,1,510.0,0.0003891380038112402,
sensor_fusion_diamond,0.0,4,fastest_device,16,True,True,510.0,0,0.0,3,445.0,0.0002741690259426832,
sensor_fusion_diamond,0.0,4,cpsat,16,True,True,475.0,0,0.0,2,465.0,0.09550906589720398,
sensor_fusion_diamond,0.0,4,gnn_placement,16,True,True,480.0,0,0.0,3,470.0,0.0022093880688771605,
sensor_fusion_diamond,0.0,4,simulated_annealing,16,True,True,480.0,0,0.0,3,470.0,0.025791181018576026,
sensor_fusion_diamond,0.0,4,peft,16,True,True,480.0,0,0.0,3,470.0,0.0004409060347825289,
sensor_fusion_diamond,10.0,0,heft,16,True,True,457.4155250000406,0,0.0,2,447.4155250000406,0.00028700404800474644,
sensor_fusion_diamond,10.0,0,edf,16,True,True,492.12874403491,0,0.0,1,492.12874403491,0.00036617403384298086,
sensor_fusion_diamond,10.0,0,fastest_device,16,True,True,497.02042445607583,0,0.0,3,432.02042445607583,0.00026523193810135126,
sensor_fusion_diamond,10.0,0,cpsat,16,True,False,458.4989743312733,0,0.0,2,447.4155250000406,0.09743428393267095,
sensor_fusion_diamond,10.0,0,gnn_placement,16,True,True,457.4155250000406,0,0.0,2,447.4155250000406,0.0019933090079575777,
sensor_fusion_diamond,10.0,0,simulated_annealing,16,True,True,457.4155250000406,0,0.0,2,447.4155250000406,0.030991166946478188,
sensor_fusion_diamond,10.0,0,peft,16,True,True,457.4155250000406,0,0.0,2,447.4155250000406,0.00039521907456219196,
sensor_fusion_diamond,10.0,1,heft,16,True,True,474.96739065200404,0,0.0,2,465.5425269879117,0.00037191505543887615,
sensor_fusion_diamond,10.0,1,edf,16,True,True,585.6131348150496,0,0.0,1,581.1882711509572,0.00036365899723023176,
sensor_fusion_diamond,10.0,1,fastest_device,16,True,True,509.1191091175475,0,0.0,3,444.6942454534551,0.00022570800501853228,
sensor_fusion_diamond,10.0,1,cpsat,16,True,False,475.86737468851743,0,0.0,2,465.5425269879117,0.1255430179880932,
sensor_fusion_diamond,10.0,1,gnn_placement,16,True,True,474.96739065200404,0,0.0,2,465.5425269879117,0.002032151911407709,
sensor_fusion_diamond,10.0,1,simulated_annealing,16,True,True,474.96739065200404,0,0.0,2,465.5425269879117,0.023564951959997416,
sensor_fusion_diamond,10.0,1,peft,16,True,True,474.96739065200404,0,0.0,2,465.5425269879117,0.0006140139885246754,
sensor_fusion_diamond,10.0,2,heft,16,True,True,467.93389389774495,0,0.0,3,455.3300276355284,0.0004094869364053011,
sensor_fusion_diamond,10.0,2,edf,16,True,True,499.4575070470107,0,0.0,1,496.85364078479415,0.0004048679256811738,
sensor_fusion_diamond,10.0,2,fastest_device,16,True,True,555.6002571799934,0,0.0,5,435.4675697664428,0.00029465893749147654,
sensor_fusion_diamond,10.0,2,cpsat,16,True,False,468.48402655141115,0,0.0,2,458.66048434232266,0.09304159902967513,
sensor_fusion_diamond,10.0,2,gnn_placement,16,True,True,467.93389389774495,0,0.0,3,455.3300276355284,0.0019601850071921945,
sensor_fusion_diamond,10.0,2,simulated_annealing,16,True,True,467.93389389774495,0,0.0,3,455.3300276355284,0.023741838056594133,
sensor_fusion_diamond,10.0,2,peft,16,True,True,467.93389389774495,0,0.0,3,455.3300276355284,0.00038339593447744846,
sensor_fusion_diamond,10.0,3,heft,16,True,True,485.2101495479373,0,0.0,3,475.2101495479373,0.0003153979778289795,
sensor_fusion_diamond,10.0,3,edf,16,True,True,515.3494959446751,0,0.0,1,515.3494959446751,0.0003483700565993786,
sensor_fusion_diamond,10.0,3,fastest_device,16,True,True,513.816098489391,0,0.0,3,448.81609848939104,0.00023229001089930534,
sensor_fusion_diamond,10.0,3,cpsat,16,True,False,482.81885716219574,0,0.0,2,472.7395532773562,0.057302484987303615,
sensor_fusion_diamond,10.0,3,gnn_placement,16,True,True,485.2101495479373,0,0.0,3,475.2101495479373,0.002214867970906198,
sensor_fusion_diamond,10.0,3,simulated_annealing,16,True,True,482.7395532773562,0,0.0,2,472.7395532773562,0.03078068804461509,
sensor_fusion_diamond,10.0,3,peft,16,True,True,485.2101495479373,0,0.0,3,475.2101495479373,0.0004405049839988351,
sensor_fusion_diamond,10.0,4,heft,16,True,True,467.535866161077,0,0.0,3,457.535866161077,0.00034569494891911745,
sensor_fusion_diamond,10.0,4,edf,16,True,True,490.9681779599417,0,0.0,1,490.9681779599417,0.0003040559822693467,
sensor_fusion_diamond,10.0,4,fastest_device,16,True,True,493.716753304867,0,0.0,3,428.716753304867,0.00024779001250863075,
sensor_fusion_diamond,10.0,4,cpsat,16,True,False,464.46047112801546,0,0.0,2,452.5376434114363,0.13432393094990402,
sensor_fusion_diamond,10.0,4,gnn_placement,16,True,True,467.535866161077,0,0.0,3,457.535866161077,0.002199909999035299,
sensor_fusion_diamond,10.0,4,simulated_annealing,16,True,True,467.535866161077,0,0.0,3,457.535866161077,0.026348226936534047,
sensor_fusion_diamond,10.0,4,peft,16,True,True,467.535866161077,0,0.0,3,457.535866161077,0.00048670300748199224,
sensor_fusion_diamond,25.0,0,heft,16,True,True,463.0423442215765,0,0.0,1,458.87061778267355,0.00031769205816090107,
sensor_fusion_diamond,25.0,0,edf,16,True,True,463.0423442215765,0,0.0,1,458.87061778267355,0.0003751909825950861,
sensor_fusion_diamond,25.0,0,fastest_device,16,True,True,504.5677169282351,0,0.0,3,440.3959904893321,0.00027734600007534027,
sensor_fusion_diamond,25.0,0,cpsat,16,True,False,463.995971712083,0,0.0,1,458.87061778267355,0.05321286292746663,
sensor_fusion_diamond,25.0,0,gnn_placement,16,True,True,463.0423442215765,0,0.0,1,458.87061778267355,0.0018769270973280072,
sensor_fusion_diamond,25.0,0,simulated_annealing,16,True,True,463.0423442215765,0,0.0,1,458.87061778267355,0.022842343081720173,
sensor_fusion_diamond,25.0,0,peft,16,True,True,463.0423442215765,0,0.0,1,458.87061778267355,0.00039751396980136633,
sensor_fusion_diamond,25.0,1,heft,16,True,True,409.5281757194756,0,0.0,2,404.5281757194756,0.0002994269598275423,
sensor_fusion_diamond,25.0,1,edf,16,True,True,575.976097176695,0,0.0,1,575.976097176695,0.00030372594483196735,
sensor_fusion_diamond,25.0,1,fastest_device,16,True,True,488.93756827061026,0,0.0,5,384.300799914704,0.00021134002599865198,
sensor_fusion_diamond,25.0,1,cpsat,16,True,False,408.36904790446073,0,0.0,2,404.5281757194756,0.06624165596440434,
sensor_fusion_diamond,25.0,1,gnn_placement,16,True,True,409.5281757194756,0,0.0,2,404.5281757194756,0.0026416759938001633,
sensor_fusion_diamond,25.0,1,simulated_annealing,16,True,True,409.5281757194756,0,0.0,2,404.5281757194756,0.024385937955230474,
sensor_fusion_diamond,25.0,1,peft,16,True,True,409.5281757194756,0,0.0,2,404.5281757194756,0.00042399298399686813,
sensor_fusion_diamond,25.0,2,heft,16,True,True,488.8691680957162,0,0.0,4,422.96239057190644,0.00033900293055921793,
sensor_fusion_diamond,25.0,2,edf,16,True,True,509.9188443249632,0,0.0,1,509.0120668011533,0.00037438003346323967,
sensor_fusion_diamond,25.0,2,fastest_device,16,True,True,519.1300278736878,0,0.0,4,422.96239057190644,0.00022560800425708294,
sensor_fusion_diamond,25.0,2,cpsat,16,True,False,510.30302947598534,0,0.0,1,509.0120668011533,0.08270968799479306,
sensor_fusion_diamond,25.0,2,gnn_placement,16,True,True,488.8691680957162,0,0.0,4,422.96239057190644,0.0021848109317943454,
sensor_fusion_diamond,25.0,2,simulated_annealing,16,True,True,488.8691680957162,0,0.0,4,422.96239057190644,0.025069604045711458,
sensor_fusion_diamond,25.0,2,peft,16,True,True,488.8691680957162,0,0.0,4,422.96239057190644,0.0003937359433621168,
sensor_fusion_diamond,25.0,3,heft,16,True,True,469.8418427966866,0,0.0,3,409.8418427966866,0.00030870502814650536,
sensor_fusion_diamond,25.0,3,edf,16,True,True,528.0411663365292,0,0.0,1,528.0411663365292,0.0003025630721822381,
sensor_fusion_diamond,25.0,3,fastest_device,16,True,True,522.2640223097758,0,0.0,5,402.2640223097758,0.00023318198509514332,
sensor_fusion_diamond,25.0,3,cpsat,16,True,False,456.8385939612085,0,0.0,2,452.5927708494834,0.0809965799562633,
sensor_fusion_diamond,25.0,3,gnn_placement,16,True,True,469.8418427966866,0,0.0,3,409.8418427966866,0.0022088459227234125,
sensor_fusion_diamond,25.0,3,simulated_annealing,16,True,True,469.8418427966866,0,0.0,3,409.8418427966866,0.024604181991890073,
sensor_fusion_diamond,25.0,3,peft,16,True,True,469.8418427966866,0,0.0,3,409.8418427966866,0.0004662639694288373,
sensor_fusion_diamond,25.0,4,heft,16,True,True,513.1782525059774,0,0.0,5,396.87639355036146,0.0003585499944165349,
sensor_fusion_diamond,25.0,4,edf,16,True,True,461.0900099288593,0,0.0,1,460.17366973556256,0.00038148299790918827,
sensor_fusion_diamond,25.0,4,fastest_device,16,True,True,552.7816158921274,0,0.0,7,392.4157003628024,0.00026144494768232107,
sensor_fusion_diamond,25.0,4,cpsat,16,True,False,442.47905283617274,0,0.0,3,431.402100503987,0.11362713400740176,
sensor_fusion_diamond,25.0,4,gnn_placement,16,True,True,513.1782525059774,0,0.0,5,396.87639355036146,0.005383271956816316,
sensor_fusion_diamond,25.0,4,simulated_annealing,16,True,True,442.31844069728373,0,0.0,3,431.402100503987,0.022696336964145303,
sensor_fusion_diamond,25.0,4,peft,16,True,True,461.87639355036146,0,0.0,3,400.96005335706474,0.00039083999581635,
sensor_fusion_diamond,50.0,0,heft,16,True,True,432.4814495900768,0,0.0,8,381.33584763198195,0.0003586199600249529,
sensor_fusion_diamond,50.0,0,edf,16,True,True,813.6713786789973,1,13.671378678997257,2,783.6713786789973,0.00029910693410784006,
sensor_fusion_diamond,50.0,0,fastest_device,16,True,True,505.6827869168528,0,0.0,11,338.72525074183693,0.00021889503113925457,
sensor_fusion_diamond,50.0,0,cpsat,16,True,False,423.135651601074,0,0.0,4,396.5562077752309,0.22231648000888526,
sensor_fusion_diamond,50.0,0,gnn_placement,16,True,True,432.4814495900768,0,0.0,8,381.33584763198195,0.0021529810037463903,
sensor_fusion_diamond,50.0,0,simulated_annealing,16,True,True,420.5536083912242,0,0.0,8,380.47219033602823,0.027471386012621224,
sensor_fusion_diamond,50.0,0,peft,16,True,True,432.4814495900768,0,0.0,8,381.33584763198195,0.000398835982196033,
sensor_fusion_diamond,50.0,1,heft,16,True,True,500.8486322101519,0,0.0,4,442.9460747848419,0.00032778107561171055,
sensor_fusion_diamond,50.0,1,edf,16,True,True,612.3522699499416,0,0.0,2,582.3522699499416,0.0003634589957073331,
sensor_fusion_diamond,50.0,1,fastest_device,16,True,True,575.4825011709437,0,0.0,11,391.93986088231367,0.0002330919960513711,
sensor_fusion_diamond,50.0,1,cpsat,16,True,False,463.0847852884879,0,0.0,2,454.6186763742546,0.1725381970172748,
sensor_fusion_diamond,50.0,1,gnn_placement,16,True,True,500.8486322101519,0,0.0,4,442.9460747848419,0.0022222920088097453,
sensor_fusion_diamond,50.0,1,simulated_annealing,16,True,True,490.8493374419214,0,0.0,5,430.25665444326575,0.025938890990801156,
sensor_fusion_diamond,50.0,1,peft,16,True,True,540.0596260247936,0,0.0,5,450.0596260247936,0.0005174810066819191,
sensor_fusion_diamond,50.0,2,heft,16,True,True,435.3708677418044,0,0.0,6,330.3708677418044,0.0003387219039723277,
sensor_fusion_diamond,50.0,2,edf,16,True,True,690.2253507013953,0,0.0,2,660.2253507013952,0.0003178520128130913,
sensor_fusion_diamond,50.0,2,fastest_device,16,True,True,434.1341029125437,0,0.0,8,329.1341029125437,0.00027149508241564035,
sensor_fusion_diamond,50.0,2,cpsat,16,True,False,430.7596181148759,0,0.0,3,417.2329905605424,0.13632851105649024,
sensor_fusion_diamond,50.0,2,gnn_placement,16,True,True,435.3708677418044,0,0.0,6,330.3708677418044,0.0021535410778596997,
sensor_fusion_diamond,50.0,2,simulated_annealing,16,True,True,428.38188647820647,0,0.0,7,348.38188647820647,0.02726136799901724,
sensor_fusion_diamond,50.0,2,peft,16,True,True,435.3708677418044,0,0.0,6,330.3708677418044,0.00041890295688062906,
sensor_fusion_diamond,50.0,3,heft,16,True,True,501.67205799992297,0,0.0,5,467.55663756776556,0.0003308680607005954,
sensor_fusion_diamond,50.0,3,edf,16,True,True,563.7443414701787,0,0.0,1,563.7443414701787,0.0003278410295024514,
sensor_fusion_diamond,50.0,3,fastest_device,16,True,True,655.9210822632242,0,0.0,10,425.94959533344894,0.000255053979344666,
sensor_fusion_diamond,50.0,3,cpsat,16,True,False,507.3893365444788,0,0.0,3,498.0707785346985,0.150403335923329,
sensor_fusion_diamond,50.0,3,gnn_placement,16,True,True,501.67205799992297,0,0.0,5,467.55663756776556,0.004260755027644336,
sensor_fusion_diamond,50.0,3,simulated_annealing,16,True,True,501.67205799992297,0,0.0,5,467.55663756776556,0.026032178080640733,
sensor_fusion_diamond,50.0,3,peft,16,True,True,487.55663756776556,0,0.0,6,467.55663756776556,0.0003849100321531296,
sensor_fusion_diamond,50.0,4,heft,16,True,True,393.87739688109025,0,0.0,8,281.0363934738211,0.0002898189704865217,
sensor_fusion_diamond,50.0,4,edf,16,True,True,671.3533159881733,0,0.0,2,641.3533159881733,0.00029481900855898857,
sensor_fusion_diamond,50.0,4,fastest_device,16,True,True,421.0034717756358,0,0.0,11,278.77573442167676,0.00021820398978888988,
sensor_fusion_diamond,50.0,4,cpsat,16,True,False,452.80527555111547,0,0.0,5,420.1591006205444,0.18636969197541475,
sensor_fusion_diamond,50.0,4,gnn_placement,16,True,True,393.87739688109025,0,0.0,8,281.0363934738211,0.0020431620068848133,
sensor_fusion_diamond,50.0,4,simulated_annealing,16,True,True,393.87739688109025,0,0.0,8,281.0363934738211,0.027246579993516207,
sensor_fusion_diamond,50.0,4,peft,16,True,True,393.87739688109025,0,0.0,8,281.0363934738211,0.00039064104203134775,
multirate_periodic,0.0,0,heft,22,True,True,1570.0,3,1605.0,6,200.0,0.0004751109518110752,
multirate_periodic,0.0,0,edf,22,True,True,1570.0,1,255.0,6,180.0,0.0003871740773320198,
multirate_periodic,0.0,0,fastest_device,22,True,True,1840.0,4,2960.0,3,160.0,0.00026872893795371056,
multirate_periodic,0.0,0,cpsat,22,True,True,1570.0,0,0.0,0,520.0,0.03018806502223015,
multirate_periodic,0.0,0,gnn_placement,22,True,True,1570.0,3,1605.0,6,200.0,0.0019394560949876904,
multirate_periodic,0.0,0,simulated_annealing,22,True,True,1570.0,3,1605.0,6,200.0,0.030838105943985283,
multirate_periodic,0.0,0,peft,22,True,True,1570.0,3,1365.0,6,250.0,0.0004757919814437628,
multirate_periodic,0.0,1,heft,22,True,True,1570.0,3,1605.0,6,200.0,0.00038179405964910984,
multirate_periodic,0.0,1,edf,22,True,True,1570.0,1,255.0,6,180.0,0.0003804709995165467,
multirate_periodic,0.0,1,fastest_device,22,True,True,1840.0,4,2960.0,3,160.0,0.0002761830110102892,
multirate_periodic,0.0,1,cpsat,22,True,True,1570.0,0,0.0,0,520.0,0.03253050404600799,
multirate_periodic,0.0,1,gnn_placement,22,True,True,1570.0,3,1605.0,6,200.0,0.0027078529819846153,
multirate_periodic,0.0,1,simulated_annealing,22,True,True,1570.0,3,1605.0,6,200.0,0.03102520201355219,
multirate_periodic,0.0,1,peft,22,True,True,1570.0,3,1365.0,6,250.0,0.0004959489451721311,
multirate_periodic,0.0,2,heft,22,True,True,1570.0,3,1605.0,6,200.0,0.0003718850202858448,
multirate_periodic,0.0,2,edf,22,True,True,1570.0,1,255.0,6,180.0,0.0003784969449043274,
multirate_periodic,0.0,2,fastest_device,22,True,True,1840.0,4,2960.0,3,160.0,0.000294507946819067,
multirate_periodic,0.0,2,cpsat,22,True,True,1570.0,0,0.0,0,520.0,0.031071298057213426,
multirate_periodic,0.0,2,gnn_placement,22,True,True,1570.0,3,1605.0,6,200.0,0.0017414409667253494,
multirate_periodic,0.0,2,simulated_annealing,22,True,True,1570.0,3,1605.0,6,200.0,0.02985808893572539,
multirate_periodic,0.0,2,peft,22,True,True,1570.0,3,1365.0,6,250.0,0.0005355350440368056,
multirate_periodic,0.0,3,heft,22,True,True,1570.0,3,1605.0,6,200.0,0.0003687390126287937,
multirate_periodic,0.0,3,edf,22,True,True,1570.0,1,255.0,6,180.0,0.00037149409763514996,
multirate_periodic,0.0,3,fastest_device,22,True,True,1840.0,4,2960.0,3,160.0,0.00027185503859072924,
multirate_periodic,0.0,3,cpsat,22,True,True,1570.0,0,0.0,0,520.0,0.03250366309657693,
multirate_periodic,0.0,3,gnn_placement,22,True,True,1570.0,3,1605.0,6,200.0,0.002234274987131357,
multirate_periodic,0.0,3,simulated_annealing,22,True,True,1570.0,3,1605.0,6,200.0,0.038920885999687016,
multirate_periodic,0.0,3,peft,22,True,True,1570.0,3,1365.0,6,250.0,0.00047130300663411617,
multirate_periodic,0.0,4,heft,22,True,True,1570.0,3,1605.0,6,200.0,0.0003810720518231392,
multirate_periodic,0.0,4,edf,22,True,True,1570.0,1,255.0,6,180.0,0.00037713407073169947,
multirate_periodic,0.0,4,fastest_device,22,True,True,1840.0,4,2960.0,3,160.0,0.0002799410140141845,
multirate_periodic,0.0,4,cpsat,22,True,True,1570.0,0,0.0,0,520.0,0.03157432202715427,
multirate_periodic,0.0,4,gnn_placement,22,True,True,1570.0,3,1605.0,6,200.0,0.002040999010205269,
multirate_periodic,0.0,4,simulated_annealing,22,True,True,1570.0,3,1605.0,6,200.0,0.030119874980300665,
multirate_periodic,0.0,4,peft,22,True,True,1570.0,3,1365.0,6,250.0,0.00047943799290806055,
multirate_periodic,10.0,0,heft,22,True,True,1572.5337147980285,3,1668.9322675483613,5,201.60481343513712,0.00037205498665571213,
multirate_periodic,10.0,0,edf,22,True,True,1572.5337147980285,2,468.8628995167014,5,166.57933407230757,0.0003799699479714036,
multirate_periodic,10.0,0,fastest_device,22,True,True,1833.4364823512285,4,2954.4892271436083,3,149.1632227852741,0.0002704929793253541,
multirate_periodic,10.0,0,cpsat,22,True,False,1572.1762367937692,0,0.0,0,348.9479908678771,0.03125807305332273,
multirate_periodic,10.0,0,gnn_placement,22,True,True,1572.5337147980285,3,1668.9322675483613,5,201.60481343513712,0.0020723469788208604,
multirate_periodic,10.0,0,simulated_annealing,22,True,True,1572.5337147980285,3,1668.9322675483613,5,201.60481343513712,0.029585403040982783,
multirate_periodic,10.0,0,peft,22,True,True,1573.3796143966183,4,2019.931965459758,4,238.63847171404913,0.00048733397852629423,
multirate_periodic,10.0,1,heft,22,True,True,1573.5537678292374,3,1809.927728027281,3,167.89468140073836,0.00036680500488728285,
multirate_periodic,10.0,1,edf,22,True,True,1573.5537678292374,3,1341.8849761472936,3,167.89468140073836,0.0003685080446302891,
multirate_periodic,10.0,1,fastest_device,22,True,True,1842.61448940582,4,2946.9431033749647,3,159.42565681131688,0.00026808795519173145,
multirate_periodic,10.0,1,cpsat,22,True,False,1573.74066567233,0,0.0,0,526.6651637966143,0.03206920996308327,
multirate_periodic,10.0,1,gnn_placement,22,True,True,1573.5537678292374,3,1809.927728027281,3,167.89468140073836,0.0031672329641878605,
multirate_periodic,10.0,1,simulated_annealing,22,True,True,1573.5537678292374,3,1809.927728027281,3,167.89468140073836,0.029768650070764124,
multirate_periodic,10.0,1,peft,22,True,True,1589.7980936761082,4,2021.0472981916266,4,188.80668391714534,0.0004521060036495328,
multirate_periodic,10.0,2,heft,22,True,True,1570.800350711128,3,1701.4277597732985,4,177.9792536594782,0.00037248595617711544,
multirate_periodic,10.0,2,edf,22,True,True,1570.800350711128,3,1231.9032894138406,4,177.9792536594782,0.00036091392394155264,
multirate_periodic,10.0,2,fastest_device,22,True,True,1830.34787421669,4,2935.684255817401,3,158.1430436220321,0.00027313700411468744,
multirate_periodic,10.0,2,cpsat,22,True,False,1570.8770741078733,0,0.0,0,360.3474493208314,0.03128211805596948,
multirate_periodic,10.0,2,gnn_placement,22,True,True,1570.800350711128,3,1701.4277597732985,4,177.9792536594782,0.0028487889794632792,
multirate_periodic,10.0,2,simulated_annealing,22,True,True,1570.800350711128,3,1701.4277597732985,4,177.9792536594782,0.04399052495136857,
multirate_periodic,10.0,2,peft,22,True,True,1570.800350711128,3,1544.8096422324795,4,194.8548304880499,0.0006643090164288878,
multirate_periodic,10.0,3,heft,22,True,True,1566.42644608779,4,1769.6618780750389,4,170.35083644510127,0.000532269012182951,
multirate_periodic,10.0,3,edf,22,True,True,1566.42644608779,3,1309.042614674403,4,170.35083644510127,0.000529081909917295,
multirate_periodic,10.0,3,fastest_device,22,True,True,1846.0592256721613,4,2997.314063999222,3,159.19780146867177,0.0002730580745264888,
multirate_periodic,10.0,3,cpsat,22,True,False,1566.14579537798,0,0.0,0,343.33503443780234,0.034985517035238445,
multirate_periodic,10.0,3,gnn_placement,22,True,True,1566.42644608779,4,1769.6618780750389,4,170.35083644510127,0.0019375719130039215,
multirate_periodic,10.0,3,simulated_annealing,22,True,True,1566.42644608779,4,1769.6618780750389,4,170.35083644510127,0.030632406938821077,
multirate_periodic,10.0,3,peft,22,True,True,1566.42644608779,4,1702.3952664708095,5,231.59305632575047,0.00047113304026424885,
multirate_periodic,10.0,4,heft,22,True,True,1571.6976168034025,3,1882.4596886843578,4,177.1392029510645,0.00036294804885983467,
multirate_periodic,10.0,4,edf,22,True,True,1571.6976168034025,3,1523.5987558071104,4,177.1392029510645,0.00037331797648221254,
multirate_periodic,10.0,4,fastest_device,22,True,True,1824.590166369061,4,2923.558801423089,3,149.99073988712777,0.0002636099234223366,
multirate_periodic,10.0,4,cpsat,22,True,False,1572.4018259821476,0,0.0,0,385.1292155464172,0.03522636403795332,
multirate_periodic,10.0,4,gnn_placement,22,True,True,1571.6976168034025,3,1882.4596886843578,4,177.1392029510645,0.0018846220336854458,
multirate_periodic,10.0,4,simulated_annealing,22,True,True,1571.6976168034025,3,1882.4596886843578,4,177.1392029510645,0.029782295925542712,
multirate_periodic,10.0,4,peft,22,True,True,1607.4816066209262,4,2042.0829975466643,5,247.17650037835935,0.0004568159347400069,
multirate_periodic,25.0,0,heft,22,True,True,1566.8927356590414,3,2061.028421629864,6,209.6937808377254,0.00036786706186831,
multirate_periodic,25.0,0,edf,22,True,True,1552.6890347712324,3,1351.5956250542965,5,209.6937808377254,0.00036569300573319197,
multirate_periodic,25.0,0,fastest_device,22,True,True,1787.19351087628,4,2763.403543536737,5,157.9905747299284,0.00026730599347501993,
multirate_periodic,25.0,0,cpsat,22,True,False,1552.1613727450085,0,0.0,0,333.0420380527297,0.034475761000066996,
multirate_periodic,25.0,0,gnn_placement,22,True,True,1566.8927356590414,3,2061.028421629864,6,209.6937808377254,0.00219510099850595,
multirate_periodic,25.0,0,simulated_annealing,22,True,True,1552.6890347712324,3,1462.0332557024544,7,298.53490629211717,0.042504927958361804,
multirate_periodic,25.0,0,peft,22,True,True,1566.8927356590414,3,2028.8723991996105,7,233.35152037644394,0.00045295897871255875,
multirate_periodic,25.0,1,heft,22,True,True,1578.8229627244652,4,1694.058213384922,3,181.4310200375759,0.0003741990076377988,
multirate_periodic,25.0,1,edf,22,True,True,1578.8229627244652,3,1496.3706948217323,3,181.4310200375759,0.00036472093779593706,
multirate_periodic,25.0,1,fastest_device,22,True,True,1829.8747698462728,4,2944.637337253547,6,144.26015254705777,0.00027417996898293495,
multirate_periodic,25.0,1,cpsat,22,True,False,1579.3662441030835,0,0.0,0,369.210161232937,0.03127028502058238,
multirate_periodic,25.0,1,gnn_placement,22,True,True,1578.8229627244652,4,1694.058213384922,3,181.4310200375759,0.0017894209595397115,
multirate_periodic,25.0,1,simulated_annealing,22,True,True,1578.8229627244652,4,1694.058213384922,3,181.4310200375759,0.030027130036614835,
multirate_periodic,25.0,1,peft,22,True,True,1578.8229627244652,3,1389.8211511408608,4,261.5450702195324,0.0004616250516846776,
multirate_periodic,25.0,2,heft,22,True,True,1571.240096888944,4,2087.4183463038835,6,196.26629948787428,0.00039767404086887836,
multirate_periodic,25.0,2,edf,22,True,True,1564.4447855369954,2,1113.932335717048,6,196.26629948787428,0.00044518301729112864,
multirate_periodic,25.0,2,fastest_device,22,True,True,1852.4952548995968,4,3004.24617392605,5,147.79653221872866,0.00030637101735919714,
multirate_periodic,25.0,2,cpsat,22,True,False,1564.4919003684954,0,0.0,0,428.9893241959398,0.03313846595119685,
multirate_periodic,25.0,2,gnn_placement,22,True,True,1571.240096888944,4,2087.4183463038835,6,196.26629948787428,0.001972148078493774,
multirate_periodic,25.0,2,simulated_annealing,22,True,True,1564.4447855369954,3,1562.8339082024777,7,188.703832624788,0.029120710911229253,
multirate_periodic,25.0,2,peft,22,True,True,1564.4447855369954,4,1995.5988935373282,3,186.36466708364222,0.0005388209829106927,
multirate_periodic,25.0,3,heft,22,True,True,1565.4713502130685,4,1912.118356671147,5,169.48807301275482,0.0004410060355439782,
multirate_periodic,25.0,3,edf,22,True,True,1560.1663718093037,2,499.449776841926,5,169.48807301275482,0.00044926104601472616,
multirate_periodic,25.0,3,fastest_device,22,True,True,1857.3350034960279,4,3036.7397925899527,3,155.00541886820798,0.00034422206226736307,
multirate_periodic,25.0,3,cpsat,22,True,False,1560.1020735091527,0,0.0,0,404.59141284161063,0.03149294795002788,
multirate_periodic,25.0,3,gnn_placement,22,True,True,1565.4713502130685,4,1912.118356671147,5,169.48807301275482,0.0016578019130975008,
multirate_periodic,25.0,3,simulated_annealing,22,True,True,1560.1663718093037,3,1456.9362691603692,7,389.46419976250496,0.029633444035425782,
multirate_periodic,25.0,3,peft,22,True,True,1560.1663718093037,3,1458.4950324355675,3,221.90819468279682,0.00045276794116944075,
multirate_periodic,25.0,4,heft,22,True,True,1581.7798011117934,4,1866.9920732652226,5,200.52635474515532,0.000374219031073153,
multirate_periodic,25.0,4,edf,22,True,True,1578.226909651023,3,1525.8254638642286,4,200.52635474515532,0.0003714740741997957,
multirate_periodic,25.0,4,fastest_device,22,True,True,1843.7266934051017,4,3013.30791279965,4,158.86546407304195,0.00028140400536358356,
multirate_periodic,25.0,4,cpsat,22,True,False,1564.7935905335232,0,0.0,0,391.80005602377355,0.030864326981827617,
multirate_periodic,25.0,4,gnn_placement,22,True,True,1581.7798011117934,4,1866.9920732652226,5,200.52635474515532,0.0039860340766608715,
multirate_periodic,25.0,4,simulated_annealing,22,True,True,1581.7798011117934,4,1866.9920732652226,5,200.52635474515532,0.030190758989192545,
multirate_periodic,25.0,4,peft,22,True,True,1564.7412192969396,3,1530.7849353251454,5,200.52635474515532,0.0004574969643726945,
multirate_periodic,50.0,0,heft,22,True,True,1633.5528236447644,4,2456.843601618198,7,186.100228900744,0.00037759600672870874,
multirate_periodic,50.0,0,edf,22,True,True,1607.2866836138878,3,1108.8722946468038,4,186.100228900744,0.00043092702981084585,
multirate_periodic,50.0,0,fastest_device,22,True,True,1665.9028404391959,4,2335.9511999115284,3,186.100228900744,0.0002799109788611531,
multirate_periodic,50.0,0,cpsat,22,True,False,1548.3883276686292,0,0.0,1,476.5350579722425,0.03327628702390939,
multirate_periodic,50.0,0,gnn_placement,22,True,True,1633.5528236447644,4,2456.843601618198,7,186.100228900744,0.0017295379657298326,
multirate_periodic,50.0,0,simulated_annealing,22,True,True,1599.659870381342,4,2192.3872727438547,7,223.64899516298735,0.030095779919065535,
multirate_periodic,50.0,0,peft,22,True,True,1633.5528236447644,4,2456.843601618198,7,186.100228900744,0.00046923907939344645,
multirate_periodic,50.0,1,heft,22,True,True,1561.5205723516995,3,1805.7222359680536,4,227.87054710567833,0.0003785480512306094,
multirate_periodic,50.0,1,edf,22,True,True,1561.5205723516995,3,1514.524250625523,4,227.87054710567833,0.0003736980725079775,
multirate_periodic,50.0,1,fastest_device,22,True,True,1853.212075126341,4,2673.6273043255405,7,192.62762094724627,0.0002789789577946067,
multirate_periodic,50.0,1,cpsat,22,True,False,1561.3546774299734,0,0.0,0,363.71828948580975,0.029722071019932628,
multirate_periodic,50.0,1,gnn_placement,22,True,True,1561.5205723516995,3,1805.7222359680536,4,227.87054710567833,0.0016743640881031752,
multirate_periodic,50.0,1,simulated_annealing,22,True,True,1561.5205723516995,3,1805.7222359680536,4,227.87054710567833,0.03001245204359293,
multirate_periodic,50.0,1,peft,22,True,True,1561.5205723516995,3,1653.7869213120782,1,227.87054710567833,0.0004614240024238825,
multirate_periodic,50.0,2,heft,22,True,True,1572.6364644924809,3,1897.130339640474,4,224.9737100453198,0.00036449090112000704,
multirate_periodic,50.0,2,edf,22,True,True,1586.2054044876254,3,1553.8438166719463,3,224.9737100453198,0.0003689590375870466,
multirate_periodic,50.0,2,fastest_device,22,True,True,1755.127404972635,4,2787.6521163829675,8,129.1179432742936,0.0002664249623194337,
multirate_periodic,50.0,2,cpsat,22,True,False,1572.1173367067443,0,0.0,1,593.0810376434732,0.0382798999780789,
multirate_periodic,50.0,2,gnn_placement,22,True,True,1572.6364644924809,3,1897.130339640474,4,224.9737100453198,0.0016608379082754254,
multirate_periodic,50.0,2,simulated_annealing,22,True,True,1572.6364644924809,3,1897.130339640474,4,224.9737100453198,0.031063693924807012,
multirate_periodic,50.0,2,peft,22,True,True,1572.6364644924809,3,1318.8090147537025,5,171.72133276327125,0.0004951879382133484,
multirate_periodic,50.0,3,heft,22,True,True,1570.2043255823248,3,1716.8503373696558,4,249.29696087464916,0.0003606739919632673,
multirate_periodic,50.0,3,edf,22,True,True,1570.2043255823248,3,1247.6247563520164,4,249.29696087464916,0.00037446897476911545,
multirate_periodic,50.0,3,fastest_device,22,True,True,1738.9642517694465,4,2663.6574590234386,6,178.8240247979134,0.0002657939912751317,
multirate_periodic,50.0,3,cpsat,22,True,False,1570.539977536641,0,0.0,0,773.1417537866719,0.031066088005900383,
multirate_periodic,50.0,3,gnn_placement,22,True,True,1570.2043255823248,3,1716.8503373696558,4,249.29696087464916,0.006477797054685652,
multirate_periodic,50.0,3,simulated_annealing,22,True,True,1570.2043255823248,3,1716.8503373696558,4,249.29696087464916,0.04292069701477885,
multirate_periodic,50.0,3,peft,22,True,True,1570.2043255823248,4,1691.6974863276002,3,227.2420331257016,0.00045351998414844275,
multirate_periodic,50.0,4,heft,22,True,True,1567.620432162925,4,1700.6573241612818,4,194.7104782807244,0.0004519060021266341,
multirate_periodic,50.0,4,edf,22,True,True,1567.620432162925,3,1413.2620639903598,4,194.7104782807244,0.000409936998039484,
multirate_periodic,50.0,4,fastest_device,22,True,True,1755.0843719619072,4,2822.1676596209245,7,114.80626311825236,0.00033312104642391205,
multirate_periodic,50.0,4,cpsat,22,True,False,1567.1326759304761,0,0.0,0,334.66006828435417,0.03151986899320036,
multirate_periodic,50.0,4,gnn_placement,22,True,True,1567.620432162925,4,1700.6573241612818,4,194.7104782807244,0.0019356879638507962,
multirate_periodic,50.0,4,simulated_annealing,22,True,True,1567.620432162925,4,1700.6573241612818,4,194.7104782807244,0.030403773998841643,
multirate_periodic,50.0,4,peft,22,True,True,1567.620432162925,2,419.81141687590923,3,181.30694919534693,0.0005870719905942678,
memory_pressured_residual,0.0,0,heft,21,True,True,845.0,0,0.0,8,505.0,0.0005249050445854664,
memory_pressured_residual,0.0,0,edf,21,True,True,1095.0,1,195.0,7,1040.0,0.0005220400635153055,
memory_pressured_residual,0.0,0,fastest_device,21,True,True,805.0,0,0.0,12,465.0,0.0004045770037919283,
memory_pressured_residual,0.0,0,cpsat,21,True,True,855.0,0,0.0,8,540.0,10.023995521012694,
memory_pressured_residual,0.0,0,gnn_placement,21,True,True,845.0,0,0.0,8,505.0,0.005409372970461845,
memory_pressured_residual,0.0,0,simulated_annealing,21,True,True,820.0,0,0.0,13,500.0,0.029426741995848715,
memory_pressured_residual,0.0,0,peft,21,True,True,845.0,0,0.0,8,505.0,0.0005296339513733983,
memory_pressured_residual,0.0,1,heft,21,True,True,845.0,0,0.0,8,505.0,0.0003969520330429077,
memory_pressured_residual,0.0,1,edf,21,True,True,1095.0,1,195.0,7,1040.0,0.0004027431132271886,
memory_pressured_residual,0.0,1,fastest_device,21,True,True,805.0,0,0.0,12,465.0,0.0003043069737032056,
memory_pressured_residual,0.0,1,cpsat,21,True,True,855.0,0,0.0,8,540.0,10.023641867912374,
memory_pressured_residual,0.0,1,gnn_placement,21,True,True,845.0,0,0.0,8,505.0,0.015777481952682137,
memory_pressured_residual,0.0,1,simulated_annealing,21,True,True,820.0,0,0.0,13,500.0,0.043859164929017425,
memory_pressured_residual,0.0,1,peft,21,True,True,845.0,0,0.0,8,505.0,0.0008026609430089593,
memory_pressured_residual,0.0,2,heft,21,True,True,845.0,0,0.0,8,505.0,0.0005693989805877209,
memory_pressured_residual,0.0,2,edf,21,True,True,1095.0,1,195.0,7,1040.0,0.0005784759996458888,
memory_pressured_residual,0.0,2,fastest_device,21,True,True,805.0,0,0.0,12,465.0,0.0003105080686509609,
memory_pressured_residual,0.0,2,cpsat,21,True,True,855.0,0,0.0,8,540.0,10.02260084298905,
memory_pressured_residual,0.0,2,gnn_placement,21,True,True,845.0,0,0.0,8,505.0,0.007931152009405196,
memory_pressured_residual,0.0,2,simulated_annealing,21,True,True,820.0,0,0.0,13,500.0,0.030640651937574148,
memory_pressured_residual,0.0,2,peft,21,True,True,845.0,0,0.0,8,505.0,0.0005816919729113579,
memory_pressured_residual,0.0,3,heft,21,True,True,845.0,0,0.0,8,505.0,0.0004416370065882802,
memory_pressured_residual,0.0,3,edf,21,True,True,1095.0,1,195.0,7,1040.0,0.00043825001921504736,
memory_pressured_residual,0.0,3,fastest_device,21,True,True,805.0,0,0.0,12,465.0,0.00032560701947659254,
memory_pressured_residual,0.0,3,cpsat,21,True,True,855.0,0,0.0,8,540.0,10.018988304072991,
memory_pressured_residual,0.0,3,gnn_placement,21,True,True,845.0,0,0.0,8,505.0,0.002639822894707322,
memory_pressured_residual,0.0,3,simulated_annealing,21,True,True,820.0,0,0.0,13,500.0,0.03527249989565462,
memory_pressured_residual,0.0,3,peft,21,True,True,845.0,0,0.0,8,505.0,0.0005469470052048564,
memory_pressured_residual,0.0,4,heft,21,True,True,845.0,0,0.0,8,505.0,0.00040027895011007786,
memory_pressured_residual,0.0,4,edf,21,True,True,1095.0,1,195.0,7,1040.0,0.00040622998494654894,
memory_pressured_residual,0.0,4,fastest_device,21,True,True,805.0,0,0.0,12,465.0,0.0002954599913209677,
memory_pressured_residual,0.0,4,cpsat,21,True,True,855.0,0,0.0,8,540.0,10.017930679954588,
memory_pressured_residual,0.0,4,gnn_placement,21,True,True,845.0,0,0.0,8,505.0,0.006497664959169924,
memory_pressured_residual,0.0,4,simulated_annealing,21,True,True,820.0,0,0.0,13,500.0,0.03210511791985482,
memory_pressured_residual,0.0,4,peft,21,True,True,845.0,0,0.0,8,505.0,0.0006328800227493048,
memory_pressured_residual,10.0,0,heft,21,True,True,825.3575664555414,0,0.0,8,518.0019947005112,0.00043789995834231377,
memory_pressured_residual,10.0,0,edf,21,True,True,1071.0875192592705,1,171.0875192592705,7,1021.108741440655,0.0004270990611985326,
memory_pressured_residual,10.0,0,fastest_device,21,True,True,805.538109687715,0,0.0,16,453.1825379326849,0.00030232290737330914,
memory_pressured_residual,10.0,0,cpsat,21,True,False,890.4122624090918,0,0.0,10,728.8082767094395,10.021354204975069,
memory_pressured_residual,10.0,0,gnn_placement,21,True,True,825.3575664555414,0,0.0,8,518.0019947005112,0.01661009108647704,
memory_pressured_residual,10.0,0,simulated_annealing,21,True,True,795.668205283444,0,0.0,14,478.3126335284139,0.031102488050237298,
memory_pressured_residual,10.0,0,peft,21,True,True,825.3575664555414,0,0.0,8,518.0019947005112,0.0005871220491826534,
memory_pressured_residual,10.0,1,heft,21,True,True,870.7353918424704,0,0.0,8,534.373387593417,0.00041069905273616314,
memory_pressured_residual,10.0,1,edf,21,True,True,1119.94826242187,1,219.9482624218699,7,1068.7206653336584,0.0004293640376999974,
memory_pressured_residual,10.0,1,fastest_device,21,True,True,832.1759800501925,0,0.0,15,480.81397580113884,0.0003178019542247057,
memory_pressured_residual,10.0,1,cpsat,21,True,False,895.1398883014981,0,0.0,9,661.3014495434034,10.02111683296971,
memory_pressured_residual,10.0,1,gnn_placement,21,True,True,870.7353918424704,0,0.0,8,534.373387593417,0.007141996058635414,
memory_pressured_residual,10.0,1,simulated_annealing,21,True,True,841.9943676415429,0,0.0,13,524.7808957617679,0.04502604599110782,
memory_pressured_residual,10.0,1,peft,21,True,True,870.7353918424704,0,0.0,8,534.373387593417,0.0008289309917017817,
memory_pressured_residual,10.0,2,heft,21,True,True,831.7436797908466,0,0.0,8,499.02068939430774,0.0006376480450853705,
memory_pressured_residual,10.0,2,edf,21,True,True,1131.205870819803,1,231.20587081980307,7,1077.3909961319337,0.0004363870248198509,
memory_pressured_residual,10.0,2,fastest_device,21,True,True,787.6500722617492,0,0.0,13,449.9270818652104,0.00032244191970676184,
memory_pressured_residual,10.0,2,cpsat,21,True,False,885.800417746405,0,0.0,9,650.9717135654997,10.024066110956483,
memory_pressured_residual,10.0,2,gnn_placement,21,True,True,831.7436797908466,0,0.0,8,499.02068939430774,0.011963433935306966,
memory_pressured_residual,10.0,2,simulated_annealing,21,True,True,811.2755425658024,0,0.0,14,489.5900023418398,0.0449971619527787,
memory_pressured_residual,10.0,2,peft,21,True,True,831.7436797908466,0,0.0,8,499.02068939430774,0.0008367360569536686,
memory_pressured_residual,10.0,3,heft,21,True,True,838.6600314161384,0,0.0,8,499.2577280012876,0.0005867619765922427,
memory_pressured_residual,10.0,3,edf,21,True,True,1124.2140460158669,1,224.21404601586687,7,1070.3709809304632,0.0005849989829584956,
memory_pressured_residual,10.0,3,fastest_device,21,True,True,808.0060603284577,0,0.0,12,468.60375691360696,0.0004349451046437025,
memory_pressured_residual,10.0,3,cpsat,21,True,False,886.6351225267088,0,0.0,8,650.284742175689,10.018400219967589,
memory_pressured_residual,10.0,3,gnn_placement,21,True,True,838.6600314161384,0,0.0,8,499.2577280012876,0.009117119014263153,
memory_pressured_residual,10.0,3,simulated_annealing,21,True,True,808.0060603284577,0,0.0,12,468.60375691360696,0.030521987937390804,
memory_pressured_residual,10.0,3,peft,21,True,True,838.6600314161384,0,0.0,8,499.2577280012876,0.0005925929872319102,
memory_pressured_residual,10.0,4,heft,21,True,True,859.2371195882623,0,0.0,8,517.2077661176802,0.0004070519935339689,
memory_pressured_residual,10.0,4,edf,21,True,True,1110.62311428588,1,210.6231142858801,7,1054.4802083611341,0.00040298409294337034,
memory_pressured_residual,10.0,4,fastest_device,21,True,True,827.2255037632591,0,0.0,13,480.1961502926771,0.00031566794496029615,
memory_pressured_residual,10.0,4,cpsat,21,True,False,888.3236850551236,0,0.0,9,650.6153413830712,10.024839413003065,
memory_pressured_residual,10.0,4,gnn_placement,21,True,True,859.2371195882623,0,0.0,8,517.2077661176802,0.013160231988877058,
memory_pressured_residual,10.0,4,simulated_annealing,21,True,True,827.2255037632591,0,0.0,13,480.1961502926771,0.03987934300675988,
memory_pressured_residual,10.0,4,peft,21,True,True,859.2371195882623,0,0.0,8,517.2077661176802,0.0005996659165248275,
memory_pressured_residual,25.0,0,heft,21,True,True,788.8531588316299,0,0.0,14,555.8453188457353,0.00043767003808170557,
memory_pressured_residual,25.0,0,edf,21,True,True,1191.3430922437658,1,291.3430922437658,9,1161.3430922437658,0.00042940396815538406,
memory_pressured_residual,25.0,0,fastest_device,21,True,True,772.3167609043688,0,0.0,14,448.274637377843,0.0003237940836697817,
memory_pressured_residual,25.0,0,cpsat,21,True,False,807.1234290216089,0,0.0,12,705.0680805787158,10.017074665054679,
memory_pressured_residual,25.0,0,gnn_placement,21,True,True,1001.9680703769715,1,101.96807037697147,0,823.436231105739,0.0065578490030020475,
memory_pressured_residual,25.0,0,simulated_annealing,21,True,True,770.0819332915893,0,0.0,14,555.8122037761044,0.03035562194418162,
memory_pressured_residual,25.0,0,peft,21,True,True,788.8531588316299,0,0.0,14,555.8453188457353,0.0005608840147033334,
memory_pressured_residual,25.0,1,heft,21,True,True,791.542392172926,0,0.0,8,505.1652617739685,0.00038710399530828,
memory_pressured_residual,25.0,1,edf,21,True,True,1097.340967683757,1,197.34096768375707,7,1045.6504313290077,0.00039136200211942196,
memory_pressured_residual,25.0,1,fastest_device,21,True,True,755.812841881453,0,0.0,15,429.4357114824955,0.0003095959546044469,
memory_pressured_residual,25.0,1,cpsat,21,True,False,811.3828760641088,0,0.0,9,700.1995866234104,7.41550073295366,
memory_pressured_residual,25.0,1,gnn_placement,21,True,True,1015.5676494743562,1,115.56764947435624,0,825.7902430478165,0.015372755005955696,
memory_pressured_residual,25.0,1,simulated_annealing,21,True,True,746.3405076199555,0,0.0,15,484.0241011636572,0.029983195941895247,
memory_pressured_residual,25.0,1,peft,21,True,True,791.542392172926,0,0.0,8,505.1652617739685,0.0005344829987734556,
memory_pressured_residual,25.0,2,heft,21,True,True,807.9466964231898,0,0.0,15,535.1778361032354,0.000400288961827755,
memory_pressured_residual,25.0,2,edf,21,True,True,1122.0962562389184,1,222.0962562389184,7,1071.5704260268606,0.00039703294169157743,
memory_pressured_residual,25.0,2,fastest_device,21,True,True,804.886723196747,0,0.0,14,466.2276035155984,0.00030905602034181356,
memory_pressured_residual,25.0,2,cpsat,21,True,False,899.3766770279931,0,0.0,9,780.1635182762236,10.018763692933135,
memory_pressured_residual,25.0,2,gnn_placement,21,True,True,1013.3212191945124,1,113.32121919451242,0,816.4265884844192,0.0323426480172202,
memory_pressured_residual,25.0,2,simulated_annealing,21,True,True,777.5626251260825,0,0.0,15,619.1060343342845,0.030872392002493143,
memory_pressured_residual,25.0,2,peft,21,True,True,807.9466964231898,0,0.0,15,535.1778361032354,0.0005730760749429464,
memory_pressured_residual,25.0,3,heft,21,True,True,780.9922006578154,0,0.0,10,526.2613380718939,0.0003992370329797268,
memory_pressured_residual,25.0,3,edf,21,True,True,1169.133773505859,1,269.1337735058589,7,1122.393714991698,0.0004080529324710369,
memory_pressured_residual,25.0,3,fastest_device,21,True,True,771.1180423972911,0,0.0,14,451.1083254567053,0.00030143093317747116,
memory_pressured_residual,25.0,3,cpsat,21,True,False,808.9656230583239,0,0.0,9,662.1935059037172,10.016347381984815,
memory_pressured_residual,25.0,3,gnn_placement,21,True,True,780.9922006578154,0,0.0,10,526.2613380718939,0.023826466989703476,
memory_pressured_residual,25.0,3,simulated_annealing,21,True,True,761.3602948983535,0,0.0,14,588.0064196565892,0.0363225310575217,
memory_pressured_residual,25.0,3,peft,21,True,True,780.9922006578154,0,0.0,10,526.2613380718939,0.0006175709422677755,
memory_pressured_residual,25.0,4,heft,21,True,True,857.3054879654655,0,0.0,8,526.2994405323827,0.0004590399330481887,
memory_pressured_residual,25.0,4,edf,21,True,True,1117.2324203590485,1,217.23242035904855,8,1082.2324203590485,0.0004565449198707938,
memory_pressured_residual,25.0,4,fastest_device,21,True,True,806.3071622543459,0,0.0,13,470.30111482126324,0.00033548602368682623,
memory_pressured_residual,25.0,4,cpsat,21,True,False,895.0687858801507,0,0.0,12,692.0110130048672,10.022685643984005,
memory_pressured_residual,25.0,4,gnn_placement,21,True,True,857.3054879654655,0,0.0,8,526.2994405323827,0.010803275974467397,
memory_pressured_residual,25.0,4,simulated_annealing,21,True,True,782.0661707018434,0,0.0,15,477.12792300011927,0.039540019002743065,
memory_pressured_residual,25.0,4,peft,21,True,True,857.3054879654655,0,0.0,8,526.2994405323827,0.000572105054743588,
memory_pressured_residual,50.0,0,heft,21,True,True,728.5824409290608,0,0.0,11,523.251511071694,0.00038976804353296757,
memory_pressured_residual,50.0,0,edf,21,True,True,1134.8232383412874,1,234.82323834128738,9,1104.8232383412874,0.00040202203672379255,
memory_pressured_residual,50.0,0,fastest_device,21,True,True,775.4635082185254,0,0.0,16,470.10297494320184,0.0003020529402419925,
memory_pressured_residual,50.0,0,cpsat,21,True,False,792.4407544326443,0,0.0,9,699.0999723367951,6.809423677972518,
memory_pressured_residual,50.0,0,gnn_placement,21,True,True,728.5824409290608,0,0.0,11,523.251511071694,0.016105324029922485,
memory_pressured_residual,50.0,0,simulated_annealing,21,True,True,728.5824409290608,0,0.0,11,523.251511071694,0.029671395081095397,
memory_pressured_residual,50.0,0,peft,21,True,True,728.5824409290608,0,0.0,11,523.251511071694,0.0005695290165022016,
memory_pressured_residual,50.0,1,heft,21,True,True,799.5527954368895,0,0.0,11,506.72167705658404,0.0004040859639644623,
memory_pressured_residual,50.0,1,edf,21,True,True,1214.6598286195967,1,314.65982861959674,8,1179.6598286195967,0.0004216489614918828,
memory_pressured_residual,50.0,1,fastest_device,21,True,True,778.1175764520217,0,0.0,12,431.3983865293036,0.00030015897937119007,
memory_pressured_residual,50.0,1,cpsat,21,True,False,744.4635744398183,0,0.0,11,502.35561944213345,10.017009973991662,
memory_pressured_residual,50.0,1,gnn_placement,21,True,True,799.5527954368895,0,0.0,11,506.72167705658404,0.03125569794792682,
memory_pressured_residual,50.0,1,simulated_annealing,21,True,True,719.8068889062399,0,0.0,12,433.59585372994104,0.043648436083458364,
memory_pressured_residual,50.0,1,peft,21,True,True,799.5527954368895,0,0.0,11,506.72167705658404,0.0005679860478267074,
memory_pressured_residual,50.0,2,heft,21,True,True,716.436315640711,0,0.0,10,486.9811207473512,0.0003929350059479475,
memory_pressured_residual,50.0,2,edf,21,True,True,1122.839396221335,1,222.83939622133494,7,1091.589396221335,0.00039213302079588175,
memory_pressured_residual,50.0,2,fastest_device,21,True,True,713.4633338274648,0,0.0,8,476.6056838970604,0.0002956100506708026,
memory_pressured_residual,50.0,2,cpsat,21,True,False,762.7028982199706,0,0.0,6,701.7461200783293,2.5331902030156925,
memory_pressured_residual,50.0,2,gnn_placement,21,True,True,716.436315640711,0,0.0,10,486.9811207473512,0.05767282599117607,
memory_pressured_residual,50.0,2,simulated_annealing,21,True,True,716.436315640711,0,0.0,10,486.9811207473512,0.031042404007166624,
memory_pressured_residual,50.0,2,peft,21,True,True,716.436315640711,0,0.0,10,486.9811207473512,0.0005655619315803051,
memory_pressured_residual,50.0,3,heft,21,True,True,790.8939448616527,0,0.0,10,562.950863763723,0.0004277799744158983,
memory_pressured_residual,50.0,3,edf,21,True,True,1140.9592192720384,1,240.95921927203835,7,1094.7566235290244,0.0004045760724693537,
memory_pressured_residual,50.0,3,fastest_device,21,True,True,798.5897965843359,0,0.0,14,465.45258238178513,0.00031706097070127726,
memory_pressured_residual,50.0,3,cpsat,21,True,False,820.2497054820329,0,0.0,9,635.2801191399088,10.02512753708288,
memory_pressured_residual,50.0,3,gnn_placement,21,True,True,790.8939448616527,0,0.0,10,562.950863763723,0.054869954008609056,
memory_pressured_residual,50.0,3,simulated_annealing,21,True,True,773.6729489298161,0,0.0,13,575.6583258977305,0.03192644892260432,
memory_pressured_residual,50.0,3,peft,21,True,True,790.8939448616527,0,0.0,10,562.950863763723,0.000615377095527947,
memory_pressured_residual,50.0,4,heft,21,True,True,609.5587435048348,0,0.0,13,374.72230185039723,0.00040442601311951876,
memory_pressured_residual,50.0,4,edf,21,True,True,1043.812070714679,1,143.81207071467907,9,1008.812070714679,0.0004012399585917592,
memory_pressured_residual,50.0,4,fastest_device,21,True,True,575.0627267932456,0,0.0,14,340.2262851388083,0.0003010709770023823,
memory_pressured_residual,50.0,4,cpsat,21,True,False,710.6854297253245,0,0.0,11,523.6876759902877,10.01835141191259,
memory_pressured_residual,50.0,4,gnn_placement,21,True,True,609.5587435048348,0,0.0,13,374.72230185039723,0.020851389039307833,
memory_pressured_residual,50.0,4,simulated_annealing,21,True,True,575.0627267932456,0,0.0,14,340.2262851388083,0.029880782938562334,
memory_pressured_residual,50.0,4,peft,21,True,True,609.5587435048348,0,0.0,13,374.72230185039723,0.0005702100461348891,
tiny_op_quantized_chain,0.0,0,heft,25,True,True,224.0,0,0.0,1,219.0,0.0006125409854575992,
tiny_op_quantized_chain,0.0,0,edf,25,True,True,350.0,0,0.0,0,350.0,0.000489979051053524,
tiny_op_quantized_chain,0.0,0,fastest_device,25,True,True,390.0,0,0.0,10,90.0,0.00036933005321770906,
tiny_op_quantized_chain,0.0,0,cpsat,25,True,True,220.0,0,0.0,0,220.0,0.4738168210024014,
tiny_op_quantized_chain,0.0,0,gnn_placement,25,True,True,220.0,0,0.0,0,220.0,0.035175277036614716,
tiny_op_quantized_chain,0.0,0,simulated_annealing,25,True,True,224.0,0,0.0,1,219.0,0.0513200459536165,
tiny_op_quantized_chain,0.0,0,peft,25,True,True,224.0,0,0.0,1,219.0,0.0010338900610804558,
tiny_op_quantized_chain,0.0,1,heft,25,True,True,224.0,0,0.0,1,219.0,0.0008060380350798368,
tiny_op_quantized_chain,0.0,1,edf,25,True,True,350.0,0,0.0,0,350.0,0.0007892249850556254,
tiny_op_quantized_chain,0.0,1,fastest_device,25,True,True,390.0,0,0.0,10,90.0,0.0003797499230131507,
tiny_op_quantized_chain,0.0,1,cpsat,25,True,True,220.0,0,0.0,0,220.0,0.2701025069691241,
tiny_op_quantized_chain,0.0,1,gnn_placement,25,True,True,220.0,0,0.0,0,220.0,0.01488211506512016,
tiny_op_quantized_chain,0.0,1,simulated_annealing,25,True,True,224.0,0,0.0,1,219.0,0.03518421296030283,
tiny_op_quantized_chain,0.0,1,peft,25,True,True,224.0,0,0.0,1,219.0,0.0006490499945357442,
tiny_op_quantized_chain,0.0,2,heft,25,True,True,224.0,0,0.0,1,219.0,0.0004847890231758356,
tiny_op_quantized_chain,0.0,2,edf,25,True,True,350.0,0,0.0,0,350.0,0.0004962000530213118,
tiny_op_quantized_chain,0.0,2,fastest_device,25,True,True,390.0,0,0.0,10,90.0,0.0003716339124366641,
tiny_op_quantized_chain,0.0,2,cpsat,25,True,True,220.0,0,0.0,0,220.0,0.25111696403473616,
tiny_op_quantized_chain,0.0,2,gnn_placement,25,True,True,220.0,0,0.0,0,220.0,0.015005568973720074,
tiny_op_quantized_chain,0.0,2,simulated_annealing,25,True,True,224.0,0,0.0,1,219.0,0.04131592495832592,
tiny_op_quantized_chain,0.0,2,peft,25,True,True,224.0,0,0.0,1,219.0,0.0007717720000073314,
tiny_op_quantized_chain,0.0,3,heft,25,True,True,224.0,0,0.0,1,219.0,0.00054449203889817,
tiny_op_quantized_chain,0.0,3,edf,25,True,True,350.0,0,0.0,0,350.0,0.0006504619959741831,
tiny_op_quantized_chain,0.0,3,fastest_device,25,True,True,390.0,0,0.0,10,90.0,0.00047579105012118816,
tiny_op_quantized_chain,0.0,3,cpsat,25,True,True,220.0,0,0.0,0,220.0,0.35868671897333115,
tiny_op_quantized_chain,0.0,3,gnn_placement,25,True,True,220.0,0,0.0,0,220.0,0.009508411050774157,
tiny_op_quantized_chain,0.0,3,simulated_annealing,25,True,True,224.0,0,0.0,1,219.0,0.043032649089582264,
tiny_op_quantized_chain,0.0,3,peft,25,True,True,224.0,0,0.0,1,219.0,0.0008500509429723024,
tiny_op_quantized_chain,0.0,4,heft,25,True,True,224.0,0,0.0,1,219.0,0.0005926330341026187,
tiny_op_quantized_chain,0.0,4,edf,25,True,True,350.0,0,0.0,0,350.0,0.0006505430210381746,
tiny_op_quantized_chain,0.0,4,fastest_device,25,True,True,390.0,0,0.0,10,90.0,0.0003704620758071542,
tiny_op_quantized_chain,0.0,4,cpsat,25,True,True,220.0,0,0.0,0,220.0,0.4922469420125708,
tiny_op_quantized_chain,0.0,4,gnn_placement,25,True,True,220.0,0,0.0,0,220.0,0.032768164994195104,
tiny_op_quantized_chain,0.0,4,simulated_annealing,25,True,True,224.0,0,0.0,1,219.0,0.03759729699231684,
tiny_op_quantized_chain,0.0,4,peft,25,True,True,224.0,0,0.0,1,219.0,0.0006432289956137538,
tiny_op_quantized_chain,10.0,0,heft,25,True,True,224.8724586934591,0,0.0,1,219.8724586934591,0.0004887770628556609,
tiny_op_quantized_chain,10.0,0,edf,25,True,True,348.2038310209532,0,0.0,0,348.2038310209532,0.0004908100236207247,
tiny_op_quantized_chain,10.0,0,fastest_device,25,True,True,389.57340102461853,0,0.0,10,89.57340102461858,0.00038219394627958536,
tiny_op_quantized_chain,10.0,0,cpsat,25,True,False,213.88027058971167,0,0.0,0,213.3728898448464,0.3125224548857659,
tiny_op_quantized_chain,10.0,0,gnn_placement,25,True,True,220.5106772453976,0,0.0,0,220.5106772453976,0.0026265180204063654,
tiny_op_quantized_chain,10.0,0,simulated_annealing,25,True,True,224.8724586934591,0,0.0,1,219.8724586934591,0.03940409095957875,
tiny_op_quantized_chain,10.0,0,peft,25,True,True,224.8724586934591,0,0.0,1,219.8724586934591,0.0006727949948981404,
tiny_op_quantized_chain,10.0,1,heft,25,True,True,227.41074949532654,0,0.0,1,222.41074949532654,0.0005161879817023873,
tiny_op_quantized_chain,10.0,1,edf,25,True,True,350.18752702422427,0,0.0,0,350.18752702422427,0.0004763129400089383,
tiny_op_quantized_chain,10.0,1,fastest_device,25,True,True,386.64491493917245,0,0.0,10,86.64491493917247,0.0003659740323200822,
tiny_op_quantized_chain,10.0,1,cpsat,25,True,False,220.24751621880483,0,0.0,0,220.6310432879912,2.3308971910737455,
tiny_op_quantized_chain,10.0,1,gnn_placement,25,True,True,224.08254753869755,0,0.0,0,224.08254753869755,0.016221072990447283,
tiny_op_quantized_chain,10.0,1,simulated_annealing,25,True,True,227.41074949532654,0,0.0,1,222.41074949532654,0.0352068260544911,
tiny_op_quantized_chain,10.0,1,peft,25,True,True,227.41074949532654,0,0.0,1,222.41074949532654,0.0006586479721590877,
tiny_op_quantized_chain,10.0,2,heft,25,True,True,240.35758172694375,0,0.0,1,210.35758172694375,0.00048068095929920673,
tiny_op_quantized_chain,10.0,2,edf,25,True,True,338.8517545027867,0,0.0,0,338.8517545027867,0.00046642404049634933,
tiny_op_quantized_chain,10.0,2,fastest_device,25,True,True,387.8852916079832,0,0.0,10,87.88529160798335,0.0003616450121626258,
tiny_op_quantized_chain,10.0,2,cpsat,25,True,False,216.82323429269684,0,0.0,0,216.51248119895416,1.7514878140063956,
tiny_op_quantized_chain,10.0,2,gnn_placement,25,True,True,226.00321515587513,0,0.0,0,226.00321515587513,0.010826910031028092,
tiny_op_quantized_chain,10.0,2,simulated_annealing,25,True,True,240.35758172694375,0,0.0,1,210.35758172694375,0.04927133291494101,
tiny_op_quantized_chain,10.0,2,peft,25,True,True,240.35758172694375,0,0.0,1,210.35758172694375,0.0006773140048608184,
tiny_op_quantized_chain,10.0,3,heft,25,True,True,216.55200078582286,0,0.0,1,211.55200078582286,0.0005081429844722152,
tiny_op_quantized_chain,10.0,3,edf,25,True,True,368.36382876124617,0,0.0,0,368.36382876124617,0.0005019810050725937,
tiny_op_quantized_chain,10.0,3,fastest_device,25,True,True,387.5294117120655,0,0.0,10,87.52941171206547,0.0004045669920742512,
tiny_op_quantized_chain,10.0,3,cpsat,25,True,False,212.37675391067648,0,0.0,0,212.48798716520218,0.7377515799598768,
tiny_op_quantized_chain,10.0,3,gnn_placement,25,True,True,212.48798716520218,0,0.0,0,212.48798716520218,0.0032784530194476247,
tiny_op_quantized_chain,10.0,3,simulated_annealing,25,True,True,216.55200078582286,0,0.0,1,211.55200078582286,0.03885747503954917,
tiny_op_quantized_chain,10.0,3,peft,25,True,True,216.55200078582286,0,0.0,1,211.55200078582286,0.0006482889875769615,
tiny_op_quantized_chain,10.0,4,heft,25,True,True,217.67512801943352,0,0.0,1,212.67512801943352,0.00047358800657093525,
tiny_op_quantized_chain,10.0,4,edf,25,True,True,369.3737199240132,0,0.0,0,369.3737199240132,0.000476934015750885,
tiny_op_quantized_chain,10.0,4,fastest_device,25,True,True,389.6650349247531,0,0.0,10,89.66503492475297,0.0003792688949033618,
tiny_op_quantized_chain,10.0,4,cpsat,25,True,False,216.06550539010914,0,0.0,0,214.52415019547445,1.0372617919929326,
tiny_op_quantized_chain,10.0,4,gnn_placement,25,True,True,214.50842879940203,0,0.0,0,214.50842879940203,0.02084856398869306,
tiny_op_quantized_chain,10.0,4,simulated_annealing,25,True,True,217.67512801943352,0,0.0,1,212.67512801943352,0.0349136310396716,
tiny_op_quantized_chain,10.0,4,peft,25,True,True,217.67512801943352,0,0.0,1,212.67512801943352,0.0006299440283328295,
tiny_op_quantized_chain,25.0,0,heft,25,True,True,250.46433606230332,0,0.0,1,220.46433606230332,0.000498714973218739,
tiny_op_quantized_chain,25.0,0,edf,25,True,True,240.55098860092792,0,0.0,0,240.55098860092792,0.00049081991892308,
tiny_op_quantized_chain,25.0,0,fastest_device,25,True,True,402.2636729628357,0,0.0,13,87.26367296283564,0.0003932859981432557,
tiny_op_quantized_chain,25.0,0,cpsat,25,True,False,226.0559532660794,0,0.0,0,224.53139044851693,1.3046226829756051,
tiny_op_quantized_chain,25.0,0,gnn_placement,25,True,True,240.55098860092792,0,0.0,0,240.55098860092792,0.002714004018343985,
tiny_op_quantized_chain,25.0,0,simulated_annealing,25,True,True,250.46433606230332,0,0.0,1,220.46433606230332,0.04938285402022302,
tiny_op_quantized_chain,25.0,0,peft,25,True,True,250.46433606230332,0,0.0,1,220.46433606230332,0.0006596000166609883,
tiny_op_quantized_chain,25.0,1,heft,25,True,True,228.20939358618313,0,0.0,2,193.20939358618313,0.00047891796566545963,
tiny_op_quantized_chain,25.0,1,edf,25,True,True,351.2147435278236,0,0.0,0,351.2147435278236,0.00047561200335621834,
tiny_op_quantized_chain,25.0,1,fastest_device,25,True,True,412.0410774980264,0,0.0,14,92.04107749802643,0.00043956295121461153,
tiny_op_quantized_chain,25.0,1,cpsat,25,True,False,204.18583130991698,0,0.0,0,206.50081066320155,0.8703459419775754,
tiny_op_quantized_chain,25.0,1,gnn_placement,25,True,True,206.50081066320155,0,0.0,0,206.50081066320155,0.04873873293399811,
tiny_op_quantized_chain,25.0,1,simulated_annealing,25,True,True,225.04481734992305,0,0.0,5,200.04481734992305,0.0346287009306252,
tiny_op_quantized_chain,25.0,1,peft,25,True,True,228.20939358618313,0,0.0,2,193.20939358618313,0.000662636011838913,
tiny_op_quantized_chain,25.0,2,heft,25,True,True,205.31767482922245,0,0.0,1,200.31767482922245,0.0004985149716958404,
tiny_op_quantized_chain,25.0,2,edf,25,True,True,345.35644948786876,0,0.0,0,345.35644948786876,0.0004944270476698875,
tiny_op_quantized_chain,25.0,2,fastest_device,25,True,True,393.4216142444127,0,0.0,12,83.4216142444127,0.0003822139697149396,
tiny_op_quantized_chain,25.0,2,cpsat,25,True,False,201.15319622468905,0,0.0,0,201.6898488152503,0.3315706360153854,
tiny_op_quantized_chain,25.0,2,gnn_placement,25,True,True,201.6898488152503,0,0.0,0,201.6898488152503,0.009120065020397305,
tiny_op_quantized_chain,25.0,2,simulated_annealing,25,True,True,205.31767482922245,0,0.0,1,200.31767482922245,0.03534930699970573,
tiny_op_quantized_chain,25.0,2,peft,25,True,True,205.31767482922245,0,0.0,1,200.31767482922245,0.0006573860300704837,
tiny_op_quantized_chain,25.0,3,heft,25,True,True,238.13495928227613,0,0.0,1,208.13495928227613,0.00047170405741780996,
tiny_op_quantized_chain,25.0,3,edf,25,True,True,216.32138609288688,0,0.0,0,216.32138609288688,0.00047387799713760614,
tiny_op_quantized_chain,25.0,3,fastest_device,25,True,True,414.6811763857389,0,0.0,14,94.68117638573894,0.00037200504448264837,
tiny_op_quantized_chain,25.0,3,cpsat,25,True,False,218.47809662397805,0,0.0,0,216.32138609288688,1.1997952070087194,
tiny_op_quantized_chain,25.0,3,gnn_placement,25,True,True,216.32138609288688,0,0.0,0,216.32138609288688,0.037290695938281715,
tiny_op_quantized_chain,25.0,3,simulated_annealing,25,True,True,227.97257649202743,0,0.0,5,202.97257649202743,0.052318919100798666,
tiny_op_quantized_chain,25.0,3,peft,25,True,True,238.13495928227613,0,0.0,1,208.13495928227613,0.0009887239430099726,
tiny_op_quantized_chain,25.0,4,heft,25,True,True,226.62357158235844,0,0.0,2,191.62357158235844,0.0007365470519289374,
tiny_op_quantized_chain,25.0,4,edf,25,True,True,316.76221239464456,0,0.0,0,316.76221239464456,0.0005289019318297505,
tiny_op_quantized_chain,25.0,4,fastest_device,25,True,True,411.4691542015122,0,0.0,14,91.46915420151214,0.0005318780895322561,
tiny_op_quantized_chain,25.0,4,cpsat,25,True,False,199.7573510781066,0,0.0,0,198.93489197347256,0.8706329060951248,
tiny_op_quantized_chain,25.0,4,gnn_placement,25,True,True,228.73263717109234,0,0.0,0,228.73263717109234,0.007027578889392316,
tiny_op_quantized_chain,25.0,4,simulated_annealing,25,True,True,226.62357158235844,0,0.0,2,191.62357158235844,0.034646505024284124,
tiny_op_quantized_chain,25.0,4,peft,25,True,True,226.62357158235844,0,0.0,2,191.62357158235844,0.0006697899661958218,
tiny_op_quantized_chain,50.0,0,heft,25,True,True,223.13267442679202,0,0.0,1,193.13267442679205,0.0005816719494760036,
tiny_op_quantized_chain,50.0,0,edf,25,True,True,457.01917018281455,0,0.0,0,457.01917018281455,0.0005131019279360771,
tiny_op_quantized_chain,50.0,0,fastest_device,25,True,True,416.49382205934836,0,0.0,18,76.49382205934839,0.00037761498242616653,
tiny_op_quantized_chain,50.0,0,cpsat,25,True,False,197.72750465057644,0,0.0,0,198.32996739442697,1.3335721499752253,
tiny_op_quantized_chain,50.0,0,gnn_placement,25,True,True,224.50677414007976,0,0.0,0,224.50677414007976,0.028724750969558954,
tiny_op_quantized_chain,50.0,0,simulated_annealing,25,True,True,223.13267442679202,0,0.0,1,193.13267442679205,0.035039820009842515,
tiny_op_quantized_chain,50.0,0,peft,25,True,True,223.13267442679202,0,0.0,1,193.13267442679205,0.0006488290382549167,
tiny_op_quantized_chain,50.0,1,heft,25,True,True,238.97660619025686,0,0.0,1,208.97660619025686,0.00047907792031764984,
tiny_op_quantized_chain,50.0,1,edf,25,True,True,352.5514123163878,0,0.0,0,352.5514123163878,0.00047122302930802107,
tiny_op_quantized_chain,50.0,1,fastest_device,25,True,True,509.27905061313146,0,0.0,17,74.27905061313149,0.00038481003139168024,
tiny_op_quantized_chain,50.0,1,cpsat,25,True,False,215.49298597692342,0,0.0,0,214.24045317383127,1.132822324987501,
tiny_op_quantized_chain,50.0,1,gnn_placement,25,True,True,225.62594729740013,0,0.0,0,225.62594729740013,0.016442643012851477,
tiny_op_quantized_chain,50.0,1,simulated_annealing,25,True,True,238.97660619025686,0,0.0,1,208.97660619025686,0.034721076022833586,
tiny_op_quantized_chain,50.0,1,peft,25,True,True,238.97660619025686,0,0.0,1,208.97660619025686,0.0006484590703621507,
tiny_op_quantized_chain,50.0,2,heft,25,True,True,222.72859910079796,0,0.0,2,212.72859910079796,0.0004841480404138565,
tiny_op_quantized_chain,50.0,2,edf,25,True,True,222.1824843051125,0,0.0,0,222.1824843051125,0.0004816930741071701,
tiny_op_quantized_chain,50.0,2,fastest_device,25,True,True,530.8544904270317,0,0.0,19,85.85449042703168,0.0003651930019259453,
tiny_op_quantized_chain,50.0,2,cpsat,25,True,False,193.74572680625192,0,0.0,0,195.151772009264,0.4478954339865595,
tiny_op_quantized_chain,50.0,2,gnn_placement,25,True,True,222.1824843051125,0,0.0,0,222.1824843051125,0.03794057702179998,
tiny_op_quantized_chain,50.0,2,simulated_annealing,25,True,True,222.72859910079796,0,0.0,2,212.72859910079796,0.035036514047533274,
tiny_op_quantized_chain,50.0,2,peft,25,True,True,222.72859910079796,0,0.0,2,212.72859910079796,0.0006459940923377872,
tiny_op_quantized_chain,50.0,3,heft,25,True,True,141.98725708004392,0,0.0,5,116.98725708004393,0.0004884450463578105,
tiny_op_quantized_chain,50.0,3,edf,25,True,True,216.32954933715266,0,0.0,0,216.32954933715266,0.0005020020762458444,
tiny_op_quantized_chain,50.0,3,fastest_device,25,True,True,386.97271786693346,0,0.0,16,56.97271786693355,0.0003782570129260421,
tiny_op_quantized_chain,50.0,3,cpsat,25,True,False,145.76747070214563,0,0.0,1,139.06200620181409,2.6663073839154094,
tiny_op_quantized_chain,50.0,3,gnn_placement,25,True,True,155.28244610962918,0,0.0,0,155.28244610962918,0.035134920035488904,
tiny_op_quantized_chain,50.0,3,simulated_annealing,25,True,True,141.98725708004392,0,0.0,5,116.98725708004393,0.03934814501553774,
tiny_op_quantized_chain,50.0,3,peft,25,True,True,141.98725708004392,0,0.0,5,116.98725708004393,0.0007028629770502448,
tiny_op_quantized_chain,50.0,4,heft,25,True,True,203.0318343758799,0,0.0,3,163.0318343758799,0.0005448419833555818,
tiny_op_quantized_chain,50.0,4,edf,25,True,True,378.04436598024705,0,0.0,0,378.04436598024705,0.0005146649200469255,
tiny_op_quantized_chain,50.0,4,fastest_device,25,True,True,450.2619014280092,0,0.0,15,75.26190142800921,0.0003766440786421299,
tiny_op_quantized_chain,50.0,4,cpsat,25,True,False,185.6048386968302,0,0.0,1,177.07947549408394,1.7574217210058123,
tiny_op_quantized_chain,50.0,4,gnn_placement,25,True,True,203.19924628430996,0,0.0,0,203.19924628430996,0.029777106014080346,
tiny_op_quantized_chain,50.0,4,simulated_annealing,25,True,True,203.0318343758799,0,0.0,3,163.0318343758799,0.03621849394403398,
tiny_op_quantized_chain,50.0,4,peft,25,True,True,203.0318343758799,0,0.0,3,163.0318343758799,0.0006590889533981681,
heterogeneous_parallel,0.0,0,heft,18,True,True,400.0,0,0.0,5,340.0,0.00035593495704233646,
heterogeneous_parallel,0.0,0,edf,18,True,True,975.0,0,0.0,4,970.0,0.00034555490128695965,
heterogeneous_parallel,0.0,0,fastest_device,18,True,True,380.0,0,0.0,4,320.0,0.00025629589799791574,
heterogeneous_parallel,0.0,0,cpsat,18,True,True,380.0,0,0.0,4,320.0,0.0770399619359523,
heterogeneous_parallel,0.0,0,gnn_placement,18,True,True,400.0,0,0.0,5,340.0,0.023072569048963487,
heterogeneous_parallel,0.0,0,simulated_annealing,18,True,True,380.0,0,0.0,4,320.0,0.025035770027898252,
heterogeneous_parallel,0.0,0,peft,18,True,True,400.0,0,0.0,5,340.0,0.00045504304580390453,
heterogeneous_parallel,0.0,1,heft,18,True,True,400.0,0,0.0,5,340.0,0.00034471298567950726,
heterogeneous_parallel,0.0,1,edf,18,True,True,975.0,0,0.0,4,970.0,0.0003361479612067342,
heterogeneous_parallel,0.0,1,fastest_device,18,True,True,380.0,0,0.0,4,320.0,0.00025418191216886044,
heterogeneous_parallel,0.0,1,cpsat,18,True,True,380.0,0,0.0,4,320.0,0.050916380947455764,
heterogeneous_parallel,0.0,1,gnn_placement,18,True,True,400.0,0,0.0,5,340.0,0.0039337059715762734,
heterogeneous_parallel,0.0,1,simulated_annealing,18,True,True,380.0,0,0.0,4,320.0,0.028205678099766374,
heterogeneous_parallel,0.0,1,peft,18,True,True,400.0,0,0.0,5,340.0,0.0006990350084379315,
heterogeneous_parallel,0.0,2,heft,18,True,True,400.0,0,0.0,5,340.0,0.0004927540430799127,
heterogeneous_parallel,0.0,2,edf,18,True,True,975.0,0,0.0,4,970.0,0.0003657829947769642,
heterogeneous_parallel,0.0,2,fastest_device,18,True,True,380.0,0,0.0,4,320.0,0.0002620259765535593,
heterogeneous_parallel,0.0,2,cpsat,18,True,True,380.0,0,0.0,4,320.0,0.05733331304509193,
heterogeneous_parallel,0.0,2,gnn_placement,18,True,True,400.0,0,0.0,5,340.0,0.0021344260312616825,
heterogeneous_parallel,0.0,2,simulated_annealing,18,True,True,380.0,0,0.0,4,320.0,0.035483009996823967,
heterogeneous_parallel,0.0,2,peft,18,True,True,400.0,0,0.0,5,340.0,0.0006875429535284638,
heterogeneous_parallel,0.0,3,heft,18,True,True,400.0,0,0.0,5,340.0,0.0003417080733925104,
heterogeneous_parallel,0.0,3,edf,18,True,True,975.0,0,0.0,4,970.0,0.0003413470694795251,
heterogeneous_parallel,0.0,3,fastest_device,18,True,True,380.0,0,0.0,4,320.0,0.00025040493346750736,
heterogeneous_parallel,0.0,3,cpsat,18,True,True,380.0,0,0.0,4,320.0,0.07532251602970064,
heterogeneous_parallel,0.0,3,gnn_placement,18,True,True,400.0,0,0.0,5,340.0,0.001972939004190266,
heterogeneous_parallel,0.0,3,simulated_annealing,18,True,True,380.0,0,0.0,4,320.0,0.0248122860211879,
heterogeneous_parallel,0.0,3,peft,18,True,True,400.0,0,0.0,5,340.0,0.00043698796071112156,
heterogeneous_parallel,0.0,4,heft,18,True,True,400.0,0,0.0,5,340.0,0.0003252869937568903,
heterogeneous_parallel,0.0,4,edf,18,True,True,975.0,0,0.0,4,970.0,0.0003311079926788807,
heterogeneous_parallel,0.0,4,fastest_device,18,True,True,380.0,0,0.0,4,320.0,0.00024296005722135305,
heterogeneous_parallel,0.0,4,cpsat,18,True,True,380.0,0,0.0,4,320.0,0.05045756103936583,
heterogeneous_parallel,0.0,4,gnn_placement,18,True,True,400.0,0,0.0,5,340.0,0.008678246987983584,
heterogeneous_parallel,0.0,4,simulated_annealing,18,True,True,380.0,0,0.0,4,320.0,0.026589103043079376,
heterogeneous_parallel,0.0,4,peft,18,True,True,400.0,0,0.0,5,340.0,0.0004952190211042762,
heterogeneous_parallel,10.0,0,heft,18,True,True,378.08358260420005,0,0.0,4,318.08358260420005,0.00038089207373559475,
heterogeneous_parallel,10.0,0,edf,18,True,True,918.234204957021,0,0.0,4,913.234204957021,0.0003614450106397271,
heterogeneous_parallel,10.0,0,fastest_device,18,True,True,378.08358260420005,0,0.0,4,318.08358260420005,0.00025691697373986244,
heterogeneous_parallel,10.0,0,cpsat,18,True,False,377.5956829141129,0,0.0,4,318.08358260420005,0.06153208005707711,
heterogeneous_parallel,10.0,0,gnn_placement,18,True,True,378.08358260420005,0,0.0,4,318.08358260420005,0.0025706520536914468,
heterogeneous_parallel,10.0,0,simulated_annealing,18,True,True,378.08358260420005,0,0.0,4,318.08358260420005,0.036358779994770885,
heterogeneous_parallel,10.0,0,peft,18,True,True,378.08358260420005,0,0.0,4,318.08358260420005,0.0006820230046287179,
heterogeneous_parallel,10.0,1,heft,18,True,True,387.3880345014498,0,0.0,5,327.3880345014498,0.0003468369832262397,
heterogeneous_parallel,10.0,1,edf,18,True,True,983.7330048748157,0,0.0,4,978.7330048748157,0.00034807994961738586,
heterogeneous_parallel,10.0,1,fastest_device,18,True,True,377.69540061997475,0,0.0,4,317.6954006199747,0.0003862520679831505,
heterogeneous_parallel,10.0,1,cpsat,18,True,False,378.28793158799954,0,0.0,4,317.6954006199747,0.06884764495771378,
heterogeneous_parallel,10.0,1,gnn_placement,18,True,True,387.3880345014498,0,0.0,5,327.3880345014498,0.02759073197375983,
heterogeneous_parallel,10.0,1,simulated_annealing,18,True,True,377.69540061997475,0,0.0,8,317.6954006199747,0.037060569040477276,
heterogeneous_parallel,10.0,1,peft,18,True,True,387.3880345014498,0,0.0,5,327.3880345014498,0.0006684069521725178,
heterogeneous_parallel,10.0,2,heft,18,True,True,386.49963484911734,0,0.0,5,326.49963484911734,0.00033626798540353775,
heterogeneous_parallel,10.0,2,edf,18,True,True,958.5771183957764,0,0.0,4,953.5771183957764,0.00034020503517240286,
heterogeneous_parallel,10.0,2,fastest_device,18,True,True,378.741278505712,0,0.0,4,318.74127850571205,0.0002607540227472782,
heterogeneous_parallel,10.0,2,cpsat,18,True,False,378.3769289403133,0,0.0,4,318.74127850571205,0.05681598198134452,
heterogeneous_parallel,10.0,2,gnn_placement,18,True,True,386.49963484911734,0,0.0,5,326.49963484911734,0.0035653270315378904,
heterogeneous_parallel,10.0,2,simulated_annealing,18,True,True,378.741278505712,0,0.0,6,318.74127850571205,0.03634812997188419,
heterogeneous_parallel,10.0,2,peft,18,True,True,386.49963484911734,0,0.0,5,326.49963484911734,0.0004914210876449943,
heterogeneous_parallel,10.0,3,heft,18,True,True,396.7897586046471,0,0.0,5,336.7897586046471,0.0005503329448401928,
heterogeneous_parallel,10.0,3,edf,18,True,True,928.5733533036248,0,0.0,4,923.5733533036248,0.0005068100290372968,
heterogeneous_parallel,10.0,3,fastest_device,18,True,True,376.92855253775764,0,0.0,5,311.92855253775764,0.0002678780583664775,
heterogeneous_parallel,10.0,3,cpsat,18,True,False,375.5392553781726,0,0.0,4,315.3728253351399,0.06961136299651116,
heterogeneous_parallel,10.0,3,gnn_placement,18,True,True,396.7897586046471,0,0.0,5,336.7897586046471,0.006566123920492828,
heterogeneous_parallel,10.0,3,simulated_annealing,18,True,True,375.3728253351399,0,0.0,8,348.2529782419833,0.025354905053973198,
heterogeneous_parallel,10.0,3,peft,18,True,True,396.7897586046471,0,0.0,5,336.7897586046471,0.0004489909624680877,
heterogeneous_parallel,10.0,4,heft,18,True,True,401.9377345422098,0,0.0,5,341.93773454220985,0.0003383510047569871,
heterogeneous_parallel,10.0,4,edf,18,True,True,1001.4894298198047,0,0.0,4,996.4894298198047,0.00034477398730814457,
heterogeneous_parallel,10.0,4,fastest_device,18,True,True,386.85102938652716,0,0.0,4,326.8510293865272,0.00025774899404495955,
heterogeneous_parallel,10.0,4,cpsat,18,True,False,385.69455585765144,0,0.0,4,326.8510293865272,0.05314290092792362,
heterogeneous_parallel,10.0,4,gnn_placement,18,True,True,401.9377345422098,0,0.0,5,341.93773454220985,0.0032695159316062927,
heterogeneous_parallel,10.0,4,simulated_annealing,18,True,True,386.85102938652716,0,0.0,4,326.8510293865272,0.027474681963212788,
heterogeneous_parallel,10.0,4,peft,18,True,True,401.9377345422098,0,0.0,5,341.93773454220985,0.0004892470315098763,
heterogeneous_parallel,25.0,0,heft,18,True,True,423.4550708267159,0,0.0,5,363.4550708267159,0.00040371494833379984,
heterogeneous_parallel,25.0,0,edf,18,True,True,1043.5017889684818,0,0.0,4,1038.5017889684818,0.0003379109548404813,
heterogeneous_parallel,25.0,0,fastest_device,18,True,True,407.10118122204494,0,0.0,4,347.10118122204494,0.0002516970271244645,
heterogeneous_parallel,25.0,0,cpsat,18,True,False,406.39860981214656,0,0.0,4,347.10118122204494,0.08051444694865495,
heterogeneous_parallel,25.0,0,gnn_placement,18,True,True,423.4550708267159,0,0.0,5,363.4550708267159,0.00195364304818213,
heterogeneous_parallel,25.0,0,simulated_annealing,18,True,True,409.6505111293086,0,0.0,8,389.6505111293086,0.025359852937981486,
heterogeneous_parallel,25.0,0,peft,18,True,True,423.4550708267159,0,0.0,5,363.4550708267159,0.00044310896191745996,
heterogeneous_parallel,25.0,1,heft,18,True,True,431.51677662163934,0,0.0,5,371.51677662163934,0.0003389320336282253,
heterogeneous_parallel,25.0,1,edf,18,True,True,852.3286075194479,0,0.0,4,847.3286075194479,0.0003410159843042493,
heterogeneous_parallel,25.0,1,fastest_device,18,True,True,446.6798472556844,0,0.0,6,341.82313041085104,0.0002446540165692568,
heterogeneous_parallel,25.0,1,cpsat,18,True,False,402.5146493221045,0,0.0,4,341.95178926201197,0.06679036607965827,
heterogeneous_parallel,25.0,1,gnn_placement,18,True,True,431.51677662163934,0,0.0,5,371.51677662163934,0.0035263439640402794,
heterogeneous_parallel,25.0,1,simulated_annealing,18,True,True,401.95178926201197,0,0.0,8,341.95178926201197,0.034085541032254696,
heterogeneous_parallel,25.0,1,peft,18,True,True,431.51677662163934,0,0.0,5,371.51677662163934,0.0004841380286961794,
heterogeneous_parallel,25.0,2,heft,18,True,True,345.5166728855824,0,0.0,4,285.51667288558247,0.0005137929692864418,
heterogeneous_parallel,25.0,2,edf,18,True,True,1552.8971238824308,0,0.0,4,1547.8971238824308,0.0005332309519872069,
heterogeneous_parallel,25.0,2,fastest_device,18,True,True,345.5166728855824,0,0.0,4,285.51667288558247,0.00026906991843134165,
heterogeneous_parallel,25.0,2,cpsat,18,True,False,345.29177995637144,0,0.0,4,285.51667288558247,0.04869797604624182,
heterogeneous_parallel,25.0,2,gnn_placement,18,True,True,345.5166728855824,0,0.0,4,285.51667288558247,0.002393677015788853,
heterogeneous_parallel,25.0,2,simulated_annealing,18,True,True,345.5166728855824,0,0.0,4,285.51667288558247,0.03468928509391844,
heterogeneous_parallel,25.0,2,peft,18,True,True,345.5166728855824,0,0.0,4,285.51667288558247,0.00046692497562617064,
heterogeneous_parallel,25.0,3,heft,18,True,True,354.39726138633694,0,0.0,5,289.39726138633694,0.00034671800676733255,
heterogeneous_parallel,25.0,3,edf,18,True,True,1539.285718141866,0,0.0,4,1534.285718141866,0.00033411290496587753,
heterogeneous_parallel,25.0,3,fastest_device,18,True,True,354.39726138633694,0,0.0,5,289.39726138633694,0.0002524179872125387,
heterogeneous_parallel,25.0,3,cpsat,18,True,False,353.5742471400483,0,0.0,5,289.39726138633694,0.05393708497285843,
heterogeneous_parallel,25.0,3,gnn_placement,18,True,True,354.39726138633694,0,0.0,5,289.39726138633694,0.011150824022479355,
heterogeneous_parallel,25.0,3,simulated_annealing,18,True,True,354.39726138633694,0,0.0,5,289.39726138633694,0.04212263296358287,
heterogeneous_parallel,25.0,3,peft,18,True,True,354.39726138633694,0,0.0,5,289.39726138633694,0.0007479479536414146,
heterogeneous_parallel,25.0,4,heft,18,True,True,348.60699081291233,0,0.0,4,295.7728944269824,0.0005325699457898736,
heterogeneous_parallel,25.0,4,edf,18,True,True,912.6656588176668,0,0.0,4,907.6656588176668,0.0005380000220611691,
heterogeneous_parallel,25.0,4,fastest_device,18,True,True,348.60699081291233,0,0.0,4,295.7728944269824,0.00033963401801884174,
heterogeneous_parallel,25.0,4,cpsat,18,True,False,348.2539983314646,0,0.0,4,295.7728944269824,0.06679048610385507,
heterogeneous_parallel,25.0,4,gnn_placement,18,True,True,348.60699081291233,0,0.0,4,295.7728944269824,0.0020697430009022355,
heterogeneous_parallel,25.0,4,simulated_annealing,18,True,True,348.60699081291233,0,0.0,4,295.7728944269824,0.02541389607358724,
heterogeneous_parallel,25.0,4,peft,18,True,True,348.60699081291233,0,0.0,4,295.7728944269824,0.0004637489328160882,
heterogeneous_parallel,50.0,0,heft,18,True,True,368.38307974632835,0,0.0,5,303.38307974632835,0.00034302996937185526,
heterogeneous_parallel,50.0,0,edf,18,True,True,827.2664848935001,0,0.0,4,822.2664848935001,0.0003401549765840173,
heterogeneous_parallel,50.0,0,fastest_device,18,True,True,345.89124986442243,0,0.0,4,285.89124986442243,0.00025152601301670074,
heterogeneous_parallel,50.0,0,cpsat,18,True,False,345.8572487748945,0,0.0,4,285.89124986442243,0.05656954494770616,
heterogeneous_parallel,50.0,0,gnn_placement,18,True,True,368.38307974632835,0,0.0,5,303.38307974632835,0.00334552105050534,
heterogeneous_parallel,50.0,0,simulated_annealing,18,True,True,345.89124986442243,0,0.0,6,285.89124986442243,0.032015236909501255,
heterogeneous_parallel,50.0,0,peft,18,True,True,368.38307974632835,0,0.0,5,304.01860385416705,0.00048622197937220335,
heterogeneous_parallel,50.0,1,heft,18,True,True,442.7815013725322,0,0.0,5,382.7815013725322,0.000344322994351387,
heterogeneous_parallel,50.0,1,edf,18,True,True,1219.9076392757152,0,0.0,4,1214.9076392757152,0.0003412560326978564,
heterogeneous_parallel,50.0,1,fastest_device,18,True,True,433.46415857263224,0,0.0,6,360.5698989234831,0.0002534909872338176,
heterogeneous_parallel,50.0,1,cpsat,18,True,False,420.1981546255276,0,0.0,4,360.5698989234831,0.06446220295038074,
heterogeneous_parallel,50.0,1,gnn_placement,18,True,True,442.7815013725322,0,0.0,5,382.7815013725322,0.0022208589361980557,
heterogeneous_parallel,50.0,1,simulated_annealing,18,True,True,416.0219614657604,0,0.0,7,386.0219614657604,0.02704070892650634,
heterogeneous_parallel,50.0,1,peft,18,True,True,442.7815013725322,0,0.0,5,382.7815013725322,0.0005584380123764277,
heterogeneous_parallel,50.0,2,heft,18,True,True,390.9244776764863,0,0.0,4,330.9244776764862,0.00041169009637087584,
heterogeneous_parallel,50.0,2,edf,18,True,True,1175.1035285673318,0,0.0,4,1170.1035285673318,0.0005076319212093949,
heterogeneous_parallel,50.0,2,fastest_device,18,True,True,409.79582221798876,0,0.0,8,328.12937369019534,0.0002633290132507682,
heterogeneous_parallel,50.0,2,cpsat,18,True,False,391.51190754157693,0,0.0,4,330.9244776764862,0.05637369304895401,
heterogeneous_parallel,50.0,2,gnn_placement,18,True,True,390.9244776764863,0,0.0,4,330.9244776764862,0.004973125061951578,
heterogeneous_parallel,50.0,2,simulated_annealing,18,True,True,390.9244776764863,0,0.0,4,330.9244776764862,0.03907017898745835,
heterogeneous_parallel,50.0,2,peft,18,True,True,390.9244776764863,0,0.0,4,330.9244776764862,0.0006599900079891086,
heterogeneous_parallel,50.0,3,heft,18,True,True,377.1837906310435,0,0.0,8,317.1837906310435,0.00046129501424729824,
heterogeneous_parallel,50.0,3,edf,18,True,True,769.6950560697512,0,0.0,4,764.6950560697512,0.00046620401553809643,
heterogeneous_parallel,50.0,3,fastest_device,18,True,True,377.1837906310435,0,0.0,8,317.1837906310435,0.0003413569647818804,
heterogeneous_parallel,50.0,3,cpsat,18,True,False,391.8423640342667,0,0.0,4,332.2424658804019,0.17879403289407492,
heterogeneous_parallel,50.0,3,gnn_placement,18,True,True,377.1837906310435,0,0.0,8,317.1837906310435,0.002732830005697906,
heterogeneous_parallel,50.0,3,simulated_annealing,18,True,True,369.0799247249308,0,0.0,5,339.0799247249308,0.028944768011569977,
heterogeneous_parallel,50.0,3,peft,18,True,True,388.1169641523373,0,0.0,7,323.11696415233735,0.0005582079757004976,
heterogeneous_parallel,50.0,4,heft,18,True,True,404.7249614520069,0,0.0,7,339.9701240285016,0.0003381409915164113,
heterogeneous_parallel,50.0,4,edf,18,True,True,1119.0373256128698,0,0.0,4,1114.0373256128698,0.00034266896545886993,
heterogeneous_parallel,50.0,4,fastest_device,18,True,True,450.7827486687704,0,0.0,9,339.9701240285016,0.0002669860841706395,
heterogeneous_parallel,50.0,4,cpsat,18,True,False,418.0984978507872,0,0.0,4,390.29269403618105,0.14522571198176593,
heterogeneous_parallel,50.0,4,gnn_placement,18,True,True,404.7249614520069,0,0.0,7,339.9701240285016,0.005973780993372202,
heterogeneous_parallel,50.0,4,simulated_annealing,18,True,True,404.7249614520069,0,0.0,7,339.9701240285016,0.03456167294643819,
heterogeneous_parallel,50.0,4,peft,18,True,True,433.63279339810026,0,0.0,11,339.9701240285016,0.0006933540571480989,
realworld_fusion_opportunity,0.0,0,heft,7,True,True,169.0,0,0.0,2,139.0,0.00021468603517860174,
realworld_fusion_opportunity,0.0,0,edf,7,True,True,169.0,0,0.0,2,139.0,0.0002101290738210082,
realworld_fusion_opportunity,0.0,0,fastest_device,7,True,True,169.0,0,0.0,2,139.0,0.0001484110252931714,
realworld_fusion_opportunity,0.0,0,cpsat,7,True,True,144.0,0,0.0,2,144.0,0.021242178976535797,
realworld_fusion_opportunity,0.0,0,gnn_placement,7,True,True,183.0,1,3.0,0,147.0,0.0019446660298854113,
realworld_fusion_opportunity,0.0,0,simulated_annealing,7,True,True,147.0,0,0.0,3,147.0,0.011989483027718961,
realworld_fusion_opportunity,0.0,0,peft,7,True,True,169.0,0,0.0,2,139.0,0.0002189850201830268,
realworld_fusion_opportunity,0.0,1,heft,7,True,True,169.0,0,0.0,2,139.0,0.00014663790352642536,
realworld_fusion_opportunity,0.0,1,edf,7,True,True,169.0,0,0.0,2,139.0,0.00016490195412188768,
realworld_fusion_opportunity,0.0,1,fastest_device,7,True,True,169.0,0,0.0,2,139.0,0.00010842597112059593,
realworld_fusion_opportunity,0.0,1,cpsat,7,True,True,144.0,0,0.0,2,144.0,0.01765119400806725,
realworld_fusion_opportunity,0.0,1,gnn_placement,7,True,True,183.0,1,3.0,0,147.0,0.0038900829385966063,
realworld_fusion_opportunity,0.0,1,simulated_annealing,7,True,True,147.0,0,0.0,3,147.0,0.012608597055077553,
realworld_fusion_opportunity,0.0,1,peft,7,True,True,169.0,0,0.0,2,139.0,0.00022356398403644562,
realworld_fusion_opportunity,0.0,2,heft,7,True,True,169.0,0,0.0,2,139.0,0.00015183701179921627,
realworld_fusion_opportunity,0.0,2,edf,7,True,True,169.0,0,0.0,2,139.0,0.000163018936291337,
realworld_fusion_opportunity,0.0,2,fastest_device,7,True,True,169.0,0,0.0,2,139.0,0.00011751195415854454,
realworld_fusion_opportunity,0.0,2,cpsat,7,True,True,144.0,0,0.0,2,144.0,0.017943077022209764,
realworld_fusion_opportunity,0.0,2,gnn_placement,7,True,True,183.0,1,3.0,0,147.0,0.0015398580580949783,
realworld_fusion_opportunity,0.0,2,simulated_annealing,7,True,True,147.0,0,0.0,3,147.0,0.012797664967365563,
realworld_fusion_opportunity,0.0,2,peft,7,True,True,169.0,0,0.0,2,139.0,0.00032903405372053385,
realworld_fusion_opportunity,0.0,3,heft,7,True,True,169.0,0,0.0,2,139.0,0.0002470780164003372,
realworld_fusion_opportunity,0.0,3,edf,7,True,True,169.0,0,0.0,2,139.0,0.00028224498964846134,
realworld_fusion_opportunity,0.0,3,fastest_device,7,True,True,169.0,0,0.0,2,139.0,0.00019257492385804653,
realworld_fusion_opportunity,0.0,3,cpsat,7,True,True,144.0,0,0.0,2,144.0,0.019269861979410052,
realworld_fusion_opportunity,0.0,3,gnn_placement,7,True,True,183.0,1,3.0,0,147.0,0.0015963149489834905,
realworld_fusion_opportunity,0.0,3,simulated_annealing,7,True,True,147.0,0,0.0,3,147.0,0.015385839971713722,
realworld_fusion_opportunity,0.0,3,peft,7,True,True,169.0,0,0.0,2,139.0,0.0002846700372174382,
realworld_fusion_opportunity,0.0,4,heft,7,True,True,169.0,0,0.0,2,139.0,0.00015661702491343021,
realworld_fusion_opportunity,0.0,4,edf,7,True,True,169.0,0,0.0,2,139.0,0.00021130102686583996,
realworld_fusion_opportunity,0.0,4,fastest_device,7,True,True,169.0,0,0.0,2,139.0,0.00014728889800608158,
realworld_fusion_opportunity,0.0,4,cpsat,7,True,True,144.0,0,0.0,2,144.0,0.02111129101831466,
realworld_fusion_opportunity,0.0,4,gnn_placement,7,True,True,183.0,1,3.0,0,147.0,0.003783069900237024,
realworld_fusion_opportunity,0.0,4,simulated_annealing,7,True,True,147.0,0,0.0,3,147.0,0.0160695860395208,
realworld_fusion_opportunity,0.0,4,peft,7,True,True,169.0,0,0.0,2,139.0,0.0002664050552994013,
realworld_fusion_opportunity,10.0,0,heft,7,True,True,159.59982954740866,0,0.0,2,129.59982954740866,0.00018832692876458168,
realworld_fusion_opportunity,10.0,0,edf,7,True,True,159.59982954740866,0,0.0,2,129.59982954740866,0.0001995579805225134,
realworld_fusion_opportunity,10.0,0,fastest_device,7,True,True,164.28211483909175,0,0.0,3,129.28211483909175,0.00013727997429668903,
realworld_fusion_opportunity,10.0,0,cpsat,7,True,False,136.70346499870976,0,0.0,2,136.61627838991407,0.020079705980606377,
realworld_fusion_opportunity,10.0,0,gnn_placement,7,True,True,169.22233531961052,0,0.0,0,136.61627838991407,0.004242060007527471,
realworld_fusion_opportunity,10.0,0,simulated_annealing,7,True,True,136.61627838991407,0,0.0,2,136.61627838991407,0.015698864008300006,
realworld_fusion_opportunity,10.0,0,peft,7,True,True,159.59982954740866,0,0.0,2,129.59982954740866,0.00021286308765411377,
realworld_fusion_opportunity,10.0,1,heft,7,True,True,161.53016313756723,0,0.0,2,131.53016313756723,0.00020254403352737427,
realworld_fusion_opportunity,10.0,1,edf,7,True,True,161.53016313756723,0,0.0,2,131.53016313756723,0.0001951101003214717,
realworld_fusion_opportunity,10.0,1,fastest_device,7,True,True,165.69460101519485,0,0.0,3,130.69460101519485,0.00014013599138706923,
realworld_fusion_opportunity,10.0,1,cpsat,7,True,False,136.23998349513016,0,0.0,2,135.72470460960545,0.017097163945436478,
realworld_fusion_opportunity,10.0,1,gnn_placement,7,True,True,183.29567562995786,1,3.295675629957856,0,141.5568190566864,0.00238073302898556,
realworld_fusion_opportunity,10.0,1,simulated_annealing,7,True,True,135.72470460960545,0,0.0,3,135.72470460960545,0.011772652040235698,
realworld_fusion_opportunity,10.0,1,peft,7,True,True,161.53016313756723,0,0.0,2,131.53016313756723,0.00019238400273025036,
realworld_fusion_opportunity,10.0,2,heft,7,True,True,164.96189511456734,0,0.0,2,134.96189511456734,0.00014068593736737967,
realworld_fusion_opportunity,10.0,2,edf,7,True,True,164.96189511456734,0,0.0,2,134.96189511456734,0.0001481910003349185,
realworld_fusion_opportunity,10.0,2,fastest_device,7,True,True,174.52169938412177,0,0.0,4,134.52169938412177,0.00010737404227256775,
realworld_fusion_opportunity,10.0,2,cpsat,7,True,False,142.95291681361607,0,0.0,2,143.7938744718792,0.016316032968461514,
realworld_fusion_opportunity,10.0,2,gnn_placement,7,True,True,183.48838841358807,1,3.488388413588069,0,143.7938744718792,0.0012460320722311735,
realworld_fusion_opportunity,10.0,2,simulated_annealing,7,True,True,143.7938744718792,0,0.0,2,143.7938744718792,0.012083702022209764,
realworld_fusion_opportunity,10.0,2,peft,7,True,True,164.96189511456734,0,0.0,2,134.96189511456734,0.00019119307398796082,
realworld_fusion_opportunity,10.0,3,heft,7,True,True,159.96864272625749,0,0.0,2,129.96864272625749,0.00014807097613811493,
realworld_fusion_opportunity,10.0,3,edf,7,True,True,159.96864272625749,0,0.0,2,129.96864272625749,0.0001491530565544963,
realworld_fusion_opportunity,10.0,3,fastest_device,7,True,True,168.62941954369632,0,0.0,4,128.62941954369634,0.00011633103713393211,
realworld_fusion_opportunity,10.0,3,cpsat,7,True,False,136.42662190479828,0,0.0,2,136.04263678341493,0.0145923369564116,
realworld_fusion_opportunity,10.0,3,gnn_placement,7,True,True,189.4751769726124,1,9.475176972612388,0,153.55013305172844,0.012235369067639112,
realworld_fusion_opportunity,10.0,3,simulated_annealing,7,True,True,136.04263678341493,0,0.0,2,136.04263678341493,0.011868914938531816,
realworld_fusion_opportunity,10.0,3,peft,7,True,True,159.96864272625749,0,0.0,2,129.96864272625749,0.00019209401216357946,
realworld_fusion_opportunity,10.0,4,heft,7,True,True,169.53023785264878,0,0.0,2,139.53023785264878,0.000142781063914299,
realworld_fusion_opportunity,10.0,4,edf,7,True,True,169.53023785264878,0,0.0,2,139.53023785264878,0.00014492403715848923,
realworld_fusion_opportunity,10.0,4,fastest_device,7,True,True,173.44570674554274,0,0.0,3,138.44570674554274,0.00010448799002915621,
realworld_fusion_opportunity,10.0,4,cpsat,7,True,False,145.98099595184172,0,0.0,2,146.66617156762322,0.016396004939451814,
realworld_fusion_opportunity,10.0,4,gnn_placement,7,True,True,192.89253971914644,1,12.892539719146441,0,157.181308906072,0.011649498948827386,
realworld_fusion_opportunity,10.0,4,simulated_annealing,7,True,True,146.66617156762322,0,0.0,3,146.66617156762322,0.011934529058635235,
realworld_fusion_opportunity,10.0,4,peft,7,True,True,169.53023785264878,0,0.0,2,139.53023785264878,0.00019050110131502151,
realworld_fusion_opportunity,25.0,0,heft,7,True,True,122.4019287128557,0,0.0,2,92.40192871285572,0.00015032500959932804,
realworld_fusion_opportunity,25.0,0,edf,7,True,True,122.4019287128557,0,0.0,2,92.40192871285572,0.00014640705194324255,
realworld_fusion_opportunity,25.0,0,fastest_device,7,True,True,122.4019287128557,0,0.0,2,92.40192871285572,0.00011504802387207747,
realworld_fusion_opportunity,25.0,0,cpsat,7,True,False,99.2538538220763,0,0.0,2,99.90144194502413,0.015477414010092616,
realworld_fusion_opportunity,25.0,0,gnn_placement,7,True,True,132.48321475989232,0,0.0,0,99.90144194502413,0.01999306201469153,
realworld_fusion_opportunity,25.0,0,simulated_annealing,7,True,True,99.90144194502413,0,0.0,2,99.90144194502413,0.011706417077220976,
realworld_fusion_opportunity,25.0,0,peft,7,True,True,122.4019287128557,0,0.0,2,92.40192871285572,0.00019302591681480408,
realworld_fusion_opportunity,25.0,1,heft,7,True,True,157.45525301288924,0,0.0,3,122.45525301288923,0.00014710798859596252,
realworld_fusion_opportunity,25.0,1,edf,7,True,True,158.88335518221274,0,0.0,2,128.88335518221277,0.00014600693248212337,
realworld_fusion_opportunity,25.0,1,fastest_device,7,True,True,157.45525301288924,0,0.0,3,122.45525301288923,0.00010514899622648954,
realworld_fusion_opportunity,25.0,1,cpsat,7,True,False,129.8327593894231,0,0.0,2,124.82130362213,0.015554871060885489,
realworld_fusion_opportunity,25.0,1,gnn_placement,7,True,True,185.58024065419926,1,5.580240654199258,0,155.9645216700407,0.0012627540854737163,
realworld_fusion_opportunity,25.0,1,simulated_annealing,7,True,True,129.82130362213002,0,0.0,3,124.82130362213,0.011866980930790305,
realworld_fusion_opportunity,25.0,1,peft,7,True,True,157.45525301288924,0,0.0,3,122.45525301288923,0.0001874150475487113,
realworld_fusion_opportunity,25.0,2,heft,7,True,True,120.7217435320615,0,0.0,2,90.72174353206148,0.00013993505854159594,
realworld_fusion_opportunity,25.0,2,edf,7,True,True,120.7217435320615,0,0.0,2,90.72174353206148,0.00014704791828989983,
realworld_fusion_opportunity,25.0,2,fastest_device,7,True,True,122.68286932077233,0,0.0,3,87.68286932077231,0.0001060910290107131,
realworld_fusion_opportunity,25.0,2,cpsat,7,True,False,95.73741998219396,0,0.0,2,95.45986914727928,0.015786138945259154,
realworld_fusion_opportunity,25.0,2,gnn_placement,7,True,True,134.12644847145023,0,0.0,0,95.45986914727928,0.0011947250459343195,
realworld_fusion_opportunity,25.0,2,simulated_annealing,7,True,True,95.45986914727928,0,0.0,2,95.45986914727928,0.012017166009172797,
realworld_fusion_opportunity,25.0,2,peft,7,True,True,120.7217435320615,0,0.0,2,90.72174353206148,0.00018856697715818882,
realworld_fusion_opportunity,25.0,3,heft,7,True,True,154.86357162955022,0,0.0,3,119.86357162955021,0.00014360190834850073,
realworld_fusion_opportunity,25.0,3,edf,7,True,True,157.66022697336794,0,0.0,2,127.66022697336793,0.00015884102322161198,
realworld_fusion_opportunity,25.0,3,fastest_device,7,True,True,152.4115198492974,0,0.0,4,112.4115198492974,0.00011075998190790415,
realworld_fusion_opportunity,25.0,3,cpsat,7,True,False,127.16597524186798,0,0.0,2,117.4116009104768,0.015374448033981025,
realworld_fusion_opportunity,25.0,3,gnn_placement,7,True,True,163.44614516019857,0,0.0,0,132.6603080345473,0.0022511769784614444,
realworld_fusion_opportunity,25.0,3,simulated_annealing,7,True,True,127.4116009104768,0,0.0,4,117.4116009104768,0.011949728010222316,
realworld_fusion_opportunity,25.0,3,peft,7,True,True,154.86357162955022,0,0.0,3,119.86357162955021,0.00020199210848659277,
realworld_fusion_opportunity,25.0,4,heft,7,True,True,148.89775682238272,0,0.0,2,143.89775682238272,0.00014249002560973167,
realworld_fusion_opportunity,25.0,4,edf,7,True,True,181.7912605247,1,1.791260524699993,2,181.7912605247,0.00015218800399452448,
realworld_fusion_opportunity,25.0,4,fastest_device,7,True,True,153.86428310305163,0,0.0,4,143.86428310305163,0.00010613107588142157,
realworld_fusion_opportunity,25.0,4,cpsat,7,True,False,148.56273464149942,0,0.0,2,143.89775682238272,0.014692736905999482,
realworld_fusion_opportunity,25.0,4,gnn_placement,7,True,True,189.4215589386239,1,9.421558938623889,0,152.76036334372645,0.009311837959103286,
realworld_fusion_opportunity,25.0,4,simulated_annealing,7,True,True,148.89775682238272,0,0.0,2,143.89775682238272,0.011675668065436184,
realworld_fusion_opportunity,25.0,4,peft,7,True,True,148.89775682238272,0,0.0,2,143.89775682238272,0.00019821501336991787,
realworld_fusion_opportunity,50.0,0,heft,7,True,True,122.84042126971266,0,0.0,3,87.84042126971266,0.00014033610932528973,
realworld_fusion_opportunity,50.0,0,edf,7,True,True,199.09534310178546,1,19.09534310178546,2,169.09534310178546,0.00014527502935379744,
realworld_fusion_opportunity,50.0,0,fastest_device,7,True,True,124.09650389842045,0,0.0,4,84.09650389842045,0.00011238304432481527,
realworld_fusion_opportunity,50.0,0,cpsat,7,True,False,101.04606999380638,0,0.0,2,91.74320785355692,0.016996172023937106,
realworld_fusion_opportunity,50.0,0,gnn_placement,7,True,True,140.3773015255894,0,0.0,0,105.67932490256038,0.001387589960359037,
realworld_fusion_opportunity,50.0,0,simulated_annealing,7,True,True,101.74320785355692,0,0.0,4,91.74320785355692,0.012337472988292575,
realworld_fusion_opportunity,50.0,0,peft,7,True,True,122.84042126971266,0,0.0,3,87.84042126971266,0.00027431000489741564,
realworld_fusion_opportunity,50.0,1,heft,7,True,True,73.29746996911393,0,0.0,3,38.297469969113926,0.00015085493214428425,
realworld_fusion_opportunity,50.0,1,edf,7,True,True,176.45522915593688,0,0.0,2,146.45522915593688,0.00015479396097362041,
realworld_fusion_opportunity,50.0,1,fastest_device,7,True,True,73.77615135666203,0,0.0,4,33.77615135666203,0.00011215300764888525,
realworld_fusion_opportunity,50.0,1,cpsat,7,True,False,55.852327312177984,0,0.0,2,54.10790091762773,0.016835959046147764,
realworld_fusion_opportunity,50.0,1,gnn_placement,7,True,True,73.29746996911393,0,0.0,3,38.297469969113926,0.001445670030079782,
realworld_fusion_opportunity,50.0,1,simulated_annealing,7,True,True,73.29746996911393,0,0.0,3,38.297469969113926,0.01439055404625833,
realworld_fusion_opportunity,50.0,1,peft,7,True,True,73.29746996911393,0,0.0,3,38.297469969113926,0.00025577505584806204,
realworld_fusion_opportunity,50.0,2,heft,7,True,True,127.47538541001798,0,0.0,4,87.47538541001796,0.00019992899615317583,
realworld_fusion_opportunity,50.0,2,edf,7,True,True,147.8332109444944,0,0.0,2,117.83321094449441,0.00020650099031627178,
realworld_fusion_opportunity,50.0,2,fastest_device,7,True,True,127.47538541001798,0,0.0,4,87.47538541001796,0.00012192095164209604,
realworld_fusion_opportunity,50.0,2,cpsat,7,True,False,108.5290645750473,0,0.0,2,103.62803139146702,0.018143696943297982,
realworld_fusion_opportunity,50.0,2,gnn_placement,7,True,True,127.47538541001798,0,0.0,4,87.47538541001796,0.002990888897329569,
realworld_fusion_opportunity,50.0,2,simulated_annealing,7,True,True,106.39696827856334,0,0.0,5,91.39696827856334,0.012204420985653996,
realworld_fusion_opportunity,50.0,2,peft,7,True,True,127.47538541001798,0,0.0,4,87.47538541001796,0.00019493000581860542,
realworld_fusion_opportunity,50.0,3,heft,7,True,True,199.79684937412594,1,19.79684937412594,3,164.79684937412594,0.00014443404506891966,
realworld_fusion_opportunity,50.0,3,edf,7,True,True,220.42216010023435,1,40.42216010023435,2,190.42216010023435,0.00015820004045963287,
realworld_fusion_opportunity,50.0,3,fastest_device,7,True,True,203.3928321273698,1,23.392832127369786,4,163.3928321273698,0.0001099579967558384,
realworld_fusion_opportunity,50.0,3,cpsat,7,True,True,180.27680961658538,1,0.27680961658538195,2,173.95527137531832,0.017354993033222854,
realworld_fusion_opportunity,50.0,3,gnn_placement,7,True,True,234.64344239172388,1,54.64344239172388,0,194.08697397360274,0.002851873985491693,
realworld_fusion_opportunity,50.0,3,simulated_annealing,7,True,True,178.95527137531832,0,0.0,2,173.95527137531832,0.012748301029205322,
realworld_fusion_opportunity,50.0,3,peft,7,True,True,199.79684937412594,1,19.79684937412594,3,164.79684937412594,0.0001952099846675992,
realworld_fusion_opportunity,50.0,4,heft,7,True,True,151.78465418425097,0,0.0,3,116.78465418425098,0.00014660705346614122,
realworld_fusion_opportunity,50.0,4,edf,7,True,True,163.70618808790704,0,0.0,2,133.70618808790704,0.0001508659915998578,
realworld_fusion_opportunity,50.0,4,fastest_device,7,True,True,153.69854390853072,0,0.0,4,113.69854390853072,0.00010906602256000042,
realworld_fusion_opportunity,50.0,4,cpsat,7,True,False,121.34165103769215,0,0.0,2,117.49684612865177,0.016579602961428463,
realworld_fusion_opportunity,50.0,4,gnn_placement,7,True,True,170.7271608794788,0,0.0,0,154.97757664529712,0.00891109905205667,
realworld_fusion_opportunity,50.0,4,simulated_annealing,7,True,True,122.49684612865177,0,0.0,3,117.49684612865177,0.014000545023009181,
realworld_fusion_opportunity,50.0,4,peft,7,True,True,151.78465418425097,0,0.0,3,116.78465418425098,0.000205660006031394,
realworld_split_opportunity,0.0,0,heft,8,True,True,340.0,0,0.0,3,280.0,0.00023462495300918818,
realworld_split_opportunity,0.0,0,edf,8,True,True,1360.0,2,1810.0,1,1360.0,0.0001586509170010686,
realworld_split_opportunity,0.0,0,fastest_device,8,True,True,370.0,0,0.0,2,280.0,0.0001842789351940155,
realworld_split_opportunity,0.0,0,cpsat,8,True,True,340.0,0,0.0,2,280.0,0.014343774993903935,
realworld_split_opportunity,0.0,0,gnn_placement,8,True,True,340.0,0,0.0,3,280.0,0.0017058938974514604,
realworld_split_opportunity,0.0,0,simulated_annealing,8,True,True,340.0,0,0.0,3,280.0,0.01563170598819852,
realworld_split_opportunity,0.0,0,peft,8,True,True,340.0,0,0.0,3,280.0,0.00026662496384233236,
realworld_split_opportunity,0.0,1,heft,8,True,True,340.0,0,0.0,3,280.0,0.0001519080251455307,
realworld_split_opportunity,0.0,1,edf,8,True,True,1360.0,2,1810.0,1,1360.0,0.00017288792878389359,
realworld_split_opportunity,0.0,1,fastest_device,8,True,True,370.0,0,0.0,2,280.0,0.00011227303184568882,
realworld_split_opportunity,0.0,1,cpsat,8,True,True,340.0,0,0.0,2,280.0,0.013986026984639466,
realworld_split_opportunity,0.0,1,gnn_placement,8,True,True,340.0,0,0.0,3,280.0,0.0014467820292338729,
realworld_split_opportunity,0.0,1,simulated_annealing,8,True,True,340.0,0,0.0,3,280.0,0.01524340093601495,
realworld_split_opportunity,0.0,1,peft,8,True,True,340.0,0,0.0,3,280.0,0.0002444030251353979,
realworld_split_opportunity,0.0,2,heft,8,True,True,340.0,0,0.0,3,280.0,0.000192053965292871,
realworld_split_opportunity,0.0,2,edf,8,True,True,1360.0,2,1810.0,1,1360.0,0.0001868540421128273,
realworld_split_opportunity,0.0,2,fastest_device,8,True,True,370.0,0,0.0,2,280.0,0.00014330202247947454,
realworld_split_opportunity,0.0,2,cpsat,8,True,True,340.0,0,0.0,2,280.0,0.014733343967236578,
realworld_split_opportunity,0.0,2,gnn_placement,8,True,True,340.0,0,0.0,3,280.0,0.0018972959369421005,
realworld_split_opportunity,0.0,2,simulated_annealing,8,True,True,340.0,0,0.0,3,280.0,0.016961085028015077,
realworld_split_opportunity,0.0,2,peft,8,True,True,340.0,0,0.0,3,280.0,0.0002463569398969412,
realworld_split_opportunity,0.0,3,heft,8,True,True,340.0,0,0.0,3,280.0,0.00022962503135204315,
realworld_split_opportunity,0.0,3,edf,8,True,True,1360.0,2,1810.0,1,1360.0,0.00022542697843164206,
realworld_split_opportunity,0.0,3,fastest_device,8,True,True,370.0,0,0.0,2,280.0,0.00018680409993976355,
realworld_split_opportunity,0.0,3,cpsat,8,True,True,340.0,0,0.0,2,280.0,0.01780892303213477,
realworld_split_opportunity,0.0,3,gnn_placement,8,True,True,340.0,0,0.0,3,280.0,0.0017410999862477183,
realworld_split_opportunity,0.0,3,simulated_annealing,8,True,True,340.0,0,0.0,3,280.0,0.014342343085445464,
realworld_split_opportunity,0.0,3,peft,8,True,True,340.0,0,0.0,3,280.0,0.00024681794457137585,
realworld_split_opportunity,0.0,4,heft,8,True,True,340.0,0,0.0,3,280.0,0.000159332063049078,
realworld_split_opportunity,0.0,4,edf,8,True,True,1360.0,2,1810.0,1,1360.0,0.00016982201486825943,
realworld_split_opportunity,0.0,4,fastest_device,8,True,True,370.0,0,0.0,2,280.0,0.00011374603491276503,
realworld_split_opportunity,0.0,4,cpsat,8,True,True,340.0,0,0.0,2,280.0,0.01359415496699512,
realworld_split_opportunity,0.0,4,gnn_placement,8,True,True,340.0,0,0.0,3,280.0,0.0017070249887183309,
realworld_split_opportunity,0.0,4,simulated_annealing,8,True,True,340.0,0,0.0,3,280.0,0.013318962999619544,
realworld_split_opportunity,0.0,4,peft,8,True,True,340.0,0,0.0,3,280.0,0.00021403597202152014,
realworld_split_opportunity,10.0,0,heft,8,True,True,356.8781775632978,0,0.0,3,296.8781775632978,0.0001536710187792778,
realworld_split_opportunity,10.0,0,edf,8,True,True,1549.947827335778,2,2191.2118497305673,1,1549.947827335778,0.00015725800767540932,
realworld_split_opportunity,10.0,0,fastest_device,8,True,True,387.74173519178345,0,0.0,2,296.8781775632978,0.00012274296022951603,
realworld_split_opportunity,10.0,0,cpsat,8,True,True,357.6838049409884,0,0.0,2,296.8781775632978,0.012937980936840177,
realworld_split_opportunity,10.0,0,gnn_placement,8,True,True,356.8781775632978,0,0.0,3,296.8781775632978,0.0016631819307804108,
realworld_split_opportunity,10.0,0,simulated_annealing,8,True,True,356.8781775632978,0,0.0,3,296.8781775632978,0.013241195003502071,
realworld_split_opportunity,10.0,0,peft,8,True,True,356.8781775632978,0,0.0,3,296.8781775632978,0.0002578789135441184,
realworld_split_opportunity,10.0,1,heft,8,True,True,359.87287325466195,0,0.0,3,299.87287325466195,0.00015269999857991934,
realworld_split_opportunity,10.0,1,edf,8,True,True,1417.5802872058564,2,1923.5352282453384,1,1417.5802872058564,0.00016111508011817932,
realworld_split_opportunity,10.0,1,fastest_device,8,True,True,388.97241594139746,0,0.0,4,296.8315608075789,0.00011328503023833036,
realworld_split_opportunity,10.0,1,cpsat,8,True,False,359.6253461663743,0,0.0,2,299.87287325466195,0.014409599942155182,
realworld_split_opportunity,10.0,1,gnn_placement,8,True,True,359.87287325466195,0,0.0,3,299.87287325466195,0.0017234660917893052,
realworld_split_opportunity,10.0,1,simulated_annealing,8,True,True,359.87287325466195,0,0.0,3,299.87287325466195,0.013123090961016715,
realworld_split_opportunity,10.0,1,peft,8,True,True,359.87287325466195,0,0.0,3,299.87287325466195,0.00024079589638859034,
realworld_split_opportunity,10.0,2,heft,8,True,True,362.58456285469896,0,0.0,3,302.58456285469896,0.0001539619406685233,
realworld_split_opportunity,10.0,2,edf,8,True,True,1447.6720139800957,2,1984.7346981291066,1,1447.6720139800957,0.00015354098286479712,
realworld_split_opportunity,10.0,2,fastest_device,8,True,True,396.837195639196,0,0.0,4,301.7712091709388,0.00011002796236425638,
realworld_split_opportunity,10.0,2,cpsat,8,True,False,362.6093298310849,0,0.0,2,302.58456285469896,0.014563823002390563,
realworld_split_opportunity,10.0,2,gnn_placement,8,True,True,362.58456285469896,0,0.0,3,302.58456285469896,0.0017920469399541616,
realworld_split_opportunity,10.0,2,simulated_annealing,8,True,True,362.58456285469896,0,0.0,3,302.58456285469896,0.016984841087833047,
realworld_split_opportunity,10.0,2,peft,8,True,True,362.58456285469896,0,0.0,3,302.58456285469896,0.00025643594563007355,
realworld_split_opportunity,10.0,3,heft,8,True,True,336.2799090688473,0,0.0,3,276.27990906884725,0.00020121189299970865,
realworld_split_opportunity,10.0,3,edf,8,True,True,1405.6747049506673,2,1902.8713210745502,1,1405.6747049506673,0.00019437808077782393,
realworld_split_opportunity,10.0,3,fastest_device,8,True,True,362.8434301649141,0,0.0,2,276.27990906884725,0.00013517600018531084,
realworld_split_opportunity,10.0,3,cpsat,8,True,False,335.4780888267844,0,0.0,2,276.27990906884725,0.016953632002696395,
realworld_split_opportunity,10.0,3,gnn_placement,8,True,True,336.2799090688473,0,0.0,3,276.27990906884725,0.0020937180379405618,
realworld_split_opportunity,10.0,3,simulated_annealing,8,True,True,336.2799090688473,0,0.0,3,276.27990906884725,0.020556751056574285,
realworld_split_opportunity,10.0,3,peft,8,True,True,336.2799090688473,0,0.0,3,276.27990906884725,0.0003580789780244231,
realworld_split_opportunity,10.0,4,heft,8,True,True,339.443158999785,0,0.0,3,279.443158999785,0.00023414392489939928,
realworld_split_opportunity,10.0,4,edf,8,True,True,1222.4037257406255,2,1535.0621992809135,1,1222.4037257406255,0.000234695035032928,
realworld_split_opportunity,10.0,4,fastest_device,8,True,True,371.79428212775923,0,0.0,2,279.443158999785,0.00016016303561627865,
realworld_split_opportunity,10.0,4,cpsat,8,True,False,339.7452522003374,0,0.0,2,279.443158999785,0.018589262035675347,
realworld_split_opportunity,10.0,4,gnn_placement,8,True,True,339.443158999785,0,0.0,3,279.443158999785,0.0016528730047866702,
realworld_split_opportunity,10.0,4,simulated_annealing,8,True,True,339.443158999785,0,0.0,3,279.443158999785,0.013140163966454566,
realworld_split_opportunity,10.0,4,peft,8,True,True,339.443158999785,0,0.0,3,279.443158999785,0.0002165910555049777,
realworld_split_opportunity,25.0,0,heft,8,True,True,414.441122797948,1,0.11079044824577977,4,344.441122797948,0.00015536497812718153,
realworld_split_opportunity,25.0,0,edf,8,True,True,696.9825968683685,2,483.60746932211305,1,696.9825968683685,0.00020642101299017668,
realworld_split_opportunity,25.0,0,fastest_device,8,True,True,415.4685148628699,1,0.11079044824577977,6,340.4685148628699,0.00014228001236915588,
realworld_split_opportunity,25.0,0,cpsat,8,True,False,408.33033234970225,0,0.0,2,347.522238867934,0.014230821980163455,
realworld_split_opportunity,25.0,0,gnn_placement,8,True,True,414.441122797948,1,0.11079044824577977,4,344.441122797948,0.003919227980077267,
realworld_split_opportunity,25.0,0,simulated_annealing,8,True,True,407.522238867934,0,0.0,3,347.522238867934,0.01294270996004343,
realworld_split_opportunity,25.0,0,peft,8,True,True,414.441122797948,1,0.11079044824577977,4,344.441122797948,0.00020842498634010553,
realworld_split_opportunity,25.0,1,heft,8,True,True,306.42274734931794,0,0.0,4,236.422747349318,0.00014832103624939919,
realworld_split_opportunity,25.0,1,edf,8,True,True,585.6025198317811,2,258.60053008049385,1,585.6025198317811,0.0001555549679324031,
realworld_split_opportunity,25.0,1,fastest_device,8,True,True,306.8893068515565,0,0.0,5,236.422747349318,0.00010840489994734526,
realworld_split_opportunity,25.0,1,cpsat,8,True,False,308.439701443459,0,0.0,2,248.42047659188222,0.015900686965323985,
realworld_split_opportunity,25.0,1,gnn_placement,8,True,True,306.42274734931794,0,0.0,4,236.422747349318,0.0017664579208940268,
realworld_split_opportunity,25.0,1,simulated_annealing,8,True,True,306.42274734931794,0,0.0,4,236.422747349318,0.013297822908498347,
realworld_split_opportunity,25.0,1,peft,8,True,True,306.42274734931794,0,0.0,4,236.422747349318,0.00027748593129217625,
realworld_split_opportunity,25.0,2,heft,8,True,True,314.19397245511186,0,0.0,3,254.19397245511183,0.00016654597129672766,
realworld_split_opportunity,25.0,2,edf,8,True,True,660.8182273458202,2,409.36497100448094,1,660.8182273458202,0.00016239797696471214,
realworld_split_opportunity,25.0,2,fastest_device,8,True,True,314.19397245511186,0,0.0,2,254.19397245511183,0.00011716200970113277,
realworld_split_opportunity,25.0,2,cpsat,8,True,False,314.2281803411329,0,0.0,2,254.19397245511183,0.015525265014730394,
realworld_split_opportunity,25.0,2,gnn_placement,8,True,True,314.19397245511186,0,0.0,3,254.19397245511183,0.007519912091083825,
realworld_split_opportunity,25.0,2,simulated_annealing,8,True,True,314.19397245511186,0,0.0,3,254.19397245511183,0.013132079038769007,
realworld_split_opportunity,25.0,2,peft,8,True,True,314.19397245511186,0,0.0,4,254.19397245511183,0.0002406860003247857,
realworld_split_opportunity,25.0,3,heft,8,True,True,349.218605308585,0,0.0,3,289.218605308585,0.0001690910430625081,
realworld_split_opportunity,25.0,3,edf,8,True,True,1443.9357511382325,2,1980.5975936859868,1,1443.9357511382325,0.00016236805822700262,
realworld_split_opportunity,25.0,3,fastest_device,8,True,True,351.3370235797334,0,0.0,4,286.3370235797334,0.00011558900587260723,
realworld_split_opportunity,25.0,3,cpsat,8,True,False,349.2739085904782,0,0.0,2,289.218605308585,0.013585428008809686,
realworld_split_opportunity,25.0,3,gnn_placement,8,True,True,349.218605308585,0,0.0,3,289.218605308585,0.00159447209443897,
realworld_split_opportunity,25.0,3,simulated_annealing,8,True,True,349.218605308585,0,0.0,3,289.218605308585,0.014223606907762587,
realworld_split_opportunity,25.0,3,peft,8,True,True,349.218605308585,0,0.0,3,289.218605308585,0.00022673001512885094,
realworld_split_opportunity,25.0,4,heft,8,True,True,318.46067156070393,0,0.0,3,258.4606715607039,0.0001546629937365651,
realworld_split_opportunity,25.0,4,edf,8,True,True,983.3466544113253,2,1062.1088241167672,1,983.3466544113253,0.00015642598737031221,
realworld_split_opportunity,25.0,4,fastest_device,8,True,True,363.71455177590695,0,0.0,4,257.9309025634327,0.00011398596689105034,
realworld_split_opportunity,25.0,4,cpsat,8,True,False,318.5844847058833,0,0.0,2,258.4606715607039,0.013549008988775313,
realworld_split_opportunity,25.0,4,gnn_placement,8,True,True,318.46067156070393,0,0.0,3,258.4606715607039,0.0018525910563766956,
realworld_split_opportunity,25.0,4,simulated_annealing,8,True,True,318.46067156070393,0,0.0,3,258.4606715607039,0.012865683995187283,
realworld_split_opportunity,25.0,4,peft,8,True,True,318.46067156070393,0,0.0,3,258.4606715607039,0.00020835490431636572,
realworld_split_opportunity,50.0,0,heft,8,True,True,383.69868942069576,0,0.0,4,313.69868942069576,0.0001623580465093255,
realworld_split_opportunity,50.0,0,edf,8,True,True,487.5623243275629,1,84.13834751038314,1,487.5623243275629,0.00015550502575933933,
realworld_split_opportunity,50.0,0,fastest_device,8,True,True,383.69868942069576,0,0.0,5,313.69868942069576,0.0001109810546040535,
realworld_split_opportunity,50.0,0,cpsat,8,True,False,384.4239768171798,0,0.0,4,313.69868942069576,0.01459565304685384,
realworld_split_opportunity,50.0,0,gnn_placement,8,True,True,383.69868942069576,0,0.0,4,313.69868942069576,0.0014821890508756042,
realworld_split_opportunity,50.0,0,simulated_annealing,8,True,True,383.69868942069576,0,0.0,4,313.69868942069576,0.013375621056184173,
realworld_split_opportunity,50.0,0,peft,8,True,True,383.69868942069576,0,0.0,4,313.69868942069576,0.000219444977119565,
realworld_split_opportunity,50.0,1,heft,8,True,True,256.41239533655363,0,0.0,1,256.41239533655363,0.00015344098210334778,
realworld_split_opportunity,50.0,1,edf,8,True,True,256.41239533655363,0,0.0,1,256.41239533655363,0.0001637899549677968,
realworld_split_opportunity,50.0,1,fastest_device,8,True,True,284.8434818357514,0,0.0,0,256.41239533655363,0.00012485694605857134,
realworld_split_opportunity,50.0,1,cpsat,8,True,False,255.62480889635356,0,0.0,1,256.41239533655363,0.014835266978479922,
realworld_split_opportunity,50.0,1,gnn_placement,8,True,True,256.41239533655363,0,0.0,1,256.41239533655363,0.0014957149978727102,
realworld_split_opportunity,50.0,1,simulated_annealing,8,True,True,256.41239533655363,0,0.0,1,256.41239533655363,0.013055743998847902,
realworld_split_opportunity,50.0,1,peft,8,True,True,256.41239533655363,0,0.0,1,256.41239533655363,0.0002034660428762436,
realworld_split_opportunity,50.0,2,heft,8,True,True,369.1289426547429,0,0.0,3,304.1289426547429,0.00015011406503617764,
realworld_split_opportunity,50.0,2,edf,8,True,True,560.6165965533991,2,216.60329289169124,1,560.6165965533991,0.0001525800907984376,
realworld_split_opportunity,50.0,2,fastest_device,8,True,True,369.1289426547429,0,0.0,4,304.1289426547429,0.00011440599337220192,
realworld_split_opportunity,50.0,2,cpsat,8,True,True,415.20793669302907,0,0.0,1,410.0875835138427,0.015256193932145834,
realworld_split_opportunity,50.0,2,gnn_placement,8,True,True,369.1289426547429,0,0.0,3,304.1289426547429,0.001706295064650476,
realworld_split_opportunity,50.0,2,simulated_annealing,8,True,True,369.1289426547429,0,0.0,3,304.1289426547429,0.015962333069182932,
realworld_split_opportunity,50.0,2,peft,8,True,True,369.1289426547429,0,0.0,4,304.1289426547429,0.0002364680403843522,
realworld_split_opportunity,50.0,3,heft,8,True,True,270.0164210826258,0,0.0,3,210.01642108262575,0.00017942010890692472,
realworld_split_opportunity,50.0,3,edf,8,True,True,1271.645434420977,2,1639.8424585840073,1,1271.645434420977,0.0002861930988729,
realworld_split_opportunity,50.0,3,fastest_device,8,True,True,322.1544101393102,0,0.0,2,210.01642108262575,0.00012453598901629448,
realworld_split_opportunity,50.0,3,cpsat,8,True,False,270.4484102579465,0,0.0,2,210.01642108262575,0.015793642960488796,
realworld_split_opportunity,50.0,3,gnn_placement,8,True,True,270.0164210826258,0,0.0,3,210.01642108262575,0.0018121940083801746,
realworld_split_opportunity,50.0,3,simulated_annealing,8,True,True,270.0164210826258,0,0.0,3,210.01642108262575,0.015490478021092713,
realworld_split_opportunity,50.0,3,peft,8,True,True,270.0164210826258,0,0.0,3,210.01642108262575,0.00023643800523132086,
realworld_split_opportunity,50.0,4,heft,8,True,True,191.95349316135852,0,0.0,5,166.23436222162653,0.00018001103308051825,
realworld_split_opportunity,50.0,4,edf,8,True,True,777.4909284964755,2,649.9431595516489,1,777.4909284964755,0.00015423295553773642,
realworld_split_opportunity,50.0,4,fastest_device,8,True,True,190.40077766588425,0,0.0,3,163.63409159911225,0.0001399349421262741,
realworld_split_opportunity,50.0,4,cpsat,8,True,False,178.43842681878775,0,0.0,1,173.83306039906114,0.016866146004758775,
realworld_split_opportunity,50.0,4,gnn_placement,8,True,True,191.95349316135852,0,0.0,5,166.23436222162653,0.0017406189581379294,
realworld_split_opportunity,50.0,4,simulated_annealing,8,True,True,178.63409159911228,0,0.0,4,163.63409159911225,0.01515541400294751,
realworld_split_opportunity,50.0,4,peft,8,True,True,191.95349316135852,0,0.0,5,166.23436222162653,0.0002784470561891794,
realworld_skip_pressure,0.0,0,heft,15,True,True,1229816.1810857863,0,0.0,2,1229806.1810857863,0.00034259993117302656,
realworld_skip_pressure,0.0,0,edf,15,True,True,1501168.401,0,0.0,0,1501168.401,0.00040362600702792406,
realworld_skip_pressure,0.0,0,fastest_device,15,True,True,1229816.1810857863,0,0.0,2,1229806.1810857863,0.00023447501007467508,
realworld_skip_pressure,0.0,0,cpsat,15,True,False,1229814.9257393698,0,0.0,2,1229806.1810857863,0.21014560293406248,
realworld_skip_pressure,0.0,0,gnn_placement,15,True,True,1251228.8400000003,0,0.0,0,1251228.8400000003,0.0023661849554628134,
realworld_skip_pressure,0.0,0,simulated_annealing,15,True,True,1229816.1810857863,0,0.0,2,1229806.1810857863,0.029586134012788534,
realworld_skip_pressure,0.0,0,peft,15,True,True,1229816.1810857863,0,0.0,2,1229806.1810857863,0.00038347695954144,
realworld_skip_pressure,0.0,1,heft,15,True,True,1229816.1810857863,0,0.0,2,1229806.1810857863,0.0002933150390163064,
realworld_skip_pressure,0.0,1,edf,15,True,True,1501168.401,0,0.0,0,1501168.401,0.00029543007258325815,
realworld_skip_pressure,0.0,1,fastest_device,15,True,True,1229816.1810857863,0,0.0,2,1229806.1810857863,0.0002169420477002859,
realworld_skip_pressure,0.0,1,cpsat,15,True,False,1229814.9257393698,0,0.0,2,1229806.1810857863,0.22516308503691107,
realworld_skip_pressure,0.0,1,gnn_placement,15,True,True,1251228.8400000003,0,0.0,0,1251228.8400000003,0.015145404962822795,
realworld_skip_pressure,0.0,1,simulated_annealing,15,True,True,1229816.1810857863,0,0.0,2,1229806.1810857863,0.020882698008790612,
realworld_skip_pressure,0.0,1,peft,15,True,True,1229816.1810857863,0,0.0,2,1229806.1810857863,0.00036849803291261196,
realworld_skip_pressure,0.0,2,heft,15,True,True,1229816.1810857863,0,0.0,2,1229806.1810857863,0.00027343793772161007,
realworld_skip_pressure,0.0,2,edf,15,True,True,1501168.401,0,0.0,0,1501168.401,0.0002804810646921396,
realworld_skip_pressure,0.0,2,fastest_device,15,True,True,1229816.1810857863,0,0.0,2,1229806.1810857863,0.0002113509690389037,
realworld_skip_pressure,0.0,2,cpsat,15,True,False,1229814.9257393698,0,0.0,2,1229806.1810857863,0.08661359595134854,
realworld_skip_pressure,0.0,2,gnn_placement,15,True,True,1251228.8400000003,0,0.0,0,1251228.8400000003,0.0020798820769414306,
realworld_skip_pressure,0.0,2,simulated_annealing,15,True,True,1229816.1810857863,0,0.0,2,1229806.1810857863,0.022784492932260036,
realworld_skip_pressure,0.0,2,peft,15,True,True,1229816.1810857863,0,0.0,2,1229806.1810857863,0.00035919109359383583,
realworld_skip_pressure,0.0,3,heft,15,True,True,1229816.1810857863,0,0.0,2,1229806.1810857863,0.00027312792371958494,
realworld_skip_pressure,0.0,3,edf,15,True,True,1501168.401,0,0.0,0,1501168.401,0.00028260599356144667,
realworld_skip_pressure,0.0,3,fastest_device,15,True,True,1229816.1810857863,0,0.0,2,1229806.1810857863,0.00021447695326060057,
realworld_skip_pressure,0.0,3,cpsat,15,True,False,1229814.9257393698,0,0.0,2,1229806.1810857863,0.20994567405432463,
realworld_skip_pressure,0.0,3,gnn_placement,15,True,True,1251228.8400000003,0,0.0,0,1251228.8400000003,0.002809894969686866,
realworld_skip_pressure,0.0,3,simulated_annealing,15,True,True,1229816.1810857863,0,0.0,2,1229806.1810857863,0.03028795402497053,
realworld_skip_pressure,0.0,3,peft,15,True,True,1229816.1810857863,0,0.0,2,1229806.1810857863,0.0005752199795097113,
realworld_skip_pressure,0.0,4,heft,15,True,True,1229816.1810857863,0,0.0,2,1229806.1810857863,0.00040805304888635874,
realworld_skip_pressure,0.0,4,edf,15,True,True,1501168.401,0,0.0,0,1501168.401,0.0003943280316889286,
realworld_skip_pressure,0.0,4,fastest_device,15,True,True,1229816.1810857863,0,0.0,2,1229806.1810857863,0.00030170194804668427,
realworld_skip_pressure,0.0,4,cpsat,15,True,False,1229814.9257393698,0,0.0,2,1229806.1810857863,0.28488572605419904,
realworld_skip_pressure,0.0,4,gnn_placement,15,True,True,1251228.8400000003,0,0.0,0,1251228.8400000003,0.009153998922556639,
realworld_skip_pressure,0.0,4,simulated_annealing,15,True,True,1229816.1810857863,0,0.0,2,1229806.1810857863,0.024214584031142294,
realworld_skip_pressure,0.0,4,peft,15,True,True,1229816.1810857863,0,0.0,2,1229806.1810857863,0.00037415907718241215,
realworld_skip_pressure,10.0,0,heft,15,True,True,1219121.219542677,0,0.0,4,1219101.219542677,0.00026885000988841057,
realworld_skip_pressure,10.0,0,edf,15,True,True,1543650.3893491272,0,0.0,0,1543650.3893491272,0.000278828083537519,
realworld_skip_pressure,10.0,0,fastest_device,15,True,True,1219121.219542677,0,0.0,4,1219101.219542677,0.00020926690194755793,
realworld_skip_pressure,10.0,0,cpsat,15,True,False,1219121.3963073432,0,0.0,4,1219101.219542677,10.016716729965992,
realworld_skip_pressure,10.0,0,gnn_placement,15,True,True,1240701.4724779502,0,0.0,0,1240701.4724779502,0.040812141029164195,
realworld_skip_pressure,10.0,0,simulated_annealing,15,True,True,1219121.219542677,0,0.0,4,1219101.219542677,0.025422001024708152,
realworld_skip_pressure,10.0,0,peft,15,True,True,1219121.219542677,0,0.0,4,1219101.219542677,0.00041518709622323513,
realworld_skip_pressure,10.0,1,heft,15,True,True,1227103.077356167,0,0.0,2,1227093.077356167,0.00028377806302160025,
realworld_skip_pressure,10.0,1,edf,15,True,True,1460624.4628545654,0,0.0,0,1460624.4628545654,0.0002988659543916583,
realworld_skip_pressure,10.0,1,fastest_device,15,True,True,1227103.077356167,0,0.0,2,1227093.077356167,0.00022737099789083004,
realworld_skip_pressure,10.0,1,cpsat,15,True,False,1227103.9139546417,0,0.0,2,1227093.077356167,0.3242444220231846,
realworld_skip_pressure,10.0,1,gnn_placement,15,True,True,1252322.1811171533,0,0.0,0,1252322.1811171533,0.08680725307203829,
realworld_skip_pressure,10.0,1,simulated_annealing,15,True,True,1227103.077356167,0,0.0,2,1227093.077356167,0.026595204952172935,
realworld_skip_pressure,10.0,1,peft,15,True,True,1227103.077356167,0,0.0,2,1227093.077356167,0.0005621060263365507,
realworld_skip_pressure,10.0,2,heft,15,True,True,1283651.976924897,0,0.0,2,1283641.976924897,0.0003192239673808217,
realworld_skip_pressure,10.0,2,edf,15,True,True,1542490.8819704268,0,0.0,0,1542490.8819704268,0.000390400062315166,
realworld_skip_pressure,10.0,2,fastest_device,15,True,True,1283651.976924897,0,0.0,2,1283641.976924897,0.0003710529999807477,
realworld_skip_pressure,10.0,2,cpsat,15,True,False,1283651.7110035527,0,0.0,2,1283641.976924897,0.29955744300968945,
realworld_skip_pressure,10.0,2,gnn_placement,15,True,True,1307920.480065725,0,0.0,0,1307920.480065725,0.04684969305526465,
realworld_skip_pressure,10.0,2,simulated_annealing,15,True,True,1283651.976924897,0,0.0,2,1283641.976924897,0.02842539397533983,
realworld_skip_pressure,10.0,2,peft,15,True,True,1283651.976924897,0,0.0,2,1283641.976924897,0.0005886460421606898,
realworld_skip_pressure,10.0,3,heft,15,True,True,1246047.555656357,0,0.0,6,1246017.555656357,0.00029766408260911703,
realworld_skip_pressure,10.0,3,edf,15,True,True,1435942.2473249836,0,0.0,0,1435942.2473249836,0.0004343430045992136,
realworld_skip_pressure,10.0,3,fastest_device,15,True,True,1246047.555656357,0,0.0,6,1246017.555656357,0.0003238139906898141,
realworld_skip_pressure,10.0,3,cpsat,15,True,False,1246047.3964757323,0,0.0,6,1246017.555656357,0.5997069770237431,
realworld_skip_pressure,10.0,3,gnn_placement,15,True,True,1271745.2302294716,0,0.0,0,1271745.2302294716,0.004319236031733453,
realworld_skip_pressure,10.0,3,simulated_annealing,15,True,True,1246047.555656357,0,0.0,6,1246017.555656357,0.02192205796018243,
realworld_skip_pressure,10.0,3,peft,15,True,True,1246047.555656357,0,0.0,6,1246017.555656357,0.0004166790749877691,
realworld_skip_pressure,10.0,4,heft,15,True,True,1165421.6847753972,0,0.0,4,1165401.6847753972,0.00028850603848695755,
realworld_skip_pressure,10.0,4,edf,15,True,True,1593452.8678574981,0,0.0,0,1593452.8678574981,0.00028840708546340466,
realworld_skip_pressure,10.0,4,fastest_device,15,True,True,1165421.6847753972,0,0.0,4,1165401.6847753972,0.0002629089867696166,
realworld_skip_pressure,10.0,4,cpsat,15,True,False,1165422.0045712742,0,0.0,4,1165401.6847753972,0.465912300045602,
realworld_skip_pressure,10.0,4,gnn_placement,15,True,True,1202010.9904815939,0,0.0,0,1202010.9904815939,0.0024618159513920546,
realworld_skip_pressure,10.0,4,simulated_annealing,15,True,True,1165421.6847753972,0,0.0,4,1165401.6847753972,0.028806717018596828,
realworld_skip_pressure,10.0,4,peft,15,True,True,1165421.6847753972,0,0.0,4,1165401.6847753972,0.000538690946996212,
realworld_skip_pressure,25.0,0,heft,15,True,True,1130204.3314485135,0,0.0,5,1130129.3314485135,0.0003866830375045538,
realworld_skip_pressure,25.0,0,edf,15,True,True,1649630.1550408686,0,0.0,0,1649630.1550408686,0.0003793389769271016,
realworld_skip_pressure,25.0,0,fastest_device,15,True,True,1130204.3314485135,0,0.0,5,1130129.3314485135,0.0002905909204855561,
realworld_skip_pressure,25.0,0,cpsat,15,True,False,1130202.5026233818,0,0.0,5,1130129.3314485135,0.18742453993763775,
realworld_skip_pressure,25.0,0,gnn_placement,15,True,True,1234987.3097441432,0,0.0,0,1234987.3097441432,0.007731522899121046,
realworld_skip_pressure,25.0,0,simulated_annealing,15,True,True,1130204.3314485135,0,0.0,5,1130129.3314485135,0.024396608001552522,
realworld_skip_pressure,25.0,0,peft,15,True,True,1130204.3314485135,0,0.0,5,1130129.3314485135,0.0004412661073729396,
realworld_skip_pressure,25.0,1,heft,15,True,True,947168.8104674403,0,0.0,4,947098.8104674403,0.00031065905932337046,
realworld_skip_pressure,25.0,1,edf,15,True,True,1361472.1855692107,0,0.0,0,1361472.1855692107,0.0002886169822886586,
realworld_skip_pressure,25.0,1,fastest_device,15,True,True,947168.8104674403,0,0.0,4,947098.8104674403,0.00024343200493603945,
realworld_skip_pressure,25.0,1,cpsat,15,True,False,947168.8709722456,0,0.0,4,947098.8104674403,0.15161796705797315,
realworld_skip_pressure,25.0,1,gnn_placement,15,True,True,1111896.52159871,0,0.0,0,1111896.52159871,0.0037005640333518386,
realworld_skip_pressure,25.0,1,simulated_annealing,15,True,True,947168.8104674403,0,0.0,4,947098.8104674403,0.020996814011596143,
realworld_skip_pressure,25.0,1,peft,15,True,True,947168.8104674403,0,0.0,4,947098.8104674403,0.0003849200438708067,
realworld_skip_pressure,25.0,2,heft,15,True,True,1345598.4285019692,0,0.0,6,1345518.4285019692,0.00028440903406590223,
realworld_skip_pressure,25.0,2,edf,15,True,True,1538771.4250138355,0,0.0,0,1538771.4250138355,0.00029389699921011925,
realworld_skip_pressure,25.0,2,fastest_device,15,True,True,1345598.4285019692,0,0.0,6,1345518.4285019692,0.0002211689716205001,
realworld_skip_pressure,25.0,2,cpsat,15,True,False,1345598.8652691352,0,0.0,6,1345518.4285019692,0.6327791879884899,
realworld_skip_pressure,25.0,2,gnn_placement,15,True,True,1397326.440155255,0,0.0,0,1397326.440155255,0.03933199495077133,
realworld_skip_pressure,25.0,2,simulated_annealing,15,True,True,1345598.4285019692,0,0.0,6,1345518.4285019692,0.02903666195925325,
realworld_skip_pressure,25.0,2,peft,15,True,True,1345598.4285019692,0,0.0,6,1345518.4285019692,0.0005542810540646315,
realworld_skip_pressure,25.0,3,heft,15,True,True,1096215.3739292035,0,0.0,7,1096130.3739292035,0.00042882305569946766,
realworld_skip_pressure,25.0,3,edf,15,True,True,1393277.9335149282,0,0.0,0,1393277.9335149282,0.00042526598554104567,
realworld_skip_pressure,25.0,3,fastest_device,15,True,True,1096215.3739292035,0,0.0,7,1096130.3739292035,0.00034791999496519566,
realworld_skip_pressure,25.0,3,cpsat,15,True,False,1096214.2732184748,0,0.0,7,1096130.3739292035,0.39947125606704503,
realworld_skip_pressure,25.0,3,gnn_placement,15,True,True,1202417.032134899,0,0.0,0,1202417.032134899,0.041517486912198365,
realworld_skip_pressure,25.0,3,simulated_annealing,15,True,True,1096215.3739292035,0,0.0,7,1096130.3739292035,0.021309748059138656,
realworld_skip_pressure,25.0,3,peft,15,True,True,1096215.3739292035,0,0.0,7,1096130.3739292035,0.0004232419887557626,
realworld_skip_pressure,25.0,4,heft,15,True,True,1094982.7278061665,0,0.0,4,1094962.7278061665,0.000298065016977489,
realworld_skip_pressure,25.0,4,edf,15,True,True,1433978.613499136,0,0.0,0,1433978.613499136,0.00029357592575252056,
realworld_skip_pressure,25.0,4,fastest_device,15,True,True,1094982.7278061665,0,0.0,4,1094962.7278061665,0.00022940407507121563,
realworld_skip_pressure,25.0,4,cpsat,15,True,False,1094981.4920463937,0,0.0,4,1094962.7278061665,2.1770749459974468,
realworld_skip_pressure,25.0,4,gnn_placement,15,True,True,1130617.9811821694,0,0.0,0,1130617.9811821694,0.01840164593886584,
realworld_skip_pressure,25.0,4,simulated_annealing,15,True,True,1094982.7278061665,0,0.0,4,1094962.7278061665,0.02125755907036364,
realworld_skip_pressure,25.0,4,peft,15,True,True,1094982.7278061665,0,0.0,4,1094962.7278061665,0.0004078730707988143,
realworld_skip_pressure,50.0,0,heft,15,True,True,847439.0876295131,0,0.0,8,847249.0876295131,0.00029060093220323324,
realworld_skip_pressure,50.0,0,edf,15,True,True,1315503.1733955399,0,0.0,0,1315503.1733955399,0.0002880260581150651,
realworld_skip_pressure,50.0,0,fastest_device,15,True,True,847439.0876295131,0,0.0,8,847249.0876295131,0.000218514003790915,
realworld_skip_pressure,50.0,0,cpsat,15,True,False,847438.8797047163,0,0.0,8,847249.0876295131,0.19620923895854503,
realworld_skip_pressure,50.0,0,gnn_placement,15,True,True,847439.0876295131,0,0.0,8,847249.0876295131,0.02739437995478511,
realworld_skip_pressure,50.0,0,simulated_annealing,15,True,True,847439.0876295131,0,0.0,8,847249.0876295131,0.03072235791478306,
realworld_skip_pressure,50.0,0,peft,15,True,True,847439.0876295131,0,0.0,8,847249.0876295131,0.0005672060651704669,
realworld_skip_pressure,50.0,1,heft,15,True,True,1188548.3525054825,0,0.0,8,1188383.3525054825,0.00039627100341022015,
realworld_skip_pressure,50.0,1,edf,15,True,True,1746260.5263175976,0,0.0,0,1746260.5263175976,0.0004047370748594403,
realworld_skip_pressure,50.0,1,fastest_device,15,True,True,1188548.3525054825,0,0.0,8,1188383.3525054825,0.000300009036436677,
realworld_skip_pressure,50.0,1,cpsat,15,True,False,1188548.6433116451,0,0.0,8,1188383.3525054825,0.2705012030201033,
realworld_skip_pressure,50.0,1,gnn_placement,15,True,True,1392842.9673995683,0,0.0,0,1392842.9673995683,0.022049380000680685,
realworld_skip_pressure,50.0,1,simulated_annealing,15,True,True,1188548.3525054825,0,0.0,8,1188383.3525054825,0.029283649986609817,
realworld_skip_pressure,50.0,1,peft,15,True,True,1188548.3525054825,0,0.0,8,1188383.3525054825,0.0004189739702269435,
realworld_skip_pressure,50.0,2,heft,15,True,True,822877.5019291233,0,0.0,7,822742.5019291233,0.0002937769750133157,
realworld_skip_pressure,50.0,2,edf,15,True,True,1805467.3521755268,0,0.0,0,1805467.3521755268,0.00042405398562550545,
realworld_skip_pressure,50.0,2,fastest_device,15,True,True,822877.5019291233,0,0.0,7,822742.5019291233,0.0003201860236003995,
realworld_skip_pressure,50.0,2,cpsat,15,True,False,822876.9588731151,0,0.0,7,822742.5019291233,0.18033929204102606,
realworld_skip_pressure,50.0,2,gnn_placement,15,True,True,822877.5019291233,0,0.0,7,822742.5019291233,0.0022981249494478106,
realworld_skip_pressure,50.0,2,simulated_annealing,15,True,True,822877.5019291233,0,0.0,7,822742.5019291233,0.028221367043443024,
realworld_skip_pressure,50.0,2,peft,15,True,True,822877.5019291233,0,0.0,7,822742.5019291233,0.000561714987270534,
realworld_skip_pressure,50.0,3,heft,15,True,True,915230.8175610697,0,0.0,9,915135.8175610697,0.0004012610297650099,
realworld_skip_pressure,50.0,3,edf,15,True,True,1555240.0771645447,0,0.0,0,1555240.0771645447,0.0004924730164930224,
realworld_skip_pressure,50.0,3,fastest_device,15,True,True,915230.8175610697,0,0.0,9,915135.8175610697,0.00033889198675751686,
realworld_skip_pressure,50.0,3,cpsat,15,True,False,915230.5556650227,0,0.0,9,915135.8175610697,0.22103703499305993,
realworld_skip_pressure,50.0,3,gnn_placement,15,True,True,915230.8175610697,0,0.0,9,915135.8175610697,0.004263250040821731,
realworld_skip_pressure,50.0,3,simulated_annealing,15,True,True,915230.8175610697,0,0.0,9,915135.8175610697,0.03140075202099979,
realworld_skip_pressure,50.0,3,peft,15,True,True,915230.8175610697,0,0.0,9,915135.8175610697,0.0005844270344823599,
realworld_skip_pressure,50.0,4,heft,15,True,True,741142.284524417,0,0.0,7,741032.284524417,0.0004136529751121998,
realworld_skip_pressure,50.0,4,edf,15,True,True,1240827.9129834017,0,0.0,0,1240827.9129834017,0.0004014309961348772,
realworld_skip_pressure,50.0,4,fastest_device,15,True,True,741142.284524417,0,0.0,7,741032.284524417,0.00036146503407508135,
realworld_skip_pressure,50.0,4,cpsat,15,True,False,741140.8966451279,0,0.0,7,741032.284524417,0.1221750439144671,
realworld_skip_pressure,50.0,4,gnn_placement,15,True,True,741142.284524417,0,0.0,7,741032.284524417,0.008038153988309205,
realworld_skip_pressure,50.0,4,simulated_annealing,15,True,True,741142.284524417,0,0.0,7,741032.284524417,0.021486451965756714,
realworld_skip_pressure,50.0,4,peft,15,True,True,741142.284524417,0,0.0,7,741032.284524417,0.0003806009190157056,
real_dronet_chipyard,0.0,0,heft,15,True,True,1229906.1810857863,0,0.0,2,1229806.1810857863,0.00033032591454684734,
real_dronet_chipyard,0.0,0,edf,15,True,True,1501168.401,0,0.0,0,1501168.401,0.00032210000790655613,
real_dronet_chipyard,0.0,0,fastest_device,15,True,True,1229906.1810857863,0,0.0,2,1229806.1810857863,0.00025440205354243517,
real_dronet_chipyard,0.0,0,cpsat,15,True,False,1229904.9257393698,0,0.0,2,1229806.1810857863,0.09571588807739317,
real_dronet_chipyard,0.0,0,gnn_placement,15,True,True,1343094.63045673,0,0.0,3,1342993.63045673,0.010939624044112861,
real_dronet_chipyard,0.0,0,simulated_annealing,15,True,True,1229906.1810857863,0,0.0,2,1229806.1810857863,0.028508923016488552,
real_dronet_chipyard,0.0,0,peft,15,True,True,1229906.1810857863,0,0.0,2,1229806.1810857863,0.0005005990387871861,
real_dronet_chipyard,0.0,1,heft,15,True,True,1229906.1810857863,0,0.0,2,1229806.1810857863,0.0003315691137686372,
real_dronet_chipyard,0.0,1,edf,15,True,True,1501168.401,0,0.0,0,1501168.401,0.000331838964484632,
real_dronet_chipyard,0.0,1,fastest_device,15,True,True,1229906.1810857863,0,0.0,2,1229806.1810857863,0.00025981198996305466,
real_dronet_chipyard,0.0,1,cpsat,15,True,False,1229904.9257393698,0,0.0,2,1229806.1810857863,0.10216641298029572,
real_dronet_chipyard,0.0,1,gnn_placement,15,True,True,1343094.63045673,0,0.0,3,1342993.63045673,0.010931227006949484,
real_dronet_chipyard,0.0,1,simulated_annealing,15,True,True,1229906.1810857863,0,0.0,2,1229806.1810857863,0.030621416051872075,
real_dronet_chipyard,0.0,1,peft,15,True,True,1229906.1810857863,0,0.0,2,1229806.1810857863,0.0007191429613158107,
real_dronet_chipyard,0.0,2,heft,15,True,True,1229906.1810857863,0,0.0,2,1229806.1810857863,0.0004797999281436205,
real_dronet_chipyard,0.0,2,edf,15,True,True,1501168.401,0,0.0,0,1501168.401,0.0005744789959862828,
real_dronet_chipyard,0.0,2,fastest_device,15,True,True,1229906.1810857863,0,0.0,2,1229806.1810857863,0.0004918420454487205,
real_dronet_chipyard,0.0,2,cpsat,15,True,False,1229904.9257393698,0,0.0,2,1229806.1810857863,0.10883977101184428,
real_dronet_chipyard,0.0,2,gnn_placement,15,True,True,1343094.63045673,0,0.0,3,1342993.63045673,0.0021132349502295256,
real_dronet_chipyard,0.0,2,simulated_annealing,15,True,True,1229906.1810857863,0,0.0,2,1229806.1810857863,0.021299006999470294,
real_dronet_chipyard,0.0,2,peft,15,True,True,1229906.1810857863,0,0.0,2,1229806.1810857863,0.00046230596490204334,
real_dronet_chipyard,0.0,3,heft,15,True,True,1229906.1810857863,0,0.0,2,1229806.1810857863,0.0003249659202992916,
real_dronet_chipyard,0.0,3,edf,15,True,True,1501168.401,0,0.0,0,1501168.401,0.0003329409519210458,
real_dronet_chipyard,0.0,3,fastest_device,15,True,True,1229906.1810857863,0,0.0,2,1229806.1810857863,0.0002510460326448083,
real_dronet_chipyard,0.0,3,cpsat,15,True,False,1229904.9257393698,0,0.0,2,1229806.1810857863,0.11081262002699077,
real_dronet_chipyard,0.0,3,gnn_placement,15,True,True,1343094.63045673,0,0.0,3,1342993.63045673,0.04190012195613235,
real_dronet_chipyard,0.0,3,simulated_annealing,15,True,True,1229906.1810857863,0,0.0,2,1229806.1810857863,0.02542296308092773,
real_dronet_chipyard,0.0,3,peft,15,True,True,1229906.1810857863,0,0.0,2,1229806.1810857863,0.0007474760059267282,
real_dronet_chipyard,0.0,4,heft,15,True,True,1229906.1810857863,0,0.0,2,1229806.1810857863,0.00033091800287365913,
real_dronet_chipyard,0.0,4,edf,15,True,True,1501168.401,0,0.0,0,1501168.401,0.0005125210154801607,
real_dronet_chipyard,0.0,4,fastest_device,15,True,True,1229906.1810857863,0,0.0,2,1229806.1810857863,0.00042590696830302477,
real_dronet_chipyard,0.0,4,cpsat,15,True,False,1229904.9257393698,0,0.0,2,1229806.1810857863,0.10797937994357198,
real_dronet_chipyard,0.0,4,gnn_placement,15,True,True,1343094.63045673,0,0.0,3,1342993.63045673,0.004468117957003415,
real_dronet_chipyard,0.0,4,simulated_annealing,15,True,True,1229906.1810857863,0,0.0,2,1229806.1810857863,0.021351656992919743,
real_dronet_chipyard,0.0,4,peft,15,True,True,1229906.1810857863,0,0.0,2,1229806.1810857863,0.00046671403106302023,
real_dronet_chipyard,10.0,0,heft,15,True,True,1204438.2292180394,0,0.0,4,1204238.2292180394,0.0003301160177215934,
real_dronet_chipyard,10.0,0,edf,15,True,True,1384158.9252305746,0,0.0,0,1384158.9252305746,0.000336218043230474,
real_dronet_chipyard,10.0,0,fastest_device,15,True,True,1204438.2292180394,0,0.0,4,1204238.2292180394,0.00026633497327566147,
real_dronet_chipyard,10.0,0,cpsat,15,True,False,1204437.374075344,0,0.0,4,1204238.2292180394,0.11956194206140935,
real_dronet_chipyard,10.0,0,gnn_placement,15,True,True,1302942.4197919907,0,0.0,3,1302841.4197919907,0.002033664961345494,
real_dronet_chipyard,10.0,0,simulated_annealing,15,True,True,1204438.2292180394,0,0.0,4,1204238.2292180394,0.02865381701849401,
real_dronet_chipyard,10.0,0,peft,15,True,True,1204438.2292180394,0,0.0,4,1204238.2292180394,0.0005427279975265265,
real_dronet_chipyard,10.0,1,heft,15,True,True,1194605.9459661772,0,0.0,2,1194505.9459661772,0.0005101660499349236,
real_dronet_chipyard,10.0,1,edf,15,True,True,1401397.2096551068,0,0.0,0,1401397.2096551068,0.0005971620557829738,
real_dronet_chipyard,10.0,1,fastest_device,15,True,True,1194605.9459661772,0,0.0,2,1194505.9459661772,0.0002641610335558653,
real_dronet_chipyard,10.0,1,cpsat,15,True,False,1194605.6345131062,0,0.0,2,1194505.9459661772,3.1474633449688554,
real_dronet_chipyard,10.0,1,gnn_placement,15,True,True,1287116.513376898,0,0.0,3,1287015.513376898,0.0029216170078143477,
real_dronet_chipyard,10.0,1,simulated_annealing,15,True,True,1194605.9459661772,0,0.0,2,1194505.9459661772,0.02113580796867609,
real_dronet_chipyard,10.0,1,peft,15,True,True,1194605.9459661772,0,0.0,2,1194505.9459661772,0.00047331699170172215,
real_dronet_chipyard,10.0,2,heft,15,True,True,1205642.6180197971,0,0.0,4,1205442.6180197971,0.0003252360038459301,
real_dronet_chipyard,10.0,2,edf,15,True,True,1486628.6176361204,0,0.0,0,1486628.6176361204,0.0003315090434625745,
real_dronet_chipyard,10.0,2,fastest_device,15,True,True,1205642.6180197971,0,0.0,4,1205442.6180197971,0.0002573080128058791,
real_dronet_chipyard,10.0,2,cpsat,15,True,False,1205642.0029906917,0,0.0,4,1205442.6180197971,0.17524523695465177,
real_dronet_chipyard,10.0,2,gnn_placement,15,True,True,1330824.1287649807,0,0.0,3,1330723.1287649807,0.0019200190436095,
real_dronet_chipyard,10.0,2,simulated_annealing,15,True,True,1205642.6180197971,0,0.0,4,1205442.6180197971,0.021240817033685744,
real_dronet_chipyard,10.0,2,peft,15,True,True,1205642.6180197971,0,0.0,4,1205442.6180197971,0.00045656494330614805,
real_dronet_chipyard,10.0,3,heft,15,True,True,1253290.3261649874,0,0.0,2,1253190.3261649874,0.0003234039759263396,
real_dronet_chipyard,10.0,3,edf,15,True,True,1486570.321534679,0,0.0,0,1486570.321534679,0.00031979603227227926,
real_dronet_chipyard,10.0,3,fastest_device,15,True,True,1253290.3261649874,0,0.0,2,1253190.3261649874,0.0002554840175434947,
real_dronet_chipyard,10.0,3,cpsat,15,True,False,1253289.762263805,0,0.0,2,1253190.3261649874,0.09253520902711898,
real_dronet_chipyard,10.0,3,gnn_placement,15,True,True,1354624.9902439443,0,0.0,3,1354523.9902439443,0.005775365978479385,
real_dronet_chipyard,10.0,3,simulated_annealing,15,True,True,1253290.3261649874,0,0.0,2,1253190.3261649874,0.030915103037841618,
real_dronet_chipyard,10.0,3,peft,15,True,True,1253290.3261649874,0,0.0,2,1253190.3261649874,0.000722308992408216,
real_dronet_chipyard,10.0,4,heft,15,True,True,1166536.9286995663,0,0.0,2,1166436.9286995663,0.0004802499897778034,
real_dronet_chipyard,10.0,4,edf,15,True,True,1640115.789028296,0,0.0,0,1640115.789028296,0.0004767939681187272,
real_dronet_chipyard,10.0,4,fastest_device,15,True,True,1166536.9286995663,0,0.0,2,1166436.9286995663,0.00038384704384952784,
real_dronet_chipyard,10.0,4,cpsat,15,True,False,1166536.8788024771,0,0.0,2,1166436.9286995663,0.14199264405760914,
real_dronet_chipyard,10.0,4,gnn_placement,15,True,True,1344305.1118227222,0,0.0,3,1344204.1118227222,0.003886435995809734,
real_dronet_chipyard,10.0,4,simulated_annealing,15,True,True,1166536.9286995663,0,0.0,2,1166436.9286995663,0.02312311506830156,
real_dronet_chipyard,10.0,4,peft,15,True,True,1166536.9286995663,0,0.0,2,1166436.9286995663,0.000491140061058104,
real_dronet_chipyard,25.0,0,heft,15,True,True,989410.3751229718,0,0.0,9,988870.3751229718,0.0003272600006312132,
real_dronet_chipyard,25.0,0,edf,15,True,True,1530885.3839838642,0,0.0,0,1530885.3839838642,0.00034309003967791796,
real_dronet_chipyard,25.0,0,fastest_device,15,True,True,989410.3751229718,0,0.0,9,988870.3751229718,0.0002792499726638198,
real_dronet_chipyard,25.0,0,cpsat,15,True,False,989411.356589901,0,0.0,9,988870.3751229718,0.14191293297335505,
real_dronet_chipyard,25.0,0,gnn_placement,15,True,True,1240150.1208383786,0,0.0,3,1240049.1208383786,0.019434542977251112,
real_dronet_chipyard,25.0,0,simulated_annealing,15,True,True,989410.3751229718,0,0.0,9,988870.3751229718,0.02186948899179697,
real_dronet_chipyard,25.0,0,peft,15,True,True,989410.3751229718,0,0.0,9,988870.3751229718,0.0004971229936927557,
real_dronet_chipyard,25.0,1,heft,15,True,True,972765.6337191496,0,0.0,4,972565.6337191496,0.0003287839936092496,
real_dronet_chipyard,25.0,1,edf,15,True,True,1527234.5057822182,0,0.0,0,1527234.5057822182,0.00035295903217047453,
real_dronet_chipyard,25.0,1,fastest_device,15,True,True,972765.6337191496,0,0.0,4,972565.6337191496,0.0002587010385468602,
real_dronet_chipyard,25.0,1,cpsat,15,True,False,972777.5448620103,0,0.0,2,972679.432969298,0.1511719620320946,
real_dronet_chipyard,25.0,1,gnn_placement,15,True,True,1186131.5236987653,0,0.0,3,1186030.5236987653,0.0020380319328978658,
real_dronet_chipyard,25.0,1,simulated_annealing,15,True,True,972765.6337191496,0,0.0,4,972565.6337191496,0.02180296299047768,
real_dronet_chipyard,25.0,1,peft,15,True,True,972765.6337191496,0,0.0,4,972565.6337191496,0.000525436014868319,
real_dronet_chipyard,25.0,2,heft,15,True,True,1048209.7961801596,0,0.0,8,1047749.7961801596,0.0003430499928072095,
real_dronet_chipyard,25.0,2,edf,15,True,True,1280673.6851782529,0,0.0,0,1280673.6851782529,0.0003339329268783331,
real_dronet_chipyard,25.0,2,fastest_device,15,True,True,1048209.7961801596,0,0.0,8,1047749.7961801596,0.00026099500246345997,
real_dronet_chipyard,25.0,2,cpsat,15,True,False,1048209.3880289904,0,0.0,8,1047749.7961801596,0.18207593401893973,
real_dronet_chipyard,25.0,2,gnn_placement,15,True,True,1230889.645301426,0,0.0,3,1230788.645301426,0.0033322660019621253,
real_dronet_chipyard,25.0,2,simulated_annealing,15,True,True,1048209.7961801596,0,0.0,8,1047749.7961801596,0.034970719018019736,
real_dronet_chipyard,25.0,2,peft,15,True,True,1048209.7961801596,0,0.0,8,1047749.7961801596,0.0007892859866842628,
real_dronet_chipyard,25.0,3,heft,15,True,True,1069578.7092679366,0,0.0,9,1069038.7092679366,0.0005425879498943686,
real_dronet_chipyard,25.0,3,edf,15,True,True,1399122.0861860262,0,0.0,0,1399122.0861860262,0.0005188240902498364,
real_dronet_chipyard,25.0,3,fastest_device,15,True,True,1069578.7092679366,0,0.0,9,1069038.7092679366,0.0004016319289803505,
real_dronet_chipyard,25.0,3,cpsat,15,True,False,1069579.0577697302,0,0.0,9,1069038.7092679366,0.20569603994954377,
real_dronet_chipyard,25.0,3,gnn_placement,15,True,True,1220679.2319281797,0,0.0,3,1220578.2319281797,0.0022766150068491697,
real_dronet_chipyard,25.0,3,simulated_annealing,15,True,True,1069578.7092679366,0,0.0,9,1069038.7092679366,0.021938870078884065,
real_dronet_chipyard,25.0,3,peft,15,True,True,1069578.7092679366,0,0.0,9,1069038.7092679366,0.0005001680692657828,
real_dronet_chipyard,25.0,4,heft,15,True,True,1052260.0702164643,0,0.0,7,1051880.0702164643,0.00032045808620750904,
real_dronet_chipyard,25.0,4,edf,15,True,True,1196046.6477656628,0,0.0,0,1196046.6477656628,0.0003212790470570326,
real_dronet_chipyard,25.0,4,fastest_device,15,True,True,1052260.0702164643,0,0.0,7,1051880.0702164643,0.0002571969525888562,
real_dronet_chipyard,25.0,4,cpsat,15,True,True,1052262.5131580397,0,0.0,7,1051880.0702164643,0.9924036629963666,
real_dronet_chipyard,25.0,4,gnn_placement,15,True,True,1052260.0702164643,0,0.0,7,1051880.0702164643,0.025562327937223017,
real_dronet_chipyard,25.0,4,simulated_annealing,15,True,True,1052260.0702164643,0,0.0,7,1051880.0702164643,0.031226752907969058,
real_dronet_chipyard,25.0,4,peft,15,True,True,1052260.0702164643,0,0.0,7,1051880.0702164643,0.0007164280395954847,
real_dronet_chipyard,50.0,0,heft,15,True,True,1162181.7607510742,0,0.0,11,1161620.7607510742,0.00047679292038083076,
real_dronet_chipyard,50.0,0,edf,15,True,True,6847587.777528129,0,0.0,0,6847587.777528129,0.0004782760515809059,
real_dronet_chipyard,50.0,0,fastest_device,15,True,True,1162181.7607510742,0,0.0,11,1161620.7607510742,0.00038198393303900957,
real_dronet_chipyard,50.0,0,cpsat,15,True,False,1162180.6920287297,0,0.0,11,1161620.7607510742,0.20078420010395348,
real_dronet_chipyard,50.0,0,gnn_placement,15,True,True,1481501.7605299675,0,0.0,3,1481400.7605299675,0.0021779469680041075,
real_dronet_chipyard,50.0,0,simulated_annealing,15,True,True,1162181.7607510742,0,0.0,11,1161620.7607510742,0.021707891952246428,
real_dronet_chipyard,50.0,0,peft,15,True,True,1162181.7607510742,0,0.0,11,1161620.7607510742,0.0004597409861162305,
real_dronet_chipyard,50.0,1,heft,15,True,True,593946.1607892351,0,0.0,9,593485.1607892351,0.00032730994280427694,
real_dronet_chipyard,50.0,1,edf,15,True,True,1366346.2092610803,0,0.0,0,1366346.2092610803,0.0003329409519210458,
real_dronet_chipyard,50.0,1,fastest_device,15,True,True,593946.1607892351,0,0.0,9,593485.1607892351,0.0002669059904292226,
real_dronet_chipyard,50.0,1,cpsat,15,True,False,593946.8944438233,0,0.0,9,593485.1607892351,0.4370344179915264,
real_dronet_chipyard,50.0,1,gnn_placement,15,True,True,593946.1607892351,0,0.0,9,593485.1607892351,0.072916878038086,
real_dronet_chipyard,50.0,1,simulated_annealing,15,True,True,593946.1607892351,0,0.0,9,593485.1607892351,0.0226155020063743,
real_dronet_chipyard,50.0,1,peft,15,True,True,593946.1607892351,0,0.0,9,593485.1607892351,0.00047299591824412346,
real_dronet_chipyard,50.0,2,heft,15,True,True,1158861.6726971036,0,0.0,12,1158239.6726971036,0.0003135149599984288,
real_dronet_chipyard,50.0,2,edf,15,True,True,1775011.2849193397,0,0.0,0,1775011.2849193397,0.00031979603227227926,
real_dronet_chipyard,50.0,2,fastest_device,15,True,True,1158861.6726971036,0,0.0,12,1158239.6726971036,0.00025594502221792936,
real_dronet_chipyard,50.0,2,cpsat,15,True,False,1158861.8784744635,0,0.0,12,1158239.6726971036,0.8724565509473905,
real_dronet_chipyard,50.0,2,gnn_placement,15,True,True,1158861.6726971036,0,0.0,12,1158239.6726971036,0.014863309916108847,
real_dronet_chipyard,50.0,2,simulated_annealing,15,True,True,1158861.6726971036,0,0.0,12,1158239.6726971036,0.03224546404089779,
real_dronet_chipyard,50.0,2,peft,15,True,True,1158861.6726971036,0,0.0,12,1158239.6726971036,0.0006784360157325864,
real_dronet_chipyard,50.0,3,heft,15,True,True,1102362.1002368706,0,0.0,11,1101801.1002368706,0.00035587395541369915,
real_dronet_chipyard,50.0,3,edf,15,True,True,1508027.0350160105,0,0.0,0,1508027.0350160105,0.0005043549463152885,
real_dronet_chipyard,50.0,3,fastest_device,15,True,True,1102362.1002368706,0,0.0,11,1101801.1002368706,0.000384790007956326,
real_dronet_chipyard,50.0,3,cpsat,15,True,False,1102360.3699332196,0,0.0,11,1101801.1002368706,0.21061669604387134,
real_dronet_chipyard,50.0,3,gnn_placement,15,True,True,1335950.114438085,0,0.0,3,1335849.114438085,0.024886547005735338,
real_dronet_chipyard,50.0,3,simulated_annealing,15,True,True,1102362.1002368706,0,0.0,11,1101801.1002368706,0.02167762501630932,
real_dronet_chipyard,50.0,3,peft,15,True,True,1102362.1002368706,0,0.0,11,1101801.1002368706,0.0004998779622837901,
real_dronet_chipyard,50.0,4,heft,15,True,True,682850.8968608782,0,0.0,11,682308.8968608782,0.00033579592127352953,
real_dronet_chipyard,50.0,4,edf,15,True,True,951318.1651050509,0,0.0,0,951318.1651050509,0.00033407402224838734,
real_dronet_chipyard,50.0,4,fastest_device,15,True,True,682850.8968608782,0,0.0,11,682308.8968608782,0.00028974900487810373,
real_dronet_chipyard,50.0,4,cpsat,15,True,False,682851.3382616144,0,0.0,11,682308.8968608782,1.0092021509772167,
real_dronet_chipyard,50.0,4,gnn_placement,15,True,True,682850.8968608782,0,0.0,11,682308.8968608782,0.038707009982317686,
real_dronet_chipyard,50.0,4,simulated_annealing,15,True,True,682850.8968608782,0,0.0,11,682308.8968608782,0.02183592494111508,
real_dronet_chipyard,50.0,4,peft,15,True,True,682850.8968608782,0,0.0,11,682308.8968608782,0.000491010956466198,
real_mlp_wide_chipyard,0.0,0,heft,3,True,True,7050.136,0,0.0,0,7050.136,0.0001021228963509202,
real_mlp_wide_chipyard,0.0,0,edf,3,True,True,7050.136,0,0.0,0,7050.136,0.00010406691581010818,
real_mlp_wide_chipyard,0.0,0,fastest_device,3,True,True,7050.136,0,0.0,0,7050.136,7.781805470585823e-05,
real_mlp_wide_chipyard,0.0,0,cpsat,3,True,False,7050.0453333333335,0,0.0,0,7050.136,0.009245542925782502,
real_mlp_wide_chipyard,0.0,0,gnn_placement,3,True,True,7050.136,0,0.0,0,7050.136,0.0027993450639769435,
real_mlp_wide_chipyard,0.0,0,simulated_annealing,3,True,True,7050.136,0,0.0,0,7050.136,0.008085404988378286,
real_mlp_wide_chipyard,0.0,0,peft,3,True,True,7050.136,0,0.0,0,7050.136,0.00017736596055328846,
real_mlp_wide_chipyard,0.0,1,heft,3,True,True,7050.136,0,0.0,0,7050.136,9.300699457526207e-05,
real_mlp_wide_chipyard,0.0,1,edf,3,True,True,7050.136,0,0.0,0,7050.136,0.00010097201447933912,
real_mlp_wide_chipyard,0.0,1,fastest_device,3,True,True,7050.136,0,0.0,0,7050.136,7.747695781290531e-05,
real_mlp_wide_chipyard,0.0,1,cpsat,3,True,False,7050.0453333333335,0,0.0,0,7050.136,0.009733938029967248,
real_mlp_wide_chipyard,0.0,1,gnn_placement,3,True,True,7050.136,0,0.0,0,7050.136,0.005740278982557356,
real_mlp_wide_chipyard,0.0,1,simulated_annealing,3,True,True,7050.136,0,0.0,0,7050.136,0.007735581020824611,
real_mlp_wide_chipyard,0.0,1,peft,3,True,True,7050.136,0,0.0,0,7050.136,0.00016885006334632635,
real_mlp_wide_chipyard,0.0,2,heft,3,True,True,7050.136,0,0.0,0,7050.136,0.00010363711044192314,
real_mlp_wide_chipyard,0.0,2,edf,3,True,True,7050.136,0,0.0,0,7050.136,0.00011271389666944742,
real_mlp_wide_chipyard,0.0,2,fastest_device,3,True,True,7050.136,0,0.0,0,7050.136,8.694501593708992e-05,
real_mlp_wide_chipyard,0.0,2,cpsat,3,True,False,7050.0453333333335,0,0.0,0,7050.136,0.010088920942507684,
real_mlp_wide_chipyard,0.0,2,gnn_placement,3,True,True,7050.136,0,0.0,0,7050.136,0.010790219996124506,
real_mlp_wide_chipyard,0.0,2,simulated_annealing,3,True,True,7050.136,0,0.0,0,7050.136,0.007619902025908232,
real_mlp_wide_chipyard,0.0,2,peft,3,True,True,7050.136,0,0.0,0,7050.136,0.0001493640011176467,
real_mlp_wide_chipyard,0.0,3,heft,3,True,True,7050.136,0,0.0,0,7050.136,0.00010562990792095661,
real_mlp_wide_chipyard,0.0,3,edf,3,True,True,7050.136,0,0.0,0,7050.136,0.00010479800403118134,
real_mlp_wide_chipyard,0.0,3,fastest_device,3,True,True,7050.136,0,0.0,0,7050.136,8.19360138848424e-05,
real_mlp_wide_chipyard,0.0,3,cpsat,3,True,False,7050.0453333333335,0,0.0,0,7050.136,0.009828137001022696,
real_mlp_wide_chipyard,0.0,3,gnn_placement,3,True,True,7050.136,0,0.0,0,7050.136,0.009361923905089498,
real_mlp_wide_chipyard,0.0,3,simulated_annealing,3,True,True,7050.136,0,0.0,0,7050.136,0.008005862939171493,
real_mlp_wide_chipyard,0.0,3,peft,3,True,True,7050.136,0,0.0,0,7050.136,0.00013323291204869747,
real_mlp_wide_chipyard,0.0,4,heft,3,True,True,7050.136,0,0.0,0,7050.136,0.00011692207772284746,
real_mlp_wide_chipyard,0.0,4,edf,3,True,True,7050.136,0,0.0,0,7050.136,0.00010199402458965778,
real_mlp_wide_chipyard,0.0,4,fastest_device,3,True,True,7050.136,0,0.0,0,7050.136,7.781700696796179e-05,
real_mlp_wide_chipyard,0.0,4,cpsat,3,True,False,7050.0453333333335,0,0.0,0,7050.136,0.008678298094309866,
real_mlp_wide_chipyard,0.0,4,gnn_placement,3,True,True,7050.136,0,0.0,0,7050.136,0.0015167839592322707,
real_mlp_wide_chipyard,0.0,4,simulated_annealing,3,True,True,7050.136,0,0.0,0,7050.136,0.008506762911565602,
real_mlp_wide_chipyard,0.0,4,peft,3,True,True,7050.136,0,0.0,0,7050.136,0.00017862895037978888,
real_mlp_wide_chipyard,10.0,0,heft,3,True,True,7123.385504605209,0,0.0,0,7123.385504605209,0.0001262299483641982,
real_mlp_wide_chipyard,10.0,0,edf,3,True,True,7123.385504605209,0,0.0,0,7123.385504605209,0.00013399403542280197,
real_mlp_wide_chipyard,10.0,0,fastest_device,3,True,True,7123.385504605209,0,0.0,0,7123.385504605209,0.00012572796549648046,
real_mlp_wide_chipyard,10.0,0,cpsat,3,True,False,7123.202732324071,0,0.0,0,7123.385504605209,0.009801326086744666,
real_mlp_wide_chipyard,10.0,0,gnn_placement,3,True,True,7123.385504605209,0,0.0,0,7123.385504605209,0.0050973910838365555,
real_mlp_wide_chipyard,10.0,0,simulated_annealing,3,True,True,7123.385504605209,0,0.0,0,7123.385504605209,0.007354227942414582,
real_mlp_wide_chipyard,10.0,0,peft,3,True,True,7123.385504605209,0,0.0,0,7123.385504605209,0.00013102800585329533,
real_mlp_wide_chipyard,10.0,1,heft,3,True,True,7070.19345147993,0,0.0,0,7070.19345147993,9.301607497036457e-05,
real_mlp_wide_chipyard,10.0,1,edf,3,True,True,7070.19345147993,0,0.0,0,7070.19345147993,9.930797386914492e-05,
real_mlp_wide_chipyard,10.0,1,fastest_device,3,True,True,7070.19345147993,0,0.0,0,7070.19345147993,7.79579859226942e-05,
real_mlp_wide_chipyard,10.0,1,cpsat,3,True,False,7070.306448827636,0,0.0,0,7070.19345147993,0.008399068028666079,
real_mlp_wide_chipyard,10.0,1,gnn_placement,3,True,True,7070.19345147993,0,0.0,0,7070.19345147993,0.005439379019662738,
real_mlp_wide_chipyard,10.0,1,simulated_annealing,3,True,True,7070.19345147993,0,0.0,0,7070.19345147993,0.0075528440065681934,
real_mlp_wide_chipyard,10.0,1,peft,3,True,True,7070.19345147993,0,0.0,0,7070.19345147993,0.0001899399794638157,
real_mlp_wide_chipyard,10.0,2,heft,3,True,True,6686.209871615398,0,0.0,0,6686.209871615398,0.00010263500735163689,
real_mlp_wide_chipyard,10.0,2,edf,3,True,True,6686.209871615398,0,0.0,0,6686.209871615398,0.00011519796680659056,
real_mlp_wide_chipyard,10.0,2,fastest_device,3,True,True,6686.209871615398,0,0.0,0,6686.209871615398,7.960095535963774e-05,
real_mlp_wide_chipyard,10.0,2,cpsat,3,True,False,6685.906746680113,0,0.0,0,6686.209871615398,0.009600996039807796,
real_mlp_wide_chipyard,10.0,2,gnn_placement,3,True,True,6686.209871615398,0,0.0,0,6686.209871615398,0.0014917670050635934,
real_mlp_wide_chipyard,10.0,2,simulated_annealing,3,True,True,6686.209871615398,0,0.0,0,6686.209871615398,0.007335242000408471,
real_mlp_wide_chipyard,10.0,2,peft,3,True,True,6686.209871615398,0,0.0,0,6686.209871615398,0.0001454149605706334,
real_mlp_wide_chipyard,10.0,3,heft,3,True,True,7011.715742426419,0,0.0,0,7011.715742426419,9.463902097195387e-05,
real_mlp_wide_chipyard,10.0,3,edf,3,True,True,7011.715742426419,0,0.0,0,7011.715742426419,0.00010218401439487934,
real_mlp_wide_chipyard,10.0,3,fastest_device,3,True,True,7011.715742426419,0,0.0,0,7011.715742426419,8.56919214129448e-05,
real_mlp_wide_chipyard,10.0,3,cpsat,3,True,True,7012.097071150532,0,0.0,0,7011.715742426419,0.00834758102428168,
real_mlp_wide_chipyard,10.0,3,gnn_placement,3,True,True,7011.715742426419,0,0.0,0,7011.715742426419,0.0014016969362273812,
real_mlp_wide_chipyard,10.0,3,simulated_annealing,3,True,True,7011.715742426419,0,0.0,0,7011.715742426419,0.010561175993643701,
real_mlp_wide_chipyard,10.0,3,peft,3,True,True,7011.715742426419,0,0.0,0,7011.715742426419,0.00019048096146434546,
real_mlp_wide_chipyard,10.0,4,heft,3,True,True,6426.888466822591,0,0.0,0,6426.888466822591,0.000134224072098732,
real_mlp_wide_chipyard,10.0,4,edf,3,True,True,6426.888466822591,0,0.0,0,6426.888466822591,0.00013765098992735147,
real_mlp_wide_chipyard,10.0,4,fastest_device,3,True,True,6426.888466822591,0,0.0,0,6426.888466822591,0.00010972796007990837,
real_mlp_wide_chipyard,10.0,4,cpsat,3,True,False,6426.580799033952,0,0.0,0,6426.888466822591,0.012745646992698312,
real_mlp_wide_chipyard,10.0,4,gnn_placement,3,True,True,6426.888466822591,0,0.0,0,6426.888466822591,0.004281884990632534,
real_mlp_wide_chipyard,10.0,4,simulated_annealing,3,True,True,6426.888466822591,0,0.0,0,6426.888466822591,0.008468259940855205,
real_mlp_wide_chipyard,10.0,4,peft,3,True,True,6426.888466822591,0,0.0,0,6426.888466822591,0.00015880109276622534,
real_mlp_wide_chipyard,25.0,0,heft,3,True,True,7060.185897542795,0,0.0,0,7060.185897542795,9.783497080206871e-05,
real_mlp_wide_chipyard,25.0,0,edf,3,True,True,7060.185897542795,0,0.0,0,7060.185897542795,0.00010153301991522312,
real_mlp_wide_chipyard,25.0,0,fastest_device,3,True,True,7060.185897542795,0,0.0,0,7060.185897542795,7.822795305401087e-05,
real_mlp_wide_chipyard,25.0,0,cpsat,3,True,False,7060.5671803887835,0,0.0,0,7060.185897542795,0.009695635992102325,
real_mlp_wide_chipyard,25.0,0,gnn_placement,3,True,True,7060.185897542795,0,0.0,0,7060.185897542795,0.001883930992335081,
real_mlp_wide_chipyard,25.0,0,simulated_annealing,3,True,True,7060.185897542795,0,0.0,0,7060.185897542795,0.008110241033136845,
real_mlp_wide_chipyard,25.0,0,peft,3,True,True,7060.185897542795,0,0.0,0,7060.185897542795,0.00016816798597574234,
real_mlp_wide_chipyard,25.0,1,heft,3,True,True,8048.791676607996,0,0.0,1,7998.791676607996,9.680294897407293e-05,
real_mlp_wide_chipyard,25.0,1,edf,3,True,True,8375.82820058889,0,0.0,0,8375.82820058889,9.917793795466423e-05,
real_mlp_wide_chipyard,25.0,1,fastest_device,3,True,True,8048.791676607996,0,0.0,1,7998.791676607996,8.446001447737217e-05,
real_mlp_wide_chipyard,25.0,1,cpsat,3,True,False,8048.3666914273,0,0.0,1,7998.791676607996,0.008990649948827922,
real_mlp_wide_chipyard,25.0,1,gnn_placement,3,True,True,8375.82820058889,0,0.0,0,8375.82820058889,0.004652346950024366,
real_mlp_wide_chipyard,25.0,1,simulated_annealing,3,True,True,8048.791676607996,0,0.0,1,7998.791676607996,0.008232482941821218,
real_mlp_wide_chipyard,25.0,1,peft,3,True,True,8048.791676607996,0,0.0,1,7998.791676607996,0.0001667060423642397,
real_mlp_wide_chipyard,25.0,2,heft,3,True,True,5899.670601097806,0,0.0,0,5899.670601097806,0.00012028799392282963,
real_mlp_wide_chipyard,25.0,2,edf,3,True,True,5899.670601097806,0,0.0,0,5899.670601097806,0.00016051391139626503,
real_mlp_wide_chipyard,25.0,2,fastest_device,3,True,True,5899.670601097806,0,0.0,0,5899.670601097806,0.00011063006240874529,
real_mlp_wide_chipyard,25.0,2,cpsat,3,True,False,5899.023823703543,0,0.0,0,5899.670601097806,0.012786364066414535,
real_mlp_wide_chipyard,25.0,2,gnn_placement,3,True,True,5899.670601097806,0,0.0,0,5899.670601097806,0.006411893060430884,
real_mlp_wide_chipyard,25.0,2,simulated_annealing,3,True,True,5899.670601097806,0,0.0,0,5899.670601097806,0.0076535859843716025,
real_mlp_wide_chipyard,25.0,2,peft,3,True,True,5899.670601097806,0,0.0,0,5899.670601097806,0.00014805002138018608,
real_mlp_wide_chipyard,25.0,3,heft,3,True,True,7019.3362507361035,0,0.0,0,7019.3362507361035,9.367696475237608e-05,
real_mlp_wide_chipyard,25.0,3,edf,3,True,True,7019.3362507361035,0,0.0,0,7019.3362507361035,0.00010131194721907377,
real_mlp_wide_chipyard,25.0,3,fastest_device,3,True,True,7019.3362507361035,0,0.0,0,7019.3362507361035,7.854902651160955e-05,
real_mlp_wide_chipyard,25.0,3,cpsat,3,True,False,7019.439838698949,0,0.0,0,7019.3362507361035,0.00873860192950815,
real_mlp_wide_chipyard,25.0,3,gnn_placement,3,True,True,7019.3362507361035,0,0.0,0,7019.3362507361035,0.0012986109359189868,
real_mlp_wide_chipyard,25.0,3,simulated_annealing,3,True,True,7019.3362507361035,0,0.0,0,7019.3362507361035,0.007619130075909197,
real_mlp_wide_chipyard,25.0,3,peft,3,True,True,7019.3362507361035,0,0.0,0,7019.3362507361035,0.0001413780264556408,
real_mlp_wide_chipyard,25.0,4,heft,3,True,True,5827.951215157191,0,0.0,1,5777.951215157191,9.501096792519093e-05,
real_mlp_wide_chipyard,25.0,4,edf,3,True,True,7024.839592649951,0,0.0,0,7024.839592649951,0.00010007002856582403,
real_mlp_wide_chipyard,25.0,4,fastest_device,3,True,True,5827.951215157191,0,0.0,1,5777.951215157191,8.55220714583993e-05,
real_mlp_wide_chipyard,25.0,4,cpsat,3,True,False,5828.136714520901,0,0.0,1,5777.951215157191,0.008088420028798282,
real_mlp_wide_chipyard,25.0,4,gnn_placement,3,True,True,7024.839592649951,0,0.0,0,7024.839592649951,0.003964885021559894,
real_mlp_wide_chipyard,25.0,4,simulated_annealing,3,True,True,5827.951215157191,0,0.0,1,5777.951215157191,0.007825872045941651,
real_mlp_wide_chipyard,25.0,4,peft,3,True,True,5827.951215157191,0,0.0,1,5777.951215157191,0.00013377401046454906,
real_mlp_wide_chipyard,50.0,0,heft,3,True,True,4590.339204270251,0,0.0,0,4590.339204270251,0.00010951794683933258,
real_mlp_wide_chipyard,50.0,0,edf,3,True,True,4590.339204270251,0,0.0,0,4590.339204270251,0.00011757295578718185,
real_mlp_wide_chipyard,50.0,0,fastest_device,3,True,True,4590.339204270251,0,0.0,0,4590.339204270251,7.769698277115822e-05,
real_mlp_wide_chipyard,50.0,0,cpsat,3,True,False,4590.0833977484135,0,0.0,0,4590.339204270251,0.008301412919536233,
real_mlp_wide_chipyard,50.0,0,gnn_placement,3,True,True,4590.339204270251,0,0.0,0,4590.339204270251,0.008757988922297955,
real_mlp_wide_chipyard,50.0,0,simulated_annealing,3,True,True,4590.339204270251,0,0.0,0,4590.339204270251,0.009591788984835148,
real_mlp_wide_chipyard,50.0,0,peft,3,True,True,4590.339204270251,0,0.0,0,4590.339204270251,0.0001945690019056201,
real_mlp_wide_chipyard,50.0,1,heft,3,True,True,3865.486377665038,0,0.0,0,3865.486377665038,0.00012884405441582203,
real_mlp_wide_chipyard,50.0,1,edf,3,True,True,3865.486377665038,0,0.0,0,3865.486377665038,0.00012035795953124762,
real_mlp_wide_chipyard,50.0,1,fastest_device,3,True,True,3865.486377665038,0,0.0,0,3865.486377665038,8.214602712541819e-05,
real_mlp_wide_chipyard,50.0,1,cpsat,3,True,False,3865.472170883958,0,0.0,0,3865.486377665038,0.008830606006085873,
real_mlp_wide_chipyard,50.0,1,gnn_placement,3,True,True,3865.486377665038,0,0.0,0,3865.486377665038,0.007384265074506402,
real_mlp_wide_chipyard,50.0,1,simulated_annealing,3,True,True,3865.486377665038,0,0.0,0,3865.486377665038,0.0076420840341597795,
real_mlp_wide_chipyard,50.0,1,peft,3,True,True,3865.486377665038,0,0.0,0,3865.486377665038,0.00013317202683538198,
real_mlp_wide_chipyard,50.0,2,heft,3,True,True,8818.70209727759,0,0.0,1,8738.70209727759,9.56410076469183e-05,
real_mlp_wide_chipyard,50.0,2,edf,3,True,True,19183.263623983683,0,0.0,0,19183.263623983683,0.00010144198313355446,
real_mlp_wide_chipyard,50.0,2,fastest_device,3,True,True,8818.70209727759,0,0.0,1,8738.70209727759,7.719604764133692e-05,
real_mlp_wide_chipyard,50.0,2,cpsat,3,True,True,8830.746528871252,0,0.0,0,8830.096201324832,0.00847718701697886,
real_mlp_wide_chipyard,50.0,2,gnn_placement,3,True,True,8830.096201324832,0,0.0,0,8830.096201324832,0.02284718200098723,
real_mlp_wide_chipyard,50.0,2,simulated_annealing,3,True,True,8818.70209727759,0,0.0,1,8738.70209727759,0.007880755933001637,
real_mlp_wide_chipyard,50.0,2,peft,3,True,True,8818.70209727759,0,0.0,1,8738.70209727759,0.00016465201042592525,
real_mlp_wide_chipyard,50.0,3,heft,3,True,True,4146.199831325758,0,0.0,2,4046.1998313257586,0.00012715102639049292,
real_mlp_wide_chipyard,50.0,3,edf,3,True,True,4904.7140563360645,0,0.0,0,4904.7140563360645,0.00010274501983076334,
real_mlp_wide_chipyard,50.0,3,fastest_device,3,True,True,4146.199831325758,0,0.0,2,4046.1998313257586,8.384790271520615e-05,
real_mlp_wide_chipyard,50.0,3,cpsat,3,True,True,4146.40025,0,0.0,2,4046.1998313257586,0.010045077884569764,
real_mlp_wide_chipyard,50.0,3,gnn_placement,3,True,True,4904.7140563360645,0,0.0,0,4904.7140563360645,0.0350696969544515,
real_mlp_wide_chipyard,50.0,3,simulated_annealing,3,True,True,4146.199831325758,0,0.0,2,4046.1998313257586,0.007991065038368106,
real_mlp_wide_chipyard,50.0,3,peft,3,True,True,4146.199831325758,0,0.0,2,4046.1998313257586,0.00017851893790066242,
real_mlp_wide_chipyard,50.0,4,heft,3,True,True,4330.953850807324,0,0.0,0,4330.953850807324,9.948795195668936e-05,
real_mlp_wide_chipyard,50.0,4,edf,3,True,True,4330.953850807324,0,0.0,0,4330.953850807324,0.00010247400496155024,
real_mlp_wide_chipyard,50.0,4,fastest_device,3,True,True,4330.953850807324,0,0.0,0,4330.953850807324,8.139503188431263e-05,
real_mlp_wide_chipyard,50.0,4,cpsat,3,True,False,4330.898418204788,0,0.0,0,4330.953850807324,0.009493582998402417,
real_mlp_wide_chipyard,50.0,4,gnn_placement,3,True,True,4330.953850807324,0,0.0,0,4330.953850807324,0.0027586689684540033,
real_mlp_wide_chipyard,50.0,4,simulated_annealing,3,True,True,4330.953850807324,0,0.0,0,4330.953850807324,0.007590155000798404,
real_mlp_wide_chipyard,50.0,4,peft,3,True,True,4330.953850807324,0,0.0,0,4330.953850807324,0.00013689999468624592,
real_yolov8n_chipyard,0.0,0,heft,48,True,True,56932308.648,0,0.0,0,56932308.648,0.0012745950371026993,
real_yolov8n_chipyard,0.0,0,edf,48,True,True,56932308.648,0,0.0,0,56932308.648,0.0017197990091517568,
real_yolov8n_chipyard,0.0,0,fastest_device,48,True,True,56932308.648,0,0.0,0,56932308.648,0.0014041009126231074,
real_yolov8n_chipyard,0.0,0,cpsat,48,True,False,56932309.006725326,0,0.0,0,56932308.648,10.028893945971504,
real_yolov8n_chipyard,0.0,0,gnn_placement,48,True,True,56932308.648,0,0.0,0,56932308.648,0.043369927909225225,
real_yolov8n_chipyard,0.0,0,simulated_annealing,48,True,True,56932308.648,0,0.0,0,56932308.648,0.08220497099682689,
real_yolov8n_chipyard,0.0,0,peft,48,True,True,56932308.648,0,0.0,0,56932308.648,0.002450754982419312,
real_yolov8n_chipyard,0.0,1,heft,48,True,True,56932308.648,0,0.0,0,56932308.648,0.001913395943120122,
real_yolov8n_chipyard,0.0,1,edf,48,True,True,56932308.648,0,0.0,0,56932308.648,0.0013837319565936923,
real_yolov8n_chipyard,0.0,1,fastest_device,48,True,True,56932308.648,0,0.0,0,56932308.648,0.0011738049797713757,
real_yolov8n_chipyard,0.0,1,cpsat,48,True,False,56932309.006725326,0,0.0,0,56932308.648,8.24535129906144,
real_yolov8n_chipyard,0.0,1,gnn_placement,48,True,True,56932308.648,0,0.0,0,56932308.648,0.005550801055505872,
real_yolov8n_chipyard,0.0,1,simulated_annealing,48,True,True,56932308.648,0,0.0,0,56932308.648,0.0732605280354619,
real_yolov8n_chipyard,0.0,1,peft,48,True,True,56932308.648,0,0.0,0,56932308.648,0.0017040789825841784,
real_yolov8n_chipyard,0.0,2,heft,48,True,True,56932308.648,0,0.0,0,56932308.648,0.001260438933968544,
real_yolov8n_chipyard,0.0,2,edf,48,True,True,56932308.648,0,0.0,0,56932308.648,0.0012911270605400205,
real_yolov8n_chipyard,0.0,2,fastest_device,48,True,True,56932308.648,0,0.0,0,56932308.648,0.0010854770662263036,
real_yolov8n_chipyard,0.0,2,cpsat,48,True,False,56932309.006725326,0,0.0,0,56932308.648,10.025987684959546,
real_yolov8n_chipyard,0.0,2,gnn_placement,48,True,True,56932308.648,0,0.0,0,56932308.648,0.005832573981024325,
real_yolov8n_chipyard,0.0,2,simulated_annealing,48,True,True,56932308.648,0,0.0,0,56932308.648,0.07722769700922072,
real_yolov8n_chipyard,0.0,2,peft,48,True,True,56932308.648,0,0.0,0,56932308.648,0.0016602970426902175,
real_yolov8n_chipyard,0.0,3,heft,48,True,True,56932308.648,0,0.0,0,56932308.648,0.0012470741057768464,
real_yolov8n_chipyard,0.0,3,edf,48,True,True,56932308.648,0,0.0,0,56932308.648,0.0012573129497468472,
real_yolov8n_chipyard,0.0,3,fastest_device,48,True,True,56932308.648,0,0.0,0,56932308.648,0.0010445400839671493,
real_yolov8n_chipyard,0.0,3,cpsat,48,True,False,56932309.006725326,0,0.0,0,56932308.648,10.028400667011738,
real_yolov8n_chipyard,0.0,3,gnn_placement,48,True,True,56932308.648,0,0.0,0,56932308.648,0.01579705998301506,
real_yolov8n_chipyard,0.0,3,simulated_annealing,48,True,True,56932308.648,0,0.0,0,56932308.648,0.07308398408349603,
real_yolov8n_chipyard,0.0,3,peft,48,True,True,56932308.648,0,0.0,0,56932308.648,0.0016482039354741573,
real_yolov8n_chipyard,0.0,4,heft,48,True,True,56932308.648,0,0.0,0,56932308.648,0.001232546055689454,
real_yolov8n_chipyard,0.0,4,edf,48,True,True,56932308.648,0,0.0,0,56932308.648,0.0012518319999799132,
real_yolov8n_chipyard,0.0,4,fastest_device,48,True,True,56932308.648,0,0.0,0,56932308.648,0.001043607946485281,
real_yolov8n_chipyard,0.0,4,cpsat,48,True,False,56932309.006725326,0,0.0,0,56932308.648,10.026294364011846,
real_yolov8n_chipyard,0.0,4,gnn_placement,48,True,True,56932308.648,0,0.0,0,56932308.648,0.0388080719858408,
real_yolov8n_chipyard,0.0,4,simulated_annealing,48,True,True,56932308.648,0,0.0,0,56932308.648,0.07408089400269091,
real_yolov8n_chipyard,0.0,4,peft,48,True,True,56932308.648,0,0.0,0,56932308.648,0.0017017750069499016,
real_yolov8n_chipyard,10.0,0,heft,48,True,True,56312006.003044724,0,0.0,0,56312006.003044724,0.0018089989898726344,
real_yolov8n_chipyard,10.0,0,edf,48,True,True,56312006.003044724,0,0.0,0,56312006.003044724,0.0013156029162928462,
real_yolov8n_chipyard,10.0,0,fastest_device,48,True,True,56312006.003044724,0,0.0,0,56312006.003044724,0.001098872977308929,
real_yolov8n_chipyard,10.0,0,cpsat,48,True,False,56312006.55120978,0,0.0,0,56312006.003044724,10.031484159058891,
real_yolov8n_chipyard,10.0,0,gnn_placement,48,True,True,56312006.003044724,0,0.0,0,56312006.003044724,0.022256452008150518,
real_yolov8n_chipyard,10.0,0,simulated_annealing,48,True,True,56312006.003044724,0,0.0,0,56312006.003044724,0.07460283196996897,
real_yolov8n_chipyard,10.0,0,peft,48,True,True,56312006.003044724,0,0.0,0,56312006.003044724,0.0016733909724280238,
real_yolov8n_chipyard,10.0,1,heft,48,True,True,57039038.08042833,0,0.0,0,57039038.08042833,0.0012462630402296782,
real_yolov8n_chipyard,10.0,1,edf,48,True,True,57039038.08042833,0,0.0,0,57039038.08042833,0.0012494080001488328,
real_yolov8n_chipyard,10.0,1,fastest_device,48,True,True,57039038.08042833,0,0.0,0,57039038.08042833,0.0010599090019240975,
real_yolov8n_chipyard,10.0,1,cpsat,48,True,False,57039040.81306698,0,0.0,0,57039038.08042833,10.039735455997288,
real_yolov8n_chipyard,10.0,1,gnn_placement,48,True,True,57039038.08042833,0,0.0,0,57039038.08042833,0.00356669002212584,
real_yolov8n_chipyard,10.0,1,simulated_annealing,48,True,True,57039038.08042833,0,0.0,0,57039038.08042833,0.07515849603805691,
real_yolov8n_chipyard,10.0,1,peft,48,True,True,57039038.08042833,0,0.0,0,57039038.08042833,0.0018599649192765355,
real_yolov8n_chipyard,10.0,2,heft,48,True,True,57055962.45979775,0,0.0,0,57055962.45979775,0.001253044931218028,
real_yolov8n_chipyard,10.0,2,edf,48,True,True,57055962.45979775,0,0.0,0,57055962.45979775,0.0012729829177260399,
real_yolov8n_chipyard,10.0,2,fastest_device,48,True,True,57055962.45979775,0,0.0,0,57055962.45979775,0.0010612009791657329,
real_yolov8n_chipyard,10.0,2,cpsat,48,True,False,57055963.23934917,0,0.0,0,57055962.45979775,9.061362004023977,
real_yolov8n_chipyard,10.0,2,gnn_placement,48,True,True,57055962.45979775,0,0.0,0,57055962.45979775,0.004409085959196091,
real_yolov8n_chipyard,10.0,2,simulated_annealing,48,True,True,57055962.45979775,0,0.0,0,57055962.45979775,0.07341918908059597,
real_yolov8n_chipyard,10.0,2,peft,48,True,True,57055962.45979775,0,0.0,0,57055962.45979775,0.0016925680683925748,
real_yolov8n_chipyard,10.0,3,heft,48,True,True,57863989.064640306,0,0.0,0,57863989.064640306,0.0014006939018145204,
real_yolov8n_chipyard,10.0,3,edf,48,True,True,57863989.064640306,0,0.0,0,57863989.064640306,0.0012722109677270055,
real_yolov8n_chipyard,10.0,3,fastest_device,48,True,True,57863989.064640306,0,0.0,0,57863989.064640306,0.0010956770274788141,
real_yolov8n_chipyard,10.0,3,cpsat,48,True,False,57863989.84784655,0,0.0,0,57863989.064640306,10.035115759004839,
real_yolov8n_chipyard,10.0,3,gnn_placement,48,True,True,57863989.064640306,0,0.0,0,57863989.064640306,0.03801991802174598,
real_yolov8n_chipyard,10.0,3,simulated_annealing,48,True,True,57863989.064640306,0,0.0,0,57863989.064640306,0.11858188500627875,
real_yolov8n_chipyard,10.0,3,peft,48,True,True,57863989.064640306,0,0.0,0,57863989.064640306,0.0026031240122392774,
real_yolov8n_chipyard,10.0,4,heft,48,True,True,56688803.718159586,0,0.0,0,56688803.718159586,0.001962539041414857,
real_yolov8n_chipyard,10.0,4,edf,48,True,True,56688803.718159586,0,0.0,0,56688803.718159586,0.0019842609763145447,
real_yolov8n_chipyard,10.0,4,fastest_device,48,True,True,56688803.718159586,0,0.0,0,56688803.718159586,0.0010882429778575897,
real_yolov8n_chipyard,10.0,4,cpsat,48,True,False,56688800.81075064,0,0.0,0,56688803.718159586,1.2495749410009012,
real_yolov8n_chipyard,10.0,4,gnn_placement,48,True,True,56688803.718159586,0,0.0,0,56688803.718159586,0.011017019976861775,
real_yolov8n_chipyard,10.0,4,simulated_annealing,48,True,True,56688803.718159586,0,0.0,0,56688803.718159586,0.09303923498373479,
real_yolov8n_chipyard,10.0,4,peft,48,True,True,56688803.718159586,0,0.0,0,56688803.718159586,0.001706313923932612,
real_yolov8n_chipyard,25.0,0,heft,48,True,True,57251069.04597236,0,0.0,8,57250669.04597236,0.001265518949367106,
real_yolov8n_chipyard,25.0,0,edf,48,True,True,58094024.76099428,0,0.0,0,58094024.76099428,0.0012261639349162579,
real_yolov8n_chipyard,25.0,0,fastest_device,48,True,True,57251069.04597236,0,0.0,8,57250669.04597236,0.0010322269517928362,
real_yolov8n_chipyard,25.0,0,cpsat,48,True,False,57251069.346473955,0,0.0,8,57250669.04597236,10.061637973994948,
real_yolov8n_chipyard,25.0,0,gnn_placement,48,True,True,57251069.04597236,0,0.0,8,57250669.04597236,0.037684772978536785,
real_yolov8n_chipyard,25.0,0,simulated_annealing,48,True,True,57251069.04597236,0,0.0,8,57250669.04597236,0.11512986198067665,
real_yolov8n_chipyard,25.0,0,peft,48,True,True,57251069.04597236,0,0.0,8,57250669.04597236,0.002345495973713696,
real_yolov8n_chipyard,25.0,1,heft,48,True,True,54639488.691891424,0,0.0,6,54639188.691891424,0.0020615679677575827,
real_yolov8n_chipyard,25.0,1,edf,48,True,True,56006606.47772704,0,0.0,0,56006606.47772704,0.0020371010759845376,
real_yolov8n_chipyard,25.0,1,fastest_device,48,True,True,54639488.691891424,0,0.0,6,54639188.691891424,0.0017440849915146828,
real_yolov8n_chipyard,25.0,1,cpsat,48,True,False,54639486.04828209,0,0.0,6,54639188.691891424,10.049993562977761,
real_yolov8n_chipyard,25.0,1,gnn_placement,48,True,True,54639488.691891424,0,0.0,6,54639188.691891424,0.0225073880283162,
real_yolov8n_chipyard,25.0,1,simulated_annealing,48,True,True,54639488.691891424,0,0.0,6,54639188.691891424,0.07473932101856917,
real_yolov8n_chipyard,25.0,1,peft,48,True,True,54639488.691891424,0,0.0,6,54639188.691891424,0.0018685010727494955,
real_yolov8n_chipyard,25.0,2,heft,48,True,True,56780070.11078116,0,0.0,6,56779770.11078116,0.0012552390107885003,
real_yolov8n_chipyard,25.0,2,edf,48,True,True,57329472.14744439,0,0.0,0,57329472.14744439,0.0012775820214301348,
real_yolov8n_chipyard,25.0,2,fastest_device,48,True,True,56780070.11078116,0,0.0,6,56779770.11078116,0.0012577639427036047,
real_yolov8n_chipyard,25.0,2,cpsat,48,True,False,56780070.63943559,0,0.0,6,56779770.11078116,10.035110916011035,
real_yolov8n_chipyard,25.0,2,gnn_placement,48,True,True,56780070.11078116,0,0.0,6,56779770.11078116,0.004754400928504765,
real_yolov8n_chipyard,25.0,2,simulated_annealing,48,True,True,56780070.11078116,0,0.0,6,56779770.11078116,0.07430713204666972,
real_yolov8n_chipyard,25.0,2,peft,48,True,True,56780070.11078116,0,0.0,6,56779770.11078116,0.0016622809926047921,
real_yolov8n_chipyard,25.0,3,heft,48,True,True,56430030.58604959,0,0.0,4,56429830.58604959,0.0012543179327622056,
real_yolov8n_chipyard,25.0,3,edf,48,True,True,57420537.53195749,0,0.0,0,57420537.53195749,0.001267321058548987,
real_yolov8n_chipyard,25.0,3,fastest_device,48,True,True,56430030.58604959,0,0.0,4,56429830.58604959,0.0010600789682939649,
real_yolov8n_chipyard,25.0,3,cpsat,48,True,False,56430028.61227395,0,0.0,4,56429830.58604959,10.044226543977857,
real_yolov8n_chipyard,25.0,3,gnn_placement,48,True,True,56430030.58604959,0,0.0,4,56429830.58604959,0.048914689919911325,
real_yolov8n_chipyard,25.0,3,simulated_annealing,48,True,True,56430030.58604959,0,0.0,4,56429830.58604959,0.07366407895460725,
real_yolov8n_chipyard,25.0,3,peft,48,True,True,56430030.58604959,0,0.0,4,56429830.58604959,0.0016775900730863214,
real_yolov8n_chipyard,25.0,4,heft,48,True,True,52228718.72874531,0,0.0,10,52228158.72874531,0.0012840039562433958,
real_yolov8n_chipyard,25.0,4,edf,48,True,True,52943103.872728415,0,0.0,0,52943103.872728415,0.001304532983340323,
real_yolov8n_chipyard,25.0,4,fastest_device,48,True,True,52228718.72874531,0,0.0,10,52228158.72874531,0.0010954670142382383,
real_yolov8n_chipyard,25.0,4,cpsat,48,True,False,52228717.06912239,0,0.0,10,52228158.72874531,10.037162652006373,
real_yolov8n_chipyard,25.0,4,gnn_placement,48,True,True,52228718.72874531,0,0.0,10,52228158.72874531,0.0733116309856996,
real_yolov8n_chipyard,25.0,4,simulated_annealing,48,True,True,52228718.72874531,0,0.0,10,52228158.72874531,0.07625551102682948,
real_yolov8n_chipyard,25.0,4,peft,48,True,True,52228718.72874531,0,0.0,10,52228158.72874531,0.0028399330331012607,
real_yolov8n_chipyard,50.0,0,heft,48,True,True,47957643.520651154,0,0.0,19,47956581.520651154,0.0013823900371789932,
real_yolov8n_chipyard,50.0,0,edf,48,True,True,53995771.27132791,0,0.0,0,53995771.27132791,0.0012647479306906462,
real_yolov8n_chipyard,50.0,0,fastest_device,48,True,True,47957643.520651154,0,0.0,19,47956581.520651154,0.0010457219323143363,
real_yolov8n_chipyard,50.0,0,cpsat,48,True,False,47957641.57120034,0,0.0,19,47956581.520651154,10.02967732201796,
real_yolov8n_chipyard,50.0,0,gnn_placement,48,True,True,47957643.520651154,0,0.0,19,47956581.520651154,0.004608716000802815,
real_yolov8n_chipyard,50.0,0,simulated_annealing,48,True,True,47957643.520651154,0,0.0,19,47956581.520651154,0.07791171898134053,
real_yolov8n_chipyard,50.0,0,peft,48,True,True,47957643.520651154,0,0.0,19,47956581.520651154,0.001657110988162458,
real_yolov8n_chipyard,50.0,1,heft,48,True,True,42209654.18806358,0,0.0,15,42208814.18806358,0.0012594170402735472,
real_yolov8n_chipyard,50.0,1,edf,48,True,True,46776697.40331155,0,0.0,0,46776697.40331155,0.0015764679992571473,
real_yolov8n_chipyard,50.0,1,fastest_device,48,True,True,42209654.18806358,0,0.0,15,42208814.18806358,0.001757080084644258,
real_yolov8n_chipyard,50.0,1,cpsat,48,True,False,42209654.412218615,0,0.0,15,42208814.18806358,10.040179593022913,
real_yolov8n_chipyard,50.0,1,gnn_placement,48,True,True,42209654.18806358,0,0.0,15,42208814.18806358,0.009438229026272893,
real_yolov8n_chipyard,50.0,1,simulated_annealing,48,True,True,42209654.18806358,0,0.0,15,42208814.18806358,0.09228393901139498,
real_yolov8n_chipyard,50.0,1,peft,48,True,True,42209654.18806358,0,0.0,15,42208814.18806358,0.0016869079554453492,
real_yolov8n_chipyard,50.0,2,heft,48,True,True,41670162.51970192,0,0.0,23,41668892.51970192,0.0012522729812189937,
real_yolov8n_chipyard,50.0,2,edf,48,True,True,89597406.62439531,0,0.0,0,89597406.62439531,0.001289693987928331,
real_yolov8n_chipyard,50.0,2,fastest_device,48,True,True,41670162.51970192,0,0.0,23,41668892.51970192,0.001073764986358583,
real_yolov8n_chipyard,50.0,2,cpsat,48,True,False,41670162.94263126,0,0.0,23,41668892.51970192,10.031974588986486,
real_yolov8n_chipyard,50.0,2,gnn_placement,48,True,True,41670162.51970192,0,0.0,23,41668892.51970192,0.004860081011429429,
real_yolov8n_chipyard,50.0,2,simulated_annealing,48,True,True,41670162.51970192,0,0.0,23,41668892.51970192,0.09456471202429384,
real_yolov8n_chipyard,50.0,2,peft,48,True,True,41670162.51970192,0,0.0,23,41668892.51970192,0.001911091967485845,
real_yolov8n_chipyard,50.0,3,heft,48,True,True,47624852.04711795,0,0.0,23,47623451.04711795,0.0014228069921955466,
real_yolov8n_chipyard,50.0,3,edf,48,True,True,59759923.31861006,0,0.0,0,59759923.31861006,0.0013195109786465764,
real_yolov8n_chipyard,50.0,3,fastest_device,48,True,True,47624852.04711795,0,0.0,23,47623451.04711795,0.001018851064145565,
real_yolov8n_chipyard,50.0,3,cpsat,48,True,False,47624851.45033627,0,0.0,23,47623451.04711795,10.039859220036305,
real_yolov8n_chipyard,50.0,3,gnn_placement,48,True,True,47624852.04711795,0,0.0,23,47623451.04711795,0.00808220892213285,
real_yolov8n_chipyard,50.0,3,simulated_annealing,48,True,True,47624852.04711795,0,0.0,23,47623451.04711795,0.07527693489100784,
real_yolov8n_chipyard,50.0,3,peft,48,True,True,47624852.04711795,0,0.0,23,47623451.04711795,0.001706975046545267,
real_yolov8n_chipyard,50.0,4,heft,48,True,True,47419464.563625954,0,0.0,22,47418184.563625954,0.001269184984266758,
real_yolov8n_chipyard,50.0,4,edf,48,True,True,55871235.53369661,0,0.0,0,55871235.53369661,0.0012674329336732626,
real_yolov8n_chipyard,50.0,4,fastest_device,48,True,True,47419464.563625954,0,0.0,22,47418184.563625954,0.001053095911629498,
real_yolov8n_chipyard,50.0,4,cpsat,48,True,False,47419463.15012969,0,0.0,22,47418184.563625954,10.060246968991123,
real_yolov8n_chipyard,50.0,4,gnn_placement,48,True,True,47419464.563625954,0,0.0,22,47418184.563625954,0.013085040962323546,
real_yolov8n_chipyard,50.0,4,simulated_annealing,48,True,True,47419464.563625954,0,0.0,22,47418184.563625954,0.07478601508773863,
real_yolov8n_chipyard,50.0,4,peft,48,True,True,47419464.563625954,0,0.0,22,47418184.563625954,0.001669003046117723,
