cpu,t_ms,busy_pct,epoch_ms,rdtime_ticks
0,101,0.0,1789174115269,110867681631279
1,101,0.0,1789174115269,110867681631279
2,101,0.0,1789174115269,110867681631279
3,101,0.0,1789174115269,110867681631279
4,101,0.0,1789174115269,110867681631279
5,101,0.0,1789174115269,110867681631279
6,101,10.0,1789174115269,110867681631279
7,101,0.0,1789174115269,110867681631279
0,201,0.0,1789174115369,110867684043413
1,201,0.0,1789174115369,110867684043413
2,201,0.0,1789174115369,110867684043413
3,201,0.0,1789174115369,110867684043413
4,201,0.0,1789174115369,110867684043413
5,201,0.0,1789174115369,110867684043413
6,201,0.0,1789174115369,110867684043413
7,201,0.0,1789174115369,110867684043413
0,302,0.0,1789174115470,110867686450677
1,302,0.0,1789174115470,110867686450677
2,302,0.0,1789174115470,110867686450677
3,302,0.0,1789174115470,110867686450677
4,302,0.0,1789174115470,110867686450677
5,302,0.0,1789174115470,110867686450677
6,302,0.0,1789174115470,110867686450677
7,302,0.0,1789174115470,110867686450677
0,402,0.0,1789174115570,110867688859808
1,402,0.0,1789174115570,110867688859808
2,402,0.0,1789174115570,110867688859808
3,402,0.0,1789174115570,110867688859808
4,402,0.0,1789174115570,110867688859808
5,402,0.0,1789174115570,110867688859808
6,402,0.0,1789174115570,110867688859808
7,402,0.0,1789174115570,110867688859808
0,502,0.0,1789174115670,110867691267357
1,502,0.0,1789174115670,110867691267357
2,502,0.0,1789174115670,110867691267357
3,502,0.0,1789174115670,110867691267357
4,502,0.0,1789174115670,110867691267357
5,502,0.0,1789174115670,110867691267357
6,502,0.0,1789174115670,110867691267357
7,502,0.0,1789174115670,110867691267357
0,603,25.0,1789174115771,110867693678561
1,603,10.0,1789174115771,110867693678561
2,603,30.0,1789174115771,110867693678561
3,603,10.0,1789174115771,110867693678561
4,603,0.0,1789174115771,110867693678561
5,603,18.2,1789174115771,110867693678561
6,603,0.0,1789174115771,110867693678561
7,603,10.0,1789174115771,110867693678561
0,703,20.0,1789174115871,110867696091185
1,703,0.0,1789174115871,110867696091185
2,703,0.0,1789174115871,110867696091185
3,703,40.0,1789174115871,110867696091185
4,703,0.0,1789174115871,110867696091185
5,703,0.0,1789174115871,110867696091185
6,703,0.0,1789174115871,110867696091185
7,703,0.0,1789174115871,110867696091185
0,804,27.3,1789174115972,110867698503096
1,804,10.0,1789174115972,110867698503096
2,804,0.0,1789174115972,110867698503096
3,804,10.0,1789174115972,110867698503096
4,804,0.0,1789174115972,110867698503096
5,804,18.2,1789174115972,110867698503096
6,804,10.0,1789174115972,110867698503096
7,804,0.0,1789174115972,110867698503096
0,904,11.1,1789174116072,110867700917900
1,904,10.0,1789174116072,110867700917900
2,904,10.0,1789174116072,110867700917900
3,904,10.0,1789174116072,110867700917900
4,904,9.1,1789174116072,110867700917900
5,904,0.0,1789174116072,110867700917900
6,904,9.1,1789174116072,110867700917900
7,904,10.0,1789174116072,110867700917900
0,1005,0.0,1789174116173,110867703330554
1,1005,0.0,1789174116173,110867703330554
2,1005,0.0,1789174116173,110867703330554
3,1005,0.0,1789174116173,110867703330554
4,1005,0.0,1789174116173,110867703330554
5,1005,0.0,1789174116173,110867703330554
6,1005,0.0,1789174116173,110867703330554
7,1005,0.0,1789174116173,110867703330554
0,1105,0.0,1789174116273,110867705741197
1,1105,0.0,1789174116273,110867705741197
2,1105,10.0,1789174116273,110867705741197
3,1105,0.0,1789174116273,110867705741197
4,1105,0.0,1789174116273,110867705741197
5,1105,0.0,1789174116273,110867705741197
6,1105,0.0,1789174116273,110867705741197
7,1105,0.0,1789174116273,110867705741197
0,1206,0.0,1789174116374,110867708149914
1,1206,0.0,1789174116374,110867708149914
2,1206,0.0,1789174116374,110867708149914
3,1206,0.0,1789174116374,110867708149914
4,1206,0.0,1789174116374,110867708149914
5,1206,0.0,1789174116374,110867708149914
6,1206,0.0,1789174116374,110867708149914
7,1206,0.0,1789174116374,110867708149914
0,1306,0.0,1789174116474,110867710557055
1,1306,0.0,1789174116474,110867710557055
2,1306,0.0,1789174116474,110867710557055
3,1306,0.0,1789174116474,110867710557055
4,1306,0.0,1789174116474,110867710557055
5,1306,0.0,1789174116474,110867710557055
6,1306,0.0,1789174116474,110867710557055
7,1306,0.0,1789174116474,110867710557055
0,1406,0.0,1789174116574,110867712965685
1,1406,0.0,1789174116574,110867712965685
2,1406,0.0,1789174116574,110867712965685
3,1406,0.0,1789174116574,110867712965685
4,1406,0.0,1789174116574,110867712965685
5,1406,0.0,1789174116574,110867712965685
6,1406,0.0,1789174116574,110867712965685
7,1406,0.0,1789174116574,110867712965685
0,1507,0.0,1789174116675,110867715372790
1,1507,0.0,1789174116675,110867715372790
2,1507,0.0,1789174116675,110867715372790
3,1507,0.0,1789174116675,110867715372790
4,1507,0.0,1789174116675,110867715372790
5,1507,0.0,1789174116675,110867715372790
6,1507,0.0,1789174116675,110867715372790
7,1507,0.0,1789174116675,110867715372790
0,1607,0.0,1789174116775,110867717780583
1,1607,0.0,1789174116775,110867717780583
2,1607,0.0,1789174116775,110867717780583
3,1607,0.0,1789174116775,110867717780583
4,1607,0.0,1789174116775,110867717780583
5,1607,0.0,1789174116775,110867717780583
6,1607,0.0,1789174116775,110867717780583
7,1607,0.0,1789174116775,110867717780583
0,1707,0.0,1789174116875,110867720187937
1,1707,0.0,1789174116875,110867720187937
2,1707,0.0,1789174116875,110867720187937
3,1707,0.0,1789174116875,110867720187937
4,1707,0.0,1789174116875,110867720187937
5,1707,0.0,1789174116875,110867720187937
6,1707,0.0,1789174116875,110867720187937
7,1707,0.0,1789174116875,110867720187937
0,1808,0.0,1789174116976,110867722594854
1,1808,0.0,1789174116976,110867722594854
2,1808,0.0,1789174116976,110867722594854
3,1808,0.0,1789174116976,110867722594854
4,1808,0.0,1789174116976,110867722594854
5,1808,0.0,1789174116976,110867722594854
6,1808,0.0,1789174116976,110867722594854
7,1808,0.0,1789174116976,110867722594854
0,1908,0.0,1789174117076,110867725001794
1,1908,0.0,1789174117076,110867725001794
2,1908,0.0,1789174117076,110867725001794
3,1908,0.0,1789174117076,110867725001794
4,1908,0.0,1789174117076,110867725001794
5,1908,0.0,1789174117076,110867725001794
6,1908,0.0,1789174117076,110867725001794
7,1908,0.0,1789174117076,110867725001794
0,2008,0.0,1789174117176,110867727408781
1,2008,0.0,1789174117176,110867727408781
2,2008,0.0,1789174117176,110867727408781
3,2008,0.0,1789174117176,110867727408781
4,2008,0.0,1789174117176,110867727408781
5,2008,0.0,1789174117176,110867727408781
6,2008,0.0,1789174117176,110867727408781
7,2008,0.0,1789174117176,110867727408781
0,2109,0.0,1789174117277,110867729815715
1,2109,0.0,1789174117277,110867729815715
2,2109,0.0,1789174117277,110867729815715
3,2109,0.0,1789174117277,110867729815715
4,2109,0.0,1789174117277,110867729815715
5,2109,0.0,1789174117277,110867729815715
6,2109,0.0,1789174117277,110867729815715
7,2109,0.0,1789174117277,110867729815715
0,2209,0.0,1789174117377,110867732222306
1,2209,0.0,1789174117377,110867732222306
2,2209,0.0,1789174117377,110867732222306
3,2209,0.0,1789174117377,110867732222306
4,2209,0.0,1789174117377,110867732222306
5,2209,0.0,1789174117377,110867732222306
6,2209,0.0,1789174117377,110867732222306
7,2209,0.0,1789174117377,110867732222306
0,2309,0.0,1789174117477,110867734628895
1,2309,0.0,1789174117477,110867734628895
2,2309,0.0,1789174117477,110867734628895
3,2309,0.0,1789174117477,110867734628895
4,2309,0.0,1789174117477,110867734628895
5,2309,0.0,1789174117477,110867734628895
6,2309,0.0,1789174117477,110867734628895
7,2309,0.0,1789174117477,110867734628895
0,2409,0.0,1789174117577,110867737037268
1,2409,0.0,1789174117577,110867737037268
2,2409,0.0,1789174117577,110867737037268
3,2409,10.0,1789174117577,110867737037268
4,2409,0.0,1789174117577,110867737037268
5,2409,0.0,1789174117577,110867737037268
6,2409,0.0,1789174117577,110867737037268
7,2409,0.0,1789174117577,110867737037268
0,2510,0.0,1789174117678,110867739445189
1,2510,0.0,1789174117678,110867739445189
2,2510,0.0,1789174117678,110867739445189
3,2510,0.0,1789174117678,110867739445189
4,2510,0.0,1789174117678,110867739445189
5,2510,0.0,1789174117678,110867739445189
6,2510,0.0,1789174117678,110867739445189
7,2510,0.0,1789174117678,110867739445189
0,2610,0.0,1789174117778,110867741852101
1,2610,0.0,1789174117778,110867741852101
2,2610,0.0,1789174117778,110867741852101
3,2610,0.0,1789174117778,110867741852101
4,2610,0.0,1789174117778,110867741852101
5,2610,0.0,1789174117778,110867741852101
6,2610,0.0,1789174117778,110867741852101
7,2610,0.0,1789174117778,110867741852101
0,2711,9.1,1789174117879,110867744264447
1,2711,9.1,1789174117879,110867744264447
2,2711,0.0,1789174117879,110867744264447
3,2711,0.0,1789174117879,110867744264447
4,2711,0.0,1789174117879,110867744264447
5,2711,10.0,1789174117879,110867744264447
6,2711,0.0,1789174117879,110867744264447
7,2711,0.0,1789174117879,110867744264447
0,2811,0.0,1789174117979,110867746674885
1,2811,0.0,1789174117979,110867746674885
2,2811,0.0,1789174117979,110867746674885
3,2811,0.0,1789174117979,110867746674885
4,2811,0.0,1789174117979,110867746674885
5,2811,0.0,1789174117979,110867746674885
6,2811,0.0,1789174117979,110867746674885
7,2811,0.0,1789174117979,110867746674885
0,2911,10.0,1789174118079,110867749085163
1,2911,0.0,1789174118079,110867749085163
2,2911,9.1,1789174118079,110867749085163
3,2911,0.0,1789174118079,110867749085163
4,2911,0.0,1789174118079,110867749085163
5,2911,0.0,1789174118079,110867749085163
6,2911,0.0,1789174118079,110867749085163
7,2911,0.0,1789174118079,110867749085163
0,3012,0.0,1789174118180,110867751493283
1,3012,0.0,1789174118180,110867751493283
2,3012,0.0,1789174118180,110867751493283
3,3012,0.0,1789174118180,110867751493283
4,3012,0.0,1789174118180,110867751493283
5,3012,0.0,1789174118180,110867751493283
6,3012,0.0,1789174118180,110867751493283
7,3012,0.0,1789174118180,110867751493283
0,3112,0.0,1789174118280,110867753900253
1,3112,0.0,1789174118280,110867753900253
2,3112,0.0,1789174118280,110867753900253
3,3112,0.0,1789174118280,110867753900253
4,3112,0.0,1789174118280,110867753900253
5,3112,0.0,1789174118280,110867753900253
6,3112,0.0,1789174118280,110867753900253
7,3112,0.0,1789174118280,110867753900253
0,3212,0.0,1789174118380,110867756307141
1,3212,0.0,1789174118380,110867756307141
2,3212,0.0,1789174118380,110867756307141
3,3212,0.0,1789174118380,110867756307141
4,3212,0.0,1789174118380,110867756307141
5,3212,0.0,1789174118380,110867756307141
6,3212,0.0,1789174118380,110867756307141
7,3212,0.0,1789174118380,110867756307141
0,3313,0.0,1789174118481,110867758713938
1,3313,0.0,1789174118481,110867758713938
2,3313,0.0,1789174118481,110867758713938
3,3313,0.0,1789174118481,110867758713938
4,3313,0.0,1789174118481,110867758713938
5,3313,0.0,1789174118481,110867758713938
6,3313,0.0,1789174118481,110867758713938
7,3313,0.0,1789174118481,110867758713938
0,3413,0.0,1789174118581,110867761120938
1,3413,0.0,1789174118581,110867761120938
2,3413,0.0,1789174118581,110867761120938
3,3413,0.0,1789174118581,110867761120938
4,3413,0.0,1789174118581,110867761120938
5,3413,0.0,1789174118581,110867761120938
6,3413,0.0,1789174118581,110867761120938
7,3413,0.0,1789174118581,110867761120938
0,3513,0.0,1789174118681,110867763527801
1,3513,0.0,1789174118681,110867763527801
2,3513,0.0,1789174118681,110867763527801
3,3513,0.0,1789174118681,110867763527801
4,3513,0.0,1789174118681,110867763527801
5,3513,0.0,1789174118681,110867763527801
6,3513,0.0,1789174118681,110867763527801
7,3513,0.0,1789174118681,110867763527801
0,3614,0.0,1789174118782,110867765934628
1,3614,0.0,1789174118782,110867765934628
2,3614,0.0,1789174118782,110867765934628
3,3614,0.0,1789174118782,110867765934628
4,3614,0.0,1789174118782,110867765934628
5,3614,0.0,1789174118782,110867765934628
6,3614,0.0,1789174118782,110867765934628
7,3614,0.0,1789174118782,110867765934628
0,3714,0.0,1789174118882,110867768341222
1,3714,0.0,1789174118882,110867768341222
2,3714,0.0,1789174118882,110867768341222
3,3714,0.0,1789174118882,110867768341222
4,3714,0.0,1789174118882,110867768341222
5,3714,0.0,1789174118882,110867768341222
6,3714,0.0,1789174118882,110867768341222
7,3714,0.0,1789174118882,110867768341222
0,3814,0.0,1789174118982,110867770747735
1,3814,0.0,1789174118982,110867770747735
2,3814,0.0,1789174118982,110867770747735
3,3814,0.0,1789174118982,110867770747735
4,3814,0.0,1789174118982,110867770747735
5,3814,0.0,1789174118982,110867770747735
6,3814,0.0,1789174118982,110867770747735
7,3814,0.0,1789174118982,110867770747735
0,3914,0.0,1789174119082,110867773155593
1,3914,0.0,1789174119082,110867773155593
2,3914,0.0,1789174119082,110867773155593
3,3914,0.0,1789174119082,110867773155593
4,3914,0.0,1789174119082,110867773155593
5,3914,0.0,1789174119082,110867773155593
6,3914,0.0,1789174119082,110867773155593
7,3914,0.0,1789174119082,110867773155593
0,4015,0.0,1789174119183,110867775562122
1,4015,0.0,1789174119183,110867775562122
2,4015,0.0,1789174119183,110867775562122
3,4015,0.0,1789174119183,110867775562122
4,4015,0.0,1789174119183,110867775562122
5,4015,0.0,1789174119183,110867775562122
6,4015,0.0,1789174119183,110867775562122
7,4015,0.0,1789174119183,110867775562122
0,4115,0.0,1789174119283,110867777969434
1,4115,0.0,1789174119283,110867777969434
2,4115,0.0,1789174119283,110867777969434
3,4115,0.0,1789174119283,110867777969434
4,4115,0.0,1789174119283,110867777969434
5,4115,0.0,1789174119283,110867777969434
6,4115,0.0,1789174119283,110867777969434
7,4115,0.0,1789174119283,110867777969434
0,4215,0.0,1789174119383,110867780376023
1,4215,0.0,1789174119383,110867780376023
2,4215,0.0,1789174119383,110867780376023
3,4215,0.0,1789174119383,110867780376023
4,4215,0.0,1789174119383,110867780376023
5,4215,9.1,1789174119383,110867780376023
6,4215,0.0,1789174119383,110867780376023
7,4215,0.0,1789174119383,110867780376023
0,4316,0.0,1789174119484,110867782782533
1,4316,0.0,1789174119484,110867782782533
2,4316,0.0,1789174119484,110867782782533
3,4316,0.0,1789174119484,110867782782533
4,4316,0.0,1789174119484,110867782782533
5,4316,0.0,1789174119484,110867782782533
6,4316,0.0,1789174119484,110867782782533
7,4316,0.0,1789174119484,110867782782533
0,4416,0.0,1789174119584,110867785189095
1,4416,0.0,1789174119584,110867785189095
2,4416,0.0,1789174119584,110867785189095
3,4416,0.0,1789174119584,110867785189095
4,4416,0.0,1789174119584,110867785189095
5,4416,0.0,1789174119584,110867785189095
6,4416,0.0,1789174119584,110867785189095
7,4416,0.0,1789174119584,110867785189095
0,4516,0.0,1789174119684,110867787595551
1,4516,0.0,1789174119684,110867787595551
2,4516,0.0,1789174119684,110867787595551
3,4516,0.0,1789174119684,110867787595551
4,4516,0.0,1789174119684,110867787595551
5,4516,0.0,1789174119684,110867787595551
6,4516,0.0,1789174119684,110867787595551
7,4516,0.0,1789174119684,110867787595551
0,4616,0.0,1789174119784,110867790001839
1,4616,0.0,1789174119784,110867790001839
2,4616,0.0,1789174119784,110867790001839
3,4616,0.0,1789174119784,110867790001839
4,4616,0.0,1789174119784,110867790001839
5,4616,0.0,1789174119784,110867790001839
6,4616,0.0,1789174119784,110867790001839
7,4616,0.0,1789174119784,110867790001839
0,4717,0.0,1789174119885,110867792409170
1,4717,0.0,1789174119885,110867792409170
2,4717,9.1,1789174119885,110867792409170
3,4717,0.0,1789174119885,110867792409170
4,4717,0.0,1789174119885,110867792409170
5,4717,0.0,1789174119885,110867792409170
6,4717,0.0,1789174119885,110867792409170
7,4717,0.0,1789174119885,110867792409170
0,4817,0.0,1789174119985,110867794816188
1,4817,0.0,1789174119985,110867794816188
2,4817,0.0,1789174119985,110867794816188
3,4817,0.0,1789174119985,110867794816188
4,4817,0.0,1789174119985,110867794816188
5,4817,0.0,1789174119985,110867794816188
6,4817,0.0,1789174119985,110867794816188
7,4817,0.0,1789174119985,110867794816188
0,4917,0.0,1789174120085,110867797222702
1,4917,0.0,1789174120085,110867797222702
2,4917,0.0,1789174120085,110867797222702
3,4917,0.0,1789174120085,110867797222702
4,4917,0.0,1789174120085,110867797222702
5,4917,0.0,1789174120085,110867797222702
6,4917,0.0,1789174120085,110867797222702
7,4917,0.0,1789174120085,110867797222702
0,5017,0.0,1789174120185,110867799629204
1,5017,0.0,1789174120185,110867799629204
2,5017,0.0,1789174120185,110867799629204
3,5017,0.0,1789174120185,110867799629204
4,5017,0.0,1789174120185,110867799629204
5,5017,0.0,1789174120185,110867799629204
6,5017,0.0,1789174120185,110867799629204
7,5017,0.0,1789174120185,110867799629204
0,5118,0.0,1789174120286,110867802039061
1,5118,0.0,1789174120286,110867802039061
2,5118,0.0,1789174120286,110867802039061
3,5118,0.0,1789174120286,110867802039061
4,5118,0.0,1789174120286,110867802039061
5,5118,0.0,1789174120286,110867802039061
6,5118,0.0,1789174120286,110867802039061
7,5118,0.0,1789174120286,110867802039061
0,5218,0.0,1789174120386,110867804448952
1,5218,0.0,1789174120386,110867804448952
2,5218,0.0,1789174120386,110867804448952
3,5218,0.0,1789174120386,110867804448952
4,5218,0.0,1789174120386,110867804448952
5,5218,0.0,1789174120386,110867804448952
6,5218,0.0,1789174120386,110867804448952
7,5218,0.0,1789174120386,110867804448952
0,5319,0.0,1789174120487,110867806856491
1,5319,0.0,1789174120487,110867806856491
2,5319,0.0,1789174120487,110867806856491
3,5319,0.0,1789174120487,110867806856491
4,5319,0.0,1789174120487,110867806856491
5,5319,0.0,1789174120487,110867806856491
6,5319,0.0,1789174120487,110867806856491
7,5319,0.0,1789174120487,110867806856491
0,5419,0.0,1789174120587,110867809264312
1,5419,0.0,1789174120587,110867809264312
2,5419,0.0,1789174120587,110867809264312
3,5419,0.0,1789174120587,110867809264312
4,5419,0.0,1789174120587,110867809264312
5,5419,0.0,1789174120587,110867809264312
6,5419,0.0,1789174120587,110867809264312
7,5419,0.0,1789174120587,110867809264312
0,5519,0.0,1789174120687,110867811671570
1,5519,0.0,1789174120687,110867811671570
2,5519,0.0,1789174120687,110867811671570
3,5519,0.0,1789174120687,110867811671570
4,5519,0.0,1789174120687,110867811671570
5,5519,0.0,1789174120687,110867811671570
6,5519,0.0,1789174120687,110867811671570
7,5519,0.0,1789174120687,110867811671570
0,5620,0.0,1789174120788,110867814078207
1,5620,0.0,1789174120788,110867814078207
2,5620,0.0,1789174120788,110867814078207
3,5620,0.0,1789174120788,110867814078207
4,5620,0.0,1789174120788,110867814078207
5,5620,0.0,1789174120788,110867814078207
6,5620,0.0,1789174120788,110867814078207
7,5620,0.0,1789174120788,110867814078207
0,5720,0.0,1789174120888,110867816488490
1,5720,0.0,1789174120888,110867816488490
2,5720,0.0,1789174120888,110867816488490
3,5720,0.0,1789174120888,110867816488490
4,5720,0.0,1789174120888,110867816488490
5,5720,0.0,1789174120888,110867816488490
6,5720,0.0,1789174120888,110867816488490
7,5720,0.0,1789174120888,110867816488490
0,5820,0.0,1789174120988,110867818897195
1,5820,0.0,1789174120988,110867818897195
2,5820,0.0,1789174120988,110867818897195
3,5820,0.0,1789174120988,110867818897195
4,5820,0.0,1789174120988,110867818897195
5,5820,0.0,1789174120988,110867818897195
6,5820,0.0,1789174120988,110867818897195
7,5820,0.0,1789174120988,110867818897195
0,5921,0.0,1789174121089,110867821304130
1,5921,0.0,1789174121089,110867821304130
2,5921,0.0,1789174121089,110867821304130
3,5921,0.0,1789174121089,110867821304130
4,5921,0.0,1789174121089,110867821304130
5,5921,0.0,1789174121089,110867821304130
6,5921,0.0,1789174121089,110867821304130
7,5921,0.0,1789174121089,110867821304130
0,6021,0.0,1789174121189,110867823710735
1,6021,0.0,1789174121189,110867823710735
2,6021,0.0,1789174121189,110867823710735
3,6021,0.0,1789174121189,110867823710735
4,6021,0.0,1789174121189,110867823710735
5,6021,0.0,1789174121189,110867823710735
6,6021,0.0,1789174121189,110867823710735
7,6021,0.0,1789174121189,110867823710735
0,6121,0.0,1789174121289,110867826117313
1,6121,0.0,1789174121289,110867826117313
2,6121,0.0,1789174121289,110867826117313
3,6121,0.0,1789174121289,110867826117313
4,6121,0.0,1789174121289,110867826117313
5,6121,0.0,1789174121289,110867826117313
6,6121,0.0,1789174121289,110867826117313
7,6121,0.0,1789174121289,110867826117313
0,6222,0.0,1789174121390,110867828525656
1,6222,0.0,1789174121390,110867828525656
2,6222,0.0,1789174121390,110867828525656
3,6222,0.0,1789174121390,110867828525656
4,6222,0.0,1789174121390,110867828525656
5,6222,0.0,1789174121390,110867828525656
6,6222,0.0,1789174121390,110867828525656
7,6222,0.0,1789174121390,110867828525656
0,6322,0.0,1789174121490,110867830933257
1,6322,0.0,1789174121490,110867830933257
2,6322,9.1,1789174121490,110867830933257
3,6322,0.0,1789174121490,110867830933257
4,6322,0.0,1789174121490,110867830933257
5,6322,0.0,1789174121490,110867830933257
6,6322,0.0,1789174121490,110867830933257
7,6322,0.0,1789174121490,110867830933257
0,6422,0.0,1789174121590,110867833341325
1,6422,0.0,1789174121590,110867833341325
2,6422,0.0,1789174121590,110867833341325
3,6422,0.0,1789174121590,110867833341325
4,6422,0.0,1789174121590,110867833341325
5,6422,0.0,1789174121590,110867833341325
6,6422,0.0,1789174121590,110867833341325
7,6422,0.0,1789174121590,110867833341325
0,6522,0.0,1789174121690,110867835748341
1,6522,0.0,1789174121690,110867835748341
2,6522,0.0,1789174121690,110867835748341
3,6522,0.0,1789174121690,110867835748341
4,6522,0.0,1789174121690,110867835748341
5,6522,0.0,1789174121690,110867835748341
6,6522,0.0,1789174121690,110867835748341
7,6522,0.0,1789174121690,110867835748341
0,6623,0.0,1789174121791,110867838154930
1,6623,0.0,1789174121791,110867838154930
2,6623,0.0,1789174121791,110867838154930
3,6623,0.0,1789174121791,110867838154930
4,6623,0.0,1789174121791,110867838154930
5,6623,0.0,1789174121791,110867838154930
6,6623,0.0,1789174121791,110867838154930
7,6623,0.0,1789174121791,110867838154930
0,6723,0.0,1789174121891,110867840563242
1,6723,0.0,1789174121891,110867840563242
2,6723,0.0,1789174121891,110867840563242
3,6723,0.0,1789174121891,110867840563242
4,6723,0.0,1789174121891,110867840563242
5,6723,0.0,1789174121891,110867840563242
6,6723,0.0,1789174121891,110867840563242
7,6723,0.0,1789174121891,110867840563242
0,6823,0.0,1789174121991,110867842970178
1,6823,0.0,1789174121991,110867842970178
2,6823,0.0,1789174121991,110867842970178
3,6823,0.0,1789174121991,110867842970178
4,6823,0.0,1789174121991,110867842970178
5,6823,0.0,1789174121991,110867842970178
6,6823,0.0,1789174121991,110867842970178
7,6823,0.0,1789174121991,110867842970178
0,6924,0.0,1789174122092,110867845376667
1,6924,0.0,1789174122092,110867845376667
2,6924,0.0,1789174122092,110867845376667
3,6924,0.0,1789174122092,110867845376667
4,6924,0.0,1789174122092,110867845376667
5,6924,0.0,1789174122092,110867845376667
6,6924,0.0,1789174122092,110867845376667
7,6924,0.0,1789174122092,110867845376667
0,7024,0.0,1789174122192,110867847782967
1,7024,0.0,1789174122192,110867847782967
2,7024,0.0,1789174122192,110867847782967
3,7024,0.0,1789174122192,110867847782967
4,7024,0.0,1789174122192,110867847782967
5,7024,0.0,1789174122192,110867847782967
6,7024,0.0,1789174122192,110867847782967
7,7024,0.0,1789174122192,110867847782967
0,7124,0.0,1789174122292,110867850189249
1,7124,0.0,1789174122292,110867850189249
2,7124,0.0,1789174122292,110867850189249
3,7124,0.0,1789174122292,110867850189249
4,7124,0.0,1789174122292,110867850189249
5,7124,0.0,1789174122292,110867850189249
6,7124,0.0,1789174122292,110867850189249
7,7124,0.0,1789174122292,110867850189249
0,7224,0.0,1789174122392,110867852595582
1,7224,0.0,1789174122392,110867852595582
2,7224,0.0,1789174122392,110867852595582
3,7224,0.0,1789174122392,110867852595582
4,7224,0.0,1789174122392,110867852595582
5,7224,0.0,1789174122392,110867852595582
6,7224,0.0,1789174122392,110867852595582
7,7224,0.0,1789174122392,110867852595582
0,7325,0.0,1789174122493,110867855001733
1,7325,0.0,1789174122493,110867855001733
2,7325,0.0,1789174122493,110867855001733
3,7325,0.0,1789174122493,110867855001733
4,7325,0.0,1789174122493,110867855001733
5,7325,0.0,1789174122493,110867855001733
6,7325,0.0,1789174122493,110867855001733
7,7325,0.0,1789174122493,110867855001733
0,7425,0.0,1789174122593,110867857407956
1,7425,0.0,1789174122593,110867857407956
2,7425,0.0,1789174122593,110867857407956
3,7425,0.0,1789174122593,110867857407956
4,7425,0.0,1789174122593,110867857407956
5,7425,0.0,1789174122593,110867857407956
6,7425,0.0,1789174122593,110867857407956
7,7425,0.0,1789174122593,110867857407956
0,7525,0.0,1789174122693,110867859814701
1,7525,0.0,1789174122693,110867859814701
2,7525,0.0,1789174122693,110867859814701
3,7525,0.0,1789174122693,110867859814701
4,7525,0.0,1789174122693,110867859814701
5,7525,0.0,1789174122693,110867859814701
6,7525,0.0,1789174122693,110867859814701
7,7525,0.0,1789174122693,110867859814701
0,7626,0.0,1789174122794,110867862222088
1,7626,0.0,1789174122794,110867862222088
2,7626,0.0,1789174122794,110867862222088
3,7626,0.0,1789174122794,110867862222088
4,7626,0.0,1789174122794,110867862222088
5,7626,0.0,1789174122794,110867862222088
6,7626,0.0,1789174122794,110867862222088
7,7626,0.0,1789174122794,110867862222088
0,7726,0.0,1789174122894,110867864628820
1,7726,0.0,1789174122894,110867864628820
2,7726,0.0,1789174122894,110867864628820
3,7726,0.0,1789174122894,110867864628820
4,7726,0.0,1789174122894,110867864628820
5,7726,0.0,1789174122894,110867864628820
6,7726,0.0,1789174122894,110867864628820
7,7726,0.0,1789174122894,110867864628820
0,7826,0.0,1789174122994,110867867035494
1,7826,0.0,1789174122994,110867867035494
2,7826,10.0,1789174122994,110867867035494
3,7826,0.0,1789174122994,110867867035494
4,7826,0.0,1789174122994,110867867035494
5,7826,0.0,1789174122994,110867867035494
6,7826,0.0,1789174122994,110867867035494
7,7826,0.0,1789174122994,110867867035494
0,7926,0.0,1789174123094,110867869443996
1,7926,0.0,1789174123094,110867869443996
2,7926,0.0,1789174123094,110867869443996
3,7926,0.0,1789174123094,110867869443996
4,7926,0.0,1789174123094,110867869443996
5,7926,0.0,1789174123094,110867869443996
6,7926,0.0,1789174123094,110867869443996
7,7926,0.0,1789174123094,110867869443996
0,8027,0.0,1789174123195,110867871851665
1,8027,0.0,1789174123195,110867871851665
2,8027,0.0,1789174123195,110867871851665
3,8027,0.0,1789174123195,110867871851665
4,8027,0.0,1789174123195,110867871851665
5,8027,0.0,1789174123195,110867871851665
6,8027,0.0,1789174123195,110867871851665
7,8027,0.0,1789174123195,110867871851665
0,8127,0.0,1789174123295,110867874258277
1,8127,0.0,1789174123295,110867874258277
2,8127,0.0,1789174123295,110867874258277
3,8127,0.0,1789174123295,110867874258277
4,8127,0.0,1789174123295,110867874258277
5,8127,0.0,1789174123295,110867874258277
6,8127,0.0,1789174123295,110867874258277
7,8127,0.0,1789174123295,110867874258277
0,8227,0.0,1789174123395,110867876664686
1,8227,0.0,1789174123395,110867876664686
2,8227,0.0,1789174123395,110867876664686
3,8227,0.0,1789174123395,110867876664686
4,8227,0.0,1789174123395,110867876664686
5,8227,0.0,1789174123395,110867876664686
6,8227,0.0,1789174123395,110867876664686
7,8227,0.0,1789174123395,110867876664686
0,8328,0.0,1789174123496,110867879071122
1,8328,0.0,1789174123496,110867879071122
2,8328,0.0,1789174123496,110867879071122
3,8328,0.0,1789174123496,110867879071122
4,8328,0.0,1789174123496,110867879071122
5,8328,0.0,1789174123496,110867879071122
6,8328,0.0,1789174123496,110867879071122
7,8328,0.0,1789174123496,110867879071122
0,8428,0.0,1789174123596,110867881477383
1,8428,0.0,1789174123596,110867881477383
2,8428,0.0,1789174123596,110867881477383
3,8428,0.0,1789174123596,110867881477383
4,8428,0.0,1789174123596,110867881477383
5,8428,0.0,1789174123596,110867881477383
6,8428,0.0,1789174123596,110867881477383
7,8428,0.0,1789174123596,110867881477383
0,8528,0.0,1789174123696,110867883883623
1,8528,0.0,1789174123696,110867883883623
2,8528,0.0,1789174123696,110867883883623
3,8528,0.0,1789174123696,110867883883623
4,8528,0.0,1789174123696,110867883883623
5,8528,0.0,1789174123696,110867883883623
6,8528,0.0,1789174123696,110867883883623
7,8528,0.0,1789174123696,110867883883623
0,8628,0.0,1789174123796,110867886289760
1,8628,0.0,1789174123796,110867886289760
2,8628,0.0,1789174123796,110867886289760
3,8628,0.0,1789174123796,110867886289760
4,8628,0.0,1789174123796,110867886289760
5,8628,0.0,1789174123796,110867886289760
6,8628,0.0,1789174123796,110867886289760
7,8628,0.0,1789174123796,110867886289760
0,8729,0.0,1789174123897,110867888700428
1,8729,0.0,1789174123897,110867888700428
2,8729,0.0,1789174123897,110867888700428
3,8729,0.0,1789174123897,110867888700428
4,8729,0.0,1789174123897,110867888700428
5,8729,0.0,1789174123897,110867888700428
6,8729,0.0,1789174123897,110867888700428
7,8729,0.0,1789174123897,110867888700428
0,8829,0.0,1789174123997,110867891109268
1,8829,0.0,1789174123997,110867891109268
2,8829,0.0,1789174123997,110867891109268
3,8829,0.0,1789174123997,110867891109268
4,8829,0.0,1789174123997,110867891109268
5,8829,0.0,1789174123997,110867891109268
6,8829,0.0,1789174123997,110867891109268
7,8829,0.0,1789174123997,110867891109268
0,8930,0.0,1789174124098,110867893517424
1,8930,0.0,1789174124098,110867893517424
2,8930,0.0,1789174124098,110867893517424
3,8930,0.0,1789174124098,110867893517424
4,8930,0.0,1789174124098,110867893517424
5,8930,0.0,1789174124098,110867893517424
6,8930,0.0,1789174124098,110867893517424
7,8930,0.0,1789174124098,110867893517424
0,9030,0.0,1789174124198,110867895924749
1,9030,0.0,1789174124198,110867895924749
2,9030,0.0,1789174124198,110867895924749
3,9030,0.0,1789174124198,110867895924749
4,9030,0.0,1789174124198,110867895924749
5,9030,0.0,1789174124198,110867895924749
6,9030,0.0,1789174124198,110867895924749
7,9030,0.0,1789174124198,110867895924749
0,9130,0.0,1789174124298,110867898331486
1,9130,0.0,1789174124298,110867898331486
2,9130,0.0,1789174124298,110867898331486
3,9130,0.0,1789174124298,110867898331486
4,9130,0.0,1789174124298,110867898331486
5,9130,0.0,1789174124298,110867898331486
6,9130,0.0,1789174124298,110867898331486
7,9130,0.0,1789174124298,110867898331486
0,9230,0.0,1789174124398,110867900737920
1,9230,0.0,1789174124398,110867900737920
2,9230,0.0,1789174124398,110867900737920
3,9230,0.0,1789174124398,110867900737920
4,9230,0.0,1789174124398,110867900737920
5,9230,0.0,1789174124398,110867900737920
6,9230,0.0,1789174124398,110867900737920
7,9230,0.0,1789174124398,110867900737920
0,9331,0.0,1789174124499,110867903144428
1,9331,0.0,1789174124499,110867903144428
2,9331,0.0,1789174124499,110867903144428
3,9331,0.0,1789174124499,110867903144428
4,9331,0.0,1789174124499,110867903144428
5,9331,0.0,1789174124499,110867903144428
6,9331,0.0,1789174124499,110867903144428
7,9331,0.0,1789174124499,110867903144428
0,9431,0.0,1789174124599,110867905551802
1,9431,0.0,1789174124599,110867905551802
2,9431,0.0,1789174124599,110867905551802
3,9431,0.0,1789174124599,110867905551802
4,9431,0.0,1789174124599,110867905551802
5,9431,0.0,1789174124599,110867905551802
6,9431,0.0,1789174124599,110867905551802
7,9431,0.0,1789174124599,110867905551802
0,9531,0.0,1789174124699,110867907958201
1,9531,0.0,1789174124699,110867907958201
2,9531,0.0,1789174124699,110867907958201
3,9531,0.0,1789174124699,110867907958201
4,9531,0.0,1789174124699,110867907958201
5,9531,0.0,1789174124699,110867907958201
6,9531,0.0,1789174124699,110867907958201
7,9531,0.0,1789174124699,110867907958201
0,9632,0.0,1789174124800,110867910364649
1,9632,0.0,1789174124800,110867910364649
2,9632,0.0,1789174124800,110867910364649
3,9632,0.0,1789174124800,110867910364649
4,9632,0.0,1789174124800,110867910364649
5,9632,0.0,1789174124800,110867910364649
6,9632,0.0,1789174124800,110867910364649
7,9632,0.0,1789174124800,110867910364649
0,9732,0.0,1789174124900,110867912771413
1,9732,0.0,1789174124900,110867912771413
2,9732,0.0,1789174124900,110867912771413
3,9732,0.0,1789174124900,110867912771413
4,9732,0.0,1789174124900,110867912771413
5,9732,0.0,1789174124900,110867912771413
6,9732,0.0,1789174124900,110867912771413
7,9732,0.0,1789174124900,110867912771413
0,9832,0.0,1789174125000,110867915177936
1,9832,0.0,1789174125000,110867915177936
2,9832,0.0,1789174125000,110867915177936
3,9832,0.0,1789174125000,110867915177936
4,9832,0.0,1789174125000,110867915177936
5,9832,0.0,1789174125000,110867915177936
6,9832,0.0,1789174125000,110867915177936
7,9832,0.0,1789174125000,110867915177936
0,9932,0.0,1789174125100,110867917584240
1,9932,0.0,1789174125100,110867917584240
2,9932,0.0,1789174125100,110867917584240
3,9932,0.0,1789174125100,110867917584240
4,9932,0.0,1789174125100,110867917584240
5,9932,0.0,1789174125100,110867917584240
6,9932,0.0,1789174125100,110867917584240
7,9932,0.0,1789174125100,110867917584240
0,10033,0.0,1789174125201,110867919990673
1,10033,0.0,1789174125201,110867919990673
2,10033,0.0,1789174125201,110867919990673
3,10033,0.0,1789174125201,110867919990673
4,10033,0.0,1789174125201,110867919990673
5,10033,0.0,1789174125201,110867919990673
6,10033,0.0,1789174125201,110867919990673
7,10033,0.0,1789174125201,110867919990673
0,10133,0.0,1789174125301,110867922400464
1,10133,0.0,1789174125301,110867922400464
2,10133,9.1,1789174125301,110867922400464
3,10133,0.0,1789174125301,110867922400464
4,10133,0.0,1789174125301,110867922400464
5,10133,0.0,1789174125301,110867922400464
6,10133,0.0,1789174125301,110867922400464
7,10133,0.0,1789174125301,110867922400464
0,10233,0.0,1789174125401,110867924810014
1,10233,0.0,1789174125401,110867924810014
2,10233,0.0,1789174125401,110867924810014
3,10233,0.0,1789174125401,110867924810014
4,10233,0.0,1789174125401,110867924810014
5,10233,0.0,1789174125401,110867924810014
6,10233,0.0,1789174125401,110867924810014
7,10233,0.0,1789174125401,110867924810014
0,10334,0.0,1789174125502,110867927220040
1,10334,0.0,1789174125502,110867927220040
2,10334,0.0,1789174125502,110867927220040
3,10334,0.0,1789174125502,110867927220040
4,10334,0.0,1789174125502,110867927220040
5,10334,0.0,1789174125502,110867927220040
6,10334,0.0,1789174125502,110867927220040
7,10334,0.0,1789174125502,110867927220040
0,10434,0.0,1789174125602,110867929627912
1,10434,0.0,1789174125602,110867929627912
2,10434,0.0,1789174125602,110867929627912
3,10434,0.0,1789174125602,110867929627912
4,10434,0.0,1789174125602,110867929627912
5,10434,0.0,1789174125602,110867929627912
6,10434,0.0,1789174125602,110867929627912
7,10434,0.0,1789174125602,110867929627912
0,10534,0.0,1789174125702,110867932034724
1,10534,0.0,1789174125702,110867932034724
2,10534,0.0,1789174125702,110867932034724
3,10534,0.0,1789174125702,110867932034724
4,10534,0.0,1789174125702,110867932034724
5,10534,0.0,1789174125702,110867932034724
6,10534,0.0,1789174125702,110867932034724
7,10534,0.0,1789174125702,110867932034724
0,10635,0.0,1789174125803,110867934441800
1,10635,0.0,1789174125803,110867934441800
2,10635,0.0,1789174125803,110867934441800
3,10635,0.0,1789174125803,110867934441800
4,10635,0.0,1789174125803,110867934441800
5,10635,0.0,1789174125803,110867934441800
6,10635,0.0,1789174125803,110867934441800
7,10635,0.0,1789174125803,110867934441800
0,10735,0.0,1789174125903,110867936850345
1,10735,0.0,1789174125903,110867936850345
2,10735,10.0,1789174125903,110867936850345
3,10735,0.0,1789174125903,110867936850345
4,10735,0.0,1789174125903,110867936850345
5,10735,9.1,1789174125903,110867936850345
6,10735,0.0,1789174125903,110867936850345
7,10735,0.0,1789174125903,110867936850345
0,10835,0.0,1789174126003,110867939257969
1,10835,0.0,1789174126003,110867939257969
2,10835,0.0,1789174126003,110867939257969
3,10835,0.0,1789174126003,110867939257969
4,10835,0.0,1789174126003,110867939257969
5,10835,0.0,1789174126003,110867939257969
6,10835,0.0,1789174126003,110867939257969
7,10835,0.0,1789174126003,110867939257969
0,10936,0.0,1789174126104,110867941664786
1,10936,0.0,1789174126104,110867941664786
2,10936,0.0,1789174126104,110867941664786
3,10936,0.0,1789174126104,110867941664786
4,10936,0.0,1789174126104,110867941664786
5,10936,0.0,1789174126104,110867941664786
6,10936,0.0,1789174126104,110867941664786
7,10936,0.0,1789174126104,110867941664786
0,11036,0.0,1789174126204,110867944071178
1,11036,0.0,1789174126204,110867944071178
2,11036,9.1,1789174126204,110867944071178
3,11036,0.0,1789174126204,110867944071178
4,11036,0.0,1789174126204,110867944071178
5,11036,0.0,1789174126204,110867944071178
6,11036,0.0,1789174126204,110867944071178
7,11036,0.0,1789174126204,110867944071178
0,11136,0.0,1789174126304,110867946480025
1,11136,0.0,1789174126304,110867946480025
2,11136,0.0,1789174126304,110867946480025
3,11136,0.0,1789174126304,110867946480025
4,11136,0.0,1789174126304,110867946480025
5,11136,0.0,1789174126304,110867946480025
6,11136,0.0,1789174126304,110867946480025
7,11136,0.0,1789174126304,110867946480025
0,11237,0.0,1789174126405,110867948887798
1,11237,0.0,1789174126405,110867948887798
2,11237,0.0,1789174126405,110867948887798
3,11237,0.0,1789174126405,110867948887798
4,11237,0.0,1789174126405,110867948887798
5,11237,0.0,1789174126405,110867948887798
6,11237,0.0,1789174126405,110867948887798
7,11237,0.0,1789174126405,110867948887798
0,11337,0.0,1789174126505,110867951294538
1,11337,0.0,1789174126505,110867951294538
2,11337,0.0,1789174126505,110867951294538
3,11337,0.0,1789174126505,110867951294538
4,11337,0.0,1789174126505,110867951294538
5,11337,0.0,1789174126505,110867951294538
6,11337,0.0,1789174126505,110867951294538
7,11337,0.0,1789174126505,110867951294538
0,11437,0.0,1789174126605,110867953702561
1,11437,0.0,1789174126605,110867953702561
2,11437,0.0,1789174126605,110867953702561
3,11437,0.0,1789174126605,110867953702561
4,11437,0.0,1789174126605,110867953702561
5,11437,0.0,1789174126605,110867953702561
6,11437,0.0,1789174126605,110867953702561
7,11437,0.0,1789174126605,110867953702561
0,11538,0.0,1789174126706,110867956109438
1,11538,0.0,1789174126706,110867956109438
2,11538,0.0,1789174126706,110867956109438
3,11538,0.0,1789174126706,110867956109438
4,11538,0.0,1789174126706,110867956109438
5,11538,0.0,1789174126706,110867956109438
6,11538,0.0,1789174126706,110867956109438
7,11538,0.0,1789174126706,110867956109438
0,11638,0.0,1789174126806,110867958517343
1,11638,0.0,1789174126806,110867958517343
2,11638,0.0,1789174126806,110867958517343
3,11638,0.0,1789174126806,110867958517343
4,11638,0.0,1789174126806,110867958517343
5,11638,0.0,1789174126806,110867958517343
6,11638,0.0,1789174126806,110867958517343
7,11638,0.0,1789174126806,110867958517343
0,11738,0.0,1789174126906,110867960928392
1,11738,0.0,1789174126906,110867960928392
2,11738,0.0,1789174126906,110867960928392
3,11738,0.0,1789174126906,110867960928392
4,11738,0.0,1789174126906,110867960928392
5,11738,0.0,1789174126906,110867960928392
6,11738,9.1,1789174126906,110867960928392
7,11738,0.0,1789174126906,110867960928392
0,11839,0.0,1789174127007,110867963337018
1,11839,0.0,1789174127007,110867963337018
2,11839,0.0,1789174127007,110867963337018
3,11839,0.0,1789174127007,110867963337018
4,11839,0.0,1789174127007,110867963337018
5,11839,0.0,1789174127007,110867963337018
6,11839,0.0,1789174127007,110867963337018
7,11839,0.0,1789174127007,110867963337018
0,11939,0.0,1789174127107,110867965745098
1,11939,0.0,1789174127107,110867965745098
2,11939,0.0,1789174127107,110867965745098
3,11939,0.0,1789174127107,110867965745098
4,11939,0.0,1789174127107,110867965745098
5,11939,0.0,1789174127107,110867965745098
6,11939,0.0,1789174127107,110867965745098
7,11939,0.0,1789174127107,110867965745098
0,12039,0.0,1789174127207,110867968151686
1,12039,0.0,1789174127207,110867968151686
2,12039,0.0,1789174127207,110867968151686
3,12039,0.0,1789174127207,110867968151686
4,12039,0.0,1789174127207,110867968151686
5,12039,0.0,1789174127207,110867968151686
6,12039,0.0,1789174127207,110867968151686
7,12039,0.0,1789174127207,110867968151686
0,12140,0.0,1789174127308,110867970558333
1,12140,0.0,1789174127308,110867970558333
2,12140,0.0,1789174127308,110867970558333
3,12140,0.0,1789174127308,110867970558333
4,12140,0.0,1789174127308,110867970558333
5,12140,0.0,1789174127308,110867970558333
6,12140,0.0,1789174127308,110867970558333
7,12140,0.0,1789174127308,110867970558333
0,12240,0.0,1789174127408,110867972964901
1,12240,0.0,1789174127408,110867972964901
2,12240,0.0,1789174127408,110867972964901
3,12240,0.0,1789174127408,110867972964901
4,12240,0.0,1789174127408,110867972964901
5,12240,0.0,1789174127408,110867972964901
6,12240,0.0,1789174127408,110867972964901
7,12240,0.0,1789174127408,110867972964901
0,12340,0.0,1789174127508,110867975371332
1,12340,0.0,1789174127508,110867975371332
2,12340,0.0,1789174127508,110867975371332
3,12340,0.0,1789174127508,110867975371332
4,12340,0.0,1789174127508,110867975371332
5,12340,0.0,1789174127508,110867975371332
6,12340,0.0,1789174127508,110867975371332
7,12340,0.0,1789174127508,110867975371332
0,12440,0.0,1789174127608,110867977777696
1,12440,0.0,1789174127608,110867977777696
2,12440,0.0,1789174127608,110867977777696
3,12440,0.0,1789174127608,110867977777696
4,12440,0.0,1789174127608,110867977777696
5,12440,0.0,1789174127608,110867977777696
6,12440,0.0,1789174127608,110867977777696
7,12440,0.0,1789174127608,110867977777696
0,12541,0.0,1789174127709,110867980184102
1,12541,0.0,1789174127709,110867980184102
2,12541,0.0,1789174127709,110867980184102
3,12541,0.0,1789174127709,110867980184102
4,12541,0.0,1789174127709,110867980184102
5,12541,0.0,1789174127709,110867980184102
6,12541,0.0,1789174127709,110867980184102
7,12541,0.0,1789174127709,110867980184102
0,12641,0.0,1789174127809,110867982591719
1,12641,0.0,1789174127809,110867982591719
2,12641,0.0,1789174127809,110867982591719
3,12641,0.0,1789174127809,110867982591719
4,12641,0.0,1789174127809,110867982591719
5,12641,0.0,1789174127809,110867982591719
6,12641,0.0,1789174127809,110867982591719
7,12641,0.0,1789174127809,110867982591719
0,12741,0.0,1789174127909,110867984998796
1,12741,0.0,1789174127909,110867984998796
2,12741,9.1,1789174127909,110867984998796
3,12741,0.0,1789174127909,110867984998796
4,12741,0.0,1789174127909,110867984998796
5,12741,0.0,1789174127909,110867984998796
6,12741,0.0,1789174127909,110867984998796
7,12741,0.0,1789174127909,110867984998796
0,12842,0.0,1789174128010,110867987407463
1,12842,0.0,1789174128010,110867987407463
2,12842,0.0,1789174128010,110867987407463
3,12842,0.0,1789174128010,110867987407463
4,12842,0.0,1789174128010,110867987407463
5,12842,0.0,1789174128010,110867987407463
6,12842,0.0,1789174128010,110867987407463
7,12842,0.0,1789174128010,110867987407463
0,12942,0.0,1789174128110,110867989815048
1,12942,0.0,1789174128110,110867989815048
2,12942,0.0,1789174128110,110867989815048
3,12942,0.0,1789174128110,110867989815048
4,12942,0.0,1789174128110,110867989815048
5,12942,0.0,1789174128110,110867989815048
6,12942,0.0,1789174128110,110867989815048
7,12942,0.0,1789174128110,110867989815048
0,13042,0.0,1789174128210,110867992221349
1,13042,0.0,1789174128210,110867992221349
2,13042,0.0,1789174128210,110867992221349
3,13042,0.0,1789174128210,110867992221349
4,13042,0.0,1789174128210,110867992221349
5,13042,0.0,1789174128210,110867992221349
6,13042,0.0,1789174128210,110867992221349
7,13042,0.0,1789174128210,110867992221349
0,13143,0.0,1789174128311,110867994627725
1,13143,0.0,1789174128311,110867994627725
2,13143,0.0,1789174128311,110867994627725
3,13143,0.0,1789174128311,110867994627725
4,13143,0.0,1789174128311,110867994627725
5,13143,0.0,1789174128311,110867994627725
6,13143,0.0,1789174128311,110867994627725
7,13143,0.0,1789174128311,110867994627725
0,13243,0.0,1789174128411,110867997034165
1,13243,0.0,1789174128411,110867997034165
2,13243,0.0,1789174128411,110867997034165
3,13243,0.0,1789174128411,110867997034165
4,13243,0.0,1789174128411,110867997034165
5,13243,0.0,1789174128411,110867997034165
6,13243,0.0,1789174128411,110867997034165
7,13243,0.0,1789174128411,110867997034165
0,13343,0.0,1789174128511,110867999440534
1,13343,0.0,1789174128511,110867999440534
2,13343,0.0,1789174128511,110867999440534
3,13343,0.0,1789174128511,110867999440534
4,13343,0.0,1789174128511,110867999440534
5,13343,0.0,1789174128511,110867999440534
6,13343,0.0,1789174128511,110867999440534
7,13343,0.0,1789174128511,110867999440534
0,13443,0.0,1789174128611,110868001847058
1,13443,0.0,1789174128611,110868001847058
2,13443,0.0,1789174128611,110868001847058
3,13443,0.0,1789174128611,110868001847058
4,13443,0.0,1789174128611,110868001847058
5,13443,0.0,1789174128611,110868001847058
6,13443,0.0,1789174128611,110868001847058
7,13443,0.0,1789174128611,110868001847058
0,13544,0.0,1789174128712,110868004253719
1,13544,0.0,1789174128712,110868004253719
2,13544,0.0,1789174128712,110868004253719
3,13544,0.0,1789174128712,110868004253719
4,13544,0.0,1789174128712,110868004253719
5,13544,0.0,1789174128712,110868004253719
6,13544,0.0,1789174128712,110868004253719
7,13544,0.0,1789174128712,110868004253719
0,13644,0.0,1789174128812,110868006659987
1,13644,0.0,1789174128812,110868006659987
2,13644,0.0,1789174128812,110868006659987
3,13644,0.0,1789174128812,110868006659987
4,13644,0.0,1789174128812,110868006659987
5,13644,0.0,1789174128812,110868006659987
6,13644,0.0,1789174128812,110868006659987
7,13644,0.0,1789174128812,110868006659987
0,13744,0.0,1789174128912,110868009066312
1,13744,0.0,1789174128912,110868009066312
2,13744,9.1,1789174128912,110868009066312
3,13744,0.0,1789174128912,110868009066312
4,13744,0.0,1789174128912,110868009066312
5,13744,0.0,1789174128912,110868009066312
6,13744,0.0,1789174128912,110868009066312
7,13744,0.0,1789174128912,110868009066312
0,13844,0.0,1789174129012,110868011473898
1,13844,0.0,1789174129012,110868011473898
2,13844,10.0,1789174129012,110868011473898
3,13844,0.0,1789174129012,110868011473898
4,13844,0.0,1789174129012,110868011473898
5,13844,0.0,1789174129012,110868011473898
6,13844,0.0,1789174129012,110868011473898
7,13844,0.0,1789174129012,110868011473898
0,13945,0.0,1789174129113,110868013880575
1,13945,0.0,1789174129113,110868013880575
2,13945,0.0,1789174129113,110868013880575
3,13945,0.0,1789174129113,110868013880575
4,13945,0.0,1789174129113,110868013880575
5,13945,0.0,1789174129113,110868013880575
6,13945,0.0,1789174129113,110868013880575
7,13945,0.0,1789174129113,110868013880575
0,14045,0.0,1789174129213,110868016286978
1,14045,0.0,1789174129213,110868016286978
2,14045,0.0,1789174129213,110868016286978
3,14045,0.0,1789174129213,110868016286978
4,14045,0.0,1789174129213,110868016286978
5,14045,0.0,1789174129213,110868016286978
6,14045,0.0,1789174129213,110868016286978
7,14045,0.0,1789174129213,110868016286978
0,14145,0.0,1789174129313,110868018693986
1,14145,0.0,1789174129313,110868018693986
2,14145,0.0,1789174129313,110868018693986
3,14145,0.0,1789174129313,110868018693986
4,14145,0.0,1789174129313,110868018693986
5,14145,0.0,1789174129313,110868018693986
6,14145,0.0,1789174129313,110868018693986
7,14145,0.0,1789174129313,110868018693986
0,14246,0.0,1789174129414,110868021100585
1,14246,0.0,1789174129414,110868021100585
2,14246,0.0,1789174129414,110868021100585
3,14246,0.0,1789174129414,110868021100585
4,14246,0.0,1789174129414,110868021100585
5,14246,0.0,1789174129414,110868021100585
6,14246,0.0,1789174129414,110868021100585
7,14246,0.0,1789174129414,110868021100585
0,14346,0.0,1789174129514,110868023507095
1,14346,0.0,1789174129514,110868023507095
2,14346,0.0,1789174129514,110868023507095
3,14346,0.0,1789174129514,110868023507095
4,14346,0.0,1789174129514,110868023507095
5,14346,0.0,1789174129514,110868023507095
6,14346,0.0,1789174129514,110868023507095
7,14346,0.0,1789174129514,110868023507095
0,14446,0.0,1789174129614,110868025913543
1,14446,0.0,1789174129614,110868025913543
2,14446,0.0,1789174129614,110868025913543
3,14446,0.0,1789174129614,110868025913543
4,14446,0.0,1789174129614,110868025913543
5,14446,0.0,1789174129614,110868025913543
6,14446,0.0,1789174129614,110868025913543
7,14446,0.0,1789174129614,110868025913543
0,14546,0.0,1789174129714,110868028319899
1,14546,0.0,1789174129714,110868028319899
2,14546,9.1,1789174129714,110868028319899
3,14546,0.0,1789174129714,110868028319899
4,14546,0.0,1789174129714,110868028319899
5,14546,0.0,1789174129714,110868028319899
6,14546,0.0,1789174129714,110868028319899
7,14546,0.0,1789174129714,110868028319899
0,14647,0.0,1789174129815,110868030726359
1,14647,0.0,1789174129815,110868030726359
2,14647,0.0,1789174129815,110868030726359
3,14647,0.0,1789174129815,110868030726359
4,14647,0.0,1789174129815,110868030726359
5,14647,0.0,1789174129815,110868030726359
6,14647,0.0,1789174129815,110868030726359
7,14647,0.0,1789174129815,110868030726359
0,14747,9.1,1789174129915,110868033137657
1,14747,0.0,1789174129915,110868033137657
2,14747,10.0,1789174129915,110868033137657
3,14747,0.0,1789174129915,110868033137657
4,14747,0.0,1789174129915,110868033137657
5,14747,9.1,1789174129915,110868033137657
6,14747,0.0,1789174129915,110868033137657
7,14747,0.0,1789174129915,110868033137657
0,14847,0.0,1789174130015,110868035546602
1,14847,0.0,1789174130015,110868035546602
2,14847,0.0,1789174130015,110868035546602
3,14847,0.0,1789174130015,110868035546602
4,14847,0.0,1789174130015,110868035546602
5,14847,0.0,1789174130015,110868035546602
6,14847,0.0,1789174130015,110868035546602
7,14847,0.0,1789174130015,110868035546602
0,14948,0.0,1789174130116,110868037955133
1,14948,0.0,1789174130116,110868037955133
2,14948,0.0,1789174130116,110868037955133
3,14948,0.0,1789174130116,110868037955133
4,14948,0.0,1789174130116,110868037955133
5,14948,0.0,1789174130116,110868037955133
6,14948,0.0,1789174130116,110868037955133
7,14948,0.0,1789174130116,110868037955133
0,15048,0.0,1789174130216,110868040364118
1,15048,0.0,1789174130216,110868040364118
2,15048,0.0,1789174130216,110868040364118
3,15048,0.0,1789174130216,110868040364118
4,15048,0.0,1789174130216,110868040364118
5,15048,0.0,1789174130216,110868040364118
6,15048,0.0,1789174130216,110868040364118
7,15048,0.0,1789174130216,110868040364118
0,15148,0.0,1789174130316,110868042771171
1,15148,0.0,1789174130316,110868042771171
2,15148,0.0,1789174130316,110868042771171
3,15148,0.0,1789174130316,110868042771171
4,15148,0.0,1789174130316,110868042771171
5,15148,0.0,1789174130316,110868042771171
6,15148,0.0,1789174130316,110868042771171
7,15148,0.0,1789174130316,110868042771171
0,15249,0.0,1789174130417,110868045178444
1,15249,0.0,1789174130417,110868045178444
2,15249,0.0,1789174130417,110868045178444
3,15249,0.0,1789174130417,110868045178444
4,15249,0.0,1789174130417,110868045178444
5,15249,0.0,1789174130417,110868045178444
6,15249,0.0,1789174130417,110868045178444
7,15249,0.0,1789174130417,110868045178444
0,15349,0.0,1789174130517,110868047587241
1,15349,0.0,1789174130517,110868047587241
2,15349,0.0,1789174130517,110868047587241
3,15349,0.0,1789174130517,110868047587241
4,15349,0.0,1789174130517,110868047587241
5,15349,0.0,1789174130517,110868047587241
6,15349,0.0,1789174130517,110868047587241
7,15349,0.0,1789174130517,110868047587241
0,15450,0.0,1789174130618,110868049996553
1,15450,0.0,1789174130618,110868049996553
2,15450,0.0,1789174130618,110868049996553
3,15450,0.0,1789174130618,110868049996553
4,15450,0.0,1789174130618,110868049996553
5,15450,0.0,1789174130618,110868049996553
6,15450,0.0,1789174130618,110868049996553
7,15450,0.0,1789174130618,110868049996553
0,15550,0.0,1789174130718,110868052403967
1,15550,0.0,1789174130718,110868052403967
2,15550,0.0,1789174130718,110868052403967
3,15550,0.0,1789174130718,110868052403967
4,15550,0.0,1789174130718,110868052403967
5,15550,0.0,1789174130718,110868052403967
6,15550,0.0,1789174130718,110868052403967
7,15550,0.0,1789174130718,110868052403967
0,15650,0.0,1789174130818,110868054810599
1,15650,0.0,1789174130818,110868054810599
2,15650,0.0,1789174130818,110868054810599
3,15650,0.0,1789174130818,110868054810599
4,15650,0.0,1789174130818,110868054810599
5,15650,0.0,1789174130818,110868054810599
6,15650,0.0,1789174130818,110868054810599
7,15650,0.0,1789174130818,110868054810599
0,15750,0.0,1789174130918,110868057218054
1,15750,0.0,1789174130918,110868057218054
2,15750,0.0,1789174130918,110868057218054
3,15750,0.0,1789174130918,110868057218054
4,15750,0.0,1789174130918,110868057218054
5,15750,0.0,1789174130918,110868057218054
6,15750,0.0,1789174130918,110868057218054
7,15750,0.0,1789174130918,110868057218054
0,15851,0.0,1789174131019,110868059625118
1,15851,0.0,1789174131019,110868059625118
2,15851,10.0,1789174131019,110868059625118
3,15851,0.0,1789174131019,110868059625118
4,15851,0.0,1789174131019,110868059625118
5,15851,0.0,1789174131019,110868059625118
6,15851,0.0,1789174131019,110868059625118
7,15851,0.0,1789174131019,110868059625118
0,15951,0.0,1789174131119,110868062032167
1,15951,0.0,1789174131119,110868062032167
2,15951,9.1,1789174131119,110868062032167
3,15951,0.0,1789174131119,110868062032167
4,15951,0.0,1789174131119,110868062032167
5,15951,0.0,1789174131119,110868062032167
6,15951,0.0,1789174131119,110868062032167
7,15951,0.0,1789174131119,110868062032167
0,16051,0.0,1789174131219,110868064438982
1,16051,0.0,1789174131219,110868064438982
2,16051,0.0,1789174131219,110868064438982
3,16051,0.0,1789174131219,110868064438982
4,16051,0.0,1789174131219,110868064438982
5,16051,0.0,1789174131219,110868064438982
6,16051,0.0,1789174131219,110868064438982
7,16051,0.0,1789174131219,110868064438982
0,16152,0.0,1789174131320,110868066845229
1,16152,0.0,1789174131320,110868066845229
2,16152,0.0,1789174131320,110868066845229
3,16152,0.0,1789174131320,110868066845229
4,16152,0.0,1789174131320,110868066845229
5,16152,0.0,1789174131320,110868066845229
6,16152,0.0,1789174131320,110868066845229
7,16152,0.0,1789174131320,110868066845229
0,16252,0.0,1789174131420,110868069252844
1,16252,0.0,1789174131420,110868069252844
2,16252,0.0,1789174131420,110868069252844
3,16252,0.0,1789174131420,110868069252844
4,16252,0.0,1789174131420,110868069252844
5,16252,0.0,1789174131420,110868069252844
6,16252,0.0,1789174131420,110868069252844
7,16252,0.0,1789174131420,110868069252844
0,16352,0.0,1789174131520,110868071659447
1,16352,0.0,1789174131520,110868071659447
2,16352,0.0,1789174131520,110868071659447
3,16352,0.0,1789174131520,110868071659447
4,16352,0.0,1789174131520,110868071659447
5,16352,0.0,1789174131520,110868071659447
6,16352,0.0,1789174131520,110868071659447
7,16352,0.0,1789174131520,110868071659447
0,16452,0.0,1789174131620,110868074065902
1,16452,0.0,1789174131620,110868074065902
2,16452,0.0,1789174131620,110868074065902
3,16452,0.0,1789174131620,110868074065902
4,16452,0.0,1789174131620,110868074065902
5,16452,0.0,1789174131620,110868074065902
6,16452,0.0,1789174131620,110868074065902
7,16452,0.0,1789174131620,110868074065902
0,16553,0.0,1789174131721,110868076472267
1,16553,0.0,1789174131721,110868076472267
2,16553,0.0,1789174131721,110868076472267
3,16553,0.0,1789174131721,110868076472267
4,16553,0.0,1789174131721,110868076472267
5,16553,0.0,1789174131721,110868076472267
6,16553,0.0,1789174131721,110868076472267
7,16553,0.0,1789174131721,110868076472267
0,16653,0.0,1789174131821,110868078878681
1,16653,0.0,1789174131821,110868078878681
2,16653,0.0,1789174131821,110868078878681
3,16653,0.0,1789174131821,110868078878681
4,16653,0.0,1789174131821,110868078878681
5,16653,0.0,1789174131821,110868078878681
6,16653,0.0,1789174131821,110868078878681
7,16653,0.0,1789174131821,110868078878681
0,16753,0.0,1789174131921,110868081285874
1,16753,0.0,1789174131921,110868081285874
2,16753,0.0,1789174131921,110868081285874
3,16753,0.0,1789174131921,110868081285874
4,16753,0.0,1789174131921,110868081285874
5,16753,0.0,1789174131921,110868081285874
6,16753,0.0,1789174131921,110868081285874
7,16753,0.0,1789174131921,110868081285874
0,16854,0.0,1789174132022,110868083692636
1,16854,0.0,1789174132022,110868083692636
2,16854,0.0,1789174132022,110868083692636
3,16854,0.0,1789174132022,110868083692636
4,16854,0.0,1789174132022,110868083692636
5,16854,0.0,1789174132022,110868083692636
6,16854,0.0,1789174132022,110868083692636
7,16854,0.0,1789174132022,110868083692636
0,16954,0.0,1789174132122,110868086099201
1,16954,0.0,1789174132122,110868086099201
2,16954,9.1,1789174132122,110868086099201
3,16954,0.0,1789174132122,110868086099201
4,16954,0.0,1789174132122,110868086099201
5,16954,0.0,1789174132122,110868086099201
6,16954,0.0,1789174132122,110868086099201
7,16954,0.0,1789174132122,110868086099201
0,17054,0.0,1789174132222,110868088506044
1,17054,0.0,1789174132222,110868088506044
2,17054,0.0,1789174132222,110868088506044
3,17054,0.0,1789174132222,110868088506044
4,17054,0.0,1789174132222,110868088506044
5,17054,0.0,1789174132222,110868088506044
6,17054,0.0,1789174132222,110868088506044
7,17054,0.0,1789174132222,110868088506044
0,17154,0.0,1789174132322,110868090912407
1,17154,0.0,1789174132322,110868090912407
2,17154,0.0,1789174132322,110868090912407
3,17154,0.0,1789174132322,110868090912407
4,17154,0.0,1789174132322,110868090912407
5,17154,0.0,1789174132322,110868090912407
6,17154,0.0,1789174132322,110868090912407
7,17154,0.0,1789174132322,110868090912407
0,17255,0.0,1789174132423,110868093318858
1,17255,0.0,1789174132423,110868093318858
2,17255,0.0,1789174132423,110868093318858
3,17255,0.0,1789174132423,110868093318858
4,17255,0.0,1789174132423,110868093318858
5,17255,0.0,1789174132423,110868093318858
6,17255,0.0,1789174132423,110868093318858
7,17255,0.0,1789174132423,110868093318858
0,17355,0.0,1789174132523,110868095726248
1,17355,0.0,1789174132523,110868095726248
2,17355,0.0,1789174132523,110868095726248
3,17355,0.0,1789174132523,110868095726248
4,17355,0.0,1789174132523,110868095726248
5,17355,0.0,1789174132523,110868095726248
6,17355,0.0,1789174132523,110868095726248
7,17355,0.0,1789174132523,110868095726248
0,17455,0.0,1789174132623,110868098133125
1,17455,0.0,1789174132623,110868098133125
2,17455,0.0,1789174132623,110868098133125
3,17455,0.0,1789174132623,110868098133125
4,17455,0.0,1789174132623,110868098133125
5,17455,0.0,1789174132623,110868098133125
6,17455,0.0,1789174132623,110868098133125
7,17455,0.0,1789174132623,110868098133125
0,17556,0.0,1789174132724,110868100540834
1,17556,0.0,1789174132724,110868100540834
2,17556,0.0,1789174132724,110868100540834
3,17556,0.0,1789174132724,110868100540834
4,17556,0.0,1789174132724,110868100540834
5,17556,0.0,1789174132724,110868100540834
6,17556,0.0,1789174132724,110868100540834
7,17556,0.0,1789174132724,110868100540834
0,17656,0.0,1789174132824,110868102947340
1,17656,0.0,1789174132824,110868102947340
2,17656,0.0,1789174132824,110868102947340
3,17656,0.0,1789174132824,110868102947340
4,17656,0.0,1789174132824,110868102947340
5,17656,0.0,1789174132824,110868102947340
6,17656,0.0,1789174132824,110868102947340
7,17656,0.0,1789174132824,110868102947340
0,17756,0.0,1789174132924,110868105357732
1,17756,0.0,1789174132924,110868105357732
2,17756,0.0,1789174132924,110868105357732
3,17756,0.0,1789174132924,110868105357732
4,17756,9.1,1789174132924,110868105357732
5,17756,0.0,1789174132924,110868105357732
6,17756,0.0,1789174132924,110868105357732
7,17756,0.0,1789174132924,110868105357732
0,17857,0.0,1789174133025,110868107766333
1,17857,0.0,1789174133025,110868107766333
2,17857,0.0,1789174133025,110868107766333
3,17857,0.0,1789174133025,110868107766333
4,17857,0.0,1789174133025,110868107766333
5,17857,0.0,1789174133025,110868107766333
6,17857,0.0,1789174133025,110868107766333
7,17857,0.0,1789174133025,110868107766333
0,17957,0.0,1789174133125,110868110173217
1,17957,0.0,1789174133125,110868110173217
2,17957,0.0,1789174133125,110868110173217
3,17957,0.0,1789174133125,110868110173217
4,17957,0.0,1789174133125,110868110173217
5,17957,0.0,1789174133125,110868110173217
6,17957,0.0,1789174133125,110868110173217
7,17957,0.0,1789174133125,110868110173217
0,18057,0.0,1789174133225,110868112579731
1,18057,0.0,1789174133225,110868112579731
2,18057,0.0,1789174133225,110868112579731
3,18057,0.0,1789174133225,110868112579731
4,18057,0.0,1789174133225,110868112579731
5,18057,0.0,1789174133225,110868112579731
6,18057,0.0,1789174133225,110868112579731
7,18057,0.0,1789174133225,110868112579731
0,18157,0.0,1789174133325,110868114986055
1,18157,0.0,1789174133325,110868114986055
2,18157,0.0,1789174133325,110868114986055
3,18157,0.0,1789174133325,110868114986055
4,18157,0.0,1789174133325,110868114986055
5,18157,0.0,1789174133325,110868114986055
6,18157,0.0,1789174133325,110868114986055
7,18157,0.0,1789174133325,110868114986055
0,18258,0.0,1789174133426,110868117392300
1,18258,0.0,1789174133426,110868117392300
2,18258,0.0,1789174133426,110868117392300
3,18258,0.0,1789174133426,110868117392300
4,18258,0.0,1789174133426,110868117392300
5,18258,0.0,1789174133426,110868117392300
6,18258,0.0,1789174133426,110868117392300
7,18258,0.0,1789174133426,110868117392300
0,18358,0.0,1789174133526,110868119798612
1,18358,0.0,1789174133526,110868119798612
2,18358,0.0,1789174133526,110868119798612
3,18358,0.0,1789174133526,110868119798612
4,18358,0.0,1789174133526,110868119798612
5,18358,0.0,1789174133526,110868119798612
6,18358,0.0,1789174133526,110868119798612
7,18358,0.0,1789174133526,110868119798612
0,18458,0.0,1789174133626,110868122204882
1,18458,0.0,1789174133626,110868122204882
2,18458,0.0,1789174133626,110868122204882
3,18458,0.0,1789174133626,110868122204882
4,18458,0.0,1789174133626,110868122204882
5,18458,0.0,1789174133626,110868122204882
6,18458,0.0,1789174133626,110868122204882
7,18458,0.0,1789174133626,110868122204882
0,18559,0.0,1789174133727,110868124611088
1,18559,0.0,1789174133727,110868124611088
2,18559,0.0,1789174133727,110868124611088
3,18559,0.0,1789174133727,110868124611088
4,18559,0.0,1789174133727,110868124611088
5,18559,0.0,1789174133727,110868124611088
6,18559,0.0,1789174133727,110868124611088
7,18559,0.0,1789174133727,110868124611088
0,18659,0.0,1789174133827,110868127017403
1,18659,0.0,1789174133827,110868127017403
2,18659,0.0,1789174133827,110868127017403
3,18659,0.0,1789174133827,110868127017403
4,18659,0.0,1789174133827,110868127017403
5,18659,0.0,1789174133827,110868127017403
6,18659,0.0,1789174133827,110868127017403
7,18659,0.0,1789174133827,110868127017403
0,18759,0.0,1789174133927,110868129426768
1,18759,0.0,1789174133927,110868129426768
2,18759,10.0,1789174133927,110868129426768
3,18759,0.0,1789174133927,110868129426768
4,18759,0.0,1789174133927,110868129426768
5,18759,0.0,1789174133927,110868129426768
6,18759,0.0,1789174133927,110868129426768
7,18759,0.0,1789174133927,110868129426768
0,18859,0.0,1789174134027,110868131833505
1,18859,0.0,1789174134027,110868131833505
2,18859,0.0,1789174134027,110868131833505
3,18859,0.0,1789174134027,110868131833505
4,18859,0.0,1789174134027,110868131833505
5,18859,0.0,1789174134027,110868131833505
6,18859,0.0,1789174134027,110868131833505
7,18859,0.0,1789174134027,110868131833505
0,18960,0.0,1789174134128,110868134239791
1,18960,0.0,1789174134128,110868134239791
2,18960,0.0,1789174134128,110868134239791
3,18960,0.0,1789174134128,110868134239791
4,18960,0.0,1789174134128,110868134239791
5,18960,0.0,1789174134128,110868134239791
6,18960,0.0,1789174134128,110868134239791
7,18960,0.0,1789174134128,110868134239791
0,19060,0.0,1789174134228,110868136647744
1,19060,0.0,1789174134228,110868136647744
2,19060,0.0,1789174134228,110868136647744
3,19060,0.0,1789174134228,110868136647744
4,19060,0.0,1789174134228,110868136647744
5,19060,0.0,1789174134228,110868136647744
6,19060,0.0,1789174134228,110868136647744
7,19060,0.0,1789174134228,110868136647744
0,19160,0.0,1789174134328,110868139056700
1,19160,0.0,1789174134328,110868139056700
2,19160,0.0,1789174134328,110868139056700
3,19160,0.0,1789174134328,110868139056700
4,19160,0.0,1789174134328,110868139056700
5,19160,0.0,1789174134328,110868139056700
6,19160,0.0,1789174134328,110868139056700
7,19160,0.0,1789174134328,110868139056700
0,19261,0.0,1789174134429,110868141468498
1,19261,0.0,1789174134429,110868141468498
2,19261,18.2,1789174134429,110868141468498
3,19261,0.0,1789174134429,110868141468498
4,19261,22.2,1789174134429,110868141468498
5,19261,0.0,1789174134429,110868141468498
6,19261,20.0,1789174134429,110868141468498
7,19261,0.0,1789174134429,110868141468498
0,19361,0.0,1789174134529,110868143880060
1,19361,0.0,1789174134529,110868143880060
2,19361,0.0,1789174134529,110868143880060
3,19361,0.0,1789174134529,110868143880060
4,19361,40.0,1789174134529,110868143880060
5,19361,0.0,1789174134529,110868143880060
6,19361,30.0,1789174134529,110868143880060
7,19361,0.0,1789174134529,110868143880060
0,19462,0.0,1789174134630,110868146293608
1,19462,18.2,1789174134630,110868146293608
2,19462,0.0,1789174134630,110868146293608
3,19462,10.0,1789174134630,110868146293608
4,19462,10.0,1789174134630,110868146293608
5,19462,18.2,1789174134630,110868146293608
6,19462,0.0,1789174134630,110868146293608
7,19462,18.2,1789174134630,110868146293608
0,19563,27.3,1789174134731,110868148706695
1,19563,10.0,1789174134731,110868148706695
2,19563,9.1,1789174134731,110868148706695
3,19563,27.3,1789174134731,110868148706695
4,19563,20.0,1789174134731,110868148706695
5,19563,0.0,1789174134731,110868148706695
6,19563,18.2,1789174134731,110868148706695
7,19563,0.0,1789174134731,110868148706695
0,19663,33.3,1789174134831,110868151120092
1,19663,0.0,1789174134831,110868151120092
2,19663,0.0,1789174134831,110868151120092
3,19663,10.0,1789174134831,110868151120092
4,19663,0.0,1789174134831,110868151120092
5,19663,0.0,1789174134831,110868151120092
6,19663,0.0,1789174134831,110868151120092
7,19663,0.0,1789174134831,110868151120092
0,19764,18.2,1789174134932,110868153531112
1,19764,0.0,1789174134932,110868153531112
2,19764,0.0,1789174134932,110868153531112
3,19764,50.0,1789174134932,110868153531112
4,19764,0.0,1789174134932,110868153531112
5,19764,0.0,1789174134932,110868153531112
6,19764,0.0,1789174134932,110868153531112
7,19764,0.0,1789174134932,110868153531112
0,19864,9.1,1789174135032,110868155944082
1,19864,20.0,1789174135032,110868155944082
2,19864,0.0,1789174135032,110868155944082
3,19864,0.0,1789174135032,110868155944082
4,19864,10.0,1789174135032,110868155944082
5,19864,18.2,1789174135032,110868155944082
6,19864,0.0,1789174135032,110868155944082
7,19864,10.0,1789174135032,110868155944082
0,19965,12.5,1789174135133,110868158360308
1,19965,0.0,1789174135133,110868158360308
2,19965,22.2,1789174135133,110868158360308
3,19965,0.0,1789174135133,110868158360308
4,19965,20.0,1789174135133,110868158360308
5,19965,0.0,1789174135133,110868158360308
6,19965,0.0,1789174135133,110868158360308
7,19965,0.0,1789174135133,110868158360308
0,20065,0.0,1789174135233,110868160773917
1,20065,0.0,1789174135233,110868160773917
2,20065,28.6,1789174135233,110868160773917
3,20065,0.0,1789174135233,110868160773917
4,20065,14.3,1789174135233,110868160773917
5,20065,50.0,1789174135233,110868160773917
6,20065,0.0,1789174135233,110868160773917
7,20065,0.0,1789174135233,110868160773917
0,20166,20.0,1789174135334,110868163187094
1,20166,0.0,1789174135334,110868163187094
2,20166,44.4,1789174135334,110868163187094
3,20166,0.0,1789174135334,110868163187094
4,20166,0.0,1789174135334,110868163187094
5,20166,50.0,1789174135334,110868163187094
6,20166,0.0,1789174135334,110868163187094
7,20166,0.0,1789174135334,110868163187094
0,20266,0.0,1789174135434,110868165600277
1,20266,41.7,1789174135434,110868165600277
2,20266,25.0,1789174135434,110868165600277
3,20266,11.1,1789174135434,110868165600277
4,20266,0.0,1789174135434,110868165600277
5,20266,22.2,1789174135434,110868165600277
6,20266,0.0,1789174135434,110868165600277
7,20266,0.0,1789174135434,110868165600277
0,20367,0.0,1789174135535,110868168014344
1,20367,33.3,1789174135535,110868168014344
2,20367,50.0,1789174135535,110868168014344
3,20367,10.0,1789174135535,110868168014344
4,20367,0.0,1789174135535,110868168014344
5,20367,40.0,1789174135535,110868168014344
6,20367,0.0,1789174135535,110868168014344
7,20367,0.0,1789174135535,110868168014344
0,20468,11.1,1789174135636,110868170427367
1,20468,25.0,1789174135636,110868170427367
2,20468,33.3,1789174135636,110868170427367
3,20468,11.1,1789174135636,110868170427367
4,20468,0.0,1789174135636,110868170427367
5,20468,25.0,1789174135636,110868170427367
6,20468,0.0,1789174135636,110868170427367
7,20468,10.0,1789174135636,110868170427367
0,20568,22.2,1789174135736,110868172840215
1,20568,33.3,1789174135736,110868172840215
2,20568,28.6,1789174135736,110868172840215
3,20568,0.0,1789174135736,110868172840215
4,20568,0.0,1789174135736,110868172840215
5,20568,33.3,1789174135736,110868172840215
6,20568,0.0,1789174135736,110868172840215
7,20568,0.0,1789174135736,110868172840215
0,20669,0.0,1789174135837,110868175253949
1,20669,30.0,1789174135837,110868175253949
2,20669,33.3,1789174135837,110868175253949
3,20669,0.0,1789174135837,110868175253949
4,20669,0.0,1789174135837,110868175253949
5,20669,25.0,1789174135837,110868175253949
6,20669,0.0,1789174135837,110868175253949
7,20669,10.0,1789174135837,110868175253949
0,20769,0.0,1789174135937,110868177668213
1,20769,25.0,1789174135937,110868177668213
2,20769,50.0,1789174135937,110868177668213
3,20769,9.1,1789174135937,110868177668213
4,20769,9.1,1789174135937,110868177668213
5,20769,33.3,1789174135937,110868177668213
6,20769,0.0,1789174135937,110868177668213
7,20769,0.0,1789174135937,110868177668213
0,20870,0.0,1789174136038,110868180081775
1,20870,25.0,1789174136038,110868180081775
2,20870,37.5,1789174136038,110868180081775
3,20870,0.0,1789174136038,110868180081775
4,20870,0.0,1789174136038,110868180081775
5,20870,0.0,1789174136038,110868180081775
6,20870,0.0,1789174136038,110868180081775
7,20870,37.5,1789174136038,110868180081775
0,20970,0.0,1789174136138,110868182495233
1,20970,54.5,1789174136138,110868182495233
2,20970,37.5,1789174136138,110868182495233
3,20970,0.0,1789174136138,110868182495233
4,20970,0.0,1789174136138,110868182495233
5,20970,0.0,1789174136138,110868182495233
6,20970,0.0,1789174136138,110868182495233
7,20970,37.5,1789174136138,110868182495233
0,21071,10.0,1789174136239,110868184909730
1,21071,30.0,1789174136239,110868184909730
2,21071,50.0,1789174136239,110868184909730
3,21071,0.0,1789174136239,110868184909730
4,21071,0.0,1789174136239,110868184909730
5,21071,0.0,1789174136239,110868184909730
6,21071,0.0,1789174136239,110868184909730
7,21071,33.3,1789174136239,110868184909730
0,21172,12.5,1789174136340,110868187324168
1,21172,33.3,1789174136340,110868187324168
2,21172,44.4,1789174136340,110868187324168
3,21172,0.0,1789174136340,110868187324168
4,21172,0.0,1789174136340,110868187324168
5,21172,10.0,1789174136340,110868187324168
6,21172,0.0,1789174136340,110868187324168
7,21172,44.4,1789174136340,110868187324168
0,21272,11.1,1789174136440,110868189738291
1,21272,50.0,1789174136440,110868189738291
2,21272,44.4,1789174136440,110868189738291
3,21272,0.0,1789174136440,110868189738291
4,21272,0.0,1789174136440,110868189738291
5,21272,0.0,1789174136440,110868189738291
6,21272,9.1,1789174136440,110868189738291
7,21272,37.5,1789174136440,110868189738291
0,21373,25.0,1789174136541,110868192150972
1,21373,20.0,1789174136541,110868192150972
2,21373,10.0,1789174136541,110868192150972
3,21373,10.0,1789174136541,110868192150972
4,21373,10.0,1789174136541,110868192150972
5,21373,0.0,1789174136541,110868192150972
6,21373,10.0,1789174136541,110868192150972
7,21373,20.0,1789174136541,110868192150972
0,21473,10.0,1789174136641,110868194563478
1,21473,0.0,1789174136641,110868194563478
2,21473,0.0,1789174136641,110868194563478
3,21473,0.0,1789174136641,110868194563478
4,21473,0.0,1789174136641,110868194563478
5,21473,0.0,1789174136641,110868194563478
6,21473,0.0,1789174136641,110868194563478
7,21473,40.0,1789174136641,110868194563478
0,21574,40.0,1789174136742,110868196975750
1,21574,10.0,1789174136742,110868196975750
2,21574,0.0,1789174136742,110868196975750
3,21574,0.0,1789174136742,110868196975750
4,21574,0.0,1789174136742,110868196975750
5,21574,0.0,1789174136742,110868196975750
6,21574,10.0,1789174136742,110868196975750
7,21574,10.0,1789174136742,110868196975750
0,21674,9.1,1789174136842,110868199390970
1,21674,10.0,1789174136842,110868199390970
2,21674,10.0,1789174136842,110868199390970
3,21674,0.0,1789174136842,110868199390970
4,21674,0.0,1789174136842,110868199390970
5,21674,18.2,1789174136842,110868199390970
6,21674,0.0,1789174136842,110868199390970
7,21674,10.0,1789174136842,110868199390970
0,21775,50.0,1789174136943,110868201814779
1,21775,33.3,1789174136943,110868201814779
2,21775,50.0,1789174136943,110868201814779
3,21775,41.7,1789174136943,110868201814779
4,21775,63.6,1789174136943,110868201814779
5,21775,40.0,1789174136943,110868201814779
6,21775,33.3,1789174136943,110868201814779
7,21775,40.0,1789174136943,110868201814779
0,21876,66.7,1789174137044,110868204234762
1,21876,63.6,1789174137044,110868204234762
2,21876,75.0,1789174137044,110868204234762
3,21876,44.4,1789174137044,110868204234762
4,21876,60.0,1789174137044,110868204234762
5,21876,60.0,1789174137044,110868204234762
6,21876,70.0,1789174137044,110868204234762
7,21876,54.5,1789174137044,110868204234762
0,21977,80.0,1789174137145,110868206648446
1,21977,55.6,1789174137145,110868206648446
2,21977,55.6,1789174137145,110868206648446
3,21977,44.4,1789174137145,110868206648446
4,21977,80.0,1789174137145,110868206648446
5,21977,44.4,1789174137145,110868206648446
6,21977,75.0,1789174137145,110868206648446
7,21977,60.0,1789174137145,110868206648446
0,22079,70.0,1789174137247,110868209095196
1,22079,50.0,1789174137247,110868209095196
2,22079,72.7,1789174137247,110868209095196
3,22079,60.0,1789174137247,110868209095196
4,22079,70.0,1789174137247,110868209095196
5,22079,55.6,1789174137247,110868209095196
6,22079,70.0,1789174137247,110868209095196
7,22079,40.0,1789174137247,110868209095196
0,22179,72.7,1789174137347,110868211509504
1,22179,55.6,1789174137347,110868211509504
2,22179,75.0,1789174137347,110868211509504
3,22179,44.4,1789174137347,110868211509504
4,22179,70.0,1789174137347,110868211509504
5,22179,55.6,1789174137347,110868211509504
6,22179,72.7,1789174137347,110868211509504
7,22179,50.0,1789174137347,110868211509504
0,22280,45.5,1789174137448,110868213922188
1,22280,66.7,1789174137448,110868213922188
2,22280,33.3,1789174137448,110868213922188
3,22280,30.0,1789174137448,110868213922188
4,22280,44.4,1789174137448,110868213922188
5,22280,20.0,1789174137448,110868213922188
6,22280,33.3,1789174137448,110868213922188
7,22280,20.0,1789174137448,110868213922188
0,22380,11.1,1789174137548,110868216336296
1,22380,9.1,1789174137548,110868216336296
2,22380,9.1,1789174137548,110868216336296
3,22380,0.0,1789174137548,110868216336296
4,22380,10.0,1789174137548,110868216336296
5,22380,10.0,1789174137548,110868216336296
6,22380,10.0,1789174137548,110868216336296
7,22380,33.3,1789174137548,110868216336296
0,22481,40.0,1789174137649,110868218747792
1,22481,0.0,1789174137649,110868218747792
2,22481,0.0,1789174137649,110868218747792
3,22481,0.0,1789174137649,110868218747792
4,22481,0.0,1789174137649,110868218747792
5,22481,0.0,1789174137649,110868218747792
6,22481,0.0,1789174137649,110868218747792
7,22481,30.0,1789174137649,110868218747792
0,22581,0.0,1789174137749,110868221160276
1,22581,11.1,1789174137749,110868221160276
2,22581,0.0,1789174137749,110868221160276
3,22581,10.0,1789174137749,110868221160276
4,22581,10.0,1789174137749,110868221160276
5,22581,0.0,1789174137749,110868221160276
6,22581,18.2,1789174137749,110868221160276
7,22581,18.2,1789174137749,110868221160276
0,22682,0.0,1789174137850,110868223573638
1,22682,0.0,1789174137850,110868223573638
2,22682,10.0,1789174137850,110868223573638
3,22682,10.0,1789174137850,110868223573638
4,22682,10.0,1789174137850,110868223573638
5,22682,0.0,1789174137850,110868223573638
6,22682,0.0,1789174137850,110868223573638
7,22682,0.0,1789174137850,110868223573638
0,22783,0.0,1789174137951,110868225986605
1,22783,0.0,1789174137951,110868225986605
2,22783,20.0,1789174137951,110868225986605
3,22783,18.2,1789174137951,110868225986605
4,22783,9.1,1789174137951,110868225986605
5,22783,0.0,1789174137951,110868225986605
6,22783,0.0,1789174137951,110868225986605
7,22783,0.0,1789174137951,110868225986605
0,22883,10.0,1789174138051,110868228400238
1,22883,10.0,1789174138051,110868228400238
2,22883,10.0,1789174138051,110868228400238
3,22883,0.0,1789174138051,110868228400238
4,22883,11.1,1789174138051,110868228400238
5,22883,10.0,1789174138051,110868228400238
6,22883,10.0,1789174138051,110868228400238
7,22883,36.4,1789174138051,110868228400238
0,22984,45.5,1789174138152,110868230812264
1,22984,0.0,1789174138152,110868230812264
2,22984,9.1,1789174138152,110868230812264
3,22984,0.0,1789174138152,110868230812264
4,22984,0.0,1789174138152,110868230812264
5,22984,0.0,1789174138152,110868230812264
6,22984,0.0,1789174138152,110868230812264
7,22984,0.0,1789174138152,110868230812264
0,23084,0.0,1789174138252,110868233223900
1,23084,18.2,1789174138252,110868233223900
2,23084,0.0,1789174138252,110868233223900
3,23084,0.0,1789174138252,110868233223900
4,23084,0.0,1789174138252,110868233223900
5,23084,10.0,1789174138252,110868233223900
6,23084,0.0,1789174138252,110868233223900
7,23084,40.0,1789174138252,110868233223900
0,23185,0.0,1789174138353,110868235636505
1,23185,0.0,1789174138353,110868235636505
2,23185,9.1,1789174138353,110868235636505
3,23185,0.0,1789174138353,110868235636505
4,23185,10.0,1789174138353,110868235636505
5,23185,0.0,1789174138353,110868235636505
6,23185,9.1,1789174138353,110868235636505
7,23185,9.1,1789174138353,110868235636505
0,23285,11.1,1789174138453,110868238049557
1,23285,10.0,1789174138453,110868238049557
2,23285,0.0,1789174138453,110868238049557
3,23285,0.0,1789174138453,110868238049557
4,23285,10.0,1789174138453,110868238049557
5,23285,18.2,1789174138453,110868238049557
6,23285,10.0,1789174138453,110868238049557
7,23285,0.0,1789174138453,110868238049557
0,23386,0.0,1789174138554,110868240458735
1,23386,0.0,1789174138554,110868240458735
2,23386,0.0,1789174138554,110868240458735
3,23386,0.0,1789174138554,110868240458735
4,23386,0.0,1789174138554,110868240458735
5,23386,0.0,1789174138554,110868240458735
6,23386,0.0,1789174138554,110868240458735
7,23386,0.0,1789174138554,110868240458735
0,23486,0.0,1789174138654,110868242866575
1,23486,0.0,1789174138654,110868242866575
2,23486,0.0,1789174138654,110868242866575
3,23486,0.0,1789174138654,110868242866575
4,23486,0.0,1789174138654,110868242866575
5,23486,0.0,1789174138654,110868242866575
6,23486,0.0,1789174138654,110868242866575
7,23486,0.0,1789174138654,110868242866575
0,23586,0.0,1789174138754,110868245274885
1,23586,0.0,1789174138754,110868245274885
2,23586,0.0,1789174138754,110868245274885
3,23586,0.0,1789174138754,110868245274885
4,23586,0.0,1789174138754,110868245274885
5,23586,0.0,1789174138754,110868245274885
6,23586,0.0,1789174138754,110868245274885
7,23586,0.0,1789174138754,110868245274885
0,23687,0.0,1789174138855,110868247685106
1,23687,0.0,1789174138855,110868247685106
2,23687,0.0,1789174138855,110868247685106
3,23687,0.0,1789174138855,110868247685106
4,23687,0.0,1789174138855,110868247685106
5,23687,0.0,1789174138855,110868247685106
6,23687,0.0,1789174138855,110868247685106
7,23687,0.0,1789174138855,110868247685106
0,23787,0.0,1789174138955,110868250095756
1,23787,0.0,1789174138955,110868250095756
2,23787,0.0,1789174138955,110868250095756
3,23787,0.0,1789174138955,110868250095756
4,23787,0.0,1789174138955,110868250095756
5,23787,0.0,1789174138955,110868250095756
6,23787,0.0,1789174138955,110868250095756
7,23787,0.0,1789174138955,110868250095756
0,23888,0.0,1789174139056,110868252505395
1,23888,0.0,1789174139056,110868252505395
2,23888,0.0,1789174139056,110868252505395
3,23888,0.0,1789174139056,110868252505395
4,23888,0.0,1789174139056,110868252505395
5,23888,0.0,1789174139056,110868252505395
6,23888,0.0,1789174139056,110868252505395
7,23888,0.0,1789174139056,110868252505395
0,23988,0.0,1789174139156,110868254913376
1,23988,0.0,1789174139156,110868254913376
2,23988,0.0,1789174139156,110868254913376
3,23988,0.0,1789174139156,110868254913376
4,23988,0.0,1789174139156,110868254913376
5,23988,0.0,1789174139156,110868254913376
6,23988,0.0,1789174139156,110868254913376
7,23988,0.0,1789174139156,110868254913376
0,24088,0.0,1789174139256,110868257320007
1,24088,0.0,1789174139256,110868257320007
2,24088,0.0,1789174139256,110868257320007
3,24088,0.0,1789174139256,110868257320007
4,24088,0.0,1789174139256,110868257320007
5,24088,0.0,1789174139256,110868257320007
6,24088,0.0,1789174139256,110868257320007
7,24088,0.0,1789174139256,110868257320007
0,24188,0.0,1789174139356,110868259726457
1,24188,0.0,1789174139356,110868259726457
2,24188,0.0,1789174139356,110868259726457
3,24188,0.0,1789174139356,110868259726457
4,24188,0.0,1789174139356,110868259726457
5,24188,0.0,1789174139356,110868259726457
6,24188,0.0,1789174139356,110868259726457
7,24188,0.0,1789174139356,110868259726457
0,24289,0.0,1789174139457,110868262132748
1,24289,0.0,1789174139457,110868262132748
2,24289,0.0,1789174139457,110868262132748
3,24289,0.0,1789174139457,110868262132748
4,24289,0.0,1789174139457,110868262132748
5,24289,0.0,1789174139457,110868262132748
6,24289,0.0,1789174139457,110868262132748
7,24289,0.0,1789174139457,110868262132748
0,24389,0.0,1789174139557,110868264540529
1,24389,0.0,1789174139557,110868264540529
2,24389,0.0,1789174139557,110868264540529
3,24389,0.0,1789174139557,110868264540529
4,24389,0.0,1789174139557,110868264540529
5,24389,0.0,1789174139557,110868264540529
6,24389,0.0,1789174139557,110868264540529
7,24389,0.0,1789174139557,110868264540529
0,24489,0.0,1789174139657,110868266947632
1,24489,0.0,1789174139657,110868266947632
2,24489,0.0,1789174139657,110868266947632
3,24489,0.0,1789174139657,110868266947632
4,24489,0.0,1789174139657,110868266947632
5,24489,0.0,1789174139657,110868266947632
6,24489,0.0,1789174139657,110868266947632
7,24489,0.0,1789174139657,110868266947632
0,24590,0.0,1789174139758,110868269354279
1,24590,0.0,1789174139758,110868269354279
2,24590,0.0,1789174139758,110868269354279
3,24590,0.0,1789174139758,110868269354279
4,24590,0.0,1789174139758,110868269354279
5,24590,0.0,1789174139758,110868269354279
6,24590,0.0,1789174139758,110868269354279
7,24590,0.0,1789174139758,110868269354279
0,24690,0.0,1789174139858,110868271764032
1,24690,0.0,1789174139858,110868271764032
2,24690,9.1,1789174139858,110868271764032
3,24690,0.0,1789174139858,110868271764032
4,24690,0.0,1789174139858,110868271764032
5,24690,0.0,1789174139858,110868271764032
6,24690,9.1,1789174139858,110868271764032
7,24690,0.0,1789174139858,110868271764032
0,24790,9.1,1789174139958,110868274174828
1,24790,0.0,1789174139958,110868274174828
2,24790,0.0,1789174139958,110868274174828
3,24790,0.0,1789174139958,110868274174828
4,24790,0.0,1789174139958,110868274174828
5,24790,0.0,1789174139958,110868274174828
6,24790,0.0,1789174139958,110868274174828
7,24790,0.0,1789174139958,110868274174828
0,24891,0.0,1789174140059,110868276587166
1,24891,0.0,1789174140059,110868276587166
2,24891,0.0,1789174140059,110868276587166
3,24891,10.0,1789174140059,110868276587166
4,24891,0.0,1789174140059,110868276587166
5,24891,0.0,1789174140059,110868276587166
6,24891,10.0,1789174140059,110868276587166
7,24891,0.0,1789174140059,110868276587166
0,24991,0.0,1789174140159,110868278995366
1,24991,0.0,1789174140159,110868278995366
2,24991,0.0,1789174140159,110868278995366
3,24991,0.0,1789174140159,110868278995366
4,24991,0.0,1789174140159,110868278995366
5,24991,9.1,1789174140159,110868278995366
6,24991,0.0,1789174140159,110868278995366
7,24991,0.0,1789174140159,110868278995366
0,25092,0.0,1789174140260,110868281402662
1,25092,0.0,1789174140260,110868281402662
2,25092,0.0,1789174140260,110868281402662
3,25092,0.0,1789174140260,110868281402662
4,25092,0.0,1789174140260,110868281402662
5,25092,0.0,1789174140260,110868281402662
6,25092,0.0,1789174140260,110868281402662
7,25092,0.0,1789174140260,110868281402662
0,25192,0.0,1789174140360,110868283809508
1,25192,0.0,1789174140360,110868283809508
2,25192,0.0,1789174140360,110868283809508
3,25192,0.0,1789174140360,110868283809508
4,25192,0.0,1789174140360,110868283809508
5,25192,0.0,1789174140360,110868283809508
6,25192,0.0,1789174140360,110868283809508
7,25192,0.0,1789174140360,110868283809508
0,25292,0.0,1789174140460,110868286221233
1,25292,0.0,1789174140460,110868286221233
2,25292,0.0,1789174140460,110868286221233
3,25292,0.0,1789174140460,110868286221233
4,25292,10.0,1789174140460,110868286221233
5,25292,0.0,1789174140460,110868286221233
6,25292,0.0,1789174140460,110868286221233
7,25292,0.0,1789174140460,110868286221233
0,25393,0.0,1789174140561,110868288633605
1,25393,0.0,1789174140561,110868288633605
2,25393,0.0,1789174140561,110868288633605
3,25393,0.0,1789174140561,110868288633605
4,25393,0.0,1789174140561,110868288633605
5,25393,0.0,1789174140561,110868288633605
6,25393,20.0,1789174140561,110868288633605
7,25393,40.0,1789174140561,110868288633605
0,25493,0.0,1789174140661,110868291046665
1,25493,0.0,1789174140661,110868291046665
2,25493,0.0,1789174140661,110868291046665
3,25493,0.0,1789174140661,110868291046665
4,25493,0.0,1789174140661,110868291046665
5,25493,0.0,1789174140661,110868291046665
6,25493,45.5,1789174140661,110868291046665
7,25493,10.0,1789174140661,110868291046665
0,25594,0.0,1789174140762,110868293459645
1,25594,11.1,1789174140762,110868293459645
2,25594,0.0,1789174140762,110868293459645
3,25594,0.0,1789174140762,110868293459645
4,25594,0.0,1789174140762,110868293459645
5,25594,10.0,1789174140762,110868293459645
6,25594,11.1,1789174140762,110868293459645
7,25594,0.0,1789174140762,110868293459645
0,25695,0.0,1789174140863,110868295872573
1,25695,10.0,1789174140863,110868295872573
2,25695,10.0,1789174140863,110868295872573
3,25695,0.0,1789174140863,110868295872573
4,25695,18.2,1789174140863,110868295872573
5,25695,0.0,1789174140863,110868295872573
6,25695,0.0,1789174140863,110868295872573
7,25695,0.0,1789174140863,110868295872573
0,25795,0.0,1789174140963,110868298287139
1,25795,18.2,1789174140963,110868298287139
2,25795,10.0,1789174140963,110868298287139
3,25795,0.0,1789174140963,110868298287139
4,25795,10.0,1789174140963,110868298287139
5,25795,10.0,1789174140963,110868298287139
6,25795,18.2,1789174140963,110868298287139
7,25795,0.0,1789174140963,110868298287139
0,25896,0.0,1789174141064,110868300697302
1,25896,0.0,1789174141064,110868300697302
2,25896,0.0,1789174141064,110868300697302
3,25896,0.0,1789174141064,110868300697302
4,25896,0.0,1789174141064,110868300697302
5,25896,0.0,1789174141064,110868300697302
6,25896,0.0,1789174141064,110868300697302
7,25896,0.0,1789174141064,110868300697302
0,25996,0.0,1789174141164,110868303106836
1,25996,0.0,1789174141164,110868303106836
2,25996,0.0,1789174141164,110868303106836
3,25996,0.0,1789174141164,110868303106836
4,25996,9.1,1789174141164,110868303106836
5,25996,0.0,1789174141164,110868303106836
6,25996,0.0,1789174141164,110868303106836
7,25996,0.0,1789174141164,110868303106836
0,26096,0.0,1789174141264,110868305514207
1,26096,0.0,1789174141264,110868305514207
2,26096,0.0,1789174141264,110868305514207
3,26096,0.0,1789174141264,110868305514207
4,26096,0.0,1789174141264,110868305514207
5,26096,0.0,1789174141264,110868305514207
6,26096,0.0,1789174141264,110868305514207
7,26096,0.0,1789174141264,110868305514207
0,26197,0.0,1789174141365,110868307920992
1,26197,0.0,1789174141365,110868307920992
2,26197,0.0,1789174141365,110868307920992
3,26197,0.0,1789174141365,110868307920992
4,26197,0.0,1789174141365,110868307920992
5,26197,0.0,1789174141365,110868307920992
6,26197,0.0,1789174141365,110868307920992
7,26197,0.0,1789174141365,110868307920992
0,26297,0.0,1789174141465,110868310327701
1,26297,0.0,1789174141465,110868310327701
2,26297,0.0,1789174141465,110868310327701
3,26297,0.0,1789174141465,110868310327701
4,26297,0.0,1789174141465,110868310327701
5,26297,0.0,1789174141465,110868310327701
6,26297,0.0,1789174141465,110868310327701
7,26297,0.0,1789174141465,110868310327701
0,26397,0.0,1789174141565,110868312734113
1,26397,0.0,1789174141565,110868312734113
2,26397,0.0,1789174141565,110868312734113
3,26397,0.0,1789174141565,110868312734113
4,26397,0.0,1789174141565,110868312734113
5,26397,0.0,1789174141565,110868312734113
6,26397,0.0,1789174141565,110868312734113
7,26397,0.0,1789174141565,110868312734113
0,26497,0.0,1789174141665,110868315141353
1,26497,0.0,1789174141665,110868315141353
2,26497,0.0,1789174141665,110868315141353
3,26497,0.0,1789174141665,110868315141353
4,26497,0.0,1789174141665,110868315141353
5,26497,0.0,1789174141665,110868315141353
6,26497,0.0,1789174141665,110868315141353
7,26497,0.0,1789174141665,110868315141353
0,26598,0.0,1789174141766,110868317548172
1,26598,0.0,1789174141766,110868317548172
2,26598,0.0,1789174141766,110868317548172
3,26598,0.0,1789174141766,110868317548172
4,26598,0.0,1789174141766,110868317548172
5,26598,0.0,1789174141766,110868317548172
6,26598,0.0,1789174141766,110868317548172
7,26598,0.0,1789174141766,110868317548172
0,26698,9.1,1789174141866,110868319958576
1,26698,0.0,1789174141866,110868319958576
2,26698,0.0,1789174141866,110868319958576
3,26698,9.1,1789174141866,110868319958576
4,26698,0.0,1789174141866,110868319958576
5,26698,0.0,1789174141866,110868319958576
6,26698,0.0,1789174141866,110868319958576
7,26698,0.0,1789174141866,110868319958576
0,26798,0.0,1789174141966,110868322367734
1,26798,0.0,1789174141966,110868322367734
2,26798,0.0,1789174141966,110868322367734
3,26798,0.0,1789174141966,110868322367734
4,26798,0.0,1789174141966,110868322367734
5,26798,0.0,1789174141966,110868322367734
6,26798,0.0,1789174141966,110868322367734
7,26798,0.0,1789174141966,110868322367734
0,26899,0.0,1789174142067,110868324775754
1,26899,0.0,1789174142067,110868324775754
2,26899,0.0,1789174142067,110868324775754
3,26899,0.0,1789174142067,110868324775754
4,26899,0.0,1789174142067,110868324775754
5,26899,0.0,1789174142067,110868324775754
6,26899,0.0,1789174142067,110868324775754
7,26899,0.0,1789174142067,110868324775754
0,26999,0.0,1789174142167,110868327184013
1,26999,0.0,1789174142167,110868327184013
2,26999,9.1,1789174142167,110868327184013
3,26999,0.0,1789174142167,110868327184013
4,26999,0.0,1789174142167,110868327184013
5,26999,9.1,1789174142167,110868327184013
6,26999,0.0,1789174142167,110868327184013
7,26999,0.0,1789174142167,110868327184013
0,27099,0.0,1789174142267,110868329590604
1,27099,0.0,1789174142267,110868329590604
2,27099,0.0,1789174142267,110868329590604
3,27099,0.0,1789174142267,110868329590604
4,27099,0.0,1789174142267,110868329590604
5,27099,0.0,1789174142267,110868329590604
6,27099,0.0,1789174142267,110868329590604
7,27099,0.0,1789174142267,110868329590604
0,27200,0.0,1789174142368,110868331998811
1,27200,0.0,1789174142368,110868331998811
2,27200,0.0,1789174142368,110868331998811
3,27200,0.0,1789174142368,110868331998811
4,27200,0.0,1789174142368,110868331998811
5,27200,0.0,1789174142368,110868331998811
6,27200,0.0,1789174142368,110868331998811
7,27200,0.0,1789174142368,110868331998811
0,27300,0.0,1789174142468,110868334407391
1,27300,0.0,1789174142468,110868334407391
2,27300,0.0,1789174142468,110868334407391
3,27300,0.0,1789174142468,110868334407391
4,27300,0.0,1789174142468,110868334407391
5,27300,0.0,1789174142468,110868334407391
6,27300,0.0,1789174142468,110868334407391
7,27300,0.0,1789174142468,110868334407391
0,27400,0.0,1789174142568,110868336815183
1,27400,0.0,1789174142568,110868336815183
2,27400,0.0,1789174142568,110868336815183
3,27400,0.0,1789174142568,110868336815183
4,27400,0.0,1789174142568,110868336815183
5,27400,0.0,1789174142568,110868336815183
6,27400,0.0,1789174142568,110868336815183
7,27400,0.0,1789174142568,110868336815183
0,27501,0.0,1789174142669,110868339222396
1,27501,0.0,1789174142669,110868339222396
2,27501,0.0,1789174142669,110868339222396
3,27501,0.0,1789174142669,110868339222396
4,27501,0.0,1789174142669,110868339222396
5,27501,0.0,1789174142669,110868339222396
6,27501,0.0,1789174142669,110868339222396
7,27501,0.0,1789174142669,110868339222396
0,27601,0.0,1789174142769,110868341629162
1,27601,0.0,1789174142769,110868341629162
2,27601,0.0,1789174142769,110868341629162
3,27601,0.0,1789174142769,110868341629162
4,27601,0.0,1789174142769,110868341629162
5,27601,0.0,1789174142769,110868341629162
6,27601,0.0,1789174142769,110868341629162
7,27601,0.0,1789174142769,110868341629162
0,27701,0.0,1789174142869,110868344036000
1,27701,0.0,1789174142869,110868344036000
2,27701,0.0,1789174142869,110868344036000
3,27701,0.0,1789174142869,110868344036000
4,27701,0.0,1789174142869,110868344036000
5,27701,0.0,1789174142869,110868344036000
6,27701,0.0,1789174142869,110868344036000
7,27701,0.0,1789174142869,110868344036000
0,27802,0.0,1789174142970,110868346446693
1,27802,0.0,1789174142970,110868346446693
2,27802,0.0,1789174142970,110868346446693
3,27802,0.0,1789174142970,110868346446693
4,27802,11.1,1789174142970,110868346446693
5,27802,0.0,1789174142970,110868346446693
6,27802,30.0,1789174142970,110868346446693
7,27802,0.0,1789174142970,110868346446693
0,27902,0.0,1789174143070,110868348858407
1,27902,0.0,1789174143070,110868348858407
2,27902,0.0,1789174143070,110868348858407
3,27902,0.0,1789174143070,110868348858407
4,27902,0.0,1789174143070,110868348858407
5,27902,0.0,1789174143070,110868348858407
6,27902,10.0,1789174143070,110868348858407
7,27902,40.0,1789174143070,110868348858407
0,28003,0.0,1789174143171,110868351270126
1,28003,10.0,1789174143171,110868351270126
2,28003,0.0,1789174143171,110868351270126
3,28003,0.0,1789174143171,110868351270126
4,28003,0.0,1789174143171,110868351270126
5,28003,0.0,1789174143171,110868351270126
6,28003,33.3,1789174143171,110868351270126
7,28003,16.7,1789174143171,110868351270126
0,28103,0.0,1789174143271,110868353681950
1,28103,0.0,1789174143271,110868353681950
2,28103,10.0,1789174143271,110868353681950
3,28103,9.1,1789174143271,110868353681950
4,28103,0.0,1789174143271,110868353681950
5,28103,10.0,1789174143271,110868353681950
6,28103,0.0,1789174143271,110868353681950
7,28103,10.0,1789174143271,110868353681950
0,28204,20.0,1789174143372,110868356094114
1,28204,10.0,1789174143372,110868356094114
2,28204,20.0,1789174143372,110868356094114
3,28204,0.0,1789174143372,110868356094114
4,28204,9.1,1789174143372,110868356094114
5,28204,9.1,1789174143372,110868356094114
6,28204,10.0,1789174143372,110868356094114
7,28204,10.0,1789174143372,110868356094114
0,28304,0.0,1789174143472,110868358504833
1,28304,0.0,1789174143472,110868358504833
2,28304,0.0,1789174143472,110868358504833
3,28304,0.0,1789174143472,110868358504833
4,28304,0.0,1789174143472,110868358504833
5,28304,0.0,1789174143472,110868358504833
6,28304,0.0,1789174143472,110868358504833
7,28304,0.0,1789174143472,110868358504833
0,28405,0.0,1789174143573,110868360912629
1,28405,0.0,1789174143573,110868360912629
2,28405,0.0,1789174143573,110868360912629
3,28405,0.0,1789174143573,110868360912629
4,28405,0.0,1789174143573,110868360912629
5,28405,0.0,1789174143573,110868360912629
6,28405,0.0,1789174143573,110868360912629
7,28405,0.0,1789174143573,110868360912629
0,28505,0.0,1789174143673,110868363321599
1,28505,0.0,1789174143673,110868363321599
2,28505,0.0,1789174143673,110868363321599
3,28505,0.0,1789174143673,110868363321599
4,28505,9.1,1789174143673,110868363321599
5,28505,0.0,1789174143673,110868363321599
6,28505,0.0,1789174143673,110868363321599
7,28505,0.0,1789174143673,110868363321599
0,28605,0.0,1789174143773,110868365728815
1,28605,0.0,1789174143773,110868365728815
2,28605,0.0,1789174143773,110868365728815
3,28605,0.0,1789174143773,110868365728815
4,28605,0.0,1789174143773,110868365728815
5,28605,0.0,1789174143773,110868365728815
6,28605,0.0,1789174143773,110868365728815
7,28605,0.0,1789174143773,110868365728815
0,28706,0.0,1789174143874,110868368135923
1,28706,0.0,1789174143874,110868368135923
2,28706,0.0,1789174143874,110868368135923
3,28706,0.0,1789174143874,110868368135923
4,28706,0.0,1789174143874,110868368135923
5,28706,0.0,1789174143874,110868368135923
6,28706,0.0,1789174143874,110868368135923
7,28706,0.0,1789174143874,110868368135923
0,28806,0.0,1789174143974,110868370543006
1,28806,0.0,1789174143974,110868370543006
2,28806,0.0,1789174143974,110868370543006
3,28806,0.0,1789174143974,110868370543006
4,28806,0.0,1789174143974,110868370543006
5,28806,0.0,1789174143974,110868370543006
6,28806,0.0,1789174143974,110868370543006
7,28806,0.0,1789174143974,110868370543006
0,28906,0.0,1789174144074,110868372951862
1,28906,0.0,1789174144074,110868372951862
2,28906,0.0,1789174144074,110868372951862
3,28906,0.0,1789174144074,110868372951862
4,28906,0.0,1789174144074,110868372951862
5,28906,0.0,1789174144074,110868372951862
6,28906,0.0,1789174144074,110868372951862
7,28906,0.0,1789174144074,110868372951862
0,29006,0.0,1789174144174,110868375359588
1,29006,0.0,1789174144174,110868375359588
2,29006,0.0,1789174144174,110868375359588
3,29006,0.0,1789174144174,110868375359588
4,29006,0.0,1789174144174,110868375359588
5,29006,0.0,1789174144174,110868375359588
6,29006,0.0,1789174144174,110868375359588
7,29006,0.0,1789174144174,110868375359588
0,29107,0.0,1789174144275,110868377766527
1,29107,0.0,1789174144275,110868377766527
2,29107,0.0,1789174144275,110868377766527
3,29107,0.0,1789174144275,110868377766527
4,29107,0.0,1789174144275,110868377766527
5,29107,0.0,1789174144275,110868377766527
6,29107,0.0,1789174144275,110868377766527
7,29107,0.0,1789174144275,110868377766527
0,29207,0.0,1789174144375,110868380173264
1,29207,0.0,1789174144375,110868380173264
2,29207,0.0,1789174144375,110868380173264
3,29207,0.0,1789174144375,110868380173264
4,29207,0.0,1789174144375,110868380173264
5,29207,0.0,1789174144375,110868380173264
6,29207,0.0,1789174144375,110868380173264
7,29207,0.0,1789174144375,110868380173264
0,29308,0.0,1789174144476,110868382583868
1,29308,0.0,1789174144476,110868382583868
2,29308,0.0,1789174144476,110868382583868
3,29308,0.0,1789174144476,110868382583868
4,29308,0.0,1789174144476,110868382583868
5,29308,0.0,1789174144476,110868382583868
6,29308,0.0,1789174144476,110868382583868
7,29308,0.0,1789174144476,110868382583868
0,29408,0.0,1789174144576,110868384992511
1,29408,0.0,1789174144576,110868384992511
2,29408,0.0,1789174144576,110868384992511
3,29408,0.0,1789174144576,110868384992511
4,29408,0.0,1789174144576,110868384992511
5,29408,0.0,1789174144576,110868384992511
6,29408,0.0,1789174144576,110868384992511
7,29408,0.0,1789174144576,110868384992511
0,29508,0.0,1789174144676,110868387399512
1,29508,0.0,1789174144676,110868387399512
2,29508,0.0,1789174144676,110868387399512
3,29508,0.0,1789174144676,110868387399512
4,29508,0.0,1789174144676,110868387399512
5,29508,0.0,1789174144676,110868387399512
6,29508,0.0,1789174144676,110868387399512
7,29508,0.0,1789174144676,110868387399512
0,29608,0.0,1789174144776,110868389806545
1,29608,0.0,1789174144776,110868389806545
2,29608,0.0,1789174144776,110868389806545
3,29608,0.0,1789174144776,110868389806545
4,29608,0.0,1789174144776,110868389806545
5,29608,0.0,1789174144776,110868389806545
6,29608,0.0,1789174144776,110868389806545
7,29608,0.0,1789174144776,110868389806545
0,29709,9.1,1789174144877,110868392217768
1,29709,0.0,1789174144877,110868392217768
2,29709,0.0,1789174144877,110868392217768
3,29709,0.0,1789174144877,110868392217768
4,29709,0.0,1789174144877,110868392217768
5,29709,0.0,1789174144877,110868392217768
6,29709,0.0,1789174144877,110868392217768
7,29709,0.0,1789174144877,110868392217768
0,29809,0.0,1789174144977,110868394627467
1,29809,0.0,1789174144977,110868394627467
2,29809,0.0,1789174144977,110868394627467
3,29809,0.0,1789174144977,110868394627467
4,29809,0.0,1789174144977,110868394627467
5,29809,0.0,1789174144977,110868394627467
6,29809,0.0,1789174144977,110868394627467
7,29809,0.0,1789174144977,110868394627467
0,29910,0.0,1789174145078,110868397034952
1,29910,0.0,1789174145078,110868397034952
2,29910,0.0,1789174145078,110868397034952
3,29910,0.0,1789174145078,110868397034952
4,29910,0.0,1789174145078,110868397034952
5,29910,0.0,1789174145078,110868397034952
6,29910,0.0,1789174145078,110868397034952
7,29910,0.0,1789174145078,110868397034952
0,30010,0.0,1789174145178,110868399442329
1,30010,0.0,1789174145178,110868399442329
2,30010,0.0,1789174145178,110868399442329
3,30010,0.0,1789174145178,110868399442329
4,30010,0.0,1789174145178,110868399442329
5,30010,0.0,1789174145178,110868399442329
6,30010,0.0,1789174145178,110868399442329
7,30010,0.0,1789174145178,110868399442329
0,30110,0.0,1789174145278,110868401849265
1,30110,0.0,1789174145278,110868401849265
2,30110,0.0,1789174145278,110868401849265
3,30110,0.0,1789174145278,110868401849265
4,30110,0.0,1789174145278,110868401849265
5,30110,0.0,1789174145278,110868401849265
6,30110,0.0,1789174145278,110868401849265
7,30110,0.0,1789174145278,110868401849265
0,30211,0.0,1789174145379,110868404261459
1,30211,0.0,1789174145379,110868404261459
2,30211,9.1,1789174145379,110868404261459
3,30211,0.0,1789174145379,110868404261459
4,30211,0.0,1789174145379,110868404261459
5,30211,0.0,1789174145379,110868404261459
6,30211,9.1,1789174145379,110868404261459
7,30211,0.0,1789174145379,110868404261459
0,30311,0.0,1789174145479,110868406673871
1,30311,36.4,1789174145479,110868406673871
2,30311,0.0,1789174145479,110868406673871
3,30311,0.0,1789174145479,110868406673871
4,30311,10.0,1789174145479,110868406673871
5,30311,0.0,1789174145479,110868406673871
6,30311,22.2,1789174145479,110868406673871
7,30311,0.0,1789174145479,110868406673871
0,30412,0.0,1789174145580,110868409084916
1,30412,10.0,1789174145580,110868409084916
2,30412,9.1,1789174145580,110868409084916
3,30412,0.0,1789174145580,110868409084916
4,30412,0.0,1789174145580,110868409084916
5,30412,0.0,1789174145580,110868409084916
6,30412,33.3,1789174145580,110868409084916
7,30412,0.0,1789174145580,110868409084916
0,30512,0.0,1789174145680,110868411497352
1,30512,22.2,1789174145680,110868411497352
2,30512,0.0,1789174145680,110868411497352
3,30512,0.0,1789174145680,110868411497352
4,30512,10.0,1789174145680,110868411497352
5,30512,20.0,1789174145680,110868411497352
6,30512,18.2,1789174145680,110868411497352
7,30512,0.0,1789174145680,110868411497352
0,30613,0.0,1789174145781,110868413910941
1,30613,0.0,1789174145781,110868413910941
2,30613,18.2,1789174145781,110868413910941
3,30613,9.1,1789174145781,110868413910941
4,30613,0.0,1789174145781,110868413910941
5,30613,10.0,1789174145781,110868413910941
6,30613,0.0,1789174145781,110868413910941
7,30613,11.1,1789174145781,110868413910941
0,30713,9.1,1789174145881,110868416324234
1,30713,10.0,1789174145881,110868416324234
2,30713,11.1,1789174145881,110868416324234
3,30713,0.0,1789174145881,110868416324234
4,30713,0.0,1789174145881,110868416324234
5,30713,10.0,1789174145881,110868416324234
6,30713,0.0,1789174145881,110868416324234
7,30713,0.0,1789174145881,110868416324234
0,30814,0.0,1789174145982,110868418736508
1,30814,0.0,1789174145982,110868418736508
2,30814,0.0,1789174145982,110868418736508
3,30814,0.0,1789174145982,110868418736508
4,30814,0.0,1789174145982,110868418736508
5,30814,0.0,1789174145982,110868418736508
6,30814,0.0,1789174145982,110868418736508
7,30814,0.0,1789174145982,110868418736508
0,30914,0.0,1789174146082,110868421148954
1,30914,10.0,1789174146082,110868421148954
2,30914,0.0,1789174146082,110868421148954
3,30914,0.0,1789174146082,110868421148954
4,30914,0.0,1789174146082,110868421148954
5,30914,0.0,1789174146082,110868421148954
6,30914,0.0,1789174146082,110868421148954
7,30914,0.0,1789174146082,110868421148954
0,31015,0.0,1789174146183,110868423558374
1,31015,0.0,1789174146183,110868423558374
2,31015,0.0,1789174146183,110868423558374
3,31015,0.0,1789174146183,110868423558374
4,31015,9.1,1789174146183,110868423558374
5,31015,0.0,1789174146183,110868423558374
6,31015,0.0,1789174146183,110868423558374
7,31015,0.0,1789174146183,110868423558374
0,31115,0.0,1789174146283,110868425967551
1,31115,0.0,1789174146283,110868425967551
2,31115,0.0,1789174146283,110868425967551
3,31115,0.0,1789174146283,110868425967551
4,31115,0.0,1789174146283,110868425967551
5,31115,0.0,1789174146283,110868425967551
6,31115,0.0,1789174146283,110868425967551
7,31115,0.0,1789174146283,110868425967551
0,31215,0.0,1789174146383,110868428374969
1,31215,0.0,1789174146383,110868428374969
2,31215,0.0,1789174146383,110868428374969
3,31215,0.0,1789174146383,110868428374969
4,31215,0.0,1789174146383,110868428374969
5,31215,0.0,1789174146383,110868428374969
6,31215,0.0,1789174146383,110868428374969
7,31215,0.0,1789174146383,110868428374969
0,31316,0.0,1789174146484,110868430782228
1,31316,0.0,1789174146484,110868430782228
2,31316,0.0,1789174146484,110868430782228
3,31316,0.0,1789174146484,110868430782228
4,31316,0.0,1789174146484,110868430782228
5,31316,0.0,1789174146484,110868430782228
6,31316,0.0,1789174146484,110868430782228
7,31316,0.0,1789174146484,110868430782228
0,31416,0.0,1789174146584,110868433190127
1,31416,0.0,1789174146584,110868433190127
2,31416,0.0,1789174146584,110868433190127
3,31416,0.0,1789174146584,110868433190127
4,31416,0.0,1789174146584,110868433190127
5,31416,0.0,1789174146584,110868433190127
6,31416,0.0,1789174146584,110868433190127
7,31416,0.0,1789174146584,110868433190127
0,31516,0.0,1789174146684,110868435597559
1,31516,0.0,1789174146684,110868435597559
2,31516,0.0,1789174146684,110868435597559
3,31516,0.0,1789174146684,110868435597559
4,31516,0.0,1789174146684,110868435597559
5,31516,0.0,1789174146684,110868435597559
6,31516,0.0,1789174146684,110868435597559
7,31516,0.0,1789174146684,110868435597559
0,31617,0.0,1789174146785,110868438004994
1,31617,0.0,1789174146785,110868438004994
2,31617,0.0,1789174146785,110868438004994
3,31617,0.0,1789174146785,110868438004994
4,31617,0.0,1789174146785,110868438004994
5,31617,0.0,1789174146785,110868438004994
6,31617,0.0,1789174146785,110868438004994
7,31617,0.0,1789174146785,110868438004994
0,31717,0.0,1789174146885,110868440412338
1,31717,0.0,1789174146885,110868440412338
2,31717,0.0,1789174146885,110868440412338
3,31717,0.0,1789174146885,110868440412338
4,31717,0.0,1789174146885,110868440412338
5,31717,0.0,1789174146885,110868440412338
6,31717,0.0,1789174146885,110868440412338
7,31717,0.0,1789174146885,110868440412338
0,31817,0.0,1789174146985,110868442819475
1,31817,0.0,1789174146985,110868442819475
2,31817,0.0,1789174146985,110868442819475
3,31817,0.0,1789174146985,110868442819475
4,31817,0.0,1789174146985,110868442819475
5,31817,0.0,1789174146985,110868442819475
6,31817,0.0,1789174146985,110868442819475
7,31817,0.0,1789174146985,110868442819475
0,31918,0.0,1789174147086,110868445226564
1,31918,0.0,1789174147086,110868445226564
2,31918,0.0,1789174147086,110868445226564
3,31918,0.0,1789174147086,110868445226564
4,31918,0.0,1789174147086,110868445226564
5,31918,0.0,1789174147086,110868445226564
6,31918,0.0,1789174147086,110868445226564
7,31918,0.0,1789174147086,110868445226564
0,32018,0.0,1789174147186,110868447633716
1,32018,0.0,1789174147186,110868447633716
2,32018,0.0,1789174147186,110868447633716
3,32018,0.0,1789174147186,110868447633716
4,32018,0.0,1789174147186,110868447633716
5,32018,0.0,1789174147186,110868447633716
6,32018,0.0,1789174147186,110868447633716
7,32018,0.0,1789174147186,110868447633716
0,32118,0.0,1789174147286,110868450041921
1,32118,0.0,1789174147286,110868450041921
2,32118,0.0,1789174147286,110868450041921
3,32118,0.0,1789174147286,110868450041921
4,32118,0.0,1789174147286,110868450041921
5,32118,0.0,1789174147286,110868450041921
6,32118,0.0,1789174147286,110868450041921
7,32118,0.0,1789174147286,110868450041921
0,32219,0.0,1789174147387,110868452448935
1,32219,0.0,1789174147387,110868452448935
2,32219,0.0,1789174147387,110868452448935
3,32219,0.0,1789174147387,110868452448935
4,32219,0.0,1789174147387,110868452448935
5,32219,0.0,1789174147387,110868452448935
6,32219,0.0,1789174147387,110868452448935
7,32219,0.0,1789174147387,110868452448935
0,32319,0.0,1789174147487,110868454856732
1,32319,0.0,1789174147487,110868454856732
2,32319,0.0,1789174147487,110868454856732
3,32319,0.0,1789174147487,110868454856732
4,32319,0.0,1789174147487,110868454856732
5,32319,0.0,1789174147487,110868454856732
6,32319,0.0,1789174147487,110868454856732
7,32319,0.0,1789174147487,110868454856732
0,32419,0.0,1789174147587,110868457263661
1,32419,0.0,1789174147587,110868457263661
2,32419,0.0,1789174147587,110868457263661
3,32419,0.0,1789174147587,110868457263661
4,32419,0.0,1789174147587,110868457263661
5,32419,9.1,1789174147587,110868457263661
6,32419,0.0,1789174147587,110868457263661
7,32419,0.0,1789174147587,110868457263661
0,32519,0.0,1789174147687,110868459670812
1,32519,0.0,1789174147687,110868459670812
2,32519,0.0,1789174147687,110868459670812
3,32519,0.0,1789174147687,110868459670812
4,32519,0.0,1789174147687,110868459670812
5,32519,0.0,1789174147687,110868459670812
6,32519,0.0,1789174147687,110868459670812
7,32519,0.0,1789174147687,110868459670812
0,32620,0.0,1789174147788,110868462077783
1,32620,0.0,1789174147788,110868462077783
2,32620,0.0,1789174147788,110868462077783
3,32620,0.0,1789174147788,110868462077783
4,32620,0.0,1789174147788,110868462077783
5,32620,0.0,1789174147788,110868462077783
6,32620,0.0,1789174147788,110868462077783
7,32620,0.0,1789174147788,110868462077783
0,32720,0.0,1789174147888,110868464488478
1,32720,0.0,1789174147888,110868464488478
2,32720,9.1,1789174147888,110868464488478
3,32720,10.0,1789174147888,110868464488478
4,32720,0.0,1789174147888,110868464488478
5,32720,0.0,1789174147888,110868464488478
6,32720,0.0,1789174147888,110868464488478
7,32720,0.0,1789174147888,110868464488478
0,32821,0.0,1789174147989,110868466900907
1,32821,22.2,1789174147989,110868466900907
2,32821,0.0,1789174147989,110868466900907
3,32821,0.0,1789174147989,110868466900907
4,32821,11.1,1789174147989,110868466900907
5,32821,0.0,1789174147989,110868466900907
6,32821,0.0,1789174147989,110868466900907
7,32821,18.2,1789174147989,110868466900907
0,32921,0.0,1789174148089,110868469312326
1,32921,30.0,1789174148089,110868469312326
2,32921,0.0,1789174148089,110868469312326
3,32921,0.0,1789174148089,110868469312326
4,32921,0.0,1789174148089,110868469312326
5,32921,0.0,1789174148089,110868469312326
6,32921,0.0,1789174148089,110868469312326
7,32921,30.0,1789174148089,110868469312326
0,33022,0.0,1789174148190,110868471724592
1,33022,27.3,1789174148190,110868471724592
2,33022,10.0,1789174148190,110868471724592
3,33022,0.0,1789174148190,110868471724592
4,33022,18.2,1789174148190,110868471724592
5,33022,0.0,1789174148190,110868471724592
6,33022,0.0,1789174148190,110868471724592
7,33022,0.0,1789174148190,110868471724592
0,33122,0.0,1789174148290,110868474137513
1,33122,0.0,1789174148290,110868474137513
2,33122,10.0,1789174148290,110868474137513
3,33122,18.2,1789174148290,110868474137513
4,33122,0.0,1789174148290,110868474137513
5,33122,0.0,1789174148290,110868474137513
6,33122,10.0,1789174148290,110868474137513
7,33122,18.2,1789174148290,110868474137513
0,33223,10.0,1789174148391,110868476550994
1,33223,10.0,1789174148391,110868476550994
2,33223,10.0,1789174148391,110868476550994
3,33223,0.0,1789174148391,110868476550994
4,33223,11.1,1789174148391,110868476550994
5,33223,9.1,1789174148391,110868476550994
6,33223,0.0,1789174148391,110868476550994
7,33223,10.0,1789174148391,110868476550994
0,33323,0.0,1789174148491,110868478964560
1,33323,0.0,1789174148491,110868478964560
2,33323,0.0,1789174148491,110868478964560
3,33323,0.0,1789174148491,110868478964560
4,33323,0.0,1789174148491,110868478964560
5,33323,0.0,1789174148491,110868478964560
6,33323,0.0,1789174148491,110868478964560
7,33323,0.0,1789174148491,110868478964560
0,33424,0.0,1789174148592,110868481372371
1,33424,0.0,1789174148592,110868481372371
2,33424,0.0,1789174148592,110868481372371
3,33424,0.0,1789174148592,110868481372371
4,33424,0.0,1789174148592,110868481372371
5,33424,0.0,1789174148592,110868481372371
6,33424,0.0,1789174148592,110868481372371
7,33424,0.0,1789174148592,110868481372371
0,33524,0.0,1789174148692,110868483780188
1,33524,0.0,1789174148692,110868483780188
2,33524,0.0,1789174148692,110868483780188
3,33524,0.0,1789174148692,110868483780188
4,33524,0.0,1789174148692,110868483780188
5,33524,9.1,1789174148692,110868483780188
6,33524,0.0,1789174148692,110868483780188
7,33524,0.0,1789174148692,110868483780188
0,33624,0.0,1789174148792,110868486188983
1,33624,0.0,1789174148792,110868486188983
2,33624,0.0,1789174148792,110868486188983
3,33624,0.0,1789174148792,110868486188983
4,33624,0.0,1789174148792,110868486188983
5,33624,0.0,1789174148792,110868486188983
6,33624,0.0,1789174148792,110868486188983
7,33624,0.0,1789174148792,110868486188983
0,33725,0.0,1789174148893,110868488596691
1,33725,0.0,1789174148893,110868488596691
2,33725,0.0,1789174148893,110868488596691
3,33725,0.0,1789174148893,110868488596691
4,33725,0.0,1789174148893,110868488596691
5,33725,0.0,1789174148893,110868488596691
6,33725,0.0,1789174148893,110868488596691
7,33725,0.0,1789174148893,110868488596691
0,33825,0.0,1789174148993,110868491003613
1,33825,0.0,1789174148993,110868491003613
2,33825,0.0,1789174148993,110868491003613
3,33825,0.0,1789174148993,110868491003613
4,33825,0.0,1789174148993,110868491003613
5,33825,0.0,1789174148993,110868491003613
6,33825,0.0,1789174148993,110868491003613
7,33825,0.0,1789174148993,110868491003613
0,33925,0.0,1789174149093,110868493410248
1,33925,0.0,1789174149093,110868493410248
2,33925,9.1,1789174149093,110868493410248
3,33925,0.0,1789174149093,110868493410248
4,33925,0.0,1789174149093,110868493410248
5,33925,0.0,1789174149093,110868493410248
6,33925,0.0,1789174149093,110868493410248
7,33925,0.0,1789174149093,110868493410248
0,34026,0.0,1789174149194,110868495816698
1,34026,0.0,1789174149194,110868495816698
2,34026,0.0,1789174149194,110868495816698
3,34026,0.0,1789174149194,110868495816698
4,34026,0.0,1789174149194,110868495816698
5,34026,0.0,1789174149194,110868495816698
6,34026,0.0,1789174149194,110868495816698
7,34026,0.0,1789174149194,110868495816698
0,34126,0.0,1789174149294,110868498223048
1,34126,0.0,1789174149294,110868498223048
2,34126,0.0,1789174149294,110868498223048
3,34126,0.0,1789174149294,110868498223048
4,34126,0.0,1789174149294,110868498223048
5,34126,0.0,1789174149294,110868498223048
6,34126,0.0,1789174149294,110868498223048
7,34126,0.0,1789174149294,110868498223048
0,34226,0.0,1789174149394,110868500629502
1,34226,0.0,1789174149394,110868500629502
2,34226,0.0,1789174149394,110868500629502
3,34226,0.0,1789174149394,110868500629502
4,34226,0.0,1789174149394,110868500629502
5,34226,0.0,1789174149394,110868500629502
6,34226,0.0,1789174149394,110868500629502
7,34226,0.0,1789174149394,110868500629502
0,34326,0.0,1789174149494,110868503035852
1,34326,0.0,1789174149494,110868503035852
2,34326,0.0,1789174149494,110868503035852
3,34326,0.0,1789174149494,110868503035852
4,34326,0.0,1789174149494,110868503035852
5,34326,0.0,1789174149494,110868503035852
6,34326,0.0,1789174149494,110868503035852
7,34326,0.0,1789174149494,110868503035852
0,34427,0.0,1789174149595,110868505442053
1,34427,0.0,1789174149595,110868505442053
2,34427,0.0,1789174149595,110868505442053
3,34427,0.0,1789174149595,110868505442053
4,34427,0.0,1789174149595,110868505442053
5,34427,0.0,1789174149595,110868505442053
6,34427,0.0,1789174149595,110868505442053
7,34427,0.0,1789174149595,110868505442053
0,34527,0.0,1789174149695,110868507850248
1,34527,0.0,1789174149695,110868507850248
2,34527,0.0,1789174149695,110868507850248
3,34527,0.0,1789174149695,110868507850248
4,34527,0.0,1789174149695,110868507850248
5,34527,0.0,1789174149695,110868507850248
6,34527,0.0,1789174149695,110868507850248
7,34527,0.0,1789174149695,110868507850248
0,34627,0.0,1789174149795,110868510256668
1,34627,0.0,1789174149795,110868510256668
2,34627,0.0,1789174149795,110868510256668
3,34627,0.0,1789174149795,110868510256668
4,34627,0.0,1789174149795,110868510256668
5,34627,9.1,1789174149795,110868510256668
6,34627,0.0,1789174149795,110868510256668
7,34627,0.0,1789174149795,110868510256668
0,34728,0.0,1789174149896,110868512663029
1,34728,0.0,1789174149896,110868512663029
2,34728,0.0,1789174149896,110868512663029
3,34728,0.0,1789174149896,110868512663029
4,34728,0.0,1789174149896,110868512663029
5,34728,0.0,1789174149896,110868512663029
6,34728,0.0,1789174149896,110868512663029
7,34728,0.0,1789174149896,110868512663029
0,34828,0.0,1789174149996,110868515069329
1,34828,0.0,1789174149996,110868515069329
2,34828,0.0,1789174149996,110868515069329
3,34828,0.0,1789174149996,110868515069329
4,34828,0.0,1789174149996,110868515069329
5,34828,0.0,1789174149996,110868515069329
6,34828,0.0,1789174149996,110868515069329
7,34828,0.0,1789174149996,110868515069329
0,34928,0.0,1789174150096,110868517479100
1,34928,0.0,1789174150096,110868517479100
2,34928,0.0,1789174150096,110868517479100
3,34928,0.0,1789174150096,110868517479100
4,34928,0.0,1789174150096,110868517479100
5,34928,0.0,1789174150096,110868517479100
6,34928,0.0,1789174150096,110868517479100
7,34928,0.0,1789174150096,110868517479100
0,35029,0.0,1789174150197,110868519886960
1,35029,0.0,1789174150197,110868519886960
2,35029,0.0,1789174150197,110868519886960
3,35029,0.0,1789174150197,110868519886960
4,35029,0.0,1789174150197,110868519886960
5,35029,0.0,1789174150197,110868519886960
6,35029,0.0,1789174150197,110868519886960
7,35029,0.0,1789174150197,110868519886960
0,35129,0.0,1789174150297,110868522293430
1,35129,0.0,1789174150297,110868522293430
2,35129,0.0,1789174150297,110868522293430
3,35129,0.0,1789174150297,110868522293430
4,35129,0.0,1789174150297,110868522293430
5,35129,0.0,1789174150297,110868522293430
6,35129,0.0,1789174150297,110868522293430
7,35129,0.0,1789174150297,110868522293430
0,35229,0.0,1789174150397,110868524699929
1,35229,0.0,1789174150397,110868524699929
2,35229,0.0,1789174150397,110868524699929
3,35229,0.0,1789174150397,110868524699929
4,35229,0.0,1789174150397,110868524699929
5,35229,0.0,1789174150397,110868524699929
6,35229,0.0,1789174150397,110868524699929
7,35229,0.0,1789174150397,110868524699929
0,35329,0.0,1789174150497,110868527106352
1,35329,0.0,1789174150497,110868527106352
2,35329,0.0,1789174150497,110868527106352
3,35329,0.0,1789174150497,110868527106352
4,35329,0.0,1789174150497,110868527106352
5,35329,0.0,1789174150497,110868527106352
6,35329,0.0,1789174150497,110868527106352
7,35329,0.0,1789174150497,110868527106352
0,35430,0.0,1789174150598,110868529512902
1,35430,0.0,1789174150598,110868529512902
2,35430,0.0,1789174150598,110868529512902
3,35430,0.0,1789174150598,110868529512902
4,35430,0.0,1789174150598,110868529512902
5,35430,0.0,1789174150598,110868529512902
6,35430,0.0,1789174150598,110868529512902
7,35430,0.0,1789174150598,110868529512902
0,35530,0.0,1789174150698,110868531919458
1,35530,0.0,1789174150698,110868531919458
2,35530,0.0,1789174150698,110868531919458
3,35530,0.0,1789174150698,110868531919458
4,35530,0.0,1789174150698,110868531919458
5,35530,0.0,1789174150698,110868531919458
6,35530,0.0,1789174150698,110868531919458
7,35530,0.0,1789174150698,110868531919458
0,35630,0.0,1789174150798,110868534328389
1,35630,0.0,1789174150798,110868534328389
2,35630,0.0,1789174150798,110868534328389
3,35630,0.0,1789174150798,110868534328389
4,35630,0.0,1789174150798,110868534328389
5,35630,0.0,1789174150798,110868534328389
6,35630,0.0,1789174150798,110868534328389
7,35630,0.0,1789174150798,110868534328389
0,35731,0.0,1789174150899,110868536739743
1,35731,0.0,1789174150899,110868536739743
2,35731,0.0,1789174150899,110868536739743
3,35731,0.0,1789174150899,110868536739743
4,35731,9.1,1789174150899,110868536739743
5,35731,0.0,1789174150899,110868536739743
6,35731,0.0,1789174150899,110868536739743
7,35731,0.0,1789174150899,110868536739743
0,35831,0.0,1789174150999,110868539150801
1,35831,0.0,1789174150999,110868539150801
2,35831,0.0,1789174150999,110868539150801
3,35831,0.0,1789174150999,110868539150801
4,35831,0.0,1789174150999,110868539150801
5,35831,0.0,1789174150999,110868539150801
6,35831,0.0,1789174150999,110868539150801
7,35831,0.0,1789174150999,110868539150801
0,35932,0.0,1789174151100,110868541559018
1,35932,0.0,1789174151100,110868541559018
2,35932,0.0,1789174151100,110868541559018
3,35932,0.0,1789174151100,110868541559018
4,35932,0.0,1789174151100,110868541559018
5,35932,0.0,1789174151100,110868541559018
6,35932,0.0,1789174151100,110868541559018
7,35932,0.0,1789174151100,110868541559018
0,36032,0.0,1789174151200,110868543966548
1,36032,0.0,1789174151200,110868543966548
2,36032,0.0,1789174151200,110868543966548
3,36032,0.0,1789174151200,110868543966548
4,36032,0.0,1789174151200,110868543966548
5,36032,0.0,1789174151200,110868543966548
6,36032,0.0,1789174151200,110868543966548
7,36032,0.0,1789174151200,110868543966548
0,36132,0.0,1789174151300,110868546373583
1,36132,0.0,1789174151300,110868546373583
2,36132,0.0,1789174151300,110868546373583
3,36132,0.0,1789174151300,110868546373583
4,36132,0.0,1789174151300,110868546373583
5,36132,0.0,1789174151300,110868546373583
6,36132,0.0,1789174151300,110868546373583
7,36132,0.0,1789174151300,110868546373583
0,36232,0.0,1789174151400,110868548780053
1,36232,0.0,1789174151400,110868548780053
2,36232,0.0,1789174151400,110868548780053
3,36232,0.0,1789174151400,110868548780053
4,36232,0.0,1789174151400,110868548780053
5,36232,0.0,1789174151400,110868548780053
6,36232,0.0,1789174151400,110868548780053
7,36232,0.0,1789174151400,110868548780053
0,36333,0.0,1789174151501,110868551186432
1,36333,0.0,1789174151501,110868551186432
2,36333,0.0,1789174151501,110868551186432
3,36333,0.0,1789174151501,110868551186432
4,36333,0.0,1789174151501,110868551186432
5,36333,0.0,1789174151501,110868551186432
6,36333,0.0,1789174151501,110868551186432
7,36333,0.0,1789174151501,110868551186432
0,36433,0.0,1789174151601,110868553592938
1,36433,0.0,1789174151601,110868553592938
2,36433,0.0,1789174151601,110868553592938
3,36433,0.0,1789174151601,110868553592938
4,36433,0.0,1789174151601,110868553592938
5,36433,0.0,1789174151601,110868553592938
6,36433,0.0,1789174151601,110868553592938
7,36433,0.0,1789174151601,110868553592938
0,36533,0.0,1789174151701,110868555999292
1,36533,0.0,1789174151701,110868555999292
2,36533,0.0,1789174151701,110868555999292
3,36533,0.0,1789174151701,110868555999292
4,36533,0.0,1789174151701,110868555999292
5,36533,0.0,1789174151701,110868555999292
6,36533,0.0,1789174151701,110868555999292
7,36533,0.0,1789174151701,110868555999292
0,36633,0.0,1789174151801,110868558405540
1,36633,0.0,1789174151801,110868558405540
2,36633,0.0,1789174151801,110868558405540
3,36633,0.0,1789174151801,110868558405540
4,36633,0.0,1789174151801,110868558405540
5,36633,0.0,1789174151801,110868558405540
6,36633,0.0,1789174151801,110868558405540
7,36633,0.0,1789174151801,110868558405540
0,36734,0.0,1789174151902,110868560812372
1,36734,0.0,1789174151902,110868560812372
2,36734,0.0,1789174151902,110868560812372
3,36734,0.0,1789174151902,110868560812372
4,36734,0.0,1789174151902,110868560812372
5,36734,0.0,1789174151902,110868560812372
6,36734,0.0,1789174151902,110868560812372
7,36734,0.0,1789174151902,110868560812372
0,36834,0.0,1789174152002,110868563218976
1,36834,0.0,1789174152002,110868563218976
2,36834,0.0,1789174152002,110868563218976
3,36834,0.0,1789174152002,110868563218976
4,36834,0.0,1789174152002,110868563218976
5,36834,0.0,1789174152002,110868563218976
6,36834,0.0,1789174152002,110868563218976
7,36834,0.0,1789174152002,110868563218976
0,36934,0.0,1789174152102,110868565626148
1,36934,0.0,1789174152102,110868565626148
2,36934,0.0,1789174152102,110868565626148
3,36934,0.0,1789174152102,110868565626148
4,36934,0.0,1789174152102,110868565626148
5,36934,0.0,1789174152102,110868565626148
6,36934,0.0,1789174152102,110868565626148
7,36934,0.0,1789174152102,110868565626148
0,37035,0.0,1789174152203,110868568033738
1,37035,0.0,1789174152203,110868568033738
2,37035,0.0,1789174152203,110868568033738
3,37035,0.0,1789174152203,110868568033738
4,37035,0.0,1789174152203,110868568033738
5,37035,0.0,1789174152203,110868568033738
6,37035,0.0,1789174152203,110868568033738
7,37035,0.0,1789174152203,110868568033738
0,37135,0.0,1789174152303,110868570440959
1,37135,0.0,1789174152303,110868570440959
2,37135,0.0,1789174152303,110868570440959
3,37135,0.0,1789174152303,110868570440959
4,37135,0.0,1789174152303,110868570440959
5,37135,0.0,1789174152303,110868570440959
6,37135,0.0,1789174152303,110868570440959
7,37135,0.0,1789174152303,110868570440959
0,37235,0.0,1789174152403,110868572847231
1,37235,0.0,1789174152403,110868572847231
2,37235,0.0,1789174152403,110868572847231
3,37235,0.0,1789174152403,110868572847231
4,37235,0.0,1789174152403,110868572847231
5,37235,0.0,1789174152403,110868572847231
6,37235,0.0,1789174152403,110868572847231
7,37235,0.0,1789174152403,110868572847231
0,37335,0.0,1789174152503,110868575253545
1,37335,0.0,1789174152503,110868575253545
2,37335,0.0,1789174152503,110868575253545
3,37335,0.0,1789174152503,110868575253545
4,37335,0.0,1789174152503,110868575253545
5,37335,0.0,1789174152503,110868575253545
6,37335,0.0,1789174152503,110868575253545
7,37335,0.0,1789174152503,110868575253545
0,37436,0.0,1789174152604,110868577659781
1,37436,0.0,1789174152604,110868577659781
2,37436,0.0,1789174152604,110868577659781
3,37436,0.0,1789174152604,110868577659781
4,37436,0.0,1789174152604,110868577659781
5,37436,0.0,1789174152604,110868577659781
6,37436,0.0,1789174152604,110868577659781
7,37436,0.0,1789174152604,110868577659781
0,37536,0.0,1789174152704,110868580066481
1,37536,0.0,1789174152704,110868580066481
2,37536,0.0,1789174152704,110868580066481
3,37536,0.0,1789174152704,110868580066481
4,37536,0.0,1789174152704,110868580066481
5,37536,0.0,1789174152704,110868580066481
6,37536,0.0,1789174152704,110868580066481
7,37536,0.0,1789174152704,110868580066481
0,37636,0.0,1789174152804,110868582472890
1,37636,0.0,1789174152804,110868582472890
2,37636,0.0,1789174152804,110868582472890
3,37636,0.0,1789174152804,110868582472890
4,37636,0.0,1789174152804,110868582472890
5,37636,0.0,1789174152804,110868582472890
6,37636,0.0,1789174152804,110868582472890
7,37636,0.0,1789174152804,110868582472890
0,37737,0.0,1789174152905,110868584879164
1,37737,0.0,1789174152905,110868584879164
2,37737,0.0,1789174152905,110868584879164
3,37737,0.0,1789174152905,110868584879164
4,37737,0.0,1789174152905,110868584879164
5,37737,0.0,1789174152905,110868584879164
6,37737,0.0,1789174152905,110868584879164
7,37737,0.0,1789174152905,110868584879164
0,37837,0.0,1789174153005,110868587285575
1,37837,0.0,1789174153005,110868587285575
2,37837,0.0,1789174153005,110868587285575
3,37837,0.0,1789174153005,110868587285575
4,37837,0.0,1789174153005,110868587285575
5,37837,0.0,1789174153005,110868587285575
6,37837,0.0,1789174153005,110868587285575
7,37837,0.0,1789174153005,110868587285575
0,37937,0.0,1789174153105,110868589691774
1,37937,0.0,1789174153105,110868589691774
2,37937,0.0,1789174153105,110868589691774
3,37937,0.0,1789174153105,110868589691774
4,37937,0.0,1789174153105,110868589691774
5,37937,0.0,1789174153105,110868589691774
6,37937,0.0,1789174153105,110868589691774
7,37937,0.0,1789174153105,110868589691774
0,38037,0.0,1789174153205,110868592098016
1,38037,0.0,1789174153205,110868592098016
2,38037,0.0,1789174153205,110868592098016
3,38037,0.0,1789174153205,110868592098016
4,38037,0.0,1789174153205,110868592098016
5,38037,0.0,1789174153205,110868592098016
6,38037,0.0,1789174153205,110868592098016
7,38037,0.0,1789174153205,110868592098016
0,38138,0.0,1789174153306,110868594504225
1,38138,0.0,1789174153306,110868594504225
2,38138,0.0,1789174153306,110868594504225
3,38138,0.0,1789174153306,110868594504225
4,38138,0.0,1789174153306,110868594504225
5,38138,0.0,1789174153306,110868594504225
6,38138,0.0,1789174153306,110868594504225
7,38138,0.0,1789174153306,110868594504225
0,38238,0.0,1789174153406,110868596911362
1,38238,0.0,1789174153406,110868596911362
2,38238,0.0,1789174153406,110868596911362
3,38238,0.0,1789174153406,110868596911362
4,38238,0.0,1789174153406,110868596911362
5,38238,0.0,1789174153406,110868596911362
6,38238,0.0,1789174153406,110868596911362
7,38238,0.0,1789174153406,110868596911362
0,38338,0.0,1789174153506,110868599317691
1,38338,0.0,1789174153506,110868599317691
2,38338,0.0,1789174153506,110868599317691
3,38338,0.0,1789174153506,110868599317691
4,38338,0.0,1789174153506,110868599317691
5,38338,0.0,1789174153506,110868599317691
6,38338,0.0,1789174153506,110868599317691
7,38338,0.0,1789174153506,110868599317691
0,38438,0.0,1789174153606,110868601724004
1,38438,0.0,1789174153606,110868601724004
2,38438,0.0,1789174153606,110868601724004
3,38438,0.0,1789174153606,110868601724004
4,38438,0.0,1789174153606,110868601724004
5,38438,0.0,1789174153606,110868601724004
6,38438,0.0,1789174153606,110868601724004
7,38438,0.0,1789174153606,110868601724004
0,38539,0.0,1789174153707,110868604130266
1,38539,0.0,1789174153707,110868604130266
2,38539,0.0,1789174153707,110868604130266
3,38539,0.0,1789174153707,110868604130266
4,38539,0.0,1789174153707,110868604130266
5,38539,0.0,1789174153707,110868604130266
6,38539,0.0,1789174153707,110868604130266
7,38539,0.0,1789174153707,110868604130266
0,38639,0.0,1789174153807,110868606537228
1,38639,0.0,1789174153807,110868606537228
2,38639,0.0,1789174153807,110868606537228
3,38639,0.0,1789174153807,110868606537228
4,38639,0.0,1789174153807,110868606537228
5,38639,0.0,1789174153807,110868606537228
6,38639,0.0,1789174153807,110868606537228
7,38639,0.0,1789174153807,110868606537228
0,38739,0.0,1789174153907,110868608947865
1,38739,9.1,1789174153907,110868608947865
2,38739,9.1,1789174153907,110868608947865
3,38739,0.0,1789174153907,110868608947865
4,38739,0.0,1789174153907,110868608947865
5,38739,9.1,1789174153907,110868608947865
6,38739,0.0,1789174153907,110868608947865
7,38739,0.0,1789174153907,110868608947865
0,38840,0.0,1789174154008,110868611356515
1,38840,0.0,1789174154008,110868611356515
2,38840,0.0,1789174154008,110868611356515
3,38840,0.0,1789174154008,110868611356515
4,38840,0.0,1789174154008,110868611356515
5,38840,0.0,1789174154008,110868611356515
6,38840,0.0,1789174154008,110868611356515
7,38840,0.0,1789174154008,110868611356515
0,38940,0.0,1789174154108,110868613763901
1,38940,0.0,1789174154108,110868613763901
2,38940,0.0,1789174154108,110868613763901
3,38940,0.0,1789174154108,110868613763901
4,38940,0.0,1789174154108,110868613763901
5,38940,0.0,1789174154108,110868613763901
6,38940,0.0,1789174154108,110868613763901
7,38940,0.0,1789174154108,110868613763901
0,39040,0.0,1789174154208,110868616170865
1,39040,0.0,1789174154208,110868616170865
2,39040,0.0,1789174154208,110868616170865
3,39040,0.0,1789174154208,110868616170865
4,39040,0.0,1789174154208,110868616170865
5,39040,0.0,1789174154208,110868616170865
6,39040,0.0,1789174154208,110868616170865
7,39040,0.0,1789174154208,110868616170865
0,39141,0.0,1789174154309,110868618577387
1,39141,0.0,1789174154309,110868618577387
2,39141,0.0,1789174154309,110868618577387
3,39141,0.0,1789174154309,110868618577387
4,39141,0.0,1789174154309,110868618577387
5,39141,0.0,1789174154309,110868618577387
6,39141,0.0,1789174154309,110868618577387
7,39141,0.0,1789174154309,110868618577387
0,39241,0.0,1789174154409,110868620983819
1,39241,0.0,1789174154409,110868620983819
2,39241,0.0,1789174154409,110868620983819
3,39241,0.0,1789174154409,110868620983819
4,39241,0.0,1789174154409,110868620983819
5,39241,0.0,1789174154409,110868620983819
6,39241,0.0,1789174154409,110868620983819
7,39241,0.0,1789174154409,110868620983819
0,39341,0.0,1789174154509,110868623390037
1,39341,0.0,1789174154509,110868623390037
2,39341,0.0,1789174154509,110868623390037
3,39341,0.0,1789174154509,110868623390037
4,39341,0.0,1789174154509,110868623390037
5,39341,0.0,1789174154509,110868623390037
6,39341,0.0,1789174154509,110868623390037
7,39341,0.0,1789174154509,110868623390037
0,39442,0.0,1789174154610,110868625801884
1,39442,0.0,1789174154610,110868625801884
2,39442,0.0,1789174154610,110868625801884
3,39442,36.4,1789174154610,110868625801884
4,39442,11.1,1789174154610,110868625801884
5,39442,0.0,1789174154610,110868625801884
6,39442,0.0,1789174154610,110868625801884
7,39442,0.0,1789174154610,110868625801884
0,39542,0.0,1789174154710,110868628213550
1,39542,0.0,1789174154710,110868628213550
2,39542,0.0,1789174154710,110868628213550
3,39542,30.0,1789174154710,110868628213550
4,39542,30.0,1789174154710,110868628213550
5,39542,0.0,1789174154710,110868628213550
6,39542,0.0,1789174154710,110868628213550
7,39542,0.0,1789174154710,110868628213550
0,39643,10.0,1789174154811,110868630639888
1,39643,0.0,1789174154811,110868630639888
2,39643,20.0,1789174154811,110868630639888
3,39643,10.0,1789174154811,110868630639888
4,39643,20.0,1789174154811,110868630639888
5,39643,0.0,1789174154811,110868630639888
6,39643,9.1,1789174154811,110868630639888
7,39643,10.0,1789174154811,110868630639888
0,39745,0.0,1789174154913,110868633075059
1,39745,33.3,1789174154913,110868633075059
2,39745,0.0,1789174154913,110868633075059
3,39745,10.0,1789174154913,110868633075059
4,39745,10.0,1789174154913,110868633075059
5,39745,9.1,1789174154913,110868633075059
6,39745,0.0,1789174154913,110868633075059
7,39745,20.0,1789174154913,110868633075059
0,39845,0.0,1789174155013,110868635487999
1,39845,0.0,1789174155013,110868635487999
2,39845,0.0,1789174155013,110868635487999
3,39845,0.0,1789174155013,110868635487999
4,39845,0.0,1789174155013,110868635487999
5,39845,0.0,1789174155013,110868635487999
6,39845,11.1,1789174155013,110868635487999
7,39845,20.0,1789174155013,110868635487999
0,39946,0.0,1789174155114,110868637900617
1,39946,0.0,1789174155114,110868637900617
2,39946,0.0,1789174155114,110868637900617
3,39946,0.0,1789174155114,110868637900617
4,39946,9.1,1789174155114,110868637900617
5,39946,0.0,1789174155114,110868637900617
6,39946,30.0,1789174155114,110868637900617
7,39946,45.5,1789174155114,110868637900617
0,40046,0.0,1789174155214,110868640312771
1,40046,0.0,1789174155214,110868640312771
2,40046,20.0,1789174155214,110868640312771
3,40046,0.0,1789174155214,110868640312771
4,40046,0.0,1789174155214,110868640312771
5,40046,0.0,1789174155214,110868640312771
6,40046,10.0,1789174155214,110868640312771
7,40046,10.0,1789174155214,110868640312771
0,40147,0.0,1789174155315,110868642730409
1,40147,11.1,1789174155315,110868642730409
2,40147,20.0,1789174155315,110868642730409
3,40147,0.0,1789174155315,110868642730409
4,40147,0.0,1789174155315,110868642730409
5,40147,0.0,1789174155315,110868642730409
6,40147,10.0,1789174155315,110868642730409
7,40147,0.0,1789174155315,110868642730409
0,40248,12.5,1789174155416,110868645146278
1,40248,45.5,1789174155416,110868645146278
2,40248,50.0,1789174155416,110868645146278
3,40248,20.0,1789174155416,110868645146278
4,40248,0.0,1789174155416,110868645146278
5,40248,0.0,1789174155416,110868645146278
6,40248,10.0,1789174155416,110868645146278
7,40248,0.0,1789174155416,110868645146278
0,40349,22.2,1789174155517,110868647565398
1,40349,37.5,1789174155517,110868647565398
2,40349,33.3,1789174155517,110868647565398
3,40349,33.3,1789174155517,110868647565398
4,40349,10.0,1789174155517,110868647565398
5,40349,0.0,1789174155517,110868647565398
6,40349,10.0,1789174155517,110868647565398
7,40349,0.0,1789174155517,110868647565398
0,40449,25.0,1789174155617,110868649978877
1,40449,12.5,1789174155617,110868649978877
2,40449,25.0,1789174155617,110868649978877
3,40449,0.0,1789174155617,110868649978877
4,40449,10.0,1789174155617,110868649978877
5,40449,9.1,1789174155617,110868649978877
6,40449,0.0,1789174155617,110868649978877
7,40449,0.0,1789174155617,110868649978877
0,40550,50.0,1789174155718,110868652391420
1,40550,40.0,1789174155718,110868652391420
2,40550,28.6,1789174155718,110868652391420
3,40550,0.0,1789174155718,110868652391420
4,40550,10.0,1789174155718,110868652391420
5,40550,0.0,1789174155718,110868652391420
6,40550,0.0,1789174155718,110868652391420
7,40550,10.0,1789174155718,110868652391420
0,40650,37.5,1789174155818,110868654804881
1,40650,36.4,1789174155818,110868654804881
2,40650,33.3,1789174155818,110868654804881
3,40650,0.0,1789174155818,110868654804881
4,40650,9.1,1789174155818,110868654804881
5,40650,0.0,1789174155818,110868654804881
6,40650,9.1,1789174155818,110868654804881
7,40650,0.0,1789174155818,110868654804881
0,40751,44.4,1789174155919,110868657217788
1,40751,22.2,1789174155919,110868657217788
2,40751,40.0,1789174155919,110868657217788
3,40751,0.0,1789174155919,110868657217788
4,40751,0.0,1789174155919,110868657217788
5,40751,0.0,1789174155919,110868657217788
6,40751,0.0,1789174155919,110868657217788
7,40751,10.0,1789174155919,110868657217788
0,40851,55.6,1789174156019,110868659630105
1,40851,40.0,1789174156019,110868659630105
2,40851,55.6,1789174156019,110868659630105
3,40851,0.0,1789174156019,110868659630105
4,40851,0.0,1789174156019,110868659630105
5,40851,0.0,1789174156019,110868659630105
6,40851,0.0,1789174156019,110868659630105
7,40851,11.1,1789174156019,110868659630105
0,40952,44.4,1789174156120,110868662043006
1,40952,40.0,1789174156120,110868662043006
2,40952,33.3,1789174156120,110868662043006
3,40952,9.1,1789174156120,110868662043006
4,40952,0.0,1789174156120,110868662043006
5,40952,0.0,1789174156120,110868662043006
6,40952,0.0,1789174156120,110868662043006
7,40952,0.0,1789174156120,110868662043006
0,41052,55.6,1789174156220,110868664455969
1,41052,20.0,1789174156220,110868664455969
2,41052,28.6,1789174156220,110868664455969
3,41052,10.0,1789174156220,110868664455969
4,41052,10.0,1789174156220,110868664455969
5,41052,0.0,1789174156220,110868664455969
6,41052,9.1,1789174156220,110868664455969
7,41052,11.1,1789174156220,110868664455969
0,41153,37.5,1789174156321,110868666869532
1,41153,10.0,1789174156321,110868666869532
2,41153,25.0,1789174156321,110868666869532
3,41153,0.0,1789174156321,110868666869532
4,41153,0.0,1789174156321,110868666869532
5,41153,0.0,1789174156321,110868666869532
6,41153,10.0,1789174156321,110868666869532
7,41153,50.0,1789174156321,110868666869532
0,41253,50.0,1789174156421,110868669282483
1,41253,0.0,1789174156421,110868669282483
2,41253,28.6,1789174156421,110868669282483
3,41253,0.0,1789174156421,110868669282483
4,41253,0.0,1789174156421,110868669282483
5,41253,0.0,1789174156421,110868669282483
6,41253,0.0,1789174156421,110868669282483
7,41253,40.0,1789174156421,110868669282483
0,41354,55.6,1789174156522,110868671695812
1,41354,0.0,1789174156522,110868671695812
2,41354,37.5,1789174156522,110868671695812
3,41354,0.0,1789174156522,110868671695812
4,41354,0.0,1789174156522,110868671695812
5,41354,0.0,1789174156522,110868671695812
6,41354,10.0,1789174156522,110868671695812
7,41354,44.4,1789174156522,110868671695812
0,41455,40.0,1789174156623,110868674109919
1,41455,10.0,1789174156623,110868674109919
2,41455,33.3,1789174156623,110868674109919
3,41455,0.0,1789174156623,110868674109919
4,41455,0.0,1789174156623,110868674109919
5,41455,0.0,1789174156623,110868674109919
6,41455,0.0,1789174156623,110868674109919
7,41455,33.3,1789174156623,110868674109919
0,41555,37.5,1789174156723,110868676523881
1,41555,0.0,1789174156723,110868676523881
2,41555,44.4,1789174156723,110868676523881
3,41555,9.1,1789174156723,110868676523881
4,41555,0.0,1789174156723,110868676523881
5,41555,0.0,1789174156723,110868676523881
6,41555,0.0,1789174156723,110868676523881
7,41555,30.0,1789174156723,110868676523881
0,41656,0.0,1789174156824,110868678937253
1,41656,18.2,1789174156824,110868678937253
2,41656,10.0,1789174156824,110868678937253
3,41656,0.0,1789174156824,110868678937253
4,41656,33.3,1789174156824,110868678937253
5,41656,18.2,1789174156824,110868678937253
6,41656,10.0,1789174156824,110868678937253
7,41656,20.0,1789174156824,110868678937253
0,41756,0.0,1789174156924,110868681350414
1,41756,0.0,1789174156924,110868681350414
2,41756,45.5,1789174156924,110868681350414
3,41756,0.0,1789174156924,110868681350414
4,41756,10.0,1789174156924,110868681350414
5,41756,0.0,1789174156924,110868681350414
6,41756,0.0,1789174156924,110868681350414
7,41756,0.0,1789174156924,110868681350414
0,41857,0.0,1789174157025,110868683764233
1,41857,0.0,1789174157025,110868683764233
2,41857,10.0,1789174157025,110868683764233
3,41857,0.0,1789174157025,110868683764233
4,41857,40.0,1789174157025,110868683764233
5,41857,9.1,1789174157025,110868683764233
6,41857,0.0,1789174157025,110868683764233
7,41857,18.2,1789174157025,110868683764233
0,41957,0.0,1789174157125,110868686177829
1,41957,10.0,1789174157125,110868686177829
2,41957,0.0,1789174157125,110868686177829
3,41957,0.0,1789174157125,110868686177829
4,41957,0.0,1789174157125,110868686177829
5,41957,10.0,1789174157125,110868686177829
6,41957,0.0,1789174157125,110868686177829
7,41957,0.0,1789174157125,110868686177829
0,42058,54.5,1789174157226,110868688591873
1,42058,22.2,1789174157226,110868688591873
2,42058,30.0,1789174157226,110868688591873
3,42058,20.0,1789174157226,110868688591873
4,42058,40.0,1789174157226,110868688591873
5,42058,20.0,1789174157226,110868688591873
6,42058,40.0,1789174157226,110868688591873
7,42058,27.3,1789174157226,110868688591873
0,42159,70.0,1789174157327,110868691026147
1,42159,60.0,1789174157327,110868691026147
2,42159,80.0,1789174157327,110868691026147
3,42159,50.0,1789174157327,110868691026147
4,42159,62.5,1789174157327,110868691026147
5,42159,60.0,1789174157327,110868691026147
6,42159,70.0,1789174157327,110868691026147
7,42159,50.0,1789174157327,110868691026147
0,42260,70.0,1789174157428,110868693439650
1,42260,60.0,1789174157428,110868693439650
2,42260,60.0,1789174157428,110868693439650
3,42260,40.0,1789174157428,110868693439650
4,42260,70.0,1789174157428,110868693439650
5,42260,50.0,1789174157428,110868693439650
6,42260,70.0,1789174157428,110868693439650
7,42260,50.0,1789174157428,110868693439650
0,42361,70.0,1789174157529,110868695854374
1,42361,63.6,1789174157529,110868695854374
2,42361,70.0,1789174157529,110868695854374
3,42361,62.5,1789174157529,110868695854374
4,42361,62.5,1789174157529,110868695854374
5,42361,54.5,1789174157529,110868695854374
6,42361,66.7,1789174157529,110868695854374
7,42361,54.5,1789174157529,110868695854374
0,42461,62.5,1789174157629,110868698270464
1,42461,63.6,1789174157629,110868698270464
2,42461,66.7,1789174157629,110868698270464
3,42461,50.0,1789174157629,110868698270464
4,42461,80.0,1789174157629,110868698270464
5,42461,60.0,1789174157629,110868698270464
6,42461,63.6,1789174157629,110868698270464
7,42461,55.6,1789174157629,110868698270464
0,42562,50.0,1789174157730,110868700684125
1,42562,50.0,1789174157730,110868700684125
2,42562,63.6,1789174157730,110868700684125
3,42562,33.3,1789174157730,110868700684125
4,42562,55.6,1789174157730,110868700684125
5,42562,40.0,1789174157730,110868700684125
6,42562,66.7,1789174157730,110868700684125
7,42562,36.4,1789174157730,110868700684125
0,42662,0.0,1789174157830,110868703096528
1,42662,27.3,1789174157830,110868703096528
2,42662,0.0,1789174157830,110868703096528
3,42662,10.0,1789174157830,110868703096528
4,42662,10.0,1789174157830,110868703096528
5,42662,0.0,1789174157830,110868703096528
6,42662,50.0,1789174157830,110868703096528
7,42662,0.0,1789174157830,110868703096528
0,42763,0.0,1789174157931,110868705508977
1,42763,40.0,1789174157931,110868705508977
2,42763,0.0,1789174157931,110868705508977
3,42763,0.0,1789174157931,110868705508977
4,42763,0.0,1789174157931,110868705508977
5,42763,0.0,1789174157931,110868705508977
6,42763,10.0,1789174157931,110868705508977
7,42763,0.0,1789174157931,110868705508977
0,42863,10.0,1789174158031,110868707921486
1,42863,0.0,1789174158031,110868707921486
2,42863,0.0,1789174158031,110868707921486
3,42863,9.1,1789174158031,110868707921486
4,42863,0.0,1789174158031,110868707921486
5,42863,9.1,1789174158031,110868707921486
6,42863,40.0,1789174158031,110868707921486
7,42863,18.2,1789174158031,110868707921486
0,42964,9.1,1789174158132,110868710334463
1,42964,10.0,1789174158132,110868710334463
2,42964,16.7,1789174158132,110868710334463
3,42964,0.0,1789174158132,110868710334463
4,42964,18.2,1789174158132,110868710334463
5,42964,0.0,1789174158132,110868710334463
6,42964,9.1,1789174158132,110868710334463
7,42964,9.1,1789174158132,110868710334463
0,43065,0.0,1789174158233,110868712748289
1,43065,10.0,1789174158233,110868712748289
2,43065,0.0,1789174158233,110868712748289
3,43065,0.0,1789174158233,110868712748289
4,43065,10.0,1789174158233,110868712748289
5,43065,0.0,1789174158233,110868712748289
6,43065,0.0,1789174158233,110868712748289
7,43065,0.0,1789174158233,110868712748289
0,43165,0.0,1789174158333,110868715161468
1,43165,0.0,1789174158333,110868715161468
2,43165,18.2,1789174158333,110868715161468
3,43165,0.0,1789174158333,110868715161468
4,43165,10.0,1789174158333,110868715161468
5,43165,0.0,1789174158333,110868715161468
6,43165,0.0,1789174158333,110868715161468
7,43165,0.0,1789174158333,110868715161468
0,43266,0.0,1789174158434,110868717574247
1,43266,0.0,1789174158434,110868717574247
2,43266,0.0,1789174158434,110868717574247
3,43266,0.0,1789174158434,110868717574247
4,43266,0.0,1789174158434,110868717574247
5,43266,0.0,1789174158434,110868717574247
6,43266,0.0,1789174158434,110868717574247
7,43266,9.1,1789174158434,110868717574247
0,43366,18.2,1789174158534,110868719986752
1,43366,0.0,1789174158534,110868719986752
2,43366,11.1,1789174158534,110868719986752
3,43366,9.1,1789174158534,110868719986752
4,43366,11.1,1789174158534,110868719986752
5,43366,10.0,1789174158534,110868719986752
6,43366,40.0,1789174158534,110868719986752
7,43366,11.1,1789174158534,110868719986752
0,43467,0.0,1789174158635,110868722399611
1,43467,45.5,1789174158635,110868722399611
2,43467,0.0,1789174158635,110868722399611
3,43467,0.0,1789174158635,110868722399611
4,43467,0.0,1789174158635,110868722399611
5,43467,0.0,1789174158635,110868722399611
6,43467,10.0,1789174158635,110868722399611
7,43467,0.0,1789174158635,110868722399611
0,43567,0.0,1789174158735,110868724815207
1,43567,0.0,1789174158735,110868724815207
2,43567,9.1,1789174158735,110868724815207
3,43567,0.0,1789174158735,110868724815207
4,43567,0.0,1789174158735,110868724815207
5,43567,0.0,1789174158735,110868724815207
6,43567,36.4,1789174158735,110868724815207
7,43567,10.0,1789174158735,110868724815207
0,43668,0.0,1789174158836,110868727228067
1,43668,0.0,1789174158836,110868727228067
2,43668,0.0,1789174158836,110868727228067
3,43668,0.0,1789174158836,110868727228067
4,43668,9.1,1789174158836,110868727228067
5,43668,10.0,1789174158836,110868727228067
6,43668,0.0,1789174158836,110868727228067
7,43668,0.0,1789174158836,110868727228067
0,43768,10.0,1789174158936,110868729641043
1,43768,9.1,1789174158936,110868729641043
2,43768,0.0,1789174158936,110868729641043
3,43768,9.1,1789174158936,110868729641043
4,43768,11.1,1789174158936,110868729641043
5,43768,0.0,1789174158936,110868729641043
6,43768,10.0,1789174158936,110868729641043
7,43768,9.1,1789174158936,110868729641043
0,43869,0.0,1789174159037,110868732052757
1,43869,0.0,1789174159037,110868732052757
2,43869,0.0,1789174159037,110868732052757
3,43869,0.0,1789174159037,110868732052757
4,43869,0.0,1789174159037,110868732052757
5,43869,0.0,1789174159037,110868732052757
6,43869,0.0,1789174159037,110868732052757
7,43869,0.0,1789174159037,110868732052757
0,43969,0.0,1789174159137,110868734464956
1,43969,30.0,1789174159137,110868734464956
2,43969,0.0,1789174159137,110868734464956
3,43969,20.0,1789174159137,110868734464956
4,43969,10.0,1789174159137,110868734464956
5,43969,0.0,1789174159137,110868734464956
6,43969,0.0,1789174159137,110868734464956
7,43969,0.0,1789174159137,110868734464956
0,44070,0.0,1789174159238,110868736876292
1,44070,40.0,1789174159238,110868736876292
2,44070,10.0,1789174159238,110868736876292
3,44070,30.0,1789174159238,110868736876292
4,44070,0.0,1789174159238,110868736876292
5,44070,0.0,1789174159238,110868736876292
6,44070,0.0,1789174159238,110868736876292
7,44070,0.0,1789174159238,110868736876292
0,44170,10.0,1789174159338,110868739289419
1,44170,10.0,1789174159338,110868739289419
2,44170,0.0,1789174159338,110868739289419
3,44170,0.0,1789174159338,110868739289419
4,44170,10.0,1789174159338,110868739289419
5,44170,10.0,1789174159338,110868739289419
6,44170,0.0,1789174159338,110868739289419
7,44170,20.0,1789174159338,110868739289419
0,44230,0.0,1789174159398,110868740719648
1,44230,0.0,1789174159398,110868740719648
2,44230,0.0,1789174159398,110868740719648
3,44230,14.3,1789174159398,110868740719648
4,44230,0.0,1789174159398,110868740719648
5,44230,0.0,1789174159398,110868740719648
6,44230,20.0,1789174159398,110868740719648
7,44230,0.0,1789174159398,110868740719648
