--board-calibration: loaded /scratch/agustin/xpurt-dev-sync/results/codesign_feedback/k1_board_calibration_yolo110.json (aggregate x1.261)
============================================================
Loading network hierarchy from JSON...
============================================================

Loading networks from: /scratch/agustin/xpurt-dev-sync/data/toplevel/wh_chain45_w2p.json

Found 3 networks:
  - yolov8_nano_64x96 (id: 0, identifier: yolov8_nano_64x96)
  - fused_full (id: 1, identifier: fused_full)
  - mlp_control (id: 2, identifier: mlp_control)

Found 2 network-level dependencies:
  - yolov8_nano_64x96 → fused_full
  - fused_full → mlp_control

Resolved runtime configuration:
  Machine core counts: {'CPU_P': 4, 'CPU_E': 4}
  Profile HW mapping: CPU_P->rvv_x60, CPU_E->rvv_x60
  Profile target/topology: target=spacemit_x60, topo_tag=topo_0_1_2_3
  p_core_speedup: 1.0
  random_seed: 42
  solver_verbosity: 0
  time_limit: 600
  use_profiled: True
  prune_periodic: True
  restrict_makespan_to_nonperiodic: False
  cvxpy_solver (milp only): MOSEK
  machine_combination_mode: shard
  enforce_same_processor_combinations: True

Using profiled runtimes where available...
  (warning) 8 dispatch(es) were costed 0.0 because a profile that EXISTS has no row for them. Either they are ops the codegen drops (the yolo chunk2_c1 case) or the CSV is short and unmeasured work is being scheduled as instantaneous.
  - yolov8_nano_64x96/dispatch_3(id=3) costed 0.0 (first seen on rvv_x60/topo_0): no row in an otherwise-present profile; op not knowable from the profile
  - yolov8_nano_64x96/dispatch_11(id=11) costed 0.0 (first seen on rvv_x60/topo_0): no row in an otherwise-present profile; op not knowable from the profile
  - yolov8_nano_64x96/dispatch_22(id=22) costed 0.0 (first seen on rvv_x60/topo_0): no row in an otherwise-present profile; op not knowable from the profile
  - yolov8_nano_64x96/dispatch_33(id=33) costed 0.0 (first seen on rvv_x60/topo_0): no row in an otherwise-present profile; op not knowable from the profile
  - yolov8_nano_64x96/dispatch_48(id=48) costed 0.0 (first seen on rvv_x60/topo_0): no row in an otherwise-present profile; op not knowable from the profile
  - yolov8_nano_64x96/dispatch_56(id=56) costed 0.0 (first seen on rvv_x60/topo_0): no row in an otherwise-present profile; op not knowable from the profile
  - yolov8_nano_64x96/dispatch_64(id=64) costed 0.0 (first seen on rvv_x60/topo_0): no row in an otherwise-present profile; op not knowable from the profile
  - yolov8_nano_64x96/dispatch_72(id=72) costed 0.0 (first seen on rvv_x60/topo_0): no row in an otherwise-present profile; op not knowable from the profile
  (warning) set XPURT_STRICT_ZERO_COST=1 to make this fatal
  Workload declares horizon 1000 ms and 3 explicit periodic instance counts; those counts are used as given. Networks without one are still sized by the refinement loop below.

--- cpsat iteration 1 ---
  stateful: chained 44 instance edge(s) for ['fused_full']
  Total operations: 5785
  Job names: ['yolov8_nano_64x960', 'fused_full0', 'mlp_control0', 'yolov8_nano_64x961', 'yolov8_nano_64x962', 'yolov8_nano_64x963', 'yolov8_nano_64x964', 'yolov8_nano_64x965', 'yolov8_nano_64x966', 'yolov8_nano_64x967', 'yolov8_nano_64x968', 'yolov8_nano_64x969', 'yolov8_nano_64x9610', 'yolov8_nano_64x9611', 'yolov8_nano_64x9612', 'yolov8_nano_64x9613', 'yolov8_nano_64x9614', 'yolov8_nano_64x9615', 'yolov8_nano_64x9616', 'yolov8_nano_64x9617', 'yolov8_nano_64x9618', 'yolov8_nano_64x9619', 'yolov8_nano_64x9620', 'yolov8_nano_64x9621', 'yolov8_nano_64x9622', 'yolov8_nano_64x9623', 'yolov8_nano_64x9624', 'yolov8_nano_64x9625', 'yolov8_nano_64x9626', 'yolov8_nano_64x9627', 'yolov8_nano_64x9628', 'yolov8_nano_64x9629', 'yolov8_nano_64x9630', 'yolov8_nano_64x9631', 'yolov8_nano_64x9632', 'yolov8_nano_64x9633', 'yolov8_nano_64x9634', 'yolov8_nano_64x9635', 'yolov8_nano_64x9636', 'yolov8_nano_64x9637', 'yolov8_nano_64x9638', 'yolov8_nano_64x9639', 'yolov8_nano_64x9640', 'yolov8_nano_64x9641', 'yolov8_nano_64x9642', 'yolov8_nano_64x9643', 'yolov8_nano_64x9644', 'fused_full1', 'fused_full2', 'fused_full3', 'fused_full4', 'fused_full5', 'fused_full6', 'fused_full7', 'fused_full8', 'fused_full9', 'fused_full10', 'fused_full11', 'fused_full12', 'fused_full13', 'fused_full14', 'fused_full15', 'fused_full16', 'fused_full17', 'fused_full18', 'fused_full19', 'fused_full20', 'fused_full21', 'fused_full22', 'fused_full23', 'fused_full24', 'fused_full25', 'fused_full26', 'fused_full27', 'fused_full28', 'fused_full29', 'fused_full30', 'fused_full31', 'fused_full32', 'fused_full33', 'fused_full34', 'fused_full35', 'fused_full36', 'fused_full37', 'fused_full38', 'fused_full39', 'fused_full40', 'fused_full41', 'fused_full42', 'fused_full43', 'fused_full44', 'mlp_control1', 'mlp_control2', 'mlp_control3', 'mlp_control4', 'mlp_control5', 'mlp_control6', 'mlp_control7', 'mlp_control8', 'mlp_control9', 'mlp_control10', 'mlp_control11', 'mlp_control12', 'mlp_control13', 'mlp_control14', 'mlp_control15', 'mlp_control16', 'mlp_control17', 'mlp_control18', 'mlp_control19', 'mlp_control20', 'mlp_control21', 'mlp_control22', 'mlp_control23', 'mlp_control24', 'mlp_control25', 'mlp_control26', 'mlp_control27', 'mlp_control28', 'mlp_control29', 'mlp_control30', 'mlp_control31', 'mlp_control32', 'mlp_control33', 'mlp_control34', 'mlp_control35', 'mlp_control36', 'mlp_control37', 'mlp_control38', 'mlp_control39', 'mlp_control40', 'mlp_control41', 'mlp_control42', 'mlp_control43', 'mlp_control44', 'mlp_control45', 'mlp_control46', 'mlp_control47', 'mlp_control48', 'mlp_control49', 'mlp_control50', 'mlp_control51', 'mlp_control52', 'mlp_control53', 'mlp_control54', 'mlp_control55', 'mlp_control56', 'mlp_control57', 'mlp_control58', 'mlp_control59', 'mlp_control60', 'mlp_control61', 'mlp_control62', 'mlp_control63', 'mlp_control64', 'mlp_control65', 'mlp_control66', 'mlp_control67', 'mlp_control68', 'mlp_control69', 'mlp_control70', 'mlp_control71', 'mlp_control72', 'mlp_control73', 'mlp_control74', 'mlp_control75', 'mlp_control76', 'mlp_control77', 'mlp_control78', 'mlp_control79', 'mlp_control80', 'mlp_control81', 'mlp_control82', 'mlp_control83', 'mlp_control84', 'mlp_control85', 'mlp_control86', 'mlp_control87', 'mlp_control88', 'mlp_control89', 'mlp_control90', 'mlp_control91', 'mlp_control92', 'mlp_control93', 'mlp_control94', 'mlp_control95', 'mlp_control96', 'mlp_control97', 'mlp_control98', 'mlp_control99']

Starting CP-SAT solver v9.15.6755
Parameters: random_seed: 0 max_time_in_seconds: 5400 log_search_progress: true num_search_workers: 8

Initial optimization model '': (model_fingerprint: 0xc875111f5159a137)
#Variables: 98'346 (#ints: 1 in objective) (86'415 primary variables)
  - 80'990 Booleans in [0,1]
  - 5'105 different domains in [0,137500003002311] with a largest complexity of 1.
#kExactlyOne: 5'785 (#literals: 80'990)
#kInterval: 80'990 (#enforced: 80'990)
#kLinMax: 1 (#expressions: 5'785)
#kLinear1: 87'136 (#enforced: 80'990)
#kLinear2: 1'427'039 (#enforced: 1'414'140 #multi: 1'414'140)
#kLinear3: 5'785
#kLinearN: 5'433 (#terms: 211'583)
#kNoOverlap: 8 (#intervals: 138'840, #optional: 138'840, #variable_sizes: 138'840)

Starting presolve at 0.40s
  7.11e-02s  0.00e+00d  [DetectDominanceRelations] 
  3.44e+00s  0.00e+00d  [PresolveToFixPoint] #num_loops=4 #num_dual_strengthening=1 
  1.05e-01s  0.00e+00d  [ExtractEncodingFromLinear] #potential_supersets=5'785 #potential_subsets=5'425 #exo_encodings=5'425 #multiple_terms=10'845 #literals=67'700 
  3.55e-02s  0.00e+00d  [DetectDuplicateColumns] 
  5.21e-02s  0.00e+00d  [DetectDuplicateConstraints] 
[Symmetry] Graph for symmetry has 662'115 nodes and 1'536'407 arcs.
[Symmetry] Symmetry computation done. time: 0.685434 dtime: 0.494928
[Symmetry] #generators: 4, average support size: 31960
[Symmetry] 14605 orbits on 72740 variables with sizes: 8,8,8,8,8,8,8,8,8,8,...
[Symmetry] Num fixable by binary propagation in orbit: 7 / 8
[Symmetry] Num fixable by intersecting at_most_one with orbits: 11 largest_orbit: 8
[Symmetry] Found orbitope of size 5785 x 2
[SAT presolve] num removable Booleans: 0 / 92'625
[SAT presolve] num trivial clauses: 0
[SAT presolve] [0s] clauses:65'014 literals:173'352 vars:64'249 one_side_vars:0 simple_definition:63'484 singleton_clauses:0
[SAT presolve] [0.00624327s] clauses:65'014 literals:173'352 vars:64'249 one_side_vars:0 simple_definition:63'484 singleton_clauses:0
[SAT presolve] [0.0101683s] clauses:65'014 literals:173'352 vars:64'249 one_side_vars:0 simple_definition:63'484 singleton_clauses:0
  1.31e-01s  0.00e+00d  [DetectDuplicateConstraintsWithDifferentEnforcements] #without_enforcements=207'519 
  1.40e+02s  1.03e+00d *[Probe] #probed=57'908 #new_bounds=11'210 #equiv=3 
  4.43e-02s  2.38e-02d  [MaxClique] Merged 55'727 constraints with 121'864 literals into 12'403 constraints with 78'540 literals
  6.71e-02s  0.00e+00d  [DetectDominanceRelations] 
  5.31e-01s  0.00e+00d  [PresolveToFixPoint] #num_loops=3 #num_dual_strengthening=1 
  8.08e-02s  0.00e+00d  [ProcessAtMostOneAndLinear] 
  4.56e-02s  0.00e+00d  [DetectDuplicateConstraints] #duplicates=1'558 
  5.82e-02s  0.00e+00d  [DetectDuplicateConstraintsWithDifferentEnforcements] #without_enforcements=66'944 
  2.26e-02s  4.67e-04d  [DetectDominatedLinearConstraints] #relevant_constraints=11'241 
  1.46e-02s  0.00e+00d  [DetectDifferentVariables] 
  4.52e-02s  1.21e-03d  [ProcessSetPPC] #relevant_constraints=29'032 #num_inclusions=12'398 
  2.47e-02s  0.00e+00d  [TransformClausesToExactlyOne] #num_amos=54'166 
  2.80e-02s  0.00e+00d  [DetectEncodedComplexDomains] 
  1.41e-02s  0.00e+00d  [FindAlmostIdenticalLinearConstraints] 
  2.65e-01s  1.00e+00d *[FindBigAtMostOneAndLinearOverlap] 
  5.20e-02s  1.00e+00d *[FindBigVerticalLinearOverlap] 
  3.49e-02s  1.35e-03d  [FindBigHorizontalLinearOverlap] #blocks=4 #saved_nz=32'385 #linears=8 
  1.26e-02s  0.00e+00d  [MergeClauses] 
  6.30e-02s  0.00e+00d  [DetectDominanceRelations] 
  3.12e-01s  0.00e+00d  [PresolveToFixPoint] #num_loops=2 #num_dual_strengthening=1 
  6.17e-02s  0.00e+00d  [DetectDominanceRelations] 
  2.97e-01s  0.00e+00d  [PresolveToFixPoint] #num_loops=1 #num_dual_strengthening=1 
  1.56e-02s  0.00e+00d  [DetectDuplicateColumns] 
  3.81e-02s  0.00e+00d  [DetectDuplicateConstraints] 
[Symmetry] Graph for symmetry has 496'161 nodes and 1'021'864 arcs.
[Symmetry] Symmetry computation done. time: 0.24795 dtime: 0.24654
[Symmetry] #generators: 3, average support size: 18364
[Symmetry] 15978 orbits on 43524 variables with sizes: 4,4,4,4,4,4,4,4,4,4,...
[Symmetry] Num fixable by binary propagation in orbit: 3 / 4
[Symmetry] Num fixable by intersecting at_most_one with orbits: 5 largest_orbit: 4
[Symmetry] Found orbitope of size 5784 x 2
[SAT presolve] num removable Booleans: 0 / 82'806
[SAT presolve] num trivial clauses: 0
[SAT presolve] [0s] clauses:54'161 literals:108'322 vars:64'238 one_side_vars:63473 simple_definition:0 singleton_clauses:0
[SAT presolve] [0.00365269s] clauses:54'161 literals:108'322 vars:64'238 one_side_vars:63473 simple_definition:0 singleton_clauses:0
[SAT presolve] [0.00637673s] clauses:54'161 literals:108'322 vars:64'238 one_side_vars:63473 simple_definition:0 singleton_clauses:0
  5.44e-02s  0.00e+00d  [DetectDuplicateConstraintsWithDifferentEnforcements] #without_enforcements=66'944 
  1.97e+02s  1.00e+00d *[Probe] #probed=81'158 
  4.06e-02s  2.68e-02d  [MaxClique] Merged 54'161 constraints with 108'322 literals into 10'842 constraints with 65'003 literals
  6.06e-02s  0.00e+00d  [DetectDominanceRelations] 
  2.75e-01s  0.00e+00d  [PresolveToFixPoint] #num_loops=1 #num_dual_strengthening=1 
  6.73e-02s  0.00e+00d  [ProcessAtMostOneAndLinear] 
  4.25e-02s  0.00e+00d  [DetectDuplicateConstraints] 
  5.33e-02s  0.00e+00d  [DetectDuplicateConstraintsWithDifferentEnforcements] #without_enforcements=66'939 
  2.28e-02s  3.24e-04d  [DetectDominatedLinearConstraints] #relevant_constraints=11'245 
  1.46e-02s  0.00e+00d  [DetectDifferentVariables] 
  4.25e-02s  1.05e-03d  [ProcessSetPPC] #relevant_constraints=27'481 #num_inclusions=10'842 
  1.82e-02s  0.00e+00d  [TransformClausesToExactlyOne] 
  2.75e-02s  0.00e+00d  [DetectEncodedComplexDomains] 
  1.54e-02s  0.00e+00d  [FindAlmostIdenticalLinearConstraints] 
  2.73e-01s  1.00e+00d *[FindBigAtMostOneAndLinearOverlap] 
  5.67e-02s  1.00e+00d *[FindBigVerticalLinearOverlap] 
  2.01e-02s  2.41e-03d  [FindBigHorizontalLinearOverlap] #blocks=2 #saved_nz=8'094 #linears=12 
  1.29e-02s  0.00e+00d  [MergeClauses] 
  5.73e-02s  0.00e+00d  [DetectDominanceRelations] 
  2.71e-01s  0.00e+00d  [PresolveToFixPoint] #num_loops=2 #num_dual_strengthening=1 
  5.78e-02s  0.00e+00d  [DetectDominanceRelations] 
  2.62e-01s  0.00e+00d  [PresolveToFixPoint] #num_loops=1 #num_dual_strengthening=1 
  1.45e-02s  0.00e+00d  [DetectDuplicateColumns] 
  3.58e-02s  0.00e+00d  [DetectDuplicateConstraints] 
[Symmetry] Graph for symmetry has 377'743 nodes and 786'980 arcs.
[Symmetry] Symmetry computation done. time: 0.0823825 dtime: 0.133828
[Symmetry] #generators: 1, average support size: 11566
[Symmetry] 5783 orbits on 11566 variables with sizes: 2,2,2,2,2,2,2,2,2,2,...
[Symmetry] Num fixable by intersecting at_most_one with orbits: 1 largest_orbit: 2
  5.44e-02s  0.00e+00d  [DetectDuplicateConstraintsWithDifferentEnforcements] #without_enforcements=66'939 
  2.02e+02s  1.00e+00d *[Probe] #probed=83'774 
  1.06e-02s  0.00e+00d  [MaxClique] 
  5.81e-02s  0.00e+00d  [DetectDominanceRelations] 
  2.70e-01s  0.00e+00d  [PresolveToFixPoint] #num_loops=1 #num_dual_strengthening=1 
  5.95e-02s  0.00e+00d  [ProcessAtMostOneAndLinear] 
  4.03e-02s  0.00e+00d  [DetectDuplicateConstraints] 
  5.43e-02s  0.00e+00d  [DetectDuplicateConstraintsWithDifferentEnforcements] #without_enforcements=66'938 
  2.28e-02s  2.96e-04d  [DetectDominatedLinearConstraints] #relevant_constraints=11'247 
  1.44e-02s  0.00e+00d  [DetectDifferentVariables] 
  2.70e-02s  6.31e-04d  [ProcessSetPPC] #relevant_constraints=16'641 
  1.79e-02s  0.00e+00d  [TransformClausesToExactlyOne] 
  2.61e-02s  0.00e+00d  [DetectEncodedComplexDomains] 
  1.44e-02s  0.00e+00d  [FindAlmostIdenticalLinearConstraints] 
  2.82e-01s  1.00e+00d *[FindBigAtMostOneAndLinearOverlap] 
  6.35e-02s  1.00e+00d *[FindBigVerticalLinearOverlap] 
  1.68e-02s  4.74e-03d  [FindBigHorizontalLinearOverlap] #linears=14 
  1.18e-02s  0.00e+00d  [MergeClauses] 
  5.63e-02s  0.00e+00d  [DetectDominanceRelations] 
  2.66e-01s  0.00e+00d  [PresolveToFixPoint] #num_loops=1 #num_dual_strengthening=1 
  2.46e-01s  0.00e+00d  [MergeNoOverlap] 
  1.55e-02s  0.00e+00d  [MergeNoOverlap2D] 
  7.30e-02s  0.00e+00d  [ExpandObjective] #entries=1'322'563 #tight_variables=145'474 #tight_constraints=20'503 

Presolve summary:
  - 5543 affine relations were detected.
  - rule 'TODO dual: only one blocking constraint?' was applied 28 times.
  - rule 'TODO duplicate: skipped identical encoding constraints' was applied 9'318 times.
  - rule 'TODO interval: same interval with different enforcement?' was applied 409'908 times.
  - rule 'affine: new relation' was applied 5'543 times.
  - rule 'at_most_one: transformed into max clique' was applied 2 times.
  - rule 'deductions: 130597 stored' was applied 1 time.
  - rule 'duplicate: removed constraint' was applied 1'558 times.
  - rule 'duplicate: removed enforced constraint' was applied 67'689 times.
  - rule 'encoding: candidate linear is all boolean now' was applied 1'555 times.
  - rule 'encoding: extracted from linear' was applied 5'425 times.
  - rule 'encoding: reduced target domain' was applied 5'425 times.
  - rule 'enforcement: false literal' was applied 237'945 times.
  - rule 'exactly_one: removed literals' was applied 1'381 times.
  - rule 'intervals: removed unused interval' was applied 8'267 times.
  - rule 'lin_max: removed exprs' was applied 1 time.
  - rule 'lin_max: target domain reduced' was applied 1 time.
  - rule 'linear matrix: common horizontal rectangle' was applied 6 times.
  - rule 'linear1: transformed to implication' was applied 43'456 times.
  - rule 'linear1: x in domain' was applied 6'146 times.
  - rule 'linear2: already known enforced relation' was applied 1'199'452 times.
  - rule 'linear: always true' was applied 23'568 times.
  - rule 'linear: divide by GCD' was applied 36'810 times.
  - rule 'linear: empty' was applied 23'600 times.
  - rule 'linear: extracted at most one (max)' was applied 1'555 times.
  - rule 'linear: fixed or dup variables' was applied 41'626 times.
  - rule 'linear: positive equal one' was applied 1'555 times.
  - rule 'linear: reduced variable domains' was applied 12'439 times.
  - rule 'linear: remapped using affine relations' was applied 307'612 times.
  - rule 'linear: simplified rhs' was applied 26'505 times.
  - rule 'new_bool: integer encoding' was applied 10'080 times.
  - rule 'no_overlap: removed absent intervals' was applied 20 times.
  - rule 'presolve: 10182 unused variables removed.' was applied 1 time.
  - rule 'presolve: iteration' was applied 3 times.
  - rule 'setppc: bool_or in at_most_one' was applied 23'239 times.
  - rule 'setppc: exactly_one included in linear' was applied 1 time.
  - rule 'setppc: reduced linear coefficients' was applied 1 time.
  - rule 'symmetry: fixed to false in general orbit' was applied 17 times.
  - rule 'variables with 2 values: new affine relation' was applied 765 times.
  - rule 'variables with 2 values: register other encoding' was applied 765 times.
  - rule 'variables: add encoding constraint' was applied 9'315 times.
  - rule 'variables: canonicalize affine domain' was applied 2'860 times.
  - rule 'variables: detect fully reified value encoding' was applied 2'430 times.
  - rule 'variables: detect half reified value encoding' was applied 101'260 times.
  - rule 'variables: detected fully encoded domain' was applied 3 times.

Presolved optimization model '': (model_fingerprint: 0xb4c7fc4028fbbbe9)
#Variables: 95'567 (#ints: 1 in objective) (78'933 primary variables)
  - 82'800 Booleans in [0,1]
  - 5'677 different domains in [-1055555,1055555] with a largest complexity of 3.
#kExactlyOne: 16'627 (#literals: 137'725)
#kInterval: 72'723 (#enforced: 72'723)
#kLinMax: 1 (#expressions: 143)
#kLinear1: 18'630 (#enforced: 18'630)
#kLinear2: 7'363
#kLinear3: 3'870
#kLinearN: 14 (#terms: 67'705)
#kNoOverlap: 8 (#intervals: 116'816, #optional: 116'816, #variable_sizes: 92'856)
[Symmetry] Graph for symmetry has 362'015 nodes and 786'970 arcs.
[Symmetry] Symmetry computation done. time: 0.0514775 dtime: 0.121547

Preloading model.
#Bound 552.29s best:inf   next:[1002888,1055555] initial_domain
#Model 552.36s var:95567/95567 constraints:119236/119236

Starting search at 552.37s with 8 workers.
6 full problem subsolvers: [default_lp, fixed, max_lp, no_lp, quick_restart, reduced_costs]
2 first solution subsolvers: [fj, fs_random_no_lp]
13 interleaved subsolvers: [feasibility_pump, graph_arc_lns, graph_cst_lns, graph_dec_lns, graph_var_lns, ls, rins/rens, rnd_cst_lns, rnd_var_lns, scheduling_intervals_lns, scheduling_precedences_lns, scheduling_resource_windows_lns, scheduling_time_window_lns]
3 helper subsolvers: [neighborhood_helper, synchronization_agent, update_gap_integral]

#Bound 871.02s best:inf   next:[1002889,1055555] reduced_costs
#1     1325.28s best:1024294 next:[1002889,1024293] fixed
#2     1374.45s best:1024293 next:[1002889,1024292] graph_dec_lns (d=5.00e-01 s=3140 t=0.10 p=0.00 stall=0 h=base)
#3     1379.07s best:1023848 next:[1002889,1023847] scheduling_time_window_lns (d=7.07e-01 s=3141 t=0.10 p=1.00 stall=0 h=base)
#4     1396.58s best:1023766 next:[1002889,1023765] scheduling_resource_windows_lns (d=7.07e-01 s=3143 t=0.10 p=1.00 stall=0 h=base)
#5     1449.93s best:1020109 next:[1002889,1020108] default_lp
#6     1492.09s best:1020108 next:[1002889,1020107] rnd_cst_lns (d=4.42e-01 s=3241 t=0.10 p=0.50 stall=0 h=base)
#7     1498.46s best:1020107 next:[1002889,1020106] ls_restart_decay_perturb(batch:1 lin{mvs:24 evals:64'559} #w_updates:15 #perturb:0)
#8     1498.54s best:1020106 next:[1002889,1020105] ls_restart(batch:1 lin{mvs:24 evals:87'312} #w_updates:29 #perturb:0)
#9     1498.63s best:1020105 next:[1002889,1020104] ls_restart(batch:1 lin{mvs:22 evals:79'370} #w_updates:29 #perturb:0)
#10    1498.92s best:1020104 next:[1002889,1020103] ls_restart_decay_perturb(batch:1 lin{mvs:22 evals:71'450} #w_updates:22 #perturb:0)
#11    1499.21s best:1020103 next:[1002889,1020102] ls_restart(batch:1 lin{mvs:26 evals:95'486} #w_updates:29 #perturb:0)
#12    1499.32s best:1020102 next:[1002889,1020101] ls_restart_perturb(batch:1 lin{mvs:27 evals:102'435} #w_updates:29 #perturb:0)
#13    1499.80s best:1020101 next:[1002889,1020100] ls_restart_decay(batch:1 lin{mvs:34 evals:110'598} #w_updates:22 #perturb:0)
#14    1503.04s best:1020100 next:[1002889,1020099] ls_restart_decay(batch:1 lin{mvs:25 evals:83'138} #w_updates:22 #perturb:0)
#15    1503.13s best:1020099 next:[1002889,1020098] ls_restart_decay_perturb(batch:1 lin{mvs:22 evals:66'080} #w_updates:14 #perturb:0)
#16    1504.04s best:1020098 next:[1002889,1020097] ls_restart_decay(batch:1 lin{mvs:33 evals:101'241} #w_updates:22 #perturb:0)
#17    1506.92s best:1020097 next:[1002889,1020096] ls_restart(batch:1 lin{mvs:22 evals:80'667} #w_updates:29 #perturb:0)
#18    1509.28s best:1020096 next:[1002889,1020095] ls_restart_decay_perturb(batch:1 lin{mvs:23 evals:93'287} #w_updates:22 #perturb:0)
#19    1684.81s best:1020077 next:[1002889,1020076] graph_var_lns (d=2.72e-01 s=3292 t=0.10 p=0.38 stall=3 h=base)
#20    1694.05s best:1020062 next:[1002889,1020061] graph_var_lns (d=3.57e-01 s=3298 t=0.10 p=0.44 stall=0 h=base)
#21    1706.25s best:1019806 next:[1002889,1019805] graph_cst_lns (d=2.48e-01 s=3307 t=0.10 p=0.47 stall=0 h=base)
#22    1715.89s best:1019766 next:[1002889,1019765] graph_var_lns (d=3.54e-01 s=3312 t=0.10 p=0.45 stall=1 h=base)
#23    1730.94s best:1019756 next:[1002889,1019755] graph_cst_lns (d=2.49e-01 s=3320 t=0.10 p=0.48 stall=0 h=base)
#24    1747.76s best:1019745 next:[1002889,1019744] graph_var_lns (d=2.19e-01 s=3346 t=0.10 p=0.38 stall=1 h=base)
#25    1748.03s best:1019724 next:[1002889,1019723] graph_var_lns (d=2.19e-01 s=3345 t=0.10 p=0.38 stall=1 h=base)
#26    1758.85s best:1019715 next:[1002889,1019714] graph_var_lns (d=1.39e-01 s=3374 t=0.10 p=0.33 stall=0 h=base)
#27    1759.47s best:1019611 next:[1002889,1019610] rnd_cst_lns (d=2.54e-01 s=3376 t=0.10 p=0.44 stall=0 h=base)
#28    1851.98s best:1019610 next:[1002889,1019609] rnd_cst_lns (d=2.89e-01 s=3629 t=0.10 p=0.48 stall=0 h=base)
#29    1853.08s best:1019609 next:[1002889,1019608] rnd_cst_lns (d=3.27e-01 s=3631 t=0.10 p=0.49 stall=0 h=base)
#30    1889.94s best:1019608 next:[1002889,1019607] graph_cst_lns (d=2.57e-01 s=3675 t=0.10 p=0.49 stall=0 h=base)
#31    1893.76s best:1019607 next:[1002889,1019606] ls_restart(batch:1 lin{mvs:29 evals:103'376} #w_updates:33 #perturb:0)
#32    1894.07s best:1019606 next:[1002889,1019605] ls_restart_decay_perturb(batch:1 lin{mvs:25 evals:87'314} #w_updates:24 #perturb:0)
#33    1899.72s best:1019605 next:[1002889,1019604] ls_restart_decay(batch:1 lin{mvs:27 evals:87'952} #w_updates:24 #perturb:0)
#34    1899.84s best:1019604 next:[1002889,1019603] ls_restart_decay(batch:1 lin{mvs:37 evals:106'318} #w_updates:24 #perturb:0)
#35    1899.94s best:1019603 next:[1002889,1019602] ls_restart_perturb(batch:1 lin{mvs:27 evals:96'383} #w_updates:33 #perturb:0)
#36    1904.39s best:1019602 next:[1002889,1019601] ls_restart(batch:1 lin{mvs:29 evals:95'218} #w_updates:33 #perturb:0)
#37    1904.91s best:1019601 next:[1002889,1019600] ls_restart_perturb(batch:1 lin{mvs:25 evals:86'374} #w_updates:21 #perturb:0)
#38    1910.37s best:1019600 next:[1002889,1019599] ls_restart_perturb(batch:1 lin{mvs:25 evals:84'823} #w_updates:33 #perturb:0)
#39    1912.95s best:1019551 next:[1002889,1019550] graph_arc_lns (d=3.59e-01 s=3708 t=0.10 p=0.33 stall=0 h=base)
#40    1920.68s best:1019455 next:[1002889,1019454] graph_var_lns (d=3.56e-01 s=3724 t=0.10 p=0.50 stall=11 h=base)
#41    1938.30s best:1019430 next:[1002889,1019429] graph_arc_lns (d=4.81e-01 s=3747 t=0.10 p=0.50 stall=2 h=base)
#42    1941.31s best:1019412 next:[1002889,1019411] graph_var_lns (d=3.01e-01 s=3754 t=0.10 p=0.48 stall=0 h=base)
#43    1959.78s best:1019352 next:[1002889,1019351] graph_cst_lns (d=2.58e-01 s=3772 t=0.10 p=0.49 stall=0 h=base)
#44    1960.60s best:1019351 next:[1002889,1019350] ls_restart(batch:1 lin{mvs:33 evals:99'198} #w_updates:33 #perturb:0)
#45    1960.73s best:1019350 next:[1002889,1019349] ls_restart_decay(batch:1 lin{mvs:25 evals:80'344} #w_updates:24 #perturb:0)
#46    1962.26s best:1019349 next:[1002889,1019348] ls_restart_perturb(batch:1 lin{mvs:25 evals:89'620} #w_updates:33 #perturb:0)
#47    1965.89s best:1019348 next:[1002889,1019347] ls_restart_perturb(batch:1 lin{mvs:25 evals:97'943} #w_updates:33 #perturb:0)
#48    1968.54s best:1019343 next:[1002889,1019342] graph_var_lns (d=3.00e-01 s=3780 t=0.10 p=0.48 stall=1 h=base)
#49    1984.26s best:1019304 next:[1002889,1019303] graph_arc_lns (d=4.74e-01 s=3802 t=0.10 p=0.50 stall=1 h=base)
#50    1987.31s best:1019300 next:[1002889,1019299] graph_var_lns (d=2.56e-01 s=3810 t=0.10 p=0.47 stall=0 h=base)
#51    2000.31s best:1019283 next:[1002889,1019282] graph_var_lns (d=2.18e-01 s=3827 t=0.10 p=0.45 stall=0 h=base)
#52    2004.86s best:1019254 next:[1002889,1019253] graph_var_lns (d=1.87e-01 s=3841 t=0.10 p=0.44 stall=0 h=base)
#53    2012.48s best:1019253 next:[1002889,1019252] ls_restart_decay_perturb(batch:2 lin{mvs:10 evals:29'810} gen{mvs:1 evals:136} #w_updates:4 #perturb:0)
#54    2015.12s best:1019250 next:[1002889,1019249] graph_var_lns (d=1.37e-01 s=3882 t=0.10 p=0.42 stall=0 h=base)
#55    2015.27s best:1019242 next:[1002889,1019241] graph_var_lns (d=1.37e-01 s=3883 t=0.10 p=0.42 stall=0 h=base)
#56    2023.29s best:1019230 next:[1002889,1019229] graph_arc_lns (d=4.68e-01 s=3885 t=0.10 p=0.50 stall=1 h=base)
#57    2026.97s best:1019220 next:[1002889,1019219] graph_var_lns (d=1.02e-01 s=3908 t=0.10 p=0.39 stall=0 h=base)
#58    2034.72s best:1019219 next:[1002889,1019218] ls_restart_decay(batch:2 lin{mvs:10 evals:30'610} gen{mvs:1 evals:126} #w_updates:4 #perturb:0)
#59    2036.82s best:1019211 next:[1002889,1019210] graph_var_lns (d=1.16e-01 s=3952 t=0.10 p=0.42 stall=3 h=base)
#60    2050.74s best:1019100 next:[1002889,1019099] graph_arc_lns (d=3.64e-01 s=3982 t=0.10 p=0.45 stall=0 h=base)
#61    2054.66s best:1019097 next:[1002889,1019096] graph_var_lns (d=1.01e-01 s=4002 t=0.10 p=0.42 stall=5 h=base)
#62    2066.88s best:1019077 next:[1002889,1019076] graph_var_lns (d=1.14e-01 s=4037 t=0.10 p=0.44 stall=3 h=base)
#63    2069.74s best:1018779 next:[1002889,1018778] graph_arc_lns (d=3.53e-01 s=4044 t=0.10 p=0.47 stall=2 h=base)
#64    2073.77s best:1018776 next:[1002889,1018775] graph_var_lns (d=1.00e-01 s=4064 t=0.10 p=0.43 stall=1 h=base)
#65    2084.05s best:1018765 next:[1002889,1018764] graph_var_lns (d=1.13e-01 s=4090 t=0.10 p=0.44 stall=2 h=base)
#66    2087.09s best:1018757 next:[1002889,1018756] graph_var_lns (d=1.00e-01 s=4102 t=0.10 p=0.44 stall=0 h=base)
#67    2087.17s best:1018756 next:[1002889,1018755] ls_restart(batch:1 lin{mvs:12 evals:31'842} #w_updates:7 #perturb:0)
#68    2087.81s best:1018755 next:[1002889,1018754] ls_restart_perturb(batch:1 lin{mvs:27 evals:92'773} #w_updates:32 #perturb:0)
#69    2089.01s best:1018754 next:[1002889,1018753] ls_restart_perturb(batch:1 lin{mvs:27 evals:100'625} #w_updates:32 #perturb:0)
#70    2089.51s best:1018753 next:[1002889,1018752] ls_restart_perturb(batch:1 lin{mvs:29 evals:95'105} #w_updates:32 #perturb:0)
#71    2089.59s best:1018752 next:[1002889,1018751] ls_restart_decay_perturb(batch:1 lin{mvs:25 evals:76'361} #w_updates:25 #perturb:0)
#72    2092.27s best:1018751 next:[1002889,1018750] ls_restart_perturb(batch:1 lin{mvs:23 evals:92'157} #w_updates:17 #perturb:0)
#73    2092.35s best:1018750 next:[1002889,1018749] ls_restart_decay(batch:1 lin{mvs:25 evals:71'387} #w_updates:19 #perturb:0)
#74    2092.67s best:1018749 next:[1002889,1018748] ls_restart(batch:1 lin{mvs:25 evals:90'262} #w_updates:32 #perturb:0)
#75    2094.50s best:1018748 next:[1002889,1018747] ls_restart_decay_perturb(batch:1 lin{mvs:27 evals:72'972} #w_updates:26 #perturb:0)
#76    2100.43s best:1018747 next:[1002889,1018746] ls_restart(batch:1 lin{mvs:37 evals:115'828} #w_updates:34 #perturb:0)
#77    2101.26s best:1018746 next:[1002889,1018745] ls_restart(batch:1 lin{mvs:27 evals:94'247} #w_updates:34 #perturb:0)
#78    2102.24s best:1018745 next:[1002889,1018744] ls_restart_perturb(batch:1 lin{mvs:31 evals:95'365} #w_updates:34 #perturb:0)
#79    2103.24s best:1018744 next:[1002889,1018743] ls_restart_decay(batch:1 lin{mvs:31 evals:87'526} #w_updates:25 #perturb:0)
#80    2127.28s best:1018743 next:[1002889,1018742] ls_restart_perturb(batch:1 lin{mvs:37 evals:129'122} #w_updates:34 #perturb:0)
#81    2127.37s best:1018742 next:[1002889,1018741] ls_restart_perturb(batch:1 lin{mvs:27 evals:85'838} #w_updates:34 #perturb:0)
#82    2127.47s best:1018741 next:[1002889,1018740] ls_restart_decay(batch:1 lin{mvs:25 evals:74'304} #w_updates:14 #perturb:0)
#83    2129.78s best:1018740 next:[1002889,1018739] graph_var_lns (d=4.18e-01 s=4189 t=0.10 p=0.53 stall=4 h=base)
#84    2135.71s best:1018739 next:[1002889,1018738] ls_restart_decay(batch:1 lin{mvs:24 evals:93'415} #w_updates:13 #perturb:0)
#85    2136.78s best:1018738 next:[1002889,1018737] ls_restart(batch:1 lin{mvs:25 evals:90'320} #w_updates:33 #perturb:0)
#86    2136.88s best:1018737 next:[1002889,1018736] ls_restart_decay_perturb(batch:1 lin{mvs:26 evals:96'829} #w_updates:24 #perturb:0)
#87    2136.97s best:1018736 next:[1002889,1018735] ls_restart(batch:1 lin{mvs:23 evals:87'704} #w_updates:17 #perturb:0)
#88    2137.17s best:1018735 next:[1002889,1018734] ls_restart_decay_perturb(batch:1 lin{mvs:26 evals:86'921} #w_updates:24 #perturb:0)
#89    2334.41s best:1018734 next:[1002889,1018733] rnd_cst_lns (d=2.62e-01 s=4362 t=0.10 p=0.48 stall=0 h=base) [hint]
#90    2339.65s best:1018733 next:[1002889,1018732] ls_restart_decay(batch:1 lin{mvs:29 evals:90'550} #w_updates:23 #perturb:0)
#91    2340.18s best:1018732 next:[1002889,1018731] ls_restart_perturb(batch:1 lin{mvs:33 evals:119'913} #w_updates:33 #perturb:0)
#92    2342.76s best:1018731 next:[1002889,1018730] ls_restart_decay_perturb(batch:1 lin{mvs:39 evals:110'330} #w_updates:24 #perturb:0)
#93    2343.91s best:1018730 next:[1002889,1018729] ls_restart_decay_perturb(batch:1 lin{mvs:25 evals:75'841} #w_updates:16 #perturb:0)
#94    2345.20s best:1018729 next:[1002889,1018728] ls_restart_perturb(batch:1 lin{mvs:27 evals:100'210} #w_updates:33 #perturb:0)
#95    2596.39s best:1018728 next:[1002889,1018727] graph_cst_lns (d=2.81e-01 s=4740 t=0.10 p=0.50 stall=0 h=base)
#96    2599.15s best:1018504 next:[1002889,1018503] rnd_cst_lns (d=3.57e-01 s=4744 t=0.10 p=0.50 stall=0 h=base)
#97    2623.96s best:1018503 next:[1002889,1018502] ls_restart_perturb(batch:2 lin{mvs:12 evals:30'757} gen{mvs:1 evals:144} #w_updates:7 #perturb:0)
#98    2634.10s best:1018502 next:[1002889,1018501] ls_restart(batch:2 lin{mvs:12 evals:30'539} gen{mvs:1 evals:133} #w_updates:7 #perturb:0)
#99    2635.66s best:1018501 next:[1002889,1018500] ls_restart_decay_perturb(batch:2 lin{mvs:10 evals:29'966} gen{mvs:1 evals:131} #w_updates:4 #perturb:0)
#100   2637.60s best:1018462 next:[1002889,1018461] rnd_cst_lns (d=3.87e-01 s=4828 t=0.10 p=0.51 stall=1 h=base)
#101   2668.34s best:1018461 next:[1002889,1018460] ls_restart_perturb(batch:2 lin{mvs:12 evals:31'284} gen{mvs:1 evals:119} #w_updates:7 #perturb:0)
#102   2675.49s best:1018460 next:[1002889,1018459] ls_restart(batch:2 lin{mvs:12 evals:28'842} gen{mvs:1 evals:134} #w_updates:7 #perturb:0)
#103   2683.22s best:1018459 next:[1002889,1018458] ls_restart_perturb(batch:2 lin{mvs:12 evals:30'658} gen{mvs:1 evals:135} #w_updates:7 #perturb:0)
#104   2684.56s best:1018401 next:[1002889,1018400] rnd_cst_lns (d=4.17e-01 s=4925 t=0.10 p=0.51 stall=1 h=base)
#105   2686.27s best:1018351 next:[1002889,1018350] graph_cst_lns (d=2.81e-01 s=4935 t=0.10 p=0.50 stall=0 h=base)
#106   2691.40s best:1018350 next:[1002889,1018349] ls_restart_decay_perturb(batch:2 lin{mvs:10 evals:28'758} gen{mvs:1 evals:122} #w_updates:4 #perturb:0)
#107   2696.66s best:1018328 next:[1002889,1018327] rnd_cst_lns (d=3.58e-01 s=4992 t=0.10 p=0.50 stall=1 h=base)
#108   2720.91s best:1018327 next:[1002889,1018326] ls_restart_perturb(batch:1 lin{mvs:27 evals:83'513} #w_updates:23 #perturb:0)
#109   2722.23s best:1018326 next:[1002889,1018325] ls_restart_perturb(batch:1 lin{mvs:25 evals:94'979} #w_updates:18 #perturb:0)
#110   2723.27s best:1018325 next:[1002889,1018324] ls_restart(batch:1 lin{mvs:37 evals:118'660} #w_updates:35 #perturb:0)
#111   2727.74s best:1018324 next:[1002889,1018323] ls_restart_perturb(batch:1 lin{mvs:29 evals:104'196} #w_updates:35 #perturb:0)
#112   2729.77s best:1018323 next:[1002889,1018322] ls_restart_decay_perturb(batch:1 lin{mvs:27 evals:78'646} #w_updates:25 #perturb:0)
#113   2729.85s best:1018322 next:[1002889,1018321] ls_restart_decay(batch:1 lin{mvs:33 evals:90'179} #w_updates:25 #perturb:0)
#114   2729.91s best:1018321 next:[1002889,1018320] ls_restart_perturb(batch:1 lin{mvs:29 evals:94'433} #w_updates:33 #perturb:0)
#115   2730.80s best:1018320 next:[1002889,1018319] ls_restart_decay(batch:1 lin{mvs:43 evals:80'705} #w_updates:25 #perturb:0)
#116   2730.87s best:1018319 next:[1002889,1018318] ls_restart_decay(batch:1 lin{mvs:27 evals:78'761} #w_updates:18 #perturb:0)
#117   2731.12s best:1018318 next:[1002889,1018317] ls_restart_perturb(batch:1 lin{mvs:27 evals:102'927} #w_updates:35 #perturb:0)
#118   2733.37s best:1018317 next:[1002889,1018316] ls_restart(batch:1 lin{mvs:29 evals:104'959} #w_updates:35 #perturb:0)
#119   2733.44s best:1018316 next:[1002889,1018315] ls_restart(batch:1 lin{mvs:31 evals:99'286} #w_updates:35 #perturb:0)
#120   2735.74s best:1018315 next:[1002889,1018314] ls_restart_decay_perturb(batch:1 lin{mvs:29 evals:79'106} #w_updates:22 #perturb:0)
#121   2736.37s best:1018314 next:[1002889,1018313] ls_restart_decay_perturb(batch:1 lin{mvs:25 evals:83'106} #w_updates:13 #perturb:0)
#122   2736.43s best:1018313 next:[1002889,1018312] ls_restart(batch:1 lin{mvs:33 evals:103'982} #w_updates:35 #perturb:0)
#123   2736.69s best:1018312 next:[1002889,1018311] ls_restart_decay_perturb(batch:1 lin{mvs:37 evals:96'594} #w_updates:25 #perturb:0)
#124   2737.11s best:1018311 next:[1002889,1018310] ls_restart_decay_perturb(batch:1 lin{mvs:27 evals:91'905} #w_updates:25 #perturb:0)
#125   2737.17s best:1018310 next:[1002889,1018309] ls_restart_decay(batch:1 lin{mvs:29 evals:70'027} #w_updates:15 #perturb:0)
#126   2738.33s best:1018309 next:[1002889,1018308] ls_restart(batch:1 lin{mvs:35 evals:112'646} #w_updates:35 #perturb:0)
#127   2738.59s best:1018308 next:[1002889,1018307] ls_restart_decay_perturb(batch:1 lin{mvs:29 evals:74'457} #w_updates:16 #perturb:0)
#128   2799.51s best:1018307 next:[1002889,1018306] graph_cst_lns (d=2.96e-01 s=5114 t=0.10 p=0.50 stall=0 h=base)
#129   2802.61s best:1018306 next:[1002889,1018305] ls_restart(batch:1 lin{mvs:27 evals:101'588} #w_updates:35 #perturb:0)
#130   2802.68s best:1018305 next:[1002889,1018304] ls_restart_decay_perturb(batch:1 lin{mvs:35 evals:94'721} #w_updates:25 #perturb:0)
#131   2806.37s best:1018304 next:[1002889,1018303] ls_restart_decay_perturb(batch:1 lin{mvs:27 evals:84'749} #w_updates:25 #perturb:0)
#132   2808.90s best:1018303 next:[1002889,1018302] ls_restart_perturb(batch:1 lin{mvs:27 evals:90'884} #w_updates:35 #perturb:0)
#133   2809.19s best:1018302 next:[1002889,1018301] ls_restart_decay(batch:1 lin{mvs:35 evals:102'049} #w_updates:25 #perturb:0)
#134   2922.53s best:1018301 next:[1002889,1018300] ls_restart_decay(batch:1 lin{mvs:42 evals:111'706} #w_updates:25 #perturb:0)
#135   2922.64s best:1018300 next:[1002889,1018299] ls_restart_decay(batch:1 lin{mvs:43 evals:112'811} #w_updates:25 #perturb:0)
#136   2925.80s best:1018299 next:[1002889,1018298] ls_restart_perturb(batch:1 lin{mvs:26 evals:105'971} #w_updates:19 #perturb:0)
#137   2926.05s best:1018298 next:[1002889,1018297] ls_restart_perturb(batch:1 lin{mvs:29 evals:100'599} #w_updates:35 #perturb:0)
#138   2926.13s best:1018297 next:[1002889,1018296] ls_restart(batch:1 lin{mvs:30 evals:105'686} #w_updates:35 #perturb:0)
#139   2926.82s best:1018296 next:[1002889,1018295] ls_restart_perturb(batch:1 lin{mvs:27 evals:102'814} #w_updates:35 #perturb:0)
#140   2926.89s best:1018295 next:[1002889,1018294] ls_restart_decay(batch:1 lin{mvs:30 evals:87'616} #w_updates:25 #perturb:0)
#141   2926.97s best:1018294 next:[1002889,1018293] ls_restart(batch:1 lin{mvs:29 evals:102'760} #w_updates:35 #perturb:0)
#142   2927.06s best:1018293 next:[1002889,1018292] ls_restart_decay_perturb(batch:1 lin{mvs:30 evals:81'097} #w_updates:19 #perturb:0)
#143   2930.13s best:1018292 next:[1002889,1018291] ls_restart(batch:1 lin{mvs:27 evals:102'874} #w_updates:35 #perturb:0)
#144   2933.66s best:1018291 next:[1002889,1018290] ls_restart_perturb(batch:1 lin{mvs:32 evals:118'185} #w_updates:35 #perturb:0)
#145   2934.13s best:1018290 next:[1002889,1018289] ls_restart_decay_perturb(batch:1 lin{mvs:25 evals:85'910} #w_updates:13 #perturb:0)
#146   2934.22s best:1018289 next:[1002889,1018288] ls_restart_perturb(batch:1 lin{mvs:30 evals:94'308} #w_updates:23 #perturb:0)
#147   2934.29s best:1018288 next:[1002889,1018287] ls_restart_decay_perturb(batch:1 lin{mvs:27 evals:90'924} #w_updates:25 #perturb:0)
#148   2934.38s best:1018287 next:[1002889,1018286] ls_restart(batch:1 lin{mvs:34 evals:113'032} #w_updates:35 #perturb:0)
#149   2935.26s best:1018286 next:[1002889,1018285] ls_restart_perturb(batch:1 lin{mvs:27 evals:88'834} #w_updates:35 #perturb:0)
#150   2937.27s best:1018285 next:[1002889,1018284] ls_restart_decay_perturb(batch:1 lin{mvs:28 evals:94'422} #w_updates:25 #perturb:0)
#151   2937.54s best:1018284 next:[1002889,1018283] ls_restart_decay(batch:1 lin{mvs:29 evals:76'143} #w_updates:20 #perturb:0)
#152   2937.61s best:1018283 next:[1002889,1018282] ls_restart(batch:1 lin{mvs:28 evals:98'318} #w_updates:21 #perturb:0)
#153   2940.16s best:1018282 next:[1002889,1018281] ls_restart_perturb(batch:1 lin{mvs:33 evals:115'044} #w_updates:35 #perturb:0)
#154   2940.23s best:1018281 next:[1002889,1018280] ls_restart_decay(batch:1 lin{mvs:28 evals:92'220} #w_updates:25 #perturb:0)
#155   2941.11s best:1018280 next:[1002889,1018279] ls_restart(batch:1 lin{mvs:27 evals:91'930} #w_updates:19 #perturb:0)
#156   2941.52s best:1018279 next:[1002889,1018278] ls_restart(batch:1 lin{mvs:26 evals:101'728} #w_updates:19 #perturb:0)
#157   2942.55s best:1018278 next:[1002889,1018277] ls_restart_decay_perturb(batch:1 lin{mvs:27 evals:88'918} #w_updates:25 #perturb:0)
#158   2949.65s best:1018277 next:[1002889,1018276] ls_restart_decay(batch:1 lin{mvs:30 evals:78'689} #w_updates:19 #perturb:0)
#159   2949.73s best:1018276 next:[1002889,1018275] ls_restart_perturb(batch:1 lin{mvs:29 evals:98'974} #w_updates:21 #perturb:0)
#160   2949.81s best:1018275 next:[1002889,1018274] ls_restart_decay_perturb(batch:1 lin{mvs:30 evals:87'469} #w_updates:15 #perturb:0)
#161   2949.90s best:1018274 next:[1002889,1018273] ls_restart_decay_perturb(batch:1 lin{mvs:37 evals:71'619} #w_updates:18 #perturb:0)
#162   2950.01s best:1018273 next:[1002889,1018272] ls_restart_decay(batch:1 lin{mvs:34 evals:100'173} #w_updates:17 #perturb:0)
#163   2952.32s best:1018272 next:[1002889,1018271] ls_restart_decay(batch:1 lin{mvs:27 evals:82'437} #w_updates:25 #perturb:0)
#164   2952.40s best:1018271 next:[1002889,1018270] ls_restart_perturb(batch:1 lin{mvs:28 evals:93'037} #w_updates:23 #perturb:0)
#165   2955.98s best:1018270 next:[1002889,1018269] ls_restart(batch:1 lin{mvs:31 evals:105'854} #w_updates:35 #perturb:0)
#166   2956.07s best:1018269 next:[1002889,1018268] ls_restart(batch:1 lin{mvs:30 evals:115'446} #w_updates:33 #perturb:0)
#167   2956.77s best:1018268 next:[1002889,1018267] ls_restart_decay(batch:1 lin{mvs:29 evals:71'606} #w_updates:16 #perturb:0)
#168   2959.80s best:1018267 next:[1002889,1018266] ls_restart(batch:1 lin{mvs:30 evals:109'552} #w_updates:35 #perturb:0)
#169   2959.87s best:1018266 next:[1002889,1018265] ls_restart_decay(batch:1 lin{mvs:31 evals:87'019} #w_updates:25 #perturb:0)
#170   2960.10s best:1018265 next:[1002889,1018264] ls_restart_perturb(batch:1 lin{mvs:28 evals:106'431} #w_updates:35 #perturb:0)
#171   2960.17s best:1018264 next:[1002889,1018263] ls_restart_perturb(batch:1 lin{mvs:27 evals:89'821} #w_updates:20 #perturb:0)
#172   2960.24s best:1018263 next:[1002889,1018262] ls_restart_decay_perturb(batch:1 lin{mvs:28 evals:87'289} #w_updates:25 #perturb:0)
#173   2974.04s best:1018262 next:[1002889,1018261] ls_restart_decay_perturb(batch:1 lin{mvs:27 evals:88'151} #w_updates:25 #perturb:0)
#174   2976.18s best:1018261 next:[1002889,1018260] ls_restart(batch:1 lin{mvs:30 evals:100'842} #w_updates:35 #perturb:0)
#175   2976.24s best:1018260 next:[1002889,1018259] ls_restart_perturb(batch:1 lin{mvs:29 evals:109'402} #w_updates:35 #perturb:0)
#176   2977.31s best:1018259 next:[1002889,1018258] ls_restart_decay_perturb(batch:1 lin{mvs:30 evals:90'988} #w_updates:25 #perturb:0)
#177   2977.37s best:1018258 next:[1002889,1018257] ls_restart(batch:1 lin{mvs:29 evals:85'039} #w_updates:23 #perturb:0)
#178   2977.44s best:1018257 next:[1002889,1018256] ls_restart_decay_perturb(batch:1 lin{mvs:28 evals:84'847} #w_updates:25 #perturb:0)
#179   2977.51s best:1018256 next:[1002889,1018255] ls_restart_decay(batch:1 lin{mvs:27 evals:78'345} #w_updates:17 #perturb:0)
#180   2977.75s best:1018255 next:[1002889,1018254] ls_restart_decay(batch:1 lin{mvs:30 evals:102'075} #w_updates:25 #perturb:0)
#181   2980.83s best:1018254 next:[1002889,1018253] ls_restart_perturb(batch:1 lin{mvs:31 evals:83'214} #w_updates:23 #perturb:0)
#182   3002.93s best:1018253 next:[1002889,1018252] ls_restart_decay(batch:1 lin{mvs:30 evals:97'609} #w_updates:24 #perturb:0)
#183   3003.82s best:1018252 next:[1002889,1018251] ls_restart_decay(batch:1 lin{mvs:27 evals:88'649} #w_updates:25 #perturb:0)
#184   3004.19s best:1018251 next:[1002889,1018250] ls_restart_decay(batch:1 lin{mvs:28 evals:90'565} #w_updates:25 #perturb:0)
#185   3019.80s best:1018250 next:[1002889,1018249] graph_arc_lns (d=5.50e-01 s=5273 t=0.10 p=0.51 stall=0 h=base)
#186   3020.19s best:1018247 next:[1002889,1018246] graph_arc_lns (d=5.50e-01 s=5269 t=0.10 p=0.51 stall=0 h=base)
#187   3024.67s best:1018246 next:[1002889,1018245] ls_restart(batch:2 lin{mvs:10 evals:30'402} gen{mvs:1 evals:139} #w_updates:5 #perturb:0)
#188   3030.01s best:1018245 next:[1002889,1018244] ls_restart_decay(batch:2 lin{mvs:10 evals:31'765} gen{mvs:1 evals:54} #w_updates:4 #perturb:0)
#189   3031.76s best:1018244 next:[1002889,1018243] ls_restart(batch:2 lin{mvs:12 evals:30'941} gen{mvs:1 evals:134} #w_updates:7 #perturb:0)
#190   3037.33s best:1018243 next:[1002889,1018242] ls_restart_decay(batch:2 lin{mvs:10 evals:29'291} gen{mvs:1 evals:124} #w_updates:4 #perturb:0)
#191   3042.95s best:1018242 next:[1002889,1018241] ls_restart_decay_perturb(batch:2 lin{mvs:10 evals:29'972} gen{mvs:1 evals:91} #w_updates:4 #perturb:0)
#192   3046.35s best:1018241 next:[1002889,1018240] ls_restart_perturb(batch:2 lin{mvs:12 evals:30'957} gen{mvs:1 evals:144} #w_updates:7 #perturb:0)
#193   3056.10s best:1018236 next:[1002889,1018235] graph_var_lns (d=4.21e-01 s=5437 t=0.10 p=0.53 stall=9 h=base)
#194   3220.03s best:1011904 next:[1002889,1011903] quick_restart
#195   3223.02s best:1011903 next:[1002889,1011902] rnd_cst_lns (d=2.15e-01 s=5575 t=0.10 p=0.49 stall=0 h=base)
#196   3230.10s best:1011902 next:[1002889,1011901] ls_restart_perturb(batch:1 lin{mvs:19 evals:117'526} #w_updates:15 #perturb:0)
#197   3230.96s best:1011901 next:[1002889,1011900] ls_restart_decay(batch:1 lin{mvs:17 evals:97'312} #w_updates:10 #perturb:0)
#198   3231.20s best:1011900 next:[1002889,1011899] ls_restart_perturb(batch:1 lin{mvs:19 evals:117'335} #w_updates:15 #perturb:0)
#199   3231.26s best:1011899 next:[1002889,1011898] ls_restart(batch:1 lin{mvs:17 evals:103'593} #w_updates:13 #perturb:0)
#200   3231.31s best:1011898 next:[1002889,1011897] ls_restart_decay(batch:1 lin{mvs:19 evals:116'850} #w_updates:11 #perturb:0)
#201   3474.17s best:1011897 next:[1002889,1011896] graph_cst_lns (d=2.93e-01 s=5664 t=0.10 p=0.50 stall=0 h=base)
#202   3476.79s best:1011896 next:[1002889,1011895] ls_restart_decay_perturb(batch:1 lin{mvs:25 evals:87'195} #w_updates:23 #perturb:0)
#203   3477.10s best:1011895 next:[1002889,1011894] ls_restart_decay_perturb(batch:1 lin{mvs:25 evals:83'024} #w_updates:23 #perturb:0)
#204   3477.17s best:1011894 next:[1002889,1011893] ls_restart_decay(batch:1 lin{mvs:25 evals:69'299} #w_updates:16 #perturb:0)
#205   3483.45s best:1011893 next:[1002889,1011892] ls_restart_decay_perturb(batch:1 lin{mvs:27 evals:81'944} #w_updates:23 #perturb:0)
#206   3483.52s best:1011892 next:[1002889,1011891] ls_restart_decay(batch:1 lin{mvs:23 evals:79'380} #w_updates:23 #perturb:0)
#207   3483.62s best:1011891 next:[1002889,1011890] ls_restart(batch:1 lin{mvs:29 evals:100'991} #w_updates:33 #perturb:0)
#208   3484.46s best:1011890 next:[1002889,1011889] ls_restart_decay_perturb(batch:1 lin{mvs:29 evals:86'003} #w_updates:23 #perturb:0)
#209   3485.03s best:1011889 next:[1002889,1011888] ls_restart_perturb(batch:1 lin{mvs:29 evals:101'737} #w_updates:33 #perturb:0)
#210   3485.11s best:1011888 next:[1002889,1011887] ls_restart_decay(batch:1 lin{mvs:27 evals:79'342} #w_updates:23 #perturb:0)
#211   3485.18s best:1011887 next:[1002889,1011886] ls_restart(batch:1 lin{mvs:25 evals:93'844} #w_updates:33 #perturb:0)
#212   3485.27s best:1011886 next:[1002889,1011885] ls_restart_perturb(batch:1 lin{mvs:27 evals:92'383} #w_updates:33 #perturb:0)
#213   3485.78s best:1011885 next:[1002889,1011884] ls_restart_decay(batch:1 lin{mvs:25 evals:82'021} #w_updates:24 #perturb:0)
#214   3486.04s best:1011884 next:[1002889,1011883] ls_restart_decay_perturb(batch:1 lin{mvs:27 evals:80'921} #w_updates:24 #perturb:0)
#215   3486.68s best:1011883 next:[1002889,1011882] ls_restart_decay_perturb(batch:1 lin{mvs:25 evals:78'259} #w_updates:24 #perturb:0)
#216   3486.75s best:1011882 next:[1002889,1011881] ls_restart_perturb(batch:1 lin{mvs:25 evals:83'001} #w_updates:21 #perturb:0)
#217   3486.84s best:1011881 next:[1002889,1011880] ls_restart_decay(batch:1 lin{mvs:31 evals:79'415} #w_updates:24 #perturb:0)
#218   3487.57s best:1011880 next:[1002889,1011879] ls_restart_decay(batch:1 lin{mvs:27 evals:82'743} #w_updates:24 #perturb:0)
#219   3487.65s best:1011879 next:[1002889,1011878] ls_restart(batch:1 lin{mvs:25 evals:92'498} #w_updates:33 #perturb:0)
#220   3489.08s best:1011878 next:[1002889,1011877] ls_restart_decay(batch:1 lin{mvs:31 evals:90'070} #w_updates:24 #perturb:0)
#221   3489.36s best:1011877 next:[1002889,1011876] ls_restart_perturb(batch:1 lin{mvs:25 evals:93'583} #w_updates:33 #perturb:0)
#222   3494.04s best:1011876 next:[1002889,1011875] ls_restart_decay_perturb(batch:1 lin{mvs:29 evals:86'968} #w_updates:24 #perturb:0)
#223   3494.12s best:1011875 next:[1002889,1011874] ls_restart(batch:1 lin{mvs:25 evals:94'680} #w_updates:33 #perturb:0)
#224   3494.19s best:1011874 next:[1002889,1011873] ls_restart_decay_perturb(batch:1 lin{mvs:27 evals:73'681} #w_updates:24 #perturb:0)
#225   3495.92s best:1011873 next:[1002889,1011872] ls_restart_decay(batch:1 lin{mvs:25 evals:80'311} #w_updates:24 #perturb:0)
#226   3521.34s best:1011872 next:[1002889,1011871] ls_restart_decay_perturb(batch:1 lin{mvs:25 evals:65'011} #w_updates:17 #perturb:0)
#227   3521.43s best:1011871 next:[1002889,1011870] ls_restart_decay_perturb(batch:1 lin{mvs:27 evals:92'439} #w_updates:24 #perturb:0)
#228   3521.88s best:1011870 next:[1002889,1011869] ls_restart_decay(batch:1 lin{mvs:27 evals:86'309} #w_updates:23 #perturb:0)
#229   3522.91s best:1011869 next:[1002889,1011868] ls_restart(batch:1 lin{mvs:25 evals:87'627} #w_updates:19 #perturb:0)
#230   3524.23s best:1011868 next:[1002889,1011867] ls_restart_decay(batch:1 lin{mvs:25 evals:77'047} #w_updates:24 #perturb:0)
#231   3525.13s best:1011867 next:[1002889,1011866] ls_restart(batch:1 lin{mvs:25 evals:88'943} #w_updates:33 #perturb:0)
#232   3525.41s best:1011866 next:[1002889,1011865] ls_restart_perturb(batch:1 lin{mvs:31 evals:107'168} #w_updates:33 #perturb:0)
#233   3526.24s best:1011865 next:[1002889,1011864] ls_restart_decay(batch:1 lin{mvs:33 evals:93'751} #w_updates:23 #perturb:0)
#234   3527.03s best:1011864 next:[1002889,1011863] ls_restart_decay_perturb(batch:1 lin{mvs:27 evals:83'933} #w_updates:24 #perturb:0)
#235   3527.60s best:1011863 next:[1002889,1011862] ls_restart(batch:1 lin{mvs:33 evals:110'024} #w_updates:33 #perturb:0)
#236   3527.66s best:1011862 next:[1002889,1011861] ls_restart(batch:1 lin{mvs:25 evals:89'367} #w_updates:21 #perturb:0)
#237   3528.42s best:1011861 next:[1002889,1011860] ls_restart(batch:1 lin{mvs:29 evals:103'056} #w_updates:33 #perturb:0)
#238   3529.04s best:1011860 next:[1002889,1011859] ls_restart_decay_perturb(batch:1 lin{mvs:25 evals:80'613} #w_updates:24 #perturb:0)
#239   3533.48s best:1011859 next:[1002889,1011858] ls_restart_decay(batch:1 lin{mvs:27 evals:78'076} #w_updates:24 #perturb:0)
#240   3540.22s best:1011858 next:[1002889,1011857] ls_restart_decay_perturb(batch:1 lin{mvs:31 evals:93'126} #w_updates:23 #perturb:0)
#241   3540.93s best:1011857 next:[1002889,1011856] ls_restart(batch:1 lin{mvs:25 evals:96'217} #w_updates:31 #perturb:0)
#242   3541.21s best:1011856 next:[1002889,1011855] ls_restart(batch:1 lin{mvs:25 evals:79'671} #w_updates:21 #perturb:0)
#243   3543.05s best:1011855 next:[1002889,1011854] ls_restart_perturb(batch:1 lin{mvs:27 evals:99'859} #w_updates:33 #perturb:0)
#244   3543.13s best:1011854 next:[1002889,1011853] ls_restart_perturb(batch:1 lin{mvs:27 evals:94'734} #w_updates:33 #perturb:0)
#245   3543.40s best:1011853 next:[1002889,1011852] ls_restart_perturb(batch:1 lin{mvs:25 evals:98'697} #w_updates:33 #perturb:0)
#246   3543.66s best:1011852 next:[1002889,1011851] ls_restart_decay_perturb(batch:1 lin{mvs:27 evals:76'947} #w_updates:17 #perturb:0)
#247   3544.12s best:1011851 next:[1002889,1011850] ls_restart_perturb(batch:1 lin{mvs:27 evals:102'523} #w_updates:33 #perturb:0)
#248   3545.32s best:1011850 next:[1002889,1011849] ls_restart_decay(batch:1 lin{mvs:33 evals:90'208} #w_updates:24 #perturb:0)
#249   3545.91s best:1011849 next:[1002889,1011848] ls_restart_decay(batch:1 lin{mvs:27 evals:75'109} #w_updates:16 #perturb:0)
#250   3546.26s best:1011848 next:[1002889,1011847] ls_restart_decay(batch:1 lin{mvs:37 evals:101'897} #w_updates:24 #perturb:0)
#251   3548.91s best:1011847 next:[1002889,1011846] ls_restart_perturb(batch:1 lin{mvs:25 evals:91'668} #w_updates:33 #perturb:0)
#252   3551.79s best:1011846 next:[1002889,1011845] ls_restart(batch:1 lin{mvs:25 evals:84'690} #w_updates:21 #perturb:0)
#253   3551.86s best:1011845 next:[1002889,1011844] ls_restart_perturb(batch:1 lin{mvs:35 evals:105'866} #w_updates:33 #perturb:0)
#254   3551.92s best:1011844 next:[1002889,1011843] ls_restart_perturb(batch:1 lin{mvs:25 evals:85'625} #w_updates:21 #perturb:0)
#255   3552.35s best:1011843 next:[1002889,1011842] ls_restart(batch:1 lin{mvs:31 evals:108'278} #w_updates:33 #perturb:0)
#256   3552.42s best:1011842 next:[1002889,1011841] ls_restart_perturb(batch:1 lin{mvs:29 evals:104'162} #w_updates:33 #perturb:0)
#257   3552.83s best:1011841 next:[1002889,1011840] ls_restart(batch:1 lin{mvs:25 evals:92'600} #w_updates:33 #perturb:0)
#258   3552.89s best:1011840 next:[1002889,1011839] ls_restart_perturb(batch:1 lin{mvs:27 evals:101'006} #w_updates:33 #perturb:0)
#259   3553.12s best:1011839 next:[1002889,1011838] ls_restart_decay(batch:1 lin{mvs:25 evals:70'704} #w_updates:17 #perturb:0)
#260   3555.08s best:1011838 next:[1002889,1011837] ls_restart_perturb(batch:1 lin{mvs:31 evals:103'511} #w_updates:33 #perturb:0)
#261   3555.32s best:1011837 next:[1002889,1011836] ls_restart_perturb(batch:1 lin{mvs:27 evals:95'827} #w_updates:33 #perturb:0)
#262   3556.39s best:1011836 next:[1002889,1011835] ls_restart(batch:1 lin{mvs:37 evals:114'988} #w_updates:33 #perturb:0)
#263   3556.45s best:1011835 next:[1002889,1011834] ls_restart(batch:1 lin{mvs:25 evals:91'917} #w_updates:33 #perturb:0)
#264   3556.51s best:1011834 next:[1002889,1011833] ls_restart_decay_perturb(batch:1 lin{mvs:27 evals:86'146} #w_updates:24 #perturb:0)
#265   3559.87s best:1011832 next:[1002889,1011831] graph_var_lns (d=4.23e-01 s=5904 t=0.10 p=0.53 stall=3 h=base)
#266   3562.83s best:1011793 next:[1002889,1011792] rnd_cst_lns (d=3.43e-01 s=5921 t=0.10 p=0.50 stall=1 h=base)
#267   3609.42s best:1011781 next:[1002889,1011780] graph_var_lns (d=5.10e-01 s=5958 t=0.10 p=0.53 stall=3 h=base)
#268   3633.15s best:1011780 next:[1002889,1011779] ls_restart_decay(batch:2 lin{mvs:10 evals:31'094} gen{mvs:1 evals:144} #w_updates:4 #perturb:0)
#269   3642.64s best:1011779 next:[1002889,1011778] ls_restart(batch:2 lin{mvs:12 evals:29'005} gen{mvs:1 evals:138} #w_updates:7 #perturb:0)
#270   3653.72s best:1011778 next:[1002889,1011777] ls_restart_decay(batch:2 lin{mvs:10 evals:30'915} gen{mvs:1 evals:132} #w_updates:4 #perturb:0)
#271   3658.19s best:1011777 next:[1002889,1011776] ls_restart_decay(batch:2 lin{mvs:10 evals:31'278} gen{mvs:1 evals:144} #w_updates:4 #perturb:0)
#272   3663.62s best:1011776 next:[1002889,1011775] ls_restart_decay_perturb(batch:2 lin{mvs:8 evals:29'521} gen{mvs:1 evals:112} #w_updates:3 #perturb:0)
#273   3725.55s best:1011775 next:[1002889,1011774] ls_restart_decay(batch:2 lin{mvs:10 evals:30'658} gen{mvs:1 evals:120} #w_updates:4 #perturb:0)
#274   3725.59s best:1011774 next:[1002889,1011773] ls_restart_decay(batch:1 lin{mvs:10 evals:31'427} #w_updates:4 #perturb:0)
#275   3725.64s best:1011773 next:[1002889,1011772] ls_restart_decay(batch:1 lin{mvs:10 evals:30'281} #w_updates:4 #perturb:0)
#276   3875.40s best:1011767 next:[1002889,1011766] graph_var_lns (d=4.65e-01 s=10531 t=0.10 p=0.53 stall=0 h=base)
#277   3948.24s best:1011762 next:[1002889,1011761] graph_arc_lns (d=5.55e-01 s=10758 t=0.10 p=0.51 stall=0 h=base)
#278   3957.39s best:1011742 next:[1002889,1011741] graph_var_lns (d=3.87e-01 s=10801 t=0.10 p=0.52 stall=0 h=base)
#279   3968.38s best:1011704 next:[1002889,1011703] graph_var_lns (d=3.53e-01 s=10857 t=0.10 p=0.51 stall=0 h=base)
#280   3973.49s best:1011647 next:[1002889,1011646] rnd_cst_lns (d=2.32e-01 s=10883 t=0.10 p=0.49 stall=1 h=base)
#281   3975.01s best:1011646 next:[1002889,1011645] ls_restart_decay(batch:1 lin{mvs:23 evals:64'824} #w_updates:16 #perturb:0)
#282   3975.06s best:1011645 next:[1002889,1011644] ls_restart_perturb(batch:1 lin{mvs:25 evals:84'460} #w_updates:19 #perturb:0)
#283   3975.28s best:1011644 next:[1002889,1011643] ls_restart(batch:1 lin{mvs:23 evals:88'875} #w_updates:31 #perturb:0)
#284   3975.52s best:1011643 next:[1002889,1011642] ls_restart(batch:1 lin{mvs:29 evals:102'081} #w_updates:31 #perturb:0)
#285   3975.75s best:1011642 next:[1002889,1011641] ls_restart(batch:1 lin{mvs:23 evals:83'726} #w_updates:19 #perturb:0)
#286   3975.80s best:1011641 next:[1002889,1011640] ls_restart_decay_perturb(batch:1 lin{mvs:25 evals:78'358} #w_updates:23 #perturb:0)
#287   3976.72s best:1011640 next:[1002889,1011639] ls_restart_decay_perturb(batch:1 lin{mvs:23 evals:75'924} #w_updates:23 #perturb:0)
#288   3977.52s best:1011639 next:[1002889,1011638] ls_restart_perturb(batch:1 lin{mvs:25 evals:79'681} #w_updates:19 #perturb:0)
#289   3981.03s best:1011638 next:[1002889,1011637] ls_restart_decay(batch:1 lin{mvs:29 evals:84'943} #w_updates:23 #perturb:0)
#290   3982.95s best:1011637 next:[1002889,1011636] ls_restart_decay(batch:1 lin{mvs:31 evals:91'116} #w_updates:23 #perturb:0)
#291   3983.01s best:1011636 next:[1002889,1011635] ls_restart_decay(batch:1 lin{mvs:21 evals:81'119} #w_updates:12 #perturb:0)
#292   3983.07s best:1011635 next:[1002889,1011634] ls_restart_decay(batch:1 lin{mvs:23 evals:85'212} #w_updates:23 #perturb:0)
#293   3983.77s best:1011634 next:[1002889,1011633] ls_restart(batch:1 lin{mvs:23 evals:86'230} #w_updates:31 #perturb:0)
#294   3983.83s best:1011633 next:[1002889,1011632] ls_restart(batch:1 lin{mvs:23 evals:81'674} #w_updates:31 #perturb:0)
#295   3983.90s best:1011632 next:[1002889,1011631] ls_restart_perturb(batch:1 lin{mvs:27 evals:97'885} #w_updates:31 #perturb:0)
#296   3983.97s best:1011631 next:[1002889,1011630] ls_restart(batch:1 lin{mvs:25 evals:99'744} #w_updates:31 #perturb:0)
#297   3984.45s best:1011627 next:[1002889,1011626] graph_var_lns (d=2.95e-01 s=10964 t=0.10 p=0.50 stall=0 h=base)
#298   3987.61s best:1011626 next:[1002889,1011625] ls_restart_perturb(batch:2 lin{mvs:12 evals:29'669} gen{mvs:1 evals:75} #w_updates:7 #perturb:0)
#299   3987.65s best:1011625 next:[1002889,1011624] ls_restart_decay(batch:1 lin{mvs:10 evals:30'679} #w_updates:4 #perturb:0)
#300   3987.68s best:1011624 next:[1002889,1011623] ls_restart_perturb(batch:1 lin{mvs:10 evals:30'934} #w_updates:5 #perturb:0)
#301   4007.38s best:1011580 next:[1002889,1011579] graph_var_lns (d=4.18e-01 s=11110 t=0.10 p=0.52 stall=8 h=base)
#302   4011.45s best:1011577 next:[1002889,1011576] graph_cst_lns (d=2.91e-01 s=11136 t=0.10 p=0.50 stall=4 h=base)
#303   4049.44s best:1011576 next:[1002889,1011575] graph_var_lns (d=4.17e-01 s=11241 t=0.10 p=0.52 stall=0 h=base)
#304   4051.27s best:1011575 next:[1002889,1011574] ls_restart_decay_perturb(batch:1 lin{mvs:9 evals:38'753} #w_updates:4 #perturb:0)
#305   4051.33s best:1011574 next:[1002889,1011573] ls_restart_decay(batch:1 lin{mvs:23 evals:72'379} #w_updates:15 #perturb:0)
#306   4059.83s best:1011573 next:[1002889,1011572] ls_restart_perturb(batch:1 lin{mvs:23 evals:92'331} #w_updates:31 #perturb:0)
#307   4067.26s best:1011572 next:[1002889,1011571] ls_restart_decay_perturb(batch:1 lin{mvs:25 evals:76'999} #w_updates:23 #perturb:0)
#308   4067.58s best:1011571 next:[1002889,1011570] ls_restart(batch:1 lin{mvs:23 evals:83'978} #w_updates:18 #perturb:0)
#309   4067.70s best:1011570 next:[1002889,1011569] ls_restart_decay_perturb(batch:1 lin{mvs:27 evals:85'047} #w_updates:23 #perturb:0)
#310   4073.91s best:1011564 next:[1002889,1011563] graph_var_lns (d=3.83e-01 s=11322 t=0.10 p=0.52 stall=0 h=base)
#311   4074.83s best:1011555 next:[1002889,1011554] graph_cst_lns (d=2.58e-01 s=11330 t=0.10 p=0.50 stall=0 h=base)
#312   4094.49s best:1011554 next:[1002889,1011553] graph_var_lns (d=3.52e-01 s=11376 t=0.10 p=0.51 stall=0 h=base)
#313   4100.23s best:1011553 next:[1002889,1011552] ls_restart(batch:2 lin{mvs:12 evals:30'098} gen{mvs:1 evals:140} #w_updates:7 #perturb:0)
#314   4107.61s best:1011552 next:[1002889,1011551] ls_restart_perturb(batch:2 lin{mvs:12 evals:30'671} gen{mvs:1 evals:132} #w_updates:7 #perturb:0)
#315   4109.58s best:1011543 next:[1002889,1011542] graph_cst_lns (d=2.58e-01 s=11513 t=0.10 p=0.50 stall=0 h=base)
#316   4112.38s best:1011542 next:[1002889,1011541] ls_restart(batch:1 lin{mvs:11 evals:39'853} #w_updates:7 #perturb:0)
#317   4112.64s best:1011541 next:[1002889,1011540] ls_restart_decay(batch:1 lin{mvs:10 evals:30'529} #w_updates:4 #perturb:0)
#318   4112.84s best:1011540 next:[1002889,1011539] ls_restart_decay_perturb(batch:1 lin{mvs:9 evals:38'501} #w_updates:4 #perturb:0)
#319   4114.10s best:1011539 next:[1002889,1011538] ls_restart(batch:1 lin{mvs:12 evals:30'353} #w_updates:7 #perturb:0)
#320   4114.14s best:1011538 next:[1002889,1011537] ls_restart_decay_perturb(batch:1 lin{mvs:9 evals:38'466} #w_updates:4 #perturb:0)
#321   4114.52s best:1011537 next:[1002889,1011536] ls_restart_decay_perturb(batch:1 lin{mvs:10 evals:30'792} #w_updates:4 #perturb:0)
#322   4116.16s best:1011536 next:[1002889,1011535] ls_restart_perturb(batch:1 lin{mvs:6 evals:24'081} #w_updates:2 #perturb:0)
#323   4116.20s best:1011535 next:[1002889,1011534] ls_restart_decay_perturb(batch:1 lin{mvs:9 evals:39'570} #w_updates:4 #perturb:0)
#324   4116.24s best:1011534 next:[1002889,1011533] ls_restart_decay(batch:1 lin{mvs:10 evals:31'966} #w_updates:4 #perturb:0)
#325   4116.47s best:1011533 next:[1002889,1011532] ls_restart(batch:1 lin{mvs:11 evals:37'668} #w_updates:7 #perturb:0)
#326   4116.68s best:1011532 next:[1002889,1011531] ls_restart_decay(batch:1 lin{mvs:10 evals:29'690} #w_updates:4 #perturb:0)
#327   4117.85s best:1011531 next:[1002889,1011530] ls_restart_decay(batch:1 lin{mvs:9 evals:39'968} #w_updates:4 #perturb:0)
#328   4117.88s best:1011530 next:[1002889,1011529] ls_restart_decay(batch:1 lin{mvs:10 evals:31'790} #w_updates:4 #perturb:0)
#329   4120.41s best:1011518 next:[1002889,1011517] graph_var_lns (d=3.24e-01 s=11591 t=0.10 p=0.51 stall=3 h=base)
#330   4142.08s best:1011517 next:[1002889,1011516] ls_restart_decay(batch:2 lin{mvs:10 evals:28'282} gen{mvs:1 evals:141} #w_updates:4 #perturb:0)
#331   4143.82s best:1011516 next:[1002889,1011515] ls_restart(batch:1 lin{mvs:10 evals:30'291} #w_updates:5 #perturb:0)
#332   4145.40s best:1011515 next:[1002889,1011514] ls_restart_decay_perturb(batch:1 lin{mvs:10 evals:31'517} #w_updates:4 #perturb:0)
#333   4145.46s best:1011514 next:[1002889,1011513] ls_restart_decay(batch:1 lin{mvs:25 evals:87'875} #w_updates:23 #perturb:0)
#334   4150.94s best:1011493 next:[1002889,1011492] graph_var_lns (d=2.74e-01 s=11669 t=0.10 p=0.50 stall=0 h=base)
#335   4157.53s best:1011465 next:[1002889,1011464] graph_var_lns (d=2.52e-01 s=11699 t=0.10 p=0.50 stall=0 h=base)
#336   4163.05s best:1011443 next:[1002889,1011442] graph_var_lns (d=2.32e-01 s=11734 t=0.10 p=0.49 stall=0 h=base)
#337   4169.97s best:1011441 next:[1002889,1011440] graph_var_lns (d=2.14e-01 s=11765 t=0.10 p=0.49 stall=0 h=base)
#338   4170.46s best:1011433 next:[1002889,1011432] graph_var_lns (d=2.14e-01 s=11768 t=0.10 p=0.49 stall=0 h=base)
#339   4172.98s best:1011406 next:[1002889,1011405] rnd_cst_lns (d=2.62e-01 s=11805 t=0.10 p=0.50 stall=5 h=base)
#340   4173.02s best:1011405 next:[1002889,1011404] ls_restart_decay(batch:1 lin{mvs:10 evals:31'234} #w_updates:4 #perturb:0)
#341   4180.40s best:1011401 next:[1002889,1011400] graph_var_lns (d=2.14e-01 s=11833 t=0.10 p=0.49 stall=2 h=base)
#342   4180.77s best:1011397 next:[1002889,1011396] rnd_cst_lns (d=2.41e-01 s=11839 t=0.10 p=0.50 stall=0 h=base)
#343   4205.75s best:1011385 next:[1002889,1011384] graph_var_lns (d=3.73e-01 s=11908 t=0.10 p=0.51 stall=8 h=base)
#344   4217.59s best:1011372 next:[1002889,1011371] graph_var_lns (d=3.45e-01 s=11955 t=0.10 p=0.51 stall=0 h=base)
#345   4284.23s best:1011371 next:[1002889,1011370] graph_var_lns (d=3.73e-01 s=11986 t=0.10 p=0.51 stall=0 h=base)
#346   4284.25s best:1011366 next:[1002889,1011365] graph_var_lns (d=3.73e-01 s=11985 t=0.10 p=0.51 stall=0 h=base)
#347   4299.67s best:1011364 next:[1002889,1011363] graph_var_lns (d=4.35e-01 s=12032 t=0.10 p=0.52 stall=0 h=base)
#348   4301.34s best:1011360 next:[1002889,1011359] graph_var_lns (d=4.35e-01 s=12033 t=0.10 p=0.52 stall=0 h=base)
#349   4308.53s best:1011359 next:[1002889,1011358] ls_restart_perturb(batch:1 lin{mvs:29 evals:96'363} #w_updates:31 #perturb:0)
#350   4308.64s best:1011358 next:[1002889,1011357] ls_restart_perturb(batch:1 lin{mvs:23 evals:93'079} #w_updates:31 #perturb:0)
#351   4308.73s best:1011357 next:[1002889,1011356] ls_restart_decay_perturb(batch:1 lin{mvs:31 evals:100'178} #w_updates:23 #perturb:0)
#352   4309.00s best:1011356 next:[1002889,1011355] ls_restart(batch:1 lin{mvs:23 evals:87'191} #w_updates:23 #perturb:0)
#353   4309.10s best:1011355 next:[1002889,1011354] ls_restart_perturb(batch:1 lin{mvs:23 evals:86'985} #w_updates:31 #perturb:0)
#354   4309.79s best:1011354 next:[1002889,1011353] ls_restart_decay_perturb(batch:1 lin{mvs:23 evals:72'801} #w_updates:18 #perturb:0)
#355   4310.80s best:1011353 next:[1002889,1011352] ls_restart(batch:1 lin{mvs:23 evals:84'529} #w_updates:20 #perturb:0)
#356   4310.87s best:1011352 next:[1002889,1011351] ls_restart(batch:1 lin{mvs:25 evals:85'023} #w_updates:19 #perturb:0)
#357   4311.44s best:1011351 next:[1002889,1011350] ls_restart_decay(batch:1 lin{mvs:25 evals:83'295} #w_updates:23 #perturb:0)
#358   4311.71s best:1011350 next:[1002889,1011349] ls_restart_decay_perturb(batch:1 lin{mvs:21 evals:83'275} #w_updates:12 #perturb:0)
#359   4312.25s best:1011349 next:[1002889,1011348] ls_restart_decay_perturb(batch:1 lin{mvs:25 evals:85'369} #w_updates:23 #perturb:0)
#360   4314.93s best:1011348 next:[1002889,1011347] ls_restart(batch:1 lin{mvs:25 evals:86'930} #w_updates:21 #perturb:0)
#361   4325.44s best:1011332 next:[1002889,1011331] graph_var_lns (d=4.35e-01 s=12174 t=0.10 p=0.52 stall=0 h=base)
#362   4352.94s best:1011331 next:[1002889,1011330] ls_restart_decay_perturb(batch:2 lin{mvs:10 evals:31'436} gen{mvs:1 evals:126} #w_updates:4 #perturb:0)
#363   4360.58s best:1011330 next:[1002889,1011329] ls_restart_perturb(batch:2 lin{mvs:12 evals:30'862} gen{mvs:1 evals:67} #w_updates:7 #perturb:0)
#364   4391.43s best:1011319 next:[1002889,1011318] graph_var_lns (d=4.03e-01 s=12293 t=0.10 p=0.52 stall=0 h=base)
#365   4397.65s best:1011284 next:[1002889,1011283] rnd_cst_lns (d=2.06e-01 s=12329 t=0.10 p=0.49 stall=0 h=base)
#366   4403.79s best:1011276 next:[1002889,1011275] graph_var_lns (d=3.73e-01 s=12353 t=0.10 p=0.51 stall=0 h=base)
#367   4410.15s best:1011275 next:[1002889,1011274] ls_restart_perturb(batch:2 lin{mvs:12 evals:30'841} gen{mvs:1 evals:140} #w_updates:7 #perturb:0)
#368   4414.87s best:1011251 next:[1002889,1011250] rnd_cst_lns (d=1.98e-01 s=12447 t=0.10 p=0.49 stall=0 h=base)
#369   4414.94s best:1011250 next:[1002889,1011249] ls_restart_decay(batch:1 lin{mvs:27 evals:93'682} #w_updates:24 #perturb:0)
#370   4416.84s best:1011238 next:[1002889,1011237] graph_var_lns (d=3.20e-01 s=12452 t=0.10 p=0.51 stall=1 h=base)
#371   4419.62s best:1011165 next:[1002889,1011164] graph_cst_lns (d=2.69e-01 s=12469 t=0.10 p=0.50 stall=1 h=base)
#372   4444.36s best:1011159 next:[1002889,1011158] graph_var_lns (d=4.02e-01 s=12526 t=0.10 p=0.52 stall=4 h=base)
#373   4462.17s best:1011154 next:[1002889,1011153] graph_var_lns (d=4.66e-01 s=12587 t=0.10 p=0.52 stall=0 h=base)
#374   4462.95s best:1011153 next:[1002889,1011152] ls_restart_perturb(batch:1 lin{mvs:12 evals:30'537} #w_updates:7 #perturb:0)
#375   4465.48s best:1011152 next:[1002889,1011151] ls_restart(batch:1 lin{mvs:12 evals:30'232} #w_updates:7 #perturb:0)
#376   4482.45s best:1011131 next:[1002889,1011130] rnd_cst_lns (d=1.98e-01 s=12678 t=0.10 p=0.49 stall=2 h=base)
#377   4482.49s best:1011130 next:[1002889,1011129] ls_restart_decay_perturb(batch:1 lin{mvs:8 evals:31'598} #w_updates:3 #perturb:0)
#378   4482.53s best:1011129 next:[1002889,1011128] ls_restart_perturb(batch:1 lin{mvs:12 evals:31'063} #w_updates:7 #perturb:0)
#379   4610.27s best:1011119 next:[1002889,1011118] graph_var_lns (d=4.33e-01 s=13194 t=0.10 p=0.52 stall=1 h=base)
#380   4623.87s best:1011116 next:[1002889,1011115] graph_var_lns (d=4.33e-01 s=13268 t=0.10 p=0.52 stall=0 h=base)
#381   4626.07s best:1011115 next:[1002889,1011114] ls_restart_decay_perturb(batch:1 lin{mvs:6 evals:21'702} #w_updates:1 #perturb:0)
#382   4626.35s best:1011112 next:[1002889,1011111] graph_cst_lns (d=2.60e-01 s=13279 t=0.10 p=0.50 stall=0 h=base)
#383   4657.14s best:1011101 next:[1002889,1011100] graph_var_lns (d=3.74e-01 s=13397 t=0.10 p=0.51 stall=2 h=base)
#384   4657.65s best:1011098 next:[1002889,1011097] graph_cst_lns (d=2.80e-01 s=13400 t=0.10 p=0.50 stall=0 h=base)
#385   4661.46s best:1011097 next:[1002889,1011096] ls_restart(batch:1 lin{mvs:25 evals:94'602} #w_updates:31 #perturb:0)
#386   4661.71s best:1011096 next:[1002889,1011095] ls_restart_decay_perturb(batch:1 lin{mvs:23 evals:71'430} #w_updates:16 #perturb:0)
#387   4661.78s best:1011095 next:[1002889,1011094] ls_restart_perturb(batch:1 lin{mvs:25 evals:98'982} #w_updates:31 #perturb:0)
#388   4664.36s best:1011094 next:[1002889,1011093] ls_restart_decay(batch:1 lin{mvs:31 evals:93'931} #w_updates:23 #perturb:0)
#389   4664.43s best:1011093 next:[1002889,1011092] ls_restart_decay_perturb(batch:1 lin{mvs:31 evals:85'783} #w_updates:23 #perturb:0)
#390   4664.51s best:1011092 next:[1002889,1011091] ls_restart_decay(batch:1 lin{mvs:37 evals:108'155} #w_updates:23 #perturb:0)
#391   4664.59s best:1011091 next:[1002889,1011090] ls_restart_decay_perturb(batch:1 lin{mvs:25 evals:82'434} #w_updates:23 #perturb:0)
#392   4664.73s best:1011090 next:[1002889,1011089] ls_restart_decay(batch:1 lin{mvs:25 evals:80'826} #w_updates:23 #perturb:0)
#393   4665.15s best:1011089 next:[1002889,1011088] ls_restart_decay(batch:1 lin{mvs:25 evals:78'372} #w_updates:23 #perturb:0)
#394   4665.21s best:1011088 next:[1002889,1011087] ls_restart_decay(batch:1 lin{mvs:23 evals:80'762} #w_updates:16 #perturb:0)
#395   4665.28s best:1011087 next:[1002889,1011086] ls_restart_decay_perturb(batch:1 lin{mvs:27 evals:85'882} #w_updates:23 #perturb:0)
#396   4665.34s best:1011086 next:[1002889,1011085] ls_restart_decay(batch:1 lin{mvs:23 evals:75'897} #w_updates:23 #perturb:0)
#397   4665.41s best:1011085 next:[1002889,1011084] ls_restart(batch:1 lin{mvs:25 evals:94'969} #w_updates:31 #perturb:0)
#398   4666.76s best:1011080 next:[1002889,1011079] graph_var_lns (d=3.24e-01 s=13471 t=0.10 p=0.51 stall=0 h=base)
#399   4737.24s best:1011078 next:[1002889,1011077] graph_var_lns (d=4.31e-01 s=13574 t=0.10 p=0.52 stall=5 h=base)
#400   4753.53s best:1011077 next:[1002889,1011076] ls_restart_perturb(batch:1 lin{mvs:12 evals:62'736} #w_updates:8 #perturb:0)
#401   4754.82s best:1011076 next:[1002889,1011075] ls_restart_decay(batch:1 lin{mvs:11 evals:53'511} #w_updates:6 #perturb:0)
#402   4755.07s best:1011075 next:[1002889,1011074] ls_restart_perturb(batch:1 lin{mvs:12 evals:61'588} #w_updates:8 #perturb:0)
#403   4755.12s best:1011074 next:[1002889,1011073] ls_restart(batch:1 lin{mvs:11 evals:53'697} #w_updates:7 #perturb:0)
#404   4755.16s best:1011073 next:[1002889,1011072] ls_restart_perturb(batch:1 lin{mvs:12 evals:61'793} #w_updates:8 #perturb:0)
#405   4769.59s best:1011065 next:[1002889,1011064] graph_var_lns (d=4.31e-01 s=13657 t=0.10 p=0.52 stall=0 h=base)
#406   4769.61s best:1011063 next:[1002889,1011062] graph_var_lns (d=4.31e-01 s=13656 t=0.10 p=0.52 stall=0 h=base)
#407   4775.72s best:1011062 next:[1002889,1011061] ls_restart_decay(batch:2 lin{mvs:10 evals:29'602} gen{mvs:1 evals:143} #w_updates:4 #perturb:0)
#408   4780.82s best:1011061 next:[1002889,1011060] ls_restart_decay(batch:2 lin{mvs:10 evals:30'708} gen{mvs:1 evals:139} #w_updates:4 #perturb:0)
#409   4784.41s best:1011047 next:[1002889,1011046] graph_cst_lns (d=2.70e-01 s=13799 t=0.10 p=0.50 stall=1 h=base)
#410   4866.12s best:1011046 next:[1002889,1011045] graph_var_lns (d=3.74e-01 s=13907 t=0.10 p=0.51 stall=0 h=base)
#411   4921.94s best:1011045 next:[1002889,1011044] ls_restart_decay_perturb(batch:1 lin{mvs:23 evals:76'678} #w_updates:23 #perturb:0)
#412   4922.99s best:1011044 next:[1002889,1011043] ls_restart_perturb(batch:1 lin{mvs:23 evals:88'577} #w_updates:31 #perturb:0)
#413   4923.08s best:1011043 next:[1002889,1011042] ls_restart_decay(batch:1 lin{mvs:25 evals:75'671} #w_updates:17 #perturb:0)
#414   4923.35s best:1011042 next:[1002889,1011041] ls_restart_decay(batch:1 lin{mvs:29 evals:82'425} #w_updates:23 #perturb:0)
#415   4924.62s best:1011041 next:[1002889,1011040] ls_restart(batch:1 lin{mvs:27 evals:104'547} #w_updates:31 #perturb:0)
#416   4925.69s best:1011040 next:[1002889,1011039] ls_restart(batch:1 lin{mvs:23 evals:92'172} #w_updates:31 #perturb:0)
#417   4928.46s best:1011021 next:[1002889,1011020] graph_var_lns (d=4.31e-01 s=13943 t=0.10 p=0.52 stall=0 h=base)
#418   4947.32s best:1011020 next:[1002889,1011019] ls_restart_perturb(batch:2 lin{mvs:10 evals:29'244} gen{mvs:1 evals:109} #w_updates:5 #perturb:0)
#419   4950.20s best:1011019 next:[1002889,1011018] ls_restart_decay(batch:1 lin{mvs:12 evals:62'268} #w_updates:7 #perturb:0)
#420   4950.25s best:1011018 next:[1002889,1011017] ls_restart_perturb(batch:1 lin{mvs:11 evals:53'338} #w_updates:7 #perturb:0)
#421   4950.30s best:1011017 next:[1002889,1011016] ls_restart_decay_perturb(batch:1 lin{mvs:12 evals:62'658} #w_updates:7 #perturb:0)
#422   4970.89s best:1011013 next:[1002889,1011012] graph_var_lns (d=4.62e-01 s=14110 t=0.10 p=0.52 stall=1 h=base)
#423   4977.26s best:1011012 next:[1002889,1011011] ls_restart_decay_perturb(batch:1 lin{mvs:12 evals:63'336} #w_updates:7 #perturb:0)
#424   4977.30s best:1011011 next:[1002889,1011010] ls_restart(batch:1 lin{mvs:11 evals:54'374} #w_updates:7 #perturb:0)
#425   4977.83s best:1010988 next:[1002889,1010987] rnd_cst_lns (d=2.72e-01 s=14156 t=0.10 p=0.50 stall=1 h=base)
#426   5280.58s best:1010987 next:[1002889,1010986] graph_var_lns (d=4.62e-01 s=14882 t=0.10 p=0.52 stall=0 h=base)
#427   5283.52s best:1010986 next:[1002889,1010985] ls_restart_decay(batch:1 lin{mvs:26 evals:67'114} #w_updates:16 #perturb:0)
#428   5283.63s best:1010985 next:[1002889,1010984] ls_restart(batch:1 lin{mvs:24 evals:94'652} #w_updates:18 #perturb:0)
#429   5286.76s best:1010984 next:[1002889,1010983] ls_restart_perturb(batch:1 lin{mvs:28 evals:101'744} #w_updates:35 #perturb:0)
#430   5286.83s best:1010983 next:[1002889,1010982] ls_restart(batch:1 lin{mvs:28 evals:95'494} #w_updates:35 #perturb:0)
#431   5288.17s best:1010982 next:[1002889,1010981] ls_restart_perturb(batch:1 lin{mvs:30 evals:98'995} #w_updates:21 #perturb:0)
#432   5288.25s best:1010981 next:[1002889,1010980] ls_restart_perturb(batch:1 lin{mvs:30 evals:100'910} #w_updates:35 #perturb:0)
#433   5288.91s best:1010980 next:[1002889,1010979] ls_restart_perturb(batch:1 lin{mvs:26 evals:93'303} #w_updates:31 #perturb:0)
#434   5288.98s best:1010979 next:[1002889,1010978] ls_restart_decay_perturb(batch:1 lin{mvs:28 evals:89'279} #w_updates:25 #perturb:0)
#435   5292.25s best:1010978 next:[1002889,1010977] ls_restart_decay_perturb(batch:1 lin{mvs:44 evals:110'344} #w_updates:25 #perturb:0)
#436   5292.32s best:1010977 next:[1002889,1010976] ls_restart_decay_perturb(batch:1 lin{mvs:28 evals:69'697} #w_updates:17 #perturb:0)
#437   5292.39s best:1010976 next:[1002889,1010975] ls_restart_perturb(batch:1 lin{mvs:28 evals:93'104} #w_updates:35 #perturb:0)
#438   5292.47s best:1010975 next:[1002889,1010974] ls_restart(batch:1 lin{mvs:28 evals:101'504} #w_updates:35 #perturb:0)
#439   5292.57s best:1010974 next:[1002889,1010973] ls_restart_perturb(batch:1 lin{mvs:36 evals:128'866} #w_updates:35 #perturb:0)
#440   5294.02s best:1010973 next:[1002889,1010972] ls_restart_decay(batch:1 lin{mvs:30 evals:91'017} #w_updates:25 #perturb:0)
#441   5294.09s best:1010972 next:[1002889,1010971] ls_restart_decay_perturb(batch:1 lin{mvs:26 evals:74'454} #w_updates:16 #perturb:0)
#442   5294.35s best:1010971 next:[1002889,1010970] ls_restart_decay(batch:1 lin{mvs:26 evals:82'434} #w_updates:25 #perturb:0)
#443   5294.61s best:1010970 next:[1002889,1010969] ls_restart_decay(batch:1 lin{mvs:28 evals:86'224} #w_updates:25 #perturb:0)
#444   5294.70s best:1010969 next:[1002889,1010968] ls_restart_decay(batch:1 lin{mvs:36 evals:104'625} #w_updates:25 #perturb:0)
#445   5295.72s best:1010968 next:[1002889,1010967] ls_restart_decay(batch:1 lin{mvs:28 evals:81'858} #w_updates:16 #perturb:0)
#446   5297.39s best:1010967 next:[1002889,1010966] ls_restart_decay(batch:1 lin{mvs:34 evals:101'675} #w_updates:25 #perturb:0)
#447   5298.30s best:1010966 next:[1002889,1010965] ls_restart_perturb(batch:1 lin{mvs:28 evals:91'308} #w_updates:21 #perturb:0)
#448   5298.63s best:1010965 next:[1002889,1010964] ls_restart_decay(batch:1 lin{mvs:34 evals:101'686} #w_updates:24 #perturb:0)
#449   5298.74s best:1010964 next:[1002889,1010963] ls_restart_decay_perturb(batch:1 lin{mvs:34 evals:95'132} #w_updates:25 #perturb:0)

Task timing                                  n [     min,      max]      avg      dev     time         n [     min,      max]      avg      dev    dtime
                       'default_lp':         1 [   1.35h,    1.35h]    1.35h   0.00ns    1.35h         2 [   1.02s,    1.58m]   47.81s   46.79s    1.59m
                 'feasibility_pump':      6689 [  1.03ms,    2.21m]  56.83ms    2.56s    6.34m        20 [ 31.78ms,   37.78s]    6.21s   13.23s    2.07m
                            'fixed':         1 [   1.35h,    1.35h]    1.35h   0.00ns    1.35h         2 [   1.02s,    2.26m]    1.14m    1.12m    2.28m
                               'fj':      2557 [  6.34ms, 461.61ms]  51.31ms  39.59ms    2.19m      2557 [103.00ms, 363.35ms] 121.36ms  34.45ms    5.17m
                  'fs_random_no_lp':         1 [  12.88m,   12.88m]   12.88m   0.00ns   12.88m         2 [   1.01s,    1.40s]    1.21s 195.01ms    2.42s
                    'graph_arc_lns':        84 [129.20ms,   36.18s]    8.16s    8.40s   11.43m        75 [  1.48ms, 100.89ms]  63.86ms  42.27ms    4.79s
                    'graph_cst_lns':      1387 [ 14.79ms,    3.41s] 482.82ms 392.68ms   11.16m       881 [ 51.19us, 130.42ms]  68.28ms  41.65ms    1.00m
                    'graph_dec_lns':        15 [ 55.72ms,    3.83m]   47.35s    1.23m   11.84m        11 [  5.85ms, 103.05ms]  60.98ms  38.19ms 670.75ms
                    'graph_var_lns':       205 [ 18.13ms,   37.69s]    3.29s    6.00s   11.23m       201 [  1.51ms, 106.39ms]  55.74ms  46.19ms   11.20s
                               'ls':      1997 [ 13.81ms,    7.12s] 336.10ms 820.94ms   11.19m      1966 [  4.53ms,    7.70m]   32.70s    1.71m   17.86h
                           'max_lp':         1 [   1.35h,    1.35h]    1.35h   0.00ns    1.35h         2 [   1.49s,   33.43s]   17.46s   15.97s   34.91s
                            'no_lp':         1 [   1.35h,    1.35h]    1.35h   0.00ns    1.35h         2 [   1.01s,   23.24s]   12.13s   11.11s   24.25s
                    'quick_restart':         1 [   1.35h,    1.35h]    1.35h   0.00ns    1.35h         2 [   1.02s,    3.95m]    1.98m    1.97m    3.97m
                    'reduced_costs':         1 [   1.35h,    1.35h]    1.35h   0.00ns    1.35h         2 [   1.02s,    3.12s]    2.07s    1.05s    4.13s
                        'rins/rens':       541 [  9.23ms,    3.08m]    1.26s   14.20s   11.39m        14 [184.78us, 101.00ms]  29.32ms  44.88ms 410.46ms
                      'rnd_cst_lns':      1049 [  9.54ms,    1.35m] 641.56ms    2.93s   11.22m       794 [ 35.66us, 131.75ms]  57.73ms  49.75ms   45.84s
                      'rnd_var_lns':        15 [956.42ms,    2.53m]    1.01m   53.81s   15.15m        15 [  3.44ms, 108.64ms]  62.42ms  35.23ms 936.26ms
         'scheduling_intervals_lns':       328 [309.66ms,    9.13s]    2.04s 778.71ms   11.17m       305 [100.00ms, 100.81ms] 100.25ms 202.00us   30.58s
       'scheduling_precedences_lns':        30 [373.69ms,   49.44s]   23.27s   10.62s   11.63m        28 [100.00ms, 100.22ms] 100.09ms  63.31us    2.80s
  'scheduling_resource_windows_lns':        98 [685.03ms,    1.84m]    7.12s   17.09s   11.62m        87 [  8.60ms, 101.14ms]  99.11ms   9.85ms    8.62s
       'scheduling_time_window_lns':       337 [306.32ms,    4.63s]    1.98s 580.15ms   11.15m       308 [  8.60ms, 100.84ms]  99.66ms   7.36ms   30.70s

Search stats            Bools  Conflicts   Branches  Restarts  BacktrackToRoot  Backtrack  BoolPropag  IntegerPropag
       'default_lp':   89'784      1'060  1'715'238         3          721'551    811'887   8'660'801     91'040'235
            'fixed':  104'053     24'048    688'609         0          281'136    326'334  20'258'480     40'575'900
  'fs_random_no_lp':   82'800         50    282'191         1          172'576    183'903   1'368'959     18'085'371
           'max_lp':   82'951         50    102'623         1           83'883     83'933     705'418      8'525'397
            'no_lp':   82'800     77'244    823'105         4          350'037    458'427  22'014'904     89'439'131
    'quick_restart':  102'339         50  1'511'134         5          614'790    676'165   5'439'939     72'434'743
    'reduced_costs':   82'801          3     96'270         0           84'081     84'083     685'299      8'068'302

SAT formula           Fixed  Equiv    Total  VarLeft  BinaryClauses  PermanentClauses  TemporaryClauses
       'default_lp':    116      0   89'784   89'668         45'238            13'327               938
            'fixed':     96      0  104'053  103'957         75'140            13'863            10'498
  'fs_random_no_lp':      0      0   82'800   82'800         31'046            14'818                50
           'max_lp':      0      0   82'951   82'951         31'090            13'478                50
            'no_lp':      0      0   82'800   82'800         31'046            13'947            15'229
    'quick_restart':    166      0  102'339  102'173         86'484            12'419                42
    'reduced_costs':      1      0   82'801   82'800         31'048            25'999                 0

SAT stats             ClassicMinim  LitRemoved  LitRemovedBinary  LitLearned  LitForgotten  Subsumed
       'default_lp':           251         638                 4      12'710             0        26
            'fixed':        17'708     203'601            13'430   1'045'792       477'447     2'164
  'fs_random_no_lp':            17          62                87      18'064             0         0
           'max_lp':             0           0                 0      58'169             0         0
            'no_lp':        66'554     365'479         2'656'580  15'172'786    10'376'812     9'138
    'quick_restart':            31         453               295      15'893             0         8
    'reduced_costs':             2           6                 0          10             0         1

Vivification          Clauses  Decisions  LitTrue  Subsumed  LitRemoved  DecisionReused  Conflicts
       'default_lp':  167'631  1'004'381        2    12'696      90'017             233          1
            'fixed':   56'867    341'178        0    12'139      85'493               0          0
  'fs_random_no_lp':   13'104     94'193        0     2'004      17'323               0          0
           'max_lp':        0          0        0         0           0               0          0
            'no_lp':   56'394    342'251        0    10'658      76'148               0          0
    'quick_restart':  141'792    888'131        0    13'292      89'701               0          0
    'reduced_costs':        0          0        0         0           0               0          0

Clause deletion       at_true  l_and_not(l)  to_binary  sub_conflict  sub_extra  sub_decisions  sub_eager  sub_vivify  sub_probing  sub_inpro  blocked  eliminated  forgotten  promoted  conflicts
       'default_lp':        2             0          0            20          0              0          6      12'696            0         29        0           0          0     1'873      1'060
            'fixed':        0             0          0         1'764         20              0        400      12'139            0        304        0           0     11'044    70'083     24'048
  'fs_random_no_lp':        0             0          0             0          0              0          0       2'004            0      4'581        0           0          0       109         50
           'max_lp':        0             0          0             0          0              0          0           0            0      6'255        0           0          0       100         50
            'no_lp':        0             0          0         8'588         98             49        550      10'658            0      1'385        0           0     52'724   183'518     77'244
    'quick_restart':        0             0          0             7          0              0          1      13'292            0        277        0           0          0        61         50
    'reduced_costs':        0             0          0             0          0              0          1           0            0          0        0           0          0         1          3

Lp stats            Component  Iterations  AddedCuts  OPTIMAL  DUAL_F.  DUAL_U.
     'default_lp':        101       7'691      1'385   14'635        1        0
          'fixed':        101     120'384     15'357   50'645      144        0
         'max_lp':          1       8'533        123      901      620        0
  'quick_restart':        101      61'152    179'751   29'164       15        0
  'reduced_costs':          1      21'713      5'736      179    1'913        0

Lp dimension               Final dimension of first component
     'default_lp':    6078 rows, 80515 columns, 86385 entries
          'fixed':   17365 rows, 89827 columns, 89985 entries
         'max_lp':  26361 rows, 95567 columns, 179218 entries
  'quick_restart':  10654 rows, 80515 columns, 104090 entries
  'reduced_costs':    9669 rows, 95567 columns, 68500 entries

Lp debug            CutPropag  CutEqPropag  Adjust  Overflow    Bad  BadScaling
     'default_lp':          0            0       0         0    169           0
          'fixed':          0            0       0         0    666           0
         'max_lp':          0            0       0         0    249           0
  'quick_restart':          0            0       0         0  3'651           0
  'reduced_costs':          0            0       0         0      0           0

Lp pool             Constraints  Updates  Simplif  Merged  Shortened  Split  Strengthened        Cuts/Call
     'default_lp':       28'911        0        0     142          0      0             3      1'385/1'868
          'fixed':       49'299        0        0   3'246          0      0             0    15'357/22'888
         'max_lp':       42'510        0        0   3'246          0      0             0          123/177
  'quick_restart':       37'277        0        2     142          0      0             6  179'751/198'590
  'reduced_costs':       48'128        0        0   3'246          0      0             0      5'736/8'262

Lp Cut             fixed  max_lp  reduced_costs  default_lp  quick_restart
          CG_FF:      21      11              -          11             42
           CG_K:      21      11              -           1             15
           CG_R:      21      11              -           9             24
          CG_RB:       8       1              -           8             37
         CG_RBP:       -       -              -           1              3
         Clique:       -       -              5           -              -
             IB:  15'185      78          5'731       1'247        179'130
       MIR_1_FF:       -       -              -          97             81
        MIR_1_K:       1       -              -           -              1
       MIR_1_RB:       1       -              -           -              5
      MIR_1_RBP:       -       -              -           -              1
       MIR_2_FF:       -       -              -           4             37
        MIR_2_K:       1       -              -           -              4
        MIR_2_R:       -       -              -           -              5
       MIR_2_RB:       -       -              -           -             13
       MIR_3_FF:       -       -              -           -             20
        MIR_3_K:       1       -              -           -              -
        MIR_3_R:       -       -              -           -             15
       MIR_3_RB:       -       -              -           -              5
       MIR_4_FF:       -       -              -           -             14
        MIR_4_K:       1       -              -           -              -
        MIR_4_R:       -       -              -           -              9
       MIR_4_RB:       2       -              -           -              5
       MIR_5_FF:       9       -              -           -              6
        MIR_5_K:       9       -              -           -              -
        MIR_5_R:      10       -              -           -              3
       MIR_5_RB:       1       -              -           -              1
       MIR_6_FF:       8       2              -           -              5
        MIR_6_K:       8       2              -           -              2
        MIR_6_R:       8       2              -           -              3
       MIR_6_RB:       5       2              -           -              1
   ZERO_HALF_FF:       1       -              -           1             78
    ZERO_HALF_K:       8       -              -           2              2
    ZERO_HALF_R:      19       3              -           2             93
   ZERO_HALF_RB:       8       -              -           -             81
  ZERO_HALF_RBP:       -       -              -           2             10

LNS stats                             Improv/Calls  Closed  Difficulty  TimeLimit
                    'graph_arc_lns':         44/84     50%    5.15e-01       0.10
                    'graph_cst_lns':       558/932     50%    2.71e-01       0.10
                    'graph_dec_lns':          5/11     64%    8.73e-01       0.10
                    'graph_var_lns':        85/204     52%    5.58e-01       0.10
                        'rins/rens':         17/17     76%    9.83e-01       0.10
                      'rnd_cst_lns':       553/871     50%    2.93e-01       0.10
                      'rnd_var_lns':          6/15     60%    8.74e-01       0.10
         'scheduling_intervals_lns':       328/328      7%    2.93e-13       0.10
       'scheduling_precedences_lns':         30/30      7%    6.43e-04       0.10
  'scheduling_resource_windows_lns':         97/98     13%    1.99e-04       0.10
       'scheduling_time_window_lns':       335/337      9%    9.56e-11       0.10

LS stats                                    Batches  Restarts/Perturbs  LinMoves  GenMoves  CompoundMoves  Bactracks  WeightUpdates  ScoreComputed
                             'fj_restart':      182                 43    23'595         0              0          0              4      4'103'034
                    'fj_restart_compound':      159                 47         0     1'968          1'936          0              0         25'679
                'fj_restart_compound_obj':      133                 46         0     1'680          1'640          0              0         22'274
            'fj_restart_compound_perturb':      116                 40         0       345            320          0              0         12'540
        'fj_restart_compound_perturb_obj':       83                 38         0       246            239          0              0          8'893
                       'fj_restart_decay':      184                 46    23'787         0              0          0              2      3'245'585
              'fj_restart_decay_compound':      120                 44         0     1'524          1'483          0              0         19'693
          'fj_restart_decay_compound_obj':       93                 28         0     1'223          1'202          0              0         15'698
      'fj_restart_decay_compound_perturb':      152                 37         0       433            417          0              0         16'601
  'fj_restart_decay_compound_perturb_obj':      212                 43         0       632            621          0              0         23'439
                   'fj_restart_decay_obj':      276                 45    34'990         0              0          0              2      3'411'121
               'fj_restart_decay_perturb':      267                 49    34'410         0              0          0              5      4'548'229
           'fj_restart_decay_perturb_obj':      111                 42    12'963         0              0          0              0        326'560
                         'fj_restart_obj':      277                 43    33'835         0              0          0             15     17'154'389
                     'fj_restart_perturb':       84                 34     9'996         0              0          0              0        222'880
                 'fj_restart_perturb_obj':      108                 44    12'632         0              0          0              0        300'570
                             'ls_restart':      245                236     4'254       151              0          0          3'575     21'000'060
                    'ls_restart_compound':      275                267         0       537              7         91              0      2'287'294
            'ls_restart_compound_perturb':      251                244         0       493              3         99              0      2'081'300
                       'ls_restart_decay':      266                253     4'716       147              0          0          3'013     25'129'705
              'ls_restart_decay_compound':      253                244         0       494              0         95              0      2'959'675
      'ls_restart_decay_compound_perturb':      230                222         0       447              1        100              0      2'088'635
               'ls_restart_decay_perturb':      228                219     4'229       129              0          0          2'497     18'175'963
                     'ls_restart_perturb':      249                236     4'545       148              0          0          3'665     20'329'430

Solutions (449)                       Num       Rank
                       'default_lp':    2      [4,5]
                            'fixed':    2      [0,1]
                    'graph_arc_lns':   18   [38,277]
                    'graph_cst_lns':   30   [20,409]
                    'graph_dec_lns':    2      [1,2]
                    'graph_var_lns':  126   [18,426]
                       'ls_restart':  158    [7,438]
                 'ls_restart_decay':  190   [12,448]
         'ls_restart_decay_perturb':  158    [6,449]
               'ls_restart_perturb':  170   [11,447]
                    'quick_restart':    2  [193,194]
                      'rnd_cst_lns':   36    [5,425]
  'scheduling_resource_windows_lns':    2      [3,4]
       'scheduling_time_window_lns':    2      [2,3]

Objective bounds     Num
  'initial_domain':    1
   'reduced_costs':    1

Solution repositories    Added  Queried  Synchro
    'alternative_path':      6      535        6
      'best_solutions':  1'887    4'938    1'562
   'fj solution hints':    661        0      661
        'lp solutions':    308      541      292
                'pump':      0        0

Improving bounds shared      Num  Sym
            'default_lp':  1'697    0
                 'fixed':    457    0
                'max_lp':    236    0
                 'no_lp':    473    0
         'quick_restart':    944    0

Clauses shared        #Exported  #Imported  #BinaryRead  #BinaryTotal
       'default_lp':          0          3            0             0
            'fixed':          1          0            0             0
  'fs_random_no_lp':          0          0            0             0
           'max_lp':          0          4            0             0
            'no_lp':          3          0            0             0
    'quick_restart':          0          4            0             0
    'reduced_costs':          0          0            0             0

LRAT_status: NA
CpSolverResponse summary:
status: FEASIBLE
objective: 1010964
best_bound: 1002889
integers: 82191
booleans: 82800
conflicts: 50
branches: 282191
propagations: 1368959
integer_propagations: 18085371
restarts: 1
lp_iterations: 0
walltime: 5400.4
usertime: 5400.4
deterministic_time: 65457.8
gap_integral: 610187
solution_fingerprint: 0x8f25881d0d30f19c

cpsat status=FEASIBLE wall=5400.5s
  cpsat: status=FEASIBLE objective=1010.96 ms bound=1002.89 ms wall=5400.5s
  Makespan: 1010.96 ms
  Periodic 'yolov8_nano_64x96': the schedule runs to 1011 ms, which would take 46 instances, but the workload asks for 45 — keeping 45
  Periodic 'yolov8_nano_64x96': period=22ms current=45 needed=45
  Periodic 'fused_full': the schedule runs to 1011 ms, which would take 46 instances, but the workload asks for 45 — keeping 45
  Periodic 'fused_full': period=22ms current=45 needed=45
  Periodic 'mlp_control': the schedule runs to 1011 ms, which would take 102 instances, but the workload asks for 100 — keeping 100
  Periodic 'mlp_control': period=10ms current=100 needed=100
  All periodic counts cover makespan — converged.

Final greedy makespan: 1010.96 ms (after 1 iteration)
  cpsat: makespan=1010.96 ms (all ops 1010.96 ms), periodic window misses=0, converged

Scheduling completed!
Makespan (all operations): 1010.96 ms

Combination assignments:
  1xCPU_P: 1504 operations
  1xCPU_P: 1504 operations
  1xCPU_P: 1504 operations
  1xCPU_P: 1504 operations
  2xCPU_P: 132 operations
  2xCPU_P: 132 operations
  4xCPU_P: 1335 operations
  1xCPU_E: 545 operations
  1xCPU_E: 545 operations
  1xCPU_E: 545 operations
  1xCPU_E: 545 operations
  2xCPU_E: 752 operations
  2xCPU_E: 752 operations
  4xCPU_E: 1517 operations

Per-network combination assignments:
  Yolov8_nano_64x960: 1xCPU_P=11, 1xCPU_P=11, 1xCPU_P=11, 1xCPU_P=11, 4xCPU_P=16, 1xCPU_E=3, 1xCPU_E=3, 1xCPU_E=3, 1xCPU_E=3, 2xCPU_E=18, 2xCPU_E=18, 4xCPU_E=50
  Fused_full0: 1xCPU_P=10, 1xCPU_P=10, 1xCPU_P=10, 1xCPU_P=10, 1xCPU_E=5, 1xCPU_E=5, 1xCPU_E=5, 1xCPU_E=5
  Mlp_control0: 1xCPU_P=5, 1xCPU_P=5, 1xCPU_P=5, 1xCPU_P=5, 1xCPU_E=2, 1xCPU_E=2, 1xCPU_E=2, 1xCPU_E=2
  Yolov8_nano_64x961: 1xCPU_P=12, 1xCPU_P=12, 1xCPU_P=12, 1xCPU_P=12, 2xCPU_P=2, 2xCPU_P=2, 4xCPU_P=18, 1xCPU_E=2, 1xCPU_E=2, 1xCPU_E=2, 1xCPU_E=2, 2xCPU_E=18, 2xCPU_E=18, 4xCPU_E=46
  Yolov8_nano_64x962: 1xCPU_P=9, 1xCPU_P=9, 1xCPU_P=9, 1xCPU_P=9, 2xCPU_P=7, 2xCPU_P=7, 4xCPU_P=18, 1xCPU_E=5, 1xCPU_E=5, 1xCPU_E=5, 1xCPU_E=5, 2xCPU_E=15, 2xCPU_E=15, 4xCPU_E=44
  Yolov8_nano_64x963: 1xCPU_P=9, 1xCPU_P=9, 1xCPU_P=9, 1xCPU_P=9, 2xCPU_P=2, 2xCPU_P=2, 4xCPU_P=13, 1xCPU_E=5, 1xCPU_E=5, 1xCPU_E=5, 1xCPU_E=5, 2xCPU_E=18, 2xCPU_E=18, 4xCPU_E=51
  Yolov8_nano_64x964: 1xCPU_P=10, 1xCPU_P=10, 1xCPU_P=10, 1xCPU_P=10, 2xCPU_P=1, 2xCPU_P=1, 4xCPU_P=18, 1xCPU_E=5, 1xCPU_E=5, 1xCPU_E=5, 1xCPU_E=5, 2xCPU_E=15, 2xCPU_E=15, 4xCPU_E=49
  Yolov8_nano_64x965: 1xCPU_P=16, 1xCPU_P=16, 1xCPU_P=16, 1xCPU_P=16, 2xCPU_P=3, 2xCPU_P=3, 4xCPU_P=21, 1xCPU_E=2, 1xCPU_E=2, 1xCPU_E=2, 1xCPU_E=2, 2xCPU_E=16, 2xCPU_E=16, 4xCPU_E=40
  Yolov8_nano_64x966: 1xCPU_P=13, 1xCPU_P=13, 1xCPU_P=13, 1xCPU_P=13, 2xCPU_P=3, 2xCPU_P=3, 4xCPU_P=15, 1xCPU_E=1, 1xCPU_E=1, 1xCPU_E=1, 1xCPU_E=1, 2xCPU_E=19, 2xCPU_E=19, 4xCPU_E=47
  Yolov8_nano_64x967: 1xCPU_P=9, 1xCPU_P=9, 1xCPU_P=9, 1xCPU_P=9, 2xCPU_P=3, 2xCPU_P=3, 4xCPU_P=19, 1xCPU_E=4, 1xCPU_E=4, 1xCPU_E=4, 1xCPU_E=4, 2xCPU_E=17, 2xCPU_E=17, 4xCPU_E=46
  Yolov8_nano_64x968: 1xCPU_P=12, 1xCPU_P=12, 1xCPU_P=12, 1xCPU_P=12, 2xCPU_P=1, 2xCPU_P=1, 4xCPU_P=20, 1xCPU_E=2, 1xCPU_E=2, 1xCPU_E=2, 1xCPU_E=2, 2xCPU_E=18, 2xCPU_E=18, 4xCPU_E=45
  Yolov8_nano_64x969: 1xCPU_P=12, 1xCPU_P=12, 1xCPU_P=12, 1xCPU_P=12, 2xCPU_P=1, 2xCPU_P=1, 4xCPU_P=18, 1xCPU_E=1, 1xCPU_E=1, 1xCPU_E=1, 1xCPU_E=1, 2xCPU_E=19, 2xCPU_E=19, 4xCPU_E=47
  Yolov8_nano_64x9610: 1xCPU_P=10, 1xCPU_P=10, 1xCPU_P=10, 1xCPU_P=10, 2xCPU_P=2, 2xCPU_P=2, 4xCPU_P=16, 1xCPU_E=4, 1xCPU_E=4, 1xCPU_E=4, 1xCPU_E=4, 2xCPU_E=18, 2xCPU_E=18, 4xCPU_E=48
  Yolov8_nano_64x9611: 1xCPU_P=10, 1xCPU_P=10, 1xCPU_P=10, 1xCPU_P=10, 2xCPU_P=3, 2xCPU_P=3, 4xCPU_P=22, 1xCPU_E=2, 1xCPU_E=2, 1xCPU_E=2, 1xCPU_E=2, 2xCPU_E=21, 2xCPU_E=21, 4xCPU_E=40
  Yolov8_nano_64x9612: 1xCPU_P=12, 1xCPU_P=12, 1xCPU_P=12, 1xCPU_P=12, 2xCPU_P=4, 2xCPU_P=4, 4xCPU_P=16, 1xCPU_E=2, 1xCPU_E=2, 1xCPU_E=2, 1xCPU_E=2, 2xCPU_E=17, 2xCPU_E=17, 4xCPU_E=47
  Yolov8_nano_64x9613: 1xCPU_P=8, 1xCPU_P=8, 1xCPU_P=8, 1xCPU_P=8, 2xCPU_P=5, 2xCPU_P=5, 4xCPU_P=33, 1xCPU_E=6, 1xCPU_E=6, 1xCPU_E=6, 1xCPU_E=6, 2xCPU_E=15, 2xCPU_E=15, 4xCPU_E=31
  Yolov8_nano_64x9614: 1xCPU_P=12, 1xCPU_P=12, 1xCPU_P=12, 1xCPU_P=12, 2xCPU_P=4, 2xCPU_P=4, 4xCPU_P=31, 1xCPU_E=3, 1xCPU_E=3, 1xCPU_E=3, 1xCPU_E=3, 2xCPU_E=14, 2xCPU_E=14, 4xCPU_E=34
  Yolov8_nano_64x9615: 1xCPU_P=9, 1xCPU_P=9, 1xCPU_P=9, 1xCPU_P=9, 2xCPU_P=3, 2xCPU_P=3, 4xCPU_P=28, 1xCPU_E=3, 1xCPU_E=3, 1xCPU_E=3, 1xCPU_E=3, 2xCPU_E=18, 2xCPU_E=18, 4xCPU_E=37
  Yolov8_nano_64x9616: 1xCPU_P=12, 1xCPU_P=12, 1xCPU_P=12, 1xCPU_P=12, 2xCPU_P=3, 2xCPU_P=3, 4xCPU_P=31, 1xCPU_E=2, 1xCPU_E=2, 1xCPU_E=2, 1xCPU_E=2, 2xCPU_E=17, 2xCPU_E=17, 4xCPU_E=33
  Yolov8_nano_64x9617: 1xCPU_P=12, 1xCPU_P=12, 1xCPU_P=12, 1xCPU_P=12, 4xCPU_P=30, 1xCPU_E=4, 1xCPU_E=4, 1xCPU_E=4, 1xCPU_E=4, 2xCPU_E=21, 2xCPU_E=21, 4xCPU_E=31
  Yolov8_nano_64x9618: 1xCPU_P=14, 1xCPU_P=14, 1xCPU_P=14, 1xCPU_P=14, 2xCPU_P=2, 2xCPU_P=2, 4xCPU_P=32, 1xCPU_E=3, 1xCPU_E=3, 1xCPU_E=3, 1xCPU_E=3, 2xCPU_E=19, 2xCPU_E=19, 4xCPU_E=28
  Yolov8_nano_64x9619: 1xCPU_P=12, 1xCPU_P=12, 1xCPU_P=12, 1xCPU_P=12, 2xCPU_P=6, 2xCPU_P=6, 4xCPU_P=28, 1xCPU_E=4, 1xCPU_E=4, 1xCPU_E=4, 1xCPU_E=4, 2xCPU_E=14, 2xCPU_E=14, 4xCPU_E=34
  Yolov8_nano_64x9620: 1xCPU_P=12, 1xCPU_P=12, 1xCPU_P=12, 1xCPU_P=12, 4xCPU_P=24, 1xCPU_E=3, 1xCPU_E=3, 1xCPU_E=3, 1xCPU_E=3, 2xCPU_E=20, 2xCPU_E=20, 4xCPU_E=39
  Yolov8_nano_64x9621: 1xCPU_P=10, 1xCPU_P=10, 1xCPU_P=10, 1xCPU_P=10, 2xCPU_P=2, 2xCPU_P=2, 4xCPU_P=33, 1xCPU_E=4, 1xCPU_E=4, 1xCPU_E=4, 1xCPU_E=4, 2xCPU_E=21, 2xCPU_E=21, 4xCPU_E=28
  Yolov8_nano_64x9622: 1xCPU_P=11, 1xCPU_P=11, 1xCPU_P=11, 1xCPU_P=11, 4xCPU_P=34, 1xCPU_E=5, 1xCPU_E=5, 1xCPU_E=5, 1xCPU_E=5, 2xCPU_E=19, 2xCPU_E=19, 4xCPU_E=29
  Yolov8_nano_64x9623: 1xCPU_P=11, 1xCPU_P=11, 1xCPU_P=11, 1xCPU_P=11, 2xCPU_P=6, 2xCPU_P=6, 4xCPU_P=33, 1xCPU_E=7, 1xCPU_E=7, 1xCPU_E=7, 1xCPU_E=7, 2xCPU_E=12, 2xCPU_E=12, 4xCPU_E=29
  Yolov8_nano_64x9624: 1xCPU_P=11, 1xCPU_P=11, 1xCPU_P=11, 1xCPU_P=11, 2xCPU_P=6, 2xCPU_P=6, 4xCPU_P=34, 1xCPU_E=7, 1xCPU_E=7, 1xCPU_E=7, 1xCPU_E=7, 2xCPU_E=13, 2xCPU_E=13, 4xCPU_E=27
  Yolov8_nano_64x9625: 1xCPU_P=12, 1xCPU_P=12, 1xCPU_P=12, 1xCPU_P=12, 2xCPU_P=5, 2xCPU_P=5, 4xCPU_P=28, 1xCPU_E=4, 1xCPU_E=4, 1xCPU_E=4, 1xCPU_E=4, 2xCPU_E=15, 2xCPU_E=15, 4xCPU_E=34
  Yolov8_nano_64x9626: 1xCPU_P=9, 1xCPU_P=9, 1xCPU_P=9, 1xCPU_P=9, 2xCPU_P=2, 2xCPU_P=2, 4xCPU_P=32, 1xCPU_E=4, 1xCPU_E=4, 1xCPU_E=4, 1xCPU_E=4, 2xCPU_E=21, 2xCPU_E=21, 4xCPU_E=30
  Yolov8_nano_64x9627: 1xCPU_P=15, 1xCPU_P=15, 1xCPU_P=15, 1xCPU_P=15, 2xCPU_P=3, 2xCPU_P=3, 4xCPU_P=36, 1xCPU_E=2, 1xCPU_E=2, 1xCPU_E=2, 1xCPU_E=2, 2xCPU_E=14, 2xCPU_E=14, 4xCPU_E=28
  Yolov8_nano_64x9628: 1xCPU_P=11, 1xCPU_P=11, 1xCPU_P=11, 1xCPU_P=11, 2xCPU_P=3, 2xCPU_P=3, 4xCPU_P=34, 1xCPU_E=5, 1xCPU_E=5, 1xCPU_E=5, 1xCPU_E=5, 2xCPU_E=17, 2xCPU_E=17, 4xCPU_E=28
  Yolov8_nano_64x9629: 1xCPU_P=11, 1xCPU_P=11, 1xCPU_P=11, 1xCPU_P=11, 2xCPU_P=3, 2xCPU_P=3, 4xCPU_P=35, 1xCPU_E=5, 1xCPU_E=5, 1xCPU_E=5, 1xCPU_E=5, 2xCPU_E=15, 2xCPU_E=15, 4xCPU_E=29
  Yolov8_nano_64x9630: 1xCPU_P=9, 1xCPU_P=9, 1xCPU_P=9, 1xCPU_P=9, 2xCPU_P=4, 2xCPU_P=4, 4xCPU_P=34, 1xCPU_E=5, 1xCPU_E=5, 1xCPU_E=5, 1xCPU_E=5, 2xCPU_E=14, 2xCPU_E=14, 4xCPU_E=32
  Yolov8_nano_64x9631: 1xCPU_P=8, 1xCPU_P=8, 1xCPU_P=8, 1xCPU_P=8, 2xCPU_P=3, 2xCPU_P=3, 4xCPU_P=33, 1xCPU_E=5, 1xCPU_E=5, 1xCPU_E=5, 1xCPU_E=5, 2xCPU_E=18, 2xCPU_E=18, 4xCPU_E=31
  Yolov8_nano_64x9632: 1xCPU_P=9, 1xCPU_P=9, 1xCPU_P=9, 1xCPU_P=9, 2xCPU_P=1, 2xCPU_P=1, 4xCPU_P=48, 1xCPU_E=5, 1xCPU_E=5, 1xCPU_E=5, 1xCPU_E=5, 2xCPU_E=16, 2xCPU_E=16, 4xCPU_E=19
  Yolov8_nano_64x9633: 1xCPU_P=7, 1xCPU_P=7, 1xCPU_P=7, 1xCPU_P=7, 2xCPU_P=1, 2xCPU_P=1, 4xCPU_P=38, 1xCPU_E=10, 1xCPU_E=10, 1xCPU_E=10, 1xCPU_E=10, 2xCPU_E=14, 2xCPU_E=14, 4xCPU_E=28
  Yolov8_nano_64x9634: 1xCPU_P=15, 1xCPU_P=15, 1xCPU_P=15, 1xCPU_P=15, 2xCPU_P=4, 2xCPU_P=4, 4xCPU_P=37, 1xCPU_E=3, 1xCPU_E=3, 1xCPU_E=3, 1xCPU_E=3, 2xCPU_E=11, 2xCPU_E=11, 4xCPU_E=28
  Yolov8_nano_64x9635: 1xCPU_P=11, 1xCPU_P=11, 1xCPU_P=11, 1xCPU_P=11, 2xCPU_P=1, 2xCPU_P=1, 4xCPU_P=28, 1xCPU_E=5, 1xCPU_E=5, 1xCPU_E=5, 1xCPU_E=5, 2xCPU_E=18, 2xCPU_E=18, 4xCPU_E=35
  Yolov8_nano_64x9636: 1xCPU_P=10, 1xCPU_P=10, 1xCPU_P=10, 1xCPU_P=10, 2xCPU_P=2, 2xCPU_P=2, 4xCPU_P=34, 1xCPU_E=6, 1xCPU_E=6, 1xCPU_E=6, 1xCPU_E=6, 2xCPU_E=17, 2xCPU_E=17, 4xCPU_E=29
  Yolov8_nano_64x9637: 1xCPU_P=13, 1xCPU_P=13, 1xCPU_P=13, 1xCPU_P=13, 2xCPU_P=3, 2xCPU_P=3, 4xCPU_P=42, 1xCPU_E=3, 1xCPU_E=3, 1xCPU_E=3, 1xCPU_E=3, 2xCPU_E=19, 2xCPU_E=19, 4xCPU_E=18
  Yolov8_nano_64x9638: 1xCPU_P=12, 1xCPU_P=12, 1xCPU_P=12, 1xCPU_P=12, 2xCPU_P=4, 2xCPU_P=4, 4xCPU_P=34, 1xCPU_E=4, 1xCPU_E=4, 1xCPU_E=4, 1xCPU_E=4, 2xCPU_E=15, 2xCPU_E=15, 4xCPU_E=29
  Yolov8_nano_64x9639: 1xCPU_P=12, 1xCPU_P=12, 1xCPU_P=12, 1xCPU_P=12, 2xCPU_P=7, 2xCPU_P=7, 4xCPU_P=38, 1xCPU_E=4, 1xCPU_E=4, 1xCPU_E=4, 1xCPU_E=4, 2xCPU_E=11, 2xCPU_E=11, 4xCPU_E=26
  Yolov8_nano_64x9640: 1xCPU_P=9, 1xCPU_P=9, 1xCPU_P=9, 1xCPU_P=9, 2xCPU_P=5, 2xCPU_P=5, 4xCPU_P=40, 1xCPU_E=6, 1xCPU_E=6, 1xCPU_E=6, 1xCPU_E=6, 2xCPU_E=16, 2xCPU_E=16, 4xCPU_E=22
  Yolov8_nano_64x9641: 1xCPU_P=11, 1xCPU_P=11, 1xCPU_P=11, 1xCPU_P=11, 2xCPU_P=3, 2xCPU_P=3, 4xCPU_P=45, 1xCPU_E=4, 1xCPU_E=4, 1xCPU_E=4, 1xCPU_E=4, 2xCPU_E=17, 2xCPU_E=17, 4xCPU_E=18
  Yolov8_nano_64x9642: 1xCPU_P=9, 1xCPU_P=9, 1xCPU_P=9, 1xCPU_P=9, 2xCPU_P=1, 2xCPU_P=1, 4xCPU_P=42, 1xCPU_E=6, 1xCPU_E=6, 1xCPU_E=6, 1xCPU_E=6, 2xCPU_E=18, 2xCPU_E=18, 4xCPU_E=22
  Yolov8_nano_64x9643: 1xCPU_P=10, 1xCPU_P=10, 1xCPU_P=10, 1xCPU_P=10, 2xCPU_P=5, 2xCPU_P=5, 4xCPU_P=39, 1xCPU_E=4, 1xCPU_E=4, 1xCPU_E=4, 1xCPU_E=4, 2xCPU_E=14, 2xCPU_E=14, 4xCPU_E=26
  Yolov8_nano_64x9644: 1xCPU_P=9, 1xCPU_P=9, 1xCPU_P=9, 1xCPU_P=9, 2xCPU_P=3, 2xCPU_P=3, 4xCPU_P=37, 1xCPU_E=4, 1xCPU_E=4, 1xCPU_E=4, 1xCPU_E=4, 2xCPU_E=20, 2xCPU_E=20, 4xCPU_E=25
  Fused_full1: 1xCPU_P=9, 1xCPU_P=9, 1xCPU_P=9, 1xCPU_P=9, 1xCPU_E=6, 1xCPU_E=6, 1xCPU_E=6, 1xCPU_E=6
  Fused_full2: 1xCPU_P=10, 1xCPU_P=10, 1xCPU_P=10, 1xCPU_P=10, 1xCPU_E=5, 1xCPU_E=5, 1xCPU_E=5, 1xCPU_E=5
  Fused_full3: 1xCPU_P=11, 1xCPU_P=11, 1xCPU_P=11, 1xCPU_P=11, 1xCPU_E=4, 1xCPU_E=4, 1xCPU_E=4, 1xCPU_E=4
  Fused_full4: 1xCPU_P=6, 1xCPU_P=6, 1xCPU_P=6, 1xCPU_P=6, 1xCPU_E=9, 1xCPU_E=9, 1xCPU_E=9, 1xCPU_E=9
  Fused_full5: 1xCPU_P=13, 1xCPU_P=13, 1xCPU_P=13, 1xCPU_P=13, 1xCPU_E=2, 1xCPU_E=2, 1xCPU_E=2, 1xCPU_E=2
  Fused_full6: 1xCPU_P=12, 1xCPU_P=12, 1xCPU_P=12, 1xCPU_P=12, 1xCPU_E=3, 1xCPU_E=3, 1xCPU_E=3, 1xCPU_E=3
  Fused_full7: 1xCPU_P=13, 1xCPU_P=13, 1xCPU_P=13, 1xCPU_P=13, 1xCPU_E=2, 1xCPU_E=2, 1xCPU_E=2, 1xCPU_E=2
  Fused_full8: 1xCPU_P=12, 1xCPU_P=12, 1xCPU_P=12, 1xCPU_P=12, 1xCPU_E=3, 1xCPU_E=3, 1xCPU_E=3, 1xCPU_E=3
  Fused_full9: 1xCPU_P=13, 1xCPU_P=13, 1xCPU_P=13, 1xCPU_P=13, 1xCPU_E=2, 1xCPU_E=2, 1xCPU_E=2, 1xCPU_E=2
  Fused_full10: 1xCPU_P=13, 1xCPU_P=13, 1xCPU_P=13, 1xCPU_P=13, 1xCPU_E=2, 1xCPU_E=2, 1xCPU_E=2, 1xCPU_E=2
  Fused_full11: 1xCPU_P=10, 1xCPU_P=10, 1xCPU_P=10, 1xCPU_P=10, 1xCPU_E=5, 1xCPU_E=5, 1xCPU_E=5, 1xCPU_E=5
  Fused_full12: 1xCPU_P=13, 1xCPU_P=13, 1xCPU_P=13, 1xCPU_P=13, 1xCPU_E=2, 1xCPU_E=2, 1xCPU_E=2, 1xCPU_E=2
  Fused_full13: 1xCPU_P=10, 1xCPU_P=10, 1xCPU_P=10, 1xCPU_P=10, 1xCPU_E=5, 1xCPU_E=5, 1xCPU_E=5, 1xCPU_E=5
  Fused_full14: 1xCPU_P=6, 1xCPU_P=6, 1xCPU_P=6, 1xCPU_P=6, 1xCPU_E=9, 1xCPU_E=9, 1xCPU_E=9, 1xCPU_E=9
  Fused_full15: 1xCPU_P=13, 1xCPU_P=13, 1xCPU_P=13, 1xCPU_P=13, 1xCPU_E=2, 1xCPU_E=2, 1xCPU_E=2, 1xCPU_E=2
  Fused_full16: 1xCPU_P=7, 1xCPU_P=7, 1xCPU_P=7, 1xCPU_P=7, 1xCPU_E=8, 1xCPU_E=8, 1xCPU_E=8, 1xCPU_E=8
  Fused_full17: 1xCPU_P=11, 1xCPU_P=11, 1xCPU_P=11, 1xCPU_P=11, 1xCPU_E=4, 1xCPU_E=4, 1xCPU_E=4, 1xCPU_E=4
  Fused_full18: 1xCPU_P=8, 1xCPU_P=8, 1xCPU_P=8, 1xCPU_P=8, 1xCPU_E=7, 1xCPU_E=7, 1xCPU_E=7, 1xCPU_E=7
  Fused_full19: 1xCPU_P=13, 1xCPU_P=13, 1xCPU_P=13, 1xCPU_P=13, 1xCPU_E=2, 1xCPU_E=2, 1xCPU_E=2, 1xCPU_E=2
  Fused_full20: 1xCPU_P=8, 1xCPU_P=8, 1xCPU_P=8, 1xCPU_P=8, 1xCPU_E=7, 1xCPU_E=7, 1xCPU_E=7, 1xCPU_E=7
  Fused_full21: 1xCPU_P=9, 1xCPU_P=9, 1xCPU_P=9, 1xCPU_P=9, 1xCPU_E=6, 1xCPU_E=6, 1xCPU_E=6, 1xCPU_E=6
  Fused_full22: 1xCPU_P=10, 1xCPU_P=10, 1xCPU_P=10, 1xCPU_P=10, 1xCPU_E=5, 1xCPU_E=5, 1xCPU_E=5, 1xCPU_E=5
  Fused_full23: 1xCPU_P=9, 1xCPU_P=9, 1xCPU_P=9, 1xCPU_P=9, 1xCPU_E=6, 1xCPU_E=6, 1xCPU_E=6, 1xCPU_E=6
  Fused_full24: 1xCPU_P=14, 1xCPU_P=14, 1xCPU_P=14, 1xCPU_P=14, 1xCPU_E=1, 1xCPU_E=1, 1xCPU_E=1, 1xCPU_E=1
  Fused_full25: 1xCPU_P=12, 1xCPU_P=12, 1xCPU_P=12, 1xCPU_P=12, 1xCPU_E=3, 1xCPU_E=3, 1xCPU_E=3, 1xCPU_E=3
  Fused_full26: 1xCPU_P=11, 1xCPU_P=11, 1xCPU_P=11, 1xCPU_P=11, 1xCPU_E=4, 1xCPU_E=4, 1xCPU_E=4, 1xCPU_E=4
  Fused_full27: 1xCPU_P=8, 1xCPU_P=8, 1xCPU_P=8, 1xCPU_P=8, 1xCPU_E=7, 1xCPU_E=7, 1xCPU_E=7, 1xCPU_E=7
  Fused_full28: 1xCPU_P=12, 1xCPU_P=12, 1xCPU_P=12, 1xCPU_P=12, 1xCPU_E=3, 1xCPU_E=3, 1xCPU_E=3, 1xCPU_E=3
  Fused_full29: 1xCPU_P=4, 1xCPU_P=4, 1xCPU_P=4, 1xCPU_P=4, 1xCPU_E=11, 1xCPU_E=11, 1xCPU_E=11, 1xCPU_E=11
  Fused_full30: 1xCPU_P=11, 1xCPU_P=11, 1xCPU_P=11, 1xCPU_P=11, 1xCPU_E=4, 1xCPU_E=4, 1xCPU_E=4, 1xCPU_E=4
  Fused_full31: 1xCPU_P=8, 1xCPU_P=8, 1xCPU_P=8, 1xCPU_P=8, 1xCPU_E=7, 1xCPU_E=7, 1xCPU_E=7, 1xCPU_E=7
  Fused_full32: 1xCPU_P=8, 1xCPU_P=8, 1xCPU_P=8, 1xCPU_P=8, 1xCPU_E=7, 1xCPU_E=7, 1xCPU_E=7, 1xCPU_E=7
  Fused_full33: 1xCPU_P=10, 1xCPU_P=10, 1xCPU_P=10, 1xCPU_P=10, 1xCPU_E=5, 1xCPU_E=5, 1xCPU_E=5, 1xCPU_E=5
  Fused_full34: 1xCPU_P=11, 1xCPU_P=11, 1xCPU_P=11, 1xCPU_P=11, 1xCPU_E=4, 1xCPU_E=4, 1xCPU_E=4, 1xCPU_E=4
  Fused_full35: 1xCPU_P=11, 1xCPU_P=11, 1xCPU_P=11, 1xCPU_P=11, 1xCPU_E=4, 1xCPU_E=4, 1xCPU_E=4, 1xCPU_E=4
  Fused_full36: 1xCPU_P=12, 1xCPU_P=12, 1xCPU_P=12, 1xCPU_P=12, 1xCPU_E=3, 1xCPU_E=3, 1xCPU_E=3, 1xCPU_E=3
  Fused_full37: 1xCPU_P=10, 1xCPU_P=10, 1xCPU_P=10, 1xCPU_P=10, 1xCPU_E=5, 1xCPU_E=5, 1xCPU_E=5, 1xCPU_E=5
  Fused_full38: 1xCPU_P=13, 1xCPU_P=13, 1xCPU_P=13, 1xCPU_P=13, 1xCPU_E=2, 1xCPU_E=2, 1xCPU_E=2, 1xCPU_E=2
  Fused_full39: 1xCPU_P=12, 1xCPU_P=12, 1xCPU_P=12, 1xCPU_P=12, 1xCPU_E=3, 1xCPU_E=3, 1xCPU_E=3, 1xCPU_E=3
  Fused_full40: 1xCPU_P=11, 1xCPU_P=11, 1xCPU_P=11, 1xCPU_P=11, 1xCPU_E=4, 1xCPU_E=4, 1xCPU_E=4, 1xCPU_E=4
  Fused_full41: 1xCPU_P=8, 1xCPU_P=8, 1xCPU_P=8, 1xCPU_P=8, 1xCPU_E=7, 1xCPU_E=7, 1xCPU_E=7, 1xCPU_E=7
  Fused_full42: 1xCPU_P=8, 1xCPU_P=8, 1xCPU_P=8, 1xCPU_P=8, 1xCPU_E=7, 1xCPU_E=7, 1xCPU_E=7, 1xCPU_E=7
  Fused_full43: 1xCPU_P=12, 1xCPU_P=12, 1xCPU_P=12, 1xCPU_P=12, 1xCPU_E=3, 1xCPU_E=3, 1xCPU_E=3, 1xCPU_E=3
  Fused_full44: 1xCPU_P=13, 1xCPU_P=13, 1xCPU_P=13, 1xCPU_P=13, 1xCPU_E=2, 1xCPU_E=2, 1xCPU_E=2, 1xCPU_E=2
  Mlp_control1: 1xCPU_P=5, 1xCPU_P=5, 1xCPU_P=5, 1xCPU_P=5, 1xCPU_E=2, 1xCPU_E=2, 1xCPU_E=2, 1xCPU_E=2
  Mlp_control2: 1xCPU_P=5, 1xCPU_P=5, 1xCPU_P=5, 1xCPU_P=5, 1xCPU_E=2, 1xCPU_E=2, 1xCPU_E=2, 1xCPU_E=2
  Mlp_control3: 1xCPU_P=7, 1xCPU_P=7, 1xCPU_P=7, 1xCPU_P=7
  Mlp_control4: 1xCPU_P=6, 1xCPU_P=6, 1xCPU_P=6, 1xCPU_P=6, 1xCPU_E=1, 1xCPU_E=1, 1xCPU_E=1, 1xCPU_E=1
  Mlp_control5: 1xCPU_P=7, 1xCPU_P=7, 1xCPU_P=7, 1xCPU_P=7
  Mlp_control6: 1xCPU_P=5, 1xCPU_P=5, 1xCPU_P=5, 1xCPU_P=5, 1xCPU_E=2, 1xCPU_E=2, 1xCPU_E=2, 1xCPU_E=2
  Mlp_control7: 1xCPU_P=5, 1xCPU_P=5, 1xCPU_P=5, 1xCPU_P=5, 1xCPU_E=2, 1xCPU_E=2, 1xCPU_E=2, 1xCPU_E=2
  Mlp_control8: 1xCPU_P=7, 1xCPU_P=7, 1xCPU_P=7, 1xCPU_P=7
  Mlp_control9: 1xCPU_P=3, 1xCPU_P=3, 1xCPU_P=3, 1xCPU_P=3, 1xCPU_E=4, 1xCPU_E=4, 1xCPU_E=4, 1xCPU_E=4
  Mlp_control10: 1xCPU_P=7, 1xCPU_P=7, 1xCPU_P=7, 1xCPU_P=7
  Mlp_control11: 1xCPU_P=7, 1xCPU_P=7, 1xCPU_P=7, 1xCPU_P=7
  Mlp_control12: 1xCPU_E=7, 1xCPU_E=7, 1xCPU_E=7, 1xCPU_E=7
  Mlp_control13: 1xCPU_P=7, 1xCPU_P=7, 1xCPU_P=7, 1xCPU_P=7
  Mlp_control14: 1xCPU_P=6, 1xCPU_P=6, 1xCPU_P=6, 1xCPU_P=6, 1xCPU_E=1, 1xCPU_E=1, 1xCPU_E=1, 1xCPU_E=1
  Mlp_control15: 1xCPU_P=7, 1xCPU_P=7, 1xCPU_P=7, 1xCPU_P=7
  Mlp_control16: 1xCPU_P=6, 1xCPU_P=6, 1xCPU_P=6, 1xCPU_P=6, 1xCPU_E=1, 1xCPU_E=1, 1xCPU_E=1, 1xCPU_E=1
  Mlp_control17: 1xCPU_P=6, 1xCPU_P=6, 1xCPU_P=6, 1xCPU_P=6, 1xCPU_E=1, 1xCPU_E=1, 1xCPU_E=1, 1xCPU_E=1
  Mlp_control18: 1xCPU_P=4, 1xCPU_P=4, 1xCPU_P=4, 1xCPU_P=4, 1xCPU_E=3, 1xCPU_E=3, 1xCPU_E=3, 1xCPU_E=3
  Mlp_control19: 1xCPU_P=6, 1xCPU_P=6, 1xCPU_P=6, 1xCPU_P=6, 1xCPU_E=1, 1xCPU_E=1, 1xCPU_E=1, 1xCPU_E=1
  Mlp_control20: 1xCPU_P=6, 1xCPU_P=6, 1xCPU_P=6, 1xCPU_P=6, 1xCPU_E=1, 1xCPU_E=1, 1xCPU_E=1, 1xCPU_E=1
  Mlp_control21: 1xCPU_P=3, 1xCPU_P=3, 1xCPU_P=3, 1xCPU_P=3, 1xCPU_E=4, 1xCPU_E=4, 1xCPU_E=4, 1xCPU_E=4
  Mlp_control22: 1xCPU_P=7, 1xCPU_P=7, 1xCPU_P=7, 1xCPU_P=7
  Mlp_control23: 1xCPU_P=5, 1xCPU_P=5, 1xCPU_P=5, 1xCPU_P=5, 1xCPU_E=2, 1xCPU_E=2, 1xCPU_E=2, 1xCPU_E=2
  Mlp_control24: 1xCPU_P=7, 1xCPU_P=7, 1xCPU_P=7, 1xCPU_P=7
  Mlp_control25: 1xCPU_P=5, 1xCPU_P=5, 1xCPU_P=5, 1xCPU_P=5, 1xCPU_E=2, 1xCPU_E=2, 1xCPU_E=2, 1xCPU_E=2
  Mlp_control26: 1xCPU_P=7, 1xCPU_P=7, 1xCPU_P=7, 1xCPU_P=7
  Mlp_control27: 1xCPU_P=5, 1xCPU_P=5, 1xCPU_P=5, 1xCPU_P=5, 1xCPU_E=2, 1xCPU_E=2, 1xCPU_E=2, 1xCPU_E=2
  Mlp_control28: 1xCPU_P=4, 1xCPU_P=4, 1xCPU_P=4, 1xCPU_P=4, 1xCPU_E=3, 1xCPU_E=3, 1xCPU_E=3, 1xCPU_E=3
  Mlp_control29: 1xCPU_P=3, 1xCPU_P=3, 1xCPU_P=3, 1xCPU_P=3, 1xCPU_E=4, 1xCPU_E=4, 1xCPU_E=4, 1xCPU_E=4
  Mlp_control30: 1xCPU_P=5, 1xCPU_P=5, 1xCPU_P=5, 1xCPU_P=5, 1xCPU_E=2, 1xCPU_E=2, 1xCPU_E=2, 1xCPU_E=2
  Mlp_control31: 1xCPU_P=5, 1xCPU_P=5, 1xCPU_P=5, 1xCPU_P=5, 1xCPU_E=2, 1xCPU_E=2, 1xCPU_E=2, 1xCPU_E=2
  Mlp_control32: 1xCPU_P=4, 1xCPU_P=4, 1xCPU_P=4, 1xCPU_P=4, 1xCPU_E=3, 1xCPU_E=3, 1xCPU_E=3, 1xCPU_E=3
  Mlp_control33: 1xCPU_P=6, 1xCPU_P=6, 1xCPU_P=6, 1xCPU_P=6, 1xCPU_E=1, 1xCPU_E=1, 1xCPU_E=1, 1xCPU_E=1
  Mlp_control34: 1xCPU_P=7, 1xCPU_P=7, 1xCPU_P=7, 1xCPU_P=7
  Mlp_control35: 1xCPU_P=6, 1xCPU_P=6, 1xCPU_P=6, 1xCPU_P=6, 1xCPU_E=1, 1xCPU_E=1, 1xCPU_E=1, 1xCPU_E=1
  Mlp_control36: 1xCPU_P=4, 1xCPU_P=4, 1xCPU_P=4, 1xCPU_P=4, 1xCPU_E=3, 1xCPU_E=3, 1xCPU_E=3, 1xCPU_E=3
  Mlp_control37: 1xCPU_P=6, 1xCPU_P=6, 1xCPU_P=6, 1xCPU_P=6, 1xCPU_E=1, 1xCPU_E=1, 1xCPU_E=1, 1xCPU_E=1
  Mlp_control38: 1xCPU_P=7, 1xCPU_P=7, 1xCPU_P=7, 1xCPU_P=7
  Mlp_control39: 1xCPU_P=3, 1xCPU_P=3, 1xCPU_P=3, 1xCPU_P=3, 1xCPU_E=4, 1xCPU_E=4, 1xCPU_E=4, 1xCPU_E=4
  Mlp_control40: 1xCPU_P=1, 1xCPU_P=1, 1xCPU_P=1, 1xCPU_P=1, 1xCPU_E=6, 1xCPU_E=6, 1xCPU_E=6, 1xCPU_E=6
  Mlp_control41: 1xCPU_P=2, 1xCPU_P=2, 1xCPU_P=2, 1xCPU_P=2, 1xCPU_E=5, 1xCPU_E=5, 1xCPU_E=5, 1xCPU_E=5
  Mlp_control42: 1xCPU_P=7, 1xCPU_P=7, 1xCPU_P=7, 1xCPU_P=7
  Mlp_control43: 1xCPU_P=4, 1xCPU_P=4, 1xCPU_P=4, 1xCPU_P=4, 1xCPU_E=3, 1xCPU_E=3, 1xCPU_E=3, 1xCPU_E=3
  Mlp_control44: 1xCPU_P=5, 1xCPU_P=5, 1xCPU_P=5, 1xCPU_P=5, 1xCPU_E=2, 1xCPU_E=2, 1xCPU_E=2, 1xCPU_E=2
  Mlp_control45: 1xCPU_P=7, 1xCPU_P=7, 1xCPU_P=7, 1xCPU_P=7
  Mlp_control46: 1xCPU_P=7, 1xCPU_P=7, 1xCPU_P=7, 1xCPU_P=7
  Mlp_control47: 1xCPU_P=6, 1xCPU_P=6, 1xCPU_P=6, 1xCPU_P=6, 1xCPU_E=1, 1xCPU_E=1, 1xCPU_E=1, 1xCPU_E=1
  Mlp_control48: 1xCPU_P=5, 1xCPU_P=5, 1xCPU_P=5, 1xCPU_P=5, 1xCPU_E=2, 1xCPU_E=2, 1xCPU_E=2, 1xCPU_E=2
  Mlp_control49: 1xCPU_E=7, 1xCPU_E=7, 1xCPU_E=7, 1xCPU_E=7
  Mlp_control50: 1xCPU_P=7, 1xCPU_P=7, 1xCPU_P=7, 1xCPU_P=7
  Mlp_control51: 1xCPU_P=6, 1xCPU_P=6, 1xCPU_P=6, 1xCPU_P=6, 1xCPU_E=1, 1xCPU_E=1, 1xCPU_E=1, 1xCPU_E=1
  Mlp_control52: 1xCPU_P=5, 1xCPU_P=5, 1xCPU_P=5, 1xCPU_P=5, 1xCPU_E=2, 1xCPU_E=2, 1xCPU_E=2, 1xCPU_E=2
  Mlp_control53: 1xCPU_P=7, 1xCPU_P=7, 1xCPU_P=7, 1xCPU_P=7
  Mlp_control54: 1xCPU_P=7, 1xCPU_P=7, 1xCPU_P=7, 1xCPU_P=7
  Mlp_control55: 1xCPU_P=6, 1xCPU_P=6, 1xCPU_P=6, 1xCPU_P=6, 1xCPU_E=1, 1xCPU_E=1, 1xCPU_E=1, 1xCPU_E=1
  Mlp_control56: 1xCPU_P=6, 1xCPU_P=6, 1xCPU_P=6, 1xCPU_P=6, 1xCPU_E=1, 1xCPU_E=1, 1xCPU_E=1, 1xCPU_E=1
  Mlp_control57: 1xCPU_P=5, 1xCPU_P=5, 1xCPU_P=5, 1xCPU_P=5, 1xCPU_E=2, 1xCPU_E=2, 1xCPU_E=2, 1xCPU_E=2
  Mlp_control58: 1xCPU_P=7, 1xCPU_P=7, 1xCPU_P=7, 1xCPU_P=7
  Mlp_control59: 1xCPU_P=6, 1xCPU_P=6, 1xCPU_P=6, 1xCPU_P=6, 1xCPU_E=1, 1xCPU_E=1, 1xCPU_E=1, 1xCPU_E=1
  Mlp_control60: 1xCPU_P=4, 1xCPU_P=4, 1xCPU_P=4, 1xCPU_P=4, 1xCPU_E=3, 1xCPU_E=3, 1xCPU_E=3, 1xCPU_E=3
  Mlp_control61: 1xCPU_P=1, 1xCPU_P=1, 1xCPU_P=1, 1xCPU_P=1, 1xCPU_E=6, 1xCPU_E=6, 1xCPU_E=6, 1xCPU_E=6
  Mlp_control62: 1xCPU_P=5, 1xCPU_P=5, 1xCPU_P=5, 1xCPU_P=5, 1xCPU_E=2, 1xCPU_E=2, 1xCPU_E=2, 1xCPU_E=2
  Mlp_control63: 1xCPU_P=7, 1xCPU_P=7, 1xCPU_P=7, 1xCPU_P=7
  Mlp_control64: 1xCPU_P=5, 1xCPU_P=5, 1xCPU_P=5, 1xCPU_P=5, 1xCPU_E=2, 1xCPU_E=2, 1xCPU_E=2, 1xCPU_E=2
  Mlp_control65: 1xCPU_P=6, 1xCPU_P=6, 1xCPU_P=6, 1xCPU_P=6, 1xCPU_E=1, 1xCPU_E=1, 1xCPU_E=1, 1xCPU_E=1
  Mlp_control66: 1xCPU_P=7, 1xCPU_P=7, 1xCPU_P=7, 1xCPU_P=7
  Mlp_control67: 1xCPU_P=7, 1xCPU_P=7, 1xCPU_P=7, 1xCPU_P=7
  Mlp_control68: 1xCPU_P=5, 1xCPU_P=5, 1xCPU_P=5, 1xCPU_P=5, 1xCPU_E=2, 1xCPU_E=2, 1xCPU_E=2, 1xCPU_E=2
  Mlp_control69: 1xCPU_P=7, 1xCPU_P=7, 1xCPU_P=7, 1xCPU_P=7
  Mlp_control70: 1xCPU_P=4, 1xCPU_P=4, 1xCPU_P=4, 1xCPU_P=4, 1xCPU_E=3, 1xCPU_E=3, 1xCPU_E=3, 1xCPU_E=3
  Mlp_control71: 1xCPU_P=7, 1xCPU_P=7, 1xCPU_P=7, 1xCPU_P=7
  Mlp_control72: 1xCPU_P=6, 1xCPU_P=6, 1xCPU_P=6, 1xCPU_P=6, 1xCPU_E=1, 1xCPU_E=1, 1xCPU_E=1, 1xCPU_E=1
  Mlp_control73: 1xCPU_P=5, 1xCPU_P=5, 1xCPU_P=5, 1xCPU_P=5, 1xCPU_E=2, 1xCPU_E=2, 1xCPU_E=2, 1xCPU_E=2
  Mlp_control74: 1xCPU_P=6, 1xCPU_P=6, 1xCPU_P=6, 1xCPU_P=6, 1xCPU_E=1, 1xCPU_E=1, 1xCPU_E=1, 1xCPU_E=1
  Mlp_control75: 1xCPU_P=2, 1xCPU_P=2, 1xCPU_P=2, 1xCPU_P=2, 1xCPU_E=5, 1xCPU_E=5, 1xCPU_E=5, 1xCPU_E=5
  Mlp_control76: 1xCPU_P=7, 1xCPU_P=7, 1xCPU_P=7, 1xCPU_P=7
  Mlp_control77: 1xCPU_P=6, 1xCPU_P=6, 1xCPU_P=6, 1xCPU_P=6, 1xCPU_E=1, 1xCPU_E=1, 1xCPU_E=1, 1xCPU_E=1
  Mlp_control78: 1xCPU_P=7, 1xCPU_P=7, 1xCPU_P=7, 1xCPU_P=7
  Mlp_control79: 1xCPU_P=7, 1xCPU_P=7, 1xCPU_P=7, 1xCPU_P=7
  Mlp_control80: 1xCPU_P=6, 1xCPU_P=6, 1xCPU_P=6, 1xCPU_P=6, 1xCPU_E=1, 1xCPU_E=1, 1xCPU_E=1, 1xCPU_E=1
  Mlp_control81: 1xCPU_P=7, 1xCPU_P=7, 1xCPU_P=7, 1xCPU_P=7
  Mlp_control82: 1xCPU_P=7, 1xCPU_P=7, 1xCPU_P=7, 1xCPU_P=7
  Mlp_control83: 1xCPU_P=3, 1xCPU_P=3, 1xCPU_P=3, 1xCPU_P=3, 1xCPU_E=4, 1xCPU_E=4, 1xCPU_E=4, 1xCPU_E=4
  Mlp_control84: 1xCPU_P=7, 1xCPU_P=7, 1xCPU_P=7, 1xCPU_P=7
  Mlp_control85: 1xCPU_P=5, 1xCPU_P=5, 1xCPU_P=5, 1xCPU_P=5, 1xCPU_E=2, 1xCPU_E=2, 1xCPU_E=2, 1xCPU_E=2
  Mlp_control86: 1xCPU_P=5, 1xCPU_P=5, 1xCPU_P=5, 1xCPU_P=5, 1xCPU_E=2, 1xCPU_E=2, 1xCPU_E=2, 1xCPU_E=2
  Mlp_control87: 1xCPU_P=2, 1xCPU_P=2, 1xCPU_P=2, 1xCPU_P=2, 1xCPU_E=5, 1xCPU_E=5, 1xCPU_E=5, 1xCPU_E=5
  Mlp_control88: 1xCPU_P=7, 1xCPU_P=7, 1xCPU_P=7, 1xCPU_P=7
  Mlp_control89: 1xCPU_P=7, 1xCPU_P=7, 1xCPU_P=7, 1xCPU_P=7
  Mlp_control90: 1xCPU_P=7, 1xCPU_P=7, 1xCPU_P=7, 1xCPU_P=7
  Mlp_control91: 1xCPU_P=7, 1xCPU_P=7, 1xCPU_P=7, 1xCPU_P=7
  Mlp_control92: 1xCPU_P=6, 1xCPU_P=6, 1xCPU_P=6, 1xCPU_P=6, 1xCPU_E=1, 1xCPU_E=1, 1xCPU_E=1, 1xCPU_E=1
  Mlp_control93: 1xCPU_E=7, 1xCPU_E=7, 1xCPU_E=7, 1xCPU_E=7
  Mlp_control94: 1xCPU_P=7, 1xCPU_P=7, 1xCPU_P=7, 1xCPU_P=7
  Mlp_control95: 1xCPU_P=3, 1xCPU_P=3, 1xCPU_P=3, 1xCPU_P=3, 1xCPU_E=4, 1xCPU_E=4, 1xCPU_E=4, 1xCPU_E=4
  Mlp_control96: 1xCPU_P=7, 1xCPU_P=7, 1xCPU_P=7, 1xCPU_P=7
  Mlp_control97: 1xCPU_P=5, 1xCPU_P=5, 1xCPU_P=5, 1xCPU_P=5, 1xCPU_E=2, 1xCPU_E=2, 1xCPU_E=2, 1xCPU_E=2
  Mlp_control98: 1xCPU_P=7, 1xCPU_P=7, 1xCPU_P=7, 1xCPU_P=7
  Mlp_control99: 1xCPU_P=7, 1xCPU_P=7, 1xCPU_P=7, 1xCPU_P=7
Job 'yolov8_nano_64x960' (job_id=0, color_index=0) -> color RGB=[0.98745098 0.54117647 0.41568627]
DEBUG TRANSFER: alpha_shape=(5785, 14), num_actual_machines=8, len(machines)=8, alpha_cols=14, is_using_combos=True, prev_machine=6, machine=13, transfer_times_shape=(8, 8), machine_combinations=True
DEBUG IMMEDIATE: op=62, job_id=0, lookup=0, op_color_index=0, base_colors[0]=(np.float64(0.9874509803921568), np.float64(0.5411764705882353), np.float64(0.41568627450980394))
DEBUG AFTER MODULO: op=62, original=0, after_modulo=0, len(base_colors)=190
DEBUG BEFORE LEGEND: op=62, op_color_index=0, original=0, job_index=0, legend_key=kind_yolov8_nano_64x, in_legend=True
DEBUG IMMEDIATE: op=63, job_id=0, lookup=0, op_color_index=0, base_colors[0]=(np.float64(0.9874509803921568), np.float64(0.5411764705882353), np.float64(0.41568627450980394))
DEBUG AFTER MODULO: op=63, original=0, after_modulo=0, len(base_colors)=190
DEBUG BEFORE LEGEND: op=63, op_color_index=0, original=0, job_index=0, legend_key=kind_yolov8_nano_64x, in_legend=True
DEBUG IMMEDIATE: op=64, job_id=0, lookup=0, op_color_index=0, base_colors[0]=(np.float64(0.9874509803921568), np.float64(0.5411764705882353), np.float64(0.41568627450980394))
DEBUG AFTER MODULO: op=64, original=0, after_modulo=0, len(base_colors)=190
DEBUG BEFORE LEGEND: op=64, op_color_index=0, original=0, job_index=0, legend_key=kind_yolov8_nano_64x, in_legend=True
Job 'fused_full0' (job_id=1, color_index=1) -> color RGB=[0.59607843 0.8345098  0.57882353]
Job 'mlp_control0' (job_id=2, color_index=2) -> color RGB=[0.71372549 0.71372549 0.84705882]
Saving plot to plots/wh_chain45_w2p_cpsat_profiled.png...

Plot saved to plots/wh_chain45_w2p_cpsat_profiled.png

Outputting scheduled JSON...
  pdb_hash = sha256:ab4444919b7f6c45... over 5 CSV(s)

Scheduled JSON saved to: schedules/scheduled_wh_chain45_w2p_cpsat_profiled.json
Metrics written to: schedules/scheduled_wh_chain45_w2p_cpsat_profiled_metrics.json
  makespan_us=1010.96  op_deadline_miss=0 (dispatches, NOT instances)  cross_dev=4048  solver_s=5407.352
Scheduler report written to: schedules/scheduled_wh_chain45_w2p_cpsat_profiled_report.json
