graph_iter,dispatch_key,dispatch_id,ordinal,total,job_name,module_name,target,vmfb_path,planned_start_us,eligible_us,submit_us,complete_us,residency_us,dep_slip_us,planned_duration_us,ready_us,start_us,end_us,queue_delay_us,run_us,total_latency_us
0,dronet0_dispatch_0,0,1,1,dronet0,dronet$async_dispatch_0_embedded_elf_riscv_64_dronet$async_dispatch_0_elementwise_3x112x112_f32xi8,CPU_P,/root/mb_k1/gen/vmfb/dronet/spacemit_x60/RVV/dronet.q.int8/benchmarks/vmfb/module_dronet$async_dispatch_0_embedded_elf_riscv_64_benchmark.vmfb,0,0,237,796,796,0,583,0,237,796,237,559,796
0,mlp0_dispatch_0,0,1,1,mlp0,mlp$async_dispatch_0_embedded_elf_riscv_64_mlp$async_dispatch_0_elementwise_10_f32xi8,CPU_P,/root/mb_k1/gen/vmfb/mlp/spacemit_x60/RVV/mlp.q.int8/benchmarks/vmfb/module_mlp$async_dispatch_0_embedded_elf_riscv_64_benchmark.vmfb,0,0,840,956,956,0,63,0,840,956,840,116,956
0,mlp0_dispatch_1,1,1,1,mlp0,mlp$async_dispatch_1_embedded_elf_riscv_64_mlp$async_dispatch_1_matmul_1x32x10_i8xi8xi32,CPU_P,/root/mb_k1/gen/vmfb/mlp/spacemit_x60/RVV/mlp.q.int8/benchmarks/vmfb/module_mlp$async_dispatch_1_embedded_elf_riscv_64_benchmark.vmfb,63,956,977,1202,246,893,66,956,977,1202,21,225,1139
0,dronet0_dispatch_1,1,1,1,dronet0,dronet$async_dispatch_1_embedded_elf_riscv_64_dronet$async_dispatch_1_conv_32x56x56x3x3x3_i8xi8xi32,CPU_E,/root/mb_k1/gen/vmfb/dronet/spacemit_x60/RVV/dronet.q.int8/benchmarks/vmfb/module_dronet$async_dispatch_1_embedded_elf_riscv_64_benchmark.vmfb,583,796,856,7341,6545,213,22767,796,856,7341,60,6485,6758
0,mlp0_dispatch_2,2,1,1,mlp0,mlp$async_dispatch_2_embedded_elf_riscv_64_mlp$async_dispatch_2_matmul_1x32x32_i8xi8xi32,CPU_E,/root/mb_k1/gen/vmfb/mlp/spacemit_x60/RVV/mlp.q.int8/benchmarks/vmfb/module_mlp$async_dispatch_2_embedded_elf_riscv_64_benchmark.vmfb,129,1202,7378,7628,6426,1073,65,1202,7378,7628,6176,250,7499
0,mlp0_dispatch_3,3,1,1,mlp0,mlp$async_dispatch_3_embedded_elf_riscv_64_mlp$async_dispatch_3_matmul_1x2x32_i8xi8xi32,CPU_P,/root/mb_k1/gen/vmfb/mlp/spacemit_x60/RVV/mlp.q.int8/benchmarks/vmfb/module_mlp$async_dispatch_3_embedded_elf_riscv_64_benchmark.vmfb,194,7628,10003,10126,2498,7434,78,7628,10003,10126,2375,123,9932
0,mlp0_dispatch_4,4,1,1,mlp0,mlp$async_dispatch_4_embedded_elf_riscv_64_mlp$async_dispatch_4_elementwise_2_i8xf32,CPU_P,/root/mb_k1/gen/vmfb/mlp/spacemit_x60/RVV/mlp.q.int8/benchmarks/vmfb/module_mlp$async_dispatch_4_embedded_elf_riscv_64_benchmark.vmfb,272,10126,10151,14207,4081,9854,64,10126,10151,14207,25,4056,13935
0,mlp1_dispatch_0,0,1,1,mlp1,mlp$async_dispatch_0_embedded_elf_riscv_64_mlp$async_dispatch_0_elementwise_10_f32xi8,CPU_P,/root/mb_k1/gen/vmfb/mlp/spacemit_x60/RVV/mlp.q.int8/benchmarks/vmfb/module_mlp$async_dispatch_0_embedded_elf_riscv_64_benchmark.vmfb,10000,10000,14232,14330,4330,0,63,10000,14232,14330,4232,98,4330
0,mlp1_dispatch_1,1,1,1,mlp1,mlp$async_dispatch_1_embedded_elf_riscv_64_mlp$async_dispatch_1_matmul_1x32x10_i8xi8xi32,CPU_P,/root/mb_k1/gen/vmfb/mlp/spacemit_x60/RVV/mlp.q.int8/benchmarks/vmfb/module_mlp$async_dispatch_1_embedded_elf_riscv_64_benchmark.vmfb,10063,14330,14352,14458,128,4267,66,14330,14352,14458,22,106,4395
0,mlp1_dispatch_2,2,1,1,mlp1,mlp$async_dispatch_2_embedded_elf_riscv_64_mlp$async_dispatch_2_matmul_1x32x32_i8xi8xi32,CPU_E,/root/mb_k1/gen/vmfb/mlp/spacemit_x60/RVV/mlp.q.int8/benchmarks/vmfb/module_mlp$async_dispatch_2_embedded_elf_riscv_64_benchmark.vmfb,10129,14458,14485,14599,141,4329,65,14458,14485,14599,27,114,4470
0,mlp1_dispatch_3,3,1,1,mlp1,mlp$async_dispatch_3_embedded_elf_riscv_64_mlp$async_dispatch_3_matmul_1x2x32_i8xi8xi32,CPU_P,/root/mb_k1/gen/vmfb/mlp/spacemit_x60/RVV/mlp.q.int8/benchmarks/vmfb/module_mlp$async_dispatch_3_embedded_elf_riscv_64_benchmark.vmfb,10194,14599,14636,14738,139,4405,78,14599,14636,14738,37,102,4544
0,mlp1_dispatch_4,4,1,1,mlp1,mlp$async_dispatch_4_embedded_elf_riscv_64_mlp$async_dispatch_4_elementwise_2_i8xf32,CPU_P,/root/mb_k1/gen/vmfb/mlp/spacemit_x60/RVV/mlp.q.int8/benchmarks/vmfb/module_mlp$async_dispatch_4_embedded_elf_riscv_64_benchmark.vmfb,10272,14738,14762,14841,103,4466,64,14738,14762,14841,24,79,4569
0,mlp2_dispatch_0,0,1,1,mlp2,mlp$async_dispatch_0_embedded_elf_riscv_64_mlp$async_dispatch_0_elementwise_10_f32xi8,CPU_P,/root/mb_k1/gen/vmfb/mlp/spacemit_x60/RVV/mlp.q.int8/benchmarks/vmfb/module_mlp$async_dispatch_0_embedded_elf_riscv_64_benchmark.vmfb,20000,20000,20003,20103,103,0,63,20000,20003,20103,3,100,103
0,mlp2_dispatch_1,1,1,1,mlp2,mlp$async_dispatch_1_embedded_elf_riscv_64_mlp$async_dispatch_1_matmul_1x32x10_i8xi8xi32,CPU_P,/root/mb_k1/gen/vmfb/mlp/spacemit_x60/RVV/mlp.q.int8/benchmarks/vmfb/module_mlp$async_dispatch_1_embedded_elf_riscv_64_benchmark.vmfb,20063,20103,20127,20235,132,40,66,20103,20127,20235,24,108,172
0,mlp2_dispatch_2,2,1,1,mlp2,mlp$async_dispatch_2_embedded_elf_riscv_64_mlp$async_dispatch_2_matmul_1x32x32_i8xi8xi32,CPU_E,/root/mb_k1/gen/vmfb/mlp/spacemit_x60/RVV/mlp.q.int8/benchmarks/vmfb/module_mlp$async_dispatch_2_embedded_elf_riscv_64_benchmark.vmfb,20129,20235,20264,20384,149,106,65,20235,20264,20384,29,120,255
0,mlp2_dispatch_3,3,1,1,mlp2,mlp$async_dispatch_3_embedded_elf_riscv_64_mlp$async_dispatch_3_matmul_1x2x32_i8xi8xi32,CPU_P,/root/mb_k1/gen/vmfb/mlp/spacemit_x60/RVV/mlp.q.int8/benchmarks/vmfb/module_mlp$async_dispatch_3_embedded_elf_riscv_64_benchmark.vmfb,20194,20384,20423,20520,136,190,78,20384,20423,20520,39,97,326
0,mlp2_dispatch_4,4,1,1,mlp2,mlp$async_dispatch_4_embedded_elf_riscv_64_mlp$async_dispatch_4_elementwise_2_i8xf32,CPU_P,/root/mb_k1/gen/vmfb/mlp/spacemit_x60/RVV/mlp.q.int8/benchmarks/vmfb/module_mlp$async_dispatch_4_embedded_elf_riscv_64_benchmark.vmfb,20272,20520,20540,20624,104,248,64,20520,20540,20624,20,84,352
0,dronet0_dispatch_2,2,1,1,dronet0,dronet$async_dispatch_2_embedded_elf_riscv_64_dronet$async_dispatch_2_conv_32x27x27x3x3_f32,CPU_E,/root/mb_k1/gen/vmfb/dronet/spacemit_x60/RVV/dronet.q.int8/benchmarks/vmfb/module_dronet$async_dispatch_2_embedded_elf_riscv_64_benchmark.vmfb,23349,20384,20411,21409,1025,0,3194,20384,20411,21409,27,998,0
0,dronet0_dispatch_3,3,1,1,dronet0,dronet$async_dispatch_3_embedded_elf_riscv_64_dronet$async_dispatch_3_elementwise_32x27x27_i8xf32xi8,CPU_P,/root/mb_k1/gen/vmfb/dronet/spacemit_x60/RVV/dronet.q.int8/benchmarks/vmfb/module_dronet$async_dispatch_3_embedded_elf_riscv_64_benchmark.vmfb,26543,21409,21449,21981,572,0,1024,21409,21449,21981,40,532,0
0,dronet0_dispatch_4,4,1,1,dronet0,dronet$async_dispatch_4_embedded_elf_riscv_64_dronet$async_dispatch_4_conv_32x14x14x32x3x3_i8xi8xi32,CPU_E,/root/mb_k1/gen/vmfb/dronet/spacemit_x60/RVV/dronet.q.int8/benchmarks/vmfb/module_dronet$async_dispatch_4_embedded_elf_riscv_64_benchmark.vmfb,27567,21981,22022,26024,4043,0,14513,21981,22022,26024,41,4002,0
0,dronet0_dispatch_5,5,1,1,dronet0,dronet$async_dispatch_5_embedded_elf_riscv_64_dronet$async_dispatch_5_conv_32x14x14x32x3x3_i8xi8xi32,CPU_E,/root/mb_k1/gen/vmfb/dronet/spacemit_x60/RVV/dronet.q.int8/benchmarks/vmfb/module_dronet$async_dispatch_5_embedded_elf_riscv_64_benchmark.vmfb,42079,26024,26054,30359,4335,0,15683,26024,26054,30359,30,4305,0
0,dronet0_dispatch_6,6,1,1,dronet0,dronet$async_dispatch_6_embedded_elf_riscv_64_dronet$async_dispatch_6_reduction_32x14x14x32_i8xi8xi32,CPU_E,/root/mb_k1/gen/vmfb/dronet/spacemit_x60/RVV/dronet.q.int8/benchmarks/vmfb/module_dronet$async_dispatch_6_embedded_elf_riscv_64_benchmark.vmfb,57762,30359,30384,31514,1155,0,3528,30359,30384,31514,25,1130,0
0,mlp3_dispatch_0,0,1,1,mlp3,mlp$async_dispatch_0_embedded_elf_riscv_64_mlp$async_dispatch_0_elementwise_10_f32xi8,CPU_P,/root/mb_k1/gen/vmfb/mlp/spacemit_x60/RVV/mlp.q.int8/benchmarks/vmfb/module_mlp$async_dispatch_0_embedded_elf_riscv_64_benchmark.vmfb,30000,30000,30002,34803,4803,0,63,30000,30002,34803,2,4801,4803
0,mlp3_dispatch_1,1,1,1,mlp3,mlp$async_dispatch_1_embedded_elf_riscv_64_mlp$async_dispatch_1_matmul_1x32x10_i8xi8xi32,CPU_P,/root/mb_k1/gen/vmfb/mlp/spacemit_x60/RVV/mlp.q.int8/benchmarks/vmfb/module_mlp$async_dispatch_1_embedded_elf_riscv_64_benchmark.vmfb,30063,34803,34832,34941,138,4740,66,34803,34832,34941,29,109,4878
0,mlp3_dispatch_2,2,1,1,mlp3,mlp$async_dispatch_2_embedded_elf_riscv_64_mlp$async_dispatch_2_matmul_1x32x32_i8xi8xi32,CPU_E,/root/mb_k1/gen/vmfb/mlp/spacemit_x60/RVV/mlp.q.int8/benchmarks/vmfb/module_mlp$async_dispatch_2_embedded_elf_riscv_64_benchmark.vmfb,30129,34941,34979,35091,150,4812,65,34941,34979,35091,38,112,4962
0,mlp3_dispatch_3,3,1,1,mlp3,mlp$async_dispatch_3_embedded_elf_riscv_64_mlp$async_dispatch_3_matmul_1x2x32_i8xi8xi32,CPU_P,/root/mb_k1/gen/vmfb/mlp/spacemit_x60/RVV/mlp.q.int8/benchmarks/vmfb/module_mlp$async_dispatch_3_embedded_elf_riscv_64_benchmark.vmfb,30194,35091,35856,35994,903,4897,78,35091,35856,35994,765,138,5800
0,mlp3_dispatch_4,4,1,1,mlp3,mlp$async_dispatch_4_embedded_elf_riscv_64_mlp$async_dispatch_4_elementwise_2_i8xf32,CPU_P,/root/mb_k1/gen/vmfb/mlp/spacemit_x60/RVV/mlp.q.int8/benchmarks/vmfb/module_mlp$async_dispatch_4_embedded_elf_riscv_64_benchmark.vmfb,30272,35994,36021,36111,117,5722,64,35994,36021,36111,27,90,5839
0,dronet1_dispatch_0,0,1,1,dronet1,dronet$async_dispatch_0_embedded_elf_riscv_64_dronet$async_dispatch_0_elementwise_3x112x112_f32xi8,CPU_P,/root/mb_k1/gen/vmfb/dronet/spacemit_x60/RVV/dronet.q.int8/benchmarks/vmfb/module_dronet$async_dispatch_0_embedded_elf_riscv_64_benchmark.vmfb,33300,36111,36134,36415,304,2811,583,36111,36134,36415,23,281,3115
0,mlp4_dispatch_0,0,1,1,mlp4,mlp$async_dispatch_0_embedded_elf_riscv_64_mlp$async_dispatch_0_elementwise_10_f32xi8,CPU_P,/root/mb_k1/gen/vmfb/mlp/spacemit_x60/RVV/mlp.q.int8/benchmarks/vmfb/module_mlp$async_dispatch_0_embedded_elf_riscv_64_benchmark.vmfb,40000,40000,40003,40108,108,0,63,40000,40003,40108,3,105,108
0,mlp4_dispatch_1,1,1,1,mlp4,mlp$async_dispatch_1_embedded_elf_riscv_64_mlp$async_dispatch_1_matmul_1x32x10_i8xi8xi32,CPU_P,/root/mb_k1/gen/vmfb/mlp/spacemit_x60/RVV/mlp.q.int8/benchmarks/vmfb/module_mlp$async_dispatch_1_embedded_elf_riscv_64_benchmark.vmfb,40063,40108,40129,40244,136,45,66,40108,40129,40244,21,115,181
0,dronet1_dispatch_1,1,1,1,dronet1,dronet$async_dispatch_1_embedded_elf_riscv_64_dronet$async_dispatch_1_conv_32x56x56x3x3x3_i8xi8xi32,CPU_E,/root/mb_k1/gen/vmfb/dronet/spacemit_x60/RVV/dronet.q.int8/benchmarks/vmfb/module_dronet$async_dispatch_1_embedded_elf_riscv_64_benchmark.vmfb,33883,36415,36457,42655,6240,2532,22767,36415,36457,42655,42,6198,8772
0,mlp4_dispatch_2,2,1,1,mlp4,mlp$async_dispatch_2_embedded_elf_riscv_64_mlp$async_dispatch_2_matmul_1x32x32_i8xi8xi32,CPU_E,/root/mb_k1/gen/vmfb/mlp/spacemit_x60/RVV/mlp.q.int8/benchmarks/vmfb/module_mlp$async_dispatch_2_embedded_elf_riscv_64_benchmark.vmfb,40129,40244,42688,42822,2578,115,65,40244,42688,42822,2444,134,2693
0,mlp4_dispatch_3,3,1,1,mlp4,mlp$async_dispatch_3_embedded_elf_riscv_64_mlp$async_dispatch_3_matmul_1x2x32_i8xi8xi32,CPU_P,/root/mb_k1/gen/vmfb/mlp/spacemit_x60/RVV/mlp.q.int8/benchmarks/vmfb/module_mlp$async_dispatch_3_embedded_elf_riscv_64_benchmark.vmfb,40194,42822,42858,45664,2842,2628,78,42822,42858,45664,36,2806,5470
0,mlp4_dispatch_4,4,1,1,mlp4,mlp$async_dispatch_4_embedded_elf_riscv_64_mlp$async_dispatch_4_elementwise_2_i8xf32,CPU_P,/root/mb_k1/gen/vmfb/mlp/spacemit_x60/RVV/mlp.q.int8/benchmarks/vmfb/module_mlp$async_dispatch_4_embedded_elf_riscv_64_benchmark.vmfb,40272,45664,45690,45789,125,5392,64,45664,45690,45789,26,99,5517
0,mlp5_dispatch_0,0,1,1,mlp5,mlp$async_dispatch_0_embedded_elf_riscv_64_mlp$async_dispatch_0_elementwise_10_f32xi8,CPU_P,/root/mb_k1/gen/vmfb/mlp/spacemit_x60/RVV/mlp.q.int8/benchmarks/vmfb/module_mlp$async_dispatch_0_embedded_elf_riscv_64_benchmark.vmfb,50000,50000,50002,50122,122,0,63,50000,50002,50122,2,120,122
0,mlp5_dispatch_1,1,1,1,mlp5,mlp$async_dispatch_1_embedded_elf_riscv_64_mlp$async_dispatch_1_matmul_1x32x10_i8xi8xi32,CPU_P,/root/mb_k1/gen/vmfb/mlp/spacemit_x60/RVV/mlp.q.int8/benchmarks/vmfb/module_mlp$async_dispatch_1_embedded_elf_riscv_64_benchmark.vmfb,50063,50122,50145,50252,130,59,66,50122,50145,50252,23,107,189
0,mlp5_dispatch_2,2,1,1,mlp5,mlp$async_dispatch_2_embedded_elf_riscv_64_mlp$async_dispatch_2_matmul_1x32x32_i8xi8xi32,CPU_E,/root/mb_k1/gen/vmfb/mlp/spacemit_x60/RVV/mlp.q.int8/benchmarks/vmfb/module_mlp$async_dispatch_2_embedded_elf_riscv_64_benchmark.vmfb,50129,50252,50286,50404,152,123,65,50252,50286,50404,34,118,275
0,mlp5_dispatch_3,3,1,1,mlp5,mlp$async_dispatch_3_embedded_elf_riscv_64_mlp$async_dispatch_3_matmul_1x2x32_i8xi8xi32,CPU_P,/root/mb_k1/gen/vmfb/mlp/spacemit_x60/RVV/mlp.q.int8/benchmarks/vmfb/module_mlp$async_dispatch_3_embedded_elf_riscv_64_benchmark.vmfb,50194,50404,50569,50661,257,210,78,50404,50569,50661,165,92,467
0,mlp5_dispatch_4,4,1,1,mlp5,mlp$async_dispatch_4_embedded_elf_riscv_64_mlp$async_dispatch_4_elementwise_2_i8xf32,CPU_P,/root/mb_k1/gen/vmfb/mlp/spacemit_x60/RVV/mlp.q.int8/benchmarks/vmfb/module_mlp$async_dispatch_4_embedded_elf_riscv_64_benchmark.vmfb,50272,50661,50682,50788,127,389,64,50661,50682,50788,21,106,516
0,dronet1_dispatch_2,2,1,1,dronet1,dronet$async_dispatch_2_embedded_elf_riscv_64_dronet$async_dispatch_2_conv_32x27x27x3x3_f32,CPU_E,/root/mb_k1/gen/vmfb/dronet/spacemit_x60/RVV/dronet.q.int8/benchmarks/vmfb/module_dronet$async_dispatch_2_embedded_elf_riscv_64_benchmark.vmfb,56649,50404,50556,51503,1099,0,3194,50404,50556,51503,152,947,0
0,dronet1_dispatch_3,3,1,1,dronet1,dronet$async_dispatch_3_embedded_elf_riscv_64_dronet$async_dispatch_3_elementwise_32x27x27_i8xf32xi8,CPU_P,/root/mb_k1/gen/vmfb/dronet/spacemit_x60/RVV/dronet.q.int8/benchmarks/vmfb/module_dronet$async_dispatch_3_embedded_elf_riscv_64_benchmark.vmfb,59843,51503,51542,51991,488,0,1024,51503,51542,51991,39,449,0
0,dronet3_dispatch_0,0,1,1,dronet3,dronet$async_dispatch_0_embedded_elf_riscv_64_dronet$async_dispatch_0_elementwise_3x112x112_f32xi8,CPU_P,/root/mb_k1/gen/vmfb/dronet/spacemit_x60/RVV/dronet.q.int8/benchmarks/vmfb/module_dronet$async_dispatch_0_embedded_elf_riscv_64_benchmark.vmfb,99900,51991,52018,54950,2959,0,583,51991,52018,54950,27,2932,0
0,dronet1_dispatch_4,4,1,1,dronet1,dronet$async_dispatch_4_embedded_elf_riscv_64_dronet$async_dispatch_4_conv_32x14x14x32x3x3_i8xi8xi32,CPU_E,/root/mb_k1/gen/vmfb/dronet/spacemit_x60/RVV/dronet.q.int8/benchmarks/vmfb/module_dronet$async_dispatch_4_embedded_elf_riscv_64_benchmark.vmfb,60867,51991,52032,56012,4021,0,14513,51991,52032,56012,41,3980,0
0,dronet1_dispatch_5,5,1,1,dronet1,dronet$async_dispatch_5_embedded_elf_riscv_64_dronet$async_dispatch_5_conv_32x14x14x32x3x3_i8xi8xi32,CPU_E,/root/mb_k1/gen/vmfb/dronet/spacemit_x60/RVV/dronet.q.int8/benchmarks/vmfb/module_dronet$async_dispatch_5_embedded_elf_riscv_64_benchmark.vmfb,75380,56012,56034,60546,4534,0,15683,56012,56034,60546,22,4512,0
0,dronet3_dispatch_1,1,1,1,dronet3,dronet$async_dispatch_1_embedded_elf_riscv_64_dronet$async_dispatch_1_conv_32x56x56x3x3x3_i8xi8xi32,CPU_P,/root/mb_k1/gen/vmfb/dronet/spacemit_x60/RVV/dronet.q.int8/benchmarks/vmfb/module_dronet$async_dispatch_1_embedded_elf_riscv_64_benchmark.vmfb,100482,54950,54972,79824,24874,0,22866,54950,54972,79824,22,24852,0
0,mlp6_dispatch_0,0,1,1,mlp6,mlp$async_dispatch_0_embedded_elf_riscv_64_mlp$async_dispatch_0_elementwise_10_f32xi8,CPU_P,/root/mb_k1/gen/vmfb/mlp/spacemit_x60/RVV/mlp.q.int8/benchmarks/vmfb/module_mlp$async_dispatch_0_embedded_elf_riscv_64_benchmark.vmfb,60000,60000,79864,80247,20247,0,63,60000,79864,80247,19864,383,20247
0,mlp6_dispatch_1,1,1,1,mlp6,mlp$async_dispatch_1_embedded_elf_riscv_64_mlp$async_dispatch_1_matmul_1x32x10_i8xi8xi32,CPU_P,/root/mb_k1/gen/vmfb/mlp/spacemit_x60/RVV/mlp.q.int8/benchmarks/vmfb/module_mlp$async_dispatch_1_embedded_elf_riscv_64_benchmark.vmfb,60063,80247,80281,86805,6558,20184,66,80247,80281,86805,34,6524,26742
0,mlp7_dispatch_0,0,1,1,mlp7,mlp$async_dispatch_0_embedded_elf_riscv_64_mlp$async_dispatch_0_elementwise_10_f32xi8,CPU_P,/root/mb_k1/gen/vmfb/mlp/spacemit_x60/RVV/mlp.q.int8/benchmarks/vmfb/module_mlp$async_dispatch_0_embedded_elf_riscv_64_benchmark.vmfb,70000,70000,86829,86916,16916,0,63,70000,86829,86916,16829,87,16916
0,mlp6_dispatch_2,2,1,1,mlp6,mlp$async_dispatch_2_embedded_elf_riscv_64_mlp$async_dispatch_2_matmul_1x32x32_i8xi8xi32,CPU_E,/root/mb_k1/gen/vmfb/mlp/spacemit_x60/RVV/mlp.q.int8/benchmarks/vmfb/module_mlp$async_dispatch_2_embedded_elf_riscv_64_benchmark.vmfb,60129,86805,86842,87014,209,26676,65,86805,86842,87014,37,172,26885
0,mlp7_dispatch_1,1,1,1,mlp7,mlp$async_dispatch_1_embedded_elf_riscv_64_mlp$async_dispatch_1_matmul_1x32x10_i8xi8xi32,CPU_P,/root/mb_k1/gen/vmfb/mlp/spacemit_x60/RVV/mlp.q.int8/benchmarks/vmfb/module_mlp$async_dispatch_1_embedded_elf_riscv_64_benchmark.vmfb,70063,86916,86934,87037,121,16853,66,86916,86934,87037,18,103,16974
0,mlp6_dispatch_3,3,1,1,mlp6,mlp$async_dispatch_3_embedded_elf_riscv_64_mlp$async_dispatch_3_matmul_1x2x32_i8xi8xi32,CPU_P,/root/mb_k1/gen/vmfb/mlp/spacemit_x60/RVV/mlp.q.int8/benchmarks/vmfb/module_mlp$async_dispatch_3_embedded_elf_riscv_64_benchmark.vmfb,60194,87014,87186,87292,278,26820,78,87014,87186,87292,172,106,27098
0,mlp6_dispatch_4,4,1,1,mlp6,mlp$async_dispatch_4_embedded_elf_riscv_64_mlp$async_dispatch_4_elementwise_2_i8xf32,CPU_P,/root/mb_k1/gen/vmfb/mlp/spacemit_x60/RVV/mlp.q.int8/benchmarks/vmfb/module_mlp$async_dispatch_4_embedded_elf_riscv_64_benchmark.vmfb,60272,87292,87310,87397,105,27020,64,87292,87310,87397,18,87,27125
0,dronet0_dispatch_7,7,1,1,dronet0,dronet$async_dispatch_7_embedded_elf_riscv_64_dronet$async_dispatch_7_elementwise_32x14x14_i8xf32xi8,CPU_E,/root/mb_k1/gen/vmfb/dronet/spacemit_x60/RVV/dronet.q.int8/benchmarks/vmfb/module_dronet$async_dispatch_7_embedded_elf_riscv_64_benchmark.vmfb,61290,87014,87043,87449,435,25724,302,87014,87043,87449,29,406,26159
0,dronet2_dispatch_0,0,1,1,dronet2,dronet$async_dispatch_0_embedded_elf_riscv_64_dronet$async_dispatch_0_elementwise_3x112x112_f32xi8,CPU_P,/root/mb_k1/gen/vmfb/dronet/spacemit_x60/RVV/dronet.q.int8/benchmarks/vmfb/module_dronet$async_dispatch_0_embedded_elf_riscv_64_benchmark.vmfb,66600,87397,87414,87693,296,20797,583,87397,87414,87693,17,279,21093
0,mlp8_dispatch_0,0,1,1,mlp8,mlp$async_dispatch_0_embedded_elf_riscv_64_mlp$async_dispatch_0_elementwise_10_f32xi8,CPU_P,/root/mb_k1/gen/vmfb/mlp/spacemit_x60/RVV/mlp.q.int8/benchmarks/vmfb/module_mlp$async_dispatch_0_embedded_elf_riscv_64_benchmark.vmfb,80000,80000,87715,87808,7808,0,63,80000,87715,87808,7715,93,7808
0,mlp8_dispatch_1,1,1,1,mlp8,mlp$async_dispatch_1_embedded_elf_riscv_64_mlp$async_dispatch_1_matmul_1x32x10_i8xi8xi32,CPU_P,/root/mb_k1/gen/vmfb/mlp/spacemit_x60/RVV/mlp.q.int8/benchmarks/vmfb/module_mlp$async_dispatch_1_embedded_elf_riscv_64_benchmark.vmfb,80063,87808,87828,87918,110,7745,66,87808,87828,87918,20,90,7855
0,dronet0_dispatch_8,8,1,1,dronet0,dronet$async_dispatch_8_embedded_elf_riscv_64_dronet$async_dispatch_8_conv_64x7x7x32x3x3_i8xi8xi32,CPU_E,/root/mb_k1/gen/vmfb/dronet/spacemit_x60/RVV/dronet.q.int8/benchmarks/vmfb/module_dronet$async_dispatch_8_embedded_elf_riscv_64_benchmark.vmfb,61592,87449,87468,89842,2393,25857,7356,87449,87468,89842,19,2374,28250
0,mlp9_dispatch_0,0,1,1,mlp9,mlp$async_dispatch_0_embedded_elf_riscv_64_mlp$async_dispatch_0_elementwise_10_f32xi8,CPU_P,/root/mb_k1/gen/vmfb/mlp/spacemit_x60/RVV/mlp.q.int8/benchmarks/vmfb/module_mlp$async_dispatch_0_embedded_elf_riscv_64_benchmark.vmfb,90000,90000,90003,90094,94,0,63,90000,90003,90094,3,91,94
0,mlp9_dispatch_1,1,1,1,mlp9,mlp$async_dispatch_1_embedded_elf_riscv_64_mlp$async_dispatch_1_matmul_1x32x10_i8xi8xi32,CPU_P,/root/mb_k1/gen/vmfb/mlp/spacemit_x60/RVV/mlp.q.int8/benchmarks/vmfb/module_mlp$async_dispatch_1_embedded_elf_riscv_64_benchmark.vmfb,90063,90094,90117,90229,135,31,66,90094,90117,90229,23,112,166
0,dronet2_dispatch_1,1,1,1,dronet2,dronet$async_dispatch_1_embedded_elf_riscv_64_dronet$async_dispatch_1_conv_32x56x56x3x3x3_i8xi8xi32,CPU_E,/root/mb_k1/gen/vmfb/dronet/spacemit_x60/RVV/dronet.q.int8/benchmarks/vmfb/module_dronet$async_dispatch_1_embedded_elf_riscv_64_benchmark.vmfb,67182,87693,89867,96027,8334,20511,22767,87693,89867,96027,2174,6160,28845
0,mlp10_dispatch_0,0,1,1,mlp10,mlp$async_dispatch_0_embedded_elf_riscv_64_mlp$async_dispatch_0_elementwise_10_f32xi8,CPU_P,/root/mb_k1/gen/vmfb/mlp/spacemit_x60/RVV/mlp.q.int8/benchmarks/vmfb/module_mlp$async_dispatch_0_embedded_elf_riscv_64_benchmark.vmfb,100000,100000,100002,100124,124,0,63,100000,100002,100124,2,122,124
0,mlp10_dispatch_1,1,1,1,mlp10,mlp$async_dispatch_1_embedded_elf_riscv_64_mlp$async_dispatch_1_matmul_1x32x10_i8xi8xi32,CPU_P,/root/mb_k1/gen/vmfb/mlp/spacemit_x60/RVV/mlp.q.int8/benchmarks/vmfb/module_mlp$async_dispatch_1_embedded_elf_riscv_64_benchmark.vmfb,100063,100124,100146,100239,115,61,66,100124,100146,100239,22,93,176
0,dronet0_dispatch_9,9,1,1,dronet0,dronet$async_dispatch_9_embedded_elf_riscv_64_dronet$async_dispatch_9_conv_64x7x7x64x3x3_i8xi8xi32,CPU_E,/root/mb_k1/gen/vmfb/dronet/spacemit_x60/RVV/dronet.q.int8/benchmarks/vmfb/module_dronet$async_dispatch_9_embedded_elf_riscv_64_benchmark.vmfb,68949,89842,96064,100707,10865,20893,13975,89842,96064,100707,6222,4643,31758
0,mlp7_dispatch_2,2,1,1,mlp7,mlp$async_dispatch_2_embedded_elf_riscv_64_mlp$async_dispatch_2_matmul_1x32x32_i8xi8xi32,CPU_E,/root/mb_k1/gen/vmfb/mlp/spacemit_x60/RVV/mlp.q.int8/benchmarks/vmfb/module_mlp$async_dispatch_2_embedded_elf_riscv_64_benchmark.vmfb,70129,87037,100741,100883,13846,16908,65,87037,100741,100883,13704,142,30754
0,mlp8_dispatch_2,2,1,1,mlp8,mlp$async_dispatch_2_embedded_elf_riscv_64_mlp$async_dispatch_2_matmul_1x32x32_i8xi8xi32,CPU_E,/root/mb_k1/gen/vmfb/mlp/spacemit_x60/RVV/mlp.q.int8/benchmarks/vmfb/module_mlp$async_dispatch_2_embedded_elf_riscv_64_benchmark.vmfb,80129,87918,100908,101001,13083,7789,65,87918,100908,101001,12990,93,20872
0,mlp7_dispatch_3,3,1,1,mlp7,mlp$async_dispatch_3_embedded_elf_riscv_64_mlp$async_dispatch_3_matmul_1x2x32_i8xi8xi32,CPU_P,/root/mb_k1/gen/vmfb/mlp/spacemit_x60/RVV/mlp.q.int8/benchmarks/vmfb/module_mlp$async_dispatch_3_embedded_elf_riscv_64_benchmark.vmfb,70194,100883,100921,101029,146,30689,78,100883,100921,101029,38,108,30835
0,mlp7_dispatch_4,4,1,1,mlp7,mlp$async_dispatch_4_embedded_elf_riscv_64_mlp$async_dispatch_4_elementwise_2_i8xf32,CPU_P,/root/mb_k1/gen/vmfb/mlp/spacemit_x60/RVV/mlp.q.int8/benchmarks/vmfb/module_mlp$async_dispatch_4_embedded_elf_riscv_64_benchmark.vmfb,70272,101029,101050,101142,113,30757,64,101029,101050,101142,21,92,30870
0,mlp8_dispatch_3,3,1,1,mlp8,mlp$async_dispatch_3_embedded_elf_riscv_64_mlp$async_dispatch_3_matmul_1x2x32_i8xi8xi32,CPU_P,/root/mb_k1/gen/vmfb/mlp/spacemit_x60/RVV/mlp.q.int8/benchmarks/vmfb/module_mlp$async_dispatch_3_embedded_elf_riscv_64_benchmark.vmfb,80194,101001,101162,101244,243,20807,78,101001,101162,101244,161,82,21050
0,dronet0_dispatch_10,10,1,1,dronet0,dronet$async_dispatch_10_embedded_elf_riscv_64_dronet$async_dispatch_10_reduction_64x7x7x32_i8xi8xi32,CPU_E,/root/mb_k1/gen/vmfb/dronet/spacemit_x60/RVV/dronet.q.int8/benchmarks/vmfb/module_dronet$async_dispatch_10_embedded_elf_riscv_64_benchmark.vmfb,82923,101001,101022,101256,255,18078,415,101001,101022,101256,21,234,18333
0,mlp8_dispatch_4,4,1,1,mlp8,mlp$async_dispatch_4_embedded_elf_riscv_64_mlp$async_dispatch_4_elementwise_2_i8xf32,CPU_P,/root/mb_k1/gen/vmfb/mlp/spacemit_x60/RVV/mlp.q.int8/benchmarks/vmfb/module_mlp$async_dispatch_4_embedded_elf_riscv_64_benchmark.vmfb,80272,101244,101263,101339,95,20972,64,101244,101263,101339,19,76,21067
0,dronet0_dispatch_11,11,1,1,dronet0,dronet$async_dispatch_11_embedded_elf_riscv_64_dronet$async_dispatch_11_elementwise_64x7x7_i8xf32xi8,CPU_P,/root/mb_k1/gen/vmfb/dronet/spacemit_x60/RVV/dronet.q.int8/benchmarks/vmfb/module_dronet$async_dispatch_11_embedded_elf_riscv_64_benchmark.vmfb,83338,101339,101359,101630,291,18001,206,101339,101359,101630,20,271,18292
0,dronet2_dispatch_2,2,1,1,dronet2,dronet$async_dispatch_2_embedded_elf_riscv_64_dronet$async_dispatch_2_conv_32x27x27x3x3_f32,CPU_E,/root/mb_k1/gen/vmfb/dronet/spacemit_x60/RVV/dronet.q.int8/benchmarks/vmfb/module_dronet$async_dispatch_2_embedded_elf_riscv_64_benchmark.vmfb,89949,96027,101271,102187,6160,6078,3194,96027,101271,102187,5244,916,12238
0,dronet0_dispatch_12,12,1,1,dronet0,dronet$async_dispatch_12_embedded_elf_riscv_64_dronet$async_dispatch_12_conv_128x4x4x64x3x3_i8xi8xi32,CPU_E,/root/mb_k1/gen/vmfb/dronet/spacemit_x60/RVV/dronet.q.int8/benchmarks/vmfb/module_dronet$async_dispatch_12_embedded_elf_riscv_64_benchmark.vmfb,83544,101630,102216,104920,3290,18086,9567,101630,102216,104920,586,2704,21376
0,mlp9_dispatch_2,2,1,1,mlp9,mlp$async_dispatch_2_embedded_elf_riscv_64_mlp$async_dispatch_2_matmul_1x32x32_i8xi8xi32,CPU_E,/root/mb_k1/gen/vmfb/mlp/spacemit_x60/RVV/mlp.q.int8/benchmarks/vmfb/module_mlp$async_dispatch_2_embedded_elf_riscv_64_benchmark.vmfb,90129,90229,104948,105047,14818,100,65,90229,104948,105047,14719,99,14918
0,mlp9_dispatch_3,3,1,1,mlp9,mlp$async_dispatch_3_embedded_elf_riscv_64_mlp$async_dispatch_3_matmul_1x2x32_i8xi8xi32,CPU_P,/root/mb_k1/gen/vmfb/mlp/spacemit_x60/RVV/mlp.q.int8/benchmarks/vmfb/module_mlp$async_dispatch_3_embedded_elf_riscv_64_benchmark.vmfb,90194,105047,105174,105276,229,14853,78,105047,105174,105276,127,102,15082
0,mlp9_dispatch_4,4,1,1,mlp9,mlp$async_dispatch_4_embedded_elf_riscv_64_mlp$async_dispatch_4_elementwise_2_i8xf32,CPU_P,/root/mb_k1/gen/vmfb/mlp/spacemit_x60/RVV/mlp.q.int8/benchmarks/vmfb/module_mlp$async_dispatch_4_embedded_elf_riscv_64_benchmark.vmfb,90272,105276,105295,105375,99,15004,64,105276,105295,105375,19,80,15103
0,dronet2_dispatch_3,3,1,1,dronet2,dronet$async_dispatch_3_embedded_elf_riscv_64_dronet$async_dispatch_3_elementwise_32x27x27_i8xf32xi8,CPU_P,/root/mb_k1/gen/vmfb/dronet/spacemit_x60/RVV/dronet.q.int8/benchmarks/vmfb/module_dronet$async_dispatch_3_embedded_elf_riscv_64_benchmark.vmfb,93143,105375,105393,105836,461,12232,1024,105375,105393,105836,18,443,12693
0,dronet1_dispatch_6,6,1,1,dronet1,dronet$async_dispatch_6_embedded_elf_riscv_64_dronet$async_dispatch_6_reduction_32x14x14x32_i8xi8xi32,CPU_E,/root/mb_k1/gen/vmfb/dronet/spacemit_x60/RVV/dronet.q.int8/benchmarks/vmfb/module_dronet$async_dispatch_6_embedded_elf_riscv_64_benchmark.vmfb,91063,105047,105165,106179,1132,13984,3528,105047,105165,106179,118,1014,15116
0,mlp11_dispatch_0,0,1,1,mlp11,mlp$async_dispatch_0_embedded_elf_riscv_64_mlp$async_dispatch_0_elementwise_10_f32xi8,CPU_P,/root/mb_k1/gen/vmfb/mlp/spacemit_x60/RVV/mlp.q.int8/benchmarks/vmfb/module_mlp$async_dispatch_0_embedded_elf_riscv_64_benchmark.vmfb,110000,110000,110001,110103,103,0,63,110000,110001,110103,1,102,103
0,mlp11_dispatch_1,1,1,1,mlp11,mlp$async_dispatch_1_embedded_elf_riscv_64_mlp$async_dispatch_1_matmul_1x32x10_i8xi8xi32,CPU_P,/root/mb_k1/gen/vmfb/mlp/spacemit_x60/RVV/mlp.q.int8/benchmarks/vmfb/module_mlp$async_dispatch_1_embedded_elf_riscv_64_benchmark.vmfb,110063,110103,110125,110214,111,40,66,110103,110125,110214,22,89,151
0,dronet0_dispatch_13,13,1,1,dronet0,dronet$async_dispatch_13_embedded_elf_riscv_64_dronet$async_dispatch_13_conv_128x4x4x128x3x3_i8xi8xi32,CPU_E,/root/mb_k1/gen/vmfb/dronet/spacemit_x60/RVV/dronet.q.int8/benchmarks/vmfb/module_dronet$async_dispatch_13_embedded_elf_riscv_64_benchmark.vmfb,93143,104920,106203,111113,6193,11777,18288,104920,106203,111113,1283,4910,17970
0,dronet2_dispatch_4,4,1,1,dronet2,dronet$async_dispatch_4_embedded_elf_riscv_64_dronet$async_dispatch_4_conv_32x14x14x32x3x3_i8xi8xi32,CPU_E,/root/mb_k1/gen/vmfb/dronet/spacemit_x60/RVV/dronet.q.int8/benchmarks/vmfb/module_dronet$async_dispatch_4_embedded_elf_riscv_64_benchmark.vmfb,94167,105836,111143,115147,9311,11669,14513,105836,111143,115147,5307,4004,20980
0,dronet1_dispatch_7,7,1,1,dronet1,dronet$async_dispatch_7_embedded_elf_riscv_64_dronet$async_dispatch_7_elementwise_32x14x14_i8xf32xi8,CPU_E,/root/mb_k1/gen/vmfb/dronet/spacemit_x60/RVV/dronet.q.int8/benchmarks/vmfb/module_dronet$async_dispatch_7_embedded_elf_riscv_64_benchmark.vmfb,94591,106179,115175,115522,9343,11588,302,106179,115175,115522,8996,347,20931
0,dronet1_dispatch_8,8,1,1,dronet1,dronet$async_dispatch_8_embedded_elf_riscv_64_dronet$async_dispatch_8_conv_64x7x7x32x3x3_i8xi8xi32,CPU_E,/root/mb_k1/gen/vmfb/dronet/spacemit_x60/RVV/dronet.q.int8/benchmarks/vmfb/module_dronet$async_dispatch_8_embedded_elf_riscv_64_benchmark.vmfb,94893,115522,115543,117864,2342,20629,7356,115522,115543,117864,21,2321,22971
0,mlp10_dispatch_2,2,1,1,mlp10,mlp$async_dispatch_2_embedded_elf_riscv_64_mlp$async_dispatch_2_matmul_1x32x32_i8xi8xi32,CPU_E,/root/mb_k1/gen/vmfb/mlp/spacemit_x60/RVV/mlp.q.int8/benchmarks/vmfb/module_mlp$async_dispatch_2_embedded_elf_riscv_64_benchmark.vmfb,100129,100239,117884,117974,17735,110,65,100239,117884,117974,17645,90,17845
0,mlp10_dispatch_3,3,1,1,mlp10,mlp$async_dispatch_3_embedded_elf_riscv_64_mlp$async_dispatch_3_matmul_1x2x32_i8xi8xi32,CPU_P,/root/mb_k1/gen/vmfb/mlp/spacemit_x60/RVV/mlp.q.int8/benchmarks/vmfb/module_mlp$async_dispatch_3_embedded_elf_riscv_64_benchmark.vmfb,100194,117974,120002,120111,2137,17780,78,117974,120002,120111,2028,109,19917
0,mlp10_dispatch_4,4,1,1,mlp10,mlp$async_dispatch_4_embedded_elf_riscv_64_mlp$async_dispatch_4_elementwise_2_i8xf32,CPU_P,/root/mb_k1/gen/vmfb/mlp/spacemit_x60/RVV/mlp.q.int8/benchmarks/vmfb/module_mlp$async_dispatch_4_embedded_elf_riscv_64_benchmark.vmfb,100272,120111,120224,120321,210,19839,64,120111,120224,120321,113,97,20049
0,mlp12_dispatch_0,0,1,1,mlp12,mlp$async_dispatch_0_embedded_elf_riscv_64_mlp$async_dispatch_0_elementwise_10_f32xi8,CPU_P,/root/mb_k1/gen/vmfb/mlp/spacemit_x60/RVV/mlp.q.int8/benchmarks/vmfb/module_mlp$async_dispatch_0_embedded_elf_riscv_64_benchmark.vmfb,120000,120000,120338,120420,420,0,63,120000,120338,120420,338,82,420
0,mlp12_dispatch_1,1,1,1,mlp12,mlp$async_dispatch_1_embedded_elf_riscv_64_mlp$async_dispatch_1_matmul_1x32x10_i8xi8xi32,CPU_P,/root/mb_k1/gen/vmfb/mlp/spacemit_x60/RVV/mlp.q.int8/benchmarks/vmfb/module_mlp$async_dispatch_1_embedded_elf_riscv_64_benchmark.vmfb,120063,120420,120438,120539,119,357,66,120420,120438,120539,18,101,476
0,dronet1_dispatch_9,9,1,1,dronet1,dronet$async_dispatch_9_embedded_elf_riscv_64_dronet$async_dispatch_9_conv_64x7x7x64x3x3_i8xi8xi32,CPU_E,/root/mb_k1/gen/vmfb/dronet/spacemit_x60/RVV/dronet.q.int8/benchmarks/vmfb/module_dronet$async_dispatch_9_embedded_elf_riscv_64_benchmark.vmfb,102249,117864,117993,122466,4602,15615,13975,117864,117993,122466,129,4473,20217
0,dronet2_dispatch_5,5,1,1,dronet2,dronet$async_dispatch_5_embedded_elf_riscv_64_dronet$async_dispatch_5_conv_32x14x14x32x3x3_i8xi8xi32,CPU_E,/root/mb_k1/gen/vmfb/dronet/spacemit_x60/RVV/dronet.q.int8/benchmarks/vmfb/module_dronet$async_dispatch_5_embedded_elf_riscv_64_benchmark.vmfb,108679,115147,122495,126788,11641,6468,15683,115147,122495,126788,7348,4293,18109
0,mlp11_dispatch_2,2,1,1,mlp11,mlp$async_dispatch_2_embedded_elf_riscv_64_mlp$async_dispatch_2_matmul_1x32x32_i8xi8xi32,CPU_E,/root/mb_k1/gen/vmfb/mlp/spacemit_x60/RVV/mlp.q.int8/benchmarks/vmfb/module_mlp$async_dispatch_2_embedded_elf_riscv_64_benchmark.vmfb,110129,110214,126815,126912,16698,85,65,110214,126815,126912,16601,97,16783
0,mlp12_dispatch_2,2,1,1,mlp12,mlp$async_dispatch_2_embedded_elf_riscv_64_mlp$async_dispatch_2_matmul_1x32x32_i8xi8xi32,CPU_E,/root/mb_k1/gen/vmfb/mlp/spacemit_x60/RVV/mlp.q.int8/benchmarks/vmfb/module_mlp$async_dispatch_2_embedded_elf_riscv_64_benchmark.vmfb,120129,120539,126932,127019,6480,410,65,120539,126932,127019,6393,87,6890
0,dronet3_dispatch_2,2,1,1,dronet3,dronet$async_dispatch_2_embedded_elf_riscv_64_dronet$async_dispatch_2_conv_32x27x27x3x3_f32,CPU_E,/root/mb_k1/gen/vmfb/dronet/spacemit_x60/RVV/dronet.q.int8/benchmarks/vmfb/module_dronet$async_dispatch_2_embedded_elf_riscv_64_benchmark.vmfb,123348,127019,127039,127962,943,3671,3194,127019,127039,127962,20,923,4614
0,dronet2_dispatch_6,6,1,1,dronet2,dronet$async_dispatch_6_embedded_elf_riscv_64_dronet$async_dispatch_6_reduction_32x14x14x32_i8xi8xi32,CPU_E,/root/mb_k1/gen/vmfb/dronet/spacemit_x60/RVV/dronet.q.int8/benchmarks/vmfb/module_dronet$async_dispatch_6_embedded_elf_riscv_64_benchmark.vmfb,124362,126788,127983,129015,2227,2426,3528,126788,127983,129015,1195,1032,4653
0,dronet2_dispatch_7,7,1,1,dronet2,dronet$async_dispatch_7_embedded_elf_riscv_64_dronet$async_dispatch_7_elementwise_32x14x14_i8xf32xi8,CPU_E,/root/mb_k1/gen/vmfb/dronet/spacemit_x60/RVV/dronet.q.int8/benchmarks/vmfb/module_dronet$async_dispatch_7_embedded_elf_riscv_64_benchmark.vmfb,127890,129015,129036,129370,355,1125,302,129015,129036,129370,21,334,1480
0,mlp11_dispatch_3,3,1,1,mlp11,mlp$async_dispatch_3_embedded_elf_riscv_64_mlp$async_dispatch_3_matmul_1x2x32_i8xi8xi32,CPU_P,/root/mb_k1/gen/vmfb/mlp/spacemit_x60/RVV/mlp.q.int8/benchmarks/vmfb/module_mlp$async_dispatch_3_embedded_elf_riscv_64_benchmark.vmfb,110194,126912,130002,130107,3195,16718,78,126912,130002,130107,3090,105,19913
0,mlp11_dispatch_4,4,1,1,mlp11,mlp$async_dispatch_4_embedded_elf_riscv_64_mlp$async_dispatch_4_elementwise_2_i8xf32,CPU_P,/root/mb_k1/gen/vmfb/mlp/spacemit_x60/RVV/mlp.q.int8/benchmarks/vmfb/module_mlp$async_dispatch_4_embedded_elf_riscv_64_benchmark.vmfb,110272,130107,130133,130216,109,19835,64,130107,130133,130216,26,83,19944
0,dronet0_dispatch_14,14,1,1,dronet0,dronet$async_dispatch_14_embedded_elf_riscv_64_dronet$async_dispatch_14_reduction_128x4x4x64_i8xi8xi32,CPU_P,/root/mb_k1/gen/vmfb/dronet/spacemit_x60/RVV/dronet.q.int8/benchmarks/vmfb/module_dronet$async_dispatch_14_embedded_elf_riscv_64_benchmark.vmfb,111431,130216,130316,130855,639,18785,1319,130216,130316,130855,100,539,19424
0,dronet0_dispatch_15,15,1,1,dronet0,dronet$async_dispatch_15_embedded_elf_riscv_64_dronet$async_dispatch_15_elementwise_2048_f32xi8,CPU_E,/root/mb_k1/gen/vmfb/dronet/spacemit_x60/RVV/dronet.q.int8/benchmarks/vmfb/module_dronet$async_dispatch_15_embedded_elf_riscv_64_benchmark.vmfb,112749,130855,130899,131063,208,18106,117,130855,130899,131063,44,164,18314
0,dronet1_dispatch_10,10,1,1,dronet1,dronet$async_dispatch_10_embedded_elf_riscv_64_dronet$async_dispatch_10_reduction_64x7x7x32_i8xi8xi32,CPU_E,/root/mb_k1/gen/vmfb/dronet/spacemit_x60/RVV/dronet.q.int8/benchmarks/vmfb/module_dronet$async_dispatch_10_embedded_elf_riscv_64_benchmark.vmfb,116223,131063,131087,131323,260,14840,415,131063,131087,131323,24,236,15100
0,mlp12_dispatch_3,3,1,1,mlp12,mlp$async_dispatch_3_embedded_elf_riscv_64_mlp$async_dispatch_3_matmul_1x2x32_i8xi8xi32,CPU_P,/root/mb_k1/gen/vmfb/mlp/spacemit_x60/RVV/mlp.q.int8/benchmarks/vmfb/module_mlp$async_dispatch_3_embedded_elf_riscv_64_benchmark.vmfb,120194,127019,130882,134792,7773,6825,78,127019,130882,134792,3863,3910,14598
0,dronet0_dispatch_16_1,16,1,1,dronet0,dronet$async_dispatch_16_embedded_elf_riscv_64_dronet$async_dispatch_16_matmul_1x1x2048_i8xi8xi32,CPU_P,/root/mb_k1/gen/vmfb/dronet/spacemit_x60/RVV/dronet.q.int8/benchmarks/vmfb/module_dronet$async_dispatch_16_embedded_elf_riscv_64_benchmark.vmfb,112866,131063,134818,135035,3972,18197,120,131063,134818,135035,3755,217,22169
0,dronet0_dispatch_16_2,16,1,1,dronet0,dronet$async_dispatch_16_embedded_elf_riscv_64_dronet$async_dispatch_16_matmul_1x1x2048_i8xi8xi32,CPU_P,/root/mb_k1/gen/vmfb/dronet/spacemit_x60/RVV/dronet.q.int8/benchmarks/vmfb/module_dronet$async_dispatch_16_embedded_elf_riscv_64_benchmark.vmfb,112866,131063,135059,135208,4145,18197,120,131063,135059,135208,3996,149,22342
0,dronet0_dispatch_18,18,1,1,dronet0,dronet$async_dispatch_18_embedded_elf_riscv_64_dronet$async_dispatch_18_elementwise,CPU_P,/root/mb_k1/gen/vmfb/dronet/spacemit_x60/RVV/dronet.q.int8/benchmarks/vmfb/module_dronet$async_dispatch_18_embedded_elf_riscv_64_benchmark.vmfb,112986,135035,135230,135313,278,22049,79,135035,135230,135313,195,83,22327
0,dronet0_dispatch_19,19,1,1,dronet0,dronet$async_dispatch_19_embedded_elf_riscv_64_dronet$async_dispatch_19_elementwise,CPU_P,/root/mb_k1/gen/vmfb/dronet/spacemit_x60/RVV/dronet.q.int8/benchmarks/vmfb/module_dronet$async_dispatch_19_embedded_elf_riscv_64_benchmark.vmfb,112986,135208,135335,135419,211,22222,63,135208,135335,135419,127,84,22433
0,dronet1_dispatch_11,11,1,1,dronet1,dronet$async_dispatch_11_embedded_elf_riscv_64_dronet$async_dispatch_11_elementwise_64x7x7_i8xf32xi8,CPU_P,/root/mb_k1/gen/vmfb/dronet/spacemit_x60/RVV/dronet.q.int8/benchmarks/vmfb/module_dronet$async_dispatch_11_embedded_elf_riscv_64_benchmark.vmfb,116638,135419,135441,135672,253,18781,206,135419,135441,135672,22,231,19034
0,dronet1_dispatch_12,12,1,1,dronet1,dronet$async_dispatch_12_embedded_elf_riscv_64_dronet$async_dispatch_12_conv_128x4x4x64x3x3_i8xi8xi32,CPU_E,/root/mb_k1/gen/vmfb/dronet/spacemit_x60/RVV/dronet.q.int8/benchmarks/vmfb/module_dronet$async_dispatch_12_embedded_elf_riscv_64_benchmark.vmfb,116844,135672,135706,138340,2668,18828,9567,135672,135706,138340,34,2634,21496
0,mlp12_dispatch_4,4,1,1,mlp12,mlp$async_dispatch_4_embedded_elf_riscv_64_mlp$async_dispatch_4_elementwise_2_i8xf32,CPU_P,/root/mb_k1/gen/vmfb/mlp/spacemit_x60/RVV/mlp.q.int8/benchmarks/vmfb/module_mlp$async_dispatch_4_embedded_elf_riscv_64_benchmark.vmfb,120272,134792,135695,138778,3986,14520,64,134792,135695,138778,903,3083,18506
0,dronet2_dispatch_8,8,1,1,dronet2,dronet$async_dispatch_8_embedded_elf_riscv_64_dronet$async_dispatch_8_conv_64x7x7x32x3x3_i8xi8xi32,CPU_E,/root/mb_k1/gen/vmfb/dronet/spacemit_x60/RVV/dronet.q.int8/benchmarks/vmfb/module_dronet$async_dispatch_8_embedded_elf_riscv_64_benchmark.vmfb,128193,138340,138365,140718,2378,10147,7356,138340,138365,140718,25,2353,12525
0,dronet2_dispatch_9,9,1,1,dronet2,dronet$async_dispatch_9_embedded_elf_riscv_64_dronet$async_dispatch_9_conv_64x7x7x64x3x3_i8xi8xi32,CPU_E,/root/mb_k1/gen/vmfb/dronet/spacemit_x60/RVV/dronet.q.int8/benchmarks/vmfb/module_dronet$async_dispatch_9_embedded_elf_riscv_64_benchmark.vmfb,135549,140718,140741,145004,4286,5169,13975,140718,140741,145004,23,4263,9455
0,dronet1_dispatch_13,13,1,1,dronet1,dronet$async_dispatch_13_embedded_elf_riscv_64_dronet$async_dispatch_13_conv_128x4x4x128x3x3_i8xi8xi32,CPU_P,/root/mb_k1/gen/vmfb/dronet/spacemit_x60/RVV/dronet.q.int8/benchmarks/vmfb/module_dronet$async_dispatch_13_embedded_elf_riscv_64_benchmark.vmfb,126411,138340,138883,159801,21461,11929,18327,138340,138883,159801,543,20918,33390
0,dronet3_dispatch_3,3,1,1,dronet3,dronet$async_dispatch_3_embedded_elf_riscv_64_dronet$async_dispatch_3_elementwise_32x27x27_i8xf32xi8,CPU_P,/root/mb_k1/gen/vmfb/dronet/spacemit_x60/RVV/dronet.q.int8/benchmarks/vmfb/module_dronet$async_dispatch_3_embedded_elf_riscv_64_benchmark.vmfb,126542,138778,159833,164608,25830,12236,1024,138778,159833,164608,21055,4775,38066
0,dronet3_dispatch_4,4,1,1,dronet3,dronet$async_dispatch_4_embedded_elf_riscv_64_dronet$async_dispatch_4_conv_32x14x14x32x3x3_i8xi8xi32,CPU_E,/root/mb_k1/gen/vmfb/dronet/spacemit_x60/RVV/dronet.q.int8/benchmarks/vmfb/module_dronet$async_dispatch_4_embedded_elf_riscv_64_benchmark.vmfb,127566,164608,164657,168634,4026,37042,14513,164608,164657,168634,49,3977,41068
0,mlp13_dispatch_0,0,1,1,mlp13,mlp$async_dispatch_0_embedded_elf_riscv_64_mlp$async_dispatch_0_elementwise_10_f32xi8,CPU_P,/root/mb_k1/gen/vmfb/mlp/spacemit_x60/RVV/mlp.q.int8/benchmarks/vmfb/module_mlp$async_dispatch_0_embedded_elf_riscv_64_benchmark.vmfb,130000,130000,164639,170780,40780,0,63,130000,164639,170780,34639,6141,40780
0,mlp13_dispatch_1,1,1,1,mlp13,mlp$async_dispatch_1_embedded_elf_riscv_64_mlp$async_dispatch_1_matmul_1x32x10_i8xi8xi32,CPU_P,/root/mb_k1/gen/vmfb/mlp/spacemit_x60/RVV/mlp.q.int8/benchmarks/vmfb/module_mlp$async_dispatch_1_embedded_elf_riscv_64_benchmark.vmfb,130063,170780,170807,170953,173,40717,66,170780,170807,170953,27,146,40890
0,mlp14_dispatch_0,0,1,1,mlp14,mlp$async_dispatch_0_embedded_elf_riscv_64_mlp$async_dispatch_0_elementwise_10_f32xi8,CPU_P,/root/mb_k1/gen/vmfb/mlp/spacemit_x60/RVV/mlp.q.int8/benchmarks/vmfb/module_mlp$async_dispatch_0_embedded_elf_riscv_64_benchmark.vmfb,140000,140000,170973,171056,31056,0,63,140000,170973,171056,30973,83,31056
0,mlp14_dispatch_1,1,1,1,mlp14,mlp$async_dispatch_1_embedded_elf_riscv_64_mlp$async_dispatch_1_matmul_1x32x10_i8xi8xi32,CPU_P,/root/mb_k1/gen/vmfb/mlp/spacemit_x60/RVV/mlp.q.int8/benchmarks/vmfb/module_mlp$async_dispatch_1_embedded_elf_riscv_64_benchmark.vmfb,140063,171056,171074,171171,115,30993,66,171056,171074,171171,18,97,31108
0,mlp15_dispatch_0,0,1,1,mlp15,mlp$async_dispatch_0_embedded_elf_riscv_64_mlp$async_dispatch_0_elementwise_10_f32xi8,CPU_P,/root/mb_k1/gen/vmfb/mlp/spacemit_x60/RVV/mlp.q.int8/benchmarks/vmfb/module_mlp$async_dispatch_0_embedded_elf_riscv_64_benchmark.vmfb,150000,150000,171187,171263,21263,0,63,150000,171187,171263,21187,76,21263
0,mlp15_dispatch_1,1,1,1,mlp15,mlp$async_dispatch_1_embedded_elf_riscv_64_mlp$async_dispatch_1_matmul_1x32x10_i8xi8xi32,CPU_P,/root/mb_k1/gen/vmfb/mlp/spacemit_x60/RVV/mlp.q.int8/benchmarks/vmfb/module_mlp$async_dispatch_1_embedded_elf_riscv_64_benchmark.vmfb,150063,171263,171280,171371,108,21200,66,171263,171280,171371,17,91,21308
0,mlp16_dispatch_0,0,1,1,mlp16,mlp$async_dispatch_0_embedded_elf_riscv_64_mlp$async_dispatch_0_elementwise_10_f32xi8,CPU_P,/root/mb_k1/gen/vmfb/mlp/spacemit_x60/RVV/mlp.q.int8/benchmarks/vmfb/module_mlp$async_dispatch_0_embedded_elf_riscv_64_benchmark.vmfb,160000,160000,171388,171467,11467,0,63,160000,171388,171467,11388,79,11467
0,mlp16_dispatch_1,1,1,1,mlp16,mlp$async_dispatch_1_embedded_elf_riscv_64_mlp$async_dispatch_1_matmul_1x32x10_i8xi8xi32,CPU_P,/root/mb_k1/gen/vmfb/mlp/spacemit_x60/RVV/mlp.q.int8/benchmarks/vmfb/module_mlp$async_dispatch_1_embedded_elf_riscv_64_benchmark.vmfb,160063,171467,171581,171668,201,11404,66,171467,171581,171668,114,87,11605
0,mlp17_dispatch_0,0,1,1,mlp17,mlp$async_dispatch_0_embedded_elf_riscv_64_mlp$async_dispatch_0_elementwise_10_f32xi8,CPU_P,/root/mb_k1/gen/vmfb/mlp/spacemit_x60/RVV/mlp.q.int8/benchmarks/vmfb/module_mlp$async_dispatch_0_embedded_elf_riscv_64_benchmark.vmfb,170000,170000,171686,171764,1764,0,63,170000,171686,171764,1686,78,1764
0,mlp17_dispatch_1,1,1,1,mlp17,mlp$async_dispatch_1_embedded_elf_riscv_64_mlp$async_dispatch_1_matmul_1x32x10_i8xi8xi32,CPU_P,/root/mb_k1/gen/vmfb/mlp/spacemit_x60/RVV/mlp.q.int8/benchmarks/vmfb/module_mlp$async_dispatch_1_embedded_elf_riscv_64_benchmark.vmfb,170063,171764,171780,171872,108,1701,66,171764,171780,171872,16,92,1809
0,dronet3_dispatch_5,5,1,1,dronet3,dronet$async_dispatch_5_embedded_elf_riscv_64_dronet$async_dispatch_5_conv_32x14x14x32x3x3_i8xi8xi32,CPU_E,/root/mb_k1/gen/vmfb/dronet/spacemit_x60/RVV/dronet.q.int8/benchmarks/vmfb/module_dronet$async_dispatch_5_embedded_elf_riscv_64_benchmark.vmfb,142079,168634,168658,172930,4296,26555,15683,168634,168658,172930,24,4272,30851
0,mlp13_dispatch_2,2,1,1,mlp13,mlp$async_dispatch_2_embedded_elf_riscv_64_mlp$async_dispatch_2_matmul_1x32x32_i8xi8xi32,CPU_E,/root/mb_k1/gen/vmfb/mlp/spacemit_x60/RVV/mlp.q.int8/benchmarks/vmfb/module_mlp$async_dispatch_2_embedded_elf_riscv_64_benchmark.vmfb,130129,170953,172957,173069,2116,40824,65,170953,172957,173069,2004,112,42940
0,mlp13_dispatch_3,3,1,1,mlp13,mlp$async_dispatch_3_embedded_elf_riscv_64_mlp$async_dispatch_3_matmul_1x2x32_i8xi8xi32,CPU_P,/root/mb_k1/gen/vmfb/mlp/spacemit_x60/RVV/mlp.q.int8/benchmarks/vmfb/module_mlp$async_dispatch_3_embedded_elf_riscv_64_benchmark.vmfb,130194,173069,173105,173198,129,42875,78,173069,173105,173198,36,93,43004
0,mlp14_dispatch_2,2,1,1,mlp14,mlp$async_dispatch_2_embedded_elf_riscv_64_mlp$async_dispatch_2_matmul_1x32x32_i8xi8xi32,CPU_E,/root/mb_k1/gen/vmfb/mlp/spacemit_x60/RVV/mlp.q.int8/benchmarks/vmfb/module_mlp$async_dispatch_2_embedded_elf_riscv_64_benchmark.vmfb,140129,171171,173096,173198,2027,31042,65,171171,173096,173198,1925,102,33069
0,mlp13_dispatch_4,4,1,1,mlp13,mlp$async_dispatch_4_embedded_elf_riscv_64_mlp$async_dispatch_4_elementwise_2_i8xf32,CPU_P,/root/mb_k1/gen/vmfb/mlp/spacemit_x60/RVV/mlp.q.int8/benchmarks/vmfb/module_mlp$async_dispatch_4_embedded_elf_riscv_64_benchmark.vmfb,130272,173198,173248,173338,140,42926,64,173198,173248,173338,50,90,43066
0,mlp15_dispatch_2,2,1,1,mlp15,mlp$async_dispatch_2_embedded_elf_riscv_64_mlp$async_dispatch_2_matmul_1x32x32_i8xi8xi32,CPU_E,/root/mb_k1/gen/vmfb/mlp/spacemit_x60/RVV/mlp.q.int8/benchmarks/vmfb/module_mlp$async_dispatch_2_embedded_elf_riscv_64_benchmark.vmfb,150129,171371,173252,173354,1983,21242,65,171371,173252,173354,1881,102,23225
0,mlp16_dispatch_2,2,1,1,mlp16,mlp$async_dispatch_2_embedded_elf_riscv_64_mlp$async_dispatch_2_matmul_1x32x32_i8xi8xi32,CPU_E,/root/mb_k1/gen/vmfb/mlp/spacemit_x60/RVV/mlp.q.int8/benchmarks/vmfb/module_mlp$async_dispatch_2_embedded_elf_riscv_64_benchmark.vmfb,160129,171668,173368,173469,1801,11539,65,171668,173368,173469,1700,101,13340
0,mlp17_dispatch_2,2,1,1,mlp17,mlp$async_dispatch_2_embedded_elf_riscv_64_mlp$async_dispatch_2_matmul_1x32x32_i8xi8xi32,CPU_E,/root/mb_k1/gen/vmfb/mlp/spacemit_x60/RVV/mlp.q.int8/benchmarks/vmfb/module_mlp$async_dispatch_2_embedded_elf_riscv_64_benchmark.vmfb,170129,171872,173493,173598,1726,1743,65,171872,173493,173598,1621,105,3469
0,dronet4_dispatch_0,0,1,1,dronet4,dronet$async_dispatch_0_embedded_elf_riscv_64_dronet$async_dispatch_0_elementwise_3x112x112_f32xi8,CPU_P,/root/mb_k1/gen/vmfb/dronet/spacemit_x60/RVV/dronet.q.int8/benchmarks/vmfb/module_dronet$async_dispatch_0_embedded_elf_riscv_64_benchmark.vmfb,133200,173338,173360,173630,292,40138,583,173338,173360,173630,22,270,40430
0,mlp14_dispatch_3,3,1,1,mlp14,mlp$async_dispatch_3_embedded_elf_riscv_64_mlp$async_dispatch_3_matmul_1x2x32_i8xi8xi32,CPU_P,/root/mb_k1/gen/vmfb/mlp/spacemit_x60/RVV/mlp.q.int8/benchmarks/vmfb/module_mlp$async_dispatch_3_embedded_elf_riscv_64_benchmark.vmfb,140194,173198,173708,173808,610,33004,78,173198,173708,173808,510,100,33614
0,mlp14_dispatch_4,4,1,1,mlp14,mlp$async_dispatch_4_embedded_elf_riscv_64_mlp$async_dispatch_4_elementwise_2_i8xf32,CPU_P,/root/mb_k1/gen/vmfb/mlp/spacemit_x60/RVV/mlp.q.int8/benchmarks/vmfb/module_mlp$async_dispatch_4_embedded_elf_riscv_64_benchmark.vmfb,140272,173808,173829,173911,103,33536,64,173808,173829,173911,21,82,33639
0,dronet1_dispatch_14,14,1,1,dronet1,dronet$async_dispatch_14_embedded_elf_riscv_64_dronet$async_dispatch_14_reduction_128x4x4x64_i8xi8xi32,CPU_P,/root/mb_k1/gen/vmfb/dronet/spacemit_x60/RVV/dronet.q.int8/benchmarks/vmfb/module_dronet$async_dispatch_14_embedded_elf_riscv_64_benchmark.vmfb,144737,173911,173928,174369,458,29174,1319,173911,173928,174369,17,441,29632
0,mlp15_dispatch_3,3,1,1,mlp15,mlp$async_dispatch_3_embedded_elf_riscv_64_mlp$async_dispatch_3_matmul_1x2x32_i8xi8xi32,CPU_P,/root/mb_k1/gen/vmfb/mlp/spacemit_x60/RVV/mlp.q.int8/benchmarks/vmfb/module_mlp$async_dispatch_3_embedded_elf_riscv_64_benchmark.vmfb,150194,173354,174387,174466,1112,23160,78,173354,174387,174466,1033,79,24272
0,mlp15_dispatch_4,4,1,1,mlp15,mlp$async_dispatch_4_embedded_elf_riscv_64_mlp$async_dispatch_4_elementwise_2_i8xf32,CPU_P,/root/mb_k1/gen/vmfb/mlp/spacemit_x60/RVV/mlp.q.int8/benchmarks/vmfb/module_mlp$async_dispatch_4_embedded_elf_riscv_64_benchmark.vmfb,150272,174466,174483,174560,94,24194,64,174466,174483,174560,17,77,24288
0,mlp16_dispatch_3,3,1,1,mlp16,mlp$async_dispatch_3_embedded_elf_riscv_64_mlp$async_dispatch_3_matmul_1x2x32_i8xi8xi32,CPU_P,/root/mb_k1/gen/vmfb/mlp/spacemit_x60/RVV/mlp.q.int8/benchmarks/vmfb/module_mlp$async_dispatch_3_embedded_elf_riscv_64_benchmark.vmfb,160194,173469,174576,174652,1183,13275,78,173469,174576,174652,1107,76,14458
0,mlp16_dispatch_4,4,1,1,mlp16,mlp$async_dispatch_4_embedded_elf_riscv_64_mlp$async_dispatch_4_elementwise_2_i8xf32,CPU_P,/root/mb_k1/gen/vmfb/mlp/spacemit_x60/RVV/mlp.q.int8/benchmarks/vmfb/module_mlp$async_dispatch_4_embedded_elf_riscv_64_benchmark.vmfb,160272,174652,174669,174828,176,14380,64,174652,174669,174828,17,159,14556
0,dronet5_dispatch_0,0,1,1,dronet5,dronet$async_dispatch_0_embedded_elf_riscv_64_dronet$async_dispatch_0_elementwise_3x112x112_f32xi8,CPU_P,/root/mb_k1/gen/vmfb/dronet/spacemit_x60/RVV/dronet.q.int8/benchmarks/vmfb/module_dronet$async_dispatch_0_embedded_elf_riscv_64_benchmark.vmfb,166500,174828,174846,175101,273,8328,583,174828,174846,175101,18,255,8601
0,dronet4_dispatch_1,1,1,1,dronet4,dronet$async_dispatch_1_embedded_elf_riscv_64_dronet$async_dispatch_1_conv_32x56x56x3x3x3_i8xi8xi32,CPU_E,/root/mb_k1/gen/vmfb/dronet/spacemit_x60/RVV/dronet.q.int8/benchmarks/vmfb/module_dronet$async_dispatch_1_embedded_elf_riscv_64_benchmark.vmfb,133783,173630,173719,179942,6312,39847,22767,173630,173719,179942,89,6223,46159
0,dronet1_dispatch_15,15,1,1,dronet1,dronet$async_dispatch_15_embedded_elf_riscv_64_dronet$async_dispatch_15_elementwise_2048_f32xi8,CPU_E,/root/mb_k1/gen/vmfb/dronet/spacemit_x60/RVV/dronet.q.int8/benchmarks/vmfb/module_dronet$async_dispatch_15_embedded_elf_riscv_64_benchmark.vmfb,146056,174369,179973,180137,5768,28313,117,174369,179973,180137,5604,164,34081
0,dronet2_dispatch_10,10,1,1,dronet2,dronet$async_dispatch_10_embedded_elf_riscv_64_dronet$async_dispatch_10_reduction_64x7x7x32_i8xi8xi32,CPU_E,/root/mb_k1/gen/vmfb/dronet/spacemit_x60/RVV/dronet.q.int8/benchmarks/vmfb/module_dronet$async_dispatch_10_embedded_elf_riscv_64_benchmark.vmfb,149523,180137,180151,180391,254,30614,415,180137,180151,180391,14,240,30868
0,dronet4_dispatch_2,2,1,1,dronet4,dronet$async_dispatch_2_embedded_elf_riscv_64_dronet$async_dispatch_2_conv_32x27x27x3x3_f32,CPU_E,/root/mb_k1/gen/vmfb/dronet/spacemit_x60/RVV/dronet.q.int8/benchmarks/vmfb/module_dronet$async_dispatch_2_embedded_elf_riscv_64_benchmark.vmfb,156549,179942,180410,181325,1383,23393,3194,179942,180410,181325,468,915,24776
0,dronet3_dispatch_6,6,1,1,dronet3,dronet$async_dispatch_6_embedded_elf_riscv_64_dronet$async_dispatch_6_reduction_32x14x14x32_i8xi8xi32,CPU_E,/root/mb_k1/gen/vmfb/dronet/spacemit_x60/RVV/dronet.q.int8/benchmarks/vmfb/module_dronet$async_dispatch_6_embedded_elf_riscv_64_benchmark.vmfb,157762,179942,181467,182512,2570,22180,3528,179942,181467,182512,1525,1045,24750
0,dronet3_dispatch_7,7,1,1,dronet3,dronet$async_dispatch_7_embedded_elf_riscv_64_dronet$async_dispatch_7_elementwise_32x14x14_i8xf32xi8,CPU_E,/root/mb_k1/gen/vmfb/dronet/spacemit_x60/RVV/dronet.q.int8/benchmarks/vmfb/module_dronet$async_dispatch_7_embedded_elf_riscv_64_benchmark.vmfb,161290,182512,182530,182899,387,21222,302,182512,182530,182899,18,369,21609
0,dronet3_dispatch_8,8,1,1,dronet3,dronet$async_dispatch_8_embedded_elf_riscv_64_dronet$async_dispatch_8_conv_64x7x7x32x3x3_i8xi8xi32,CPU_E,/root/mb_k1/gen/vmfb/dronet/spacemit_x60/RVV/dronet.q.int8/benchmarks/vmfb/module_dronet$async_dispatch_8_embedded_elf_riscv_64_benchmark.vmfb,161592,182899,182918,185245,2346,21307,7356,182899,182918,185245,19,2327,23653
0,dronet3_dispatch_9,9,1,1,dronet3,dronet$async_dispatch_9_embedded_elf_riscv_64_dronet$async_dispatch_9_conv_64x7x7x64x3x3_i8xi8xi32,CPU_E,/root/mb_k1/gen/vmfb/dronet/spacemit_x60/RVV/dronet.q.int8/benchmarks/vmfb/module_dronet$async_dispatch_9_embedded_elf_riscv_64_benchmark.vmfb,168948,185245,185267,189542,4297,16297,13975,185245,185267,189542,22,4275,20594
0,dronet5_dispatch_1,1,1,1,dronet5,dronet$async_dispatch_1_embedded_elf_riscv_64_dronet$async_dispatch_1_conv_32x56x56x3x3x3_i8xi8xi32,CPU_P,/root/mb_k1/gen/vmfb/dronet/spacemit_x60/RVV/dronet.q.int8/benchmarks/vmfb/module_dronet$async_dispatch_1_embedded_elf_riscv_64_benchmark.vmfb,167083,175101,175118,195641,20540,8018,22866,175101,175118,195641,17,20523,28558
0,dronet1_dispatch_16_1,16,1,1,dronet1,dronet$async_dispatch_16_embedded_elf_riscv_64_dronet$async_dispatch_16_matmul_1x1x2048_i8xi8xi32,CPU_P,/root/mb_k1/gen/vmfb/dronet/spacemit_x60/RVV/dronet.q.int8/benchmarks/vmfb/module_dronet$async_dispatch_16_embedded_elf_riscv_64_benchmark.vmfb,146173,180137,195676,198795,18658,33964,120,180137,195676,198795,15539,3119,52622
0,dronet1_dispatch_16_2,16,1,1,dronet1,dronet$async_dispatch_16_embedded_elf_riscv_64_dronet$async_dispatch_16_matmul_1x1x2048_i8xi8xi32,CPU_P,/root/mb_k1/gen/vmfb/dronet/spacemit_x60/RVV/dronet.q.int8/benchmarks/vmfb/module_dronet$async_dispatch_16_embedded_elf_riscv_64_benchmark.vmfb,146173,180137,198821,198982,18845,33964,120,180137,198821,198982,18684,161,52809
0,dronet1_dispatch_18,18,1,1,dronet1,dronet$async_dispatch_18_embedded_elf_riscv_64_dronet$async_dispatch_18_elementwise,CPU_P,/root/mb_k1/gen/vmfb/dronet/spacemit_x60/RVV/dronet.q.int8/benchmarks/vmfb/module_dronet$async_dispatch_18_embedded_elf_riscv_64_benchmark.vmfb,146293,198795,199006,199094,299,52502,79,198795,199006,199094,211,88,52801
0,dronet1_dispatch_19,19,1,1,dronet1,dronet$async_dispatch_19_embedded_elf_riscv_64_dronet$async_dispatch_19_elementwise,CPU_P,/root/mb_k1/gen/vmfb/dronet/spacemit_x60/RVV/dronet.q.int8/benchmarks/vmfb/module_dronet$async_dispatch_19_embedded_elf_riscv_64_benchmark.vmfb,146293,198982,199118,199202,220,52689,63,198982,199118,199202,136,84,52909
0,dronet2_dispatch_11,11,1,1,dronet2,dronet$async_dispatch_11_embedded_elf_riscv_64_dronet$async_dispatch_11_elementwise_64x7x7_i8xf32xi8,CPU_P,/root/mb_k1/gen/vmfb/dronet/spacemit_x60/RVV/dronet.q.int8/benchmarks/vmfb/module_dronet$async_dispatch_11_embedded_elf_riscv_64_benchmark.vmfb,149938,199094,199224,199459,365,49156,206,199094,199224,199459,130,235,49521
0,dronet4_dispatch_3,3,1,1,dronet4,dronet$async_dispatch_3_embedded_elf_riscv_64_dronet$async_dispatch_3_elementwise_32x27x27_i8xf32xi8,CPU_P,/root/mb_k1/gen/vmfb/dronet/spacemit_x60/RVV/dronet.q.int8/benchmarks/vmfb/module_dronet$async_dispatch_3_embedded_elf_riscv_64_benchmark.vmfb,159743,199459,199483,199932,473,39716,1024,199459,199483,199932,24,449,40189
0,dronet2_dispatch_12,12,1,1,dronet2,dronet$async_dispatch_12_embedded_elf_riscv_64_dronet$async_dispatch_12_conv_128x4x4x64x3x3_i8xi8xi32,CPU_E,/root/mb_k1/gen/vmfb/dronet/spacemit_x60/RVV/dronet.q.int8/benchmarks/vmfb/module_dronet$async_dispatch_12_embedded_elf_riscv_64_benchmark.vmfb,150144,199459,199491,202131,2672,49315,9567,199459,199491,202131,32,2640,51987
0,mlp17_dispatch_3,3,1,1,mlp17,mlp$async_dispatch_3_embedded_elf_riscv_64_mlp$async_dispatch_3_matmul_1x2x32_i8xi8xi32,CPU_P,/root/mb_k1/gen/vmfb/mlp/spacemit_x60/RVV/mlp.q.int8/benchmarks/vmfb/module_mlp$async_dispatch_3_embedded_elf_riscv_64_benchmark.vmfb,170194,173598,200056,202786,29188,3404,78,173598,200056,202786,26458,2730,32592
0,mlp17_dispatch_4,4,1,1,mlp17,mlp$async_dispatch_4_embedded_elf_riscv_64_mlp$async_dispatch_4_elementwise_2_i8xf32,CPU_P,/root/mb_k1/gen/vmfb/mlp/spacemit_x60/RVV/mlp.q.int8/benchmarks/vmfb/module_mlp$async_dispatch_4_embedded_elf_riscv_64_benchmark.vmfb,170272,202786,202809,202897,111,32514,64,202786,202809,202897,23,88,32625
0,mlp18_dispatch_0,0,1,1,mlp18,mlp$async_dispatch_0_embedded_elf_riscv_64_mlp$async_dispatch_0_elementwise_10_f32xi8,CPU_P,/root/mb_k1/gen/vmfb/mlp/spacemit_x60/RVV/mlp.q.int8/benchmarks/vmfb/module_mlp$async_dispatch_0_embedded_elf_riscv_64_benchmark.vmfb,180000,180000,202917,203008,23008,0,63,180000,202917,203008,22917,91,23008
0,mlp18_dispatch_1,1,1,1,mlp18,mlp$async_dispatch_1_embedded_elf_riscv_64_mlp$async_dispatch_1_matmul_1x32x10_i8xi8xi32,CPU_P,/root/mb_k1/gen/vmfb/mlp/spacemit_x60/RVV/mlp.q.int8/benchmarks/vmfb/module_mlp$async_dispatch_1_embedded_elf_riscv_64_benchmark.vmfb,180063,203008,203026,203138,130,22945,66,203008,203026,203138,18,112,23075
0,mlp19_dispatch_0,0,1,1,mlp19,mlp$async_dispatch_0_embedded_elf_riscv_64_mlp$async_dispatch_0_elementwise_10_f32xi8,CPU_P,/root/mb_k1/gen/vmfb/mlp/spacemit_x60/RVV/mlp.q.int8/benchmarks/vmfb/module_mlp$async_dispatch_0_embedded_elf_riscv_64_benchmark.vmfb,190000,190000,203157,203231,13231,0,63,190000,203157,203231,13157,74,13231
0,mlp19_dispatch_1,1,1,1,mlp19,mlp$async_dispatch_1_embedded_elf_riscv_64_mlp$async_dispatch_1_matmul_1x32x10_i8xi8xi32,CPU_P,/root/mb_k1/gen/vmfb/mlp/spacemit_x60/RVV/mlp.q.int8/benchmarks/vmfb/module_mlp$async_dispatch_1_embedded_elf_riscv_64_benchmark.vmfb,190063,203231,203249,203341,110,13168,66,203231,203249,203341,18,92,13278
0,mlp20_dispatch_0,0,1,1,mlp20,mlp$async_dispatch_0_embedded_elf_riscv_64_mlp$async_dispatch_0_elementwise_10_f32xi8,CPU_P,/root/mb_k1/gen/vmfb/mlp/spacemit_x60/RVV/mlp.q.int8/benchmarks/vmfb/module_mlp$async_dispatch_0_embedded_elf_riscv_64_benchmark.vmfb,200000,200000,203357,203433,3433,0,63,200000,203357,203433,3357,76,3433
0,mlp20_dispatch_1,1,1,1,mlp20,mlp$async_dispatch_1_embedded_elf_riscv_64_mlp$async_dispatch_1_matmul_1x32x10_i8xi8xi32,CPU_P,/root/mb_k1/gen/vmfb/mlp/spacemit_x60/RVV/mlp.q.int8/benchmarks/vmfb/module_mlp$async_dispatch_1_embedded_elf_riscv_64_benchmark.vmfb,200063,203433,203450,203530,97,3370,66,203433,203450,203530,17,80,3467
0,dronet2_dispatch_13,13,1,1,dronet2,dronet$async_dispatch_13_embedded_elf_riscv_64_dronet$async_dispatch_13_conv_128x4x4x128x3x3_i8xi8xi32,CPU_E,/root/mb_k1/gen/vmfb/dronet/spacemit_x60/RVV/dronet.q.int8/benchmarks/vmfb/module_dronet$async_dispatch_13_embedded_elf_riscv_64_benchmark.vmfb,159710,202131,202157,207039,4908,42421,18288,202131,202157,207039,26,4882,47329
0,dronet2_dispatch_14,14,1,1,dronet2,dronet$async_dispatch_14_embedded_elf_riscv_64_dronet$async_dispatch_14_reduction_128x4x4x64_i8xi8xi32,CPU_P,/root/mb_k1/gen/vmfb/dronet/spacemit_x60/RVV/dronet.q.int8/benchmarks/vmfb/module_dronet$async_dispatch_14_embedded_elf_riscv_64_benchmark.vmfb,177998,207039,207084,207697,658,29041,1319,207039,207084,207697,45,613,29699
0,mlp21_dispatch_0,0,1,1,mlp21,mlp$async_dispatch_0_embedded_elf_riscv_64_mlp$async_dispatch_0_elementwise_10_f32xi8,CPU_P,/root/mb_k1/gen/vmfb/mlp/spacemit_x60/RVV/mlp.q.int8/benchmarks/vmfb/module_mlp$async_dispatch_0_embedded_elf_riscv_64_benchmark.vmfb,210000,210000,210002,210800,800,0,63,210000,210002,210800,2,798,800
0,dronet4_dispatch_4,4,1,1,dronet4,dronet$async_dispatch_4_embedded_elf_riscv_64_dronet$async_dispatch_4_conv_32x14x14x32x3x3_i8xi8xi32,CPU_E,/root/mb_k1/gen/vmfb/dronet/spacemit_x60/RVV/dronet.q.int8/benchmarks/vmfb/module_dronet$async_dispatch_4_embedded_elf_riscv_64_benchmark.vmfb,160767,202131,207067,211027,8896,41364,14513,202131,207067,211027,4936,3960,50260
0,mlp21_dispatch_1,1,1,1,mlp21,mlp$async_dispatch_1_embedded_elf_riscv_64_mlp$async_dispatch_1_matmul_1x32x10_i8xi8xi32,CPU_P,/root/mb_k1/gen/vmfb/mlp/spacemit_x60/RVV/mlp.q.int8/benchmarks/vmfb/module_mlp$async_dispatch_1_embedded_elf_riscv_64_benchmark.vmfb,210063,210800,210927,214793,3993,737,66,210800,210927,214793,127,3866,4730
0,dronet4_dispatch_5,5,1,1,dronet4,dronet$async_dispatch_5_embedded_elf_riscv_64_dronet$async_dispatch_5_conv_32x14x14x32x3x3_i8xi8xi32,CPU_E,/root/mb_k1/gen/vmfb/dronet/spacemit_x60/RVV/dronet.q.int8/benchmarks/vmfb/module_dronet$async_dispatch_5_embedded_elf_riscv_64_benchmark.vmfb,175279,211027,211051,215315,4288,35748,15683,211027,211051,215315,24,4264,40036
0,dronet2_dispatch_15,15,1,1,dronet2,dronet$async_dispatch_15_embedded_elf_riscv_64_dronet$async_dispatch_15_elementwise_2048_f32xi8,CPU_E,/root/mb_k1/gen/vmfb/dronet/spacemit_x60/RVV/dronet.q.int8/benchmarks/vmfb/module_dronet$async_dispatch_15_embedded_elf_riscv_64_benchmark.vmfb,179316,207697,215341,215487,7790,28381,117,207697,215341,215487,7644,146,36171
0,mlp18_dispatch_2,2,1,1,mlp18,mlp$async_dispatch_2_embedded_elf_riscv_64_mlp$async_dispatch_2_matmul_1x32x32_i8xi8xi32,CPU_E,/root/mb_k1/gen/vmfb/mlp/spacemit_x60/RVV/mlp.q.int8/benchmarks/vmfb/module_mlp$async_dispatch_2_embedded_elf_riscv_64_benchmark.vmfb,180129,203138,215510,215615,12477,23009,65,203138,215510,215615,12372,105,35486
0,dronet3_dispatch_10,10,1,1,dronet3,dronet$async_dispatch_10_embedded_elf_riscv_64_dronet$async_dispatch_10_reduction_64x7x7x32_i8xi8xi32,CPU_E,/root/mb_k1/gen/vmfb/dronet/spacemit_x60/RVV/dronet.q.int8/benchmarks/vmfb/module_dronet$async_dispatch_10_embedded_elf_riscv_64_benchmark.vmfb,182922,215615,215636,215856,241,32693,415,215615,215636,215856,21,220,32934
0,dronet5_dispatch_2,2,1,1,dronet5,dronet$async_dispatch_2_embedded_elf_riscv_64_dronet$async_dispatch_2_conv_32x27x27x3x3_f32,CPU_E,/root/mb_k1/gen/vmfb/dronet/spacemit_x60/RVV/dronet.q.int8/benchmarks/vmfb/module_dronet$async_dispatch_2_embedded_elf_riscv_64_benchmark.vmfb,189949,207039,215876,216792,9753,17090,3194,207039,215876,216792,8837,916,26843
0,mlp19_dispatch_2,2,1,1,mlp19,mlp$async_dispatch_2_embedded_elf_riscv_64_mlp$async_dispatch_2_matmul_1x32x32_i8xi8xi32,CPU_E,/root/mb_k1/gen/vmfb/mlp/spacemit_x60/RVV/mlp.q.int8/benchmarks/vmfb/module_mlp$async_dispatch_2_embedded_elf_riscv_64_benchmark.vmfb,190129,203341,216814,216906,13565,13212,65,203341,216814,216906,13473,92,26777
0,dronet4_dispatch_6,6,1,1,dronet4,dronet$async_dispatch_6_embedded_elf_riscv_64_dronet$async_dispatch_6_reduction_32x14x14x32_i8xi8xi32,CPU_E,/root/mb_k1/gen/vmfb/dronet/spacemit_x60/RVV/dronet.q.int8/benchmarks/vmfb/module_dronet$async_dispatch_6_embedded_elf_riscv_64_benchmark.vmfb,190962,216906,216927,217949,1043,25944,3528,216906,216927,217949,21,1022,26987
0,dronet4_dispatch_7,7,1,1,dronet4,dronet$async_dispatch_7_embedded_elf_riscv_64_dronet$async_dispatch_7_elementwise_32x14x14_i8xf32xi8,CPU_E,/root/mb_k1/gen/vmfb/dronet/spacemit_x60/RVV/dronet.q.int8/benchmarks/vmfb/module_dronet$async_dispatch_7_embedded_elf_riscv_64_benchmark.vmfb,194490,217949,217971,218301,352,23459,302,217949,217971,218301,22,330,23811
0,dronet2_dispatch_16_1,16,1,1,dronet2,dronet$async_dispatch_16_embedded_elf_riscv_64_dronet$async_dispatch_16_matmul_1x1x2048_i8xi8xi32,CPU_P,/root/mb_k1/gen/vmfb/dronet/spacemit_x60/RVV/dronet.q.int8/benchmarks/vmfb/module_dronet$async_dispatch_16_embedded_elf_riscv_64_benchmark.vmfb,179433,215487,220005,220195,4708,36054,120,215487,220005,220195,4518,190,40762
0,dronet2_dispatch_16_2,16,1,1,dronet2,dronet$async_dispatch_16_embedded_elf_riscv_64_dronet$async_dispatch_16_matmul_1x1x2048_i8xi8xi32,CPU_P,/root/mb_k1/gen/vmfb/dronet/spacemit_x60/RVV/dronet.q.int8/benchmarks/vmfb/module_dronet$async_dispatch_16_embedded_elf_riscv_64_benchmark.vmfb,179433,215487,220220,220374,4887,36054,120,215487,220220,220374,4733,154,40941
0,dronet2_dispatch_18,18,1,1,dronet2,dronet$async_dispatch_18_embedded_elf_riscv_64_dronet$async_dispatch_18_elementwise,CPU_P,/root/mb_k1/gen/vmfb/dronet/spacemit_x60/RVV/dronet.q.int8/benchmarks/vmfb/module_dronet$async_dispatch_18_embedded_elf_riscv_64_benchmark.vmfb,179553,220195,220474,220567,372,40642,79,220195,220474,220567,279,93,41014
0,dronet2_dispatch_19,19,1,1,dronet2,dronet$async_dispatch_19_embedded_elf_riscv_64_dronet$async_dispatch_19_elementwise,CPU_P,/root/mb_k1/gen/vmfb/dronet/spacemit_x60/RVV/dronet.q.int8/benchmarks/vmfb/module_dronet$async_dispatch_19_embedded_elf_riscv_64_benchmark.vmfb,179553,220374,220587,220672,298,40821,63,220374,220587,220672,213,85,41119
0,dronet4_dispatch_8,8,1,1,dronet4,dronet$async_dispatch_8_embedded_elf_riscv_64_dronet$async_dispatch_8_conv_64x7x7x32x3x3_i8xi8xi32,CPU_E,/root/mb_k1/gen/vmfb/dronet/spacemit_x60/RVV/dronet.q.int8/benchmarks/vmfb/module_dronet$async_dispatch_8_embedded_elf_riscv_64_benchmark.vmfb,194792,218301,218320,220672,2371,23509,7356,218301,218320,220672,19,2352,25880
0,mlp18_dispatch_3,3,1,1,mlp18,mlp$async_dispatch_3_embedded_elf_riscv_64_mlp$async_dispatch_3_matmul_1x2x32_i8xi8xi32,CPU_P,/root/mb_k1/gen/vmfb/mlp/spacemit_x60/RVV/mlp.q.int8/benchmarks/vmfb/module_mlp$async_dispatch_3_embedded_elf_riscv_64_benchmark.vmfb,180194,215615,220700,220795,5180,35421,78,215615,220700,220795,5085,95,40601
0,mlp20_dispatch_2,2,1,1,mlp20,mlp$async_dispatch_2_embedded_elf_riscv_64_mlp$async_dispatch_2_matmul_1x32x32_i8xi8xi32,CPU_E,/root/mb_k1/gen/vmfb/mlp/spacemit_x60/RVV/mlp.q.int8/benchmarks/vmfb/module_mlp$async_dispatch_2_embedded_elf_riscv_64_benchmark.vmfb,200129,203530,220718,220828,17298,3401,65,203530,220718,220828,17188,110,20699
0,mlp18_dispatch_4,4,1,1,mlp18,mlp$async_dispatch_4_embedded_elf_riscv_64_mlp$async_dispatch_4_elementwise_2_i8xf32,CPU_P,/root/mb_k1/gen/vmfb/mlp/spacemit_x60/RVV/mlp.q.int8/benchmarks/vmfb/module_mlp$async_dispatch_4_embedded_elf_riscv_64_benchmark.vmfb,180272,220795,220818,220914,119,40523,64,220795,220818,220914,23,96,40642
0,dronet3_dispatch_11,11,1,1,dronet3,dronet$async_dispatch_11_embedded_elf_riscv_64_dronet$async_dispatch_11_elementwise_64x7x7_i8xf32xi8,CPU_P,/root/mb_k1/gen/vmfb/dronet/spacemit_x60/RVV/dronet.q.int8/benchmarks/vmfb/module_dronet$async_dispatch_11_embedded_elf_riscv_64_benchmark.vmfb,183337,220914,220937,221178,264,37577,206,220914,220937,221178,23,241,37841
0,mlp19_dispatch_3,3,1,1,mlp19,mlp$async_dispatch_3_embedded_elf_riscv_64_mlp$async_dispatch_3_matmul_1x2x32_i8xi8xi32,CPU_P,/root/mb_k1/gen/vmfb/mlp/spacemit_x60/RVV/mlp.q.int8/benchmarks/vmfb/module_mlp$async_dispatch_3_embedded_elf_riscv_64_benchmark.vmfb,190194,216906,221198,221280,4374,26712,78,216906,221198,221280,4292,82,31086
0,mlp19_dispatch_4,4,1,1,mlp19,mlp$async_dispatch_4_embedded_elf_riscv_64_mlp$async_dispatch_4_elementwise_2_i8xf32,CPU_P,/root/mb_k1/gen/vmfb/mlp/spacemit_x60/RVV/mlp.q.int8/benchmarks/vmfb/module_mlp$async_dispatch_4_embedded_elf_riscv_64_benchmark.vmfb,190272,221280,221298,221379,99,31008,64,221280,221298,221379,18,81,31107
0,dronet5_dispatch_3,3,1,1,dronet5,dronet$async_dispatch_3_embedded_elf_riscv_64_dronet$async_dispatch_3_elementwise_32x27x27_i8xf32xi8,CPU_P,/root/mb_k1/gen/vmfb/dronet/spacemit_x60/RVV/dronet.q.int8/benchmarks/vmfb/module_dronet$async_dispatch_3_embedded_elf_riscv_64_benchmark.vmfb,193143,221379,221397,221865,486,28236,1024,221379,221397,221865,18,468,28722
0,dronet6_dispatch_0,0,1,1,dronet6,dronet$async_dispatch_0_embedded_elf_riscv_64_dronet$async_dispatch_0_elementwise_3x112x112_f32xi8,CPU_P,/root/mb_k1/gen/vmfb/dronet/spacemit_x60/RVV/dronet.q.int8/benchmarks/vmfb/module_dronet$async_dispatch_0_embedded_elf_riscv_64_benchmark.vmfb,199800,220567,221885,222953,2386,20767,583,220567,221885,222953,1318,1068,23153
0,dronet4_dispatch_9,9,1,1,dronet4,dronet$async_dispatch_9_embedded_elf_riscv_64_dronet$async_dispatch_9_conv_64x7x7x64x3x3_i8xi8xi32,CPU_E,/root/mb_k1/gen/vmfb/dronet/spacemit_x60/RVV/dronet.q.int8/benchmarks/vmfb/module_dronet$async_dispatch_9_embedded_elf_riscv_64_benchmark.vmfb,202148,220672,220842,225158,4486,18524,13975,220672,220842,225158,170,4316,23010
0,mlp20_dispatch_3,3,1,1,mlp20,mlp$async_dispatch_3_embedded_elf_riscv_64_mlp$async_dispatch_3_matmul_1x2x32_i8xi8xi32,CPU_P,/root/mb_k1/gen/vmfb/mlp/spacemit_x60/RVV/mlp.q.int8/benchmarks/vmfb/module_mlp$async_dispatch_3_embedded_elf_riscv_64_benchmark.vmfb,200194,220828,223066,226776,5948,20634,78,220828,223066,226776,2238,3710,26582
0,mlp20_dispatch_4,4,1,1,mlp20,mlp$async_dispatch_4_embedded_elf_riscv_64_mlp$async_dispatch_4_elementwise_2_i8xf32,CPU_P,/root/mb_k1/gen/vmfb/mlp/spacemit_x60/RVV/mlp.q.int8/benchmarks/vmfb/module_mlp$async_dispatch_4_embedded_elf_riscv_64_benchmark.vmfb,200272,226776,226797,226883,107,26504,64,226776,226797,226883,21,86,26611
0,dronet3_dispatch_12,12,1,1,dronet3,dronet$async_dispatch_12_embedded_elf_riscv_64_dronet$async_dispatch_12_conv_128x4x4x64x3x3_i8xi8xi32,CPU_E,/root/mb_k1/gen/vmfb/dronet/spacemit_x60/RVV/dronet.q.int8/benchmarks/vmfb/module_dronet$async_dispatch_12_embedded_elf_riscv_64_benchmark.vmfb,183543,221178,225183,227829,6651,37635,9567,221178,225183,227829,4005,2646,44286
0,dronet3_dispatch_13,13,1,1,dronet3,dronet$async_dispatch_13_embedded_elf_riscv_64_dronet$async_dispatch_13_conv_128x4x4x128x3x3_i8xi8xi32,CPU_E,/root/mb_k1/gen/vmfb/dronet/spacemit_x60/RVV/dronet.q.int8/benchmarks/vmfb/module_dronet$async_dispatch_13_embedded_elf_riscv_64_benchmark.vmfb,193143,227829,227853,232709,4880,34686,18288,227829,227853,232709,24,4856,39566
0,dronet5_dispatch_4,4,1,1,dronet5,dronet$async_dispatch_4_embedded_elf_riscv_64_dronet$async_dispatch_4_conv_32x14x14x32x3x3_i8xi8xi32,CPU_E,/root/mb_k1/gen/vmfb/dronet/spacemit_x60/RVV/dronet.q.int8/benchmarks/vmfb/module_dronet$async_dispatch_4_embedded_elf_riscv_64_benchmark.vmfb,194167,227829,232731,236678,8849,33662,14513,227829,232731,236678,4902,3947,42511
0,dronet5_dispatch_5,5,1,1,dronet5,dronet$async_dispatch_5_embedded_elf_riscv_64_dronet$async_dispatch_5_conv_32x14x14x32x3x3_i8xi8xi32,CPU_E,/root/mb_k1/gen/vmfb/dronet/spacemit_x60/RVV/dronet.q.int8/benchmarks/vmfb/module_dronet$async_dispatch_5_embedded_elf_riscv_64_benchmark.vmfb,208679,236678,236697,240960,4282,27999,15683,236678,236697,240960,19,4263,32281
0,mlp21_dispatch_2,2,1,1,mlp21,mlp$async_dispatch_2_embedded_elf_riscv_64_mlp$async_dispatch_2_matmul_1x32x32_i8xi8xi32,CPU_E,/root/mb_k1/gen/vmfb/mlp/spacemit_x60/RVV/mlp.q.int8/benchmarks/vmfb/module_mlp$async_dispatch_2_embedded_elf_riscv_64_benchmark.vmfb,210129,214793,240981,241083,26290,4664,65,214793,240981,241083,26188,102,30954
0,dronet5_dispatch_6,6,1,1,dronet5,dronet$async_dispatch_6_embedded_elf_riscv_64_dronet$async_dispatch_6_reduction_32x14x14x32_i8xi8xi32,CPU_E,/root/mb_k1/gen/vmfb/dronet/spacemit_x60/RVV/dronet.q.int8/benchmarks/vmfb/module_dronet$async_dispatch_6_embedded_elf_riscv_64_benchmark.vmfb,224362,240960,241103,242130,1170,16598,3528,240960,241103,242130,143,1027,17768
0,dronet6_dispatch_1,1,1,1,dronet6,dronet$async_dispatch_1_embedded_elf_riscv_64_dronet$async_dispatch_1_conv_32x56x56x3x3x3_i8xi8xi32,CPU_P,/root/mb_k1/gen/vmfb/dronet/spacemit_x60/RVV/dronet.q.int8/benchmarks/vmfb/module_dronet$async_dispatch_1_embedded_elf_riscv_64_benchmark.vmfb,200383,222953,226902,247417,24464,22570,22866,222953,226902,247417,3949,20515,47034
0,mlp21_dispatch_3,3,1,1,mlp21,mlp$async_dispatch_3_embedded_elf_riscv_64_mlp$async_dispatch_3_matmul_1x2x32_i8xi8xi32,CPU_P,/root/mb_k1/gen/vmfb/mlp/spacemit_x60/RVV/mlp.q.int8/benchmarks/vmfb/module_mlp$async_dispatch_3_embedded_elf_riscv_64_benchmark.vmfb,210194,241083,247447,250775,9692,30889,78,241083,247447,250775,6364,3328,40581
0,mlp21_dispatch_4,4,1,1,mlp21,mlp$async_dispatch_4_embedded_elf_riscv_64_mlp$async_dispatch_4_elementwise_2_i8xf32,CPU_P,/root/mb_k1/gen/vmfb/mlp/spacemit_x60/RVV/mlp.q.int8/benchmarks/vmfb/module_mlp$async_dispatch_4_embedded_elf_riscv_64_benchmark.vmfb,210272,250775,250800,250890,115,40503,64,250775,250800,250890,25,90,40618
0,dronet3_dispatch_14,14,1,1,dronet3,dronet$async_dispatch_14_embedded_elf_riscv_64_dronet$async_dispatch_14_reduction_128x4x4x64_i8xi8xi32,CPU_P,/root/mb_k1/gen/vmfb/dronet/spacemit_x60/RVV/dronet.q.int8/benchmarks/vmfb/module_dronet$async_dispatch_14_embedded_elf_riscv_64_benchmark.vmfb,211430,250890,251016,251464,574,39460,1319,250890,251016,251464,126,448,40034
0,dronet3_dispatch_15,15,1,1,dronet3,dronet$async_dispatch_15_embedded_elf_riscv_64_dronet$async_dispatch_15_elementwise_2048_f32xi8,CPU_E,/root/mb_k1/gen/vmfb/dronet/spacemit_x60/RVV/dronet.q.int8/benchmarks/vmfb/module_dronet$async_dispatch_15_embedded_elf_riscv_64_benchmark.vmfb,212749,251464,251503,251655,191,38715,117,251464,251503,251655,39,152,38906
0,dronet4_dispatch_10,10,1,1,dronet4,dronet$async_dispatch_10_embedded_elf_riscv_64_dronet$async_dispatch_10_reduction_64x7x7x32_i8xi8xi32,CPU_E,/root/mb_k1/gen/vmfb/dronet/spacemit_x60/RVV/dronet.q.int8/benchmarks/vmfb/module_dronet$async_dispatch_10_embedded_elf_riscv_64_benchmark.vmfb,216123,251655,251678,251910,255,35532,415,251655,251678,251910,23,232,35787
0,mlp22_dispatch_0,0,1,1,mlp22,mlp$async_dispatch_0_embedded_elf_riscv_64_mlp$async_dispatch_0_elementwise_10_f32xi8,CPU_P,/root/mb_k1/gen/vmfb/mlp/spacemit_x60/RVV/mlp.q.int8/benchmarks/vmfb/module_mlp$async_dispatch_0_embedded_elf_riscv_64_benchmark.vmfb,220000,220000,251488,253183,33183,0,63,220000,251488,253183,31488,1695,33183
0,dronet3_dispatch_16_1,16,1,1,dronet3,dronet$async_dispatch_16_embedded_elf_riscv_64_dronet$async_dispatch_16_matmul_1x1x2048_i8xi8xi32,CPU_P,/root/mb_k1/gen/vmfb/dronet/spacemit_x60/RVV/dronet.q.int8/benchmarks/vmfb/module_dronet$async_dispatch_16_embedded_elf_riscv_64_benchmark.vmfb,212866,251655,253209,253378,1723,38789,120,251655,253209,253378,1554,169,40512
0,dronet3_dispatch_16_2,16,1,1,dronet3,dronet$async_dispatch_16_embedded_elf_riscv_64_dronet$async_dispatch_16_matmul_1x1x2048_i8xi8xi32,CPU_P,/root/mb_k1/gen/vmfb/dronet/spacemit_x60/RVV/dronet.q.int8/benchmarks/vmfb/module_dronet$async_dispatch_16_embedded_elf_riscv_64_benchmark.vmfb,212866,251655,253402,253549,1894,38789,120,251655,253402,253549,1747,147,40683
0,dronet3_dispatch_18,18,1,1,dronet3,dronet$async_dispatch_18_embedded_elf_riscv_64_dronet$async_dispatch_18_elementwise,CPU_P,/root/mb_k1/gen/vmfb/dronet/spacemit_x60/RVV/dronet.q.int8/benchmarks/vmfb/module_dronet$async_dispatch_18_embedded_elf_riscv_64_benchmark.vmfb,212986,253378,253569,253654,276,40392,79,253378,253569,253654,191,85,40668
0,dronet3_dispatch_19,19,1,1,dronet3,dronet$async_dispatch_19_embedded_elf_riscv_64_dronet$async_dispatch_19_elementwise,CPU_P,/root/mb_k1/gen/vmfb/dronet/spacemit_x60/RVV/dronet.q.int8/benchmarks/vmfb/module_dronet$async_dispatch_19_embedded_elf_riscv_64_benchmark.vmfb,212986,253549,253675,253758,209,40563,63,253549,253675,253758,126,83,40772
0,dronet4_dispatch_11,11,1,1,dronet4,dronet$async_dispatch_11_embedded_elf_riscv_64_dronet$async_dispatch_11_elementwise_64x7x7_i8xf32xi8,CPU_P,/root/mb_k1/gen/vmfb/dronet/spacemit_x60/RVV/dronet.q.int8/benchmarks/vmfb/module_dronet$async_dispatch_11_embedded_elf_riscv_64_benchmark.vmfb,216538,253758,253779,254010,252,37220,206,253758,253779,254010,21,231,37472
0,mlp22_dispatch_1,1,1,1,mlp22,mlp$async_dispatch_1_embedded_elf_riscv_64_mlp$async_dispatch_1_matmul_1x32x10_i8xi8xi32,CPU_P,/root/mb_k1/gen/vmfb/mlp/spacemit_x60/RVV/mlp.q.int8/benchmarks/vmfb/module_mlp$async_dispatch_1_embedded_elf_riscv_64_benchmark.vmfb,220063,253183,254031,254816,1633,33120,66,253183,254031,254816,848,785,34753
0,mlp23_dispatch_0,0,1,1,mlp23,mlp$async_dispatch_0_embedded_elf_riscv_64_mlp$async_dispatch_0_elementwise_10_f32xi8,CPU_P,/root/mb_k1/gen/vmfb/mlp/spacemit_x60/RVV/mlp.q.int8/benchmarks/vmfb/module_mlp$async_dispatch_0_embedded_elf_riscv_64_benchmark.vmfb,230000,230000,254836,254953,24953,0,63,230000,254836,254953,24836,117,24953
0,dronet4_dispatch_12,12,1,1,dronet4,dronet$async_dispatch_12_embedded_elf_riscv_64_dronet$async_dispatch_12_conv_128x4x4x64x3x3_i8xi8xi32,CPU_E,/root/mb_k1/gen/vmfb/dronet/spacemit_x60/RVV/dronet.q.int8/benchmarks/vmfb/module_dronet$async_dispatch_12_embedded_elf_riscv_64_benchmark.vmfb,216744,254010,254044,256696,2686,37266,9567,254010,254044,256696,34,2652,39952
0,mlp22_dispatch_2,2,1,1,mlp22,mlp$async_dispatch_2_embedded_elf_riscv_64_mlp$async_dispatch_2_matmul_1x32x32_i8xi8xi32,CPU_E,/root/mb_k1/gen/vmfb/mlp/spacemit_x60/RVV/mlp.q.int8/benchmarks/vmfb/module_mlp$async_dispatch_2_embedded_elf_riscv_64_benchmark.vmfb,220129,254816,257038,257178,2362,34687,65,254816,257038,257178,2222,140,37049
0,dronet6_dispatch_2,2,1,1,dronet6,dronet$async_dispatch_2_embedded_elf_riscv_64_dronet$async_dispatch_2_conv_32x27x27x3x3_f32,CPU_E,/root/mb_k1/gen/vmfb/dronet/spacemit_x60/RVV/dronet.q.int8/benchmarks/vmfb/module_dronet$async_dispatch_2_embedded_elf_riscv_64_benchmark.vmfb,223248,257178,257202,258120,942,33930,3194,257178,257202,258120,24,918,34872
0,dronet5_dispatch_7,7,1,1,dronet5,dronet$async_dispatch_7_embedded_elf_riscv_64_dronet$async_dispatch_7_elementwise_32x14x14_i8xf32xi8,CPU_E,/root/mb_k1/gen/vmfb/dronet/spacemit_x60/RVV/dronet.q.int8/benchmarks/vmfb/module_dronet$async_dispatch_7_embedded_elf_riscv_64_benchmark.vmfb,227890,258120,258141,258481,361,30230,302,258120,258141,258481,21,340,30591
0,mlp23_dispatch_1,1,1,1,mlp23,mlp$async_dispatch_1_embedded_elf_riscv_64_mlp$async_dispatch_1_matmul_1x32x10_i8xi8xi32,CPU_P,/root/mb_k1/gen/vmfb/mlp/spacemit_x60/RVV/mlp.q.int8/benchmarks/vmfb/module_mlp$async_dispatch_1_embedded_elf_riscv_64_benchmark.vmfb,230063,254953,254972,258793,3840,24890,66,254953,254972,258793,19,3821,28730
0,mlp22_dispatch_3,3,1,1,mlp22,mlp$async_dispatch_3_embedded_elf_riscv_64_mlp$async_dispatch_3_matmul_1x2x32_i8xi8xi32,CPU_P,/root/mb_k1/gen/vmfb/mlp/spacemit_x60/RVV/mlp.q.int8/benchmarks/vmfb/module_mlp$async_dispatch_3_embedded_elf_riscv_64_benchmark.vmfb,220194,257178,258815,258908,1730,36984,78,257178,258815,258908,1637,93,38714
0,mlp22_dispatch_4,4,1,1,mlp22,mlp$async_dispatch_4_embedded_elf_riscv_64_mlp$async_dispatch_4_elementwise_2_i8xf32,CPU_P,/root/mb_k1/gen/vmfb/mlp/spacemit_x60/RVV/mlp.q.int8/benchmarks/vmfb/module_mlp$async_dispatch_4_embedded_elf_riscv_64_benchmark.vmfb,220272,258908,258930,259016,108,38636,64,258908,258930,259016,22,86,38744
0,dronet5_dispatch_8,8,1,1,dronet5,dronet$async_dispatch_8_embedded_elf_riscv_64_dronet$async_dispatch_8_conv_64x7x7x32x3x3_i8xi8xi32,CPU_E,/root/mb_k1/gen/vmfb/dronet/spacemit_x60/RVV/dronet.q.int8/benchmarks/vmfb/module_dronet$async_dispatch_8_embedded_elf_riscv_64_benchmark.vmfb,228192,258481,258501,260852,2371,30289,7356,258481,258501,260852,20,2351,32660
0,mlp23_dispatch_2,2,1,1,mlp23,mlp$async_dispatch_2_embedded_elf_riscv_64_mlp$async_dispatch_2_matmul_1x32x32_i8xi8xi32,CPU_E,/root/mb_k1/gen/vmfb/mlp/spacemit_x60/RVV/mlp.q.int8/benchmarks/vmfb/module_mlp$async_dispatch_2_embedded_elf_riscv_64_benchmark.vmfb,230129,258793,260876,261005,2212,28664,65,258793,260876,261005,2083,129,30876
0,dronet5_dispatch_9,9,1,1,dronet5,dronet$async_dispatch_9_embedded_elf_riscv_64_dronet$async_dispatch_9_conv_64x7x7x64x3x3_i8xi8xi32,CPU_E,/root/mb_k1/gen/vmfb/dronet/spacemit_x60/RVV/dronet.q.int8/benchmarks/vmfb/module_dronet$async_dispatch_9_embedded_elf_riscv_64_benchmark.vmfb,235548,260852,261026,265503,4651,25304,13975,260852,261026,265503,174,4477,29955
0,dronet4_dispatch_13,13,1,1,dronet4,dronet$async_dispatch_13_embedded_elf_riscv_64_dronet$async_dispatch_13_conv_128x4x4x128x3x3_i8xi8xi32,CPU_P,/root/mb_k1/gen/vmfb/dronet/spacemit_x60/RVV/dronet.q.int8/benchmarks/vmfb/module_dronet$async_dispatch_13_embedded_elf_riscv_64_benchmark.vmfb,226310,256696,259034,279785,23089,30386,18327,256696,259034,279785,2338,20751,53475
0,dronet6_dispatch_3,3,1,1,dronet6,dronet$async_dispatch_3_embedded_elf_riscv_64_dronet$async_dispatch_3_elementwise_32x27x27_i8xf32xi8,CPU_P,/root/mb_k1/gen/vmfb/dronet/spacemit_x60/RVV/dronet.q.int8/benchmarks/vmfb/module_dronet$async_dispatch_3_embedded_elf_riscv_64_benchmark.vmfb,226442,259016,279820,287145,28129,32574,1024,259016,279820,287145,20804,7325,60703
0,mlp23_dispatch_3,3,1,1,mlp23,mlp$async_dispatch_3_embedded_elf_riscv_64_mlp$async_dispatch_3_matmul_1x2x32_i8xi8xi32,CPU_P,/root/mb_k1/gen/vmfb/mlp/spacemit_x60/RVV/mlp.q.int8/benchmarks/vmfb/module_mlp$async_dispatch_3_embedded_elf_riscv_64_benchmark.vmfb,230194,261005,287297,287451,26446,30811,78,261005,287297,287451,26292,154,57257
0,mlp23_dispatch_4,4,1,1,mlp23,mlp$async_dispatch_4_embedded_elf_riscv_64_mlp$async_dispatch_4_elementwise_2_i8xf32,CPU_P,/root/mb_k1/gen/vmfb/mlp/spacemit_x60/RVV/mlp.q.int8/benchmarks/vmfb/module_mlp$async_dispatch_4_embedded_elf_riscv_64_benchmark.vmfb,230272,287451,287473,287571,120,57179,64,287451,287473,287571,22,98,57299
0,dronet7_dispatch_0,0,1,1,dronet7,dronet$async_dispatch_0_embedded_elf_riscv_64_dronet$async_dispatch_0_elementwise_3x112x112_f32xi8,CPU_P,/root/mb_k1/gen/vmfb/dronet/spacemit_x60/RVV/dronet.q.int8/benchmarks/vmfb/module_dronet$async_dispatch_0_embedded_elf_riscv_64_benchmark.vmfb,233100,287571,287590,287861,290,54471,583,287571,287590,287861,19,271,54761
0,mlp24_dispatch_0,0,1,1,mlp24,mlp$async_dispatch_0_embedded_elf_riscv_64_mlp$async_dispatch_0_elementwise_10_f32xi8,CPU_P,/root/mb_k1/gen/vmfb/mlp/spacemit_x60/RVV/mlp.q.int8/benchmarks/vmfb/module_mlp$async_dispatch_0_embedded_elf_riscv_64_benchmark.vmfb,240000,240000,287883,287981,47981,0,63,240000,287883,287981,47883,98,47981
0,mlp24_dispatch_1,1,1,1,mlp24,mlp$async_dispatch_1_embedded_elf_riscv_64_mlp$async_dispatch_1_matmul_1x32x10_i8xi8xi32,CPU_P,/root/mb_k1/gen/vmfb/mlp/spacemit_x60/RVV/mlp.q.int8/benchmarks/vmfb/module_mlp$async_dispatch_1_embedded_elf_riscv_64_benchmark.vmfb,240063,287981,287999,288107,126,47918,66,287981,287999,288107,18,108,48044
0,mlp25_dispatch_0,0,1,1,mlp25,mlp$async_dispatch_0_embedded_elf_riscv_64_mlp$async_dispatch_0_elementwise_10_f32xi8,CPU_P,/root/mb_k1/gen/vmfb/mlp/spacemit_x60/RVV/mlp.q.int8/benchmarks/vmfb/module_mlp$async_dispatch_0_embedded_elf_riscv_64_benchmark.vmfb,250000,250000,288125,288203,38203,0,63,250000,288125,288203,38125,78,38203
0,mlp25_dispatch_1,1,1,1,mlp25,mlp$async_dispatch_1_embedded_elf_riscv_64_mlp$async_dispatch_1_matmul_1x32x10_i8xi8xi32,CPU_P,/root/mb_k1/gen/vmfb/mlp/spacemit_x60/RVV/mlp.q.int8/benchmarks/vmfb/module_mlp$async_dispatch_1_embedded_elf_riscv_64_benchmark.vmfb,250063,288203,288221,288314,111,38140,66,288203,288221,288314,18,93,38251
0,mlp26_dispatch_0,0,1,1,mlp26,mlp$async_dispatch_0_embedded_elf_riscv_64_mlp$async_dispatch_0_elementwise_10_f32xi8,CPU_P,/root/mb_k1/gen/vmfb/mlp/spacemit_x60/RVV/mlp.q.int8/benchmarks/vmfb/module_mlp$async_dispatch_0_embedded_elf_riscv_64_benchmark.vmfb,260000,260000,288331,288410,28410,0,63,260000,288331,288410,28331,79,28410
0,mlp26_dispatch_1,1,1,1,mlp26,mlp$async_dispatch_1_embedded_elf_riscv_64_mlp$async_dispatch_1_matmul_1x32x10_i8xi8xi32,CPU_P,/root/mb_k1/gen/vmfb/mlp/spacemit_x60/RVV/mlp.q.int8/benchmarks/vmfb/module_mlp$async_dispatch_1_embedded_elf_riscv_64_benchmark.vmfb,260063,288410,288427,288508,98,28347,66,288410,288427,288508,17,81,28445
0,mlp27_dispatch_0,0,1,1,mlp27,mlp$async_dispatch_0_embedded_elf_riscv_64_mlp$async_dispatch_0_elementwise_10_f32xi8,CPU_P,/root/mb_k1/gen/vmfb/mlp/spacemit_x60/RVV/mlp.q.int8/benchmarks/vmfb/module_mlp$async_dispatch_0_embedded_elf_riscv_64_benchmark.vmfb,270000,270000,288526,288602,18602,0,63,270000,288526,288602,18526,76,18602
0,mlp27_dispatch_1,1,1,1,mlp27,mlp$async_dispatch_1_embedded_elf_riscv_64_mlp$async_dispatch_1_matmul_1x32x10_i8xi8xi32,CPU_P,/root/mb_k1/gen/vmfb/mlp/spacemit_x60/RVV/mlp.q.int8/benchmarks/vmfb/module_mlp$async_dispatch_1_embedded_elf_riscv_64_benchmark.vmfb,270063,288602,288620,288711,109,18539,66,288602,288620,288711,18,91,18648
0,mlp28_dispatch_0,0,1,1,mlp28,mlp$async_dispatch_0_embedded_elf_riscv_64_mlp$async_dispatch_0_elementwise_10_f32xi8,CPU_P,/root/mb_k1/gen/vmfb/mlp/spacemit_x60/RVV/mlp.q.int8/benchmarks/vmfb/module_mlp$async_dispatch_0_embedded_elf_riscv_64_benchmark.vmfb,280000,280000,288728,290438,10438,0,63,280000,288728,290438,8728,1710,10438
0,mlp28_dispatch_1,1,1,1,mlp28,mlp$async_dispatch_1_embedded_elf_riscv_64_mlp$async_dispatch_1_matmul_1x32x10_i8xi8xi32,CPU_P,/root/mb_k1/gen/vmfb/mlp/spacemit_x60/RVV/mlp.q.int8/benchmarks/vmfb/module_mlp$async_dispatch_1_embedded_elf_riscv_64_benchmark.vmfb,280063,290438,290514,290620,182,10375,66,290438,290514,290620,76,106,10557
0,mlp29_dispatch_0,0,1,1,mlp29,mlp$async_dispatch_0_embedded_elf_riscv_64_mlp$async_dispatch_0_elementwise_10_f32xi8,CPU_P,/root/mb_k1/gen/vmfb/mlp/spacemit_x60/RVV/mlp.q.int8/benchmarks/vmfb/module_mlp$async_dispatch_0_embedded_elf_riscv_64_benchmark.vmfb,290000,290000,290640,290743,743,0,63,290000,290640,290743,640,103,743
0,mlp29_dispatch_1,1,1,1,mlp29,mlp$async_dispatch_1_embedded_elf_riscv_64_mlp$async_dispatch_1_matmul_1x32x10_i8xi8xi32,CPU_P,/root/mb_k1/gen/vmfb/mlp/spacemit_x60/RVV/mlp.q.int8/benchmarks/vmfb/module_mlp$async_dispatch_1_embedded_elf_riscv_64_benchmark.vmfb,290063,290743,290762,290860,117,680,66,290743,290762,290860,19,98,797
0,dronet6_dispatch_4,4,1,1,dronet6,dronet$async_dispatch_4_embedded_elf_riscv_64_dronet$async_dispatch_4_conv_32x14x14x32x3x3_i8xi8xi32,CPU_E,/root/mb_k1/gen/vmfb/dronet/spacemit_x60/RVV/dronet.q.int8/benchmarks/vmfb/module_dronet$async_dispatch_4_embedded_elf_riscv_64_benchmark.vmfb,227466,287145,287320,291349,4204,59679,14513,287145,287320,291349,175,4029,63883
0,dronet7_dispatch_1,1,1,1,dronet7,dronet$async_dispatch_1_embedded_elf_riscv_64_dronet$async_dispatch_1_conv_32x56x56x3x3x3_i8xi8xi32,CPU_E,/root/mb_k1/gen/vmfb/dronet/spacemit_x60/RVV/dronet.q.int8/benchmarks/vmfb/module_dronet$async_dispatch_1_embedded_elf_riscv_64_benchmark.vmfb,233682,287861,291380,297498,9637,54179,22767,287861,291380,297498,3519,6118,63816
0,mlp24_dispatch_2,2,1,1,mlp24,mlp$async_dispatch_2_embedded_elf_riscv_64_mlp$async_dispatch_2_matmul_1x32x32_i8xi8xi32,CPU_E,/root/mb_k1/gen/vmfb/mlp/spacemit_x60/RVV/mlp.q.int8/benchmarks/vmfb/module_mlp$async_dispatch_2_embedded_elf_riscv_64_benchmark.vmfb,240129,288107,297527,297653,9546,47978,65,288107,297527,297653,9420,126,57524
0,mlp24_dispatch_3,3,1,1,mlp24,mlp$async_dispatch_3_embedded_elf_riscv_64_mlp$async_dispatch_3_matmul_1x2x32_i8xi8xi32,CPU_P,/root/mb_k1/gen/vmfb/mlp/spacemit_x60/RVV/mlp.q.int8/benchmarks/vmfb/module_mlp$async_dispatch_3_embedded_elf_riscv_64_benchmark.vmfb,240194,297653,300003,300112,2459,57459,78,297653,300003,300112,2350,109,59918
0,mlp24_dispatch_4,4,1,1,mlp24,mlp$async_dispatch_4_embedded_elf_riscv_64_mlp$async_dispatch_4_elementwise_2_i8xf32,CPU_P,/root/mb_k1/gen/vmfb/mlp/spacemit_x60/RVV/mlp.q.int8/benchmarks/vmfb/module_mlp$async_dispatch_4_embedded_elf_riscv_64_benchmark.vmfb,240272,300112,300149,300239,127,59840,64,300112,300149,300239,37,90,59967
0,dronet4_dispatch_14,14,1,1,dronet4,dronet$async_dispatch_14_embedded_elf_riscv_64_dronet$async_dispatch_14_reduction_128x4x4x64_i8xi8xi32,CPU_P,/root/mb_k1/gen/vmfb/dronet/spacemit_x60/RVV/dronet.q.int8/benchmarks/vmfb/module_dronet$async_dispatch_14_embedded_elf_riscv_64_benchmark.vmfb,244637,300239,300259,300703,464,55602,1319,300239,300259,300703,20,444,56066
0,dronet6_dispatch_5,5,1,1,dronet6,dronet$async_dispatch_5_embedded_elf_riscv_64_dronet$async_dispatch_5_conv_32x14x14x32x3x3_i8xi8xi32,CPU_E,/root/mb_k1/gen/vmfb/dronet/spacemit_x60/RVV/dronet.q.int8/benchmarks/vmfb/module_dronet$async_dispatch_5_embedded_elf_riscv_64_benchmark.vmfb,241979,291349,297674,301945,10596,49370,15683,291349,297674,301945,6325,4271,59966
0,dronet4_dispatch_15,15,1,1,dronet4,dronet$async_dispatch_15_embedded_elf_riscv_64_dronet$async_dispatch_15_elementwise_2048_f32xi8,CPU_E,/root/mb_k1/gen/vmfb/dronet/spacemit_x60/RVV/dronet.q.int8/benchmarks/vmfb/module_dronet$async_dispatch_15_embedded_elf_riscv_64_benchmark.vmfb,245955,300703,301968,302115,1412,54748,117,300703,301968,302115,1265,147,56160
0,dronet5_dispatch_10,10,1,1,dronet5,dronet$async_dispatch_10_embedded_elf_riscv_64_dronet$async_dispatch_10_reduction_64x7x7x32_i8xi8xi32,CPU_E,/root/mb_k1/gen/vmfb/dronet/spacemit_x60/RVV/dronet.q.int8/benchmarks/vmfb/module_dronet$async_dispatch_10_embedded_elf_riscv_64_benchmark.vmfb,249522,302115,302138,302361,246,52593,415,302115,302138,302361,23,223,52839
0,mlp25_dispatch_2,2,1,1,mlp25,mlp$async_dispatch_2_embedded_elf_riscv_64_mlp$async_dispatch_2_matmul_1x32x32_i8xi8xi32,CPU_E,/root/mb_k1/gen/vmfb/mlp/spacemit_x60/RVV/mlp.q.int8/benchmarks/vmfb/module_mlp$async_dispatch_2_embedded_elf_riscv_64_benchmark.vmfb,250129,288314,302496,302604,14290,38185,65,288314,302496,302604,14182,108,52475
0,mlp30_dispatch_0,0,1,1,mlp30,mlp$async_dispatch_0_embedded_elf_riscv_64_mlp$async_dispatch_0_elementwise_10_f32xi8,CPU_P,/root/mb_k1/gen/vmfb/mlp/spacemit_x60/RVV/mlp.q.int8/benchmarks/vmfb/module_mlp$async_dispatch_0_embedded_elf_riscv_64_benchmark.vmfb,300000,300000,300723,302782,2782,0,63,300000,300723,302782,723,2059,2782
0,dronet4_dispatch_16_1,16,1,1,dronet4,dronet$async_dispatch_16_embedded_elf_riscv_64_dronet$async_dispatch_16_matmul_1x1x2048_i8xi8xi32,CPU_P,/root/mb_k1/gen/vmfb/dronet/spacemit_x60/RVV/dronet.q.int8/benchmarks/vmfb/module_dronet$async_dispatch_16_embedded_elf_riscv_64_benchmark.vmfb,246072,302115,302806,302960,845,56043,120,302115,302806,302960,691,154,56888
0,dronet4_dispatch_16_2,16,1,1,dronet4,dronet$async_dispatch_16_embedded_elf_riscv_64_dronet$async_dispatch_16_matmul_1x1x2048_i8xi8xi32,CPU_P,/root/mb_k1/gen/vmfb/dronet/spacemit_x60/RVV/dronet.q.int8/benchmarks/vmfb/module_dronet$async_dispatch_16_embedded_elf_riscv_64_benchmark.vmfb,246072,302115,302981,303127,1012,56043,120,302115,302981,303127,866,146,57055
0,dronet4_dispatch_18,18,1,1,dronet4,dronet$async_dispatch_18_embedded_elf_riscv_64_dronet$async_dispatch_18_elementwise,CPU_P,/root/mb_k1/gen/vmfb/dronet/spacemit_x60/RVV/dronet.q.int8/benchmarks/vmfb/module_dronet$async_dispatch_18_embedded_elf_riscv_64_benchmark.vmfb,246192,302960,303145,303229,269,56768,79,302960,303145,303229,185,84,57037
0,dronet4_dispatch_19,19,1,1,dronet4,dronet$async_dispatch_19_embedded_elf_riscv_64_dronet$async_dispatch_19_elementwise,CPU_P,/root/mb_k1/gen/vmfb/dronet/spacemit_x60/RVV/dronet.q.int8/benchmarks/vmfb/module_dronet$async_dispatch_19_embedded_elf_riscv_64_benchmark.vmfb,246192,303127,303247,303329,202,56935,63,303127,303247,303329,120,82,57137
0,dronet7_dispatch_2,2,1,1,dronet7,dronet$async_dispatch_2_embedded_elf_riscv_64_dronet$async_dispatch_2_conv_32x27x27x3x3_f32,CPU_E,/root/mb_k1/gen/vmfb/dronet/spacemit_x60/RVV/dronet.q.int8/benchmarks/vmfb/module_dronet$async_dispatch_2_embedded_elf_riscv_64_benchmark.vmfb,256449,302604,302625,303539,935,46155,3194,302604,302625,303539,21,914,47090
0,dronet5_dispatch_11,11,1,1,dronet5,dronet$async_dispatch_11_embedded_elf_riscv_64_dronet$async_dispatch_11_elementwise_64x7x7_i8xf32xi8,CPU_P,/root/mb_k1/gen/vmfb/dronet/spacemit_x60/RVV/dronet.q.int8/benchmarks/vmfb/module_dronet$async_dispatch_11_embedded_elf_riscv_64_benchmark.vmfb,249937,303229,303345,303584,355,53292,206,303229,303345,303584,116,239,53647
0,mlp25_dispatch_3,3,1,1,mlp25,mlp$async_dispatch_3_embedded_elf_riscv_64_mlp$async_dispatch_3_matmul_1x2x32_i8xi8xi32,CPU_P,/root/mb_k1/gen/vmfb/mlp/spacemit_x60/RVV/mlp.q.int8/benchmarks/vmfb/module_mlp$async_dispatch_3_embedded_elf_riscv_64_benchmark.vmfb,250194,302604,303599,303687,1083,52410,78,302604,303599,303687,995,88,53493
0,dronet6_dispatch_6,6,1,1,dronet6,dronet$async_dispatch_6_embedded_elf_riscv_64_dronet$async_dispatch_6_reduction_32x14x14x32_i8xi8xi32,CPU_E,/root/mb_k1/gen/vmfb/dronet/spacemit_x60/RVV/dronet.q.int8/benchmarks/vmfb/module_dronet$async_dispatch_6_embedded_elf_riscv_64_benchmark.vmfb,257662,301945,303561,304592,2647,44283,3528,301945,303561,304592,1616,1031,46930
0,mlp25_dispatch_4,4,1,1,mlp25,mlp$async_dispatch_4_embedded_elf_riscv_64_mlp$async_dispatch_4_elementwise_2_i8xf32,CPU_P,/root/mb_k1/gen/vmfb/mlp/spacemit_x60/RVV/mlp.q.int8/benchmarks/vmfb/module_mlp$async_dispatch_4_embedded_elf_riscv_64_benchmark.vmfb,250272,303687,303707,306767,3080,53415,64,303687,303707,306767,20,3060,56495
0,dronet7_dispatch_3,3,1,1,dronet7,dronet$async_dispatch_3_embedded_elf_riscv_64_dronet$async_dispatch_3_elementwise_32x27x27_i8xf32xi8,CPU_P,/root/mb_k1/gen/vmfb/dronet/spacemit_x60/RVV/dronet.q.int8/benchmarks/vmfb/module_dronet$async_dispatch_3_embedded_elf_riscv_64_benchmark.vmfb,259643,303584,306786,307228,3644,43941,1024,303584,306786,307228,3202,442,47585
0,dronet5_dispatch_12,12,1,1,dronet5,dronet$async_dispatch_12_embedded_elf_riscv_64_dronet$async_dispatch_12_conv_128x4x4x64x3x3_i8xi8xi32,CPU_E,/root/mb_k1/gen/vmfb/dronet/spacemit_x60/RVV/dronet.q.int8/benchmarks/vmfb/module_dronet$async_dispatch_12_embedded_elf_riscv_64_benchmark.vmfb,250143,303584,304614,307254,3670,53441,9567,303584,304614,307254,1030,2640,57111
0,mlp30_dispatch_1,1,1,1,mlp30,mlp$async_dispatch_1_embedded_elf_riscv_64_mlp$async_dispatch_1_matmul_1x32x10_i8xi8xi32,CPU_P,/root/mb_k1/gen/vmfb/mlp/spacemit_x60/RVV/mlp.q.int8/benchmarks/vmfb/module_mlp$async_dispatch_1_embedded_elf_riscv_64_benchmark.vmfb,300063,302782,307351,307460,4678,2719,66,302782,307351,307460,4569,109,7397
0,mlp31_dispatch_0,0,1,1,mlp31,mlp$async_dispatch_0_embedded_elf_riscv_64_mlp$async_dispatch_0_elementwise_10_f32xi8,CPU_P,/root/mb_k1/gen/vmfb/mlp/spacemit_x60/RVV/mlp.q.int8/benchmarks/vmfb/module_mlp$async_dispatch_0_embedded_elf_riscv_64_benchmark.vmfb,310000,310000,310001,310101,101,0,63,310000,310001,310101,1,100,101
0,mlp31_dispatch_1,1,1,1,mlp31,mlp$async_dispatch_1_embedded_elf_riscv_64_mlp$async_dispatch_1_matmul_1x32x10_i8xi8xi32,CPU_P,/root/mb_k1/gen/vmfb/mlp/spacemit_x60/RVV/mlp.q.int8/benchmarks/vmfb/module_mlp$async_dispatch_1_embedded_elf_riscv_64_benchmark.vmfb,310063,310101,310133,310230,129,38,66,310101,310133,310230,32,97,167
0,dronet5_dispatch_13,13,1,1,dronet5,dronet$async_dispatch_13_embedded_elf_riscv_64_dronet$async_dispatch_13_conv_128x4x4x128x3x3_i8xi8xi32,CPU_E,/root/mb_k1/gen/vmfb/dronet/spacemit_x60/RVV/dronet.q.int8/benchmarks/vmfb/module_dronet$async_dispatch_13_embedded_elf_riscv_64_benchmark.vmfb,259710,307254,307365,312218,4964,47544,18288,307254,307365,312218,111,4853,52508
0,mlp26_dispatch_2,2,1,1,mlp26,mlp$async_dispatch_2_embedded_elf_riscv_64_mlp$async_dispatch_2_matmul_1x32x32_i8xi8xi32,CPU_E,/root/mb_k1/gen/vmfb/mlp/spacemit_x60/RVV/mlp.q.int8/benchmarks/vmfb/module_mlp$async_dispatch_2_embedded_elf_riscv_64_benchmark.vmfb,260129,288508,312243,312334,23826,28379,65,288508,312243,312334,23735,91,52205
0,mlp26_dispatch_3,3,1,1,mlp26,mlp$async_dispatch_3_embedded_elf_riscv_64_mlp$async_dispatch_3_matmul_1x2x32_i8xi8xi32,CPU_P,/root/mb_k1/gen/vmfb/mlp/spacemit_x60/RVV/mlp.q.int8/benchmarks/vmfb/module_mlp$async_dispatch_3_embedded_elf_riscv_64_benchmark.vmfb,260194,312334,312374,312480,146,52140,78,312334,312374,312480,40,106,52286
0,mlp26_dispatch_4,4,1,1,mlp26,mlp$async_dispatch_4_embedded_elf_riscv_64_mlp$async_dispatch_4_elementwise_2_i8xf32,CPU_P,/root/mb_k1/gen/vmfb/mlp/spacemit_x60/RVV/mlp.q.int8/benchmarks/vmfb/module_mlp$async_dispatch_4_embedded_elf_riscv_64_benchmark.vmfb,260272,312480,312502,312591,111,52208,64,312480,312502,312591,22,89,52319
0,dronet8_dispatch_0,0,1,1,dronet8,dronet$async_dispatch_0_embedded_elf_riscv_64_dronet$async_dispatch_0_elementwise_3x112x112_f32xi8,CPU_P,/root/mb_k1/gen/vmfb/dronet/spacemit_x60/RVV/dronet.q.int8/benchmarks/vmfb/module_dronet$async_dispatch_0_embedded_elf_riscv_64_benchmark.vmfb,266400,312591,312611,312877,286,46191,583,312591,312611,312877,20,266,46477
0,dronet7_dispatch_4,4,1,1,dronet7,dronet$async_dispatch_4_embedded_elf_riscv_64_dronet$async_dispatch_4_conv_32x14x14x32x3x3_i8xi8xi32,CPU_E,/root/mb_k1/gen/vmfb/dronet/spacemit_x60/RVV/dronet.q.int8/benchmarks/vmfb/module_dronet$async_dispatch_4_embedded_elf_riscv_64_benchmark.vmfb,260667,307254,312359,316313,9059,46587,14513,307254,312359,316313,5105,3954,55646
0,dronet6_dispatch_7,7,1,1,dronet6,dronet$async_dispatch_7_embedded_elf_riscv_64_dronet$async_dispatch_7_elementwise_32x14x14_i8xf32xi8,CPU_E,/root/mb_k1/gen/vmfb/dronet/spacemit_x60/RVV/dronet.q.int8/benchmarks/vmfb/module_dronet$async_dispatch_7_embedded_elf_riscv_64_benchmark.vmfb,261190,312334,316340,316686,4352,51144,302,312334,316340,316686,4006,346,55496
0,dronet6_dispatch_8,8,1,1,dronet6,dronet$async_dispatch_8_embedded_elf_riscv_64_dronet$async_dispatch_8_conv_64x7x7x32x3x3_i8xi8xi32,CPU_E,/root/mb_k1/gen/vmfb/dronet/spacemit_x60/RVV/dronet.q.int8/benchmarks/vmfb/module_dronet$async_dispatch_8_embedded_elf_riscv_64_benchmark.vmfb,261492,316686,316706,319052,2366,55194,7356,316686,316706,319052,20,2346,57560
0,dronet6_dispatch_9,9,1,1,dronet6,dronet$async_dispatch_9_embedded_elf_riscv_64_dronet$async_dispatch_9_conv_64x7x7x64x3x3_i8xi8xi32,CPU_E,/root/mb_k1/gen/vmfb/dronet/spacemit_x60/RVV/dronet.q.int8/benchmarks/vmfb/module_dronet$async_dispatch_9_embedded_elf_riscv_64_benchmark.vmfb,268848,319052,319174,323688,4636,50204,13975,319052,319174,323688,122,4514,54840
0,mlp27_dispatch_2,2,1,1,mlp27,mlp$async_dispatch_2_embedded_elf_riscv_64_mlp$async_dispatch_2_matmul_1x32x32_i8xi8xi32,CPU_E,/root/mb_k1/gen/vmfb/mlp/spacemit_x60/RVV/mlp.q.int8/benchmarks/vmfb/module_mlp$async_dispatch_2_embedded_elf_riscv_64_benchmark.vmfb,270129,288711,323710,323812,35101,18582,65,288711,323710,323812,34999,102,53683
0,dronet7_dispatch_5,5,1,1,dronet7,dronet$async_dispatch_5_embedded_elf_riscv_64_dronet$async_dispatch_5_conv_32x14x14x32x3x3_i8xi8xi32,CPU_E,/root/mb_k1/gen/vmfb/dronet/spacemit_x60/RVV/dronet.q.int8/benchmarks/vmfb/module_dronet$async_dispatch_5_embedded_elf_riscv_64_benchmark.vmfb,275179,316313,323831,328099,11786,41134,15683,316313,323831,328099,7518,4268,52920
0,mlp28_dispatch_2,2,1,1,mlp28,mlp$async_dispatch_2_embedded_elf_riscv_64_mlp$async_dispatch_2_matmul_1x32x32_i8xi8xi32,CPU_E,/root/mb_k1/gen/vmfb/mlp/spacemit_x60/RVV/mlp.q.int8/benchmarks/vmfb/module_mlp$async_dispatch_2_embedded_elf_riscv_64_benchmark.vmfb,280129,290620,328119,328224,37604,10491,65,290620,328119,328224,37499,105,48095
0,dronet6_dispatch_10,10,1,1,dronet6,dronet$async_dispatch_10_embedded_elf_riscv_64_dronet$async_dispatch_10_reduction_64x7x7x32_i8xi8xi32,CPU_E,/root/mb_k1/gen/vmfb/dronet/spacemit_x60/RVV/dronet.q.int8/benchmarks/vmfb/module_dronet$async_dispatch_10_embedded_elf_riscv_64_benchmark.vmfb,282823,328224,328244,328466,242,45401,415,328224,328244,328466,20,222,45643
0,mlp29_dispatch_2,2,1,1,mlp29,mlp$async_dispatch_2_embedded_elf_riscv_64_mlp$async_dispatch_2_matmul_1x32x32_i8xi8xi32,CPU_E,/root/mb_k1/gen/vmfb/mlp/spacemit_x60/RVV/mlp.q.int8/benchmarks/vmfb/module_mlp$async_dispatch_2_embedded_elf_riscv_64_benchmark.vmfb,290129,290860,328485,328579,37719,731,65,290860,328485,328579,37625,94,38450
0,dronet7_dispatch_6,6,1,1,dronet7,dronet$async_dispatch_6_embedded_elf_riscv_64_dronet$async_dispatch_6_reduction_32x14x14x32_i8xi8xi32,CPU_E,/root/mb_k1/gen/vmfb/dronet/spacemit_x60/RVV/dronet.q.int8/benchmarks/vmfb/module_dronet$async_dispatch_6_embedded_elf_riscv_64_benchmark.vmfb,290862,328579,328598,329626,1047,37717,3528,328579,328598,329626,19,1028,38764
0,dronet7_dispatch_7,7,1,1,dronet7,dronet$async_dispatch_7_embedded_elf_riscv_64_dronet$async_dispatch_7_elementwise_32x14x14_i8xf32xi8,CPU_E,/root/mb_k1/gen/vmfb/dronet/spacemit_x60/RVV/dronet.q.int8/benchmarks/vmfb/module_dronet$async_dispatch_7_embedded_elf_riscv_64_benchmark.vmfb,294391,329626,329647,329985,359,35235,302,329626,329647,329985,21,338,35594
0,dronet7_dispatch_8,8,1,1,dronet7,dronet$async_dispatch_8_embedded_elf_riscv_64_dronet$async_dispatch_8_conv_64x7x7x32x3x3_i8xi8xi32,CPU_E,/root/mb_k1/gen/vmfb/dronet/spacemit_x60/RVV/dronet.q.int8/benchmarks/vmfb/module_dronet$async_dispatch_8_embedded_elf_riscv_64_benchmark.vmfb,294693,329985,330003,332350,2365,35292,7356,329985,330003,332350,18,2347,37657
0,mlp30_dispatch_2,2,1,1,mlp30,mlp$async_dispatch_2_embedded_elf_riscv_64_mlp$async_dispatch_2_matmul_1x32x32_i8xi8xi32,CPU_E,/root/mb_k1/gen/vmfb/mlp/spacemit_x60/RVV/mlp.q.int8/benchmarks/vmfb/module_mlp$async_dispatch_2_embedded_elf_riscv_64_benchmark.vmfb,300129,307460,332370,332469,25009,7331,65,307460,332370,332469,24910,99,32340
0,dronet7_dispatch_9,9,1,1,dronet7,dronet$async_dispatch_9_embedded_elf_riscv_64_dronet$async_dispatch_9_conv_64x7x7x64x3x3_i8xi8xi32,CPU_E,/root/mb_k1/gen/vmfb/dronet/spacemit_x60/RVV/dronet.q.int8/benchmarks/vmfb/module_dronet$async_dispatch_9_embedded_elf_riscv_64_benchmark.vmfb,302049,332350,332489,336746,4396,30301,13975,332350,332489,336746,139,4257,34697
0,mlp31_dispatch_2,2,1,1,mlp31,mlp$async_dispatch_2_embedded_elf_riscv_64_mlp$async_dispatch_2_matmul_1x32x32_i8xi8xi32,CPU_E,/root/mb_k1/gen/vmfb/mlp/spacemit_x60/RVV/mlp.q.int8/benchmarks/vmfb/module_mlp$async_dispatch_2_embedded_elf_riscv_64_benchmark.vmfb,310129,310230,336864,336975,26745,101,65,310230,336864,336975,26634,111,26846
0,dronet8_dispatch_1,1,1,1,dronet8,dronet$async_dispatch_1_embedded_elf_riscv_64_dronet$async_dispatch_1_conv_32x56x56x3x3x3_i8xi8xi32,CPU_P,/root/mb_k1/gen/vmfb/dronet/spacemit_x60/RVV/dronet.q.int8/benchmarks/vmfb/module_dronet$async_dispatch_1_embedded_elf_riscv_64_benchmark.vmfb,266982,312877,312897,345355,32478,45895,22866,312877,312897,345355,20,32458,78373
0,mlp27_dispatch_3,3,1,1,mlp27,mlp$async_dispatch_3_embedded_elf_riscv_64_mlp$async_dispatch_3_matmul_1x2x32_i8xi8xi32,CPU_P,/root/mb_k1/gen/vmfb/mlp/spacemit_x60/RVV/mlp.q.int8/benchmarks/vmfb/module_mlp$async_dispatch_3_embedded_elf_riscv_64_benchmark.vmfb,270194,323812,345386,345506,21694,53618,78,323812,345386,345506,21574,120,75312
0,mlp27_dispatch_4,4,1,1,mlp27,mlp$async_dispatch_4_embedded_elf_riscv_64_mlp$async_dispatch_4_elementwise_2_i8xf32,CPU_P,/root/mb_k1/gen/vmfb/mlp/spacemit_x60/RVV/mlp.q.int8/benchmarks/vmfb/module_mlp$async_dispatch_4_embedded_elf_riscv_64_benchmark.vmfb,270272,345506,345528,345619,113,75234,64,345506,345528,345619,22,91,75347
0,dronet5_dispatch_14,14,1,1,dronet5,dronet$async_dispatch_14_embedded_elf_riscv_64_dronet$async_dispatch_14_reduction_128x4x4x64_i8xi8xi32,CPU_P,/root/mb_k1/gen/vmfb/dronet/spacemit_x60/RVV/dronet.q.int8/benchmarks/vmfb/module_dronet$async_dispatch_14_embedded_elf_riscv_64_benchmark.vmfb,277998,345619,345630,346073,454,67621,1319,345619,345630,346073,11,443,68075
0,dronet8_dispatch_2,2,1,1,dronet8,dronet$async_dispatch_2_embedded_elf_riscv_64_dronet$async_dispatch_2_conv_32x27x27x3x3_f32,CPU_E,/root/mb_k1/gen/vmfb/dronet/spacemit_x60/RVV/dronet.q.int8/benchmarks/vmfb/module_dronet$async_dispatch_2_embedded_elf_riscv_64_benchmark.vmfb,289848,345355,345407,346332,977,55507,3194,345355,345407,346332,52,925,56484
0,dronet5_dispatch_15,15,1,1,dronet5,dronet$async_dispatch_15_embedded_elf_riscv_64_dronet$async_dispatch_15_elementwise_2048_f32xi8,CPU_E,/root/mb_k1/gen/vmfb/dronet/spacemit_x60/RVV/dronet.q.int8/benchmarks/vmfb/module_dronet$async_dispatch_15_embedded_elf_riscv_64_benchmark.vmfb,279316,346073,346356,346498,425,66757,117,346073,346356,346498,283,142,67182
0,mlp28_dispatch_3,3,1,1,mlp28,mlp$async_dispatch_3_embedded_elf_riscv_64_mlp$async_dispatch_3_matmul_1x2x32_i8xi8xi32,CPU_P,/root/mb_k1/gen/vmfb/mlp/spacemit_x60/RVV/mlp.q.int8/benchmarks/vmfb/module_mlp$async_dispatch_3_embedded_elf_riscv_64_benchmark.vmfb,280194,328224,346088,350766,22542,48030,78,328224,346088,350766,17864,4678,70572
0,dronet5_dispatch_16_1,16,1,1,dronet5,dronet$async_dispatch_16_embedded_elf_riscv_64_dronet$async_dispatch_16_matmul_1x1x2048_i8xi8xi32,CPU_P,/root/mb_k1/gen/vmfb/dronet/spacemit_x60/RVV/dronet.q.int8/benchmarks/vmfb/module_dronet$async_dispatch_16_embedded_elf_riscv_64_benchmark.vmfb,279433,346498,350795,350949,4451,67065,120,346498,350795,350949,4297,154,71516
0,dronet5_dispatch_16_2,16,1,1,dronet5,dronet$async_dispatch_16_embedded_elf_riscv_64_dronet$async_dispatch_16_matmul_1x1x2048_i8xi8xi32,CPU_P,/root/mb_k1/gen/vmfb/dronet/spacemit_x60/RVV/dronet.q.int8/benchmarks/vmfb/module_dronet$async_dispatch_16_embedded_elf_riscv_64_benchmark.vmfb,279433,346498,350977,351120,4622,67065,120,346498,350977,351120,4479,143,71687
0,dronet5_dispatch_18,18,1,1,dronet5,dronet$async_dispatch_18_embedded_elf_riscv_64_dronet$async_dispatch_18_elementwise,CPU_P,/root/mb_k1/gen/vmfb/dronet/spacemit_x60/RVV/dronet.q.int8/benchmarks/vmfb/module_dronet$async_dispatch_18_embedded_elf_riscv_64_benchmark.vmfb,279553,350949,351144,351230,281,71396,79,350949,351144,351230,195,86,71677
0,dronet5_dispatch_19,19,1,1,dronet5,dronet$async_dispatch_19_embedded_elf_riscv_64_dronet$async_dispatch_19_elementwise,CPU_P,/root/mb_k1/gen/vmfb/dronet/spacemit_x60/RVV/dronet.q.int8/benchmarks/vmfb/module_dronet$async_dispatch_19_embedded_elf_riscv_64_benchmark.vmfb,279553,351120,351255,351338,218,71567,63,351120,351255,351338,135,83,71785
0,mlp28_dispatch_4,4,1,1,mlp28,mlp$async_dispatch_4_embedded_elf_riscv_64_mlp$async_dispatch_4_elementwise_2_i8xf32,CPU_P,/root/mb_k1/gen/vmfb/mlp/spacemit_x60/RVV/mlp.q.int8/benchmarks/vmfb/module_mlp$async_dispatch_4_embedded_elf_riscv_64_benchmark.vmfb,280272,350766,351445,351525,759,70494,64,350766,351445,351525,679,80,71253
0,dronet6_dispatch_11,11,1,1,dronet6,dronet$async_dispatch_11_embedded_elf_riscv_64_dronet$async_dispatch_11_elementwise_64x7x7_i8xf32xi8,CPU_P,/root/mb_k1/gen/vmfb/dronet/spacemit_x60/RVV/dronet.q.int8/benchmarks/vmfb/module_dronet$async_dispatch_11_embedded_elf_riscv_64_benchmark.vmfb,283238,351525,351550,351783,258,68287,206,351525,351550,351783,25,233,68545
0,mlp29_dispatch_3,3,1,1,mlp29,mlp$async_dispatch_3_embedded_elf_riscv_64_mlp$async_dispatch_3_matmul_1x2x32_i8xi8xi32,CPU_P,/root/mb_k1/gen/vmfb/mlp/spacemit_x60/RVV/mlp.q.int8/benchmarks/vmfb/module_mlp$async_dispatch_3_embedded_elf_riscv_64_benchmark.vmfb,290194,328579,351809,351892,23313,38385,78,328579,351809,351892,23230,83,61698
0,mlp29_dispatch_4,4,1,1,mlp29,mlp$async_dispatch_4_embedded_elf_riscv_64_mlp$async_dispatch_4_elementwise_2_i8xf32,CPU_P,/root/mb_k1/gen/vmfb/mlp/spacemit_x60/RVV/mlp.q.int8/benchmarks/vmfb/module_mlp$async_dispatch_4_embedded_elf_riscv_64_benchmark.vmfb,290272,351892,351912,351997,105,61620,64,351892,351912,351997,20,85,61725
0,dronet8_dispatch_3,3,1,1,dronet8,dronet$async_dispatch_3_embedded_elf_riscv_64_dronet$async_dispatch_3_elementwise_32x27x27_i8xf32xi8,CPU_P,/root/mb_k1/gen/vmfb/dronet/spacemit_x60/RVV/dronet.q.int8/benchmarks/vmfb/module_dronet$async_dispatch_3_embedded_elf_riscv_64_benchmark.vmfb,293042,351997,352015,352474,477,58955,1024,351997,352015,352474,18,459,59432
0,dronet9_dispatch_0,0,1,1,dronet9,dronet$async_dispatch_0_embedded_elf_riscv_64_dronet$async_dispatch_0_elementwise_3x112x112_f32xi8,CPU_P,/root/mb_k1/gen/vmfb/dronet/spacemit_x60/RVV/dronet.q.int8/benchmarks/vmfb/module_dronet$async_dispatch_0_embedded_elf_riscv_64_benchmark.vmfb,299700,351230,352493,352765,1535,51530,583,351230,352493,352765,1263,272,53065
0,dronet6_dispatch_12,12,1,1,dronet6,dronet$async_dispatch_12_embedded_elf_riscv_64_dronet$async_dispatch_12_conv_128x4x4x64x3x3_i8xi8xi32,CPU_E,/root/mb_k1/gen/vmfb/dronet/spacemit_x60/RVV/dronet.q.int8/benchmarks/vmfb/module_dronet$async_dispatch_12_embedded_elf_riscv_64_benchmark.vmfb,283444,351783,351815,354447,2664,68339,9567,351783,351815,354447,32,2632,71003
0,mlp30_dispatch_3,3,1,1,mlp30,mlp$async_dispatch_3_embedded_elf_riscv_64_mlp$async_dispatch_3_matmul_1x2x32_i8xi8xi32,CPU_P,/root/mb_k1/gen/vmfb/mlp/spacemit_x60/RVV/mlp.q.int8/benchmarks/vmfb/module_mlp$async_dispatch_3_embedded_elf_riscv_64_benchmark.vmfb,300194,332469,352786,354780,22311,32275,78,332469,352786,354780,20317,1994,54586
0,mlp30_dispatch_4,4,1,1,mlp30,mlp$async_dispatch_4_embedded_elf_riscv_64_mlp$async_dispatch_4_elementwise_2_i8xf32,CPU_P,/root/mb_k1/gen/vmfb/mlp/spacemit_x60/RVV/mlp.q.int8/benchmarks/vmfb/module_mlp$async_dispatch_4_embedded_elf_riscv_64_benchmark.vmfb,300272,354780,354802,354886,106,54508,64,354780,354802,354886,22,84,54614
0,dronet6_dispatch_13,13,1,1,dronet6,dronet$async_dispatch_13_embedded_elf_riscv_64_dronet$async_dispatch_13_conv_128x4x4x128x3x3_i8xi8xi32,CPU_E,/root/mb_k1/gen/vmfb/dronet/spacemit_x60/RVV/dronet.q.int8/benchmarks/vmfb/module_dronet$async_dispatch_13_embedded_elf_riscv_64_benchmark.vmfb,293042,354447,354471,359352,4905,61405,18288,354447,354471,359352,24,4881,66310
0,dronet8_dispatch_4,4,1,1,dronet8,dronet$async_dispatch_4_embedded_elf_riscv_64_dronet$async_dispatch_4_conv_32x14x14x32x3x3_i8xi8xi32,CPU_E,/root/mb_k1/gen/vmfb/dronet/spacemit_x60/RVV/dronet.q.int8/benchmarks/vmfb/module_dronet$async_dispatch_4_embedded_elf_riscv_64_benchmark.vmfb,294066,354447,359373,363338,8891,60381,14513,354447,359373,363338,4926,3965,69272
0,dronet8_dispatch_5,5,1,1,dronet8,dronet$async_dispatch_5_embedded_elf_riscv_64_dronet$async_dispatch_5_conv_32x14x14x32x3x3_i8xi8xi32,CPU_E,/root/mb_k1/gen/vmfb/dronet/spacemit_x60/RVV/dronet.q.int8/benchmarks/vmfb/module_dronet$async_dispatch_5_embedded_elf_riscv_64_benchmark.vmfb,308579,363338,363439,368046,4708,54759,15683,363338,363439,368046,101,4607,59467
0,dronet8_dispatch_6,6,1,1,dronet8,dronet$async_dispatch_6_embedded_elf_riscv_64_dronet$async_dispatch_6_reduction_32x14x14x32_i8xi8xi32,CPU_E,/root/mb_k1/gen/vmfb/dronet/spacemit_x60/RVV/dronet.q.int8/benchmarks/vmfb/module_dronet$async_dispatch_6_embedded_elf_riscv_64_benchmark.vmfb,324262,368046,368073,369133,1087,43784,3528,368046,368073,369133,27,1060,44871
0,dronet9_dispatch_1,1,1,1,dronet9,dronet$async_dispatch_1_embedded_elf_riscv_64_dronet$async_dispatch_1_conv_32x56x56x3x3x3_i8xi8xi32,CPU_P,/root/mb_k1/gen/vmfb/dronet/spacemit_x60/RVV/dronet.q.int8/benchmarks/vmfb/module_dronet$async_dispatch_1_embedded_elf_riscv_64_benchmark.vmfb,300282,352765,354905,375458,22693,52483,22866,352765,354905,375458,2140,20553,75176
0,dronet9_dispatch_2,2,1,1,dronet9,dronet$async_dispatch_2_embedded_elf_riscv_64_dronet$async_dispatch_2_conv_32x27x27x3x3_f32,CPU_E,/root/mb_k1/gen/vmfb/dronet/spacemit_x60/RVV/dronet.q.int8/benchmarks/vmfb/module_dronet$async_dispatch_2_embedded_elf_riscv_64_benchmark.vmfb,323148,375458,375510,376434,976,52310,3194,375458,375510,376434,52,924,53286
0,mlp31_dispatch_3,3,1,1,mlp31,mlp$async_dispatch_3_embedded_elf_riscv_64_mlp$async_dispatch_3_matmul_1x2x32_i8xi8xi32,CPU_P,/root/mb_k1/gen/vmfb/mlp/spacemit_x60/RVV/mlp.q.int8/benchmarks/vmfb/module_mlp$async_dispatch_3_embedded_elf_riscv_64_benchmark.vmfb,310194,336975,375487,378775,41800,26781,78,336975,375487,378775,38512,3288,68581
0,mlp31_dispatch_4,4,1,1,mlp31,mlp$async_dispatch_4_embedded_elf_riscv_64_mlp$async_dispatch_4_elementwise_2_i8xf32,CPU_P,/root/mb_k1/gen/vmfb/mlp/spacemit_x60/RVV/mlp.q.int8/benchmarks/vmfb/module_mlp$async_dispatch_4_embedded_elf_riscv_64_benchmark.vmfb,310272,378775,378801,378896,121,68503,64,378775,378801,378896,26,95,68624
0,dronet6_dispatch_14,14,1,1,dronet6,dronet$async_dispatch_14_embedded_elf_riscv_64_dronet$async_dispatch_14_reduction_128x4x4x64_i8xi8xi32,CPU_P,/root/mb_k1/gen/vmfb/dronet/spacemit_x60/RVV/dronet.q.int8/benchmarks/vmfb/module_dronet$async_dispatch_14_embedded_elf_riscv_64_benchmark.vmfb,311330,378896,378917,379359,463,67566,1319,378896,378917,379359,21,442,68029
0,dronet6_dispatch_15,15,1,1,dronet6,dronet$async_dispatch_15_embedded_elf_riscv_64_dronet$async_dispatch_15_elementwise_2048_f32xi8,CPU_E,/root/mb_k1/gen/vmfb/dronet/spacemit_x60/RVV/dronet.q.int8/benchmarks/vmfb/module_dronet$async_dispatch_15_embedded_elf_riscv_64_benchmark.vmfb,312648,379359,379400,379551,192,66711,117,379359,379400,379551,41,151,66903
0,dronet6_dispatch_16_1,16,1,1,dronet6,dronet$async_dispatch_16_embedded_elf_riscv_64_dronet$async_dispatch_16_matmul_1x1x2048_i8xi8xi32,CPU_P,/root/mb_k1/gen/vmfb/dronet/spacemit_x60/RVV/dronet.q.int8/benchmarks/vmfb/module_dronet$async_dispatch_16_embedded_elf_riscv_64_benchmark.vmfb,312766,379551,379589,379751,200,66785,120,379551,379589,379751,38,162,66985
0,dronet7_dispatch_10,10,1,1,dronet7,dronet$async_dispatch_10_embedded_elf_riscv_64_dronet$async_dispatch_10_reduction_64x7x7x32_i8xi8xi32,CPU_E,/root/mb_k1/gen/vmfb/dronet/spacemit_x60/RVV/dronet.q.int8/benchmarks/vmfb/module_dronet$async_dispatch_10_embedded_elf_riscv_64_benchmark.vmfb,316023,379551,379578,379821,270,63528,415,379551,379578,379821,27,243,63798
0,dronet6_dispatch_16_2,16,1,1,dronet6,dronet$async_dispatch_16_embedded_elf_riscv_64_dronet$async_dispatch_16_matmul_1x1x2048_i8xi8xi32,CPU_P,/root/mb_k1/gen/vmfb/dronet/spacemit_x60/RVV/dronet.q.int8/benchmarks/vmfb/module_dronet$async_dispatch_16_embedded_elf_riscv_64_benchmark.vmfb,312766,379551,379774,379923,372,66785,120,379551,379774,379923,223,149,67157
0,dronet6_dispatch_18,18,1,1,dronet6,dronet$async_dispatch_18_embedded_elf_riscv_64_dronet$async_dispatch_18_elementwise,CPU_P,/root/mb_k1/gen/vmfb/dronet/spacemit_x60/RVV/dronet.q.int8/benchmarks/vmfb/module_dronet$async_dispatch_18_embedded_elf_riscv_64_benchmark.vmfb,312886,379751,379946,380580,829,66865,79,379751,379946,380580,195,634,67694
0,dronet6_dispatch_19,19,1,1,dronet6,dronet$async_dispatch_19_embedded_elf_riscv_64_dronet$async_dispatch_19_elementwise,CPU_P,/root/mb_k1/gen/vmfb/dronet/spacemit_x60/RVV/dronet.q.int8/benchmarks/vmfb/module_dronet$async_dispatch_19_embedded_elf_riscv_64_benchmark.vmfb,312886,379923,380721,380824,901,67037,63,379923,380721,380824,798,103,67938
0,dronet7_dispatch_11,11,1,1,dronet7,dronet$async_dispatch_11_embedded_elf_riscv_64_dronet$async_dispatch_11_elementwise_64x7x7_i8xf32xi8,CPU_P,/root/mb_k1/gen/vmfb/dronet/spacemit_x60/RVV/dronet.q.int8/benchmarks/vmfb/module_dronet$async_dispatch_11_embedded_elf_riscv_64_benchmark.vmfb,316438,380824,380846,381079,255,64386,206,380824,380846,381079,22,233,64641
0,dronet9_dispatch_3,3,1,1,dronet9,dronet$async_dispatch_3_embedded_elf_riscv_64_dronet$async_dispatch_3_elementwise_32x27x27_i8xf32xi8,CPU_P,/root/mb_k1/gen/vmfb/dronet/spacemit_x60/RVV/dronet.q.int8/benchmarks/vmfb/module_dronet$async_dispatch_3_embedded_elf_riscv_64_benchmark.vmfb,326343,381079,381100,383131,2052,54736,1024,381079,381100,383131,21,2031,56788
0,dronet7_dispatch_12,12,1,1,dronet7,dronet$async_dispatch_12_embedded_elf_riscv_64_dronet$async_dispatch_12_conv_128x4x4x64x3x3_i8xi8xi32,CPU_E,/root/mb_k1/gen/vmfb/dronet/spacemit_x60/RVV/dronet.q.int8/benchmarks/vmfb/module_dronet$async_dispatch_12_embedded_elf_riscv_64_benchmark.vmfb,316644,381079,381123,383781,2702,64435,9567,381079,381123,383781,44,2658,67137
0,dronet7_dispatch_13,13,1,1,dronet7,dronet$async_dispatch_13_embedded_elf_riscv_64_dronet$async_dispatch_13_conv_128x4x4x128x3x3_i8xi8xi32,CPU_E,/root/mb_k1/gen/vmfb/dronet/spacemit_x60/RVV/dronet.q.int8/benchmarks/vmfb/module_dronet$async_dispatch_13_embedded_elf_riscv_64_benchmark.vmfb,326211,383781,383823,388685,4904,57570,18288,383781,383823,388685,42,4862,62474
0,dronet7_dispatch_14,14,1,1,dronet7,dronet$async_dispatch_14_embedded_elf_riscv_64_dronet$async_dispatch_14_reduction_128x4x4x64_i8xi8xi32,CPU_P,/root/mb_k1/gen/vmfb/dronet/spacemit_x60/RVV/dronet.q.int8/benchmarks/vmfb/module_dronet$async_dispatch_14_embedded_elf_riscv_64_benchmark.vmfb,344498,388685,388744,390904,2219,44187,1319,388685,388744,390904,59,2160,46406
0,dronet9_dispatch_4,4,1,1,dronet9,dronet$async_dispatch_4_embedded_elf_riscv_64_dronet$async_dispatch_4_conv_32x14x14x32x3x3_i8xi8xi32,CPU_E,/root/mb_k1/gen/vmfb/dronet/spacemit_x60/RVV/dronet.q.int8/benchmarks/vmfb/module_dronet$async_dispatch_4_embedded_elf_riscv_64_benchmark.vmfb,327367,383131,388730,393649,10518,55764,14513,383131,388730,393649,5599,4919,66282
0,dronet8_dispatch_7,7,1,1,dronet8,dronet$async_dispatch_7_embedded_elf_riscv_64_dronet$async_dispatch_7_elementwise_32x14x14_i8xf32xi8,CPU_E,/root/mb_k1/gen/vmfb/dronet/spacemit_x60/RVV/dronet.q.int8/benchmarks/vmfb/module_dronet$async_dispatch_7_embedded_elf_riscv_64_benchmark.vmfb,327790,383781,393694,394048,10267,55991,302,383781,393694,394048,9913,354,66258
0,dronet8_dispatch_8,8,1,1,dronet8,dronet$async_dispatch_8_embedded_elf_riscv_64_dronet$async_dispatch_8_conv_64x7x7x32x3x3_i8xi8xi32,CPU_E,/root/mb_k1/gen/vmfb/dronet/spacemit_x60/RVV/dronet.q.int8/benchmarks/vmfb/module_dronet$async_dispatch_8_embedded_elf_riscv_64_benchmark.vmfb,328092,394048,394087,396429,2381,65956,7356,394048,394087,396429,39,2342,68337
0,dronet8_dispatch_9,9,1,1,dronet8,dronet$async_dispatch_9_embedded_elf_riscv_64_dronet$async_dispatch_9_conv_64x7x7x64x3x3_i8xi8xi32,CPU_E,/root/mb_k1/gen/vmfb/dronet/spacemit_x60/RVV/dronet.q.int8/benchmarks/vmfb/module_dronet$async_dispatch_9_embedded_elf_riscv_64_benchmark.vmfb,335448,396429,396470,400726,4297,60981,13975,396429,396470,400726,41,4256,65278
0,dronet9_dispatch_5,5,1,1,dronet9,dronet$async_dispatch_5_embedded_elf_riscv_64_dronet$async_dispatch_5_conv_32x14x14x32x3x3_i8xi8xi32,CPU_E,/root/mb_k1/gen/vmfb/dronet/spacemit_x60/RVV/dronet.q.int8/benchmarks/vmfb/module_dronet$async_dispatch_5_embedded_elf_riscv_64_benchmark.vmfb,341879,393649,400764,405022,11373,51770,15683,393649,400764,405022,7115,4258,63143
0,dronet7_dispatch_15,15,1,1,dronet7,dronet$async_dispatch_15_embedded_elf_riscv_64_dronet$async_dispatch_15_elementwise_2048_f32xi8,CPU_E,/root/mb_k1/gen/vmfb/dronet/spacemit_x60/RVV/dronet.q.int8/benchmarks/vmfb/module_dronet$async_dispatch_15_embedded_elf_riscv_64_benchmark.vmfb,345817,396429,405174,405327,8898,50612,117,396429,405174,405327,8745,153,59510
0,dronet8_dispatch_10,10,1,1,dronet8,dronet$async_dispatch_10_embedded_elf_riscv_64_dronet$async_dispatch_10_reduction_64x7x7x32_i8xi8xi32,CPU_E,/root/mb_k1/gen/vmfb/dronet/spacemit_x60/RVV/dronet.q.int8/benchmarks/vmfb/module_dronet$async_dispatch_10_embedded_elf_riscv_64_benchmark.vmfb,349422,405327,405366,405588,261,55905,415,405327,405366,405588,39,222,56166
0,dronet9_dispatch_6,6,1,1,dronet9,dronet$async_dispatch_6_embedded_elf_riscv_64_dronet$async_dispatch_6_reduction_32x14x14x32_i8xi8xi32,CPU_E,/root/mb_k1/gen/vmfb/dronet/spacemit_x60/RVV/dronet.q.int8/benchmarks/vmfb/module_dronet$async_dispatch_6_embedded_elf_riscv_64_benchmark.vmfb,357562,405022,405619,406652,1630,47460,3528,405022,405619,406652,597,1033,49090
0,dronet7_dispatch_16_1,16,1,1,dronet7,dronet$async_dispatch_16_embedded_elf_riscv_64_dronet$async_dispatch_16_matmul_1x1x2048_i8xi8xi32,CPU_P,/root/mb_k1/gen/vmfb/dronet/spacemit_x60/RVV/dronet.q.int8/benchmarks/vmfb/module_dronet$async_dispatch_16_embedded_elf_riscv_64_benchmark.vmfb,345934,405327,405381,406851,1524,59393,120,405327,405381,406851,54,1470,60917
0,dronet7_dispatch_16_2,16,1,1,dronet7,dronet$async_dispatch_16_embedded_elf_riscv_64_dronet$async_dispatch_16_matmul_1x1x2048_i8xi8xi32,CPU_P,/root/mb_k1/gen/vmfb/dronet/spacemit_x60/RVV/dronet.q.int8/benchmarks/vmfb/module_dronet$async_dispatch_16_embedded_elf_riscv_64_benchmark.vmfb,345934,405327,406876,407034,1707,59393,120,405327,406876,407034,1549,158,61100
0,dronet7_dispatch_18,18,1,1,dronet7,dronet$async_dispatch_18_embedded_elf_riscv_64_dronet$async_dispatch_18_elementwise,CPU_P,/root/mb_k1/gen/vmfb/dronet/spacemit_x60/RVV/dronet.q.int8/benchmarks/vmfb/module_dronet$async_dispatch_18_embedded_elf_riscv_64_benchmark.vmfb,346054,406851,407055,407140,289,60797,79,406851,407055,407140,204,85,61086
0,dronet7_dispatch_19,19,1,1,dronet7,dronet$async_dispatch_19_embedded_elf_riscv_64_dronet$async_dispatch_19_elementwise,CPU_P,/root/mb_k1/gen/vmfb/dronet/spacemit_x60/RVV/dronet.q.int8/benchmarks/vmfb/module_dronet$async_dispatch_19_embedded_elf_riscv_64_benchmark.vmfb,346054,407034,407161,407242,208,60980,63,407034,407161,407242,127,81,61188
0,dronet8_dispatch_11,11,1,1,dronet8,dronet$async_dispatch_11_embedded_elf_riscv_64_dronet$async_dispatch_11_elementwise_64x7x7_i8xf32xi8,CPU_P,/root/mb_k1/gen/vmfb/dronet/spacemit_x60/RVV/dronet.q.int8/benchmarks/vmfb/module_dronet$async_dispatch_11_embedded_elf_riscv_64_benchmark.vmfb,349838,407242,407262,410393,3151,57404,206,407242,407262,410393,20,3131,60555
0,dronet8_dispatch_12,12,1,1,dronet8,dronet$async_dispatch_12_embedded_elf_riscv_64_dronet$async_dispatch_12_conv_128x4x4x64x3x3_i8xi8xi32,CPU_E,/root/mb_k1/gen/vmfb/dronet/spacemit_x60/RVV/dronet.q.int8/benchmarks/vmfb/module_dronet$async_dispatch_12_embedded_elf_riscv_64_benchmark.vmfb,350044,410393,410438,413082,2689,60349,9567,410393,410438,413082,45,2644,63038
0,dronet8_dispatch_13,13,1,1,dronet8,dronet$async_dispatch_13_embedded_elf_riscv_64_dronet$async_dispatch_13_conv_128x4x4x128x3x3_i8xi8xi32,CPU_E,/root/mb_k1/gen/vmfb/dronet/spacemit_x60/RVV/dronet.q.int8/benchmarks/vmfb/module_dronet$async_dispatch_13_embedded_elf_riscv_64_benchmark.vmfb,359610,413082,413111,417984,4902,53472,18288,413082,413111,417984,29,4873,58374
0,dronet9_dispatch_7,7,1,1,dronet9,dronet$async_dispatch_7_embedded_elf_riscv_64_dronet$async_dispatch_7_elementwise_32x14x14_i8xf32xi8,CPU_E,/root/mb_k1/gen/vmfb/dronet/spacemit_x60/RVV/dronet.q.int8/benchmarks/vmfb/module_dronet$async_dispatch_7_embedded_elf_riscv_64_benchmark.vmfb,361090,413082,418016,418355,5273,51992,302,413082,418016,418355,4934,339,57265
0,dronet8_dispatch_14,14,1,1,dronet8,dronet$async_dispatch_14_embedded_elf_riscv_64_dronet$async_dispatch_14_reduction_128x4x4x64_i8xi8xi32,CPU_P,/root/mb_k1/gen/vmfb/dronet/spacemit_x60/RVV/dronet.q.int8/benchmarks/vmfb/module_dronet$async_dispatch_14_embedded_elf_riscv_64_benchmark.vmfb,377898,417984,418026,418487,503,40086,1319,417984,418026,418487,42,461,40589
0,dronet9_dispatch_8,8,1,1,dronet9,dronet$async_dispatch_8_embedded_elf_riscv_64_dronet$async_dispatch_8_conv_64x7x7x32x3x3_i8xi8xi32,CPU_E,/root/mb_k1/gen/vmfb/dronet/spacemit_x60/RVV/dronet.q.int8/benchmarks/vmfb/module_dronet$async_dispatch_8_embedded_elf_riscv_64_benchmark.vmfb,361392,418355,418449,420804,2449,56963,7356,418355,418449,420804,94,2355,59412
0,dronet9_dispatch_9,9,1,1,dronet9,dronet$async_dispatch_9_embedded_elf_riscv_64_dronet$async_dispatch_9_conv_64x7x7x64x3x3_i8xi8xi32,CPU_E,/root/mb_k1/gen/vmfb/dronet/spacemit_x60/RVV/dronet.q.int8/benchmarks/vmfb/module_dronet$async_dispatch_9_embedded_elf_riscv_64_benchmark.vmfb,368748,420804,420833,425131,4327,52056,13975,420804,420833,425131,29,4298,56383
0,dronet8_dispatch_15,15,1,1,dronet8,dronet$async_dispatch_15_embedded_elf_riscv_64_dronet$async_dispatch_15_elementwise_2048_f32xi8,CPU_E,/root/mb_k1/gen/vmfb/dronet/spacemit_x60/RVV/dronet.q.int8/benchmarks/vmfb/module_dronet$async_dispatch_15_embedded_elf_riscv_64_benchmark.vmfb,379216,420804,425161,425305,4501,41588,117,420804,425161,425305,4357,144,46089
0,dronet8_dispatch_16_1,16,1,1,dronet8,dronet$async_dispatch_16_embedded_elf_riscv_64_dronet$async_dispatch_16_matmul_1x1x2048_i8xi8xi32,CPU_P,/root/mb_k1/gen/vmfb/dronet/spacemit_x60/RVV/dronet.q.int8/benchmarks/vmfb/module_dronet$async_dispatch_16_embedded_elf_riscv_64_benchmark.vmfb,379333,425305,425339,425512,207,45972,120,425305,425339,425512,34,173,46179
0,dronet9_dispatch_10,10,1,1,dronet9,dronet$async_dispatch_10_embedded_elf_riscv_64_dronet$async_dispatch_10_reduction_64x7x7x32_i8xi8xi32,CPU_E,/root/mb_k1/gen/vmfb/dronet/spacemit_x60/RVV/dronet.q.int8/benchmarks/vmfb/module_dronet$async_dispatch_10_embedded_elf_riscv_64_benchmark.vmfb,382722,425305,425331,425571,266,42583,415,425305,425331,425571,26,240,42849
0,dronet8_dispatch_16_2,16,1,1,dronet8,dronet$async_dispatch_16_embedded_elf_riscv_64_dronet$async_dispatch_16_matmul_1x1x2048_i8xi8xi32,CPU_P,/root/mb_k1/gen/vmfb/dronet/spacemit_x60/RVV/dronet.q.int8/benchmarks/vmfb/module_dronet$async_dispatch_16_embedded_elf_riscv_64_benchmark.vmfb,379333,425305,425534,425689,384,45972,120,425305,425534,425689,229,155,46356
0,dronet8_dispatch_18,18,1,1,dronet8,dronet$async_dispatch_18_embedded_elf_riscv_64_dronet$async_dispatch_18_elementwise,CPU_P,/root/mb_k1/gen/vmfb/dronet/spacemit_x60/RVV/dronet.q.int8/benchmarks/vmfb/module_dronet$async_dispatch_18_embedded_elf_riscv_64_benchmark.vmfb,379453,425512,425712,426769,1257,46059,79,425512,425712,426769,200,1057,47316
0,dronet8_dispatch_19,19,1,1,dronet8,dronet$async_dispatch_19_embedded_elf_riscv_64_dronet$async_dispatch_19_elementwise,CPU_P,/root/mb_k1/gen/vmfb/dronet/spacemit_x60/RVV/dronet.q.int8/benchmarks/vmfb/module_dronet$async_dispatch_19_embedded_elf_riscv_64_benchmark.vmfb,379453,425689,426790,426873,1184,46236,63,425689,426790,426873,1101,83,47420
0,dronet9_dispatch_11,11,1,1,dronet9,dronet$async_dispatch_11_embedded_elf_riscv_64_dronet$async_dispatch_11_elementwise_64x7x7_i8xf32xi8,CPU_P,/root/mb_k1/gen/vmfb/dronet/spacemit_x60/RVV/dronet.q.int8/benchmarks/vmfb/module_dronet$async_dispatch_11_embedded_elf_riscv_64_benchmark.vmfb,383138,426873,426894,427121,248,43735,206,426873,426894,427121,21,227,43983
0,dronet9_dispatch_12,12,1,1,dronet9,dronet$async_dispatch_12_embedded_elf_riscv_64_dronet$async_dispatch_12_conv_128x4x4x64x3x3_i8xi8xi32,CPU_E,/root/mb_k1/gen/vmfb/dronet/spacemit_x60/RVV/dronet.q.int8/benchmarks/vmfb/module_dronet$async_dispatch_12_embedded_elf_riscv_64_benchmark.vmfb,383344,427121,427163,429795,2674,43777,9567,427121,427163,429795,42,2632,46451
0,dronet9_dispatch_13,13,1,1,dronet9,dronet$async_dispatch_13_embedded_elf_riscv_64_dronet$async_dispatch_13_conv_128x4x4x128x3x3_i8xi8xi32,CPU_E,/root/mb_k1/gen/vmfb/dronet/spacemit_x60/RVV/dronet.q.int8/benchmarks/vmfb/module_dronet$async_dispatch_13_embedded_elf_riscv_64_benchmark.vmfb,392910,429795,429823,434699,4904,36885,18288,429795,429823,434699,28,4876,41789
0,dronet9_dispatch_14,14,1,1,dronet9,dronet$async_dispatch_14_embedded_elf_riscv_64_dronet$async_dispatch_14_reduction_128x4x4x64_i8xi8xi32,CPU_P,/root/mb_k1/gen/vmfb/dronet/spacemit_x60/RVV/dronet.q.int8/benchmarks/vmfb/module_dronet$async_dispatch_14_embedded_elf_riscv_64_benchmark.vmfb,411198,434699,434846,439128,4429,23501,1319,434699,434846,439128,147,4282,27930
0,dronet9_dispatch_15,15,1,1,dronet9,dronet$async_dispatch_15_embedded_elf_riscv_64_dronet$async_dispatch_15_elementwise_2048_f32xi8,CPU_E,/root/mb_k1/gen/vmfb/dronet/spacemit_x60/RVV/dronet.q.int8/benchmarks/vmfb/module_dronet$async_dispatch_15_embedded_elf_riscv_64_benchmark.vmfb,412516,439128,439173,439325,197,26612,117,439128,439173,439325,45,152,26809
0,dronet9_dispatch_16_1,16,1,1,dronet9,dronet$async_dispatch_16_embedded_elf_riscv_64_dronet$async_dispatch_16_matmul_1x1x2048_i8xi8xi32,CPU_P,/root/mb_k1/gen/vmfb/dronet/spacemit_x60/RVV/dronet.q.int8/benchmarks/vmfb/module_dronet$async_dispatch_16_embedded_elf_riscv_64_benchmark.vmfb,412633,439325,439362,439521,196,26692,120,439325,439362,439521,37,159,26888
0,dronet9_dispatch_16_2,16,1,1,dronet9,dronet$async_dispatch_16_embedded_elf_riscv_64_dronet$async_dispatch_16_matmul_1x1x2048_i8xi8xi32,CPU_P,/root/mb_k1/gen/vmfb/dronet/spacemit_x60/RVV/dronet.q.int8/benchmarks/vmfb/module_dronet$async_dispatch_16_embedded_elf_riscv_64_benchmark.vmfb,412633,439325,439544,439684,359,26692,120,439325,439544,439684,219,140,27051
0,dronet9_dispatch_18,18,1,1,dronet9,dronet$async_dispatch_18_embedded_elf_riscv_64_dronet$async_dispatch_18_elementwise,CPU_P,/root/mb_k1/gen/vmfb/dronet/spacemit_x60/RVV/dronet.q.int8/benchmarks/vmfb/module_dronet$async_dispatch_18_embedded_elf_riscv_64_benchmark.vmfb,412753,439521,439706,439786,265,26768,79,439521,439706,439786,185,80,27033
0,dronet9_dispatch_19,19,1,1,dronet9,dronet$async_dispatch_19_embedded_elf_riscv_64_dronet$async_dispatch_19_elementwise,CPU_P,/root/mb_k1/gen/vmfb/dronet/spacemit_x60/RVV/dronet.q.int8/benchmarks/vmfb/module_dronet$async_dispatch_19_embedded_elf_riscv_64_benchmark.vmfb,412753,439684,439807,439886,202,26931,63,439684,439807,439886,123,79,27133
