graph_iter,dispatch_key,dispatch_id,ordinal,total,job_name,module_name,target,vmfb_path,planned_start_us,eligible_us,submit_us,complete_us,residency_us,dep_slip_us,planned_duration_us,ready_us,start_us,end_us,queue_delay_us,run_us,total_latency_us
0,dronet0_dispatch_0,0,1,1,dronet0,dronet$async_dispatch_0_embedded_elf_riscv_64_dronet$async_dispatch_0_elementwise_3x112x112_f32xi8,CPU_P,/root/mb_k1/gen/vmfb/dronet/spacemit_x60/RVV/dronet.q.int8/benchmarks/vmfb/module_dronet$async_dispatch_0_embedded_elf_riscv_64_benchmark.vmfb,0,0,282,1272,1272,0,583,0,282,1272,282,990,1272
0,mlp0_dispatch_0,0,1,1,mlp0,mlp$async_dispatch_0_embedded_elf_riscv_64_mlp$async_dispatch_0_elementwise_10_f32xi8,CPU_P,/root/mb_k1/gen/vmfb/mlp/spacemit_x60/RVV/mlp.q.int8/benchmarks/vmfb/module_mlp$async_dispatch_0_embedded_elf_riscv_64_benchmark.vmfb,0,0,1316,1405,1405,0,63,0,1316,1405,1316,89,1405
0,mlp0_dispatch_1,1,1,1,mlp0,mlp$async_dispatch_1_embedded_elf_riscv_64_mlp$async_dispatch_1_matmul_1x32x10_i8xi8xi32,CPU_P,/root/mb_k1/gen/vmfb/mlp/spacemit_x60/RVV/mlp.q.int8/benchmarks/vmfb/module_mlp$async_dispatch_1_embedded_elf_riscv_64_benchmark.vmfb,63,1405,1427,1513,108,1342,66,1405,1427,1513,22,86,1450
0,mlp1_dispatch_0,0,1,1,mlp1,mlp$async_dispatch_0_embedded_elf_riscv_64_mlp$async_dispatch_0_elementwise_10_f32xi8,CPU_P,/root/mb_k1/gen/vmfb/mlp/spacemit_x60/RVV/mlp.q.int8/benchmarks/vmfb/module_mlp$async_dispatch_0_embedded_elf_riscv_64_benchmark.vmfb,10000,10000,10001,10121,121,0,63,10000,10001,10121,1,120,121
0,mlp1_dispatch_1,1,1,1,mlp1,mlp$async_dispatch_1_embedded_elf_riscv_64_mlp$async_dispatch_1_matmul_1x32x10_i8xi8xi32,CPU_P,/root/mb_k1/gen/vmfb/mlp/spacemit_x60/RVV/mlp.q.int8/benchmarks/vmfb/module_mlp$async_dispatch_1_embedded_elf_riscv_64_benchmark.vmfb,10063,10121,10144,10203,82,58,66,10121,10144,10203,23,59,140
0,mlp2_dispatch_0,0,1,1,mlp2,mlp$async_dispatch_0_embedded_elf_riscv_64_mlp$async_dispatch_0_elementwise_10_f32xi8,CPU_P,/root/mb_k1/gen/vmfb/mlp/spacemit_x60/RVV/mlp.q.int8/benchmarks/vmfb/module_mlp$async_dispatch_0_embedded_elf_riscv_64_benchmark.vmfb,20000,20000,20001,20089,89,0,63,20000,20001,20089,1,88,89
0,mlp2_dispatch_1,1,1,1,mlp2,mlp$async_dispatch_1_embedded_elf_riscv_64_mlp$async_dispatch_1_matmul_1x32x10_i8xi8xi32,CPU_P,/root/mb_k1/gen/vmfb/mlp/spacemit_x60/RVV/mlp.q.int8/benchmarks/vmfb/module_mlp$async_dispatch_1_embedded_elf_riscv_64_benchmark.vmfb,20063,20089,20109,20181,92,26,66,20089,20109,20181,20,72,118
0,dronet0_dispatch_1,1,1,1,dronet0,dronet$async_dispatch_1_embedded_elf_riscv_64_dronet$async_dispatch_1_conv_32x56x56x3x3x3_i8xi8xi32,CPU_E,/root/mb_k1/gen/vmfb/dronet/spacemit_x60/RVV/dronet.q.int8/benchmarks/vmfb/module_dronet$async_dispatch_1_embedded_elf_riscv_64_benchmark.vmfb,583,1272,1333,26891,25619,689,22767,1272,1333,26891,61,25558,26308
0,mlp0_dispatch_2,2,1,1,mlp0,mlp$async_dispatch_2_embedded_elf_riscv_64_mlp$async_dispatch_2_matmul_1x32x32_i8xi8xi32,CPU_E,/root/mb_k1/gen/vmfb/mlp/spacemit_x60/RVV/mlp.q.int8/benchmarks/vmfb/module_mlp$async_dispatch_2_embedded_elf_riscv_64_benchmark.vmfb,129,1513,26927,27023,25510,1384,65,1513,26927,27023,25414,96,26894
0,mlp1_dispatch_2,2,1,1,mlp1,mlp$async_dispatch_2_embedded_elf_riscv_64_mlp$async_dispatch_2_matmul_1x32x32_i8xi8xi32,CPU_E,/root/mb_k1/gen/vmfb/mlp/spacemit_x60/RVV/mlp.q.int8/benchmarks/vmfb/module_mlp$async_dispatch_2_embedded_elf_riscv_64_benchmark.vmfb,10129,10203,27047,27122,16919,74,65,10203,27047,27122,16844,75,16993
0,mlp2_dispatch_2,2,1,1,mlp2,mlp$async_dispatch_2_embedded_elf_riscv_64_mlp$async_dispatch_2_matmul_1x32x32_i8xi8xi32,CPU_E,/root/mb_k1/gen/vmfb/mlp/spacemit_x60/RVV/mlp.q.int8/benchmarks/vmfb/module_mlp$async_dispatch_2_embedded_elf_riscv_64_benchmark.vmfb,20129,20181,27143,27237,7056,52,65,20181,27143,27237,6962,94,7108
0,mlp0_dispatch_3,3,1,1,mlp0,mlp$async_dispatch_3_embedded_elf_riscv_64_mlp$async_dispatch_3_matmul_1x2x32_i8xi8xi32,CPU_P,/root/mb_k1/gen/vmfb/mlp/spacemit_x60/RVV/mlp.q.int8/benchmarks/vmfb/module_mlp$async_dispatch_3_embedded_elf_riscv_64_benchmark.vmfb,194,27023,30003,30108,3085,26829,78,27023,30003,30108,2980,105,29914
0,mlp0_dispatch_4,4,1,1,mlp0,mlp$async_dispatch_4_embedded_elf_riscv_64_mlp$async_dispatch_4_elementwise_2_i8xf32,CPU_P,/root/mb_k1/gen/vmfb/mlp/spacemit_x60/RVV/mlp.q.int8/benchmarks/vmfb/module_mlp$async_dispatch_4_embedded_elf_riscv_64_benchmark.vmfb,272,30108,30313,30395,287,29836,64,30108,30313,30395,205,82,30123
0,mlp1_dispatch_3,3,1,1,mlp1,mlp$async_dispatch_3_embedded_elf_riscv_64_mlp$async_dispatch_3_matmul_1x2x32_i8xi8xi32,CPU_P,/root/mb_k1/gen/vmfb/mlp/spacemit_x60/RVV/mlp.q.int8/benchmarks/vmfb/module_mlp$async_dispatch_3_embedded_elf_riscv_64_benchmark.vmfb,10194,27122,30414,30485,3363,16928,78,27122,30414,30485,3292,71,20291
0,mlp1_dispatch_4,4,1,1,mlp1,mlp$async_dispatch_4_embedded_elf_riscv_64_mlp$async_dispatch_4_elementwise_2_i8xf32,CPU_P,/root/mb_k1/gen/vmfb/mlp/spacemit_x60/RVV/mlp.q.int8/benchmarks/vmfb/module_mlp$async_dispatch_4_embedded_elf_riscv_64_benchmark.vmfb,10272,30485,30502,30588,103,20213,64,30485,30502,30588,17,86,20316
0,dronet0_dispatch_2,2,1,1,dronet0,dronet$async_dispatch_2_embedded_elf_riscv_64_dronet$async_dispatch_2_conv_32x27x27x3x3_f32,CPU_E,/root/mb_k1/gen/vmfb/dronet/spacemit_x60/RVV/dronet.q.int8/benchmarks/vmfb/module_dronet$async_dispatch_2_embedded_elf_riscv_64_benchmark.vmfb,23349,27237,27261,30591,3354,3888,3194,27237,27261,30591,24,3330,7242
0,mlp2_dispatch_3,3,1,1,mlp2,mlp$async_dispatch_3_embedded_elf_riscv_64_mlp$async_dispatch_3_matmul_1x2x32_i8xi8xi32,CPU_P,/root/mb_k1/gen/vmfb/mlp/spacemit_x60/RVV/mlp.q.int8/benchmarks/vmfb/module_mlp$async_dispatch_3_embedded_elf_riscv_64_benchmark.vmfb,20194,27237,30613,30672,3435,7043,78,27237,30613,30672,3376,59,10478
0,mlp2_dispatch_4,4,1,1,mlp2,mlp$async_dispatch_4_embedded_elf_riscv_64_mlp$async_dispatch_4_elementwise_2_i8xf32,CPU_P,/root/mb_k1/gen/vmfb/mlp/spacemit_x60/RVV/mlp.q.int8/benchmarks/vmfb/module_mlp$async_dispatch_4_embedded_elf_riscv_64_benchmark.vmfb,20272,30672,30696,30748,76,10400,64,30672,30696,30748,24,52,10476
0,dronet0_dispatch_3,3,1,1,dronet0,dronet$async_dispatch_3_embedded_elf_riscv_64_dronet$async_dispatch_3_elementwise_32x27x27_i8xf32xi8,CPU_P,/root/mb_k1/gen/vmfb/dronet/spacemit_x60/RVV/dronet.q.int8/benchmarks/vmfb/module_dronet$async_dispatch_3_embedded_elf_riscv_64_benchmark.vmfb,26543,30748,30772,31886,1138,4205,1024,30748,30772,31886,24,1114,5343
0,mlp3_dispatch_0,0,1,1,mlp3,mlp$async_dispatch_0_embedded_elf_riscv_64_mlp$async_dispatch_0_elementwise_10_f32xi8,CPU_P,/root/mb_k1/gen/vmfb/mlp/spacemit_x60/RVV/mlp.q.int8/benchmarks/vmfb/module_mlp$async_dispatch_0_embedded_elf_riscv_64_benchmark.vmfb,30000,30000,31910,31987,1987,0,63,30000,31910,31987,1910,77,1987
0,mlp3_dispatch_1,1,1,1,mlp3,mlp$async_dispatch_1_embedded_elf_riscv_64_mlp$async_dispatch_1_matmul_1x32x10_i8xi8xi32,CPU_P,/root/mb_k1/gen/vmfb/mlp/spacemit_x60/RVV/mlp.q.int8/benchmarks/vmfb/module_mlp$async_dispatch_1_embedded_elf_riscv_64_benchmark.vmfb,30063,31987,32007,32080,93,1924,66,31987,32007,32080,20,73,2017
0,mlp4_dispatch_0,0,1,1,mlp4,mlp$async_dispatch_0_embedded_elf_riscv_64_mlp$async_dispatch_0_elementwise_10_f32xi8,CPU_P,/root/mb_k1/gen/vmfb/mlp/spacemit_x60/RVV/mlp.q.int8/benchmarks/vmfb/module_mlp$async_dispatch_0_embedded_elf_riscv_64_benchmark.vmfb,40000,40000,40003,40085,85,0,63,40000,40003,40085,3,82,85
0,mlp4_dispatch_1,1,1,1,mlp4,mlp$async_dispatch_1_embedded_elf_riscv_64_mlp$async_dispatch_1_matmul_1x32x10_i8xi8xi32,CPU_P,/root/mb_k1/gen/vmfb/mlp/spacemit_x60/RVV/mlp.q.int8/benchmarks/vmfb/module_mlp$async_dispatch_1_embedded_elf_riscv_64_benchmark.vmfb,40063,40085,40104,40157,72,22,66,40085,40104,40157,19,53,94
0,dronet0_dispatch_4,4,1,1,dronet0,dronet$async_dispatch_4_embedded_elf_riscv_64_dronet$async_dispatch_4_conv_32x14x14x32x3x3_i8xi8xi32,CPU_E,/root/mb_k1/gen/vmfb/dronet/spacemit_x60/RVV/dronet.q.int8/benchmarks/vmfb/module_dronet$async_dispatch_4_embedded_elf_riscv_64_benchmark.vmfb,27567,31886,31924,46965,15079,4319,14513,31886,31924,46965,38,15041,19398
0,mlp3_dispatch_2,2,1,1,mlp3,mlp$async_dispatch_2_embedded_elf_riscv_64_mlp$async_dispatch_2_matmul_1x32x32_i8xi8xi32,CPU_E,/root/mb_k1/gen/vmfb/mlp/spacemit_x60/RVV/mlp.q.int8/benchmarks/vmfb/module_mlp$async_dispatch_2_embedded_elf_riscv_64_benchmark.vmfb,30129,32080,46995,47080,15000,1951,65,32080,46995,47080,14915,85,16951
0,mlp4_dispatch_2,2,1,1,mlp4,mlp$async_dispatch_2_embedded_elf_riscv_64_mlp$async_dispatch_2_matmul_1x32x32_i8xi8xi32,CPU_E,/root/mb_k1/gen/vmfb/mlp/spacemit_x60/RVV/mlp.q.int8/benchmarks/vmfb/module_mlp$async_dispatch_2_embedded_elf_riscv_64_benchmark.vmfb,40129,40157,47214,47291,7134,28,65,40157,47214,47291,7057,77,7162
0,mlp3_dispatch_3,3,1,1,mlp3,mlp$async_dispatch_3_embedded_elf_riscv_64_mlp$async_dispatch_3_matmul_1x2x32_i8xi8xi32,CPU_P,/root/mb_k1/gen/vmfb/mlp/spacemit_x60/RVV/mlp.q.int8/benchmarks/vmfb/module_mlp$async_dispatch_3_embedded_elf_riscv_64_benchmark.vmfb,30194,47080,50003,50092,3012,16886,78,47080,50003,50092,2923,89,19898
0,mlp3_dispatch_4,4,1,1,mlp3,mlp$async_dispatch_4_embedded_elf_riscv_64_mlp$async_dispatch_4_elementwise_2_i8xf32,CPU_P,/root/mb_k1/gen/vmfb/mlp/spacemit_x60/RVV/mlp.q.int8/benchmarks/vmfb/module_mlp$async_dispatch_4_embedded_elf_riscv_64_benchmark.vmfb,30272,50092,50113,50193,101,19820,64,50092,50113,50193,21,80,19921
0,dronet1_dispatch_0,0,1,1,dronet1,dronet$async_dispatch_0_embedded_elf_riscv_64_dronet$async_dispatch_0_elementwise_3x112x112_f32xi8,CPU_P,/root/mb_k1/gen/vmfb/dronet/spacemit_x60/RVV/dronet.q.int8/benchmarks/vmfb/module_dronet$async_dispatch_0_embedded_elf_riscv_64_benchmark.vmfb,33300,50193,50212,50965,772,16893,583,50193,50212,50965,19,753,17665
0,mlp4_dispatch_3,3,1,1,mlp4,mlp$async_dispatch_3_embedded_elf_riscv_64_mlp$async_dispatch_3_matmul_1x2x32_i8xi8xi32,CPU_P,/root/mb_k1/gen/vmfb/mlp/spacemit_x60/RVV/mlp.q.int8/benchmarks/vmfb/module_mlp$async_dispatch_3_embedded_elf_riscv_64_benchmark.vmfb,40194,47291,50984,51061,3770,7097,78,47291,50984,51061,3693,77,10867
0,mlp4_dispatch_4,4,1,1,mlp4,mlp$async_dispatch_4_embedded_elf_riscv_64_mlp$async_dispatch_4_elementwise_2_i8xf32,CPU_P,/root/mb_k1/gen/vmfb/mlp/spacemit_x60/RVV/mlp.q.int8/benchmarks/vmfb/module_mlp$async_dispatch_4_embedded_elf_riscv_64_benchmark.vmfb,40272,51061,51079,51131,70,10789,64,51061,51079,51131,18,52,10859
0,mlp5_dispatch_0,0,1,1,mlp5,mlp$async_dispatch_0_embedded_elf_riscv_64_mlp$async_dispatch_0_elementwise_10_f32xi8,CPU_P,/root/mb_k1/gen/vmfb/mlp/spacemit_x60/RVV/mlp.q.int8/benchmarks/vmfb/module_mlp$async_dispatch_0_embedded_elf_riscv_64_benchmark.vmfb,50000,50000,51147,51211,1211,0,63,50000,51147,51211,1147,64,1211
0,mlp5_dispatch_1,1,1,1,mlp5,mlp$async_dispatch_1_embedded_elf_riscv_64_mlp$async_dispatch_1_matmul_1x32x10_i8xi8xi32,CPU_P,/root/mb_k1/gen/vmfb/mlp/spacemit_x60/RVV/mlp.q.int8/benchmarks/vmfb/module_mlp$async_dispatch_1_embedded_elf_riscv_64_benchmark.vmfb,50063,51211,51227,51297,86,1148,66,51211,51227,51297,16,70,1234
0,mlp6_dispatch_0,0,1,1,mlp6,mlp$async_dispatch_0_embedded_elf_riscv_64_mlp$async_dispatch_0_elementwise_10_f32xi8,CPU_P,/root/mb_k1/gen/vmfb/mlp/spacemit_x60/RVV/mlp.q.int8/benchmarks/vmfb/module_mlp$async_dispatch_0_embedded_elf_riscv_64_benchmark.vmfb,60000,60000,60001,60059,59,0,63,60000,60001,60059,1,58,59
0,mlp6_dispatch_1,1,1,1,mlp6,mlp$async_dispatch_1_embedded_elf_riscv_64_mlp$async_dispatch_1_matmul_1x32x10_i8xi8xi32,CPU_P,/root/mb_k1/gen/vmfb/mlp/spacemit_x60/RVV/mlp.q.int8/benchmarks/vmfb/module_mlp$async_dispatch_1_embedded_elf_riscv_64_benchmark.vmfb,60063,60059,60076,60129,70,0,66,60059,60076,60129,17,53,66
0,dronet0_dispatch_5,5,1,1,dronet0,dronet$async_dispatch_5_embedded_elf_riscv_64_dronet$async_dispatch_5_conv_32x14x14x32x3x3_i8xi8xi32,CPU_E,/root/mb_k1/gen/vmfb/dronet/spacemit_x60/RVV/dronet.q.int8/benchmarks/vmfb/module_dronet$async_dispatch_5_embedded_elf_riscv_64_benchmark.vmfb,42079,46965,47311,63333,16368,4886,15683,46965,47311,63333,346,16022,21254
0,mlp7_dispatch_0,0,1,1,mlp7,mlp$async_dispatch_0_embedded_elf_riscv_64_mlp$async_dispatch_0_elementwise_10_f32xi8,CPU_P,/root/mb_k1/gen/vmfb/mlp/spacemit_x60/RVV/mlp.q.int8/benchmarks/vmfb/module_mlp$async_dispatch_0_embedded_elf_riscv_64_benchmark.vmfb,70000,70000,70001,70068,68,0,63,70000,70001,70068,1,67,68
0,mlp7_dispatch_1,1,1,1,mlp7,mlp$async_dispatch_1_embedded_elf_riscv_64_mlp$async_dispatch_1_matmul_1x32x10_i8xi8xi32,CPU_P,/root/mb_k1/gen/vmfb/mlp/spacemit_x60/RVV/mlp.q.int8/benchmarks/vmfb/module_mlp$async_dispatch_1_embedded_elf_riscv_64_benchmark.vmfb,70063,70068,70169,70259,191,5,66,70068,70169,70259,101,90,196
0,mlp8_dispatch_0,0,1,1,mlp8,mlp$async_dispatch_0_embedded_elf_riscv_64_mlp$async_dispatch_0_elementwise_10_f32xi8,CPU_P,/root/mb_k1/gen/vmfb/mlp/spacemit_x60/RVV/mlp.q.int8/benchmarks/vmfb/module_mlp$async_dispatch_0_embedded_elf_riscv_64_benchmark.vmfb,80000,80000,80002,80079,79,0,63,80000,80002,80079,2,77,79
0,mlp8_dispatch_1,1,1,1,mlp8,mlp$async_dispatch_1_embedded_elf_riscv_64_mlp$async_dispatch_1_matmul_1x32x10_i8xi8xi32,CPU_P,/root/mb_k1/gen/vmfb/mlp/spacemit_x60/RVV/mlp.q.int8/benchmarks/vmfb/module_mlp$async_dispatch_1_embedded_elf_riscv_64_benchmark.vmfb,80063,80079,80096,80167,88,16,66,80079,80096,80167,17,71,104
0,dronet1_dispatch_1,1,1,1,dronet1,dronet$async_dispatch_1_embedded_elf_riscv_64_dronet$async_dispatch_1_conv_32x56x56x3x3x3_i8xi8xi32,CPU_E,/root/mb_k1/gen/vmfb/dronet/spacemit_x60/RVV/dronet.q.int8/benchmarks/vmfb/module_dronet$async_dispatch_1_embedded_elf_riscv_64_benchmark.vmfb,33883,50965,63362,86155,35190,17082,22767,50965,63362,86155,12397,22793,52272
0,mlp5_dispatch_2,2,1,1,mlp5,mlp$async_dispatch_2_embedded_elf_riscv_64_mlp$async_dispatch_2_matmul_1x32x32_i8xi8xi32,CPU_E,/root/mb_k1/gen/vmfb/mlp/spacemit_x60/RVV/mlp.q.int8/benchmarks/vmfb/module_mlp$async_dispatch_2_embedded_elf_riscv_64_benchmark.vmfb,50129,51297,86185,86266,34969,1168,65,51297,86185,86266,34888,81,36137
0,dronet1_dispatch_2,2,1,1,dronet1,dronet$async_dispatch_2_embedded_elf_riscv_64_dronet$async_dispatch_2_conv_32x27x27x3x3_f32,CPU_E,/root/mb_k1/gen/vmfb/dronet/spacemit_x60/RVV/dronet.q.int8/benchmarks/vmfb/module_dronet$async_dispatch_2_embedded_elf_riscv_64_benchmark.vmfb,56649,86266,86290,89498,3232,29617,3194,86266,86290,89498,24,3208,32849
0,mlp5_dispatch_3,3,1,1,mlp5,mlp$async_dispatch_3_embedded_elf_riscv_64_mlp$async_dispatch_3_matmul_1x2x32_i8xi8xi32,CPU_P,/root/mb_k1/gen/vmfb/mlp/spacemit_x60/RVV/mlp.q.int8/benchmarks/vmfb/module_mlp$async_dispatch_3_embedded_elf_riscv_64_benchmark.vmfb,50194,86266,90002,90093,3827,36072,78,86266,90002,90093,3736,91,39899
0,mlp5_dispatch_4,4,1,1,mlp5,mlp$async_dispatch_4_embedded_elf_riscv_64_mlp$async_dispatch_4_elementwise_2_i8xf32,CPU_P,/root/mb_k1/gen/vmfb/mlp/spacemit_x60/RVV/mlp.q.int8/benchmarks/vmfb/module_mlp$async_dispatch_4_embedded_elf_riscv_64_benchmark.vmfb,50272,90093,90113,90175,82,39821,64,90093,90113,90175,20,62,39903
0,dronet1_dispatch_3,3,1,1,dronet1,dronet$async_dispatch_3_embedded_elf_riscv_64_dronet$async_dispatch_3_elementwise_32x27x27_i8xf32xi8,CPU_P,/root/mb_k1/gen/vmfb/dronet/spacemit_x60/RVV/dronet.q.int8/benchmarks/vmfb/module_dronet$async_dispatch_3_embedded_elf_riscv_64_benchmark.vmfb,59843,89498,90194,91262,1764,29655,1024,89498,90194,91262,696,1068,31419
0,mlp9_dispatch_0,0,1,1,mlp9,mlp$async_dispatch_0_embedded_elf_riscv_64_mlp$async_dispatch_0_elementwise_10_f32xi8,CPU_P,/root/mb_k1/gen/vmfb/mlp/spacemit_x60/RVV/mlp.q.int8/benchmarks/vmfb/module_mlp$async_dispatch_0_embedded_elf_riscv_64_benchmark.vmfb,90000,90000,91283,91358,1358,0,63,90000,91283,91358,1283,75,1358
0,mlp9_dispatch_1,1,1,1,mlp9,mlp$async_dispatch_1_embedded_elf_riscv_64_mlp$async_dispatch_1_matmul_1x32x10_i8xi8xi32,CPU_P,/root/mb_k1/gen/vmfb/mlp/spacemit_x60/RVV/mlp.q.int8/benchmarks/vmfb/module_mlp$async_dispatch_1_embedded_elf_riscv_64_benchmark.vmfb,90063,91358,91376,91431,73,1295,66,91358,91376,91431,18,55,1368
0,dronet3_dispatch_0,0,1,1,dronet3,dronet$async_dispatch_0_embedded_elf_riscv_64_dronet$async_dispatch_0_elementwise_3x112x112_f32xi8,CPU_P,/root/mb_k1/gen/vmfb/dronet/spacemit_x60/RVV/dronet.q.int8/benchmarks/vmfb/module_dronet$async_dispatch_0_embedded_elf_riscv_64_benchmark.vmfb,99900,91262,91447,92178,916,0,583,91262,91447,92178,185,731,0
0,dronet0_dispatch_6,6,1,1,dronet0,dronet$async_dispatch_6_embedded_elf_riscv_64_dronet$async_dispatch_6_reduction_32x14x14x32_i8xi8xi32,CPU_E,/root/mb_k1/gen/vmfb/dronet/spacemit_x60/RVV/dronet.q.int8/benchmarks/vmfb/module_dronet$async_dispatch_6_embedded_elf_riscv_64_benchmark.vmfb,57762,63333,89522,93533,30200,5571,3528,63333,89522,93533,26189,4011,35771
0,mlp6_dispatch_2,2,1,1,mlp6,mlp$async_dispatch_2_embedded_elf_riscv_64_mlp$async_dispatch_2_matmul_1x32x32_i8xi8xi32,CPU_E,/root/mb_k1/gen/vmfb/mlp/spacemit_x60/RVV/mlp.q.int8/benchmarks/vmfb/module_mlp$async_dispatch_2_embedded_elf_riscv_64_benchmark.vmfb,60129,60129,93647,93734,33605,0,65,60129,93647,93734,33518,87,33605
0,dronet1_dispatch_4,4,1,1,dronet1,dronet$async_dispatch_4_embedded_elf_riscv_64_dronet$async_dispatch_4_conv_32x14x14x32x3x3_i8xi8xi32,CPU_E,/root/mb_k1/gen/vmfb/dronet/spacemit_x60/RVV/dronet.q.int8/benchmarks/vmfb/module_dronet$async_dispatch_4_embedded_elf_riscv_64_benchmark.vmfb,60867,91262,93758,111598,20336,30395,14513,91262,93758,111598,2496,17840,50731
0,dronet0_dispatch_7,7,1,1,dronet0,dronet$async_dispatch_7_embedded_elf_riscv_64_dronet$async_dispatch_7_elementwise_32x14x14_i8xf32xi8,CPU_E,/root/mb_k1/gen/vmfb/dronet/spacemit_x60/IME/dronet.q.int8/benchmarks/vmfb/module_dronet$async_dispatch_7_embedded_elf_riscv_64_benchmark.vmfb,61290,93734,111642,112072,18338,32444,303,93734,111642,112072,17908,430,50782
0,dronet3_dispatch_1,1,1,1,dronet3,dronet$async_dispatch_1_embedded_elf_riscv_64_dronet$async_dispatch_1_conv_32x56x56x3x3x3_i8xi8xi32,CPU_P,/root/mb_k1/gen/vmfb/dronet/spacemit_x60/RVV/dronet.q.int8/benchmarks/vmfb/module_dronet$async_dispatch_1_embedded_elf_riscv_64_benchmark.vmfb,100482,92178,92198,121459,29281,0,22866,92178,92198,121459,20,29261,20977
0,dronet0_dispatch_8,8,1,1,dronet0,dronet$async_dispatch_8_embedded_elf_riscv_64_dronet$async_dispatch_8_conv_64x7x7x32x3x3_i8xi8xi32,CPU_E,/root/mb_k1/gen/vmfb/dronet/spacemit_x60/RVV/dronet.q.int8/benchmarks/vmfb/module_dronet$async_dispatch_8_embedded_elf_riscv_64_benchmark.vmfb,61592,112072,112096,121542,9470,50480,7356,112072,112096,121542,24,9446,59950
0,mlp6_dispatch_3,3,1,1,mlp6,mlp$async_dispatch_3_embedded_elf_riscv_64_mlp$async_dispatch_3_matmul_1x2x32_i8xi8xi32,CPU_P,/root/mb_k1/gen/vmfb/mlp/spacemit_x60/RVV/mlp.q.int8/benchmarks/vmfb/module_mlp$async_dispatch_3_embedded_elf_riscv_64_benchmark.vmfb,60194,93734,121500,121629,27895,33540,78,93734,121500,121629,27766,129,61435
0,mlp6_dispatch_4,4,1,1,mlp6,mlp$async_dispatch_4_embedded_elf_riscv_64_mlp$async_dispatch_4_elementwise_2_i8xf32,CPU_P,/root/mb_k1/gen/vmfb/mlp/spacemit_x60/RVV/mlp.q.int8/benchmarks/vmfb/module_mlp$async_dispatch_4_embedded_elf_riscv_64_benchmark.vmfb,60272,121629,121655,121739,110,61357,64,121629,121655,121739,26,84,61467
0,dronet2_dispatch_0,0,1,1,dronet2,dronet$async_dispatch_0_embedded_elf_riscv_64_dronet$async_dispatch_0_elementwise_3x112x112_f32xi8,CPU_P,/root/mb_k1/gen/vmfb/dronet/spacemit_x60/RVV/dronet.q.int8/benchmarks/vmfb/module_dronet$async_dispatch_0_embedded_elf_riscv_64_benchmark.vmfb,66600,121739,121760,122513,774,55139,583,121739,121760,122513,21,753,55913
0,mlp10_dispatch_0,0,1,1,mlp10,mlp$async_dispatch_0_embedded_elf_riscv_64_mlp$async_dispatch_0_elementwise_10_f32xi8,CPU_P,/root/mb_k1/gen/vmfb/mlp/spacemit_x60/RVV/mlp.q.int8/benchmarks/vmfb/module_mlp$async_dispatch_0_embedded_elf_riscv_64_benchmark.vmfb,100000,100000,122535,122613,22613,0,63,100000,122535,122613,22535,78,22613
0,mlp10_dispatch_1,1,1,1,mlp10,mlp$async_dispatch_1_embedded_elf_riscv_64_mlp$async_dispatch_1_matmul_1x32x10_i8xi8xi32,CPU_P,/root/mb_k1/gen/vmfb/mlp/spacemit_x60/RVV/mlp.q.int8/benchmarks/vmfb/module_mlp$async_dispatch_1_embedded_elf_riscv_64_benchmark.vmfb,100063,122613,122632,122705,92,22550,66,122613,122632,122705,19,73,22642
0,mlp11_dispatch_0,0,1,1,mlp11,mlp$async_dispatch_0_embedded_elf_riscv_64_mlp$async_dispatch_0_elementwise_10_f32xi8,CPU_P,/root/mb_k1/gen/vmfb/mlp/spacemit_x60/RVV/mlp.q.int8/benchmarks/vmfb/module_mlp$async_dispatch_0_embedded_elf_riscv_64_benchmark.vmfb,110000,110000,122723,122784,12784,0,63,110000,122723,122784,12723,61,12784
0,mlp11_dispatch_1,1,1,1,mlp11,mlp$async_dispatch_1_embedded_elf_riscv_64_mlp$async_dispatch_1_matmul_1x32x10_i8xi8xi32,CPU_P,/root/mb_k1/gen/vmfb/mlp/spacemit_x60/RVV/mlp.q.int8/benchmarks/vmfb/module_mlp$async_dispatch_1_embedded_elf_riscv_64_benchmark.vmfb,110063,122784,122801,122861,77,12721,66,122784,122801,122861,17,60,12798
0,mlp12_dispatch_0,0,1,1,mlp12,mlp$async_dispatch_0_embedded_elf_riscv_64_mlp$async_dispatch_0_elementwise_10_f32xi8,CPU_P,/root/mb_k1/gen/vmfb/mlp/spacemit_x60/RVV/mlp.q.int8/benchmarks/vmfb/module_mlp$async_dispatch_0_embedded_elf_riscv_64_benchmark.vmfb,120000,120000,122972,123049,3049,0,63,120000,122972,123049,2972,77,3049
0,mlp12_dispatch_1,1,1,1,mlp12,mlp$async_dispatch_1_embedded_elf_riscv_64_mlp$async_dispatch_1_matmul_1x32x10_i8xi8xi32,CPU_P,/root/mb_k1/gen/vmfb/mlp/spacemit_x60/RVV/mlp.q.int8/benchmarks/vmfb/module_mlp$async_dispatch_1_embedded_elf_riscv_64_benchmark.vmfb,120063,123049,123067,123123,74,2986,66,123049,123067,123123,18,56,3060
0,mlp13_dispatch_0,0,1,1,mlp13,mlp$async_dispatch_0_embedded_elf_riscv_64_mlp$async_dispatch_0_elementwise_10_f32xi8,CPU_P,/root/mb_k1/gen/vmfb/mlp/spacemit_x60/RVV/mlp.q.int8/benchmarks/vmfb/module_mlp$async_dispatch_0_embedded_elf_riscv_64_benchmark.vmfb,130000,130000,130002,130059,59,0,63,130000,130002,130059,2,57,59
0,mlp13_dispatch_1,1,1,1,mlp13,mlp$async_dispatch_1_embedded_elf_riscv_64_mlp$async_dispatch_1_matmul_1x32x10_i8xi8xi32,CPU_P,/root/mb_k1/gen/vmfb/mlp/spacemit_x60/RVV/mlp.q.int8/benchmarks/vmfb/module_mlp$async_dispatch_1_embedded_elf_riscv_64_benchmark.vmfb,130063,130059,130078,130132,73,0,66,130059,130078,130132,19,54,69
0,dronet0_dispatch_9,9,1,1,dronet0,dronet$async_dispatch_9_embedded_elf_riscv_64_dronet$async_dispatch_9_conv_64x7x7x64x3x3_i8xi8xi32,CPU_E,/root/mb_k1/gen/vmfb/dronet/spacemit_x60/RVV/dronet.q.int8/benchmarks/vmfb/module_dronet$async_dispatch_9_embedded_elf_riscv_64_benchmark.vmfb,68949,121542,121568,135713,14171,52593,13975,121542,121568,135713,26,14145,66764
0,mlp14_dispatch_0,0,1,1,mlp14,mlp$async_dispatch_0_embedded_elf_riscv_64_mlp$async_dispatch_0_elementwise_10_f32xi8,CPU_P,/root/mb_k1/gen/vmfb/mlp/spacemit_x60/RVV/mlp.q.int8/benchmarks/vmfb/module_mlp$async_dispatch_0_embedded_elf_riscv_64_benchmark.vmfb,140000,140000,140002,140068,68,0,63,140000,140002,140068,2,66,68
0,mlp14_dispatch_1,1,1,1,mlp14,mlp$async_dispatch_1_embedded_elf_riscv_64_mlp$async_dispatch_1_matmul_1x32x10_i8xi8xi32,CPU_P,/root/mb_k1/gen/vmfb/mlp/spacemit_x60/RVV/mlp.q.int8/benchmarks/vmfb/module_mlp$async_dispatch_1_embedded_elf_riscv_64_benchmark.vmfb,140063,140068,140089,140147,79,5,66,140068,140089,140147,21,58,84
0,mlp15_dispatch_0,0,1,1,mlp15,mlp$async_dispatch_0_embedded_elf_riscv_64_mlp$async_dispatch_0_elementwise_10_f32xi8,CPU_P,/root/mb_k1/gen/vmfb/mlp/spacemit_x60/RVV/mlp.q.int8/benchmarks/vmfb/module_mlp$async_dispatch_0_embedded_elf_riscv_64_benchmark.vmfb,150000,150000,150001,150062,62,0,63,150000,150001,150062,1,61,62
0,mlp15_dispatch_1,1,1,1,mlp15,mlp$async_dispatch_1_embedded_elf_riscv_64_mlp$async_dispatch_1_matmul_1x32x10_i8xi8xi32,CPU_P,/root/mb_k1/gen/vmfb/mlp/spacemit_x60/RVV/mlp.q.int8/benchmarks/vmfb/module_mlp$async_dispatch_1_embedded_elf_riscv_64_benchmark.vmfb,150063,150062,150081,150133,71,0,66,150062,150081,150133,19,52,70
0,dronet2_dispatch_1,1,1,1,dronet2,dronet$async_dispatch_1_embedded_elf_riscv_64_dronet$async_dispatch_1_conv_32x56x56x3x3x3_i8xi8xi32,CPU_E,/root/mb_k1/gen/vmfb/dronet/spacemit_x60/RVV/dronet.q.int8/benchmarks/vmfb/module_dronet$async_dispatch_1_embedded_elf_riscv_64_benchmark.vmfb,67182,122513,135743,158551,36038,55331,22767,122513,135743,158551,13230,22808,91369
0,mlp7_dispatch_2,2,1,1,mlp7,mlp$async_dispatch_2_embedded_elf_riscv_64_mlp$async_dispatch_2_matmul_1x32x32_i8xi8xi32,CPU_E,/root/mb_k1/gen/vmfb/mlp/spacemit_x60/RVV/mlp.q.int8/benchmarks/vmfb/module_mlp$async_dispatch_2_embedded_elf_riscv_64_benchmark.vmfb,70129,70259,158582,158683,88424,130,65,70259,158582,158683,88323,101,88554
0,mlp7_dispatch_3,3,1,1,mlp7,mlp$async_dispatch_3_embedded_elf_riscv_64_mlp$async_dispatch_3_matmul_1x2x32_i8xi8xi32,CPU_P,/root/mb_k1/gen/vmfb/mlp/spacemit_x60/RVV/mlp.q.int8/benchmarks/vmfb/module_mlp$async_dispatch_3_embedded_elf_riscv_64_benchmark.vmfb,70194,158683,160002,160100,1417,88489,78,158683,160002,160100,1319,98,89906
0,mlp7_dispatch_4,4,1,1,mlp7,mlp$async_dispatch_4_embedded_elf_riscv_64_mlp$async_dispatch_4_elementwise_2_i8xf32,CPU_P,/root/mb_k1/gen/vmfb/mlp/spacemit_x60/RVV/mlp.q.int8/benchmarks/vmfb/module_mlp$async_dispatch_4_embedded_elf_riscv_64_benchmark.vmfb,70272,160100,160200,160290,190,89828,64,160100,160200,160290,100,90,90018
0,mlp16_dispatch_0,0,1,1,mlp16,mlp$async_dispatch_0_embedded_elf_riscv_64_mlp$async_dispatch_0_elementwise_10_f32xi8,CPU_P,/root/mb_k1/gen/vmfb/mlp/spacemit_x60/RVV/mlp.q.int8/benchmarks/vmfb/module_mlp$async_dispatch_0_embedded_elf_riscv_64_benchmark.vmfb,160000,160000,160310,160367,367,0,63,160000,160310,160367,310,57,367
0,mlp16_dispatch_1,1,1,1,mlp16,mlp$async_dispatch_1_embedded_elf_riscv_64_mlp$async_dispatch_1_matmul_1x32x10_i8xi8xi32,CPU_P,/root/mb_k1/gen/vmfb/mlp/spacemit_x60/RVV/mlp.q.int8/benchmarks/vmfb/module_mlp$async_dispatch_1_embedded_elf_riscv_64_benchmark.vmfb,160063,160367,160385,160453,86,304,66,160367,160385,160453,18,68,390
0,mlp17_dispatch_0,0,1,1,mlp17,mlp$async_dispatch_0_embedded_elf_riscv_64_mlp$async_dispatch_0_elementwise_10_f32xi8,CPU_P,/root/mb_k1/gen/vmfb/mlp/spacemit_x60/RVV/mlp.q.int8/benchmarks/vmfb/module_mlp$async_dispatch_0_embedded_elf_riscv_64_benchmark.vmfb,170000,170000,170002,170082,82,0,63,170000,170002,170082,2,80,82
0,mlp17_dispatch_1,1,1,1,mlp17,mlp$async_dispatch_1_embedded_elf_riscv_64_mlp$async_dispatch_1_matmul_1x32x10_i8xi8xi32,CPU_P,/root/mb_k1/gen/vmfb/mlp/spacemit_x60/RVV/mlp.q.int8/benchmarks/vmfb/module_mlp$async_dispatch_1_embedded_elf_riscv_64_benchmark.vmfb,170063,170082,170101,170154,72,19,66,170082,170101,170154,19,53,91
0,dronet1_dispatch_5,5,1,1,dronet1,dronet$async_dispatch_5_embedded_elf_riscv_64_dronet$async_dispatch_5_conv_32x14x14x32x3x3_i8xi8xi32,CPU_E,/root/mb_k1/gen/vmfb/dronet/spacemit_x60/RVV/dronet.q.int8/benchmarks/vmfb/module_dronet$async_dispatch_5_embedded_elf_riscv_64_benchmark.vmfb,75380,111598,158705,174341,62743,36218,15683,111598,158705,174341,47107,15636,98961
0,mlp8_dispatch_2,2,1,1,mlp8,mlp$async_dispatch_2_embedded_elf_riscv_64_mlp$async_dispatch_2_matmul_1x32x32_i8xi8xi32,CPU_E,/root/mb_k1/gen/vmfb/mlp/spacemit_x60/RVV/mlp.q.int8/benchmarks/vmfb/module_mlp$async_dispatch_2_embedded_elf_riscv_64_benchmark.vmfb,80129,80167,174371,174446,94279,38,65,80167,174371,174446,94204,75,94317
0,mlp8_dispatch_3,3,1,1,mlp8,mlp$async_dispatch_3_embedded_elf_riscv_64_mlp$async_dispatch_3_matmul_1x2x32_i8xi8xi32,CPU_P,/root/mb_k1/gen/vmfb/mlp/spacemit_x60/RVV/mlp.q.int8/benchmarks/vmfb/module_mlp$async_dispatch_3_embedded_elf_riscv_64_benchmark.vmfb,80194,174446,174486,174562,116,94252,78,174446,174486,174562,40,76,94368
0,mlp8_dispatch_4,4,1,1,mlp8,mlp$async_dispatch_4_embedded_elf_riscv_64_mlp$async_dispatch_4_elementwise_2_i8xf32,CPU_P,/root/mb_k1/gen/vmfb/mlp/spacemit_x60/RVV/mlp.q.int8/benchmarks/vmfb/module_mlp$async_dispatch_4_embedded_elf_riscv_64_benchmark.vmfb,80272,174562,174584,174663,101,94290,64,174562,174584,174663,22,79,94391
0,dronet0_dispatch_10,10,1,1,dronet0,dronet$async_dispatch_10_embedded_elf_riscv_64_dronet$async_dispatch_10_reduction_64x7x7x32_i8xi8xi32,CPU_E,/root/mb_k1/gen/vmfb/dronet/spacemit_x60/RVV/dronet.q.int8/benchmarks/vmfb/module_dronet$async_dispatch_10_embedded_elf_riscv_64_benchmark.vmfb,82923,174446,174473,174948,502,91523,415,174446,174473,174948,27,475,92025
0,dronet0_dispatch_11,11,1,1,dronet0,dronet$async_dispatch_11_embedded_elf_riscv_64_dronet$async_dispatch_11_elementwise_64x7x7_i8xf32xi8,CPU_P,/root/mb_k1/gen/vmfb/dronet/spacemit_x60/RVV/dronet.q.int8/benchmarks/vmfb/module_dronet$async_dispatch_11_embedded_elf_riscv_64_benchmark.vmfb,83338,174948,174988,175261,313,91610,206,174948,174988,175261,40,273,91923
0,dronet2_dispatch_2,2,1,1,dronet2,dronet$async_dispatch_2_embedded_elf_riscv_64_dronet$async_dispatch_2_conv_32x27x27x3x3_f32,CPU_E,/root/mb_k1/gen/vmfb/dronet/spacemit_x60/RVV/dronet.q.int8/benchmarks/vmfb/module_dronet$async_dispatch_2_embedded_elf_riscv_64_benchmark.vmfb,89949,158551,174978,178236,19685,68602,3194,158551,174978,178236,16427,3258,88287
0,mlp18_dispatch_0,0,1,1,mlp18,mlp$async_dispatch_0_embedded_elf_riscv_64_mlp$async_dispatch_0_elementwise_10_f32xi8,CPU_P,/root/mb_k1/gen/vmfb/mlp/spacemit_x60/RVV/mlp.q.int8/benchmarks/vmfb/module_mlp$async_dispatch_0_embedded_elf_riscv_64_benchmark.vmfb,180000,180000,180002,180086,86,0,63,180000,180002,180086,2,84,86
0,mlp18_dispatch_1,1,1,1,mlp18,mlp$async_dispatch_1_embedded_elf_riscv_64_mlp$async_dispatch_1_matmul_1x32x10_i8xi8xi32,CPU_P,/root/mb_k1/gen/vmfb/mlp/spacemit_x60/RVV/mlp.q.int8/benchmarks/vmfb/module_mlp$async_dispatch_1_embedded_elf_riscv_64_benchmark.vmfb,180063,180086,180109,180174,88,23,66,180086,180109,180174,23,65,111
0,dronet0_dispatch_12,12,1,1,dronet0,dronet$async_dispatch_12_embedded_elf_riscv_64_dronet$async_dispatch_12_conv_128x4x4x64x3x3_i8xi8xi32,CPU_E,/root/mb_k1/gen/vmfb/dronet/spacemit_x60/RVV/dronet.q.int8/benchmarks/vmfb/module_dronet$async_dispatch_12_embedded_elf_riscv_64_benchmark.vmfb,83544,175261,178348,188666,13405,91717,9567,175261,178348,188666,3087,10318,105122
0,mlp9_dispatch_2,2,1,1,mlp9,mlp$async_dispatch_2_embedded_elf_riscv_64_mlp$async_dispatch_2_matmul_1x32x32_i8xi8xi32,CPU_E,/root/mb_k1/gen/vmfb/mlp/spacemit_x60/RVV/mlp.q.int8/benchmarks/vmfb/module_mlp$async_dispatch_2_embedded_elf_riscv_64_benchmark.vmfb,90129,91431,188693,188771,97340,1302,65,91431,188693,188771,97262,78,98642
0,mlp9_dispatch_3,3,1,1,mlp9,mlp$async_dispatch_3_embedded_elf_riscv_64_mlp$async_dispatch_3_matmul_1x2x32_i8xi8xi32,CPU_P,/root/mb_k1/gen/vmfb/mlp/spacemit_x60/RVV/mlp.q.int8/benchmarks/vmfb/module_mlp$async_dispatch_3_embedded_elf_riscv_64_benchmark.vmfb,90194,188771,190003,190096,1325,98577,78,188771,190003,190096,1232,93,99902
0,mlp9_dispatch_4,4,1,1,mlp9,mlp$async_dispatch_4_embedded_elf_riscv_64_mlp$async_dispatch_4_elementwise_2_i8xf32,CPU_P,/root/mb_k1/gen/vmfb/mlp/spacemit_x60/RVV/mlp.q.int8/benchmarks/vmfb/module_mlp$async_dispatch_4_embedded_elf_riscv_64_benchmark.vmfb,90272,190096,190117,190176,80,99824,64,190096,190117,190176,21,59,99904
0,dronet2_dispatch_3,3,1,1,dronet2,dronet$async_dispatch_3_embedded_elf_riscv_64_dronet$async_dispatch_3_elementwise_32x27x27_i8xf32xi8,CPU_P,/root/mb_k1/gen/vmfb/dronet/spacemit_x60/RVV/dronet.q.int8/benchmarks/vmfb/module_dronet$async_dispatch_3_embedded_elf_riscv_64_benchmark.vmfb,93143,190176,190196,191274,1098,97033,1024,190176,190196,191274,20,1078,98131
0,mlp19_dispatch_0,0,1,1,mlp19,mlp$async_dispatch_0_embedded_elf_riscv_64_mlp$async_dispatch_0_elementwise_10_f32xi8,CPU_P,/root/mb_k1/gen/vmfb/mlp/spacemit_x60/RVV/mlp.q.int8/benchmarks/vmfb/module_mlp$async_dispatch_0_embedded_elf_riscv_64_benchmark.vmfb,190000,190000,191294,191371,1371,0,63,190000,191294,191371,1294,77,1371
0,mlp19_dispatch_1,1,1,1,mlp19,mlp$async_dispatch_1_embedded_elf_riscv_64_mlp$async_dispatch_1_matmul_1x32x10_i8xi8xi32,CPU_P,/root/mb_k1/gen/vmfb/mlp/spacemit_x60/RVV/mlp.q.int8/benchmarks/vmfb/module_mlp$async_dispatch_1_embedded_elf_riscv_64_benchmark.vmfb,190063,191371,191390,191448,77,1308,66,191371,191390,191448,19,58,1385
0,dronet1_dispatch_6,6,1,1,dronet1,dronet$async_dispatch_6_embedded_elf_riscv_64_dronet$async_dispatch_6_reduction_32x14x14x32_i8xi8xi32,CPU_E,/root/mb_k1/gen/vmfb/dronet/spacemit_x60/RVV/dronet.q.int8/benchmarks/vmfb/module_dronet$async_dispatch_6_embedded_elf_riscv_64_benchmark.vmfb,91063,188771,188794,192541,3770,97708,3528,188771,188794,192541,23,3747,101478
0,mlp20_dispatch_0,0,1,1,mlp20,mlp$async_dispatch_0_embedded_elf_riscv_64_mlp$async_dispatch_0_elementwise_10_f32xi8,CPU_P,/root/mb_k1/gen/vmfb/mlp/spacemit_x60/RVV/mlp.q.int8/benchmarks/vmfb/module_mlp$async_dispatch_0_embedded_elf_riscv_64_benchmark.vmfb,200000,200000,200002,200064,64,0,63,200000,200002,200064,2,62,64
0,mlp20_dispatch_1,1,1,1,mlp20,mlp$async_dispatch_1_embedded_elf_riscv_64_mlp$async_dispatch_1_matmul_1x32x10_i8xi8xi32,CPU_P,/root/mb_k1/gen/vmfb/mlp/spacemit_x60/RVV/mlp.q.int8/benchmarks/vmfb/module_mlp$async_dispatch_1_embedded_elf_riscv_64_benchmark.vmfb,200063,200064,200085,200140,76,1,66,200064,200085,200140,21,55,77
0,mlp21_dispatch_0,0,1,1,mlp21,mlp$async_dispatch_0_embedded_elf_riscv_64_mlp$async_dispatch_0_elementwise_10_f32xi8,CPU_P,/root/mb_k1/gen/vmfb/mlp/spacemit_x60/RVV/mlp.q.int8/benchmarks/vmfb/module_mlp$async_dispatch_0_embedded_elf_riscv_64_benchmark.vmfb,210000,210000,210001,210065,65,0,63,210000,210001,210065,1,64,65
0,mlp21_dispatch_1,1,1,1,mlp21,mlp$async_dispatch_1_embedded_elf_riscv_64_mlp$async_dispatch_1_matmul_1x32x10_i8xi8xi32,CPU_P,/root/mb_k1/gen/vmfb/mlp/spacemit_x60/RVV/mlp.q.int8/benchmarks/vmfb/module_mlp$async_dispatch_1_embedded_elf_riscv_64_benchmark.vmfb,210063,210065,210084,210155,90,2,66,210065,210084,210155,19,71,92
0,dronet0_dispatch_13,13,1,1,dronet0,dronet$async_dispatch_13_embedded_elf_riscv_64_dronet$async_dispatch_13_conv_128x4x4x128x3x3_i8xi8xi32,CPU_E,/root/mb_k1/gen/vmfb/dronet/spacemit_x60/RVV/dronet.q.int8/benchmarks/vmfb/module_dronet$async_dispatch_13_embedded_elf_riscv_64_benchmark.vmfb,93143,188666,192571,210997,22331,95523,18288,188666,192571,210997,3905,18426,117854
0,mlp22_dispatch_0,0,1,1,mlp22,mlp$async_dispatch_0_embedded_elf_riscv_64_mlp$async_dispatch_0_elementwise_10_f32xi8,CPU_P,/root/mb_k1/gen/vmfb/mlp/spacemit_x60/RVV/mlp.q.int8/benchmarks/vmfb/module_mlp$async_dispatch_0_embedded_elf_riscv_64_benchmark.vmfb,220000,220000,220001,220090,90,0,63,220000,220001,220090,1,89,90
0,mlp22_dispatch_1,1,1,1,mlp22,mlp$async_dispatch_1_embedded_elf_riscv_64_mlp$async_dispatch_1_matmul_1x32x10_i8xi8xi32,CPU_P,/root/mb_k1/gen/vmfb/mlp/spacemit_x60/RVV/mlp.q.int8/benchmarks/vmfb/module_mlp$async_dispatch_1_embedded_elf_riscv_64_benchmark.vmfb,220063,220090,220113,220176,86,27,66,220090,220113,220176,23,63,113
0,dronet2_dispatch_4,4,1,1,dronet2,dronet$async_dispatch_4_embedded_elf_riscv_64_dronet$async_dispatch_4_conv_32x14x14x32x3x3_i8xi8xi32,CPU_E,/root/mb_k1/gen/vmfb/dronet/spacemit_x60/RVV/dronet.q.int8/benchmarks/vmfb/module_dronet$async_dispatch_4_embedded_elf_riscv_64_benchmark.vmfb,94167,191274,211026,225533,34259,97107,14513,191274,211026,225533,19752,14507,131366
0,dronet1_dispatch_7,7,1,1,dronet1,dronet$async_dispatch_7_embedded_elf_riscv_64_dronet$async_dispatch_7_elementwise_32x14x14_i8xf32xi8,CPU_E,/root/mb_k1/gen/vmfb/dronet/spacemit_x60/IME/dronet.q.int8/benchmarks/vmfb/module_dronet$async_dispatch_7_embedded_elf_riscv_64_benchmark.vmfb,94591,192541,225565,225906,33365,97950,303,192541,225565,225906,33024,341,131315
0,mlp23_dispatch_0,0,1,1,mlp23,mlp$async_dispatch_0_embedded_elf_riscv_64_mlp$async_dispatch_0_elementwise_10_f32xi8,CPU_P,/root/mb_k1/gen/vmfb/mlp/spacemit_x60/RVV/mlp.q.int8/benchmarks/vmfb/module_mlp$async_dispatch_0_embedded_elf_riscv_64_benchmark.vmfb,230000,230000,230002,230076,76,0,63,230000,230002,230076,2,74,76
0,mlp23_dispatch_1,1,1,1,mlp23,mlp$async_dispatch_1_embedded_elf_riscv_64_mlp$async_dispatch_1_matmul_1x32x10_i8xi8xi32,CPU_P,/root/mb_k1/gen/vmfb/mlp/spacemit_x60/RVV/mlp.q.int8/benchmarks/vmfb/module_mlp$async_dispatch_1_embedded_elf_riscv_64_benchmark.vmfb,230063,230076,230098,230176,100,13,66,230076,230098,230176,22,78,113
0,dronet1_dispatch_8,8,1,1,dronet1,dronet$async_dispatch_8_embedded_elf_riscv_64_dronet$async_dispatch_8_conv_64x7x7x32x3x3_i8xi8xi32,CPU_E,/root/mb_k1/gen/vmfb/dronet/spacemit_x60/RVV/dronet.q.int8/benchmarks/vmfb/module_dronet$async_dispatch_8_embedded_elf_riscv_64_benchmark.vmfb,94893,225906,225930,233298,7392,131013,7356,225906,225930,233298,24,7368,138405
0,mlp10_dispatch_2,2,1,1,mlp10,mlp$async_dispatch_2_embedded_elf_riscv_64_mlp$async_dispatch_2_matmul_1x32x32_i8xi8xi32,CPU_E,/root/mb_k1/gen/vmfb/mlp/spacemit_x60/RVV/mlp.q.int8/benchmarks/vmfb/module_mlp$async_dispatch_2_embedded_elf_riscv_64_benchmark.vmfb,100129,122705,233328,233411,110706,22576,65,122705,233328,233411,110623,83,133282
0,mlp10_dispatch_3,3,1,1,mlp10,mlp$async_dispatch_3_embedded_elf_riscv_64_mlp$async_dispatch_3_matmul_1x2x32_i8xi8xi32,CPU_P,/root/mb_k1/gen/vmfb/mlp/spacemit_x60/RVV/mlp.q.int8/benchmarks/vmfb/module_mlp$async_dispatch_3_embedded_elf_riscv_64_benchmark.vmfb,100194,233411,233450,233521,110,133217,78,233411,233450,233521,39,71,133327
0,mlp10_dispatch_4,4,1,1,mlp10,mlp$async_dispatch_4_embedded_elf_riscv_64_mlp$async_dispatch_4_elementwise_2_i8xf32,CPU_P,/root/mb_k1/gen/vmfb/mlp/spacemit_x60/RVV/mlp.q.int8/benchmarks/vmfb/module_mlp$async_dispatch_4_embedded_elf_riscv_64_benchmark.vmfb,100272,233521,233617,233683,162,133249,64,233521,233617,233683,96,66,133411
0,mlp24_dispatch_0,0,1,1,mlp24,mlp$async_dispatch_0_embedded_elf_riscv_64_mlp$async_dispatch_0_elementwise_10_f32xi8,CPU_P,/root/mb_k1/gen/vmfb/mlp/spacemit_x60/RVV/mlp.q.int8/benchmarks/vmfb/module_mlp$async_dispatch_0_embedded_elf_riscv_64_benchmark.vmfb,240000,240000,240002,240060,60,0,63,240000,240002,240060,2,58,60
0,mlp24_dispatch_1,1,1,1,mlp24,mlp$async_dispatch_1_embedded_elf_riscv_64_mlp$async_dispatch_1_matmul_1x32x10_i8xi8xi32,CPU_P,/root/mb_k1/gen/vmfb/mlp/spacemit_x60/RVV/mlp.q.int8/benchmarks/vmfb/module_mlp$async_dispatch_1_embedded_elf_riscv_64_benchmark.vmfb,240063,240060,240078,240154,94,0,66,240060,240078,240154,18,76,91
0,dronet1_dispatch_9,9,1,1,dronet1,dronet$async_dispatch_9_embedded_elf_riscv_64_dronet$async_dispatch_9_conv_64x7x7x64x3x3_i8xi8xi32,CPU_E,/root/mb_k1/gen/vmfb/dronet/spacemit_x60/RVV/dronet.q.int8/benchmarks/vmfb/module_dronet$async_dispatch_9_embedded_elf_riscv_64_benchmark.vmfb,102249,233298,233439,247422,14124,131049,13975,233298,233439,247422,141,13983,145173
0,mlp25_dispatch_0,0,1,1,mlp25,mlp$async_dispatch_0_embedded_elf_riscv_64_mlp$async_dispatch_0_elementwise_10_f32xi8,CPU_P,/root/mb_k1/gen/vmfb/mlp/spacemit_x60/RVV/mlp.q.int8/benchmarks/vmfb/module_mlp$async_dispatch_0_embedded_elf_riscv_64_benchmark.vmfb,250000,250000,250002,250063,63,0,63,250000,250002,250063,2,61,63
0,mlp25_dispatch_1,1,1,1,mlp25,mlp$async_dispatch_1_embedded_elf_riscv_64_mlp$async_dispatch_1_matmul_1x32x10_i8xi8xi32,CPU_P,/root/mb_k1/gen/vmfb/mlp/spacemit_x60/RVV/mlp.q.int8/benchmarks/vmfb/module_mlp$async_dispatch_1_embedded_elf_riscv_64_benchmark.vmfb,250063,250063,250083,250157,94,0,66,250063,250083,250157,20,74,94
0,mlp26_dispatch_0,0,1,1,mlp26,mlp$async_dispatch_0_embedded_elf_riscv_64_mlp$async_dispatch_0_elementwise_10_f32xi8,CPU_P,/root/mb_k1/gen/vmfb/mlp/spacemit_x60/RVV/mlp.q.int8/benchmarks/vmfb/module_mlp$async_dispatch_0_embedded_elf_riscv_64_benchmark.vmfb,260000,260000,260002,260079,79,0,63,260000,260002,260079,2,77,79
0,mlp26_dispatch_1,1,1,1,mlp26,mlp$async_dispatch_1_embedded_elf_riscv_64_mlp$async_dispatch_1_matmul_1x32x10_i8xi8xi32,CPU_P,/root/mb_k1/gen/vmfb/mlp/spacemit_x60/RVV/mlp.q.int8/benchmarks/vmfb/module_mlp$async_dispatch_1_embedded_elf_riscv_64_benchmark.vmfb,260063,260079,260097,260154,75,16,66,260079,260097,260154,18,57,91
0,dronet2_dispatch_5,5,1,1,dronet2,dronet$async_dispatch_5_embedded_elf_riscv_64_dronet$async_dispatch_5_conv_32x14x14x32x3x3_i8xi8xi32,CPU_E,/root/mb_k1/gen/vmfb/dronet/spacemit_x60/RVV/dronet.q.int8/benchmarks/vmfb/module_dronet$async_dispatch_5_embedded_elf_riscv_64_benchmark.vmfb,108679,225533,247451,263089,37556,116854,15683,225533,247451,263089,21918,15638,154410
0,mlp11_dispatch_2,2,1,1,mlp11,mlp$async_dispatch_2_embedded_elf_riscv_64_mlp$async_dispatch_2_matmul_1x32x32_i8xi8xi32,CPU_E,/root/mb_k1/gen/vmfb/mlp/spacemit_x60/RVV/mlp.q.int8/benchmarks/vmfb/module_mlp$async_dispatch_2_embedded_elf_riscv_64_benchmark.vmfb,110129,122861,263125,263204,140343,12732,65,122861,263125,263204,140264,79,153075
0,mlp12_dispatch_2,2,1,1,mlp12,mlp$async_dispatch_2_embedded_elf_riscv_64_mlp$async_dispatch_2_matmul_1x32x32_i8xi8xi32,CPU_E,/root/mb_k1/gen/vmfb/mlp/spacemit_x60/RVV/mlp.q.int8/benchmarks/vmfb/module_mlp$async_dispatch_2_embedded_elf_riscv_64_benchmark.vmfb,120129,123123,263232,263304,140181,2994,65,123123,263232,263304,140109,72,143175
0,mlp11_dispatch_3,3,1,1,mlp11,mlp$async_dispatch_3_embedded_elf_riscv_64_mlp$async_dispatch_3_matmul_1x2x32_i8xi8xi32,CPU_P,/root/mb_k1/gen/vmfb/mlp/spacemit_x60/RVV/mlp.q.int8/benchmarks/vmfb/module_mlp$async_dispatch_3_embedded_elf_riscv_64_benchmark.vmfb,110194,263204,263243,263318,114,153010,78,263204,263243,263318,39,75,153124
0,mlp11_dispatch_4,4,1,1,mlp11,mlp$async_dispatch_4_embedded_elf_riscv_64_mlp$async_dispatch_4_elementwise_2_i8xf32,CPU_P,/root/mb_k1/gen/vmfb/mlp/spacemit_x60/RVV/mlp.q.int8/benchmarks/vmfb/module_mlp$async_dispatch_4_embedded_elf_riscv_64_benchmark.vmfb,110272,263318,263402,263487,169,153046,64,263318,263402,263487,84,85,153215
0,dronet0_dispatch_14,14,1,1,dronet0,dronet$async_dispatch_14_embedded_elf_riscv_64_dronet$async_dispatch_14_reduction_128x4x4x64_i8xi8xi32,CPU_P,/root/mb_k1/gen/vmfb/dronet/spacemit_x60/IME/dronet.q.int8/benchmarks/vmfb/module_dronet$async_dispatch_14_embedded_elf_riscv_64_benchmark.vmfb,111431,263487,263508,264542,1055,152056,978,263487,263508,264542,21,1034,153111
0,mlp12_dispatch_3,3,1,1,mlp12,mlp$async_dispatch_3_embedded_elf_riscv_64_mlp$async_dispatch_3_matmul_1x2x32_i8xi8xi32,CPU_P,/root/mb_k1/gen/vmfb/mlp/spacemit_x60/RVV/mlp.q.int8/benchmarks/vmfb/module_mlp$async_dispatch_3_embedded_elf_riscv_64_benchmark.vmfb,120194,263304,264562,264634,1330,143110,78,263304,264562,264634,1258,72,144440
0,mlp12_dispatch_4,4,1,1,mlp12,mlp$async_dispatch_4_embedded_elf_riscv_64_mlp$async_dispatch_4_elementwise_2_i8xf32,CPU_P,/root/mb_k1/gen/vmfb/mlp/spacemit_x60/RVV/mlp.q.int8/benchmarks/vmfb/module_mlp$async_dispatch_4_embedded_elf_riscv_64_benchmark.vmfb,120272,264634,264652,264714,80,144362,64,264634,264652,264714,18,62,144442
0,dronet3_dispatch_2,2,1,1,dronet3,dronet$async_dispatch_2_embedded_elf_riscv_64_dronet$async_dispatch_2_conv_32x27x27x3x3_f32,CPU_E,/root/mb_k1/gen/vmfb/dronet/spacemit_x60/RVV/dronet.q.int8/benchmarks/vmfb/module_dronet$async_dispatch_2_embedded_elf_riscv_64_benchmark.vmfb,123348,263304,263328,266595,3291,139956,3194,263304,263328,266595,24,3267,143247
0,dronet0_dispatch_15,15,1,1,dronet0,dronet$async_dispatch_15_embedded_elf_riscv_64_dronet$async_dispatch_15_elementwise_2048_f32xi8,CPU_E,/root/mb_k1/gen/vmfb/dronet/spacemit_x60/RVV/dronet.q.int8/benchmarks/vmfb/module_dronet$async_dispatch_15_embedded_elf_riscv_64_benchmark.vmfb,112749,264542,266627,266815,2273,151793,117,264542,266627,266815,2085,188,154066
0,dronet1_dispatch_10,10,1,1,dronet1,dronet$async_dispatch_10_embedded_elf_riscv_64_dronet$async_dispatch_10_reduction_64x7x7x32_i8xi8xi32,CPU_E,/root/mb_k1/gen/vmfb/dronet/spacemit_x60/RVV/dronet.q.int8/benchmarks/vmfb/module_dronet$async_dispatch_10_embedded_elf_riscv_64_benchmark.vmfb,116223,266815,266841,267390,575,150592,415,266815,266841,267390,26,549,151167
0,dronet3_dispatch_3,3,1,1,dronet3,dronet$async_dispatch_3_embedded_elf_riscv_64_dronet$async_dispatch_3_elementwise_32x27x27_i8xf32xi8,CPU_P,/root/mb_k1/gen/vmfb/dronet/spacemit_x60/RVV/dronet.q.int8/benchmarks/vmfb/module_dronet$async_dispatch_3_embedded_elf_riscv_64_benchmark.vmfb,126542,266595,266639,267729,1134,140053,1024,266595,266639,267729,44,1090,141187
0,dronet0_dispatch_16_1,16,1,1,dronet0,dronet$async_dispatch_16_embedded_elf_riscv_64_dronet$async_dispatch_16_matmul_1x1x2048_i8xi8xi32,CPU_P,/root/mb_k1/gen/vmfb/dronet/spacemit_x60/scalar/dronet.q.int8/benchmarks/vmfb/module_dronet$async_dispatch_16_embedded_elf_riscv_64_benchmark.vmfb,112866,266815,267753,267887,1072,153949,92,266815,267753,267887,938,134,155021
0,dronet0_dispatch_16_2,16,1,1,dronet0,dronet$async_dispatch_16_embedded_elf_riscv_64_dronet$async_dispatch_16_matmul_1x1x2048_i8xi8xi32,CPU_P,/root/mb_k1/gen/vmfb/dronet/spacemit_x60/scalar/dronet.q.int8/benchmarks/vmfb/module_dronet$async_dispatch_16_embedded_elf_riscv_64_benchmark.vmfb,112866,266815,267908,267996,1181,153949,92,266815,267908,267996,1093,88,155130
0,dronet0_dispatch_18,18,1,1,dronet0,dronet$async_dispatch_18_embedded_elf_riscv_64_dronet$async_dispatch_18_elementwise,CPU_P,/root/mb_k1/gen/vmfb/dronet/spacemit_x60/scalar/dronet.q.int8/benchmarks/vmfb/module_dronet$async_dispatch_18_embedded_elf_riscv_64_benchmark.vmfb,112986,267887,268014,268096,209,154901,64,267887,268014,268096,127,82,155110
0,dronet0_dispatch_19,19,1,1,dronet0,dronet$async_dispatch_19_embedded_elf_riscv_64_dronet$async_dispatch_19_elementwise,CPU_P,/root/mb_k1/gen/vmfb/dronet/spacemit_x60/RVV/dronet.q.int8/benchmarks/vmfb/module_dronet$async_dispatch_19_embedded_elf_riscv_64_benchmark.vmfb,112986,267996,268114,268181,185,155010,63,267996,268114,268181,118,67,155195
0,dronet1_dispatch_11,11,1,1,dronet1,dronet$async_dispatch_11_embedded_elf_riscv_64_dronet$async_dispatch_11_elementwise_64x7x7_i8xf32xi8,CPU_P,/root/mb_k1/gen/vmfb/dronet/spacemit_x60/RVV/dronet.q.int8/benchmarks/vmfb/module_dronet$async_dispatch_11_embedded_elf_riscv_64_benchmark.vmfb,116638,268181,268267,268496,315,151543,206,268181,268267,268496,86,229,151858
0,mlp27_dispatch_0,0,1,1,mlp27,mlp$async_dispatch_0_embedded_elf_riscv_64_mlp$async_dispatch_0_elementwise_10_f32xi8,CPU_P,/root/mb_k1/gen/vmfb/mlp/spacemit_x60/RVV/mlp.q.int8/benchmarks/vmfb/module_mlp$async_dispatch_0_embedded_elf_riscv_64_benchmark.vmfb,270000,270000,270001,270067,67,0,63,270000,270001,270067,1,66,67
0,mlp27_dispatch_1,1,1,1,mlp27,mlp$async_dispatch_1_embedded_elf_riscv_64_mlp$async_dispatch_1_matmul_1x32x10_i8xi8xi32,CPU_P,/root/mb_k1/gen/vmfb/mlp/spacemit_x60/RVV/mlp.q.int8/benchmarks/vmfb/module_mlp$async_dispatch_1_embedded_elf_riscv_64_benchmark.vmfb,270063,270067,270086,270144,77,4,66,270067,270086,270144,19,58,81
0,dronet2_dispatch_6,6,1,1,dronet2,dronet$async_dispatch_6_embedded_elf_riscv_64_dronet$async_dispatch_6_reduction_32x14x14x32_i8xi8xi32,CPU_E,/root/mb_k1/gen/vmfb/dronet/spacemit_x60/RVV/dronet.q.int8/benchmarks/vmfb/module_dronet$async_dispatch_6_embedded_elf_riscv_64_benchmark.vmfb,124362,263089,267414,271198,8109,138727,3528,263089,267414,271198,4325,3784,146836
0,mlp28_dispatch_0,0,1,1,mlp28,mlp$async_dispatch_0_embedded_elf_riscv_64_mlp$async_dispatch_0_elementwise_10_f32xi8,CPU_P,/root/mb_k1/gen/vmfb/mlp/spacemit_x60/RVV/mlp.q.int8/benchmarks/vmfb/module_mlp$async_dispatch_0_embedded_elf_riscv_64_benchmark.vmfb,280000,280000,280002,280080,80,0,63,280000,280002,280080,2,78,80
0,mlp28_dispatch_1,1,1,1,mlp28,mlp$async_dispatch_1_embedded_elf_riscv_64_mlp$async_dispatch_1_matmul_1x32x10_i8xi8xi32,CPU_P,/root/mb_k1/gen/vmfb/mlp/spacemit_x60/RVV/mlp.q.int8/benchmarks/vmfb/module_mlp$async_dispatch_1_embedded_elf_riscv_64_benchmark.vmfb,280063,280080,280101,280174,94,17,66,280080,280101,280174,21,73,111
0,dronet1_dispatch_12,12,1,1,dronet1,dronet$async_dispatch_12_embedded_elf_riscv_64_dronet$async_dispatch_12_conv_128x4x4x64x3x3_i8xi8xi32,CPU_E,/root/mb_k1/gen/vmfb/dronet/spacemit_x60/RVV/dronet.q.int8/benchmarks/vmfb/module_dronet$async_dispatch_12_embedded_elf_riscv_64_benchmark.vmfb,116844,268496,271230,281263,12767,151652,9567,268496,271230,281263,2734,10033,164419
0,dronet3_dispatch_4,4,1,1,dronet3,dronet$async_dispatch_4_embedded_elf_riscv_64_dronet$async_dispatch_4_conv_32x14x14x32x3x3_i8xi8xi32,CPU_E,/root/mb_k1/gen/vmfb/dronet/spacemit_x60/RVV/dronet.q.int8/benchmarks/vmfb/module_dronet$async_dispatch_4_embedded_elf_riscv_64_benchmark.vmfb,127566,267729,281293,299459,31730,140163,14513,267729,281293,299459,13564,18166,171893
0,dronet2_dispatch_7,7,1,1,dronet2,dronet$async_dispatch_7_embedded_elf_riscv_64_dronet$async_dispatch_7_elementwise_32x14x14_i8xf32xi8,CPU_E,/root/mb_k1/gen/vmfb/dronet/spacemit_x60/IME/dronet.q.int8/benchmarks/vmfb/module_dronet$async_dispatch_7_embedded_elf_riscv_64_benchmark.vmfb,127890,271198,299485,299824,28626,143308,303,271198,299485,299824,28287,339,171934
0,dronet1_dispatch_13,13,1,1,dronet1,dronet$async_dispatch_13_embedded_elf_riscv_64_dronet$async_dispatch_13_conv_128x4x4x128x3x3_i8xi8xi32,CPU_P,/root/mb_k1/gen/vmfb/dronet/spacemit_x60/RVV/dronet.q.int8/benchmarks/vmfb/module_dronet$async_dispatch_13_embedded_elf_riscv_64_benchmark.vmfb,126411,281263,281302,302270,21007,154852,18327,281263,281302,302270,39,20968,175859
0,mlp29_dispatch_0,0,1,1,mlp29,mlp$async_dispatch_0_embedded_elf_riscv_64_mlp$async_dispatch_0_elementwise_10_f32xi8,CPU_P,/root/mb_k1/gen/vmfb/mlp/spacemit_x60/RVV/mlp.q.int8/benchmarks/vmfb/module_mlp$async_dispatch_0_embedded_elf_riscv_64_benchmark.vmfb,290000,290000,302293,302386,12386,0,63,290000,302293,302386,12293,93,12386
0,mlp29_dispatch_1,1,1,1,mlp29,mlp$async_dispatch_1_embedded_elf_riscv_64_mlp$async_dispatch_1_matmul_1x32x10_i8xi8xi32,CPU_P,/root/mb_k1/gen/vmfb/mlp/spacemit_x60/RVV/mlp.q.int8/benchmarks/vmfb/module_mlp$async_dispatch_1_embedded_elf_riscv_64_benchmark.vmfb,290063,302386,302405,302523,137,12323,66,302386,302405,302523,19,118,12460
0,mlp30_dispatch_0,0,1,1,mlp30,mlp$async_dispatch_0_embedded_elf_riscv_64_mlp$async_dispatch_0_elementwise_10_f32xi8,CPU_P,/root/mb_k1/gen/vmfb/mlp/spacemit_x60/RVV/mlp.q.int8/benchmarks/vmfb/module_mlp$async_dispatch_0_embedded_elf_riscv_64_benchmark.vmfb,300000,300000,302624,302696,2696,0,63,300000,302624,302696,2624,72,2696
0,mlp30_dispatch_1,1,1,1,mlp30,mlp$async_dispatch_1_embedded_elf_riscv_64_mlp$async_dispatch_1_matmul_1x32x10_i8xi8xi32,CPU_P,/root/mb_k1/gen/vmfb/mlp/spacemit_x60/RVV/mlp.q.int8/benchmarks/vmfb/module_mlp$async_dispatch_1_embedded_elf_riscv_64_benchmark.vmfb,300063,302696,302715,302781,85,2633,66,302696,302715,302781,19,66,2718
0,dronet2_dispatch_8,8,1,1,dronet2,dronet$async_dispatch_8_embedded_elf_riscv_64_dronet$async_dispatch_8_conv_64x7x7x32x3x3_i8xi8xi32,CPU_E,/root/mb_k1/gen/vmfb/dronet/spacemit_x60/RVV/dronet.q.int8/benchmarks/vmfb/module_dronet$async_dispatch_8_embedded_elf_riscv_64_benchmark.vmfb,128193,299824,299847,307770,7946,171631,7356,299824,299847,307770,23,7923,179577
0,mlp13_dispatch_2,2,1,1,mlp13,mlp$async_dispatch_2_embedded_elf_riscv_64_mlp$async_dispatch_2_matmul_1x32x32_i8xi8xi32,CPU_E,/root/mb_k1/gen/vmfb/mlp/spacemit_x60/RVV/mlp.q.int8/benchmarks/vmfb/module_mlp$async_dispatch_2_embedded_elf_riscv_64_benchmark.vmfb,130129,130132,307802,307895,177763,3,65,130132,307802,307895,177670,93,177766
0,mlp13_dispatch_3,3,1,1,mlp13,mlp$async_dispatch_3_embedded_elf_riscv_64_mlp$async_dispatch_3_matmul_1x2x32_i8xi8xi32,CPU_P,/root/mb_k1/gen/vmfb/mlp/spacemit_x60/RVV/mlp.q.int8/benchmarks/vmfb/module_mlp$async_dispatch_3_embedded_elf_riscv_64_benchmark.vmfb,130194,307895,310002,310098,2203,177701,78,307895,310002,310098,2107,96,179904
0,mlp13_dispatch_4,4,1,1,mlp13,mlp$async_dispatch_4_embedded_elf_riscv_64_mlp$async_dispatch_4_elementwise_2_i8xf32,CPU_P,/root/mb_k1/gen/vmfb/mlp/spacemit_x60/RVV/mlp.q.int8/benchmarks/vmfb/module_mlp$async_dispatch_4_embedded_elf_riscv_64_benchmark.vmfb,130272,310098,310119,310182,84,179826,64,310098,310119,310182,21,63,179910
0,dronet4_dispatch_0,0,1,1,dronet4,dronet$async_dispatch_0_embedded_elf_riscv_64_dronet$async_dispatch_0_elementwise_3x112x112_f32xi8,CPU_P,/root/mb_k1/gen/vmfb/dronet/spacemit_x60/RVV/dronet.q.int8/benchmarks/vmfb/module_dronet$async_dispatch_0_embedded_elf_riscv_64_benchmark.vmfb,133200,310182,310201,310949,767,176982,583,310182,310201,310949,19,748,177749
0,mlp31_dispatch_0,0,1,1,mlp31,mlp$async_dispatch_0_embedded_elf_riscv_64_mlp$async_dispatch_0_elementwise_10_f32xi8,CPU_P,/root/mb_k1/gen/vmfb/mlp/spacemit_x60/RVV/mlp.q.int8/benchmarks/vmfb/module_mlp$async_dispatch_0_embedded_elf_riscv_64_benchmark.vmfb,310000,310000,310969,311044,1044,0,63,310000,310969,311044,969,75,1044
0,mlp31_dispatch_1,1,1,1,mlp31,mlp$async_dispatch_1_embedded_elf_riscv_64_mlp$async_dispatch_1_matmul_1x32x10_i8xi8xi32,CPU_P,/root/mb_k1/gen/vmfb/mlp/spacemit_x60/RVV/mlp.q.int8/benchmarks/vmfb/module_mlp$async_dispatch_1_embedded_elf_riscv_64_benchmark.vmfb,310063,311044,311063,311121,77,981,66,311044,311063,311121,19,58,1058
0,dronet2_dispatch_9,9,1,1,dronet2,dronet$async_dispatch_9_embedded_elf_riscv_64_dronet$async_dispatch_9_conv_64x7x7x64x3x3_i8xi8xi32,CPU_E,/root/mb_k1/gen/vmfb/dronet/spacemit_x60/RVV/dronet.q.int8/benchmarks/vmfb/module_dronet$async_dispatch_9_embedded_elf_riscv_64_benchmark.vmfb,135549,307770,307919,322119,14349,172221,13975,307770,307919,322119,149,14200,186570
0,dronet4_dispatch_1,1,1,1,dronet4,dronet$async_dispatch_1_embedded_elf_riscv_64_dronet$async_dispatch_1_conv_32x56x56x3x3x3_i8xi8xi32,CPU_E,/root/mb_k1/gen/vmfb/dronet/spacemit_x60/RVV/dronet.q.int8/benchmarks/vmfb/module_dronet$async_dispatch_1_embedded_elf_riscv_64_benchmark.vmfb,133783,310949,322152,344961,34012,177166,22767,310949,322152,344961,11203,22809,211178
0,mlp14_dispatch_2,2,1,1,mlp14,mlp$async_dispatch_2_embedded_elf_riscv_64_mlp$async_dispatch_2_matmul_1x32x32_i8xi8xi32,CPU_E,/root/mb_k1/gen/vmfb/mlp/spacemit_x60/RVV/mlp.q.int8/benchmarks/vmfb/module_mlp$async_dispatch_2_embedded_elf_riscv_64_benchmark.vmfb,140129,140147,345094,345187,205040,18,65,140147,345094,345187,204947,93,205058
0,mlp14_dispatch_3,3,1,1,mlp14,mlp$async_dispatch_3_embedded_elf_riscv_64_mlp$async_dispatch_3_matmul_1x2x32_i8xi8xi32,CPU_P,/root/mb_k1/gen/vmfb/mlp/spacemit_x60/RVV/mlp.q.int8/benchmarks/vmfb/module_mlp$async_dispatch_3_embedded_elf_riscv_64_benchmark.vmfb,140194,345187,345221,345298,111,204993,78,345187,345221,345298,34,77,205104
0,mlp14_dispatch_4,4,1,1,mlp14,mlp$async_dispatch_4_embedded_elf_riscv_64_mlp$async_dispatch_4_elementwise_2_i8xf32,CPU_P,/root/mb_k1/gen/vmfb/mlp/spacemit_x60/RVV/mlp.q.int8/benchmarks/vmfb/module_mlp$async_dispatch_4_embedded_elf_riscv_64_benchmark.vmfb,140272,345298,345320,345379,81,205026,64,345298,345320,345379,22,59,205107
0,dronet1_dispatch_14,14,1,1,dronet1,dronet$async_dispatch_14_embedded_elf_riscv_64_dronet$async_dispatch_14_reduction_128x4x4x64_i8xi8xi32,CPU_P,/root/mb_k1/gen/vmfb/dronet/spacemit_x60/IME/dronet.q.int8/benchmarks/vmfb/module_dronet$async_dispatch_14_embedded_elf_riscv_64_benchmark.vmfb,144737,345379,345399,346383,1004,200642,978,345379,345399,346383,20,984,201646
0,dronet3_dispatch_5,5,1,1,dronet3,dronet$async_dispatch_5_embedded_elf_riscv_64_dronet$async_dispatch_5_conv_32x14x14x32x3x3_i8xi8xi32,CPU_E,/root/mb_k1/gen/vmfb/dronet/spacemit_x60/RVV/dronet.q.int8/benchmarks/vmfb/module_dronet$async_dispatch_5_embedded_elf_riscv_64_benchmark.vmfb,142079,299459,345213,362783,63324,157380,15683,299459,345213,362783,45754,17570,220704
0,dronet1_dispatch_15,15,1,1,dronet1,dronet$async_dispatch_15_embedded_elf_riscv_64_dronet$async_dispatch_15_elementwise_2048_f32xi8,CPU_E,/root/mb_k1/gen/vmfb/dronet/spacemit_x60/RVV/dronet.q.int8/benchmarks/vmfb/module_dronet$async_dispatch_15_embedded_elf_riscv_64_benchmark.vmfb,146056,346383,362813,362949,16566,200327,117,346383,362813,362949,16430,136,216893
0,dronet1_dispatch_16_1,16,1,1,dronet1,dronet$async_dispatch_16_embedded_elf_riscv_64_dronet$async_dispatch_16_matmul_1x1x2048_i8xi8xi32,CPU_P,/root/mb_k1/gen/vmfb/dronet/spacemit_x60/scalar/dronet.q.int8/benchmarks/vmfb/module_dronet$async_dispatch_16_embedded_elf_riscv_64_benchmark.vmfb,146173,362949,362988,363088,139,216776,92,362949,362988,363088,39,100,216915
0,dronet1_dispatch_16_2,16,1,1,dronet1,dronet$async_dispatch_16_embedded_elf_riscv_64_dronet$async_dispatch_16_matmul_1x1x2048_i8xi8xi32,CPU_P,/root/mb_k1/gen/vmfb/dronet/spacemit_x60/scalar/dronet.q.int8/benchmarks/vmfb/module_dronet$async_dispatch_16_embedded_elf_riscv_64_benchmark.vmfb,146173,362949,363111,363197,248,216776,92,362949,363111,363197,162,86,217024
0,dronet1_dispatch_18,18,1,1,dronet1,dronet$async_dispatch_18_embedded_elf_riscv_64_dronet$async_dispatch_18_elementwise,CPU_P,/root/mb_k1/gen/vmfb/dronet/spacemit_x60/scalar/dronet.q.int8/benchmarks/vmfb/module_dronet$async_dispatch_18_embedded_elf_riscv_64_benchmark.vmfb,146293,363088,363217,363285,197,216795,64,363088,363217,363285,129,68,216992
0,dronet1_dispatch_19,19,1,1,dronet1,dronet$async_dispatch_19_embedded_elf_riscv_64_dronet$async_dispatch_19_elementwise,CPU_P,/root/mb_k1/gen/vmfb/dronet/spacemit_x60/RVV/dronet.q.int8/benchmarks/vmfb/module_dronet$async_dispatch_19_embedded_elf_riscv_64_benchmark.vmfb,146293,363197,363303,363373,176,216904,63,363197,363303,363373,106,70,217080
0,dronet2_dispatch_10,10,1,1,dronet2,dronet$async_dispatch_10_embedded_elf_riscv_64_dronet$async_dispatch_10_reduction_64x7x7x32_i8xi8xi32,CPU_E,/root/mb_k1/gen/vmfb/dronet/spacemit_x60/RVV/dronet.q.int8/benchmarks/vmfb/module_dronet$async_dispatch_10_embedded_elf_riscv_64_benchmark.vmfb,149523,362949,362978,363460,511,213426,415,362949,362978,363460,29,482,213937
0,mlp15_dispatch_2,2,1,1,mlp15,mlp$async_dispatch_2_embedded_elf_riscv_64_mlp$async_dispatch_2_matmul_1x32x32_i8xi8xi32,CPU_E,/root/mb_k1/gen/vmfb/mlp/spacemit_x60/RVV/mlp.q.int8/benchmarks/vmfb/module_mlp$async_dispatch_2_embedded_elf_riscv_64_benchmark.vmfb,150129,150133,363488,363566,213433,4,65,150133,363488,363566,213355,78,213437
0,dronet2_dispatch_11,11,1,1,dronet2,dronet$async_dispatch_11_embedded_elf_riscv_64_dronet$async_dispatch_11_elementwise_64x7x7_i8xf32xi8,CPU_P,/root/mb_k1/gen/vmfb/dronet/spacemit_x60/RVV/dronet.q.int8/benchmarks/vmfb/module_dronet$async_dispatch_11_embedded_elf_riscv_64_benchmark.vmfb,149938,363460,363498,363742,282,213522,206,363460,363498,363742,38,244,213804
0,mlp15_dispatch_3,3,1,1,mlp15,mlp$async_dispatch_3_embedded_elf_riscv_64_mlp$async_dispatch_3_matmul_1x2x32_i8xi8xi32,CPU_P,/root/mb_k1/gen/vmfb/mlp/spacemit_x60/RVV/mlp.q.int8/benchmarks/vmfb/module_mlp$async_dispatch_3_embedded_elf_riscv_64_benchmark.vmfb,150194,363566,363766,363826,260,213372,78,363566,363766,363826,200,60,213632
0,mlp15_dispatch_4,4,1,1,mlp15,mlp$async_dispatch_4_embedded_elf_riscv_64_mlp$async_dispatch_4_elementwise_2_i8xf32,CPU_P,/root/mb_k1/gen/vmfb/mlp/spacemit_x60/RVV/mlp.q.int8/benchmarks/vmfb/module_mlp$async_dispatch_4_embedded_elf_riscv_64_benchmark.vmfb,150272,363826,363845,363915,89,213554,64,363826,363845,363915,19,70,213643
0,dronet4_dispatch_2,2,1,1,dronet4,dronet$async_dispatch_2_embedded_elf_riscv_64_dronet$async_dispatch_2_conv_32x27x27x3x3_f32,CPU_E,/root/mb_k1/gen/vmfb/dronet/spacemit_x60/RVV/dronet.q.int8/benchmarks/vmfb/module_dronet$async_dispatch_2_embedded_elf_riscv_64_benchmark.vmfb,156549,363566,363648,366898,3332,207017,3194,363566,363648,366898,82,3250,210349
0,dronet4_dispatch_3,3,1,1,dronet4,dronet$async_dispatch_3_embedded_elf_riscv_64_dronet$async_dispatch_3_elementwise_32x27x27_i8xf32xi8,CPU_P,/root/mb_k1/gen/vmfb/dronet/spacemit_x60/RVV/dronet.q.int8/benchmarks/vmfb/module_dronet$async_dispatch_3_embedded_elf_riscv_64_benchmark.vmfb,159743,366898,366942,368036,1138,207155,1024,366898,366942,368036,44,1094,208293
0,dronet2_dispatch_12,12,1,1,dronet2,dronet$async_dispatch_12_embedded_elf_riscv_64_dronet$async_dispatch_12_conv_128x4x4x64x3x3_i8xi8xi32,CPU_E,/root/mb_k1/gen/vmfb/dronet/spacemit_x60/RVV/dronet.q.int8/benchmarks/vmfb/module_dronet$async_dispatch_12_embedded_elf_riscv_64_benchmark.vmfb,150144,363742,366928,377313,13571,213598,9567,363742,366928,377313,3186,10385,227169
0,dronet3_dispatch_6,6,1,1,dronet3,dronet$async_dispatch_6_embedded_elf_riscv_64_dronet$async_dispatch_6_reduction_32x14x14x32_i8xi8xi32,CPU_E,/root/mb_k1/gen/vmfb/dronet/spacemit_x60/RVV/dronet.q.int8/benchmarks/vmfb/module_dronet$async_dispatch_6_embedded_elf_riscv_64_benchmark.vmfb,157762,362783,377344,380957,18174,205021,3528,362783,377344,380957,14561,3613,223195
0,dronet2_dispatch_13,13,1,1,dronet2,dronet$async_dispatch_13_embedded_elf_riscv_64_dronet$async_dispatch_13_conv_128x4x4x128x3x3_i8xi8xi32,CPU_E,/root/mb_k1/gen/vmfb/dronet/spacemit_x60/RVV/dronet.q.int8/benchmarks/vmfb/module_dronet$async_dispatch_13_embedded_elf_riscv_64_benchmark.vmfb,159710,377313,380985,399478,22165,217603,18288,377313,380985,399478,3672,18493,239768
0,mlp16_dispatch_2,2,1,1,mlp16,mlp$async_dispatch_2_embedded_elf_riscv_64_mlp$async_dispatch_2_matmul_1x32x32_i8xi8xi32,CPU_E,/root/mb_k1/gen/vmfb/mlp/spacemit_x60/RVV/mlp.q.int8/benchmarks/vmfb/module_mlp$async_dispatch_2_embedded_elf_riscv_64_benchmark.vmfb,160129,160453,399505,399579,239126,324,65,160453,399505,399579,239052,74,239450
0,mlp16_dispatch_3,3,1,1,mlp16,mlp$async_dispatch_3_embedded_elf_riscv_64_mlp$async_dispatch_3_matmul_1x2x32_i8xi8xi32,CPU_P,/root/mb_k1/gen/vmfb/mlp/spacemit_x60/RVV/mlp.q.int8/benchmarks/vmfb/module_mlp$async_dispatch_3_embedded_elf_riscv_64_benchmark.vmfb,160194,399579,399613,399682,103,239385,78,399579,399613,399682,34,69,239488
0,mlp16_dispatch_4,4,1,1,mlp16,mlp$async_dispatch_4_embedded_elf_riscv_64_mlp$async_dispatch_4_elementwise_2_i8xf32,CPU_P,/root/mb_k1/gen/vmfb/mlp/spacemit_x60/RVV/mlp.q.int8/benchmarks/vmfb/module_mlp$async_dispatch_4_embedded_elf_riscv_64_benchmark.vmfb,160272,399682,399702,399777,95,239410,64,399682,399702,399777,20,75,239505
0,dronet5_dispatch_0,0,1,1,dronet5,dronet$async_dispatch_0_embedded_elf_riscv_64_dronet$async_dispatch_0_elementwise_3x112x112_f32xi8,CPU_P,/root/mb_k1/gen/vmfb/dronet/spacemit_x60/RVV/dronet.q.int8/benchmarks/vmfb/module_dronet$async_dispatch_0_embedded_elf_riscv_64_benchmark.vmfb,166500,399777,399797,400547,770,233277,583,399777,399797,400547,20,750,234047
0,dronet4_dispatch_4,4,1,1,dronet4,dronet$async_dispatch_4_embedded_elf_riscv_64_dronet$async_dispatch_4_conv_32x14x14x32x3x3_i8xi8xi32,CPU_E,/root/mb_k1/gen/vmfb/dronet/spacemit_x60/RVV/dronet.q.int8/benchmarks/vmfb/module_dronet$async_dispatch_4_embedded_elf_riscv_64_benchmark.vmfb,160767,377313,399605,417683,40370,216546,14513,377313,399605,417683,22292,18078,256916
0,dronet3_dispatch_7,7,1,1,dronet3,dronet$async_dispatch_7_embedded_elf_riscv_64_dronet$async_dispatch_7_elementwise_32x14x14_i8xf32xi8,CPU_E,/root/mb_k1/gen/vmfb/dronet/spacemit_x60/IME/dronet.q.int8/benchmarks/vmfb/module_dronet$async_dispatch_7_embedded_elf_riscv_64_benchmark.vmfb,161290,399579,417711,418057,18478,238289,303,399579,417711,418057,18132,346,256767
0,dronet5_dispatch_1,1,1,1,dronet5,dronet$async_dispatch_1_embedded_elf_riscv_64_dronet$async_dispatch_1_conv_32x56x56x3x3x3_i8xi8xi32,CPU_P,/root/mb_k1/gen/vmfb/dronet/spacemit_x60/RVV/dronet.q.int8/benchmarks/vmfb/module_dronet$async_dispatch_1_embedded_elf_riscv_64_benchmark.vmfb,167083,400547,400651,427445,26898,233464,22866,400547,400651,427445,104,26794,260362
0,dronet3_dispatch_8,8,1,1,dronet3,dronet$async_dispatch_8_embedded_elf_riscv_64_dronet$async_dispatch_8_conv_64x7x7x32x3x3_i8xi8xi32,CPU_E,/root/mb_k1/gen/vmfb/dronet/spacemit_x60/RVV/dronet.q.int8/benchmarks/vmfb/module_dronet$async_dispatch_8_embedded_elf_riscv_64_benchmark.vmfb,161592,418057,418080,427542,9485,256465,7356,418057,418080,427542,23,9462,265950
0,dronet3_dispatch_9,9,1,1,dronet3,dronet$async_dispatch_9_embedded_elf_riscv_64_dronet$async_dispatch_9_conv_64x7x7x64x3x3_i8xi8xi32,CPU_E,/root/mb_k1/gen/vmfb/dronet/spacemit_x60/RVV/dronet.q.int8/benchmarks/vmfb/module_dronet$async_dispatch_9_embedded_elf_riscv_64_benchmark.vmfb,168948,427542,427573,442082,14540,258594,13975,427542,427573,442082,31,14509,273134
0,mlp17_dispatch_2,2,1,1,mlp17,mlp$async_dispatch_2_embedded_elf_riscv_64_mlp$async_dispatch_2_matmul_1x32x32_i8xi8xi32,CPU_E,/root/mb_k1/gen/vmfb/mlp/spacemit_x60/RVV/mlp.q.int8/benchmarks/vmfb/module_mlp$async_dispatch_2_embedded_elf_riscv_64_benchmark.vmfb,170129,170154,442111,442189,272035,25,65,170154,442111,442189,271957,78,272060
0,mlp17_dispatch_3,3,1,1,mlp17,mlp$async_dispatch_3_embedded_elf_riscv_64_mlp$async_dispatch_3_matmul_1x2x32_i8xi8xi32,CPU_P,/root/mb_k1/gen/vmfb/mlp/spacemit_x60/RVV/mlp.q.int8/benchmarks/vmfb/module_mlp$async_dispatch_3_embedded_elf_riscv_64_benchmark.vmfb,170194,442189,442227,442331,142,271995,78,442189,442227,442331,38,104,272137
0,mlp17_dispatch_4,4,1,1,mlp17,mlp$async_dispatch_4_embedded_elf_riscv_64_mlp$async_dispatch_4_elementwise_2_i8xf32,CPU_P,/root/mb_k1/gen/vmfb/mlp/spacemit_x60/RVV/mlp.q.int8/benchmarks/vmfb/module_mlp$async_dispatch_4_embedded_elf_riscv_64_benchmark.vmfb,170272,442331,442355,442418,87,272059,64,442331,442355,442418,24,63,272146
0,dronet2_dispatch_14,14,1,1,dronet2,dronet$async_dispatch_14_embedded_elf_riscv_64_dronet$async_dispatch_14_reduction_128x4x4x64_i8xi8xi32,CPU_P,/root/mb_k1/gen/vmfb/dronet/spacemit_x60/IME/dronet.q.int8/benchmarks/vmfb/module_dronet$async_dispatch_14_embedded_elf_riscv_64_benchmark.vmfb,177998,442418,442437,443438,1020,264420,978,442418,442437,443438,19,1001,265440
0,dronet4_dispatch_5,5,1,1,dronet4,dronet$async_dispatch_5_embedded_elf_riscv_64_dronet$async_dispatch_5_conv_32x14x14x32x3x3_i8xi8xi32,CPU_E,/root/mb_k1/gen/vmfb/dronet/spacemit_x60/RVV/dronet.q.int8/benchmarks/vmfb/module_dronet$async_dispatch_5_embedded_elf_riscv_64_benchmark.vmfb,175279,417683,442214,458972,41289,242404,15683,417683,442214,458972,24531,16758,283693
0,dronet2_dispatch_15,15,1,1,dronet2,dronet$async_dispatch_15_embedded_elf_riscv_64_dronet$async_dispatch_15_elementwise_2048_f32xi8,CPU_E,/root/mb_k1/gen/vmfb/dronet/spacemit_x60/RVV/dronet.q.int8/benchmarks/vmfb/module_dronet$async_dispatch_15_embedded_elf_riscv_64_benchmark.vmfb,179316,443438,459002,459135,15697,264122,117,443438,459002,459135,15564,133,279819
0,mlp18_dispatch_2,2,1,1,mlp18,mlp$async_dispatch_2_embedded_elf_riscv_64_mlp$async_dispatch_2_matmul_1x32x32_i8xi8xi32,CPU_E,/root/mb_k1/gen/vmfb/mlp/spacemit_x60/RVV/mlp.q.int8/benchmarks/vmfb/module_mlp$async_dispatch_2_embedded_elf_riscv_64_benchmark.vmfb,180129,180174,459270,459349,279175,45,65,180174,459270,459349,279096,79,279220
0,dronet2_dispatch_16_1,16,1,1,dronet2,dronet$async_dispatch_16_embedded_elf_riscv_64_dronet$async_dispatch_16_matmul_1x1x2048_i8xi8xi32,CPU_P,/root/mb_k1/gen/vmfb/dronet/spacemit_x60/scalar/dronet.q.int8/benchmarks/vmfb/module_dronet$async_dispatch_16_embedded_elf_riscv_64_benchmark.vmfb,179433,459135,459278,459387,252,279702,92,459135,459278,459387,143,109,279954
0,dronet2_dispatch_16_2,16,1,1,dronet2,dronet$async_dispatch_16_embedded_elf_riscv_64_dronet$async_dispatch_16_matmul_1x1x2048_i8xi8xi32,CPU_P,/root/mb_k1/gen/vmfb/dronet/spacemit_x60/scalar/dronet.q.int8/benchmarks/vmfb/module_dronet$async_dispatch_16_embedded_elf_riscv_64_benchmark.vmfb,179433,459135,459408,459483,348,279702,92,459135,459408,459483,273,75,280050
0,dronet2_dispatch_18,18,1,1,dronet2,dronet$async_dispatch_18_embedded_elf_riscv_64_dronet$async_dispatch_18_elementwise,CPU_P,/root/mb_k1/gen/vmfb/dronet/spacemit_x60/scalar/dronet.q.int8/benchmarks/vmfb/module_dronet$async_dispatch_18_embedded_elf_riscv_64_benchmark.vmfb,179553,459387,459506,459581,194,279834,64,459387,459506,459581,119,75,280028
0,dronet2_dispatch_19,19,1,1,dronet2,dronet$async_dispatch_19_embedded_elf_riscv_64_dronet$async_dispatch_19_elementwise,CPU_P,/root/mb_k1/gen/vmfb/dronet/spacemit_x60/RVV/dronet.q.int8/benchmarks/vmfb/module_dronet$async_dispatch_19_embedded_elf_riscv_64_benchmark.vmfb,179553,459483,459602,459683,200,279930,63,459483,459602,459683,119,81,280130
0,mlp18_dispatch_3,3,1,1,mlp18,mlp$async_dispatch_3_embedded_elf_riscv_64_mlp$async_dispatch_3_matmul_1x2x32_i8xi8xi32,CPU_P,/root/mb_k1/gen/vmfb/mlp/spacemit_x60/RVV/mlp.q.int8/benchmarks/vmfb/module_mlp$async_dispatch_3_embedded_elf_riscv_64_benchmark.vmfb,180194,459349,459701,459758,409,279155,78,459349,459701,459758,352,57,279564
0,mlp18_dispatch_4,4,1,1,mlp18,mlp$async_dispatch_4_embedded_elf_riscv_64_mlp$async_dispatch_4_elementwise_2_i8xf32,CPU_P,/root/mb_k1/gen/vmfb/mlp/spacemit_x60/RVV/mlp.q.int8/benchmarks/vmfb/module_mlp$async_dispatch_4_embedded_elf_riscv_64_benchmark.vmfb,180272,459758,459775,459831,73,279486,64,459758,459775,459831,17,56,279559
0,dronet3_dispatch_10,10,1,1,dronet3,dronet$async_dispatch_10_embedded_elf_riscv_64_dronet$async_dispatch_10_reduction_64x7x7x32_i8xi8xi32,CPU_E,/root/mb_k1/gen/vmfb/dronet/spacemit_x60/RVV/dronet.q.int8/benchmarks/vmfb/module_dronet$async_dispatch_10_embedded_elf_riscv_64_benchmark.vmfb,182922,459349,459371,459847,498,276427,415,459349,459371,459847,22,476,276925
0,dronet6_dispatch_0,0,1,1,dronet6,dronet$async_dispatch_0_embedded_elf_riscv_64_dronet$async_dispatch_0_elementwise_3x112x112_f32xi8,CPU_P,/root/mb_k1/gen/vmfb/dronet/spacemit_x60/RVV/dronet.q.int8/benchmarks/vmfb/module_dronet$async_dispatch_0_embedded_elf_riscv_64_benchmark.vmfb,199800,459581,459848,460583,1002,259781,583,459581,459848,460583,267,735,260783
0,dronet3_dispatch_11,11,1,1,dronet3,dronet$async_dispatch_11_embedded_elf_riscv_64_dronet$async_dispatch_11_elementwise_64x7x7_i8xf32xi8,CPU_P,/root/mb_k1/gen/vmfb/dronet/spacemit_x60/RVV/dronet.q.int8/benchmarks/vmfb/module_dronet$async_dispatch_11_embedded_elf_riscv_64_benchmark.vmfb,183337,459847,460610,460861,1014,276510,206,459847,460610,460861,763,251,277524
0,dronet5_dispatch_2,2,1,1,dronet5,dronet$async_dispatch_2_embedded_elf_riscv_64_dronet$async_dispatch_2_conv_32x27x27x3x3_f32,CPU_E,/root/mb_k1/gen/vmfb/dronet/spacemit_x60/RVV/dronet.q.int8/benchmarks/vmfb/module_dronet$async_dispatch_2_embedded_elf_riscv_64_benchmark.vmfb,189949,427445,459873,463221,35776,237496,3194,427445,459873,463221,32428,3348,273272
0,dronet3_dispatch_12,12,1,1,dronet3,dronet$async_dispatch_12_embedded_elf_riscv_64_dronet$async_dispatch_12_conv_128x4x4x64x3x3_i8xi8xi32,CPU_E,/root/mb_k1/gen/vmfb/dronet/spacemit_x60/RVV/dronet.q.int8/benchmarks/vmfb/module_dronet$async_dispatch_12_embedded_elf_riscv_64_benchmark.vmfb,183543,460861,463246,475115,14254,277318,9567,460861,463246,475115,2385,11869,291572
0,mlp19_dispatch_2,2,1,1,mlp19,mlp$async_dispatch_2_embedded_elf_riscv_64_mlp$async_dispatch_2_matmul_1x32x32_i8xi8xi32,CPU_E,/root/mb_k1/gen/vmfb/mlp/spacemit_x60/RVV/mlp.q.int8/benchmarks/vmfb/module_mlp$async_dispatch_2_embedded_elf_riscv_64_benchmark.vmfb,190129,191448,475208,475293,283845,1319,65,191448,475208,475293,283760,85,285164
0,dronet4_dispatch_6,6,1,1,dronet4,dronet$async_dispatch_6_embedded_elf_riscv_64_dronet$async_dispatch_6_reduction_32x14x14x32_i8xi8xi32,CPU_E,/root/mb_k1/gen/vmfb/dronet/spacemit_x60/RVV/dronet.q.int8/benchmarks/vmfb/module_dronet$async_dispatch_6_embedded_elf_riscv_64_benchmark.vmfb,190962,475293,475315,479381,4088,284331,3528,475293,475315,479381,22,4066,288419
0,dronet6_dispatch_1,1,1,1,dronet6,dronet$async_dispatch_1_embedded_elf_riscv_64_dronet$async_dispatch_1_conv_32x56x56x3x3x3_i8xi8xi32,CPU_P,/root/mb_k1/gen/vmfb/dronet/spacemit_x60/RVV/dronet.q.int8/benchmarks/vmfb/module_dronet$async_dispatch_1_embedded_elf_riscv_64_benchmark.vmfb,200383,460583,460881,487516,26933,260200,22866,460583,460881,487516,298,26635,287133
0,mlp19_dispatch_3,3,1,1,mlp19,mlp$async_dispatch_3_embedded_elf_riscv_64_mlp$async_dispatch_3_matmul_1x2x32_i8xi8xi32,CPU_P,/root/mb_k1/gen/vmfb/mlp/spacemit_x60/RVV/mlp.q.int8/benchmarks/vmfb/module_mlp$async_dispatch_3_embedded_elf_riscv_64_benchmark.vmfb,190194,475293,487540,487618,12325,285099,78,475293,487540,487618,12247,78,297424
0,mlp19_dispatch_4,4,1,1,mlp19,mlp$async_dispatch_4_embedded_elf_riscv_64_mlp$async_dispatch_4_elementwise_2_i8xf32,CPU_P,/root/mb_k1/gen/vmfb/mlp/spacemit_x60/RVV/mlp.q.int8/benchmarks/vmfb/module_mlp$async_dispatch_4_embedded_elf_riscv_64_benchmark.vmfb,190272,487618,487639,487709,91,297346,64,487618,487639,487709,21,70,297437
0,dronet5_dispatch_3,3,1,1,dronet5,dronet$async_dispatch_3_embedded_elf_riscv_64_dronet$async_dispatch_3_elementwise_32x27x27_i8xf32xi8,CPU_P,/root/mb_k1/gen/vmfb/dronet/spacemit_x60/RVV/dronet.q.int8/benchmarks/vmfb/module_dronet$async_dispatch_3_embedded_elf_riscv_64_benchmark.vmfb,193143,487709,487727,488799,1090,294566,1024,487709,487727,488799,18,1072,295656
0,dronet3_dispatch_13,13,1,1,dronet3,dronet$async_dispatch_13_embedded_elf_riscv_64_dronet$async_dispatch_13_conv_128x4x4x128x3x3_i8xi8xi32,CPU_E,/root/mb_k1/gen/vmfb/dronet/spacemit_x60/RVV/dronet.q.int8/benchmarks/vmfb/module_dronet$async_dispatch_13_embedded_elf_riscv_64_benchmark.vmfb,193143,475115,479404,499057,23942,281972,18288,475115,479404,499057,4289,19653,305914
0,dronet5_dispatch_4,4,1,1,dronet5,dronet$async_dispatch_4_embedded_elf_riscv_64_dronet$async_dispatch_4_conv_32x14x14x32x3x3_i8xi8xi32,CPU_E,/root/mb_k1/gen/vmfb/dronet/spacemit_x60/RVV/dronet.q.int8/benchmarks/vmfb/module_dronet$async_dispatch_4_embedded_elf_riscv_64_benchmark.vmfb,194167,488799,499085,513857,25058,294632,14513,488799,499085,513857,10286,14772,319690
0,dronet4_dispatch_7,7,1,1,dronet4,dronet$async_dispatch_7_embedded_elf_riscv_64_dronet$async_dispatch_7_elementwise_32x14x14_i8xf32xi8,CPU_E,/root/mb_k1/gen/vmfb/dronet/spacemit_x60/IME/dronet.q.int8/benchmarks/vmfb/module_dronet$async_dispatch_7_embedded_elf_riscv_64_benchmark.vmfb,194490,479381,513887,514222,34841,284891,303,479381,513887,514222,34506,335,319732
0,dronet4_dispatch_8,8,1,1,dronet4,dronet$async_dispatch_8_embedded_elf_riscv_64_dronet$async_dispatch_8_conv_64x7x7x32x3x3_i8xi8xi32,CPU_E,/root/mb_k1/gen/vmfb/dronet/spacemit_x60/RVV/dronet.q.int8/benchmarks/vmfb/module_dronet$async_dispatch_8_embedded_elf_riscv_64_benchmark.vmfb,194792,514222,514247,521778,7556,319430,7356,514222,514247,521778,25,7531,326986
0,mlp20_dispatch_2,2,1,1,mlp20,mlp$async_dispatch_2_embedded_elf_riscv_64_mlp$async_dispatch_2_matmul_1x32x32_i8xi8xi32,CPU_E,/root/mb_k1/gen/vmfb/mlp/spacemit_x60/RVV/mlp.q.int8/benchmarks/vmfb/module_mlp$async_dispatch_2_embedded_elf_riscv_64_benchmark.vmfb,200129,200140,521803,521879,321739,11,65,200140,521803,521879,321663,76,321750
0,mlp20_dispatch_3,3,1,1,mlp20,mlp$async_dispatch_3_embedded_elf_riscv_64_mlp$async_dispatch_3_matmul_1x2x32_i8xi8xi32,CPU_P,/root/mb_k1/gen/vmfb/mlp/spacemit_x60/RVV/mlp.q.int8/benchmarks/vmfb/module_mlp$async_dispatch_3_embedded_elf_riscv_64_benchmark.vmfb,200194,521879,522002,522098,219,321685,78,521879,522002,522098,123,96,321904
0,mlp20_dispatch_4,4,1,1,mlp20,mlp$async_dispatch_4_embedded_elf_riscv_64_mlp$async_dispatch_4_elementwise_2_i8xf32,CPU_P,/root/mb_k1/gen/vmfb/mlp/spacemit_x60/RVV/mlp.q.int8/benchmarks/vmfb/module_mlp$async_dispatch_4_embedded_elf_riscv_64_benchmark.vmfb,200272,522098,522122,522186,88,321826,64,522098,522122,522186,24,64,321914
0,dronet4_dispatch_9,9,1,1,dronet4,dronet$async_dispatch_9_embedded_elf_riscv_64_dronet$async_dispatch_9_conv_64x7x7x64x3x3_i8xi8xi32,CPU_E,/root/mb_k1/gen/vmfb/dronet/spacemit_x60/RVV/dronet.q.int8/benchmarks/vmfb/module_dronet$async_dispatch_9_embedded_elf_riscv_64_benchmark.vmfb,202148,521778,521987,535979,14201,319630,13975,521778,521987,535979,209,13992,333831
0,dronet5_dispatch_5,5,1,1,dronet5,dronet$async_dispatch_5_embedded_elf_riscv_64_dronet$async_dispatch_5_conv_32x14x14x32x3x3_i8xi8xi32,CPU_E,/root/mb_k1/gen/vmfb/dronet/spacemit_x60/RVV/dronet.q.int8/benchmarks/vmfb/module_dronet$async_dispatch_5_embedded_elf_riscv_64_benchmark.vmfb,208679,513857,536008,551634,37777,305178,15683,513857,536008,551634,22151,15626,342955
0,mlp21_dispatch_2,2,1,1,mlp21,mlp$async_dispatch_2_embedded_elf_riscv_64_mlp$async_dispatch_2_matmul_1x32x32_i8xi8xi32,CPU_E,/root/mb_k1/gen/vmfb/mlp/spacemit_x60/RVV/mlp.q.int8/benchmarks/vmfb/module_mlp$async_dispatch_2_embedded_elf_riscv_64_benchmark.vmfb,210129,210155,551663,551739,341584,26,65,210155,551663,551739,341508,76,341610
0,mlp22_dispatch_2,2,1,1,mlp22,mlp$async_dispatch_2_embedded_elf_riscv_64_mlp$async_dispatch_2_matmul_1x32x32_i8xi8xi32,CPU_E,/root/mb_k1/gen/vmfb/mlp/spacemit_x60/RVV/mlp.q.int8/benchmarks/vmfb/module_mlp$async_dispatch_2_embedded_elf_riscv_64_benchmark.vmfb,220129,220176,551763,551833,331657,47,65,220176,551763,551833,331587,70,331704
0,mlp21_dispatch_3,3,1,1,mlp21,mlp$async_dispatch_3_embedded_elf_riscv_64_mlp$async_dispatch_3_matmul_1x2x32_i8xi8xi32,CPU_P,/root/mb_k1/gen/vmfb/mlp/spacemit_x60/RVV/mlp.q.int8/benchmarks/vmfb/module_mlp$async_dispatch_3_embedded_elf_riscv_64_benchmark.vmfb,210194,551739,551772,551860,121,341545,78,551739,551772,551860,33,88,341666
0,mlp21_dispatch_4,4,1,1,mlp21,mlp$async_dispatch_4_embedded_elf_riscv_64_mlp$async_dispatch_4_elementwise_2_i8xf32,CPU_P,/root/mb_k1/gen/vmfb/mlp/spacemit_x60/RVV/mlp.q.int8/benchmarks/vmfb/module_mlp$async_dispatch_4_embedded_elf_riscv_64_benchmark.vmfb,210272,551860,551882,551961,101,341588,64,551860,551882,551961,22,79,341689
0,dronet3_dispatch_14,14,1,1,dronet3,dronet$async_dispatch_14_embedded_elf_riscv_64_dronet$async_dispatch_14_reduction_128x4x4x64_i8xi8xi32,CPU_P,/root/mb_k1/gen/vmfb/dronet/spacemit_x60/IME/dronet.q.int8/benchmarks/vmfb/module_dronet$async_dispatch_14_embedded_elf_riscv_64_benchmark.vmfb,211430,551961,551982,553061,1100,340531,978,551961,551982,553061,21,1079,341631
0,mlp22_dispatch_3,3,1,1,mlp22,mlp$async_dispatch_3_embedded_elf_riscv_64_mlp$async_dispatch_3_matmul_1x2x32_i8xi8xi32,CPU_P,/root/mb_k1/gen/vmfb/mlp/spacemit_x60/RVV/mlp.q.int8/benchmarks/vmfb/module_mlp$async_dispatch_3_embedded_elf_riscv_64_benchmark.vmfb,220194,551833,553080,553160,1327,331639,78,551833,553080,553160,1247,80,332966
0,mlp22_dispatch_4,4,1,1,mlp22,mlp$async_dispatch_4_embedded_elf_riscv_64_mlp$async_dispatch_4_elementwise_2_i8xf32,CPU_P,/root/mb_k1/gen/vmfb/mlp/spacemit_x60/RVV/mlp.q.int8/benchmarks/vmfb/module_mlp$async_dispatch_4_embedded_elf_riscv_64_benchmark.vmfb,220272,553160,553179,553232,72,332888,64,553160,553179,553232,19,53,332960
0,dronet6_dispatch_2,2,1,1,dronet6,dronet$async_dispatch_2_embedded_elf_riscv_64_dronet$async_dispatch_2_conv_32x27x27x3x3_f32,CPU_E,/root/mb_k1/gen/vmfb/dronet/spacemit_x60/RVV/dronet.q.int8/benchmarks/vmfb/module_dronet$async_dispatch_2_embedded_elf_riscv_64_benchmark.vmfb,223248,551833,551853,555125,3292,328585,3194,551833,551853,555125,20,3272,331877
0,dronet3_dispatch_15,15,1,1,dronet3,dronet$async_dispatch_15_embedded_elf_riscv_64_dronet$async_dispatch_15_elementwise_2048_f32xi8,CPU_E,/root/mb_k1/gen/vmfb/dronet/spacemit_x60/RVV/dronet.q.int8/benchmarks/vmfb/module_dronet$async_dispatch_15_embedded_elf_riscv_64_benchmark.vmfb,212749,553061,555227,555368,2307,340312,117,553061,555227,555368,2166,141,342619
0,dronet4_dispatch_10,10,1,1,dronet4,dronet$async_dispatch_10_embedded_elf_riscv_64_dronet$async_dispatch_10_reduction_64x7x7x32_i8xi8xi32,CPU_E,/root/mb_k1/gen/vmfb/dronet/spacemit_x60/RVV/dronet.q.int8/benchmarks/vmfb/module_dronet$async_dispatch_10_embedded_elf_riscv_64_benchmark.vmfb,216123,555368,555395,555940,572,339245,415,555368,555395,555940,27,545,339817
0,dronet6_dispatch_3,3,1,1,dronet6,dronet$async_dispatch_3_embedded_elf_riscv_64_dronet$async_dispatch_3_elementwise_32x27x27_i8xf32xi8,CPU_P,/root/mb_k1/gen/vmfb/dronet/spacemit_x60/RVV/dronet.q.int8/benchmarks/vmfb/module_dronet$async_dispatch_3_embedded_elf_riscv_64_benchmark.vmfb,226442,555125,555236,556294,1169,328683,1024,555125,555236,556294,111,1058,329852
0,dronet3_dispatch_16_1,16,1,1,dronet3,dronet$async_dispatch_16_embedded_elf_riscv_64_dronet$async_dispatch_16_matmul_1x1x2048_i8xi8xi32,CPU_P,/root/mb_k1/gen/vmfb/dronet/spacemit_x60/scalar/dronet.q.int8/benchmarks/vmfb/module_dronet$async_dispatch_16_embedded_elf_riscv_64_benchmark.vmfb,212866,555368,556317,556416,1048,342502,92,555368,556317,556416,949,99,343550
0,dronet3_dispatch_16_2,16,1,1,dronet3,dronet$async_dispatch_16_embedded_elf_riscv_64_dronet$async_dispatch_16_matmul_1x1x2048_i8xi8xi32,CPU_P,/root/mb_k1/gen/vmfb/dronet/spacemit_x60/scalar/dronet.q.int8/benchmarks/vmfb/module_dronet$async_dispatch_16_embedded_elf_riscv_64_benchmark.vmfb,212866,555368,556437,556508,1140,342502,92,555368,556437,556508,1069,71,343642
0,dronet3_dispatch_18,18,1,1,dronet3,dronet$async_dispatch_18_embedded_elf_riscv_64_dronet$async_dispatch_18_elementwise,CPU_P,/root/mb_k1/gen/vmfb/dronet/spacemit_x60/scalar/dronet.q.int8/benchmarks/vmfb/module_dronet$async_dispatch_18_embedded_elf_riscv_64_benchmark.vmfb,212986,556416,556527,556588,172,343430,64,556416,556527,556588,111,61,343602
0,dronet3_dispatch_19,19,1,1,dronet3,dronet$async_dispatch_19_embedded_elf_riscv_64_dronet$async_dispatch_19_elementwise,CPU_P,/root/mb_k1/gen/vmfb/dronet/spacemit_x60/RVV/dronet.q.int8/benchmarks/vmfb/module_dronet$async_dispatch_19_embedded_elf_riscv_64_benchmark.vmfb,212986,556508,556606,556668,160,343522,63,556508,556606,556668,98,62,343682
0,dronet4_dispatch_11,11,1,1,dronet4,dronet$async_dispatch_11_embedded_elf_riscv_64_dronet$async_dispatch_11_elementwise_64x7x7_i8xf32xi8,CPU_P,/root/mb_k1/gen/vmfb/dronet/spacemit_x60/RVV/dronet.q.int8/benchmarks/vmfb/module_dronet$async_dispatch_11_embedded_elf_riscv_64_benchmark.vmfb,216538,556668,556687,556961,293,340130,206,556668,556687,556961,19,274,340423
0,dronet5_dispatch_6,6,1,1,dronet5,dronet$async_dispatch_6_embedded_elf_riscv_64_dronet$async_dispatch_6_reduction_32x14x14x32_i8xi8xi32,CPU_E,/root/mb_k1/gen/vmfb/dronet/spacemit_x60/RVV/dronet.q.int8/benchmarks/vmfb/module_dronet$async_dispatch_6_embedded_elf_riscv_64_benchmark.vmfb,224362,551634,555962,559690,8056,327272,3528,551634,555962,559690,4328,3728,335328
0,dronet4_dispatch_12,12,1,1,dronet4,dronet$async_dispatch_12_embedded_elf_riscv_64_dronet$async_dispatch_12_conv_128x4x4x64x3x3_i8xi8xi32,CPU_E,/root/mb_k1/gen/vmfb/dronet/spacemit_x60/RVV/dronet.q.int8/benchmarks/vmfb/module_dronet$async_dispatch_12_embedded_elf_riscv_64_benchmark.vmfb,216744,556961,559718,569836,12875,340217,9567,556961,559718,569836,2757,10118,353092
0,dronet6_dispatch_4,4,1,1,dronet6,dronet$async_dispatch_4_embedded_elf_riscv_64_dronet$async_dispatch_4_conv_32x14x14x32x3x3_i8xi8xi32,CPU_E,/root/mb_k1/gen/vmfb/dronet/spacemit_x60/RVV/dronet.q.int8/benchmarks/vmfb/module_dronet$async_dispatch_4_embedded_elf_riscv_64_benchmark.vmfb,227466,556294,569864,588017,31723,328828,14513,556294,569864,588017,13570,18153,360551
0,dronet5_dispatch_7,7,1,1,dronet5,dronet$async_dispatch_7_embedded_elf_riscv_64_dronet$async_dispatch_7_elementwise_32x14x14_i8xf32xi8,CPU_E,/root/mb_k1/gen/vmfb/dronet/spacemit_x60/IME/dronet.q.int8/benchmarks/vmfb/module_dronet$async_dispatch_7_embedded_elf_riscv_64_benchmark.vmfb,227890,559690,588104,588449,28759,331800,303,559690,588104,588449,28414,345,360559
0,dronet4_dispatch_13,13,1,1,dronet4,dronet$async_dispatch_13_embedded_elf_riscv_64_dronet$async_dispatch_13_conv_128x4x4x128x3x3_i8xi8xi32,CPU_P,/root/mb_k1/gen/vmfb/dronet/spacemit_x60/RVV/dronet.q.int8/benchmarks/vmfb/module_dronet$async_dispatch_13_embedded_elf_riscv_64_benchmark.vmfb,226310,569836,569874,590719,20883,343526,18327,569836,569874,590719,38,20845,364409
0,dronet5_dispatch_8,8,1,1,dronet5,dronet$async_dispatch_8_embedded_elf_riscv_64_dronet$async_dispatch_8_conv_64x7x7x32x3x3_i8xi8xi32,CPU_E,/root/mb_k1/gen/vmfb/dronet/spacemit_x60/RVV/dronet.q.int8/benchmarks/vmfb/module_dronet$async_dispatch_8_embedded_elf_riscv_64_benchmark.vmfb,228192,588449,588469,596889,8440,360257,7356,588449,588469,596889,20,8420,368697
0,mlp23_dispatch_2,2,1,1,mlp23,mlp$async_dispatch_2_embedded_elf_riscv_64_mlp$async_dispatch_2_matmul_1x32x32_i8xi8xi32,CPU_E,/root/mb_k1/gen/vmfb/mlp/spacemit_x60/RVV/mlp.q.int8/benchmarks/vmfb/module_mlp$async_dispatch_2_embedded_elf_riscv_64_benchmark.vmfb,230129,230176,596917,596997,366821,47,65,230176,596917,596997,366741,80,366868
0,mlp23_dispatch_3,3,1,1,mlp23,mlp$async_dispatch_3_embedded_elf_riscv_64_mlp$async_dispatch_3_matmul_1x2x32_i8xi8xi32,CPU_P,/root/mb_k1/gen/vmfb/mlp/spacemit_x60/RVV/mlp.q.int8/benchmarks/vmfb/module_mlp$async_dispatch_3_embedded_elf_riscv_64_benchmark.vmfb,230194,596997,597036,597107,110,366803,78,596997,597036,597107,39,71,366913
0,mlp23_dispatch_4,4,1,1,mlp23,mlp$async_dispatch_4_embedded_elf_riscv_64_mlp$async_dispatch_4_elementwise_2_i8xf32,CPU_P,/root/mb_k1/gen/vmfb/mlp/spacemit_x60/RVV/mlp.q.int8/benchmarks/vmfb/module_mlp$async_dispatch_4_embedded_elf_riscv_64_benchmark.vmfb,230272,597107,597129,597204,97,366835,64,597107,597129,597204,22,75,366932
0,dronet7_dispatch_0,0,1,1,dronet7,dronet$async_dispatch_0_embedded_elf_riscv_64_dronet$async_dispatch_0_elementwise_3x112x112_f32xi8,CPU_P,/root/mb_k1/gen/vmfb/dronet/spacemit_x60/RVV/dronet.q.int8/benchmarks/vmfb/module_dronet$async_dispatch_0_embedded_elf_riscv_64_benchmark.vmfb,233100,597204,597222,597976,772,364104,583,597204,597222,597976,18,754,364876
0,dronet5_dispatch_9,9,1,1,dronet5,dronet$async_dispatch_9_embedded_elf_riscv_64_dronet$async_dispatch_9_conv_64x7x7x64x3x3_i8xi8xi32,CPU_E,/root/mb_k1/gen/vmfb/dronet/spacemit_x60/RVV/dronet.q.int8/benchmarks/vmfb/module_dronet$async_dispatch_9_embedded_elf_riscv_64_benchmark.vmfb,235548,596889,597024,611489,14600,361341,13975,596889,597024,611489,135,14465,375941
0,dronet7_dispatch_1,1,1,1,dronet7,dronet$async_dispatch_1_embedded_elf_riscv_64_dronet$async_dispatch_1_conv_32x56x56x3x3x3_i8xi8xi32,CPU_E,/root/mb_k1/gen/vmfb/dronet/spacemit_x60/RVV/dronet.q.int8/benchmarks/vmfb/module_dronet$async_dispatch_1_embedded_elf_riscv_64_benchmark.vmfb,233682,597976,611519,634448,36472,364294,22767,597976,611519,634448,13543,22929,400766
0,mlp24_dispatch_2,2,1,1,mlp24,mlp$async_dispatch_2_embedded_elf_riscv_64_mlp$async_dispatch_2_matmul_1x32x32_i8xi8xi32,CPU_E,/root/mb_k1/gen/vmfb/mlp/spacemit_x60/RVV/mlp.q.int8/benchmarks/vmfb/module_mlp$async_dispatch_2_embedded_elf_riscv_64_benchmark.vmfb,240129,240154,634484,634581,394427,25,65,240154,634484,634581,394330,97,394452
0,mlp24_dispatch_3,3,1,1,mlp24,mlp$async_dispatch_3_embedded_elf_riscv_64_mlp$async_dispatch_3_matmul_1x2x32_i8xi8xi32,CPU_P,/root/mb_k1/gen/vmfb/mlp/spacemit_x60/RVV/mlp.q.int8/benchmarks/vmfb/module_mlp$async_dispatch_3_embedded_elf_riscv_64_benchmark.vmfb,240194,634581,634614,634688,107,394387,78,634581,634614,634688,33,74,394494
0,mlp24_dispatch_4,4,1,1,mlp24,mlp$async_dispatch_4_embedded_elf_riscv_64_mlp$async_dispatch_4_elementwise_2_i8xf32,CPU_P,/root/mb_k1/gen/vmfb/mlp/spacemit_x60/RVV/mlp.q.int8/benchmarks/vmfb/module_mlp$async_dispatch_4_embedded_elf_riscv_64_benchmark.vmfb,240272,634688,634710,634767,79,394416,64,634688,634710,634767,22,57,394495
0,dronet4_dispatch_14,14,1,1,dronet4,dronet$async_dispatch_14_embedded_elf_riscv_64_dronet$async_dispatch_14_reduction_128x4x4x64_i8xi8xi32,CPU_P,/root/mb_k1/gen/vmfb/dronet/spacemit_x60/IME/dronet.q.int8/benchmarks/vmfb/module_dronet$async_dispatch_14_embedded_elf_riscv_64_benchmark.vmfb,244637,634767,634907,635897,1130,390130,978,634767,634907,635897,140,990,391260
0,dronet6_dispatch_5,5,1,1,dronet6,dronet$async_dispatch_5_embedded_elf_riscv_64_dronet$async_dispatch_5_conv_32x14x14x32x3x3_i8xi8xi32,CPU_E,/root/mb_k1/gen/vmfb/dronet/spacemit_x60/RVV/dronet.q.int8/benchmarks/vmfb/module_dronet$async_dispatch_5_embedded_elf_riscv_64_benchmark.vmfb,241979,588017,634605,651856,63839,346038,15683,588017,634605,651856,46588,17251,409877
0,dronet4_dispatch_15,15,1,1,dronet4,dronet$async_dispatch_15_embedded_elf_riscv_64_dronet$async_dispatch_15_elementwise_2048_f32xi8,CPU_E,/root/mb_k1/gen/vmfb/dronet/spacemit_x60/RVV/dronet.q.int8/benchmarks/vmfb/module_dronet$async_dispatch_15_embedded_elf_riscv_64_benchmark.vmfb,245955,635897,651886,652022,16125,389942,117,635897,651886,652022,15989,136,406067
0,dronet4_dispatch_16_1,16,1,1,dronet4,dronet$async_dispatch_16_embedded_elf_riscv_64_dronet$async_dispatch_16_matmul_1x1x2048_i8xi8xi32,CPU_P,/root/mb_k1/gen/vmfb/dronet/spacemit_x60/scalar/dronet.q.int8/benchmarks/vmfb/module_dronet$async_dispatch_16_embedded_elf_riscv_64_benchmark.vmfb,246072,652022,652060,652160,138,405950,92,652022,652060,652160,38,100,406088
0,dronet4_dispatch_16_2,16,1,1,dronet4,dronet$async_dispatch_16_embedded_elf_riscv_64_dronet$async_dispatch_16_matmul_1x1x2048_i8xi8xi32,CPU_P,/root/mb_k1/gen/vmfb/dronet/spacemit_x60/scalar/dronet.q.int8/benchmarks/vmfb/module_dronet$async_dispatch_16_embedded_elf_riscv_64_benchmark.vmfb,246072,652022,652183,652267,245,405950,92,652022,652183,652267,161,84,406195
0,dronet4_dispatch_18,18,1,1,dronet4,dronet$async_dispatch_18_embedded_elf_riscv_64_dronet$async_dispatch_18_elementwise,CPU_P,/root/mb_k1/gen/vmfb/dronet/spacemit_x60/scalar/dronet.q.int8/benchmarks/vmfb/module_dronet$async_dispatch_18_embedded_elf_riscv_64_benchmark.vmfb,246192,652160,652286,652355,195,405968,64,652160,652286,652355,126,69,406163
0,dronet4_dispatch_19,19,1,1,dronet4,dronet$async_dispatch_19_embedded_elf_riscv_64_dronet$async_dispatch_19_elementwise,CPU_P,/root/mb_k1/gen/vmfb/dronet/spacemit_x60/RVV/dronet.q.int8/benchmarks/vmfb/module_dronet$async_dispatch_19_embedded_elf_riscv_64_benchmark.vmfb,246192,652267,652373,652443,176,406075,63,652267,652373,652443,106,70,406251
0,dronet5_dispatch_10,10,1,1,dronet5,dronet$async_dispatch_10_embedded_elf_riscv_64_dronet$async_dispatch_10_reduction_64x7x7x32_i8xi8xi32,CPU_E,/root/mb_k1/gen/vmfb/dronet/spacemit_x60/RVV/dronet.q.int8/benchmarks/vmfb/module_dronet$async_dispatch_10_embedded_elf_riscv_64_benchmark.vmfb,249522,652022,652051,652529,507,402500,415,652022,652051,652529,29,478,403007
0,mlp25_dispatch_2,2,1,1,mlp25,mlp$async_dispatch_2_embedded_elf_riscv_64_mlp$async_dispatch_2_matmul_1x32x32_i8xi8xi32,CPU_E,/root/mb_k1/gen/vmfb/mlp/spacemit_x60/RVV/mlp.q.int8/benchmarks/vmfb/module_mlp$async_dispatch_2_embedded_elf_riscv_64_benchmark.vmfb,250129,250157,652557,652644,402487,28,65,250157,652557,652644,402400,87,402515
0,dronet5_dispatch_11,11,1,1,dronet5,dronet$async_dispatch_11_embedded_elf_riscv_64_dronet$async_dispatch_11_elementwise_64x7x7_i8xf32xi8,CPU_P,/root/mb_k1/gen/vmfb/dronet/spacemit_x60/RVV/dronet.q.int8/benchmarks/vmfb/module_dronet$async_dispatch_11_embedded_elf_riscv_64_benchmark.vmfb,249937,652529,652565,652799,270,402592,206,652529,652565,652799,36,234,402862
0,mlp25_dispatch_3,3,1,1,mlp25,mlp$async_dispatch_3_embedded_elf_riscv_64_mlp$async_dispatch_3_matmul_1x2x32_i8xi8xi32,CPU_P,/root/mb_k1/gen/vmfb/mlp/spacemit_x60/RVV/mlp.q.int8/benchmarks/vmfb/module_mlp$async_dispatch_3_embedded_elf_riscv_64_benchmark.vmfb,250194,652644,652838,652902,258,402450,78,652644,652838,652902,194,64,402708
0,mlp25_dispatch_4,4,1,1,mlp25,mlp$async_dispatch_4_embedded_elf_riscv_64_mlp$async_dispatch_4_elementwise_2_i8xf32,CPU_P,/root/mb_k1/gen/vmfb/mlp/spacemit_x60/RVV/mlp.q.int8/benchmarks/vmfb/module_mlp$async_dispatch_4_embedded_elf_riscv_64_benchmark.vmfb,250272,652902,652984,653058,156,402630,64,652902,652984,653058,82,74,402786
0,dronet7_dispatch_2,2,1,1,dronet7,dronet$async_dispatch_2_embedded_elf_riscv_64_dronet$async_dispatch_2_conv_32x27x27x3x3_f32,CPU_E,/root/mb_k1/gen/vmfb/dronet/spacemit_x60/RVV/dronet.q.int8/benchmarks/vmfb/module_dronet$async_dispatch_2_embedded_elf_riscv_64_benchmark.vmfb,256449,652644,652669,655914,3270,396195,3194,652644,652669,655914,25,3245,399465
0,dronet7_dispatch_3,3,1,1,dronet7,dronet$async_dispatch_3_embedded_elf_riscv_64_dronet$async_dispatch_3_elementwise_32x27x27_i8xf32xi8,CPU_P,/root/mb_k1/gen/vmfb/dronet/spacemit_x60/RVV/dronet.q.int8/benchmarks/vmfb/module_dronet$async_dispatch_3_embedded_elf_riscv_64_benchmark.vmfb,259643,655914,655957,657065,1151,396271,1024,655914,655957,657065,43,1108,397422
0,dronet5_dispatch_12,12,1,1,dronet5,dronet$async_dispatch_12_embedded_elf_riscv_64_dronet$async_dispatch_12_conv_128x4x4x64x3x3_i8xi8xi32,CPU_E,/root/mb_k1/gen/vmfb/dronet/spacemit_x60/RVV/dronet.q.int8/benchmarks/vmfb/module_dronet$async_dispatch_12_embedded_elf_riscv_64_benchmark.vmfb,250143,652799,655943,666394,13595,402656,9567,652799,655943,666394,3144,10451,416251
0,dronet6_dispatch_6,6,1,1,dronet6,dronet$async_dispatch_6_embedded_elf_riscv_64_dronet$async_dispatch_6_reduction_32x14x14x32_i8xi8xi32,CPU_E,/root/mb_k1/gen/vmfb/dronet/spacemit_x60/RVV/dronet.q.int8/benchmarks/vmfb/module_dronet$async_dispatch_6_embedded_elf_riscv_64_benchmark.vmfb,257662,651856,666425,670082,18226,394194,3528,651856,666425,670082,14569,3657,412420
0,dronet5_dispatch_13,13,1,1,dronet5,dronet$async_dispatch_13_embedded_elf_riscv_64_dronet$async_dispatch_13_conv_128x4x4x128x3x3_i8xi8xi32,CPU_E,/root/mb_k1/gen/vmfb/dronet/spacemit_x60/RVV/dronet.q.int8/benchmarks/vmfb/module_dronet$async_dispatch_13_embedded_elf_riscv_64_benchmark.vmfb,259710,666394,670108,688805,22411,406684,18288,666394,670108,688805,3714,18697,429095
0,mlp26_dispatch_2,2,1,1,mlp26,mlp$async_dispatch_2_embedded_elf_riscv_64_mlp$async_dispatch_2_matmul_1x32x32_i8xi8xi32,CPU_E,/root/mb_k1/gen/vmfb/mlp/spacemit_x60/RVV/mlp.q.int8/benchmarks/vmfb/module_mlp$async_dispatch_2_embedded_elf_riscv_64_benchmark.vmfb,260129,260154,688846,688927,428773,25,65,260154,688846,688927,428692,81,428798
0,mlp26_dispatch_3,3,1,1,mlp26,mlp$async_dispatch_3_embedded_elf_riscv_64_mlp$async_dispatch_3_matmul_1x2x32_i8xi8xi32,CPU_P,/root/mb_k1/gen/vmfb/mlp/spacemit_x60/RVV/mlp.q.int8/benchmarks/vmfb/module_mlp$async_dispatch_3_embedded_elf_riscv_64_benchmark.vmfb,260194,688927,688961,689033,106,428733,78,688927,688961,689033,34,72,428839
0,mlp26_dispatch_4,4,1,1,mlp26,mlp$async_dispatch_4_embedded_elf_riscv_64_mlp$async_dispatch_4_elementwise_2_i8xf32,CPU_P,/root/mb_k1/gen/vmfb/mlp/spacemit_x60/RVV/mlp.q.int8/benchmarks/vmfb/module_mlp$async_dispatch_4_embedded_elf_riscv_64_benchmark.vmfb,260272,689033,689055,689127,94,428761,64,689033,689055,689127,22,72,428855
0,dronet8_dispatch_0,0,1,1,dronet8,dronet$async_dispatch_0_embedded_elf_riscv_64_dronet$async_dispatch_0_elementwise_3x112x112_f32xi8,CPU_P,/root/mb_k1/gen/vmfb/dronet/spacemit_x60/RVV/dronet.q.int8/benchmarks/vmfb/module_dronet$async_dispatch_0_embedded_elf_riscv_64_benchmark.vmfb,266400,689127,689147,689898,771,422727,583,689127,689147,689898,20,751,423498
0,dronet7_dispatch_4,4,1,1,dronet7,dronet$async_dispatch_4_embedded_elf_riscv_64_dronet$async_dispatch_4_conv_32x14x14x32x3x3_i8xi8xi32,CPU_E,/root/mb_k1/gen/vmfb/dronet/spacemit_x60/RVV/dronet.q.int8/benchmarks/vmfb/module_dronet$async_dispatch_4_embedded_elf_riscv_64_benchmark.vmfb,260667,666394,688953,707027,40633,405727,14513,666394,688953,707027,22559,18074,446360
0,dronet6_dispatch_7,7,1,1,dronet6,dronet$async_dispatch_7_embedded_elf_riscv_64_dronet$async_dispatch_7_elementwise_32x14x14_i8xf32xi8,CPU_E,/root/mb_k1/gen/vmfb/dronet/spacemit_x60/IME/dronet.q.int8/benchmarks/vmfb/module_dronet$async_dispatch_7_embedded_elf_riscv_64_benchmark.vmfb,261190,688927,707053,707397,18470,427737,303,688927,707053,707397,18126,344,446207
0,dronet8_dispatch_1,1,1,1,dronet8,dronet$async_dispatch_1_embedded_elf_riscv_64_dronet$async_dispatch_1_conv_32x56x56x3x3x3_i8xi8xi32,CPU_P,/root/mb_k1/gen/vmfb/dronet/spacemit_x60/RVV/dronet.q.int8/benchmarks/vmfb/module_dronet$async_dispatch_1_embedded_elf_riscv_64_benchmark.vmfb,266982,689898,689918,716593,26695,422916,22866,689898,689918,716593,20,26675,449611
0,dronet6_dispatch_8,8,1,1,dronet6,dronet$async_dispatch_8_embedded_elf_riscv_64_dronet$async_dispatch_8_conv_64x7x7x32x3x3_i8xi8xi32,CPU_E,/root/mb_k1/gen/vmfb/dronet/spacemit_x60/RVV/dronet.q.int8/benchmarks/vmfb/module_dronet$async_dispatch_8_embedded_elf_riscv_64_benchmark.vmfb,261492,707397,707633,717065,9668,445905,7356,707397,707633,717065,236,9432,455573
0,dronet6_dispatch_9,9,1,1,dronet6,dronet$async_dispatch_9_embedded_elf_riscv_64_dronet$async_dispatch_9_conv_64x7x7x64x3x3_i8xi8xi32,CPU_E,/root/mb_k1/gen/vmfb/dronet/spacemit_x60/RVV/dronet.q.int8/benchmarks/vmfb/module_dronet$async_dispatch_9_embedded_elf_riscv_64_benchmark.vmfb,268848,717065,717093,731228,14163,448217,13975,717065,717093,731228,28,14135,462380
0,mlp27_dispatch_2,2,1,1,mlp27,mlp$async_dispatch_2_embedded_elf_riscv_64_mlp$async_dispatch_2_matmul_1x32x32_i8xi8xi32,CPU_E,/root/mb_k1/gen/vmfb/mlp/spacemit_x60/RVV/mlp.q.int8/benchmarks/vmfb/module_mlp$async_dispatch_2_embedded_elf_riscv_64_benchmark.vmfb,270129,270144,731258,731346,461202,15,65,270144,731258,731346,461114,88,461217
0,mlp27_dispatch_3,3,1,1,mlp27,mlp$async_dispatch_3_embedded_elf_riscv_64_mlp$async_dispatch_3_matmul_1x2x32_i8xi8xi32,CPU_P,/root/mb_k1/gen/vmfb/mlp/spacemit_x60/RVV/mlp.q.int8/benchmarks/vmfb/module_mlp$async_dispatch_3_embedded_elf_riscv_64_benchmark.vmfb,270194,731346,731383,731483,137,461152,78,731346,731383,731483,37,100,461289
0,mlp27_dispatch_4,4,1,1,mlp27,mlp$async_dispatch_4_embedded_elf_riscv_64_mlp$async_dispatch_4_elementwise_2_i8xf32,CPU_P,/root/mb_k1/gen/vmfb/mlp/spacemit_x60/RVV/mlp.q.int8/benchmarks/vmfb/module_mlp$async_dispatch_4_embedded_elf_riscv_64_benchmark.vmfb,270272,731483,731506,731565,82,461211,64,731483,731506,731565,23,59,461293
0,dronet5_dispatch_14,14,1,1,dronet5,dronet$async_dispatch_14_embedded_elf_riscv_64_dronet$async_dispatch_14_reduction_128x4x4x64_i8xi8xi32,CPU_P,/root/mb_k1/gen/vmfb/dronet/spacemit_x60/IME/dronet.q.int8/benchmarks/vmfb/module_dronet$async_dispatch_14_embedded_elf_riscv_64_benchmark.vmfb,277998,731565,731585,732585,1020,453567,978,731565,731585,732585,20,1000,454587
0,dronet7_dispatch_5,5,1,1,dronet7,dronet$async_dispatch_5_embedded_elf_riscv_64_dronet$async_dispatch_5_conv_32x14x14x32x3x3_i8xi8xi32,CPU_E,/root/mb_k1/gen/vmfb/dronet/spacemit_x60/RVV/dronet.q.int8/benchmarks/vmfb/module_dronet$async_dispatch_5_embedded_elf_riscv_64_benchmark.vmfb,275179,707027,731371,748181,41154,431848,15683,707027,731371,748181,24344,16810,473002
0,dronet5_dispatch_15,15,1,1,dronet5,dronet$async_dispatch_15_embedded_elf_riscv_64_dronet$async_dispatch_15_elementwise_2048_f32xi8,CPU_E,/root/mb_k1/gen/vmfb/dronet/spacemit_x60/RVV/dronet.q.int8/benchmarks/vmfb/module_dronet$async_dispatch_15_embedded_elf_riscv_64_benchmark.vmfb,279316,732585,748209,748349,15764,453269,117,732585,748209,748349,15624,140,469033
0,mlp28_dispatch_2,2,1,1,mlp28,mlp$async_dispatch_2_embedded_elf_riscv_64_mlp$async_dispatch_2_matmul_1x32x32_i8xi8xi32,CPU_E,/root/mb_k1/gen/vmfb/mlp/spacemit_x60/RVV/mlp.q.int8/benchmarks/vmfb/module_mlp$async_dispatch_2_embedded_elf_riscv_64_benchmark.vmfb,280129,280174,748377,748447,468273,45,65,280174,748377,748447,468203,70,468318
0,dronet5_dispatch_16_1,16,1,1,dronet5,dronet$async_dispatch_16_embedded_elf_riscv_64_dronet$async_dispatch_16_matmul_1x1x2048_i8xi8xi32,CPU_P,/root/mb_k1/gen/vmfb/dronet/spacemit_x60/scalar/dronet.q.int8/benchmarks/vmfb/module_dronet$async_dispatch_16_embedded_elf_riscv_64_benchmark.vmfb,279433,748349,748385,748495,146,468916,92,748349,748385,748495,36,110,469062
0,dronet5_dispatch_16_2,16,1,1,dronet5,dronet$async_dispatch_16_embedded_elf_riscv_64_dronet$async_dispatch_16_matmul_1x1x2048_i8xi8xi32,CPU_P,/root/mb_k1/gen/vmfb/dronet/spacemit_x60/scalar/dronet.q.int8/benchmarks/vmfb/module_dronet$async_dispatch_16_embedded_elf_riscv_64_benchmark.vmfb,279433,748349,748638,748725,376,468916,92,748349,748638,748725,289,87,469292
0,dronet5_dispatch_18,18,1,1,dronet5,dronet$async_dispatch_18_embedded_elf_riscv_64_dronet$async_dispatch_18_elementwise,CPU_P,/root/mb_k1/gen/vmfb/dronet/spacemit_x60/scalar/dronet.q.int8/benchmarks/vmfb/module_dronet$async_dispatch_18_embedded_elf_riscv_64_benchmark.vmfb,279553,748495,748744,748846,351,468942,64,748495,748744,748846,249,102,469293
0,dronet5_dispatch_19,19,1,1,dronet5,dronet$async_dispatch_19_embedded_elf_riscv_64_dronet$async_dispatch_19_elementwise,CPU_P,/root/mb_k1/gen/vmfb/dronet/spacemit_x60/RVV/dronet.q.int8/benchmarks/vmfb/module_dronet$async_dispatch_19_embedded_elf_riscv_64_benchmark.vmfb,279553,748725,748865,748947,222,469172,63,748725,748865,748947,140,82,469394
0,dronet6_dispatch_10,10,1,1,dronet6,dronet$async_dispatch_10_embedded_elf_riscv_64_dronet$async_dispatch_10_reduction_64x7x7x32_i8xi8xi32,CPU_E,/root/mb_k1/gen/vmfb/dronet/spacemit_x60/RVV/dronet.q.int8/benchmarks/vmfb/module_dronet$async_dispatch_10_embedded_elf_riscv_64_benchmark.vmfb,282823,748447,748467,748966,519,465624,415,748447,748467,748966,20,499,466143
0,mlp28_dispatch_3,3,1,1,mlp28,mlp$async_dispatch_3_embedded_elf_riscv_64_mlp$async_dispatch_3_matmul_1x2x32_i8xi8xi32,CPU_P,/root/mb_k1/gen/vmfb/mlp/spacemit_x60/RVV/mlp.q.int8/benchmarks/vmfb/module_mlp$async_dispatch_3_embedded_elf_riscv_64_benchmark.vmfb,280194,748447,748966,749028,581,468253,78,748447,748966,749028,519,62,468834
0,mlp28_dispatch_4,4,1,1,mlp28,mlp$async_dispatch_4_embedded_elf_riscv_64_mlp$async_dispatch_4_elementwise_2_i8xf32,CPU_P,/root/mb_k1/gen/vmfb/mlp/spacemit_x60/RVV/mlp.q.int8/benchmarks/vmfb/module_mlp$async_dispatch_4_embedded_elf_riscv_64_benchmark.vmfb,280272,749028,749050,749108,80,468756,64,749028,749050,749108,22,58,468836
0,dronet6_dispatch_11,11,1,1,dronet6,dronet$async_dispatch_11_embedded_elf_riscv_64_dronet$async_dispatch_11_elementwise_64x7x7_i8xf32xi8,CPU_P,/root/mb_k1/gen/vmfb/dronet/spacemit_x60/RVV/dronet.q.int8/benchmarks/vmfb/module_dronet$async_dispatch_11_embedded_elf_riscv_64_benchmark.vmfb,283238,749108,749126,749341,233,465870,206,749108,749126,749341,18,215,466103
0,dronet9_dispatch_0,0,1,1,dronet9,dronet$async_dispatch_0_embedded_elf_riscv_64_dronet$async_dispatch_0_elementwise_3x112x112_f32xi8,CPU_P,/root/mb_k1/gen/vmfb/dronet/spacemit_x60/RVV/dronet.q.int8/benchmarks/vmfb/module_dronet$async_dispatch_0_embedded_elf_riscv_64_benchmark.vmfb,299700,748846,749358,750111,1265,449146,583,748846,749358,750111,512,753,450411
0,dronet8_dispatch_2,2,1,1,dronet8,dronet$async_dispatch_2_embedded_elf_riscv_64_dronet$async_dispatch_2_conv_32x27x27x3x3_f32,CPU_E,/root/mb_k1/gen/vmfb/dronet/spacemit_x60/RVV/dronet.q.int8/benchmarks/vmfb/module_dronet$async_dispatch_2_embedded_elf_riscv_64_benchmark.vmfb,289848,716593,748987,752296,35703,426745,3194,716593,748987,752296,32394,3309,462448
0,dronet6_dispatch_12,12,1,1,dronet6,dronet$async_dispatch_12_embedded_elf_riscv_64_dronet$async_dispatch_12_conv_128x4x4x64x3x3_i8xi8xi32,CPU_E,/root/mb_k1/gen/vmfb/dronet/spacemit_x60/RVV/dronet.q.int8/benchmarks/vmfb/module_dronet$async_dispatch_12_embedded_elf_riscv_64_benchmark.vmfb,283444,749341,752320,764196,14855,465897,9567,749341,752320,764196,2979,11876,480752
0,mlp29_dispatch_2,2,1,1,mlp29,mlp$async_dispatch_2_embedded_elf_riscv_64_mlp$async_dispatch_2_matmul_1x32x32_i8xi8xi32,CPU_E,/root/mb_k1/gen/vmfb/mlp/spacemit_x60/RVV/mlp.q.int8/benchmarks/vmfb/module_mlp$async_dispatch_2_embedded_elf_riscv_64_benchmark.vmfb,290129,302523,764219,764291,461768,12394,65,302523,764219,764291,461696,72,474162
0,dronet7_dispatch_6,6,1,1,dronet7,dronet$async_dispatch_6_embedded_elf_riscv_64_dronet$async_dispatch_6_reduction_32x14x14x32_i8xi8xi32,CPU_E,/root/mb_k1/gen/vmfb/dronet/spacemit_x60/RVV/dronet.q.int8/benchmarks/vmfb/module_dronet$async_dispatch_6_embedded_elf_riscv_64_benchmark.vmfb,290862,764291,764314,768375,4084,473429,3528,764291,764314,768375,23,4061,477513
0,dronet9_dispatch_1,1,1,1,dronet9,dronet$async_dispatch_1_embedded_elf_riscv_64_dronet$async_dispatch_1_conv_32x56x56x3x3x3_i8xi8xi32,CPU_P,/root/mb_k1/gen/vmfb/dronet/spacemit_x60/RVV/dronet.q.int8/benchmarks/vmfb/module_dronet$async_dispatch_1_embedded_elf_riscv_64_benchmark.vmfb,300282,750111,750131,776793,26682,449829,22866,750111,750131,776793,20,26662,476511
0,mlp29_dispatch_3,3,1,1,mlp29,mlp$async_dispatch_3_embedded_elf_riscv_64_mlp$async_dispatch_3_matmul_1x2x32_i8xi8xi32,CPU_P,/root/mb_k1/gen/vmfb/mlp/spacemit_x60/RVV/mlp.q.int8/benchmarks/vmfb/module_mlp$async_dispatch_3_embedded_elf_riscv_64_benchmark.vmfb,290194,764291,776872,776953,12662,474097,78,764291,776872,776953,12581,81,486759
0,mlp29_dispatch_4,4,1,1,mlp29,mlp$async_dispatch_4_embedded_elf_riscv_64_mlp$async_dispatch_4_elementwise_2_i8xf32,CPU_P,/root/mb_k1/gen/vmfb/mlp/spacemit_x60/RVV/mlp.q.int8/benchmarks/vmfb/module_mlp$async_dispatch_4_embedded_elf_riscv_64_benchmark.vmfb,290272,776953,776974,777055,102,486681,64,776953,776974,777055,21,81,486783
0,dronet8_dispatch_3,3,1,1,dronet8,dronet$async_dispatch_3_embedded_elf_riscv_64_dronet$async_dispatch_3_elementwise_32x27x27_i8xf32xi8,CPU_P,/root/mb_k1/gen/vmfb/dronet/spacemit_x60/RVV/dronet.q.int8/benchmarks/vmfb/module_dronet$async_dispatch_3_embedded_elf_riscv_64_benchmark.vmfb,293042,777055,777071,778158,1103,484013,1024,777055,777071,778158,16,1087,485116
0,dronet6_dispatch_13,13,1,1,dronet6,dronet$async_dispatch_13_embedded_elf_riscv_64_dronet$async_dispatch_13_conv_128x4x4x128x3x3_i8xi8xi32,CPU_E,/root/mb_k1/gen/vmfb/dronet/spacemit_x60/RVV/dronet.q.int8/benchmarks/vmfb/module_dronet$async_dispatch_13_embedded_elf_riscv_64_benchmark.vmfb,293042,764196,768503,788131,23935,471154,18288,764196,768503,788131,4307,19628,495089
0,dronet8_dispatch_4,4,1,1,dronet8,dronet$async_dispatch_4_embedded_elf_riscv_64_dronet$async_dispatch_4_conv_32x14x14x32x3x3_i8xi8xi32,CPU_E,/root/mb_k1/gen/vmfb/dronet/spacemit_x60/RVV/dronet.q.int8/benchmarks/vmfb/module_dronet$async_dispatch_4_embedded_elf_riscv_64_benchmark.vmfb,294066,778158,788159,803011,24853,484092,14513,778158,788159,803011,10001,14852,508945
0,dronet7_dispatch_7,7,1,1,dronet7,dronet$async_dispatch_7_embedded_elf_riscv_64_dronet$async_dispatch_7_elementwise_32x14x14_i8xf32xi8,CPU_E,/root/mb_k1/gen/vmfb/dronet/spacemit_x60/IME/dronet.q.int8/benchmarks/vmfb/module_dronet$async_dispatch_7_embedded_elf_riscv_64_benchmark.vmfb,294391,768375,803039,803372,34997,473984,303,768375,803039,803372,34664,333,508981
0,dronet7_dispatch_8,8,1,1,dronet7,dronet$async_dispatch_8_embedded_elf_riscv_64_dronet$async_dispatch_8_conv_64x7x7x32x3x3_i8xi8xi32,CPU_E,/root/mb_k1/gen/vmfb/dronet/spacemit_x60/RVV/dronet.q.int8/benchmarks/vmfb/module_dronet$async_dispatch_8_embedded_elf_riscv_64_benchmark.vmfb,294693,803372,803398,810986,7614,508679,7356,803372,803398,810986,26,7588,516293
0,mlp30_dispatch_2,2,1,1,mlp30,mlp$async_dispatch_2_embedded_elf_riscv_64_mlp$async_dispatch_2_matmul_1x32x32_i8xi8xi32,CPU_E,/root/mb_k1/gen/vmfb/mlp/spacemit_x60/RVV/mlp.q.int8/benchmarks/vmfb/module_mlp$async_dispatch_2_embedded_elf_riscv_64_benchmark.vmfb,300129,302781,811013,811092,508311,2652,65,302781,811013,811092,508232,79,510963
0,mlp30_dispatch_3,3,1,1,mlp30,mlp$async_dispatch_3_embedded_elf_riscv_64_mlp$async_dispatch_3_matmul_1x2x32_i8xi8xi32,CPU_P,/root/mb_k1/gen/vmfb/mlp/spacemit_x60/RVV/mlp.q.int8/benchmarks/vmfb/module_mlp$async_dispatch_3_embedded_elf_riscv_64_benchmark.vmfb,300194,811092,811127,811223,131,510898,78,811092,811127,811223,35,96,511029
0,mlp30_dispatch_4,4,1,1,mlp30,mlp$async_dispatch_4_embedded_elf_riscv_64_mlp$async_dispatch_4_elementwise_2_i8xf32,CPU_P,/root/mb_k1/gen/vmfb/mlp/spacemit_x60/RVV/mlp.q.int8/benchmarks/vmfb/module_mlp$async_dispatch_4_embedded_elf_riscv_64_benchmark.vmfb,300272,811223,811244,811324,101,510951,64,811223,811244,811324,21,80,511052
0,dronet7_dispatch_9,9,1,1,dronet7,dronet$async_dispatch_9_embedded_elf_riscv_64_dronet$async_dispatch_9_conv_64x7x7x64x3x3_i8xi8xi32,CPU_E,/root/mb_k1/gen/vmfb/dronet/spacemit_x60/RVV/dronet.q.int8/benchmarks/vmfb/module_dronet$async_dispatch_9_embedded_elf_riscv_64_benchmark.vmfb,302049,810986,811117,825081,14095,508937,13975,810986,811117,825081,131,13964,523032
0,dronet8_dispatch_5,5,1,1,dronet8,dronet$async_dispatch_5_embedded_elf_riscv_64_dronet$async_dispatch_5_conv_32x14x14x32x3x3_i8xi8xi32,CPU_E,/root/mb_k1/gen/vmfb/dronet/spacemit_x60/RVV/dronet.q.int8/benchmarks/vmfb/module_dronet$async_dispatch_5_embedded_elf_riscv_64_benchmark.vmfb,308579,803011,825109,840720,37709,494432,15683,803011,825109,840720,22098,15611,532141
0,mlp31_dispatch_2,2,1,1,mlp31,mlp$async_dispatch_2_embedded_elf_riscv_64_mlp$async_dispatch_2_matmul_1x32x32_i8xi8xi32,CPU_E,/root/mb_k1/gen/vmfb/mlp/spacemit_x60/RVV/mlp.q.int8/benchmarks/vmfb/module_mlp$async_dispatch_2_embedded_elf_riscv_64_benchmark.vmfb,310129,311121,840750,840848,529727,992,65,311121,840750,840848,529629,98,530719
0,mlp31_dispatch_3,3,1,1,mlp31,mlp$async_dispatch_3_embedded_elf_riscv_64_mlp$async_dispatch_3_matmul_1x2x32_i8xi8xi32,CPU_P,/root/mb_k1/gen/vmfb/mlp/spacemit_x60/RVV/mlp.q.int8/benchmarks/vmfb/module_mlp$async_dispatch_3_embedded_elf_riscv_64_benchmark.vmfb,310194,840848,840887,840958,110,530654,78,840848,840887,840958,39,71,530764
0,mlp31_dispatch_4,4,1,1,mlp31,mlp$async_dispatch_4_embedded_elf_riscv_64_mlp$async_dispatch_4_elementwise_2_i8xf32,CPU_P,/root/mb_k1/gen/vmfb/mlp/spacemit_x60/RVV/mlp.q.int8/benchmarks/vmfb/module_mlp$async_dispatch_4_embedded_elf_riscv_64_benchmark.vmfb,310272,840958,840981,841053,95,530686,64,840958,840981,841053,23,72,530781
0,dronet6_dispatch_14,14,1,1,dronet6,dronet$async_dispatch_14_embedded_elf_riscv_64_dronet$async_dispatch_14_reduction_128x4x4x64_i8xi8xi32,CPU_P,/root/mb_k1/gen/vmfb/dronet/spacemit_x60/IME/dronet.q.int8/benchmarks/vmfb/module_dronet$async_dispatch_14_embedded_elf_riscv_64_benchmark.vmfb,311330,841053,841073,842080,1027,529723,978,841053,841073,842080,20,1007,530750
0,dronet9_dispatch_2,2,1,1,dronet9,dronet$async_dispatch_2_embedded_elf_riscv_64_dronet$async_dispatch_2_conv_32x27x27x3x3_f32,CPU_E,/root/mb_k1/gen/vmfb/dronet/spacemit_x60/RVV/dronet.q.int8/benchmarks/vmfb/module_dronet$async_dispatch_2_embedded_elf_riscv_64_benchmark.vmfb,323148,825081,840873,844135,19054,501933,3194,825081,840873,844135,15792,3262,520987
0,dronet6_dispatch_15,15,1,1,dronet6,dronet$async_dispatch_15_embedded_elf_riscv_64_dronet$async_dispatch_15_elementwise_2048_f32xi8,CPU_E,/root/mb_k1/gen/vmfb/dronet/spacemit_x60/RVV/dronet.q.int8/benchmarks/vmfb/module_dronet$async_dispatch_15_embedded_elf_riscv_64_benchmark.vmfb,312648,842080,844164,844299,2219,529432,117,842080,844164,844299,2084,135,531651
0,dronet6_dispatch_16_1,16,1,1,dronet6,dronet$async_dispatch_16_embedded_elf_riscv_64_dronet$async_dispatch_16_matmul_1x1x2048_i8xi8xi32,CPU_P,/root/mb_k1/gen/vmfb/dronet/spacemit_x60/scalar/dronet.q.int8/benchmarks/vmfb/module_dronet$async_dispatch_16_embedded_elf_riscv_64_benchmark.vmfb,312766,844299,844333,844420,121,531533,92,844299,844333,844420,34,87,531654
0,dronet6_dispatch_16_2,16,1,1,dronet6,dronet$async_dispatch_16_embedded_elf_riscv_64_dronet$async_dispatch_16_matmul_1x1x2048_i8xi8xi32,CPU_P,/root/mb_k1/gen/vmfb/dronet/spacemit_x60/scalar/dronet.q.int8/benchmarks/vmfb/module_dronet$async_dispatch_16_embedded_elf_riscv_64_benchmark.vmfb,312766,844299,844441,844514,215,531533,92,844299,844441,844514,142,73,531748
0,dronet6_dispatch_18,18,1,1,dronet6,dronet$async_dispatch_18_embedded_elf_riscv_64_dronet$async_dispatch_18_elementwise,CPU_P,/root/mb_k1/gen/vmfb/dronet/spacemit_x60/scalar/dronet.q.int8/benchmarks/vmfb/module_dronet$async_dispatch_18_embedded_elf_riscv_64_benchmark.vmfb,312886,844420,844534,844616,196,531534,64,844420,844534,844616,114,82,531730
0,dronet6_dispatch_19,19,1,1,dronet6,dronet$async_dispatch_19_embedded_elf_riscv_64_dronet$async_dispatch_19_elementwise,CPU_P,/root/mb_k1/gen/vmfb/dronet/spacemit_x60/RVV/dronet.q.int8/benchmarks/vmfb/module_dronet$async_dispatch_19_embedded_elf_riscv_64_benchmark.vmfb,312886,844514,844634,844716,202,531628,63,844514,844634,844716,120,82,531830
0,dronet7_dispatch_10,10,1,1,dronet7,dronet$async_dispatch_10_embedded_elf_riscv_64_dronet$async_dispatch_10_reduction_64x7x7x32_i8xi8xi32,CPU_E,/root/mb_k1/gen/vmfb/dronet/spacemit_x60/RVV/dronet.q.int8/benchmarks/vmfb/module_dronet$async_dispatch_10_embedded_elf_riscv_64_benchmark.vmfb,316023,844299,844325,844801,502,528276,415,844299,844325,844801,26,476,528778
0,dronet7_dispatch_11,11,1,1,dronet7,dronet$async_dispatch_11_embedded_elf_riscv_64_dronet$async_dispatch_11_elementwise_64x7x7_i8xf32xi8,CPU_P,/root/mb_k1/gen/vmfb/dronet/spacemit_x60/RVV/dronet.q.int8/benchmarks/vmfb/module_dronet$async_dispatch_11_embedded_elf_riscv_64_benchmark.vmfb,316438,844801,844857,845096,295,528363,206,844801,844857,845096,56,239,528658
0,dronet9_dispatch_3,3,1,1,dronet9,dronet$async_dispatch_3_embedded_elf_riscv_64_dronet$async_dispatch_3_elementwise_32x27x27_i8xf32xi8,CPU_P,/root/mb_k1/gen/vmfb/dronet/spacemit_x60/RVV/dronet.q.int8/benchmarks/vmfb/module_dronet$async_dispatch_3_embedded_elf_riscv_64_benchmark.vmfb,326343,845096,845119,846167,1071,518753,1024,845096,845119,846167,23,1048,519824
0,dronet8_dispatch_6,6,1,1,dronet8,dronet$async_dispatch_6_embedded_elf_riscv_64_dronet$async_dispatch_6_reduction_32x14x14x32_i8xi8xi32,CPU_E,/root/mb_k1/gen/vmfb/dronet/spacemit_x60/RVV/dronet.q.int8/benchmarks/vmfb/module_dronet$async_dispatch_6_embedded_elf_riscv_64_benchmark.vmfb,324262,840720,844848,848639,7919,516458,3528,840720,844848,848639,4128,3791,524377
0,dronet7_dispatch_12,12,1,1,dronet7,dronet$async_dispatch_12_embedded_elf_riscv_64_dronet$async_dispatch_12_conv_128x4x4x64x3x3_i8xi8xi32,CPU_E,/root/mb_k1/gen/vmfb/dronet/spacemit_x60/RVV/dronet.q.int8/benchmarks/vmfb/module_dronet$async_dispatch_12_embedded_elf_riscv_64_benchmark.vmfb,316644,845096,848667,858964,13868,528452,9567,845096,848667,858964,3571,10297,542320
0,dronet7_dispatch_13,13,1,1,dronet7,dronet$async_dispatch_13_embedded_elf_riscv_64_dronet$async_dispatch_13_conv_128x4x4x128x3x3_i8xi8xi32,CPU_E,/root/mb_k1/gen/vmfb/dronet/spacemit_x60/RVV/dronet.q.int8/benchmarks/vmfb/module_dronet$async_dispatch_13_embedded_elf_riscv_64_benchmark.vmfb,326211,858964,858992,877508,18544,532753,18288,858964,858992,877508,28,18516,551297
0,dronet7_dispatch_14,14,1,1,dronet7,dronet$async_dispatch_14_embedded_elf_riscv_64_dronet$async_dispatch_14_reduction_128x4x4x64_i8xi8xi32,CPU_P,/root/mb_k1/gen/vmfb/dronet/spacemit_x60/IME/dronet.q.int8/benchmarks/vmfb/module_dronet$async_dispatch_14_embedded_elf_riscv_64_benchmark.vmfb,344498,877508,877542,878542,1034,533010,978,877508,877542,878542,34,1000,534044
0,dronet9_dispatch_4,4,1,1,dronet9,dronet$async_dispatch_4_embedded_elf_riscv_64_dronet$async_dispatch_4_conv_32x14x14x32x3x3_i8xi8xi32,CPU_E,/root/mb_k1/gen/vmfb/dronet/spacemit_x60/RVV/dronet.q.int8/benchmarks/vmfb/module_dronet$async_dispatch_4_embedded_elf_riscv_64_benchmark.vmfb,327367,846167,877531,893374,47207,518800,14513,846167,877531,893374,31364,15843,566007
0,dronet8_dispatch_7,7,1,1,dronet8,dronet$async_dispatch_7_embedded_elf_riscv_64_dronet$async_dispatch_7_elementwise_32x14x14_i8xf32xi8,CPU_E,/root/mb_k1/gen/vmfb/dronet/spacemit_x60/IME/dronet.q.int8/benchmarks/vmfb/module_dronet$async_dispatch_7_embedded_elf_riscv_64_benchmark.vmfb,327790,858964,893402,893740,34776,531174,303,858964,893402,893740,34438,338,565950
0,dronet8_dispatch_8,8,1,1,dronet8,dronet$async_dispatch_8_embedded_elf_riscv_64_dronet$async_dispatch_8_conv_64x7x7x32x3x3_i8xi8xi32,CPU_E,/root/mb_k1/gen/vmfb/dronet/spacemit_x60/RVV/dronet.q.int8/benchmarks/vmfb/module_dronet$async_dispatch_8_embedded_elf_riscv_64_benchmark.vmfb,328092,893740,893767,901709,7969,565648,7356,893740,893767,901709,27,7942,573617
0,dronet8_dispatch_9,9,1,1,dronet8,dronet$async_dispatch_9_embedded_elf_riscv_64_dronet$async_dispatch_9_conv_64x7x7x64x3x3_i8xi8xi32,CPU_E,/root/mb_k1/gen/vmfb/dronet/spacemit_x60/RVV/dronet.q.int8/benchmarks/vmfb/module_dronet$async_dispatch_9_embedded_elf_riscv_64_benchmark.vmfb,335448,901709,901733,916267,14558,566261,13975,901709,901733,916267,24,14534,580819
0,dronet9_dispatch_5,5,1,1,dronet9,dronet$async_dispatch_5_embedded_elf_riscv_64_dronet$async_dispatch_5_conv_32x14x14x32x3x3_i8xi8xi32,CPU_E,/root/mb_k1/gen/vmfb/dronet/spacemit_x60/RVV/dronet.q.int8/benchmarks/vmfb/module_dronet$async_dispatch_5_embedded_elf_riscv_64_benchmark.vmfb,341879,893374,916382,932682,39308,551495,15683,893374,916382,932682,23008,16300,590803
0,dronet7_dispatch_15,15,1,1,dronet7,dronet$async_dispatch_15_embedded_elf_riscv_64_dronet$async_dispatch_15_elementwise_2048_f32xi8,CPU_E,/root/mb_k1/gen/vmfb/dronet/spacemit_x60/RVV/dronet.q.int8/benchmarks/vmfb/module_dronet$async_dispatch_15_embedded_elf_riscv_64_benchmark.vmfb,345817,901709,932711,932859,31150,555892,117,901709,932711,932859,31002,148,587042
0,dronet7_dispatch_16_1,16,1,1,dronet7,dronet$async_dispatch_16_embedded_elf_riscv_64_dronet$async_dispatch_16_matmul_1x1x2048_i8xi8xi32,CPU_P,/root/mb_k1/gen/vmfb/dronet/spacemit_x60/scalar/dronet.q.int8/benchmarks/vmfb/module_dronet$async_dispatch_16_embedded_elf_riscv_64_benchmark.vmfb,345934,932859,932894,933005,146,586925,92,932859,932894,933005,35,111,587071
0,dronet7_dispatch_16_2,16,1,1,dronet7,dronet$async_dispatch_16_embedded_elf_riscv_64_dronet$async_dispatch_16_matmul_1x1x2048_i8xi8xi32,CPU_P,/root/mb_k1/gen/vmfb/dronet/spacemit_x60/scalar/dronet.q.int8/benchmarks/vmfb/module_dronet$async_dispatch_16_embedded_elf_riscv_64_benchmark.vmfb,345934,932859,933028,933103,244,586925,92,932859,933028,933103,169,75,587169
0,dronet7_dispatch_18,18,1,1,dronet7,dronet$async_dispatch_18_embedded_elf_riscv_64_dronet$async_dispatch_18_elementwise,CPU_P,/root/mb_k1/gen/vmfb/dronet/spacemit_x60/scalar/dronet.q.int8/benchmarks/vmfb/module_dronet$async_dispatch_18_embedded_elf_riscv_64_benchmark.vmfb,346054,933005,933123,933192,187,586951,64,933005,933123,933192,118,69,587138
0,dronet7_dispatch_19,19,1,1,dronet7,dronet$async_dispatch_19_embedded_elf_riscv_64_dronet$async_dispatch_19_elementwise,CPU_P,/root/mb_k1/gen/vmfb/dronet/spacemit_x60/RVV/dronet.q.int8/benchmarks/vmfb/module_dronet$async_dispatch_19_embedded_elf_riscv_64_benchmark.vmfb,346054,933103,933210,933284,181,587049,63,933103,933210,933284,107,74,587230
0,dronet8_dispatch_10,10,1,1,dronet8,dronet$async_dispatch_10_embedded_elf_riscv_64_dronet$async_dispatch_10_reduction_64x7x7x32_i8xi8xi32,CPU_E,/root/mb_k1/gen/vmfb/dronet/spacemit_x60/RVV/dronet.q.int8/benchmarks/vmfb/module_dronet$async_dispatch_10_embedded_elf_riscv_64_benchmark.vmfb,349422,932859,932884,933352,493,583437,415,932859,932884,933352,25,468,583930
0,dronet8_dispatch_11,11,1,1,dronet8,dronet$async_dispatch_11_embedded_elf_riscv_64_dronet$async_dispatch_11_elementwise_64x7x7_i8xf32xi8,CPU_P,/root/mb_k1/gen/vmfb/dronet/spacemit_x60/RVV/dronet.q.int8/benchmarks/vmfb/module_dronet$async_dispatch_11_embedded_elf_riscv_64_benchmark.vmfb,349838,933352,933387,933595,243,583514,206,933352,933387,933595,35,208,583757
0,dronet9_dispatch_6,6,1,1,dronet9,dronet$async_dispatch_6_embedded_elf_riscv_64_dronet$async_dispatch_6_reduction_32x14x14x32_i8xi8xi32,CPU_E,/root/mb_k1/gen/vmfb/dronet/spacemit_x60/RVV/dronet.q.int8/benchmarks/vmfb/module_dronet$async_dispatch_6_embedded_elf_riscv_64_benchmark.vmfb,357562,932682,933379,937054,4372,575120,3528,932682,933379,937054,697,3675,579492
0,dronet8_dispatch_12,12,1,1,dronet8,dronet$async_dispatch_12_embedded_elf_riscv_64_dronet$async_dispatch_12_conv_128x4x4x64x3x3_i8xi8xi32,CPU_E,/root/mb_k1/gen/vmfb/dronet/spacemit_x60/RVV/dronet.q.int8/benchmarks/vmfb/module_dronet$async_dispatch_12_embedded_elf_riscv_64_benchmark.vmfb,350044,933595,937083,947307,13712,583551,9567,933595,937083,947307,3488,10224,597263
0,dronet8_dispatch_13,13,1,1,dronet8,dronet$async_dispatch_13_embedded_elf_riscv_64_dronet$async_dispatch_13_conv_128x4x4x128x3x3_i8xi8xi32,CPU_E,/root/mb_k1/gen/vmfb/dronet/spacemit_x60/RVV/dronet.q.int8/benchmarks/vmfb/module_dronet$async_dispatch_13_embedded_elf_riscv_64_benchmark.vmfb,359610,947307,947334,965828,18521,587697,18288,947307,947334,965828,27,18494,606218
0,dronet9_dispatch_7,7,1,1,dronet9,dronet$async_dispatch_7_embedded_elf_riscv_64_dronet$async_dispatch_7_elementwise_32x14x14_i8xf32xi8,CPU_E,/root/mb_k1/gen/vmfb/dronet/spacemit_x60/IME/dronet.q.int8/benchmarks/vmfb/module_dronet$async_dispatch_7_embedded_elf_riscv_64_benchmark.vmfb,361090,947307,965945,966283,18976,586217,303,947307,965945,966283,18638,338,605193
0,dronet8_dispatch_14,14,1,1,dronet8,dronet$async_dispatch_14_embedded_elf_riscv_64_dronet$async_dispatch_14_reduction_128x4x4x64_i8xi8xi32,CPU_P,/root/mb_k1/gen/vmfb/dronet/spacemit_x60/IME/dronet.q.int8/benchmarks/vmfb/module_dronet$async_dispatch_14_embedded_elf_riscv_64_benchmark.vmfb,377898,965828,965956,966947,1119,587930,978,965828,965956,966947,128,991,589049
0,dronet9_dispatch_8,8,1,1,dronet9,dronet$async_dispatch_8_embedded_elf_riscv_64_dronet$async_dispatch_8_conv_64x7x7x32x3x3_i8xi8xi32,CPU_E,/root/mb_k1/gen/vmfb/dronet/spacemit_x60/RVV/dronet.q.int8/benchmarks/vmfb/module_dronet$async_dispatch_8_embedded_elf_riscv_64_benchmark.vmfb,361392,966283,966303,974308,8025,604891,7356,966283,966303,974308,20,8005,612916
0,dronet9_dispatch_9,9,1,1,dronet9,dronet$async_dispatch_9_embedded_elf_riscv_64_dronet$async_dispatch_9_conv_64x7x7x64x3x3_i8xi8xi32,CPU_E,/root/mb_k1/gen/vmfb/dronet/spacemit_x60/RVV/dronet.q.int8/benchmarks/vmfb/module_dronet$async_dispatch_9_embedded_elf_riscv_64_benchmark.vmfb,368748,974308,974336,988489,14181,605560,13975,974308,974336,988489,28,14153,619741
0,dronet8_dispatch_15,15,1,1,dronet8,dronet$async_dispatch_15_embedded_elf_riscv_64_dronet$async_dispatch_15_elementwise_2048_f32xi8,CPU_E,/root/mb_k1/gen/vmfb/dronet/spacemit_x60/RVV/dronet.q.int8/benchmarks/vmfb/module_dronet$async_dispatch_15_embedded_elf_riscv_64_benchmark.vmfb,379216,974308,988513,988633,14325,595092,117,974308,988513,988633,14205,120,609417
0,dronet8_dispatch_16_1,16,1,1,dronet8,dronet$async_dispatch_16_embedded_elf_riscv_64_dronet$async_dispatch_16_matmul_1x1x2048_i8xi8xi32,CPU_P,/root/mb_k1/gen/vmfb/dronet/spacemit_x60/scalar/dronet.q.int8/benchmarks/vmfb/module_dronet$async_dispatch_16_embedded_elf_riscv_64_benchmark.vmfb,379333,988633,988670,988771,138,609300,92,988633,988670,988771,37,101,609438
0,dronet8_dispatch_16_2,16,1,1,dronet8,dronet$async_dispatch_16_embedded_elf_riscv_64_dronet$async_dispatch_16_matmul_1x1x2048_i8xi8xi32,CPU_P,/root/mb_k1/gen/vmfb/dronet/spacemit_x60/scalar/dronet.q.int8/benchmarks/vmfb/module_dronet$async_dispatch_16_embedded_elf_riscv_64_benchmark.vmfb,379333,988633,988793,988879,246,609300,92,988633,988793,988879,160,86,609546
0,dronet8_dispatch_18,18,1,1,dronet8,dronet$async_dispatch_18_embedded_elf_riscv_64_dronet$async_dispatch_18_elementwise,CPU_P,/root/mb_k1/gen/vmfb/dronet/spacemit_x60/scalar/dronet.q.int8/benchmarks/vmfb/module_dronet$async_dispatch_18_embedded_elf_riscv_64_benchmark.vmfb,379453,988771,988899,988966,195,609318,64,988771,988899,988966,128,67,609513
0,dronet8_dispatch_19,19,1,1,dronet8,dronet$async_dispatch_19_embedded_elf_riscv_64_dronet$async_dispatch_19_elementwise,CPU_P,/root/mb_k1/gen/vmfb/dronet/spacemit_x60/RVV/dronet.q.int8/benchmarks/vmfb/module_dronet$async_dispatch_19_embedded_elf_riscv_64_benchmark.vmfb,379453,988879,988985,989056,177,609426,63,988879,988985,989056,106,71,609603
0,dronet9_dispatch_10,10,1,1,dronet9,dronet$async_dispatch_10_embedded_elf_riscv_64_dronet$async_dispatch_10_reduction_64x7x7x32_i8xi8xi32,CPU_E,/root/mb_k1/gen/vmfb/dronet/spacemit_x60/RVV/dronet.q.int8/benchmarks/vmfb/module_dronet$async_dispatch_10_embedded_elf_riscv_64_benchmark.vmfb,382722,988633,988656,989125,492,605911,415,988633,988656,989125,23,469,606403
0,dronet9_dispatch_11,11,1,1,dronet9,dronet$async_dispatch_11_embedded_elf_riscv_64_dronet$async_dispatch_11_elementwise_64x7x7_i8xf32xi8,CPU_P,/root/mb_k1/gen/vmfb/dronet/spacemit_x60/RVV/dronet.q.int8/benchmarks/vmfb/module_dronet$async_dispatch_11_embedded_elf_riscv_64_benchmark.vmfb,383138,989125,989160,989366,241,605987,206,989125,989160,989366,35,206,606228
0,dronet9_dispatch_12,12,1,1,dronet9,dronet$async_dispatch_12_embedded_elf_riscv_64_dronet$async_dispatch_12_conv_128x4x4x64x3x3_i8xi8xi32,CPU_E,/root/mb_k1/gen/vmfb/dronet/spacemit_x60/RVV/dronet.q.int8/benchmarks/vmfb/module_dronet$async_dispatch_12_embedded_elf_riscv_64_benchmark.vmfb,383344,989366,989482,999757,10391,606022,9567,989366,989482,999757,116,10275,616413
0,dronet9_dispatch_13,13,1,1,dronet9,dronet$async_dispatch_13_embedded_elf_riscv_64_dronet$async_dispatch_13_conv_128x4x4x128x3x3_i8xi8xi32,CPU_E,/root/mb_k1/gen/vmfb/dronet/spacemit_x60/RVV/dronet.q.int8/benchmarks/vmfb/module_dronet$async_dispatch_13_embedded_elf_riscv_64_benchmark.vmfb,392910,999757,999785,1018392,18635,606847,18288,999757,999785,1018392,28,18607,625482
0,dronet9_dispatch_14,14,1,1,dronet9,dronet$async_dispatch_14_embedded_elf_riscv_64_dronet$async_dispatch_14_reduction_128x4x4x64_i8xi8xi32,CPU_P,/root/mb_k1/gen/vmfb/dronet/spacemit_x60/IME/dronet.q.int8/benchmarks/vmfb/module_dronet$async_dispatch_14_embedded_elf_riscv_64_benchmark.vmfb,411198,1018392,1018432,1019428,1036,607194,978,1018392,1018432,1019428,40,996,608230
0,dronet9_dispatch_15,15,1,1,dronet9,dronet$async_dispatch_15_embedded_elf_riscv_64_dronet$async_dispatch_15_elementwise_2048_f32xi8,CPU_E,/root/mb_k1/gen/vmfb/dronet/spacemit_x60/RVV/dronet.q.int8/benchmarks/vmfb/module_dronet$async_dispatch_15_embedded_elf_riscv_64_benchmark.vmfb,412516,1019428,1019469,1019624,196,606912,117,1019428,1019469,1019624,41,155,607108
0,dronet9_dispatch_16_1,16,1,1,dronet9,dronet$async_dispatch_16_embedded_elf_riscv_64_dronet$async_dispatch_16_matmul_1x1x2048_i8xi8xi32,CPU_P,/root/mb_k1/gen/vmfb/dronet/spacemit_x60/scalar/dronet.q.int8/benchmarks/vmfb/module_dronet$async_dispatch_16_embedded_elf_riscv_64_benchmark.vmfb,412633,1019624,1019665,1019773,149,606991,92,1019624,1019665,1019773,41,108,607140
0,dronet9_dispatch_16_2,16,1,1,dronet9,dronet$async_dispatch_16_embedded_elf_riscv_64_dronet$async_dispatch_16_matmul_1x1x2048_i8xi8xi32,CPU_P,/root/mb_k1/gen/vmfb/dronet/spacemit_x60/scalar/dronet.q.int8/benchmarks/vmfb/module_dronet$async_dispatch_16_embedded_elf_riscv_64_benchmark.vmfb,412633,1019624,1019800,1019873,249,606991,92,1019624,1019800,1019873,176,73,607240
0,dronet9_dispatch_18,18,1,1,dronet9,dronet$async_dispatch_18_embedded_elf_riscv_64_dronet$async_dispatch_18_elementwise,CPU_P,/root/mb_k1/gen/vmfb/dronet/spacemit_x60/scalar/dronet.q.int8/benchmarks/vmfb/module_dronet$async_dispatch_18_embedded_elf_riscv_64_benchmark.vmfb,412753,1019773,1019896,1019965,192,607020,64,1019773,1019896,1019965,123,69,607212
0,dronet9_dispatch_19,19,1,1,dronet9,dronet$async_dispatch_19_embedded_elf_riscv_64_dronet$async_dispatch_19_elementwise,CPU_P,/root/mb_k1/gen/vmfb/dronet/spacemit_x60/RVV/dronet.q.int8/benchmarks/vmfb/module_dronet$async_dispatch_19_embedded_elf_riscv_64_benchmark.vmfb,412753,1019873,1019986,1020057,184,607120,63,1019873,1019986,1020057,113,71,607304
