cpu,t_ms,busy_pct,epoch_ms,rdtime_ticks
0,100,0.0,1789592914009,120918736208892
1,100,0.0,1789592914009,120918736208892
2,100,0.0,1789592914009,120918736208892
3,100,0.0,1789592914009,120918736208892
4,100,0.0,1789592914009,120918736208892
5,100,0.0,1789592914009,120918736208892
6,100,0.0,1789592914009,120918736208892
7,100,0.0,1789592914009,120918736208892
0,200,0.0,1789592914109,120918738620577
1,200,0.0,1789592914109,120918738620577
2,200,0.0,1789592914109,120918738620577
3,200,0.0,1789592914109,120918738620577
4,200,0.0,1789592914109,120918738620577
5,200,0.0,1789592914109,120918738620577
6,200,0.0,1789592914109,120918738620577
7,200,0.0,1789592914109,120918738620577
0,301,0.0,1789592914210,120918741029939
1,301,0.0,1789592914210,120918741029939
2,301,0.0,1789592914210,120918741029939
3,301,0.0,1789592914210,120918741029939
4,301,0.0,1789592914210,120918741029939
5,301,0.0,1789592914210,120918741029939
6,301,0.0,1789592914210,120918741029939
7,301,0.0,1789592914210,120918741029939
0,401,0.0,1789592914310,120918743438390
1,401,0.0,1789592914310,120918743438390
2,401,0.0,1789592914310,120918743438390
3,401,0.0,1789592914310,120918743438390
4,401,0.0,1789592914310,120918743438390
5,401,0.0,1789592914310,120918743438390
6,401,0.0,1789592914310,120918743438390
7,401,0.0,1789592914310,120918743438390
0,502,0.0,1789592914411,120918745846591
1,502,0.0,1789592914411,120918745846591
2,502,0.0,1789592914411,120918745846591
3,502,0.0,1789592914411,120918745846591
4,502,0.0,1789592914411,120918745846591
5,502,0.0,1789592914411,120918745846591
6,502,0.0,1789592914411,120918745846591
7,502,0.0,1789592914411,120918745846591
0,602,0.0,1789592914511,120918748259335
1,602,11.1,1789592914511,120918748259335
2,602,0.0,1789592914511,120918748259335
3,602,25.0,1789592914511,120918748259335
4,602,9.1,1789592914511,120918748259335
5,602,18.2,1789592914511,120918748259335
6,602,0.0,1789592914511,120918748259335
7,602,0.0,1789592914511,120918748259335
0,703,0.0,1789592914612,120918750671055
1,703,0.0,1789592914612,120918750671055
2,703,0.0,1789592914612,120918750671055
3,703,9.1,1789592914612,120918750671055
4,703,50.0,1789592914612,120918750671055
5,703,0.0,1789592914612,120918750671055
6,703,0.0,1789592914612,120918750671055
7,703,0.0,1789592914612,120918750671055
0,803,0.0,1789592914712,120918753083282
1,803,0.0,1789592914712,120918753083282
2,803,10.0,1789592914712,120918753083282
3,803,40.0,1789592914712,120918753083282
4,803,10.0,1789592914712,120918753083282
5,803,10.0,1789592914712,120918753083282
6,803,0.0,1789592914712,120918753083282
7,803,0.0,1789592914712,120918753083282
0,904,10.0,1789592914813,120918755496188
1,904,18.2,1789592914813,120918755496188
2,904,0.0,1789592914813,120918755496188
3,904,0.0,1789592914813,120918755496188
4,904,10.0,1789592914813,120918755496188
5,904,0.0,1789592914813,120918755496188
6,904,10.0,1789592914813,120918755496188
7,904,10.0,1789592914813,120918755496188
0,1004,0.0,1789592914913,120918757909382
1,1004,0.0,1789592914913,120918757909382
2,1004,10.0,1789592914913,120918757909382
3,1004,9.1,1789592914913,120918757909382
4,1004,0.0,1789592914913,120918757909382
5,1004,10.0,1789592914913,120918757909382
6,1004,9.1,1789592914913,120918757909382
7,1004,0.0,1789592914913,120918757909382
0,1105,0.0,1789592915014,120918760319652
1,1105,0.0,1789592915014,120918760319652
2,1105,0.0,1789592915014,120918760319652
3,1105,0.0,1789592915014,120918760319652
4,1105,0.0,1789592915014,120918760319652
5,1105,0.0,1789592915014,120918760319652
6,1105,0.0,1789592915014,120918760319652
7,1105,0.0,1789592915014,120918760319652
0,1205,0.0,1789592915114,120918762730597
1,1205,0.0,1789592915114,120918762730597
2,1205,0.0,1789592915114,120918762730597
3,1205,0.0,1789592915114,120918762730597
4,1205,9.1,1789592915114,120918762730597
5,1205,0.0,1789592915114,120918762730597
6,1205,0.0,1789592915114,120918762730597
7,1205,0.0,1789592915114,120918762730597
0,1305,0.0,1789592915214,120918765140158
1,1305,0.0,1789592915214,120918765140158
2,1305,0.0,1789592915214,120918765140158
3,1305,0.0,1789592915214,120918765140158
4,1305,0.0,1789592915214,120918765140158
5,1305,0.0,1789592915214,120918765140158
6,1305,0.0,1789592915214,120918765140158
7,1305,0.0,1789592915214,120918765140158
0,1406,0.0,1789592915315,120918767551152
1,1406,0.0,1789592915315,120918767551152
2,1406,0.0,1789592915315,120918767551152
3,1406,0.0,1789592915315,120918767551152
4,1406,0.0,1789592915315,120918767551152
5,1406,0.0,1789592915315,120918767551152
6,1406,0.0,1789592915315,120918767551152
7,1406,0.0,1789592915315,120918767551152
0,1506,0.0,1789592915415,120918769959847
1,1506,0.0,1789592915415,120918769959847
2,1506,0.0,1789592915415,120918769959847
3,1506,0.0,1789592915415,120918769959847
4,1506,0.0,1789592915415,120918769959847
5,1506,0.0,1789592915415,120918769959847
6,1506,0.0,1789592915415,120918769959847
7,1506,9.1,1789592915415,120918769959847
0,1607,0.0,1789592915516,120918772368940
1,1607,0.0,1789592915516,120918772368940
2,1607,0.0,1789592915516,120918772368940
3,1607,0.0,1789592915516,120918772368940
4,1607,0.0,1789592915516,120918772368940
5,1607,0.0,1789592915516,120918772368940
6,1607,0.0,1789592915516,120918772368940
7,1607,0.0,1789592915516,120918772368940
0,1707,0.0,1789592915616,120918774777465
1,1707,0.0,1789592915616,120918774777465
2,1707,0.0,1789592915616,120918774777465
3,1707,0.0,1789592915616,120918774777465
4,1707,0.0,1789592915616,120918774777465
5,1707,0.0,1789592915616,120918774777465
6,1707,0.0,1789592915616,120918774777465
7,1707,0.0,1789592915616,120918774777465
0,1807,0.0,1789592915716,120918777188112
1,1807,0.0,1789592915716,120918777188112
2,1807,0.0,1789592915716,120918777188112
3,1807,0.0,1789592915716,120918777188112
4,1807,0.0,1789592915716,120918777188112
5,1807,0.0,1789592915716,120918777188112
6,1807,0.0,1789592915716,120918777188112
7,1807,0.0,1789592915716,120918777188112
0,1908,0.0,1789592915817,120918779600112
1,1908,0.0,1789592915817,120918779600112
2,1908,0.0,1789592915817,120918779600112
3,1908,0.0,1789592915817,120918779600112
4,1908,0.0,1789592915817,120918779600112
5,1908,0.0,1789592915817,120918779600112
6,1908,0.0,1789592915817,120918779600112
7,1908,0.0,1789592915817,120918779600112
0,2008,0.0,1789592915917,120918782009671
1,2008,0.0,1789592915917,120918782009671
2,2008,0.0,1789592915917,120918782009671
3,2008,0.0,1789592915917,120918782009671
4,2008,0.0,1789592915917,120918782009671
5,2008,0.0,1789592915917,120918782009671
6,2008,0.0,1789592915917,120918782009671
7,2008,0.0,1789592915917,120918782009671
0,2109,0.0,1789592916018,120918784417959
1,2109,0.0,1789592916018,120918784417959
2,2109,0.0,1789592916018,120918784417959
3,2109,0.0,1789592916018,120918784417959
4,2109,0.0,1789592916018,120918784417959
5,2109,0.0,1789592916018,120918784417959
6,2109,0.0,1789592916018,120918784417959
7,2109,0.0,1789592916018,120918784417959
0,2209,0.0,1789592916118,120918786826248
1,2209,0.0,1789592916118,120918786826248
2,2209,0.0,1789592916118,120918786826248
3,2209,0.0,1789592916118,120918786826248
4,2209,0.0,1789592916118,120918786826248
5,2209,0.0,1789592916118,120918786826248
6,2209,0.0,1789592916118,120918786826248
7,2209,0.0,1789592916118,120918786826248
0,2309,0.0,1789592916218,120918789234291
1,2309,0.0,1789592916218,120918789234291
2,2309,0.0,1789592916218,120918789234291
3,2309,0.0,1789592916218,120918789234291
4,2309,0.0,1789592916218,120918789234291
5,2309,0.0,1789592916218,120918789234291
6,2309,0.0,1789592916218,120918789234291
7,2309,0.0,1789592916218,120918789234291
0,2410,0.0,1789592916319,120918791642378
1,2410,0.0,1789592916319,120918791642378
2,2410,0.0,1789592916319,120918791642378
3,2410,0.0,1789592916319,120918791642378
4,2410,0.0,1789592916319,120918791642378
5,2410,0.0,1789592916319,120918791642378
6,2410,0.0,1789592916319,120918791642378
7,2410,0.0,1789592916319,120918791642378
0,2510,0.0,1789592916419,120918794053350
1,2510,0.0,1789592916419,120918794053350
2,2510,0.0,1789592916419,120918794053350
3,2510,0.0,1789592916419,120918794053350
4,2510,0.0,1789592916419,120918794053350
5,2510,0.0,1789592916419,120918794053350
6,2510,0.0,1789592916419,120918794053350
7,2510,0.0,1789592916419,120918794053350
0,2611,0.0,1789592916520,120918796462424
1,2611,0.0,1789592916520,120918796462424
2,2611,0.0,1789592916520,120918796462424
3,2611,0.0,1789592916520,120918796462424
4,2611,0.0,1789592916520,120918796462424
5,2611,0.0,1789592916520,120918796462424
6,2611,0.0,1789592916520,120918796462424
7,2611,0.0,1789592916520,120918796462424
0,2711,0.0,1789592916620,120918798873262
1,2711,0.0,1789592916620,120918798873262
2,2711,0.0,1789592916620,120918798873262
3,2711,0.0,1789592916620,120918798873262
4,2711,0.0,1789592916620,120918798873262
5,2711,0.0,1789592916620,120918798873262
6,2711,0.0,1789592916620,120918798873262
7,2711,0.0,1789592916620,120918798873262
0,2812,9.1,1789592916721,120918801284526
1,2812,0.0,1789592916721,120918801284526
2,2812,0.0,1789592916721,120918801284526
3,2812,0.0,1789592916721,120918801284526
4,2812,0.0,1789592916721,120918801284526
5,2812,10.0,1789592916721,120918801284526
6,2812,0.0,1789592916721,120918801284526
7,2812,0.0,1789592916721,120918801284526
0,2912,0.0,1789592916821,120918803694799
1,2912,0.0,1789592916821,120918803694799
2,2912,0.0,1789592916821,120918803694799
3,2912,0.0,1789592916821,120918803694799
4,2912,0.0,1789592916821,120918803694799
5,2912,0.0,1789592916821,120918803694799
6,2912,0.0,1789592916821,120918803694799
7,2912,0.0,1789592916821,120918803694799
0,3012,0.0,1789592916921,120918806103952
1,3012,0.0,1789592916921,120918806103952
2,3012,0.0,1789592916921,120918806103952
3,3012,0.0,1789592916921,120918806103952
4,3012,0.0,1789592916921,120918806103952
5,3012,0.0,1789592916921,120918806103952
6,3012,0.0,1789592916921,120918806103952
7,3012,0.0,1789592916921,120918806103952
0,3113,0.0,1789592917022,120918808512126
1,3113,0.0,1789592917022,120918808512126
2,3113,0.0,1789592917022,120918808512126
3,3113,0.0,1789592917022,120918808512126
4,3113,0.0,1789592917022,120918808512126
5,3113,0.0,1789592917022,120918808512126
6,3113,0.0,1789592917022,120918808512126
7,3113,0.0,1789592917022,120918808512126
0,3213,0.0,1789592917122,120918810920111
1,3213,0.0,1789592917122,120918810920111
2,3213,0.0,1789592917122,120918810920111
3,3213,0.0,1789592917122,120918810920111
4,3213,0.0,1789592917122,120918810920111
5,3213,0.0,1789592917122,120918810920111
6,3213,0.0,1789592917122,120918810920111
7,3213,0.0,1789592917122,120918810920111
0,3313,0.0,1789592917222,120918813328875
1,3313,0.0,1789592917222,120918813328875
2,3313,0.0,1789592917222,120918813328875
3,3313,0.0,1789592917222,120918813328875
4,3313,0.0,1789592917222,120918813328875
5,3313,0.0,1789592917222,120918813328875
6,3313,0.0,1789592917222,120918813328875
7,3313,0.0,1789592917222,120918813328875
0,3414,0.0,1789592917323,120918815736859
1,3414,0.0,1789592917323,120918815736859
2,3414,0.0,1789592917323,120918815736859
3,3414,0.0,1789592917323,120918815736859
4,3414,0.0,1789592917323,120918815736859
5,3414,0.0,1789592917323,120918815736859
6,3414,0.0,1789592917323,120918815736859
7,3414,0.0,1789592917323,120918815736859
0,3514,0.0,1789592917423,120918818145599
1,3514,0.0,1789592917423,120918818145599
2,3514,0.0,1789592917423,120918818145599
3,3514,0.0,1789592917423,120918818145599
4,3514,0.0,1789592917423,120918818145599
5,3514,9.1,1789592917423,120918818145599
6,3514,0.0,1789592917423,120918818145599
7,3514,0.0,1789592917423,120918818145599
0,3614,0.0,1789592917523,120918820553739
1,3614,0.0,1789592917523,120918820553739
2,3614,0.0,1789592917523,120918820553739
3,3614,0.0,1789592917523,120918820553739
4,3614,0.0,1789592917523,120918820553739
5,3614,0.0,1789592917523,120918820553739
6,3614,0.0,1789592917523,120918820553739
7,3614,0.0,1789592917523,120918820553739
0,3715,0.0,1789592917624,120918822961507
1,3715,0.0,1789592917624,120918822961507
2,3715,0.0,1789592917624,120918822961507
3,3715,0.0,1789592917624,120918822961507
4,3715,0.0,1789592917624,120918822961507
5,3715,0.0,1789592917624,120918822961507
6,3715,0.0,1789592917624,120918822961507
7,3715,0.0,1789592917624,120918822961507
0,3815,0.0,1789592917724,120918825369242
1,3815,0.0,1789592917724,120918825369242
2,3815,0.0,1789592917724,120918825369242
3,3815,0.0,1789592917724,120918825369242
4,3815,0.0,1789592917724,120918825369242
5,3815,0.0,1789592917724,120918825369242
6,3815,0.0,1789592917724,120918825369242
7,3815,0.0,1789592917724,120918825369242
0,3915,0.0,1789592917824,120918827778654
1,3915,0.0,1789592917824,120918827778654
2,3915,0.0,1789592917824,120918827778654
3,3915,0.0,1789592917824,120918827778654
4,3915,0.0,1789592917824,120918827778654
5,3915,0.0,1789592917824,120918827778654
6,3915,0.0,1789592917824,120918827778654
7,3915,0.0,1789592917824,120918827778654
0,4016,0.0,1789592917925,120918830186320
1,4016,0.0,1789592917925,120918830186320
2,4016,0.0,1789592917925,120918830186320
3,4016,0.0,1789592917925,120918830186320
4,4016,0.0,1789592917925,120918830186320
5,4016,0.0,1789592917925,120918830186320
6,4016,0.0,1789592917925,120918830186320
7,4016,0.0,1789592917925,120918830186320
0,4116,0.0,1789592918025,120918832594510
1,4116,0.0,1789592918025,120918832594510
2,4116,0.0,1789592918025,120918832594510
3,4116,0.0,1789592918025,120918832594510
4,4116,0.0,1789592918025,120918832594510
5,4116,0.0,1789592918025,120918832594510
6,4116,0.0,1789592918025,120918832594510
7,4116,0.0,1789592918025,120918832594510
0,4216,0.0,1789592918125,120918835002699
1,4216,0.0,1789592918125,120918835002699
2,4216,0.0,1789592918125,120918835002699
3,4216,0.0,1789592918125,120918835002699
4,4216,0.0,1789592918125,120918835002699
5,4216,0.0,1789592918125,120918835002699
6,4216,0.0,1789592918125,120918835002699
7,4216,0.0,1789592918125,120918835002699
0,4317,0.0,1789592918226,120918837410838
1,4317,0.0,1789592918226,120918837410838
2,4317,0.0,1789592918226,120918837410838
3,4317,0.0,1789592918226,120918837410838
4,4317,0.0,1789592918226,120918837410838
5,4317,0.0,1789592918226,120918837410838
6,4317,0.0,1789592918226,120918837410838
7,4317,0.0,1789592918226,120918837410838
0,4417,0.0,1789592918326,120918839818914
1,4417,0.0,1789592918326,120918839818914
2,4417,0.0,1789592918326,120918839818914
3,4417,0.0,1789592918326,120918839818914
4,4417,0.0,1789592918326,120918839818914
5,4417,0.0,1789592918326,120918839818914
6,4417,0.0,1789592918326,120918839818914
7,4417,0.0,1789592918326,120918839818914
0,4518,0.0,1789592918427,120918842229069
1,4518,0.0,1789592918427,120918842229069
2,4518,0.0,1789592918427,120918842229069
3,4518,0.0,1789592918427,120918842229069
4,4518,0.0,1789592918427,120918842229069
5,4518,0.0,1789592918427,120918842229069
6,4518,0.0,1789592918427,120918842229069
7,4518,0.0,1789592918427,120918842229069
0,4618,0.0,1789592918527,120918844640560
1,4618,0.0,1789592918527,120918844640560
2,4618,0.0,1789592918527,120918844640560
3,4618,0.0,1789592918527,120918844640560
4,4618,0.0,1789592918527,120918844640560
5,4618,0.0,1789592918527,120918844640560
6,4618,0.0,1789592918527,120918844640560
7,4618,0.0,1789592918527,120918844640560
0,4718,0.0,1789592918627,120918847051094
1,4718,0.0,1789592918627,120918847051094
2,4718,0.0,1789592918627,120918847051094
3,4718,0.0,1789592918627,120918847051094
4,4718,9.1,1789592918627,120918847051094
5,4718,0.0,1789592918627,120918847051094
6,4718,0.0,1789592918627,120918847051094
7,4718,0.0,1789592918627,120918847051094
0,4819,0.0,1789592918728,120918849462780
1,4819,0.0,1789592918728,120918849462780
2,4819,0.0,1789592918728,120918849462780
3,4819,0.0,1789592918728,120918849462780
4,4819,0.0,1789592918728,120918849462780
5,4819,0.0,1789592918728,120918849462780
6,4819,0.0,1789592918728,120918849462780
7,4819,9.1,1789592918728,120918849462780
0,4919,0.0,1789592918828,120918851873968
1,4919,0.0,1789592918828,120918851873968
2,4919,0.0,1789592918828,120918851873968
3,4919,0.0,1789592918828,120918851873968
4,4919,0.0,1789592918828,120918851873968
5,4919,0.0,1789592918828,120918851873968
6,4919,0.0,1789592918828,120918851873968
7,4919,0.0,1789592918828,120918851873968
0,5020,0.0,1789592918929,120918854285532
1,5020,0.0,1789592918929,120918854285532
2,5020,0.0,1789592918929,120918854285532
3,5020,0.0,1789592918929,120918854285532
4,5020,0.0,1789592918929,120918854285532
5,5020,0.0,1789592918929,120918854285532
6,5020,0.0,1789592918929,120918854285532
7,5020,0.0,1789592918929,120918854285532
0,5120,0.0,1789592919029,120918856694911
1,5120,0.0,1789592919029,120918856694911
2,5120,0.0,1789592919029,120918856694911
3,5120,0.0,1789592919029,120918856694911
4,5120,0.0,1789592919029,120918856694911
5,5120,0.0,1789592919029,120918856694911
6,5120,0.0,1789592919029,120918856694911
7,5120,0.0,1789592919029,120918856694911
0,5221,0.0,1789592919130,120918859104420
1,5221,0.0,1789592919130,120918859104420
2,5221,0.0,1789592919130,120918859104420
3,5221,0.0,1789592919130,120918859104420
4,5221,0.0,1789592919130,120918859104420
5,5221,0.0,1789592919130,120918859104420
6,5221,0.0,1789592919130,120918859104420
7,5221,0.0,1789592919130,120918859104420
0,5321,0.0,1789592919230,120918861514217
1,5321,0.0,1789592919230,120918861514217
2,5321,0.0,1789592919230,120918861514217
3,5321,0.0,1789592919230,120918861514217
4,5321,0.0,1789592919230,120918861514217
5,5321,0.0,1789592919230,120918861514217
6,5321,0.0,1789592919230,120918861514217
7,5321,0.0,1789592919230,120918861514217
0,5422,0.0,1789592919331,120918863923238
1,5422,0.0,1789592919331,120918863923238
2,5422,0.0,1789592919331,120918863923238
3,5422,0.0,1789592919331,120918863923238
4,5422,0.0,1789592919331,120918863923238
5,5422,0.0,1789592919331,120918863923238
6,5422,0.0,1789592919331,120918863923238
7,5422,0.0,1789592919331,120918863923238
0,5522,0.0,1789592919431,120918866331858
1,5522,0.0,1789592919431,120918866331858
2,5522,0.0,1789592919431,120918866331858
3,5522,0.0,1789592919431,120918866331858
4,5522,0.0,1789592919431,120918866331858
5,5522,0.0,1789592919431,120918866331858
6,5522,0.0,1789592919431,120918866331858
7,5522,9.1,1789592919431,120918866331858
0,5622,0.0,1789592919531,120918868741397
1,5622,0.0,1789592919531,120918868741397
2,5622,0.0,1789592919531,120918868741397
3,5622,0.0,1789592919531,120918868741397
4,5622,0.0,1789592919531,120918868741397
5,5622,0.0,1789592919531,120918868741397
6,5622,0.0,1789592919531,120918868741397
7,5622,0.0,1789592919531,120918868741397
0,5723,0.0,1789592919632,120918871149727
1,5723,0.0,1789592919632,120918871149727
2,5723,0.0,1789592919632,120918871149727
3,5723,0.0,1789592919632,120918871149727
4,5723,0.0,1789592919632,120918871149727
5,5723,0.0,1789592919632,120918871149727
6,5723,0.0,1789592919632,120918871149727
7,5723,0.0,1789592919632,120918871149727
0,5823,0.0,1789592919732,120918873558056
1,5823,0.0,1789592919732,120918873558056
2,5823,0.0,1789592919732,120918873558056
3,5823,0.0,1789592919732,120918873558056
4,5823,0.0,1789592919732,120918873558056
5,5823,0.0,1789592919732,120918873558056
6,5823,0.0,1789592919732,120918873558056
7,5823,0.0,1789592919732,120918873558056
0,5923,0.0,1789592919832,120918875966390
1,5923,0.0,1789592919832,120918875966390
2,5923,0.0,1789592919832,120918875966390
3,5923,0.0,1789592919832,120918875966390
4,5923,0.0,1789592919832,120918875966390
5,5923,0.0,1789592919832,120918875966390
6,5923,0.0,1789592919832,120918875966390
7,5923,0.0,1789592919832,120918875966390
0,6024,0.0,1789592919933,120918878374736
1,6024,0.0,1789592919933,120918878374736
2,6024,0.0,1789592919933,120918878374736
3,6024,0.0,1789592919933,120918878374736
4,6024,0.0,1789592919933,120918878374736
5,6024,0.0,1789592919933,120918878374736
6,6024,0.0,1789592919933,120918878374736
7,6024,0.0,1789592919933,120918878374736
0,6124,0.0,1789592920033,120918880782848
1,6124,0.0,1789592920033,120918880782848
2,6124,0.0,1789592920033,120918880782848
3,6124,0.0,1789592920033,120918880782848
4,6124,0.0,1789592920033,120918880782848
5,6124,0.0,1789592920033,120918880782848
6,6124,0.0,1789592920033,120918880782848
7,6124,0.0,1789592920033,120918880782848
0,6224,0.0,1789592920133,120918883190923
1,6224,0.0,1789592920133,120918883190923
2,6224,0.0,1789592920133,120918883190923
3,6224,0.0,1789592920133,120918883190923
4,6224,0.0,1789592920133,120918883190923
5,6224,0.0,1789592920133,120918883190923
6,6224,0.0,1789592920133,120918883190923
7,6224,0.0,1789592920133,120918883190923
0,6325,0.0,1789592920234,120918885598858
1,6325,0.0,1789592920234,120918885598858
2,6325,0.0,1789592920234,120918885598858
3,6325,0.0,1789592920234,120918885598858
4,6325,0.0,1789592920234,120918885598858
5,6325,0.0,1789592920234,120918885598858
6,6325,0.0,1789592920234,120918885598858
7,6325,0.0,1789592920234,120918885598858
0,6425,0.0,1789592920334,120918888008143
1,6425,0.0,1789592920334,120918888008143
2,6425,0.0,1789592920334,120918888008143
3,6425,0.0,1789592920334,120918888008143
4,6425,0.0,1789592920334,120918888008143
5,6425,0.0,1789592920334,120918888008143
6,6425,0.0,1789592920334,120918888008143
7,6425,0.0,1789592920334,120918888008143
0,6525,0.0,1789592920434,120918890416212
1,6525,0.0,1789592920434,120918890416212
2,6525,0.0,1789592920434,120918890416212
3,6525,0.0,1789592920434,120918890416212
4,6525,0.0,1789592920434,120918890416212
5,6525,0.0,1789592920434,120918890416212
6,6525,0.0,1789592920434,120918890416212
7,6525,0.0,1789592920434,120918890416212
0,6626,0.0,1789592920535,120918892824196
1,6626,0.0,1789592920535,120918892824196
2,6626,0.0,1789592920535,120918892824196
3,6626,0.0,1789592920535,120918892824196
4,6626,0.0,1789592920535,120918892824196
5,6626,0.0,1789592920535,120918892824196
6,6626,0.0,1789592920535,120918892824196
7,6626,0.0,1789592920535,120918892824196
0,6726,0.0,1789592920635,120918895234221
1,6726,0.0,1789592920635,120918895234221
2,6726,0.0,1789592920635,120918895234221
3,6726,0.0,1789592920635,120918895234221
4,6726,10.0,1789592920635,120918895234221
5,6726,0.0,1789592920635,120918895234221
6,6726,0.0,1789592920635,120918895234221
7,6726,0.0,1789592920635,120918895234221
0,6827,0.0,1789592920736,120918897643077
1,6827,0.0,1789592920736,120918897643077
2,6827,0.0,1789592920736,120918897643077
3,6827,0.0,1789592920736,120918897643077
4,6827,0.0,1789592920736,120918897643077
5,6827,0.0,1789592920736,120918897643077
6,6827,0.0,1789592920736,120918897643077
7,6827,0.0,1789592920736,120918897643077
0,6927,0.0,1789592920836,120918900050982
1,6927,0.0,1789592920836,120918900050982
2,6927,0.0,1789592920836,120918900050982
3,6927,0.0,1789592920836,120918900050982
4,6927,0.0,1789592920836,120918900050982
5,6927,0.0,1789592920836,120918900050982
6,6927,0.0,1789592920836,120918900050982
7,6927,0.0,1789592920836,120918900050982
0,7027,0.0,1789592920936,120918902459670
1,7027,0.0,1789592920936,120918902459670
2,7027,0.0,1789592920936,120918902459670
3,7027,0.0,1789592920936,120918902459670
4,7027,0.0,1789592920936,120918902459670
5,7027,0.0,1789592920936,120918902459670
6,7027,0.0,1789592920936,120918902459670
7,7027,0.0,1789592920936,120918902459670
0,7128,0.0,1789592921037,120918904867885
1,7128,0.0,1789592921037,120918904867885
2,7128,0.0,1789592921037,120918904867885
3,7128,0.0,1789592921037,120918904867885
4,7128,0.0,1789592921037,120918904867885
5,7128,0.0,1789592921037,120918904867885
6,7128,0.0,1789592921037,120918904867885
7,7128,0.0,1789592921037,120918904867885
0,7228,0.0,1789592921137,120918907275576
1,7228,0.0,1789592921137,120918907275576
2,7228,0.0,1789592921137,120918907275576
3,7228,0.0,1789592921137,120918907275576
4,7228,0.0,1789592921137,120918907275576
5,7228,0.0,1789592921137,120918907275576
6,7228,0.0,1789592921137,120918907275576
7,7228,0.0,1789592921137,120918907275576
0,7328,0.0,1789592921237,120918909683464
1,7328,0.0,1789592921237,120918909683464
2,7328,0.0,1789592921237,120918909683464
3,7328,0.0,1789592921237,120918909683464
4,7328,0.0,1789592921237,120918909683464
5,7328,0.0,1789592921237,120918909683464
6,7328,0.0,1789592921237,120918909683464
7,7328,0.0,1789592921237,120918909683464
0,7429,0.0,1789592921338,120918912091556
1,7429,0.0,1789592921338,120918912091556
2,7429,0.0,1789592921338,120918912091556
3,7429,0.0,1789592921338,120918912091556
4,7429,0.0,1789592921338,120918912091556
5,7429,0.0,1789592921338,120918912091556
6,7429,0.0,1789592921338,120918912091556
7,7429,0.0,1789592921338,120918912091556
0,7529,0.0,1789592921438,120918914499441
1,7529,0.0,1789592921438,120918914499441
2,7529,0.0,1789592921438,120918914499441
3,7529,0.0,1789592921438,120918914499441
4,7529,0.0,1789592921438,120918914499441
5,7529,0.0,1789592921438,120918914499441
6,7529,0.0,1789592921438,120918914499441
7,7529,0.0,1789592921438,120918914499441
0,7629,0.0,1789592921538,120918916908385
1,7629,0.0,1789592921538,120918916908385
2,7629,0.0,1789592921538,120918916908385
3,7629,0.0,1789592921538,120918916908385
4,7629,0.0,1789592921538,120918916908385
5,7629,0.0,1789592921538,120918916908385
6,7629,0.0,1789592921538,120918916908385
7,7629,0.0,1789592921538,120918916908385
0,7730,0.0,1789592921639,120918919316035
1,7730,0.0,1789592921639,120918919316035
2,7730,0.0,1789592921639,120918919316035
3,7730,0.0,1789592921639,120918919316035
4,7730,0.0,1789592921639,120918919316035
5,7730,0.0,1789592921639,120918919316035
6,7730,0.0,1789592921639,120918919316035
7,7730,0.0,1789592921639,120918919316035
0,7830,0.0,1789592921739,120918921727219
1,7830,0.0,1789592921739,120918921727219
2,7830,0.0,1789592921739,120918921727219
3,7830,0.0,1789592921739,120918921727219
4,7830,0.0,1789592921739,120918921727219
5,7830,0.0,1789592921739,120918921727219
6,7830,0.0,1789592921739,120918921727219
7,7830,0.0,1789592921739,120918921727219
0,7931,0.0,1789592921840,120918924139220
1,7931,0.0,1789592921840,120918924139220
2,7931,0.0,1789592921840,120918924139220
3,7931,0.0,1789592921840,120918924139220
4,7931,9.1,1789592921840,120918924139220
5,7931,9.1,1789592921840,120918924139220
6,7931,0.0,1789592921840,120918924139220
7,7931,0.0,1789592921840,120918924139220
0,8031,0.0,1789592921940,120918926548917
1,8031,0.0,1789592921940,120918926548917
2,8031,0.0,1789592921940,120918926548917
3,8031,0.0,1789592921940,120918926548917
4,8031,0.0,1789592921940,120918926548917
5,8031,0.0,1789592921940,120918926548917
6,8031,0.0,1789592921940,120918926548917
7,8031,0.0,1789592921940,120918926548917
0,8131,0.0,1789592922040,120918928957368
1,8131,0.0,1789592922040,120918928957368
2,8131,0.0,1789592922040,120918928957368
3,8131,0.0,1789592922040,120918928957368
4,8131,0.0,1789592922040,120918928957368
5,8131,0.0,1789592922040,120918928957368
6,8131,0.0,1789592922040,120918928957368
7,8131,0.0,1789592922040,120918928957368
0,8232,0.0,1789592922141,120918931366627
1,8232,0.0,1789592922141,120918931366627
2,8232,0.0,1789592922141,120918931366627
3,8232,0.0,1789592922141,120918931366627
4,8232,0.0,1789592922141,120918931366627
5,8232,0.0,1789592922141,120918931366627
6,8232,0.0,1789592922141,120918931366627
7,8232,0.0,1789592922141,120918931366627
0,8332,0.0,1789592922241,120918933775144
1,8332,0.0,1789592922241,120918933775144
2,8332,0.0,1789592922241,120918933775144
3,8332,0.0,1789592922241,120918933775144
4,8332,0.0,1789592922241,120918933775144
5,8332,0.0,1789592922241,120918933775144
6,8332,0.0,1789592922241,120918933775144
7,8332,0.0,1789592922241,120918933775144
0,8432,0.0,1789592922341,120918936182827
1,8432,0.0,1789592922341,120918936182827
2,8432,0.0,1789592922341,120918936182827
3,8432,0.0,1789592922341,120918936182827
4,8432,0.0,1789592922341,120918936182827
5,8432,0.0,1789592922341,120918936182827
6,8432,0.0,1789592922341,120918936182827
7,8432,0.0,1789592922341,120918936182827
0,8533,0.0,1789592922442,120918938590435
1,8533,0.0,1789592922442,120918938590435
2,8533,0.0,1789592922442,120918938590435
3,8533,0.0,1789592922442,120918938590435
4,8533,0.0,1789592922442,120918938590435
5,8533,0.0,1789592922442,120918938590435
6,8533,0.0,1789592922442,120918938590435
7,8533,0.0,1789592922442,120918938590435
0,8633,0.0,1789592922542,120918940998028
1,8633,0.0,1789592922542,120918940998028
2,8633,0.0,1789592922542,120918940998028
3,8633,0.0,1789592922542,120918940998028
4,8633,0.0,1789592922542,120918940998028
5,8633,0.0,1789592922542,120918940998028
6,8633,0.0,1789592922542,120918940998028
7,8633,0.0,1789592922542,120918940998028
0,8733,0.0,1789592922642,120918943407385
1,8733,0.0,1789592922642,120918943407385
2,8733,0.0,1789592922642,120918943407385
3,8733,0.0,1789592922642,120918943407385
4,8733,10.0,1789592922642,120918943407385
5,8733,0.0,1789592922642,120918943407385
6,8733,0.0,1789592922642,120918943407385
7,8733,0.0,1789592922642,120918943407385
0,8834,0.0,1789592922743,120918945816433
1,8834,0.0,1789592922743,120918945816433
2,8834,0.0,1789592922743,120918945816433
3,8834,0.0,1789592922743,120918945816433
4,8834,0.0,1789592922743,120918945816433
5,8834,0.0,1789592922743,120918945816433
6,8834,0.0,1789592922743,120918945816433
7,8834,0.0,1789592922743,120918945816433
0,8934,0.0,1789592922843,120918948225115
1,8934,0.0,1789592922843,120918948225115
2,8934,0.0,1789592922843,120918948225115
3,8934,0.0,1789592922843,120918948225115
4,8934,0.0,1789592922843,120918948225115
5,8934,0.0,1789592922843,120918948225115
6,8934,0.0,1789592922843,120918948225115
7,8934,0.0,1789592922843,120918948225115
0,9035,0.0,1789592922944,120918950634431
1,9035,0.0,1789592922944,120918950634431
2,9035,0.0,1789592922944,120918950634431
3,9035,0.0,1789592922944,120918950634431
4,9035,0.0,1789592922944,120918950634431
5,9035,0.0,1789592922944,120918950634431
6,9035,0.0,1789592922944,120918950634431
7,9035,0.0,1789592922944,120918950634431
0,9135,0.0,1789592923044,120918953043048
1,9135,0.0,1789592923044,120918953043048
2,9135,0.0,1789592923044,120918953043048
3,9135,0.0,1789592923044,120918953043048
4,9135,0.0,1789592923044,120918953043048
5,9135,0.0,1789592923044,120918953043048
6,9135,0.0,1789592923044,120918953043048
7,9135,0.0,1789592923044,120918953043048
0,9235,0.0,1789592923144,120918955451020
1,9235,0.0,1789592923144,120918955451020
2,9235,0.0,1789592923144,120918955451020
3,9235,0.0,1789592923144,120918955451020
4,9235,0.0,1789592923144,120918955451020
5,9235,0.0,1789592923144,120918955451020
6,9235,0.0,1789592923144,120918955451020
7,9235,0.0,1789592923144,120918955451020
0,9336,0.0,1789592923245,120918957859865
1,9336,0.0,1789592923245,120918957859865
2,9336,0.0,1789592923245,120918957859865
3,9336,0.0,1789592923245,120918957859865
4,9336,0.0,1789592923245,120918957859865
5,9336,0.0,1789592923245,120918957859865
6,9336,0.0,1789592923245,120918957859865
7,9336,0.0,1789592923245,120918957859865
0,9436,0.0,1789592923345,120918960268180
1,9436,0.0,1789592923345,120918960268180
2,9436,0.0,1789592923345,120918960268180
3,9436,0.0,1789592923345,120918960268180
4,9436,0.0,1789592923345,120918960268180
5,9436,0.0,1789592923345,120918960268180
6,9436,0.0,1789592923345,120918960268180
7,9436,0.0,1789592923345,120918960268180
0,9536,0.0,1789592923445,120918962676306
1,9536,0.0,1789592923445,120918962676306
2,9536,0.0,1789592923445,120918962676306
3,9536,0.0,1789592923445,120918962676306
4,9536,0.0,1789592923445,120918962676306
5,9536,0.0,1789592923445,120918962676306
6,9536,0.0,1789592923445,120918962676306
7,9536,0.0,1789592923445,120918962676306
0,9637,0.0,1789592923546,120918965084354
1,9637,0.0,1789592923546,120918965084354
2,9637,0.0,1789592923546,120918965084354
3,9637,0.0,1789592923546,120918965084354
4,9637,0.0,1789592923546,120918965084354
5,9637,0.0,1789592923546,120918965084354
6,9637,0.0,1789592923546,120918965084354
7,9637,0.0,1789592923546,120918965084354
0,9737,0.0,1789592923646,120918967492014
1,9737,0.0,1789592923646,120918967492014
2,9737,0.0,1789592923646,120918967492014
3,9737,0.0,1789592923646,120918967492014
4,9737,0.0,1789592923646,120918967492014
5,9737,0.0,1789592923646,120918967492014
6,9737,0.0,1789592923646,120918967492014
7,9737,0.0,1789592923646,120918967492014
0,9837,0.0,1789592923746,120918969899680
1,9837,0.0,1789592923746,120918969899680
2,9837,0.0,1789592923746,120918969899680
3,9837,0.0,1789592923746,120918969899680
4,9837,0.0,1789592923746,120918969899680
5,9837,0.0,1789592923746,120918969899680
6,9837,0.0,1789592923746,120918969899680
7,9837,0.0,1789592923746,120918969899680
0,9938,0.0,1789592923847,120918972309347
1,9938,0.0,1789592923847,120918972309347
2,9938,0.0,1789592923847,120918972309347
3,9938,0.0,1789592923847,120918972309347
4,9938,0.0,1789592923847,120918972309347
5,9938,0.0,1789592923847,120918972309347
6,9938,0.0,1789592923847,120918972309347
7,9938,0.0,1789592923847,120918972309347
0,10038,0.0,1789592923947,120918974719246
1,10038,0.0,1789592923947,120918974719246
2,10038,0.0,1789592923947,120918974719246
3,10038,0.0,1789592923947,120918974719246
4,10038,0.0,1789592923947,120918974719246
5,10038,0.0,1789592923947,120918974719246
6,10038,0.0,1789592923947,120918974719246
7,10038,0.0,1789592923947,120918974719246
0,10138,0.0,1789592924047,120918977129100
1,10138,0.0,1789592924047,120918977129100
2,10138,0.0,1789592924047,120918977129100
3,10138,0.0,1789592924047,120918977129100
4,10138,0.0,1789592924047,120918977129100
5,10138,0.0,1789592924047,120918977129100
6,10138,0.0,1789592924047,120918977129100
7,10138,0.0,1789592924047,120918977129100
0,10239,0.0,1789592924148,120918979537405
1,10239,0.0,1789592924148,120918979537405
2,10239,0.0,1789592924148,120918979537405
3,10239,0.0,1789592924148,120918979537405
4,10239,0.0,1789592924148,120918979537405
5,10239,0.0,1789592924148,120918979537405
6,10239,0.0,1789592924148,120918979537405
7,10239,0.0,1789592924148,120918979537405
0,10339,0.0,1789592924248,120918981945454
1,10339,0.0,1789592924248,120918981945454
2,10339,0.0,1789592924248,120918981945454
3,10339,0.0,1789592924248,120918981945454
4,10339,0.0,1789592924248,120918981945454
5,10339,0.0,1789592924248,120918981945454
6,10339,0.0,1789592924248,120918981945454
7,10339,0.0,1789592924248,120918981945454
0,10440,0.0,1789592924349,120918984355551
1,10440,0.0,1789592924349,120918984355551
2,10440,0.0,1789592924349,120918984355551
3,10440,0.0,1789592924349,120918984355551
4,10440,0.0,1789592924349,120918984355551
5,10440,0.0,1789592924349,120918984355551
6,10440,0.0,1789592924349,120918984355551
7,10440,0.0,1789592924349,120918984355551
0,10540,0.0,1789592924449,120918986764401
1,10540,0.0,1789592924449,120918986764401
2,10540,0.0,1789592924449,120918986764401
3,10540,0.0,1789592924449,120918986764401
4,10540,0.0,1789592924449,120918986764401
5,10540,0.0,1789592924449,120918986764401
6,10540,0.0,1789592924449,120918986764401
7,10540,0.0,1789592924449,120918986764401
0,10640,0.0,1789592924549,120918989172670
1,10640,0.0,1789592924549,120918989172670
2,10640,0.0,1789592924549,120918989172670
3,10640,0.0,1789592924549,120918989172670
4,10640,0.0,1789592924549,120918989172670
5,10640,0.0,1789592924549,120918989172670
6,10640,0.0,1789592924549,120918989172670
7,10640,0.0,1789592924549,120918989172670
0,10741,0.0,1789592924650,120918991582357
1,10741,0.0,1789592924650,120918991582357
2,10741,0.0,1789592924650,120918991582357
3,10741,0.0,1789592924650,120918991582357
4,10741,9.1,1789592924650,120918991582357
5,10741,0.0,1789592924650,120918991582357
6,10741,0.0,1789592924650,120918991582357
7,10741,0.0,1789592924650,120918991582357
0,10841,0.0,1789592924750,120918993993556
1,10841,9.1,1789592924750,120918993993556
2,10841,0.0,1789592924750,120918993993556
3,10841,0.0,1789592924750,120918993993556
4,10841,0.0,1789592924750,120918993993556
5,10841,0.0,1789592924750,120918993993556
6,10841,0.0,1789592924750,120918993993556
7,10841,0.0,1789592924750,120918993993556
0,10942,0.0,1789592924851,120918996404060
1,10942,0.0,1789592924851,120918996404060
2,10942,0.0,1789592924851,120918996404060
3,10942,0.0,1789592924851,120918996404060
4,10942,0.0,1789592924851,120918996404060
5,10942,0.0,1789592924851,120918996404060
6,10942,0.0,1789592924851,120918996404060
7,10942,0.0,1789592924851,120918996404060
0,11042,0.0,1789592924951,120918998814136
1,11042,0.0,1789592924951,120918998814136
2,11042,0.0,1789592924951,120918998814136
3,11042,0.0,1789592924951,120918998814136
4,11042,0.0,1789592924951,120918998814136
5,11042,0.0,1789592924951,120918998814136
6,11042,0.0,1789592924951,120918998814136
7,11042,0.0,1789592924951,120918998814136
0,11142,0.0,1789592925051,120919001225419
1,11142,0.0,1789592925051,120919001225419
2,11142,0.0,1789592925051,120919001225419
3,11142,0.0,1789592925051,120919001225419
4,11142,0.0,1789592925051,120919001225419
5,11142,9.1,1789592925051,120919001225419
6,11142,0.0,1789592925051,120919001225419
7,11142,0.0,1789592925051,120919001225419
0,11243,0.0,1789592925152,120919003636068
1,11243,0.0,1789592925152,120919003636068
2,11243,0.0,1789592925152,120919003636068
3,11243,0.0,1789592925152,120919003636068
4,11243,0.0,1789592925152,120919003636068
5,11243,0.0,1789592925152,120919003636068
6,11243,0.0,1789592925152,120919003636068
7,11243,0.0,1789592925152,120919003636068
0,11343,0.0,1789592925252,120919006045321
1,11343,0.0,1789592925252,120919006045321
2,11343,0.0,1789592925252,120919006045321
3,11343,0.0,1789592925252,120919006045321
4,11343,0.0,1789592925252,120919006045321
5,11343,0.0,1789592925252,120919006045321
6,11343,0.0,1789592925252,120919006045321
7,11343,0.0,1789592925252,120919006045321
0,11444,0.0,1789592925353,120919008454938
1,11444,0.0,1789592925353,120919008454938
2,11444,0.0,1789592925353,120919008454938
3,11444,0.0,1789592925353,120919008454938
4,11444,0.0,1789592925353,120919008454938
5,11444,0.0,1789592925353,120919008454938
6,11444,0.0,1789592925353,120919008454938
7,11444,0.0,1789592925353,120919008454938
0,11544,0.0,1789592925453,120919010863005
1,11544,0.0,1789592925453,120919010863005
2,11544,0.0,1789592925453,120919010863005
3,11544,0.0,1789592925453,120919010863005
4,11544,0.0,1789592925453,120919010863005
5,11544,0.0,1789592925453,120919010863005
6,11544,0.0,1789592925453,120919010863005
7,11544,0.0,1789592925453,120919010863005
0,11644,0.0,1789592925553,120919013270887
1,11644,0.0,1789592925553,120919013270887
2,11644,0.0,1789592925553,120919013270887
3,11644,0.0,1789592925553,120919013270887
4,11644,0.0,1789592925553,120919013270887
5,11644,0.0,1789592925553,120919013270887
6,11644,0.0,1789592925553,120919013270887
7,11644,0.0,1789592925553,120919013270887
0,11745,0.0,1789592925654,120919015678631
1,11745,0.0,1789592925654,120919015678631
2,11745,0.0,1789592925654,120919015678631
3,11745,0.0,1789592925654,120919015678631
4,11745,0.0,1789592925654,120919015678631
5,11745,0.0,1789592925654,120919015678631
6,11745,0.0,1789592925654,120919015678631
7,11745,0.0,1789592925654,120919015678631
0,11845,0.0,1789592925754,120919018086424
1,11845,0.0,1789592925754,120919018086424
2,11845,0.0,1789592925754,120919018086424
3,11845,0.0,1789592925754,120919018086424
4,11845,0.0,1789592925754,120919018086424
5,11845,0.0,1789592925754,120919018086424
6,11845,0.0,1789592925754,120919018086424
7,11845,0.0,1789592925754,120919018086424
0,11945,0.0,1789592925854,120919020494522
1,11945,0.0,1789592925854,120919020494522
2,11945,0.0,1789592925854,120919020494522
3,11945,0.0,1789592925854,120919020494522
4,11945,0.0,1789592925854,120919020494522
5,11945,0.0,1789592925854,120919020494522
6,11945,0.0,1789592925854,120919020494522
7,11945,0.0,1789592925854,120919020494522
0,12046,0.0,1789592925955,120919022902554
1,12046,0.0,1789592925955,120919022902554
2,12046,0.0,1789592925955,120919022902554
3,12046,0.0,1789592925955,120919022902554
4,12046,0.0,1789592925955,120919022902554
5,12046,0.0,1789592925955,120919022902554
6,12046,0.0,1789592925955,120919022902554
7,12046,0.0,1789592925955,120919022902554
0,12146,0.0,1789592926055,120919025311587
1,12146,0.0,1789592926055,120919025311587
2,12146,0.0,1789592926055,120919025311587
3,12146,0.0,1789592926055,120919025311587
4,12146,0.0,1789592926055,120919025311587
5,12146,0.0,1789592926055,120919025311587
6,12146,9.1,1789592926055,120919025311587
7,12146,0.0,1789592926055,120919025311587
0,12246,0.0,1789592926155,120919027719670
1,12246,0.0,1789592926155,120919027719670
2,12246,0.0,1789592926155,120919027719670
3,12246,0.0,1789592926155,120919027719670
4,12246,0.0,1789592926155,120919027719670
5,12246,0.0,1789592926155,120919027719670
6,12246,0.0,1789592926155,120919027719670
7,12246,0.0,1789592926155,120919027719670
0,12347,0.0,1789592926256,120919030127798
1,12347,0.0,1789592926256,120919030127798
2,12347,0.0,1789592926256,120919030127798
3,12347,0.0,1789592926256,120919030127798
4,12347,0.0,1789592926256,120919030127798
5,12347,0.0,1789592926256,120919030127798
6,12347,0.0,1789592926256,120919030127798
7,12347,0.0,1789592926256,120919030127798
0,12447,0.0,1789592926356,120919032535781
1,12447,0.0,1789592926356,120919032535781
2,12447,0.0,1789592926356,120919032535781
3,12447,0.0,1789592926356,120919032535781
4,12447,0.0,1789592926356,120919032535781
5,12447,0.0,1789592926356,120919032535781
6,12447,0.0,1789592926356,120919032535781
7,12447,0.0,1789592926356,120919032535781
0,12547,0.0,1789592926456,120919034943632
1,12547,0.0,1789592926456,120919034943632
2,12547,0.0,1789592926456,120919034943632
3,12547,0.0,1789592926456,120919034943632
4,12547,0.0,1789592926456,120919034943632
5,12547,0.0,1789592926456,120919034943632
6,12547,0.0,1789592926456,120919034943632
7,12547,0.0,1789592926456,120919034943632
0,12648,0.0,1789592926557,120919037351868
1,12648,0.0,1789592926557,120919037351868
2,12648,0.0,1789592926557,120919037351868
3,12648,0.0,1789592926557,120919037351868
4,12648,0.0,1789592926557,120919037351868
5,12648,0.0,1789592926557,120919037351868
6,12648,0.0,1789592926557,120919037351868
7,12648,0.0,1789592926557,120919037351868
0,12748,0.0,1789592926657,120919039761180
1,12748,0.0,1789592926657,120919039761180
2,12748,0.0,1789592926657,120919039761180
3,12748,0.0,1789592926657,120919039761180
4,12748,0.0,1789592926657,120919039761180
5,12748,0.0,1789592926657,120919039761180
6,12748,0.0,1789592926657,120919039761180
7,12748,9.1,1789592926657,120919039761180
0,12849,0.0,1789592926758,120919042170134
1,12849,0.0,1789592926758,120919042170134
2,12849,0.0,1789592926758,120919042170134
3,12849,0.0,1789592926758,120919042170134
4,12849,0.0,1789592926758,120919042170134
5,12849,0.0,1789592926758,120919042170134
6,12849,0.0,1789592926758,120919042170134
7,12849,0.0,1789592926758,120919042170134
0,12949,0.0,1789592926858,120919044578570
1,12949,0.0,1789592926858,120919044578570
2,12949,0.0,1789592926858,120919044578570
3,12949,0.0,1789592926858,120919044578570
4,12949,0.0,1789592926858,120919044578570
5,12949,0.0,1789592926858,120919044578570
6,12949,0.0,1789592926858,120919044578570
7,12949,0.0,1789592926858,120919044578570
0,13049,0.0,1789592926958,120919046987814
1,13049,0.0,1789592926958,120919046987814
2,13049,0.0,1789592926958,120919046987814
3,13049,0.0,1789592926958,120919046987814
4,13049,0.0,1789592926958,120919046987814
5,13049,0.0,1789592926958,120919046987814
6,13049,0.0,1789592926958,120919046987814
7,13049,0.0,1789592926958,120919046987814
0,13150,0.0,1789592927059,120919049397111
1,13150,0.0,1789592927059,120919049397111
2,13150,0.0,1789592927059,120919049397111
3,13150,0.0,1789592927059,120919049397111
4,13150,0.0,1789592927059,120919049397111
5,13150,0.0,1789592927059,120919049397111
6,13150,0.0,1789592927059,120919049397111
7,13150,0.0,1789592927059,120919049397111
0,13250,0.0,1789592927159,120919051806362
1,13250,0.0,1789592927159,120919051806362
2,13250,0.0,1789592927159,120919051806362
3,13250,0.0,1789592927159,120919051806362
4,13250,0.0,1789592927159,120919051806362
5,13250,0.0,1789592927159,120919051806362
6,13250,0.0,1789592927159,120919051806362
7,13250,0.0,1789592927159,120919051806362
0,13350,0.0,1789592927259,120919054214368
1,13350,0.0,1789592927259,120919054214368
2,13350,0.0,1789592927259,120919054214368
3,13350,0.0,1789592927259,120919054214368
4,13350,0.0,1789592927259,120919054214368
5,13350,0.0,1789592927259,120919054214368
6,13350,0.0,1789592927259,120919054214368
7,13350,0.0,1789592927259,120919054214368
0,13451,0.0,1789592927360,120919056622193
1,13451,0.0,1789592927360,120919056622193
2,13451,0.0,1789592927360,120919056622193
3,13451,0.0,1789592927360,120919056622193
4,13451,0.0,1789592927360,120919056622193
5,13451,0.0,1789592927360,120919056622193
6,13451,0.0,1789592927360,120919056622193
7,13451,0.0,1789592927360,120919056622193
0,13551,0.0,1789592927460,120919059029750
1,13551,0.0,1789592927460,120919059029750
2,13551,0.0,1789592927460,120919059029750
3,13551,0.0,1789592927460,120919059029750
4,13551,0.0,1789592927460,120919059029750
5,13551,0.0,1789592927460,120919059029750
6,13551,0.0,1789592927460,120919059029750
7,13551,0.0,1789592927460,120919059029750
0,13651,0.0,1789592927560,120919061437130
1,13651,0.0,1789592927560,120919061437130
2,13651,0.0,1789592927560,120919061437130
3,13651,0.0,1789592927560,120919061437130
4,13651,0.0,1789592927560,120919061437130
5,13651,0.0,1789592927560,120919061437130
6,13651,0.0,1789592927560,120919061437130
7,13651,0.0,1789592927560,120919061437130
0,13752,0.0,1789592927661,120919063844228
1,13752,0.0,1789592927661,120919063844228
2,13752,0.0,1789592927661,120919063844228
3,13752,0.0,1789592927661,120919063844228
4,13752,0.0,1789592927661,120919063844228
5,13752,0.0,1789592927661,120919063844228
6,13752,0.0,1789592927661,120919063844228
7,13752,0.0,1789592927661,120919063844228
0,13852,0.0,1789592927761,120919066255689
1,13852,0.0,1789592927761,120919066255689
2,13852,0.0,1789592927761,120919066255689
3,13852,0.0,1789592927761,120919066255689
4,13852,0.0,1789592927761,120919066255689
5,13852,0.0,1789592927761,120919066255689
6,13852,0.0,1789592927761,120919066255689
7,13852,9.1,1789592927761,120919066255689
0,13953,0.0,1789592927862,120919068665753
1,13953,0.0,1789592927862,120919068665753
2,13953,0.0,1789592927862,120919068665753
3,13953,0.0,1789592927862,120919068665753
4,13953,0.0,1789592927862,120919068665753
5,13953,0.0,1789592927862,120919068665753
6,13953,0.0,1789592927862,120919068665753
7,13953,0.0,1789592927862,120919068665753
0,14053,0.0,1789592927962,120919071074442
1,14053,0.0,1789592927962,120919071074442
2,14053,0.0,1789592927962,120919071074442
3,14053,0.0,1789592927962,120919071074442
4,14053,0.0,1789592927962,120919071074442
5,14053,0.0,1789592927962,120919071074442
6,14053,0.0,1789592927962,120919071074442
7,14053,0.0,1789592927962,120919071074442
0,14153,0.0,1789592928062,120919073482850
1,14153,0.0,1789592928062,120919073482850
2,14153,0.0,1789592928062,120919073482850
3,14153,0.0,1789592928062,120919073482850
4,14153,0.0,1789592928062,120919073482850
5,14153,0.0,1789592928062,120919073482850
6,14153,0.0,1789592928062,120919073482850
7,14153,0.0,1789592928062,120919073482850
0,14254,0.0,1789592928163,120919075891263
1,14254,0.0,1789592928163,120919075891263
2,14254,0.0,1789592928163,120919075891263
3,14254,0.0,1789592928163,120919075891263
4,14254,0.0,1789592928163,120919075891263
5,14254,0.0,1789592928163,120919075891263
6,14254,0.0,1789592928163,120919075891263
7,14254,0.0,1789592928163,120919075891263
0,14354,0.0,1789592928263,120919078302904
1,14354,0.0,1789592928263,120919078302904
2,14354,0.0,1789592928263,120919078302904
3,14354,0.0,1789592928263,120919078302904
4,14354,0.0,1789592928263,120919078302904
5,14354,9.1,1789592928263,120919078302904
6,14354,0.0,1789592928263,120919078302904
7,14354,0.0,1789592928263,120919078302904
0,14455,0.0,1789592928364,120919080713280
1,14455,0.0,1789592928364,120919080713280
2,14455,0.0,1789592928364,120919080713280
3,14455,0.0,1789592928364,120919080713280
4,14455,0.0,1789592928364,120919080713280
5,14455,0.0,1789592928364,120919080713280
6,14455,0.0,1789592928364,120919080713280
7,14455,0.0,1789592928364,120919080713280
0,14555,0.0,1789592928464,120919083122253
1,14555,0.0,1789592928464,120919083122253
2,14555,0.0,1789592928464,120919083122253
3,14555,0.0,1789592928464,120919083122253
4,14555,0.0,1789592928464,120919083122253
5,14555,0.0,1789592928464,120919083122253
6,14555,0.0,1789592928464,120919083122253
7,14555,0.0,1789592928464,120919083122253
0,14655,0.0,1789592928564,120919085530394
1,14655,0.0,1789592928564,120919085530394
2,14655,0.0,1789592928564,120919085530394
3,14655,0.0,1789592928564,120919085530394
4,14655,0.0,1789592928564,120919085530394
5,14655,0.0,1789592928564,120919085530394
6,14655,0.0,1789592928564,120919085530394
7,14655,0.0,1789592928564,120919085530394
0,14756,0.0,1789592928665,120919087939557
1,14756,0.0,1789592928665,120919087939557
2,14756,0.0,1789592928665,120919087939557
3,14756,0.0,1789592928665,120919087939557
4,14756,0.0,1789592928665,120919087939557
5,14756,0.0,1789592928665,120919087939557
6,14756,0.0,1789592928665,120919087939557
7,14756,0.0,1789592928665,120919087939557
0,14856,0.0,1789592928765,120919090348301
1,14856,0.0,1789592928765,120919090348301
2,14856,0.0,1789592928765,120919090348301
3,14856,0.0,1789592928765,120919090348301
4,14856,0.0,1789592928765,120919090348301
5,14856,0.0,1789592928765,120919090348301
6,14856,0.0,1789592928765,120919090348301
7,14856,0.0,1789592928765,120919090348301
0,14956,0.0,1789592928865,120919092756381
1,14956,0.0,1789592928865,120919092756381
2,14956,0.0,1789592928865,120919092756381
3,14956,0.0,1789592928865,120919092756381
4,14956,0.0,1789592928865,120919092756381
5,14956,0.0,1789592928865,120919092756381
6,14956,0.0,1789592928865,120919092756381
7,14956,0.0,1789592928865,120919092756381
0,15057,0.0,1789592928966,120919095166188
1,15057,0.0,1789592928966,120919095166188
2,15057,0.0,1789592928966,120919095166188
3,15057,0.0,1789592928966,120919095166188
4,15057,0.0,1789592928966,120919095166188
5,15057,0.0,1789592928966,120919095166188
6,15057,0.0,1789592928966,120919095166188
7,15057,0.0,1789592928966,120919095166188
0,15157,0.0,1789592929066,120919097576648
1,15157,0.0,1789592929066,120919097576648
2,15157,0.0,1789592929066,120919097576648
3,15157,0.0,1789592929066,120919097576648
4,15157,0.0,1789592929066,120919097576648
5,15157,0.0,1789592929066,120919097576648
6,15157,0.0,1789592929066,120919097576648
7,15157,0.0,1789592929066,120919097576648
0,15258,0.0,1789592929167,120919099985796
1,15258,0.0,1789592929167,120919099985796
2,15258,0.0,1789592929167,120919099985796
3,15258,0.0,1789592929167,120919099985796
4,15258,0.0,1789592929167,120919099985796
5,15258,0.0,1789592929167,120919099985796
6,15258,0.0,1789592929167,120919099985796
7,15258,0.0,1789592929167,120919099985796
0,15358,0.0,1789592929267,120919102395142
1,15358,0.0,1789592929267,120919102395142
2,15358,0.0,1789592929267,120919102395142
3,15358,0.0,1789592929267,120919102395142
4,15358,0.0,1789592929267,120919102395142
5,15358,0.0,1789592929267,120919102395142
6,15358,0.0,1789592929267,120919102395142
7,15358,0.0,1789592929267,120919102395142
0,15458,0.0,1789592929367,120919104803631
1,15458,0.0,1789592929367,120919104803631
2,15458,0.0,1789592929367,120919104803631
3,15458,0.0,1789592929367,120919104803631
4,15458,0.0,1789592929367,120919104803631
5,15458,9.1,1789592929367,120919104803631
6,15458,0.0,1789592929367,120919104803631
7,15458,0.0,1789592929367,120919104803631
0,15559,0.0,1789592929468,120919107212991
1,15559,0.0,1789592929468,120919107212991
2,15559,0.0,1789592929468,120919107212991
3,15559,0.0,1789592929468,120919107212991
4,15559,0.0,1789592929468,120919107212991
5,15559,0.0,1789592929468,120919107212991
6,15559,0.0,1789592929468,120919107212991
7,15559,0.0,1789592929468,120919107212991
0,15659,0.0,1789592929568,120919109621643
1,15659,0.0,1789592929568,120919109621643
2,15659,0.0,1789592929568,120919109621643
3,15659,0.0,1789592929568,120919109621643
4,15659,0.0,1789592929568,120919109621643
5,15659,0.0,1789592929568,120919109621643
6,15659,0.0,1789592929568,120919109621643
7,15659,0.0,1789592929568,120919109621643
0,15759,0.0,1789592929668,120919112029889
1,15759,0.0,1789592929668,120919112029889
2,15759,0.0,1789592929668,120919112029889
3,15759,0.0,1789592929668,120919112029889
4,15759,0.0,1789592929668,120919112029889
5,15759,0.0,1789592929668,120919112029889
6,15759,0.0,1789592929668,120919112029889
7,15759,0.0,1789592929668,120919112029889
0,15860,0.0,1789592929769,120919114438246
1,15860,0.0,1789592929769,120919114438246
2,15860,0.0,1789592929769,120919114438246
3,15860,0.0,1789592929769,120919114438246
4,15860,0.0,1789592929769,120919114438246
5,15860,0.0,1789592929769,120919114438246
6,15860,0.0,1789592929769,120919114438246
7,15860,0.0,1789592929769,120919114438246
0,15960,0.0,1789592929869,120919116846477
1,15960,0.0,1789592929869,120919116846477
2,15960,0.0,1789592929869,120919116846477
3,15960,0.0,1789592929869,120919116846477
4,15960,0.0,1789592929869,120919116846477
5,15960,0.0,1789592929869,120919116846477
6,15960,0.0,1789592929869,120919116846477
7,15960,0.0,1789592929869,120919116846477
0,16060,0.0,1789592929969,120919119254797
1,16060,0.0,1789592929969,120919119254797
2,16060,0.0,1789592929969,120919119254797
3,16060,0.0,1789592929969,120919119254797
4,16060,0.0,1789592929969,120919119254797
5,16060,0.0,1789592929969,120919119254797
6,16060,0.0,1789592929969,120919119254797
7,16060,0.0,1789592929969,120919119254797
0,16161,0.0,1789592930070,120919121663086
1,16161,0.0,1789592930070,120919121663086
2,16161,0.0,1789592930070,120919121663086
3,16161,0.0,1789592930070,120919121663086
4,16161,0.0,1789592930070,120919121663086
5,16161,0.0,1789592930070,120919121663086
6,16161,0.0,1789592930070,120919121663086
7,16161,0.0,1789592930070,120919121663086
0,16261,0.0,1789592930170,120919124072599
1,16261,0.0,1789592930170,120919124072599
2,16261,0.0,1789592930170,120919124072599
3,16261,0.0,1789592930170,120919124072599
4,16261,0.0,1789592930170,120919124072599
5,16261,0.0,1789592930170,120919124072599
6,16261,0.0,1789592930170,120919124072599
7,16261,0.0,1789592930170,120919124072599
0,16362,0.0,1789592930271,120919126480785
1,16362,0.0,1789592930271,120919126480785
2,16362,0.0,1789592930271,120919126480785
3,16362,0.0,1789592930271,120919126480785
4,16362,0.0,1789592930271,120919126480785
5,16362,0.0,1789592930271,120919126480785
6,16362,0.0,1789592930271,120919126480785
7,16362,0.0,1789592930271,120919126480785
0,16462,0.0,1789592930371,120919128890115
1,16462,0.0,1789592930371,120919128890115
2,16462,0.0,1789592930371,120919128890115
3,16462,0.0,1789592930371,120919128890115
4,16462,0.0,1789592930371,120919128890115
5,16462,0.0,1789592930371,120919128890115
6,16462,0.0,1789592930371,120919128890115
7,16462,0.0,1789592930371,120919128890115
0,16562,0.0,1789592930471,120919131298461
1,16562,0.0,1789592930471,120919131298461
2,16562,0.0,1789592930471,120919131298461
3,16562,0.0,1789592930471,120919131298461
4,16562,0.0,1789592930471,120919131298461
5,16562,0.0,1789592930471,120919131298461
6,16562,0.0,1789592930471,120919131298461
7,16562,0.0,1789592930471,120919131298461
0,16663,0.0,1789592930572,120919133706403
1,16663,0.0,1789592930572,120919133706403
2,16663,0.0,1789592930572,120919133706403
3,16663,0.0,1789592930572,120919133706403
4,16663,0.0,1789592930572,120919133706403
5,16663,0.0,1789592930572,120919133706403
6,16663,0.0,1789592930572,120919133706403
7,16663,0.0,1789592930572,120919133706403
0,16763,0.0,1789592930672,120919136115856
1,16763,0.0,1789592930672,120919136115856
2,16763,0.0,1789592930672,120919136115856
3,16763,0.0,1789592930672,120919136115856
4,16763,10.0,1789592930672,120919136115856
5,16763,0.0,1789592930672,120919136115856
6,16763,0.0,1789592930672,120919136115856
7,16763,0.0,1789592930672,120919136115856
0,16863,0.0,1789592930772,120919138527436
1,16863,0.0,1789592930772,120919138527436
2,16863,0.0,1789592930772,120919138527436
3,16863,0.0,1789592930772,120919138527436
4,16863,0.0,1789592930772,120919138527436
5,16863,0.0,1789592930772,120919138527436
6,16863,0.0,1789592930772,120919138527436
7,16863,0.0,1789592930772,120919138527436
0,16964,0.0,1789592930873,120919140937771
1,16964,0.0,1789592930873,120919140937771
2,16964,0.0,1789592930873,120919140937771
3,16964,0.0,1789592930873,120919140937771
4,16964,0.0,1789592930873,120919140937771
5,16964,0.0,1789592930873,120919140937771
6,16964,0.0,1789592930873,120919140937771
7,16964,0.0,1789592930873,120919140937771
0,17064,0.0,1789592930973,120919143346693
1,17064,0.0,1789592930973,120919143346693
2,17064,0.0,1789592930973,120919143346693
3,17064,0.0,1789592930973,120919143346693
4,17064,0.0,1789592930973,120919143346693
5,17064,0.0,1789592930973,120919143346693
6,17064,0.0,1789592930973,120919143346693
7,17064,0.0,1789592930973,120919143346693
0,17165,0.0,1789592931074,120919145754861
1,17165,0.0,1789592931074,120919145754861
2,17165,0.0,1789592931074,120919145754861
3,17165,0.0,1789592931074,120919145754861
4,17165,0.0,1789592931074,120919145754861
5,17165,0.0,1789592931074,120919145754861
6,17165,0.0,1789592931074,120919145754861
7,17165,0.0,1789592931074,120919145754861
0,17265,0.0,1789592931174,120919148164882
1,17265,0.0,1789592931174,120919148164882
2,17265,0.0,1789592931174,120919148164882
3,17265,0.0,1789592931174,120919148164882
4,17265,0.0,1789592931174,120919148164882
5,17265,0.0,1789592931174,120919148164882
6,17265,0.0,1789592931174,120919148164882
7,17265,0.0,1789592931174,120919148164882
0,17365,0.0,1789592931274,120919150574357
1,17365,0.0,1789592931274,120919150574357
2,17365,0.0,1789592931274,120919150574357
3,17365,0.0,1789592931274,120919150574357
4,17365,0.0,1789592931274,120919150574357
5,17365,0.0,1789592931274,120919150574357
6,17365,0.0,1789592931274,120919150574357
7,17365,0.0,1789592931274,120919150574357
0,17466,0.0,1789592931375,120919152986582
1,17466,0.0,1789592931375,120919152986582
2,17466,0.0,1789592931375,120919152986582
3,17466,0.0,1789592931375,120919152986582
4,17466,0.0,1789592931375,120919152986582
5,17466,0.0,1789592931375,120919152986582
6,17466,0.0,1789592931375,120919152986582
7,17466,0.0,1789592931375,120919152986582
0,17566,0.0,1789592931475,120919155397382
1,17566,0.0,1789592931475,120919155397382
2,17566,0.0,1789592931475,120919155397382
3,17566,0.0,1789592931475,120919155397382
4,17566,0.0,1789592931475,120919155397382
5,17566,9.1,1789592931475,120919155397382
6,17566,0.0,1789592931475,120919155397382
7,17566,0.0,1789592931475,120919155397382
0,17667,0.0,1789592931576,120919157805535
1,17667,0.0,1789592931576,120919157805535
2,17667,0.0,1789592931576,120919157805535
3,17667,0.0,1789592931576,120919157805535
4,17667,0.0,1789592931576,120919157805535
5,17667,0.0,1789592931576,120919157805535
6,17667,0.0,1789592931576,120919157805535
7,17667,0.0,1789592931576,120919157805535
0,17767,0.0,1789592931676,120919160213475
1,17767,0.0,1789592931676,120919160213475
2,17767,0.0,1789592931676,120919160213475
3,17767,0.0,1789592931676,120919160213475
4,17767,0.0,1789592931676,120919160213475
5,17767,0.0,1789592931676,120919160213475
6,17767,0.0,1789592931676,120919160213475
7,17767,0.0,1789592931676,120919160213475
0,17867,0.0,1789592931776,120919162621480
1,17867,0.0,1789592931776,120919162621480
2,17867,0.0,1789592931776,120919162621480
3,17867,0.0,1789592931776,120919162621480
4,17867,0.0,1789592931776,120919162621480
5,17867,0.0,1789592931776,120919162621480
6,17867,0.0,1789592931776,120919162621480
7,17867,0.0,1789592931776,120919162621480
0,17968,0.0,1789592931877,120919165029582
1,17968,0.0,1789592931877,120919165029582
2,17968,0.0,1789592931877,120919165029582
3,17968,0.0,1789592931877,120919165029582
4,17968,0.0,1789592931877,120919165029582
5,17968,0.0,1789592931877,120919165029582
6,17968,0.0,1789592931877,120919165029582
7,17968,0.0,1789592931877,120919165029582
0,18068,0.0,1789592931977,120919167437538
1,18068,0.0,1789592931977,120919167437538
2,18068,0.0,1789592931977,120919167437538
3,18068,0.0,1789592931977,120919167437538
4,18068,0.0,1789592931977,120919167437538
5,18068,0.0,1789592931977,120919167437538
6,18068,0.0,1789592931977,120919167437538
7,18068,0.0,1789592931977,120919167437538
0,18169,0.0,1789592932078,120919169847996
1,18169,0.0,1789592932078,120919169847996
2,18169,0.0,1789592932078,120919169847996
3,18169,0.0,1789592932078,120919169847996
4,18169,0.0,1789592932078,120919169847996
5,18169,0.0,1789592932078,120919169847996
6,18169,9.1,1789592932078,120919169847996
7,18169,0.0,1789592932078,120919169847996
0,18269,0.0,1789592932178,120919172257449
1,18269,0.0,1789592932178,120919172257449
2,18269,0.0,1789592932178,120919172257449
3,18269,0.0,1789592932178,120919172257449
4,18269,0.0,1789592932178,120919172257449
5,18269,0.0,1789592932178,120919172257449
6,18269,0.0,1789592932178,120919172257449
7,18269,10.0,1789592932178,120919172257449
0,18369,0.0,1789592932278,120919174665646
1,18369,0.0,1789592932278,120919174665646
2,18369,0.0,1789592932278,120919174665646
3,18369,0.0,1789592932278,120919174665646
4,18369,0.0,1789592932278,120919174665646
5,18369,0.0,1789592932278,120919174665646
6,18369,0.0,1789592932278,120919174665646
7,18369,0.0,1789592932278,120919174665646
0,18470,0.0,1789592932379,120919177073239
1,18470,0.0,1789592932379,120919177073239
2,18470,0.0,1789592932379,120919177073239
3,18470,0.0,1789592932379,120919177073239
4,18470,0.0,1789592932379,120919177073239
5,18470,0.0,1789592932379,120919177073239
6,18470,0.0,1789592932379,120919177073239
7,18470,0.0,1789592932379,120919177073239
0,18570,0.0,1789592932479,120919179481527
1,18570,0.0,1789592932479,120919179481527
2,18570,0.0,1789592932479,120919179481527
3,18570,0.0,1789592932479,120919179481527
4,18570,0.0,1789592932479,120919179481527
5,18570,0.0,1789592932479,120919179481527
6,18570,0.0,1789592932479,120919179481527
7,18570,0.0,1789592932479,120919179481527
0,18670,0.0,1789592932579,120919181889434
1,18670,0.0,1789592932579,120919181889434
2,18670,0.0,1789592932579,120919181889434
3,18670,0.0,1789592932579,120919181889434
4,18670,0.0,1789592932579,120919181889434
5,18670,0.0,1789592932579,120919181889434
6,18670,0.0,1789592932579,120919181889434
7,18670,0.0,1789592932579,120919181889434
0,18771,0.0,1789592932680,120919184299877
1,18771,0.0,1789592932680,120919184299877
2,18771,0.0,1789592932680,120919184299877
3,18771,0.0,1789592932680,120919184299877
4,18771,10.0,1789592932680,120919184299877
5,18771,0.0,1789592932680,120919184299877
6,18771,0.0,1789592932680,120919184299877
7,18771,0.0,1789592932680,120919184299877
0,18871,0.0,1789592932780,120919186708872
1,18871,0.0,1789592932780,120919186708872
2,18871,0.0,1789592932780,120919186708872
3,18871,0.0,1789592932780,120919186708872
4,18871,0.0,1789592932780,120919186708872
5,18871,0.0,1789592932780,120919186708872
6,18871,0.0,1789592932780,120919186708872
7,18871,0.0,1789592932780,120919186708872
0,18971,0.0,1789592932880,120919189117080
1,18971,0.0,1789592932880,120919189117080
2,18971,0.0,1789592932880,120919189117080
3,18971,0.0,1789592932880,120919189117080
4,18971,0.0,1789592932880,120919189117080
5,18971,0.0,1789592932880,120919189117080
6,18971,0.0,1789592932880,120919189117080
7,18971,0.0,1789592932880,120919189117080
0,19072,0.0,1789592932981,120919191524985
1,19072,0.0,1789592932981,120919191524985
2,19072,0.0,1789592932981,120919191524985
3,19072,0.0,1789592932981,120919191524985
4,19072,0.0,1789592932981,120919191524985
5,19072,0.0,1789592932981,120919191524985
6,19072,0.0,1789592932981,120919191524985
7,19072,0.0,1789592932981,120919191524985
0,19172,0.0,1789592933081,120919193932649
1,19172,0.0,1789592933081,120919193932649
2,19172,0.0,1789592933081,120919193932649
3,19172,0.0,1789592933081,120919193932649
4,19172,0.0,1789592933081,120919193932649
5,19172,0.0,1789592933081,120919193932649
6,19172,0.0,1789592933081,120919193932649
7,19172,0.0,1789592933081,120919193932649
0,19272,0.0,1789592933181,120919196340420
1,19272,0.0,1789592933181,120919196340420
2,19272,0.0,1789592933181,120919196340420
3,19272,0.0,1789592933181,120919196340420
4,19272,0.0,1789592933181,120919196340420
5,19272,0.0,1789592933181,120919196340420
6,19272,0.0,1789592933181,120919196340420
7,19272,0.0,1789592933181,120919196340420
0,19373,0.0,1789592933282,120919198748392
1,19373,0.0,1789592933282,120919198748392
2,19373,0.0,1789592933282,120919198748392
3,19373,0.0,1789592933282,120919198748392
4,19373,0.0,1789592933282,120919198748392
5,19373,0.0,1789592933282,120919198748392
6,19373,0.0,1789592933282,120919198748392
7,19373,0.0,1789592933282,120919198748392
0,19473,0.0,1789592933382,120919201156663
1,19473,0.0,1789592933382,120919201156663
2,19473,0.0,1789592933382,120919201156663
3,19473,0.0,1789592933382,120919201156663
4,19473,0.0,1789592933382,120919201156663
5,19473,0.0,1789592933382,120919201156663
6,19473,0.0,1789592933382,120919201156663
7,19473,0.0,1789592933382,120919201156663
0,19574,0.0,1789592933483,120919203568305
1,19574,18.2,1789592933483,120919203568305
2,19574,30.0,1789592933483,120919203568305
3,19574,10.0,1789592933483,120919203568305
4,19574,0.0,1789592933483,120919203568305
5,19574,0.0,1789592933483,120919203568305
6,19574,0.0,1789592933483,120919203568305
7,19574,0.0,1789592933483,120919203568305
0,19674,0.0,1789592933583,120919205981294
1,19674,0.0,1789592933583,120919205981294
2,19674,27.3,1789592933583,120919205981294
3,19674,30.0,1789592933583,120919205981294
4,19674,0.0,1789592933583,120919205981294
5,19674,0.0,1789592933583,120919205981294
6,19674,0.0,1789592933583,120919205981294
7,19674,0.0,1789592933583,120919205981294
0,19775,0.0,1789592933684,120919208393428
1,19775,0.0,1789592933684,120919208393428
2,19775,27.3,1789592933684,120919208393428
3,19775,18.2,1789592933684,120919208393428
4,19775,0.0,1789592933684,120919208393428
5,19775,10.0,1789592933684,120919208393428
6,19775,20.0,1789592933684,120919208393428
7,19775,18.2,1789592933684,120919208393428
0,19876,10.0,1789592933785,120919210815817
1,19876,11.1,1789592933785,120919210815817
2,19876,0.0,1789592933785,120919210815817
3,19876,11.1,1789592933785,120919210815817
4,19876,0.0,1789592933785,120919210815817
5,19876,0.0,1789592933785,120919210815817
6,19876,10.0,1789592933785,120919210815817
7,19876,10.0,1789592933785,120919210815817
0,19976,0.0,1789592933885,120919213229810
1,19976,18.2,1789592933885,120919213229810
2,19976,30.0,1789592933885,120919213229810
3,19976,30.0,1789592933885,120919213229810
4,19976,0.0,1789592933885,120919213229810
5,19976,0.0,1789592933885,120919213229810
6,19976,0.0,1789592933885,120919213229810
7,19976,10.0,1789592933885,120919213229810
0,20077,0.0,1789592933986,120919215642174
1,20077,0.0,1789592933986,120919215642174
2,20077,20.0,1789592933986,120919215642174
3,20077,40.0,1789592933986,120919215642174
4,20077,0.0,1789592933986,120919215642174
5,20077,0.0,1789592933986,120919215642174
6,20077,0.0,1789592933986,120919215642174
7,20077,0.0,1789592933986,120919215642174
0,20177,10.0,1789592934086,120919218055819
1,20177,0.0,1789592934086,120919218055819
2,20177,10.0,1789592934086,120919218055819
3,20177,10.0,1789592934086,120919218055819
4,20177,0.0,1789592934086,120919218055819
5,20177,20.0,1789592934086,120919218055819
6,20177,11.1,1789592934086,120919218055819
7,20177,10.0,1789592934086,120919218055819
0,20278,0.0,1789592934187,120919220468976
1,20278,11.1,1789592934187,120919220468976
2,20278,0.0,1789592934187,120919220468976
3,20278,0.0,1789592934187,120919220468976
4,20278,0.0,1789592934187,120919220468976
5,20278,0.0,1789592934187,120919220468976
6,20278,0.0,1789592934187,120919220468976
7,20278,11.1,1789592934187,120919220468976
0,20378,20.0,1789592934287,120919222883144
1,20378,10.0,1789592934287,120919222883144
2,20378,0.0,1789592934287,120919222883144
3,20378,0.0,1789592934287,120919222883144
4,20378,0.0,1789592934287,120919222883144
5,20378,9.1,1789592934287,120919222883144
6,20378,10.0,1789592934287,120919222883144
7,20378,22.2,1789592934287,120919222883144
0,20479,25.0,1789592934388,120919225295697
1,20479,10.0,1789592934388,120919225295697
2,20479,12.5,1789592934388,120919225295697
3,20479,0.0,1789592934388,120919225295697
4,20479,0.0,1789592934388,120919225295697
5,20479,0.0,1789592934388,120919225295697
6,20479,9.1,1789592934388,120919225295697
7,20479,45.5,1789592934388,120919225295697
0,20579,25.0,1789592934488,120919227708321
1,20579,0.0,1789592934488,120919227708321
2,20579,30.0,1789592934488,120919227708321
3,20579,0.0,1789592934488,120919227708321
4,20579,0.0,1789592934488,120919227708321
5,20579,0.0,1789592934488,120919227708321
6,20579,0.0,1789592934488,120919227708321
7,20579,25.0,1789592934488,120919227708321
0,20680,30.0,1789592934589,120919230120352
1,20680,0.0,1789592934589,120919230120352
2,20680,20.0,1789592934589,120919230120352
3,20680,0.0,1789592934589,120919230120352
4,20680,0.0,1789592934589,120919230120352
5,20680,0.0,1789592934589,120919230120352
6,20680,10.0,1789592934589,120919230120352
7,20680,40.0,1789592934589,120919230120352
0,20781,25.0,1789592934690,120919232534981
1,20781,18.2,1789592934690,120919232534981
2,20781,20.0,1789592934690,120919232534981
3,20781,0.0,1789592934690,120919232534981
4,20781,10.0,1789592934690,120919232534981
5,20781,0.0,1789592934690,120919232534981
6,20781,0.0,1789592934690,120919232534981
7,20781,25.0,1789592934690,120919232534981
0,20881,33.3,1789592934790,120919234949698
1,20881,0.0,1789592934790,120919234949698
2,20881,27.3,1789592934790,120919234949698
3,20881,0.0,1789592934790,120919234949698
4,20881,0.0,1789592934790,120919234949698
5,20881,0.0,1789592934790,120919234949698
6,20881,9.1,1789592934790,120919234949698
7,20881,30.0,1789592934790,120919234949698
0,20982,22.2,1789592934891,120919237362817
1,20982,0.0,1789592934891,120919237362817
2,20982,30.0,1789592934891,120919237362817
3,20982,0.0,1789592934891,120919237362817
4,20982,0.0,1789592934891,120919237362817
5,20982,0.0,1789592934891,120919237362817
6,20982,0.0,1789592934891,120919237362817
7,20982,14.3,1789592934891,120919237362817
0,21082,16.7,1789592934991,120919239775730
1,21082,0.0,1789592934991,120919239775730
2,21082,36.4,1789592934991,120919239775730
3,21082,0.0,1789592934991,120919239775730
4,21082,0.0,1789592934991,120919239775730
5,21082,0.0,1789592934991,120919239775730
6,21082,0.0,1789592934991,120919239775730
7,21082,28.6,1789592934991,120919239775730
0,21183,37.5,1789592935092,120919242190153
1,21183,9.1,1789592935092,120919242190153
2,21183,25.0,1789592935092,120919242190153
3,21183,0.0,1789592935092,120919242190153
4,21183,0.0,1789592935092,120919242190153
5,21183,0.0,1789592935092,120919242190153
6,21183,0.0,1789592935092,120919242190153
7,21183,45.5,1789592935092,120919242190153
0,21283,33.3,1789592935192,120919244602668
1,21283,0.0,1789592935192,120919244602668
2,21283,22.2,1789592935192,120919244602668
3,21283,0.0,1789592935192,120919244602668
4,21283,0.0,1789592935192,120919244602668
5,21283,0.0,1789592935192,120919244602668
6,21283,0.0,1789592935192,120919244602668
7,21283,33.3,1789592935192,120919244602668
0,21384,25.0,1789592935293,120919247015239
1,21384,0.0,1789592935293,120919247015239
2,21384,30.0,1789592935293,120919247015239
3,21384,0.0,1789592935293,120919247015239
4,21384,0.0,1789592935293,120919247015239
5,21384,0.0,1789592935293,120919247015239
6,21384,0.0,1789592935293,120919247015239
7,21384,44.4,1789592935293,120919247015239
0,21484,37.5,1789592935393,120919249427740
1,21484,0.0,1789592935393,120919249427740
2,21484,22.2,1789592935393,120919249427740
3,21484,0.0,1789592935393,120919249427740
4,21484,0.0,1789592935393,120919249427740
5,21484,0.0,1789592935393,120919249427740
6,21484,0.0,1789592935393,120919249427740
7,21484,40.0,1789592935393,120919249427740
0,21585,25.0,1789592935494,120919251840363
1,21585,0.0,1789592935494,120919251840363
2,21585,30.0,1789592935494,120919251840363
3,21585,0.0,1789592935494,120919251840363
4,21585,0.0,1789592935494,120919251840363
5,21585,0.0,1789592935494,120919251840363
6,21585,9.1,1789592935494,120919251840363
7,21585,28.6,1789592935494,120919251840363
0,21685,25.0,1789592935594,120919254252943
1,21685,0.0,1789592935594,120919254252943
2,21685,25.0,1789592935594,120919254252943
3,21685,0.0,1789592935594,120919254252943
4,21685,0.0,1789592935594,120919254252943
5,21685,0.0,1789592935594,120919254252943
6,21685,10.0,1789592935594,120919254252943
7,21685,40.0,1789592935594,120919254252943
0,21786,28.6,1789592935695,120919256666153
1,21786,0.0,1789592935695,120919256666153
2,21786,41.7,1789592935695,120919256666153
3,21786,0.0,1789592935695,120919256666153
4,21786,9.1,1789592935695,120919256666153
5,21786,0.0,1789592935695,120919256666153
6,21786,0.0,1789592935695,120919256666153
7,21786,28.6,1789592935695,120919256666153
0,21886,37.5,1789592935795,120919259078546
1,21886,9.1,1789592935795,120919259078546
2,21886,33.3,1789592935795,120919259078546
3,21886,0.0,1789592935795,120919259078546
4,21886,0.0,1789592935795,120919259078546
5,21886,0.0,1789592935795,120919259078546
6,21886,0.0,1789592935795,120919259078546
7,21886,28.6,1789592935795,120919259078546
0,21987,33.3,1789592935896,120919261490973
1,21987,0.0,1789592935896,120919261490973
2,21987,0.0,1789592935896,120919261490973
3,21987,0.0,1789592935896,120919261490973
4,21987,0.0,1789592935896,120919261490973
5,21987,0.0,1789592935896,120919261490973
6,21987,10.0,1789592935896,120919261490973
7,21987,36.4,1789592935896,120919261490973
0,22088,44.4,1789592935997,120919263903395
1,22088,0.0,1789592935997,120919263903395
2,22088,22.2,1789592935997,120919263903395
3,22088,0.0,1789592935997,120919263903395
4,22088,0.0,1789592935997,120919263903395
5,22088,0.0,1789592935997,120919263903395
6,22088,0.0,1789592935997,120919263903395
7,22088,37.5,1789592935997,120919263903395
0,22188,54.5,1789592936097,120919266315947
1,22188,0.0,1789592936097,120919266315947
2,22188,33.3,1789592936097,120919266315947
3,22188,0.0,1789592936097,120919266315947
4,22188,11.1,1789592936097,120919266315947
5,22188,0.0,1789592936097,120919266315947
6,22188,9.1,1789592936097,120919266315947
7,22188,33.3,1789592936097,120919266315947
0,22289,33.3,1789592936198,120919268728364
1,22289,0.0,1789592936198,120919268728364
2,22289,11.1,1789592936198,120919268728364
3,22289,0.0,1789592936198,120919268728364
4,22289,9.1,1789592936198,120919268728364
5,22289,0.0,1789592936198,120919268728364
6,22289,0.0,1789592936198,120919268728364
7,22289,37.5,1789592936198,120919268728364
0,22389,25.0,1789592936298,120919271142047
1,22389,0.0,1789592936298,120919271142047
2,22389,30.0,1789592936298,120919271142047
3,22389,0.0,1789592936298,120919271142047
4,22389,0.0,1789592936298,120919271142047
5,22389,0.0,1789592936298,120919271142047
6,22389,0.0,1789592936298,120919271142047
7,22389,44.4,1789592936298,120919271142047
0,22490,50.0,1789592936399,120919273554507
1,22490,16.7,1789592936399,120919273554507
2,22490,33.3,1789592936399,120919273554507
3,22490,0.0,1789592936399,120919273554507
4,22490,0.0,1789592936399,120919273554507
5,22490,0.0,1789592936399,120919273554507
6,22490,0.0,1789592936399,120919273554507
7,22490,28.6,1789592936399,120919273554507
0,22590,28.6,1789592936499,120919275967295
1,22590,0.0,1789592936499,120919275967295
2,22590,36.4,1789592936499,120919275967295
3,22590,0.0,1789592936499,120919275967295
4,22590,0.0,1789592936499,120919275967295
5,22590,0.0,1789592936499,120919275967295
6,22590,10.0,1789592936499,120919275967295
7,22590,25.0,1789592936499,120919275967295
0,22691,50.0,1789592936600,120919278379703
1,22691,20.0,1789592936600,120919278379703
2,22691,30.0,1789592936600,120919278379703
3,22691,20.0,1789592936600,120919278379703
4,22691,10.0,1789592936600,120919278379703
5,22691,10.0,1789592936600,120919278379703
6,22691,0.0,1789592936600,120919278379703
7,22691,33.3,1789592936600,120919278379703
0,22791,10.0,1789592936700,120919280792737
1,22791,0.0,1789592936700,120919280792737
2,22791,0.0,1789592936700,120919280792737
3,22791,20.0,1789592936700,120919280792737
4,22791,0.0,1789592936700,120919280792737
5,22791,0.0,1789592936700,120919280792737
6,22791,0.0,1789592936700,120919280792737
7,22791,0.0,1789592936700,120919280792737
0,22892,33.3,1789592936801,120919283205381
1,22892,9.1,1789592936801,120919283205381
2,22892,0.0,1789592936801,120919283205381
3,22892,30.0,1789592936801,120919283205381
4,22892,0.0,1789592936801,120919283205381
5,22892,0.0,1789592936801,120919283205381
6,22892,0.0,1789592936801,120919283205381
7,22892,0.0,1789592936801,120919283205381
0,22992,10.0,1789592936901,120919285617905
1,22992,0.0,1789592936901,120919285617905
2,22992,11.1,1789592936901,120919285617905
3,22992,20.0,1789592936901,120919285617905
4,22992,0.0,1789592936901,120919285617905
5,22992,18.2,1789592936901,120919285617905
6,22992,18.2,1789592936901,120919285617905
7,22992,10.0,1789592936901,120919285617905
0,23093,18.2,1789592937002,120919288031758
1,23093,11.1,1789592937002,120919288031758
2,23093,0.0,1789592937002,120919288031758
3,23093,0.0,1789592937002,120919288031758
4,23093,11.1,1789592937002,120919288031758
5,23093,0.0,1789592937002,120919288031758
6,23093,0.0,1789592937002,120919288031758
7,23093,0.0,1789592937002,120919288031758
0,23193,77.8,1789592937102,120919290445323
1,23193,33.3,1789592937102,120919290445323
2,23193,50.0,1789592937102,120919290445323
3,23193,36.4,1789592937102,120919290445323
4,23193,72.7,1789592937102,120919290445323
5,23193,54.5,1789592937102,120919290445323
6,23193,66.7,1789592937102,120919290445323
7,23193,50.0,1789592937102,120919290445323
0,23294,62.5,1789592937203,120919292860331
1,23294,40.0,1789592937203,120919292860331
2,23294,44.4,1789592937203,120919292860331
3,23294,20.0,1789592937203,120919292860331
4,23294,55.6,1789592937203,120919292860331
5,23294,37.5,1789592937203,120919292860331
6,23294,70.0,1789592937203,120919292860331
7,23294,25.0,1789592937203,120919292860331
0,23395,80.0,1789592937304,120919295273597
1,23395,40.0,1789592937304,120919295273597
2,23395,45.5,1789592937304,120919295273597
3,23395,20.0,1789592937304,120919295273597
4,23395,62.5,1789592937304,120919295273597
5,23395,45.5,1789592937304,120919295273597
6,23395,72.7,1789592937304,120919295273597
7,23395,33.3,1789592937304,120919295273597
0,23495,70.0,1789592937404,120919297687194
1,23495,36.4,1789592937404,120919297687194
2,23495,40.0,1789592937404,120919297687194
3,23495,30.0,1789592937404,120919297687194
4,23495,77.8,1789592937404,120919297687194
5,23495,37.5,1789592937404,120919297687194
6,23495,44.4,1789592937404,120919297687194
7,23495,22.2,1789592937404,120919297687194
0,23596,81.8,1789592937505,120919300101804
1,23596,33.3,1789592937505,120919300101804
2,23596,40.0,1789592937505,120919300101804
3,23596,20.0,1789592937505,120919300101804
4,23596,70.0,1789592937505,120919300101804
5,23596,40.0,1789592937505,120919300101804
6,23596,40.0,1789592937505,120919300101804
7,23596,54.5,1789592937505,120919300101804
0,23696,80.0,1789592937605,120919302515239
1,23696,45.5,1789592937605,120919302515239
2,23696,45.5,1789592937605,120919302515239
3,23696,40.0,1789592937605,120919302515239
4,23696,77.8,1789592937605,120919302515239
5,23696,45.5,1789592937605,120919302515239
6,23696,50.0,1789592937605,120919302515239
7,23696,25.0,1789592937605,120919302515239
0,23797,66.7,1789592937706,120919304928924
1,23797,36.4,1789592937706,120919304928924
2,23797,50.0,1789592937706,120919304928924
3,23797,36.4,1789592937706,120919304928924
4,23797,76.9,1789592937706,120919304928924
5,23797,50.0,1789592937706,120919304928924
6,23797,60.0,1789592937706,120919304928924
7,23797,36.4,1789592937706,120919304928924
0,23897,87.5,1789592937806,120919307341783
1,23897,25.0,1789592937806,120919307341783
2,23897,63.6,1789592937806,120919307341783
3,23897,20.0,1789592937806,120919307341783
4,23897,80.0,1789592937806,120919307341783
5,23897,33.3,1789592937806,120919307341783
6,23897,44.4,1789592937806,120919307341783
7,23897,25.0,1789592937806,120919307341783
0,23998,72.7,1789592937907,120919309762068
1,23998,36.4,1789592937907,120919309762068
2,23998,50.0,1789592937907,120919309762068
3,23998,20.0,1789592937907,120919309762068
4,23998,80.0,1789592937907,120919309762068
5,23998,54.5,1789592937907,120919309762068
6,23998,54.5,1789592937907,120919309762068
7,23998,40.0,1789592937907,120919309762068
0,24099,77.8,1789592938008,120919312183345
1,24099,20.0,1789592938008,120919312183345
2,24099,50.0,1789592938008,120919312183345
3,24099,45.5,1789592938008,120919312183345
4,24099,66.7,1789592938008,120919312183345
5,24099,40.0,1789592938008,120919312183345
6,24099,45.5,1789592938008,120919312183345
7,24099,33.3,1789592938008,120919312183345
0,24200,80.0,1789592938109,120919314597802
1,24200,0.0,1789592938109,120919314597802
2,24200,30.0,1789592938109,120919314597802
3,24200,10.0,1789592938109,120919314597802
4,24200,80.0,1789592938109,120919314597802
5,24200,33.3,1789592938109,120919314597802
6,24200,20.0,1789592938109,120919314597802
7,24200,22.2,1789592938109,120919314597802
0,24300,63.6,1789592938209,120919317011376
1,24300,10.0,1789592938209,120919317011376
2,24300,33.3,1789592938209,120919317011376
3,24300,18.2,1789592938209,120919317011376
4,24300,77.8,1789592938209,120919317011376
5,24300,20.0,1789592938209,120919317011376
6,24300,20.0,1789592938209,120919317011376
7,24300,10.0,1789592938209,120919317011376
0,24401,30.0,1789592938310,120919319424293
1,24401,20.0,1789592938310,120919319424293
2,24401,10.0,1789592938310,120919319424293
3,24401,10.0,1789592938310,120919319424293
4,24401,9.1,1789592938310,120919319424293
5,24401,18.2,1789592938310,120919319424293
6,24401,10.0,1789592938310,120919319424293
7,24401,9.1,1789592938310,120919319424293
0,24501,11.1,1789592938410,120919321836490
1,24501,0.0,1789592938410,120919321836490
2,24501,0.0,1789592938410,120919321836490
3,24501,50.0,1789592938410,120919321836490
4,24501,0.0,1789592938410,120919321836490
5,24501,0.0,1789592938410,120919321836490
6,24501,0.0,1789592938410,120919321836490
7,24501,0.0,1789592938410,120919321836490
0,24602,30.0,1789592938511,120919324250027
1,24602,0.0,1789592938511,120919324250027
2,24602,9.1,1789592938511,120919324250027
3,24602,0.0,1789592938511,120919324250027
4,24602,0.0,1789592938511,120919324250027
5,24602,10.0,1789592938511,120919324250027
6,24602,9.1,1789592938511,120919324250027
7,24602,0.0,1789592938511,120919324250027
0,24703,0.0,1789592938612,120919326662412
1,24703,18.2,1789592938612,120919326662412
2,24703,10.0,1789592938612,120919326662412
3,24703,10.0,1789592938612,120919326662412
4,24703,9.1,1789592938612,120919326662412
5,24703,0.0,1789592938612,120919326662412
6,24703,0.0,1789592938612,120919326662412
7,24703,18.2,1789592938612,120919326662412
0,24803,45.5,1789592938712,120919329076896
1,24803,30.0,1789592938712,120919329076896
2,24803,0.0,1789592938712,120919329076896
3,24803,0.0,1789592938712,120919329076896
4,24803,11.1,1789592938712,120919329076896
5,24803,0.0,1789592938712,120919329076896
6,24803,9.1,1789592938712,120919329076896
7,24803,22.2,1789592938712,120919329076896
0,24904,0.0,1789592938813,120919331488999
1,24904,0.0,1789592938813,120919331488999
2,24904,40.0,1789592938813,120919331488999
3,24904,0.0,1789592938813,120919331488999
4,24904,9.1,1789592938813,120919331488999
5,24904,0.0,1789592938813,120919331488999
6,24904,0.0,1789592938813,120919331488999
7,24904,0.0,1789592938813,120919331488999
0,25004,45.5,1789592938913,120919333900319
1,25004,0.0,1789592938913,120919333900319
2,25004,0.0,1789592938913,120919333900319
3,25004,0.0,1789592938913,120919333900319
4,25004,0.0,1789592938913,120919333900319
5,25004,0.0,1789592938913,120919333900319
6,25004,0.0,1789592938913,120919333900319
7,25004,9.1,1789592938913,120919333900319
0,25105,10.0,1789592939014,120919336314641
1,25105,0.0,1789592939014,120919336314641
2,25105,10.0,1789592939014,120919336314641
3,25105,10.0,1789592939014,120919336314641
4,25105,0.0,1789592939014,120919336314641
5,25105,18.2,1789592939014,120919336314641
6,25105,0.0,1789592939014,120919336314641
7,25105,11.1,1789592939014,120919336314641
0,25205,0.0,1789592939114,120919338727107
1,25205,10.0,1789592939114,120919338727107
2,25205,18.2,1789592939114,120919338727107
3,25205,18.2,1789592939114,120919338727107
4,25205,0.0,1789592939114,120919338727107
5,25205,9.1,1789592939114,120919338727107
6,25205,0.0,1789592939114,120919338727107
7,25205,0.0,1789592939114,120919338727107
0,25306,0.0,1789592939215,120919341138842
1,25306,0.0,1789592939215,120919341138842
2,25306,0.0,1789592939215,120919341138842
3,25306,0.0,1789592939215,120919341138842
4,25306,0.0,1789592939215,120919341138842
5,25306,0.0,1789592939215,120919341138842
6,25306,0.0,1789592939215,120919341138842
7,25306,0.0,1789592939215,120919341138842
0,25406,9.1,1789592939315,120919343550022
1,25406,0.0,1789592939315,120919343550022
2,25406,0.0,1789592939315,120919343550022
3,25406,0.0,1789592939315,120919343550022
4,25406,0.0,1789592939315,120919343550022
5,25406,0.0,1789592939315,120919343550022
6,25406,0.0,1789592939315,120919343550022
7,25406,9.1,1789592939315,120919343550022
0,25507,0.0,1789592939416,120919345960426
1,25507,0.0,1789592939416,120919345960426
2,25507,0.0,1789592939416,120919345960426
3,25507,0.0,1789592939416,120919345960426
4,25507,0.0,1789592939416,120919345960426
5,25507,0.0,1789592939416,120919345960426
6,25507,0.0,1789592939416,120919345960426
7,25507,0.0,1789592939416,120919345960426
0,25607,0.0,1789592939516,120919348369609
1,25607,0.0,1789592939516,120919348369609
2,25607,0.0,1789592939516,120919348369609
3,25607,0.0,1789592939516,120919348369609
4,25607,0.0,1789592939516,120919348369609
5,25607,0.0,1789592939516,120919348369609
6,25607,0.0,1789592939516,120919348369609
7,25607,0.0,1789592939516,120919348369609
0,25707,0.0,1789592939616,120919350778387
1,25707,0.0,1789592939616,120919350778387
2,25707,0.0,1789592939616,120919350778387
3,25707,0.0,1789592939616,120919350778387
4,25707,0.0,1789592939616,120919350778387
5,25707,0.0,1789592939616,120919350778387
6,25707,0.0,1789592939616,120919350778387
7,25707,0.0,1789592939616,120919350778387
0,25808,0.0,1789592939717,120919353187181
1,25808,0.0,1789592939717,120919353187181
2,25808,0.0,1789592939717,120919353187181
3,25808,0.0,1789592939717,120919353187181
4,25808,0.0,1789592939717,120919353187181
5,25808,0.0,1789592939717,120919353187181
6,25808,0.0,1789592939717,120919353187181
7,25808,0.0,1789592939717,120919353187181
0,25908,0.0,1789592939817,120919355599268
1,25908,0.0,1789592939817,120919355599268
2,25908,0.0,1789592939817,120919355599268
3,25908,0.0,1789592939817,120919355599268
4,25908,0.0,1789592939817,120919355599268
5,25908,0.0,1789592939817,120919355599268
6,25908,0.0,1789592939817,120919355599268
7,25908,0.0,1789592939817,120919355599268
0,26009,0.0,1789592939918,120919358011339
1,26009,0.0,1789592939918,120919358011339
2,26009,0.0,1789592939918,120919358011339
3,26009,0.0,1789592939918,120919358011339
4,26009,0.0,1789592939918,120919358011339
5,26009,0.0,1789592939918,120919358011339
6,26009,0.0,1789592939918,120919358011339
7,26009,0.0,1789592939918,120919358011339
0,26109,0.0,1789592940018,120919360420459
1,26109,0.0,1789592940018,120919360420459
2,26109,0.0,1789592940018,120919360420459
3,26109,0.0,1789592940018,120919360420459
4,26109,0.0,1789592940018,120919360420459
5,26109,0.0,1789592940018,120919360420459
6,26109,0.0,1789592940018,120919360420459
7,26109,0.0,1789592940018,120919360420459
0,26210,0.0,1789592940119,120919362829423
1,26210,0.0,1789592940119,120919362829423
2,26210,0.0,1789592940119,120919362829423
3,26210,0.0,1789592940119,120919362829423
4,26210,0.0,1789592940119,120919362829423
5,26210,0.0,1789592940119,120919362829423
6,26210,0.0,1789592940119,120919362829423
7,26210,0.0,1789592940119,120919362829423
0,26310,0.0,1789592940219,120919365239271
1,26310,0.0,1789592940219,120919365239271
2,26310,0.0,1789592940219,120919365239271
3,26310,0.0,1789592940219,120919365239271
4,26310,0.0,1789592940219,120919365239271
5,26310,0.0,1789592940219,120919365239271
6,26310,0.0,1789592940219,120919365239271
7,26310,0.0,1789592940219,120919365239271
0,26410,0.0,1789592940319,120919367648316
1,26410,0.0,1789592940319,120919367648316
2,26410,0.0,1789592940319,120919367648316
3,26410,0.0,1789592940319,120919367648316
4,26410,0.0,1789592940319,120919367648316
5,26410,0.0,1789592940319,120919367648316
6,26410,0.0,1789592940319,120919367648316
7,26410,0.0,1789592940319,120919367648316
0,26511,0.0,1789592940420,120919370056140
1,26511,0.0,1789592940420,120919370056140
2,26511,0.0,1789592940420,120919370056140
3,26511,0.0,1789592940420,120919370056140
4,26511,0.0,1789592940420,120919370056140
5,26511,0.0,1789592940420,120919370056140
6,26511,0.0,1789592940420,120919370056140
7,26511,0.0,1789592940420,120919370056140
0,26611,0.0,1789592940520,120919372464525
1,26611,0.0,1789592940520,120919372464525
2,26611,0.0,1789592940520,120919372464525
3,26611,0.0,1789592940520,120919372464525
4,26611,0.0,1789592940520,120919372464525
5,26611,0.0,1789592940520,120919372464525
6,26611,0.0,1789592940520,120919372464525
7,26611,0.0,1789592940520,120919372464525
0,26711,0.0,1789592940620,120919374872933
1,26711,0.0,1789592940620,120919374872933
2,26711,0.0,1789592940620,120919374872933
3,26711,0.0,1789592940620,120919374872933
4,26711,0.0,1789592940620,120919374872933
5,26711,0.0,1789592940620,120919374872933
6,26711,0.0,1789592940620,120919374872933
7,26711,0.0,1789592940620,120919374872933
0,26812,0.0,1789592940721,120919377281319
1,26812,0.0,1789592940721,120919377281319
2,26812,0.0,1789592940721,120919377281319
3,26812,0.0,1789592940721,120919377281319
4,26812,0.0,1789592940721,120919377281319
5,26812,0.0,1789592940721,120919377281319
6,26812,0.0,1789592940721,120919377281319
7,26812,0.0,1789592940721,120919377281319
0,26912,0.0,1789592940821,120919379691116
1,26912,0.0,1789592940821,120919379691116
2,26912,0.0,1789592940821,120919379691116
3,26912,0.0,1789592940821,120919379691116
4,26912,10.0,1789592940821,120919379691116
5,26912,0.0,1789592940821,120919379691116
6,26912,0.0,1789592940821,120919379691116
7,26912,0.0,1789592940821,120919379691116
0,27012,0.0,1789592940921,120919382100367
1,27012,0.0,1789592940921,120919382100367
2,27012,0.0,1789592940921,120919382100367
3,27012,0.0,1789592940921,120919382100367
4,27012,0.0,1789592940921,120919382100367
5,27012,0.0,1789592940921,120919382100367
6,27012,0.0,1789592940921,120919382100367
7,27012,0.0,1789592940921,120919382100367
0,27113,0.0,1789592941022,120919384509163
1,27113,0.0,1789592941022,120919384509163
2,27113,0.0,1789592941022,120919384509163
3,27113,0.0,1789592941022,120919384509163
4,27113,0.0,1789592941022,120919384509163
5,27113,0.0,1789592941022,120919384509163
6,27113,0.0,1789592941022,120919384509163
7,27113,9.1,1789592941022,120919384509163
0,27213,0.0,1789592941122,120919386918864
1,27213,0.0,1789592941122,120919386918864
2,27213,0.0,1789592941122,120919386918864
3,27213,0.0,1789592941122,120919386918864
4,27213,0.0,1789592941122,120919386918864
5,27213,0.0,1789592941122,120919386918864
6,27213,0.0,1789592941122,120919386918864
7,27213,0.0,1789592941122,120919386918864
0,27314,0.0,1789592941223,120919389330281
1,27314,10.0,1789592941223,120919389330281
2,27314,30.0,1789592941223,120919389330281
3,27314,0.0,1789592941223,120919389330281
4,27314,0.0,1789592941223,120919389330281
5,27314,0.0,1789592941223,120919389330281
6,27314,0.0,1789592941223,120919389330281
7,27314,0.0,1789592941223,120919389330281
0,27414,0.0,1789592941323,120919391741768
1,27414,0.0,1789592941323,120919391741768
2,27414,10.0,1789592941323,120919391741768
3,27414,40.0,1789592941323,120919391741768
4,27414,0.0,1789592941323,120919391741768
5,27414,0.0,1789592941323,120919391741768
6,27414,0.0,1789592941323,120919391741768
7,27414,0.0,1789592941323,120919391741768
0,27515,10.0,1789592941424,120919394152892
1,27515,0.0,1789592941424,120919394152892
2,27515,33.3,1789592941424,120919394152892
3,27515,20.0,1789592941424,120919394152892
4,27515,0.0,1789592941424,120919394152892
5,27515,0.0,1789592941424,120919394152892
6,27515,0.0,1789592941424,120919394152892
7,27515,0.0,1789592941424,120919394152892
0,27615,10.0,1789592941524,120919396565170
1,27615,9.1,1789592941524,120919396565170
2,27615,0.0,1789592941524,120919396565170
3,27615,0.0,1789592941524,120919396565170
4,27615,10.0,1789592941524,120919396565170
5,27615,9.1,1789592941524,120919396565170
6,27615,0.0,1789592941524,120919396565170
7,27615,18.2,1789592941524,120919396565170
0,27716,0.0,1789592941625,120919398978659
1,27716,9.1,1789592941625,120919398978659
2,27716,0.0,1789592941625,120919398978659
3,27716,0.0,1789592941625,120919398978659
4,27716,0.0,1789592941625,120919398978659
5,27716,0.0,1789592941625,120919398978659
6,27716,0.0,1789592941625,120919398978659
7,27716,0.0,1789592941625,120919398978659
0,27816,0.0,1789592941725,120919401391323
1,27816,0.0,1789592941725,120919401391323
2,27816,0.0,1789592941725,120919401391323
3,27816,0.0,1789592941725,120919401391323
4,27816,0.0,1789592941725,120919401391323
5,27816,0.0,1789592941725,120919401391323
6,27816,0.0,1789592941725,120919401391323
7,27816,11.1,1789592941725,120919401391323
0,27917,0.0,1789592941826,120919403804342
1,27917,0.0,1789592941826,120919403804342
2,27917,0.0,1789592941826,120919403804342
3,27917,0.0,1789592941826,120919403804342
4,27917,9.1,1789592941826,120919403804342
5,27917,0.0,1789592941826,120919403804342
6,27917,0.0,1789592941826,120919403804342
7,27917,11.1,1789592941826,120919403804342
0,28017,0.0,1789592941926,120919406216988
1,28017,0.0,1789592941926,120919406216988
2,28017,0.0,1789592941926,120919406216988
3,28017,0.0,1789592941926,120919406216988
4,28017,0.0,1789592941926,120919406216988
5,28017,0.0,1789592941926,120919406216988
6,28017,0.0,1789592941926,120919406216988
7,28017,10.0,1789592941926,120919406216988
0,28118,0.0,1789592942027,120919408631145
1,28118,0.0,1789592942027,120919408631145
2,28118,20.0,1789592942027,120919408631145
3,28118,0.0,1789592942027,120919408631145
4,28118,0.0,1789592942027,120919408631145
5,28118,9.1,1789592942027,120919408631145
6,28118,0.0,1789592942027,120919408631145
7,28118,18.2,1789592942027,120919408631145
0,28218,0.0,1789592942127,120919411041867
1,28218,0.0,1789592942127,120919411041867
2,28218,0.0,1789592942127,120919411041867
3,28218,0.0,1789592942127,120919411041867
4,28218,0.0,1789592942127,120919411041867
5,28218,0.0,1789592942127,120919411041867
6,28218,0.0,1789592942127,120919411041867
7,28218,0.0,1789592942127,120919411041867
0,28319,0.0,1789592942228,120919413453256
1,28319,0.0,1789592942228,120919413453256
2,28319,0.0,1789592942228,120919413453256
3,28319,0.0,1789592942228,120919413453256
4,28319,0.0,1789592942228,120919413453256
5,28319,0.0,1789592942228,120919413453256
6,28319,0.0,1789592942228,120919413453256
7,28319,0.0,1789592942228,120919413453256
0,28419,0.0,1789592942328,120919415864781
1,28419,0.0,1789592942328,120919415864781
2,28419,0.0,1789592942328,120919415864781
3,28419,0.0,1789592942328,120919415864781
4,28419,0.0,1789592942328,120919415864781
5,28419,0.0,1789592942328,120919415864781
6,28419,0.0,1789592942328,120919415864781
7,28419,0.0,1789592942328,120919415864781
0,28520,0.0,1789592942429,120919418274509
1,28520,0.0,1789592942429,120919418274509
2,28520,0.0,1789592942429,120919418274509
3,28520,0.0,1789592942429,120919418274509
4,28520,0.0,1789592942429,120919418274509
5,28520,0.0,1789592942429,120919418274509
6,28520,0.0,1789592942429,120919418274509
7,28520,0.0,1789592942429,120919418274509
0,28620,0.0,1789592942529,120919420683221
1,28620,0.0,1789592942529,120919420683221
2,28620,0.0,1789592942529,120919420683221
3,28620,0.0,1789592942529,120919420683221
4,28620,0.0,1789592942529,120919420683221
5,28620,0.0,1789592942529,120919420683221
6,28620,0.0,1789592942529,120919420683221
7,28620,0.0,1789592942529,120919420683221
0,28720,0.0,1789592942629,120919423091242
1,28720,0.0,1789592942629,120919423091242
2,28720,0.0,1789592942629,120919423091242
3,28720,0.0,1789592942629,120919423091242
4,28720,0.0,1789592942629,120919423091242
5,28720,0.0,1789592942629,120919423091242
6,28720,0.0,1789592942629,120919423091242
7,28720,0.0,1789592942629,120919423091242
0,28821,0.0,1789592942730,120919425499145
1,28821,0.0,1789592942730,120919425499145
2,28821,0.0,1789592942730,120919425499145
3,28821,0.0,1789592942730,120919425499145
4,28821,0.0,1789592942730,120919425499145
5,28821,0.0,1789592942730,120919425499145
6,28821,0.0,1789592942730,120919425499145
7,28821,0.0,1789592942730,120919425499145
0,28921,0.0,1789592942830,120919427909566
1,28921,0.0,1789592942830,120919427909566
2,28921,0.0,1789592942830,120919427909566
3,28921,10.0,1789592942830,120919427909566
4,28921,0.0,1789592942830,120919427909566
5,28921,0.0,1789592942830,120919427909566
6,28921,0.0,1789592942830,120919427909566
7,28921,0.0,1789592942830,120919427909566
0,29022,0.0,1789592942931,120919430319354
1,29022,0.0,1789592942931,120919430319354
2,29022,0.0,1789592942931,120919430319354
3,29022,0.0,1789592942931,120919430319354
4,29022,0.0,1789592942931,120919430319354
5,29022,0.0,1789592942931,120919430319354
6,29022,0.0,1789592942931,120919430319354
7,29022,0.0,1789592942931,120919430319354
0,29122,0.0,1789592943031,120919432728633
1,29122,0.0,1789592943031,120919432728633
2,29122,0.0,1789592943031,120919432728633
3,29122,0.0,1789592943031,120919432728633
4,29122,0.0,1789592943031,120919432728633
5,29122,0.0,1789592943031,120919432728633
6,29122,0.0,1789592943031,120919432728633
7,29122,0.0,1789592943031,120919432728633
0,29222,0.0,1789592943131,120919435137310
1,29222,0.0,1789592943131,120919435137310
2,29222,0.0,1789592943131,120919435137310
3,29222,0.0,1789592943131,120919435137310
4,29222,0.0,1789592943131,120919435137310
5,29222,0.0,1789592943131,120919435137310
6,29222,0.0,1789592943131,120919435137310
7,29222,0.0,1789592943131,120919435137310
0,29323,0.0,1789592943232,120919437545542
1,29323,0.0,1789592943232,120919437545542
2,29323,0.0,1789592943232,120919437545542
3,29323,0.0,1789592943232,120919437545542
4,29323,0.0,1789592943232,120919437545542
5,29323,0.0,1789592943232,120919437545542
6,29323,0.0,1789592943232,120919437545542
7,29323,0.0,1789592943232,120919437545542
0,29423,0.0,1789592943332,120919439953769
1,29423,0.0,1789592943332,120919439953769
2,29423,0.0,1789592943332,120919439953769
3,29423,0.0,1789592943332,120919439953769
4,29423,0.0,1789592943332,120919439953769
5,29423,0.0,1789592943332,120919439953769
6,29423,0.0,1789592943332,120919439953769
7,29423,0.0,1789592943332,120919439953769
0,29523,0.0,1789592943432,120919442362327
1,29523,0.0,1789592943432,120919442362327
2,29523,0.0,1789592943432,120919442362327
3,29523,0.0,1789592943432,120919442362327
4,29523,0.0,1789592943432,120919442362327
5,29523,0.0,1789592943432,120919442362327
6,29523,0.0,1789592943432,120919442362327
7,29523,0.0,1789592943432,120919442362327
0,29624,0.0,1789592943533,120919444771243
1,29624,0.0,1789592943533,120919444771243
2,29624,0.0,1789592943533,120919444771243
3,29624,0.0,1789592943533,120919444771243
4,29624,0.0,1789592943533,120919444771243
5,29624,0.0,1789592943533,120919444771243
6,29624,0.0,1789592943533,120919444771243
7,29624,0.0,1789592943533,120919444771243
0,29724,0.0,1789592943633,120919447181110
1,29724,0.0,1789592943633,120919447181110
2,29724,0.0,1789592943633,120919447181110
3,29724,0.0,1789592943633,120919447181110
4,29724,0.0,1789592943633,120919447181110
5,29724,0.0,1789592943633,120919447181110
6,29724,0.0,1789592943633,120919447181110
7,29724,9.1,1789592943633,120919447181110
0,29825,0.0,1789592943734,120919449591156
1,29825,0.0,1789592943734,120919449591156
2,29825,0.0,1789592943734,120919449591156
3,29825,0.0,1789592943734,120919449591156
4,29825,0.0,1789592943734,120919449591156
5,29825,0.0,1789592943734,120919449591156
6,29825,0.0,1789592943734,120919449591156
7,29825,0.0,1789592943734,120919449591156
0,29925,0.0,1789592943834,120919452000032
1,29925,0.0,1789592943834,120919452000032
2,29925,0.0,1789592943834,120919452000032
3,29925,0.0,1789592943834,120919452000032
4,29925,0.0,1789592943834,120919452000032
5,29925,0.0,1789592943834,120919452000032
6,29925,0.0,1789592943834,120919452000032
7,29925,0.0,1789592943834,120919452000032
0,30025,0.0,1789592943934,120919454408336
1,30025,0.0,1789592943934,120919454408336
2,30025,0.0,1789592943934,120919454408336
3,30025,0.0,1789592943934,120919454408336
4,30025,0.0,1789592943934,120919454408336
5,30025,0.0,1789592943934,120919454408336
6,30025,0.0,1789592943934,120919454408336
7,30025,0.0,1789592943934,120919454408336
0,30126,0.0,1789592944035,120919456818364
1,30126,0.0,1789592944035,120919456818364
2,30126,0.0,1789592944035,120919456818364
3,30126,0.0,1789592944035,120919456818364
4,30126,0.0,1789592944035,120919456818364
5,30126,0.0,1789592944035,120919456818364
6,30126,0.0,1789592944035,120919456818364
7,30126,10.0,1789592944035,120919456818364
0,30226,0.0,1789592944135,120919459230292
1,30226,10.0,1789592944135,120919459230292
2,30226,30.0,1789592944135,120919459230292
3,30226,20.0,1789592944135,120919459230292
4,30226,0.0,1789592944135,120919459230292
5,30226,0.0,1789592944135,120919459230292
6,30226,0.0,1789592944135,120919459230292
7,30226,0.0,1789592944135,120919459230292
0,30327,0.0,1789592944236,120919461642064
1,30327,0.0,1789592944236,120919461642064
2,30327,33.3,1789592944236,120919461642064
3,30327,22.2,1789592944236,120919461642064
4,30327,0.0,1789592944236,120919461642064
5,30327,0.0,1789592944236,120919461642064
6,30327,0.0,1789592944236,120919461642064
7,30327,9.1,1789592944236,120919461642064
0,30427,18.2,1789592944336,120919464054089
1,30427,10.0,1789592944336,120919464054089
2,30427,10.0,1789592944336,120919464054089
3,30427,9.1,1789592944336,120919464054089
4,30427,0.0,1789592944336,120919464054089
5,30427,10.0,1789592944336,120919464054089
6,30427,18.2,1789592944336,120919464054089
7,30427,12.5,1789592944336,120919464054089
0,30528,0.0,1789592944437,120919466467695
1,30528,0.0,1789592944437,120919466467695
2,30528,0.0,1789592944437,120919466467695
3,30528,20.0,1789592944437,120919466467695
4,30528,9.1,1789592944437,120919466467695
5,30528,0.0,1789592944437,120919466467695
6,30528,0.0,1789592944437,120919466467695
7,30528,9.1,1789592944437,120919466467695
0,30628,0.0,1789592944537,120919468880809
1,30628,0.0,1789592944537,120919468880809
2,30628,0.0,1789592944537,120919468880809
3,30628,0.0,1789592944537,120919468880809
4,30628,0.0,1789592944537,120919468880809
5,30628,0.0,1789592944537,120919468880809
6,30628,0.0,1789592944537,120919468880809
7,30628,9.1,1789592944537,120919468880809
0,30729,0.0,1789592944638,120919471292819
1,30729,0.0,1789592944638,120919471292819
2,30729,0.0,1789592944638,120919471292819
3,30729,0.0,1789592944638,120919471292819
4,30729,0.0,1789592944638,120919471292819
5,30729,0.0,1789592944638,120919471292819
6,30729,0.0,1789592944638,120919471292819
7,30729,0.0,1789592944638,120919471292819
0,30829,0.0,1789592944738,120919473704470
1,30829,0.0,1789592944738,120919473704470
2,30829,0.0,1789592944738,120919473704470
3,30829,0.0,1789592944738,120919473704470
4,30829,9.1,1789592944738,120919473704470
5,30829,0.0,1789592944738,120919473704470
6,30829,0.0,1789592944738,120919473704470
7,30829,0.0,1789592944738,120919473704470
0,30930,0.0,1789592944839,120919476118563
1,30930,10.0,1789592944839,120919476118563
2,30930,0.0,1789592944839,120919476118563
3,30930,0.0,1789592944839,120919476118563
4,30930,0.0,1789592944839,120919476118563
5,30930,0.0,1789592944839,120919476118563
6,30930,0.0,1789592944839,120919476118563
7,30930,0.0,1789592944839,120919476118563
0,31031,0.0,1789592944940,120919478534069
1,31031,0.0,1789592944940,120919478534069
2,31031,10.0,1789592944940,120919478534069
3,31031,0.0,1789592944940,120919478534069
4,31031,0.0,1789592944940,120919478534069
5,31031,0.0,1789592944940,120919478534069
6,31031,0.0,1789592944940,120919478534069
7,31031,25.0,1789592944940,120919478534069
0,31131,0.0,1789592945040,120919480945066
1,31131,0.0,1789592945040,120919480945066
2,31131,0.0,1789592945040,120919480945066
3,31131,0.0,1789592945040,120919480945066
4,31131,0.0,1789592945040,120919480945066
5,31131,0.0,1789592945040,120919480945066
6,31131,0.0,1789592945040,120919480945066
7,31131,0.0,1789592945040,120919480945066
0,31232,10.0,1789592945141,120919483357236
1,31232,18.2,1789592945141,120919483357236
2,31232,10.0,1789592945141,120919483357236
3,31232,0.0,1789592945141,120919483357236
4,31232,0.0,1789592945141,120919483357236
5,31232,36.4,1789592945141,120919483357236
6,31232,0.0,1789592945141,120919483357236
7,31232,10.0,1789592945141,120919483357236
0,31332,0.0,1789592945241,120919485770240
1,31332,0.0,1789592945241,120919485770240
2,31332,0.0,1789592945241,120919485770240
3,31332,44.4,1789592945241,120919485770240
4,31332,0.0,1789592945241,120919485770240
5,31332,20.0,1789592945241,120919485770240
6,31332,0.0,1789592945241,120919485770240
7,31332,0.0,1789592945241,120919485770240
0,31433,0.0,1789592945342,120919488182793
1,31433,0.0,1789592945342,120919488182793
2,31433,9.1,1789592945342,120919488182793
3,31433,36.4,1789592945342,120919488182793
4,31433,10.0,1789592945342,120919488182793
5,31433,0.0,1789592945342,120919488182793
6,31433,0.0,1789592945342,120919488182793
7,31433,11.1,1789592945342,120919488182793
0,31518,11.1,1789592945427,120919490232081
1,31518,12.5,1789592945427,120919490232081
2,31518,0.0,1789592945427,120919490232081
3,31518,0.0,1789592945427,120919490232081
4,31518,0.0,1789592945427,120919490232081
5,31518,0.0,1789592945427,120919490232081
6,31518,0.0,1789592945427,120919490232081
7,31518,0.0,1789592945427,120919490232081
