cpu,t_ms,busy_pct,epoch_ms,rdtime_ticks
0,100,0.0,1789584608533,120719407211526
1,100,0.0,1789584608533,120719407211526
2,100,0.0,1789584608533,120719407211526
3,100,0.0,1789584608533,120719407211526
4,100,0.0,1789584608533,120719407211526
5,100,0.0,1789584608533,120719407211526
6,100,0.0,1789584608533,120719407211526
7,100,0.0,1789584608533,120719407211526
0,201,0.0,1789584608634,120719409624120
1,201,0.0,1789584608634,120719409624120
2,201,0.0,1789584608634,120719409624120
3,201,0.0,1789584608634,120719409624120
4,201,0.0,1789584608634,120719409624120
5,201,0.0,1789584608634,120719409624120
6,201,0.0,1789584608634,120719409624120
7,201,9.1,1789584608634,120719409624120
0,301,0.0,1789584608734,120719412032320
1,301,0.0,1789584608734,120719412032320
2,301,0.0,1789584608734,120719412032320
3,301,0.0,1789584608734,120719412032320
4,301,0.0,1789584608734,120719412032320
5,301,0.0,1789584608734,120719412032320
6,301,0.0,1789584608734,120719412032320
7,301,0.0,1789584608734,120719412032320
0,401,0.0,1789584608834,120719414440355
1,401,0.0,1789584608834,120719414440355
2,401,0.0,1789584608834,120719414440355
3,401,0.0,1789584608834,120719414440355
4,401,0.0,1789584608834,120719414440355
5,401,0.0,1789584608834,120719414440355
6,401,0.0,1789584608834,120719414440355
7,401,0.0,1789584608834,120719414440355
0,502,0.0,1789584608935,120719416848060
1,502,0.0,1789584608935,120719416848060
2,502,0.0,1789584608935,120719416848060
3,502,0.0,1789584608935,120719416848060
4,502,0.0,1789584608935,120719416848060
5,502,0.0,1789584608935,120719416848060
6,502,0.0,1789584608935,120719416848060
7,502,0.0,1789584608935,120719416848060
0,602,10.0,1789584609035,120719419260467
1,602,10.0,1789584609035,120719419260467
2,602,10.0,1789584609035,120719419260467
3,602,25.0,1789584609035,120719419260467
4,602,0.0,1789584609035,120719419260467
5,602,22.2,1789584609035,120719419260467
6,602,10.0,1789584609035,120719419260467
7,602,0.0,1789584609035,120719419260467
0,703,40.0,1789584609136,120719421672111
1,703,0.0,1789584609136,120719421672111
2,703,0.0,1789584609136,120719421672111
3,703,0.0,1789584609136,120719421672111
4,703,0.0,1789584609136,120719421672111
5,703,36.4,1789584609136,120719421672111
6,703,0.0,1789584609136,120719421672111
7,703,0.0,1789584609136,120719421672111
0,803,10.0,1789584609236,120719424084247
1,803,10.0,1789584609236,120719424084247
2,803,10.0,1789584609236,120719424084247
3,803,0.0,1789584609236,120719424084247
4,803,9.1,1789584609236,120719424084247
5,803,18.2,1789584609236,120719424084247
6,803,18.2,1789584609236,120719424084247
7,803,0.0,1789584609236,120719424084247
0,905,0.0,1789584609338,120719426520594
1,905,0.0,1789584609338,120719426520594
2,905,9.1,1789584609338,120719426520594
3,905,0.0,1789584609338,120719426520594
4,905,11.1,1789584609338,120719426520594
5,905,10.0,1789584609338,120719426520594
6,905,10.0,1789584609338,120719426520594
7,905,0.0,1789584609338,120719426520594
0,1005,0.0,1789584609438,120719428931804
1,1005,0.0,1789584609438,120719428931804
2,1005,0.0,1789584609438,120719428931804
3,1005,0.0,1789584609438,120719428931804
4,1005,0.0,1789584609438,120719428931804
5,1005,0.0,1789584609438,120719428931804
6,1005,0.0,1789584609438,120719428931804
7,1005,0.0,1789584609438,120719428931804
0,1106,0.0,1789584609539,120719431340961
1,1106,0.0,1789584609539,120719431340961
2,1106,0.0,1789584609539,120719431340961
3,1106,0.0,1789584609539,120719431340961
4,1106,0.0,1789584609539,120719431340961
5,1106,0.0,1789584609539,120719431340961
6,1106,0.0,1789584609539,120719431340961
7,1106,0.0,1789584609539,120719431340961
0,1206,0.0,1789584609639,120719433750149
1,1206,0.0,1789584609639,120719433750149
2,1206,0.0,1789584609639,120719433750149
3,1206,0.0,1789584609639,120719433750149
4,1206,0.0,1789584609639,120719433750149
5,1206,0.0,1789584609639,120719433750149
6,1206,0.0,1789584609639,120719433750149
7,1206,9.1,1789584609639,120719433750149
0,1306,0.0,1789584609739,120719436157959
1,1306,0.0,1789584609739,120719436157959
2,1306,0.0,1789584609739,120719436157959
3,1306,0.0,1789584609739,120719436157959
4,1306,0.0,1789584609739,120719436157959
5,1306,0.0,1789584609739,120719436157959
6,1306,0.0,1789584609739,120719436157959
7,1306,0.0,1789584609739,120719436157959
0,1407,0.0,1789584609840,120719438567686
1,1407,0.0,1789584609840,120719438567686
2,1407,0.0,1789584609840,120719438567686
3,1407,0.0,1789584609840,120719438567686
4,1407,0.0,1789584609840,120719438567686
5,1407,0.0,1789584609840,120719438567686
6,1407,0.0,1789584609840,120719438567686
7,1407,0.0,1789584609840,120719438567686
0,1507,0.0,1789584609940,120719440975693
1,1507,0.0,1789584609940,120719440975693
2,1507,0.0,1789584609940,120719440975693
3,1507,0.0,1789584609940,120719440975693
4,1507,0.0,1789584609940,120719440975693
5,1507,0.0,1789584609940,120719440975693
6,1507,0.0,1789584609940,120719440975693
7,1507,0.0,1789584609940,120719440975693
0,1607,0.0,1789584610040,120719443383187
1,1607,0.0,1789584610040,120719443383187
2,1607,0.0,1789584610040,120719443383187
3,1607,0.0,1789584610040,120719443383187
4,1607,0.0,1789584610040,120719443383187
5,1607,0.0,1789584610040,120719443383187
6,1607,0.0,1789584610040,120719443383187
7,1607,0.0,1789584610040,120719443383187
0,1708,0.0,1789584610141,120719445793145
1,1708,0.0,1789584610141,120719445793145
2,1708,0.0,1789584610141,120719445793145
3,1708,0.0,1789584610141,120719445793145
4,1708,9.1,1789584610141,120719445793145
5,1708,0.0,1789584610141,120719445793145
6,1708,0.0,1789584610141,120719445793145
7,1708,0.0,1789584610141,120719445793145
0,1808,0.0,1789584610241,120719448204794
1,1808,0.0,1789584610241,120719448204794
2,1808,0.0,1789584610241,120719448204794
3,1808,0.0,1789584610241,120719448204794
4,1808,0.0,1789584610241,120719448204794
5,1808,0.0,1789584610241,120719448204794
6,1808,0.0,1789584610241,120719448204794
7,1808,0.0,1789584610241,120719448204794
0,1909,10.0,1789584610342,120719450615780
1,1909,0.0,1789584610342,120719450615780
2,1909,0.0,1789584610342,120719450615780
3,1909,0.0,1789584610342,120719450615780
4,1909,0.0,1789584610342,120719450615780
5,1909,0.0,1789584610342,120719450615780
6,1909,0.0,1789584610342,120719450615780
7,1909,0.0,1789584610342,120719450615780
0,2009,0.0,1789584610442,120719453024786
1,2009,0.0,1789584610442,120719453024786
2,2009,0.0,1789584610442,120719453024786
3,2009,0.0,1789584610442,120719453024786
4,2009,0.0,1789584610442,120719453024786
5,2009,0.0,1789584610442,120719453024786
6,2009,0.0,1789584610442,120719453024786
7,2009,0.0,1789584610442,120719453024786
0,2109,0.0,1789584610542,120719455433029
1,2109,0.0,1789584610542,120719455433029
2,2109,0.0,1789584610542,120719455433029
3,2109,0.0,1789584610542,120719455433029
4,2109,0.0,1789584610542,120719455433029
5,2109,0.0,1789584610542,120719455433029
6,2109,0.0,1789584610542,120719455433029
7,2109,0.0,1789584610542,120719455433029
0,2210,0.0,1789584610643,120719457841232
1,2210,0.0,1789584610643,120719457841232
2,2210,0.0,1789584610643,120719457841232
3,2210,0.0,1789584610643,120719457841232
4,2210,0.0,1789584610643,120719457841232
5,2210,0.0,1789584610643,120719457841232
6,2210,0.0,1789584610643,120719457841232
7,2210,0.0,1789584610643,120719457841232
0,2310,0.0,1789584610743,120719460249241
1,2310,0.0,1789584610743,120719460249241
2,2310,0.0,1789584610743,120719460249241
3,2310,0.0,1789584610743,120719460249241
4,2310,0.0,1789584610743,120719460249241
5,2310,0.0,1789584610743,120719460249241
6,2310,0.0,1789584610743,120719460249241
7,2310,0.0,1789584610743,120719460249241
0,2410,0.0,1789584610843,120719462657199
1,2410,0.0,1789584610843,120719462657199
2,2410,0.0,1789584610843,120719462657199
3,2410,0.0,1789584610843,120719462657199
4,2410,0.0,1789584610843,120719462657199
5,2410,0.0,1789584610843,120719462657199
6,2410,0.0,1789584610843,120719462657199
7,2410,0.0,1789584610843,120719462657199
0,2511,0.0,1789584610944,120719465065239
1,2511,0.0,1789584610944,120719465065239
2,2511,0.0,1789584610944,120719465065239
3,2511,0.0,1789584610944,120719465065239
4,2511,0.0,1789584610944,120719465065239
5,2511,0.0,1789584610944,120719465065239
6,2511,0.0,1789584610944,120719465065239
7,2511,0.0,1789584610944,120719465065239
0,2611,0.0,1789584611044,120719467473254
1,2611,0.0,1789584611044,120719467473254
2,2611,0.0,1789584611044,120719467473254
3,2611,0.0,1789584611044,120719467473254
4,2611,0.0,1789584611044,120719467473254
5,2611,0.0,1789584611044,120719467473254
6,2611,0.0,1789584611044,120719467473254
7,2611,0.0,1789584611044,120719467473254
0,2711,0.0,1789584611144,120719469882230
1,2711,0.0,1789584611144,120719469882230
2,2711,0.0,1789584611144,120719469882230
3,2711,0.0,1789584611144,120719469882230
4,2711,0.0,1789584611144,120719469882230
5,2711,0.0,1789584611144,120719469882230
6,2711,0.0,1789584611144,120719469882230
7,2711,0.0,1789584611144,120719469882230
0,2812,0.0,1789584611245,120719472289923
1,2812,0.0,1789584611245,120719472289923
2,2812,0.0,1789584611245,120719472289923
3,2812,0.0,1789584611245,120719472289923
4,2812,0.0,1789584611245,120719472289923
5,2812,0.0,1789584611245,120719472289923
6,2812,0.0,1789584611245,120719472289923
7,2812,0.0,1789584611245,120719472289923
0,2912,0.0,1789584611345,120719474697445
1,2912,0.0,1789584611345,120719474697445
2,2912,0.0,1789584611345,120719474697445
3,2912,0.0,1789584611345,120719474697445
4,2912,0.0,1789584611345,120719474697445
5,2912,0.0,1789584611345,120719474697445
6,2912,0.0,1789584611345,120719474697445
7,2912,0.0,1789584611345,120719474697445
0,3012,0.0,1789584611445,120719477105104
1,3012,0.0,1789584611445,120719477105104
2,3012,0.0,1789584611445,120719477105104
3,3012,0.0,1789584611445,120719477105104
4,3012,0.0,1789584611445,120719477105104
5,3012,0.0,1789584611445,120719477105104
6,3012,0.0,1789584611445,120719477105104
7,3012,0.0,1789584611445,120719477105104
0,3113,0.0,1789584611546,120719479512832
1,3113,0.0,1789584611546,120719479512832
2,3113,0.0,1789584611546,120719479512832
3,3113,0.0,1789584611546,120719479512832
4,3113,0.0,1789584611546,120719479512832
5,3113,0.0,1789584611546,120719479512832
6,3113,0.0,1789584611546,120719479512832
7,3113,0.0,1789584611546,120719479512832
0,3213,0.0,1789584611646,120719481920554
1,3213,0.0,1789584611646,120719481920554
2,3213,0.0,1789584611646,120719481920554
3,3213,0.0,1789584611646,120719481920554
4,3213,0.0,1789584611646,120719481920554
5,3213,0.0,1789584611646,120719481920554
6,3213,0.0,1789584611646,120719481920554
7,3213,0.0,1789584611646,120719481920554
0,3313,0.0,1789584611746,120719484328011
1,3313,0.0,1789584611746,120719484328011
2,3313,0.0,1789584611746,120719484328011
3,3313,0.0,1789584611746,120719484328011
4,3313,0.0,1789584611746,120719484328011
5,3313,0.0,1789584611746,120719484328011
6,3313,0.0,1789584611746,120719484328011
7,3313,0.0,1789584611746,120719484328011
0,3414,0.0,1789584611847,120719486735733
1,3414,0.0,1789584611847,120719486735733
2,3414,0.0,1789584611847,120719486735733
3,3414,0.0,1789584611847,120719486735733
4,3414,0.0,1789584611847,120719486735733
5,3414,0.0,1789584611847,120719486735733
6,3414,0.0,1789584611847,120719486735733
7,3414,0.0,1789584611847,120719486735733
0,3514,0.0,1789584611947,120719489144283
1,3514,0.0,1789584611947,120719489144283
2,3514,0.0,1789584611947,120719489144283
3,3514,0.0,1789584611947,120719489144283
4,3514,0.0,1789584611947,120719489144283
5,3514,0.0,1789584611947,120719489144283
6,3514,0.0,1789584611947,120719489144283
7,3514,0.0,1789584611947,120719489144283
0,3614,0.0,1789584612047,120719491552036
1,3614,0.0,1789584612047,120719491552036
2,3614,0.0,1789584612047,120719491552036
3,3614,0.0,1789584612047,120719491552036
4,3614,0.0,1789584612047,120719491552036
5,3614,0.0,1789584612047,120719491552036
6,3614,0.0,1789584612047,120719491552036
7,3614,0.0,1789584612047,120719491552036
0,3715,0.0,1789584612148,120719493959560
1,3715,0.0,1789584612148,120719493959560
2,3715,0.0,1789584612148,120719493959560
3,3715,0.0,1789584612148,120719493959560
4,3715,0.0,1789584612148,120719493959560
5,3715,0.0,1789584612148,120719493959560
6,3715,0.0,1789584612148,120719493959560
7,3715,0.0,1789584612148,120719493959560
0,3815,0.0,1789584612248,120719496366875
1,3815,0.0,1789584612248,120719496366875
2,3815,0.0,1789584612248,120719496366875
3,3815,0.0,1789584612248,120719496366875
4,3815,0.0,1789584612248,120719496366875
5,3815,0.0,1789584612248,120719496366875
6,3815,0.0,1789584612248,120719496366875
7,3815,0.0,1789584612248,120719496366875
0,3915,0.0,1789584612348,120719498776934
1,3915,0.0,1789584612348,120719498776934
2,3915,0.0,1789584612348,120719498776934
3,3915,0.0,1789584612348,120719498776934
4,3915,0.0,1789584612348,120719498776934
5,3915,0.0,1789584612348,120719498776934
6,3915,0.0,1789584612348,120719498776934
7,3915,0.0,1789584612348,120719498776934
0,4016,0.0,1789584612449,120719501185372
1,4016,0.0,1789584612449,120719501185372
2,4016,0.0,1789584612449,120719501185372
3,4016,0.0,1789584612449,120719501185372
4,4016,0.0,1789584612449,120719501185372
5,4016,0.0,1789584612449,120719501185372
6,4016,0.0,1789584612449,120719501185372
7,4016,0.0,1789584612449,120719501185372
0,4116,0.0,1789584612549,120719503594054
1,4116,0.0,1789584612549,120719503594054
2,4116,0.0,1789584612549,120719503594054
3,4116,0.0,1789584612549,120719503594054
4,4116,0.0,1789584612549,120719503594054
5,4116,0.0,1789584612549,120719503594054
6,4116,0.0,1789584612549,120719503594054
7,4116,0.0,1789584612549,120719503594054
0,4217,0.0,1789584612650,120719506002629
1,4217,0.0,1789584612650,120719506002629
2,4217,0.0,1789584612650,120719506002629
3,4217,0.0,1789584612650,120719506002629
4,4217,0.0,1789584612650,120719506002629
5,4217,0.0,1789584612650,120719506002629
6,4217,0.0,1789584612650,120719506002629
7,4217,9.1,1789584612650,120719506002629
0,4317,0.0,1789584612750,120719508410592
1,4317,0.0,1789584612750,120719508410592
2,4317,0.0,1789584612750,120719508410592
3,4317,0.0,1789584612750,120719508410592
4,4317,0.0,1789584612750,120719508410592
5,4317,0.0,1789584612750,120719508410592
6,4317,0.0,1789584612750,120719508410592
7,4317,0.0,1789584612750,120719508410592
0,4417,0.0,1789584612850,120719510821404
1,4417,0.0,1789584612850,120719510821404
2,4417,0.0,1789584612850,120719510821404
3,4417,0.0,1789584612850,120719510821404
4,4417,0.0,1789584612850,120719510821404
5,4417,0.0,1789584612850,120719510821404
6,4417,0.0,1789584612850,120719510821404
7,4417,0.0,1789584612850,120719510821404
0,4518,0.0,1789584612951,120719513232223
1,4518,0.0,1789584612951,120719513232223
2,4518,0.0,1789584612951,120719513232223
3,4518,0.0,1789584612951,120719513232223
4,4518,0.0,1789584612951,120719513232223
5,4518,0.0,1789584612951,120719513232223
6,4518,0.0,1789584612951,120719513232223
7,4518,0.0,1789584612951,120719513232223
0,4618,0.0,1789584613051,120719515640104
1,4618,0.0,1789584613051,120719515640104
2,4618,0.0,1789584613051,120719515640104
3,4618,0.0,1789584613051,120719515640104
4,4618,0.0,1789584613051,120719515640104
5,4618,0.0,1789584613051,120719515640104
6,4618,0.0,1789584613051,120719515640104
7,4618,0.0,1789584613051,120719515640104
0,4719,0.0,1789584613152,120719518051008
1,4719,0.0,1789584613152,120719518051008
2,4719,0.0,1789584613152,120719518051008
3,4719,0.0,1789584613152,120719518051008
4,4719,0.0,1789584613152,120719518051008
5,4719,0.0,1789584613152,120719518051008
6,4719,9.1,1789584613152,120719518051008
7,4719,0.0,1789584613152,120719518051008
0,4819,0.0,1789584613252,120719520461015
1,4819,0.0,1789584613252,120719520461015
2,4819,0.0,1789584613252,120719520461015
3,4819,0.0,1789584613252,120719520461015
4,4819,0.0,1789584613252,120719520461015
5,4819,0.0,1789584613252,120719520461015
6,4819,0.0,1789584613252,120719520461015
7,4819,0.0,1789584613252,120719520461015
0,4919,0.0,1789584613352,120719522869355
1,4919,0.0,1789584613352,120719522869355
2,4919,0.0,1789584613352,120719522869355
3,4919,0.0,1789584613352,120719522869355
4,4919,0.0,1789584613352,120719522869355
5,4919,0.0,1789584613352,120719522869355
6,4919,0.0,1789584613352,120719522869355
7,4919,0.0,1789584613352,120719522869355
0,5020,0.0,1789584613453,120719525277463
1,5020,0.0,1789584613453,120719525277463
2,5020,0.0,1789584613453,120719525277463
3,5020,0.0,1789584613453,120719525277463
4,5020,0.0,1789584613453,120719525277463
5,5020,0.0,1789584613453,120719525277463
6,5020,0.0,1789584613453,120719525277463
7,5020,0.0,1789584613453,120719525277463
0,5120,0.0,1789584613553,120719527688557
1,5120,0.0,1789584613553,120719527688557
2,5120,0.0,1789584613553,120719527688557
3,5120,0.0,1789584613553,120719527688557
4,5120,0.0,1789584613553,120719527688557
5,5120,0.0,1789584613553,120719527688557
6,5120,0.0,1789584613553,120719527688557
7,5120,0.0,1789584613553,120719527688557
0,5220,0.0,1789584613653,120719530097071
1,5220,0.0,1789584613653,120719530097071
2,5220,0.0,1789584613653,120719530097071
3,5220,0.0,1789584613653,120719530097071
4,5220,0.0,1789584613653,120719530097071
5,5220,0.0,1789584613653,120719530097071
6,5220,0.0,1789584613653,120719530097071
7,5220,0.0,1789584613653,120719530097071
0,5321,0.0,1789584613754,120719532504742
1,5321,0.0,1789584613754,120719532504742
2,5321,0.0,1789584613754,120719532504742
3,5321,0.0,1789584613754,120719532504742
4,5321,0.0,1789584613754,120719532504742
5,5321,0.0,1789584613754,120719532504742
6,5321,0.0,1789584613754,120719532504742
7,5321,0.0,1789584613754,120719532504742
0,5421,0.0,1789584613854,120719534914361
1,5421,0.0,1789584613854,120719534914361
2,5421,0.0,1789584613854,120719534914361
3,5421,0.0,1789584613854,120719534914361
4,5421,0.0,1789584613854,120719534914361
5,5421,0.0,1789584613854,120719534914361
6,5421,0.0,1789584613854,120719534914361
7,5421,0.0,1789584613854,120719534914361
0,5522,0.0,1789584613955,120719537323321
1,5522,0.0,1789584613955,120719537323321
2,5522,0.0,1789584613955,120719537323321
3,5522,0.0,1789584613955,120719537323321
4,5522,0.0,1789584613955,120719537323321
5,5522,0.0,1789584613955,120719537323321
6,5522,0.0,1789584613955,120719537323321
7,5522,0.0,1789584613955,120719537323321
0,5622,0.0,1789584614055,120719539732375
1,5622,0.0,1789584614055,120719539732375
2,5622,0.0,1789584614055,120719539732375
3,5622,0.0,1789584614055,120719539732375
4,5622,0.0,1789584614055,120719539732375
5,5622,0.0,1789584614055,120719539732375
6,5622,0.0,1789584614055,120719539732375
7,5622,0.0,1789584614055,120719539732375
0,5722,0.0,1789584614155,120719542140416
1,5722,0.0,1789584614155,120719542140416
2,5722,0.0,1789584614155,120719542140416
3,5722,9.1,1789584614155,120719542140416
4,5722,0.0,1789584614155,120719542140416
5,5722,0.0,1789584614155,120719542140416
6,5722,0.0,1789584614155,120719542140416
7,5722,0.0,1789584614155,120719542140416
0,5823,0.0,1789584614256,120719544548202
1,5823,0.0,1789584614256,120719544548202
2,5823,0.0,1789584614256,120719544548202
3,5823,0.0,1789584614256,120719544548202
4,5823,0.0,1789584614256,120719544548202
5,5823,0.0,1789584614256,120719544548202
6,5823,0.0,1789584614256,120719544548202
7,5823,0.0,1789584614256,120719544548202
0,5923,9.1,1789584614356,120719546957804
1,5923,0.0,1789584614356,120719546957804
2,5923,0.0,1789584614356,120719546957804
3,5923,0.0,1789584614356,120719546957804
4,5923,0.0,1789584614356,120719546957804
5,5923,0.0,1789584614356,120719546957804
6,5923,0.0,1789584614356,120719546957804
7,5923,0.0,1789584614356,120719546957804
0,6023,0.0,1789584614456,120719549366556
1,6023,0.0,1789584614456,120719549366556
2,6023,0.0,1789584614456,120719549366556
3,6023,0.0,1789584614456,120719549366556
4,6023,0.0,1789584614456,120719549366556
5,6023,0.0,1789584614456,120719549366556
6,6023,0.0,1789584614456,120719549366556
7,6023,0.0,1789584614456,120719549366556
0,6124,0.0,1789584614557,120719551775272
1,6124,0.0,1789584614557,120719551775272
2,6124,0.0,1789584614557,120719551775272
3,6124,0.0,1789584614557,120719551775272
4,6124,0.0,1789584614557,120719551775272
5,6124,0.0,1789584614557,120719551775272
6,6124,0.0,1789584614557,120719551775272
7,6124,0.0,1789584614557,120719551775272
0,6224,0.0,1789584614657,120719554183538
1,6224,0.0,1789584614657,120719554183538
2,6224,0.0,1789584614657,120719554183538
3,6224,0.0,1789584614657,120719554183538
4,6224,0.0,1789584614657,120719554183538
5,6224,0.0,1789584614657,120719554183538
6,6224,0.0,1789584614657,120719554183538
7,6224,0.0,1789584614657,120719554183538
0,6324,0.0,1789584614757,120719556591292
1,6324,0.0,1789584614757,120719556591292
2,6324,0.0,1789584614757,120719556591292
3,6324,0.0,1789584614757,120719556591292
4,6324,0.0,1789584614757,120719556591292
5,6324,0.0,1789584614757,120719556591292
6,6324,0.0,1789584614757,120719556591292
7,6324,0.0,1789584614757,120719556591292
0,6425,0.0,1789584614858,120719559000390
1,6425,0.0,1789584614858,120719559000390
2,6425,0.0,1789584614858,120719559000390
3,6425,0.0,1789584614858,120719559000390
4,6425,0.0,1789584614858,120719559000390
5,6425,0.0,1789584614858,120719559000390
6,6425,0.0,1789584614858,120719559000390
7,6425,0.0,1789584614858,120719559000390
0,6525,0.0,1789584614958,120719561408363
1,6525,0.0,1789584614958,120719561408363
2,6525,0.0,1789584614958,120719561408363
3,6525,0.0,1789584614958,120719561408363
4,6525,0.0,1789584614958,120719561408363
5,6525,0.0,1789584614958,120719561408363
6,6525,0.0,1789584614958,120719561408363
7,6525,0.0,1789584614958,120719561408363
0,6625,0.0,1789584615058,120719563815983
1,6625,0.0,1789584615058,120719563815983
2,6625,0.0,1789584615058,120719563815983
3,6625,0.0,1789584615058,120719563815983
4,6625,0.0,1789584615058,120719563815983
5,6625,0.0,1789584615058,120719563815983
6,6625,0.0,1789584615058,120719563815983
7,6625,0.0,1789584615058,120719563815983
0,6726,0.0,1789584615159,120719566223550
1,6726,0.0,1789584615159,120719566223550
2,6726,0.0,1789584615159,120719566223550
3,6726,0.0,1789584615159,120719566223550
4,6726,0.0,1789584615159,120719566223550
5,6726,0.0,1789584615159,120719566223550
6,6726,0.0,1789584615159,120719566223550
7,6726,0.0,1789584615159,120719566223550
0,6826,0.0,1789584615259,120719568630942
1,6826,0.0,1789584615259,120719568630942
2,6826,0.0,1789584615259,120719568630942
3,6826,0.0,1789584615259,120719568630942
4,6826,0.0,1789584615259,120719568630942
5,6826,0.0,1789584615259,120719568630942
6,6826,0.0,1789584615259,120719568630942
7,6826,9.1,1789584615259,120719568630942
0,6926,0.0,1789584615359,120719571038405
1,6926,0.0,1789584615359,120719571038405
2,6926,0.0,1789584615359,120719571038405
3,6926,0.0,1789584615359,120719571038405
4,6926,0.0,1789584615359,120719571038405
5,6926,0.0,1789584615359,120719571038405
6,6926,0.0,1789584615359,120719571038405
7,6926,0.0,1789584615359,120719571038405
0,7027,0.0,1789584615460,120719573446012
1,7027,0.0,1789584615460,120719573446012
2,7027,0.0,1789584615460,120719573446012
3,7027,0.0,1789584615460,120719573446012
4,7027,0.0,1789584615460,120719573446012
5,7027,0.0,1789584615460,120719573446012
6,7027,0.0,1789584615460,120719573446012
7,7027,0.0,1789584615460,120719573446012
0,7127,0.0,1789584615560,120719575853243
1,7127,0.0,1789584615560,120719575853243
2,7127,0.0,1789584615560,120719575853243
3,7127,0.0,1789584615560,120719575853243
4,7127,0.0,1789584615560,120719575853243
5,7127,0.0,1789584615560,120719575853243
6,7127,0.0,1789584615560,120719575853243
7,7127,0.0,1789584615560,120719575853243
0,7227,0.0,1789584615660,120719578260613
1,7227,0.0,1789584615660,120719578260613
2,7227,0.0,1789584615660,120719578260613
3,7227,0.0,1789584615660,120719578260613
4,7227,0.0,1789584615660,120719578260613
5,7227,0.0,1789584615660,120719578260613
6,7227,0.0,1789584615660,120719578260613
7,7227,0.0,1789584615660,120719578260613
0,7328,0.0,1789584615761,120719580667842
1,7328,0.0,1789584615761,120719580667842
2,7328,0.0,1789584615761,120719580667842
3,7328,0.0,1789584615761,120719580667842
4,7328,0.0,1789584615761,120719580667842
5,7328,0.0,1789584615761,120719580667842
6,7328,0.0,1789584615761,120719580667842
7,7328,0.0,1789584615761,120719580667842
0,7428,0.0,1789584615861,120719583075302
1,7428,0.0,1789584615861,120719583075302
2,7428,0.0,1789584615861,120719583075302
3,7428,0.0,1789584615861,120719583075302
4,7428,0.0,1789584615861,120719583075302
5,7428,0.0,1789584615861,120719583075302
6,7428,0.0,1789584615861,120719583075302
7,7428,0.0,1789584615861,120719583075302
0,7528,0.0,1789584615961,120719585482939
1,7528,0.0,1789584615961,120719585482939
2,7528,0.0,1789584615961,120719585482939
3,7528,0.0,1789584615961,120719585482939
4,7528,0.0,1789584615961,120719585482939
5,7528,0.0,1789584615961,120719585482939
6,7528,0.0,1789584615961,120719585482939
7,7528,0.0,1789584615961,120719585482939
0,7629,0.0,1789584616062,120719587891707
1,7629,0.0,1789584616062,120719587891707
2,7629,0.0,1789584616062,120719587891707
3,7629,0.0,1789584616062,120719587891707
4,7629,0.0,1789584616062,120719587891707
5,7629,0.0,1789584616062,120719587891707
6,7629,0.0,1789584616062,120719587891707
7,7629,0.0,1789584616062,120719587891707
0,7729,0.0,1789584616162,120719590302328
1,7729,0.0,1789584616162,120719590302328
2,7729,0.0,1789584616162,120719590302328
3,7729,0.0,1789584616162,120719590302328
4,7729,0.0,1789584616162,120719590302328
5,7729,0.0,1789584616162,120719590302328
6,7729,0.0,1789584616162,120719590302328
7,7729,0.0,1789584616162,120719590302328
0,7830,0.0,1789584616263,120719592712152
1,7830,0.0,1789584616263,120719592712152
2,7830,0.0,1789584616263,120719592712152
3,7830,0.0,1789584616263,120719592712152
4,7830,0.0,1789584616263,120719592712152
5,7830,0.0,1789584616263,120719592712152
6,7830,0.0,1789584616263,120719592712152
7,7830,0.0,1789584616263,120719592712152
0,7930,0.0,1789584616363,120719595122844
1,7930,0.0,1789584616363,120719595122844
2,7930,0.0,1789584616363,120719595122844
3,7930,0.0,1789584616363,120719595122844
4,7930,0.0,1789584616363,120719595122844
5,7930,0.0,1789584616363,120719595122844
6,7930,0.0,1789584616363,120719595122844
7,7930,0.0,1789584616363,120719595122844
0,8030,0.0,1789584616463,120719597531795
1,8030,0.0,1789584616463,120719597531795
2,8030,0.0,1789584616463,120719597531795
3,8030,9.1,1789584616463,120719597531795
4,8030,0.0,1789584616463,120719597531795
5,8030,0.0,1789584616463,120719597531795
6,8030,0.0,1789584616463,120719597531795
7,8030,0.0,1789584616463,120719597531795
0,8131,0.0,1789584616564,120719599940137
1,8131,0.0,1789584616564,120719599940137
2,8131,0.0,1789584616564,120719599940137
3,8131,0.0,1789584616564,120719599940137
4,8131,0.0,1789584616564,120719599940137
5,8131,0.0,1789584616564,120719599940137
6,8131,0.0,1789584616564,120719599940137
7,8131,0.0,1789584616564,120719599940137
0,8231,0.0,1789584616664,120719602349088
1,8231,0.0,1789584616664,120719602349088
2,8231,0.0,1789584616664,120719602349088
3,8231,0.0,1789584616664,120719602349088
4,8231,0.0,1789584616664,120719602349088
5,8231,0.0,1789584616664,120719602349088
6,8231,0.0,1789584616664,120719602349088
7,8231,0.0,1789584616664,120719602349088
0,8331,0.0,1789584616764,120719604757514
1,8331,0.0,1789584616764,120719604757514
2,8331,0.0,1789584616764,120719604757514
3,8331,0.0,1789584616764,120719604757514
4,8331,0.0,1789584616764,120719604757514
5,8331,0.0,1789584616764,120719604757514
6,8331,0.0,1789584616764,120719604757514
7,8331,0.0,1789584616764,120719604757514
0,8432,0.0,1789584616865,120719607165782
1,8432,0.0,1789584616865,120719607165782
2,8432,0.0,1789584616865,120719607165782
3,8432,0.0,1789584616865,120719607165782
4,8432,0.0,1789584616865,120719607165782
5,8432,0.0,1789584616865,120719607165782
6,8432,0.0,1789584616865,120719607165782
7,8432,0.0,1789584616865,120719607165782
0,8532,0.0,1789584616965,120719609574097
1,8532,0.0,1789584616965,120719609574097
2,8532,0.0,1789584616965,120719609574097
3,8532,0.0,1789584616965,120719609574097
4,8532,0.0,1789584616965,120719609574097
5,8532,0.0,1789584616965,120719609574097
6,8532,0.0,1789584616965,120719609574097
7,8532,0.0,1789584616965,120719609574097
0,8632,0.0,1789584617065,120719611982142
1,8632,0.0,1789584617065,120719611982142
2,8632,0.0,1789584617065,120719611982142
3,8632,0.0,1789584617065,120719611982142
4,8632,0.0,1789584617065,120719611982142
5,8632,0.0,1789584617065,120719611982142
6,8632,0.0,1789584617065,120719611982142
7,8632,0.0,1789584617065,120719611982142
0,8733,0.0,1789584617166,120719614390069
1,8733,0.0,1789584617166,120719614390069
2,8733,0.0,1789584617166,120719614390069
3,8733,0.0,1789584617166,120719614390069
4,8733,0.0,1789584617166,120719614390069
5,8733,0.0,1789584617166,120719614390069
6,8733,0.0,1789584617166,120719614390069
7,8733,0.0,1789584617166,120719614390069
0,8833,0.0,1789584617266,120719616797558
1,8833,0.0,1789584617266,120719616797558
2,8833,0.0,1789584617266,120719616797558
3,8833,0.0,1789584617266,120719616797558
4,8833,0.0,1789584617266,120719616797558
5,8833,0.0,1789584617266,120719616797558
6,8833,0.0,1789584617266,120719616797558
7,8833,0.0,1789584617266,120719616797558
0,8933,0.0,1789584617366,120719619206155
1,8933,0.0,1789584617366,120719619206155
2,8933,0.0,1789584617366,120719619206155
3,8933,0.0,1789584617366,120719619206155
4,8933,0.0,1789584617366,120719619206155
5,8933,0.0,1789584617366,120719619206155
6,8933,0.0,1789584617366,120719619206155
7,8933,0.0,1789584617366,120719619206155
0,9034,0.0,1789584617467,120719621613930
1,9034,0.0,1789584617467,120719621613930
2,9034,0.0,1789584617467,120719621613930
3,9034,0.0,1789584617467,120719621613930
4,9034,0.0,1789584617467,120719621613930
5,9034,0.0,1789584617467,120719621613930
6,9034,0.0,1789584617467,120719621613930
7,9034,0.0,1789584617467,120719621613930
0,9134,0.0,1789584617567,120719624021596
1,9134,0.0,1789584617567,120719624021596
2,9134,0.0,1789584617567,120719624021596
3,9134,0.0,1789584617567,120719624021596
4,9134,0.0,1789584617567,120719624021596
5,9134,0.0,1789584617567,120719624021596
6,9134,0.0,1789584617567,120719624021596
7,9134,0.0,1789584617567,120719624021596
0,9234,0.0,1789584617667,120719626429186
1,9234,0.0,1789584617667,120719626429186
2,9234,0.0,1789584617667,120719626429186
3,9234,0.0,1789584617667,120719626429186
4,9234,0.0,1789584617667,120719626429186
5,9234,0.0,1789584617667,120719626429186
6,9234,0.0,1789584617667,120719626429186
7,9234,0.0,1789584617667,120719626429186
0,9335,0.0,1789584617768,120719628836659
1,9335,0.0,1789584617768,120719628836659
2,9335,0.0,1789584617768,120719628836659
3,9335,0.0,1789584617768,120719628836659
4,9335,0.0,1789584617768,120719628836659
5,9335,0.0,1789584617768,120719628836659
6,9335,0.0,1789584617768,120719628836659
7,9335,0.0,1789584617768,120719628836659
0,9435,0.0,1789584617868,120719631244263
1,9435,0.0,1789584617868,120719631244263
2,9435,0.0,1789584617868,120719631244263
3,9435,0.0,1789584617868,120719631244263
4,9435,0.0,1789584617868,120719631244263
5,9435,0.0,1789584617868,120719631244263
6,9435,0.0,1789584617868,120719631244263
7,9435,0.0,1789584617868,120719631244263
0,9535,0.0,1789584617968,120719633654403
1,9535,0.0,1789584617968,120719633654403
2,9535,0.0,1789584617968,120719633654403
3,9535,0.0,1789584617968,120719633654403
4,9535,0.0,1789584617968,120719633654403
5,9535,0.0,1789584617968,120719633654403
6,9535,0.0,1789584617968,120719633654403
7,9535,0.0,1789584617968,120719633654403
0,9636,0.0,1789584618069,120719636063363
1,9636,0.0,1789584618069,120719636063363
2,9636,0.0,1789584618069,120719636063363
3,9636,0.0,1789584618069,120719636063363
4,9636,0.0,1789584618069,120719636063363
5,9636,0.0,1789584618069,120719636063363
6,9636,0.0,1789584618069,120719636063363
7,9636,0.0,1789584618069,120719636063363
0,9736,0.0,1789584618169,120719638470897
1,9736,0.0,1789584618169,120719638470897
2,9736,0.0,1789584618169,120719638470897
3,9736,0.0,1789584618169,120719638470897
4,9736,0.0,1789584618169,120719638470897
5,9736,0.0,1789584618169,120719638470897
6,9736,0.0,1789584618169,120719638470897
7,9736,0.0,1789584618169,120719638470897
0,9836,0.0,1789584618269,120719640878557
1,9836,0.0,1789584618269,120719640878557
2,9836,0.0,1789584618269,120719640878557
3,9836,0.0,1789584618269,120719640878557
4,9836,0.0,1789584618269,120719640878557
5,9836,0.0,1789584618269,120719640878557
6,9836,0.0,1789584618269,120719640878557
7,9836,0.0,1789584618269,120719640878557
0,9937,0.0,1789584618370,120719643287779
1,9937,0.0,1789584618370,120719643287779
2,9937,0.0,1789584618370,120719643287779
3,9937,0.0,1789584618370,120719643287779
4,9937,0.0,1789584618370,120719643287779
5,9937,0.0,1789584618370,120719643287779
6,9937,0.0,1789584618370,120719643287779
7,9937,0.0,1789584618370,120719643287779
0,10037,0.0,1789584618470,120719645696292
1,10037,0.0,1789584618470,120719645696292
2,10037,0.0,1789584618470,120719645696292
3,10037,0.0,1789584618470,120719645696292
4,10037,0.0,1789584618470,120719645696292
5,10037,0.0,1789584618470,120719645696292
6,10037,0.0,1789584618470,120719645696292
7,10037,0.0,1789584618470,120719645696292
0,10138,0.0,1789584618571,120719648105096
1,10138,0.0,1789584618571,120719648105096
2,10138,0.0,1789584618571,120719648105096
3,10138,0.0,1789584618571,120719648105096
4,10138,0.0,1789584618571,120719648105096
5,10138,0.0,1789584618571,120719648105096
6,10138,0.0,1789584618571,120719648105096
7,10138,0.0,1789584618571,120719648105096
0,10238,0.0,1789584618671,120719650513598
1,10238,0.0,1789584618671,120719650513598
2,10238,0.0,1789584618671,120719650513598
3,10238,0.0,1789584618671,120719650513598
4,10238,0.0,1789584618671,120719650513598
5,10238,0.0,1789584618671,120719650513598
6,10238,0.0,1789584618671,120719650513598
7,10238,0.0,1789584618671,120719650513598
0,10338,0.0,1789584618771,120719652921412
1,10338,0.0,1789584618771,120719652921412
2,10338,0.0,1789584618771,120719652921412
3,10338,0.0,1789584618771,120719652921412
4,10338,0.0,1789584618771,120719652921412
5,10338,0.0,1789584618771,120719652921412
6,10338,0.0,1789584618771,120719652921412
7,10338,0.0,1789584618771,120719652921412
0,10439,0.0,1789584618872,120719655328990
1,10439,0.0,1789584618872,120719655328990
2,10439,0.0,1789584618872,120719655328990
3,10439,0.0,1789584618872,120719655328990
4,10439,0.0,1789584618872,120719655328990
5,10439,0.0,1789584618872,120719655328990
6,10439,0.0,1789584618872,120719655328990
7,10439,0.0,1789584618872,120719655328990
0,10539,0.0,1789584618972,120719657737050
1,10539,0.0,1789584618972,120719657737050
2,10539,0.0,1789584618972,120719657737050
3,10539,0.0,1789584618972,120719657737050
4,10539,0.0,1789584618972,120719657737050
5,10539,0.0,1789584618972,120719657737050
6,10539,0.0,1789584618972,120719657737050
7,10539,0.0,1789584618972,120719657737050
0,10639,0.0,1789584619072,120719660145253
1,10639,0.0,1789584619072,120719660145253
2,10639,0.0,1789584619072,120719660145253
3,10639,0.0,1789584619072,120719660145253
4,10639,0.0,1789584619072,120719660145253
5,10639,0.0,1789584619072,120719660145253
6,10639,0.0,1789584619072,120719660145253
7,10639,0.0,1789584619072,120719660145253
0,10740,0.0,1789584619173,120719662556017
1,10740,0.0,1789584619173,120719662556017
2,10740,0.0,1789584619173,120719662556017
3,10740,0.0,1789584619173,120719662556017
4,10740,0.0,1789584619173,120719662556017
5,10740,9.1,1789584619173,120719662556017
6,10740,0.0,1789584619173,120719662556017
7,10740,0.0,1789584619173,120719662556017
0,10840,0.0,1789584619273,120719664965828
1,10840,0.0,1789584619273,120719664965828
2,10840,0.0,1789584619273,120719664965828
3,10840,0.0,1789584619273,120719664965828
4,10840,0.0,1789584619273,120719664965828
5,10840,0.0,1789584619273,120719664965828
6,10840,0.0,1789584619273,120719664965828
7,10840,0.0,1789584619273,120719664965828
0,10941,0.0,1789584619374,120719667374273
1,10941,0.0,1789584619374,120719667374273
2,10941,0.0,1789584619374,120719667374273
3,10941,0.0,1789584619374,120719667374273
4,10941,0.0,1789584619374,120719667374273
5,10941,0.0,1789584619374,120719667374273
6,10941,0.0,1789584619374,120719667374273
7,10941,0.0,1789584619374,120719667374273
0,11041,0.0,1789584619474,120719669782570
1,11041,0.0,1789584619474,120719669782570
2,11041,0.0,1789584619474,120719669782570
3,11041,0.0,1789584619474,120719669782570
4,11041,0.0,1789584619474,120719669782570
5,11041,0.0,1789584619474,120719669782570
6,11041,0.0,1789584619474,120719669782570
7,11041,0.0,1789584619474,120719669782570
0,11141,0.0,1789584619574,120719672190649
1,11141,0.0,1789584619574,120719672190649
2,11141,0.0,1789584619574,120719672190649
3,11141,0.0,1789584619574,120719672190649
4,11141,0.0,1789584619574,120719672190649
5,11141,0.0,1789584619574,120719672190649
6,11141,0.0,1789584619574,120719672190649
7,11141,9.1,1789584619574,120719672190649
0,11242,0.0,1789584619675,120719674598608
1,11242,0.0,1789584619675,120719674598608
2,11242,0.0,1789584619675,120719674598608
3,11242,0.0,1789584619675,120719674598608
4,11242,0.0,1789584619675,120719674598608
5,11242,0.0,1789584619675,120719674598608
6,11242,0.0,1789584619675,120719674598608
7,11242,0.0,1789584619675,120719674598608
0,11342,0.0,1789584619775,120719677006422
1,11342,0.0,1789584619775,120719677006422
2,11342,0.0,1789584619775,120719677006422
3,11342,0.0,1789584619775,120719677006422
4,11342,0.0,1789584619775,120719677006422
5,11342,0.0,1789584619775,120719677006422
6,11342,0.0,1789584619775,120719677006422
7,11342,0.0,1789584619775,120719677006422
0,11442,0.0,1789584619875,120719679417022
1,11442,0.0,1789584619875,120719679417022
2,11442,0.0,1789584619875,120719679417022
3,11442,0.0,1789584619875,120719679417022
4,11442,0.0,1789584619875,120719679417022
5,11442,0.0,1789584619875,120719679417022
6,11442,0.0,1789584619875,120719679417022
7,11442,0.0,1789584619875,120719679417022
0,11543,0.0,1789584619976,120719681824848
1,11543,0.0,1789584619976,120719681824848
2,11543,0.0,1789584619976,120719681824848
3,11543,0.0,1789584619976,120719681824848
4,11543,0.0,1789584619976,120719681824848
5,11543,0.0,1789584619976,120719681824848
6,11543,0.0,1789584619976,120719681824848
7,11543,0.0,1789584619976,120719681824848
0,11643,0.0,1789584620076,120719684232366
1,11643,0.0,1789584620076,120719684232366
2,11643,0.0,1789584620076,120719684232366
3,11643,0.0,1789584620076,120719684232366
4,11643,0.0,1789584620076,120719684232366
5,11643,0.0,1789584620076,120719684232366
6,11643,0.0,1789584620076,120719684232366
7,11643,0.0,1789584620076,120719684232366
0,11743,0.0,1789584620176,120719686639939
1,11743,0.0,1789584620176,120719686639939
2,11743,0.0,1789584620176,120719686639939
3,11743,0.0,1789584620176,120719686639939
4,11743,0.0,1789584620176,120719686639939
5,11743,0.0,1789584620176,120719686639939
6,11743,0.0,1789584620176,120719686639939
7,11743,0.0,1789584620176,120719686639939
0,11844,0.0,1789584620277,120719689047374
1,11844,0.0,1789584620277,120719689047374
2,11844,0.0,1789584620277,120719689047374
3,11844,0.0,1789584620277,120719689047374
4,11844,0.0,1789584620277,120719689047374
5,11844,0.0,1789584620277,120719689047374
6,11844,0.0,1789584620277,120719689047374
7,11844,0.0,1789584620277,120719689047374
0,11944,10.0,1789584620377,120719691456457
1,11944,0.0,1789584620377,120719691456457
2,11944,0.0,1789584620377,120719691456457
3,11944,0.0,1789584620377,120719691456457
4,11944,0.0,1789584620377,120719691456457
5,11944,0.0,1789584620377,120719691456457
6,11944,0.0,1789584620377,120719691456457
7,11944,0.0,1789584620377,120719691456457
0,12044,0.0,1789584620477,120719693865515
1,12044,0.0,1789584620477,120719693865515
2,12044,0.0,1789584620477,120719693865515
3,12044,0.0,1789584620477,120719693865515
4,12044,0.0,1789584620477,120719693865515
5,12044,0.0,1789584620477,120719693865515
6,12044,0.0,1789584620477,120719693865515
7,12044,0.0,1789584620477,120719693865515
0,12145,0.0,1789584620578,120719696273399
1,12145,0.0,1789584620578,120719696273399
2,12145,0.0,1789584620578,120719696273399
3,12145,0.0,1789584620578,120719696273399
4,12145,0.0,1789584620578,120719696273399
5,12145,0.0,1789584620578,120719696273399
6,12145,0.0,1789584620578,120719696273399
7,12145,0.0,1789584620578,120719696273399
0,12245,0.0,1789584620678,120719698681082
1,12245,0.0,1789584620678,120719698681082
2,12245,0.0,1789584620678,120719698681082
3,12245,0.0,1789584620678,120719698681082
4,12245,0.0,1789584620678,120719698681082
5,12245,0.0,1789584620678,120719698681082
6,12245,0.0,1789584620678,120719698681082
7,12245,0.0,1789584620678,120719698681082
0,12345,0.0,1789584620778,120719701088717
1,12345,0.0,1789584620778,120719701088717
2,12345,0.0,1789584620778,120719701088717
3,12345,0.0,1789584620778,120719701088717
4,12345,0.0,1789584620778,120719701088717
5,12345,0.0,1789584620778,120719701088717
6,12345,0.0,1789584620778,120719701088717
7,12345,0.0,1789584620778,120719701088717
0,12446,0.0,1789584620879,120719703496541
1,12446,0.0,1789584620879,120719703496541
2,12446,0.0,1789584620879,120719703496541
3,12446,0.0,1789584620879,120719703496541
4,12446,0.0,1789584620879,120719703496541
5,12446,0.0,1789584620879,120719703496541
6,12446,0.0,1789584620879,120719703496541
7,12446,0.0,1789584620879,120719703496541
0,12546,0.0,1789584620979,120719705904746
1,12546,0.0,1789584620979,120719705904746
2,12546,0.0,1789584620979,120719705904746
3,12546,0.0,1789584620979,120719705904746
4,12546,0.0,1789584620979,120719705904746
5,12546,0.0,1789584620979,120719705904746
6,12546,0.0,1789584620979,120719705904746
7,12546,0.0,1789584620979,120719705904746
0,12646,0.0,1789584621079,120719708313413
1,12646,0.0,1789584621079,120719708313413
2,12646,0.0,1789584621079,120719708313413
3,12646,9.1,1789584621079,120719708313413
4,12646,0.0,1789584621079,120719708313413
5,12646,0.0,1789584621079,120719708313413
6,12646,0.0,1789584621079,120719708313413
7,12646,0.0,1789584621079,120719708313413
0,12747,0.0,1789584621180,120719710721056
1,12747,0.0,1789584621180,120719710721056
2,12747,0.0,1789584621180,120719710721056
3,12747,0.0,1789584621180,120719710721056
4,12747,0.0,1789584621180,120719710721056
5,12747,0.0,1789584621180,120719710721056
6,12747,0.0,1789584621180,120719710721056
7,12747,0.0,1789584621180,120719710721056
0,12847,0.0,1789584621280,120719713128528
1,12847,0.0,1789584621280,120719713128528
2,12847,0.0,1789584621280,120719713128528
3,12847,0.0,1789584621280,120719713128528
4,12847,0.0,1789584621280,120719713128528
5,12847,0.0,1789584621280,120719713128528
6,12847,0.0,1789584621280,120719713128528
7,12847,0.0,1789584621280,120719713128528
0,12947,0.0,1789584621380,120719715535867
1,12947,0.0,1789584621380,120719715535867
2,12947,0.0,1789584621380,120719715535867
3,12947,0.0,1789584621380,120719715535867
4,12947,0.0,1789584621380,120719715535867
5,12947,0.0,1789584621380,120719715535867
6,12947,0.0,1789584621380,120719715535867
7,12947,0.0,1789584621380,120719715535867
0,13048,0.0,1789584621481,120719717943069
1,13048,0.0,1789584621481,120719717943069
2,13048,0.0,1789584621481,120719717943069
3,13048,0.0,1789584621481,120719717943069
4,13048,0.0,1789584621481,120719717943069
5,13048,0.0,1789584621481,120719717943069
6,13048,0.0,1789584621481,120719717943069
7,13048,0.0,1789584621481,120719717943069
0,13148,0.0,1789584621581,120719720350639
1,13148,0.0,1789584621581,120719720350639
2,13148,0.0,1789584621581,120719720350639
3,13148,0.0,1789584621581,120719720350639
4,13148,0.0,1789584621581,120719720350639
5,13148,0.0,1789584621581,120719720350639
6,13148,0.0,1789584621581,120719720350639
7,13148,0.0,1789584621581,120719720350639
0,13248,0.0,1789584621681,120719722758045
1,13248,0.0,1789584621681,120719722758045
2,13248,0.0,1789584621681,120719722758045
3,13248,0.0,1789584621681,120719722758045
4,13248,0.0,1789584621681,120719722758045
5,13248,0.0,1789584621681,120719722758045
6,13248,0.0,1789584621681,120719722758045
7,13248,0.0,1789584621681,120719722758045
0,13349,0.0,1789584621782,120719725165332
1,13349,0.0,1789584621782,120719725165332
2,13349,0.0,1789584621782,120719725165332
3,13349,0.0,1789584621782,120719725165332
4,13349,0.0,1789584621782,120719725165332
5,13349,0.0,1789584621782,120719725165332
6,13349,0.0,1789584621782,120719725165332
7,13349,0.0,1789584621782,120719725165332
0,13449,0.0,1789584621882,120719727573022
1,13449,0.0,1789584621882,120719727573022
2,13449,0.0,1789584621882,120719727573022
3,13449,0.0,1789584621882,120719727573022
4,13449,0.0,1789584621882,120719727573022
5,13449,0.0,1789584621882,120719727573022
6,13449,0.0,1789584621882,120719727573022
7,13449,0.0,1789584621882,120719727573022
0,13549,0.0,1789584621982,120719729980690
1,13549,0.0,1789584621982,120719729980690
2,13549,0.0,1789584621982,120719729980690
3,13549,0.0,1789584621982,120719729980690
4,13549,0.0,1789584621982,120719729980690
5,13549,0.0,1789584621982,120719729980690
6,13549,0.0,1789584621982,120719729980690
7,13549,0.0,1789584621982,120719729980690
0,13649,0.0,1789584622082,120719732388228
1,13649,0.0,1789584622082,120719732388228
2,13649,0.0,1789584622082,120719732388228
3,13649,0.0,1789584622082,120719732388228
4,13649,0.0,1789584622082,120719732388228
5,13649,0.0,1789584622082,120719732388228
6,13649,0.0,1789584622082,120719732388228
7,13649,0.0,1789584622082,120719732388228
0,13750,0.0,1789584622183,120719734799180
1,13750,0.0,1789584622183,120719734799180
2,13750,0.0,1789584622183,120719734799180
3,13750,0.0,1789584622183,120719734799180
4,13750,0.0,1789584622183,120719734799180
5,13750,0.0,1789584622183,120719734799180
6,13750,0.0,1789584622183,120719734799180
7,13750,0.0,1789584622183,120719734799180
0,13850,0.0,1789584622283,120719737210226
1,13850,0.0,1789584622283,120719737210226
2,13850,0.0,1789584622283,120719737210226
3,13850,9.1,1789584622283,120719737210226
4,13850,0.0,1789584622283,120719737210226
5,13850,0.0,1789584622283,120719737210226
6,13850,0.0,1789584622283,120719737210226
7,13850,0.0,1789584622283,120719737210226
0,13951,10.0,1789584622384,120719739620239
1,13951,0.0,1789584622384,120719739620239
2,13951,0.0,1789584622384,120719739620239
3,13951,0.0,1789584622384,120719739620239
4,13951,0.0,1789584622384,120719739620239
5,13951,0.0,1789584622384,120719739620239
6,13951,0.0,1789584622384,120719739620239
7,13951,0.0,1789584622384,120719739620239
0,14051,0.0,1789584622484,120719742029395
1,14051,0.0,1789584622484,120719742029395
2,14051,0.0,1789584622484,120719742029395
3,14051,0.0,1789584622484,120719742029395
4,14051,0.0,1789584622484,120719742029395
5,14051,0.0,1789584622484,120719742029395
6,14051,0.0,1789584622484,120719742029395
7,14051,0.0,1789584622484,120719742029395
0,14152,0.0,1789584622585,120719744437826
1,14152,0.0,1789584622585,120719744437826
2,14152,0.0,1789584622585,120719744437826
3,14152,0.0,1789584622585,120719744437826
4,14152,0.0,1789584622585,120719744437826
5,14152,0.0,1789584622585,120719744437826
6,14152,0.0,1789584622585,120719744437826
7,14152,0.0,1789584622585,120719744437826
0,14252,0.0,1789584622685,120719746845986
1,14252,0.0,1789584622685,120719746845986
2,14252,0.0,1789584622685,120719746845986
3,14252,0.0,1789584622685,120719746845986
4,14252,0.0,1789584622685,120719746845986
5,14252,0.0,1789584622685,120719746845986
6,14252,0.0,1789584622685,120719746845986
7,14252,0.0,1789584622685,120719746845986
0,14352,0.0,1789584622785,120719749254158
1,14352,0.0,1789584622785,120719749254158
2,14352,0.0,1789584622785,120719749254158
3,14352,0.0,1789584622785,120719749254158
4,14352,0.0,1789584622785,120719749254158
5,14352,0.0,1789584622785,120719749254158
6,14352,0.0,1789584622785,120719749254158
7,14352,0.0,1789584622785,120719749254158
0,14453,0.0,1789584622886,120719751662628
1,14453,0.0,1789584622886,120719751662628
2,14453,0.0,1789584622886,120719751662628
3,14453,0.0,1789584622886,120719751662628
4,14453,0.0,1789584622886,120719751662628
5,14453,0.0,1789584622886,120719751662628
6,14453,0.0,1789584622886,120719751662628
7,14453,0.0,1789584622886,120719751662628
0,14553,0.0,1789584622986,120719754070750
1,14553,0.0,1789584622986,120719754070750
2,14553,0.0,1789584622986,120719754070750
3,14553,0.0,1789584622986,120719754070750
4,14553,0.0,1789584622986,120719754070750
5,14553,0.0,1789584622986,120719754070750
6,14553,0.0,1789584622986,120719754070750
7,14553,0.0,1789584622986,120719754070750
0,14653,0.0,1789584623086,120719756480713
1,14653,0.0,1789584623086,120719756480713
2,14653,0.0,1789584623086,120719756480713
3,14653,0.0,1789584623086,120719756480713
4,14653,0.0,1789584623086,120719756480713
5,14653,0.0,1789584623086,120719756480713
6,14653,0.0,1789584623086,120719756480713
7,14653,0.0,1789584623086,120719756480713
0,14754,0.0,1789584623187,120719758889471
1,14754,0.0,1789584623187,120719758889471
2,14754,0.0,1789584623187,120719758889471
3,14754,0.0,1789584623187,120719758889471
4,14754,0.0,1789584623187,120719758889471
5,14754,0.0,1789584623187,120719758889471
6,14754,0.0,1789584623187,120719758889471
7,14754,0.0,1789584623187,120719758889471
0,14854,0.0,1789584623287,120719761298260
1,14854,0.0,1789584623287,120719761298260
2,14854,0.0,1789584623287,120719761298260
3,14854,0.0,1789584623287,120719761298260
4,14854,0.0,1789584623287,120719761298260
5,14854,0.0,1789584623287,120719761298260
6,14854,0.0,1789584623287,120719761298260
7,14854,0.0,1789584623287,120719761298260
0,14954,0.0,1789584623387,120719763706231
1,14954,0.0,1789584623387,120719763706231
2,14954,0.0,1789584623387,120719763706231
3,14954,0.0,1789584623387,120719763706231
4,14954,0.0,1789584623387,120719763706231
5,14954,0.0,1789584623387,120719763706231
6,14954,0.0,1789584623387,120719763706231
7,14954,0.0,1789584623387,120719763706231
0,15055,0.0,1789584623488,120719766115199
1,15055,0.0,1789584623488,120719766115199
2,15055,0.0,1789584623488,120719766115199
3,15055,0.0,1789584623488,120719766115199
4,15055,0.0,1789584623488,120719766115199
5,15055,0.0,1789584623488,120719766115199
6,15055,0.0,1789584623488,120719766115199
7,15055,0.0,1789584623488,120719766115199
0,15155,0.0,1789584623588,120719768523112
1,15155,0.0,1789584623588,120719768523112
2,15155,0.0,1789584623588,120719768523112
3,15155,0.0,1789584623588,120719768523112
4,15155,0.0,1789584623588,120719768523112
5,15155,0.0,1789584623588,120719768523112
6,15155,0.0,1789584623588,120719768523112
7,15155,0.0,1789584623588,120719768523112
0,15255,0.0,1789584623688,120719770931021
1,15255,0.0,1789584623688,120719770931021
2,15255,0.0,1789584623688,120719770931021
3,15255,0.0,1789584623688,120719770931021
4,15255,0.0,1789584623688,120719770931021
5,15255,0.0,1789584623688,120719770931021
6,15255,0.0,1789584623688,120719770931021
7,15255,0.0,1789584623688,120719770931021
0,15356,0.0,1789584623789,120719773338502
1,15356,0.0,1789584623789,120719773338502
2,15356,0.0,1789584623789,120719773338502
3,15356,0.0,1789584623789,120719773338502
4,15356,0.0,1789584623789,120719773338502
5,15356,0.0,1789584623789,120719773338502
6,15356,0.0,1789584623789,120719773338502
7,15356,0.0,1789584623789,120719773338502
0,15456,0.0,1789584623889,120719775746581
1,15456,0.0,1789584623889,120719775746581
2,15456,0.0,1789584623889,120719775746581
3,15456,0.0,1789584623889,120719775746581
4,15456,0.0,1789584623889,120719775746581
5,15456,0.0,1789584623889,120719775746581
6,15456,0.0,1789584623889,120719775746581
7,15456,0.0,1789584623889,120719775746581
0,15556,0.0,1789584623989,120719778154318
1,15556,0.0,1789584623989,120719778154318
2,15556,0.0,1789584623989,120719778154318
3,15556,0.0,1789584623989,120719778154318
4,15556,0.0,1789584623989,120719778154318
5,15556,0.0,1789584623989,120719778154318
6,15556,0.0,1789584623989,120719778154318
7,15556,0.0,1789584623989,120719778154318
0,15657,0.0,1789584624090,120719780563053
1,15657,0.0,1789584624090,120719780563053
2,15657,0.0,1789584624090,120719780563053
3,15657,0.0,1789584624090,120719780563053
4,15657,0.0,1789584624090,120719780563053
5,15657,0.0,1789584624090,120719780563053
6,15657,0.0,1789584624090,120719780563053
7,15657,0.0,1789584624090,120719780563053
0,15757,0.0,1789584624190,120719782971388
1,15757,0.0,1789584624190,120719782971388
2,15757,0.0,1789584624190,120719782971388
3,15757,0.0,1789584624190,120719782971388
4,15757,0.0,1789584624190,120719782971388
5,15757,0.0,1789584624190,120719782971388
6,15757,0.0,1789584624190,120719782971388
7,15757,0.0,1789584624190,120719782971388
0,15857,0.0,1789584624290,120719785379226
1,15857,0.0,1789584624290,120719785379226
2,15857,0.0,1789584624290,120719785379226
3,15857,0.0,1789584624290,120719785379226
4,15857,0.0,1789584624290,120719785379226
5,15857,0.0,1789584624290,120719785379226
6,15857,0.0,1789584624290,120719785379226
7,15857,0.0,1789584624290,120719785379226
0,15958,0.0,1789584624391,120719787789428
1,15958,0.0,1789584624391,120719787789428
2,15958,0.0,1789584624391,120719787789428
3,15958,0.0,1789584624391,120719787789428
4,15958,0.0,1789584624391,120719787789428
5,15958,0.0,1789584624391,120719787789428
6,15958,0.0,1789584624391,120719787789428
7,15958,0.0,1789584624391,120719787789428
0,16058,0.0,1789584624491,120719790198533
1,16058,0.0,1789584624491,120719790198533
2,16058,0.0,1789584624491,120719790198533
3,16058,0.0,1789584624491,120719790198533
4,16058,0.0,1789584624491,120719790198533
5,16058,0.0,1789584624491,120719790198533
6,16058,0.0,1789584624491,120719790198533
7,16058,0.0,1789584624491,120719790198533
0,16159,0.0,1789584624592,120719792606754
1,16159,0.0,1789584624592,120719792606754
2,16159,0.0,1789584624592,120719792606754
3,16159,0.0,1789584624592,120719792606754
4,16159,0.0,1789584624592,120719792606754
5,16159,0.0,1789584624592,120719792606754
6,16159,0.0,1789584624592,120719792606754
7,16159,0.0,1789584624592,120719792606754
0,16259,0.0,1789584624692,120719795016154
1,16259,0.0,1789584624692,120719795016154
2,16259,0.0,1789584624692,120719795016154
3,16259,0.0,1789584624692,120719795016154
4,16259,0.0,1789584624692,120719795016154
5,16259,0.0,1789584624692,120719795016154
6,16259,0.0,1789584624692,120719795016154
7,16259,0.0,1789584624692,120719795016154
0,16359,0.0,1789584624792,120719797424179
1,16359,0.0,1789584624792,120719797424179
2,16359,0.0,1789584624792,120719797424179
3,16359,0.0,1789584624792,120719797424179
4,16359,0.0,1789584624792,120719797424179
5,16359,0.0,1789584624792,120719797424179
6,16359,0.0,1789584624792,120719797424179
7,16359,0.0,1789584624792,120719797424179
0,16460,0.0,1789584624893,120719799832107
1,16460,0.0,1789584624893,120719799832107
2,16460,0.0,1789584624893,120719799832107
3,16460,0.0,1789584624893,120719799832107
4,16460,0.0,1789584624893,120719799832107
5,16460,0.0,1789584624893,120719799832107
6,16460,0.0,1789584624893,120719799832107
7,16460,0.0,1789584624893,120719799832107
0,16560,0.0,1789584624993,120719802239875
1,16560,0.0,1789584624993,120719802239875
2,16560,0.0,1789584624993,120719802239875
3,16560,0.0,1789584624993,120719802239875
4,16560,0.0,1789584624993,120719802239875
5,16560,0.0,1789584624993,120719802239875
6,16560,0.0,1789584624993,120719802239875
7,16560,0.0,1789584624993,120719802239875
0,16660,0.0,1789584625093,120719804647633
1,16660,0.0,1789584625093,120719804647633
2,16660,0.0,1789584625093,120719804647633
3,16660,0.0,1789584625093,120719804647633
4,16660,0.0,1789584625093,120719804647633
5,16660,0.0,1789584625093,120719804647633
6,16660,0.0,1789584625093,120719804647633
7,16660,0.0,1789584625093,120719804647633
0,16761,0.0,1789584625194,120719807058307
1,16761,0.0,1789584625194,120719807058307
2,16761,0.0,1789584625194,120719807058307
3,16761,0.0,1789584625194,120719807058307
4,16761,0.0,1789584625194,120719807058307
5,16761,0.0,1789584625194,120719807058307
6,16761,9.1,1789584625194,120719807058307
7,16761,9.1,1789584625194,120719807058307
0,16861,0.0,1789584625294,120719809468355
1,16861,0.0,1789584625294,120719809468355
2,16861,0.0,1789584625294,120719809468355
3,16861,0.0,1789584625294,120719809468355
4,16861,0.0,1789584625294,120719809468355
5,16861,0.0,1789584625294,120719809468355
6,16861,0.0,1789584625294,120719809468355
7,16861,0.0,1789584625294,120719809468355
0,16962,0.0,1789584625395,120719811876833
1,16962,0.0,1789584625395,120719811876833
2,16962,0.0,1789584625395,120719811876833
3,16962,0.0,1789584625395,120719811876833
4,16962,0.0,1789584625395,120719811876833
5,16962,0.0,1789584625395,120719811876833
6,16962,0.0,1789584625395,120719811876833
7,16962,0.0,1789584625395,120719811876833
0,17062,0.0,1789584625495,120719814285641
1,17062,0.0,1789584625495,120719814285641
2,17062,0.0,1789584625495,120719814285641
3,17062,0.0,1789584625495,120719814285641
4,17062,0.0,1789584625495,120719814285641
5,17062,0.0,1789584625495,120719814285641
6,17062,0.0,1789584625495,120719814285641
7,17062,0.0,1789584625495,120719814285641
0,17162,0.0,1789584625595,120719816693588
1,17162,0.0,1789584625595,120719816693588
2,17162,0.0,1789584625595,120719816693588
3,17162,0.0,1789584625595,120719816693588
4,17162,0.0,1789584625595,120719816693588
5,17162,0.0,1789584625595,120719816693588
6,17162,0.0,1789584625595,120719816693588
7,17162,0.0,1789584625595,120719816693588
0,17263,0.0,1789584625696,120719819101745
1,17263,0.0,1789584625696,120719819101745
2,17263,0.0,1789584625696,120719819101745
3,17263,0.0,1789584625696,120719819101745
4,17263,0.0,1789584625696,120719819101745
5,17263,0.0,1789584625696,120719819101745
6,17263,0.0,1789584625696,120719819101745
7,17263,0.0,1789584625696,120719819101745
0,17363,0.0,1789584625796,120719821509847
1,17363,0.0,1789584625796,120719821509847
2,17363,0.0,1789584625796,120719821509847
3,17363,0.0,1789584625796,120719821509847
4,17363,0.0,1789584625796,120719821509847
5,17363,0.0,1789584625796,120719821509847
6,17363,0.0,1789584625796,120719821509847
7,17363,0.0,1789584625796,120719821509847
0,17463,0.0,1789584625896,120719823918086
1,17463,0.0,1789584625896,120719823918086
2,17463,0.0,1789584625896,120719823918086
3,17463,0.0,1789584625896,120719823918086
4,17463,0.0,1789584625896,120719823918086
5,17463,0.0,1789584625896,120719823918086
6,17463,0.0,1789584625896,120719823918086
7,17463,0.0,1789584625896,120719823918086
0,17564,0.0,1789584625997,120719826327185
1,17564,0.0,1789584625997,120719826327185
2,17564,0.0,1789584625997,120719826327185
3,17564,0.0,1789584625997,120719826327185
4,17564,0.0,1789584625997,120719826327185
5,17564,0.0,1789584625997,120719826327185
6,17564,0.0,1789584625997,120719826327185
7,17564,0.0,1789584625997,120719826327185
0,17664,0.0,1789584626097,120719828737500
1,17664,9.1,1789584626097,120719828737500
2,17664,9.1,1789584626097,120719828737500
3,17664,0.0,1789584626097,120719828737500
4,17664,0.0,1789584626097,120719828737500
5,17664,0.0,1789584626097,120719828737500
6,17664,0.0,1789584626097,120719828737500
7,17664,0.0,1789584626097,120719828737500
0,17765,0.0,1789584626198,120719831147629
1,17765,0.0,1789584626198,120719831147629
2,17765,0.0,1789584626198,120719831147629
3,17765,0.0,1789584626198,120719831147629
4,17765,0.0,1789584626198,120719831147629
5,17765,0.0,1789584626198,120719831147629
6,17765,0.0,1789584626198,120719831147629
7,17765,0.0,1789584626198,120719831147629
0,17865,0.0,1789584626298,120719833556104
1,17865,0.0,1789584626298,120719833556104
2,17865,0.0,1789584626298,120719833556104
3,17865,0.0,1789584626298,120719833556104
4,17865,0.0,1789584626298,120719833556104
5,17865,0.0,1789584626298,120719833556104
6,17865,0.0,1789584626298,120719833556104
7,17865,0.0,1789584626298,120719833556104
0,17965,0.0,1789584626398,120719835965651
1,17965,0.0,1789584626398,120719835965651
2,17965,0.0,1789584626398,120719835965651
3,17965,0.0,1789584626398,120719835965651
4,17965,0.0,1789584626398,120719835965651
5,17965,0.0,1789584626398,120719835965651
6,17965,0.0,1789584626398,120719835965651
7,17965,0.0,1789584626398,120719835965651
0,18066,0.0,1789584626499,120719838374764
1,18066,0.0,1789584626499,120719838374764
2,18066,0.0,1789584626499,120719838374764
3,18066,0.0,1789584626499,120719838374764
4,18066,0.0,1789584626499,120719838374764
5,18066,0.0,1789584626499,120719838374764
6,18066,0.0,1789584626499,120719838374764
7,18066,0.0,1789584626499,120719838374764
0,18166,0.0,1789584626599,120719840783475
1,18166,0.0,1789584626599,120719840783475
2,18166,0.0,1789584626599,120719840783475
3,18166,9.1,1789584626599,120719840783475
4,18166,0.0,1789584626599,120719840783475
5,18166,0.0,1789584626599,120719840783475
6,18166,0.0,1789584626599,120719840783475
7,18166,0.0,1789584626599,120719840783475
0,18266,0.0,1789584626699,120719843191607
1,18266,0.0,1789584626699,120719843191607
2,18266,0.0,1789584626699,120719843191607
3,18266,0.0,1789584626699,120719843191607
4,18266,0.0,1789584626699,120719843191607
5,18266,0.0,1789584626699,120719843191607
6,18266,0.0,1789584626699,120719843191607
7,18266,0.0,1789584626699,120719843191607
0,18367,0.0,1789584626800,120719845599280
1,18367,0.0,1789584626800,120719845599280
2,18367,0.0,1789584626800,120719845599280
3,18367,0.0,1789584626800,120719845599280
4,18367,0.0,1789584626800,120719845599280
5,18367,0.0,1789584626800,120719845599280
6,18367,0.0,1789584626800,120719845599280
7,18367,0.0,1789584626800,120719845599280
0,18467,0.0,1789584626900,120719848007544
1,18467,0.0,1789584626900,120719848007544
2,18467,0.0,1789584626900,120719848007544
3,18467,0.0,1789584626900,120719848007544
4,18467,0.0,1789584626900,120719848007544
5,18467,0.0,1789584626900,120719848007544
6,18467,0.0,1789584626900,120719848007544
7,18467,0.0,1789584626900,120719848007544
0,18567,0.0,1789584627000,120719850416099
1,18567,0.0,1789584627000,120719850416099
2,18567,0.0,1789584627000,120719850416099
3,18567,0.0,1789584627000,120719850416099
4,18567,0.0,1789584627000,120719850416099
5,18567,0.0,1789584627000,120719850416099
6,18567,0.0,1789584627000,120719850416099
7,18567,0.0,1789584627000,120719850416099
0,18668,0.0,1789584627101,120719852824104
1,18668,0.0,1789584627101,120719852824104
2,18668,0.0,1789584627101,120719852824104
3,18668,0.0,1789584627101,120719852824104
4,18668,0.0,1789584627101,120719852824104
5,18668,0.0,1789584627101,120719852824104
6,18668,0.0,1789584627101,120719852824104
7,18668,0.0,1789584627101,120719852824104
0,18768,0.0,1789584627201,120719855232903
1,18768,0.0,1789584627201,120719855232903
2,18768,0.0,1789584627201,120719855232903
3,18768,0.0,1789584627201,120719855232903
4,18768,0.0,1789584627201,120719855232903
5,18768,0.0,1789584627201,120719855232903
6,18768,0.0,1789584627201,120719855232903
7,18768,0.0,1789584627201,120719855232903
0,18868,0.0,1789584627301,120719857640626
1,18868,0.0,1789584627301,120719857640626
2,18868,0.0,1789584627301,120719857640626
3,18868,0.0,1789584627301,120719857640626
4,18868,0.0,1789584627301,120719857640626
5,18868,0.0,1789584627301,120719857640626
6,18868,0.0,1789584627301,120719857640626
7,18868,0.0,1789584627301,120719857640626
0,18969,0.0,1789584627402,120719860051679
1,18969,0.0,1789584627402,120719860051679
2,18969,0.0,1789584627402,120719860051679
3,18969,11.1,1789584627402,120719860051679
4,18969,0.0,1789584627402,120719860051679
5,18969,0.0,1789584627402,120719860051679
6,18969,0.0,1789584627402,120719860051679
7,18969,9.1,1789584627402,120719860051679
0,19069,0.0,1789584627502,120719862463423
1,19069,0.0,1789584627502,120719862463423
2,19069,0.0,1789584627502,120719862463423
3,19069,0.0,1789584627502,120719862463423
4,19069,20.0,1789584627502,120719862463423
5,19069,33.3,1789584627502,120719862463423
6,19069,0.0,1789584627502,120719862463423
7,19069,0.0,1789584627502,120719862463423
0,19170,0.0,1789584627603,120719864876182
1,19170,0.0,1789584627603,120719864876182
2,19170,0.0,1789584627603,120719864876182
3,19170,0.0,1789584627603,120719864876182
4,19170,45.5,1789584627603,120719864876182
5,19170,18.2,1789584627603,120719864876182
6,19170,0.0,1789584627603,120719864876182
7,19170,0.0,1789584627603,120719864876182
0,19270,20.0,1789584627703,120719867289171
1,19270,10.0,1789584627703,120719867289171
2,19270,10.0,1789584627703,120719867289171
3,19270,9.1,1789584627703,120719867289171
4,19270,0.0,1789584627703,120719867289171
5,19270,0.0,1789584627703,120719867289171
6,19270,11.1,1789584627703,120719867289171
7,19270,10.0,1789584627703,120719867289171
0,19371,0.0,1789584627804,120719869701660
1,19371,0.0,1789584627804,120719869701660
2,19371,10.0,1789584627804,120719869701660
3,19371,0.0,1789584627804,120719869701660
4,19371,27.3,1789584627804,120719869701660
5,19371,45.5,1789584627804,120719869701660
6,19371,0.0,1789584627804,120719869701660
7,19371,10.0,1789584627804,120719869701660
0,19471,0.0,1789584627904,120719872113745
1,19471,0.0,1789584627904,120719872113745
2,19471,40.0,1789584627904,120719872113745
3,19471,0.0,1789584627904,120719872113745
4,19471,0.0,1789584627904,120719872113745
5,19471,0.0,1789584627904,120719872113745
6,19471,0.0,1789584627904,120719872113745
7,19471,0.0,1789584627904,120719872113745
0,19572,10.0,1789584628005,120719874525330
1,19572,10.0,1789584628005,120719874525330
2,19572,0.0,1789584628005,120719874525330
3,19572,0.0,1789584628005,120719874525330
4,19572,0.0,1789584628005,120719874525330
5,19572,45.5,1789584628005,120719874525330
6,19572,10.0,1789584628005,120719874525330
7,19572,0.0,1789584628005,120719874525330
0,19673,0.0,1789584628106,120719876938491
1,19673,9.1,1789584628106,120719876938491
2,19673,18.2,1789584628106,120719876938491
3,19673,0.0,1789584628106,120719876938491
4,19673,10.0,1789584628106,120719876938491
5,19673,0.0,1789584628106,120719876938491
6,19673,0.0,1789584628106,120719876938491
7,19673,0.0,1789584628106,120719876938491
0,19773,12.5,1789584628206,120719879353660
1,19773,0.0,1789584628206,120719879353660
2,19773,10.0,1789584628206,120719879353660
3,19773,0.0,1789584628206,120719879353660
4,19773,40.0,1789584628206,120719879353660
5,19773,11.1,1789584628206,120719879353660
6,19773,10.0,1789584628206,120719879353660
7,19773,50.0,1789584628206,120719879353660
0,19874,0.0,1789584628307,120719881766196
1,19874,0.0,1789584628307,120719881766196
2,19874,10.0,1789584628307,120719881766196
3,19874,0.0,1789584628307,120719881766196
4,19874,30.0,1789584628307,120719881766196
5,19874,36.4,1789584628307,120719881766196
6,19874,10.0,1789584628307,120719881766196
7,19874,37.5,1789584628307,120719881766196
0,19974,0.0,1789584628407,120719884179356
1,19974,0.0,1789584628407,120719884179356
2,19974,0.0,1789584628407,120719884179356
3,19974,0.0,1789584628407,120719884179356
4,19974,33.3,1789584628407,120719884179356
5,19974,30.0,1789584628407,120719884179356
6,19974,18.2,1789584628407,120719884179356
7,19974,33.3,1789584628407,120719884179356
0,20075,0.0,1789584628508,120719886592970
1,20075,0.0,1789584628508,120719886592970
2,20075,0.0,1789584628508,120719886592970
3,20075,0.0,1789584628508,120719886592970
4,20075,22.2,1789584628508,120719886592970
5,20075,11.1,1789584628508,120719886592970
6,20075,0.0,1789584628508,120719886592970
7,20075,44.4,1789584628508,120719886592970
0,20175,0.0,1789584628608,120719889005726
1,20175,18.2,1789584628608,120719889005726
2,20175,10.0,1789584628608,120719889005726
3,20175,0.0,1789584628608,120719889005726
4,20175,30.0,1789584628608,120719889005726
5,20175,0.0,1789584628608,120719889005726
6,20175,22.2,1789584628608,120719889005726
7,20175,40.0,1789584628608,120719889005726
0,20276,0.0,1789584628709,120719891418416
1,20276,33.3,1789584628709,120719891418416
2,20276,10.0,1789584628709,120719891418416
3,20276,0.0,1789584628709,120719891418416
4,20276,41.7,1789584628709,120719891418416
5,20276,0.0,1789584628709,120719891418416
6,20276,10.0,1789584628709,120719891418416
7,20276,50.0,1789584628709,120719891418416
0,20376,0.0,1789584628809,120719893830860
1,20376,25.0,1789584628809,120719893830860
2,20376,0.0,1789584628809,120719893830860
3,20376,0.0,1789584628809,120719893830860
4,20376,36.4,1789584628809,120719893830860
5,20376,0.0,1789584628809,120719893830860
6,20376,0.0,1789584628809,120719893830860
7,20376,33.3,1789584628809,120719893830860
0,20477,0.0,1789584628910,120719896243266
1,20477,30.0,1789584628910,120719896243266
2,20477,10.0,1789584628910,120719896243266
3,20477,0.0,1789584628910,120719896243266
4,20477,12.5,1789584628910,120719896243266
5,20477,0.0,1789584628910,120719896243266
6,20477,0.0,1789584628910,120719896243266
7,20477,44.4,1789584628910,120719896243266
0,20577,0.0,1789584629010,120719898655955
1,20577,12.5,1789584629010,120719898655955
2,20577,10.0,1789584629010,120719898655955
3,20577,0.0,1789584629010,120719898655955
4,20577,30.0,1789584629010,120719898655955
5,20577,0.0,1789584629010,120719898655955
6,20577,10.0,1789584629010,120719898655955
7,20577,37.5,1789584629010,120719898655955
0,20678,11.1,1789584629111,120719901069582
1,20678,33.3,1789584629111,120719901069582
2,20678,10.0,1789584629111,120719901069582
3,20678,0.0,1789584629111,120719901069582
4,20678,36.4,1789584629111,120719901069582
5,20678,0.0,1789584629111,120719901069582
6,20678,10.0,1789584629111,120719901069582
7,20678,50.0,1789584629111,120719901069582
0,20779,0.0,1789584629212,120719903481950
1,20779,10.0,1789584629212,120719903481950
2,20779,0.0,1789584629212,120719903481950
3,20779,0.0,1789584629212,120719903481950
4,20779,0.0,1789584629212,120719903481950
5,20779,0.0,1789584629212,120719903481950
6,20779,0.0,1789584629212,120719903481950
7,20779,0.0,1789584629212,120719903481950
0,20879,0.0,1789584629312,120719905894345
1,20879,11.1,1789584629312,120719905894345
2,20879,10.0,1789584629312,120719905894345
3,20879,0.0,1789584629312,120719905894345
4,20879,11.1,1789584629312,120719905894345
5,20879,0.0,1789584629312,120719905894345
6,20879,10.0,1789584629312,120719905894345
7,20879,30.0,1789584629312,120719905894345
0,20980,0.0,1789584629413,120719908307806
1,20980,44.4,1789584629413,120719908307806
2,20980,0.0,1789584629413,120719908307806
3,20980,9.1,1789584629413,120719908307806
4,20980,36.4,1789584629413,120719908307806
5,20980,9.1,1789584629413,120719908307806
6,20980,10.0,1789584629413,120719908307806
7,20980,28.6,1789584629413,120719908307806
0,21080,0.0,1789584629513,120719910723162
1,21080,22.2,1789584629513,120719910723162
2,21080,0.0,1789584629513,120719910723162
3,21080,0.0,1789584629513,120719910723162
4,21080,22.2,1789584629513,120719910723162
5,21080,27.3,1789584629513,120719910723162
6,21080,18.2,1789584629513,120719910723162
7,21080,30.0,1789584629513,120719910723162
0,21181,0.0,1789584629614,120719913151410
1,21181,0.0,1789584629614,120719913151410
2,21181,30.0,1789584629614,120719913151410
3,21181,33.3,1789584629614,120719913151410
4,21181,0.0,1789584629614,120719913151410
5,21181,0.0,1789584629614,120719913151410
6,21181,0.0,1789584629614,120719913151410
7,21181,0.0,1789584629614,120719913151410
0,21282,0.0,1789584629715,120719915573001
1,21282,0.0,1789584629715,120719915573001
2,21282,33.3,1789584629715,120719915573001
3,21282,18.2,1789584629715,120719915573001
4,21282,0.0,1789584629715,120719915573001
5,21282,9.1,1789584629715,120719915573001
6,21282,0.0,1789584629715,120719915573001
7,21282,0.0,1789584629715,120719915573001
0,21383,0.0,1789584629816,120719917986199
1,21383,10.0,1789584629816,120719917986199
2,21383,10.0,1789584629816,120719917986199
3,21383,10.0,1789584629816,120719917986199
4,21383,10.0,1789584629816,120719917986199
5,21383,10.0,1789584629816,120719917986199
6,21383,20.0,1789584629816,120719917986199
7,21383,9.1,1789584629816,120719917986199
0,21483,50.0,1789584629916,120719920399291
1,21483,0.0,1789584629916,120719920399291
2,21483,0.0,1789584629916,120719920399291
3,21483,0.0,1789584629916,120719920399291
4,21483,20.0,1789584629916,120719920399291
5,21483,0.0,1789584629916,120719920399291
6,21483,0.0,1789584629916,120719920399291
7,21483,0.0,1789584629916,120719920399291
0,21584,80.0,1789584630017,120719922812776
1,21584,10.0,1789584630017,120719922812776
2,21584,0.0,1789584630017,120719922812776
3,21584,0.0,1789584630017,120719922812776
4,21584,40.0,1789584630017,120719922812776
5,21584,0.0,1789584630017,120719922812776
6,21584,0.0,1789584630017,120719922812776
7,21584,0.0,1789584630017,120719922812776
0,21685,81.8,1789584630118,120719925226381
1,21685,0.0,1789584630118,120719925226381
2,21685,0.0,1789584630118,120719925226381
3,21685,0.0,1789584630118,120719925226381
4,21685,40.0,1789584630118,120719925226381
5,21685,9.1,1789584630118,120719925226381
6,21685,0.0,1789584630118,120719925226381
7,21685,0.0,1789584630118,120719925226381
0,21785,88.9,1789584630218,120719927639373
1,21785,0.0,1789584630218,120719927639373
2,21785,0.0,1789584630218,120719927639373
3,21785,0.0,1789584630218,120719927639373
4,21785,54.5,1789584630218,120719927639373
5,21785,0.0,1789584630218,120719927639373
6,21785,0.0,1789584630218,120719927639373
7,21785,0.0,1789584630218,120719927639373
0,21886,80.0,1789584630319,120719930053505
1,21886,0.0,1789584630319,120719930053505
2,21886,0.0,1789584630319,120719930053505
3,21886,0.0,1789584630319,120719930053505
4,21886,33.3,1789584630319,120719930053505
5,21886,0.0,1789584630319,120719930053505
6,21886,0.0,1789584630319,120719930053505
7,21886,0.0,1789584630319,120719930053505
0,21986,88.9,1789584630419,120719932467889
1,21986,9.1,1789584630419,120719932467889
2,21986,0.0,1789584630419,120719932467889
3,21986,0.0,1789584630419,120719932467889
4,21986,54.5,1789584630419,120719932467889
5,21986,0.0,1789584630419,120719932467889
6,21986,0.0,1789584630419,120719932467889
7,21986,0.0,1789584630419,120719932467889
0,22087,81.8,1789584630520,120719934881546
1,22087,10.0,1789584630520,120719934881546
2,22087,9.1,1789584630520,120719934881546
3,22087,0.0,1789584630520,120719934881546
4,22087,33.3,1789584630520,120719934881546
5,22087,0.0,1789584630520,120719934881546
6,22087,0.0,1789584630520,120719934881546
7,22087,0.0,1789584630520,120719934881546
0,22187,77.8,1789584630620,120719937295432
1,22187,0.0,1789584630620,120719937295432
2,22187,0.0,1789584630620,120719937295432
3,22187,0.0,1789584630620,120719937295432
4,22187,54.5,1789584630620,120719937295432
5,22187,0.0,1789584630620,120719937295432
6,22187,0.0,1789584630620,120719937295432
7,22187,0.0,1789584630620,120719937295432
0,22288,90.0,1789584630721,120719939709217
1,22288,10.0,1789584630721,120719939709217
2,22288,0.0,1789584630721,120719939709217
3,22288,0.0,1789584630721,120719939709217
4,22288,40.0,1789584630721,120719939709217
5,22288,0.0,1789584630721,120719939709217
6,22288,0.0,1789584630721,120719939709217
7,22288,0.0,1789584630721,120719939709217
0,22389,77.8,1789584630822,120719942125145
1,22389,0.0,1789584630822,120719942125145
2,22389,0.0,1789584630822,120719942125145
3,22389,0.0,1789584630822,120719942125145
4,22389,50.0,1789584630822,120719942125145
5,22389,0.0,1789584630822,120719942125145
6,22389,0.0,1789584630822,120719942125145
7,22389,0.0,1789584630822,120719942125145
0,22489,77.8,1789584630922,120719944538780
1,22489,10.0,1789584630922,120719944538780
2,22489,0.0,1789584630922,120719944538780
3,22489,0.0,1789584630922,120719944538780
4,22489,40.0,1789584630922,120719944538780
5,22489,0.0,1789584630922,120719944538780
6,22489,0.0,1789584630922,120719944538780
7,22489,0.0,1789584630922,120719944538780
0,22590,81.8,1789584631023,120719946952618
1,22590,0.0,1789584631023,120719946952618
2,22590,0.0,1789584631023,120719946952618
3,22590,0.0,1789584631023,120719946952618
4,22590,50.0,1789584631023,120719946952618
5,22590,0.0,1789584631023,120719946952618
6,22590,0.0,1789584631023,120719946952618
7,22590,9.1,1789584631023,120719946952618
0,22691,81.8,1789584631124,120719949368533
1,22691,9.1,1789584631124,120719949368533
2,22691,0.0,1789584631124,120719949368533
3,22691,0.0,1789584631124,120719949368533
4,22691,40.0,1789584631124,120719949368533
5,22691,0.0,1789584631124,120719949368533
6,22691,0.0,1789584631124,120719949368533
7,22691,9.1,1789584631124,120719949368533
0,22791,80.0,1789584631224,120719951781969
1,22791,10.0,1789584631224,120719951781969
2,22791,0.0,1789584631224,120719951781969
3,22791,0.0,1789584631224,120719951781969
4,22791,60.0,1789584631224,120719951781969
5,22791,9.1,1789584631224,120719951781969
6,22791,9.1,1789584631224,120719951781969
7,22791,0.0,1789584631224,120719951781969
0,22892,88.9,1789584631325,120719954195702
1,22892,0.0,1789584631325,120719954195702
2,22892,0.0,1789584631325,120719954195702
3,22892,0.0,1789584631325,120719954195702
4,22892,40.0,1789584631325,120719954195702
5,22892,0.0,1789584631325,120719954195702
6,22892,0.0,1789584631325,120719954195702
7,22892,0.0,1789584631325,120719954195702
0,22992,80.0,1789584631425,120719956610187
1,22992,10.0,1789584631425,120719956610187
2,22992,0.0,1789584631425,120719956610187
3,22992,0.0,1789584631425,120719956610187
4,22992,50.0,1789584631425,120719956610187
5,22992,0.0,1789584631425,120719956610187
6,22992,0.0,1789584631425,120719956610187
7,22992,0.0,1789584631425,120719956610187
0,23093,80.0,1789584631526,120719959023564
1,23093,0.0,1789584631526,120719959023564
2,23093,0.0,1789584631526,120719959023564
3,23093,0.0,1789584631526,120719959023564
4,23093,40.0,1789584631526,120719959023564
5,23093,0.0,1789584631526,120719959023564
6,23093,0.0,1789584631526,120719959023564
7,23093,0.0,1789584631526,120719959023564
0,23193,80.0,1789584631626,120719961437906
1,23193,0.0,1789584631626,120719961437906
2,23193,0.0,1789584631626,120719961437906
3,23193,0.0,1789584631626,120719961437906
4,23193,55.6,1789584631626,120719961437906
5,23193,9.1,1789584631626,120719961437906
6,23193,0.0,1789584631626,120719961437906
7,23193,0.0,1789584631626,120719961437906
0,23294,66.7,1789584631727,120719963852397
1,23294,0.0,1789584631727,120719963852397
2,23294,9.1,1789584631727,120719963852397
3,23294,0.0,1789584631727,120719963852397
4,23294,36.4,1789584631727,120719963852397
5,23294,11.1,1789584631727,120719963852397
6,23294,0.0,1789584631727,120719963852397
7,23294,0.0,1789584631727,120719963852397
0,23395,18.2,1789584631828,120719966264827
1,23395,10.0,1789584631828,120719966264827
2,23395,10.0,1789584631828,120719966264827
3,23395,10.0,1789584631828,120719966264827
4,23395,33.3,1789584631828,120719966264827
5,23395,20.0,1789584631828,120719966264827
6,23395,10.0,1789584631828,120719966264827
7,23395,20.0,1789584631828,120719966264827
0,23495,0.0,1789584631928,120719968676268
1,23495,0.0,1789584631928,120719968676268
2,23495,0.0,1789584631928,120719968676268
3,23495,45.5,1789584631928,120719968676268
4,23495,18.2,1789584631928,120719968676268
5,23495,0.0,1789584631928,120719968676268
6,23495,0.0,1789584631928,120719968676268
7,23495,9.1,1789584631928,120719968676268
0,23596,0.0,1789584632029,120719971089666
1,23596,10.0,1789584632029,120719971089666
2,23596,0.0,1789584632029,120719971089666
3,23596,0.0,1789584632029,120719971089666
4,23596,36.4,1789584632029,120719971089666
5,23596,0.0,1789584632029,120719971089666
6,23596,20.0,1789584632029,120719971089666
7,23596,0.0,1789584632029,120719971089666
0,23696,9.1,1789584632129,120719973502939
1,23696,9.1,1789584632129,120719973502939
2,23696,0.0,1789584632129,120719973502939
3,23696,10.0,1789584632129,120719973502939
4,23696,0.0,1789584632129,120719973502939
5,23696,0.0,1789584632129,120719973502939
6,23696,0.0,1789584632129,120719973502939
7,23696,0.0,1789584632129,120719973502939
0,23797,0.0,1789584632230,120719975915661
1,23797,0.0,1789584632230,120719975915661
2,23797,18.2,1789584632230,120719975915661
3,23797,10.0,1789584632230,120719975915661
4,23797,0.0,1789584632230,120719975915661
5,23797,0.0,1789584632230,120719975915661
6,23797,0.0,1789584632230,120719975915661
7,23797,20.0,1789584632230,120719975915661
0,23897,0.0,1789584632330,120719978328078
1,23897,0.0,1789584632330,120719978328078
2,23897,10.0,1789584632330,120719978328078
3,23897,0.0,1789584632330,120719978328078
4,23897,0.0,1789584632330,120719978328078
5,23897,0.0,1789584632330,120719978328078
6,23897,0.0,1789584632330,120719978328078
7,23897,11.1,1789584632330,120719978328078
0,23998,22.2,1789584632431,120719980740803
1,23998,0.0,1789584632431,120719980740803
2,23998,10.0,1789584632431,120719980740803
3,23998,0.0,1789584632431,120719980740803
4,23998,33.3,1789584632431,120719980740803
5,23998,10.0,1789584632431,120719980740803
6,23998,0.0,1789584632431,120719980740803
7,23998,10.0,1789584632431,120719980740803
0,24098,0.0,1789584632531,120719983152706
1,24098,0.0,1789584632531,120719983152706
2,24098,0.0,1789584632531,120719983152706
3,24098,40.0,1789584632531,120719983152706
4,24098,18.2,1789584632531,120719983152706
5,24098,0.0,1789584632531,120719983152706
6,24098,10.0,1789584632531,120719983152706
7,24098,0.0,1789584632531,120719983152706
0,24199,9.1,1789584632632,120719985565354
1,24199,0.0,1789584632632,120719985565354
2,24199,0.0,1789584632632,120719985565354
3,24199,10.0,1789584632632,120719985565354
4,24199,22.2,1789584632632,120719985565354
5,24199,0.0,1789584632632,120719985565354
6,24199,11.1,1789584632632,120719985565354
7,24199,10.0,1789584632632,120719985565354
0,24299,10.0,1789584632732,120719987978352
1,24299,10.0,1789584632732,120719987978352
2,24299,11.1,1789584632732,120719987978352
3,24299,10.0,1789584632732,120719987978352
4,24299,10.0,1789584632732,120719987978352
5,24299,0.0,1789584632732,120719987978352
6,24299,0.0,1789584632732,120719987978352
7,24299,9.1,1789584632732,120719987978352
0,24400,0.0,1789584632833,120719990391603
1,24400,0.0,1789584632833,120719990391603
2,24400,9.1,1789584632833,120719990391603
3,24400,9.1,1789584632833,120719990391603
4,24400,0.0,1789584632833,120719990391603
5,24400,9.1,1789584632833,120719990391603
6,24400,9.1,1789584632833,120719990391603
7,24400,0.0,1789584632833,120719990391603
0,24500,0.0,1789584632933,120719992801198
1,24500,0.0,1789584632933,120719992801198
2,24500,0.0,1789584632933,120719992801198
3,24500,0.0,1789584632933,120719992801198
4,24500,0.0,1789584632933,120719992801198
5,24500,0.0,1789584632933,120719992801198
6,24500,0.0,1789584632933,120719992801198
7,24500,0.0,1789584632933,120719992801198
0,24601,0.0,1789584633034,120719995209450
1,24601,0.0,1789584633034,120719995209450
2,24601,0.0,1789584633034,120719995209450
3,24601,0.0,1789584633034,120719995209450
4,24601,0.0,1789584633034,120719995209450
5,24601,0.0,1789584633034,120719995209450
6,24601,0.0,1789584633034,120719995209450
7,24601,0.0,1789584633034,120719995209450
0,24701,0.0,1789584633134,120719997617121
1,24701,0.0,1789584633134,120719997617121
2,24701,0.0,1789584633134,120719997617121
3,24701,0.0,1789584633134,120719997617121
4,24701,0.0,1789584633134,120719997617121
5,24701,0.0,1789584633134,120719997617121
6,24701,0.0,1789584633134,120719997617121
7,24701,0.0,1789584633134,120719997617121
0,24801,0.0,1789584633234,120720000028172
1,24801,0.0,1789584633234,120720000028172
2,24801,0.0,1789584633234,120720000028172
3,24801,0.0,1789584633234,120720000028172
4,24801,0.0,1789584633234,120720000028172
5,24801,0.0,1789584633234,120720000028172
6,24801,0.0,1789584633234,120720000028172
7,24801,0.0,1789584633234,120720000028172
0,24902,0.0,1789584633335,120720002441041
1,24902,0.0,1789584633335,120720002441041
2,24902,0.0,1789584633335,120720002441041
3,24902,0.0,1789584633335,120720002441041
4,24902,0.0,1789584633335,120720002441041
5,24902,0.0,1789584633335,120720002441041
6,24902,0.0,1789584633335,120720002441041
7,24902,0.0,1789584633335,120720002441041
0,25002,0.0,1789584633435,120720004851147
1,25002,0.0,1789584633435,120720004851147
2,25002,0.0,1789584633435,120720004851147
3,25002,0.0,1789584633435,120720004851147
4,25002,0.0,1789584633435,120720004851147
5,25002,0.0,1789584633435,120720004851147
6,25002,0.0,1789584633435,120720004851147
7,25002,0.0,1789584633435,120720004851147
0,25103,0.0,1789584633536,120720007260603
1,25103,0.0,1789584633536,120720007260603
2,25103,0.0,1789584633536,120720007260603
3,25103,0.0,1789584633536,120720007260603
4,25103,0.0,1789584633536,120720007260603
5,25103,0.0,1789584633536,120720007260603
6,25103,0.0,1789584633536,120720007260603
7,25103,0.0,1789584633536,120720007260603
0,25203,0.0,1789584633636,120720009669085
1,25203,0.0,1789584633636,120720009669085
2,25203,0.0,1789584633636,120720009669085
3,25203,0.0,1789584633636,120720009669085
4,25203,0.0,1789584633636,120720009669085
5,25203,0.0,1789584633636,120720009669085
6,25203,0.0,1789584633636,120720009669085
7,25203,0.0,1789584633636,120720009669085
0,25303,0.0,1789584633736,120720012078679
1,25303,0.0,1789584633736,120720012078679
2,25303,0.0,1789584633736,120720012078679
3,25303,0.0,1789584633736,120720012078679
4,25303,0.0,1789584633736,120720012078679
5,25303,0.0,1789584633736,120720012078679
6,25303,0.0,1789584633736,120720012078679
7,25303,0.0,1789584633736,120720012078679
0,25404,0.0,1789584633837,120720014488168
1,25404,0.0,1789584633837,120720014488168
2,25404,0.0,1789584633837,120720014488168
3,25404,0.0,1789584633837,120720014488168
4,25404,0.0,1789584633837,120720014488168
5,25404,0.0,1789584633837,120720014488168
6,25404,0.0,1789584633837,120720014488168
7,25404,0.0,1789584633837,120720014488168
0,25504,0.0,1789584633937,120720016897358
1,25504,0.0,1789584633937,120720016897358
2,25504,0.0,1789584633937,120720016897358
3,25504,0.0,1789584633937,120720016897358
4,25504,0.0,1789584633937,120720016897358
5,25504,0.0,1789584633937,120720016897358
6,25504,0.0,1789584633937,120720016897358
7,25504,0.0,1789584633937,120720016897358
0,25605,0.0,1789584634038,120720019306542
1,25605,0.0,1789584634038,120720019306542
2,25605,0.0,1789584634038,120720019306542
3,25605,0.0,1789584634038,120720019306542
4,25605,0.0,1789584634038,120720019306542
5,25605,0.0,1789584634038,120720019306542
6,25605,0.0,1789584634038,120720019306542
7,25605,0.0,1789584634038,120720019306542
0,25705,0.0,1789584634138,120720021715791
1,25705,0.0,1789584634138,120720021715791
2,25705,0.0,1789584634138,120720021715791
3,25705,0.0,1789584634138,120720021715791
4,25705,0.0,1789584634138,120720021715791
5,25705,0.0,1789584634138,120720021715791
6,25705,0.0,1789584634138,120720021715791
7,25705,0.0,1789584634138,120720021715791
0,25806,0.0,1789584634239,120720024126895
1,25806,0.0,1789584634239,120720024126895
2,25806,0.0,1789584634239,120720024126895
3,25806,0.0,1789584634239,120720024126895
4,25806,0.0,1789584634239,120720024126895
5,25806,0.0,1789584634239,120720024126895
6,25806,0.0,1789584634239,120720024126895
7,25806,0.0,1789584634239,120720024126895
0,25906,0.0,1789584634339,120720026537696
1,25906,0.0,1789584634339,120720026537696
2,25906,0.0,1789584634339,120720026537696
3,25906,0.0,1789584634339,120720026537696
4,25906,0.0,1789584634339,120720026537696
5,25906,0.0,1789584634339,120720026537696
6,25906,0.0,1789584634339,120720026537696
7,25906,0.0,1789584634339,120720026537696
0,26006,0.0,1789584634439,120720028947332
1,26006,9.1,1789584634439,120720028947332
2,26006,0.0,1789584634439,120720028947332
3,26006,0.0,1789584634439,120720028947332
4,26006,0.0,1789584634439,120720028947332
5,26006,0.0,1789584634439,120720028947332
6,26006,0.0,1789584634439,120720028947332
7,26006,0.0,1789584634439,120720028947332
0,26107,0.0,1789584634540,120720031355297
1,26107,0.0,1789584634540,120720031355297
2,26107,0.0,1789584634540,120720031355297
3,26107,0.0,1789584634540,120720031355297
4,26107,0.0,1789584634540,120720031355297
5,26107,0.0,1789584634540,120720031355297
6,26107,10.0,1789584634540,120720031355297
7,26107,0.0,1789584634540,120720031355297
0,26207,0.0,1789584634640,120720033763618
1,26207,0.0,1789584634640,120720033763618
2,26207,0.0,1789584634640,120720033763618
3,26207,0.0,1789584634640,120720033763618
4,26207,0.0,1789584634640,120720033763618
5,26207,0.0,1789584634640,120720033763618
6,26207,9.1,1789584634640,120720033763618
7,26207,0.0,1789584634640,120720033763618
0,26307,0.0,1789584634740,120720036171129
1,26307,0.0,1789584634740,120720036171129
2,26307,0.0,1789584634740,120720036171129
3,26307,0.0,1789584634740,120720036171129
4,26307,0.0,1789584634740,120720036171129
5,26307,0.0,1789584634740,120720036171129
6,26307,0.0,1789584634740,120720036171129
7,26307,0.0,1789584634740,120720036171129
0,26408,0.0,1789584634841,120720038581809
1,26408,0.0,1789584634841,120720038581809
2,26408,11.1,1789584634841,120720038581809
3,26408,30.0,1789584634841,120720038581809
4,26408,0.0,1789584634841,120720038581809
5,26408,0.0,1789584634841,120720038581809
6,26408,0.0,1789584634841,120720038581809
7,26408,0.0,1789584634841,120720038581809
0,26508,0.0,1789584634941,120720040993295
1,26508,0.0,1789584634941,120720040993295
2,26508,0.0,1789584634941,120720040993295
3,26508,10.0,1789584634941,120720040993295
4,26508,40.0,1789584634941,120720040993295
5,26508,0.0,1789584634941,120720040993295
6,26508,0.0,1789584634941,120720040993295
7,26508,0.0,1789584634941,120720040993295
0,26609,0.0,1789584635042,120720043404931
1,26609,10.0,1789584635042,120720043404931
2,26609,0.0,1789584635042,120720043404931
3,26609,33.3,1789584635042,120720043404931
4,26609,10.0,1789584635042,120720043404931
5,26609,16.7,1789584635042,120720043404931
6,26609,11.1,1789584635042,120720043404931
7,26609,0.0,1789584635042,120720043404931
0,26709,10.0,1789584635142,120720045817923
1,26709,0.0,1789584635142,120720045817923
2,26709,9.1,1789584635142,120720045817923
3,26709,9.1,1789584635142,120720045817923
4,26709,10.0,1789584635142,120720045817923
5,26709,0.0,1789584635142,120720045817923
6,26709,0.0,1789584635142,120720045817923
7,26709,0.0,1789584635142,120720045817923
0,26810,20.0,1789584635243,120720048232350
1,26810,9.1,1789584635243,120720048232350
2,26810,20.0,1789584635243,120720048232350
3,26810,10.0,1789584635243,120720048232350
4,26810,0.0,1789584635243,120720048232350
5,26810,0.0,1789584635243,120720048232350
6,26810,10.0,1789584635243,120720048232350
7,26810,10.0,1789584635243,120720048232350
0,26910,0.0,1789584635343,120720050644812
1,26910,0.0,1789584635343,120720050644812
2,26910,0.0,1789584635343,120720050644812
3,26910,0.0,1789584635343,120720050644812
4,26910,0.0,1789584635343,120720050644812
5,26910,0.0,1789584635343,120720050644812
6,26910,0.0,1789584635343,120720050644812
7,26910,0.0,1789584635343,120720050644812
0,27011,0.0,1789584635444,120720053053844
1,27011,0.0,1789584635444,120720053053844
2,27011,0.0,1789584635444,120720053053844
3,27011,0.0,1789584635444,120720053053844
4,27011,0.0,1789584635444,120720053053844
5,27011,0.0,1789584635444,120720053053844
6,27011,0.0,1789584635444,120720053053844
7,27011,0.0,1789584635444,120720053053844
0,27111,0.0,1789584635544,120720055461276
1,27111,0.0,1789584635544,120720055461276
2,27111,0.0,1789584635544,120720055461276
3,27111,0.0,1789584635544,120720055461276
4,27111,0.0,1789584635544,120720055461276
5,27111,0.0,1789584635544,120720055461276
6,27111,0.0,1789584635544,120720055461276
7,27111,0.0,1789584635544,120720055461276
0,27212,0.0,1789584635645,120720057871412
1,27212,0.0,1789584635645,120720057871412
2,27212,0.0,1789584635645,120720057871412
3,27212,0.0,1789584635645,120720057871412
4,27212,0.0,1789584635645,120720057871412
5,27212,0.0,1789584635645,120720057871412
6,27212,0.0,1789584635645,120720057871412
7,27212,0.0,1789584635645,120720057871412
0,27312,0.0,1789584635745,120720060281051
1,27312,0.0,1789584635745,120720060281051
2,27312,0.0,1789584635745,120720060281051
3,27312,0.0,1789584635745,120720060281051
4,27312,0.0,1789584635745,120720060281051
5,27312,0.0,1789584635745,120720060281051
6,27312,0.0,1789584635745,120720060281051
7,27312,0.0,1789584635745,120720060281051
0,27412,0.0,1789584635845,120720062688488
1,27412,0.0,1789584635845,120720062688488
2,27412,0.0,1789584635845,120720062688488
3,27412,0.0,1789584635845,120720062688488
4,27412,0.0,1789584635845,120720062688488
5,27412,0.0,1789584635845,120720062688488
6,27412,0.0,1789584635845,120720062688488
7,27412,0.0,1789584635845,120720062688488
0,27513,0.0,1789584635946,120720065095909
1,27513,0.0,1789584635946,120720065095909
2,27513,0.0,1789584635946,120720065095909
3,27513,0.0,1789584635946,120720065095909
4,27513,0.0,1789584635946,120720065095909
5,27513,0.0,1789584635946,120720065095909
6,27513,0.0,1789584635946,120720065095909
7,27513,0.0,1789584635946,120720065095909
0,27613,0.0,1789584636046,120720067503048
1,27613,0.0,1789584636046,120720067503048
2,27613,0.0,1789584636046,120720067503048
3,27613,0.0,1789584636046,120720067503048
4,27613,0.0,1789584636046,120720067503048
5,27613,0.0,1789584636046,120720067503048
6,27613,0.0,1789584636046,120720067503048
7,27613,0.0,1789584636046,120720067503048
0,27713,0.0,1789584636146,120720069909871
1,27713,0.0,1789584636146,120720069909871
2,27713,0.0,1789584636146,120720069909871
3,27713,0.0,1789584636146,120720069909871
4,27713,0.0,1789584636146,120720069909871
5,27713,0.0,1789584636146,120720069909871
6,27713,0.0,1789584636146,120720069909871
7,27713,0.0,1789584636146,120720069909871
0,27814,0.0,1789584636247,120720072317880
1,27814,0.0,1789584636247,120720072317880
2,27814,0.0,1789584636247,120720072317880
3,27814,0.0,1789584636247,120720072317880
4,27814,0.0,1789584636247,120720072317880
5,27814,0.0,1789584636247,120720072317880
6,27814,0.0,1789584636247,120720072317880
7,27814,0.0,1789584636247,120720072317880
0,27914,0.0,1789584636347,120720074725364
1,27914,0.0,1789584636347,120720074725364
2,27914,0.0,1789584636347,120720074725364
3,27914,0.0,1789584636347,120720074725364
4,27914,0.0,1789584636347,120720074725364
5,27914,0.0,1789584636347,120720074725364
6,27914,0.0,1789584636347,120720074725364
7,27914,0.0,1789584636347,120720074725364
0,28014,0.0,1789584636447,120720077133245
1,28014,9.1,1789584636447,120720077133245
2,28014,0.0,1789584636447,120720077133245
3,28014,0.0,1789584636447,120720077133245
4,28014,0.0,1789584636447,120720077133245
5,28014,0.0,1789584636447,120720077133245
6,28014,0.0,1789584636447,120720077133245
7,28014,0.0,1789584636447,120720077133245
0,28115,0.0,1789584636548,120720079542239
1,28115,0.0,1789584636548,120720079542239
2,28115,0.0,1789584636548,120720079542239
3,28115,0.0,1789584636548,120720079542239
4,28115,0.0,1789584636548,120720079542239
5,28115,0.0,1789584636548,120720079542239
6,28115,0.0,1789584636548,120720079542239
7,28115,9.1,1789584636548,120720079542239
0,28215,0.0,1789584636648,120720081950258
1,28215,0.0,1789584636648,120720081950258
2,28215,0.0,1789584636648,120720081950258
3,28215,0.0,1789584636648,120720081950258
4,28215,0.0,1789584636648,120720081950258
5,28215,0.0,1789584636648,120720081950258
6,28215,0.0,1789584636648,120720081950258
7,28215,0.0,1789584636648,120720081950258
0,28315,0.0,1789584636748,120720084357208
1,28315,0.0,1789584636748,120720084357208
2,28315,0.0,1789584636748,120720084357208
3,28315,0.0,1789584636748,120720084357208
4,28315,0.0,1789584636748,120720084357208
5,28315,0.0,1789584636748,120720084357208
6,28315,0.0,1789584636748,120720084357208
7,28315,0.0,1789584636748,120720084357208
0,28415,0.0,1789584636848,120720086764273
1,28415,0.0,1789584636848,120720086764273
2,28415,0.0,1789584636848,120720086764273
3,28415,0.0,1789584636848,120720086764273
4,28415,0.0,1789584636848,120720086764273
5,28415,0.0,1789584636848,120720086764273
6,28415,0.0,1789584636848,120720086764273
7,28415,0.0,1789584636848,120720086764273
0,28516,0.0,1789584636949,120720089172491
1,28516,0.0,1789584636949,120720089172491
2,28516,0.0,1789584636949,120720089172491
3,28516,0.0,1789584636949,120720089172491
4,28516,0.0,1789584636949,120720089172491
5,28516,0.0,1789584636949,120720089172491
6,28516,0.0,1789584636949,120720089172491
7,28516,0.0,1789584636949,120720089172491
0,28616,0.0,1789584637049,120720091581127
1,28616,0.0,1789584637049,120720091581127
2,28616,0.0,1789584637049,120720091581127
3,28616,0.0,1789584637049,120720091581127
4,28616,0.0,1789584637049,120720091581127
5,28616,0.0,1789584637049,120720091581127
6,28616,0.0,1789584637049,120720091581127
7,28616,0.0,1789584637049,120720091581127
0,28717,0.0,1789584637150,120720093989063
1,28717,0.0,1789584637150,120720093989063
2,28717,0.0,1789584637150,120720093989063
3,28717,0.0,1789584637150,120720093989063
4,28717,0.0,1789584637150,120720093989063
5,28717,0.0,1789584637150,120720093989063
6,28717,0.0,1789584637150,120720093989063
7,28717,0.0,1789584637150,120720093989063
0,28817,0.0,1789584637250,120720096399876
1,28817,0.0,1789584637250,120720096399876
2,28817,0.0,1789584637250,120720096399876
3,28817,0.0,1789584637250,120720096399876
4,28817,0.0,1789584637250,120720096399876
5,28817,0.0,1789584637250,120720096399876
6,28817,0.0,1789584637250,120720096399876
7,28817,0.0,1789584637250,120720096399876
0,28917,22.2,1789584637350,120720098812486
1,28917,0.0,1789584637350,120720098812486
2,28917,0.0,1789584637350,120720098812486
3,28917,0.0,1789584637350,120720098812486
4,28917,0.0,1789584637350,120720098812486
5,28917,18.2,1789584637350,120720098812486
6,28917,0.0,1789584637350,120720098812486
7,28917,18.2,1789584637350,120720098812486
0,29018,50.0,1789584637451,120720101224673
1,29018,0.0,1789584637451,120720101224673
2,29018,0.0,1789584637451,120720101224673
3,29018,0.0,1789584637451,120720101224673
4,29018,0.0,1789584637451,120720101224673
5,29018,30.0,1789584637451,120720101224673
6,29018,0.0,1789584637451,120720101224673
7,29018,0.0,1789584637451,120720101224673
0,29119,10.0,1789584637552,120720103638142
1,29119,18.2,1789584637552,120720103638142
2,29119,0.0,1789584637552,120720103638142
3,29119,9.1,1789584637552,120720103638142
4,29119,0.0,1789584637552,120720103638142
5,29119,20.0,1789584637552,120720103638142
6,29119,10.0,1789584637552,120720103638142
7,29119,0.0,1789584637552,120720103638142
0,29219,0.0,1789584637652,120720106051388
1,29219,0.0,1789584637652,120720106051388
2,29219,0.0,1789584637652,120720106051388
3,29219,0.0,1789584637652,120720106051388
4,29219,18.2,1789584637652,120720106051388
5,29219,0.0,1789584637652,120720106051388
6,29219,0.0,1789584637652,120720106051388
7,29219,9.1,1789584637652,120720106051388
0,29320,0.0,1789584637753,120720108464457
1,29320,0.0,1789584637753,120720108464457
2,29320,0.0,1789584637753,120720108464457
3,29320,0.0,1789584637753,120720108464457
4,29320,0.0,1789584637753,120720108464457
5,29320,10.0,1789584637753,120720108464457
6,29320,10.0,1789584637753,120720108464457
7,29320,20.0,1789584637753,120720108464457
0,29420,0.0,1789584637853,120720110874359
1,29420,0.0,1789584637853,120720110874359
2,29420,0.0,1789584637853,120720110874359
3,29420,0.0,1789584637853,120720110874359
4,29420,0.0,1789584637853,120720110874359
5,29420,0.0,1789584637853,120720110874359
6,29420,0.0,1789584637853,120720110874359
7,29420,0.0,1789584637853,120720110874359
0,29520,0.0,1789584637953,120720113283075
1,29520,0.0,1789584637953,120720113283075
2,29520,0.0,1789584637953,120720113283075
3,29520,0.0,1789584637953,120720113283075
4,29520,0.0,1789584637953,120720113283075
5,29520,0.0,1789584637953,120720113283075
6,29520,0.0,1789584637953,120720113283075
7,29520,0.0,1789584637953,120720113283075
0,29621,0.0,1789584638054,120720115690741
1,29621,0.0,1789584638054,120720115690741
2,29621,0.0,1789584638054,120720115690741
3,29621,0.0,1789584638054,120720115690741
4,29621,0.0,1789584638054,120720115690741
5,29621,0.0,1789584638054,120720115690741
6,29621,0.0,1789584638054,120720115690741
7,29621,0.0,1789584638054,120720115690741
0,29721,0.0,1789584638154,120720118099099
1,29721,0.0,1789584638154,120720118099099
2,29721,0.0,1789584638154,120720118099099
3,29721,0.0,1789584638154,120720118099099
4,29721,0.0,1789584638154,120720118099099
5,29721,0.0,1789584638154,120720118099099
6,29721,0.0,1789584638154,120720118099099
7,29721,0.0,1789584638154,120720118099099
0,29821,0.0,1789584638254,120720120506130
1,29821,0.0,1789584638254,120720120506130
2,29821,0.0,1789584638254,120720120506130
3,29821,0.0,1789584638254,120720120506130
4,29821,0.0,1789584638254,120720120506130
5,29821,0.0,1789584638254,120720120506130
6,29821,0.0,1789584638254,120720120506130
7,29821,0.0,1789584638254,120720120506130
0,29922,0.0,1789584638355,120720122916003
1,29922,0.0,1789584638355,120720122916003
2,29922,0.0,1789584638355,120720122916003
3,29922,0.0,1789584638355,120720122916003
4,29922,0.0,1789584638355,120720122916003
5,29922,0.0,1789584638355,120720122916003
6,29922,0.0,1789584638355,120720122916003
7,29922,0.0,1789584638355,120720122916003
0,30022,0.0,1789584638455,120720125329396
1,30022,0.0,1789584638455,120720125329396
2,30022,0.0,1789584638455,120720125329396
3,30022,0.0,1789584638455,120720125329396
4,30022,0.0,1789584638455,120720125329396
5,30022,0.0,1789584638455,120720125329396
6,30022,0.0,1789584638455,120720125329396
7,30022,0.0,1789584638455,120720125329396
0,30123,0.0,1789584638556,120720127741216
1,30123,0.0,1789584638556,120720127741216
2,30123,0.0,1789584638556,120720127741216
3,30123,0.0,1789584638556,120720127741216
4,30123,0.0,1789584638556,120720127741216
5,30123,0.0,1789584638556,120720127741216
6,30123,0.0,1789584638556,120720127741216
7,30123,0.0,1789584638556,120720127741216
0,30223,0.0,1789584638656,120720130152904
1,30223,0.0,1789584638656,120720130152904
2,30223,0.0,1789584638656,120720130152904
3,30223,0.0,1789584638656,120720130152904
4,30223,0.0,1789584638656,120720130152904
5,30223,0.0,1789584638656,120720130152904
6,30223,0.0,1789584638656,120720130152904
7,30223,0.0,1789584638656,120720130152904
0,30324,20.0,1789584638757,120720132566113
1,30324,0.0,1789584638757,120720132566113
2,30324,0.0,1789584638757,120720132566113
3,30324,10.0,1789584638757,120720132566113
4,30324,0.0,1789584638757,120720132566113
5,30324,0.0,1789584638757,120720132566113
6,30324,0.0,1789584638757,120720132566113
7,30324,0.0,1789584638757,120720132566113
0,30424,0.0,1789584638857,120720134975907
1,30424,0.0,1789584638857,120720134975907
2,30424,0.0,1789584638857,120720134975907
3,30424,0.0,1789584638857,120720134975907
4,30424,0.0,1789584638857,120720134975907
5,30424,0.0,1789584638857,120720134975907
6,30424,0.0,1789584638857,120720134975907
7,30424,0.0,1789584638857,120720134975907
0,30525,0.0,1789584638958,120720137383898
1,30525,0.0,1789584638958,120720137383898
2,30525,0.0,1789584638958,120720137383898
3,30525,0.0,1789584638958,120720137383898
4,30525,0.0,1789584638958,120720137383898
5,30525,0.0,1789584638958,120720137383898
6,30525,0.0,1789584638958,120720137383898
7,30525,0.0,1789584638958,120720137383898
0,30625,0.0,1789584639058,120720139793858
1,30625,0.0,1789584639058,120720139793858
2,30625,0.0,1789584639058,120720139793858
3,30625,0.0,1789584639058,120720139793858
4,30625,0.0,1789584639058,120720139793858
5,30625,0.0,1789584639058,120720139793858
6,30625,0.0,1789584639058,120720139793858
7,30625,0.0,1789584639058,120720139793858
0,30725,0.0,1789584639158,120720142202504
1,30725,0.0,1789584639158,120720142202504
2,30725,0.0,1789584639158,120720142202504
3,30725,0.0,1789584639158,120720142202504
4,30725,0.0,1789584639158,120720142202504
5,30725,0.0,1789584639158,120720142202504
6,30725,0.0,1789584639158,120720142202504
7,30725,0.0,1789584639158,120720142202504
0,30826,0.0,1789584639259,120720144610293
1,30826,0.0,1789584639259,120720144610293
2,30826,0.0,1789584639259,120720144610293
3,30826,0.0,1789584639259,120720144610293
4,30826,0.0,1789584639259,120720144610293
5,30826,0.0,1789584639259,120720144610293
6,30826,0.0,1789584639259,120720144610293
7,30826,0.0,1789584639259,120720144610293
0,30926,0.0,1789584639359,120720147021564
1,30926,0.0,1789584639359,120720147021564
2,30926,0.0,1789584639359,120720147021564
3,30926,0.0,1789584639359,120720147021564
4,30926,0.0,1789584639359,120720147021564
5,30926,0.0,1789584639359,120720147021564
6,30926,0.0,1789584639359,120720147021564
7,30926,0.0,1789584639359,120720147021564
0,31027,0.0,1789584639460,120720149431815
1,31027,0.0,1789584639460,120720149431815
2,31027,0.0,1789584639460,120720149431815
3,31027,0.0,1789584639460,120720149431815
4,31027,0.0,1789584639460,120720149431815
5,31027,0.0,1789584639460,120720149431815
6,31027,0.0,1789584639460,120720149431815
7,31027,0.0,1789584639460,120720149431815
0,31127,0.0,1789584639560,120720151840317
1,31127,0.0,1789584639560,120720151840317
2,31127,0.0,1789584639560,120720151840317
3,31127,0.0,1789584639560,120720151840317
4,31127,0.0,1789584639560,120720151840317
5,31127,0.0,1789584639560,120720151840317
6,31127,0.0,1789584639560,120720151840317
7,31127,0.0,1789584639560,120720151840317
0,31227,0.0,1789584639660,120720154247672
1,31227,0.0,1789584639660,120720154247672
2,31227,0.0,1789584639660,120720154247672
3,31227,0.0,1789584639660,120720154247672
4,31227,0.0,1789584639660,120720154247672
5,31227,0.0,1789584639660,120720154247672
6,31227,0.0,1789584639660,120720154247672
7,31227,0.0,1789584639660,120720154247672
0,31328,30.0,1789584639761,120720156658339
1,31328,0.0,1789584639761,120720156658339
2,31328,0.0,1789584639761,120720156658339
3,31328,0.0,1789584639761,120720156658339
4,31328,0.0,1789584639761,120720156658339
5,31328,0.0,1789584639761,120720156658339
6,31328,0.0,1789584639761,120720156658339
7,31328,18.2,1789584639761,120720156658339
0,31428,10.0,1789584639861,120720159070888
1,31428,0.0,1789584639861,120720159070888
2,31428,0.0,1789584639861,120720159070888
3,31428,44.4,1789584639861,120720159070888
4,31428,0.0,1789584639861,120720159070888
5,31428,0.0,1789584639861,120720159070888
6,31428,0.0,1789584639861,120720159070888
7,31428,0.0,1789584639861,120720159070888
0,31529,40.0,1789584639962,120720161484262
1,31529,0.0,1789584639962,120720161484262
2,31529,9.1,1789584639962,120720161484262
3,31529,10.0,1789584639962,120720161484262
4,31529,0.0,1789584639962,120720161484262
5,31529,0.0,1789584639962,120720161484262
6,31529,10.0,1789584639962,120720161484262
7,31529,0.0,1789584639962,120720161484262
0,31629,10.0,1789584640062,120720163898121
1,31629,9.1,1789584640062,120720163898121
2,31629,11.1,1789584640062,120720163898121
3,31629,0.0,1789584640062,120720163898121
4,31629,0.0,1789584640062,120720163898121
5,31629,10.0,1789584640062,120720163898121
6,31629,11.1,1789584640062,120720163898121
7,31629,0.0,1789584640062,120720163898121
0,31730,0.0,1789584640163,120720166312846
1,31730,0.0,1789584640163,120720166312846
2,31730,0.0,1789584640163,120720166312846
3,31730,0.0,1789584640163,120720166312846
4,31730,0.0,1789584640163,120720166312846
5,31730,10.0,1789584640163,120720166312846
6,31730,9.1,1789584640163,120720166312846
7,31730,0.0,1789584640163,120720166312846
0,31831,0.0,1789584640264,120720168726218
1,31831,0.0,1789584640264,120720168726218
2,31831,9.1,1789584640264,120720168726218
3,31831,9.1,1789584640264,120720168726218
4,31831,0.0,1789584640264,120720168726218
5,31831,0.0,1789584640264,120720168726218
6,31831,0.0,1789584640264,120720168726218
7,31831,10.0,1789584640264,120720168726218
0,31931,0.0,1789584640364,120720171138920
1,31931,0.0,1789584640364,120720171138920
2,31931,0.0,1789584640364,120720171138920
3,31931,0.0,1789584640364,120720171138920
4,31931,0.0,1789584640364,120720171138920
5,31931,0.0,1789584640364,120720171138920
6,31931,0.0,1789584640364,120720171138920
7,31931,0.0,1789584640364,120720171138920
0,32032,0.0,1789584640465,120720173550789
1,32032,0.0,1789584640465,120720173550789
2,32032,20.0,1789584640465,120720173550789
3,32032,0.0,1789584640465,120720173550789
4,32032,0.0,1789584640465,120720173550789
5,32032,0.0,1789584640465,120720173550789
6,32032,20.0,1789584640465,120720173550789
7,32032,11.1,1789584640465,120720173550789
0,32132,0.0,1789584640565,120720175963807
1,32132,0.0,1789584640565,120720175963807
2,32132,0.0,1789584640565,120720175963807
3,32132,0.0,1789584640565,120720175963807
4,32132,0.0,1789584640565,120720175963807
5,32132,0.0,1789584640565,120720175963807
6,32132,0.0,1789584640565,120720175963807
7,32132,0.0,1789584640565,120720175963807
0,32233,0.0,1789584640666,120720178372555
1,32233,0.0,1789584640666,120720178372555
2,32233,0.0,1789584640666,120720178372555
3,32233,0.0,1789584640666,120720178372555
4,32233,0.0,1789584640666,120720178372555
5,32233,0.0,1789584640666,120720178372555
6,32233,0.0,1789584640666,120720178372555
7,32233,0.0,1789584640666,120720178372555
0,32333,0.0,1789584640766,120720180779854
1,32333,0.0,1789584640766,120720180779854
2,32333,0.0,1789584640766,120720180779854
3,32333,0.0,1789584640766,120720180779854
4,32333,0.0,1789584640766,120720180779854
5,32333,0.0,1789584640766,120720180779854
6,32333,0.0,1789584640766,120720180779854
7,32333,0.0,1789584640766,120720180779854
0,32433,0.0,1789584640866,120720183188044
1,32433,0.0,1789584640866,120720183188044
2,32433,0.0,1789584640866,120720183188044
3,32433,0.0,1789584640866,120720183188044
4,32433,0.0,1789584640866,120720183188044
5,32433,0.0,1789584640866,120720183188044
6,32433,0.0,1789584640866,120720183188044
7,32433,0.0,1789584640866,120720183188044
0,32534,0.0,1789584640967,120720185595338
1,32534,0.0,1789584640967,120720185595338
2,32534,0.0,1789584640967,120720185595338
3,32534,0.0,1789584640967,120720185595338
4,32534,0.0,1789584640967,120720185595338
5,32534,0.0,1789584640967,120720185595338
6,32534,0.0,1789584640967,120720185595338
7,32534,0.0,1789584640967,120720185595338
0,32634,0.0,1789584641067,120720188002965
1,32634,0.0,1789584641067,120720188002965
2,32634,0.0,1789584641067,120720188002965
3,32634,0.0,1789584641067,120720188002965
4,32634,0.0,1789584641067,120720188002965
5,32634,0.0,1789584641067,120720188002965
6,32634,0.0,1789584641067,120720188002965
7,32634,0.0,1789584641067,120720188002965
0,32734,0.0,1789584641167,120720190411375
1,32734,9.1,1789584641167,120720190411375
2,32734,0.0,1789584641167,120720190411375
3,32734,0.0,1789584641167,120720190411375
4,32734,0.0,1789584641167,120720190411375
5,32734,0.0,1789584641167,120720190411375
6,32734,0.0,1789584641167,120720190411375
7,32734,0.0,1789584641167,120720190411375
0,32834,0.0,1789584641267,120720192818639
1,32834,0.0,1789584641267,120720192818639
2,32834,0.0,1789584641267,120720192818639
3,32834,0.0,1789584641267,120720192818639
4,32834,0.0,1789584641267,120720192818639
5,32834,0.0,1789584641267,120720192818639
6,32834,0.0,1789584641267,120720192818639
7,32834,0.0,1789584641267,120720192818639
0,32935,0.0,1789584641368,120720195228413
1,32935,0.0,1789584641368,120720195228413
2,32935,0.0,1789584641368,120720195228413
3,32935,0.0,1789584641368,120720195228413
4,32935,0.0,1789584641368,120720195228413
5,32935,0.0,1789584641368,120720195228413
6,32935,0.0,1789584641368,120720195228413
7,32935,0.0,1789584641368,120720195228413
0,33035,0.0,1789584641468,120720197636890
1,33035,0.0,1789584641468,120720197636890
2,33035,0.0,1789584641468,120720197636890
3,33035,0.0,1789584641468,120720197636890
4,33035,0.0,1789584641468,120720197636890
5,33035,0.0,1789584641468,120720197636890
6,33035,0.0,1789584641468,120720197636890
7,33035,0.0,1789584641468,120720197636890
0,33136,0.0,1789584641569,120720200044137
1,33136,0.0,1789584641569,120720200044137
2,33136,0.0,1789584641569,120720200044137
3,33136,0.0,1789584641569,120720200044137
4,33136,0.0,1789584641569,120720200044137
5,33136,0.0,1789584641569,120720200044137
6,33136,0.0,1789584641569,120720200044137
7,33136,0.0,1789584641569,120720200044137
0,33236,0.0,1789584641669,120720202451027
1,33236,0.0,1789584641669,120720202451027
2,33236,0.0,1789584641669,120720202451027
3,33236,0.0,1789584641669,120720202451027
4,33236,0.0,1789584641669,120720202451027
5,33236,0.0,1789584641669,120720202451027
6,33236,0.0,1789584641669,120720202451027
7,33236,0.0,1789584641669,120720202451027
0,33336,0.0,1789584641769,120720204859133
1,33336,0.0,1789584641769,120720204859133
2,33336,0.0,1789584641769,120720204859133
3,33336,0.0,1789584641769,120720204859133
4,33336,0.0,1789584641769,120720204859133
5,33336,0.0,1789584641769,120720204859133
6,33336,0.0,1789584641769,120720204859133
7,33336,0.0,1789584641769,120720204859133
0,33436,0.0,1789584641869,120720207266201
1,33436,0.0,1789584641869,120720207266201
2,33436,0.0,1789584641869,120720207266201
3,33436,0.0,1789584641869,120720207266201
4,33436,0.0,1789584641869,120720207266201
5,33436,0.0,1789584641869,120720207266201
6,33436,0.0,1789584641869,120720207266201
7,33436,0.0,1789584641869,120720207266201
0,33537,0.0,1789584641970,120720209673223
1,33537,0.0,1789584641970,120720209673223
2,33537,0.0,1789584641970,120720209673223
3,33537,0.0,1789584641970,120720209673223
4,33537,0.0,1789584641970,120720209673223
5,33537,0.0,1789584641970,120720209673223
6,33537,0.0,1789584641970,120720209673223
7,33537,0.0,1789584641970,120720209673223
0,33637,0.0,1789584642070,120720212080325
1,33637,0.0,1789584642070,120720212080325
2,33637,0.0,1789584642070,120720212080325
3,33637,0.0,1789584642070,120720212080325
4,33637,0.0,1789584642070,120720212080325
5,33637,0.0,1789584642070,120720212080325
6,33637,0.0,1789584642070,120720212080325
7,33637,0.0,1789584642070,120720212080325
0,33737,0.0,1789584642170,120720214487422
1,33737,0.0,1789584642170,120720214487422
2,33737,0.0,1789584642170,120720214487422
3,33737,0.0,1789584642170,120720214487422
4,33737,0.0,1789584642170,120720214487422
5,33737,0.0,1789584642170,120720214487422
6,33737,0.0,1789584642170,120720214487422
7,33737,0.0,1789584642170,120720214487422
0,33838,0.0,1789584642271,120720216894311
1,33838,0.0,1789584642271,120720216894311
2,33838,0.0,1789584642271,120720216894311
3,33838,0.0,1789584642271,120720216894311
4,33838,0.0,1789584642271,120720216894311
5,33838,0.0,1789584642271,120720216894311
6,33838,0.0,1789584642271,120720216894311
7,33838,0.0,1789584642271,120720216894311
0,33938,0.0,1789584642371,120720219301914
1,33938,0.0,1789584642371,120720219301914
2,33938,0.0,1789584642371,120720219301914
3,33938,0.0,1789584642371,120720219301914
4,33938,0.0,1789584642371,120720219301914
5,33938,0.0,1789584642371,120720219301914
6,33938,0.0,1789584642371,120720219301914
7,33938,0.0,1789584642371,120720219301914
0,34038,20.0,1789584642471,120720221712772
1,34038,0.0,1789584642471,120720221712772
2,34038,0.0,1789584642471,120720221712772
3,34038,0.0,1789584642471,120720221712772
4,34038,0.0,1789584642471,120720221712772
5,34038,0.0,1789584642471,120720221712772
6,34038,0.0,1789584642471,120720221712772
7,34038,10.0,1789584642471,120720221712772
0,34139,11.1,1789584642572,120720224124893
1,34139,0.0,1789584642572,120720224124893
2,34139,0.0,1789584642572,120720224124893
3,34139,0.0,1789584642572,120720224124893
4,34139,0.0,1789584642572,120720224124893
5,34139,45.5,1789584642572,120720224124893
6,34139,0.0,1789584642572,120720224124893
7,34139,9.1,1789584642572,120720224124893
0,34239,50.0,1789584642672,120720226536742
1,34239,0.0,1789584642672,120720226536742
2,34239,0.0,1789584642672,120720226536742
3,34239,0.0,1789584642672,120720226536742
4,34239,0.0,1789584642672,120720226536742
5,34239,0.0,1789584642672,120720226536742
6,34239,0.0,1789584642672,120720226536742
7,34239,0.0,1789584642672,120720226536742
0,34340,0.0,1789584642773,120720228949409
1,34340,20.0,1789584642773,120720228949409
2,34340,9.1,1789584642773,120720228949409
3,34340,0.0,1789584642773,120720228949409
4,34340,0.0,1789584642773,120720228949409
5,34340,18.2,1789584642773,120720228949409
6,34340,20.0,1789584642773,120720228949409
7,34340,10.0,1789584642773,120720228949409
0,34441,0.0,1789584642874,120720231362329
1,34441,0.0,1789584642874,120720231362329
2,34441,0.0,1789584642874,120720231362329
3,34441,11.1,1789584642874,120720231362329
4,34441,0.0,1789584642874,120720231362329
5,34441,0.0,1789584642874,120720231362329
6,34441,18.2,1789584642874,120720231362329
7,34441,0.0,1789584642874,120720231362329
0,34541,0.0,1789584642974,120720233774990
1,34541,0.0,1789584642974,120720233774990
2,34541,0.0,1789584642974,120720233774990
3,34541,9.1,1789584642974,120720233774990
4,34541,0.0,1789584642974,120720233774990
5,34541,0.0,1789584642974,120720233774990
6,34541,9.1,1789584642974,120720233774990
7,34541,11.1,1789584642974,120720233774990
0,34642,9.1,1789584643075,120720236188772
1,34642,10.0,1789584643075,120720236188772
2,34642,0.0,1789584643075,120720236188772
3,34642,0.0,1789584643075,120720236188772
4,34642,9.1,1789584643075,120720236188772
5,34642,0.0,1789584643075,120720236188772
6,34642,0.0,1789584643075,120720236188772
7,34642,18.2,1789584643075,120720236188772
0,34742,0.0,1789584643175,120720238599232
1,34742,0.0,1789584643175,120720238599232
2,34742,0.0,1789584643175,120720238599232
3,34742,0.0,1789584643175,120720238599232
4,34742,0.0,1789584643175,120720238599232
5,34742,0.0,1789584643175,120720238599232
6,34742,0.0,1789584643175,120720238599232
7,34742,0.0,1789584643175,120720238599232
0,34843,0.0,1789584643276,120720241010372
1,34843,0.0,1789584643276,120720241010372
2,34843,9.1,1789584643276,120720241010372
3,34843,0.0,1789584643276,120720241010372
4,34843,0.0,1789584643276,120720241010372
5,34843,0.0,1789584643276,120720241010372
6,34843,0.0,1789584643276,120720241010372
7,34843,0.0,1789584643276,120720241010372
0,34943,0.0,1789584643376,120720243421862
1,34943,0.0,1789584643376,120720243421862
2,34943,0.0,1789584643376,120720243421862
3,34943,0.0,1789584643376,120720243421862
4,34943,0.0,1789584643376,120720243421862
5,34943,0.0,1789584643376,120720243421862
6,34943,0.0,1789584643376,120720243421862
7,34943,0.0,1789584643376,120720243421862
0,35043,0.0,1789584643476,120720245831071
1,35043,0.0,1789584643476,120720245831071
2,35043,0.0,1789584643476,120720245831071
3,35043,0.0,1789584643476,120720245831071
4,35043,0.0,1789584643476,120720245831071
5,35043,0.0,1789584643476,120720245831071
6,35043,0.0,1789584643476,120720245831071
7,35043,0.0,1789584643476,120720245831071
0,35144,0.0,1789584643577,120720248238758
1,35144,0.0,1789584643577,120720248238758
2,35144,0.0,1789584643577,120720248238758
3,35144,0.0,1789584643577,120720248238758
4,35144,0.0,1789584643577,120720248238758
5,35144,0.0,1789584643577,120720248238758
6,35144,0.0,1789584643577,120720248238758
7,35144,0.0,1789584643577,120720248238758
0,35244,0.0,1789584643677,120720250645809
1,35244,0.0,1789584643677,120720250645809
2,35244,0.0,1789584643677,120720250645809
3,35244,0.0,1789584643677,120720250645809
4,35244,0.0,1789584643677,120720250645809
5,35244,0.0,1789584643677,120720250645809
6,35244,0.0,1789584643677,120720250645809
7,35244,0.0,1789584643677,120720250645809
0,35344,0.0,1789584643777,120720253052706
1,35344,0.0,1789584643777,120720253052706
2,35344,0.0,1789584643777,120720253052706
3,35344,0.0,1789584643777,120720253052706
4,35344,0.0,1789584643777,120720253052706
5,35344,0.0,1789584643777,120720253052706
6,35344,0.0,1789584643777,120720253052706
7,35344,0.0,1789584643777,120720253052706
0,35445,0.0,1789584643878,120720255459619
1,35445,0.0,1789584643878,120720255459619
2,35445,0.0,1789584643878,120720255459619
3,35445,0.0,1789584643878,120720255459619
4,35445,0.0,1789584643878,120720255459619
5,35445,0.0,1789584643878,120720255459619
6,35445,0.0,1789584643878,120720255459619
7,35445,0.0,1789584643878,120720255459619
0,35545,0.0,1789584643978,120720257866451
1,35545,0.0,1789584643978,120720257866451
2,35545,0.0,1789584643978,120720257866451
3,35545,0.0,1789584643978,120720257866451
4,35545,0.0,1789584643978,120720257866451
5,35545,0.0,1789584643978,120720257866451
6,35545,0.0,1789584643978,120720257866451
7,35545,0.0,1789584643978,120720257866451
0,35645,0.0,1789584644078,120720260273202
1,35645,0.0,1789584644078,120720260273202
2,35645,0.0,1789584644078,120720260273202
3,35645,0.0,1789584644078,120720260273202
4,35645,0.0,1789584644078,120720260273202
5,35645,0.0,1789584644078,120720260273202
6,35645,0.0,1789584644078,120720260273202
7,35645,0.0,1789584644078,120720260273202
0,35745,0.0,1789584644178,120720262680132
1,35745,0.0,1789584644178,120720262680132
2,35745,0.0,1789584644178,120720262680132
3,35745,0.0,1789584644178,120720262680132
4,35745,0.0,1789584644178,120720262680132
5,35745,0.0,1789584644178,120720262680132
6,35745,0.0,1789584644178,120720262680132
7,35745,0.0,1789584644178,120720262680132
0,35846,0.0,1789584644279,120720265088231
1,35846,0.0,1789584644279,120720265088231
2,35846,0.0,1789584644279,120720265088231
3,35846,0.0,1789584644279,120720265088231
4,35846,0.0,1789584644279,120720265088231
5,35846,0.0,1789584644279,120720265088231
6,35846,0.0,1789584644279,120720265088231
7,35846,0.0,1789584644279,120720265088231
0,35946,0.0,1789584644379,120720267494775
1,35946,0.0,1789584644379,120720267494775
2,35946,0.0,1789584644379,120720267494775
3,35946,0.0,1789584644379,120720267494775
4,35946,0.0,1789584644379,120720267494775
5,35946,0.0,1789584644379,120720267494775
6,35946,0.0,1789584644379,120720267494775
7,35946,0.0,1789584644379,120720267494775
0,36046,0.0,1789584644479,120720269901474
1,36046,0.0,1789584644479,120720269901474
2,36046,0.0,1789584644479,120720269901474
3,36046,0.0,1789584644479,120720269901474
4,36046,0.0,1789584644479,120720269901474
5,36046,0.0,1789584644479,120720269901474
6,36046,0.0,1789584644479,120720269901474
7,36046,0.0,1789584644479,120720269901474
0,36147,0.0,1789584644580,120720272310552
1,36147,0.0,1789584644580,120720272310552
2,36147,10.0,1789584644580,120720272310552
3,36147,0.0,1789584644580,120720272310552
4,36147,0.0,1789584644580,120720272310552
5,36147,0.0,1789584644580,120720272310552
6,36147,0.0,1789584644580,120720272310552
7,36147,0.0,1789584644580,120720272310552
0,36247,0.0,1789584644680,120720274718991
1,36247,0.0,1789584644680,120720274718991
2,36247,0.0,1789584644680,120720274718991
3,36247,0.0,1789584644680,120720274718991
4,36247,0.0,1789584644680,120720274718991
5,36247,0.0,1789584644680,120720274718991
6,36247,0.0,1789584644680,120720274718991
7,36247,0.0,1789584644680,120720274718991
0,36347,0.0,1789584644780,120720277126382
1,36347,0.0,1789584644780,120720277126382
2,36347,0.0,1789584644780,120720277126382
3,36347,0.0,1789584644780,120720277126382
4,36347,0.0,1789584644780,120720277126382
5,36347,0.0,1789584644780,120720277126382
6,36347,0.0,1789584644780,120720277126382
7,36347,0.0,1789584644780,120720277126382
0,36448,0.0,1789584644881,120720279533759
1,36448,0.0,1789584644881,120720279533759
2,36448,0.0,1789584644881,120720279533759
3,36448,0.0,1789584644881,120720279533759
4,36448,0.0,1789584644881,120720279533759
5,36448,0.0,1789584644881,120720279533759
6,36448,0.0,1789584644881,120720279533759
7,36448,0.0,1789584644881,120720279533759
0,36548,0.0,1789584644981,120720281943693
1,36548,0.0,1789584644981,120720281943693
2,36548,0.0,1789584644981,120720281943693
3,36548,0.0,1789584644981,120720281943693
4,36548,0.0,1789584644981,120720281943693
5,36548,0.0,1789584644981,120720281943693
6,36548,0.0,1789584644981,120720281943693
7,36548,0.0,1789584644981,120720281943693
0,36648,0.0,1789584645081,120720284352779
1,36648,0.0,1789584645081,120720284352779
2,36648,0.0,1789584645081,120720284352779
3,36648,0.0,1789584645081,120720284352779
4,36648,0.0,1789584645081,120720284352779
5,36648,0.0,1789584645081,120720284352779
6,36648,0.0,1789584645081,120720284352779
7,36648,0.0,1789584645081,120720284352779
0,36749,0.0,1789584645182,120720286760641
1,36749,0.0,1789584645182,120720286760641
2,36749,0.0,1789584645182,120720286760641
3,36749,0.0,1789584645182,120720286760641
4,36749,0.0,1789584645182,120720286760641
5,36749,0.0,1789584645182,120720286760641
6,36749,0.0,1789584645182,120720286760641
7,36749,0.0,1789584645182,120720286760641
0,36849,0.0,1789584645282,120720289167659
1,36849,0.0,1789584645282,120720289167659
2,36849,0.0,1789584645282,120720289167659
3,36849,0.0,1789584645282,120720289167659
4,36849,0.0,1789584645282,120720289167659
5,36849,0.0,1789584645282,120720289167659
6,36849,0.0,1789584645282,120720289167659
7,36849,0.0,1789584645282,120720289167659
0,36949,0.0,1789584645382,120720291574586
1,36949,0.0,1789584645382,120720291574586
2,36949,0.0,1789584645382,120720291574586
3,36949,0.0,1789584645382,120720291574586
4,36949,0.0,1789584645382,120720291574586
5,36949,0.0,1789584645382,120720291574586
6,36949,0.0,1789584645382,120720291574586
7,36949,0.0,1789584645382,120720291574586
0,37050,0.0,1789584645483,120720293983687
1,37050,0.0,1789584645483,120720293983687
2,37050,0.0,1789584645483,120720293983687
3,37050,0.0,1789584645483,120720293983687
4,37050,0.0,1789584645483,120720293983687
5,37050,0.0,1789584645483,120720293983687
6,37050,0.0,1789584645483,120720293983687
7,37050,0.0,1789584645483,120720293983687
0,37150,0.0,1789584645583,120720296391410
1,37150,0.0,1789584645583,120720296391410
2,37150,0.0,1789584645583,120720296391410
3,37150,0.0,1789584645583,120720296391410
4,37150,0.0,1789584645583,120720296391410
5,37150,0.0,1789584645583,120720296391410
6,37150,0.0,1789584645583,120720296391410
7,37150,0.0,1789584645583,120720296391410
0,37250,0.0,1789584645683,120720298798349
1,37250,0.0,1789584645683,120720298798349
2,37250,0.0,1789584645683,120720298798349
3,37250,0.0,1789584645683,120720298798349
4,37250,0.0,1789584645683,120720298798349
5,37250,0.0,1789584645683,120720298798349
6,37250,0.0,1789584645683,120720298798349
7,37250,0.0,1789584645683,120720298798349
0,37351,0.0,1789584645784,120720301204991
1,37351,0.0,1789584645784,120720301204991
2,37351,0.0,1789584645784,120720301204991
3,37351,0.0,1789584645784,120720301204991
4,37351,0.0,1789584645784,120720301204991
5,37351,0.0,1789584645784,120720301204991
6,37351,0.0,1789584645784,120720301204991
7,37351,0.0,1789584645784,120720301204991
0,37451,0.0,1789584645884,120720303611907
1,37451,0.0,1789584645884,120720303611907
2,37451,0.0,1789584645884,120720303611907
3,37451,0.0,1789584645884,120720303611907
4,37451,0.0,1789584645884,120720303611907
5,37451,0.0,1789584645884,120720303611907
6,37451,0.0,1789584645884,120720303611907
7,37451,0.0,1789584645884,120720303611907
0,37551,0.0,1789584645984,120720306018723
1,37551,0.0,1789584645984,120720306018723
2,37551,0.0,1789584645984,120720306018723
3,37551,0.0,1789584645984,120720306018723
4,37551,0.0,1789584645984,120720306018723
5,37551,0.0,1789584645984,120720306018723
6,37551,0.0,1789584645984,120720306018723
7,37551,0.0,1789584645984,120720306018723
0,37652,0.0,1789584646085,120720308425226
1,37652,0.0,1789584646085,120720308425226
2,37652,0.0,1789584646085,120720308425226
3,37652,0.0,1789584646085,120720308425226
4,37652,0.0,1789584646085,120720308425226
5,37652,0.0,1789584646085,120720308425226
6,37652,0.0,1789584646085,120720308425226
7,37652,0.0,1789584646085,120720308425226
0,37752,0.0,1789584646185,120720310832045
1,37752,0.0,1789584646185,120720310832045
2,37752,0.0,1789584646185,120720310832045
3,37752,0.0,1789584646185,120720310832045
4,37752,0.0,1789584646185,120720310832045
5,37752,0.0,1789584646185,120720310832045
6,37752,0.0,1789584646185,120720310832045
7,37752,0.0,1789584646185,120720310832045
0,37852,0.0,1789584646285,120720313243153
1,37852,9.1,1789584646285,120720313243153
2,37852,0.0,1789584646285,120720313243153
3,37852,0.0,1789584646285,120720313243153
4,37852,0.0,1789584646285,120720313243153
5,37852,0.0,1789584646285,120720313243153
6,37852,0.0,1789584646285,120720313243153
7,37852,0.0,1789584646285,120720313243153
0,37953,0.0,1789584646386,120720315652209
1,37953,0.0,1789584646386,120720315652209
2,37953,0.0,1789584646386,120720315652209
3,37953,0.0,1789584646386,120720315652209
4,37953,0.0,1789584646386,120720315652209
5,37953,0.0,1789584646386,120720315652209
6,37953,0.0,1789584646386,120720315652209
7,37953,0.0,1789584646386,120720315652209
0,38053,0.0,1789584646486,120720318059338
1,38053,0.0,1789584646486,120720318059338
2,38053,0.0,1789584646486,120720318059338
3,38053,0.0,1789584646486,120720318059338
4,38053,0.0,1789584646486,120720318059338
5,38053,0.0,1789584646486,120720318059338
6,38053,0.0,1789584646486,120720318059338
7,38053,0.0,1789584646486,120720318059338
0,38153,0.0,1789584646586,120720320468184
1,38153,0.0,1789584646586,120720320468184
2,38153,0.0,1789584646586,120720320468184
3,38153,0.0,1789584646586,120720320468184
4,38153,0.0,1789584646586,120720320468184
5,38153,0.0,1789584646586,120720320468184
6,38153,0.0,1789584646586,120720320468184
7,38153,0.0,1789584646586,120720320468184
0,38254,0.0,1789584646687,120720322877223
1,38254,0.0,1789584646687,120720322877223
2,38254,0.0,1789584646687,120720322877223
3,38254,0.0,1789584646687,120720322877223
4,38254,0.0,1789584646687,120720322877223
5,38254,0.0,1789584646687,120720322877223
6,38254,0.0,1789584646687,120720322877223
7,38254,0.0,1789584646687,120720322877223
0,38354,0.0,1789584646787,120720325285011
1,38354,0.0,1789584646787,120720325285011
2,38354,0.0,1789584646787,120720325285011
3,38354,0.0,1789584646787,120720325285011
4,38354,0.0,1789584646787,120720325285011
5,38354,0.0,1789584646787,120720325285011
6,38354,0.0,1789584646787,120720325285011
7,38354,0.0,1789584646787,120720325285011
0,38454,0.0,1789584646887,120720327692066
1,38454,0.0,1789584646887,120720327692066
2,38454,0.0,1789584646887,120720327692066
3,38454,0.0,1789584646887,120720327692066
4,38454,0.0,1789584646887,120720327692066
5,38454,0.0,1789584646887,120720327692066
6,38454,0.0,1789584646887,120720327692066
7,38454,0.0,1789584646887,120720327692066
0,38555,0.0,1789584646988,120720330099017
1,38555,0.0,1789584646988,120720330099017
2,38555,0.0,1789584646988,120720330099017
3,38555,0.0,1789584646988,120720330099017
4,38555,0.0,1789584646988,120720330099017
5,38555,0.0,1789584646988,120720330099017
6,38555,0.0,1789584646988,120720330099017
7,38555,0.0,1789584646988,120720330099017
0,38655,0.0,1789584647088,120720332506062
1,38655,0.0,1789584647088,120720332506062
2,38655,0.0,1789584647088,120720332506062
3,38655,0.0,1789584647088,120720332506062
4,38655,0.0,1789584647088,120720332506062
5,38655,0.0,1789584647088,120720332506062
6,38655,0.0,1789584647088,120720332506062
7,38655,0.0,1789584647088,120720332506062
0,38755,0.0,1789584647188,120720334913092
1,38755,0.0,1789584647188,120720334913092
2,38755,0.0,1789584647188,120720334913092
3,38755,0.0,1789584647188,120720334913092
4,38755,0.0,1789584647188,120720334913092
5,38755,0.0,1789584647188,120720334913092
6,38755,0.0,1789584647188,120720334913092
7,38755,0.0,1789584647188,120720334913092
0,38856,0.0,1789584647289,120720337319889
1,38856,0.0,1789584647289,120720337319889
2,38856,0.0,1789584647289,120720337319889
3,38856,0.0,1789584647289,120720337319889
4,38856,0.0,1789584647289,120720337319889
5,38856,0.0,1789584647289,120720337319889
6,38856,0.0,1789584647289,120720337319889
7,38856,0.0,1789584647289,120720337319889
0,38956,0.0,1789584647389,120720339726588
1,38956,0.0,1789584647389,120720339726588
2,38956,0.0,1789584647389,120720339726588
3,38956,0.0,1789584647389,120720339726588
4,38956,0.0,1789584647389,120720339726588
5,38956,0.0,1789584647389,120720339726588
6,38956,0.0,1789584647389,120720339726588
7,38956,0.0,1789584647389,120720339726588
0,39056,0.0,1789584647489,120720342133177
1,39056,0.0,1789584647489,120720342133177
2,39056,0.0,1789584647489,120720342133177
3,39056,0.0,1789584647489,120720342133177
4,39056,0.0,1789584647489,120720342133177
5,39056,0.0,1789584647489,120720342133177
6,39056,0.0,1789584647489,120720342133177
7,39056,0.0,1789584647489,120720342133177
0,39156,0.0,1789584647589,120720344539969
1,39156,0.0,1789584647589,120720344539969
2,39156,0.0,1789584647589,120720344539969
3,39156,0.0,1789584647589,120720344539969
4,39156,0.0,1789584647589,120720344539969
5,39156,0.0,1789584647589,120720344539969
6,39156,0.0,1789584647589,120720344539969
7,39156,0.0,1789584647589,120720344539969
0,39257,0.0,1789584647690,120720346946785
1,39257,0.0,1789584647690,120720346946785
2,39257,0.0,1789584647690,120720346946785
3,39257,0.0,1789584647690,120720346946785
4,39257,0.0,1789584647690,120720346946785
5,39257,0.0,1789584647690,120720346946785
6,39257,0.0,1789584647690,120720346946785
7,39257,0.0,1789584647690,120720346946785
0,39357,0.0,1789584647790,120720349353348
1,39357,0.0,1789584647790,120720349353348
2,39357,0.0,1789584647790,120720349353348
3,39357,0.0,1789584647790,120720349353348
4,39357,0.0,1789584647790,120720349353348
5,39357,0.0,1789584647790,120720349353348
6,39357,0.0,1789584647790,120720349353348
7,39357,0.0,1789584647790,120720349353348
0,39457,0.0,1789584647890,120720351761322
1,39457,0.0,1789584647890,120720351761322
2,39457,0.0,1789584647890,120720351761322
3,39457,0.0,1789584647890,120720351761322
4,39457,0.0,1789584647890,120720351761322
5,39457,0.0,1789584647890,120720351761322
6,39457,0.0,1789584647890,120720351761322
7,39457,0.0,1789584647890,120720351761322
0,39558,0.0,1789584647991,120720354168110
1,39558,0.0,1789584647991,120720354168110
2,39558,0.0,1789584647991,120720354168110
3,39558,0.0,1789584647991,120720354168110
4,39558,0.0,1789584647991,120720354168110
5,39558,0.0,1789584647991,120720354168110
6,39558,0.0,1789584647991,120720354168110
7,39558,0.0,1789584647991,120720354168110
0,39658,0.0,1789584648091,120720356575529
1,39658,0.0,1789584648091,120720356575529
2,39658,0.0,1789584648091,120720356575529
3,39658,0.0,1789584648091,120720356575529
4,39658,0.0,1789584648091,120720356575529
5,39658,0.0,1789584648091,120720356575529
6,39658,0.0,1789584648091,120720356575529
7,39658,0.0,1789584648091,120720356575529
0,39758,0.0,1789584648191,120720358983705
1,39758,0.0,1789584648191,120720358983705
2,39758,0.0,1789584648191,120720358983705
3,39758,0.0,1789584648191,120720358983705
4,39758,0.0,1789584648191,120720358983705
5,39758,0.0,1789584648191,120720358983705
6,39758,0.0,1789584648191,120720358983705
7,39758,0.0,1789584648191,120720358983705
0,39858,0.0,1789584648291,120720361391023
1,39858,0.0,1789584648291,120720361391023
2,39858,0.0,1789584648291,120720361391023
3,39858,0.0,1789584648291,120720361391023
4,39858,0.0,1789584648291,120720361391023
5,39858,0.0,1789584648291,120720361391023
6,39858,0.0,1789584648291,120720361391023
7,39858,0.0,1789584648291,120720361391023
0,39959,0.0,1789584648392,120720363798180
1,39959,0.0,1789584648392,120720363798180
2,39959,0.0,1789584648392,120720363798180
3,39959,0.0,1789584648392,120720363798180
4,39959,0.0,1789584648392,120720363798180
5,39959,0.0,1789584648392,120720363798180
6,39959,0.0,1789584648392,120720363798180
7,39959,0.0,1789584648392,120720363798180
0,40059,0.0,1789584648492,120720366207575
1,40059,0.0,1789584648492,120720366207575
2,40059,0.0,1789584648492,120720366207575
3,40059,0.0,1789584648492,120720366207575
4,40059,0.0,1789584648492,120720366207575
5,40059,0.0,1789584648492,120720366207575
6,40059,0.0,1789584648492,120720366207575
7,40059,0.0,1789584648492,120720366207575
0,40160,0.0,1789584648593,120720368617197
1,40160,0.0,1789584648593,120720368617197
2,40160,0.0,1789584648593,120720368617197
3,40160,0.0,1789584648593,120720368617197
4,40160,0.0,1789584648593,120720368617197
5,40160,0.0,1789584648593,120720368617197
6,40160,0.0,1789584648593,120720368617197
7,40160,0.0,1789584648593,120720368617197
0,40260,0.0,1789584648693,120720371025437
1,40260,0.0,1789584648693,120720371025437
2,40260,0.0,1789584648693,120720371025437
3,40260,0.0,1789584648693,120720371025437
4,40260,0.0,1789584648693,120720371025437
5,40260,0.0,1789584648693,120720371025437
6,40260,0.0,1789584648693,120720371025437
7,40260,0.0,1789584648693,120720371025437
0,40360,0.0,1789584648793,120720373432654
1,40360,0.0,1789584648793,120720373432654
2,40360,0.0,1789584648793,120720373432654
3,40360,0.0,1789584648793,120720373432654
4,40360,0.0,1789584648793,120720373432654
5,40360,0.0,1789584648793,120720373432654
6,40360,0.0,1789584648793,120720373432654
7,40360,0.0,1789584648793,120720373432654
0,40461,0.0,1789584648894,120720375839495
1,40461,0.0,1789584648894,120720375839495
2,40461,0.0,1789584648894,120720375839495
3,40461,0.0,1789584648894,120720375839495
4,40461,0.0,1789584648894,120720375839495
5,40461,0.0,1789584648894,120720375839495
6,40461,0.0,1789584648894,120720375839495
7,40461,0.0,1789584648894,120720375839495
0,40561,0.0,1789584648994,120720378246254
1,40561,0.0,1789584648994,120720378246254
2,40561,0.0,1789584648994,120720378246254
3,40561,0.0,1789584648994,120720378246254
4,40561,0.0,1789584648994,120720378246254
5,40561,0.0,1789584648994,120720378246254
6,40561,0.0,1789584648994,120720378246254
7,40561,0.0,1789584648994,120720378246254
0,40661,0.0,1789584649094,120720380654326
1,40661,0.0,1789584649094,120720380654326
2,40661,0.0,1789584649094,120720380654326
3,40661,0.0,1789584649094,120720380654326
4,40661,0.0,1789584649094,120720380654326
5,40661,0.0,1789584649094,120720380654326
6,40661,0.0,1789584649094,120720380654326
7,40661,0.0,1789584649094,120720380654326
0,40761,0.0,1789584649194,120720383061159
1,40761,0.0,1789584649194,120720383061159
2,40761,0.0,1789584649194,120720383061159
3,40761,0.0,1789584649194,120720383061159
4,40761,0.0,1789584649194,120720383061159
5,40761,0.0,1789584649194,120720383061159
6,40761,0.0,1789584649194,120720383061159
7,40761,0.0,1789584649194,120720383061159
0,40862,0.0,1789584649295,120720385472785
1,40862,0.0,1789584649295,120720385472785
2,40862,0.0,1789584649295,120720385472785
3,40862,0.0,1789584649295,120720385472785
4,40862,0.0,1789584649295,120720385472785
5,40862,10.0,1789584649295,120720385472785
6,40862,0.0,1789584649295,120720385472785
7,40862,9.1,1789584649295,120720385472785
0,40962,0.0,1789584649395,120720387882166
1,40962,9.1,1789584649395,120720387882166
2,40962,0.0,1789584649395,120720387882166
3,40962,0.0,1789584649395,120720387882166
4,40962,0.0,1789584649395,120720387882166
5,40962,0.0,1789584649395,120720387882166
6,40962,0.0,1789584649395,120720387882166
7,40962,0.0,1789584649395,120720387882166
0,41063,0.0,1789584649496,120720390289405
1,41063,0.0,1789584649496,120720390289405
2,41063,0.0,1789584649496,120720390289405
3,41063,0.0,1789584649496,120720390289405
4,41063,0.0,1789584649496,120720390289405
5,41063,0.0,1789584649496,120720390289405
6,41063,0.0,1789584649496,120720390289405
7,41063,0.0,1789584649496,120720390289405
0,41163,0.0,1789584649596,120720392696343
1,41163,0.0,1789584649596,120720392696343
2,41163,0.0,1789584649596,120720392696343
3,41163,0.0,1789584649596,120720392696343
4,41163,0.0,1789584649596,120720392696343
5,41163,0.0,1789584649596,120720392696343
6,41163,0.0,1789584649596,120720392696343
7,41163,0.0,1789584649596,120720392696343
0,41263,0.0,1789584649696,120720395104078
1,41263,0.0,1789584649696,120720395104078
2,41263,0.0,1789584649696,120720395104078
3,41263,0.0,1789584649696,120720395104078
4,41263,0.0,1789584649696,120720395104078
5,41263,0.0,1789584649696,120720395104078
6,41263,0.0,1789584649696,120720395104078
7,41263,0.0,1789584649696,120720395104078
0,41364,0.0,1789584649797,120720397511634
1,41364,0.0,1789584649797,120720397511634
2,41364,0.0,1789584649797,120720397511634
3,41364,0.0,1789584649797,120720397511634
4,41364,0.0,1789584649797,120720397511634
5,41364,0.0,1789584649797,120720397511634
6,41364,0.0,1789584649797,120720397511634
7,41364,0.0,1789584649797,120720397511634
0,41464,0.0,1789584649897,120720399919530
1,41464,0.0,1789584649897,120720399919530
2,41464,0.0,1789584649897,120720399919530
3,41464,0.0,1789584649897,120720399919530
4,41464,0.0,1789584649897,120720399919530
5,41464,0.0,1789584649897,120720399919530
6,41464,0.0,1789584649897,120720399919530
7,41464,0.0,1789584649897,120720399919530
0,41564,30.0,1789584649997,120720402330704
1,41564,0.0,1789584649997,120720402330704
2,41564,0.0,1789584649997,120720402330704
3,41564,27.3,1789584649997,120720402330704
4,41564,0.0,1789584649997,120720402330704
5,41564,0.0,1789584649997,120720402330704
6,41564,0.0,1789584649997,120720402330704
7,41564,11.1,1789584649997,120720402330704
0,41665,40.0,1789584650098,120720404742303
1,41665,0.0,1789584650098,120720404742303
2,41665,0.0,1789584650098,120720404742303
3,41665,20.0,1789584650098,120720404742303
4,41665,0.0,1789584650098,120720404742303
5,41665,0.0,1789584650098,120720404742303
6,41665,0.0,1789584650098,120720404742303
7,41665,0.0,1789584650098,120720404742303
0,41765,27.3,1789584650198,120720407156335
1,41765,11.1,1789584650198,120720407156335
2,41765,0.0,1789584650198,120720407156335
3,41765,10.0,1789584650198,120720407156335
4,41765,10.0,1789584650198,120720407156335
5,41765,0.0,1789584650198,120720407156335
6,41765,20.0,1789584650198,120720407156335
7,41765,9.1,1789584650198,120720407156335
0,41866,0.0,1789584650299,120720409570335
1,41866,0.0,1789584650299,120720409570335
2,41866,18.2,1789584650299,120720409570335
3,41866,36.4,1789584650299,120720409570335
4,41866,0.0,1789584650299,120720409570335
5,41866,11.1,1789584650299,120720409570335
6,41866,10.0,1789584650299,120720409570335
7,41866,0.0,1789584650299,120720409570335
0,41967,0.0,1789584650400,120720411983918
1,41967,9.1,1789584650400,120720411983918
2,41967,33.3,1789584650400,120720411983918
3,41967,10.0,1789584650400,120720411983918
4,41967,0.0,1789584650400,120720411983918
5,41967,0.0,1789584650400,120720411983918
6,41967,0.0,1789584650400,120720411983918
7,41967,0.0,1789584650400,120720411983918
0,42067,0.0,1789584650500,120720414395421
1,42067,0.0,1789584650500,120720414395421
2,42067,10.0,1789584650500,120720414395421
3,42067,33.3,1789584650500,120720414395421
4,42067,0.0,1789584650500,120720414395421
5,42067,0.0,1789584650500,120720414395421
6,42067,0.0,1789584650500,120720414395421
7,42067,9.1,1789584650500,120720414395421
0,42168,9.1,1789584650601,120720416808535
1,42168,11.1,1789584650601,120720416808535
2,42168,20.0,1789584650601,120720416808535
3,42168,20.0,1789584650601,120720416808535
4,42168,27.3,1789584650601,120720416808535
5,42168,9.1,1789584650601,120720416808535
6,42168,0.0,1789584650601,120720416808535
7,42168,11.1,1789584650601,120720416808535
0,42268,0.0,1789584650701,120720419223043
1,42268,0.0,1789584650701,120720419223043
2,42268,0.0,1789584650701,120720419223043
3,42268,0.0,1789584650701,120720419223043
4,42268,0.0,1789584650701,120720419223043
5,42268,20.0,1789584650701,120720419223043
6,42268,0.0,1789584650701,120720419223043
7,42268,30.0,1789584650701,120720419223043
0,42369,0.0,1789584650802,120720421636251
1,42369,20.0,1789584650802,120720421636251
2,42369,0.0,1789584650802,120720421636251
3,42369,25.0,1789584650802,120720421636251
4,42369,0.0,1789584650802,120720421636251
5,42369,11.1,1789584650802,120720421636251
6,42369,0.0,1789584650802,120720421636251
7,42369,40.0,1789584650802,120720421636251
0,42469,0.0,1789584650902,120720424049353
1,42469,10.0,1789584650902,120720424049353
2,42469,0.0,1789584650902,120720424049353
3,42469,22.2,1789584650902,120720424049353
4,42469,0.0,1789584650902,120720424049353
5,42469,22.2,1789584650902,120720424049353
6,42469,0.0,1789584650902,120720424049353
7,42469,28.6,1789584650902,120720424049353
0,42570,0.0,1789584651003,120720426462341
1,42570,0.0,1789584651003,120720426462341
2,42570,0.0,1789584651003,120720426462341
3,42570,20.0,1789584651003,120720426462341
4,42570,10.0,1789584651003,120720426462341
5,42570,22.2,1789584651003,120720426462341
6,42570,0.0,1789584651003,120720426462341
7,42570,33.3,1789584651003,120720426462341
0,42670,0.0,1789584651103,120720428876875
1,42670,10.0,1789584651103,120720428876875
2,42670,0.0,1789584651103,120720428876875
3,42670,30.0,1789584651103,120720428876875
4,42670,0.0,1789584651103,120720428876875
5,42670,30.0,1789584651103,120720428876875
6,42670,0.0,1789584651103,120720428876875
7,42670,42.9,1789584651103,120720428876875
0,42771,0.0,1789584651204,120720431294249
1,42771,0.0,1789584651204,120720431294249
2,42771,0.0,1789584651204,120720431294249
3,42771,14.3,1789584651204,120720431294249
4,42771,0.0,1789584651204,120720431294249
5,42771,20.0,1789584651204,120720431294249
6,42771,11.1,1789584651204,120720431294249
7,42771,50.0,1789584651204,120720431294249
0,42872,0.0,1789584651305,120720433708588
1,42872,16.7,1789584651305,120720433708588
2,42872,0.0,1789584651305,120720433708588
3,42872,0.0,1789584651305,120720433708588
4,42872,30.0,1789584651305,120720433708588
5,42872,0.0,1789584651305,120720433708588
6,42872,36.4,1789584651305,120720433708588
7,42872,44.4,1789584651305,120720433708588
0,42972,0.0,1789584651405,120720436121421
1,42972,10.0,1789584651405,120720436121421
2,42972,0.0,1789584651405,120720436121421
3,42972,0.0,1789584651405,120720436121421
4,42972,22.2,1789584651405,120720436121421
5,42972,0.0,1789584651405,120720436121421
6,42972,25.0,1789584651405,120720436121421
7,42972,33.3,1789584651405,120720436121421
0,43073,0.0,1789584651506,120720438533881
1,43073,0.0,1789584651506,120720438533881
2,43073,10.0,1789584651506,120720438533881
3,43073,0.0,1789584651506,120720438533881
4,43073,30.0,1789584651506,120720438533881
5,43073,0.0,1789584651506,120720438533881
6,43073,30.0,1789584651506,120720438533881
7,43073,44.4,1789584651506,120720438533881
0,43173,0.0,1789584651606,120720440947282
1,43173,0.0,1789584651606,120720440947282
2,43173,0.0,1789584651606,120720440947282
3,43173,0.0,1789584651606,120720440947282
4,43173,22.2,1789584651606,120720440947282
5,43173,0.0,1789584651606,120720440947282
6,43173,22.2,1789584651606,120720440947282
7,43173,37.5,1789584651606,120720440947282
0,43274,0.0,1789584651707,120720443361457
1,43274,0.0,1789584651707,120720443361457
2,43274,0.0,1789584651707,120720443361457
3,43274,0.0,1789584651707,120720443361457
4,43274,33.3,1789584651707,120720443361457
5,43274,0.0,1789584651707,120720443361457
6,43274,30.0,1789584651707,120720443361457
7,43274,25.0,1789584651707,120720443361457
0,43375,0.0,1789584651808,120720445773837
1,43375,10.0,1789584651808,120720445773837
2,43375,10.0,1789584651808,120720445773837
3,43375,9.1,1789584651808,120720445773837
4,43375,25.0,1789584651808,120720445773837
5,43375,0.0,1789584651808,120720445773837
6,43375,22.2,1789584651808,120720445773837
7,43375,37.5,1789584651808,120720445773837
0,43475,12.5,1789584651908,120720448185909
1,43475,18.2,1789584651908,120720448185909
2,43475,18.2,1789584651908,120720448185909
3,43475,0.0,1789584651908,120720448185909
4,43475,45.5,1789584651908,120720448185909
5,43475,18.2,1789584651908,120720448185909
6,43475,27.3,1789584651908,120720448185909
7,43475,30.0,1789584651908,120720448185909
0,43576,50.0,1789584652009,120720450598708
1,43576,0.0,1789584652009,120720450598708
2,43576,0.0,1789584652009,120720450598708
3,43576,0.0,1789584652009,120720450598708
4,43576,0.0,1789584652009,120720450598708
5,43576,0.0,1789584652009,120720450598708
6,43576,0.0,1789584652009,120720450598708
7,43576,0.0,1789584652009,120720450598708
0,43676,50.0,1789584652109,120720453010887
1,43676,0.0,1789584652109,120720453010887
2,43676,0.0,1789584652109,120720453010887
3,43676,0.0,1789584652109,120720453010887
4,43676,0.0,1789584652109,120720453010887
5,43676,0.0,1789584652109,120720453010887
6,43676,10.0,1789584652109,120720453010887
7,43676,10.0,1789584652109,120720453010887
0,43777,0.0,1789584652210,120720455423138
1,43777,0.0,1789584652210,120720455423138
2,43777,0.0,1789584652210,120720455423138
3,43777,18.2,1789584652210,120720455423138
4,43777,0.0,1789584652210,120720455423138
5,43777,10.0,1789584652210,120720455423138
6,43777,0.0,1789584652210,120720455423138
7,43777,0.0,1789584652210,120720455423138
0,43877,50.0,1789584652310,120720457836297
1,43877,0.0,1789584652310,120720457836297
2,43877,10.0,1789584652310,120720457836297
3,43877,0.0,1789584652310,120720457836297
4,43877,20.0,1789584652310,120720457836297
5,43877,0.0,1789584652310,120720457836297
6,43877,18.2,1789584652310,120720457836297
7,43877,0.0,1789584652310,120720457836297
0,43978,77.8,1789584652411,120720460250143
1,43978,16.7,1789584652411,120720460250143
2,43978,0.0,1789584652411,120720460250143
3,43978,0.0,1789584652411,120720460250143
4,43978,33.3,1789584652411,120720460250143
5,43978,0.0,1789584652411,120720460250143
6,43978,0.0,1789584652411,120720460250143
7,43978,0.0,1789584652411,120720460250143
0,44078,90.0,1789584652511,120720462663804
1,44078,0.0,1789584652511,120720462663804
2,44078,0.0,1789584652511,120720462663804
3,44078,0.0,1789584652511,120720462663804
4,44078,45.5,1789584652511,120720462663804
5,44078,0.0,1789584652511,120720462663804
6,44078,0.0,1789584652511,120720462663804
7,44078,0.0,1789584652511,120720462663804
0,44179,80.0,1789584652612,120720465076420
1,44179,0.0,1789584652612,120720465076420
2,44179,9.1,1789584652612,120720465076420
3,44179,0.0,1789584652612,120720465076420
4,44179,54.5,1789584652612,120720465076420
5,44179,0.0,1789584652612,120720465076420
6,44179,0.0,1789584652612,120720465076420
7,44179,0.0,1789584652612,120720465076420
0,44279,90.0,1789584652712,120720467489568
1,44279,10.0,1789584652712,120720467489568
2,44279,0.0,1789584652712,120720467489568
3,44279,0.0,1789584652712,120720467489568
4,44279,33.3,1789584652712,120720467489568
5,44279,0.0,1789584652712,120720467489568
6,44279,0.0,1789584652712,120720467489568
7,44279,0.0,1789584652712,120720467489568
0,44380,80.0,1789584652813,120720469904347
1,44380,0.0,1789584652813,120720469904347
2,44380,0.0,1789584652813,120720469904347
3,44380,0.0,1789584652813,120720469904347
4,44380,50.0,1789584652813,120720469904347
5,44380,0.0,1789584652813,120720469904347
6,44380,0.0,1789584652813,120720469904347
7,44380,0.0,1789584652813,120720469904347
0,44480,90.0,1789584652913,120720472317007
1,44480,0.0,1789584652913,120720472317007
2,44480,0.0,1789584652913,120720472317007
3,44480,0.0,1789584652913,120720472317007
4,44480,50.0,1789584652913,120720472317007
5,44480,0.0,1789584652913,120720472317007
6,44480,0.0,1789584652913,120720472317007
7,44480,9.1,1789584652913,120720472317007
0,44581,75.0,1789584653014,120720474729964
1,44581,10.0,1789584653014,120720474729964
2,44581,0.0,1789584653014,120720474729964
3,44581,0.0,1789584653014,120720474729964
4,44581,50.0,1789584653014,120720474729964
5,44581,0.0,1789584653014,120720474729964
6,44581,0.0,1789584653014,120720474729964
7,44581,0.0,1789584653014,120720474729964
0,44682,80.0,1789584653115,120720477143369
1,44682,0.0,1789584653115,120720477143369
2,44682,0.0,1789584653115,120720477143369
3,44682,9.1,1789584653115,120720477143369
4,44682,40.0,1789584653115,120720477143369
5,44682,0.0,1789584653115,120720477143369
6,44682,0.0,1789584653115,120720477143369
7,44682,0.0,1789584653115,120720477143369
0,44782,80.0,1789584653215,120720479557513
1,44782,10.0,1789584653215,120720479557513
2,44782,9.1,1789584653215,120720479557513
3,44782,0.0,1789584653215,120720479557513
4,44782,50.0,1789584653215,120720479557513
5,44782,0.0,1789584653215,120720479557513
6,44782,0.0,1789584653215,120720479557513
7,44782,0.0,1789584653215,120720479557513
0,44883,81.8,1789584653316,120720481970875
1,44883,0.0,1789584653316,120720481970875
2,44883,0.0,1789584653316,120720481970875
3,44883,0.0,1789584653316,120720481970875
4,44883,44.4,1789584653316,120720481970875
5,44883,9.1,1789584653316,120720481970875
6,44883,0.0,1789584653316,120720481970875
7,44883,9.1,1789584653316,120720481970875
0,44983,77.8,1789584653416,120720484383947
1,44983,10.0,1789584653416,120720484383947
2,44983,0.0,1789584653416,120720484383947
3,44983,0.0,1789584653416,120720484383947
4,44983,50.0,1789584653416,120720484383947
5,44983,0.0,1789584653416,120720484383947
6,44983,0.0,1789584653416,120720484383947
7,44983,0.0,1789584653416,120720484383947
0,45084,90.0,1789584653517,120720486797600
1,45084,0.0,1789584653517,120720486797600
2,45084,0.0,1789584653517,120720486797600
3,45084,0.0,1789584653517,120720486797600
4,45084,40.0,1789584653517,120720486797600
5,45084,0.0,1789584653517,120720486797600
6,45084,0.0,1789584653517,120720486797600
7,45084,0.0,1789584653517,120720486797600
0,45184,77.8,1789584653617,120720489211251
1,45184,10.0,1789584653617,120720489211251
2,45184,0.0,1789584653617,120720489211251
3,45184,9.1,1789584653617,120720489211251
4,45184,50.0,1789584653617,120720489211251
5,45184,0.0,1789584653617,120720489211251
6,45184,0.0,1789584653617,120720489211251
7,45184,0.0,1789584653617,120720489211251
0,45285,77.8,1789584653718,120720491625334
1,45285,9.1,1789584653718,120720491625334
2,45285,0.0,1789584653718,120720491625334
3,45285,0.0,1789584653718,120720491625334
4,45285,45.5,1789584653718,120720491625334
5,45285,0.0,1789584653718,120720491625334
6,45285,0.0,1789584653718,120720491625334
7,45285,0.0,1789584653718,120720491625334
0,45386,81.8,1789584653819,120720494038266
1,45386,10.0,1789584653819,120720494038266
2,45386,0.0,1789584653819,120720494038266
3,45386,0.0,1789584653819,120720494038266
4,45386,44.4,1789584653819,120720494038266
5,45386,0.0,1789584653819,120720494038266
6,45386,0.0,1789584653819,120720494038266
7,45386,0.0,1789584653819,120720494038266
0,45486,83.3,1789584653919,120720496453197
1,45486,0.0,1789584653919,120720496453197
2,45486,0.0,1789584653919,120720496453197
3,45486,0.0,1789584653919,120720496453197
4,45486,54.5,1789584653919,120720496453197
5,45486,0.0,1789584653919,120720496453197
6,45486,0.0,1789584653919,120720496453197
7,45486,0.0,1789584653919,120720496453197
0,45587,80.0,1789584654020,120720498867440
1,45587,0.0,1789584654020,120720498867440
2,45587,0.0,1789584654020,120720498867440
3,45587,0.0,1789584654020,120720498867440
4,45587,50.0,1789584654020,120720498867440
5,45587,0.0,1789584654020,120720498867440
6,45587,0.0,1789584654020,120720498867440
7,45587,0.0,1789584654020,120720498867440
0,45687,66.7,1789584654120,120720501280052
1,45687,0.0,1789584654120,120720501280052
2,45687,30.0,1789584654120,120720501280052
3,45687,0.0,1789584654120,120720501280052
4,45687,30.0,1789584654120,120720501280052
5,45687,0.0,1789584654120,120720501280052
6,45687,0.0,1789584654120,120720501280052
7,45687,0.0,1789584654120,120720501280052
0,45788,30.0,1789584654221,120720503692340
1,45788,10.0,1789584654221,120720503692340
2,45788,10.0,1789584654221,120720503692340
3,45788,10.0,1789584654221,120720503692340
4,45788,10.0,1789584654221,120720503692340
5,45788,18.2,1789584654221,120720503692340
6,45788,10.0,1789584654221,120720503692340
7,45788,10.0,1789584654221,120720503692340
0,45888,27.3,1789584654321,120720506103932
1,45888,0.0,1789584654321,120720506103932
2,45888,0.0,1789584654321,120720506103932
3,45888,0.0,1789584654321,120720506103932
4,45888,0.0,1789584654321,120720506103932
5,45888,40.0,1789584654321,120720506103932
6,45888,0.0,1789584654321,120720506103932
7,45888,0.0,1789584654321,120720506103932
0,45989,22.2,1789584654422,120720508516179
1,45989,0.0,1789584654422,120720508516179
2,45989,0.0,1789584654422,120720508516179
3,45989,10.0,1789584654422,120720508516179
4,45989,18.2,1789584654422,120720508516179
5,45989,0.0,1789584654422,120720508516179
6,45989,0.0,1789584654422,120720508516179
7,45989,0.0,1789584654422,120720508516179
0,46089,10.0,1789584654522,120720510929925
1,46089,9.1,1789584654522,120720510929925
2,46089,0.0,1789584654522,120720510929925
3,46089,0.0,1789584654522,120720510929925
4,46089,0.0,1789584654522,120720510929925
5,46089,0.0,1789584654522,120720510929925
6,46089,18.2,1789584654522,120720510929925
7,46089,0.0,1789584654522,120720510929925
0,46190,30.0,1789584654623,120720513344483
1,46190,0.0,1789584654623,120720513344483
2,46190,20.0,1789584654623,120720513344483
3,46190,0.0,1789584654623,120720513344483
4,46190,10.0,1789584654623,120720513344483
5,46190,0.0,1789584654623,120720513344483
6,46190,20.0,1789584654623,120720513344483
7,46190,18.2,1789584654623,120720513344483
0,46291,10.0,1789584654724,120720515756999
1,46291,0.0,1789584654724,120720515756999
2,46291,0.0,1789584654724,120720515756999
3,46291,9.1,1789584654724,120720515756999
4,46291,0.0,1789584654724,120720515756999
5,46291,45.5,1789584654724,120720515756999
6,46291,0.0,1789584654724,120720515756999
7,46291,0.0,1789584654724,120720515756999
0,46391,50.0,1789584654824,120720518168678
1,46391,0.0,1789584654824,120720518168678
2,46391,0.0,1789584654824,120720518168678
3,46391,0.0,1789584654824,120720518168678
4,46391,0.0,1789584654824,120720518168678
5,46391,10.0,1789584654824,120720518168678
6,46391,0.0,1789584654824,120720518168678
7,46391,9.1,1789584654824,120720518168678
0,46492,9.1,1789584654925,120720520582367
1,46492,0.0,1789584654925,120720520582367
2,46492,10.0,1789584654925,120720520582367
3,46492,10.0,1789584654925,120720520582367
4,46492,18.2,1789584654925,120720520582367
5,46492,0.0,1789584654925,120720520582367
6,46492,9.1,1789584654925,120720520582367
7,46492,9.1,1789584654925,120720520582367
0,46592,0.0,1789584655025,120720522995757
1,46592,10.0,1789584655025,120720522995757
2,46592,0.0,1789584655025,120720522995757
3,46592,0.0,1789584655025,120720522995757
4,46592,0.0,1789584655025,120720522995757
5,46592,16.7,1789584655025,120720522995757
6,46592,0.0,1789584655025,120720522995757
7,46592,0.0,1789584655025,120720522995757
0,46693,0.0,1789584655126,120720525406235
1,46693,0.0,1789584655126,120720525406235
2,46693,0.0,1789584655126,120720525406235
3,46693,0.0,1789584655126,120720525406235
4,46693,0.0,1789584655126,120720525406235
5,46693,0.0,1789584655126,120720525406235
6,46693,0.0,1789584655126,120720525406235
7,46693,0.0,1789584655126,120720525406235
0,46793,0.0,1789584655226,120720527818467
1,46793,0.0,1789584655226,120720527818467
2,46793,0.0,1789584655226,120720527818467
3,46793,0.0,1789584655226,120720527818467
4,46793,0.0,1789584655226,120720527818467
5,46793,10.0,1789584655226,120720527818467
6,46793,10.0,1789584655226,120720527818467
7,46793,0.0,1789584655226,120720527818467
0,46894,0.0,1789584655327,120720530230239
1,46894,0.0,1789584655327,120720530230239
2,46894,0.0,1789584655327,120720530230239
3,46894,0.0,1789584655327,120720530230239
4,46894,0.0,1789584655327,120720530230239
5,46894,0.0,1789584655327,120720530230239
6,46894,0.0,1789584655327,120720530230239
7,46894,0.0,1789584655327,120720530230239
0,46994,0.0,1789584655427,120720532639761
1,46994,0.0,1789584655427,120720532639761
2,46994,0.0,1789584655427,120720532639761
3,46994,0.0,1789584655427,120720532639761
4,46994,0.0,1789584655427,120720532639761
5,46994,0.0,1789584655427,120720532639761
6,46994,0.0,1789584655427,120720532639761
7,46994,0.0,1789584655427,120720532639761
0,47094,0.0,1789584655527,120720535047564
1,47094,0.0,1789584655527,120720535047564
2,47094,0.0,1789584655527,120720535047564
3,47094,0.0,1789584655527,120720535047564
4,47094,0.0,1789584655527,120720535047564
5,47094,0.0,1789584655527,120720535047564
6,47094,0.0,1789584655527,120720535047564
7,47094,0.0,1789584655527,120720535047564
0,47195,0.0,1789584655628,120720537454682
1,47195,0.0,1789584655628,120720537454682
2,47195,0.0,1789584655628,120720537454682
3,47195,0.0,1789584655628,120720537454682
4,47195,0.0,1789584655628,120720537454682
5,47195,0.0,1789584655628,120720537454682
6,47195,0.0,1789584655628,120720537454682
7,47195,0.0,1789584655628,120720537454682
0,47295,0.0,1789584655728,120720539861527
1,47295,0.0,1789584655728,120720539861527
2,47295,0.0,1789584655728,120720539861527
3,47295,0.0,1789584655728,120720539861527
4,47295,0.0,1789584655728,120720539861527
5,47295,0.0,1789584655728,120720539861527
6,47295,0.0,1789584655728,120720539861527
7,47295,0.0,1789584655728,120720539861527
0,47395,10.0,1789584655828,120720542272503
1,47395,0.0,1789584655828,120720542272503
2,47395,0.0,1789584655828,120720542272503
3,47395,0.0,1789584655828,120720542272503
4,47395,0.0,1789584655828,120720542272503
5,47395,0.0,1789584655828,120720542272503
6,47395,0.0,1789584655828,120720542272503
7,47395,0.0,1789584655828,120720542272503
0,47496,0.0,1789584655929,120720544684463
1,47496,0.0,1789584655929,120720544684463
2,47496,0.0,1789584655929,120720544684463
3,47496,0.0,1789584655929,120720544684463
4,47496,0.0,1789584655929,120720544684463
5,47496,0.0,1789584655929,120720544684463
6,47496,0.0,1789584655929,120720544684463
7,47496,0.0,1789584655929,120720544684463
0,47596,0.0,1789584656029,120720547092614
1,47596,0.0,1789584656029,120720547092614
2,47596,0.0,1789584656029,120720547092614
3,47596,0.0,1789584656029,120720547092614
4,47596,0.0,1789584656029,120720547092614
5,47596,0.0,1789584656029,120720547092614
6,47596,0.0,1789584656029,120720547092614
7,47596,0.0,1789584656029,120720547092614
0,47697,0.0,1789584656130,120720549499698
1,47697,0.0,1789584656130,120720549499698
2,47697,0.0,1789584656130,120720549499698
3,47697,0.0,1789584656130,120720549499698
4,47697,0.0,1789584656130,120720549499698
5,47697,0.0,1789584656130,120720549499698
6,47697,0.0,1789584656130,120720549499698
7,47697,0.0,1789584656130,120720549499698
0,47797,0.0,1789584656230,120720551906861
1,47797,0.0,1789584656230,120720551906861
2,47797,0.0,1789584656230,120720551906861
3,47797,0.0,1789584656230,120720551906861
4,47797,0.0,1789584656230,120720551906861
5,47797,0.0,1789584656230,120720551906861
6,47797,0.0,1789584656230,120720551906861
7,47797,0.0,1789584656230,120720551906861
0,47897,0.0,1789584656330,120720554313665
1,47897,0.0,1789584656330,120720554313665
2,47897,0.0,1789584656330,120720554313665
3,47897,0.0,1789584656330,120720554313665
4,47897,0.0,1789584656330,120720554313665
5,47897,0.0,1789584656330,120720554313665
6,47897,0.0,1789584656330,120720554313665
7,47897,0.0,1789584656330,120720554313665
0,47998,0.0,1789584656431,120720556724466
1,47998,0.0,1789584656431,120720556724466
2,47998,0.0,1789584656431,120720556724466
3,47998,0.0,1789584656431,120720556724466
4,47998,0.0,1789584656431,120720556724466
5,47998,0.0,1789584656431,120720556724466
6,47998,0.0,1789584656431,120720556724466
7,47998,9.1,1789584656431,120720556724466
0,48098,0.0,1789584656531,120720559134016
1,48098,0.0,1789584656531,120720559134016
2,48098,0.0,1789584656531,120720559134016
3,48098,0.0,1789584656531,120720559134016
4,48098,0.0,1789584656531,120720559134016
5,48098,0.0,1789584656531,120720559134016
6,48098,0.0,1789584656531,120720559134016
7,48098,9.1,1789584656531,120720559134016
0,48198,0.0,1789584656631,120720561542567
1,48198,0.0,1789584656631,120720561542567
2,48198,9.1,1789584656631,120720561542567
3,48198,9.1,1789584656631,120720561542567
4,48198,0.0,1789584656631,120720561542567
5,48198,0.0,1789584656631,120720561542567
6,48198,0.0,1789584656631,120720561542567
7,48198,0.0,1789584656631,120720561542567
0,48299,0.0,1789584656732,120720563951509
1,48299,0.0,1789584656732,120720563951509
2,48299,0.0,1789584656732,120720563951509
3,48299,0.0,1789584656732,120720563951509
4,48299,0.0,1789584656732,120720563951509
5,48299,0.0,1789584656732,120720563951509
6,48299,0.0,1789584656732,120720563951509
7,48299,0.0,1789584656732,120720563951509
0,48399,0.0,1789584656832,120720566359001
1,48399,0.0,1789584656832,120720566359001
2,48399,0.0,1789584656832,120720566359001
3,48399,0.0,1789584656832,120720566359001
4,48399,0.0,1789584656832,120720566359001
5,48399,0.0,1789584656832,120720566359001
6,48399,0.0,1789584656832,120720566359001
7,48399,0.0,1789584656832,120720566359001
0,48499,0.0,1789584656932,120720568766063
1,48499,0.0,1789584656932,120720568766063
2,48499,0.0,1789584656932,120720568766063
3,48499,0.0,1789584656932,120720568766063
4,48499,0.0,1789584656932,120720568766063
5,48499,0.0,1789584656932,120720568766063
6,48499,0.0,1789584656932,120720568766063
7,48499,0.0,1789584656932,120720568766063
0,48600,0.0,1789584657033,120720571177065
1,48600,20.0,1789584657033,120720571177065
2,48600,0.0,1789584657033,120720571177065
3,48600,0.0,1789584657033,120720571177065
4,48600,0.0,1789584657033,120720571177065
5,48600,0.0,1789584657033,120720571177065
6,48600,10.0,1789584657033,120720571177065
7,48600,0.0,1789584657033,120720571177065
0,48700,0.0,1789584657133,120720573589023
1,48700,10.0,1789584657133,120720573589023
2,48700,0.0,1789584657133,120720573589023
3,48700,0.0,1789584657133,120720573589023
4,48700,44.4,1789584657133,120720573589023
5,48700,0.0,1789584657133,120720573589023
6,48700,0.0,1789584657133,120720573589023
7,48700,0.0,1789584657133,120720573589023
0,48801,0.0,1789584657234,120720576000227
1,48801,20.0,1789584657234,120720576000227
2,48801,0.0,1789584657234,120720576000227
3,48801,0.0,1789584657234,120720576000227
4,48801,0.0,1789584657234,120720576000227
5,48801,0.0,1789584657234,120720576000227
6,48801,0.0,1789584657234,120720576000227
7,48801,9.1,1789584657234,120720576000227
0,48901,0.0,1789584657334,120720578412117
1,48901,30.0,1789584657334,120720578412117
2,48901,0.0,1789584657334,120720578412117
3,48901,0.0,1789584657334,120720578412117
4,48901,27.3,1789584657334,120720578412117
5,48901,0.0,1789584657334,120720578412117
6,48901,0.0,1789584657334,120720578412117
7,48901,0.0,1789584657334,120720578412117
0,49002,10.0,1789584657435,120720580825371
1,49002,0.0,1789584657435,120720580825371
2,49002,10.0,1789584657435,120720580825371
3,49002,9.1,1789584657435,120720580825371
4,49002,0.0,1789584657435,120720580825371
5,49002,0.0,1789584657435,120720580825371
6,49002,20.0,1789584657435,120720580825371
7,49002,0.0,1789584657435,120720580825371
0,49102,0.0,1789584657535,120720583239681
1,49102,0.0,1789584657535,120720583239681
2,49102,0.0,1789584657535,120720583239681
3,49102,0.0,1789584657535,120720583239681
4,49102,0.0,1789584657535,120720583239681
5,49102,10.0,1789584657535,120720583239681
6,49102,0.0,1789584657535,120720583239681
7,49102,10.0,1789584657535,120720583239681
0,49203,10.0,1789584657636,120720585652722
1,49203,0.0,1789584657636,120720585652722
2,49203,0.0,1789584657636,120720585652722
3,49203,0.0,1789584657636,120720585652722
4,49203,0.0,1789584657636,120720585652722
5,49203,0.0,1789584657636,120720585652722
6,49203,0.0,1789584657636,120720585652722
7,49203,10.0,1789584657636,120720585652722
0,49303,10.0,1789584657736,120720588064990
1,49303,0.0,1789584657736,120720588064990
2,49303,0.0,1789584657736,120720588064990
3,49303,0.0,1789584657736,120720588064990
4,49303,0.0,1789584657736,120720588064990
5,49303,9.1,1789584657736,120720588064990
6,49303,10.0,1789584657736,120720588064990
7,49303,0.0,1789584657736,120720588064990
0,49404,0.0,1789584657837,120720590477983
1,49404,10.0,1789584657837,120720590477983
2,49404,9.1,1789584657837,120720590477983
3,49404,18.2,1789584657837,120720590477983
4,49404,10.0,1789584657837,120720590477983
5,49404,0.0,1789584657837,120720590477983
6,49404,0.0,1789584657837,120720590477983
7,49404,0.0,1789584657837,120720590477983
0,49504,0.0,1789584657937,120720592888002
1,49504,0.0,1789584657937,120720592888002
2,49504,0.0,1789584657937,120720592888002
3,49504,0.0,1789584657937,120720592888002
4,49504,0.0,1789584657937,120720592888002
5,49504,0.0,1789584657937,120720592888002
6,49504,0.0,1789584657937,120720592888002
7,49504,0.0,1789584657937,120720592888002
0,49605,0.0,1789584658038,120720595295567
1,49605,0.0,1789584658038,120720595295567
2,49605,0.0,1789584658038,120720595295567
3,49605,0.0,1789584658038,120720595295567
4,49605,0.0,1789584658038,120720595295567
5,49605,0.0,1789584658038,120720595295567
6,49605,0.0,1789584658038,120720595295567
7,49605,9.1,1789584658038,120720595295567
0,49705,9.1,1789584658138,120720597703253
1,49705,0.0,1789584658138,120720597703253
2,49705,0.0,1789584658138,120720597703253
3,49705,0.0,1789584658138,120720597703253
4,49705,0.0,1789584658138,120720597703253
5,49705,0.0,1789584658138,120720597703253
6,49705,0.0,1789584658138,120720597703253
7,49705,0.0,1789584658138,120720597703253
0,49805,0.0,1789584658238,120720600114120
1,49805,0.0,1789584658238,120720600114120
2,49805,0.0,1789584658238,120720600114120
3,49805,0.0,1789584658238,120720600114120
4,49805,0.0,1789584658238,120720600114120
5,49805,0.0,1789584658238,120720600114120
6,49805,9.1,1789584658238,120720600114120
7,49805,0.0,1789584658238,120720600114120
0,49906,0.0,1789584658339,120720602524165
1,49906,0.0,1789584658339,120720602524165
2,49906,0.0,1789584658339,120720602524165
3,49906,0.0,1789584658339,120720602524165
4,49906,0.0,1789584658339,120720602524165
5,49906,0.0,1789584658339,120720602524165
6,49906,0.0,1789584658339,120720602524165
7,49906,0.0,1789584658339,120720602524165
0,50006,0.0,1789584658439,120720604932108
1,50006,0.0,1789584658439,120720604932108
2,50006,0.0,1789584658439,120720604932108
3,50006,9.1,1789584658439,120720604932108
4,50006,0.0,1789584658439,120720604932108
5,50006,0.0,1789584658439,120720604932108
6,50006,0.0,1789584658439,120720604932108
7,50006,0.0,1789584658439,120720604932108
0,50107,0.0,1789584658540,120720607339591
1,50107,0.0,1789584658540,120720607339591
2,50107,0.0,1789584658540,120720607339591
3,50107,0.0,1789584658540,120720607339591
4,50107,0.0,1789584658540,120720607339591
5,50107,0.0,1789584658540,120720607339591
6,50107,0.0,1789584658540,120720607339591
7,50107,0.0,1789584658540,120720607339591
0,50207,0.0,1789584658640,120720609747304
1,50207,0.0,1789584658640,120720609747304
2,50207,0.0,1789584658640,120720609747304
3,50207,0.0,1789584658640,120720609747304
4,50207,0.0,1789584658640,120720609747304
5,50207,0.0,1789584658640,120720609747304
6,50207,0.0,1789584658640,120720609747304
7,50207,0.0,1789584658640,120720609747304
0,50307,0.0,1789584658740,120720612157694
1,50307,0.0,1789584658740,120720612157694
2,50307,10.0,1789584658740,120720612157694
3,50307,0.0,1789584658740,120720612157694
4,50307,0.0,1789584658740,120720612157694
5,50307,0.0,1789584658740,120720612157694
6,50307,0.0,1789584658740,120720612157694
7,50307,0.0,1789584658740,120720612157694
0,50408,0.0,1789584658841,120720614567920
1,50408,0.0,1789584658841,120720614567920
2,50408,0.0,1789584658841,120720614567920
3,50408,0.0,1789584658841,120720614567920
4,50408,0.0,1789584658841,120720614567920
5,50408,0.0,1789584658841,120720614567920
6,50408,0.0,1789584658841,120720614567920
7,50408,0.0,1789584658841,120720614567920
0,50508,0.0,1789584658941,120720616975367
1,50508,0.0,1789584658941,120720616975367
2,50508,0.0,1789584658941,120720616975367
3,50508,0.0,1789584658941,120720616975367
4,50508,0.0,1789584658941,120720616975367
5,50508,0.0,1789584658941,120720616975367
6,50508,0.0,1789584658941,120720616975367
7,50508,0.0,1789584658941,120720616975367
0,50608,0.0,1789584659041,120720619383383
1,50608,0.0,1789584659041,120720619383383
2,50608,0.0,1789584659041,120720619383383
3,50608,0.0,1789584659041,120720619383383
4,50608,0.0,1789584659041,120720619383383
5,50608,0.0,1789584659041,120720619383383
6,50608,0.0,1789584659041,120720619383383
7,50608,0.0,1789584659041,120720619383383
0,50709,0.0,1789584659142,120720621792037
1,50709,0.0,1789584659142,120720621792037
2,50709,0.0,1789584659142,120720621792037
3,50709,0.0,1789584659142,120720621792037
4,50709,0.0,1789584659142,120720621792037
5,50709,0.0,1789584659142,120720621792037
6,50709,0.0,1789584659142,120720621792037
7,50709,0.0,1789584659142,120720621792037
0,50809,0.0,1789584659242,120720624200344
1,50809,0.0,1789584659242,120720624200344
2,50809,0.0,1789584659242,120720624200344
3,50809,0.0,1789584659242,120720624200344
4,50809,0.0,1789584659242,120720624200344
5,50809,0.0,1789584659242,120720624200344
6,50809,0.0,1789584659242,120720624200344
7,50809,0.0,1789584659242,120720624200344
0,50909,0.0,1789584659342,120720626608294
1,50909,0.0,1789584659342,120720626608294
2,50909,0.0,1789584659342,120720626608294
3,50909,0.0,1789584659342,120720626608294
4,50909,0.0,1789584659342,120720626608294
5,50909,0.0,1789584659342,120720626608294
6,50909,0.0,1789584659342,120720626608294
7,50909,0.0,1789584659342,120720626608294
0,51010,0.0,1789584659443,120720629016116
1,51010,0.0,1789584659443,120720629016116
2,51010,0.0,1789584659443,120720629016116
3,51010,0.0,1789584659443,120720629016116
4,51010,0.0,1789584659443,120720629016116
5,51010,0.0,1789584659443,120720629016116
6,51010,0.0,1789584659443,120720629016116
7,51010,0.0,1789584659443,120720629016116
0,51110,0.0,1789584659543,120720631424204
1,51110,0.0,1789584659543,120720631424204
2,51110,0.0,1789584659543,120720631424204
3,51110,0.0,1789584659543,120720631424204
4,51110,0.0,1789584659543,120720631424204
5,51110,0.0,1789584659543,120720631424204
6,51110,0.0,1789584659543,120720631424204
7,51110,9.1,1789584659543,120720631424204
0,51210,0.0,1789584659643,120720633832778
1,51210,0.0,1789584659643,120720633832778
2,51210,0.0,1789584659643,120720633832778
3,51210,0.0,1789584659643,120720633832778
4,51210,0.0,1789584659643,120720633832778
5,51210,0.0,1789584659643,120720633832778
6,51210,0.0,1789584659643,120720633832778
7,51210,0.0,1789584659643,120720633832778
0,51311,0.0,1789584659744,120720636240634
1,51311,0.0,1789584659744,120720636240634
2,51311,0.0,1789584659744,120720636240634
3,51311,0.0,1789584659744,120720636240634
4,51311,0.0,1789584659744,120720636240634
5,51311,0.0,1789584659744,120720636240634
6,51311,0.0,1789584659744,120720636240634
7,51311,0.0,1789584659744,120720636240634
0,51411,0.0,1789584659844,120720638651429
1,51411,0.0,1789584659844,120720638651429
2,51411,0.0,1789584659844,120720638651429
3,51411,0.0,1789584659844,120720638651429
4,51411,0.0,1789584659844,120720638651429
5,51411,0.0,1789584659844,120720638651429
6,51411,0.0,1789584659844,120720638651429
7,51411,30.0,1789584659844,120720638651429
0,51512,50.0,1789584659945,120720641062984
1,51512,0.0,1789584659945,120720641062984
2,51512,0.0,1789584659945,120720641062984
3,51512,0.0,1789584659945,120720641062984
4,51512,0.0,1789584659945,120720641062984
5,51512,0.0,1789584659945,120720641062984
6,51512,0.0,1789584659945,120720641062984
7,51512,11.1,1789584659945,120720641062984
0,51612,10.0,1789584660045,120720643475948
1,51612,9.1,1789584660045,120720643475948
2,51612,0.0,1789584660045,120720643475948
3,51612,0.0,1789584660045,120720643475948
4,51612,11.1,1789584660045,120720643475948
5,51612,0.0,1789584660045,120720643475948
6,51612,0.0,1789584660045,120720643475948
7,51612,30.0,1789584660045,120720643475948
0,51713,0.0,1789584660146,120720645889395
1,51713,10.0,1789584660146,120720645889395
2,51713,10.0,1789584660146,120720645889395
3,51713,0.0,1789584660146,120720645889395
4,51713,0.0,1789584660146,120720645889395
5,51713,9.1,1789584660146,120720645889395
6,51713,10.0,1789584660146,120720645889395
7,51713,10.0,1789584660146,120720645889395
0,51813,0.0,1789584660246,120720648302696
1,51813,0.0,1789584660246,120720648302696
2,51813,0.0,1789584660246,120720648302696
3,51813,10.0,1789584660246,120720648302696
4,51813,0.0,1789584660246,120720648302696
5,51813,0.0,1789584660246,120720648302696
6,51813,0.0,1789584660246,120720648302696
7,51813,9.1,1789584660246,120720648302696
0,51914,10.0,1789584660347,120720650717294
1,51914,10.0,1789584660347,120720650717294
2,51914,18.2,1789584660347,120720650717294
3,51914,9.1,1789584660347,120720650717294
4,51914,0.0,1789584660347,120720650717294
5,51914,0.0,1789584660347,120720650717294
6,51914,0.0,1789584660347,120720650717294
7,51914,11.1,1789584660347,120720650717294
0,52015,0.0,1789584660448,120720653130093
1,52015,0.0,1789584660448,120720653130093
2,52015,10.0,1789584660448,120720653130093
3,52015,0.0,1789584660448,120720653130093
4,52015,0.0,1789584660448,120720653130093
5,52015,0.0,1789584660448,120720653130093
6,52015,0.0,1789584660448,120720653130093
7,52015,0.0,1789584660448,120720653130093
0,52115,36.4,1789584660548,120720655542967
1,52115,0.0,1789584660548,120720655542967
2,52115,9.1,1789584660548,120720655542967
3,52115,0.0,1789584660548,120720655542967
4,52115,10.0,1789584660548,120720655542967
5,52115,0.0,1789584660548,120720655542967
6,52115,18.2,1789584660548,120720655542967
7,52115,10.0,1789584660548,120720655542967
0,52216,22.2,1789584660649,120720657954661
1,52216,0.0,1789584660649,120720657954661
2,52216,0.0,1789584660649,120720657954661
3,52216,0.0,1789584660649,120720657954661
4,52216,50.0,1789584660649,120720657954661
5,52216,0.0,1789584660649,120720657954661
6,52216,0.0,1789584660649,120720657954661
7,52216,9.1,1789584660649,120720657954661
0,52316,27.3,1789584660749,120720660367624
1,52316,10.0,1789584660749,120720660367624
2,52316,0.0,1789584660749,120720660367624
3,52316,0.0,1789584660749,120720660367624
4,52316,0.0,1789584660749,120720660367624
5,52316,10.0,1789584660749,120720660367624
6,52316,9.1,1789584660749,120720660367624
7,52316,10.0,1789584660749,120720660367624
0,52411,0.0,1789584660844,120720662643498
1,52411,0.0,1789584660844,120720662643498
2,52411,0.0,1789584660844,120720662643498
3,52411,11.1,1789584660844,120720662643498
4,52411,20.0,1789584660844,120720662643498
5,52411,0.0,1789584660844,120720662643498
6,52411,0.0,1789584660844,120720662643498
7,52411,0.0,1789584660844,120720662643498
