cpu,t_ms,busy_pct,epoch_ms,rdtime_ticks
0,101,0.0,1789195624802,111383904011605
1,101,0.0,1789195624802,111383904011605
2,101,100.0,1789195624802,111383904011605
3,101,0.0,1789195624802,111383904011605
4,101,50.0,1789195624802,111383904011605
5,101,0.0,1789195624802,111383904011605
6,101,25.0,1789195624802,111383904011605
7,101,66.7,1789195624802,111383904011605
0,201,27.3,1789195624902,111383906423951
1,201,0.0,1789195624902,111383906423951
2,201,88.9,1789195624902,111383906423951
3,201,0.0,1789195624902,111383906423951
4,201,66.7,1789195624902,111383906423951
5,201,0.0,1789195624902,111383906423951
6,201,33.3,1789195624902,111383906423951
7,201,63.6,1789195624902,111383906423951
0,302,10.0,1789195625003,111383908834750
1,302,0.0,1789195625003,111383908834750
2,302,100.0,1789195625003,111383908834750
3,302,0.0,1789195625003,111383908834750
4,302,62.5,1789195625003,111383908834750
5,302,0.0,1789195625003,111383908834750
6,302,28.6,1789195625003,111383908834750
7,302,70.0,1789195625003,111383908834750
0,402,11.1,1789195625103,111383911245618
1,402,0.0,1789195625103,111383911245618
2,402,90.9,1789195625103,111383911245618
3,402,0.0,1789195625103,111383911245618
4,402,70.0,1789195625103,111383911245618
5,402,0.0,1789195625103,111383911245618
6,402,25.0,1789195625103,111383911245618
7,402,70.0,1789195625103,111383911245618
0,503,27.3,1789195625204,111383913656601
1,503,0.0,1789195625204,111383913656601
2,503,100.0,1789195625204,111383913656601
3,503,0.0,1789195625204,111383913656601
4,503,62.5,1789195625204,111383913656601
5,503,0.0,1789195625204,111383913656601
6,503,44.4,1789195625204,111383913656601
7,503,72.7,1789195625204,111383913656601
0,603,40.0,1789195625304,111383916068169
1,603,10.0,1789195625304,111383916068169
2,603,90.0,1789195625304,111383916068169
3,603,33.3,1789195625304,111383916068169
4,603,70.0,1789195625304,111383916068169
5,603,30.0,1789195625304,111383916068169
6,603,20.0,1789195625304,111383916068169
7,603,75.0,1789195625304,111383916068169
0,704,60.0,1789195625405,111383918479326
1,704,40.0,1789195625405,111383918479326
2,704,88.9,1789195625405,111383918479326
3,704,9.1,1789195625405,111383918479326
4,704,66.7,1789195625405,111383918479326
5,704,0.0,1789195625405,111383918479326
6,704,0.0,1789195625405,111383918479326
7,704,60.0,1789195625405,111383918479326
0,804,20.0,1789195625505,111383920890308
1,804,44.4,1789195625505,111383920890308
2,804,100.0,1789195625505,111383920890308
3,804,60.0,1789195625505,111383920890308
4,804,70.0,1789195625505,111383920890308
5,804,0.0,1789195625505,111383920890308
6,804,0.0,1789195625505,111383920890308
7,804,77.8,1789195625505,111383920890308
0,905,12.5,1789195625606,111383923301729
1,905,55.6,1789195625606,111383923301729
2,905,66.7,1789195625606,111383923301729
3,905,10.0,1789195625606,111383923301729
4,905,62.5,1789195625606,111383923301729
5,905,0.0,1789195625606,111383923301729
6,905,18.2,1789195625606,111383923301729
7,905,66.7,1789195625606,111383923301729
0,1005,27.3,1789195625706,111383925713539
1,1005,44.4,1789195625706,111383925713539
2,1005,90.0,1789195625706,111383925713539
3,1005,30.0,1789195625706,111383925713539
4,1005,70.0,1789195625706,111383925713539
5,1005,10.0,1789195625706,111383925713539
6,1005,20.0,1789195625706,111383925713539
7,1005,66.7,1789195625706,111383925713539
0,1105,11.1,1789195625806,111383928124573
1,1105,50.0,1789195625806,111383928124573
2,1105,90.9,1789195625806,111383928124573
3,1105,0.0,1789195625806,111383928124573
4,1105,70.0,1789195625806,111383928124573
5,1105,0.0,1789195625806,111383928124573
6,1105,0.0,1789195625806,111383928124573
7,1105,66.7,1789195625806,111383928124573
0,1206,0.0,1789195625907,111383930536070
1,1206,50.0,1789195625907,111383930536070
2,1206,100.0,1789195625907,111383930536070
3,1206,0.0,1789195625907,111383930536070
4,1206,66.7,1789195625907,111383930536070
5,1206,0.0,1789195625907,111383930536070
6,1206,0.0,1789195625907,111383930536070
7,1206,72.7,1789195625907,111383930536070
0,1306,18.2,1789195626007,111383932946756
1,1306,44.4,1789195626007,111383932946756
2,1306,90.9,1789195626007,111383932946756
3,1306,0.0,1789195626007,111383932946756
4,1306,70.0,1789195626007,111383932946756
5,1306,0.0,1789195626007,111383932946756
6,1306,0.0,1789195626007,111383932946756
7,1306,66.7,1789195626007,111383932946756
0,1407,20.0,1789195626108,111383935359075
1,1407,42.9,1789195626108,111383935359075
2,1407,100.0,1789195626108,111383935359075
3,1407,0.0,1789195626108,111383935359075
4,1407,66.7,1789195626108,111383935359075
5,1407,9.1,1789195626108,111383935359075
6,1407,0.0,1789195626108,111383935359075
7,1407,66.7,1789195626108,111383935359075
0,1507,10.0,1789195626208,111383937769951
1,1507,28.6,1789195626208,111383937769951
2,1507,100.0,1789195626208,111383937769951
3,1507,0.0,1789195626208,111383937769951
4,1507,66.7,1789195626208,111383937769951
5,1507,0.0,1789195626208,111383937769951
6,1507,0.0,1789195626208,111383937769951
7,1507,72.7,1789195626208,111383937769951
0,1608,30.0,1789195626309,111383940180997
1,1608,44.4,1789195626309,111383940180997
2,1608,90.0,1789195626309,111383940180997
3,1608,0.0,1789195626309,111383940180997
4,1608,70.0,1789195626309,111383940180997
5,1608,0.0,1789195626309,111383940180997
6,1608,0.0,1789195626309,111383940180997
7,1608,70.0,1789195626309,111383940180997
0,1708,10.0,1789195626409,111383942591471
1,1708,44.4,1789195626409,111383942591471
2,1708,100.0,1789195626409,111383942591471
3,1708,0.0,1789195626409,111383942591471
4,1708,66.7,1789195626409,111383942591471
5,1708,0.0,1789195626409,111383942591471
6,1708,0.0,1789195626409,111383942591471
7,1708,70.0,1789195626409,111383942591471
0,1809,10.0,1789195626510,111383945001809
1,1809,44.4,1789195626510,111383945001809
2,1809,90.0,1789195626510,111383945001809
3,1809,0.0,1789195626510,111383945001809
4,1809,75.0,1789195626510,111383945001809
5,1809,0.0,1789195626510,111383945001809
6,1809,0.0,1789195626510,111383945001809
7,1809,75.0,1789195626510,111383945001809
0,1909,20.0,1789195626610,111383947412331
1,1909,28.6,1789195626610,111383947412331
2,1909,88.9,1789195626610,111383947412331
3,1909,0.0,1789195626610,111383947412331
4,1909,70.0,1789195626610,111383947412331
5,1909,0.0,1789195626610,111383947412331
6,1909,0.0,1789195626610,111383947412331
7,1909,62.5,1789195626610,111383947412331
0,2010,11.1,1789195626711,111383949822771
1,2010,45.5,1789195626711,111383949822771
2,2010,100.0,1789195626711,111383949822771
3,2010,0.0,1789195626711,111383949822771
4,2010,62.5,1789195626711,111383949822771
5,2010,0.0,1789195626711,111383949822771
6,2010,0.0,1789195626711,111383949822771
7,2010,72.7,1789195626711,111383949822771
0,2110,18.2,1789195626811,111383952234391
1,2110,44.4,1789195626811,111383952234391
2,2110,88.9,1789195626811,111383952234391
3,2110,0.0,1789195626811,111383952234391
4,2110,70.0,1789195626811,111383952234391
5,2110,0.0,1789195626811,111383952234391
6,2110,0.0,1789195626811,111383952234391
7,2110,57.1,1789195626811,111383952234391
0,2211,18.2,1789195626912,111383954645575
1,2211,50.0,1789195626912,111383954645575
2,2211,90.0,1789195626912,111383954645575
3,2211,0.0,1789195626912,111383954645575
4,2211,72.7,1789195626912,111383954645575
5,2211,0.0,1789195626912,111383954645575
6,2211,0.0,1789195626912,111383954645575
7,2211,70.0,1789195626912,111383954645575
0,2311,11.1,1789195627012,111383957056463
1,2311,37.5,1789195627012,111383957056463
2,2311,100.0,1789195627012,111383957056463
3,2311,0.0,1789195627012,111383957056463
4,2311,57.1,1789195627012,111383957056463
5,2311,0.0,1789195627012,111383957056463
6,2311,0.0,1789195627012,111383957056463
7,2311,70.0,1789195627012,111383957056463
0,2411,11.1,1789195627112,111383959466875
1,2411,50.0,1789195627112,111383959466875
2,2411,90.9,1789195627112,111383959466875
3,2411,0.0,1789195627112,111383959466875
4,2411,70.0,1789195627112,111383959466875
5,2411,0.0,1789195627112,111383959466875
6,2411,0.0,1789195627112,111383959466875
7,2411,70.0,1789195627112,111383959466875
0,2512,10.0,1789195627213,111383961877234
1,2512,50.0,1789195627213,111383961877234
2,2512,88.9,1789195627213,111383961877234
3,2512,0.0,1789195627213,111383961877234
4,2512,70.0,1789195627213,111383961877234
5,2512,0.0,1789195627213,111383961877234
6,2512,0.0,1789195627213,111383961877234
7,2512,66.7,1789195627213,111383961877234
0,2612,20.0,1789195627313,111383964288691
1,2612,28.6,1789195627313,111383964288691
2,2612,100.0,1789195627313,111383964288691
3,2612,0.0,1789195627313,111383964288691
4,2612,66.7,1789195627313,111383964288691
5,2612,0.0,1789195627313,111383964288691
6,2612,0.0,1789195627313,111383964288691
7,2612,62.5,1789195627313,111383964288691
0,2713,10.0,1789195627414,111383966699192
1,2713,37.5,1789195627414,111383966699192
2,2713,90.0,1789195627414,111383966699192
3,2713,0.0,1789195627414,111383966699192
4,2713,70.0,1789195627414,111383966699192
5,2713,0.0,1789195627414,111383966699192
6,2713,0.0,1789195627414,111383966699192
7,2713,70.0,1789195627414,111383966699192
0,2813,11.1,1789195627514,111383969109576
1,2813,44.4,1789195627514,111383969109576
2,2813,88.9,1789195627514,111383969109576
3,2813,0.0,1789195627514,111383969109576
4,2813,71.4,1789195627514,111383969109576
5,2813,0.0,1789195627514,111383969109576
6,2813,0.0,1789195627514,111383969109576
7,2813,62.5,1789195627514,111383969109576
0,2914,18.2,1789195627615,111383971520516
1,2914,44.4,1789195627615,111383971520516
2,2914,90.0,1789195627615,111383971520516
3,2914,0.0,1789195627615,111383971520516
4,2914,70.0,1789195627615,111383971520516
5,2914,0.0,1789195627615,111383971520516
6,2914,0.0,1789195627615,111383971520516
7,2914,72.7,1789195627615,111383971520516
0,3014,22.2,1789195627715,111383973932118
1,3014,45.5,1789195627715,111383973932118
2,3014,100.0,1789195627715,111383973932118
3,3014,0.0,1789195627715,111383973932118
4,3014,75.0,1789195627715,111383973932118
5,3014,9.1,1789195627715,111383973932118
6,3014,0.0,1789195627715,111383973932118
7,3014,72.7,1789195627715,111383973932118
0,3115,18.2,1789195627816,111383976342421
1,3115,44.4,1789195627816,111383976342421
2,3115,90.0,1789195627816,111383976342421
3,3115,0.0,1789195627816,111383976342421
4,3115,66.7,1789195627816,111383976342421
5,3115,0.0,1789195627816,111383976342421
6,3115,0.0,1789195627816,111383976342421
7,3115,72.7,1789195627816,111383976342421
0,3215,10.0,1789195627916,111383978752897
1,3215,50.0,1789195627916,111383978752897
2,3215,90.9,1789195627916,111383978752897
3,3215,0.0,1789195627916,111383978752897
4,3215,72.7,1789195627916,111383978752897
5,3215,0.0,1789195627916,111383978752897
6,3215,0.0,1789195627916,111383978752897
7,3215,66.7,1789195627916,111383978752897
0,3315,30.0,1789195628016,111383981163673
1,3315,37.5,1789195628016,111383981163673
2,3315,90.9,1789195628016,111383981163673
3,3315,0.0,1789195628016,111383981163673
4,3315,70.0,1789195628016,111383981163673
5,3315,0.0,1789195628016,111383981163673
6,3315,0.0,1789195628016,111383981163673
7,3315,62.5,1789195628016,111383981163673
0,3416,10.0,1789195628117,111383983574033
1,3416,16.7,1789195628117,111383983574033
2,3416,100.0,1789195628117,111383983574033
3,3416,0.0,1789195628117,111383983574033
4,3416,62.5,1789195628117,111383983574033
5,3416,0.0,1789195628117,111383983574033
6,3416,0.0,1789195628117,111383983574033
7,3416,70.0,1789195628117,111383983574033
0,3516,10.0,1789195628217,111383985984553
1,3516,37.5,1789195628217,111383985984553
2,3516,90.0,1789195628217,111383985984553
3,3516,0.0,1789195628217,111383985984553
4,3516,72.7,1789195628217,111383985984553
5,3516,0.0,1789195628217,111383985984553
6,3516,0.0,1789195628217,111383985984553
7,3516,62.5,1789195628217,111383985984553
0,3617,20.0,1789195628318,111383988395471
1,3617,40.0,1789195628318,111383988395471
2,3617,90.0,1789195628318,111383988395471
3,3617,0.0,1789195628318,111383988395471
4,3617,72.7,1789195628318,111383988395471
5,3617,0.0,1789195628318,111383988395471
6,3617,0.0,1789195628318,111383988395471
7,3617,70.0,1789195628318,111383988395471
0,3717,10.0,1789195628418,111383990806246
1,3717,44.4,1789195628418,111383990806246
2,3717,90.0,1789195628418,111383990806246
3,3717,0.0,1789195628418,111383990806246
4,3717,70.0,1789195628418,111383990806246
5,3717,0.0,1789195628418,111383990806246
6,3717,0.0,1789195628418,111383990806246
7,3717,66.7,1789195628418,111383990806246
0,3818,11.1,1789195628519,111383993217248
1,3818,44.4,1789195628519,111383993217248
2,3818,90.9,1789195628519,111383993217248
3,3818,0.0,1789195628519,111383993217248
4,3818,70.0,1789195628519,111383993217248
5,3818,0.0,1789195628519,111383993217248
6,3818,0.0,1789195628519,111383993217248
7,3818,75.0,1789195628519,111383993217248
0,3918,18.2,1789195628619,111383995629010
1,3918,37.5,1789195628619,111383995629010
2,3918,90.0,1789195628619,111383995629010
3,3918,0.0,1789195628619,111383995629010
4,3918,70.0,1789195628619,111383995629010
5,3918,0.0,1789195628619,111383995629010
6,3918,0.0,1789195628619,111383995629010
7,3918,66.7,1789195628619,111383995629010
0,4019,11.1,1789195628720,111383998041197
1,4019,44.4,1789195628720,111383998041197
2,4019,88.9,1789195628720,111383998041197
3,4019,0.0,1789195628720,111383998041197
4,4019,66.7,1789195628720,111383998041197
5,4019,0.0,1789195628720,111383998041197
6,4019,0.0,1789195628720,111383998041197
7,4019,70.0,1789195628720,111383998041197
0,4119,10.0,1789195628820,111384000451472
1,4119,50.0,1789195628820,111384000451472
2,4119,100.0,1789195628820,111384000451472
3,4119,0.0,1789195628820,111384000451472
4,4119,66.7,1789195628820,111384000451472
5,4119,0.0,1789195628820,111384000451472
6,4119,0.0,1789195628820,111384000451472
7,4119,66.7,1789195628820,111384000451472
0,4220,11.1,1789195628921,111384002861899
1,4220,44.4,1789195628921,111384002861899
2,4220,90.0,1789195628921,111384002861899
3,4220,0.0,1789195628921,111384002861899
4,4220,70.0,1789195628921,111384002861899
5,4220,0.0,1789195628921,111384002861899
6,4220,0.0,1789195628921,111384002861899
7,4220,70.0,1789195628921,111384002861899
0,4320,27.3,1789195629021,111384005272679
1,4320,45.5,1789195629021,111384005272679
2,4320,88.9,1789195629021,111384005272679
3,4320,0.0,1789195629021,111384005272679
4,4320,75.0,1789195629021,111384005272679
5,4320,0.0,1789195629021,111384005272679
6,4320,0.0,1789195629021,111384005272679
7,4320,66.7,1789195629021,111384005272679
0,4421,10.0,1789195629122,111384007684698
1,4421,44.4,1789195629122,111384007684698
2,4421,90.9,1789195629122,111384007684698
3,4421,0.0,1789195629122,111384007684698
4,4421,66.7,1789195629122,111384007684698
5,4421,0.0,1789195629122,111384007684698
6,4421,0.0,1789195629122,111384007684698
7,4421,72.7,1789195629122,111384007684698
0,4521,10.0,1789195629222,111384010095402
1,4521,44.4,1789195629222,111384010095402
2,4521,88.9,1789195629222,111384010095402
3,4521,0.0,1789195629222,111384010095402
4,4521,70.0,1789195629222,111384010095402
5,4521,0.0,1789195629222,111384010095402
6,4521,0.0,1789195629222,111384010095402
7,4521,66.7,1789195629222,111384010095402
0,4621,10.0,1789195629322,111384012506582
1,4621,44.4,1789195629322,111384012506582
2,4621,88.9,1789195629322,111384012506582
3,4621,0.0,1789195629322,111384012506582
4,4621,70.0,1789195629322,111384012506582
5,4621,0.0,1789195629322,111384012506582
6,4621,0.0,1789195629322,111384012506582
7,4621,55.6,1789195629322,111384012506582
0,4722,30.0,1789195629423,111384014919061
1,4722,28.6,1789195629423,111384014919061
2,4722,88.9,1789195629423,111384014919061
3,4722,0.0,1789195629423,111384014919061
4,4722,66.7,1789195629423,111384014919061
5,4722,0.0,1789195629423,111384014919061
6,4722,0.0,1789195629423,111384014919061
7,4722,70.0,1789195629423,111384014919061
0,4822,10.0,1789195629523,111384017329887
1,4822,28.6,1789195629523,111384017329887
2,4822,100.0,1789195629523,111384017329887
3,4822,0.0,1789195629523,111384017329887
4,4822,62.5,1789195629523,111384017329887
5,4822,0.0,1789195629523,111384017329887
6,4822,0.0,1789195629523,111384017329887
7,4822,66.7,1789195629523,111384017329887
0,4923,10.0,1789195629624,111384019740410
1,4923,33.3,1789195629624,111384019740410
2,4923,90.0,1789195629624,111384019740410
3,4923,0.0,1789195629624,111384019740410
4,4923,70.0,1789195629624,111384019740410
5,4923,0.0,1789195629624,111384019740410
6,4923,0.0,1789195629624,111384019740410
7,4923,66.7,1789195629624,111384019740410
0,5023,22.2,1789195629724,111384022151329
1,5023,44.4,1789195629724,111384022151329
2,5023,90.0,1789195629724,111384022151329
3,5023,0.0,1789195629724,111384022151329
4,5023,70.0,1789195629724,111384022151329
5,5023,0.0,1789195629724,111384022151329
6,5023,0.0,1789195629724,111384022151329
7,5023,70.0,1789195629724,111384022151329
0,5124,20.0,1789195629825,111384024562615
1,5124,37.5,1789195629825,111384024562615
2,5124,90.0,1789195629825,111384024562615
3,5124,0.0,1789195629825,111384024562615
4,5124,70.0,1789195629825,111384024562615
5,5124,0.0,1789195629825,111384024562615
6,5124,0.0,1789195629825,111384024562615
7,5124,66.7,1789195629825,111384024562615
0,5224,18.2,1789195629925,111384026973047
1,5224,54.5,1789195629925,111384026973047
2,5224,90.0,1789195629925,111384026973047
3,5224,0.0,1789195629925,111384026973047
4,5224,70.0,1789195629925,111384026973047
5,5224,0.0,1789195629925,111384026973047
6,5224,0.0,1789195629925,111384026973047
7,5224,70.0,1789195629925,111384026973047
0,5325,10.0,1789195630026,111384029385042
1,5325,37.5,1789195630026,111384029385042
2,5325,100.0,1789195630026,111384029385042
3,5325,0.0,1789195630026,111384029385042
4,5325,66.7,1789195630026,111384029385042
5,5325,0.0,1789195630026,111384029385042
6,5325,0.0,1789195630026,111384029385042
7,5325,66.7,1789195630026,111384029385042
0,5425,11.1,1789195630126,111384031798015
1,5425,28.6,1789195630126,111384031798015
2,5425,88.9,1789195630126,111384031798015
3,5425,0.0,1789195630126,111384031798015
4,5425,72.7,1789195630126,111384031798015
5,5425,0.0,1789195630126,111384031798015
6,5425,0.0,1789195630126,111384031798015
7,5425,72.7,1789195630126,111384031798015
0,5526,18.2,1789195630227,111384034208777
1,5526,37.5,1789195630227,111384034208777
2,5526,90.0,1789195630227,111384034208777
3,5526,0.0,1789195630227,111384034208777
4,5526,62.5,1789195630227,111384034208777
5,5526,0.0,1789195630227,111384034208777
6,5526,0.0,1789195630227,111384034208777
7,5526,70.0,1789195630227,111384034208777
0,5626,11.1,1789195630327,111384036619451
1,5626,37.5,1789195630327,111384036619451
2,5626,88.9,1789195630327,111384036619451
3,5626,0.0,1789195630327,111384036619451
4,5626,72.7,1789195630327,111384036619451
5,5626,0.0,1789195630327,111384036619451
6,5626,0.0,1789195630327,111384036619451
7,5626,66.7,1789195630327,111384036619451
0,5727,27.3,1789195630428,111384039030429
1,5727,45.5,1789195630428,111384039030429
2,5727,88.9,1789195630428,111384039030429
3,5727,0.0,1789195630428,111384039030429
4,5727,70.0,1789195630428,111384039030429
5,5727,0.0,1789195630428,111384039030429
6,5727,0.0,1789195630428,111384039030429
7,5727,66.7,1789195630428,111384039030429
0,5827,10.0,1789195630528,111384041441499
1,5827,37.5,1789195630528,111384041441499
2,5827,90.9,1789195630528,111384041441499
3,5827,0.0,1789195630528,111384041441499
4,5827,70.0,1789195630528,111384041441499
5,5827,0.0,1789195630528,111384041441499
6,5827,0.0,1789195630528,111384041441499
7,5827,70.0,1789195630528,111384041441499
0,5928,10.0,1789195630629,111384043852083
1,5928,50.0,1789195630629,111384043852083
2,5928,100.0,1789195630629,111384043852083
3,5928,0.0,1789195630629,111384043852083
4,5928,66.7,1789195630629,111384043852083
5,5928,0.0,1789195630629,111384043852083
6,5928,0.0,1789195630629,111384043852083
7,5928,70.0,1789195630629,111384043852083
0,6028,11.1,1789195630729,111384046263266
1,6028,37.5,1789195630729,111384046263266
2,6028,90.0,1789195630729,111384046263266
3,6028,0.0,1789195630729,111384046263266
4,6028,75.0,1789195630729,111384046263266
5,6028,0.0,1789195630729,111384046263266
6,6028,0.0,1789195630729,111384046263266
7,6028,70.0,1789195630729,111384046263266
0,6128,20.0,1789195630829,111384048674331
1,6128,50.0,1789195630829,111384048674331
2,6128,87.5,1789195630829,111384048674331
3,6128,0.0,1789195630829,111384048674331
4,6128,66.7,1789195630829,111384048674331
5,6128,0.0,1789195630829,111384048674331
6,6128,0.0,1789195630829,111384048674331
7,6128,62.5,1789195630829,111384048674331
0,6229,18.2,1789195630930,111384051085017
1,6229,28.6,1789195630930,111384051085017
2,6229,88.9,1789195630930,111384051085017
3,6229,0.0,1789195630930,111384051085017
4,6229,66.7,1789195630930,111384051085017
5,6229,0.0,1789195630930,111384051085017
6,6229,0.0,1789195630930,111384051085017
7,6229,66.7,1789195630930,111384051085017
0,6329,10.0,1789195631030,111384053496077
1,6329,44.4,1789195631030,111384053496077
2,6329,90.0,1789195631030,111384053496077
3,6329,0.0,1789195631030,111384053496077
4,6329,77.8,1789195631030,111384053496077
5,6329,0.0,1789195631030,111384053496077
6,6329,0.0,1789195631030,111384053496077
7,6329,66.7,1789195631030,111384053496077
0,6430,22.2,1789195631131,111384055906737
1,6430,33.3,1789195631131,111384055906737
2,6430,90.0,1789195631131,111384055906737
3,6430,0.0,1789195631131,111384055906737
4,6430,62.5,1789195631131,111384055906737
5,6430,0.0,1789195631131,111384055906737
6,6430,0.0,1789195631131,111384055906737
7,6430,72.7,1789195631131,111384055906737
0,6530,18.2,1789195631231,111384058318642
1,6530,44.4,1789195631231,111384058318642
2,6530,90.9,1789195631231,111384058318642
3,6530,0.0,1789195631231,111384058318642
4,6530,72.7,1789195631231,111384058318642
5,6530,10.0,1789195631231,111384058318642
6,6530,0.0,1789195631231,111384058318642
7,6530,72.7,1789195631231,111384058318642
0,6631,10.0,1789195631332,111384060728973
1,6631,37.5,1789195631332,111384060728973
2,6631,100.0,1789195631332,111384060728973
3,6631,0.0,1789195631332,111384060728973
4,6631,66.7,1789195631332,111384060728973
5,6631,0.0,1789195631332,111384060728973
6,6631,0.0,1789195631332,111384060728973
7,6631,70.0,1789195631332,111384060728973
0,6731,11.1,1789195631432,111384063139989
1,6731,44.4,1789195631432,111384063139989
2,6731,87.5,1789195631432,111384063139989
3,6731,0.0,1789195631432,111384063139989
4,6731,66.7,1789195631432,111384063139989
5,6731,0.0,1789195631432,111384063139989
6,6731,0.0,1789195631432,111384063139989
7,6731,66.7,1789195631432,111384063139989
0,6832,20.0,1789195631533,111384065550783
1,6832,16.7,1789195631533,111384065550783
2,6832,90.0,1789195631533,111384065550783
3,6832,0.0,1789195631533,111384065550783
4,6832,66.7,1789195631533,111384065550783
5,6832,0.0,1789195631533,111384065550783
6,6832,0.0,1789195631533,111384065550783
7,6832,70.0,1789195631533,111384065550783
0,6932,20.0,1789195631633,111384067961639
1,6932,44.4,1789195631633,111384067961639
2,6932,90.9,1789195631633,111384067961639
3,6932,22.2,1789195631633,111384067961639
4,6932,70.0,1789195631633,111384067961639
5,6932,0.0,1789195631633,111384067961639
6,6932,0.0,1789195631633,111384067961639
7,6932,66.7,1789195631633,111384067961639
0,7033,20.0,1789195631734,111384070372079
1,7033,44.4,1789195631734,111384070372079
2,7033,100.0,1789195631734,111384070372079
3,7033,0.0,1789195631734,111384070372079
4,7033,72.7,1789195631734,111384070372079
5,7033,0.0,1789195631734,111384070372079
6,7033,0.0,1789195631734,111384070372079
7,7033,70.0,1789195631734,111384070372079
0,7133,20.0,1789195631834,111384072783140
1,7133,33.3,1789195631834,111384072783140
2,7133,90.0,1789195631834,111384072783140
3,7133,0.0,1789195631834,111384072783140
4,7133,62.5,1789195631834,111384072783140
5,7133,0.0,1789195631834,111384072783140
6,7133,0.0,1789195631834,111384072783140
7,7133,63.6,1789195631834,111384072783140
0,7233,18.2,1789195631934,111384075193695
1,7233,28.6,1789195631934,111384075193695
2,7233,90.0,1789195631934,111384075193695
3,7233,0.0,1789195631934,111384075193695
4,7233,66.7,1789195631934,111384075193695
5,7233,0.0,1789195631934,111384075193695
6,7233,0.0,1789195631934,111384075193695
7,7233,66.7,1789195631934,111384075193695
0,7334,11.1,1789195632035,111384077605328
1,7334,55.6,1789195632035,111384077605328
2,7334,90.9,1789195632035,111384077605328
3,7334,0.0,1789195632035,111384077605328
4,7334,70.0,1789195632035,111384077605328
5,7334,0.0,1789195632035,111384077605328
6,7334,0.0,1789195632035,111384077605328
7,7334,66.7,1789195632035,111384077605328
0,7434,10.0,1789195632135,111384080017959
1,7434,37.5,1789195632135,111384080017959
2,7434,100.0,1789195632135,111384080017959
3,7434,0.0,1789195632135,111384080017959
4,7434,66.7,1789195632135,111384080017959
5,7434,9.1,1789195632135,111384080017959
6,7434,9.1,1789195632135,111384080017959
7,7434,70.0,1789195632135,111384080017959
0,7535,27.3,1789195632236,111384082431270
1,7535,44.4,1789195632236,111384082431270
2,7535,100.0,1789195632236,111384082431270
3,7535,0.0,1789195632236,111384082431270
4,7535,66.7,1789195632236,111384082431270
5,7535,0.0,1789195632236,111384082431270
6,7535,0.0,1789195632236,111384082431270
7,7535,66.7,1789195632236,111384082431270
0,7635,10.0,1789195632336,111384084841954
1,7635,44.4,1789195632336,111384084841954
2,7635,90.9,1789195632336,111384084841954
3,7635,0.0,1789195632336,111384084841954
4,7635,72.7,1789195632336,111384084841954
5,7635,0.0,1789195632336,111384084841954
6,7635,0.0,1789195632336,111384084841954
7,7635,70.0,1789195632336,111384084841954
0,7736,10.0,1789195632437,111384087252380
1,7736,44.4,1789195632437,111384087252380
2,7736,88.9,1789195632437,111384087252380
3,7736,0.0,1789195632437,111384087252380
4,7736,66.7,1789195632437,111384087252380
5,7736,0.0,1789195632437,111384087252380
6,7736,0.0,1789195632437,111384087252380
7,7736,70.0,1789195632437,111384087252380
0,7836,22.2,1789195632537,111384089662989
1,7836,33.3,1789195632537,111384089662989
2,7836,90.0,1789195632537,111384089662989
3,7836,0.0,1789195632537,111384089662989
4,7836,70.0,1789195632537,111384089662989
5,7836,0.0,1789195632537,111384089662989
6,7836,0.0,1789195632537,111384089662989
7,7836,66.7,1789195632537,111384089662989
0,7937,10.0,1789195632638,111384092073578
1,7937,37.5,1789195632638,111384092073578
2,7937,100.0,1789195632638,111384092073578
3,7937,0.0,1789195632638,111384092073578
4,7937,77.8,1789195632638,111384092073578
5,7937,0.0,1789195632638,111384092073578
6,7937,0.0,1789195632638,111384092073578
7,7937,70.0,1789195632638,111384092073578
0,8037,10.0,1789195632738,111384094484105
1,8037,28.6,1789195632738,111384094484105
2,8037,90.0,1789195632738,111384094484105
3,8037,0.0,1789195632738,111384094484105
4,8037,72.7,1789195632738,111384094484105
5,8037,0.0,1789195632738,111384094484105
6,8037,0.0,1789195632738,111384094484105
7,8037,72.7,1789195632738,111384094484105
0,8138,20.0,1789195632839,111384096895077
1,8138,50.0,1789195632839,111384096895077
2,8138,90.0,1789195632839,111384096895077
3,8138,0.0,1789195632839,111384096895077
4,8138,66.7,1789195632839,111384096895077
5,8138,0.0,1789195632839,111384096895077
6,8138,0.0,1789195632839,111384096895077
7,8138,70.0,1789195632839,111384096895077
0,8238,20.0,1789195632939,111384099306204
1,8238,44.4,1789195632939,111384099306204
2,8238,90.0,1789195632939,111384099306204
3,8238,0.0,1789195632939,111384099306204
4,8238,70.0,1789195632939,111384099306204
5,8238,0.0,1789195632939,111384099306204
6,8238,0.0,1789195632939,111384099306204
7,8238,66.7,1789195632939,111384099306204
0,8339,0.0,1789195633040,111384101716680
1,8339,44.4,1789195633040,111384101716680
2,8339,90.0,1789195633040,111384101716680
3,8339,0.0,1789195633040,111384101716680
4,8339,70.0,1789195633040,111384101716680
5,8339,0.0,1789195633040,111384101716680
6,8339,0.0,1789195633040,111384101716680
7,8339,70.0,1789195633040,111384101716680
0,8439,18.2,1789195633140,111384104126916
1,8439,16.7,1789195633140,111384104126916
2,8439,100.0,1789195633140,111384104126916
3,8439,0.0,1789195633140,111384104126916
4,8439,70.0,1789195633140,111384104126916
5,8439,0.0,1789195633140,111384104126916
6,8439,0.0,1789195633140,111384104126916
7,8439,66.7,1789195633140,111384104126916
0,8539,20.0,1789195633240,111384106537599
1,8539,40.0,1789195633240,111384106537599
2,8539,77.8,1789195633240,111384106537599
3,8539,0.0,1789195633240,111384106537599
4,8539,70.0,1789195633240,111384106537599
5,8539,0.0,1789195633240,111384106537599
6,8539,0.0,1789195633240,111384106537599
7,8539,62.5,1789195633240,111384106537599
0,8640,11.1,1789195633341,111384108947978
1,8640,37.5,1789195633341,111384108947978
2,8640,100.0,1789195633341,111384108947978
3,8640,0.0,1789195633341,111384108947978
4,8640,66.7,1789195633341,111384108947978
5,8640,0.0,1789195633341,111384108947978
6,8640,0.0,1789195633341,111384108947978
7,8640,72.7,1789195633341,111384108947978
0,8740,0.0,1789195633441,111384111358523
1,8740,37.5,1789195633441,111384111358523
2,8740,90.9,1789195633441,111384111358523
3,8740,0.0,1789195633441,111384111358523
4,8740,70.0,1789195633441,111384111358523
5,8740,0.0,1789195633441,111384111358523
6,8740,0.0,1789195633441,111384111358523
7,8740,62.5,1789195633441,111384111358523
0,8841,18.2,1789195633542,111384113770265
1,8841,16.7,1789195633542,111384113770265
2,8841,90.0,1789195633542,111384113770265
3,8841,0.0,1789195633542,111384113770265
4,8841,70.0,1789195633542,111384113770265
5,8841,0.0,1789195633542,111384113770265
6,8841,0.0,1789195633542,111384113770265
7,8841,70.0,1789195633542,111384113770265
0,8941,22.2,1789195633642,111384116181438
1,8941,50.0,1789195633642,111384116181438
2,8941,100.0,1789195633642,111384116181438
3,8941,50.0,1789195633642,111384116181438
4,8941,66.7,1789195633642,111384116181438
5,8941,0.0,1789195633642,111384116181438
6,8941,0.0,1789195633642,111384116181438
7,8941,66.7,1789195633642,111384116181438
0,9042,22.2,1789195633743,111384118592639
1,9042,44.4,1789195633743,111384118592639
2,9042,100.0,1789195633743,111384118592639
3,9042,66.7,1789195633743,111384118592639
4,9042,66.7,1789195633743,111384118592639
5,9042,0.0,1789195633743,111384118592639
6,9042,0.0,1789195633743,111384118592639
7,9042,72.7,1789195633743,111384118592639
0,9142,10.0,1789195633843,111384121003566
1,9142,44.4,1789195633843,111384121003566
2,9142,100.0,1789195633843,111384121003566
3,9142,0.0,1789195633843,111384121003566
4,9142,72.7,1789195633843,111384121003566
5,9142,0.0,1789195633843,111384121003566
6,9142,0.0,1789195633843,111384121003566
7,9142,66.7,1789195633843,111384121003566
0,9243,11.1,1789195633944,111384123414639
1,9243,50.0,1789195633944,111384123414639
2,9243,100.0,1789195633944,111384123414639
3,9243,0.0,1789195633944,111384123414639
4,9243,66.7,1789195633944,111384123414639
5,9243,0.0,1789195633944,111384123414639
6,9243,0.0,1789195633944,111384123414639
7,9243,66.7,1789195633944,111384123414639
0,9343,25.0,1789195634044,111384125825601
1,9343,44.4,1789195634044,111384125825601
2,9343,100.0,1789195634044,111384125825601
3,9343,0.0,1789195634044,111384125825601
4,9343,66.7,1789195634044,111384125825601
5,9343,0.0,1789195634044,111384125825601
6,9343,0.0,1789195634044,111384125825601
7,9343,66.7,1789195634044,111384125825601
0,9444,0.0,1789195634145,111384128236490
1,9444,40.0,1789195634145,111384128236490
2,9444,100.0,1789195634145,111384128236490
3,9444,0.0,1789195634145,111384128236490
4,9444,66.7,1789195634145,111384128236490
5,9444,0.0,1789195634145,111384128236490
6,9444,0.0,1789195634145,111384128236490
7,9444,66.7,1789195634145,111384128236490
0,9544,11.1,1789195634245,111384130648151
1,9544,44.4,1789195634245,111384130648151
2,9544,100.0,1789195634245,111384130648151
3,9544,0.0,1789195634245,111384130648151
4,9544,70.0,1789195634245,111384130648151
5,9544,0.0,1789195634245,111384130648151
6,9544,0.0,1789195634245,111384130648151
7,9544,66.7,1789195634245,111384130648151
0,9645,27.3,1789195634346,111384133058867
1,9645,28.6,1789195634346,111384133058867
2,9645,100.0,1789195634346,111384133058867
3,9645,0.0,1789195634346,111384133058867
4,9645,66.7,1789195634346,111384133058867
5,9645,0.0,1789195634346,111384133058867
6,9645,0.0,1789195634346,111384133058867
7,9645,70.0,1789195634346,111384133058867
0,9745,10.0,1789195634446,111384135469637
1,9745,44.4,1789195634446,111384135469637
2,9745,100.0,1789195634446,111384135469637
3,9745,0.0,1789195634446,111384135469637
4,9745,66.7,1789195634446,111384135469637
5,9745,0.0,1789195634446,111384135469637
6,9745,0.0,1789195634446,111384135469637
7,9745,66.7,1789195634446,111384135469637
0,9845,11.1,1789195634546,111384137880485
1,9845,28.6,1789195634546,111384137880485
2,9845,100.0,1789195634546,111384137880485
3,9845,0.0,1789195634546,111384137880485
4,9845,70.0,1789195634546,111384137880485
5,9845,0.0,1789195634546,111384137880485
6,9845,0.0,1789195634546,111384137880485
7,9845,70.0,1789195634546,111384137880485
0,9946,20.0,1789195634647,111384140292410
1,9946,37.5,1789195634647,111384140292410
2,9946,100.0,1789195634647,111384140292410
3,9946,0.0,1789195634647,111384140292410
4,9946,66.7,1789195634647,111384140292410
5,9946,0.0,1789195634647,111384140292410
6,9946,0.0,1789195634647,111384140292410
7,9946,70.0,1789195634647,111384140292410
0,10046,10.0,1789195634747,111384142703639
1,10046,44.4,1789195634747,111384142703639
2,10046,100.0,1789195634747,111384142703639
3,10046,0.0,1789195634747,111384142703639
4,10046,75.0,1789195634747,111384142703639
5,10046,0.0,1789195634747,111384142703639
6,10046,0.0,1789195634747,111384142703639
7,10046,66.7,1789195634747,111384142703639
0,10147,10.0,1789195634848,111384145114544
1,10147,28.6,1789195634848,111384145114544
2,10147,100.0,1789195634848,111384145114544
3,10147,0.0,1789195634848,111384145114544
4,10147,66.7,1789195634848,111384145114544
5,10147,0.0,1789195634848,111384145114544
6,10147,0.0,1789195634848,111384145114544
7,10147,66.7,1789195634848,111384145114544
0,10247,22.2,1789195634948,111384147526557
1,10247,40.0,1789195634948,111384147526557
2,10247,100.0,1789195634948,111384147526557
3,10247,9.1,1789195634948,111384147526557
4,10247,66.7,1789195634948,111384147526557
5,10247,9.1,1789195634948,111384147526557
6,10247,0.0,1789195634948,111384147526557
7,10247,70.0,1789195634948,111384147526557
0,10348,10.0,1789195635049,111384149937639
1,10348,37.5,1789195635049,111384149937639
2,10348,100.0,1789195635049,111384149937639
3,10348,0.0,1789195635049,111384149937639
4,10348,66.7,1789195635049,111384149937639
5,10348,0.0,1789195635049,111384149937639
6,10348,0.0,1789195635049,111384149937639
7,10348,66.7,1789195635049,111384149937639
0,10448,18.2,1789195635149,111384152349137
1,10448,37.5,1789195635149,111384152349137
2,10448,90.0,1789195635149,111384152349137
3,10448,0.0,1789195635149,111384152349137
4,10448,70.0,1789195635149,111384152349137
5,10448,0.0,1789195635149,111384152349137
6,10448,10.0,1789195635149,111384152349137
7,10448,66.7,1789195635149,111384152349137
0,10549,10.0,1789195635250,111384154761984
1,10549,37.5,1789195635250,111384154761984
2,10549,87.5,1789195635250,111384154761984
3,10549,0.0,1789195635250,111384154761984
4,10549,62.5,1789195635250,111384154761984
5,10549,0.0,1789195635250,111384154761984
6,10549,0.0,1789195635250,111384154761984
7,10549,70.0,1789195635250,111384154761984
0,10649,22.2,1789195635350,111384157174399
1,10649,44.4,1789195635350,111384157174399
2,10649,90.9,1789195635350,111384157174399
3,10649,0.0,1789195635350,111384157174399
4,10649,72.7,1789195635350,111384157174399
5,10649,0.0,1789195635350,111384157174399
6,10649,0.0,1789195635350,111384157174399
7,10649,66.7,1789195635350,111384157174399
0,10750,10.0,1789195635451,111384159585055
1,10750,33.3,1789195635451,111384159585055
2,10750,88.9,1789195635451,111384159585055
3,10750,0.0,1789195635451,111384159585055
4,10750,66.7,1789195635451,111384159585055
5,10750,0.0,1789195635451,111384159585055
6,10750,0.0,1789195635451,111384159585055
7,10750,75.0,1789195635451,111384159585055
0,10850,10.0,1789195635551,111384161997167
1,10850,28.6,1789195635551,111384161997167
2,10850,90.0,1789195635551,111384161997167
3,10850,0.0,1789195635551,111384161997167
4,10850,72.7,1789195635551,111384161997167
5,10850,0.0,1789195635551,111384161997167
6,10850,0.0,1789195635551,111384161997167
7,10850,66.7,1789195635551,111384161997167
0,10951,36.4,1789195635652,111384164408380
1,10951,37.5,1789195635652,111384164408380
2,10951,88.9,1789195635652,111384164408380
3,10951,0.0,1789195635652,111384164408380
4,10951,66.7,1789195635652,111384164408380
5,10951,0.0,1789195635652,111384164408380
6,10951,0.0,1789195635652,111384164408380
7,10951,70.0,1789195635652,111384164408380
0,11051,11.1,1789195635752,111384166819545
1,11051,28.6,1789195635752,111384166819545
2,11051,100.0,1789195635752,111384166819545
3,11051,0.0,1789195635752,111384166819545
4,11051,70.0,1789195635752,111384166819545
5,11051,0.0,1789195635752,111384166819545
6,11051,0.0,1789195635752,111384166819545
7,11051,66.7,1789195635752,111384166819545
0,11152,10.0,1789195635853,111384169230436
1,11152,50.0,1789195635853,111384169230436
2,11152,90.0,1789195635853,111384169230436
3,11152,0.0,1789195635853,111384169230436
4,11152,72.7,1789195635853,111384169230436
5,11152,0.0,1789195635853,111384169230436
6,11152,0.0,1789195635853,111384169230436
7,11152,72.7,1789195635853,111384169230436
0,11252,11.1,1789195635953,111384171642118
1,11252,45.5,1789195635953,111384171642118
2,11252,87.5,1789195635953,111384171642118
3,11252,0.0,1789195635953,111384171642118
4,11252,66.7,1789195635953,111384171642118
5,11252,0.0,1789195635953,111384171642118
6,11252,0.0,1789195635953,111384171642118
7,11252,62.5,1789195635953,111384171642118
0,11353,36.4,1789195636054,111384174053557
1,11353,37.5,1789195636054,111384174053557
2,11353,87.5,1789195636054,111384174053557
3,11353,0.0,1789195636054,111384174053557
4,11353,66.7,1789195636054,111384174053557
5,11353,0.0,1789195636054,111384174053557
6,11353,0.0,1789195636054,111384174053557
7,11353,66.7,1789195636054,111384174053557
0,11453,10.0,1789195636154,111384176463983
1,11453,44.4,1789195636154,111384176463983
2,11453,91.7,1789195636154,111384176463983
3,11453,0.0,1789195636154,111384176463983
4,11453,77.8,1789195636154,111384176463983
5,11453,0.0,1789195636154,111384176463983
6,11453,0.0,1789195636154,111384176463983
7,11453,70.0,1789195636154,111384176463983
0,11554,10.0,1789195636255,111384178874372
1,11554,28.6,1789195636255,111384178874372
2,11554,88.9,1789195636255,111384178874372
3,11554,0.0,1789195636255,111384178874372
4,11554,66.7,1789195636255,111384178874372
5,11554,0.0,1789195636255,111384178874372
6,11554,0.0,1789195636255,111384178874372
7,11554,66.7,1789195636255,111384178874372
0,11654,20.0,1789195636355,111384181286339
1,11654,45.5,1789195636355,111384181286339
2,11654,90.0,1789195636355,111384181286339
3,11654,0.0,1789195636355,111384181286339
4,11654,70.0,1789195636355,111384181286339
5,11654,0.0,1789195636355,111384181286339
6,11654,0.0,1789195636355,111384181286339
7,11654,66.7,1789195636355,111384181286339
0,11755,20.0,1789195636456,111384183697015
1,11755,44.4,1789195636456,111384183697015
2,11755,90.0,1789195636456,111384183697015
3,11755,0.0,1789195636456,111384183697015
4,11755,70.0,1789195636456,111384183697015
5,11755,0.0,1789195636456,111384183697015
6,11755,0.0,1789195636456,111384183697015
7,11755,70.0,1789195636456,111384183697015
0,11855,10.0,1789195636556,111384186107443
1,11855,28.6,1789195636556,111384186107443
2,11855,100.0,1789195636556,111384186107443
3,11855,0.0,1789195636556,111384186107443
4,11855,75.0,1789195636556,111384186107443
5,11855,0.0,1789195636556,111384186107443
6,11855,0.0,1789195636556,111384186107443
7,11855,70.0,1789195636556,111384186107443
0,11955,10.0,1789195636656,111384188517759
1,11955,44.4,1789195636656,111384188517759
2,11955,90.0,1789195636656,111384188517759
3,11955,0.0,1789195636656,111384188517759
4,11955,66.7,1789195636656,111384188517759
5,11955,0.0,1789195636656,111384188517759
6,11955,0.0,1789195636656,111384188517759
7,11955,66.7,1789195636656,111384188517759
0,12056,20.0,1789195636757,111384190928440
1,12056,44.4,1789195636757,111384190928440
2,12056,90.0,1789195636757,111384190928440
3,12056,0.0,1789195636757,111384190928440
4,12056,70.0,1789195636757,111384190928440
5,12056,0.0,1789195636757,111384190928440
6,12056,0.0,1789195636757,111384190928440
7,12056,66.7,1789195636757,111384190928440
0,12156,11.1,1789195636857,111384193338867
1,12156,45.5,1789195636857,111384193338867
2,12156,88.9,1789195636857,111384193338867
3,12156,0.0,1789195636857,111384193338867
4,12156,66.7,1789195636857,111384193338867
5,12156,0.0,1789195636857,111384193338867
6,12156,0.0,1789195636857,111384193338867
7,12156,66.7,1789195636857,111384193338867
0,12257,10.0,1789195636958,111384195749284
1,12257,28.6,1789195636958,111384195749284
2,12257,88.9,1789195636958,111384195749284
3,12257,0.0,1789195636958,111384195749284
4,12257,70.0,1789195636958,111384195749284
5,12257,0.0,1789195636958,111384195749284
6,12257,0.0,1789195636958,111384195749284
7,12257,66.7,1789195636958,111384195749284
0,12357,18.2,1789195637058,111384198160311
1,12357,37.5,1789195637058,111384198160311
2,12357,87.5,1789195637058,111384198160311
3,12357,0.0,1789195637058,111384198160311
4,12357,66.7,1789195637058,111384198160311
5,12357,0.0,1789195637058,111384198160311
6,12357,0.0,1789195637058,111384198160311
7,12357,66.7,1789195637058,111384198160311
0,12458,11.1,1789195637159,111384200571555
1,12458,54.5,1789195637159,111384200571555
2,12458,88.9,1789195637159,111384200571555
3,12458,0.0,1789195637159,111384200571555
4,12458,66.7,1789195637159,111384200571555
5,12458,0.0,1789195637159,111384200571555
6,12458,0.0,1789195637159,111384200571555
7,12458,66.7,1789195637159,111384200571555
0,12558,18.2,1789195637259,111384202982564
1,12558,45.5,1789195637259,111384202982564
2,12558,100.0,1789195637259,111384202982564
3,12558,0.0,1789195637259,111384202982564
4,12558,70.0,1789195637259,111384202982564
5,12558,9.1,1789195637259,111384202982564
6,12558,0.0,1789195637259,111384202982564
7,12558,66.7,1789195637259,111384202982564
0,12659,0.0,1789195637360,111384205392917
1,12659,44.4,1789195637360,111384205392917
2,12659,90.0,1789195637360,111384205392917
3,12659,0.0,1789195637360,111384205392917
4,12659,72.7,1789195637360,111384205392917
5,12659,0.0,1789195637360,111384205392917
6,12659,0.0,1789195637360,111384205392917
7,12659,70.0,1789195637360,111384205392917
0,12759,20.0,1789195637460,111384207803567
1,12759,37.5,1789195637460,111384207803567
2,12759,90.0,1789195637460,111384207803567
3,12759,0.0,1789195637460,111384207803567
4,12759,66.7,1789195637460,111384207803567
5,12759,0.0,1789195637460,111384207803567
6,12759,0.0,1789195637460,111384207803567
7,12759,72.7,1789195637460,111384207803567
0,12859,18.2,1789195637560,111384210213866
1,12859,54.5,1789195637560,111384210213866
2,12859,90.0,1789195637560,111384210213866
3,12859,0.0,1789195637560,111384210213866
4,12859,70.0,1789195637560,111384210213866
5,12859,0.0,1789195637560,111384210213866
6,12859,0.0,1789195637560,111384210213866
7,12859,62.5,1789195637560,111384210213866
0,12960,0.0,1789195637661,111384212624259
1,12960,28.6,1789195637661,111384212624259
2,12960,90.0,1789195637661,111384212624259
3,12960,0.0,1789195637661,111384212624259
4,12960,70.0,1789195637661,111384212624259
5,12960,0.0,1789195637661,111384212624259
6,12960,0.0,1789195637661,111384212624259
7,12960,72.7,1789195637661,111384212624259
0,13060,22.2,1789195637761,111384215034944
1,13060,45.5,1789195637761,111384215034944
2,13060,88.9,1789195637761,111384215034944
3,13060,0.0,1789195637761,111384215034944
4,13060,70.0,1789195637761,111384215034944
5,13060,0.0,1789195637761,111384215034944
6,13060,0.0,1789195637761,111384215034944
7,13060,62.5,1789195637761,111384215034944
0,13161,20.0,1789195637862,111384217445742
1,13161,44.4,1789195637862,111384217445742
2,13161,100.0,1789195637862,111384217445742
3,13161,0.0,1789195637862,111384217445742
4,13161,70.0,1789195637862,111384217445742
5,13161,0.0,1789195637862,111384217445742
6,13161,0.0,1789195637862,111384217445742
7,13161,70.0,1789195637862,111384217445742
0,13261,10.0,1789195637962,111384219856104
1,13261,37.5,1789195637962,111384219856104
2,13261,90.0,1789195637962,111384219856104
3,13261,0.0,1789195637962,111384219856104
4,13261,66.7,1789195637962,111384219856104
5,13261,0.0,1789195637962,111384219856104
6,13261,0.0,1789195637962,111384219856104
7,13261,72.7,1789195637962,111384219856104
0,13363,10.0,1789195638064,111384222306644
1,13363,55.6,1789195638064,111384222306644
2,13363,88.9,1789195638064,111384222306644
3,13363,0.0,1789195638064,111384222306644
4,13363,75.0,1789195638064,111384222306644
5,13363,0.0,1789195638064,111384222306644
6,13363,9.1,1789195638064,111384222306644
7,13363,66.7,1789195638064,111384222306644
0,13464,27.3,1789195638165,111384224717712
1,13464,37.5,1789195638165,111384224717712
2,13464,100.0,1789195638165,111384224717712
3,13464,0.0,1789195638165,111384224717712
4,13464,70.0,1789195638165,111384224717712
5,13464,0.0,1789195638165,111384224717712
6,13464,0.0,1789195638165,111384224717712
7,13464,62.5,1789195638165,111384224717712
0,13564,0.0,1789195638265,111384227128491
1,13564,44.4,1789195638265,111384227128491
2,13564,100.0,1789195638265,111384227128491
3,13564,0.0,1789195638265,111384227128491
4,13564,70.0,1789195638265,111384227128491
5,13564,0.0,1789195638265,111384227128491
6,13564,0.0,1789195638265,111384227128491
7,13564,70.0,1789195638265,111384227128491
0,13665,11.1,1789195638366,111384229539641
1,13665,33.3,1789195638366,111384229539641
2,13665,90.0,1789195638366,111384229539641
3,13665,0.0,1789195638366,111384229539641
4,13665,70.0,1789195638366,111384229539641
5,13665,0.0,1789195638366,111384229539641
6,13665,0.0,1789195638366,111384229539641
7,13665,62.5,1789195638366,111384229539641
0,13765,45.5,1789195638466,111384231950652
1,13765,44.4,1789195638466,111384231950652
2,13765,87.5,1789195638466,111384231950652
3,13765,0.0,1789195638466,111384231950652
4,13765,70.0,1789195638466,111384231950652
5,13765,0.0,1789195638466,111384231950652
6,13765,0.0,1789195638466,111384231950652
7,13765,66.7,1789195638466,111384231950652
0,13866,0.0,1789195638567,111384234361396
1,13866,44.4,1789195638567,111384234361396
2,13866,90.0,1789195638567,111384234361396
3,13866,0.0,1789195638567,111384234361396
4,13866,66.7,1789195638567,111384234361396
5,13866,0.0,1789195638567,111384234361396
6,13866,0.0,1789195638567,111384234361396
7,13866,66.7,1789195638567,111384234361396
0,13966,18.2,1789195638667,111384236773085
1,13966,37.5,1789195638667,111384236773085
2,13966,100.0,1789195638667,111384236773085
3,13966,0.0,1789195638667,111384236773085
4,13966,70.0,1789195638667,111384236773085
5,13966,0.0,1789195638667,111384236773085
6,13966,0.0,1789195638667,111384236773085
7,13966,70.0,1789195638667,111384236773085
0,14066,20.0,1789195638767,111384239183919
1,14066,37.5,1789195638767,111384239183919
2,14066,90.0,1789195638767,111384239183919
3,14066,0.0,1789195638767,111384239183919
4,14066,66.7,1789195638767,111384239183919
5,14066,9.1,1789195638767,111384239183919
6,14066,0.0,1789195638767,111384239183919
7,14066,80.0,1789195638767,111384239183919
0,14167,30.0,1789195638868,111384241595059
1,14167,37.5,1789195638868,111384241595059
2,14167,90.0,1789195638868,111384241595059
3,14167,0.0,1789195638868,111384241595059
4,14167,75.0,1789195638868,111384241595059
5,14167,0.0,1789195638868,111384241595059
6,14167,0.0,1789195638868,111384241595059
7,14167,66.7,1789195638868,111384241595059
0,14267,0.0,1789195638968,111384244005557
1,14267,50.0,1789195638968,111384244005557
2,14267,100.0,1789195638968,111384244005557
3,14267,0.0,1789195638968,111384244005557
4,14267,66.7,1789195638968,111384244005557
5,14267,0.0,1789195638968,111384244005557
6,14267,0.0,1789195638968,111384244005557
7,14267,66.7,1789195638968,111384244005557
0,14368,20.0,1789195639069,111384246416010
1,14368,33.3,1789195639069,111384246416010
2,14368,88.9,1789195639069,111384246416010
3,14368,0.0,1789195639069,111384246416010
4,14368,66.7,1789195639069,111384246416010
5,14368,0.0,1789195639069,111384246416010
6,14368,0.0,1789195639069,111384246416010
7,14368,66.7,1789195639069,111384246416010
0,14468,27.3,1789195639169,111384248826743
1,14468,50.0,1789195639169,111384248826743
2,14468,90.0,1789195639169,111384248826743
3,14468,0.0,1789195639169,111384248826743
4,14468,72.7,1789195639169,111384248826743
5,14468,0.0,1789195639169,111384248826743
6,14468,0.0,1789195639169,111384248826743
7,14468,66.7,1789195639169,111384248826743
0,14569,20.0,1789195639270,111384251237406
1,14569,50.0,1789195639270,111384251237406
2,14569,90.9,1789195639270,111384251237406
3,14569,0.0,1789195639270,111384251237406
4,14569,66.7,1789195639270,111384251237406
5,14569,0.0,1789195639270,111384251237406
6,14569,0.0,1789195639270,111384251237406
7,14569,66.7,1789195639270,111384251237406
0,14669,0.0,1789195639370,111384253647796
1,14669,50.0,1789195639370,111384253647796
2,14669,100.0,1789195639370,111384253647796
3,14669,0.0,1789195639370,111384253647796
4,14669,72.7,1789195639370,111384253647796
5,14669,0.0,1789195639370,111384253647796
6,14669,0.0,1789195639370,111384253647796
7,14669,70.0,1789195639370,111384253647796
0,14770,27.3,1789195639471,111384256058455
1,14770,44.4,1789195639471,111384256058455
2,14770,87.5,1789195639471,111384256058455
3,14770,0.0,1789195639471,111384256058455
4,14770,72.7,1789195639471,111384256058455
5,14770,0.0,1789195639471,111384256058455
6,14770,0.0,1789195639471,111384256058455
7,14770,70.0,1789195639471,111384256058455
0,14870,10.0,1789195639571,111384258470487
1,14870,50.0,1789195639571,111384258470487
2,14870,90.0,1789195639571,111384258470487
3,14870,0.0,1789195639571,111384258470487
4,14870,75.0,1789195639571,111384258470487
5,14870,0.0,1789195639571,111384258470487
6,14870,0.0,1789195639571,111384258470487
7,14870,66.7,1789195639571,111384258470487
0,14971,10.0,1789195639672,111384260880898
1,14971,44.4,1789195639672,111384260880898
2,14971,100.0,1789195639672,111384260880898
3,14971,0.0,1789195639672,111384260880898
4,14971,75.0,1789195639672,111384260880898
5,14971,0.0,1789195639672,111384260880898
6,14971,0.0,1789195639672,111384260880898
7,14971,72.7,1789195639672,111384260880898
0,15071,22.2,1789195639772,111384263292362
1,15071,37.5,1789195639772,111384263292362
2,15071,90.0,1789195639772,111384263292362
3,15071,0.0,1789195639772,111384263292362
4,15071,66.7,1789195639772,111384263292362
5,15071,0.0,1789195639772,111384263292362
6,15071,0.0,1789195639772,111384263292362
7,15071,66.7,1789195639772,111384263292362
0,15171,20.0,1789195639872,111384265703060
1,15171,40.0,1789195639872,111384265703060
2,15171,90.0,1789195639872,111384265703060
3,15171,0.0,1789195639872,111384265703060
4,15171,70.0,1789195639872,111384265703060
5,15171,0.0,1789195639872,111384265703060
6,15171,0.0,1789195639872,111384265703060
7,15171,66.7,1789195639872,111384265703060
0,15272,18.2,1789195639973,111384268113663
1,15272,28.6,1789195639973,111384268113663
2,15272,100.0,1789195639973,111384268113663
3,15272,0.0,1789195639973,111384268113663
4,15272,66.7,1789195639973,111384268113663
5,15272,0.0,1789195639973,111384268113663
6,15272,0.0,1789195639973,111384268113663
7,15272,62.5,1789195639973,111384268113663
0,15372,10.0,1789195640073,111384270524067
1,15372,37.5,1789195640073,111384270524067
2,15372,90.0,1789195640073,111384270524067
3,15372,0.0,1789195640073,111384270524067
4,15372,70.0,1789195640073,111384270524067
5,15372,0.0,1789195640073,111384270524067
6,15372,0.0,1789195640073,111384270524067
7,15372,62.5,1789195640073,111384270524067
0,15473,22.2,1789195640174,111384272934645
1,15473,37.5,1789195640174,111384272934645
2,15473,90.0,1789195640174,111384272934645
3,15473,0.0,1789195640174,111384272934645
4,15473,72.7,1789195640174,111384272934645
5,15473,0.0,1789195640174,111384272934645
6,15473,0.0,1789195640174,111384272934645
7,15473,72.7,1789195640174,111384272934645
0,15573,10.0,1789195640274,111384275345319
1,15573,54.5,1789195640274,111384275345319
2,15573,100.0,1789195640274,111384275345319
3,15573,0.0,1789195640274,111384275345319
4,15573,66.7,1789195640274,111384275345319
5,15573,0.0,1789195640274,111384275345319
6,15573,0.0,1789195640274,111384275345319
7,15573,66.7,1789195640274,111384275345319
0,15674,10.0,1789195640375,111384277756379
1,15674,37.5,1789195640375,111384277756379
2,15674,88.9,1789195640375,111384277756379
3,15674,0.0,1789195640375,111384277756379
4,15674,70.0,1789195640375,111384277756379
5,15674,0.0,1789195640375,111384277756379
6,15674,0.0,1789195640375,111384277756379
7,15674,70.0,1789195640375,111384277756379
0,15774,27.3,1789195640475,111384280168074
1,15774,37.5,1789195640475,111384280168074
2,15774,90.0,1789195640475,111384280168074
3,15774,0.0,1789195640475,111384280168074
4,15774,76.9,1789195640475,111384280168074
5,15774,0.0,1789195640475,111384280168074
6,15774,0.0,1789195640475,111384280168074
7,15774,70.0,1789195640475,111384280168074
0,15875,0.0,1789195640576,111384282578758
1,15875,44.4,1789195640576,111384282578758
2,15875,100.0,1789195640576,111384282578758
3,15875,0.0,1789195640576,111384282578758
4,15875,71.4,1789195640576,111384282578758
5,15875,0.0,1789195640576,111384282578758
6,15875,0.0,1789195640576,111384282578758
7,15875,66.7,1789195640576,111384282578758
0,15975,20.0,1789195640676,111384284989466
1,15975,33.3,1789195640676,111384284989466
2,15975,88.9,1789195640676,111384284989466
3,15975,0.0,1789195640676,111384284989466
4,15975,66.7,1789195640676,111384284989466
5,15975,0.0,1789195640676,111384284989466
6,15975,0.0,1789195640676,111384284989466
7,15975,66.7,1789195640676,111384284989466
0,16076,10.0,1789195640777,111384287401296
1,16076,50.0,1789195640777,111384287401296
2,16076,90.0,1789195640777,111384287401296
3,16076,0.0,1789195640777,111384287401296
4,16076,72.7,1789195640777,111384287401296
5,16076,0.0,1789195640777,111384287401296
6,16076,0.0,1789195640777,111384287401296
7,16076,70.0,1789195640777,111384287401296
0,16176,20.0,1789195640877,111384289811978
1,16176,37.5,1789195640877,111384289811978
2,16176,91.7,1789195640877,111384289811978
3,16176,0.0,1789195640877,111384289811978
4,16176,70.0,1789195640877,111384289811978
5,16176,0.0,1789195640877,111384289811978
6,16176,0.0,1789195640877,111384289811978
7,16176,62.5,1789195640877,111384289811978
0,16276,10.0,1789195640977,111384292222502
1,16276,28.6,1789195640977,111384292222502
2,16276,100.0,1789195640977,111384292222502
3,16276,0.0,1789195640977,111384292222502
4,16276,72.7,1789195640977,111384292222502
5,16276,0.0,1789195640977,111384292222502
6,16276,0.0,1789195640977,111384292222502
7,16276,70.0,1789195640977,111384292222502
0,16377,10.0,1789195641078,111384294633726
1,16377,44.4,1789195641078,111384294633726
2,16377,90.9,1789195641078,111384294633726
3,16377,0.0,1789195641078,111384294633726
4,16377,72.7,1789195641078,111384294633726
5,16377,9.1,1789195641078,111384294633726
6,16377,0.0,1789195641078,111384294633726
7,16377,70.0,1789195641078,111384294633726
0,16477,30.0,1789195641178,111384297044900
1,16477,44.4,1789195641178,111384297044900
2,16477,88.9,1789195641178,111384297044900
3,16477,0.0,1789195641178,111384297044900
4,16477,66.7,1789195641178,111384297044900
5,16477,0.0,1789195641178,111384297044900
6,16477,0.0,1789195641178,111384297044900
7,16477,66.7,1789195641178,111384297044900
0,16578,10.0,1789195641279,111384299455464
1,16578,25.0,1789195641279,111384299455464
2,16578,100.0,1789195641279,111384299455464
3,16578,0.0,1789195641279,111384299455464
4,16578,62.5,1789195641279,111384299455464
5,16578,0.0,1789195641279,111384299455464
6,16578,0.0,1789195641279,111384299455464
7,16578,66.7,1789195641279,111384299455464
0,16678,10.0,1789195641379,111384301867547
1,16678,50.0,1789195641379,111384301867547
2,16678,88.9,1789195641379,111384301867547
3,16678,0.0,1789195641379,111384301867547
4,16678,72.7,1789195641379,111384301867547
5,16678,9.1,1789195641379,111384301867547
6,16678,0.0,1789195641379,111384301867547
7,16678,70.0,1789195641379,111384301867547
0,16779,20.0,1789195641480,111384304278534
1,16779,50.0,1789195641480,111384304278534
2,16779,90.0,1789195641480,111384304278534
3,16779,0.0,1789195641480,111384304278534
4,16779,70.0,1789195641480,111384304278534
5,16779,0.0,1789195641480,111384304278534
6,16779,0.0,1789195641480,111384304278534
7,16779,62.5,1789195641480,111384304278534
0,16879,20.0,1789195641580,111384306689034
1,16879,50.0,1789195641580,111384306689034
2,16879,90.0,1789195641580,111384306689034
3,16879,0.0,1789195641580,111384306689034
4,16879,75.0,1789195641580,111384306689034
5,16879,0.0,1789195641580,111384306689034
6,16879,0.0,1789195641580,111384306689034
7,16879,72.7,1789195641580,111384306689034
0,16980,10.0,1789195641681,111384309099428
1,16980,28.6,1789195641681,111384309099428
2,16980,100.0,1789195641681,111384309099428
3,16980,0.0,1789195641681,111384309099428
4,16980,70.0,1789195641681,111384309099428
5,16980,0.0,1789195641681,111384309099428
6,16980,0.0,1789195641681,111384309099428
7,16980,70.0,1789195641681,111384309099428
0,17080,11.1,1789195641781,111384311511146
1,17080,37.5,1789195641781,111384311511146
2,17080,90.9,1789195641781,111384311511146
3,17080,0.0,1789195641781,111384311511146
4,17080,66.7,1789195641781,111384311511146
5,17080,0.0,1789195641781,111384311511146
6,17080,0.0,1789195641781,111384311511146
7,17080,70.0,1789195641781,111384311511146
0,17181,27.3,1789195641882,111384313922632
1,17181,50.0,1789195641882,111384313922632
2,17181,90.0,1789195641882,111384313922632
3,17181,0.0,1789195641882,111384313922632
4,17181,70.0,1789195641882,111384313922632
5,17181,0.0,1789195641882,111384313922632
6,17181,0.0,1789195641882,111384313922632
7,17181,66.7,1789195641882,111384313922632
0,17281,0.0,1789195641982,111384316334177
1,17281,37.5,1789195641982,111384316334177
2,17281,100.0,1789195641982,111384316334177
3,17281,0.0,1789195641982,111384316334177
4,17281,66.7,1789195641982,111384316334177
5,17281,0.0,1789195641982,111384316334177
6,17281,0.0,1789195641982,111384316334177
7,17281,72.7,1789195641982,111384316334177
0,17382,18.2,1789195642083,111384318745087
1,17382,58.3,1789195642083,111384318745087
2,17382,87.5,1789195642083,111384318745087
3,17382,0.0,1789195642083,111384318745087
4,17382,66.7,1789195642083,111384318745087
5,17382,0.0,1789195642083,111384318745087
6,17382,0.0,1789195642083,111384318745087
7,17382,62.5,1789195642083,111384318745087
0,17482,20.0,1789195642183,111384321156859
1,17482,25.0,1789195642183,111384321156859
2,17482,90.0,1789195642183,111384321156859
3,17482,0.0,1789195642183,111384321156859
4,17482,66.7,1789195642183,111384321156859
5,17482,0.0,1789195642183,111384321156859
6,17482,0.0,1789195642183,111384321156859
7,17482,70.0,1789195642183,111384321156859
0,17583,10.0,1789195642284,111384323567509
1,17583,61.5,1789195642284,111384323567509
2,17583,88.9,1789195642284,111384323567509
3,17583,0.0,1789195642284,111384323567509
4,17583,70.0,1789195642284,111384323567509
5,17583,0.0,1789195642284,111384323567509
6,17583,0.0,1789195642284,111384323567509
7,17583,66.7,1789195642284,111384323567509
0,17683,11.1,1789195642384,111384325977959
1,17683,28.6,1789195642384,111384325977959
2,17683,100.0,1789195642384,111384325977959
3,17683,0.0,1789195642384,111384325977959
4,17683,70.0,1789195642384,111384325977959
5,17683,0.0,1789195642384,111384325977959
6,17683,0.0,1789195642384,111384325977959
7,17683,70.0,1789195642384,111384325977959
0,17783,20.0,1789195642484,111384328389193
1,17783,44.4,1789195642484,111384328389193
2,17783,90.9,1789195642484,111384328389193
3,17783,0.0,1789195642484,111384328389193
4,17783,66.7,1789195642484,111384328389193
5,17783,0.0,1789195642484,111384328389193
6,17783,0.0,1789195642484,111384328389193
7,17783,70.0,1789195642484,111384328389193
0,17884,10.0,1789195642585,111384330800020
1,17884,28.6,1789195642585,111384330800020
2,17884,90.0,1789195642585,111384330800020
3,17884,0.0,1789195642585,111384330800020
4,17884,77.8,1789195642585,111384330800020
5,17884,0.0,1789195642585,111384330800020
6,17884,0.0,1789195642585,111384330800020
7,17884,66.7,1789195642585,111384330800020
0,17984,10.0,1789195642685,111384333210464
1,17984,37.5,1789195642685,111384333210464
2,17984,100.0,1789195642685,111384333210464
3,17984,0.0,1789195642685,111384333210464
4,17984,70.0,1789195642685,111384333210464
5,17984,0.0,1789195642685,111384333210464
6,17984,0.0,1789195642685,111384333210464
7,17984,70.0,1789195642685,111384333210464
0,18085,27.3,1789195642786,111384335621256
1,18085,44.4,1789195642786,111384335621256
2,18085,88.9,1789195642786,111384335621256
3,18085,0.0,1789195642786,111384335621256
4,18085,66.7,1789195642786,111384335621256
5,18085,0.0,1789195642786,111384335621256
6,18085,0.0,1789195642786,111384335621256
7,18085,80.0,1789195642786,111384335621256
0,18185,11.1,1789195642886,111384338032295
1,18185,28.6,1789195642886,111384338032295
2,18185,90.0,1789195642886,111384338032295
3,18185,0.0,1789195642886,111384338032295
4,18185,70.0,1789195642886,111384338032295
5,18185,0.0,1789195642886,111384338032295
6,18185,0.0,1789195642886,111384338032295
7,18185,60.0,1789195642886,111384338032295
0,18286,10.0,1789195642987,111384340442859
1,18286,40.0,1789195642987,111384340442859
2,18286,100.0,1789195642987,111384340442859
3,18286,0.0,1789195642987,111384340442859
4,18286,62.5,1789195642987,111384340442859
5,18286,0.0,1789195642987,111384340442859
6,18286,0.0,1789195642987,111384340442859
7,18286,77.8,1789195642987,111384340442859
0,18386,18.2,1789195643087,111384342854627
1,18386,37.5,1789195643087,111384342854627
2,18386,88.9,1789195643087,111384342854627
3,18386,0.0,1789195643087,111384342854627
4,18386,70.0,1789195643087,111384342854627
5,18386,9.1,1789195643087,111384342854627
6,18386,0.0,1789195643087,111384342854627
7,18386,70.0,1789195643087,111384342854627
0,18487,12.5,1789195643188,111384345266073
1,18487,37.5,1789195643188,111384345266073
2,18487,88.9,1789195643188,111384345266073
3,18487,0.0,1789195643188,111384345266073
4,18487,70.0,1789195643188,111384345266073
5,18487,0.0,1789195643188,111384345266073
6,18487,0.0,1789195643188,111384345266073
7,18487,66.7,1789195643188,111384345266073
0,18587,18.2,1789195643288,111384347676570
1,18587,28.6,1789195643288,111384347676570
2,18587,100.0,1789195643288,111384347676570
3,18587,0.0,1789195643288,111384347676570
4,18587,70.0,1789195643288,111384347676570
5,18587,0.0,1789195643288,111384347676570
6,18587,0.0,1789195643288,111384347676570
7,18587,66.7,1789195643288,111384347676570
0,18688,10.0,1789195643389,111384350087021
1,18688,50.0,1789195643389,111384350087021
2,18688,90.0,1789195643389,111384350087021
3,18688,0.0,1789195643389,111384350087021
4,18688,66.7,1789195643389,111384350087021
5,18688,0.0,1789195643389,111384350087021
6,18688,0.0,1789195643389,111384350087021
7,18688,70.0,1789195643389,111384350087021
0,18788,20.0,1789195643489,111384352497852
1,18788,28.6,1789195643489,111384352497852
2,18788,87.5,1789195643489,111384352497852
3,18788,0.0,1789195643489,111384352497852
4,18788,66.7,1789195643489,111384352497852
5,18788,0.0,1789195643489,111384352497852
6,18788,0.0,1789195643489,111384352497852
7,18788,66.7,1789195643489,111384352497852
0,18888,10.0,1789195643589,111384354908592
1,18888,54.5,1789195643589,111384354908592
2,18888,88.9,1789195643589,111384354908592
3,18888,0.0,1789195643589,111384354908592
4,18888,66.7,1789195643589,111384354908592
5,18888,0.0,1789195643589,111384354908592
6,18888,0.0,1789195643589,111384354908592
7,18888,62.5,1789195643589,111384354908592
0,18989,18.2,1789195643690,111384357318914
1,18989,28.6,1789195643690,111384357318914
2,18989,100.0,1789195643690,111384357318914
3,18989,0.0,1789195643690,111384357318914
4,18989,75.0,1789195643690,111384357318914
5,18989,0.0,1789195643690,111384357318914
6,18989,0.0,1789195643690,111384357318914
7,18989,72.7,1789195643690,111384357318914
0,19089,12.5,1789195643790,111384359730318
1,19089,25.0,1789195643790,111384359730318
2,19089,90.0,1789195643790,111384359730318
3,19089,0.0,1789195643790,111384359730318
4,19089,55.6,1789195643790,111384359730318
5,19089,0.0,1789195643790,111384359730318
6,19089,0.0,1789195643790,111384359730318
7,19089,66.7,1789195643790,111384359730318
0,19190,20.0,1789195643891,111384362141660
1,19190,50.0,1789195643891,111384362141660
2,19190,88.9,1789195643891,111384362141660
3,19190,0.0,1789195643891,111384362141660
4,19190,77.8,1789195643891,111384362141660
5,19190,0.0,1789195643891,111384362141660
6,19190,0.0,1789195643891,111384362141660
7,19190,62.5,1789195643891,111384362141660
0,19290,10.0,1789195643991,111384364553267
1,19290,44.4,1789195643991,111384364553267
2,19290,100.0,1789195643991,111384364553267
3,19290,0.0,1789195643991,111384364553267
4,19290,70.0,1789195643991,111384364553267
5,19290,9.1,1789195643991,111384364553267
6,19290,0.0,1789195643991,111384364553267
7,19290,70.0,1789195643991,111384364553267
0,19391,18.2,1789195644092,111384366964756
1,19391,50.0,1789195644092,111384366964756
2,19391,100.0,1789195644092,111384366964756
3,19391,9.1,1789195644092,111384366964756
4,19391,70.0,1789195644092,111384366964756
5,19391,0.0,1789195644092,111384366964756
6,19391,0.0,1789195644092,111384366964756
7,19391,70.0,1789195644092,111384366964756
0,19491,20.0,1789195644192,111384369375797
1,19491,37.5,1789195644192,111384369375797
2,19491,90.0,1789195644192,111384369375797
3,19491,0.0,1789195644192,111384369375797
4,19491,70.0,1789195644192,111384369375797
5,19491,0.0,1789195644192,111384369375797
6,19491,0.0,1789195644192,111384369375797
7,19491,66.7,1789195644192,111384369375797
0,19592,10.0,1789195644293,111384371786388
1,19592,37.5,1789195644293,111384371786388
2,19592,100.0,1789195644293,111384371786388
3,19592,0.0,1789195644293,111384371786388
4,19592,66.7,1789195644293,111384371786388
5,19592,0.0,1789195644293,111384371786388
6,19592,0.0,1789195644293,111384371786388
7,19592,66.7,1789195644293,111384371786388
0,19692,11.1,1789195644393,111384374198536
1,19692,44.4,1789195644393,111384374198536
2,19692,90.0,1789195644393,111384374198536
3,19692,0.0,1789195644393,111384374198536
4,19692,70.0,1789195644393,111384374198536
5,19692,0.0,1789195644393,111384374198536
6,19692,0.0,1789195644393,111384374198536
7,19692,70.0,1789195644393,111384374198536
0,19793,27.3,1789195644494,111384376609459
1,19793,33.3,1789195644494,111384376609459
2,19793,88.9,1789195644494,111384376609459
3,19793,0.0,1789195644494,111384376609459
4,19793,62.5,1789195644494,111384376609459
5,19793,0.0,1789195644494,111384376609459
6,19793,0.0,1789195644494,111384376609459
7,19793,62.5,1789195644494,111384376609459
0,19893,0.0,1789195644594,111384379019933
1,19893,44.4,1789195644594,111384379019933
2,19893,100.0,1789195644594,111384379019933
3,19893,0.0,1789195644594,111384379019933
4,19893,70.0,1789195644594,111384379019933
5,19893,0.0,1789195644594,111384379019933
6,19893,0.0,1789195644594,111384379019933
7,19893,70.0,1789195644594,111384379019933
0,19994,18.2,1789195644695,111384381430598
1,19994,28.6,1789195644695,111384381430598
2,19994,90.9,1789195644695,111384381430598
3,19994,0.0,1789195644695,111384381430598
4,19994,70.0,1789195644695,111384381430598
5,19994,0.0,1789195644695,111384381430598
6,19994,0.0,1789195644695,111384381430598
7,19994,66.7,1789195644695,111384381430598
0,20094,11.1,1789195644795,111384383842875
1,20094,37.5,1789195644795,111384383842875
2,20094,90.0,1789195644795,111384383842875
3,20094,0.0,1789195644795,111384383842875
4,20094,70.0,1789195644795,111384383842875
5,20094,0.0,1789195644795,111384383842875
6,20094,0.0,1789195644795,111384383842875
7,20094,72.7,1789195644795,111384383842875
0,20195,20.0,1789195644896,111384386253882
1,20195,50.0,1789195644896,111384386253882
2,20195,100.0,1789195644896,111384386253882
3,20195,0.0,1789195644896,111384386253882
4,20195,75.0,1789195644896,111384386253882
5,20195,0.0,1789195644896,111384386253882
6,20195,0.0,1789195644896,111384386253882
7,20195,66.7,1789195644896,111384386253882
0,20295,0.0,1789195644996,111384388664415
1,20295,44.4,1789195644996,111384388664415
2,20295,88.9,1789195644996,111384388664415
3,20295,0.0,1789195644996,111384388664415
4,20295,66.7,1789195644996,111384388664415
5,20295,0.0,1789195644996,111384388664415
6,20295,0.0,1789195644996,111384388664415
7,20295,66.7,1789195644996,111384388664415
0,20395,20.0,1789195645096,111384391075231
1,20395,44.4,1789195645096,111384391075231
2,20395,88.9,1789195645096,111384391075231
3,20395,0.0,1789195645096,111384391075231
4,20395,70.0,1789195645096,111384391075231
5,20395,0.0,1789195645096,111384391075231
6,20395,0.0,1789195645096,111384391075231
7,20395,62.5,1789195645096,111384391075231
0,20496,18.2,1789195645197,111384393485616
1,20496,45.5,1789195645197,111384393485616
2,20496,90.9,1789195645197,111384393485616
3,20496,0.0,1789195645197,111384393485616
4,20496,72.7,1789195645197,111384393485616
5,20496,0.0,1789195645197,111384393485616
6,20496,0.0,1789195645197,111384393485616
7,20496,70.0,1789195645197,111384393485616
0,20596,11.1,1789195645297,111384395896051
1,20596,37.5,1789195645297,111384395896051
2,20596,100.0,1789195645297,111384395896051
3,20596,0.0,1789195645297,111384395896051
4,20596,57.1,1789195645297,111384395896051
5,20596,0.0,1789195645297,111384395896051
6,20596,0.0,1789195645297,111384395896051
7,20596,70.0,1789195645297,111384395896051
0,20697,18.2,1789195645398,111384398307177
1,20697,44.4,1789195645398,111384398307177
2,20697,87.5,1789195645398,111384398307177
3,20697,0.0,1789195645398,111384398307177
4,20697,57.1,1789195645398,111384398307177
5,20697,0.0,1789195645398,111384398307177
6,20697,0.0,1789195645398,111384398307177
7,20697,75.0,1789195645398,111384398307177
0,20797,20.0,1789195645498,111384400718247
1,20797,28.6,1789195645498,111384400718247
2,20797,90.0,1789195645498,111384400718247
3,20797,0.0,1789195645498,111384400718247
4,20797,70.0,1789195645498,111384400718247
5,20797,0.0,1789195645498,111384400718247
6,20797,0.0,1789195645498,111384400718247
7,20797,60.0,1789195645498,111384400718247
0,20898,10.0,1789195645599,111384403129796
1,20898,50.0,1789195645599,111384403129796
2,20898,100.0,1789195645599,111384403129796
3,20898,0.0,1789195645599,111384403129796
4,20898,70.0,1789195645599,111384403129796
5,20898,0.0,1789195645599,111384403129796
6,20898,0.0,1789195645599,111384403129796
7,20898,81.8,1789195645599,111384403129796
0,20998,11.1,1789195645699,111384405541059
1,20998,50.0,1789195645699,111384405541059
2,20998,90.9,1789195645699,111384405541059
3,20998,0.0,1789195645699,111384405541059
4,20998,66.7,1789195645699,111384405541059
5,20998,9.1,1789195645699,111384405541059
6,20998,0.0,1789195645699,111384405541059
7,20998,70.0,1789195645699,111384405541059
0,21099,20.0,1789195645800,111384407952291
1,21099,44.4,1789195645800,111384407952291
2,21099,87.5,1789195645800,111384407952291
3,21099,0.0,1789195645800,111384407952291
4,21099,70.0,1789195645800,111384407952291
5,21099,0.0,1789195645800,111384407952291
6,21099,0.0,1789195645800,111384407952291
7,21099,66.7,1789195645800,111384407952291
0,21199,27.3,1789195645900,111384410363187
1,21199,25.0,1789195645900,111384410363187
2,21199,90.0,1789195645900,111384410363187
3,21199,0.0,1789195645900,111384410363187
4,21199,70.0,1789195645900,111384410363187
5,21199,0.0,1789195645900,111384410363187
6,21199,0.0,1789195645900,111384410363187
7,21199,70.0,1789195645900,111384410363187
0,21300,0.0,1789195646001,111384412773820
1,21300,50.0,1789195646001,111384412773820
2,21300,100.0,1789195646001,111384412773820
3,21300,0.0,1789195646001,111384412773820
4,21300,62.5,1789195646001,111384412773820
5,21300,0.0,1789195646001,111384412773820
6,21300,0.0,1789195646001,111384412773820
7,21300,70.0,1789195646001,111384412773820
0,21400,27.3,1789195646101,111384415184720
1,21400,44.4,1789195646101,111384415184720
2,21400,90.0,1789195646101,111384415184720
3,21400,0.0,1789195646101,111384415184720
4,21400,70.0,1789195646101,111384415184720
5,21400,0.0,1789195646101,111384415184720
6,21400,0.0,1789195646101,111384415184720
7,21400,70.0,1789195646101,111384415184720
0,21500,10.0,1789195646201,111384417595567
1,21500,37.5,1789195646201,111384417595567
2,21500,88.9,1789195646201,111384417595567
3,21500,0.0,1789195646201,111384417595567
4,21500,75.0,1789195646201,111384417595567
5,21500,0.0,1789195646201,111384417595567
6,21500,0.0,1789195646201,111384417595567
7,21500,72.7,1789195646201,111384417595567
0,21601,10.0,1789195646302,111384420006001
1,21601,37.5,1789195646302,111384420006001
2,21601,100.0,1789195646302,111384420006001
3,21601,0.0,1789195646302,111384420006001
4,21601,70.0,1789195646302,111384420006001
5,21601,0.0,1789195646302,111384420006001
6,21601,0.0,1789195646302,111384420006001
7,21601,62.5,1789195646302,111384420006001
0,21701,20.0,1789195646402,111384422417038
1,21701,28.6,1789195646402,111384422417038
2,21701,90.0,1789195646402,111384422417038
3,21701,0.0,1789195646402,111384422417038
4,21701,70.0,1789195646402,111384422417038
5,21701,0.0,1789195646402,111384422417038
6,21701,0.0,1789195646402,111384422417038
7,21701,66.7,1789195646402,111384422417038
0,21802,11.1,1789195646503,111384424827787
1,21802,45.5,1789195646503,111384424827787
2,21802,90.0,1789195646503,111384424827787
3,21802,0.0,1789195646503,111384424827787
4,21802,66.7,1789195646503,111384424827787
5,21802,0.0,1789195646503,111384424827787
6,21802,0.0,1789195646503,111384424827787
7,21802,70.0,1789195646503,111384424827787
0,21902,10.0,1789195646603,111384427238326
1,21902,44.4,1789195646603,111384427238326
2,21902,100.0,1789195646603,111384427238326
3,21902,0.0,1789195646603,111384427238326
4,21902,72.7,1789195646603,111384427238326
5,21902,0.0,1789195646603,111384427238326
6,21902,0.0,1789195646603,111384427238326
7,21902,72.7,1789195646603,111384427238326
0,22003,25.0,1789195646704,111384429648831
1,22003,44.4,1789195646704,111384429648831
2,22003,90.0,1789195646704,111384429648831
3,22003,0.0,1789195646704,111384429648831
4,22003,72.7,1789195646704,111384429648831
5,22003,0.0,1789195646704,111384429648831
6,22003,0.0,1789195646704,111384429648831
7,22003,72.7,1789195646704,111384429648831
0,22103,11.1,1789195646804,111384432061019
1,22103,37.5,1789195646804,111384432061019
2,22103,90.0,1789195646804,111384432061019
3,22103,0.0,1789195646804,111384432061019
4,22103,66.7,1789195646804,111384432061019
5,22103,0.0,1789195646804,111384432061019
6,22103,0.0,1789195646804,111384432061019
7,22103,70.0,1789195646804,111384432061019
0,22204,11.1,1789195646905,111384434471789
1,22204,50.0,1789195646905,111384434471789
2,22204,90.9,1789195646905,111384434471789
3,22204,0.0,1789195646905,111384434471789
4,22204,70.0,1789195646905,111384434471789
5,22204,0.0,1789195646905,111384434471789
6,22204,0.0,1789195646905,111384434471789
7,22204,70.0,1789195646905,111384434471789
0,22304,18.2,1789195647005,111384436882178
1,22304,37.5,1789195647005,111384436882178
2,22304,100.0,1789195647005,111384436882178
3,22304,0.0,1789195647005,111384436882178
4,22304,66.7,1789195647005,111384436882178
5,22304,0.0,1789195647005,111384436882178
6,22304,0.0,1789195647005,111384436882178
7,22304,66.7,1789195647005,111384436882178
0,22405,11.1,1789195647106,111384439293715
1,22405,33.3,1789195647106,111384439293715
2,22405,88.9,1789195647106,111384439293715
3,22405,9.1,1789195647106,111384439293715
4,22405,72.7,1789195647106,111384439293715
5,22405,9.1,1789195647106,111384439293715
6,22405,0.0,1789195647106,111384439293715
7,22405,66.7,1789195647106,111384439293715
0,22505,18.2,1789195647206,111384441705082
1,22505,44.4,1789195647206,111384441705082
2,22505,90.0,1789195647206,111384441705082
3,22505,0.0,1789195647206,111384441705082
4,22505,70.0,1789195647206,111384441705082
5,22505,0.0,1789195647206,111384441705082
6,22505,0.0,1789195647206,111384441705082
7,22505,62.5,1789195647206,111384441705082
0,22605,10.0,1789195647306,111384444116137
1,22605,28.6,1789195647306,111384444116137
2,22605,90.0,1789195647306,111384444116137
3,22605,0.0,1789195647306,111384444116137
4,22605,66.7,1789195647306,111384444116137
5,22605,0.0,1789195647306,111384444116137
6,22605,0.0,1789195647306,111384444116137
7,22605,75.0,1789195647306,111384444116137
0,22706,0.0,1789195647407,111384446528269
1,22706,44.4,1789195647407,111384446528269
2,22706,100.0,1789195647407,111384446528269
3,22706,0.0,1789195647407,111384446528269
4,22706,75.0,1789195647407,111384446528269
5,22706,0.0,1789195647407,111384446528269
6,22706,0.0,1789195647407,111384446528269
7,22706,66.7,1789195647407,111384446528269
0,22806,27.3,1789195647507,111384448939253
1,22806,50.0,1789195647507,111384448939253
2,22806,88.9,1789195647507,111384448939253
3,22806,0.0,1789195647507,111384448939253
4,22806,70.0,1789195647507,111384448939253
5,22806,0.0,1789195647507,111384448939253
6,22806,0.0,1789195647507,111384448939253
7,22806,70.0,1789195647507,111384448939253
0,22907,10.0,1789195647608,111384451349941
1,22907,25.0,1789195647608,111384451349941
2,22907,88.9,1789195647608,111384451349941
3,22907,0.0,1789195647608,111384451349941
4,22907,70.0,1789195647608,111384451349941
5,22907,0.0,1789195647608,111384451349941
6,22907,0.0,1789195647608,111384451349941
7,22907,62.5,1789195647608,111384451349941
0,23007,10.0,1789195647708,111384453760313
1,23007,37.5,1789195647708,111384453760313
2,23007,100.0,1789195647708,111384453760313
3,23007,0.0,1789195647708,111384453760313
4,23007,66.7,1789195647708,111384453760313
5,23007,0.0,1789195647708,111384453760313
6,23007,0.0,1789195647708,111384453760313
7,23007,70.0,1789195647708,111384453760313
0,23108,11.1,1789195647809,111384456171618
1,23108,44.4,1789195647809,111384456171618
2,23108,85.7,1789195647809,111384456171618
3,23108,0.0,1789195647809,111384456171618
4,23108,66.7,1789195647809,111384456171618
5,23108,10.0,1789195647809,111384456171618
6,23108,0.0,1789195647809,111384456171618
7,23108,70.0,1789195647809,111384456171618
0,23208,27.3,1789195647909,111384458582813
1,23208,54.5,1789195647909,111384458582813
2,23208,90.0,1789195647909,111384458582813
3,23208,0.0,1789195647909,111384458582813
4,23208,70.0,1789195647909,111384458582813
5,23208,0.0,1789195647909,111384458582813
6,23208,0.0,1789195647909,111384458582813
7,23208,66.7,1789195647909,111384458582813
0,23309,10.0,1789195648010,111384460994642
1,23309,37.5,1789195648010,111384460994642
2,23309,90.9,1789195648010,111384460994642
3,23309,0.0,1789195648010,111384460994642
4,23309,72.7,1789195648010,111384460994642
5,23309,0.0,1789195648010,111384460994642
6,23309,0.0,1789195648010,111384460994642
7,23309,62.5,1789195648010,111384460994642
0,23409,11.1,1789195648110,111384463405796
1,23409,44.4,1789195648110,111384463405796
2,23409,100.0,1789195648110,111384463405796
3,23409,0.0,1789195648110,111384463405796
4,23409,70.0,1789195648110,111384463405796
5,23409,0.0,1789195648110,111384463405796
6,23409,0.0,1789195648110,111384463405796
7,23409,72.7,1789195648110,111384463405796
0,23510,20.0,1789195648211,111384465816962
1,23510,33.3,1789195648211,111384465816962
2,23510,88.9,1789195648211,111384465816962
3,23510,0.0,1789195648211,111384465816962
4,23510,70.0,1789195648211,111384465816962
5,23510,0.0,1789195648211,111384465816962
6,23510,0.0,1789195648211,111384465816962
7,23510,70.0,1789195648211,111384465816962
0,23610,10.0,1789195648311,111384468228578
1,23610,37.5,1789195648311,111384468228578
2,23610,88.9,1789195648311,111384468228578
3,23610,0.0,1789195648311,111384468228578
4,23610,70.0,1789195648311,111384468228578
5,23610,0.0,1789195648311,111384468228578
6,23610,0.0,1789195648311,111384468228578
7,23610,70.0,1789195648311,111384468228578
0,23711,10.0,1789195648412,111384470639820
1,23711,37.5,1789195648412,111384470639820
2,23711,100.0,1789195648412,111384470639820
3,23711,0.0,1789195648412,111384470639820
4,23711,66.7,1789195648412,111384470639820
5,23711,0.0,1789195648412,111384470639820
6,23711,0.0,1789195648412,111384470639820
7,23711,66.7,1789195648412,111384470639820
0,23811,20.0,1789195648512,111384473051047
1,23811,28.6,1789195648512,111384473051047
2,23811,90.0,1789195648512,111384473051047
3,23811,0.0,1789195648512,111384473051047
4,23811,72.7,1789195648512,111384473051047
5,23811,0.0,1789195648512,111384473051047
6,23811,0.0,1789195648512,111384473051047
7,23811,71.4,1789195648512,111384473051047
0,23912,20.0,1789195648613,111384475461897
1,23912,44.4,1789195648613,111384475461897
2,23912,88.9,1789195648613,111384475461897
3,23912,0.0,1789195648613,111384475461897
4,23912,75.0,1789195648613,111384475461897
5,23912,0.0,1789195648613,111384475461897
6,23912,0.0,1789195648613,111384475461897
7,23912,70.0,1789195648613,111384475461897
0,24012,10.0,1789195648713,111384477872526
1,24012,50.0,1789195648713,111384477872526
2,24012,90.9,1789195648713,111384477872526
3,24012,0.0,1789195648713,111384477872526
4,24012,70.0,1789195648713,111384477872526
5,24012,0.0,1789195648713,111384477872526
6,24012,0.0,1789195648713,111384477872526
7,24012,70.0,1789195648713,111384477872526
0,24112,20.0,1789195648813,111384480283146
1,24112,25.0,1789195648813,111384480283146
2,24112,100.0,1789195648813,111384480283146
3,24112,0.0,1789195648813,111384480283146
4,24112,66.7,1789195648813,111384480283146
5,24112,0.0,1789195648813,111384480283146
6,24112,0.0,1789195648813,111384480283146
7,24112,57.1,1789195648813,111384480283146
0,24213,11.1,1789195648914,111384482694186
1,24213,28.6,1789195648914,111384482694186
2,24213,90.9,1789195648914,111384482694186
3,24213,0.0,1789195648914,111384482694186
4,24213,72.7,1789195648914,111384482694186
5,24213,0.0,1789195648914,111384482694186
6,24213,0.0,1789195648914,111384482694186
7,24213,70.0,1789195648914,111384482694186
0,24313,18.2,1789195649014,111384485104826
1,24313,28.6,1789195649014,111384485104826
2,24313,88.9,1789195649014,111384485104826
3,24313,0.0,1789195649014,111384485104826
4,24313,70.0,1789195649014,111384485104826
5,24313,0.0,1789195649014,111384485104826
6,24313,0.0,1789195649014,111384485104826
7,24313,66.7,1789195649014,111384485104826
0,24414,20.0,1789195649115,111384487515565
1,24414,44.4,1789195649115,111384487515565
2,24414,100.0,1789195649115,111384487515565
3,24414,0.0,1789195649115,111384487515565
4,24414,66.7,1789195649115,111384487515565
5,24414,0.0,1789195649115,111384487515565
6,24414,0.0,1789195649115,111384487515565
7,24414,72.7,1789195649115,111384487515565
0,24514,10.0,1789195649215,111384489928508
1,24514,16.7,1789195649215,111384489928508
2,24514,90.0,1789195649215,111384489928508
3,24514,0.0,1789195649215,111384489928508
4,24514,72.7,1789195649215,111384489928508
5,24514,0.0,1789195649215,111384489928508
6,24514,0.0,1789195649215,111384489928508
7,24514,66.7,1789195649215,111384489928508
0,24615,0.0,1789195649316,111384492339194
1,24615,44.4,1789195649316,111384492339194
2,24615,90.0,1789195649316,111384492339194
3,24615,0.0,1789195649316,111384492339194
4,24615,66.7,1789195649316,111384492339194
5,24615,0.0,1789195649316,111384492339194
6,24615,0.0,1789195649316,111384492339194
7,24615,70.0,1789195649316,111384492339194
0,24715,20.0,1789195649416,111384494750672
1,24715,44.4,1789195649416,111384494750672
2,24715,90.0,1789195649416,111384494750672
3,24715,0.0,1789195649416,111384494750672
4,24715,72.7,1789195649416,111384494750672
5,24715,0.0,1789195649416,111384494750672
6,24715,0.0,1789195649416,111384494750672
7,24715,70.0,1789195649416,111384494750672
0,24816,10.0,1789195649517,111384497162242
1,24816,33.3,1789195649517,111384497162242
2,24816,100.0,1789195649517,111384497162242
3,24816,0.0,1789195649517,111384497162242
4,24816,66.7,1789195649517,111384497162242
5,24816,0.0,1789195649517,111384497162242
6,24816,0.0,1789195649517,111384497162242
7,24816,70.0,1789195649517,111384497162242
0,24916,20.0,1789195649617,111384499574077
1,24916,44.4,1789195649617,111384499574077
2,24916,90.9,1789195649617,111384499574077
3,24916,0.0,1789195649617,111384499574077
4,24916,70.0,1789195649617,111384499574077
5,24916,10.0,1789195649617,111384499574077
6,24916,33.3,1789195649617,111384499574077
7,24916,66.7,1789195649617,111384499574077
0,25017,10.0,1789195649718,111384501985150
1,25017,44.4,1789195649718,111384501985150
2,25017,90.0,1789195649718,111384501985150
3,25017,40.0,1789195649718,111384501985150
4,25017,66.7,1789195649718,111384501985150
5,25017,0.0,1789195649718,111384501985150
6,25017,9.1,1789195649718,111384501985150
7,25017,70.0,1789195649718,111384501985150
0,25117,20.0,1789195649818,111384504397250
1,25117,44.4,1789195649818,111384504397250
2,25117,88.9,1789195649818,111384504397250
3,25117,10.0,1789195649818,111384504397250
4,25117,62.5,1789195649818,111384504397250
5,25117,9.1,1789195649818,111384504397250
6,25117,40.0,1789195649818,111384504397250
7,25117,70.0,1789195649818,111384504397250
0,25218,22.2,1789195649919,111384506809309
1,25218,44.4,1789195649919,111384506809309
2,25218,100.0,1789195649919,111384506809309
3,25218,20.0,1789195649919,111384506809309
4,25218,70.0,1789195649919,111384506809309
5,25218,11.1,1789195649919,111384506809309
6,25218,22.2,1789195649919,111384506809309
7,25218,70.0,1789195649919,111384506809309
0,25318,11.1,1789195650019,111384509225768
1,25318,55.6,1789195650019,111384509225768
2,25318,90.9,1789195650019,111384509225768
3,25318,45.5,1789195650019,111384509225768
4,25318,70.0,1789195650019,111384509225768
5,25318,20.0,1789195650019,111384509225768
6,25318,27.3,1789195650019,111384509225768
7,25318,62.5,1789195650019,111384509225768
0,25422,10.0,1789195650123,111384511717814
1,25422,42.9,1789195650123,111384511717814
2,25422,100.0,1789195650123,111384511717814
3,25422,10.0,1789195650123,111384511717814
4,25422,66.7,1789195650123,111384511717814
5,25422,20.0,1789195650123,111384511717814
6,25422,0.0,1789195650123,111384511717814
7,25422,72.7,1789195650123,111384511717814
0,25523,18.2,1789195650224,111384514129320
1,25523,37.5,1789195650224,111384514129320
2,25523,100.0,1789195650224,111384514129320
3,25523,22.2,1789195650224,111384514129320
4,25523,66.7,1789195650224,111384514129320
5,25523,30.0,1789195650224,111384514129320
6,25523,0.0,1789195650224,111384514129320
7,25523,75.0,1789195650224,111384514129320
0,25623,20.0,1789195650324,111384516542587
1,25623,44.4,1789195650324,111384516542587
2,25623,88.9,1789195650324,111384516542587
3,25623,30.0,1789195650324,111384516542587
4,25623,66.7,1789195650324,111384516542587
5,25623,18.2,1789195650324,111384516542587
6,25623,22.2,1789195650324,111384516542587
7,25623,70.0,1789195650324,111384516542587
0,25724,20.0,1789195650425,111384518954862
1,25724,18.2,1789195650425,111384518954862
2,25724,85.7,1789195650425,111384518954862
3,25724,9.1,1789195650425,111384518954862
4,25724,66.7,1789195650425,111384518954862
5,25724,11.1,1789195650425,111384518954862
6,25724,18.2,1789195650425,111384518954862
7,25724,71.4,1789195650425,111384518954862
0,25824,25.0,1789195650525,111384521371102
1,25824,40.0,1789195650525,111384521371102
2,25824,60.0,1789195650525,111384521371102
3,25824,28.6,1789195650525,111384521371102
4,25824,66.7,1789195650525,111384521371102
5,25824,77.8,1789195650525,111384521371102
6,25824,25.0,1789195650525,111384521371102
7,25824,62.5,1789195650525,111384521371102
0,25925,66.7,1789195650626,111384523789325
1,25925,90.0,1789195650626,111384523789325
2,25925,37.5,1789195650626,111384523789325
3,25925,27.3,1789195650626,111384523789325
4,25925,54.5,1789195650626,111384523789325
5,25925,75.0,1789195650626,111384523789325
6,25925,10.0,1789195650626,111384523789325
7,25925,55.6,1789195650626,111384523789325
0,26026,50.0,1789195650727,111384526201531
1,26026,50.0,1789195650727,111384526201531
2,26026,14.3,1789195650727,111384526201531
3,26026,25.0,1789195650727,111384526201531
4,26026,28.6,1789195650727,111384526201531
5,26026,75.0,1789195650727,111384526201531
6,26026,0.0,1789195650727,111384526201531
7,26026,70.0,1789195650727,111384526201531
0,26126,55.6,1789195650827,111384528614265
1,26126,63.6,1789195650827,111384528614265
2,26126,25.0,1789195650827,111384528614265
3,26126,20.0,1789195650827,111384528614265
4,26126,50.0,1789195650827,111384528614265
5,26126,81.8,1789195650827,111384528614265
6,26126,10.0,1789195650827,111384528614265
7,26126,90.9,1789195650827,111384528614265
0,26227,37.5,1789195650928,111384531027135
1,26227,80.0,1789195650928,111384531027135
2,26227,33.3,1789195650928,111384531027135
3,26227,22.2,1789195650928,111384531027135
4,26227,44.4,1789195650928,111384531027135
5,26227,77.8,1789195650928,111384531027135
6,26227,33.3,1789195650928,111384531027135
7,26227,66.7,1789195650928,111384531027135
0,26327,37.5,1789195651028,111384533439370
1,26327,66.7,1789195651028,111384533439370
2,26327,37.5,1789195651028,111384533439370
3,26327,30.0,1789195651028,111384533439370
4,26327,54.5,1789195651028,111384533439370
5,26327,10.0,1789195651028,111384533439370
6,26327,75.0,1789195651028,111384533439370
7,26327,75.0,1789195651028,111384533439370
0,26428,66.7,1789195651129,111384535852372
1,26428,77.8,1789195651129,111384535852372
2,26428,33.3,1789195651129,111384535852372
3,26428,25.0,1789195651129,111384535852372
4,26428,50.0,1789195651129,111384535852372
5,26428,10.0,1789195651129,111384535852372
6,26428,81.8,1789195651129,111384535852372
7,26428,70.0,1789195651129,111384535852372
0,26528,70.0,1789195651229,111384538265020
1,26528,77.8,1789195651229,111384538265020
2,26528,37.5,1789195651229,111384538265020
3,26528,0.0,1789195651229,111384538265020
4,26528,60.0,1789195651229,111384538265020
5,26528,10.0,1789195651229,111384538265020
6,26528,77.8,1789195651229,111384538265020
7,26528,77.8,1789195651229,111384538265020
0,26629,30.0,1789195651330,111384540677187
1,26629,66.7,1789195651330,111384540677187
2,26629,30.0,1789195651330,111384540677187
3,26629,11.1,1789195651330,111384540677187
4,26629,25.0,1789195651330,111384540677187
5,26629,60.0,1789195651330,111384540677187
6,26629,88.9,1789195651330,111384540677187
7,26629,50.0,1789195651330,111384540677187
0,26729,0.0,1789195651430,111384543089892
1,26729,55.6,1789195651430,111384543089892
2,26729,30.0,1789195651430,111384543089892
3,26729,33.3,1789195651430,111384543089892
4,26729,30.0,1789195651430,111384543089892
5,26729,70.0,1789195651430,111384543089892
6,26729,77.8,1789195651430,111384543089892
7,26729,55.6,1789195651430,111384543089892
0,26830,12.5,1789195651531,111384545504496
1,26830,70.0,1789195651531,111384545504496
2,26830,42.9,1789195651531,111384545504496
3,26830,25.0,1789195651531,111384545504496
4,26830,50.0,1789195651531,111384545504496
5,26830,66.7,1789195651531,111384545504496
6,26830,81.8,1789195651531,111384545504496
7,26830,60.0,1789195651531,111384545504496
0,26931,25.0,1789195651632,111384547919014
1,26931,72.7,1789195651632,111384547919014
2,26931,33.3,1789195651632,111384547919014
3,26931,27.3,1789195651632,111384547919014
4,26931,50.0,1789195651632,111384547919014
5,26931,81.8,1789195651632,111384547919014
6,26931,80.0,1789195651632,111384547919014
7,26931,62.5,1789195651632,111384547919014
0,27031,11.1,1789195651732,111384550332568
1,27031,50.0,1789195651732,111384550332568
2,27031,37.5,1789195651732,111384550332568
3,27031,0.0,1789195651732,111384550332568
4,27031,50.0,1789195651732,111384550332568
5,27031,87.5,1789195651732,111384550332568
6,27031,90.9,1789195651732,111384550332568
7,27031,50.0,1789195651732,111384550332568
0,27132,40.0,1789195651833,111384552744838
1,27132,72.7,1789195651833,111384552744838
2,27132,10.0,1789195651833,111384552744838
3,27132,50.0,1789195651833,111384552744838
4,27132,20.0,1789195651833,111384552744838
5,27132,83.3,1789195651833,111384552744838
6,27132,66.7,1789195651833,111384552744838
7,27132,30.0,1789195651833,111384552744838
0,27232,20.0,1789195651933,111384555156878
1,27232,66.7,1789195651933,111384555156878
2,27232,0.0,1789195651933,111384555156878
3,27232,22.2,1789195651933,111384555156878
4,27232,40.0,1789195651933,111384555156878
5,27232,75.0,1789195651933,111384555156878
6,27232,72.7,1789195651933,111384555156878
7,27232,0.0,1789195651933,111384555156878
0,27333,44.4,1789195652034,111384557568825
1,27333,66.7,1789195652034,111384557568825
2,27333,36.4,1789195652034,111384557568825
3,27333,20.0,1789195652034,111384557568825
4,27333,0.0,1789195652034,111384557568825
5,27333,80.0,1789195652034,111384557568825
6,27333,66.7,1789195652034,111384557568825
7,27333,10.0,1789195652034,111384557568825
0,27433,11.1,1789195652134,111384559980846
1,27433,81.8,1789195652134,111384559980846
2,27433,80.0,1789195652134,111384559980846
3,27433,22.2,1789195652134,111384559980846
4,27433,9.1,1789195652134,111384559980846
5,27433,20.0,1789195652134,111384559980846
6,27433,60.0,1789195652134,111384559980846
7,27433,18.2,1789195652134,111384559980846
0,27534,40.0,1789195652235,111384562394650
1,27534,72.7,1789195652235,111384562394650
2,27534,88.9,1789195652235,111384562394650
3,27534,27.3,1789195652235,111384562394650
4,27534,40.0,1789195652235,111384562394650
5,27534,22.2,1789195652235,111384562394650
6,27534,77.8,1789195652235,111384562394650
7,27534,11.1,1789195652235,111384562394650
0,27634,72.7,1789195652335,111384564809319
1,27634,66.7,1789195652335,111384564809319
2,27634,44.4,1789195652335,111384564809319
3,27634,66.7,1789195652335,111384564809319
4,27634,55.6,1789195652335,111384564809319
5,27634,72.7,1789195652335,111384564809319
6,27634,80.0,1789195652335,111384564809319
7,27634,54.5,1789195652335,111384564809319
0,27735,90.0,1789195652436,111384567225049
1,27735,80.0,1789195652436,111384567225049
2,27735,44.4,1789195652436,111384567225049
3,27735,90.0,1789195652436,111384567225049
4,27735,58.3,1789195652436,111384567225049
5,27735,60.0,1789195652436,111384567225049
6,27735,50.0,1789195652436,111384567225049
7,27735,81.8,1789195652436,111384567225049
0,27837,80.0,1789195652538,111384569674318
1,27837,62.5,1789195652538,111384569674318
2,27837,80.0,1789195652538,111384569674318
3,27837,81.8,1789195652538,111384569674318
4,27837,55.6,1789195652538,111384569674318
5,27837,50.0,1789195652538,111384569674318
6,27837,90.0,1789195652538,111384569674318
7,27837,62.5,1789195652538,111384569674318
0,27938,44.4,1789195652639,111384572087798
1,27938,81.8,1789195652639,111384572087798
2,27938,66.7,1789195652639,111384572087798
3,27938,70.0,1789195652639,111384572087798
4,27938,70.0,1789195652639,111384572087798
5,27938,60.0,1789195652639,111384572087798
6,27938,36.4,1789195652639,111384572087798
7,27938,55.6,1789195652639,111384572087798
0,28038,11.1,1789195652739,111384574500021
1,28038,77.8,1789195652739,111384574500021
2,28038,10.0,1789195652739,111384574500021
3,28038,66.7,1789195652739,111384574500021
4,28038,72.7,1789195652739,111384574500021
5,28038,50.0,1789195652739,111384574500021
6,28038,18.2,1789195652739,111384574500021
7,28038,36.4,1789195652739,111384574500021
0,28139,40.0,1789195652840,111384576912892
1,28139,80.0,1789195652840,111384576912892
2,28139,18.2,1789195652840,111384576912892
3,28139,72.7,1789195652840,111384576912892
4,28139,55.6,1789195652840,111384576912892
5,28139,9.1,1789195652840,111384576912892
6,28139,40.0,1789195652840,111384576912892
7,28139,0.0,1789195652840,111384576912892
0,28239,9.1,1789195652940,111384579324659
1,28239,71.4,1789195652940,111384579324659
2,28239,11.1,1789195652940,111384579324659
3,28239,72.7,1789195652940,111384579324659
4,28239,66.7,1789195652940,111384579324659
5,28239,40.0,1789195652940,111384579324659
6,28239,22.2,1789195652940,111384579324659
7,28239,0.0,1789195652940,111384579324659
0,28340,30.0,1789195653041,111384581737006
1,28340,90.0,1789195653041,111384581737006
2,28340,11.1,1789195653041,111384581737006
3,28340,66.7,1789195653041,111384581737006
4,28340,70.0,1789195653041,111384581737006
5,28340,20.0,1789195653041,111384581737006
6,28340,12.5,1789195653041,111384581737006
7,28340,20.0,1789195653041,111384581737006
0,28440,0.0,1789195653141,111384584148918
1,28440,70.0,1789195653141,111384584148918
2,28440,27.3,1789195653141,111384584148918
3,28440,66.7,1789195653141,111384584148918
4,28440,85.7,1789195653141,111384584148918
5,28440,0.0,1789195653141,111384584148918
6,28440,10.0,1789195653141,111384584148918
7,28440,20.0,1789195653141,111384584148918
0,28541,11.1,1789195653242,111384586563262
1,28541,77.8,1789195653242,111384586563262
2,28541,22.2,1789195653242,111384586563262
3,28541,66.7,1789195653242,111384586563262
4,28541,58.3,1789195653242,111384586563262
5,28541,22.2,1789195653242,111384586563262
6,28541,54.5,1789195653242,111384586563262
7,28541,20.0,1789195653242,111384586563262
0,28641,40.0,1789195653342,111384588975363
1,28641,75.0,1789195653342,111384588975363
2,28641,10.0,1789195653342,111384588975363
3,28641,66.7,1789195653342,111384588975363
4,28641,0.0,1789195653342,111384588975363
5,28641,33.3,1789195653342,111384588975363
6,28641,62.5,1789195653342,111384588975363
7,28641,0.0,1789195653342,111384588975363
0,28742,18.2,1789195653443,111384591386845
1,28742,80.0,1789195653443,111384591386845
2,28742,18.2,1789195653443,111384591386845
3,28742,75.0,1789195653443,111384591386845
4,28742,37.5,1789195653443,111384591386845
5,28742,33.3,1789195653443,111384591386845
6,28742,55.6,1789195653443,111384591386845
7,28742,0.0,1789195653443,111384591386845
0,28842,20.0,1789195653543,111384593800566
1,28842,90.0,1789195653543,111384593800566
2,28842,22.2,1789195653543,111384593800566
3,28842,50.0,1789195653543,111384593800566
4,28842,27.3,1789195653543,111384593800566
5,28842,30.0,1789195653543,111384593800566
6,28842,72.7,1789195653543,111384593800566
7,28842,20.0,1789195653543,111384593800566
0,28943,0.0,1789195653644,111384596223321
1,28943,75.0,1789195653644,111384596223321
2,28943,30.0,1789195653644,111384596223321
3,28943,60.0,1789195653644,111384596223321
4,28943,0.0,1789195653644,111384596223321
5,28943,30.0,1789195653644,111384596223321
6,28943,70.0,1789195653644,111384596223321
7,28943,0.0,1789195653644,111384596223321
0,29044,0.0,1789195653745,111384598635083
1,29044,66.7,1789195653745,111384598635083
2,29044,66.7,1789195653745,111384598635083
3,29044,18.2,1789195653745,111384598635083
4,29044,0.0,1789195653745,111384598635083
5,29044,0.0,1789195653745,111384598635083
6,29044,77.8,1789195653745,111384598635083
7,29044,0.0,1789195653745,111384598635083
0,29144,0.0,1789195653845,111384601046823
1,29144,81.8,1789195653845,111384601046823
2,29144,62.5,1789195653845,111384601046823
3,29144,11.1,1789195653845,111384601046823
4,29144,50.0,1789195653845,111384601046823
5,29144,0.0,1789195653845,111384601046823
6,29144,44.4,1789195653845,111384601046823
7,29144,0.0,1789195653845,111384601046823
0,29245,0.0,1789195653946,111384603458731
1,29245,75.0,1789195653946,111384603458731
2,29245,62.5,1789195653946,111384603458731
3,29245,10.0,1789195653946,111384603458731
4,29245,63.6,1789195653946,111384603458731
5,29245,10.0,1789195653946,111384603458731
6,29245,25.0,1789195653946,111384603458731
7,29245,0.0,1789195653946,111384603458731
0,29346,0.0,1789195654047,111384605875464
1,29346,80.0,1789195654047,111384605875464
2,29346,66.7,1789195654047,111384605875464
3,29346,10.0,1789195654047,111384605875464
4,29346,70.0,1789195654047,111384605875464
5,29346,0.0,1789195654047,111384605875464
6,29346,22.2,1789195654047,111384605875464
7,29346,0.0,1789195654047,111384605875464
0,29446,0.0,1789195654147,111384608288297
1,29446,77.8,1789195654147,111384608288297
2,29446,70.0,1789195654147,111384608288297
3,29446,10.0,1789195654147,111384608288297
4,29446,63.6,1789195654147,111384608288297
5,29446,0.0,1789195654147,111384608288297
6,29446,33.3,1789195654147,111384608288297
7,29446,0.0,1789195654147,111384608288297
0,29547,0.0,1789195654248,111384610700098
1,29547,77.8,1789195654248,111384610700098
2,29547,63.6,1789195654248,111384610700098
3,29547,10.0,1789195654248,111384610700098
4,29547,66.7,1789195654248,111384610700098
5,29547,0.0,1789195654248,111384610700098
6,29547,40.0,1789195654248,111384610700098
7,29547,0.0,1789195654248,111384610700098
0,29647,0.0,1789195654348,111384613111684
1,29647,81.8,1789195654348,111384613111684
2,29647,66.7,1789195654348,111384613111684
3,29647,20.0,1789195654348,111384613111684
4,29647,60.0,1789195654348,111384613111684
5,29647,0.0,1789195654348,111384613111684
6,29647,22.2,1789195654348,111384613111684
7,29647,0.0,1789195654348,111384613111684
0,29748,0.0,1789195654449,111384615523368
1,29748,80.0,1789195654449,111384615523368
2,29748,72.7,1789195654449,111384615523368
3,29748,18.2,1789195654449,111384615523368
4,29748,70.0,1789195654449,111384615523368
5,29748,0.0,1789195654449,111384615523368
6,29748,14.3,1789195654449,111384615523368
7,29748,0.0,1789195654449,111384615523368
0,29848,0.0,1789195654549,111384617935002
1,29848,80.0,1789195654549,111384617935002
2,29848,66.7,1789195654549,111384617935002
3,29848,0.0,1789195654549,111384617935002
4,29848,55.6,1789195654549,111384617935002
5,29848,0.0,1789195654549,111384617935002
6,29848,25.0,1789195654549,111384617935002
7,29848,0.0,1789195654549,111384617935002
0,29949,0.0,1789195654650,111384620346732
1,29949,77.8,1789195654650,111384620346732
2,29949,60.0,1789195654650,111384620346732
3,29949,10.0,1789195654650,111384620346732
4,29949,70.0,1789195654650,111384620346732
5,29949,0.0,1789195654650,111384620346732
6,29949,12.5,1789195654650,111384620346732
7,29949,0.0,1789195654650,111384620346732
0,30049,0.0,1789195654750,111384622758420
1,30049,80.0,1789195654750,111384622758420
2,30049,70.0,1789195654750,111384622758420
3,30049,18.2,1789195654750,111384622758420
4,30049,70.0,1789195654750,111384622758420
5,30049,0.0,1789195654750,111384622758420
6,30049,40.0,1789195654750,111384622758420
7,30049,0.0,1789195654750,111384622758420
0,30150,0.0,1789195654851,111384625174700
1,30150,80.0,1789195654851,111384625174700
2,30150,66.7,1789195654851,111384625174700
3,30150,10.0,1789195654851,111384625174700
4,30150,63.6,1789195654851,111384625174700
5,30150,0.0,1789195654851,111384625174700
6,30150,22.2,1789195654851,111384625174700
7,30150,0.0,1789195654851,111384625174700
0,30250,0.0,1789195654951,111384627588339
1,30250,81.8,1789195654951,111384627588339
2,30250,66.7,1789195654951,111384627588339
3,30250,10.0,1789195654951,111384627588339
4,30250,70.0,1789195654951,111384627588339
5,30250,0.0,1789195654951,111384627588339
6,30250,40.0,1789195654951,111384627588339
7,30250,0.0,1789195654951,111384627588339
0,30351,0.0,1789195655052,111384630002942
1,30351,77.8,1789195655052,111384630002942
2,30351,70.0,1789195655052,111384630002942
3,30351,20.0,1789195655052,111384630002942
4,30351,0.0,1789195655052,111384630002942
5,30351,0.0,1789195655052,111384630002942
6,30351,70.0,1789195655052,111384630002942
7,30351,36.4,1789195655052,111384630002942
0,30451,0.0,1789195655152,111384632413748
1,30451,80.0,1789195655152,111384632413748
2,30451,60.0,1789195655152,111384632413748
3,30451,0.0,1789195655152,111384632413748
4,30451,0.0,1789195655152,111384632413748
5,30451,0.0,1789195655152,111384632413748
6,30451,60.0,1789195655152,111384632413748
7,30451,30.0,1789195655152,111384632413748
0,30552,0.0,1789195655253,111384634825292
1,30552,81.8,1789195655253,111384634825292
2,30552,70.0,1789195655253,111384634825292
3,30552,18.2,1789195655253,111384634825292
4,30552,0.0,1789195655253,111384634825292
5,30552,0.0,1789195655253,111384634825292
6,30552,72.7,1789195655253,111384634825292
7,30552,25.0,1789195655253,111384634825292
0,30652,0.0,1789195655353,111384637236453
1,30652,81.8,1789195655353,111384637236453
2,30652,72.7,1789195655353,111384637236453
3,30652,10.0,1789195655353,111384637236453
4,30652,0.0,1789195655353,111384637236453
5,30652,0.0,1789195655353,111384637236453
6,30652,66.7,1789195655353,111384637236453
7,30652,22.2,1789195655353,111384637236453
0,30753,0.0,1789195655454,111384639647254
1,30753,75.0,1789195655454,111384639647254
2,30753,70.0,1789195655454,111384639647254
3,30753,11.1,1789195655454,111384639647254
4,30753,0.0,1789195655454,111384639647254
5,30753,0.0,1789195655454,111384639647254
6,30753,60.0,1789195655454,111384639647254
7,30753,14.3,1789195655454,111384639647254
0,30853,0.0,1789195655554,111384642058212
1,30853,90.0,1789195655554,111384642058212
2,30853,72.7,1789195655554,111384642058212
3,30853,18.2,1789195655554,111384642058212
4,30853,0.0,1789195655554,111384642058212
5,30853,0.0,1789195655554,111384642058212
6,30853,60.0,1789195655554,111384642058212
7,30853,45.5,1789195655554,111384642058212
0,30954,0.0,1789195655655,111384644469356
1,30954,81.8,1789195655655,111384644469356
2,30954,62.5,1789195655655,111384644469356
3,30954,10.0,1789195655655,111384644469356
4,30954,9.1,1789195655655,111384644469356
5,30954,0.0,1789195655655,111384644469356
6,30954,66.7,1789195655655,111384644469356
7,30954,30.0,1789195655655,111384644469356
0,31054,0.0,1789195655755,111384646881564
1,31054,80.0,1789195655755,111384646881564
2,31054,70.0,1789195655755,111384646881564
3,31054,0.0,1789195655755,111384646881564
4,31054,0.0,1789195655755,111384646881564
5,31054,33.3,1789195655755,111384646881564
6,31054,70.0,1789195655755,111384646881564
7,31054,30.0,1789195655755,111384646881564
0,31155,50.0,1789195655856,111384649293329
1,31155,75.0,1789195655856,111384649293329
2,31155,70.0,1789195655856,111384649293329
3,31155,18.2,1789195655856,111384649293329
4,31155,10.0,1789195655856,111384649293329
5,31155,25.0,1789195655856,111384649293329
6,31155,60.0,1789195655856,111384649293329
7,31155,0.0,1789195655856,111384649293329
0,31255,11.1,1789195655956,111384651708352
1,31255,80.0,1789195655956,111384651708352
2,31255,66.7,1789195655956,111384651708352
3,31255,10.0,1789195655956,111384651708352
4,31255,33.3,1789195655956,111384651708352
5,31255,50.0,1789195655956,111384651708352
6,31255,66.7,1789195655956,111384651708352
7,31255,10.0,1789195655956,111384651708352
0,31356,25.0,1789195656057,111384654120937
1,31356,90.0,1789195656057,111384654120937
2,31356,66.7,1789195656057,111384654120937
3,31356,27.3,1789195656057,111384654120937
4,31356,70.0,1789195656057,111384654120937
5,31356,36.4,1789195656057,111384654120937
6,31356,36.4,1789195656057,111384654120937
7,31356,10.0,1789195656057,111384654120937
0,31456,11.1,1789195656157,111384656533026
1,31456,100.0,1789195656157,111384656533026
2,31456,70.0,1789195656157,111384656533026
3,31456,0.0,1789195656157,111384656533026
4,31456,44.4,1789195656157,111384656533026
5,31456,0.0,1789195656157,111384656533026
6,31456,18.2,1789195656157,111384656533026
7,31456,50.0,1789195656157,111384656533026
0,31557,55.6,1789195656258,111384658945871
1,31557,90.0,1789195656258,111384658945871
2,31557,76.9,1789195656258,111384658945871
3,31557,10.0,1789195656258,111384658945871
4,31557,40.0,1789195656258,111384658945871
5,31557,10.0,1789195656258,111384658945871
6,31557,0.0,1789195656258,111384658945871
7,31557,27.3,1789195656258,111384658945871
0,31657,62.5,1789195656358,111384661358020
1,31657,100.0,1789195656358,111384661358020
2,31657,72.7,1789195656358,111384661358020
3,31657,10.0,1789195656358,111384661358020
4,31657,33.3,1789195656358,111384661358020
5,31657,0.0,1789195656358,111384661358020
6,31657,0.0,1789195656358,111384661358020
7,31657,0.0,1789195656358,111384661358020
0,31758,66.7,1789195656459,111384663771526
1,31758,90.0,1789195656459,111384663771526
2,31758,70.0,1789195656459,111384663771526
3,31758,18.2,1789195656459,111384663771526
4,31758,44.4,1789195656459,111384663771526
5,31758,0.0,1789195656459,111384663771526
6,31758,0.0,1789195656459,111384663771526
7,31758,0.0,1789195656459,111384663771526
0,31858,66.7,1789195656559,111384666183267
1,31858,88.9,1789195656559,111384666183267
2,31858,75.0,1789195656559,111384666183267
3,31858,10.0,1789195656559,111384666183267
4,31858,33.3,1789195656559,111384666183267
5,31858,0.0,1789195656559,111384666183267
6,31858,0.0,1789195656559,111384666183267
7,31858,0.0,1789195656559,111384666183267
0,31959,66.7,1789195656660,111384668595315
1,31959,90.0,1789195656660,111384668595315
2,31959,66.7,1789195656660,111384668595315
3,31959,27.3,1789195656660,111384668595315
4,31959,33.3,1789195656660,111384668595315
5,31959,0.0,1789195656660,111384668595315
6,31959,0.0,1789195656660,111384668595315
7,31959,0.0,1789195656660,111384668595315
0,32059,70.0,1789195656760,111384671007269
1,32059,90.0,1789195656760,111384671007269
2,32059,62.5,1789195656760,111384671007269
3,32059,10.0,1789195656760,111384671007269
4,32059,37.5,1789195656760,111384671007269
5,32059,0.0,1789195656760,111384671007269
6,32059,0.0,1789195656760,111384671007269
7,32059,9.1,1789195656760,111384671007269
0,32160,55.6,1789195656861,111384673426807
1,32160,100.0,1789195656861,111384673426807
2,32160,72.7,1789195656861,111384673426807
3,32160,10.0,1789195656861,111384673426807
4,32160,25.0,1789195656861,111384673426807
5,32160,0.0,1789195656861,111384673426807
6,32160,0.0,1789195656861,111384673426807
7,32160,0.0,1789195656861,111384673426807
0,32261,72.7,1789195656962,111384675838898
1,32261,87.5,1789195656962,111384675838898
2,32261,66.7,1789195656962,111384675838898
3,32261,20.0,1789195656962,111384675838898
4,32261,40.0,1789195656962,111384675838898
5,32261,0.0,1789195656962,111384675838898
6,32261,0.0,1789195656962,111384675838898
7,32261,0.0,1789195656962,111384675838898
0,32361,62.5,1789195657062,111384678250744
1,32361,90.0,1789195657062,111384678250744
2,32361,72.7,1789195657062,111384678250744
3,32361,0.0,1789195657062,111384678250744
4,32361,37.5,1789195657062,111384678250744
5,32361,0.0,1789195657062,111384678250744
6,32361,0.0,1789195657062,111384678250744
7,32361,0.0,1789195657062,111384678250744
0,32462,70.0,1789195657163,111384680667979
1,32462,90.0,1789195657163,111384680667979
2,32462,66.7,1789195657163,111384680667979
3,32462,10.0,1789195657163,111384680667979
4,32462,25.0,1789195657163,111384680667979
5,32462,0.0,1789195657163,111384680667979
6,32462,0.0,1789195657163,111384680667979
7,32462,0.0,1789195657163,111384680667979
0,32564,70.0,1789195657265,111384683118853
1,32564,100.0,1789195657265,111384683118853
2,32564,72.7,1789195657265,111384683118853
3,32564,18.2,1789195657265,111384683118853
4,32564,33.3,1789195657265,111384683118853
5,32564,0.0,1789195657265,111384683118853
6,32564,0.0,1789195657265,111384683118853
7,32564,0.0,1789195657265,111384683118853
0,32665,66.7,1789195657366,111384685535199
1,32665,88.9,1789195657366,111384685535199
2,32665,70.0,1789195657366,111384685535199
3,32665,11.1,1789195657366,111384685535199
4,32665,25.0,1789195657366,111384685535199
5,32665,0.0,1789195657366,111384685535199
6,32665,0.0,1789195657366,111384685535199
7,32665,0.0,1789195657366,111384685535199
0,32766,66.7,1789195657467,111384687954560
1,32766,90.0,1789195657467,111384687954560
2,32766,72.7,1789195657467,111384687954560
3,32766,10.0,1789195657467,111384687954560
4,32766,28.6,1789195657467,111384687954560
5,32766,0.0,1789195657467,111384687954560
6,32766,0.0,1789195657467,111384687954560
7,32766,0.0,1789195657467,111384687954560
0,32866,72.7,1789195657567,111384690367252
1,32866,88.9,1789195657567,111384690367252
2,32866,63.6,1789195657567,111384690367252
3,32866,20.0,1789195657567,111384690367252
4,32866,33.3,1789195657567,111384690367252
5,32866,0.0,1789195657567,111384690367252
6,32866,0.0,1789195657567,111384690367252
7,32866,0.0,1789195657567,111384690367252
0,32967,66.7,1789195657668,111384692780149
1,32967,90.9,1789195657668,111384692780149
2,32967,57.1,1789195657668,111384692780149
3,32967,10.0,1789195657668,111384692780149
4,32967,40.0,1789195657668,111384692780149
5,32967,0.0,1789195657668,111384692780149
6,32967,0.0,1789195657668,111384692780149
7,32967,0.0,1789195657668,111384692780149
0,33067,66.7,1789195657768,111384695196734
1,33067,100.0,1789195657768,111384695196734
2,33067,72.7,1789195657768,111384695196734
3,33067,10.0,1789195657768,111384695196734
4,33067,50.0,1789195657768,111384695196734
5,33067,0.0,1789195657768,111384695196734
6,33067,0.0,1789195657768,111384695196734
7,33067,0.0,1789195657768,111384695196734
0,33168,62.5,1789195657869,111384697611578
1,33168,87.5,1789195657869,111384697611578
2,33168,66.7,1789195657869,111384697611578
3,33168,10.0,1789195657869,111384697611578
4,33168,33.3,1789195657869,111384697611578
5,33168,0.0,1789195657869,111384697611578
6,33168,0.0,1789195657869,111384697611578
7,33168,0.0,1789195657869,111384697611578
0,33268,70.0,1789195657969,111384700023274
1,33268,90.0,1789195657969,111384700023274
2,33268,72.7,1789195657969,111384700023274
3,33268,20.0,1789195657969,111384700023274
4,33268,33.3,1789195657969,111384700023274
5,33268,10.0,1789195657969,111384700023274
6,33268,0.0,1789195657969,111384700023274
7,33268,0.0,1789195657969,111384700023274
0,33369,62.5,1789195658070,111384702435316
1,33369,88.9,1789195658070,111384702435316
2,33369,70.0,1789195658070,111384702435316
3,33369,10.0,1789195658070,111384702435316
4,33369,45.5,1789195658070,111384702435316
5,33369,0.0,1789195658070,111384702435316
6,33369,0.0,1789195658070,111384702435316
7,33369,0.0,1789195658070,111384702435316
0,33469,75.0,1789195658170,111384704847363
1,33469,88.9,1789195658170,111384704847363
2,33469,62.5,1789195658170,111384704847363
3,33469,10.0,1789195658170,111384704847363
4,33469,25.0,1789195658170,111384704847363
5,33469,0.0,1789195658170,111384704847363
6,33469,0.0,1789195658170,111384704847363
7,33469,0.0,1789195658170,111384704847363
0,33570,62.5,1789195658271,111384707264313
1,33570,88.9,1789195658271,111384707264313
2,33570,70.0,1789195658271,111384707264313
3,33570,11.1,1789195658271,111384707264313
4,33570,50.0,1789195658271,111384707264313
5,33570,30.0,1789195658271,111384707264313
6,33570,0.0,1789195658271,111384707264313
7,33570,20.0,1789195658271,111384707264313
0,33671,55.6,1789195658372,111384709675960
1,33671,90.0,1789195658372,111384709675960
2,33671,75.0,1789195658372,111384709675960
3,33671,18.2,1789195658372,111384709675960
4,33671,25.0,1789195658372,111384709675960
5,33671,0.0,1789195658372,111384709675960
6,33671,44.4,1789195658372,111384709675960
7,33671,0.0,1789195658372,111384709675960
0,33771,70.0,1789195658472,111384712090879
1,33771,87.5,1789195658472,111384712090879
2,33771,62.5,1789195658472,111384712090879
3,33771,0.0,1789195658472,111384712090879
4,33771,28.6,1789195658472,111384712090879
5,33771,40.0,1789195658472,111384712090879
6,33771,18.2,1789195658472,111384712090879
7,33771,0.0,1789195658472,111384712090879
0,33872,57.1,1789195658573,111384714502621
1,33872,77.8,1789195658573,111384714502621
2,33872,33.3,1789195658573,111384714502621
3,33872,20.0,1789195658573,111384714502621
4,33872,20.0,1789195658573,111384714502621
5,33872,18.2,1789195658573,111384714502621
6,33872,72.7,1789195658573,111384714502621
7,33872,10.0,1789195658573,111384714502621
0,33972,63.6,1789195658673,111384716914647
1,33972,71.4,1789195658673,111384716914647
2,33972,22.2,1789195658673,111384716914647
3,33972,22.2,1789195658673,111384716914647
4,33972,16.7,1789195658673,111384716914647
5,33972,0.0,1789195658673,111384716914647
6,33972,66.7,1789195658673,111384716914647
7,33972,27.3,1789195658673,111384716914647
0,34073,50.0,1789195658774,111384719332455
1,34073,62.5,1789195658774,111384719332455
2,34073,10.0,1789195658774,111384719332455
3,34073,20.0,1789195658774,111384719332455
4,34073,22.2,1789195658774,111384719332455
5,34073,30.0,1789195658774,111384719332455
6,34073,50.0,1789195658774,111384719332455
7,34073,20.0,1789195658774,111384719332455
0,34174,70.0,1789195658875,111384721745538
1,34174,27.3,1789195658875,111384721745538
2,34174,60.0,1789195658875,111384721745538
3,34174,40.0,1789195658875,111384721745538
4,34174,0.0,1789195658875,111384721745538
5,34174,11.1,1789195658875,111384721745538
6,34174,70.0,1789195658875,111384721745538
7,34174,0.0,1789195658875,111384721745538
0,34274,66.7,1789195658975,111384724158291
1,34274,10.0,1789195658975,111384724158291
2,34274,88.9,1789195658975,111384724158291
3,34274,45.5,1789195658975,111384724158291
4,34274,12.5,1789195658975,111384724158291
5,34274,30.0,1789195658975,111384724158291
6,34274,55.6,1789195658975,111384724158291
7,34274,0.0,1789195658975,111384724158291
0,34375,70.0,1789195659076,111384726577910
1,34375,50.0,1789195659076,111384726577910
2,34375,33.3,1789195659076,111384726577910
3,34375,10.0,1789195659076,111384726577910
4,34375,33.3,1789195659076,111384726577910
5,34375,0.0,1789195659076,111384726577910
6,34375,63.6,1789195659076,111384726577910
7,34375,60.0,1789195659076,111384726577910
0,34462,66.7,1789195659163,111384728669877
1,34462,87.5,1789195659163,111384728669877
2,34462,25.0,1789195659163,111384728669877
3,34462,12.5,1789195659163,111384728669877
4,34462,30.0,1789195659163,111384728669877
5,34462,30.0,1789195659163,111384728669877
6,34462,12.5,1789195659163,111384728669877
7,34462,80.0,1789195659163,111384728669877
