cpu,t_ms,busy_pct,epoch_ms,rdtime_ticks
0,101,0.0,1789618618931,121535647999332
1,101,9.1,1789618618931,121535647999332
2,101,0.0,1789618618931,121535647999332
3,101,0.0,1789618618931,121535647999332
4,101,0.0,1789618618931,121535647999332
5,101,0.0,1789618618931,121535647999332
6,101,0.0,1789618618931,121535647999332
7,101,0.0,1789618618931,121535647999332
0,201,0.0,1789618619031,121535650411956
1,201,0.0,1789618619031,121535650411956
2,201,0.0,1789618619031,121535650411956
3,201,0.0,1789618619031,121535650411956
4,201,0.0,1789618619031,121535650411956
5,201,0.0,1789618619031,121535650411956
6,201,0.0,1789618619031,121535650411956
7,201,0.0,1789618619031,121535650411956
0,302,0.0,1789618619132,121535652820135
1,302,0.0,1789618619132,121535652820135
2,302,0.0,1789618619132,121535652820135
3,302,0.0,1789618619132,121535652820135
4,302,0.0,1789618619132,121535652820135
5,302,0.0,1789618619132,121535652820135
6,302,0.0,1789618619132,121535652820135
7,302,0.0,1789618619132,121535652820135
0,402,0.0,1789618619232,121535655228062
1,402,0.0,1789618619232,121535655228062
2,402,0.0,1789618619232,121535655228062
3,402,0.0,1789618619232,121535655228062
4,402,0.0,1789618619232,121535655228062
5,402,0.0,1789618619232,121535655228062
6,402,0.0,1789618619232,121535655228062
7,402,0.0,1789618619232,121535655228062
0,502,0.0,1789618619332,121535657635890
1,502,0.0,1789618619332,121535657635890
2,502,0.0,1789618619332,121535657635890
3,502,0.0,1789618619332,121535657635890
4,502,0.0,1789618619332,121535657635890
5,502,0.0,1789618619332,121535657635890
6,502,0.0,1789618619332,121535657635890
7,502,0.0,1789618619332,121535657635890
0,603,0.0,1789618619433,121535660047593
1,603,22.2,1789618619433,121535660047593
2,603,0.0,1789618619433,121535660047593
3,603,18.2,1789618619433,121535660047593
4,603,9.1,1789618619433,121535660047593
5,603,18.2,1789618619433,121535660047593
6,603,0.0,1789618619433,121535660047593
7,603,10.0,1789618619433,121535660047593
0,703,0.0,1789618619533,121535662459715
1,703,33.3,1789618619533,121535662459715
2,703,0.0,1789618619533,121535662459715
3,703,0.0,1789618619533,121535662459715
4,703,0.0,1789618619533,121535662459715
5,703,40.0,1789618619533,121535662459715
6,703,0.0,1789618619533,121535662459715
7,703,0.0,1789618619533,121535662459715
0,804,10.0,1789618619634,121535664872105
1,804,25.0,1789618619634,121535664872105
2,804,20.0,1789618619634,121535664872105
3,804,10.0,1789618619634,121535664872105
4,804,10.0,1789618619634,121535664872105
5,804,0.0,1789618619634,121535664872105
6,804,0.0,1789618619634,121535664872105
7,804,10.0,1789618619634,121535664872105
0,904,0.0,1789618619734,121535667283574
1,904,10.0,1789618619734,121535667283574
2,904,0.0,1789618619734,121535667283574
3,904,10.0,1789618619734,121535667283574
4,904,0.0,1789618619734,121535667283574
5,904,11.1,1789618619734,121535667283574
6,904,0.0,1789618619734,121535667283574
7,904,10.0,1789618619734,121535667283574
0,1005,0.0,1789618619835,121535669695977
1,1005,0.0,1789618619835,121535669695977
2,1005,0.0,1789618619835,121535669695977
3,1005,0.0,1789618619835,121535669695977
4,1005,0.0,1789618619835,121535669695977
5,1005,0.0,1789618619835,121535669695977
6,1005,0.0,1789618619835,121535669695977
7,1005,0.0,1789618619835,121535669695977
0,1105,0.0,1789618619935,121535672104699
1,1105,0.0,1789618619935,121535672104699
2,1105,0.0,1789618619935,121535672104699
3,1105,0.0,1789618619935,121535672104699
4,1105,0.0,1789618619935,121535672104699
5,1105,0.0,1789618619935,121535672104699
6,1105,0.0,1789618619935,121535672104699
7,1105,0.0,1789618619935,121535672104699
0,1206,0.0,1789618620036,121535674516178
1,1206,0.0,1789618620036,121535674516178
2,1206,0.0,1789618620036,121535674516178
3,1206,0.0,1789618620036,121535674516178
4,1206,0.0,1789618620036,121535674516178
5,1206,9.1,1789618620036,121535674516178
6,1206,9.1,1789618620036,121535674516178
7,1206,0.0,1789618620036,121535674516178
0,1306,0.0,1789618620136,121535676925582
1,1306,0.0,1789618620136,121535676925582
2,1306,0.0,1789618620136,121535676925582
3,1306,0.0,1789618620136,121535676925582
4,1306,0.0,1789618620136,121535676925582
5,1306,0.0,1789618620136,121535676925582
6,1306,0.0,1789618620136,121535676925582
7,1306,0.0,1789618620136,121535676925582
0,1406,0.0,1789618620236,121535679334496
1,1406,0.0,1789618620236,121535679334496
2,1406,0.0,1789618620236,121535679334496
3,1406,0.0,1789618620236,121535679334496
4,1406,0.0,1789618620236,121535679334496
5,1406,0.0,1789618620236,121535679334496
6,1406,0.0,1789618620236,121535679334496
7,1406,0.0,1789618620236,121535679334496
0,1507,0.0,1789618620337,121535681742050
1,1507,0.0,1789618620337,121535681742050
2,1507,0.0,1789618620337,121535681742050
3,1507,0.0,1789618620337,121535681742050
4,1507,0.0,1789618620337,121535681742050
5,1507,0.0,1789618620337,121535681742050
6,1507,0.0,1789618620337,121535681742050
7,1507,0.0,1789618620337,121535681742050
0,1607,0.0,1789618620437,121535684149512
1,1607,0.0,1789618620437,121535684149512
2,1607,0.0,1789618620437,121535684149512
3,1607,0.0,1789618620437,121535684149512
4,1607,0.0,1789618620437,121535684149512
5,1607,0.0,1789618620437,121535684149512
6,1607,0.0,1789618620437,121535684149512
7,1607,0.0,1789618620437,121535684149512
0,1707,0.0,1789618620537,121535686556512
1,1707,0.0,1789618620537,121535686556512
2,1707,0.0,1789618620537,121535686556512
3,1707,0.0,1789618620537,121535686556512
4,1707,0.0,1789618620537,121535686556512
5,1707,0.0,1789618620537,121535686556512
6,1707,0.0,1789618620537,121535686556512
7,1707,0.0,1789618620537,121535686556512
0,1808,0.0,1789618620638,121535688964308
1,1808,0.0,1789618620638,121535688964308
2,1808,0.0,1789618620638,121535688964308
3,1808,0.0,1789618620638,121535688964308
4,1808,0.0,1789618620638,121535688964308
5,1808,0.0,1789618620638,121535688964308
6,1808,0.0,1789618620638,121535688964308
7,1808,0.0,1789618620638,121535688964308
0,1908,0.0,1789618620738,121535691371676
1,1908,0.0,1789618620738,121535691371676
2,1908,0.0,1789618620738,121535691371676
3,1908,0.0,1789618620738,121535691371676
4,1908,0.0,1789618620738,121535691371676
5,1908,0.0,1789618620738,121535691371676
6,1908,0.0,1789618620738,121535691371676
7,1908,0.0,1789618620738,121535691371676
0,2008,0.0,1789618620838,121535693779357
1,2008,0.0,1789618620838,121535693779357
2,2008,0.0,1789618620838,121535693779357
3,2008,0.0,1789618620838,121535693779357
4,2008,0.0,1789618620838,121535693779357
5,2008,0.0,1789618620838,121535693779357
6,2008,0.0,1789618620838,121535693779357
7,2008,0.0,1789618620838,121535693779357
0,2109,0.0,1789618620939,121535696186500
1,2109,0.0,1789618620939,121535696186500
2,2109,0.0,1789618620939,121535696186500
3,2109,0.0,1789618620939,121535696186500
4,2109,0.0,1789618620939,121535696186500
5,2109,0.0,1789618620939,121535696186500
6,2109,0.0,1789618620939,121535696186500
7,2109,0.0,1789618620939,121535696186500
0,2209,0.0,1789618621039,121535698593177
1,2209,0.0,1789618621039,121535698593177
2,2209,0.0,1789618621039,121535698593177
3,2209,0.0,1789618621039,121535698593177
4,2209,0.0,1789618621039,121535698593177
5,2209,0.0,1789618621039,121535698593177
6,2209,0.0,1789618621039,121535698593177
7,2209,0.0,1789618621039,121535698593177
0,2309,0.0,1789618621139,121535701004865
1,2309,0.0,1789618621139,121535701004865
2,2309,10.0,1789618621139,121535701004865
3,2309,0.0,1789618621139,121535701004865
4,2309,0.0,1789618621139,121535701004865
5,2309,0.0,1789618621139,121535701004865
6,2309,0.0,1789618621139,121535701004865
7,2309,0.0,1789618621139,121535701004865
0,2410,0.0,1789618621240,121535703417574
1,2410,0.0,1789618621240,121535703417574
2,2410,9.1,1789618621240,121535703417574
3,2410,0.0,1789618621240,121535703417574
4,2410,0.0,1789618621240,121535703417574
5,2410,0.0,1789618621240,121535703417574
6,2410,0.0,1789618621240,121535703417574
7,2410,9.1,1789618621240,121535703417574
0,2510,0.0,1789618621340,121535705826821
1,2510,0.0,1789618621340,121535705826821
2,2510,0.0,1789618621340,121535705826821
3,2510,0.0,1789618621340,121535705826821
4,2510,0.0,1789618621340,121535705826821
5,2510,0.0,1789618621340,121535705826821
6,2510,0.0,1789618621340,121535705826821
7,2510,0.0,1789618621340,121535705826821
0,2610,0.0,1789618621440,121535708234358
1,2610,0.0,1789618621440,121535708234358
2,2610,0.0,1789618621440,121535708234358
3,2610,0.0,1789618621440,121535708234358
4,2610,0.0,1789618621440,121535708234358
5,2610,0.0,1789618621440,121535708234358
6,2610,0.0,1789618621440,121535708234358
7,2610,0.0,1789618621440,121535708234358
0,2711,0.0,1789618621541,121535710642952
1,2711,0.0,1789618621541,121535710642952
2,2711,0.0,1789618621541,121535710642952
3,2711,0.0,1789618621541,121535710642952
4,2711,0.0,1789618621541,121535710642952
5,2711,0.0,1789618621541,121535710642952
6,2711,0.0,1789618621541,121535710642952
7,2711,0.0,1789618621541,121535710642952
0,2811,0.0,1789618621641,121535713049860
1,2811,0.0,1789618621641,121535713049860
2,2811,0.0,1789618621641,121535713049860
3,2811,0.0,1789618621641,121535713049860
4,2811,0.0,1789618621641,121535713049860
5,2811,0.0,1789618621641,121535713049860
6,2811,0.0,1789618621641,121535713049860
7,2811,0.0,1789618621641,121535713049860
0,2911,0.0,1789618621741,121535715456525
1,2911,0.0,1789618621741,121535715456525
2,2911,0.0,1789618621741,121535715456525
3,2911,0.0,1789618621741,121535715456525
4,2911,0.0,1789618621741,121535715456525
5,2911,0.0,1789618621741,121535715456525
6,2911,0.0,1789618621741,121535715456525
7,2911,0.0,1789618621741,121535715456525
0,3012,10.0,1789618621842,121535717865436
1,3012,0.0,1789618621842,121535717865436
2,3012,0.0,1789618621842,121535717865436
3,3012,0.0,1789618621842,121535717865436
4,3012,0.0,1789618621842,121535717865436
5,3012,0.0,1789618621842,121535717865436
6,3012,0.0,1789618621842,121535717865436
7,3012,0.0,1789618621842,121535717865436
0,3112,0.0,1789618621942,121535720274020
1,3112,0.0,1789618621942,121535720274020
2,3112,0.0,1789618621942,121535720274020
3,3112,0.0,1789618621942,121535720274020
4,3112,0.0,1789618621942,121535720274020
5,3112,0.0,1789618621942,121535720274020
6,3112,0.0,1789618621942,121535720274020
7,3112,0.0,1789618621942,121535720274020
0,3212,0.0,1789618622042,121535722681190
1,3212,0.0,1789618622042,121535722681190
2,3212,0.0,1789618622042,121535722681190
3,3212,0.0,1789618622042,121535722681190
4,3212,0.0,1789618622042,121535722681190
5,3212,0.0,1789618622042,121535722681190
6,3212,0.0,1789618622042,121535722681190
7,3212,0.0,1789618622042,121535722681190
0,3313,0.0,1789618622143,121535725087869
1,3313,0.0,1789618622143,121535725087869
2,3313,0.0,1789618622143,121535725087869
3,3313,0.0,1789618622143,121535725087869
4,3313,0.0,1789618622143,121535725087869
5,3313,0.0,1789618622143,121535725087869
6,3313,0.0,1789618622143,121535725087869
7,3313,0.0,1789618622143,121535725087869
0,3413,0.0,1789618622243,121535727495295
1,3413,0.0,1789618622243,121535727495295
2,3413,0.0,1789618622243,121535727495295
3,3413,0.0,1789618622243,121535727495295
4,3413,0.0,1789618622243,121535727495295
5,3413,0.0,1789618622243,121535727495295
6,3413,0.0,1789618622243,121535727495295
7,3413,0.0,1789618622243,121535727495295
0,3513,0.0,1789618622343,121535729902198
1,3513,0.0,1789618622343,121535729902198
2,3513,0.0,1789618622343,121535729902198
3,3513,0.0,1789618622343,121535729902198
4,3513,0.0,1789618622343,121535729902198
5,3513,0.0,1789618622343,121535729902198
6,3513,0.0,1789618622343,121535729902198
7,3513,0.0,1789618622343,121535729902198
0,3614,0.0,1789618622444,121535732309160
1,3614,0.0,1789618622444,121535732309160
2,3614,0.0,1789618622444,121535732309160
3,3614,0.0,1789618622444,121535732309160
4,3614,0.0,1789618622444,121535732309160
5,3614,0.0,1789618622444,121535732309160
6,3614,0.0,1789618622444,121535732309160
7,3614,9.1,1789618622444,121535732309160
0,3714,0.0,1789618622544,121535734715988
1,3714,0.0,1789618622544,121535734715988
2,3714,0.0,1789618622544,121535734715988
3,3714,0.0,1789618622544,121535734715988
4,3714,0.0,1789618622544,121535734715988
5,3714,0.0,1789618622544,121535734715988
6,3714,0.0,1789618622544,121535734715988
7,3714,0.0,1789618622544,121535734715988
0,3814,0.0,1789618622644,121535737123309
1,3814,0.0,1789618622644,121535737123309
2,3814,0.0,1789618622644,121535737123309
3,3814,0.0,1789618622644,121535737123309
4,3814,0.0,1789618622644,121535737123309
5,3814,0.0,1789618622644,121535737123309
6,3814,0.0,1789618622644,121535737123309
7,3814,0.0,1789618622644,121535737123309
0,3915,0.0,1789618622745,121535739531480
1,3915,0.0,1789618622745,121535739531480
2,3915,0.0,1789618622745,121535739531480
3,3915,0.0,1789618622745,121535739531480
4,3915,0.0,1789618622745,121535739531480
5,3915,0.0,1789618622745,121535739531480
6,3915,0.0,1789618622745,121535739531480
7,3915,0.0,1789618622745,121535739531480
0,4015,0.0,1789618622845,121535741938783
1,4015,0.0,1789618622845,121535741938783
2,4015,0.0,1789618622845,121535741938783
3,4015,0.0,1789618622845,121535741938783
4,4015,0.0,1789618622845,121535741938783
5,4015,0.0,1789618622845,121535741938783
6,4015,0.0,1789618622845,121535741938783
7,4015,0.0,1789618622845,121535741938783
0,4115,0.0,1789618622945,121535744345915
1,4115,0.0,1789618622945,121535744345915
2,4115,0.0,1789618622945,121535744345915
3,4115,0.0,1789618622945,121535744345915
4,4115,0.0,1789618622945,121535744345915
5,4115,0.0,1789618622945,121535744345915
6,4115,0.0,1789618622945,121535744345915
7,4115,0.0,1789618622945,121535744345915
0,4216,0.0,1789618623046,121535746756511
1,4216,0.0,1789618623046,121535746756511
2,4216,0.0,1789618623046,121535746756511
3,4216,0.0,1789618623046,121535746756511
4,4216,0.0,1789618623046,121535746756511
5,4216,0.0,1789618623046,121535746756511
6,4216,0.0,1789618623046,121535746756511
7,4216,0.0,1789618623046,121535746756511
0,4316,0.0,1789618623146,121535749165271
1,4316,0.0,1789618623146,121535749165271
2,4316,0.0,1789618623146,121535749165271
3,4316,0.0,1789618623146,121535749165271
4,4316,0.0,1789618623146,121535749165271
5,4316,0.0,1789618623146,121535749165271
6,4316,0.0,1789618623146,121535749165271
7,4316,0.0,1789618623146,121535749165271
0,4416,0.0,1789618623246,121535751572660
1,4416,0.0,1789618623246,121535751572660
2,4416,0.0,1789618623246,121535751572660
3,4416,0.0,1789618623246,121535751572660
4,4416,0.0,1789618623246,121535751572660
5,4416,0.0,1789618623246,121535751572660
6,4416,0.0,1789618623246,121535751572660
7,4416,0.0,1789618623246,121535751572660
0,4517,0.0,1789618623347,121535753979481
1,4517,0.0,1789618623347,121535753979481
2,4517,0.0,1789618623347,121535753979481
3,4517,0.0,1789618623347,121535753979481
4,4517,0.0,1789618623347,121535753979481
5,4517,0.0,1789618623347,121535753979481
6,4517,0.0,1789618623347,121535753979481
7,4517,0.0,1789618623347,121535753979481
0,4617,0.0,1789618623447,121535756389845
1,4617,0.0,1789618623447,121535756389845
2,4617,0.0,1789618623447,121535756389845
3,4617,0.0,1789618623447,121535756389845
4,4617,0.0,1789618623447,121535756389845
5,4617,0.0,1789618623447,121535756389845
6,4617,0.0,1789618623447,121535756389845
7,4617,9.1,1789618623447,121535756389845
0,4717,0.0,1789618623547,121535758798185
1,4717,0.0,1789618623547,121535758798185
2,4717,0.0,1789618623547,121535758798185
3,4717,0.0,1789618623547,121535758798185
4,4717,0.0,1789618623547,121535758798185
5,4717,0.0,1789618623547,121535758798185
6,4717,0.0,1789618623547,121535758798185
7,4717,0.0,1789618623547,121535758798185
0,4818,0.0,1789618623648,121535761205152
1,4818,0.0,1789618623648,121535761205152
2,4818,0.0,1789618623648,121535761205152
3,4818,0.0,1789618623648,121535761205152
4,4818,0.0,1789618623648,121535761205152
5,4818,0.0,1789618623648,121535761205152
6,4818,0.0,1789618623648,121535761205152
7,4818,0.0,1789618623648,121535761205152
0,4918,0.0,1789618623748,121535763611768
1,4918,0.0,1789618623748,121535763611768
2,4918,0.0,1789618623748,121535763611768
3,4918,0.0,1789618623748,121535763611768
4,4918,0.0,1789618623748,121535763611768
5,4918,0.0,1789618623748,121535763611768
6,4918,0.0,1789618623748,121535763611768
7,4918,0.0,1789618623748,121535763611768
0,5018,10.0,1789618623848,121535766020709
1,5018,0.0,1789618623848,121535766020709
2,5018,0.0,1789618623848,121535766020709
3,5018,0.0,1789618623848,121535766020709
4,5018,0.0,1789618623848,121535766020709
5,5018,0.0,1789618623848,121535766020709
6,5018,0.0,1789618623848,121535766020709
7,5018,0.0,1789618623848,121535766020709
0,5119,0.0,1789618623949,121535768430293
1,5119,0.0,1789618623949,121535768430293
2,5119,0.0,1789618623949,121535768430293
3,5119,0.0,1789618623949,121535768430293
4,5119,0.0,1789618623949,121535768430293
5,5119,0.0,1789618623949,121535768430293
6,5119,0.0,1789618623949,121535768430293
7,5119,0.0,1789618623949,121535768430293
0,5219,0.0,1789618624049,121535770837685
1,5219,0.0,1789618624049,121535770837685
2,5219,0.0,1789618624049,121535770837685
3,5219,0.0,1789618624049,121535770837685
4,5219,0.0,1789618624049,121535770837685
5,5219,0.0,1789618624049,121535770837685
6,5219,0.0,1789618624049,121535770837685
7,5219,0.0,1789618624049,121535770837685
0,5319,0.0,1789618624149,121535773245531
1,5319,0.0,1789618624149,121535773245531
2,5319,0.0,1789618624149,121535773245531
3,5319,0.0,1789618624149,121535773245531
4,5319,0.0,1789618624149,121535773245531
5,5319,0.0,1789618624149,121535773245531
6,5319,0.0,1789618624149,121535773245531
7,5319,0.0,1789618624149,121535773245531
0,5420,0.0,1789618624250,121535775653080
1,5420,0.0,1789618624250,121535775653080
2,5420,0.0,1789618624250,121535775653080
3,5420,0.0,1789618624250,121535775653080
4,5420,0.0,1789618624250,121535775653080
5,5420,0.0,1789618624250,121535775653080
6,5420,0.0,1789618624250,121535775653080
7,5420,0.0,1789618624250,121535775653080
0,5520,0.0,1789618624350,121535778060429
1,5520,0.0,1789618624350,121535778060429
2,5520,0.0,1789618624350,121535778060429
3,5520,0.0,1789618624350,121535778060429
4,5520,0.0,1789618624350,121535778060429
5,5520,0.0,1789618624350,121535778060429
6,5520,0.0,1789618624350,121535778060429
7,5520,0.0,1789618624350,121535778060429
0,5620,0.0,1789618624450,121535780467378
1,5620,0.0,1789618624450,121535780467378
2,5620,0.0,1789618624450,121535780467378
3,5620,0.0,1789618624450,121535780467378
4,5620,0.0,1789618624450,121535780467378
5,5620,0.0,1789618624450,121535780467378
6,5620,0.0,1789618624450,121535780467378
7,5620,0.0,1789618624450,121535780467378
0,5721,0.0,1789618624551,121535782874248
1,5721,0.0,1789618624551,121535782874248
2,5721,0.0,1789618624551,121535782874248
3,5721,0.0,1789618624551,121535782874248
4,5721,0.0,1789618624551,121535782874248
5,5721,0.0,1789618624551,121535782874248
6,5721,0.0,1789618624551,121535782874248
7,5721,9.1,1789618624551,121535782874248
0,5821,0.0,1789618624651,121535785281038
1,5821,0.0,1789618624651,121535785281038
2,5821,0.0,1789618624651,121535785281038
3,5821,0.0,1789618624651,121535785281038
4,5821,0.0,1789618624651,121535785281038
5,5821,0.0,1789618624651,121535785281038
6,5821,0.0,1789618624651,121535785281038
7,5821,0.0,1789618624651,121535785281038
0,5921,0.0,1789618624751,121535787687909
1,5921,0.0,1789618624751,121535787687909
2,5921,0.0,1789618624751,121535787687909
3,5921,0.0,1789618624751,121535787687909
4,5921,0.0,1789618624751,121535787687909
5,5921,0.0,1789618624751,121535787687909
6,5921,0.0,1789618624751,121535787687909
7,5921,0.0,1789618624751,121535787687909
0,6021,0.0,1789618624851,121535790094949
1,6021,0.0,1789618624851,121535790094949
2,6021,0.0,1789618624851,121535790094949
3,6021,0.0,1789618624851,121535790094949
4,6021,0.0,1789618624851,121535790094949
5,6021,0.0,1789618624851,121535790094949
6,6021,0.0,1789618624851,121535790094949
7,6021,0.0,1789618624851,121535790094949
0,6122,0.0,1789618624952,121535792502181
1,6122,0.0,1789618624952,121535792502181
2,6122,0.0,1789618624952,121535792502181
3,6122,0.0,1789618624952,121535792502181
4,6122,0.0,1789618624952,121535792502181
5,6122,0.0,1789618624952,121535792502181
6,6122,0.0,1789618624952,121535792502181
7,6122,0.0,1789618624952,121535792502181
0,6222,0.0,1789618625052,121535794909047
1,6222,0.0,1789618625052,121535794909047
2,6222,0.0,1789618625052,121535794909047
3,6222,0.0,1789618625052,121535794909047
4,6222,0.0,1789618625052,121535794909047
5,6222,0.0,1789618625052,121535794909047
6,6222,0.0,1789618625052,121535794909047
7,6222,0.0,1789618625052,121535794909047
0,6322,0.0,1789618625152,121535797315843
1,6322,0.0,1789618625152,121535797315843
2,6322,0.0,1789618625152,121535797315843
3,6322,0.0,1789618625152,121535797315843
4,6322,0.0,1789618625152,121535797315843
5,6322,0.0,1789618625152,121535797315843
6,6322,0.0,1789618625152,121535797315843
7,6322,0.0,1789618625152,121535797315843
0,6423,0.0,1789618625253,121535799723671
1,6423,0.0,1789618625253,121535799723671
2,6423,0.0,1789618625253,121535799723671
3,6423,0.0,1789618625253,121535799723671
4,6423,0.0,1789618625253,121535799723671
5,6423,0.0,1789618625253,121535799723671
6,6423,0.0,1789618625253,121535799723671
7,6423,0.0,1789618625253,121535799723671
0,6523,0.0,1789618625353,121535802130118
1,6523,0.0,1789618625353,121535802130118
2,6523,0.0,1789618625353,121535802130118
3,6523,0.0,1789618625353,121535802130118
4,6523,0.0,1789618625353,121535802130118
5,6523,0.0,1789618625353,121535802130118
6,6523,0.0,1789618625353,121535802130118
7,6523,0.0,1789618625353,121535802130118
0,6623,0.0,1789618625453,121535804536491
1,6623,0.0,1789618625453,121535804536491
2,6623,0.0,1789618625453,121535804536491
3,6623,0.0,1789618625453,121535804536491
4,6623,0.0,1789618625453,121535804536491
5,6623,0.0,1789618625453,121535804536491
6,6623,0.0,1789618625453,121535804536491
7,6623,0.0,1789618625453,121535804536491
0,6723,0.0,1789618625553,121535806942981
1,6723,0.0,1789618625553,121535806942981
2,6723,0.0,1789618625553,121535806942981
3,6723,0.0,1789618625553,121535806942981
4,6723,0.0,1789618625553,121535806942981
5,6723,0.0,1789618625553,121535806942981
6,6723,0.0,1789618625553,121535806942981
7,6723,0.0,1789618625553,121535806942981
0,6824,0.0,1789618625654,121535809349528
1,6824,0.0,1789618625654,121535809349528
2,6824,0.0,1789618625654,121535809349528
3,6824,0.0,1789618625654,121535809349528
4,6824,0.0,1789618625654,121535809349528
5,6824,0.0,1789618625654,121535809349528
6,6824,0.0,1789618625654,121535809349528
7,6824,0.0,1789618625654,121535809349528
0,6924,0.0,1789618625754,121535811756162
1,6924,0.0,1789618625754,121535811756162
2,6924,0.0,1789618625754,121535811756162
3,6924,0.0,1789618625754,121535811756162
4,6924,0.0,1789618625754,121535811756162
5,6924,0.0,1789618625754,121535811756162
6,6924,0.0,1789618625754,121535811756162
7,6924,0.0,1789618625754,121535811756162
0,7024,0.0,1789618625854,121535814165014
1,7024,0.0,1789618625854,121535814165014
2,7024,0.0,1789618625854,121535814165014
3,7024,0.0,1789618625854,121535814165014
4,7024,0.0,1789618625854,121535814165014
5,7024,0.0,1789618625854,121535814165014
6,7024,0.0,1789618625854,121535814165014
7,7024,0.0,1789618625854,121535814165014
0,7125,0.0,1789618625955,121535816572646
1,7125,0.0,1789618625955,121535816572646
2,7125,0.0,1789618625955,121535816572646
3,7125,0.0,1789618625955,121535816572646
4,7125,0.0,1789618625955,121535816572646
5,7125,0.0,1789618625955,121535816572646
6,7125,0.0,1789618625955,121535816572646
7,7125,0.0,1789618625955,121535816572646
0,7225,0.0,1789618626055,121535818984174
1,7225,0.0,1789618626055,121535818984174
2,7225,9.1,1789618626055,121535818984174
3,7225,0.0,1789618626055,121535818984174
4,7225,0.0,1789618626055,121535818984174
5,7225,0.0,1789618626055,121535818984174
6,7225,0.0,1789618626055,121535818984174
7,7225,9.1,1789618626055,121535818984174
0,7325,0.0,1789618626155,121535821393181
1,7325,0.0,1789618626155,121535821393181
2,7325,0.0,1789618626155,121535821393181
3,7325,0.0,1789618626155,121535821393181
4,7325,0.0,1789618626155,121535821393181
5,7325,0.0,1789618626155,121535821393181
6,7325,0.0,1789618626155,121535821393181
7,7325,0.0,1789618626155,121535821393181
0,7426,0.0,1789618626256,121535823800336
1,7426,0.0,1789618626256,121535823800336
2,7426,0.0,1789618626256,121535823800336
3,7426,0.0,1789618626256,121535823800336
4,7426,0.0,1789618626256,121535823800336
5,7426,0.0,1789618626256,121535823800336
6,7426,0.0,1789618626256,121535823800336
7,7426,0.0,1789618626256,121535823800336
0,7526,0.0,1789618626356,121535826207087
1,7526,0.0,1789618626356,121535826207087
2,7526,0.0,1789618626356,121535826207087
3,7526,0.0,1789618626356,121535826207087
4,7526,0.0,1789618626356,121535826207087
5,7526,0.0,1789618626356,121535826207087
6,7526,0.0,1789618626356,121535826207087
7,7526,0.0,1789618626356,121535826207087
0,7626,0.0,1789618626456,121535828615463
1,7626,0.0,1789618626456,121535828615463
2,7626,0.0,1789618626456,121535828615463
3,7626,0.0,1789618626456,121535828615463
4,7626,0.0,1789618626456,121535828615463
5,7626,0.0,1789618626456,121535828615463
6,7626,0.0,1789618626456,121535828615463
7,7626,0.0,1789618626456,121535828615463
0,7727,0.0,1789618626557,121535831022505
1,7727,0.0,1789618626557,121535831022505
2,7727,0.0,1789618626557,121535831022505
3,7727,0.0,1789618626557,121535831022505
4,7727,0.0,1789618626557,121535831022505
5,7727,0.0,1789618626557,121535831022505
6,7727,0.0,1789618626557,121535831022505
7,7727,0.0,1789618626557,121535831022505
0,7827,0.0,1789618626657,121535833429292
1,7827,0.0,1789618626657,121535833429292
2,7827,0.0,1789618626657,121535833429292
3,7827,0.0,1789618626657,121535833429292
4,7827,0.0,1789618626657,121535833429292
5,7827,0.0,1789618626657,121535833429292
6,7827,0.0,1789618626657,121535833429292
7,7827,0.0,1789618626657,121535833429292
0,7927,0.0,1789618626757,121535835835848
1,7927,0.0,1789618626757,121535835835848
2,7927,0.0,1789618626757,121535835835848
3,7927,0.0,1789618626757,121535835835848
4,7927,0.0,1789618626757,121535835835848
5,7927,0.0,1789618626757,121535835835848
6,7927,0.0,1789618626757,121535835835848
7,7927,0.0,1789618626757,121535835835848
0,8028,0.0,1789618626858,121535838242826
1,8028,0.0,1789618626858,121535838242826
2,8028,0.0,1789618626858,121535838242826
3,8028,0.0,1789618626858,121535838242826
4,8028,0.0,1789618626858,121535838242826
5,8028,0.0,1789618626858,121535838242826
6,8028,0.0,1789618626858,121535838242826
7,8028,0.0,1789618626858,121535838242826
0,8128,0.0,1789618626958,121535840649810
1,8128,0.0,1789618626958,121535840649810
2,8128,0.0,1789618626958,121535840649810
3,8128,0.0,1789618626958,121535840649810
4,8128,0.0,1789618626958,121535840649810
5,8128,0.0,1789618626958,121535840649810
6,8128,0.0,1789618626958,121535840649810
7,8128,0.0,1789618626958,121535840649810
0,8228,0.0,1789618627058,121535843059245
1,8228,0.0,1789618627058,121535843059245
2,8228,0.0,1789618627058,121535843059245
3,8228,0.0,1789618627058,121535843059245
4,8228,0.0,1789618627058,121535843059245
5,8228,0.0,1789618627058,121535843059245
6,8228,0.0,1789618627058,121535843059245
7,8228,20.0,1789618627058,121535843059245
0,8329,0.0,1789618627159,121535845467266
1,8329,0.0,1789618627159,121535845467266
2,8329,0.0,1789618627159,121535845467266
3,8329,0.0,1789618627159,121535845467266
4,8329,0.0,1789618627159,121535845467266
5,8329,0.0,1789618627159,121535845467266
6,8329,0.0,1789618627159,121535845467266
7,8329,0.0,1789618627159,121535845467266
0,8429,0.0,1789618627259,121535847875168
1,8429,0.0,1789618627259,121535847875168
2,8429,0.0,1789618627259,121535847875168
3,8429,0.0,1789618627259,121535847875168
4,8429,0.0,1789618627259,121535847875168
5,8429,0.0,1789618627259,121535847875168
6,8429,0.0,1789618627259,121535847875168
7,8429,0.0,1789618627259,121535847875168
0,8529,0.0,1789618627359,121535850282191
1,8529,0.0,1789618627359,121535850282191
2,8529,0.0,1789618627359,121535850282191
3,8529,0.0,1789618627359,121535850282191
4,8529,0.0,1789618627359,121535850282191
5,8529,0.0,1789618627359,121535850282191
6,8529,0.0,1789618627359,121535850282191
7,8529,0.0,1789618627359,121535850282191
0,8629,0.0,1789618627459,121535852689002
1,8629,0.0,1789618627459,121535852689002
2,8629,0.0,1789618627459,121535852689002
3,8629,0.0,1789618627459,121535852689002
4,8629,0.0,1789618627459,121535852689002
5,8629,0.0,1789618627459,121535852689002
6,8629,0.0,1789618627459,121535852689002
7,8629,0.0,1789618627459,121535852689002
0,8730,0.0,1789618627560,121535855095773
1,8730,0.0,1789618627560,121535855095773
2,8730,0.0,1789618627560,121535855095773
3,8730,0.0,1789618627560,121535855095773
4,8730,0.0,1789618627560,121535855095773
5,8730,0.0,1789618627560,121535855095773
6,8730,0.0,1789618627560,121535855095773
7,8730,0.0,1789618627560,121535855095773
0,8830,0.0,1789618627660,121535857502584
1,8830,0.0,1789618627660,121535857502584
2,8830,0.0,1789618627660,121535857502584
3,8830,0.0,1789618627660,121535857502584
4,8830,0.0,1789618627660,121535857502584
5,8830,0.0,1789618627660,121535857502584
6,8830,0.0,1789618627660,121535857502584
7,8830,0.0,1789618627660,121535857502584
0,8930,0.0,1789618627760,121535859910259
1,8930,0.0,1789618627760,121535859910259
2,8930,0.0,1789618627760,121535859910259
3,8930,0.0,1789618627760,121535859910259
4,8930,0.0,1789618627760,121535859910259
5,8930,0.0,1789618627760,121535859910259
6,8930,0.0,1789618627760,121535859910259
7,8930,0.0,1789618627760,121535859910259
0,9031,10.0,1789618627861,121535862319359
1,9031,0.0,1789618627861,121535862319359
2,9031,0.0,1789618627861,121535862319359
3,9031,0.0,1789618627861,121535862319359
4,9031,0.0,1789618627861,121535862319359
5,9031,0.0,1789618627861,121535862319359
6,9031,0.0,1789618627861,121535862319359
7,9031,0.0,1789618627861,121535862319359
0,9131,0.0,1789618627961,121535864727316
1,9131,0.0,1789618627961,121535864727316
2,9131,0.0,1789618627961,121535864727316
3,9131,0.0,1789618627961,121535864727316
4,9131,0.0,1789618627961,121535864727316
5,9131,0.0,1789618627961,121535864727316
6,9131,0.0,1789618627961,121535864727316
7,9131,0.0,1789618627961,121535864727316
0,9231,0.0,1789618628061,121535867134279
1,9231,0.0,1789618628061,121535867134279
2,9231,0.0,1789618628061,121535867134279
3,9231,0.0,1789618628061,121535867134279
4,9231,0.0,1789618628061,121535867134279
5,9231,0.0,1789618628061,121535867134279
6,9231,0.0,1789618628061,121535867134279
7,9231,9.1,1789618628061,121535867134279
0,9332,0.0,1789618628162,121535869541222
1,9332,0.0,1789618628162,121535869541222
2,9332,0.0,1789618628162,121535869541222
3,9332,0.0,1789618628162,121535869541222
4,9332,0.0,1789618628162,121535869541222
5,9332,0.0,1789618628162,121535869541222
6,9332,0.0,1789618628162,121535869541222
7,9332,0.0,1789618628162,121535869541222
0,9432,0.0,1789618628262,121535871947903
1,9432,0.0,1789618628262,121535871947903
2,9432,0.0,1789618628262,121535871947903
3,9432,0.0,1789618628262,121535871947903
4,9432,0.0,1789618628262,121535871947903
5,9432,0.0,1789618628262,121535871947903
6,9432,0.0,1789618628262,121535871947903
7,9432,0.0,1789618628262,121535871947903
0,9532,0.0,1789618628362,121535874354691
1,9532,0.0,1789618628362,121535874354691
2,9532,0.0,1789618628362,121535874354691
3,9532,0.0,1789618628362,121535874354691
4,9532,0.0,1789618628362,121535874354691
5,9532,0.0,1789618628362,121535874354691
6,9532,0.0,1789618628362,121535874354691
7,9532,0.0,1789618628362,121535874354691
0,9633,0.0,1789618628463,121535876761402
1,9633,0.0,1789618628463,121535876761402
2,9633,0.0,1789618628463,121535876761402
3,9633,0.0,1789618628463,121535876761402
4,9633,0.0,1789618628463,121535876761402
5,9633,0.0,1789618628463,121535876761402
6,9633,0.0,1789618628463,121535876761402
7,9633,0.0,1789618628463,121535876761402
0,9733,0.0,1789618628563,121535879171044
1,9733,0.0,1789618628563,121535879171044
2,9733,0.0,1789618628563,121535879171044
3,9733,0.0,1789618628563,121535879171044
4,9733,0.0,1789618628563,121535879171044
5,9733,0.0,1789618628563,121535879171044
6,9733,0.0,1789618628563,121535879171044
7,9733,0.0,1789618628563,121535879171044
0,9833,0.0,1789618628663,121535881580211
1,9833,0.0,1789618628663,121535881580211
2,9833,9.1,1789618628663,121535881580211
3,9833,0.0,1789618628663,121535881580211
4,9833,0.0,1789618628663,121535881580211
5,9833,0.0,1789618628663,121535881580211
6,9833,0.0,1789618628663,121535881580211
7,9833,0.0,1789618628663,121535881580211
0,9934,0.0,1789618628764,121535883987753
1,9934,0.0,1789618628764,121535883987753
2,9934,0.0,1789618628764,121535883987753
3,9934,0.0,1789618628764,121535883987753
4,9934,0.0,1789618628764,121535883987753
5,9934,0.0,1789618628764,121535883987753
6,9934,0.0,1789618628764,121535883987753
7,9934,0.0,1789618628764,121535883987753
0,10034,0.0,1789618628864,121535886394925
1,10034,0.0,1789618628864,121535886394925
2,10034,0.0,1789618628864,121535886394925
3,10034,0.0,1789618628864,121535886394925
4,10034,0.0,1789618628864,121535886394925
5,10034,0.0,1789618628864,121535886394925
6,10034,0.0,1789618628864,121535886394925
7,10034,0.0,1789618628864,121535886394925
0,10134,0.0,1789618628964,121535888803241
1,10134,0.0,1789618628964,121535888803241
2,10134,0.0,1789618628964,121535888803241
3,10134,0.0,1789618628964,121535888803241
4,10134,0.0,1789618628964,121535888803241
5,10134,0.0,1789618628964,121535888803241
6,10134,0.0,1789618628964,121535888803241
7,10134,0.0,1789618628964,121535888803241
0,10235,0.0,1789618629065,121535891213916
1,10235,0.0,1789618629065,121535891213916
2,10235,0.0,1789618629065,121535891213916
3,10235,0.0,1789618629065,121535891213916
4,10235,0.0,1789618629065,121535891213916
5,10235,0.0,1789618629065,121535891213916
6,10235,0.0,1789618629065,121535891213916
7,10235,0.0,1789618629065,121535891213916
0,10335,0.0,1789618629165,121535893622922
1,10335,0.0,1789618629165,121535893622922
2,10335,0.0,1789618629165,121535893622922
3,10335,0.0,1789618629165,121535893622922
4,10335,0.0,1789618629165,121535893622922
5,10335,0.0,1789618629165,121535893622922
6,10335,0.0,1789618629165,121535893622922
7,10335,0.0,1789618629165,121535893622922
0,10435,0.0,1789618629265,121535896030059
1,10435,0.0,1789618629265,121535896030059
2,10435,0.0,1789618629265,121535896030059
3,10435,0.0,1789618629265,121535896030059
4,10435,0.0,1789618629265,121535896030059
5,10435,0.0,1789618629265,121535896030059
6,10435,0.0,1789618629265,121535896030059
7,10435,9.1,1789618629265,121535896030059
0,10536,0.0,1789618629366,121535898437959
1,10536,0.0,1789618629366,121535898437959
2,10536,0.0,1789618629366,121535898437959
3,10536,0.0,1789618629366,121535898437959
4,10536,0.0,1789618629366,121535898437959
5,10536,0.0,1789618629366,121535898437959
6,10536,0.0,1789618629366,121535898437959
7,10536,0.0,1789618629366,121535898437959
0,10636,0.0,1789618629466,121535900845775
1,10636,0.0,1789618629466,121535900845775
2,10636,0.0,1789618629466,121535900845775
3,10636,0.0,1789618629466,121535900845775
4,10636,0.0,1789618629466,121535900845775
5,10636,0.0,1789618629466,121535900845775
6,10636,0.0,1789618629466,121535900845775
7,10636,0.0,1789618629466,121535900845775
0,10736,0.0,1789618629566,121535903252907
1,10736,0.0,1789618629566,121535903252907
2,10736,0.0,1789618629566,121535903252907
3,10736,0.0,1789618629566,121535903252907
4,10736,0.0,1789618629566,121535903252907
5,10736,0.0,1789618629566,121535903252907
6,10736,0.0,1789618629566,121535903252907
7,10736,0.0,1789618629566,121535903252907
0,10837,0.0,1789618629667,121535905659993
1,10837,0.0,1789618629667,121535905659993
2,10837,0.0,1789618629667,121535905659993
3,10837,0.0,1789618629667,121535905659993
4,10837,0.0,1789618629667,121535905659993
5,10837,0.0,1789618629667,121535905659993
6,10837,0.0,1789618629667,121535905659993
7,10837,0.0,1789618629667,121535905659993
0,10937,0.0,1789618629767,121535908067774
1,10937,0.0,1789618629767,121535908067774
2,10937,0.0,1789618629767,121535908067774
3,10937,0.0,1789618629767,121535908067774
4,10937,0.0,1789618629767,121535908067774
5,10937,0.0,1789618629767,121535908067774
6,10937,0.0,1789618629767,121535908067774
7,10937,0.0,1789618629767,121535908067774
0,11037,0.0,1789618629867,121535910477004
1,11037,0.0,1789618629867,121535910477004
2,11037,0.0,1789618629867,121535910477004
3,11037,0.0,1789618629867,121535910477004
4,11037,0.0,1789618629867,121535910477004
5,11037,0.0,1789618629867,121535910477004
6,11037,0.0,1789618629867,121535910477004
7,11037,0.0,1789618629867,121535910477004
0,11138,0.0,1789618629968,121535912885134
1,11138,0.0,1789618629968,121535912885134
2,11138,0.0,1789618629968,121535912885134
3,11138,0.0,1789618629968,121535912885134
4,11138,0.0,1789618629968,121535912885134
5,11138,0.0,1789618629968,121535912885134
6,11138,0.0,1789618629968,121535912885134
7,11138,0.0,1789618629968,121535912885134
0,11238,0.0,1789618630068,121535915292213
1,11238,0.0,1789618630068,121535915292213
2,11238,0.0,1789618630068,121535915292213
3,11238,0.0,1789618630068,121535915292213
4,11238,0.0,1789618630068,121535915292213
5,11238,0.0,1789618630068,121535915292213
6,11238,0.0,1789618630068,121535915292213
7,11238,0.0,1789618630068,121535915292213
0,11338,0.0,1789618630168,121535917699131
1,11338,0.0,1789618630168,121535917699131
2,11338,0.0,1789618630168,121535917699131
3,11338,0.0,1789618630168,121535917699131
4,11338,0.0,1789618630168,121535917699131
5,11338,0.0,1789618630168,121535917699131
6,11338,0.0,1789618630168,121535917699131
7,11338,9.1,1789618630168,121535917699131
0,11439,0.0,1789618630269,121535920107336
1,11439,0.0,1789618630269,121535920107336
2,11439,0.0,1789618630269,121535920107336
3,11439,0.0,1789618630269,121535920107336
4,11439,0.0,1789618630269,121535920107336
5,11439,0.0,1789618630269,121535920107336
6,11439,0.0,1789618630269,121535920107336
7,11439,0.0,1789618630269,121535920107336
0,11539,0.0,1789618630369,121535922514372
1,11539,0.0,1789618630369,121535922514372
2,11539,0.0,1789618630369,121535922514372
3,11539,0.0,1789618630369,121535922514372
4,11539,0.0,1789618630369,121535922514372
5,11539,0.0,1789618630369,121535922514372
6,11539,0.0,1789618630369,121535922514372
7,11539,0.0,1789618630369,121535922514372
0,11639,0.0,1789618630469,121535924921082
1,11639,0.0,1789618630469,121535924921082
2,11639,0.0,1789618630469,121535924921082
3,11639,0.0,1789618630469,121535924921082
4,11639,0.0,1789618630469,121535924921082
5,11639,0.0,1789618630469,121535924921082
6,11639,0.0,1789618630469,121535924921082
7,11639,0.0,1789618630469,121535924921082
0,11739,0.0,1789618630569,121535927327748
1,11739,0.0,1789618630569,121535927327748
2,11739,0.0,1789618630569,121535927327748
3,11739,0.0,1789618630569,121535927327748
4,11739,0.0,1789618630569,121535927327748
5,11739,0.0,1789618630569,121535927327748
6,11739,0.0,1789618630569,121535927327748
7,11739,0.0,1789618630569,121535927327748
0,11840,0.0,1789618630670,121535929734505
1,11840,0.0,1789618630670,121535929734505
2,11840,0.0,1789618630670,121535929734505
3,11840,0.0,1789618630670,121535929734505
4,11840,0.0,1789618630670,121535929734505
5,11840,0.0,1789618630670,121535929734505
6,11840,0.0,1789618630670,121535929734505
7,11840,0.0,1789618630670,121535929734505
0,11940,0.0,1789618630770,121535932141240
1,11940,0.0,1789618630770,121535932141240
2,11940,0.0,1789618630770,121535932141240
3,11940,0.0,1789618630770,121535932141240
4,11940,0.0,1789618630770,121535932141240
5,11940,0.0,1789618630770,121535932141240
6,11940,0.0,1789618630770,121535932141240
7,11940,0.0,1789618630770,121535932141240
0,12040,0.0,1789618630870,121535934548300
1,12040,0.0,1789618630870,121535934548300
2,12040,0.0,1789618630870,121535934548300
3,12040,0.0,1789618630870,121535934548300
4,12040,0.0,1789618630870,121535934548300
5,12040,0.0,1789618630870,121535934548300
6,12040,0.0,1789618630870,121535934548300
7,12040,0.0,1789618630870,121535934548300
0,12141,0.0,1789618630971,121535936955332
1,12141,0.0,1789618630971,121535936955332
2,12141,0.0,1789618630971,121535936955332
3,12141,0.0,1789618630971,121535936955332
4,12141,0.0,1789618630971,121535936955332
5,12141,0.0,1789618630971,121535936955332
6,12141,0.0,1789618630971,121535936955332
7,12141,0.0,1789618630971,121535936955332
0,12241,0.0,1789618631071,121535939362613
1,12241,0.0,1789618631071,121535939362613
2,12241,0.0,1789618631071,121535939362613
3,12241,0.0,1789618631071,121535939362613
4,12241,0.0,1789618631071,121535939362613
5,12241,0.0,1789618631071,121535939362613
6,12241,0.0,1789618631071,121535939362613
7,12241,0.0,1789618631071,121535939362613
0,12341,0.0,1789618631171,121535941769924
1,12341,0.0,1789618631171,121535941769924
2,12341,0.0,1789618631171,121535941769924
3,12341,0.0,1789618631171,121535941769924
4,12341,0.0,1789618631171,121535941769924
5,12341,0.0,1789618631171,121535941769924
6,12341,0.0,1789618631171,121535941769924
7,12341,10.0,1789618631171,121535941769924
0,12442,0.0,1789618631272,121535944177072
1,12442,0.0,1789618631272,121535944177072
2,12442,0.0,1789618631272,121535944177072
3,12442,0.0,1789618631272,121535944177072
4,12442,0.0,1789618631272,121535944177072
5,12442,0.0,1789618631272,121535944177072
6,12442,0.0,1789618631272,121535944177072
7,12442,0.0,1789618631272,121535944177072
0,12542,0.0,1789618631372,121535946583627
1,12542,0.0,1789618631372,121535946583627
2,12542,0.0,1789618631372,121535946583627
3,12542,0.0,1789618631372,121535946583627
4,12542,0.0,1789618631372,121535946583627
5,12542,0.0,1789618631372,121535946583627
6,12542,0.0,1789618631372,121535946583627
7,12542,0.0,1789618631372,121535946583627
0,12642,0.0,1789618631472,121535948991209
1,12642,0.0,1789618631472,121535948991209
2,12642,0.0,1789618631472,121535948991209
3,12642,0.0,1789618631472,121535948991209
4,12642,0.0,1789618631472,121535948991209
5,12642,0.0,1789618631472,121535948991209
6,12642,0.0,1789618631472,121535948991209
7,12642,0.0,1789618631472,121535948991209
0,12742,0.0,1789618631572,121535951398386
1,12742,0.0,1789618631572,121535951398386
2,12742,0.0,1789618631572,121535951398386
3,12742,0.0,1789618631572,121535951398386
4,12742,0.0,1789618631572,121535951398386
5,12742,0.0,1789618631572,121535951398386
6,12742,0.0,1789618631572,121535951398386
7,12742,0.0,1789618631572,121535951398386
0,12843,0.0,1789618631673,121535953805499
1,12843,0.0,1789618631673,121535953805499
2,12843,0.0,1789618631673,121535953805499
3,12843,0.0,1789618631673,121535953805499
4,12843,0.0,1789618631673,121535953805499
5,12843,0.0,1789618631673,121535953805499
6,12843,0.0,1789618631673,121535953805499
7,12843,9.1,1789618631673,121535953805499
0,12943,0.0,1789618631773,121535956212454
1,12943,0.0,1789618631773,121535956212454
2,12943,0.0,1789618631773,121535956212454
3,12943,0.0,1789618631773,121535956212454
4,12943,0.0,1789618631773,121535956212454
5,12943,0.0,1789618631773,121535956212454
6,12943,0.0,1789618631773,121535956212454
7,12943,0.0,1789618631773,121535956212454
0,13043,10.0,1789618631873,121535958621235
1,13043,0.0,1789618631873,121535958621235
2,13043,0.0,1789618631873,121535958621235
3,13043,0.0,1789618631873,121535958621235
4,13043,0.0,1789618631873,121535958621235
5,13043,0.0,1789618631873,121535958621235
6,13043,0.0,1789618631873,121535958621235
7,13043,0.0,1789618631873,121535958621235
0,13144,0.0,1789618631974,121535961029282
1,13144,0.0,1789618631974,121535961029282
2,13144,0.0,1789618631974,121535961029282
3,13144,0.0,1789618631974,121535961029282
4,13144,0.0,1789618631974,121535961029282
5,13144,0.0,1789618631974,121535961029282
6,13144,0.0,1789618631974,121535961029282
7,13144,0.0,1789618631974,121535961029282
0,13244,0.0,1789618632074,121535963439758
1,13244,0.0,1789618632074,121535963439758
2,13244,0.0,1789618632074,121535963439758
3,13244,0.0,1789618632074,121535963439758
4,13244,0.0,1789618632074,121535963439758
5,13244,10.0,1789618632074,121535963439758
6,13244,0.0,1789618632074,121535963439758
7,13244,0.0,1789618632074,121535963439758
0,13345,0.0,1789618632175,121535965848530
1,13345,0.0,1789618632175,121535965848530
2,13345,0.0,1789618632175,121535965848530
3,13345,0.0,1789618632175,121535965848530
4,13345,0.0,1789618632175,121535965848530
5,13345,0.0,1789618632175,121535965848530
6,13345,0.0,1789618632175,121535965848530
7,13345,9.1,1789618632175,121535965848530
0,13445,0.0,1789618632275,121535968255724
1,13445,0.0,1789618632275,121535968255724
2,13445,0.0,1789618632275,121535968255724
3,13445,0.0,1789618632275,121535968255724
4,13445,0.0,1789618632275,121535968255724
5,13445,0.0,1789618632275,121535968255724
6,13445,0.0,1789618632275,121535968255724
7,13445,0.0,1789618632275,121535968255724
0,13545,0.0,1789618632375,121535970664117
1,13545,0.0,1789618632375,121535970664117
2,13545,9.1,1789618632375,121535970664117
3,13545,0.0,1789618632375,121535970664117
4,13545,0.0,1789618632375,121535970664117
5,13545,0.0,1789618632375,121535970664117
6,13545,0.0,1789618632375,121535970664117
7,13545,0.0,1789618632375,121535970664117
0,13645,0.0,1789618632475,121535973071165
1,13645,0.0,1789618632475,121535973071165
2,13645,0.0,1789618632475,121535973071165
3,13645,0.0,1789618632475,121535973071165
4,13645,0.0,1789618632475,121535973071165
5,13645,0.0,1789618632475,121535973071165
6,13645,0.0,1789618632475,121535973071165
7,13645,0.0,1789618632475,121535973071165
0,13746,0.0,1789618632576,121535975477950
1,13746,0.0,1789618632576,121535975477950
2,13746,0.0,1789618632576,121535975477950
3,13746,0.0,1789618632576,121535975477950
4,13746,0.0,1789618632576,121535975477950
5,13746,0.0,1789618632576,121535975477950
6,13746,0.0,1789618632576,121535975477950
7,13746,0.0,1789618632576,121535975477950
0,13846,0.0,1789618632676,121535977885775
1,13846,0.0,1789618632676,121535977885775
2,13846,0.0,1789618632676,121535977885775
3,13846,0.0,1789618632676,121535977885775
4,13846,0.0,1789618632676,121535977885775
5,13846,0.0,1789618632676,121535977885775
6,13846,0.0,1789618632676,121535977885775
7,13846,0.0,1789618632676,121535977885775
0,13946,0.0,1789618632776,121535980292752
1,13946,0.0,1789618632776,121535980292752
2,13946,0.0,1789618632776,121535980292752
3,13946,0.0,1789618632776,121535980292752
4,13946,0.0,1789618632776,121535980292752
5,13946,0.0,1789618632776,121535980292752
6,13946,0.0,1789618632776,121535980292752
7,13946,0.0,1789618632776,121535980292752
0,14047,0.0,1789618632877,121535982700049
1,14047,0.0,1789618632877,121535982700049
2,14047,0.0,1789618632877,121535982700049
3,14047,0.0,1789618632877,121535982700049
4,14047,0.0,1789618632877,121535982700049
5,14047,0.0,1789618632877,121535982700049
6,14047,0.0,1789618632877,121535982700049
7,14047,0.0,1789618632877,121535982700049
0,14147,0.0,1789618632977,121535985106986
1,14147,0.0,1789618632977,121535985106986
2,14147,0.0,1789618632977,121535985106986
3,14147,0.0,1789618632977,121535985106986
4,14147,0.0,1789618632977,121535985106986
5,14147,0.0,1789618632977,121535985106986
6,14147,0.0,1789618632977,121535985106986
7,14147,0.0,1789618632977,121535985106986
0,14247,0.0,1789618633077,121535987513797
1,14247,0.0,1789618633077,121535987513797
2,14247,0.0,1789618633077,121535987513797
3,14247,0.0,1789618633077,121535987513797
4,14247,0.0,1789618633077,121535987513797
5,14247,0.0,1789618633077,121535987513797
6,14247,0.0,1789618633077,121535987513797
7,14247,0.0,1789618633077,121535987513797
0,14348,0.0,1789618633178,121535989920461
1,14348,0.0,1789618633178,121535989920461
2,14348,0.0,1789618633178,121535989920461
3,14348,0.0,1789618633178,121535989920461
4,14348,0.0,1789618633178,121535989920461
5,14348,0.0,1789618633178,121535989920461
6,14348,0.0,1789618633178,121535989920461
7,14348,9.1,1789618633178,121535989920461
0,14448,0.0,1789618633278,121535992328684
1,14448,0.0,1789618633278,121535992328684
2,14448,0.0,1789618633278,121535992328684
3,14448,0.0,1789618633278,121535992328684
4,14448,0.0,1789618633278,121535992328684
5,14448,0.0,1789618633278,121535992328684
6,14448,0.0,1789618633278,121535992328684
7,14448,0.0,1789618633278,121535992328684
0,14548,0.0,1789618633378,121535994736165
1,14548,0.0,1789618633378,121535994736165
2,14548,0.0,1789618633378,121535994736165
3,14548,0.0,1789618633378,121535994736165
4,14548,0.0,1789618633378,121535994736165
5,14548,0.0,1789618633378,121535994736165
6,14548,0.0,1789618633378,121535994736165
7,14548,0.0,1789618633378,121535994736165
0,14648,0.0,1789618633478,121535997142873
1,14648,0.0,1789618633478,121535997142873
2,14648,0.0,1789618633478,121535997142873
3,14648,0.0,1789618633478,121535997142873
4,14648,0.0,1789618633478,121535997142873
5,14648,0.0,1789618633478,121535997142873
6,14648,0.0,1789618633478,121535997142873
7,14648,0.0,1789618633478,121535997142873
0,14749,0.0,1789618633579,121535999549261
1,14749,0.0,1789618633579,121535999549261
2,14749,0.0,1789618633579,121535999549261
3,14749,0.0,1789618633579,121535999549261
4,14749,0.0,1789618633579,121535999549261
5,14749,0.0,1789618633579,121535999549261
6,14749,0.0,1789618633579,121535999549261
7,14749,0.0,1789618633579,121535999549261
0,14849,0.0,1789618633679,121536001958752
1,14849,0.0,1789618633679,121536001958752
2,14849,0.0,1789618633679,121536001958752
3,14849,0.0,1789618633679,121536001958752
4,14849,0.0,1789618633679,121536001958752
5,14849,0.0,1789618633679,121536001958752
6,14849,0.0,1789618633679,121536001958752
7,14849,0.0,1789618633679,121536001958752
0,14949,0.0,1789618633779,121536004366905
1,14949,0.0,1789618633779,121536004366905
2,14949,0.0,1789618633779,121536004366905
3,14949,0.0,1789618633779,121536004366905
4,14949,0.0,1789618633779,121536004366905
5,14949,0.0,1789618633779,121536004366905
6,14949,0.0,1789618633779,121536004366905
7,14949,0.0,1789618633779,121536004366905
0,15050,0.0,1789618633880,121536006776978
1,15050,0.0,1789618633880,121536006776978
2,15050,0.0,1789618633880,121536006776978
3,15050,0.0,1789618633880,121536006776978
4,15050,0.0,1789618633880,121536006776978
5,15050,0.0,1789618633880,121536006776978
6,15050,0.0,1789618633880,121536006776978
7,15050,0.0,1789618633880,121536006776978
0,15150,0.0,1789618633980,121536009186491
1,15150,0.0,1789618633980,121536009186491
2,15150,0.0,1789618633980,121536009186491
3,15150,0.0,1789618633980,121536009186491
4,15150,0.0,1789618633980,121536009186491
5,15150,0.0,1789618633980,121536009186491
6,15150,0.0,1789618633980,121536009186491
7,15150,0.0,1789618633980,121536009186491
0,15251,0.0,1789618634081,121536011594267
1,15251,0.0,1789618634081,121536011594267
2,15251,0.0,1789618634081,121536011594267
3,15251,0.0,1789618634081,121536011594267
4,15251,0.0,1789618634081,121536011594267
5,15251,0.0,1789618634081,121536011594267
6,15251,0.0,1789618634081,121536011594267
7,15251,0.0,1789618634081,121536011594267
0,15351,0.0,1789618634181,121536014001369
1,15351,0.0,1789618634181,121536014001369
2,15351,0.0,1789618634181,121536014001369
3,15351,0.0,1789618634181,121536014001369
4,15351,0.0,1789618634181,121536014001369
5,15351,0.0,1789618634181,121536014001369
6,15351,0.0,1789618634181,121536014001369
7,15351,0.0,1789618634181,121536014001369
0,15451,0.0,1789618634281,121536016408286
1,15451,0.0,1789618634281,121536016408286
2,15451,0.0,1789618634281,121536016408286
3,15451,0.0,1789618634281,121536016408286
4,15451,0.0,1789618634281,121536016408286
5,15451,0.0,1789618634281,121536016408286
6,15451,0.0,1789618634281,121536016408286
7,15451,9.1,1789618634281,121536016408286
0,15551,0.0,1789618634381,121536018815131
1,15551,0.0,1789618634381,121536018815131
2,15551,0.0,1789618634381,121536018815131
3,15551,0.0,1789618634381,121536018815131
4,15551,0.0,1789618634381,121536018815131
5,15551,0.0,1789618634381,121536018815131
6,15551,0.0,1789618634381,121536018815131
7,15551,0.0,1789618634381,121536018815131
0,15652,0.0,1789618634482,121536021224862
1,15652,0.0,1789618634482,121536021224862
2,15652,0.0,1789618634482,121536021224862
3,15652,0.0,1789618634482,121536021224862
4,15652,0.0,1789618634482,121536021224862
5,15652,0.0,1789618634482,121536021224862
6,15652,0.0,1789618634482,121536021224862
7,15652,0.0,1789618634482,121536021224862
0,15752,0.0,1789618634582,121536023633188
1,15752,0.0,1789618634582,121536023633188
2,15752,0.0,1789618634582,121536023633188
3,15752,0.0,1789618634582,121536023633188
4,15752,0.0,1789618634582,121536023633188
5,15752,0.0,1789618634582,121536023633188
6,15752,0.0,1789618634582,121536023633188
7,15752,0.0,1789618634582,121536023633188
0,15853,0.0,1789618634683,121536026040403
1,15853,0.0,1789618634683,121536026040403
2,15853,0.0,1789618634683,121536026040403
3,15853,0.0,1789618634683,121536026040403
4,15853,0.0,1789618634683,121536026040403
5,15853,0.0,1789618634683,121536026040403
6,15853,0.0,1789618634683,121536026040403
7,15853,0.0,1789618634683,121536026040403
0,15953,0.0,1789618634783,121536028447735
1,15953,0.0,1789618634783,121536028447735
2,15953,0.0,1789618634783,121536028447735
3,15953,0.0,1789618634783,121536028447735
4,15953,0.0,1789618634783,121536028447735
5,15953,0.0,1789618634783,121536028447735
6,15953,0.0,1789618634783,121536028447735
7,15953,0.0,1789618634783,121536028447735
0,16053,0.0,1789618634883,121536030856073
1,16053,0.0,1789618634883,121536030856073
2,16053,0.0,1789618634883,121536030856073
3,16053,0.0,1789618634883,121536030856073
4,16053,0.0,1789618634883,121536030856073
5,16053,0.0,1789618634883,121536030856073
6,16053,0.0,1789618634883,121536030856073
7,16053,0.0,1789618634883,121536030856073
0,16153,0.0,1789618634983,121536033263237
1,16153,0.0,1789618634983,121536033263237
2,16153,0.0,1789618634983,121536033263237
3,16153,0.0,1789618634983,121536033263237
4,16153,0.0,1789618634983,121536033263237
5,16153,0.0,1789618634983,121536033263237
6,16153,0.0,1789618634983,121536033263237
7,16153,0.0,1789618634983,121536033263237
0,16254,0.0,1789618635084,121536035674782
1,16254,0.0,1789618635084,121536035674782
2,16254,0.0,1789618635084,121536035674782
3,16254,0.0,1789618635084,121536035674782
4,16254,9.1,1789618635084,121536035674782
5,16254,0.0,1789618635084,121536035674782
6,16254,0.0,1789618635084,121536035674782
7,16254,0.0,1789618635084,121536035674782
0,16354,0.0,1789618635184,121536038083464
1,16354,0.0,1789618635184,121536038083464
2,16354,0.0,1789618635184,121536038083464
3,16354,0.0,1789618635184,121536038083464
4,16354,0.0,1789618635184,121536038083464
5,16354,0.0,1789618635184,121536038083464
6,16354,0.0,1789618635184,121536038083464
7,16354,0.0,1789618635184,121536038083464
0,16455,0.0,1789618635285,121536040492082
1,16455,0.0,1789618635285,121536040492082
2,16455,0.0,1789618635285,121536040492082
3,16455,0.0,1789618635285,121536040492082
4,16455,0.0,1789618635285,121536040492082
5,16455,0.0,1789618635285,121536040492082
6,16455,0.0,1789618635285,121536040492082
7,16455,9.1,1789618635285,121536040492082
0,16555,0.0,1789618635385,121536042899944
1,16555,0.0,1789618635385,121536042899944
2,16555,0.0,1789618635385,121536042899944
3,16555,0.0,1789618635385,121536042899944
4,16555,0.0,1789618635385,121536042899944
5,16555,0.0,1789618635385,121536042899944
6,16555,0.0,1789618635385,121536042899944
7,16555,0.0,1789618635385,121536042899944
0,16655,0.0,1789618635485,121536045306806
1,16655,0.0,1789618635485,121536045306806
2,16655,0.0,1789618635485,121536045306806
3,16655,0.0,1789618635485,121536045306806
4,16655,0.0,1789618635485,121536045306806
5,16655,0.0,1789618635485,121536045306806
6,16655,0.0,1789618635485,121536045306806
7,16655,0.0,1789618635485,121536045306806
0,16756,0.0,1789618635586,121536047713652
1,16756,0.0,1789618635586,121536047713652
2,16756,0.0,1789618635586,121536047713652
3,16756,0.0,1789618635586,121536047713652
4,16756,0.0,1789618635586,121536047713652
5,16756,0.0,1789618635586,121536047713652
6,16756,0.0,1789618635586,121536047713652
7,16756,0.0,1789618635586,121536047713652
0,16856,0.0,1789618635686,121536050120497
1,16856,0.0,1789618635686,121536050120497
2,16856,0.0,1789618635686,121536050120497
3,16856,0.0,1789618635686,121536050120497
4,16856,0.0,1789618635686,121536050120497
5,16856,0.0,1789618635686,121536050120497
6,16856,0.0,1789618635686,121536050120497
7,16856,0.0,1789618635686,121536050120497
0,16956,0.0,1789618635786,121536052527420
1,16956,0.0,1789618635786,121536052527420
2,16956,0.0,1789618635786,121536052527420
3,16956,0.0,1789618635786,121536052527420
4,16956,0.0,1789618635786,121536052527420
5,16956,0.0,1789618635786,121536052527420
6,16956,0.0,1789618635786,121536052527420
7,16956,0.0,1789618635786,121536052527420
0,17056,0.0,1789618635886,121536054934676
1,17056,0.0,1789618635886,121536054934676
2,17056,0.0,1789618635886,121536054934676
3,17056,0.0,1789618635886,121536054934676
4,17056,0.0,1789618635886,121536054934676
5,17056,0.0,1789618635886,121536054934676
6,17056,0.0,1789618635886,121536054934676
7,17056,0.0,1789618635886,121536054934676
0,17157,9.1,1789618635987,121536057345394
1,17157,0.0,1789618635987,121536057345394
2,17157,0.0,1789618635987,121536057345394
3,17157,0.0,1789618635987,121536057345394
4,17157,0.0,1789618635987,121536057345394
5,17157,0.0,1789618635987,121536057345394
6,17157,0.0,1789618635987,121536057345394
7,17157,0.0,1789618635987,121536057345394
0,17257,0.0,1789618636087,121536059754074
1,17257,0.0,1789618636087,121536059754074
2,17257,9.1,1789618636087,121536059754074
3,17257,0.0,1789618636087,121536059754074
4,17257,0.0,1789618636087,121536059754074
5,17257,0.0,1789618636087,121536059754074
6,17257,0.0,1789618636087,121536059754074
7,17257,0.0,1789618636087,121536059754074
0,17358,0.0,1789618636188,121536062164696
1,17358,0.0,1789618636188,121536062164696
2,17358,0.0,1789618636188,121536062164696
3,17358,11.1,1789618636188,121536062164696
4,17358,22.2,1789618636188,121536062164696
5,17358,10.0,1789618636188,121536062164696
6,17358,0.0,1789618636188,121536062164696
7,17358,0.0,1789618636188,121536062164696
0,17458,0.0,1789618636288,121536064575842
1,17458,0.0,1789618636288,121536064575842
2,17458,0.0,1789618636288,121536064575842
3,17458,0.0,1789618636288,121536064575842
4,17458,18.2,1789618636288,121536064575842
5,17458,33.3,1789618636288,121536064575842
6,17458,0.0,1789618636288,121536064575842
7,17458,10.0,1789618636288,121536064575842
0,17559,0.0,1789618636389,121536066990262
1,17559,0.0,1789618636389,121536066990262
2,17559,9.1,1789618636389,121536066990262
3,17559,0.0,1789618636389,121536066990262
4,17559,40.0,1789618636389,121536066990262
5,17559,10.0,1789618636389,121536066990262
6,17559,0.0,1789618636389,121536066990262
7,17559,20.0,1789618636389,121536066990262
0,17659,10.0,1789618636489,121536069402732
1,17659,0.0,1789618636489,121536069402732
2,17659,0.0,1789618636489,121536069402732
3,17659,0.0,1789618636489,121536069402732
4,17659,10.0,1789618636489,121536069402732
5,17659,10.0,1789618636489,121536069402732
6,17659,20.0,1789618636489,121536069402732
7,17659,0.0,1789618636489,121536069402732
0,17760,0.0,1789618636590,121536071815180
1,17760,9.1,1789618636590,121536071815180
2,17760,0.0,1789618636590,121536071815180
3,17760,10.0,1789618636590,121536071815180
4,17760,0.0,1789618636590,121536071815180
5,17760,10.0,1789618636590,121536071815180
6,17760,36.4,1789618636590,121536071815180
7,17760,10.0,1789618636590,121536071815180
0,17860,45.5,1789618636690,121536074226890
1,17860,0.0,1789618636690,121536074226890
2,17860,10.0,1789618636690,121536074226890
3,17860,0.0,1789618636690,121536074226890
4,17860,0.0,1789618636690,121536074226890
5,17860,0.0,1789618636690,121536074226890
6,17860,10.0,1789618636690,121536074226890
7,17860,0.0,1789618636690,121536074226890
0,17961,10.0,1789618636791,121536076639284
1,17961,10.0,1789618636791,121536076639284
2,17961,0.0,1789618636791,121536076639284
3,17961,10.0,1789618636791,121536076639284
4,17961,18.2,1789618636791,121536076639284
5,17961,9.1,1789618636791,121536076639284
6,17961,30.0,1789618636791,121536076639284
7,17961,11.1,1789618636791,121536076639284
0,18062,18.2,1789618636892,121536079056497
1,18062,0.0,1789618636892,121536079056497
2,18062,0.0,1789618636892,121536079056497
3,18062,18.2,1789618636892,121536079056497
4,18062,0.0,1789618636892,121536079056497
5,18062,0.0,1789618636892,121536079056497
6,18062,0.0,1789618636892,121536079056497
7,18062,0.0,1789618636892,121536079056497
0,18162,14.3,1789618636992,121536081470676
1,18162,0.0,1789618636992,121536081470676
2,18162,0.0,1789618636992,121536081470676
3,18162,33.3,1789618636992,121536081470676
4,18162,40.0,1789618636992,121536081470676
5,18162,0.0,1789618636992,121536081470676
6,18162,0.0,1789618636992,121536081470676
7,18162,28.6,1789618636992,121536081470676
0,18263,25.0,1789618637093,121536083883545
1,18263,0.0,1789618637093,121536083883545
2,18263,0.0,1789618637093,121536083883545
3,18263,18.2,1789618637093,121536083883545
4,18263,40.0,1789618637093,121536083883545
5,18263,0.0,1789618637093,121536083883545
6,18263,0.0,1789618637093,121536083883545
7,18263,25.0,1789618637093,121536083883545
0,18363,50.0,1789618637193,121536086296360
1,18363,0.0,1789618637193,121536086296360
2,18363,0.0,1789618637193,121536086296360
3,18363,0.0,1789618637193,121536086296360
4,18363,40.0,1789618637193,121536086296360
5,18363,9.1,1789618637193,121536086296360
6,18363,0.0,1789618637193,121536086296360
7,18363,50.0,1789618637193,121536086296360
0,18464,44.4,1789618637294,121536088708854
1,18464,9.1,1789618637294,121536088708854
2,18464,0.0,1789618637294,121536088708854
3,18464,10.0,1789618637294,121536088708854
4,18464,33.3,1789618637294,121536088708854
5,18464,0.0,1789618637294,121536088708854
6,18464,0.0,1789618637294,121536088708854
7,18464,33.3,1789618637294,121536088708854
0,18564,22.2,1789618637394,121536091120811
1,18564,10.0,1789618637394,121536091120811
2,18564,0.0,1789618637394,121536091120811
3,18564,0.0,1789618637394,121536091120811
4,18564,20.0,1789618637394,121536091120811
5,18564,0.0,1789618637394,121536091120811
6,18564,0.0,1789618637394,121536091120811
7,18564,30.0,1789618637394,121536091120811
0,18665,25.0,1789618637495,121536093532759
1,18665,0.0,1789618637495,121536093532759
2,18665,0.0,1789618637495,121536093532759
3,18665,10.0,1789618637495,121536093532759
4,18665,22.2,1789618637495,121536093532759
5,18665,0.0,1789618637495,121536093532759
6,18665,0.0,1789618637495,121536093532759
7,18665,22.2,1789618637495,121536093532759
0,18765,28.6,1789618637595,121536095948097
1,18765,9.1,1789618637595,121536095948097
2,18765,0.0,1789618637595,121536095948097
3,18765,9.1,1789618637595,121536095948097
4,18765,30.0,1789618637595,121536095948097
5,18765,0.0,1789618637595,121536095948097
6,18765,0.0,1789618637595,121536095948097
7,18765,33.3,1789618637595,121536095948097
0,18866,50.0,1789618637696,121536098361628
1,18866,0.0,1789618637696,121536098361628
2,18866,18.2,1789618637696,121536098361628
3,18866,0.0,1789618637696,121536098361628
4,18866,40.0,1789618637696,121536098361628
5,18866,0.0,1789618637696,121536098361628
6,18866,0.0,1789618637696,121536098361628
7,18866,28.6,1789618637696,121536098361628
0,18967,37.5,1789618637797,121536100775390
1,18967,0.0,1789618637797,121536100775390
2,18967,0.0,1789618637797,121536100775390
3,18967,0.0,1789618637797,121536100775390
4,18967,30.0,1789618637797,121536100775390
5,18967,0.0,1789618637797,121536100775390
6,18967,0.0,1789618637797,121536100775390
7,18967,25.0,1789618637797,121536100775390
0,19067,44.4,1789618637897,121536103188550
1,19067,0.0,1789618637897,121536103188550
2,19067,10.0,1789618637897,121536103188550
3,19067,0.0,1789618637897,121536103188550
4,19067,22.2,1789618637897,121536103188550
5,19067,0.0,1789618637897,121536103188550
6,19067,0.0,1789618637897,121536103188550
7,19067,37.5,1789618637897,121536103188550
0,19168,50.0,1789618637998,121536105609714
1,19168,10.0,1789618637998,121536105609714
2,19168,0.0,1789618637998,121536105609714
3,19168,0.0,1789618637998,121536105609714
4,19168,12.5,1789618637998,121536105609714
5,19168,0.0,1789618637998,121536105609714
6,19168,10.0,1789618637998,121536105609714
7,19168,33.3,1789618637998,121536105609714
0,19269,0.0,1789618638099,121536108024499
1,19269,0.0,1789618638099,121536108024499
2,19269,40.0,1789618638099,121536108024499
3,19269,10.0,1789618638099,121536108024499
4,19269,33.3,1789618638099,121536108024499
5,19269,0.0,1789618638099,121536108024499
6,19269,0.0,1789618638099,121536108024499
7,19269,37.5,1789618638099,121536108024499
0,19369,11.1,1789618638199,121536110442730
1,19369,0.0,1789618638199,121536110442730
2,19369,30.0,1789618638199,121536110442730
3,19369,0.0,1789618638199,121536110442730
4,19369,40.0,1789618638199,121536110442730
5,19369,0.0,1789618638199,121536110442730
6,19369,10.0,1789618638199,121536110442730
7,19369,37.5,1789618638199,121536110442730
0,19470,0.0,1789618638300,121536112856426
1,19470,10.0,1789618638300,121536112856426
2,19470,30.0,1789618638300,121536112856426
3,19470,20.0,1789618638300,121536112856426
4,19470,22.2,1789618638300,121536112856426
5,19470,10.0,1789618638300,121536112856426
6,19470,20.0,1789618638300,121536112856426
7,19470,30.0,1789618638300,121536112856426
0,19570,0.0,1789618638400,121536115268690
1,19570,0.0,1789618638400,121536115268690
2,19570,30.0,1789618638400,121536115268690
3,19570,0.0,1789618638400,121536115268690
4,19570,0.0,1789618638400,121536115268690
5,19570,0.0,1789618638400,121536115268690
6,19570,11.1,1789618638400,121536115268690
7,19570,0.0,1789618638400,121536115268690
0,19671,0.0,1789618638501,121536117680950
1,19671,0.0,1789618638501,121536117680950
2,19671,11.1,1789618638501,121536117680950
3,19671,0.0,1789618638501,121536117680950
4,19671,0.0,1789618638501,121536117680950
5,19671,0.0,1789618638501,121536117680950
6,19671,45.5,1789618638501,121536117680950
7,19671,9.1,1789618638501,121536117680950
0,19771,9.1,1789618638601,121536120094419
1,19771,20.0,1789618638601,121536120094419
2,19771,9.1,1789618638601,121536120094419
3,19771,10.0,1789618638601,121536120094419
4,19771,10.0,1789618638601,121536120094419
5,19771,0.0,1789618638601,121536120094419
6,19771,10.0,1789618638601,121536120094419
7,19771,10.0,1789618638601,121536120094419
0,19872,22.2,1789618638702,121536122508970
1,19872,0.0,1789618638702,121536122508970
2,19872,20.0,1789618638702,121536122508970
3,19872,0.0,1789618638702,121536122508970
4,19872,36.4,1789618638702,121536122508970
5,19872,36.4,1789618638702,121536122508970
6,19872,30.0,1789618638702,121536122508970
7,19872,22.2,1789618638702,121536122508970
0,19973,41.7,1789618638803,121536124925693
1,19973,30.0,1789618638803,121536124925693
2,19973,22.2,1789618638803,121536124925693
3,19973,22.2,1789618638803,121536124925693
4,19973,80.0,1789618638803,121536124925693
5,19973,66.7,1789618638803,121536124925693
6,19973,55.6,1789618638803,121536124925693
7,19973,55.6,1789618638803,121536124925693
0,20073,50.0,1789618638903,121536127341485
1,20073,36.4,1789618638903,121536127341485
2,20073,30.0,1789618638903,121536127341485
3,20073,33.3,1789618638903,121536127341485
4,20073,70.0,1789618638903,121536127341485
5,20073,81.8,1789618638903,121536127341485
6,20073,55.6,1789618638903,121536127341485
7,20073,50.0,1789618638903,121536127341485
0,20174,55.6,1789618639004,121536129763633
1,20174,33.3,1789618639004,121536129763633
2,20174,40.0,1789618639004,121536129763633
3,20174,33.3,1789618639004,121536129763633
4,20174,80.0,1789618639004,121536129763633
5,20174,60.0,1789618639004,121536129763633
6,20174,54.5,1789618639004,121536129763633
7,20174,54.5,1789618639004,121536129763633
0,20275,60.0,1789618639105,121536132177869
1,20275,45.5,1789618639105,121536132177869
2,20275,36.4,1789618639105,121536132177869
3,20275,40.0,1789618639105,121536132177869
4,20275,72.7,1789618639105,121536132177869
5,20275,63.6,1789618639105,121536132177869
6,20275,54.5,1789618639105,121536132177869
7,20275,58.3,1789618639105,121536132177869
0,20376,63.6,1789618639206,121536134591250
1,20376,60.0,1789618639206,121536134591250
2,20376,54.5,1789618639206,121536134591250
3,20376,54.5,1789618639206,121536134591250
4,20376,66.7,1789618639206,121536134591250
5,20376,50.0,1789618639206,121536134591250
6,20376,50.0,1789618639206,121536134591250
7,20376,50.0,1789618639206,121536134591250
0,20477,66.7,1789618639307,121536137016278
1,20477,54.5,1789618639307,121536137016278
2,20477,50.0,1789618639307,121536137016278
3,20477,45.5,1789618639307,121536137016278
4,20477,70.0,1789618639307,121536137016278
5,20477,50.0,1789618639307,121536137016278
6,20477,50.0,1789618639307,121536137016278
7,20477,54.5,1789618639307,121536137016278
0,20577,70.0,1789618639407,121536139430884
1,20577,50.0,1789618639407,121536139430884
2,20577,55.6,1789618639407,121536139430884
3,20577,50.0,1789618639407,121536139430884
4,20577,63.6,1789618639407,121536139430884
5,20577,54.5,1789618639407,121536139430884
6,20577,50.0,1789618639407,121536139430884
7,20577,50.0,1789618639407,121536139430884
0,20678,72.7,1789618639508,121536141844487
1,20678,66.7,1789618639508,121536141844487
2,20678,54.5,1789618639508,121536141844487
3,20678,58.3,1789618639508,121536141844487
4,20678,60.0,1789618639508,121536141844487
5,20678,50.0,1789618639508,121536141844487
6,20678,37.5,1789618639508,121536141844487
7,20678,33.3,1789618639508,121536141844487
0,20778,70.0,1789618639608,121536144258018
1,20778,60.0,1789618639608,121536144258018
2,20778,50.0,1789618639608,121536144258018
3,20778,50.0,1789618639608,121536144258018
4,20778,44.4,1789618639608,121536144258018
5,20778,60.0,1789618639608,121536144258018
6,20778,30.0,1789618639608,121536144258018
7,20778,33.3,1789618639608,121536144258018
0,20879,80.0,1789618639709,121536146671260
1,20879,50.0,1789618639709,121536146671260
2,20879,45.5,1789618639709,121536146671260
3,20879,40.0,1789618639709,121536146671260
4,20879,37.5,1789618639709,121536146671260
5,20879,25.0,1789618639709,121536146671260
6,20879,33.3,1789618639709,121536146671260
7,20879,22.2,1789618639709,121536146671260
0,20979,10.0,1789618639809,121536149084437
1,20979,10.0,1789618639809,121536149084437
2,20979,30.0,1789618639809,121536149084437
3,20979,20.0,1789618639809,121536149084437
4,20979,0.0,1789618639809,121536149084437
5,20979,9.1,1789618639809,121536149084437
6,20979,18.2,1789618639809,121536149084437
7,20979,0.0,1789618639809,121536149084437
0,21080,0.0,1789618639910,121536151496375
1,21080,0.0,1789618639910,121536151496375
2,21080,20.0,1789618639910,121536151496375
3,21080,0.0,1789618639910,121536151496375
4,21080,0.0,1789618639910,121536151496375
5,21080,0.0,1789618639910,121536151496375
6,21080,45.5,1789618639910,121536151496375
7,21080,0.0,1789618639910,121536151496375
0,21180,0.0,1789618640010,121536153909975
1,21180,10.0,1789618640010,121536153909975
2,21180,30.0,1789618640010,121536153909975
3,21180,0.0,1789618640010,121536153909975
4,21180,0.0,1789618640010,121536153909975
5,21180,20.0,1789618640010,121536153909975
6,21180,0.0,1789618640010,121536153909975
7,21180,0.0,1789618640010,121536153909975
0,21281,0.0,1789618640111,121536156325842
1,21281,0.0,1789618640111,121536156325842
2,21281,9.1,1789618640111,121536156325842
3,21281,11.1,1789618640111,121536156325842
4,21281,0.0,1789618640111,121536156325842
5,21281,10.0,1789618640111,121536156325842
6,21281,20.0,1789618640111,121536156325842
7,21281,16.7,1789618640111,121536156325842
0,21382,33.3,1789618640212,121536158738947
1,21382,10.0,1789618640212,121536158738947
2,21382,11.1,1789618640212,121536158738947
3,21382,10.0,1789618640212,121536158738947
4,21382,9.1,1789618640212,121536158738947
5,21382,0.0,1789618640212,121536158738947
6,21382,9.1,1789618640212,121536158738947
7,21382,20.0,1789618640212,121536158738947
0,21482,10.0,1789618640312,121536161151355
1,21482,0.0,1789618640312,121536161151355
2,21482,0.0,1789618640312,121536161151355
3,21482,0.0,1789618640312,121536161151355
4,21482,0.0,1789618640312,121536161151355
5,21482,0.0,1789618640312,121536161151355
6,21482,44.4,1789618640312,121536161151355
7,21482,0.0,1789618640312,121536161151355
0,21583,10.0,1789618640413,121536163563276
1,21583,0.0,1789618640413,121536163563276
2,21583,0.0,1789618640413,121536163563276
3,21583,20.0,1789618640413,121536163563276
4,21583,10.0,1789618640413,121536163563276
5,21583,10.0,1789618640413,121536163563276
6,21583,30.0,1789618640413,121536163563276
7,21583,10.0,1789618640413,121536163563276
0,21683,9.1,1789618640513,121536165977350
1,21683,9.1,1789618640513,121536165977350
2,21683,20.0,1789618640513,121536165977350
3,21683,0.0,1789618640513,121536165977350
4,21683,9.1,1789618640513,121536165977350
5,21683,0.0,1789618640513,121536165977350
6,21683,9.1,1789618640513,121536165977350
7,21683,0.0,1789618640513,121536165977350
0,21784,0.0,1789618640614,121536168390736
1,21784,0.0,1789618640614,121536168390736
2,21784,0.0,1789618640614,121536168390736
3,21784,0.0,1789618640614,121536168390736
4,21784,0.0,1789618640614,121536168390736
5,21784,9.1,1789618640614,121536168390736
6,21784,10.0,1789618640614,121536168390736
7,21784,9.1,1789618640614,121536168390736
0,21884,0.0,1789618640714,121536170801180
1,21884,0.0,1789618640714,121536170801180
2,21884,0.0,1789618640714,121536170801180
3,21884,0.0,1789618640714,121536170801180
4,21884,0.0,1789618640714,121536170801180
5,21884,0.0,1789618640714,121536170801180
6,21884,0.0,1789618640714,121536170801180
7,21884,0.0,1789618640714,121536170801180
0,21985,0.0,1789618640815,121536173210324
1,21985,0.0,1789618640815,121536173210324
2,21985,0.0,1789618640815,121536173210324
3,21985,0.0,1789618640815,121536173210324
4,21985,0.0,1789618640815,121536173210324
5,21985,0.0,1789618640815,121536173210324
6,21985,0.0,1789618640815,121536173210324
7,21985,0.0,1789618640815,121536173210324
0,22085,0.0,1789618640915,121536175620428
1,22085,0.0,1789618640915,121536175620428
2,22085,0.0,1789618640915,121536175620428
3,22085,0.0,1789618640915,121536175620428
4,22085,0.0,1789618640915,121536175620428
5,22085,0.0,1789618640915,121536175620428
6,22085,0.0,1789618640915,121536175620428
7,22085,0.0,1789618640915,121536175620428
0,22186,0.0,1789618641016,121536178031447
1,22186,0.0,1789618641016,121536178031447
2,22186,0.0,1789618641016,121536178031447
3,22186,0.0,1789618641016,121536178031447
4,22186,0.0,1789618641016,121536178031447
5,22186,0.0,1789618641016,121536178031447
6,22186,9.1,1789618641016,121536178031447
7,22186,0.0,1789618641016,121536178031447
0,22286,0.0,1789618641116,121536180443614
1,22286,0.0,1789618641116,121536180443614
2,22286,0.0,1789618641116,121536180443614
3,22286,0.0,1789618641116,121536180443614
4,22286,0.0,1789618641116,121536180443614
5,22286,0.0,1789618641116,121536180443614
6,22286,0.0,1789618641116,121536180443614
7,22286,0.0,1789618641116,121536180443614
0,22387,0.0,1789618641217,121536182854437
1,22387,0.0,1789618641217,121536182854437
2,22387,0.0,1789618641217,121536182854437
3,22387,0.0,1789618641217,121536182854437
4,22387,0.0,1789618641217,121536182854437
5,22387,0.0,1789618641217,121536182854437
6,22387,0.0,1789618641217,121536182854437
7,22387,0.0,1789618641217,121536182854437
0,22487,0.0,1789618641317,121536185264113
1,22487,0.0,1789618641317,121536185264113
2,22487,0.0,1789618641317,121536185264113
3,22487,0.0,1789618641317,121536185264113
4,22487,0.0,1789618641317,121536185264113
5,22487,0.0,1789618641317,121536185264113
6,22487,0.0,1789618641317,121536185264113
7,22487,0.0,1789618641317,121536185264113
0,22587,0.0,1789618641417,121536187673155
1,22587,0.0,1789618641417,121536187673155
2,22587,0.0,1789618641417,121536187673155
3,22587,0.0,1789618641417,121536187673155
4,22587,0.0,1789618641417,121536187673155
5,22587,0.0,1789618641417,121536187673155
6,22587,0.0,1789618641417,121536187673155
7,22587,0.0,1789618641417,121536187673155
0,22688,0.0,1789618641518,121536190081568
1,22688,0.0,1789618641518,121536190081568
2,22688,0.0,1789618641518,121536190081568
3,22688,0.0,1789618641518,121536190081568
4,22688,0.0,1789618641518,121536190081568
5,22688,0.0,1789618641518,121536190081568
6,22688,0.0,1789618641518,121536190081568
7,22688,0.0,1789618641518,121536190081568
0,22788,0.0,1789618641618,121536192492646
1,22788,0.0,1789618641618,121536192492646
2,22788,0.0,1789618641618,121536192492646
3,22788,0.0,1789618641618,121536192492646
4,22788,20.0,1789618641618,121536192492646
5,22788,0.0,1789618641618,121536192492646
6,22788,0.0,1789618641618,121536192492646
7,22788,0.0,1789618641618,121536192492646
0,22889,0.0,1789618641719,121536194902167
1,22889,0.0,1789618641719,121536194902167
2,22889,0.0,1789618641719,121536194902167
3,22889,0.0,1789618641719,121536194902167
4,22889,0.0,1789618641719,121536194902167
5,22889,0.0,1789618641719,121536194902167
6,22889,0.0,1789618641719,121536194902167
7,22889,0.0,1789618641719,121536194902167
0,22989,0.0,1789618641819,121536197313112
1,22989,0.0,1789618641819,121536197313112
2,22989,0.0,1789618641819,121536197313112
3,22989,0.0,1789618641819,121536197313112
4,22989,0.0,1789618641819,121536197313112
5,22989,0.0,1789618641819,121536197313112
6,22989,0.0,1789618641819,121536197313112
7,22989,0.0,1789618641819,121536197313112
0,23089,0.0,1789618641919,121536199722553
1,23089,0.0,1789618641919,121536199722553
2,23089,0.0,1789618641919,121536199722553
3,23089,0.0,1789618641919,121536199722553
4,23089,0.0,1789618641919,121536199722553
5,23089,9.1,1789618641919,121536199722553
6,23089,0.0,1789618641919,121536199722553
7,23089,0.0,1789618641919,121536199722553
0,23190,10.0,1789618642020,121536202131311
1,23190,0.0,1789618642020,121536202131311
2,23190,0.0,1789618642020,121536202131311
3,23190,0.0,1789618642020,121536202131311
4,23190,0.0,1789618642020,121536202131311
5,23190,0.0,1789618642020,121536202131311
6,23190,0.0,1789618642020,121536202131311
7,23190,0.0,1789618642020,121536202131311
0,23290,0.0,1789618642120,121536204539634
1,23290,0.0,1789618642120,121536204539634
2,23290,0.0,1789618642120,121536204539634
3,23290,0.0,1789618642120,121536204539634
4,23290,0.0,1789618642120,121536204539634
5,23290,0.0,1789618642120,121536204539634
6,23290,0.0,1789618642120,121536204539634
7,23290,9.1,1789618642120,121536204539634
0,23390,0.0,1789618642220,121536206947791
1,23390,0.0,1789618642220,121536206947791
2,23390,0.0,1789618642220,121536206947791
3,23390,0.0,1789618642220,121536206947791
4,23390,0.0,1789618642220,121536206947791
5,23390,0.0,1789618642220,121536206947791
6,23390,0.0,1789618642220,121536206947791
7,23390,0.0,1789618642220,121536206947791
0,23491,0.0,1789618642321,121536209356158
1,23491,0.0,1789618642321,121536209356158
2,23491,0.0,1789618642321,121536209356158
3,23491,0.0,1789618642321,121536209356158
4,23491,0.0,1789618642321,121536209356158
5,23491,0.0,1789618642321,121536209356158
6,23491,0.0,1789618642321,121536209356158
7,23491,0.0,1789618642321,121536209356158
0,23591,0.0,1789618642421,121536211765565
1,23591,0.0,1789618642421,121536211765565
2,23591,0.0,1789618642421,121536211765565
3,23591,0.0,1789618642421,121536211765565
4,23591,0.0,1789618642421,121536211765565
5,23591,0.0,1789618642421,121536211765565
6,23591,0.0,1789618642421,121536211765565
7,23591,0.0,1789618642421,121536211765565
0,23692,0.0,1789618642522,121536214173856
1,23692,0.0,1789618642522,121536214173856
2,23692,0.0,1789618642522,121536214173856
3,23692,0.0,1789618642522,121536214173856
4,23692,0.0,1789618642522,121536214173856
5,23692,0.0,1789618642522,121536214173856
6,23692,0.0,1789618642522,121536214173856
7,23692,0.0,1789618642522,121536214173856
0,23792,0.0,1789618642622,121536216584825
1,23792,0.0,1789618642622,121536216584825
2,23792,20.0,1789618642622,121536216584825
3,23792,0.0,1789618642622,121536216584825
4,23792,30.0,1789618642622,121536216584825
5,23792,0.0,1789618642622,121536216584825
6,23792,0.0,1789618642622,121536216584825
7,23792,0.0,1789618642622,121536216584825
0,23892,0.0,1789618642722,121536218996676
1,23892,0.0,1789618642722,121536218996676
2,23892,0.0,1789618642722,121536218996676
3,23892,0.0,1789618642722,121536218996676
4,23892,0.0,1789618642722,121536218996676
5,23892,0.0,1789618642722,121536218996676
6,23892,33.3,1789618642722,121536218996676
7,23892,0.0,1789618642722,121536218996676
0,23993,0.0,1789618642823,121536221409166
1,23993,9.1,1789618642823,121536221409166
2,23993,0.0,1789618642823,121536221409166
3,23993,10.0,1789618642823,121536221409166
4,23993,54.5,1789618642823,121536221409166
5,23993,0.0,1789618642823,121536221409166
6,23993,10.0,1789618642823,121536221409166
7,23993,10.0,1789618642823,121536221409166
0,24094,0.0,1789618642924,121536223822220
1,24094,0.0,1789618642924,121536223822220
2,24094,10.0,1789618642924,121536223822220
3,24094,0.0,1789618642924,121536223822220
4,24094,0.0,1789618642924,121536223822220
5,24094,9.1,1789618642924,121536223822220
6,24094,9.1,1789618642924,121536223822220
7,24094,10.0,1789618642924,121536223822220
0,24194,0.0,1789618643024,121536226235412
1,24194,0.0,1789618643024,121536226235412
2,24194,10.0,1789618643024,121536226235412
3,24194,0.0,1789618643024,121536226235412
4,24194,0.0,1789618643024,121536226235412
5,24194,0.0,1789618643024,121536226235412
6,24194,0.0,1789618643024,121536226235412
7,24194,10.0,1789618643024,121536226235412
0,24295,0.0,1789618643125,121536228647726
1,24295,9.1,1789618643125,121536228647726
2,24295,0.0,1789618643125,121536228647726
3,24295,0.0,1789618643125,121536228647726
4,24295,0.0,1789618643125,121536228647726
5,24295,0.0,1789618643125,121536228647726
6,24295,0.0,1789618643125,121536228647726
7,24295,10.0,1789618643125,121536228647726
0,24395,0.0,1789618643225,121536231060071
1,24395,0.0,1789618643225,121536231060071
2,24395,11.1,1789618643225,121536231060071
3,24395,10.0,1789618643225,121536231060071
4,24395,10.0,1789618643225,121536231060071
5,24395,0.0,1789618643225,121536231060071
6,24395,9.1,1789618643225,121536231060071
7,24395,20.0,1789618643225,121536231060071
0,24496,0.0,1789618643326,121536233470339
1,24496,0.0,1789618643326,121536233470339
2,24496,0.0,1789618643326,121536233470339
3,24496,0.0,1789618643326,121536233470339
4,24496,0.0,1789618643326,121536233470339
5,24496,0.0,1789618643326,121536233470339
6,24496,0.0,1789618643326,121536233470339
7,24496,0.0,1789618643326,121536233470339
0,24596,0.0,1789618643426,121536235878299
1,24596,0.0,1789618643426,121536235878299
2,24596,0.0,1789618643426,121536235878299
3,24596,0.0,1789618643426,121536235878299
4,24596,0.0,1789618643426,121536235878299
5,24596,0.0,1789618643426,121536235878299
6,24596,0.0,1789618643426,121536235878299
7,24596,0.0,1789618643426,121536235878299
0,24696,0.0,1789618643526,121536238285601
1,24696,0.0,1789618643526,121536238285601
2,24696,0.0,1789618643526,121536238285601
3,24696,0.0,1789618643526,121536238285601
4,24696,0.0,1789618643526,121536238285601
5,24696,0.0,1789618643526,121536238285601
6,24696,0.0,1789618643526,121536238285601
7,24696,0.0,1789618643526,121536238285601
0,24797,0.0,1789618643627,121536240694155
1,24797,0.0,1789618643627,121536240694155
2,24797,0.0,1789618643627,121536240694155
3,24797,0.0,1789618643627,121536240694155
4,24797,0.0,1789618643627,121536240694155
5,24797,0.0,1789618643627,121536240694155
6,24797,0.0,1789618643627,121536240694155
7,24797,0.0,1789618643627,121536240694155
0,24897,0.0,1789618643727,121536243101226
1,24897,0.0,1789618643727,121536243101226
2,24897,0.0,1789618643727,121536243101226
3,24897,0.0,1789618643727,121536243101226
4,24897,0.0,1789618643727,121536243101226
5,24897,0.0,1789618643727,121536243101226
6,24897,0.0,1789618643727,121536243101226
7,24897,0.0,1789618643727,121536243101226
0,24997,0.0,1789618643827,121536245509300
1,24997,0.0,1789618643827,121536245509300
2,24997,0.0,1789618643827,121536245509300
3,24997,0.0,1789618643827,121536245509300
4,24997,0.0,1789618643827,121536245509300
5,24997,0.0,1789618643827,121536245509300
6,24997,0.0,1789618643827,121536245509300
7,24997,0.0,1789618643827,121536245509300
0,25098,0.0,1789618643928,121536247917559
1,25098,0.0,1789618643928,121536247917559
2,25098,0.0,1789618643928,121536247917559
3,25098,0.0,1789618643928,121536247917559
4,25098,0.0,1789618643928,121536247917559
5,25098,0.0,1789618643928,121536247917559
6,25098,0.0,1789618643928,121536247917559
7,25098,9.1,1789618643928,121536247917559
0,25198,10.0,1789618644028,121536250328508
1,25198,0.0,1789618644028,121536250328508
2,25198,0.0,1789618644028,121536250328508
3,25198,0.0,1789618644028,121536250328508
4,25198,0.0,1789618644028,121536250328508
5,25198,0.0,1789618644028,121536250328508
6,25198,0.0,1789618644028,121536250328508
7,25198,0.0,1789618644028,121536250328508
0,25298,0.0,1789618644128,121536252737886
1,25298,0.0,1789618644128,121536252737886
2,25298,0.0,1789618644128,121536252737886
3,25298,0.0,1789618644128,121536252737886
4,25298,0.0,1789618644128,121536252737886
5,25298,0.0,1789618644128,121536252737886
6,25298,0.0,1789618644128,121536252737886
7,25298,0.0,1789618644128,121536252737886
0,25399,0.0,1789618644229,121536255145454
1,25399,0.0,1789618644229,121536255145454
2,25399,0.0,1789618644229,121536255145454
3,25399,0.0,1789618644229,121536255145454
4,25399,0.0,1789618644229,121536255145454
5,25399,0.0,1789618644229,121536255145454
6,25399,0.0,1789618644229,121536255145454
7,25399,0.0,1789618644229,121536255145454
0,25499,0.0,1789618644329,121536257552920
1,25499,0.0,1789618644329,121536257552920
2,25499,0.0,1789618644329,121536257552920
3,25499,0.0,1789618644329,121536257552920
4,25499,0.0,1789618644329,121536257552920
5,25499,0.0,1789618644329,121536257552920
6,25499,0.0,1789618644329,121536257552920
7,25499,0.0,1789618644329,121536257552920
0,25599,0.0,1789618644429,121536259960282
1,25599,0.0,1789618644429,121536259960282
2,25599,0.0,1789618644429,121536259960282
3,25599,0.0,1789618644429,121536259960282
4,25599,0.0,1789618644429,121536259960282
5,25599,0.0,1789618644429,121536259960282
6,25599,0.0,1789618644429,121536259960282
7,25599,0.0,1789618644429,121536259960282
0,25700,0.0,1789618644530,121536262367429
1,25700,0.0,1789618644530,121536262367429
2,25700,0.0,1789618644530,121536262367429
3,25700,0.0,1789618644530,121536262367429
4,25700,0.0,1789618644530,121536262367429
5,25700,0.0,1789618644530,121536262367429
6,25700,0.0,1789618644530,121536262367429
7,25700,0.0,1789618644530,121536262367429
0,25800,0.0,1789618644630,121536264775192
1,25800,0.0,1789618644630,121536264775192
2,25800,0.0,1789618644630,121536264775192
3,25800,0.0,1789618644630,121536264775192
4,25800,0.0,1789618644630,121536264775192
5,25800,0.0,1789618644630,121536264775192
6,25800,0.0,1789618644630,121536264775192
7,25800,0.0,1789618644630,121536264775192
0,25900,0.0,1789618644730,121536267182856
1,25900,0.0,1789618644730,121536267182856
2,25900,0.0,1789618644730,121536267182856
3,25900,0.0,1789618644730,121536267182856
4,25900,0.0,1789618644730,121536267182856
5,25900,0.0,1789618644730,121536267182856
6,25900,0.0,1789618644730,121536267182856
7,25900,0.0,1789618644730,121536267182856
0,26001,0.0,1789618644831,121536269591715
1,26001,0.0,1789618644831,121536269591715
2,26001,0.0,1789618644831,121536269591715
3,26001,0.0,1789618644831,121536269591715
4,26001,0.0,1789618644831,121536269591715
5,26001,0.0,1789618644831,121536269591715
6,26001,0.0,1789618644831,121536269591715
7,26001,0.0,1789618644831,121536269591715
0,26101,0.0,1789618644931,121536272000011
1,26101,0.0,1789618644931,121536272000011
2,26101,0.0,1789618644931,121536272000011
3,26101,0.0,1789618644931,121536272000011
4,26101,0.0,1789618644931,121536272000011
5,26101,0.0,1789618644931,121536272000011
6,26101,0.0,1789618644931,121536272000011
7,26101,0.0,1789618644931,121536272000011
0,26201,0.0,1789618645031,121536274407069
1,26201,0.0,1789618645031,121536274407069
2,26201,0.0,1789618645031,121536274407069
3,26201,0.0,1789618645031,121536274407069
4,26201,0.0,1789618645031,121536274407069
5,26201,9.1,1789618645031,121536274407069
6,26201,0.0,1789618645031,121536274407069
7,26201,0.0,1789618645031,121536274407069
0,26302,0.0,1789618645132,121536276816779
1,26302,0.0,1789618645132,121536276816779
2,26302,0.0,1789618645132,121536276816779
3,26302,0.0,1789618645132,121536276816779
4,26302,0.0,1789618645132,121536276816779
5,26302,0.0,1789618645132,121536276816779
6,26302,0.0,1789618645132,121536276816779
7,26302,9.1,1789618645132,121536276816779
0,26402,0.0,1789618645232,121536279227988
1,26402,0.0,1789618645232,121536279227988
2,26402,0.0,1789618645232,121536279227988
3,26402,0.0,1789618645232,121536279227988
4,26402,9.1,1789618645232,121536279227988
5,26402,0.0,1789618645232,121536279227988
6,26402,0.0,1789618645232,121536279227988
7,26402,0.0,1789618645232,121536279227988
0,26503,0.0,1789618645333,121536281640188
1,26503,0.0,1789618645333,121536281640188
2,26503,10.0,1789618645333,121536281640188
3,26503,0.0,1789618645333,121536281640188
4,26503,22.2,1789618645333,121536281640188
5,26503,0.0,1789618645333,121536281640188
6,26503,33.3,1789618645333,121536281640188
7,26503,0.0,1789618645333,121536281640188
0,26603,9.1,1789618645433,121536284051799
1,26603,0.0,1789618645433,121536284051799
2,26603,0.0,1789618645433,121536284051799
3,26603,0.0,1789618645433,121536284051799
4,26603,40.0,1789618645433,121536284051799
5,26603,0.0,1789618645433,121536284051799
6,26603,11.1,1789618645433,121536284051799
7,26603,0.0,1789618645433,121536284051799
0,26704,0.0,1789618645534,121536286464820
1,26704,10.0,1789618645534,121536286464820
2,26704,9.1,1789618645534,121536286464820
3,26704,10.0,1789618645534,121536286464820
4,26704,20.0,1789618645534,121536286464820
5,26704,0.0,1789618645534,121536286464820
6,26704,11.1,1789618645534,121536286464820
7,26704,0.0,1789618645534,121536286464820
0,26804,9.1,1789618645634,121536288878238
1,26804,0.0,1789618645634,121536288878238
2,26804,0.0,1789618645634,121536288878238
3,26804,0.0,1789618645634,121536288878238
4,26804,0.0,1789618645634,121536288878238
5,26804,18.2,1789618645634,121536288878238
6,26804,9.1,1789618645634,121536288878238
7,26804,0.0,1789618645634,121536288878238
0,26905,0.0,1789618645735,121536291291228
1,26905,9.1,1789618645735,121536291291228
2,26905,16.7,1789618645735,121536291291228
3,26905,0.0,1789618645735,121536291291228
4,26905,10.0,1789618645735,121536291291228
5,26905,0.0,1789618645735,121536291291228
6,26905,0.0,1789618645735,121536291291228
7,26905,10.0,1789618645735,121536291291228
0,27005,0.0,1789618645835,121536293702007
1,27005,0.0,1789618645835,121536293702007
2,27005,0.0,1789618645835,121536293702007
3,27005,0.0,1789618645835,121536293702007
4,27005,0.0,1789618645835,121536293702007
5,27005,0.0,1789618645835,121536293702007
6,27005,0.0,1789618645835,121536293702007
7,27005,0.0,1789618645835,121536293702007
0,27106,0.0,1789618645936,121536296109770
1,27106,0.0,1789618645936,121536296109770
2,27106,0.0,1789618645936,121536296109770
3,27106,0.0,1789618645936,121536296109770
4,27106,0.0,1789618645936,121536296109770
5,27106,0.0,1789618645936,121536296109770
6,27106,0.0,1789618645936,121536296109770
7,27106,0.0,1789618645936,121536296109770
0,27206,0.0,1789618646036,121536298518574
1,27206,0.0,1789618646036,121536298518574
2,27206,0.0,1789618646036,121536298518574
3,27206,0.0,1789618646036,121536298518574
4,27206,0.0,1789618646036,121536298518574
5,27206,0.0,1789618646036,121536298518574
6,27206,0.0,1789618646036,121536298518574
7,27206,0.0,1789618646036,121536298518574
0,27306,0.0,1789618646136,121536300927101
1,27306,0.0,1789618646136,121536300927101
2,27306,0.0,1789618646136,121536300927101
3,27306,0.0,1789618646136,121536300927101
4,27306,0.0,1789618646136,121536300927101
5,27306,0.0,1789618646136,121536300927101
6,27306,0.0,1789618646136,121536300927101
7,27306,0.0,1789618646136,121536300927101
0,27407,0.0,1789618646237,121536303338061
1,27407,0.0,1789618646237,121536303338061
2,27407,0.0,1789618646237,121536303338061
3,27407,0.0,1789618646237,121536303338061
4,27407,0.0,1789618646237,121536303338061
5,27407,0.0,1789618646237,121536303338061
6,27407,0.0,1789618646237,121536303338061
7,27407,0.0,1789618646237,121536303338061
0,27507,0.0,1789618646337,121536305746475
1,27507,0.0,1789618646337,121536305746475
2,27507,0.0,1789618646337,121536305746475
3,27507,0.0,1789618646337,121536305746475
4,27507,0.0,1789618646337,121536305746475
5,27507,0.0,1789618646337,121536305746475
6,27507,0.0,1789618646337,121536305746475
7,27507,0.0,1789618646337,121536305746475
0,27607,0.0,1789618646437,121536308153834
1,27607,0.0,1789618646437,121536308153834
2,27607,0.0,1789618646437,121536308153834
3,27607,0.0,1789618646437,121536308153834
4,27607,0.0,1789618646437,121536308153834
5,27607,0.0,1789618646437,121536308153834
6,27607,0.0,1789618646437,121536308153834
7,27607,0.0,1789618646437,121536308153834
0,27708,0.0,1789618646538,121536310560858
1,27708,0.0,1789618646538,121536310560858
2,27708,0.0,1789618646538,121536310560858
3,27708,0.0,1789618646538,121536310560858
4,27708,0.0,1789618646538,121536310560858
5,27708,0.0,1789618646538,121536310560858
6,27708,0.0,1789618646538,121536310560858
7,27708,0.0,1789618646538,121536310560858
0,27808,0.0,1789618646638,121536312967628
1,27808,0.0,1789618646638,121536312967628
2,27808,0.0,1789618646638,121536312967628
3,27808,0.0,1789618646638,121536312967628
4,27808,0.0,1789618646638,121536312967628
5,27808,0.0,1789618646638,121536312967628
6,27808,0.0,1789618646638,121536312967628
7,27808,0.0,1789618646638,121536312967628
0,27908,0.0,1789618646738,121536315374193
1,27908,0.0,1789618646738,121536315374193
2,27908,0.0,1789618646738,121536315374193
3,27908,0.0,1789618646738,121536315374193
4,27908,0.0,1789618646738,121536315374193
5,27908,0.0,1789618646738,121536315374193
6,27908,0.0,1789618646738,121536315374193
7,27908,0.0,1789618646738,121536315374193
0,28009,0.0,1789618646839,121536317780916
1,28009,0.0,1789618646839,121536317780916
2,28009,0.0,1789618646839,121536317780916
3,28009,0.0,1789618646839,121536317780916
4,28009,0.0,1789618646839,121536317780916
5,28009,0.0,1789618646839,121536317780916
6,28009,0.0,1789618646839,121536317780916
7,28009,0.0,1789618646839,121536317780916
0,28109,0.0,1789618646939,121536320188459
1,28109,0.0,1789618646939,121536320188459
2,28109,0.0,1789618646939,121536320188459
3,28109,0.0,1789618646939,121536320188459
4,28109,0.0,1789618646939,121536320188459
5,28109,0.0,1789618646939,121536320188459
6,28109,0.0,1789618646939,121536320188459
7,28109,0.0,1789618646939,121536320188459
0,28209,0.0,1789618647039,121536322599816
1,28209,0.0,1789618647039,121536322599816
2,28209,0.0,1789618647039,121536322599816
3,28209,0.0,1789618647039,121536322599816
4,28209,0.0,1789618647039,121536322599816
5,28209,9.1,1789618647039,121536322599816
6,28209,0.0,1789618647039,121536322599816
7,28209,10.0,1789618647039,121536322599816
0,28310,0.0,1789618647140,121536325008637
1,28310,0.0,1789618647140,121536325008637
2,28310,0.0,1789618647140,121536325008637
3,28310,0.0,1789618647140,121536325008637
4,28310,0.0,1789618647140,121536325008637
5,28310,0.0,1789618647140,121536325008637
6,28310,0.0,1789618647140,121536325008637
7,28310,0.0,1789618647140,121536325008637
0,28410,0.0,1789618647240,121536327415918
1,28410,0.0,1789618647240,121536327415918
2,28410,0.0,1789618647240,121536327415918
3,28410,0.0,1789618647240,121536327415918
4,28410,0.0,1789618647240,121536327415918
5,28410,0.0,1789618647240,121536327415918
6,28410,0.0,1789618647240,121536327415918
7,28410,0.0,1789618647240,121536327415918
0,28510,0.0,1789618647340,121536329824101
1,28510,0.0,1789618647340,121536329824101
2,28510,0.0,1789618647340,121536329824101
3,28510,0.0,1789618647340,121536329824101
4,28510,0.0,1789618647340,121536329824101
5,28510,0.0,1789618647340,121536329824101
6,28510,0.0,1789618647340,121536329824101
7,28510,0.0,1789618647340,121536329824101
0,28611,0.0,1789618647441,121536332230872
1,28611,0.0,1789618647441,121536332230872
2,28611,0.0,1789618647441,121536332230872
3,28611,0.0,1789618647441,121536332230872
4,28611,0.0,1789618647441,121536332230872
5,28611,0.0,1789618647441,121536332230872
6,28611,0.0,1789618647441,121536332230872
7,28611,0.0,1789618647441,121536332230872
0,28711,0.0,1789618647541,121536334639937
1,28711,0.0,1789618647541,121536334639937
2,28711,0.0,1789618647541,121536334639937
3,28711,0.0,1789618647541,121536334639937
4,28711,0.0,1789618647541,121536334639937
5,28711,0.0,1789618647541,121536334639937
6,28711,0.0,1789618647541,121536334639937
7,28711,0.0,1789618647541,121536334639937
0,28811,0.0,1789618647641,121536337047602
1,28811,0.0,1789618647641,121536337047602
2,28811,0.0,1789618647641,121536337047602
3,28811,0.0,1789618647641,121536337047602
4,28811,0.0,1789618647641,121536337047602
5,28811,0.0,1789618647641,121536337047602
6,28811,0.0,1789618647641,121536337047602
7,28811,0.0,1789618647641,121536337047602
0,28912,0.0,1789618647742,121536339458282
1,28912,0.0,1789618647742,121536339458282
2,28912,0.0,1789618647742,121536339458282
3,28912,11.1,1789618647742,121536339458282
4,28912,30.0,1789618647742,121536339458282
5,28912,0.0,1789618647742,121536339458282
6,28912,10.0,1789618647742,121536339458282
7,28912,0.0,1789618647742,121536339458282
0,29012,0.0,1789618647842,121536341869596
1,29012,0.0,1789618647842,121536341869596
2,29012,0.0,1789618647842,121536341869596
3,29012,0.0,1789618647842,121536341869596
4,29012,9.1,1789618647842,121536341869596
5,29012,0.0,1789618647842,121536341869596
6,29012,40.0,1789618647842,121536341869596
7,29012,0.0,1789618647842,121536341869596
0,29113,0.0,1789618647943,121536344281258
1,29113,9.1,1789618647943,121536344281258
2,29113,10.0,1789618647943,121536344281258
3,29113,25.0,1789618647943,121536344281258
4,29113,33.3,1789618647943,121536344281258
5,29113,0.0,1789618647943,121536344281258
6,29113,0.0,1789618647943,121536344281258
7,29113,0.0,1789618647943,121536344281258
0,29213,10.0,1789618648043,121536346694877
1,29213,0.0,1789618648043,121536346694877
2,29213,0.0,1789618648043,121536346694877
3,29213,0.0,1789618648043,121536346694877
4,29213,10.0,1789618648043,121536346694877
5,29213,10.0,1789618648043,121536346694877
6,29213,10.0,1789618648043,121536346694877
7,29213,18.2,1789618648043,121536346694877
0,29314,11.1,1789618648144,121536349107833
1,29314,0.0,1789618648144,121536349107833
2,29314,20.0,1789618648144,121536349107833
3,29314,0.0,1789618648144,121536349107833
4,29314,0.0,1789618648144,121536349107833
5,29314,0.0,1789618648144,121536349107833
6,29314,10.0,1789618648144,121536349107833
7,29314,11.1,1789618648144,121536349107833
0,29414,0.0,1789618648244,121536351520532
1,29414,9.1,1789618648244,121536351520532
2,29414,10.0,1789618648244,121536351520532
3,29414,0.0,1789618648244,121536351520532
4,29414,10.0,1789618648244,121536351520532
5,29414,0.0,1789618648244,121536351520532
6,29414,0.0,1789618648244,121536351520532
7,29414,0.0,1789618648244,121536351520532
0,29515,0.0,1789618648345,121536353930457
1,29515,0.0,1789618648345,121536353930457
2,29515,0.0,1789618648345,121536353930457
3,29515,0.0,1789618648345,121536353930457
4,29515,0.0,1789618648345,121536353930457
5,29515,0.0,1789618648345,121536353930457
6,29515,0.0,1789618648345,121536353930457
7,29515,0.0,1789618648345,121536353930457
0,29615,0.0,1789618648445,121536356338980
1,29615,0.0,1789618648445,121536356338980
2,29615,0.0,1789618648445,121536356338980
3,29615,0.0,1789618648445,121536356338980
4,29615,0.0,1789618648445,121536356338980
5,29615,0.0,1789618648445,121536356338980
6,29615,0.0,1789618648445,121536356338980
7,29615,0.0,1789618648445,121536356338980
0,29716,0.0,1789618648546,121536358748584
1,29716,0.0,1789618648546,121536358748584
2,29716,0.0,1789618648546,121536358748584
3,29716,0.0,1789618648546,121536358748584
4,29716,0.0,1789618648546,121536358748584
5,29716,0.0,1789618648546,121536358748584
6,29716,0.0,1789618648546,121536358748584
7,29716,9.1,1789618648546,121536358748584
0,29816,0.0,1789618648646,121536361156767
1,29816,0.0,1789618648646,121536361156767
2,29816,0.0,1789618648646,121536361156767
3,29816,0.0,1789618648646,121536361156767
4,29816,0.0,1789618648646,121536361156767
5,29816,0.0,1789618648646,121536361156767
6,29816,0.0,1789618648646,121536361156767
7,29816,0.0,1789618648646,121536361156767
0,29916,0.0,1789618648746,121536363564605
1,29916,0.0,1789618648746,121536363564605
2,29916,0.0,1789618648746,121536363564605
3,29916,0.0,1789618648746,121536363564605
4,29916,0.0,1789618648746,121536363564605
5,29916,0.0,1789618648746,121536363564605
6,29916,0.0,1789618648746,121536363564605
7,29916,0.0,1789618648746,121536363564605
0,30017,0.0,1789618648847,121536365972726
1,30017,0.0,1789618648847,121536365972726
2,30017,0.0,1789618648847,121536365972726
3,30017,0.0,1789618648847,121536365972726
4,30017,0.0,1789618648847,121536365972726
5,30017,0.0,1789618648847,121536365972726
6,30017,0.0,1789618648847,121536365972726
7,30017,0.0,1789618648847,121536365972726
0,30117,0.0,1789618648947,121536368382045
1,30117,0.0,1789618648947,121536368382045
2,30117,0.0,1789618648947,121536368382045
3,30117,0.0,1789618648947,121536368382045
4,30117,0.0,1789618648947,121536368382045
5,30117,0.0,1789618648947,121536368382045
6,30117,0.0,1789618648947,121536368382045
7,30117,0.0,1789618648947,121536368382045
0,30217,0.0,1789618649047,121536370790868
1,30217,0.0,1789618649047,121536370790868
2,30217,0.0,1789618649047,121536370790868
3,30217,0.0,1789618649047,121536370790868
4,30217,0.0,1789618649047,121536370790868
5,30217,0.0,1789618649047,121536370790868
6,30217,0.0,1789618649047,121536370790868
7,30217,0.0,1789618649047,121536370790868
0,30318,0.0,1789618649148,121536373199629
1,30318,0.0,1789618649148,121536373199629
2,30318,0.0,1789618649148,121536373199629
3,30318,0.0,1789618649148,121536373199629
4,30318,0.0,1789618649148,121536373199629
5,30318,0.0,1789618649148,121536373199629
6,30318,0.0,1789618649148,121536373199629
7,30318,0.0,1789618649148,121536373199629
0,30418,0.0,1789618649248,121536375608259
1,30418,0.0,1789618649248,121536375608259
2,30418,0.0,1789618649248,121536375608259
3,30418,0.0,1789618649248,121536375608259
4,30418,0.0,1789618649248,121536375608259
5,30418,0.0,1789618649248,121536375608259
6,30418,0.0,1789618649248,121536375608259
7,30418,0.0,1789618649248,121536375608259
0,30518,0.0,1789618649348,121536378016415
1,30518,0.0,1789618649348,121536378016415
2,30518,0.0,1789618649348,121536378016415
3,30518,0.0,1789618649348,121536378016415
4,30518,0.0,1789618649348,121536378016415
5,30518,0.0,1789618649348,121536378016415
6,30518,0.0,1789618649348,121536378016415
7,30518,9.1,1789618649348,121536378016415
0,30619,0.0,1789618649449,121536380424256
1,30619,0.0,1789618649449,121536380424256
2,30619,0.0,1789618649449,121536380424256
3,30619,0.0,1789618649449,121536380424256
4,30619,0.0,1789618649449,121536380424256
5,30619,0.0,1789618649449,121536380424256
6,30619,0.0,1789618649449,121536380424256
7,30619,0.0,1789618649449,121536380424256
0,30719,0.0,1789618649549,121536382832138
1,30719,0.0,1789618649549,121536382832138
2,30719,0.0,1789618649549,121536382832138
3,30719,0.0,1789618649549,121536382832138
4,30719,0.0,1789618649549,121536382832138
5,30719,0.0,1789618649549,121536382832138
6,30719,0.0,1789618649549,121536382832138
7,30719,0.0,1789618649549,121536382832138
0,30819,0.0,1789618649649,121536385239676
1,30819,0.0,1789618649649,121536385239676
2,30819,0.0,1789618649649,121536385239676
3,30819,0.0,1789618649649,121536385239676
4,30819,0.0,1789618649649,121536385239676
5,30819,0.0,1789618649649,121536385239676
6,30819,0.0,1789618649649,121536385239676
7,30819,0.0,1789618649649,121536385239676
0,30920,0.0,1789618649750,121536387649486
1,30920,0.0,1789618649750,121536387649486
2,30920,0.0,1789618649750,121536387649486
3,30920,0.0,1789618649750,121536387649486
4,30920,0.0,1789618649750,121536387649486
5,30920,0.0,1789618649750,121536387649486
6,30920,0.0,1789618649750,121536387649486
7,30920,0.0,1789618649750,121536387649486
0,31020,0.0,1789618649850,121536390059937
1,31020,0.0,1789618649850,121536390059937
2,31020,0.0,1789618649850,121536390059937
3,31020,0.0,1789618649850,121536390059937
4,31020,0.0,1789618649850,121536390059937
5,31020,0.0,1789618649850,121536390059937
6,31020,0.0,1789618649850,121536390059937
7,31020,0.0,1789618649850,121536390059937
0,31121,0.0,1789618649951,121536392468715
1,31121,0.0,1789618649951,121536392468715
2,31121,0.0,1789618649951,121536392468715
3,31121,0.0,1789618649951,121536392468715
4,31121,0.0,1789618649951,121536392468715
5,31121,0.0,1789618649951,121536392468715
6,31121,0.0,1789618649951,121536392468715
7,31121,0.0,1789618649951,121536392468715
0,31221,9.1,1789618650051,121536394880780
1,31221,0.0,1789618650051,121536394880780
2,31221,0.0,1789618650051,121536394880780
3,31221,0.0,1789618650051,121536394880780
4,31221,0.0,1789618650051,121536394880780
5,31221,0.0,1789618650051,121536394880780
6,31221,0.0,1789618650051,121536394880780
7,31221,0.0,1789618650051,121536394880780
0,31321,0.0,1789618650151,121536397291143
1,31321,0.0,1789618650151,121536397291143
2,31321,0.0,1789618650151,121536397291143
3,31321,0.0,1789618650151,121536397291143
4,31321,0.0,1789618650151,121536397291143
5,31321,9.1,1789618650151,121536397291143
6,31321,0.0,1789618650151,121536397291143
7,31321,0.0,1789618650151,121536397291143
0,31422,0.0,1789618650252,121536399703026
1,31422,0.0,1789618650252,121536399703026
2,31422,0.0,1789618650252,121536399703026
3,31422,10.0,1789618650252,121536399703026
4,31422,36.4,1789618650252,121536399703026
5,31422,0.0,1789618650252,121536399703026
6,31422,0.0,1789618650252,121536399703026
7,31422,0.0,1789618650252,121536399703026
0,31523,0.0,1789618650353,121536402130677
1,31523,0.0,1789618650353,121536402130677
2,31523,0.0,1789618650353,121536402130677
3,31523,0.0,1789618650353,121536402130677
4,31523,0.0,1789618650353,121536402130677
5,31523,45.5,1789618650353,121536402130677
6,31523,0.0,1789618650353,121536402130677
7,31523,9.1,1789618650353,121536402130677
0,31624,0.0,1789618650454,121536404543537
1,31624,10.0,1789618650454,121536404543537
2,31624,10.0,1789618650454,121536404543537
3,31624,0.0,1789618650454,121536404543537
4,31624,33.3,1789618650454,121536404543537
5,31624,0.0,1789618650454,121536404543537
6,31624,0.0,1789618650454,121536404543537
7,31624,0.0,1789618650454,121536404543537
0,31724,10.0,1789618650554,121536406957521
1,31724,10.0,1789618650554,121536406957521
2,31724,0.0,1789618650554,121536406957521
3,31724,10.0,1789618650554,121536406957521
4,31724,0.0,1789618650554,121536406957521
5,31724,0.0,1789618650554,121536406957521
6,31724,9.1,1789618650554,121536406957521
7,31724,10.0,1789618650554,121536406957521
0,31825,10.0,1789618650655,121536409369788
1,31825,10.0,1789618650655,121536409369788
2,31825,0.0,1789618650655,121536409369788
3,31825,10.0,1789618650655,121536409369788
4,31825,0.0,1789618650655,121536409369788
5,31825,0.0,1789618650655,121536409369788
6,31825,0.0,1789618650655,121536409369788
7,31825,0.0,1789618650655,121536409369788
0,31925,0.0,1789618650755,121536411781686
1,31925,0.0,1789618650755,121536411781686
2,31925,0.0,1789618650755,121536411781686
3,31925,0.0,1789618650755,121536411781686
4,31925,0.0,1789618650755,121536411781686
5,31925,0.0,1789618650755,121536411781686
6,31925,0.0,1789618650755,121536411781686
7,31925,18.2,1789618650755,121536411781686
0,32026,0.0,1789618650856,121536414192353
1,32026,0.0,1789618650856,121536414192353
2,32026,0.0,1789618650856,121536414192353
3,32026,0.0,1789618650856,121536414192353
4,32026,0.0,1789618650856,121536414192353
5,32026,0.0,1789618650856,121536414192353
6,32026,0.0,1789618650856,121536414192353
7,32026,0.0,1789618650856,121536414192353
0,32126,0.0,1789618650956,121536416603150
1,32126,0.0,1789618650956,121536416603150
2,32126,0.0,1789618650956,121536416603150
3,32126,0.0,1789618650956,121536416603150
4,32126,0.0,1789618650956,121536416603150
5,32126,0.0,1789618650956,121536416603150
6,32126,0.0,1789618650956,121536416603150
7,32126,0.0,1789618650956,121536416603150
0,32227,0.0,1789618651057,121536419012349
1,32227,0.0,1789618651057,121536419012349
2,32227,0.0,1789618651057,121536419012349
3,32227,0.0,1789618651057,121536419012349
4,32227,0.0,1789618651057,121536419012349
5,32227,0.0,1789618651057,121536419012349
6,32227,0.0,1789618651057,121536419012349
7,32227,0.0,1789618651057,121536419012349
0,32327,0.0,1789618651157,121536421421333
1,32327,0.0,1789618651157,121536421421333
2,32327,9.1,1789618651157,121536421421333
3,32327,0.0,1789618651157,121536421421333
4,32327,0.0,1789618651157,121536421421333
5,32327,0.0,1789618651157,121536421421333
6,32327,0.0,1789618651157,121536421421333
7,32327,0.0,1789618651157,121536421421333
0,32427,0.0,1789618651257,121536423830147
1,32427,0.0,1789618651257,121536423830147
2,32427,0.0,1789618651257,121536423830147
3,32427,0.0,1789618651257,121536423830147
4,32427,0.0,1789618651257,121536423830147
5,32427,0.0,1789618651257,121536423830147
6,32427,0.0,1789618651257,121536423830147
7,32427,0.0,1789618651257,121536423830147
0,32528,0.0,1789618651358,121536426239454
1,32528,0.0,1789618651358,121536426239454
2,32528,0.0,1789618651358,121536426239454
3,32528,0.0,1789618651358,121536426239454
4,32528,0.0,1789618651358,121536426239454
5,32528,0.0,1789618651358,121536426239454
6,32528,0.0,1789618651358,121536426239454
7,32528,0.0,1789618651358,121536426239454
0,32628,0.0,1789618651458,121536428648251
1,32628,0.0,1789618651458,121536428648251
2,32628,0.0,1789618651458,121536428648251
3,32628,0.0,1789618651458,121536428648251
4,32628,0.0,1789618651458,121536428648251
5,32628,0.0,1789618651458,121536428648251
6,32628,0.0,1789618651458,121536428648251
7,32628,0.0,1789618651458,121536428648251
0,32728,0.0,1789618651558,121536431056991
1,32728,0.0,1789618651558,121536431056991
2,32728,0.0,1789618651558,121536431056991
3,32728,0.0,1789618651558,121536431056991
4,32728,0.0,1789618651558,121536431056991
5,32728,0.0,1789618651558,121536431056991
6,32728,0.0,1789618651558,121536431056991
7,32728,0.0,1789618651558,121536431056991
0,32829,0.0,1789618651659,121536433465555
1,32829,0.0,1789618651659,121536433465555
2,32829,0.0,1789618651659,121536433465555
3,32829,0.0,1789618651659,121536433465555
4,32829,0.0,1789618651659,121536433465555
5,32829,0.0,1789618651659,121536433465555
6,32829,0.0,1789618651659,121536433465555
7,32829,0.0,1789618651659,121536433465555
0,32929,0.0,1789618651759,121536435874036
1,32929,0.0,1789618651759,121536435874036
2,32929,0.0,1789618651759,121536435874036
3,32929,0.0,1789618651759,121536435874036
4,32929,0.0,1789618651759,121536435874036
5,32929,0.0,1789618651759,121536435874036
6,32929,0.0,1789618651759,121536435874036
7,32929,0.0,1789618651759,121536435874036
0,33029,0.0,1789618651859,121536438282536
1,33029,0.0,1789618651859,121536438282536
2,33029,0.0,1789618651859,121536438282536
3,33029,0.0,1789618651859,121536438282536
4,33029,0.0,1789618651859,121536438282536
5,33029,0.0,1789618651859,121536438282536
6,33029,0.0,1789618651859,121536438282536
7,33029,0.0,1789618651859,121536438282536
0,33130,0.0,1789618651960,121536440691053
1,33130,0.0,1789618651960,121536440691053
2,33130,0.0,1789618651960,121536440691053
3,33130,0.0,1789618651960,121536440691053
4,33130,0.0,1789618651960,121536440691053
5,33130,0.0,1789618651960,121536440691053
6,33130,0.0,1789618651960,121536440691053
7,33130,0.0,1789618651960,121536440691053
0,33230,0.0,1789618652060,121536443099740
1,33230,0.0,1789618652060,121536443099740
2,33230,0.0,1789618652060,121536443099740
3,33230,0.0,1789618652060,121536443099740
4,33230,0.0,1789618652060,121536443099740
5,33230,0.0,1789618652060,121536443099740
6,33230,0.0,1789618652060,121536443099740
7,33230,0.0,1789618652060,121536443099740
0,33331,0.0,1789618652161,121536445511080
1,33331,0.0,1789618652161,121536445511080
2,33331,0.0,1789618652161,121536445511080
3,33331,0.0,1789618652161,121536445511080
4,33331,0.0,1789618652161,121536445511080
5,33331,0.0,1789618652161,121536445511080
6,33331,0.0,1789618652161,121536445511080
7,33331,9.1,1789618652161,121536445511080
0,33431,0.0,1789618652261,121536447920136
1,33431,0.0,1789618652261,121536447920136
2,33431,0.0,1789618652261,121536447920136
3,33431,0.0,1789618652261,121536447920136
4,33431,0.0,1789618652261,121536447920136
5,33431,0.0,1789618652261,121536447920136
6,33431,0.0,1789618652261,121536447920136
7,33431,0.0,1789618652261,121536447920136
0,33531,0.0,1789618652361,121536450328749
1,33531,0.0,1789618652361,121536450328749
2,33531,0.0,1789618652361,121536450328749
3,33531,0.0,1789618652361,121536450328749
4,33531,0.0,1789618652361,121536450328749
5,33531,0.0,1789618652361,121536450328749
6,33531,0.0,1789618652361,121536450328749
7,33531,0.0,1789618652361,121536450328749
0,33632,0.0,1789618652462,121536452737455
1,33632,0.0,1789618652462,121536452737455
2,33632,0.0,1789618652462,121536452737455
3,33632,0.0,1789618652462,121536452737455
4,33632,0.0,1789618652462,121536452737455
5,33632,0.0,1789618652462,121536452737455
6,33632,0.0,1789618652462,121536452737455
7,33632,0.0,1789618652462,121536452737455
0,33732,0.0,1789618652562,121536455146229
1,33732,0.0,1789618652562,121536455146229
2,33732,0.0,1789618652562,121536455146229
3,33732,0.0,1789618652562,121536455146229
4,33732,0.0,1789618652562,121536455146229
5,33732,0.0,1789618652562,121536455146229
6,33732,0.0,1789618652562,121536455146229
7,33732,0.0,1789618652562,121536455146229
0,33832,0.0,1789618652662,121536457554763
1,33832,0.0,1789618652662,121536457554763
2,33832,0.0,1789618652662,121536457554763
3,33832,0.0,1789618652662,121536457554763
4,33832,0.0,1789618652662,121536457554763
5,33832,0.0,1789618652662,121536457554763
6,33832,0.0,1789618652662,121536457554763
7,33832,0.0,1789618652662,121536457554763
0,33933,0.0,1789618652763,121536459963000
1,33933,0.0,1789618652763,121536459963000
2,33933,0.0,1789618652763,121536459963000
3,33933,0.0,1789618652763,121536459963000
4,33933,0.0,1789618652763,121536459963000
5,33933,0.0,1789618652763,121536459963000
6,33933,0.0,1789618652763,121536459963000
7,33933,0.0,1789618652763,121536459963000
0,34033,0.0,1789618652863,121536462373176
1,34033,0.0,1789618652863,121536462373176
2,34033,0.0,1789618652863,121536462373176
3,34033,0.0,1789618652863,121536462373176
4,34033,0.0,1789618652863,121536462373176
5,34033,9.1,1789618652863,121536462373176
6,34033,0.0,1789618652863,121536462373176
7,34033,0.0,1789618652863,121536462373176
0,34134,0.0,1789618652964,121536464782077
1,34134,0.0,1789618652964,121536464782077
2,34134,0.0,1789618652964,121536464782077
3,34134,0.0,1789618652964,121536464782077
4,34134,0.0,1789618652964,121536464782077
5,34134,0.0,1789618652964,121536464782077
6,34134,0.0,1789618652964,121536464782077
7,34134,0.0,1789618652964,121536464782077
0,34234,0.0,1789618653064,121536467192956
1,34234,0.0,1789618653064,121536467192956
2,34234,0.0,1789618653064,121536467192956
3,34234,0.0,1789618653064,121536467192956
4,34234,0.0,1789618653064,121536467192956
5,34234,0.0,1789618653064,121536467192956
6,34234,0.0,1789618653064,121536467192956
7,34234,0.0,1789618653064,121536467192956
0,34335,0.0,1789618653165,121536469603939
1,34335,0.0,1789618653165,121536469603939
2,34335,0.0,1789618653165,121536469603939
3,34335,0.0,1789618653165,121536469603939
4,34335,0.0,1789618653165,121536469603939
5,34335,0.0,1789618653165,121536469603939
6,34335,0.0,1789618653165,121536469603939
7,34335,0.0,1789618653165,121536469603939
0,34435,0.0,1789618653265,121536472013758
1,34435,0.0,1789618653265,121536472013758
2,34435,0.0,1789618653265,121536472013758
3,34435,0.0,1789618653265,121536472013758
4,34435,0.0,1789618653265,121536472013758
5,34435,0.0,1789618653265,121536472013758
6,34435,0.0,1789618653265,121536472013758
7,34435,9.1,1789618653265,121536472013758
0,34535,0.0,1789618653365,121536474424321
1,34535,0.0,1789618653365,121536474424321
2,34535,0.0,1789618653365,121536474424321
3,34535,0.0,1789618653365,121536474424321
4,34535,0.0,1789618653365,121536474424321
5,34535,0.0,1789618653365,121536474424321
6,34535,0.0,1789618653365,121536474424321
7,34535,0.0,1789618653365,121536474424321
0,34636,0.0,1789618653466,121536476833338
1,34636,0.0,1789618653466,121536476833338
2,34636,0.0,1789618653466,121536476833338
3,34636,0.0,1789618653466,121536476833338
4,34636,0.0,1789618653466,121536476833338
5,34636,0.0,1789618653466,121536476833338
6,34636,0.0,1789618653466,121536476833338
7,34636,0.0,1789618653466,121536476833338
0,34736,0.0,1789618653566,121536479242123
1,34736,0.0,1789618653566,121536479242123
2,34736,0.0,1789618653566,121536479242123
3,34736,0.0,1789618653566,121536479242123
4,34736,0.0,1789618653566,121536479242123
5,34736,0.0,1789618653566,121536479242123
6,34736,0.0,1789618653566,121536479242123
7,34736,0.0,1789618653566,121536479242123
0,34836,9.1,1789618653666,121536481651123
1,34836,0.0,1789618653666,121536481651123
2,34836,0.0,1789618653666,121536481651123
3,34836,0.0,1789618653666,121536481651123
4,34836,0.0,1789618653666,121536481651123
5,34836,0.0,1789618653666,121536481651123
6,34836,0.0,1789618653666,121536481651123
7,34836,0.0,1789618653666,121536481651123
0,34937,0.0,1789618653767,121536484059941
1,34937,0.0,1789618653767,121536484059941
2,34937,0.0,1789618653767,121536484059941
3,34937,0.0,1789618653767,121536484059941
4,34937,0.0,1789618653767,121536484059941
5,34937,0.0,1789618653767,121536484059941
6,34937,0.0,1789618653767,121536484059941
7,34937,0.0,1789618653767,121536484059941
0,35037,0.0,1789618653867,121536486470024
1,35037,0.0,1789618653867,121536486470024
2,35037,0.0,1789618653867,121536486470024
3,35037,0.0,1789618653867,121536486470024
4,35037,0.0,1789618653867,121536486470024
5,35037,0.0,1789618653867,121536486470024
6,35037,0.0,1789618653867,121536486470024
7,35037,0.0,1789618653867,121536486470024
0,35138,0.0,1789618653968,121536488879249
1,35138,0.0,1789618653968,121536488879249
2,35138,0.0,1789618653968,121536488879249
3,35138,0.0,1789618653968,121536488879249
4,35138,0.0,1789618653968,121536488879249
5,35138,0.0,1789618653968,121536488879249
6,35138,0.0,1789618653968,121536488879249
7,35138,0.0,1789618653968,121536488879249
0,35238,0.0,1789618654068,121536491289590
1,35238,0.0,1789618654068,121536491289590
2,35238,0.0,1789618654068,121536491289590
3,35238,0.0,1789618654068,121536491289590
4,35238,0.0,1789618654068,121536491289590
5,35238,0.0,1789618654068,121536491289590
6,35238,0.0,1789618654068,121536491289590
7,35238,0.0,1789618654068,121536491289590
0,35339,0.0,1789618654169,121536493699835
1,35339,10.0,1789618654169,121536493699835
2,35339,0.0,1789618654169,121536493699835
3,35339,0.0,1789618654169,121536493699835
4,35339,0.0,1789618654169,121536493699835
5,35339,0.0,1789618654169,121536493699835
6,35339,0.0,1789618654169,121536493699835
7,35339,0.0,1789618654169,121536493699835
0,35554,4.5,1789618654384,121536498870524
1,35554,0.0,1789618654384,121536498870524
2,35554,0.0,1789618654384,121536498870524
3,35554,0.0,1789618654384,121536498870524
4,35554,0.0,1789618654384,121536498870524
5,35554,0.0,1789618654384,121536498870524
6,35554,0.0,1789618654384,121536498870524
7,35554,4.5,1789618654384,121536498870524
0,35654,0.0,1789618654484,121536501280108
1,35654,0.0,1789618654484,121536501280108
2,35654,0.0,1789618654484,121536501280108
3,35654,0.0,1789618654484,121536501280108
4,35654,0.0,1789618654484,121536501280108
5,35654,0.0,1789618654484,121536501280108
6,35654,0.0,1789618654484,121536501280108
7,35654,0.0,1789618654484,121536501280108
0,35755,0.0,1789618654585,121536503688401
1,35755,0.0,1789618654585,121536503688401
2,35755,0.0,1789618654585,121536503688401
3,35755,0.0,1789618654585,121536503688401
4,35755,0.0,1789618654585,121536503688401
5,35755,0.0,1789618654585,121536503688401
6,35755,0.0,1789618654585,121536503688401
7,35755,0.0,1789618654585,121536503688401
0,35855,0.0,1789618654685,121536506097003
1,35855,0.0,1789618654685,121536506097003
2,35855,0.0,1789618654685,121536506097003
3,35855,0.0,1789618654685,121536506097003
4,35855,0.0,1789618654685,121536506097003
5,35855,0.0,1789618654685,121536506097003
6,35855,0.0,1789618654685,121536506097003
7,35855,0.0,1789618654685,121536506097003
0,35956,0.0,1789618654786,121536508508879
1,35956,0.0,1789618654786,121536508508879
2,35956,0.0,1789618654786,121536508508879
3,35956,0.0,1789618654786,121536508508879
4,35956,0.0,1789618654786,121536508508879
5,35956,0.0,1789618654786,121536508508879
6,35956,0.0,1789618654786,121536508508879
7,35956,0.0,1789618654786,121536508508879
0,36056,0.0,1789618654886,121536510920397
1,36056,0.0,1789618654886,121536510920397
2,36056,0.0,1789618654886,121536510920397
3,36056,0.0,1789618654886,121536510920397
4,36056,0.0,1789618654886,121536510920397
5,36056,0.0,1789618654886,121536510920397
6,36056,0.0,1789618654886,121536510920397
7,36056,0.0,1789618654886,121536510920397
0,36156,0.0,1789618654986,121536513330229
1,36156,0.0,1789618654986,121536513330229
2,36156,0.0,1789618654986,121536513330229
3,36156,0.0,1789618654986,121536513330229
4,36156,0.0,1789618654986,121536513330229
5,36156,0.0,1789618654986,121536513330229
6,36156,0.0,1789618654986,121536513330229
7,36156,0.0,1789618654986,121536513330229
0,36257,0.0,1789618655087,121536515738808
1,36257,0.0,1789618655087,121536515738808
2,36257,0.0,1789618655087,121536515738808
3,36257,0.0,1789618655087,121536515738808
4,36257,0.0,1789618655087,121536515738808
5,36257,0.0,1789618655087,121536515738808
6,36257,0.0,1789618655087,121536515738808
7,36257,0.0,1789618655087,121536515738808
0,36357,0.0,1789618655187,121536518148548
1,36357,0.0,1789618655187,121536518148548
2,36357,0.0,1789618655187,121536518148548
3,36357,0.0,1789618655187,121536518148548
4,36357,0.0,1789618655187,121536518148548
5,36357,0.0,1789618655187,121536518148548
6,36357,0.0,1789618655187,121536518148548
7,36357,0.0,1789618655187,121536518148548
0,36458,0.0,1789618655288,121536520556698
1,36458,0.0,1789618655288,121536520556698
2,36458,0.0,1789618655288,121536520556698
3,36458,0.0,1789618655288,121536520556698
4,36458,0.0,1789618655288,121536520556698
5,36458,0.0,1789618655288,121536520556698
6,36458,0.0,1789618655288,121536520556698
7,36458,0.0,1789618655288,121536520556698
0,36558,0.0,1789618655388,121536522964632
1,36558,0.0,1789618655388,121536522964632
2,36558,0.0,1789618655388,121536522964632
3,36558,0.0,1789618655388,121536522964632
4,36558,0.0,1789618655388,121536522964632
5,36558,0.0,1789618655388,121536522964632
6,36558,0.0,1789618655388,121536522964632
7,36558,0.0,1789618655388,121536522964632
0,36658,0.0,1789618655488,121536525372714
1,36658,0.0,1789618655488,121536525372714
2,36658,0.0,1789618655488,121536525372714
3,36658,0.0,1789618655488,121536525372714
4,36658,0.0,1789618655488,121536525372714
5,36658,0.0,1789618655488,121536525372714
6,36658,0.0,1789618655488,121536525372714
7,36658,0.0,1789618655488,121536525372714
0,36759,0.0,1789618655589,121536527781084
1,36759,0.0,1789618655589,121536527781084
2,36759,0.0,1789618655589,121536527781084
3,36759,0.0,1789618655589,121536527781084
4,36759,0.0,1789618655589,121536527781084
5,36759,0.0,1789618655589,121536527781084
6,36759,0.0,1789618655589,121536527781084
7,36759,0.0,1789618655589,121536527781084
0,36859,0.0,1789618655689,121536530189623
1,36859,0.0,1789618655689,121536530189623
2,36859,0.0,1789618655689,121536530189623
3,36859,0.0,1789618655689,121536530189623
4,36859,0.0,1789618655689,121536530189623
5,36859,0.0,1789618655689,121536530189623
6,36859,0.0,1789618655689,121536530189623
7,36859,0.0,1789618655689,121536530189623
0,36959,0.0,1789618655789,121536532597576
1,36959,0.0,1789618655789,121536532597576
2,36959,0.0,1789618655789,121536532597576
3,36959,0.0,1789618655789,121536532597576
4,36959,0.0,1789618655789,121536532597576
5,36959,0.0,1789618655789,121536532597576
6,36959,0.0,1789618655789,121536532597576
7,36959,0.0,1789618655789,121536532597576
0,37060,0.0,1789618655890,121536535005836
1,37060,0.0,1789618655890,121536535005836
2,37060,0.0,1789618655890,121536535005836
3,37060,0.0,1789618655890,121536535005836
4,37060,0.0,1789618655890,121536535005836
5,37060,0.0,1789618655890,121536535005836
6,37060,0.0,1789618655890,121536535005836
7,37060,0.0,1789618655890,121536535005836
0,37160,0.0,1789618655990,121536537415352
1,37160,0.0,1789618655990,121536537415352
2,37160,0.0,1789618655990,121536537415352
3,37160,0.0,1789618655990,121536537415352
4,37160,0.0,1789618655990,121536537415352
5,37160,0.0,1789618655990,121536537415352
6,37160,0.0,1789618655990,121536537415352
7,37160,0.0,1789618655990,121536537415352
0,37260,0.0,1789618656090,121536539826263
1,37260,0.0,1789618656090,121536539826263
2,37260,0.0,1789618656090,121536539826263
3,37260,0.0,1789618656090,121536539826263
4,37260,0.0,1789618656090,121536539826263
5,37260,0.0,1789618656090,121536539826263
6,37260,0.0,1789618656090,121536539826263
7,37260,0.0,1789618656090,121536539826263
0,37361,0.0,1789618656191,121536542237254
1,37361,10.0,1789618656191,121536542237254
2,37361,0.0,1789618656191,121536542237254
3,37361,0.0,1789618656191,121536542237254
4,37361,0.0,1789618656191,121536542237254
5,37361,0.0,1789618656191,121536542237254
6,37361,0.0,1789618656191,121536542237254
7,37361,0.0,1789618656191,121536542237254
0,37461,0.0,1789618656291,121536544646207
1,37461,0.0,1789618656291,121536544646207
2,37461,0.0,1789618656291,121536544646207
3,37461,0.0,1789618656291,121536544646207
4,37461,0.0,1789618656291,121536544646207
5,37461,9.1,1789618656291,121536544646207
6,37461,0.0,1789618656291,121536544646207
7,37461,9.1,1789618656291,121536544646207
0,37562,0.0,1789618656392,121536547054751
1,37562,0.0,1789618656392,121536547054751
2,37562,0.0,1789618656392,121536547054751
3,37562,0.0,1789618656392,121536547054751
4,37562,0.0,1789618656392,121536547054751
5,37562,0.0,1789618656392,121536547054751
6,37562,0.0,1789618656392,121536547054751
7,37562,0.0,1789618656392,121536547054751
0,37662,0.0,1789618656492,121536549464625
1,37662,0.0,1789618656492,121536549464625
2,37662,0.0,1789618656492,121536549464625
3,37662,0.0,1789618656492,121536549464625
4,37662,0.0,1789618656492,121536549464625
5,37662,0.0,1789618656492,121536549464625
6,37662,0.0,1789618656492,121536549464625
7,37662,0.0,1789618656492,121536549464625
0,37762,0.0,1789618656592,121536551873469
1,37762,0.0,1789618656592,121536551873469
2,37762,0.0,1789618656592,121536551873469
3,37762,0.0,1789618656592,121536551873469
4,37762,0.0,1789618656592,121536551873469
5,37762,0.0,1789618656592,121536551873469
6,37762,0.0,1789618656592,121536551873469
7,37762,0.0,1789618656592,121536551873469
0,37863,0.0,1789618656693,121536554281900
1,37863,0.0,1789618656693,121536554281900
2,37863,0.0,1789618656693,121536554281900
3,37863,0.0,1789618656693,121536554281900
4,37863,0.0,1789618656693,121536554281900
5,37863,0.0,1789618656693,121536554281900
6,37863,0.0,1789618656693,121536554281900
7,37863,0.0,1789618656693,121536554281900
0,37963,0.0,1789618656793,121536556690285
1,37963,0.0,1789618656793,121536556690285
2,37963,0.0,1789618656793,121536556690285
3,37963,0.0,1789618656793,121536556690285
4,37963,0.0,1789618656793,121536556690285
5,37963,0.0,1789618656793,121536556690285
6,37963,0.0,1789618656793,121536556690285
7,37963,0.0,1789618656793,121536556690285
0,38064,0.0,1789618656894,121536559098824
1,38064,0.0,1789618656894,121536559098824
2,38064,0.0,1789618656894,121536559098824
3,38064,0.0,1789618656894,121536559098824
4,38064,0.0,1789618656894,121536559098824
5,38064,0.0,1789618656894,121536559098824
6,38064,0.0,1789618656894,121536559098824
7,38064,0.0,1789618656894,121536559098824
0,38164,0.0,1789618656994,121536561507272
1,38164,0.0,1789618656994,121536561507272
2,38164,0.0,1789618656994,121536561507272
3,38164,0.0,1789618656994,121536561507272
4,38164,0.0,1789618656994,121536561507272
5,38164,0.0,1789618656994,121536561507272
6,38164,0.0,1789618656994,121536561507272
7,38164,0.0,1789618656994,121536561507272
0,38264,0.0,1789618657094,121536563918006
1,38264,0.0,1789618657094,121536563918006
2,38264,0.0,1789618657094,121536563918006
3,38264,18.2,1789618657094,121536563918006
4,38264,0.0,1789618657094,121536563918006
5,38264,0.0,1789618657094,121536563918006
6,38264,30.0,1789618657094,121536563918006
7,38264,16.7,1789618657094,121536563918006
0,38365,40.0,1789618657195,121536566333802
1,38365,0.0,1789618657195,121536566333802
2,38365,0.0,1789618657195,121536566333802
3,38365,0.0,1789618657195,121536566333802
4,38365,0.0,1789618657195,121536566333802
5,38365,9.1,1789618657195,121536566333802
6,38365,9.1,1789618657195,121536566333802
7,38365,0.0,1789618657195,121536566333802
0,38465,0.0,1789618657295,121536568745509
1,38465,10.0,1789618657295,121536568745509
2,38465,16.7,1789618657295,121536568745509
3,38465,0.0,1789618657295,121536568745509
4,38465,9.1,1789618657295,121536568745509
5,38465,0.0,1789618657295,121536568745509
6,38465,40.0,1789618657295,121536568745509
7,38465,0.0,1789618657295,121536568745509
0,38566,9.1,1789618657396,121536571158590
1,38566,0.0,1789618657396,121536571158590
2,38566,0.0,1789618657396,121536571158590
3,38566,0.0,1789618657396,121536571158590
4,38566,10.0,1789618657396,121536571158590
5,38566,10.0,1789618657396,121536571158590
6,38566,0.0,1789618657396,121536571158590
7,38566,0.0,1789618657396,121536571158590
0,38667,45.5,1789618657497,121536573571347
1,38667,10.0,1789618657497,121536573571347
2,38667,0.0,1789618657497,121536573571347
3,38667,27.3,1789618657497,121536573571347
4,38667,0.0,1789618657497,121536573571347
5,38667,0.0,1789618657497,121536573571347
6,38667,10.0,1789618657497,121536573571347
7,38667,18.2,1789618657497,121536573571347
0,38767,0.0,1789618657597,121536575983331
1,38767,0.0,1789618657597,121536575983331
2,38767,0.0,1789618657597,121536575983331
3,38767,0.0,1789618657597,121536575983331
4,38767,0.0,1789618657597,121536575983331
5,38767,0.0,1789618657597,121536575983331
6,38767,40.0,1789618657597,121536575983331
7,38767,0.0,1789618657597,121536575983331
0,38868,40.0,1789618657698,121536578394391
1,38868,0.0,1789618657698,121536578394391
2,38868,0.0,1789618657698,121536578394391
3,38868,0.0,1789618657698,121536578394391
4,38868,0.0,1789618657698,121536578394391
5,38868,0.0,1789618657698,121536578394391
6,38868,10.0,1789618657698,121536578394391
7,38868,0.0,1789618657698,121536578394391
0,38968,10.0,1789618657798,121536580807330
1,38968,0.0,1789618657798,121536580807330
2,38968,10.0,1789618657798,121536580807330
3,38968,10.0,1789618657798,121536580807330
4,38968,0.0,1789618657798,121536580807330
5,38968,9.1,1789618657798,121536580807330
6,38968,9.1,1789618657798,121536580807330
7,38968,9.1,1789618657798,121536580807330
0,39069,0.0,1789618657899,121536583220138
1,39069,0.0,1789618657899,121536583220138
2,39069,0.0,1789618657899,121536583220138
3,39069,22.2,1789618657899,121536583220138
4,39069,11.1,1789618657899,121536583220138
5,39069,0.0,1789618657899,121536583220138
6,39069,20.0,1789618657899,121536583220138
7,39069,33.3,1789618657899,121536583220138
0,39169,0.0,1789618657999,121536585633459
1,39169,0.0,1789618657999,121536585633459
2,39169,0.0,1789618657999,121536585633459
3,39169,0.0,1789618657999,121536585633459
4,39169,11.1,1789618657999,121536585633459
5,39169,0.0,1789618657999,121536585633459
6,39169,0.0,1789618657999,121536585633459
7,39169,11.1,1789618657999,121536585633459
0,39270,0.0,1789618658100,121536588045941
1,39270,0.0,1789618658100,121536588045941
2,39270,0.0,1789618658100,121536588045941
3,39270,12.5,1789618658100,121536588045941
4,39270,22.2,1789618658100,121536588045941
5,39270,0.0,1789618658100,121536588045941
6,39270,9.1,1789618658100,121536588045941
7,39270,25.0,1789618658100,121536588045941
0,39370,0.0,1789618658200,121536590459868
1,39370,10.0,1789618658200,121536590459868
2,39370,9.1,1789618658200,121536590459868
3,39370,22.2,1789618658200,121536590459868
4,39370,36.4,1789618658200,121536590459868
5,39370,18.2,1789618658200,121536590459868
6,39370,18.2,1789618658200,121536590459868
7,39370,37.5,1789618658200,121536590459868
0,39471,0.0,1789618658301,121536592872822
1,39471,0.0,1789618658301,121536592872822
2,39471,0.0,1789618658301,121536592872822
3,39471,40.0,1789618658301,121536592872822
4,39471,33.3,1789618658301,121536592872822
5,39471,0.0,1789618658301,121536592872822
6,39471,11.1,1789618658301,121536592872822
7,39471,37.5,1789618658301,121536592872822
0,39571,0.0,1789618658401,121536595286575
1,39571,0.0,1789618658401,121536595286575
2,39571,10.0,1789618658401,121536595286575
3,39571,41.7,1789618658401,121536595286575
4,39571,14.3,1789618658401,121536595286575
5,39571,18.2,1789618658401,121536595286575
6,39571,0.0,1789618658401,121536595286575
7,39571,33.3,1789618658401,121536595286575
0,39672,0.0,1789618658502,121536597699222
1,39672,0.0,1789618658502,121536597699222
2,39672,10.0,1789618658502,121536597699222
3,39672,0.0,1789618658502,121536597699222
4,39672,41.7,1789618658502,121536597699222
5,39672,0.0,1789618658502,121536597699222
6,39672,9.1,1789618658502,121536597699222
7,39672,44.4,1789618658502,121536597699222
0,39772,0.0,1789618658602,121536600112030
1,39772,0.0,1789618658602,121536600112030
2,39772,0.0,1789618658602,121536600112030
3,39772,36.4,1789618658602,121536600112030
4,39772,33.3,1789618658602,121536600112030
5,39772,0.0,1789618658602,121536600112030
6,39772,10.0,1789618658602,121536600112030
7,39772,50.0,1789618658602,121536600112030
0,39873,0.0,1789618658703,121536602527137
1,39873,0.0,1789618658703,121536602527137
2,39873,10.0,1789618658703,121536602527137
3,39873,33.3,1789618658703,121536602527137
4,39873,40.0,1789618658703,121536602527137
5,39873,0.0,1789618658703,121536602527137
6,39873,0.0,1789618658703,121536602527137
7,39873,44.4,1789618658703,121536602527137
0,39974,0.0,1789618658804,121536604940173
1,39974,0.0,1789618658804,121536604940173
2,39974,0.0,1789618658804,121536604940173
3,39974,36.4,1789618658804,121536604940173
4,39974,22.2,1789618658804,121536604940173
5,39974,9.1,1789618658804,121536604940173
6,39974,10.0,1789618658804,121536604940173
7,39974,33.3,1789618658804,121536604940173
0,40074,0.0,1789618658904,121536607353119
1,40074,0.0,1789618658904,121536607353119
2,40074,10.0,1789618658904,121536607353119
3,40074,40.0,1789618658904,121536607353119
4,40074,33.3,1789618658904,121536607353119
5,40074,0.0,1789618658904,121536607353119
6,40074,0.0,1789618658904,121536607353119
7,40074,37.5,1789618658904,121536607353119
0,40175,0.0,1789618659005,121536609765844
1,40175,0.0,1789618659005,121536609765844
2,40175,10.0,1789618659005,121536609765844
3,40175,14.3,1789618659005,121536609765844
4,40175,50.0,1789618659005,121536609765844
5,40175,11.1,1789618659005,121536609765844
6,40175,0.0,1789618659005,121536609765844
7,40175,37.5,1789618659005,121536609765844
0,40275,0.0,1789618659105,121536612178908
1,40275,0.0,1789618659105,121536612178908
2,40275,0.0,1789618659105,121536612178908
3,40275,45.5,1789618659105,121536612178908
4,40275,33.3,1789618659105,121536612178908
5,40275,0.0,1789618659105,121536612178908
6,40275,0.0,1789618659105,121536612178908
7,40275,44.4,1789618659105,121536612178908
0,40376,11.1,1789618659206,121536614592466
1,40376,16.7,1789618659206,121536614592466
2,40376,0.0,1789618659206,121536614592466
3,40376,27.3,1789618659206,121536614592466
4,40376,10.0,1789618659206,121536614592466
5,40376,45.5,1789618659206,121536614592466
6,40376,18.2,1789618659206,121536614592466
7,40376,11.1,1789618659206,121536614592466
0,40476,0.0,1789618659306,121536617005394
1,40476,44.4,1789618659306,121536617005394
2,40476,0.0,1789618659306,121536617005394
3,40476,0.0,1789618659306,121536617005394
4,40476,0.0,1789618659306,121536617005394
5,40476,0.0,1789618659306,121536617005394
6,40476,0.0,1789618659306,121536617005394
7,40476,0.0,1789618659306,121536617005394
0,40577,18.2,1789618659407,121536619418008
1,40577,9.1,1789618659407,121536619418008
2,40577,0.0,1789618659407,121536619418008
3,40577,0.0,1789618659407,121536619418008
4,40577,0.0,1789618659407,121536619418008
5,40577,44.4,1789618659407,121536619418008
6,40577,10.0,1789618659407,121536619418008
7,40577,0.0,1789618659407,121536619418008
0,40677,0.0,1789618659507,121536621832023
1,40677,10.0,1789618659507,121536621832023
2,40677,0.0,1789618659507,121536621832023
3,40677,10.0,1789618659507,121536621832023
4,40677,9.1,1789618659507,121536621832023
5,40677,9.1,1789618659507,121536621832023
6,40677,9.1,1789618659507,121536621832023
7,40677,18.2,1789618659507,121536621832023
0,40778,22.2,1789618659608,121536624246515
1,40778,11.1,1789618659608,121536624246515
2,40778,30.0,1789618659608,121536624246515
3,40778,22.2,1789618659608,121536624246515
4,40778,66.7,1789618659608,121536624246515
5,40778,44.4,1789618659608,121536624246515
6,40778,44.4,1789618659608,121536624246515
7,40778,37.5,1789618659608,121536624246515
0,40879,40.0,1789618659709,121536626665984
1,40879,40.0,1789618659709,121536626665984
2,40879,20.0,1789618659709,121536626665984
3,40879,20.0,1789618659709,121536626665984
4,40879,72.7,1789618659709,121536626665984
5,40879,83.3,1789618659709,121536626665984
6,40879,63.6,1789618659709,121536626665984
7,40879,66.7,1789618659709,121536626665984
0,40980,44.4,1789618659810,121536629089867
1,40980,30.0,1789618659810,121536629089867
2,40980,36.4,1789618659810,121536629089867
3,40980,36.4,1789618659810,121536629089867
4,40980,77.8,1789618659810,121536629089867
5,40980,75.0,1789618659810,121536629089867
6,40980,60.0,1789618659810,121536629089867
7,40980,50.0,1789618659810,121536629089867
0,41080,60.0,1789618659910,121536631503467
1,41080,33.3,1789618659910,121536631503467
2,41080,25.0,1789618659910,121536631503467
3,41080,25.0,1789618659910,121536631503467
4,41080,72.7,1789618659910,121536631503467
5,41080,54.5,1789618659910,121536631503467
6,41080,44.4,1789618659910,121536631503467
7,41080,44.4,1789618659910,121536631503467
0,41182,63.6,1789618660012,121536633931318
1,41182,50.0,1789618660012,121536633931318
2,41182,44.4,1789618660012,121536633931318
3,41182,40.0,1789618660012,121536633931318
4,41182,66.7,1789618660012,121536633931318
5,41182,50.0,1789618660012,121536633931318
6,41182,55.6,1789618660012,121536633931318
7,41182,50.0,1789618660012,121536633931318
0,41282,57.1,1789618660112,121536636344990
1,41282,54.5,1789618660112,121536636344990
2,41282,50.0,1789618660112,121536636344990
3,41282,44.4,1789618660112,121536636344990
4,41282,70.0,1789618660112,121536636344990
5,41282,60.0,1789618660112,121536636344990
6,41282,50.0,1789618660112,121536636344990
7,41282,60.0,1789618660112,121536636344990
0,41383,72.7,1789618660213,121536638758578
1,41383,50.0,1789618660213,121536638758578
2,41383,45.5,1789618660213,121536638758578
3,41383,44.4,1789618660213,121536638758578
4,41383,60.0,1789618660213,121536638758578
5,41383,54.5,1789618660213,121536638758578
6,41383,54.5,1789618660213,121536638758578
7,41383,45.5,1789618660213,121536638758578
0,41483,80.0,1789618660313,121536641172064
1,41483,63.6,1789618660313,121536641172064
2,41483,50.0,1789618660313,121536641172064
3,41483,50.0,1789618660313,121536641172064
4,41483,55.6,1789618660313,121536641172064
5,41483,40.0,1789618660313,121536641172064
6,41483,33.3,1789618660313,121536641172064
7,41483,33.3,1789618660313,121536641172064
0,41584,66.7,1789618660414,121536643585482
1,41584,55.6,1789618660414,121536643585482
2,41584,50.0,1789618660414,121536643585482
3,41584,60.0,1789618660414,121536643585482
4,41584,63.6,1789618660414,121536643585482
5,41584,50.0,1789618660414,121536643585482
6,41584,50.0,1789618660414,121536643585482
7,41584,50.0,1789618660414,121536643585482
0,41684,57.1,1789618660514,121536645999170
1,41684,60.0,1789618660514,121536645999170
2,41684,37.5,1789618660514,121536645999170
3,41684,28.6,1789618660514,121536645999170
4,41684,44.4,1789618660514,121536645999170
5,41684,60.0,1789618660514,121536645999170
6,41684,45.5,1789618660514,121536645999170
7,41684,41.7,1789618660514,121536645999170
0,41785,45.5,1789618660615,121536648413737
1,41785,30.0,1789618660615,121536648413737
2,41785,63.6,1789618660615,121536648413737
3,41785,22.2,1789618660615,121536648413737
4,41785,30.0,1789618660615,121536648413737
5,41785,22.2,1789618660615,121536648413737
6,41785,22.2,1789618660615,121536648413737
7,41785,11.1,1789618660615,121536648413737
0,41886,0.0,1789618660716,121536650826730
1,41886,36.4,1789618660716,121536650826730
2,41886,0.0,1789618660716,121536650826730
3,41886,16.7,1789618660716,121536650826730
4,41886,0.0,1789618660716,121536650826730
5,41886,27.3,1789618660716,121536650826730
6,41886,0.0,1789618660716,121536650826730
7,41886,0.0,1789618660716,121536650826730
0,41986,0.0,1789618660816,121536653240753
1,41986,20.0,1789618660816,121536653240753
2,41986,0.0,1789618660816,121536653240753
3,41986,0.0,1789618660816,121536653240753
4,41986,0.0,1789618660816,121536653240753
5,41986,44.4,1789618660816,121536653240753
6,41986,0.0,1789618660816,121536653240753
7,41986,9.1,1789618660816,121536653240753
0,42087,20.0,1789618660917,121536655653641
1,42087,11.1,1789618660917,121536655653641
2,42087,0.0,1789618660917,121536655653641
3,42087,0.0,1789618660917,121536655653641
4,42087,10.0,1789618660917,121536655653641
5,42087,10.0,1789618660917,121536655653641
6,42087,18.2,1789618660917,121536655653641
7,42087,0.0,1789618660917,121536655653641
0,42187,0.0,1789618661017,121536658066710
1,42187,18.2,1789618661017,121536658066710
2,42187,0.0,1789618661017,121536658066710
3,42187,18.2,1789618661017,121536658066710
4,42187,0.0,1789618661017,121536658066710
5,42187,0.0,1789618661017,121536658066710
6,42187,0.0,1789618661017,121536658066710
7,42187,10.0,1789618661017,121536658066710
0,42288,0.0,1789618661118,121536660480272
1,42288,0.0,1789618661118,121536660480272
2,42288,0.0,1789618661118,121536660480272
3,42288,0.0,1789618661118,121536660480272
4,42288,0.0,1789618661118,121536660480272
5,42288,0.0,1789618661118,121536660480272
6,42288,0.0,1789618661118,121536660480272
7,42288,20.0,1789618661118,121536660480272
0,42388,0.0,1789618661218,121536662893136
1,42388,10.0,1789618661218,121536662893136
2,42388,0.0,1789618661218,121536662893136
3,42388,11.1,1789618661218,121536662893136
4,42388,0.0,1789618661218,121536662893136
5,42388,40.0,1789618661218,121536662893136
6,42388,9.1,1789618661218,121536662893136
7,42388,10.0,1789618661218,121536662893136
0,42489,0.0,1789618661319,121536665306303
1,42489,40.0,1789618661319,121536665306303
2,42489,0.0,1789618661319,121536665306303
3,42489,0.0,1789618661319,121536665306303
4,42489,0.0,1789618661319,121536665306303
5,42489,11.1,1789618661319,121536665306303
6,42489,0.0,1789618661319,121536665306303
7,42489,0.0,1789618661319,121536665306303
0,42589,20.0,1789618661419,121536667720266
1,42589,0.0,1789618661419,121536667720266
2,42589,0.0,1789618661419,121536667720266
3,42589,0.0,1789618661419,121536667720266
4,42589,9.1,1789618661419,121536667720266
5,42589,36.4,1789618661419,121536667720266
6,42589,0.0,1789618661419,121536667720266
7,42589,0.0,1789618661419,121536667720266
0,42690,0.0,1789618661520,121536670133151
1,42690,18.2,1789618661520,121536670133151
2,42690,0.0,1789618661520,121536670133151
3,42690,0.0,1789618661520,121536670133151
4,42690,10.0,1789618661520,121536670133151
5,42690,0.0,1789618661520,121536670133151
6,42690,0.0,1789618661520,121536670133151
7,42690,11.1,1789618661520,121536670133151
0,42791,10.0,1789618661621,121536672546223
1,42791,0.0,1789618661621,121536672546223
2,42791,10.0,1789618661621,121536672546223
3,42791,0.0,1789618661621,121536672546223
4,42791,0.0,1789618661621,121536672546223
5,42791,0.0,1789618661621,121536672546223
6,42791,10.0,1789618661621,121536672546223
7,42791,0.0,1789618661621,121536672546223
0,42891,0.0,1789618661721,121536674955642
1,42891,0.0,1789618661721,121536674955642
2,42891,0.0,1789618661721,121536674955642
3,42891,0.0,1789618661721,121536674955642
4,42891,0.0,1789618661721,121536674955642
5,42891,0.0,1789618661721,121536674955642
6,42891,0.0,1789618661721,121536674955642
7,42891,0.0,1789618661721,121536674955642
0,42991,0.0,1789618661821,121536677363203
1,42991,0.0,1789618661821,121536677363203
2,42991,0.0,1789618661821,121536677363203
3,42991,0.0,1789618661821,121536677363203
4,42991,0.0,1789618661821,121536677363203
5,42991,0.0,1789618661821,121536677363203
6,42991,0.0,1789618661821,121536677363203
7,42991,0.0,1789618661821,121536677363203
0,43092,0.0,1789618661922,121536679771032
1,43092,0.0,1789618661922,121536679771032
2,43092,0.0,1789618661922,121536679771032
3,43092,0.0,1789618661922,121536679771032
4,43092,0.0,1789618661922,121536679771032
5,43092,0.0,1789618661922,121536679771032
6,43092,0.0,1789618661922,121536679771032
7,43092,0.0,1789618661922,121536679771032
0,43192,0.0,1789618662022,121536682179449
1,43192,0.0,1789618662022,121536682179449
2,43192,0.0,1789618662022,121536682179449
3,43192,0.0,1789618662022,121536682179449
4,43192,0.0,1789618662022,121536682179449
5,43192,0.0,1789618662022,121536682179449
6,43192,0.0,1789618662022,121536682179449
7,43192,0.0,1789618662022,121536682179449
0,43292,0.0,1789618662122,121536684590345
1,43292,0.0,1789618662122,121536684590345
2,43292,0.0,1789618662122,121536684590345
3,43292,0.0,1789618662122,121536684590345
4,43292,0.0,1789618662122,121536684590345
5,43292,10.0,1789618662122,121536684590345
6,43292,0.0,1789618662122,121536684590345
7,43292,0.0,1789618662122,121536684590345
0,43393,0.0,1789618662223,121536687003401
1,43393,0.0,1789618662223,121536687003401
2,43393,0.0,1789618662223,121536687003401
3,43393,0.0,1789618662223,121536687003401
4,43393,0.0,1789618662223,121536687003401
5,43393,0.0,1789618662223,121536687003401
6,43393,0.0,1789618662223,121536687003401
7,43393,0.0,1789618662223,121536687003401
0,43493,0.0,1789618662323,121536689415904
1,43493,9.1,1789618662323,121536689415904
2,43493,0.0,1789618662323,121536689415904
3,43493,0.0,1789618662323,121536689415904
4,43493,0.0,1789618662323,121536689415904
5,43493,0.0,1789618662323,121536689415904
6,43493,0.0,1789618662323,121536689415904
7,43493,0.0,1789618662323,121536689415904
0,43594,0.0,1789618662424,121536691828599
1,43594,0.0,1789618662424,121536691828599
2,43594,0.0,1789618662424,121536691828599
3,43594,0.0,1789618662424,121536691828599
4,43594,0.0,1789618662424,121536691828599
5,43594,10.0,1789618662424,121536691828599
6,43594,0.0,1789618662424,121536691828599
7,43594,9.1,1789618662424,121536691828599
0,43694,0.0,1789618662524,121536694240920
1,43694,0.0,1789618662524,121536694240920
2,43694,0.0,1789618662524,121536694240920
3,43694,0.0,1789618662524,121536694240920
4,43694,0.0,1789618662524,121536694240920
5,43694,10.0,1789618662524,121536694240920
6,43694,0.0,1789618662524,121536694240920
7,43694,0.0,1789618662524,121536694240920
0,43795,0.0,1789618662625,121536696649755
1,43795,0.0,1789618662625,121536696649755
2,43795,0.0,1789618662625,121536696649755
3,43795,0.0,1789618662625,121536696649755
4,43795,0.0,1789618662625,121536696649755
5,43795,0.0,1789618662625,121536696649755
6,43795,0.0,1789618662625,121536696649755
7,43795,0.0,1789618662625,121536696649755
0,43895,0.0,1789618662725,121536699056586
1,43895,0.0,1789618662725,121536699056586
2,43895,0.0,1789618662725,121536699056586
3,43895,0.0,1789618662725,121536699056586
4,43895,0.0,1789618662725,121536699056586
5,43895,0.0,1789618662725,121536699056586
6,43895,0.0,1789618662725,121536699056586
7,43895,0.0,1789618662725,121536699056586
0,43995,0.0,1789618662825,121536701463431
1,43995,0.0,1789618662825,121536701463431
2,43995,0.0,1789618662825,121536701463431
3,43995,0.0,1789618662825,121536701463431
4,43995,0.0,1789618662825,121536701463431
5,43995,0.0,1789618662825,121536701463431
6,43995,0.0,1789618662825,121536701463431
7,43995,0.0,1789618662825,121536701463431
0,44096,0.0,1789618662926,121536703870354
1,44096,0.0,1789618662926,121536703870354
2,44096,0.0,1789618662926,121536703870354
3,44096,0.0,1789618662926,121536703870354
4,44096,0.0,1789618662926,121536703870354
5,44096,0.0,1789618662926,121536703870354
6,44096,0.0,1789618662926,121536703870354
7,44096,0.0,1789618662926,121536703870354
0,44196,0.0,1789618663026,121536706277363
1,44196,0.0,1789618663026,121536706277363
2,44196,0.0,1789618663026,121536706277363
3,44196,0.0,1789618663026,121536706277363
4,44196,0.0,1789618663026,121536706277363
5,44196,0.0,1789618663026,121536706277363
6,44196,0.0,1789618663026,121536706277363
7,44196,0.0,1789618663026,121536706277363
0,44296,0.0,1789618663126,121536708684319
1,44296,0.0,1789618663126,121536708684319
2,44296,0.0,1789618663126,121536708684319
3,44296,0.0,1789618663126,121536708684319
4,44296,0.0,1789618663126,121536708684319
5,44296,0.0,1789618663126,121536708684319
6,44296,0.0,1789618663126,121536708684319
7,44296,0.0,1789618663126,121536708684319
0,44397,0.0,1789618663227,121536711092135
1,44397,0.0,1789618663227,121536711092135
2,44397,0.0,1789618663227,121536711092135
3,44397,0.0,1789618663227,121536711092135
4,44397,0.0,1789618663227,121536711092135
5,44397,0.0,1789618663227,121536711092135
6,44397,0.0,1789618663227,121536711092135
7,44397,0.0,1789618663227,121536711092135
0,44497,0.0,1789618663327,121536713499585
1,44497,0.0,1789618663327,121536713499585
2,44497,0.0,1789618663327,121536713499585
3,44497,0.0,1789618663327,121536713499585
4,44497,0.0,1789618663327,121536713499585
5,44497,0.0,1789618663327,121536713499585
6,44497,0.0,1789618663327,121536713499585
7,44497,0.0,1789618663327,121536713499585
0,44597,0.0,1789618663427,121536715906398
1,44597,9.1,1789618663427,121536715906398
2,44597,0.0,1789618663427,121536715906398
3,44597,0.0,1789618663427,121536715906398
4,44597,0.0,1789618663427,121536715906398
5,44597,0.0,1789618663427,121536715906398
6,44597,0.0,1789618663427,121536715906398
7,44597,0.0,1789618663427,121536715906398
0,44698,0.0,1789618663528,121536718313199
1,44698,0.0,1789618663528,121536718313199
2,44698,0.0,1789618663528,121536718313199
3,44698,0.0,1789618663528,121536718313199
4,44698,0.0,1789618663528,121536718313199
5,44698,0.0,1789618663528,121536718313199
6,44698,0.0,1789618663528,121536718313199
7,44698,0.0,1789618663528,121536718313199
0,44798,0.0,1789618663628,121536720723479
1,44798,0.0,1789618663628,121536720723479
2,44798,0.0,1789618663628,121536720723479
3,44798,18.2,1789618663628,121536720723479
4,44798,27.3,1789618663628,121536720723479
5,44798,0.0,1789618663628,121536720723479
6,44798,0.0,1789618663628,121536720723479
7,44798,0.0,1789618663628,121536720723479
0,44898,0.0,1789618663728,121536723133846
1,44898,0.0,1789618663728,121536723133846
2,44898,0.0,1789618663728,121536723133846
3,44898,0.0,1789618663728,121536723133846
4,44898,0.0,1789618663728,121536723133846
5,44898,40.0,1789618663728,121536723133846
6,44898,0.0,1789618663728,121536723133846
7,44898,0.0,1789618663728,121536723133846
0,44999,0.0,1789618663829,121536725544691
1,44999,0.0,1789618663829,121536725544691
2,44999,0.0,1789618663829,121536725544691
3,44999,0.0,1789618663829,121536725544691
4,44999,44.4,1789618663829,121536725544691
5,44999,10.0,1789618663829,121536725544691
6,44999,0.0,1789618663829,121536725544691
7,44999,0.0,1789618663829,121536725544691
0,45099,10.0,1789618663929,121536727956763
1,45099,10.0,1789618663929,121536727956763
2,45099,10.0,1789618663929,121536727956763
3,45099,0.0,1789618663929,121536727956763
4,45099,25.0,1789618663929,121536727956763
5,45099,0.0,1789618663929,121536727956763
6,45099,18.2,1789618663929,121536727956763
7,45099,0.0,1789618663929,121536727956763
0,45200,0.0,1789618664030,121536730370413
1,45200,10.0,1789618664030,121536730370413
2,45200,0.0,1789618664030,121536730370413
3,45200,0.0,1789618664030,121536730370413
4,45200,0.0,1789618664030,121536730370413
5,45200,20.0,1789618664030,121536730370413
6,45200,0.0,1789618664030,121536730370413
7,45200,18.2,1789618664030,121536730370413
0,45300,9.1,1789618664130,121536732783548
1,45300,10.0,1789618664130,121536732783548
2,45300,10.0,1789618664130,121536732783548
3,45300,0.0,1789618664130,121536732783548
4,45300,0.0,1789618664130,121536732783548
5,45300,0.0,1789618664130,121536732783548
6,45300,0.0,1789618664130,121536732783548
7,45300,20.0,1789618664130,121536732783548
0,45401,0.0,1789618664231,121536735196726
1,45401,0.0,1789618664231,121536735196726
2,45401,0.0,1789618664231,121536735196726
3,45401,0.0,1789618664231,121536735196726
4,45401,0.0,1789618664231,121536735196726
5,45401,0.0,1789618664231,121536735196726
6,45401,0.0,1789618664231,121536735196726
7,45401,0.0,1789618664231,121536735196726
0,45502,10.0,1789618664332,121536737609354
1,45502,30.0,1789618664332,121536737609354
2,45502,0.0,1789618664332,121536737609354
3,45502,11.1,1789618664332,121536737609354
4,45502,0.0,1789618664332,121536737609354
5,45502,0.0,1789618664332,121536737609354
6,45502,10.0,1789618664332,121536737609354
7,45502,10.0,1789618664332,121536737609354
0,45605,0.0,1789618664435,121536740099186
1,45605,36.4,1789618664435,121536740099186
2,45605,40.0,1789618664435,121536740099186
3,45605,0.0,1789618664435,121536740099186
4,45605,0.0,1789618664435,121536740099186
5,45605,0.0,1789618664435,121536740099186
6,45605,0.0,1789618664435,121536740099186
7,45605,0.0,1789618664435,121536740099186
0,45706,11.1,1789618664536,121536742512074
1,45706,20.0,1789618664536,121536742512074
2,45706,18.2,1789618664536,121536742512074
3,45706,10.0,1789618664536,121536742512074
4,45706,10.0,1789618664536,121536742512074
5,45706,9.1,1789618664536,121536742512074
6,45706,0.0,1789618664536,121536742512074
7,45706,10.0,1789618664536,121536742512074
0,45785,0.0,1789618664615,121536744401995
1,45785,0.0,1789618664615,121536744401995
2,45785,12.5,1789618664615,121536744401995
3,45785,11.1,1789618664615,121536744401995
4,45785,0.0,1789618664615,121536744401995
5,45785,12.5,1789618664615,121536744401995
6,45785,0.0,1789618664615,121536744401995
7,45785,12.5,1789618664615,121536744401995
