cpu,t_ms,busy_pct,epoch_ms,rdtime_ticks
0,100,0.0,1789218985069,111944543328246
1,100,66.7,1789218985069,111944543328246
2,100,87.5,1789218985069,111944543328246
3,100,14.3,1789218985069,111944543328246
4,100,72.7,1789218985069,111944543328246
5,100,0.0,1789218985069,111944543328246
6,100,10.0,1789218985069,111944543328246
7,100,0.0,1789218985069,111944543328246
0,201,0.0,1789218985170,111944545741555
1,201,63.6,1789218985170,111944545741555
2,201,77.8,1789218985170,111944545741555
3,201,33.3,1789218985170,111944545741555
4,201,62.5,1789218985170,111944545741555
5,201,0.0,1789218985170,111944545741555
6,201,10.0,1789218985170,111944545741555
7,201,0.0,1789218985170,111944545741555
0,301,0.0,1789218985270,111944548152467
1,301,62.5,1789218985270,111944548152467
2,301,77.8,1789218985270,111944548152467
3,301,25.0,1789218985270,111944548152467
4,301,63.6,1789218985270,111944548152467
5,301,0.0,1789218985270,111944548152467
6,301,20.0,1789218985270,111944548152467
7,301,0.0,1789218985270,111944548152467
0,402,0.0,1789218985371,111944550563011
1,402,60.0,1789218985371,111944550563011
2,402,90.9,1789218985371,111944550563011
3,402,25.0,1789218985371,111944550563011
4,402,72.7,1789218985371,111944550563011
5,402,0.0,1789218985371,111944550563011
6,402,10.0,1789218985371,111944550563011
7,402,0.0,1789218985371,111944550563011
0,502,0.0,1789218985471,111944552975011
1,502,62.5,1789218985471,111944552975011
2,502,77.8,1789218985471,111944552975011
3,502,36.4,1789218985471,111944552975011
4,502,70.0,1789218985471,111944552975011
5,502,0.0,1789218985471,111944552975011
6,502,18.2,1789218985471,111944552975011
7,502,0.0,1789218985471,111944552975011
0,602,70.0,1789218985571,111944555386593
1,602,25.0,1789218985571,111944555386593
2,602,77.8,1789218985571,111944555386593
3,602,11.1,1789218985571,111944555386593
4,602,55.6,1789218985571,111944555386593
5,602,27.3,1789218985571,111944555386593
6,602,22.2,1789218985571,111944555386593
7,602,40.0,1789218985571,111944555386593
0,703,57.1,1789218985672,111944557798173
1,703,63.6,1789218985672,111944557798173
2,703,88.9,1789218985672,111944557798173
3,703,0.0,1789218985672,111944557798173
4,703,70.0,1789218985672,111944557798173
5,703,0.0,1789218985672,111944557798173
6,703,20.0,1789218985672,111944557798173
7,703,10.0,1789218985672,111944557798173
0,803,72.7,1789218985772,111944560210076
1,803,30.0,1789218985772,111944560210076
2,803,63.6,1789218985772,111944560210076
3,803,11.1,1789218985772,111944560210076
4,803,80.0,1789218985772,111944560210076
5,803,0.0,1789218985772,111944560210076
6,803,10.0,1789218985772,111944560210076
7,803,40.0,1789218985772,111944560210076
0,904,36.4,1789218985873,111944562622320
1,904,77.8,1789218985873,111944562622320
2,904,55.6,1789218985873,111944562622320
3,904,11.1,1789218985873,111944562622320
4,904,60.0,1789218985873,111944562622320
5,904,0.0,1789218985873,111944562622320
6,904,20.0,1789218985873,111944562622320
7,904,18.2,1789218985873,111944562622320
0,1005,44.4,1789218985974,111944565035107
1,1005,90.9,1789218985974,111944565035107
2,1005,70.0,1789218985974,111944565035107
3,1005,27.3,1789218985974,111944565035107
4,1005,50.0,1789218985974,111944565035107
5,1005,10.0,1789218985974,111944565035107
6,1005,10.0,1789218985974,111944565035107
7,1005,0.0,1789218985974,111944565035107
0,1105,66.7,1789218986074,111944567446909
1,1105,90.0,1789218986074,111944567446909
2,1105,66.7,1789218986074,111944567446909
3,1105,0.0,1789218986074,111944567446909
4,1105,33.3,1789218986074,111944567446909
5,1105,0.0,1789218986074,111944567446909
6,1105,10.0,1789218986074,111944567446909
7,1105,9.1,1789218986074,111944567446909
0,1205,66.7,1789218986174,111944569858370
1,1205,100.0,1789218986174,111944569858370
2,1205,72.7,1789218986174,111944569858370
3,1205,0.0,1789218986174,111944569858370
4,1205,37.5,1789218986174,111944569858370
5,1205,0.0,1789218986174,111944569858370
6,1205,10.0,1789218986174,111944569858370
7,1205,0.0,1789218986174,111944569858370
0,1306,63.6,1789218986275,111944572270357
1,1306,88.9,1789218986275,111944572270357
2,1306,70.0,1789218986275,111944572270357
3,1306,0.0,1789218986275,111944572270357
4,1306,33.3,1789218986275,111944572270357
5,1306,0.0,1789218986275,111944572270357
6,1306,10.0,1789218986275,111944572270357
7,1306,0.0,1789218986275,111944572270357
0,1407,50.0,1789218986376,111944574682725
1,1407,90.0,1789218986376,111944574682725
2,1407,72.7,1789218986376,111944574682725
3,1407,0.0,1789218986376,111944574682725
4,1407,33.3,1789218986376,111944574682725
5,1407,0.0,1789218986376,111944574682725
6,1407,11.1,1789218986376,111944574682725
7,1407,0.0,1789218986376,111944574682725
0,1507,70.0,1789218986476,111944577093582
1,1507,88.9,1789218986476,111944577093582
2,1507,70.0,1789218986476,111944577093582
3,1507,0.0,1789218986476,111944577093582
4,1507,37.5,1789218986476,111944577093582
5,1507,0.0,1789218986476,111944577093582
6,1507,18.2,1789218986476,111944577093582
7,1507,0.0,1789218986476,111944577093582
0,1607,72.7,1789218986576,111944579505291
1,1607,100.0,1789218986576,111944579505291
2,1607,57.1,1789218986576,111944579505291
3,1607,0.0,1789218986576,111944579505291
4,1607,25.0,1789218986576,111944579505291
5,1607,0.0,1789218986576,111944579505291
6,1607,11.1,1789218986576,111944579505291
7,1607,0.0,1789218986576,111944579505291
0,1708,66.7,1789218986677,111944581916831
1,1708,90.9,1789218986677,111944581916831
2,1708,72.7,1789218986677,111944581916831
3,1708,0.0,1789218986677,111944581916831
4,1708,33.3,1789218986677,111944581916831
5,1708,0.0,1789218986677,111944581916831
6,1708,18.2,1789218986677,111944581916831
7,1708,0.0,1789218986677,111944581916831
0,1808,70.0,1789218986777,111944584328090
1,1808,88.9,1789218986777,111944584328090
2,1808,70.0,1789218986777,111944584328090
3,1808,0.0,1789218986777,111944584328090
4,1808,50.0,1789218986777,111944584328090
5,1808,0.0,1789218986777,111944584328090
6,1808,18.2,1789218986777,111944584328090
7,1808,0.0,1789218986777,111944584328090
0,1909,66.7,1789218986878,111944586739195
1,1909,90.0,1789218986878,111944586739195
2,1909,70.0,1789218986878,111944586739195
3,1909,0.0,1789218986878,111944586739195
4,1909,40.0,1789218986878,111944586739195
5,1909,0.0,1789218986878,111944586739195
6,1909,11.1,1789218986878,111944586739195
7,1909,0.0,1789218986878,111944586739195
0,2009,66.7,1789218986978,111944589150302
1,2009,90.0,1789218986978,111944589150302
2,2009,72.7,1789218986978,111944589150302
3,2009,0.0,1789218986978,111944589150302
4,2009,40.0,1789218986978,111944589150302
5,2009,0.0,1789218986978,111944589150302
6,2009,0.0,1789218986978,111944589150302
7,2009,0.0,1789218986978,111944589150302
0,2110,62.5,1789218987079,111944591561393
1,2110,100.0,1789218987079,111944591561393
2,2110,66.7,1789218987079,111944591561393
3,2110,0.0,1789218987079,111944591561393
4,2110,25.0,1789218987079,111944591561393
5,2110,0.0,1789218987079,111944591561393
6,2110,25.0,1789218987079,111944591561393
7,2110,0.0,1789218987079,111944591561393
0,2210,57.1,1789218987179,111944593973614
1,2210,87.5,1789218987179,111944593973614
2,2210,75.0,1789218987179,111944593973614
3,2210,0.0,1789218987179,111944593973614
4,2210,37.5,1789218987179,111944593973614
5,2210,0.0,1789218987179,111944593973614
6,2210,0.0,1789218987179,111944593973614
7,2210,9.1,1789218987179,111944593973614
0,2311,70.0,1789218987280,111944596385091
1,2311,90.0,1789218987280,111944596385091
2,2311,66.7,1789218987280,111944596385091
3,2311,0.0,1789218987280,111944596385091
4,2311,40.0,1789218987280,111944596385091
5,2311,0.0,1789218987280,111944596385091
6,2311,25.0,1789218987280,111944596385091
7,2311,0.0,1789218987280,111944596385091
0,2411,63.6,1789218987380,111944598796280
1,2411,90.0,1789218987380,111944598796280
2,2411,70.0,1789218987380,111944598796280
3,2411,0.0,1789218987380,111944598796280
4,2411,40.0,1789218987380,111944598796280
5,2411,0.0,1789218987380,111944598796280
6,2411,10.0,1789218987380,111944598796280
7,2411,0.0,1789218987380,111944598796280
0,2512,66.7,1789218987481,111944601207650
1,2512,100.0,1789218987481,111944601207650
2,2512,70.0,1789218987481,111944601207650
3,2512,0.0,1789218987481,111944601207650
4,2512,33.3,1789218987481,111944601207650
5,2512,0.0,1789218987481,111944601207650
6,2512,11.1,1789218987481,111944601207650
7,2512,0.0,1789218987481,111944601207650
0,2612,72.7,1789218987581,111944603619666
1,2612,88.9,1789218987581,111944603619666
2,2612,62.5,1789218987581,111944603619666
3,2612,0.0,1789218987581,111944603619666
4,2612,44.4,1789218987581,111944603619666
5,2612,0.0,1789218987581,111944603619666
6,2612,10.0,1789218987581,111944603619666
7,2612,0.0,1789218987581,111944603619666
0,2713,66.7,1789218987682,111944606031004
1,2713,90.9,1789218987682,111944606031004
2,2713,70.0,1789218987682,111944606031004
3,2713,0.0,1789218987682,111944606031004
4,2713,40.0,1789218987682,111944606031004
5,2713,0.0,1789218987682,111944606031004
6,2713,18.2,1789218987682,111944606031004
7,2713,0.0,1789218987682,111944606031004
0,2813,70.0,1789218987782,111944608442024
1,2813,90.0,1789218987782,111944608442024
2,2813,70.0,1789218987782,111944608442024
3,2813,0.0,1789218987782,111944608442024
4,2813,33.3,1789218987782,111944608442024
5,2813,0.0,1789218987782,111944608442024
6,2813,0.0,1789218987782,111944608442024
7,2813,0.0,1789218987782,111944608442024
0,2914,66.7,1789218987883,111944610853399
1,2914,88.9,1789218987883,111944610853399
2,2914,72.7,1789218987883,111944610853399
3,2914,0.0,1789218987883,111944610853399
4,2914,44.4,1789218987883,111944610853399
5,2914,0.0,1789218987883,111944610853399
6,2914,25.0,1789218987883,111944610853399
7,2914,0.0,1789218987883,111944610853399
0,3014,70.0,1789218987983,111944613265238
1,3014,100.0,1789218987983,111944613265238
2,3014,75.0,1789218987983,111944613265238
3,3014,0.0,1789218987983,111944613265238
4,3014,25.0,1789218987983,111944613265238
5,3014,0.0,1789218987983,111944613265238
6,3014,10.0,1789218987983,111944613265238
7,3014,0.0,1789218987983,111944613265238
0,3115,60.0,1789218988084,111944615676421
1,3115,87.5,1789218988084,111944615676421
2,3115,70.0,1789218988084,111944615676421
3,3115,0.0,1789218988084,111944615676421
4,3115,45.5,1789218988084,111944615676421
5,3115,0.0,1789218988084,111944615676421
6,3115,11.1,1789218988084,111944615676421
7,3115,0.0,1789218988084,111944615676421
0,3215,70.0,1789218988184,111944618087459
1,3215,88.9,1789218988184,111944618087459
2,3215,66.7,1789218988184,111944618087459
3,3215,0.0,1789218988184,111944618087459
4,3215,40.0,1789218988184,111944618087459
5,3215,0.0,1789218988184,111944618087459
6,3215,10.0,1789218988184,111944618087459
7,3215,0.0,1789218988184,111944618087459
0,3316,66.7,1789218988285,111944620498712
1,3316,90.0,1789218988285,111944620498712
2,3316,66.7,1789218988285,111944620498712
3,3316,0.0,1789218988285,111944620498712
4,3316,37.5,1789218988285,111944620498712
5,3316,0.0,1789218988285,111944620498712
6,3316,18.2,1789218988285,111944620498712
7,3316,0.0,1789218988285,111944620498712
0,3416,70.0,1789218988385,111944622909767
1,3416,100.0,1789218988385,111944622909767
2,3416,72.7,1789218988385,111944622909767
3,3416,0.0,1789218988385,111944622909767
4,3416,40.0,1789218988385,111944622909767
5,3416,0.0,1789218988385,111944622909767
6,3416,11.1,1789218988385,111944622909767
7,3416,0.0,1789218988385,111944622909767
0,3516,72.7,1789218988485,111944625321513
1,3516,88.9,1789218988485,111944625321513
2,3516,60.0,1789218988485,111944625321513
3,3516,0.0,1789218988485,111944625321513
4,3516,33.3,1789218988485,111944625321513
5,3516,0.0,1789218988485,111944625321513
6,3516,18.2,1789218988485,111944625321513
7,3516,10.0,1789218988485,111944625321513
0,3617,66.7,1789218988586,111944627733305
1,3617,88.9,1789218988586,111944627733305
2,3617,66.7,1789218988586,111944627733305
3,3617,0.0,1789218988586,111944627733305
4,3617,33.3,1789218988586,111944627733305
5,3617,0.0,1789218988586,111944627733305
6,3617,20.0,1789218988586,111944627733305
7,3617,10.0,1789218988586,111944627733305
0,3717,66.7,1789218988686,111944630144627
1,3717,90.0,1789218988686,111944630144627
2,3717,62.5,1789218988686,111944630144627
3,3717,0.0,1789218988686,111944630144627
4,3717,14.3,1789218988686,111944630144627
5,3717,0.0,1789218988686,111944630144627
6,3717,11.1,1789218988686,111944630144627
7,3717,0.0,1789218988686,111944630144627
0,3818,72.7,1789218988787,111944632557431
1,3818,87.5,1789218988787,111944632557431
2,3818,57.1,1789218988787,111944632557431
3,3818,0.0,1789218988787,111944632557431
4,3818,44.4,1789218988787,111944632557431
5,3818,0.0,1789218988787,111944632557431
6,3818,18.2,1789218988787,111944632557431
7,3818,0.0,1789218988787,111944632557431
0,3918,66.7,1789218988887,111944634968613
1,3918,90.0,1789218988887,111944634968613
2,3918,66.7,1789218988887,111944634968613
3,3918,0.0,1789218988887,111944634968613
4,3918,40.0,1789218988887,111944634968613
5,3918,0.0,1789218988887,111944634968613
6,3918,10.0,1789218988887,111944634968613
7,3918,0.0,1789218988887,111944634968613
0,4019,60.0,1789218988988,111944637379807
1,4019,100.0,1789218988988,111944637379807
2,4019,66.7,1789218988988,111944637379807
3,4019,0.0,1789218988988,111944637379807
4,4019,25.0,1789218988988,111944637379807
5,4019,0.0,1789218988988,111944637379807
6,4019,11.1,1789218988988,111944637379807
7,4019,0.0,1789218988988,111944637379807
0,4119,72.7,1789218989088,111944639791855
1,4119,88.9,1789218989088,111944639791855
2,4119,62.5,1789218989088,111944639791855
3,4119,10.0,1789218989088,111944639791855
4,4119,40.0,1789218989088,111944639791855
5,4119,0.0,1789218989088,111944639791855
6,4119,10.0,1789218989088,111944639791855
7,4119,0.0,1789218989088,111944639791855
0,4220,66.7,1789218989189,111944642203496
1,4220,88.9,1789218989189,111944642203496
2,4220,70.0,1789218989189,111944642203496
3,4220,0.0,1789218989189,111944642203496
4,4220,28.6,1789218989189,111944642203496
5,4220,0.0,1789218989189,111944642203496
6,4220,18.2,1789218989189,111944642203496
7,4220,0.0,1789218989189,111944642203496
0,4320,70.0,1789218989289,111944644614618
1,4320,88.9,1789218989289,111944644614618
2,4320,70.0,1789218989289,111944644614618
3,4320,0.0,1789218989289,111944644614618
4,4320,33.3,1789218989289,111944644614618
5,4320,0.0,1789218989289,111944644614618
6,4320,0.0,1789218989289,111944644614618
7,4320,0.0,1789218989289,111944644614618
0,4421,72.7,1789218989390,111944647025497
1,4421,100.0,1789218989390,111944647025497
2,4421,62.5,1789218989390,111944647025497
3,4421,0.0,1789218989390,111944647025497
4,4421,25.0,1789218989390,111944647025497
5,4421,0.0,1789218989390,111944647025497
6,4421,10.0,1789218989390,111944647025497
7,4421,0.0,1789218989390,111944647025497
0,4521,66.7,1789218989490,111944649436742
1,4521,87.5,1789218989490,111944649436742
2,4521,72.7,1789218989490,111944649436742
3,4521,0.0,1789218989490,111944649436742
4,4521,50.0,1789218989490,111944649436742
5,4521,0.0,1789218989490,111944649436742
6,4521,18.2,1789218989490,111944649436742
7,4521,0.0,1789218989490,111944649436742
0,4622,63.6,1789218989591,111944651847616
1,4622,88.9,1789218989591,111944651847616
2,4622,66.7,1789218989591,111944651847616
3,4622,0.0,1789218989591,111944651847616
4,4622,33.3,1789218989591,111944651847616
5,4622,0.0,1789218989591,111944651847616
6,4622,11.1,1789218989591,111944651847616
7,4622,0.0,1789218989591,111944651847616
0,4722,62.5,1789218989691,111944654258463
1,4722,88.9,1789218989691,111944654258463
2,4722,69.2,1789218989691,111944654258463
3,4722,0.0,1789218989691,111944654258463
4,4722,37.5,1789218989691,111944654258463
5,4722,0.0,1789218989691,111944654258463
6,4722,18.2,1789218989691,111944654258463
7,4722,0.0,1789218989691,111944654258463
0,4823,57.1,1789218989792,111944656669465
1,4823,88.9,1789218989792,111944656669465
2,4823,70.0,1789218989792,111944656669465
3,4823,0.0,1789218989792,111944656669465
4,4823,45.5,1789218989792,111944656669465
5,4823,0.0,1789218989792,111944656669465
6,4823,10.0,1789218989792,111944656669465
7,4823,0.0,1789218989792,111944656669465
0,4923,66.7,1789218989892,111944659080172
1,4923,100.0,1789218989892,111944659080172
2,4923,66.7,1789218989892,111944659080172
3,4923,0.0,1789218989892,111944659080172
4,4923,25.0,1789218989892,111944659080172
5,4923,0.0,1789218989892,111944659080172
6,4923,20.0,1789218989892,111944659080172
7,4923,0.0,1789218989892,111944659080172
0,5024,72.7,1789218989993,111944661491034
1,5024,90.0,1789218989993,111944661491034
2,5024,62.5,1789218989993,111944661491034
3,5024,0.0,1789218989993,111944661491034
4,5024,33.3,1789218989993,111944661491034
5,5024,0.0,1789218989993,111944661491034
6,5024,10.0,1789218989993,111944661491034
7,5024,0.0,1789218989993,111944661491034
0,5124,62.5,1789218990093,111944663902956
1,5124,100.0,1789218990093,111944663902956
2,5124,66.7,1789218990093,111944663902956
3,5124,0.0,1789218990093,111944663902956
4,5124,42.9,1789218990093,111944663902956
5,5124,0.0,1789218990093,111944663902956
6,5124,18.2,1789218990093,111944663902956
7,5124,0.0,1789218990093,111944663902956
0,5225,72.7,1789218990194,111944666313897
1,5225,100.0,1789218990194,111944666313897
2,5225,66.7,1789218990194,111944666313897
3,5225,0.0,1789218990194,111944666313897
4,5225,33.3,1789218990194,111944666313897
5,5225,0.0,1789218990194,111944666313897
6,5225,11.1,1789218990194,111944666313897
7,5225,0.0,1789218990194,111944666313897
0,5325,66.7,1789218990294,111944668725002
1,5325,87.5,1789218990294,111944668725002
2,5325,70.0,1789218990294,111944668725002
3,5325,0.0,1789218990294,111944668725002
4,5325,45.5,1789218990294,111944668725002
5,5325,0.0,1789218990294,111944668725002
6,5325,10.0,1789218990294,111944668725002
7,5325,0.0,1789218990294,111944668725002
0,5425,70.0,1789218990394,111944671136910
1,5425,88.9,1789218990394,111944671136910
2,5425,70.0,1789218990394,111944671136910
3,5425,0.0,1789218990394,111944671136910
4,5425,40.0,1789218990394,111944671136910
5,5425,0.0,1789218990394,111944671136910
6,5425,10.0,1789218990394,111944671136910
7,5425,0.0,1789218990394,111944671136910
0,5526,50.0,1789218990495,111944673549535
1,5526,100.0,1789218990495,111944673549535
2,5526,72.7,1789218990495,111944673549535
3,5526,0.0,1789218990495,111944673549535
4,5526,40.0,1789218990495,111944673549535
5,5526,0.0,1789218990495,111944673549535
6,5526,20.0,1789218990495,111944673549535
7,5526,0.0,1789218990495,111944673549535
0,5627,66.7,1789218990596,111944675961083
1,5627,88.9,1789218990596,111944675961083
2,5627,63.6,1789218990596,111944675961083
3,5627,0.0,1789218990596,111944675961083
4,5627,44.4,1789218990596,111944675961083
5,5627,0.0,1789218990596,111944675961083
6,5627,10.0,1789218990596,111944675961083
7,5627,18.2,1789218990596,111944675961083
0,5727,0.0,1789218990696,111944678374829
1,5727,80.0,1789218990696,111944678374829
2,5727,75.0,1789218990696,111944678374829
3,5727,0.0,1789218990696,111944678374829
4,5727,30.0,1789218990696,111944678374829
5,5727,0.0,1789218990696,111944678374829
6,5727,11.1,1789218990696,111944678374829
7,5727,42.9,1789218990696,111944678374829
0,5828,0.0,1789218990797,111944680794368
1,5828,80.0,1789218990797,111944680794368
2,5828,66.7,1789218990797,111944680794368
3,5828,0.0,1789218990797,111944680794368
4,5828,33.3,1789218990797,111944680794368
5,5828,0.0,1789218990797,111944680794368
6,5828,10.0,1789218990797,111944680794368
7,5828,72.7,1789218990797,111944680794368
0,5928,0.0,1789218990897,111944683206267
1,5928,75.0,1789218990897,111944683206267
2,5928,62.5,1789218990897,111944683206267
3,5928,0.0,1789218990897,111944683206267
4,5928,22.2,1789218990897,111944683206267
5,5928,0.0,1789218990897,111944683206267
6,5928,10.0,1789218990897,111944683206267
7,5928,60.0,1789218990897,111944683206267
0,6029,0.0,1789218990998,111944685618389
1,6029,80.0,1789218990998,111944685618389
2,6029,70.0,1789218990998,111944685618389
3,6029,0.0,1789218990998,111944685618389
4,6029,25.0,1789218990998,111944685618389
5,6029,0.0,1789218990998,111944685618389
6,6029,18.2,1789218990998,111944685618389
7,6029,70.0,1789218990998,111944685618389
0,6129,0.0,1789218991098,111944688029755
1,6129,90.0,1789218991098,111944688029755
2,6129,0.0,1789218991098,111944688029755
3,6129,33.3,1789218991098,111944688029755
4,6129,72.7,1789218991098,111944688029755
5,6129,0.0,1789218991098,111944688029755
6,6129,20.0,1789218991098,111944688029755
7,6129,50.0,1789218991098,111944688029755
0,6230,0.0,1789218991199,111944690441163
1,6230,88.9,1789218991199,111944690441163
2,6230,0.0,1789218991199,111944690441163
3,6230,28.6,1789218991199,111944690441163
4,6230,72.7,1789218991199,111944690441163
5,6230,0.0,1789218991199,111944690441163
6,6230,20.0,1789218991199,111944690441163
7,6230,80.0,1789218991199,111944690441163
0,6330,0.0,1789218991299,111944692854472
1,6330,100.0,1789218991299,111944692854472
2,6330,0.0,1789218991299,111944692854472
3,6330,44.4,1789218991299,111944692854472
4,6330,70.0,1789218991299,111944692854472
5,6330,0.0,1789218991299,111944692854472
6,6330,10.0,1789218991299,111944692854472
7,6330,70.0,1789218991299,111944692854472
0,6431,0.0,1789218991400,111944695265561
1,6431,90.0,1789218991400,111944695265561
2,6431,0.0,1789218991400,111944695265561
3,6431,16.7,1789218991400,111944695265561
4,6431,66.7,1789218991400,111944695265561
5,6431,0.0,1789218991400,111944695265561
6,6431,11.1,1789218991400,111944695265561
7,6431,66.7,1789218991400,111944695265561
0,6531,0.0,1789218991500,111944697676761
1,6531,90.0,1789218991500,111944697676761
2,6531,0.0,1789218991500,111944697676761
3,6531,33.3,1789218991500,111944697676761
4,6531,70.0,1789218991500,111944697676761
5,6531,0.0,1789218991500,111944697676761
6,6531,18.2,1789218991500,111944697676761
7,6531,70.0,1789218991500,111944697676761
0,6632,0.0,1789218991601,111944700087609
1,6632,100.0,1789218991601,111944700087609
2,6632,0.0,1789218991601,111944700087609
3,6632,44.4,1789218991601,111944700087609
4,6632,66.7,1789218991601,111944700087609
5,6632,0.0,1789218991601,111944700087609
6,6632,10.0,1789218991601,111944700087609
7,6632,66.7,1789218991601,111944700087609
0,6732,0.0,1789218991701,111944702498486
1,6732,90.0,1789218991701,111944702498486
2,6732,0.0,1789218991701,111944702498486
3,6732,44.4,1789218991701,111944702498486
4,6732,72.7,1789218991701,111944702498486
5,6732,0.0,1789218991701,111944702498486
6,6732,20.0,1789218991701,111944702498486
7,6732,70.0,1789218991701,111944702498486
0,6833,0.0,1789218991802,111944704909307
1,6833,90.0,1789218991802,111944704909307
2,6833,0.0,1789218991802,111944704909307
3,6833,37.5,1789218991802,111944704909307
4,6833,70.0,1789218991802,111944704909307
5,6833,0.0,1789218991802,111944704909307
6,6833,18.2,1789218991802,111944704909307
7,6833,72.7,1789218991802,111944704909307
0,6933,0.0,1789218991902,111944707320398
1,6933,88.9,1789218991902,111944707320398
2,6933,0.0,1789218991902,111944707320398
3,6933,40.0,1789218991902,111944707320398
4,6933,50.0,1789218991902,111944707320398
5,6933,0.0,1789218991902,111944707320398
6,6933,11.1,1789218991902,111944707320398
7,6933,66.7,1789218991902,111944707320398
0,7034,0.0,1789218992003,111944709731091
1,7034,100.0,1789218992003,111944709731091
2,7034,0.0,1789218992003,111944709731091
3,7034,50.0,1789218992003,111944709731091
4,7034,72.7,1789218992003,111944709731091
5,7034,0.0,1789218992003,111944709731091
6,7034,10.0,1789218992003,111944709731091
7,7034,72.7,1789218992003,111944709731091
0,7134,0.0,1789218992103,111944712144668
1,7134,88.9,1789218992103,111944712144668
2,7134,18.2,1789218992103,111944712144668
3,7134,28.6,1789218992103,111944712144668
4,7134,72.7,1789218992103,111944712144668
5,7134,0.0,1789218992103,111944712144668
6,7134,20.0,1789218992103,111944712144668
7,7134,70.0,1789218992103,111944712144668
0,7235,0.0,1789218992204,111944714556000
1,7235,88.9,1789218992204,111944714556000
2,7235,0.0,1789218992204,111944714556000
3,7235,44.4,1789218992204,111944714556000
4,7235,62.5,1789218992204,111944714556000
5,7235,0.0,1789218992204,111944714556000
6,7235,11.1,1789218992204,111944714556000
7,7235,66.7,1789218992204,111944714556000
0,7335,0.0,1789218992304,111944716966917
1,7335,100.0,1789218992304,111944716966917
2,7335,0.0,1789218992304,111944716966917
3,7335,28.6,1789218992304,111944716966917
4,7335,66.7,1789218992304,111944716966917
5,7335,0.0,1789218992304,111944716966917
6,7335,10.0,1789218992304,111944716966917
7,7335,72.7,1789218992304,111944716966917
0,7436,0.0,1789218992405,111944719377971
1,7436,90.9,1789218992405,111944719377971
2,7436,0.0,1789218992405,111944719377971
3,7436,33.3,1789218992405,111944719377971
4,7436,72.7,1789218992405,111944719377971
5,7436,0.0,1789218992405,111944719377971
6,7436,18.2,1789218992405,111944719377971
7,7436,66.7,1789218992405,111944719377971
0,7536,0.0,1789218992505,111944721789955
1,7536,90.0,1789218992505,111944721789955
2,7536,0.0,1789218992505,111944721789955
3,7536,50.0,1789218992505,111944721789955
4,7536,70.0,1789218992505,111944721789955
5,7536,0.0,1789218992505,111944721789955
6,7536,11.1,1789218992505,111944721789955
7,7536,66.7,1789218992505,111944721789955
0,7637,0.0,1789218992606,111944724200955
1,7637,100.0,1789218992606,111944724200955
2,7637,0.0,1789218992606,111944724200955
3,7637,44.4,1789218992606,111944724200955
4,7637,66.7,1789218992606,111944724200955
5,7637,0.0,1789218992606,111944724200955
6,7637,10.0,1789218992606,111944724200955
7,7637,66.7,1789218992606,111944724200955
0,7737,0.0,1789218992706,111944726612338
1,7737,90.0,1789218992706,111944726612338
2,7737,0.0,1789218992706,111944726612338
3,7737,50.0,1789218992706,111944726612338
4,7737,62.5,1789218992706,111944726612338
5,7737,0.0,1789218992706,111944726612338
6,7737,10.0,1789218992706,111944726612338
7,7737,72.7,1789218992706,111944726612338
0,7837,0.0,1789218992806,111944729023564
1,7837,90.0,1789218992806,111944729023564
2,7837,0.0,1789218992806,111944729023564
3,7837,25.0,1789218992806,111944729023564
4,7837,72.7,1789218992806,111944729023564
5,7837,0.0,1789218992806,111944729023564
6,7837,11.1,1789218992806,111944729023564
7,7837,66.7,1789218992806,111944729023564
0,7938,0.0,1789218992907,111944731435364
1,7938,90.0,1789218992907,111944731435364
2,7938,0.0,1789218992907,111944731435364
3,7938,44.4,1789218992907,111944731435364
4,7938,66.7,1789218992907,111944731435364
5,7938,0.0,1789218992907,111944731435364
6,7938,27.3,1789218992907,111944731435364
7,7938,77.8,1789218992907,111944731435364
0,8038,0.0,1789218993007,111944733846317
1,8038,100.0,1789218993007,111944733846317
2,8038,9.1,1789218993007,111944733846317
3,8038,44.4,1789218993007,111944733846317
4,8038,70.0,1789218993007,111944733846317
5,8038,0.0,1789218993007,111944733846317
6,8038,10.0,1789218993007,111944733846317
7,8038,60.0,1789218993007,111944733846317
0,8139,0.0,1789218993108,111944736257477
1,8139,90.9,1789218993108,111944736257477
2,8139,0.0,1789218993108,111944736257477
3,8139,28.6,1789218993108,111944736257477
4,8139,66.7,1789218993108,111944736257477
5,8139,0.0,1789218993108,111944736257477
6,8139,11.1,1789218993108,111944736257477
7,8139,66.7,1789218993108,111944736257477
0,8239,0.0,1789218993208,111944738668517
1,8239,90.9,1789218993208,111944738668517
2,8239,0.0,1789218993208,111944738668517
3,8239,37.5,1789218993208,111944738668517
4,8239,66.7,1789218993208,111944738668517
5,8239,0.0,1789218993208,111944738668517
6,8239,18.2,1789218993208,111944738668517
7,8239,66.7,1789218993208,111944738668517
0,8340,0.0,1789218993309,111944741079374
1,8340,100.0,1789218993309,111944741079374
2,8340,0.0,1789218993309,111944741079374
3,8340,33.3,1789218993309,111944741079374
4,8340,70.0,1789218993309,111944741079374
5,8340,0.0,1789218993309,111944741079374
6,8340,20.0,1789218993309,111944741079374
7,8340,62.5,1789218993309,111944741079374
0,8440,0.0,1789218993409,111944743490449
1,8440,88.9,1789218993409,111944743490449
2,8440,0.0,1789218993409,111944743490449
3,8440,16.7,1789218993409,111944743490449
4,8440,66.7,1789218993409,111944743490449
5,8440,0.0,1789218993409,111944743490449
6,8440,10.0,1789218993409,111944743490449
7,8440,70.0,1789218993409,111944743490449
0,8541,0.0,1789218993510,111944745901517
1,8541,90.0,1789218993510,111944745901517
2,8541,0.0,1789218993510,111944745901517
3,8541,44.4,1789218993510,111944745901517
4,8541,62.5,1789218993510,111944745901517
5,8541,0.0,1789218993510,111944745901517
6,8541,20.0,1789218993510,111944745901517
7,8541,70.0,1789218993510,111944745901517
0,8641,0.0,1789218993610,111944748312560
1,8641,88.9,1789218993610,111944748312560
2,8641,0.0,1789218993610,111944748312560
3,8641,44.4,1789218993610,111944748312560
4,8641,72.7,1789218993610,111944748312560
5,8641,0.0,1789218993610,111944748312560
6,8641,18.2,1789218993610,111944748312560
7,8641,62.5,1789218993610,111944748312560
0,8742,0.0,1789218993711,111944750723741
1,8742,100.0,1789218993711,111944750723741
2,8742,0.0,1789218993711,111944750723741
3,8742,44.4,1789218993711,111944750723741
4,8742,66.7,1789218993711,111944750723741
5,8742,0.0,1789218993711,111944750723741
6,8742,10.0,1789218993711,111944750723741
7,8742,70.0,1789218993711,111944750723741
0,8842,0.0,1789218993811,111944753136822
1,8842,88.9,1789218993811,111944753136822
2,8842,0.0,1789218993811,111944753136822
3,8842,45.5,1789218993811,111944753136822
4,8842,75.0,1789218993811,111944753136822
5,8842,0.0,1789218993811,111944753136822
6,8842,11.1,1789218993811,111944753136822
7,8842,70.0,1789218993811,111944753136822
0,8943,0.0,1789218993912,111944755547740
1,8943,90.0,1789218993912,111944755547740
2,8943,0.0,1789218993912,111944755547740
3,8943,37.5,1789218993912,111944755547740
4,8943,62.5,1789218993912,111944755547740
5,8943,0.0,1789218993912,111944755547740
6,8943,27.3,1789218993912,111944755547740
7,8943,66.7,1789218993912,111944755547740
0,9043,0.0,1789218994012,111944757958629
1,9043,100.0,1789218994012,111944757958629
2,9043,0.0,1789218994012,111944757958629
3,9043,44.4,1789218994012,111944757958629
4,9043,66.7,1789218994012,111944757958629
5,9043,0.0,1789218994012,111944757958629
6,9043,0.0,1789218994012,111944757958629
7,9043,72.7,1789218994012,111944757958629
0,9144,0.0,1789218994113,111944760369637
1,9144,90.0,1789218994113,111944760369637
2,9144,0.0,1789218994113,111944760369637
3,9144,28.6,1789218994113,111944760369637
4,9144,75.0,1789218994113,111944760369637
5,9144,0.0,1789218994113,111944760369637
6,9144,20.0,1789218994113,111944760369637
7,9144,62.5,1789218994113,111944760369637
0,9244,0.0,1789218994213,111944762780617
1,9244,90.0,1789218994213,111944762780617
2,9244,0.0,1789218994213,111944762780617
3,9244,28.6,1789218994213,111944762780617
4,9244,62.5,1789218994213,111944762780617
5,9244,0.0,1789218994213,111944762780617
6,9244,18.2,1789218994213,111944762780617
7,9244,72.7,1789218994213,111944762780617
0,9345,0.0,1789218994314,111944765191577
1,9345,90.9,1789218994314,111944765191577
2,9345,0.0,1789218994314,111944765191577
3,9345,45.5,1789218994314,111944765191577
4,9345,66.7,1789218994314,111944765191577
5,9345,0.0,1789218994314,111944765191577
6,9345,10.0,1789218994314,111944765191577
7,9345,66.7,1789218994314,111944765191577
0,9445,0.0,1789218994414,111944767602996
1,9445,100.0,1789218994414,111944767602996
2,9445,0.0,1789218994414,111944767602996
3,9445,28.6,1789218994414,111944767602996
4,9445,72.7,1789218994414,111944767602996
5,9445,0.0,1789218994414,111944767602996
6,9445,11.1,1789218994414,111944767602996
7,9445,70.0,1789218994414,111944767602996
0,9545,0.0,1789218994514,111944770014475
1,9545,90.9,1789218994514,111944770014475
2,9545,0.0,1789218994514,111944770014475
3,9545,28.6,1789218994514,111944770014475
4,9545,70.0,1789218994514,111944770014475
5,9545,0.0,1789218994514,111944770014475
6,9545,11.1,1789218994514,111944770014475
7,9545,66.7,1789218994514,111944770014475
0,9646,0.0,1789218994615,111944772426528
1,9646,88.9,1789218994615,111944772426528
2,9646,0.0,1789218994615,111944772426528
3,9646,50.0,1789218994615,111944772426528
4,9646,66.7,1789218994615,111944772426528
5,9646,0.0,1789218994615,111944772426528
6,9646,10.0,1789218994615,111944772426528
7,9646,66.7,1789218994615,111944772426528
0,9746,0.0,1789218994715,111944774838788
1,9746,100.0,1789218994715,111944774838788
2,9746,9.1,1789218994715,111944774838788
3,9746,45.5,1789218994715,111944774838788
4,9746,70.0,1789218994715,111944774838788
5,9746,0.0,1789218994715,111944774838788
6,9746,18.2,1789218994715,111944774838788
7,9746,66.7,1789218994715,111944774838788
0,9847,0.0,1789218994816,111944777250286
1,9847,88.9,1789218994816,111944777250286
2,9847,0.0,1789218994816,111944777250286
3,9847,37.5,1789218994816,111944777250286
4,9847,62.5,1789218994816,111944777250286
5,9847,0.0,1789218994816,111944777250286
6,9847,11.1,1789218994816,111944777250286
7,9847,62.5,1789218994816,111944777250286
0,9947,0.0,1789218994916,111944779661350
1,9947,90.0,1789218994916,111944779661350
2,9947,0.0,1789218994916,111944779661350
3,9947,28.6,1789218994916,111944779661350
4,9947,66.7,1789218994916,111944779661350
5,9947,0.0,1789218994916,111944779661350
6,9947,20.0,1789218994916,111944779661350
7,9947,70.0,1789218994916,111944779661350
0,10048,0.0,1789218995017,111944782073252
1,10048,88.9,1789218995017,111944782073252
2,10048,0.0,1789218995017,111944782073252
3,10048,44.4,1789218995017,111944782073252
4,10048,66.7,1789218995017,111944782073252
5,10048,0.0,1789218995017,111944782073252
6,10048,10.0,1789218995017,111944782073252
7,10048,70.0,1789218995017,111944782073252
0,10148,0.0,1789218995117,111944784484962
1,10148,100.0,1789218995117,111944784484962
2,10148,0.0,1789218995117,111944784484962
3,10148,25.0,1789218995117,111944784484962
4,10148,75.0,1789218995117,111944784484962
5,10148,0.0,1789218995117,111944784484962
6,10148,18.2,1789218995117,111944784484962
7,10148,66.7,1789218995117,111944784484962
0,10249,0.0,1789218995218,111944786896385
1,10249,90.0,1789218995218,111944786896385
2,10249,0.0,1789218995218,111944786896385
3,10249,44.4,1789218995218,111944786896385
4,10249,70.0,1789218995218,111944786896385
5,10249,0.0,1789218995218,111944786896385
6,10249,27.3,1789218995218,111944786896385
7,10249,70.0,1789218995218,111944786896385
0,10349,0.0,1789218995318,111944789307416
1,10349,88.9,1789218995318,111944789307416
2,10349,0.0,1789218995318,111944789307416
3,10349,37.5,1789218995318,111944789307416
4,10349,70.0,1789218995318,111944789307416
5,10349,0.0,1789218995318,111944789307416
6,10349,0.0,1789218995318,111944789307416
7,10349,70.0,1789218995318,111944789307416
0,10450,0.0,1789218995419,111944791718857
1,10450,90.9,1789218995419,111944791718857
2,10450,0.0,1789218995419,111944791718857
3,10450,40.0,1789218995419,111944791718857
4,10450,66.7,1789218995419,111944791718857
5,10450,0.0,1789218995419,111944791718857
6,10450,11.1,1789218995419,111944791718857
7,10450,62.5,1789218995419,111944791718857
0,10550,0.0,1789218995519,111944794131822
1,10550,100.0,1789218995519,111944794131822
2,10550,10.0,1789218995519,111944794131822
3,10550,44.4,1789218995519,111944794131822
4,10550,72.7,1789218995519,111944794131822
5,10550,0.0,1789218995519,111944794131822
6,10550,25.0,1789218995519,111944794131822
7,10550,70.0,1789218995519,111944794131822
0,10651,0.0,1789218995620,111944796543280
1,10651,90.9,1789218995620,111944796543280
2,10651,0.0,1789218995620,111944796543280
3,10651,37.5,1789218995620,111944796543280
4,10651,66.7,1789218995620,111944796543280
5,10651,0.0,1789218995620,111944796543280
6,10651,11.1,1789218995620,111944796543280
7,10651,70.0,1789218995620,111944796543280
0,10751,0.0,1789218995720,111944798954351
1,10751,88.9,1789218995720,111944798954351
2,10751,0.0,1789218995720,111944798954351
3,10751,37.5,1789218995720,111944798954351
4,10751,70.0,1789218995720,111944798954351
5,10751,0.0,1789218995720,111944798954351
6,10751,10.0,1789218995720,111944798954351
7,10751,62.5,1789218995720,111944798954351
0,10852,0.0,1789218995821,111944801365529
1,10852,90.0,1789218995821,111944801365529
2,10852,0.0,1789218995821,111944801365529
3,10852,45.5,1789218995821,111944801365529
4,10852,66.7,1789218995821,111944801365529
5,10852,0.0,1789218995821,111944801365529
6,10852,20.0,1789218995821,111944801365529
7,10852,72.7,1789218995821,111944801365529
0,10952,0.0,1789218995921,111944803776713
1,10952,100.0,1789218995921,111944803776713
2,10952,0.0,1789218995921,111944803776713
3,10952,28.6,1789218995921,111944803776713
4,10952,70.0,1789218995921,111944803776713
5,10952,0.0,1789218995921,111944803776713
6,10952,18.2,1789218995921,111944803776713
7,10952,70.0,1789218995921,111944803776713
0,11054,0.0,1789218996023,111944806212347
1,11054,88.9,1789218996023,111944806212347
2,11054,0.0,1789218996023,111944806212347
3,11054,50.0,1789218996023,111944806212347
4,11054,70.0,1789218996023,111944806212347
5,11054,0.0,1789218996023,111944806212347
6,11054,11.1,1789218996023,111944806212347
7,11054,70.0,1789218996023,111944806212347
0,11155,0.0,1789218996124,111944808632043
1,11155,100.0,1789218996124,111944808632043
2,11155,0.0,1789218996124,111944808632043
3,11155,33.3,1789218996124,111944808632043
4,11155,66.7,1789218996124,111944808632043
5,11155,0.0,1789218996124,111944808632043
6,11155,10.0,1789218996124,111944808632043
7,11155,62.5,1789218996124,111944808632043
0,11255,0.0,1789218996224,111944811044079
1,11255,100.0,1789218996224,111944811044079
2,11255,0.0,1789218996224,111944811044079
3,11255,40.0,1789218996224,111944811044079
4,11255,72.7,1789218996224,111944811044079
5,11255,0.0,1789218996224,111944811044079
6,11255,11.1,1789218996224,111944811044079
7,11255,70.0,1789218996224,111944811044079
0,11356,0.0,1789218996325,111944813455196
1,11356,88.9,1789218996325,111944813455196
2,11356,0.0,1789218996325,111944813455196
3,11356,50.0,1789218996325,111944813455196
4,11356,70.0,1789218996325,111944813455196
5,11356,0.0,1789218996325,111944813455196
6,11356,10.0,1789218996325,111944813455196
7,11356,70.0,1789218996325,111944813455196
0,11456,0.0,1789218996425,111944815871006
1,11456,91.7,1789218996425,111944815871006
2,11456,9.1,1789218996425,111944815871006
3,11456,28.6,1789218996425,111944815871006
4,11456,72.7,1789218996425,111944815871006
5,11456,0.0,1789218996425,111944815871006
6,11456,18.2,1789218996425,111944815871006
7,11456,66.7,1789218996425,111944815871006
0,11557,0.0,1789218996526,111944818282449
1,11557,100.0,1789218996526,111944818282449
2,11557,0.0,1789218996526,111944818282449
3,11557,44.4,1789218996526,111944818282449
4,11557,70.0,1789218996526,111944818282449
5,11557,0.0,1789218996526,111944818282449
6,11557,11.1,1789218996526,111944818282449
7,11557,70.0,1789218996526,111944818282449
0,11657,0.0,1789218996626,111944820693613
1,11657,90.0,1789218996626,111944820693613
2,11657,0.0,1789218996626,111944820693613
3,11657,50.0,1789218996626,111944820693613
4,11657,66.7,1789218996626,111944820693613
5,11657,0.0,1789218996626,111944820693613
6,11657,20.0,1789218996626,111944820693613
7,11657,70.0,1789218996626,111944820693613
0,11758,0.0,1789218996727,111944823105032
1,11758,88.9,1789218996727,111944823105032
2,11758,0.0,1789218996727,111944823105032
3,11758,40.0,1789218996727,111944823105032
4,11758,72.7,1789218996727,111944823105032
5,11758,0.0,1789218996727,111944823105032
6,11758,10.0,1789218996727,111944823105032
7,11758,70.0,1789218996727,111944823105032
0,11858,0.0,1789218996827,111944825517276
1,11858,100.0,1789218996827,111944825517276
2,11858,9.1,1789218996827,111944825517276
3,11858,44.4,1789218996827,111944825517276
4,11858,70.0,1789218996827,111944825517276
5,11858,0.0,1789218996827,111944825517276
6,11858,18.2,1789218996827,111944825517276
7,11858,70.0,1789218996827,111944825517276
0,11959,0.0,1789218996928,111944827928753
1,11959,90.9,1789218996928,111944827928753
2,11959,0.0,1789218996928,111944827928753
3,11959,50.0,1789218996928,111944827928753
4,11959,70.0,1789218996928,111944827928753
5,11959,0.0,1789218996928,111944827928753
6,11959,11.1,1789218996928,111944827928753
7,11959,72.7,1789218996928,111944827928753
0,12059,0.0,1789218997028,111944830339953
1,12059,90.0,1789218997028,111944830339953
2,12059,0.0,1789218997028,111944830339953
3,12059,37.5,1789218997028,111944830339953
4,12059,70.0,1789218997028,111944830339953
5,12059,0.0,1789218997028,111944830339953
6,12059,10.0,1789218997028,111944830339953
7,12059,66.7,1789218997028,111944830339953
0,12160,0.0,1789218997129,111944832751249
1,12160,88.9,1789218997129,111944832751249
2,12160,0.0,1789218997129,111944832751249
3,12160,50.0,1789218997129,111944832751249
4,12160,70.0,1789218997129,111944832751249
5,12160,0.0,1789218997129,111944832751249
6,12160,30.0,1789218997129,111944832751249
7,12160,60.0,1789218997129,111944832751249
0,12260,0.0,1789218997229,111944835162480
1,12260,100.0,1789218997229,111944835162480
2,12260,0.0,1789218997229,111944835162480
3,12260,16.7,1789218997229,111944835162480
4,12260,66.7,1789218997229,111944835162480
5,12260,0.0,1789218997229,111944835162480
6,12260,10.0,1789218997229,111944835162480
7,12260,80.0,1789218997229,111944835162480
0,12360,0.0,1789218997329,111944837573744
1,12360,90.0,1789218997329,111944837573744
2,12360,0.0,1789218997329,111944837573744
3,12360,44.4,1789218997329,111944837573744
4,12360,70.0,1789218997329,111944837573744
5,12360,0.0,1789218997329,111944837573744
6,12360,10.0,1789218997329,111944837573744
7,12360,55.6,1789218997329,111944837573744
0,12461,0.0,1789218997430,111944839985636
1,12461,90.9,1789218997430,111944839985636
2,12461,0.0,1789218997430,111944839985636
3,12461,44.4,1789218997430,111944839985636
4,12461,66.7,1789218997430,111944839985636
5,12461,0.0,1789218997430,111944839985636
6,12461,20.0,1789218997430,111944839985636
7,12461,66.7,1789218997430,111944839985636
0,12561,0.0,1789218997530,111944842396729
1,12561,100.0,1789218997530,111944842396729
2,12561,0.0,1789218997530,111944842396729
3,12561,28.6,1789218997530,111944842396729
4,12561,77.8,1789218997530,111944842396729
5,12561,0.0,1789218997530,111944842396729
6,12561,18.2,1789218997530,111944842396729
7,12561,66.7,1789218997530,111944842396729
0,12662,0.0,1789218997631,111944844808805
1,12662,90.9,1789218997631,111944844808805
2,12662,0.0,1789218997631,111944844808805
3,12662,45.5,1789218997631,111944844808805
4,12662,60.0,1789218997631,111944844808805
5,12662,0.0,1789218997631,111944844808805
6,12662,20.0,1789218997631,111944844808805
7,12662,77.8,1789218997631,111944844808805
0,12762,0.0,1789218997731,111944847219819
1,12762,88.9,1789218997731,111944847219819
2,12762,0.0,1789218997731,111944847219819
3,12762,44.4,1789218997731,111944847219819
4,12762,77.8,1789218997731,111944847219819
5,12762,0.0,1789218997731,111944847219819
6,12762,0.0,1789218997731,111944847219819
7,12762,60.0,1789218997731,111944847219819
0,12863,0.0,1789218997832,111944849630829
1,12863,90.0,1789218997832,111944849630829
2,12863,0.0,1789218997832,111944849630829
3,12863,28.6,1789218997832,111944849630829
4,12863,66.7,1789218997832,111944849630829
5,12863,0.0,1789218997832,111944849630829
6,12863,20.0,1789218997832,111944849630829
7,12863,70.0,1789218997832,111944849630829
0,12963,0.0,1789218997932,111944852041809
1,12963,100.0,1789218997932,111944852041809
2,12963,0.0,1789218997932,111944852041809
3,12963,44.4,1789218997932,111944852041809
4,12963,72.7,1789218997932,111944852041809
5,12963,0.0,1789218997932,111944852041809
6,12963,20.0,1789218997932,111944852041809
7,12963,70.0,1789218997932,111944852041809
0,13064,0.0,1789218998033,111944854452783
1,13064,88.9,1789218998033,111944854452783
2,13064,0.0,1789218998033,111944854452783
3,13064,44.4,1789218998033,111944854452783
4,13064,72.7,1789218998033,111944854452783
5,13064,0.0,1789218998033,111944854452783
6,13064,10.0,1789218998033,111944854452783
7,13064,70.0,1789218998033,111944854452783
0,13164,9.1,1789218998133,111944856864727
1,13164,90.0,1789218998133,111944856864727
2,13164,0.0,1789218998133,111944856864727
3,13164,33.3,1789218998133,111944856864727
4,13164,66.7,1789218998133,111944856864727
5,13164,0.0,1789218998133,111944856864727
6,13164,10.0,1789218998133,111944856864727
7,13164,66.7,1789218998133,111944856864727
0,13265,0.0,1789218998234,111944859276558
1,13265,90.0,1789218998234,111944859276558
2,13265,0.0,1789218998234,111944859276558
3,13265,50.0,1789218998234,111944859276558
4,13265,66.7,1789218998234,111944859276558
5,13265,0.0,1789218998234,111944859276558
6,13265,20.0,1789218998234,111944859276558
7,13265,62.5,1789218998234,111944859276558
0,13365,0.0,1789218998334,111944861687748
1,13365,100.0,1789218998334,111944861687748
2,13365,0.0,1789218998334,111944861687748
3,13365,44.4,1789218998334,111944861687748
4,13365,70.0,1789218998334,111944861687748
5,13365,0.0,1789218998334,111944861687748
6,13365,20.0,1789218998334,111944861687748
7,13365,77.8,1789218998334,111944861687748
0,13466,0.0,1789218998435,111944864098772
1,13466,90.9,1789218998435,111944864098772
2,13466,0.0,1789218998435,111944864098772
3,13466,37.5,1789218998435,111944864098772
4,13466,66.7,1789218998435,111944864098772
5,13466,0.0,1789218998435,111944864098772
6,13466,0.0,1789218998435,111944864098772
7,13466,66.7,1789218998435,111944864098772
0,13566,0.0,1789218998535,111944866510354
1,13566,90.0,1789218998535,111944866510354
2,13566,0.0,1789218998535,111944866510354
3,13566,25.0,1789218998535,111944866510354
4,13566,66.7,1789218998535,111944866510354
5,13566,0.0,1789218998535,111944866510354
6,13566,27.3,1789218998535,111944866510354
7,13566,69.2,1789218998535,111944866510354
0,13667,0.0,1789218998636,111944868922272
1,13667,90.9,1789218998636,111944868922272
2,13667,0.0,1789218998636,111944868922272
3,13667,37.5,1789218998636,111944868922272
4,13667,70.0,1789218998636,111944868922272
5,13667,0.0,1789218998636,111944868922272
6,13667,20.0,1789218998636,111944868922272
7,13667,66.7,1789218998636,111944868922272
0,13767,0.0,1789218998736,111944871333252
1,13767,100.0,1789218998736,111944871333252
2,13767,0.0,1789218998736,111944871333252
3,13767,28.6,1789218998736,111944871333252
4,13767,70.0,1789218998736,111944871333252
5,13767,0.0,1789218998736,111944871333252
6,13767,10.0,1789218998736,111944871333252
7,13767,70.0,1789218998736,111944871333252
0,13868,0.0,1789218998837,111944873744866
1,13868,90.9,1789218998837,111944873744866
2,13868,10.0,1789218998837,111944873744866
3,13868,33.3,1789218998837,111944873744866
4,13868,62.5,1789218998837,111944873744866
5,13868,0.0,1789218998837,111944873744866
6,13868,11.1,1789218998837,111944873744866
7,13868,62.5,1789218998837,111944873744866
0,13968,0.0,1789218998937,111944876156624
1,13968,88.9,1789218998937,111944876156624
2,13968,0.0,1789218998937,111944876156624
3,13968,37.5,1789218998937,111944876156624
4,13968,72.7,1789218998937,111944876156624
5,13968,0.0,1789218998937,111944876156624
6,13968,18.2,1789218998937,111944876156624
7,13968,70.0,1789218998937,111944876156624
0,14069,0.0,1789218999038,111944878567938
1,14069,88.9,1789218999038,111944878567938
2,14069,0.0,1789218999038,111944878567938
3,14069,50.0,1789218999038,111944878567938
4,14069,70.0,1789218999038,111944878567938
5,14069,0.0,1789218999038,111944878567938
6,14069,20.0,1789218999038,111944878567938
7,14069,75.0,1789218999038,111944878567938
0,14169,0.0,1789218999138,111944880979027
1,14169,100.0,1789218999138,111944880979027
2,14169,0.0,1789218999138,111944880979027
3,14169,28.6,1789218999138,111944880979027
4,14169,62.5,1789218999138,111944880979027
5,14169,0.0,1789218999138,111944880979027
6,14169,10.0,1789218999138,111944880979027
7,14169,70.0,1789218999138,111944880979027
0,14270,0.0,1789218999239,111944883390343
1,14270,90.0,1789218999239,111944883390343
2,14270,0.0,1789218999239,111944883390343
3,14270,33.3,1789218999239,111944883390343
4,14270,70.0,1789218999239,111944883390343
5,14270,0.0,1789218999239,111944883390343
6,14270,20.0,1789218999239,111944883390343
7,14270,63.6,1789218999239,111944883390343
0,14370,0.0,1789218999339,111944885802395
1,14370,90.0,1789218999339,111944885802395
2,14370,0.0,1789218999339,111944885802395
3,14370,44.4,1789218999339,111944885802395
4,14370,66.7,1789218999339,111944885802395
5,14370,0.0,1789218999339,111944885802395
6,14370,20.0,1789218999339,111944885802395
7,14370,75.0,1789218999339,111944885802395
0,14471,0.0,1789218999440,111944888213526
1,14471,100.0,1789218999440,111944888213526
2,14471,0.0,1789218999440,111944888213526
3,14471,28.6,1789218999440,111944888213526
4,14471,70.0,1789218999440,111944888213526
5,14471,0.0,1789218999440,111944888213526
6,14471,10.0,1789218999440,111944888213526
7,14471,70.0,1789218999440,111944888213526
0,14571,0.0,1789218999540,111944890624756
1,14571,90.9,1789218999540,111944890624756
2,14571,0.0,1789218999540,111944890624756
3,14571,28.6,1789218999540,111944890624756
4,14571,72.7,1789218999540,111944890624756
5,14571,0.0,1789218999540,111944890624756
6,14571,11.1,1789218999540,111944890624756
7,14571,63.6,1789218999540,111944890624756
0,14671,0.0,1789218999640,111944893036118
1,14671,90.0,1789218999640,111944893036118
2,14671,0.0,1789218999640,111944893036118
3,14671,33.3,1789218999640,111944893036118
4,14671,70.0,1789218999640,111944893036118
5,14671,0.0,1789218999640,111944893036118
6,14671,20.0,1789218999640,111944893036118
7,14671,70.0,1789218999640,111944893036118
0,14772,0.0,1789218999741,111944895447285
1,14772,90.9,1789218999741,111944895447285
2,14772,0.0,1789218999741,111944895447285
3,14772,28.6,1789218999741,111944895447285
4,14772,66.7,1789218999741,111944895447285
5,14772,0.0,1789218999741,111944895447285
6,14772,18.2,1789218999741,111944895447285
7,14772,66.7,1789218999741,111944895447285
0,14872,0.0,1789218999841,111944897859102
1,14872,100.0,1789218999841,111944897859102
2,14872,0.0,1789218999841,111944897859102
3,14872,37.5,1789218999841,111944897859102
4,14872,70.0,1789218999841,111944897859102
5,14872,0.0,1789218999841,111944897859102
6,14872,10.0,1789218999841,111944897859102
7,14872,70.0,1789218999841,111944897859102
0,14973,0.0,1789218999942,111944900270067
1,14973,90.0,1789218999942,111944900270067
2,14973,0.0,1789218999942,111944900270067
3,14973,37.5,1789218999942,111944900270067
4,14973,70.0,1789218999942,111944900270067
5,14973,0.0,1789218999942,111944900270067
6,14973,20.0,1789218999942,111944900270067
7,14973,66.7,1789218999942,111944900270067
0,15073,0.0,1789219000042,111944902681126
1,15073,90.0,1789219000042,111944902681126
2,15073,0.0,1789219000042,111944902681126
3,15073,45.5,1789219000042,111944902681126
4,15073,62.5,1789219000042,111944902681126
5,15073,0.0,1789219000042,111944902681126
6,15073,11.1,1789219000042,111944902681126
7,15073,66.7,1789219000042,111944902681126
0,15174,0.0,1789219000143,111944905092212
1,15174,88.9,1789219000143,111944905092212
2,15174,9.1,1789219000143,111944905092212
3,15174,37.5,1789219000143,111944905092212
4,15174,80.0,1789219000143,111944905092212
5,15174,0.0,1789219000143,111944905092212
6,15174,18.2,1789219000143,111944905092212
7,15174,66.7,1789219000143,111944905092212
0,15274,0.0,1789219000243,111944907506286
1,15274,90.0,1789219000243,111944907506286
2,15274,0.0,1789219000243,111944907506286
3,15274,58.3,1789219000243,111944907506286
4,15274,70.0,1789219000243,111944907506286
5,15274,0.0,1789219000243,111944907506286
6,15274,11.1,1789219000243,111944907506286
7,15274,72.7,1789219000243,111944907506286
0,15375,0.0,1789219000344,111944909920990
1,15375,100.0,1789219000344,111944909920990
2,15375,0.0,1789219000344,111944909920990
3,15375,37.5,1789219000344,111944909920990
4,15375,70.0,1789219000344,111944909920990
5,15375,0.0,1789219000344,111944909920990
6,15375,10.0,1789219000344,111944909920990
7,15375,72.7,1789219000344,111944909920990
0,15476,0.0,1789219000445,111944912335239
1,15476,90.9,1789219000445,111944912335239
2,15476,0.0,1789219000445,111944912335239
3,15476,40.0,1789219000445,111944912335239
4,15476,70.0,1789219000445,111944912335239
5,15476,0.0,1789219000445,111944912335239
6,15476,18.2,1789219000445,111944912335239
7,15476,72.7,1789219000445,111944912335239
0,15576,0.0,1789219000545,111944914750786
1,15576,90.0,1789219000545,111944914750786
2,15576,0.0,1789219000545,111944914750786
3,15576,44.4,1789219000545,111944914750786
4,15576,66.7,1789219000545,111944914750786
5,15576,0.0,1789219000545,111944914750786
6,15576,0.0,1789219000545,111944914750786
7,15576,66.7,1789219000545,111944914750786
0,15677,0.0,1789219000646,111944917166707
1,15677,88.9,1789219000646,111944917166707
2,15677,9.1,1789219000646,111944917166707
3,15677,44.4,1789219000646,111944917166707
4,15677,70.0,1789219000646,111944917166707
5,15677,0.0,1789219000646,111944917166707
6,15677,22.2,1789219000646,111944917166707
7,15677,66.7,1789219000646,111944917166707
0,15778,0.0,1789219000747,111944919581946
1,15778,100.0,1789219000747,111944919581946
2,15778,0.0,1789219000747,111944919581946
3,15778,45.5,1789219000747,111944919581946
4,15778,62.5,1789219000747,111944919581946
5,15778,0.0,1789219000747,111944919581946
6,15778,25.0,1789219000747,111944919581946
7,15778,72.7,1789219000747,111944919581946
0,15878,0.0,1789219000847,111944921996985
1,15878,90.9,1789219000847,111944921996985
2,15878,10.0,1789219000847,111944921996985
3,15878,28.6,1789219000847,111944921996985
4,15878,72.7,1789219000847,111944921996985
5,15878,0.0,1789219000847,111944921996985
6,15878,0.0,1789219000847,111944921996985
7,15878,70.0,1789219000847,111944921996985
0,15979,0.0,1789219000948,111944924412122
1,15979,90.9,1789219000948,111944924412122
2,15979,0.0,1789219000948,111944924412122
3,15979,44.4,1789219000948,111944924412122
4,15979,70.0,1789219000948,111944924412122
5,15979,0.0,1789219000948,111944924412122
6,15979,18.2,1789219000948,111944924412122
7,15979,66.7,1789219000948,111944924412122
0,16079,0.0,1789219001048,111944926826958
1,16079,88.9,1789219001048,111944926826958
2,16079,0.0,1789219001048,111944926826958
3,16079,44.4,1789219001048,111944926826958
4,16079,70.0,1789219001048,111944926826958
5,16079,0.0,1789219001048,111944926826958
6,16079,20.0,1789219001048,111944926826958
7,16079,70.0,1789219001048,111944926826958
0,16180,0.0,1789219001149,111944929243017
1,16180,100.0,1789219001149,111944929243017
2,16180,0.0,1789219001149,111944929243017
3,16180,44.4,1789219001149,111944929243017
4,16180,70.0,1789219001149,111944929243017
5,16180,9.1,1789219001149,111944929243017
6,16180,10.0,1789219001149,111944929243017
7,16180,66.7,1789219001149,111944929243017
0,16281,0.0,1789219001250,111944931657079
1,16281,90.0,1789219001250,111944931657079
2,16281,0.0,1789219001250,111944931657079
3,16281,45.5,1789219001250,111944931657079
4,16281,66.7,1789219001250,111944931657079
5,16281,0.0,1789219001250,111944931657079
6,16281,10.0,1789219001250,111944931657079
7,16281,75.0,1789219001250,111944931657079
0,16381,0.0,1789219001350,111944934072175
1,16381,90.9,1789219001350,111944934072175
2,16381,0.0,1789219001350,111944934072175
3,16381,28.6,1789219001350,111944934072175
4,16381,72.7,1789219001350,111944934072175
5,16381,0.0,1789219001350,111944934072175
6,16381,20.0,1789219001350,111944934072175
7,16381,66.7,1789219001350,111944934072175
0,16482,0.0,1789219001451,111944936489842
1,16482,88.9,1789219001451,111944936489842
2,16482,0.0,1789219001451,111944936489842
3,16482,44.4,1789219001451,111944936489842
4,16482,70.0,1789219001451,111944936489842
5,16482,0.0,1789219001451,111944936489842
6,16482,20.0,1789219001451,111944936489842
7,16482,66.7,1789219001451,111944936489842
0,16583,0.0,1789219001552,111944938902319
1,16583,100.0,1789219001552,111944938902319
2,16583,0.0,1789219001552,111944938902319
3,16583,44.4,1789219001552,111944938902319
4,16583,66.7,1789219001552,111944938902319
5,16583,0.0,1789219001552,111944938902319
6,16583,18.2,1789219001552,111944938902319
7,16583,70.0,1789219001552,111944938902319
0,16683,0.0,1789219001652,111944941317569
1,16683,88.9,1789219001652,111944941317569
2,16683,0.0,1789219001652,111944941317569
3,16683,33.3,1789219001652,111944941317569
4,16683,70.0,1789219001652,111944941317569
5,16683,0.0,1789219001652,111944941317569
6,16683,20.0,1789219001652,111944941317569
7,16683,70.0,1789219001652,111944941317569
0,16784,0.0,1789219001753,111944943732641
1,16784,90.0,1789219001753,111944943732641
2,16784,0.0,1789219001753,111944943732641
3,16784,50.0,1789219001753,111944943732641
4,16784,72.7,1789219001753,111944943732641
5,16784,0.0,1789219001753,111944943732641
6,16784,0.0,1789219001753,111944943732641
7,16784,66.7,1789219001753,111944943732641
0,16884,0.0,1789219001853,111944946147343
1,16884,90.0,1789219001853,111944946147343
2,16884,0.0,1789219001853,111944946147343
3,16884,37.5,1789219001853,111944946147343
4,16884,70.0,1789219001853,111944946147343
5,16884,0.0,1789219001853,111944946147343
6,16884,18.2,1789219001853,111944946147343
7,16884,70.0,1789219001853,111944946147343
0,16985,0.0,1789219001954,111944948567717
1,16985,100.0,1789219001954,111944948567717
2,16985,0.0,1789219001954,111944948567717
3,16985,37.5,1789219001954,111944948567717
4,16985,62.5,1789219001954,111944948567717
5,16985,0.0,1789219001954,111944948567717
6,16985,18.2,1789219001954,111944948567717
7,16985,66.7,1789219001954,111944948567717
0,17086,0.0,1789219002055,111944950981233
1,17086,90.9,1789219002055,111944950981233
2,17086,0.0,1789219002055,111944950981233
3,17086,50.0,1789219002055,111944950981233
4,17086,77.8,1789219002055,111944950981233
5,17086,0.0,1789219002055,111944950981233
6,17086,11.1,1789219002055,111944950981233
7,17086,66.7,1789219002055,111944950981233
0,17186,0.0,1789219002155,111944953395603
1,17186,100.0,1789219002155,111944953395603
2,17186,9.1,1789219002155,111944953395603
3,17186,54.5,1789219002155,111944953395603
4,17186,70.0,1789219002155,111944953395603
5,17186,0.0,1789219002155,111944953395603
6,17186,18.2,1789219002155,111944953395603
7,17186,62.5,1789219002155,111944953395603
0,17287,0.0,1789219002256,111944955810176
1,17287,100.0,1789219002256,111944955810176
2,17287,0.0,1789219002256,111944955810176
3,17287,50.0,1789219002256,111944955810176
4,17287,66.7,1789219002256,111944955810176
5,17287,0.0,1789219002256,111944955810176
6,17287,10.0,1789219002256,111944955810176
7,17287,70.0,1789219002256,111944955810176
0,17388,0.0,1789219002357,111944958226757
1,17388,90.0,1789219002357,111944958226757
2,17388,0.0,1789219002357,111944958226757
3,17388,37.5,1789219002357,111944958226757
4,17388,66.7,1789219002357,111944958226757
5,17388,0.0,1789219002357,111944958226757
6,17388,11.1,1789219002357,111944958226757
7,17388,62.5,1789219002357,111944958226757
0,17488,0.0,1789219002457,111944960641514
1,17488,90.0,1789219002457,111944960641514
2,17488,0.0,1789219002457,111944960641514
3,17488,37.5,1789219002457,111944960641514
4,17488,66.7,1789219002457,111944960641514
5,17488,0.0,1789219002457,111944960641514
6,17488,27.3,1789219002457,111944960641514
7,17488,72.7,1789219002457,111944960641514
0,17589,0.0,1789219002558,111944963056252
1,17589,100.0,1789219002558,111944963056252
2,17589,0.0,1789219002558,111944963056252
3,17589,37.5,1789219002558,111944963056252
4,17589,66.7,1789219002558,111944963056252
5,17589,0.0,1789219002558,111944963056252
6,17589,0.0,1789219002558,111944963056252
7,17589,66.7,1789219002558,111944963056252
0,17690,0.0,1789219002659,111944965471583
1,17690,90.0,1789219002659,111944965471583
2,17690,0.0,1789219002659,111944965471583
3,17690,33.3,1789219002659,111944965471583
4,17690,66.7,1789219002659,111944965471583
5,17690,0.0,1789219002659,111944965471583
6,17690,0.0,1789219002659,111944965471583
7,17690,70.0,1789219002659,111944965471583
0,17790,0.0,1789219002759,111944967888309
1,17790,90.0,1789219002759,111944967888309
2,17790,9.1,1789219002759,111944967888309
3,17790,28.6,1789219002759,111944967888309
4,17790,70.0,1789219002759,111944967888309
5,17790,0.0,1789219002759,111944967888309
6,17790,30.8,1789219002759,111944967888309
7,17790,66.7,1789219002759,111944967888309
0,17891,0.0,1789219002860,111944970302476
1,17891,100.0,1789219002860,111944970302476
2,17891,10.0,1789219002860,111944970302476
3,17891,37.5,1789219002860,111944970302476
4,17891,72.7,1789219002860,111944970302476
5,17891,0.0,1789219002860,111944970302476
6,17891,0.0,1789219002860,111944970302476
7,17891,66.7,1789219002860,111944970302476
0,17992,0.0,1789219002961,111944972717364
1,17992,90.0,1789219002961,111944972717364
2,17992,0.0,1789219002961,111944972717364
3,17992,37.5,1789219002961,111944972717364
4,17992,62.5,1789219002961,111944972717364
5,17992,0.0,1789219002961,111944972717364
6,17992,11.1,1789219002961,111944972717364
7,17992,66.7,1789219002961,111944972717364
0,18092,0.0,1789219003061,111944975132330
1,18092,88.9,1789219003061,111944975132330
2,18092,0.0,1789219003061,111944975132330
3,18092,37.5,1789219003061,111944975132330
4,18092,66.7,1789219003061,111944975132330
5,18092,0.0,1789219003061,111944975132330
6,18092,27.3,1789219003061,111944975132330
7,18092,70.0,1789219003061,111944975132330
0,18193,0.0,1789219003162,111944977548078
1,18193,100.0,1789219003162,111944977548078
2,18193,0.0,1789219003162,111944977548078
3,18193,25.0,1789219003162,111944977548078
4,18193,72.7,1789219003162,111944977548078
5,18193,0.0,1789219003162,111944977548078
6,18193,10.0,1789219003162,111944977548078
7,18193,70.0,1789219003162,111944977548078
0,18293,0.0,1789219003262,111944979963113
1,18293,90.0,1789219003262,111944979963113
2,18293,0.0,1789219003262,111944979963113
3,18293,44.4,1789219003262,111944979963113
4,18293,66.7,1789219003262,111944979963113
5,18293,0.0,1789219003262,111944979963113
6,18293,11.1,1789219003262,111944979963113
7,18293,70.0,1789219003262,111944979963113
0,18394,0.0,1789219003363,111944982380391
1,18394,90.0,1789219003363,111944982380391
2,18394,0.0,1789219003363,111944982380391
3,18394,44.4,1789219003363,111944982380391
4,18394,72.7,1789219003363,111944982380391
5,18394,0.0,1789219003363,111944982380391
6,18394,18.2,1789219003363,111944982380391
7,18394,72.7,1789219003363,111944982380391
0,18495,0.0,1789219003464,111944984792594
1,18495,100.0,1789219003464,111944984792594
2,18495,0.0,1789219003464,111944984792594
3,18495,37.5,1789219003464,111944984792594
4,18495,66.7,1789219003464,111944984792594
5,18495,0.0,1789219003464,111944984792594
6,18495,10.0,1789219003464,111944984792594
7,18495,62.5,1789219003464,111944984792594
0,18595,0.0,1789219003564,111944987209351
1,18595,88.9,1789219003564,111944987209351
2,18595,0.0,1789219003564,111944987209351
3,18595,28.6,1789219003564,111944987209351
4,18595,70.0,1789219003564,111944987209351
5,18595,0.0,1789219003564,111944987209351
6,18595,11.1,1789219003564,111944987209351
7,18595,70.0,1789219003564,111944987209351
0,18696,0.0,1789219003665,111944989623535
1,18696,36.4,1789219003665,111944989623535
2,18696,0.0,1789219003665,111944989623535
3,18696,58.3,1789219003665,111944989623535
4,18696,70.0,1789219003665,111944989623535
5,18696,20.0,1789219003665,111944989623535
6,18696,10.0,1789219003665,111944989623535
7,18696,66.7,1789219003665,111944989623535
0,18797,0.0,1789219003766,111944992039214
1,18797,70.0,1789219003766,111944992039214
2,18797,0.0,1789219003766,111944992039214
3,18797,50.0,1789219003766,111944992039214
4,18797,60.0,1789219003766,111944992039214
5,18797,0.0,1789219003766,111944992039214
6,18797,30.0,1789219003766,111944992039214
7,18797,70.0,1789219003766,111944992039214
0,18897,0.0,1789219003866,111944994453377
1,18897,100.0,1789219003866,111944994453377
2,18897,0.0,1789219003866,111944994453377
3,18897,28.6,1789219003866,111944994453377
4,18897,72.7,1789219003866,111944994453377
5,18897,0.0,1789219003866,111944994453377
6,18897,0.0,1789219003866,111944994453377
7,18897,72.7,1789219003866,111944994453377
0,18998,0.0,1789219003967,111944996868198
1,18998,100.0,1789219003967,111944996868198
2,18998,0.0,1789219003967,111944996868198
3,18998,16.7,1789219003967,111944996868198
4,18998,70.0,1789219003967,111944996868198
5,18998,0.0,1789219003967,111944996868198
6,18998,25.0,1789219003967,111944996868198
7,18998,66.7,1789219003967,111944996868198
0,19098,0.0,1789219004067,111944999283350
1,19098,100.0,1789219004067,111944999283350
2,19098,0.0,1789219004067,111944999283350
3,19098,37.5,1789219004067,111944999283350
4,19098,70.0,1789219004067,111944999283350
5,19098,0.0,1789219004067,111944999283350
6,19098,20.0,1789219004067,111944999283350
7,19098,66.7,1789219004067,111944999283350
0,19199,0.0,1789219004168,111945001699714
1,19199,100.0,1789219004168,111945001699714
2,19199,0.0,1789219004168,111945001699714
3,19199,50.0,1789219004168,111945001699714
4,19199,70.0,1789219004168,111945001699714
5,19199,9.1,1789219004168,111945001699714
6,19199,10.0,1789219004168,111945001699714
7,19199,70.0,1789219004168,111945001699714
0,19300,0.0,1789219004269,111945004113572
1,19300,100.0,1789219004269,111945004113572
2,19300,9.1,1789219004269,111945004113572
3,19300,44.4,1789219004269,111945004113572
4,19300,77.8,1789219004269,111945004113572
5,19300,0.0,1789219004269,111945004113572
6,19300,11.1,1789219004269,111945004113572
7,19300,70.0,1789219004269,111945004113572
0,19400,18.2,1789219004369,111945006529886
1,19400,90.0,1789219004369,111945006529886
2,19400,0.0,1789219004369,111945006529886
3,19400,33.3,1789219004369,111945006529886
4,19400,55.6,1789219004369,111945006529886
5,19400,20.0,1789219004369,111945006529886
6,19400,10.0,1789219004369,111945006529886
7,19400,50.0,1789219004369,111945006529886
0,19501,100.0,1789219004470,111945008945478
1,19501,0.0,1789219004470,111945008945478
2,19501,0.0,1789219004470,111945008945478
3,19501,44.4,1789219004470,111945008945478
4,19501,70.0,1789219004470,111945008945478
5,19501,0.0,1789219004470,111945008945478
6,19501,20.0,1789219004470,111945008945478
7,19501,66.7,1789219004470,111945008945478
0,19602,100.0,1789219004571,111945011360075
1,19602,0.0,1789219004571,111945011360075
2,19602,0.0,1789219004571,111945011360075
3,19602,50.0,1789219004571,111945011360075
4,19602,66.7,1789219004571,111945011360075
5,19602,0.0,1789219004571,111945011360075
6,19602,18.2,1789219004571,111945011360075
7,19602,66.7,1789219004571,111945011360075
0,19702,100.0,1789219004671,111945013775835
1,19702,0.0,1789219004671,111945013775835
2,19702,0.0,1789219004671,111945013775835
3,19702,37.5,1789219004671,111945013775835
4,19702,70.0,1789219004671,111945013775835
5,19702,0.0,1789219004671,111945013775835
6,19702,18.2,1789219004671,111945013775835
7,19702,70.0,1789219004671,111945013775835
0,19803,100.0,1789219004772,111945016190977
1,19803,0.0,1789219004772,111945016190977
2,19803,0.0,1789219004772,111945016190977
3,19803,44.4,1789219004772,111945016190977
4,19803,66.7,1789219004772,111945016190977
5,19803,0.0,1789219004772,111945016190977
6,19803,20.0,1789219004772,111945016190977
7,19803,70.0,1789219004772,111945016190977
0,19904,100.0,1789219004873,111945018606034
1,19904,0.0,1789219004873,111945018606034
2,19904,9.1,1789219004873,111945018606034
3,19904,50.0,1789219004873,111945018606034
4,19904,62.5,1789219004873,111945018606034
5,19904,0.0,1789219004873,111945018606034
6,19904,0.0,1789219004873,111945018606034
7,19904,72.7,1789219004873,111945018606034
0,20004,100.0,1789219004973,111945021020382
1,20004,0.0,1789219004973,111945021020382
2,20004,0.0,1789219004973,111945021020382
3,20004,25.0,1789219004973,111945021020382
4,20004,62.5,1789219004973,111945021020382
5,20004,0.0,1789219004973,111945021020382
6,20004,27.3,1789219004973,111945021020382
7,20004,66.7,1789219004973,111945021020382
0,20105,100.0,1789219005074,111945023437184
1,20105,0.0,1789219005074,111945023437184
2,20105,0.0,1789219005074,111945023437184
3,20105,50.0,1789219005074,111945023437184
4,20105,66.7,1789219005074,111945023437184
5,20105,0.0,1789219005074,111945023437184
6,20105,10.0,1789219005074,111945023437184
7,20105,72.7,1789219005074,111945023437184
0,20206,100.0,1789219005175,111945025852170
1,20206,0.0,1789219005175,111945025852170
2,20206,0.0,1789219005175,111945025852170
3,20206,50.0,1789219005175,111945025852170
4,20206,66.7,1789219005175,111945025852170
5,20206,0.0,1789219005175,111945025852170
6,20206,11.1,1789219005175,111945025852170
7,20206,66.7,1789219005175,111945025852170
0,20306,100.0,1789219005275,111945028268548
1,20306,0.0,1789219005275,111945028268548
2,20306,0.0,1789219005275,111945028268548
3,20306,37.5,1789219005275,111945028268548
4,20306,75.0,1789219005275,111945028268548
5,20306,0.0,1789219005275,111945028268548
6,20306,10.0,1789219005275,111945028268548
7,20306,70.0,1789219005275,111945028268548
0,20407,90.0,1789219005376,111945030682153
1,20407,0.0,1789219005376,111945030682153
2,20407,0.0,1789219005376,111945030682153
3,20407,37.5,1789219005376,111945030682153
4,20407,60.0,1789219005376,111945030682153
5,20407,0.0,1789219005376,111945030682153
6,20407,20.0,1789219005376,111945030682153
7,20407,70.0,1789219005376,111945030682153
0,20507,100.0,1789219005476,111945033095464
1,20507,0.0,1789219005476,111945033095464
2,20507,0.0,1789219005476,111945033095464
3,20507,44.4,1789219005476,111945033095464
4,20507,72.7,1789219005476,111945033095464
5,20507,0.0,1789219005476,111945033095464
6,20507,10.0,1789219005476,111945033095464
7,20507,62.5,1789219005476,111945033095464
0,20608,90.0,1789219005577,111945035511973
1,20608,0.0,1789219005577,111945035511973
2,20608,0.0,1789219005577,111945035511973
3,20608,40.0,1789219005577,111945035511973
4,20608,77.8,1789219005577,111945035511973
5,20608,0.0,1789219005577,111945035511973
6,20608,20.0,1789219005577,111945035511973
7,20608,66.7,1789219005577,111945035511973
0,20709,90.0,1789219005678,111945037928320
1,20709,0.0,1789219005678,111945037928320
2,20709,0.0,1789219005678,111945037928320
3,20709,44.4,1789219005678,111945037928320
4,20709,70.0,1789219005678,111945037928320
5,20709,0.0,1789219005678,111945037928320
6,20709,10.0,1789219005678,111945037928320
7,20709,70.0,1789219005678,111945037928320
0,20809,100.0,1789219005778,111945040342719
1,20809,0.0,1789219005778,111945040342719
2,20809,0.0,1789219005778,111945040342719
3,20809,28.6,1789219005778,111945040342719
4,20809,62.5,1789219005778,111945040342719
5,20809,0.0,1789219005778,111945040342719
6,20809,11.1,1789219005778,111945040342719
7,20809,70.0,1789219005778,111945040342719
0,20910,90.9,1789219005879,111945042758659
1,20910,0.0,1789219005879,111945042758659
2,20910,0.0,1789219005879,111945042758659
3,20910,44.4,1789219005879,111945042758659
4,20910,75.0,1789219005879,111945042758659
5,20910,0.0,1789219005879,111945042758659
6,20910,18.2,1789219005879,111945042758659
7,20910,62.5,1789219005879,111945042758659
0,21011,90.9,1789219005980,111945045173690
1,21011,0.0,1789219005980,111945045173690
2,21011,0.0,1789219005980,111945045173690
3,21011,44.4,1789219005980,111945045173690
4,21011,66.7,1789219005980,111945045173690
5,21011,0.0,1789219005980,111945045173690
6,21011,18.2,1789219005980,111945045173690
7,21011,72.7,1789219005980,111945045173690
0,21111,100.0,1789219006080,111945047588815
1,21111,0.0,1789219006080,111945047588815
2,21111,0.0,1789219006080,111945047588815
3,21111,33.3,1789219006080,111945047588815
4,21111,66.7,1789219006080,111945047588815
5,21111,0.0,1789219006080,111945047588815
6,21111,11.1,1789219006080,111945047588815
7,21111,72.7,1789219006080,111945047588815
0,21212,90.0,1789219006181,111945050004931
1,21212,27.3,1789219006181,111945050004931
2,21212,0.0,1789219006181,111945050004931
3,21212,44.4,1789219006181,111945050004931
4,21212,72.7,1789219006181,111945050004931
5,21212,18.2,1789219006181,111945050004931
6,21212,18.2,1789219006181,111945050004931
7,21212,57.1,1789219006181,111945050004931
0,21313,90.0,1789219006282,111945052420585
1,21313,10.0,1789219006282,111945052420585
2,21313,9.1,1789219006282,111945052420585
3,21313,50.0,1789219006282,111945052420585
4,21313,70.0,1789219006282,111945052420585
5,21313,0.0,1789219006282,111945052420585
6,21313,20.0,1789219006282,111945052420585
7,21313,70.0,1789219006282,111945052420585
0,21413,100.0,1789219006382,111945054835334
1,21413,10.0,1789219006382,111945054835334
2,21413,50.0,1789219006382,111945054835334
3,21413,37.5,1789219006382,111945054835334
4,21413,70.0,1789219006382,111945054835334
5,21413,0.0,1789219006382,111945054835334
6,21413,11.1,1789219006382,111945054835334
7,21413,70.0,1789219006382,111945054835334
0,21514,90.0,1789219006483,111945057256079
1,21514,33.3,1789219006483,111945057256079
2,21514,10.0,1789219006483,111945057256079
3,21514,44.4,1789219006483,111945057256079
4,21514,62.5,1789219006483,111945057256079
5,21514,0.0,1789219006483,111945057256079
6,21514,18.2,1789219006483,111945057256079
7,21514,77.8,1789219006483,111945057256079
0,21615,88.9,1789219006584,111945059669309
1,21615,20.0,1789219006584,111945059669309
2,21615,18.2,1789219006584,111945059669309
3,21615,55.6,1789219006584,111945059669309
4,21615,10.0,1789219006584,111945059669309
5,21615,45.5,1789219006584,111945059669309
6,21615,18.2,1789219006584,111945059669309
7,21615,63.6,1789219006584,111945059669309
0,21718,77.8,1789219006687,111945062140518
1,21718,54.5,1789219006687,111945062140518
2,21718,33.3,1789219006687,111945062140518
3,21718,63.6,1789219006687,111945062140518
4,21718,20.0,1789219006687,111945062140518
5,21718,30.0,1789219006687,111945062140518
6,21718,10.0,1789219006687,111945062140518
7,21718,54.5,1789219006687,111945062140518
0,21819,77.8,1789219006788,111945064569114
1,21819,72.7,1789219006788,111945064569114
2,21819,25.0,1789219006788,111945064569114
3,21819,50.0,1789219006788,111945064569114
4,21819,0.0,1789219006788,111945064569114
5,21819,60.0,1789219006788,111945064569114
6,21819,10.0,1789219006788,111945064569114
7,21819,0.0,1789219006788,111945064569114
0,21919,88.9,1789219006888,111945066981483
1,21919,75.0,1789219006888,111945066981483
2,21919,50.0,1789219006888,111945066981483
3,21919,0.0,1789219006888,111945066981483
4,21919,10.0,1789219006888,111945066981483
5,21919,75.0,1789219006888,111945066981483
6,21919,12.5,1789219006888,111945066981483
7,21919,0.0,1789219006888,111945066981483
0,22020,75.0,1789219006989,111945069395964
1,22020,60.0,1789219006989,111945069395964
2,22020,20.0,1789219006989,111945069395964
3,22020,50.0,1789219006989,111945069395964
4,22020,11.1,1789219006989,111945069395964
5,22020,27.3,1789219006989,111945069395964
6,22020,30.0,1789219006989,111945069395964
7,22020,44.4,1789219006989,111945069395964
0,22121,100.0,1789219007090,111945071810657
1,22121,70.0,1789219007090,111945071810657
2,22121,0.0,1789219007090,111945071810657
3,22121,70.0,1789219007090,111945071810657
4,22121,20.0,1789219007090,111945071810657
5,22121,0.0,1789219007090,111945071810657
6,22121,10.0,1789219007090,111945071810657
7,22121,28.6,1789219007090,111945071810657
0,22221,90.0,1789219007190,111945074223699
1,22221,75.0,1789219007190,111945074223699
2,22221,25.0,1789219007190,111945074223699
3,22221,66.7,1789219007190,111945074223699
4,22221,11.1,1789219007190,111945074223699
5,22221,44.4,1789219007190,111945074223699
6,22221,55.6,1789219007190,111945074223699
7,22221,50.0,1789219007190,111945074223699
0,22322,100.0,1789219007291,111945076649257
1,22322,66.7,1789219007291,111945076649257
2,22322,44.4,1789219007291,111945076649257
3,22322,70.0,1789219007291,111945076649257
4,22322,10.0,1789219007291,111945076649257
5,22322,50.0,1789219007291,111945076649257
6,22322,33.3,1789219007291,111945076649257
7,22322,50.0,1789219007291,111945076649257
0,22423,100.0,1789219007392,111945079062092
1,22423,60.0,1789219007392,111945079062092
2,22423,37.5,1789219007392,111945079062092
3,22423,63.6,1789219007392,111945079062092
4,22423,44.4,1789219007392,111945079062092
5,22423,55.6,1789219007392,111945079062092
6,22423,10.0,1789219007392,111945079062092
7,22423,60.0,1789219007392,111945079062092
0,22524,100.0,1789219007493,111945081489418
1,22524,66.7,1789219007493,111945081489418
2,22524,25.0,1789219007493,111945081489418
3,22524,72.7,1789219007493,111945081489418
4,22524,44.4,1789219007493,111945081489418
5,22524,50.0,1789219007493,111945081489418
6,22524,11.1,1789219007493,111945081489418
7,22524,37.5,1789219007493,111945081489418
0,22624,100.0,1789219007593,111945083904038
1,22624,66.7,1789219007593,111945083904038
2,22624,37.5,1789219007593,111945083904038
3,22624,62.5,1789219007593,111945083904038
4,22624,12.5,1789219007593,111945083904038
5,22624,60.0,1789219007593,111945083904038
6,22624,9.1,1789219007593,111945083904038
7,22624,60.0,1789219007593,111945083904038
0,22725,90.9,1789219007694,111945086318288
1,22725,66.7,1789219007694,111945086318288
2,22725,50.0,1789219007694,111945086318288
3,22725,70.0,1789219007694,111945086318288
4,22725,22.2,1789219007694,111945086318288
5,22725,55.6,1789219007694,111945086318288
6,22725,10.0,1789219007694,111945086318288
7,22725,75.0,1789219007694,111945086318288
0,22826,100.0,1789219007795,111945088742062
1,22826,66.7,1789219007795,111945088742062
2,22826,44.4,1789219007795,111945088742062
3,22826,66.7,1789219007795,111945088742062
4,22826,44.4,1789219007795,111945088742062
5,22826,50.0,1789219007795,111945088742062
6,22826,20.0,1789219007795,111945088742062
7,22826,25.0,1789219007795,111945088742062
0,22927,100.0,1789219007896,111945091155440
1,22927,70.0,1789219007896,111945091155440
2,22927,44.4,1789219007896,111945091155440
3,22927,70.0,1789219007896,111945091155440
4,22927,44.4,1789219007896,111945091155440
5,22927,55.6,1789219007896,111945091155440
6,22927,0.0,1789219007896,111945091155440
7,22927,55.6,1789219007896,111945091155440
0,23027,100.0,1789219007996,111945093568081
1,23027,50.0,1789219007996,111945093568081
2,23027,33.3,1789219007996,111945093568081
3,23027,72.7,1789219007996,111945093568081
4,23027,37.5,1789219007996,111945093568081
5,23027,54.5,1789219007996,111945093568081
6,23027,10.0,1789219007996,111945093568081
7,23027,44.4,1789219007996,111945093568081
0,23128,100.0,1789219008097,111945095981271
1,23128,70.0,1789219008097,111945095981271
2,23128,44.4,1789219008097,111945095981271
3,23128,72.7,1789219008097,111945095981271
4,23128,55.6,1789219008097,111945095981271
5,23128,37.5,1789219008097,111945095981271
6,23128,18.2,1789219008097,111945095981271
7,23128,37.5,1789219008097,111945095981271
0,23229,100.0,1789219008198,111945098403473
1,23229,66.7,1789219008198,111945098403473
2,23229,28.6,1789219008198,111945098403473
3,23229,57.1,1789219008198,111945098403473
4,23229,44.4,1789219008198,111945098403473
5,23229,55.6,1789219008198,111945098403473
6,23229,10.0,1789219008198,111945098403473
7,23229,54.5,1789219008198,111945098403473
0,23329,100.0,1789219008298,111945100819241
1,23329,70.0,1789219008298,111945100819241
2,23329,44.4,1789219008298,111945100819241
3,23329,66.7,1789219008298,111945100819241
4,23329,50.0,1789219008298,111945100819241
5,23329,54.5,1789219008298,111945100819241
6,23329,10.0,1789219008298,111945100819241
7,23329,44.4,1789219008298,111945100819241
0,23430,100.0,1789219008399,111945103238799
1,23430,70.0,1789219008399,111945103238799
2,23430,0.0,1789219008399,111945103238799
3,23430,70.0,1789219008399,111945103238799
4,23430,50.0,1789219008399,111945103238799
5,23430,50.0,1789219008399,111945103238799
6,23430,11.1,1789219008399,111945103238799
7,23430,27.3,1789219008399,111945103238799
0,23531,81.8,1789219008500,111945105661529
1,23531,70.0,1789219008500,111945105661529
2,23531,40.0,1789219008500,111945105661529
3,23531,9.1,1789219008500,111945105661529
4,23531,40.0,1789219008500,111945105661529
5,23531,60.0,1789219008500,111945105661529
6,23531,18.2,1789219008500,111945105661529
7,23531,0.0,1789219008500,111945105661529
0,23631,87.5,1789219008600,111945108073401
1,23631,70.0,1789219008600,111945108073401
2,23631,10.0,1789219008600,111945108073401
3,23631,50.0,1789219008600,111945108073401
4,23631,33.3,1789219008600,111945108073401
5,23631,70.0,1789219008600,111945108073401
6,23631,18.2,1789219008600,111945108073401
7,23631,0.0,1789219008600,111945108073401
0,23732,88.9,1789219008701,111945110486829
1,23732,66.7,1789219008701,111945110486829
2,23732,11.1,1789219008701,111945110486829
3,23732,60.0,1789219008701,111945110486829
4,23732,11.1,1789219008701,111945110486829
5,23732,30.0,1789219008701,111945110486829
6,23732,33.3,1789219008701,111945110486829
7,23732,11.1,1789219008701,111945110486829
0,23833,80.0,1789219008802,111945112899559
1,23833,0.0,1789219008802,111945112899559
2,23833,30.0,1789219008802,111945112899559
3,23833,66.7,1789219008802,111945112899559
4,23833,30.0,1789219008802,111945112899559
5,23833,20.0,1789219008802,111945112899559
6,23833,70.0,1789219008802,111945112899559
7,23833,37.5,1789219008802,111945112899559
0,23933,88.9,1789219008902,111945115311285
1,23933,72.7,1789219008902,111945115311285
2,23933,33.3,1789219008902,111945115311285
3,23933,90.9,1789219008902,111945115311285
4,23933,33.3,1789219008902,111945115311285
5,23933,22.2,1789219008902,111945115311285
6,23933,42.9,1789219008902,111945115311285
7,23933,44.4,1789219008902,111945115311285
0,24034,100.0,1789219009003,111945117722740
1,24034,75.0,1789219009003,111945117722740
2,24034,36.4,1789219009003,111945117722740
3,24034,71.4,1789219009003,111945117722740
4,24034,54.5,1789219009003,111945117722740
5,24034,0.0,1789219009003,111945117722740
6,24034,33.3,1789219009003,111945117722740
7,24034,70.0,1789219009003,111945117722740
0,24134,80.0,1789219009103,111945120135360
1,24134,88.9,1789219009103,111945120135360
2,24134,11.1,1789219009103,111945120135360
3,24134,66.7,1789219009103,111945120135360
4,24134,22.2,1789219009103,111945120135360
5,24134,10.0,1789219009103,111945120135360
6,24134,36.4,1789219009103,111945120135360
7,24134,77.8,1789219009103,111945120135360
0,24235,90.0,1789219009204,111945122563206
1,24235,20.0,1789219009204,111945122563206
2,24235,9.1,1789219009204,111945122563206
3,24235,81.8,1789219009204,111945122563206
4,24235,60.0,1789219009204,111945122563206
5,24235,20.0,1789219009204,111945122563206
6,24235,50.0,1789219009204,111945122563206
7,24235,62.5,1789219009204,111945122563206
0,24336,100.0,1789219009305,111945124975601
1,24336,40.0,1789219009305,111945124975601
2,24336,25.0,1789219009305,111945124975601
3,24336,88.9,1789219009305,111945124975601
4,24336,33.3,1789219009305,111945124975601
5,24336,44.4,1789219009305,111945124975601
6,24336,22.2,1789219009305,111945124975601
7,24336,81.8,1789219009305,111945124975601
0,24436,100.0,1789219009405,111945127387631
1,24436,80.0,1789219009405,111945127387631
2,24436,70.0,1789219009405,111945127387631
3,24436,66.7,1789219009405,111945127387631
4,24436,36.4,1789219009405,111945127387631
5,24436,54.5,1789219009405,111945127387631
6,24436,33.3,1789219009405,111945127387631
7,24436,63.6,1789219009405,111945127387631
0,24537,40.0,1789219009506,111945129800119
1,24537,45.5,1789219009506,111945129800119
2,24537,70.0,1789219009506,111945129800119
3,24537,54.5,1789219009506,111945129800119
4,24537,45.5,1789219009506,111945129800119
5,24537,66.7,1789219009506,111945129800119
6,24537,33.3,1789219009506,111945129800119
7,24537,75.0,1789219009506,111945129800119
0,24637,0.0,1789219009606,111945132211865
1,24637,11.1,1789219009606,111945132211865
2,24637,40.0,1789219009606,111945132211865
3,24637,70.0,1789219009606,111945132211865
4,24637,22.2,1789219009606,111945132211865
5,24637,70.0,1789219009606,111945132211865
6,24637,10.0,1789219009606,111945132211865
7,24637,80.0,1789219009606,111945132211865
0,24738,0.0,1789219009707,111945134623847
1,24738,30.0,1789219009707,111945134623847
2,24738,10.0,1789219009707,111945134623847
3,24738,75.0,1789219009707,111945134623847
4,24738,22.2,1789219009707,111945134623847
5,24738,57.1,1789219009707,111945134623847
6,24738,20.0,1789219009707,111945134623847
7,24738,80.0,1789219009707,111945134623847
0,24838,0.0,1789219009807,111945137036430
1,24838,10.0,1789219009807,111945137036430
2,24838,40.0,1789219009807,111945137036430
3,24838,66.7,1789219009807,111945137036430
4,24838,58.3,1789219009807,111945137036430
5,24838,62.5,1789219009807,111945137036430
6,24838,10.0,1789219009807,111945137036430
7,24838,77.8,1789219009807,111945137036430
0,24939,10.0,1789219009908,111945139448810
1,24939,10.0,1789219009908,111945139448810
2,24939,18.2,1789219009908,111945139448810
3,24939,20.0,1789219009908,111945139448810
4,24939,75.0,1789219009908,111945139448810
5,24939,80.0,1789219009908,111945139448810
6,24939,22.2,1789219009908,111945139448810
7,24939,90.0,1789219009908,111945139448810
0,25039,12.5,1789219010008,111945141864735
1,25039,22.2,1789219010008,111945141864735
2,25039,37.5,1789219010008,111945141864735
3,25039,0.0,1789219010008,111945141864735
4,25039,62.5,1789219010008,111945141864735
5,25039,60.0,1789219010008,111945141864735
6,25039,18.2,1789219010008,111945141864735
7,25039,81.8,1789219010008,111945141864735
0,25140,63.6,1789219010109,111945144276520
1,25140,20.0,1789219010109,111945144276520
2,25140,22.2,1789219010109,111945144276520
3,25140,36.4,1789219010109,111945144276520
4,25140,70.0,1789219010109,111945144276520
5,25140,0.0,1789219010109,111945144276520
6,25140,10.0,1789219010109,111945144276520
7,25140,77.8,1789219010109,111945144276520
0,25240,66.7,1789219010209,111945146687724
1,25240,0.0,1789219010209,111945146687724
2,25240,33.3,1789219010209,111945146687724
3,25240,20.0,1789219010209,111945146687724
4,25240,60.0,1789219010209,111945146687724
5,25240,44.4,1789219010209,111945146687724
6,25240,18.2,1789219010209,111945146687724
7,25240,77.8,1789219010209,111945146687724
0,25341,66.7,1789219010310,111945149099456
1,25341,0.0,1789219010310,111945149099456
2,25341,22.2,1789219010310,111945149099456
3,25341,50.0,1789219010310,111945149099456
4,25341,70.0,1789219010310,111945149099456
5,25341,27.3,1789219010310,111945149099456
6,25341,20.0,1789219010310,111945149099456
7,25341,77.8,1789219010310,111945149099456
0,25441,70.0,1789219010410,111945151511194
1,25441,20.0,1789219010410,111945151511194
2,25441,10.0,1789219010410,111945151511194
3,25441,10.0,1789219010410,111945151511194
4,25441,77.8,1789219010410,111945151511194
5,25441,20.0,1789219010410,111945151511194
6,25441,20.0,1789219010410,111945151511194
7,25441,75.0,1789219010410,111945151511194
0,25542,62.5,1789219010511,111945153924199
1,25542,14.3,1789219010511,111945153924199
2,25542,0.0,1789219010511,111945153924199
3,25542,10.0,1789219010511,111945153924199
4,25542,55.6,1789219010511,111945153924199
5,25542,10.0,1789219010511,111945153924199
6,25542,20.0,1789219010511,111945153924199
7,25542,77.8,1789219010511,111945153924199
0,25643,60.0,1789219010612,111945156337401
1,25643,40.0,1789219010612,111945156337401
2,25643,0.0,1789219010612,111945156337401
3,25643,0.0,1789219010612,111945156337401
4,25643,72.7,1789219010612,111945156337401
5,25643,0.0,1789219010612,111945156337401
6,25643,18.2,1789219010612,111945156337401
7,25643,77.8,1789219010612,111945156337401
0,25743,62.5,1789219010712,111945158758171
1,25743,12.5,1789219010712,111945158758171
2,25743,0.0,1789219010712,111945158758171
3,25743,0.0,1789219010712,111945158758171
4,25743,70.0,1789219010712,111945158758171
5,25743,0.0,1789219010712,111945158758171
6,25743,10.0,1789219010712,111945158758171
7,25743,77.8,1789219010712,111945158758171
0,25844,63.6,1789219010813,111945161170141
1,25844,14.3,1789219010813,111945161170141
2,25844,0.0,1789219010813,111945161170141
3,25844,0.0,1789219010813,111945161170141
4,25844,70.0,1789219010813,111945161170141
5,25844,0.0,1789219010813,111945161170141
6,25844,10.0,1789219010813,111945161170141
7,25844,80.0,1789219010813,111945161170141
0,25944,70.0,1789219010913,111945163583425
1,25944,33.3,1789219010913,111945163583425
2,25944,0.0,1789219010913,111945163583425
3,25944,0.0,1789219010913,111945163583425
4,25944,66.7,1789219010913,111945163583425
5,25944,0.0,1789219010913,111945163583425
6,25944,11.1,1789219010913,111945163583425
7,25944,77.8,1789219010913,111945163583425
0,26045,66.7,1789219011014,111945165995230
1,26045,25.0,1789219011014,111945165995230
2,26045,0.0,1789219011014,111945165995230
3,26045,0.0,1789219011014,111945165995230
4,26045,63.6,1789219011014,111945165995230
5,26045,0.0,1789219011014,111945165995230
6,26045,10.0,1789219011014,111945165995230
7,26045,80.0,1789219011014,111945165995230
0,26145,60.0,1789219011114,111945168407261
1,26145,41.7,1789219011114,111945168407261
2,26145,0.0,1789219011114,111945168407261
3,26145,0.0,1789219011114,111945168407261
4,26145,70.0,1789219011114,111945168407261
5,26145,0.0,1789219011114,111945168407261
6,26145,0.0,1789219011114,111945168407261
7,26145,71.4,1789219011114,111945168407261
0,26246,66.7,1789219011215,111945170824099
1,26246,25.0,1789219011215,111945170824099
2,26246,0.0,1789219011215,111945170824099
3,26246,0.0,1789219011215,111945170824099
4,26246,66.7,1789219011215,111945170824099
5,26246,0.0,1789219011215,111945170824099
6,26246,27.3,1789219011215,111945170824099
7,26246,75.0,1789219011215,111945170824099
0,26347,63.6,1789219011316,111945173235682
1,26347,25.0,1789219011316,111945173235682
2,26347,0.0,1789219011316,111945173235682
3,26347,0.0,1789219011316,111945173235682
4,26347,66.7,1789219011316,111945173235682
5,26347,0.0,1789219011316,111945173235682
6,26347,0.0,1789219011316,111945173235682
7,26347,80.0,1789219011316,111945173235682
0,26447,66.7,1789219011416,111945175651462
1,26447,30.0,1789219011416,111945175651462
2,26447,0.0,1789219011416,111945175651462
3,26447,0.0,1789219011416,111945175651462
4,26447,72.7,1789219011416,111945175651462
5,26447,0.0,1789219011416,111945175651462
6,26447,18.2,1789219011416,111945175651462
7,26447,77.8,1789219011416,111945175651462
0,26548,60.0,1789219011517,111945178066057
1,26548,33.3,1789219011517,111945178066057
2,26548,0.0,1789219011517,111945178066057
3,26548,0.0,1789219011517,111945178066057
4,26548,63.6,1789219011517,111945178066057
5,26548,0.0,1789219011517,111945178066057
6,26548,10.0,1789219011517,111945178066057
7,26548,75.0,1789219011517,111945178066057
0,26648,66.7,1789219011617,111945180477967
1,26648,33.3,1789219011617,111945180477967
2,26648,0.0,1789219011617,111945180477967
3,26648,0.0,1789219011617,111945180477967
4,26648,70.0,1789219011617,111945180477967
5,26648,0.0,1789219011617,111945180477967
6,26648,20.0,1789219011617,111945180477967
7,26648,75.0,1789219011617,111945180477967
0,26749,60.0,1789219011718,111945182889663
1,26749,22.2,1789219011718,111945182889663
2,26749,0.0,1789219011718,111945182889663
3,26749,0.0,1789219011718,111945182889663
4,26749,70.0,1789219011718,111945182889663
5,26749,0.0,1789219011718,111945182889663
6,26749,10.0,1789219011718,111945182889663
7,26749,75.0,1789219011718,111945182889663
0,26850,66.7,1789219011819,111945185305070
1,26850,33.3,1789219011819,111945185305070
2,26850,0.0,1789219011819,111945185305070
3,26850,0.0,1789219011819,111945185305070
4,26850,72.7,1789219011819,111945185305070
5,26850,0.0,1789219011819,111945185305070
6,26850,10.0,1789219011819,111945185305070
7,26850,81.8,1789219011819,111945185305070
0,26950,66.7,1789219011919,111945187718333
1,26950,40.0,1789219011919,111945187718333
2,26950,0.0,1789219011919,111945187718333
3,26950,0.0,1789219011919,111945187718333
4,26950,70.0,1789219011919,111945187718333
5,26950,0.0,1789219011919,111945187718333
6,26950,20.0,1789219011919,111945187718333
7,26950,77.8,1789219011919,111945187718333
0,27051,60.0,1789219012020,111945190129689
1,27051,12.5,1789219012020,111945190129689
2,27051,9.1,1789219012020,111945190129689
3,27051,0.0,1789219012020,111945190129689
4,27051,66.7,1789219012020,111945190129689
5,27051,0.0,1789219012020,111945190129689
6,27051,0.0,1789219012020,111945190129689
7,27051,77.8,1789219012020,111945190129689
0,27151,70.0,1789219012120,111945192541185
1,27151,25.0,1789219012120,111945192541185
2,27151,0.0,1789219012120,111945192541185
3,27151,0.0,1789219012120,111945192541185
4,27151,70.0,1789219012120,111945192541185
5,27151,0.0,1789219012120,111945192541185
6,27151,9.1,1789219012120,111945192541185
7,27151,80.0,1789219012120,111945192541185
0,27252,66.7,1789219012221,111945194956735
1,27252,40.0,1789219012221,111945194956735
2,27252,0.0,1789219012221,111945194956735
3,27252,0.0,1789219012221,111945194956735
4,27252,63.6,1789219012221,111945194956735
5,27252,0.0,1789219012221,111945194956735
6,27252,20.0,1789219012221,111945194956735
7,27252,80.0,1789219012221,111945194956735
0,27352,66.7,1789219012321,111945197368025
1,27352,14.3,1789219012321,111945197368025
2,27352,0.0,1789219012321,111945197368025
3,27352,0.0,1789219012321,111945197368025
4,27352,66.7,1789219012321,111945197368025
5,27352,0.0,1789219012321,111945197368025
6,27352,0.0,1789219012321,111945197368025
7,27352,77.8,1789219012321,111945197368025
0,27453,63.6,1789219012422,111945199779607
1,27453,30.0,1789219012422,111945199779607
2,27453,0.0,1789219012422,111945199779607
3,27453,0.0,1789219012422,111945199779607
4,27453,66.7,1789219012422,111945199779607
5,27453,0.0,1789219012422,111945199779607
6,27453,10.0,1789219012422,111945199779607
7,27453,75.0,1789219012422,111945199779607
0,27553,62.5,1789219012522,111945202191240
1,27553,33.3,1789219012522,111945202191240
2,27553,10.0,1789219012522,111945202191240
3,27553,10.0,1789219012522,111945202191240
4,27553,70.0,1789219012522,111945202191240
5,27553,30.0,1789219012522,111945202191240
6,27553,18.2,1789219012522,111945202191240
7,27553,77.8,1789219012522,111945202191240
0,27654,60.0,1789219012623,111945204605717
1,27654,25.0,1789219012623,111945204605717
2,27654,33.3,1789219012623,111945204605717
3,27654,0.0,1789219012623,111945204605717
4,27654,72.7,1789219012623,111945204605717
5,27654,10.0,1789219012623,111945204605717
6,27654,10.0,1789219012623,111945204605717
7,27654,77.8,1789219012623,111945204605717
0,27754,70.0,1789219012723,111945207017827
1,27754,30.0,1789219012723,111945207017827
2,27754,16.7,1789219012723,111945207017827
3,27754,0.0,1789219012723,111945207017827
4,27754,70.0,1789219012723,111945207017827
5,27754,0.0,1789219012723,111945207017827
6,27754,11.1,1789219012723,111945207017827
7,27754,80.0,1789219012723,111945207017827
0,27856,62.5,1789219012825,111945209462089
1,27856,14.3,1789219012825,111945209462089
2,27856,0.0,1789219012825,111945209462089
3,27856,10.0,1789219012825,111945209462089
4,27856,63.6,1789219012825,111945209462089
5,27856,40.0,1789219012825,111945209462089
6,27856,10.0,1789219012825,111945209462089
7,27856,77.8,1789219012825,111945209462089
0,27957,72.7,1789219012926,111945211874288
1,27957,10.0,1789219012926,111945211874288
2,27957,0.0,1789219012926,111945211874288
3,27957,27.3,1789219012926,111945211874288
4,27957,62.5,1789219012926,111945211874288
5,27957,30.0,1789219012926,111945211874288
6,27957,20.0,1789219012926,111945211874288
7,27957,75.0,1789219012926,111945211874288
0,28057,12.5,1789219013026,111945214285958
1,28057,11.1,1789219013026,111945214285958
2,28057,45.5,1789219013026,111945214285958
3,28057,33.3,1789219013026,111945214285958
4,28057,66.7,1789219013026,111945214285958
5,28057,27.3,1789219013026,111945214285958
6,28057,36.4,1789219013026,111945214285958
7,28057,77.8,1789219013026,111945214285958
0,28158,18.2,1789219013127,111945216698694
1,28158,0.0,1789219013127,111945216698694
2,28158,0.0,1789219013127,111945216698694
3,28158,70.0,1789219013127,111945216698694
4,28158,25.0,1789219013127,111945216698694
5,28158,10.0,1789219013127,111945216698694
6,28158,66.7,1789219013127,111945216698694
7,28158,87.5,1789219013127,111945216698694
0,28258,0.0,1789219013227,111945219111077
1,28258,0.0,1789219013227,111945219111077
2,28258,0.0,1789219013227,111945219111077
3,28258,57.1,1789219013227,111945219111077
4,28258,33.3,1789219013227,111945219111077
5,28258,0.0,1789219013227,111945219111077
6,28258,70.0,1789219013227,111945219111077
7,28258,80.0,1789219013227,111945219111077
0,28359,18.2,1789219013328,111945221521545
1,28359,0.0,1789219013328,111945221521545
2,28359,0.0,1789219013328,111945221521545
3,28359,70.0,1789219013328,111945221521545
4,28359,33.3,1789219013328,111945221521545
5,28359,0.0,1789219013328,111945221521545
6,28359,63.6,1789219013328,111945221521545
7,28359,80.0,1789219013328,111945221521545
0,28459,10.0,1789219013428,111945223932420
1,28459,0.0,1789219013428,111945223932420
2,28459,0.0,1789219013428,111945223932420
3,28459,60.0,1789219013428,111945223932420
4,28459,30.0,1789219013428,111945223932420
5,28459,0.0,1789219013428,111945223932420
6,28459,66.7,1789219013428,111945223932420
7,28459,80.0,1789219013428,111945223932420
0,28559,20.0,1789219013528,111945226343210
1,28559,0.0,1789219013528,111945226343210
2,28559,0.0,1789219013528,111945226343210
3,28559,70.0,1789219013528,111945226343210
4,28559,45.5,1789219013528,111945226343210
5,28559,0.0,1789219013528,111945226343210
6,28559,66.7,1789219013528,111945226343210
7,28559,87.5,1789219013528,111945226343210
0,28660,10.0,1789219013629,111945228754146
1,28660,0.0,1789219013629,111945228754146
2,28660,0.0,1789219013629,111945228754146
3,28660,62.5,1789219013629,111945228754146
4,28660,25.0,1789219013629,111945228754146
5,28660,0.0,1789219013629,111945228754146
6,28660,63.6,1789219013629,111945228754146
7,28660,77.8,1789219013629,111945228754146
0,28760,18.2,1789219013729,111945231165152
1,28760,0.0,1789219013729,111945231165152
2,28760,0.0,1789219013729,111945231165152
3,28760,66.7,1789219013729,111945231165152
4,28760,33.3,1789219013729,111945231165152
5,28760,0.0,1789219013729,111945231165152
6,28760,66.7,1789219013729,111945231165152
7,28760,80.0,1789219013729,111945231165152
0,28861,10.0,1789219013830,111945233575772
1,28861,0.0,1789219013830,111945233575772
2,28861,0.0,1789219013830,111945233575772
3,28861,63.6,1789219013830,111945233575772
4,28861,30.0,1789219013830,111945233575772
5,28861,0.0,1789219013830,111945233575772
6,28861,70.0,1789219013830,111945233575772
7,28861,75.0,1789219013830,111945233575772
0,28961,0.0,1789219013930,111945235986437
1,28961,0.0,1789219013930,111945235986437
2,28961,0.0,1789219013930,111945235986437
3,28961,66.7,1789219013930,111945235986437
4,28961,33.3,1789219013930,111945235986437
5,28961,0.0,1789219013930,111945235986437
6,28961,60.0,1789219013930,111945235986437
7,28961,80.0,1789219013930,111945235986437
0,29062,20.0,1789219014031,111945238397158
1,29062,0.0,1789219014031,111945238397158
2,29062,0.0,1789219014031,111945238397158
3,29062,70.0,1789219014031,111945238397158
4,29062,44.4,1789219014031,111945238397158
5,29062,0.0,1789219014031,111945238397158
6,29062,66.7,1789219014031,111945238397158
7,29062,87.5,1789219014031,111945238397158
0,29162,10.0,1789219014131,111945240808413
1,29162,9.1,1789219014131,111945240808413
2,29162,0.0,1789219014131,111945240808413
3,29162,62.5,1789219014131,111945240808413
4,29162,40.0,1789219014131,111945240808413
5,29162,0.0,1789219014131,111945240808413
6,29162,72.7,1789219014131,111945240808413
7,29162,100.0,1789219014131,111945240808413
0,29263,9.1,1789219014232,111945243219322
1,29263,0.0,1789219014232,111945243219322
2,29263,0.0,1789219014232,111945243219322
3,29263,60.0,1789219014232,111945243219322
4,29263,40.0,1789219014232,111945243219322
5,29263,0.0,1789219014232,111945243219322
6,29263,60.0,1789219014232,111945243219322
7,29263,90.0,1789219014232,111945243219322
0,29363,11.1,1789219014332,111945245630677
1,29363,0.0,1789219014332,111945245630677
2,29363,0.0,1789219014332,111945245630677
3,29363,72.7,1789219014332,111945245630677
4,29363,36.4,1789219014332,111945245630677
5,29363,0.0,1789219014332,111945245630677
6,29363,66.7,1789219014332,111945245630677
7,29363,75.0,1789219014332,111945245630677
0,29464,10.0,1789219014433,111945248041380
1,29464,0.0,1789219014433,111945248041380
2,29464,0.0,1789219014433,111945248041380
3,29464,66.7,1789219014433,111945248041380
4,29464,25.0,1789219014433,111945248041380
5,29464,0.0,1789219014433,111945248041380
6,29464,66.7,1789219014433,111945248041380
7,29464,88.9,1789219014433,111945248041380
0,29564,18.2,1789219014533,111945250452209
1,29564,0.0,1789219014533,111945250452209
2,29564,0.0,1789219014533,111945250452209
3,29564,60.0,1789219014533,111945250452209
4,29564,33.3,1789219014533,111945250452209
5,29564,0.0,1789219014533,111945250452209
6,29564,63.6,1789219014533,111945250452209
7,29564,75.0,1789219014533,111945250452209
0,29664,0.0,1789219014633,111945252862689
1,29664,0.0,1789219014633,111945252862689
2,29664,0.0,1789219014633,111945252862689
3,29664,70.0,1789219014633,111945252862689
4,29664,30.0,1789219014633,111945252862689
5,29664,0.0,1789219014633,111945252862689
6,29664,66.7,1789219014633,111945252862689
7,29664,75.0,1789219014633,111945252862689
0,29765,10.0,1789219014734,111945255273594
1,29765,0.0,1789219014734,111945255273594
2,29765,0.0,1789219014734,111945255273594
3,29765,66.7,1789219014734,111945255273594
4,29765,40.0,1789219014734,111945255273594
5,29765,0.0,1789219014734,111945255273594
6,29765,60.0,1789219014734,111945255273594
7,29765,80.0,1789219014734,111945255273594
0,29865,25.0,1789219014834,111945257685223
1,29865,0.0,1789219014834,111945257685223
2,29865,0.0,1789219014834,111945257685223
3,29865,70.0,1789219014834,111945257685223
4,29865,25.0,1789219014834,111945257685223
5,29865,0.0,1789219014834,111945257685223
6,29865,66.7,1789219014834,111945257685223
7,29865,80.0,1789219014834,111945257685223
0,29966,12.5,1789219014935,111945260096211
1,29966,0.0,1789219014935,111945260096211
2,29966,0.0,1789219014935,111945260096211
3,29966,70.0,1789219014935,111945260096211
4,29966,22.2,1789219014935,111945260096211
5,29966,0.0,1789219014935,111945260096211
6,29966,66.7,1789219014935,111945260096211
7,29966,87.5,1789219014935,111945260096211
0,30066,18.2,1789219015035,111945262509111
1,30066,0.0,1789219015035,111945262509111
2,30066,0.0,1789219015035,111945262509111
3,30066,60.0,1789219015035,111945262509111
4,30066,50.0,1789219015035,111945262509111
5,30066,10.0,1789219015035,111945262509111
6,30066,63.6,1789219015035,111945262509111
7,30066,80.0,1789219015035,111945262509111
0,30167,20.0,1789219015136,111945264923271
1,30167,60.0,1789219015136,111945264923271
2,30167,20.0,1789219015136,111945264923271
3,30167,66.7,1789219015136,111945264923271
4,30167,0.0,1789219015136,111945264923271
5,30167,27.3,1789219015136,111945264923271
6,30167,42.9,1789219015136,111945264923271
7,30167,90.0,1789219015136,111945264923271
0,30267,0.0,1789219015236,111945267334783
1,30267,70.0,1789219015236,111945267334783
2,30267,36.4,1789219015236,111945267334783
3,30267,62.5,1789219015236,111945267334783
4,30267,0.0,1789219015236,111945267334783
5,30267,30.0,1789219015236,111945267334783
6,30267,50.0,1789219015236,111945267334783
7,30267,90.0,1789219015236,111945267334783
0,30368,30.0,1789219015337,111945269746642
1,30368,50.0,1789219015337,111945269746642
2,30368,0.0,1789219015337,111945269746642
3,30368,66.7,1789219015337,111945269746642
4,30368,20.0,1789219015337,111945269746642
5,30368,22.2,1789219015337,111945269746642
6,30368,50.0,1789219015337,111945269746642
7,30368,88.9,1789219015337,111945269746642
0,30468,20.0,1789219015437,111945272158931
1,30468,0.0,1789219015437,111945272158931
2,30468,11.1,1789219015437,111945272158931
3,30468,10.0,1789219015437,111945272158931
4,30468,44.4,1789219015437,111945272158931
5,30468,50.0,1789219015437,111945272158931
6,30468,72.7,1789219015437,111945272158931
7,30468,90.0,1789219015437,111945272158931
0,30569,18.2,1789219015538,111945274575121
1,30569,0.0,1789219015538,111945274575121
2,30569,55.6,1789219015538,111945274575121
3,30569,10.0,1789219015538,111945274575121
4,30569,40.0,1789219015538,111945274575121
5,30569,66.7,1789219015538,111945274575121
6,30569,30.0,1789219015538,111945274575121
7,30569,88.9,1789219015538,111945274575121
0,30670,11.1,1789219015639,111945276987324
1,30670,88.9,1789219015639,111945276987324
2,30670,40.0,1789219015639,111945276987324
3,30670,22.2,1789219015639,111945276987324
4,30670,77.8,1789219015639,111945276987324
5,30670,72.7,1789219015639,111945276987324
6,30670,10.0,1789219015639,111945276987324
7,30670,36.4,1789219015639,111945276987324
0,30770,10.0,1789219015739,111945279401581
1,30770,90.9,1789219015739,111945279401581
2,30770,37.5,1789219015739,111945279401581
3,30770,30.0,1789219015739,111945279401581
4,30770,66.7,1789219015739,111945279401581
5,30770,72.7,1789219015739,111945279401581
6,30770,0.0,1789219015739,111945279401581
7,30770,36.4,1789219015739,111945279401581
0,30871,20.0,1789219015840,111945281813338
1,30871,90.9,1789219015840,111945281813338
2,30871,55.6,1789219015840,111945281813338
3,30871,22.2,1789219015840,111945281813338
4,30871,72.7,1789219015840,111945281813338
5,30871,62.5,1789219015840,111945281813338
6,30871,9.1,1789219015840,111945281813338
7,30871,20.0,1789219015840,111945281813338
0,30963,12.5,1789219015932,111945284018598
1,30963,88.9,1789219015932,111945284018598
2,30963,22.2,1789219015932,111945284018598
3,30963,20.0,1789219015932,111945284018598
4,30963,12.5,1789219015932,111945284018598
5,30963,87.5,1789219015932,111945284018598
6,30963,55.6,1789219015932,111945284018598
7,30963,22.2,1789219015932,111945284018598
