cpu,t_ms,busy_pct,epoch_ms,rdtime_ticks
0,100,0.0,1789592674884,120912997277950
1,100,0.0,1789592674884,120912997277950
2,100,0.0,1789592674884,120912997277950
3,100,0.0,1789592674884,120912997277950
4,100,0.0,1789592674884,120912997277950
5,100,0.0,1789592674884,120912997277950
6,100,0.0,1789592674884,120912997277950
7,100,0.0,1789592674884,120912997277950
0,201,0.0,1789592674985,120912999689736
1,201,0.0,1789592674985,120912999689736
2,201,0.0,1789592674985,120912999689736
3,201,0.0,1789592674985,120912999689736
4,201,0.0,1789592674985,120912999689736
5,201,0.0,1789592674985,120912999689736
6,201,0.0,1789592674985,120912999689736
7,201,0.0,1789592674985,120912999689736
0,301,0.0,1789592675085,120913002098340
1,301,0.0,1789592675085,120913002098340
2,301,0.0,1789592675085,120913002098340
3,301,0.0,1789592675085,120913002098340
4,301,0.0,1789592675085,120913002098340
5,301,0.0,1789592675085,120913002098340
6,301,0.0,1789592675085,120913002098340
7,301,0.0,1789592675085,120913002098340
0,401,0.0,1789592675185,120913004506802
1,401,0.0,1789592675185,120913004506802
2,401,0.0,1789592675185,120913004506802
3,401,0.0,1789592675185,120913004506802
4,401,0.0,1789592675185,120913004506802
5,401,0.0,1789592675185,120913004506802
6,401,0.0,1789592675185,120913004506802
7,401,0.0,1789592675185,120913004506802
0,502,0.0,1789592675286,120913006915551
1,502,0.0,1789592675286,120913006915551
2,502,0.0,1789592675286,120913006915551
3,502,0.0,1789592675286,120913006915551
4,502,0.0,1789592675286,120913006915551
5,502,0.0,1789592675286,120913006915551
6,502,0.0,1789592675286,120913006915551
7,502,0.0,1789592675286,120913006915551
0,602,40.0,1789592675386,120913009326775
1,602,0.0,1789592675386,120913009326775
2,602,20.0,1789592675386,120913009326775
3,602,9.1,1789592675386,120913009326775
4,602,0.0,1789592675386,120913009326775
5,602,10.0,1789592675386,120913009326775
6,602,0.0,1789592675386,120913009326775
7,602,10.0,1789592675386,120913009326775
0,703,11.1,1789592675487,120913011738895
1,703,0.0,1789592675487,120913011738895
2,703,0.0,1789592675487,120913011738895
3,703,0.0,1789592675487,120913011738895
4,703,9.1,1789592675487,120913011738895
5,703,37.5,1789592675487,120913011738895
6,703,0.0,1789592675487,120913011738895
7,703,0.0,1789592675487,120913011738895
0,803,20.0,1789592675587,120913014152009
1,803,10.0,1789592675587,120913014152009
2,803,9.1,1789592675587,120913014152009
3,803,0.0,1789592675587,120913014152009
4,803,10.0,1789592675587,120913014152009
5,803,9.1,1789592675587,120913014152009
6,803,0.0,1789592675587,120913014152009
7,803,0.0,1789592675587,120913014152009
0,904,10.0,1789592675688,120913016565015
1,904,0.0,1789592675688,120913016565015
2,904,0.0,1789592675688,120913016565015
3,904,20.0,1789592675688,120913016565015
4,904,0.0,1789592675688,120913016565015
5,904,18.2,1789592675688,120913016565015
6,904,9.1,1789592675688,120913016565015
7,904,0.0,1789592675688,120913016565015
0,1004,0.0,1789592675788,120913018977692
1,1004,10.0,1789592675788,120913018977692
2,1004,10.0,1789592675788,120913018977692
3,1004,0.0,1789592675788,120913018977692
4,1004,0.0,1789592675788,120913018977692
5,1004,0.0,1789592675788,120913018977692
6,1004,10.0,1789592675788,120913018977692
7,1004,0.0,1789592675788,120913018977692
0,1105,0.0,1789592675889,120913021388336
1,1105,0.0,1789592675889,120913021388336
2,1105,0.0,1789592675889,120913021388336
3,1105,0.0,1789592675889,120913021388336
4,1105,0.0,1789592675889,120913021388336
5,1105,0.0,1789592675889,120913021388336
6,1105,0.0,1789592675889,120913021388336
7,1105,0.0,1789592675889,120913021388336
0,1205,0.0,1789592675989,120913023800268
1,1205,0.0,1789592675989,120913023800268
2,1205,0.0,1789592675989,120913023800268
3,1205,0.0,1789592675989,120913023800268
4,1205,0.0,1789592675989,120913023800268
5,1205,0.0,1789592675989,120913023800268
6,1205,0.0,1789592675989,120913023800268
7,1205,9.1,1789592675989,120913023800268
0,1306,0.0,1789592676090,120913026210236
1,1306,0.0,1789592676090,120913026210236
2,1306,0.0,1789592676090,120913026210236
3,1306,0.0,1789592676090,120913026210236
4,1306,0.0,1789592676090,120913026210236
5,1306,0.0,1789592676090,120913026210236
6,1306,0.0,1789592676090,120913026210236
7,1306,0.0,1789592676090,120913026210236
0,1406,0.0,1789592676190,120913028621175
1,1406,0.0,1789592676190,120913028621175
2,1406,0.0,1789592676190,120913028621175
3,1406,0.0,1789592676190,120913028621175
4,1406,0.0,1789592676190,120913028621175
5,1406,0.0,1789592676190,120913028621175
6,1406,0.0,1789592676190,120913028621175
7,1406,0.0,1789592676190,120913028621175
0,1506,0.0,1789592676290,120913031030235
1,1506,0.0,1789592676290,120913031030235
2,1506,0.0,1789592676290,120913031030235
3,1506,0.0,1789592676290,120913031030235
4,1506,0.0,1789592676290,120913031030235
5,1506,0.0,1789592676290,120913031030235
6,1506,0.0,1789592676290,120913031030235
7,1506,0.0,1789592676290,120913031030235
0,1607,0.0,1789592676391,120913033442665
1,1607,0.0,1789592676391,120913033442665
2,1607,0.0,1789592676391,120913033442665
3,1607,0.0,1789592676391,120913033442665
4,1607,0.0,1789592676391,120913033442665
5,1607,0.0,1789592676391,120913033442665
6,1607,0.0,1789592676391,120913033442665
7,1607,0.0,1789592676391,120913033442665
0,1707,0.0,1789592676491,120913035853559
1,1707,0.0,1789592676491,120913035853559
2,1707,0.0,1789592676491,120913035853559
3,1707,0.0,1789592676491,120913035853559
4,1707,9.1,1789592676491,120913035853559
5,1707,0.0,1789592676491,120913035853559
6,1707,0.0,1789592676491,120913035853559
7,1707,0.0,1789592676491,120913035853559
0,1808,0.0,1789592676592,120913038262638
1,1808,0.0,1789592676592,120913038262638
2,1808,0.0,1789592676592,120913038262638
3,1808,0.0,1789592676592,120913038262638
4,1808,0.0,1789592676592,120913038262638
5,1808,0.0,1789592676592,120913038262638
6,1808,0.0,1789592676592,120913038262638
7,1808,0.0,1789592676592,120913038262638
0,1908,0.0,1789592676692,120913040671206
1,1908,0.0,1789592676692,120913040671206
2,1908,0.0,1789592676692,120913040671206
3,1908,0.0,1789592676692,120913040671206
4,1908,0.0,1789592676692,120913040671206
5,1908,0.0,1789592676692,120913040671206
6,1908,0.0,1789592676692,120913040671206
7,1908,0.0,1789592676692,120913040671206
0,2009,0.0,1789592676793,120913043079393
1,2009,0.0,1789592676793,120913043079393
2,2009,0.0,1789592676793,120913043079393
3,2009,0.0,1789592676793,120913043079393
4,2009,0.0,1789592676793,120913043079393
5,2009,0.0,1789592676793,120913043079393
6,2009,0.0,1789592676793,120913043079393
7,2009,0.0,1789592676793,120913043079393
0,2109,0.0,1789592676893,120913045487743
1,2109,0.0,1789592676893,120913045487743
2,2109,0.0,1789592676893,120913045487743
3,2109,0.0,1789592676893,120913045487743
4,2109,0.0,1789592676893,120913045487743
5,2109,0.0,1789592676893,120913045487743
6,2109,0.0,1789592676893,120913045487743
7,2109,0.0,1789592676893,120913045487743
0,2209,0.0,1789592676993,120913047895904
1,2209,0.0,1789592676993,120913047895904
2,2209,0.0,1789592676993,120913047895904
3,2209,0.0,1789592676993,120913047895904
4,2209,0.0,1789592676993,120913047895904
5,2209,0.0,1789592676993,120913047895904
6,2209,0.0,1789592676993,120913047895904
7,2209,0.0,1789592676993,120913047895904
0,2310,0.0,1789592677094,120913050303827
1,2310,0.0,1789592677094,120913050303827
2,2310,0.0,1789592677094,120913050303827
3,2310,0.0,1789592677094,120913050303827
4,2310,0.0,1789592677094,120913050303827
5,2310,0.0,1789592677094,120913050303827
6,2310,0.0,1789592677094,120913050303827
7,2310,0.0,1789592677094,120913050303827
0,2410,0.0,1789592677194,120913052711551
1,2410,0.0,1789592677194,120913052711551
2,2410,0.0,1789592677194,120913052711551
3,2410,0.0,1789592677194,120913052711551
4,2410,0.0,1789592677194,120913052711551
5,2410,0.0,1789592677194,120913052711551
6,2410,0.0,1789592677194,120913052711551
7,2410,0.0,1789592677194,120913052711551
0,2510,0.0,1789592677294,120913055123394
1,2510,0.0,1789592677294,120913055123394
2,2510,0.0,1789592677294,120913055123394
3,2510,0.0,1789592677294,120913055123394
4,2510,0.0,1789592677294,120913055123394
5,2510,0.0,1789592677294,120913055123394
6,2510,10.0,1789592677294,120913055123394
7,2510,0.0,1789592677294,120913055123394
0,2611,0.0,1789592677395,120913057536692
1,2611,0.0,1789592677395,120913057536692
2,2611,0.0,1789592677395,120913057536692
3,2611,0.0,1789592677395,120913057536692
4,2611,0.0,1789592677395,120913057536692
5,2611,9.1,1789592677395,120913057536692
6,2611,18.2,1789592677395,120913057536692
7,2611,0.0,1789592677395,120913057536692
0,2711,0.0,1789592677495,120913059947722
1,2711,0.0,1789592677495,120913059947722
2,2711,0.0,1789592677495,120913059947722
3,2711,0.0,1789592677495,120913059947722
4,2711,9.1,1789592677495,120913059947722
5,2711,0.0,1789592677495,120913059947722
6,2711,0.0,1789592677495,120913059947722
7,2711,0.0,1789592677495,120913059947722
0,2812,0.0,1789592677596,120913062358281
1,2812,0.0,1789592677596,120913062358281
2,2812,0.0,1789592677596,120913062358281
3,2812,0.0,1789592677596,120913062358281
4,2812,0.0,1789592677596,120913062358281
5,2812,0.0,1789592677596,120913062358281
6,2812,0.0,1789592677596,120913062358281
7,2812,0.0,1789592677596,120913062358281
0,2912,0.0,1789592677696,120913064768323
1,2912,0.0,1789592677696,120913064768323
2,2912,0.0,1789592677696,120913064768323
3,2912,0.0,1789592677696,120913064768323
4,2912,0.0,1789592677696,120913064768323
5,2912,0.0,1789592677696,120913064768323
6,2912,0.0,1789592677696,120913064768323
7,2912,0.0,1789592677696,120913064768323
0,3013,0.0,1789592677797,120913067177047
1,3013,0.0,1789592677797,120913067177047
2,3013,0.0,1789592677797,120913067177047
3,3013,0.0,1789592677797,120913067177047
4,3013,0.0,1789592677797,120913067177047
5,3013,0.0,1789592677797,120913067177047
6,3013,0.0,1789592677797,120913067177047
7,3013,0.0,1789592677797,120913067177047
0,3113,0.0,1789592677897,120913069585921
1,3113,0.0,1789592677897,120913069585921
2,3113,0.0,1789592677897,120913069585921
3,3113,0.0,1789592677897,120913069585921
4,3113,0.0,1789592677897,120913069585921
5,3113,0.0,1789592677897,120913069585921
6,3113,0.0,1789592677897,120913069585921
7,3113,0.0,1789592677897,120913069585921
0,3213,0.0,1789592677997,120913071994788
1,3213,0.0,1789592677997,120913071994788
2,3213,0.0,1789592677997,120913071994788
3,3213,0.0,1789592677997,120913071994788
4,3213,0.0,1789592677997,120913071994788
5,3213,0.0,1789592677997,120913071994788
6,3213,0.0,1789592677997,120913071994788
7,3213,0.0,1789592677997,120913071994788
0,3314,0.0,1789592678098,120913074403375
1,3314,0.0,1789592678098,120913074403375
2,3314,0.0,1789592678098,120913074403375
3,3314,0.0,1789592678098,120913074403375
4,3314,0.0,1789592678098,120913074403375
5,3314,0.0,1789592678098,120913074403375
6,3314,0.0,1789592678098,120913074403375
7,3314,0.0,1789592678098,120913074403375
0,3414,0.0,1789592678198,120913076811866
1,3414,0.0,1789592678198,120913076811866
2,3414,0.0,1789592678198,120913076811866
3,3414,0.0,1789592678198,120913076811866
4,3414,0.0,1789592678198,120913076811866
5,3414,0.0,1789592678198,120913076811866
6,3414,0.0,1789592678198,120913076811866
7,3414,0.0,1789592678198,120913076811866
0,3514,0.0,1789592678298,120913079221364
1,3514,0.0,1789592678298,120913079221364
2,3514,0.0,1789592678298,120913079221364
3,3514,0.0,1789592678298,120913079221364
4,3514,0.0,1789592678298,120913079221364
5,3514,0.0,1789592678298,120913079221364
6,3514,0.0,1789592678298,120913079221364
7,3514,0.0,1789592678298,120913079221364
0,3615,9.1,1789592678399,120913081633139
1,3615,0.0,1789592678399,120913081633139
2,3615,0.0,1789592678399,120913081633139
3,3615,0.0,1789592678399,120913081633139
4,3615,0.0,1789592678399,120913081633139
5,3615,0.0,1789592678399,120913081633139
6,3615,0.0,1789592678399,120913081633139
7,3615,0.0,1789592678399,120913081633139
0,3715,0.0,1789592678499,120913084043877
1,3715,0.0,1789592678499,120913084043877
2,3715,0.0,1789592678499,120913084043877
3,3715,0.0,1789592678499,120913084043877
4,3715,0.0,1789592678499,120913084043877
5,3715,10.0,1789592678499,120913084043877
6,3715,0.0,1789592678499,120913084043877
7,3715,0.0,1789592678499,120913084043877
0,3816,0.0,1789592678600,120913086453071
1,3816,0.0,1789592678600,120913086453071
2,3816,0.0,1789592678600,120913086453071
3,3816,0.0,1789592678600,120913086453071
4,3816,0.0,1789592678600,120913086453071
5,3816,0.0,1789592678600,120913086453071
6,3816,0.0,1789592678600,120913086453071
7,3816,0.0,1789592678600,120913086453071
0,3916,0.0,1789592678700,120913088862921
1,3916,0.0,1789592678700,120913088862921
2,3916,0.0,1789592678700,120913088862921
3,3916,0.0,1789592678700,120913088862921
4,3916,0.0,1789592678700,120913088862921
5,3916,0.0,1789592678700,120913088862921
6,3916,0.0,1789592678700,120913088862921
7,3916,0.0,1789592678700,120913088862921
0,4017,0.0,1789592678801,120913091271467
1,4017,0.0,1789592678801,120913091271467
2,4017,0.0,1789592678801,120913091271467
3,4017,0.0,1789592678801,120913091271467
4,4017,0.0,1789592678801,120913091271467
5,4017,0.0,1789592678801,120913091271467
6,4017,0.0,1789592678801,120913091271467
7,4017,0.0,1789592678801,120913091271467
0,4117,0.0,1789592678901,120913093681631
1,4117,0.0,1789592678901,120913093681631
2,4117,0.0,1789592678901,120913093681631
3,4117,0.0,1789592678901,120913093681631
4,4117,0.0,1789592678901,120913093681631
5,4117,0.0,1789592678901,120913093681631
6,4117,0.0,1789592678901,120913093681631
7,4117,0.0,1789592678901,120913093681631
0,4217,0.0,1789592679001,120913096090940
1,4217,0.0,1789592679001,120913096090940
2,4217,0.0,1789592679001,120913096090940
3,4217,0.0,1789592679001,120913096090940
4,4217,0.0,1789592679001,120913096090940
5,4217,0.0,1789592679001,120913096090940
6,4217,0.0,1789592679001,120913096090940
7,4217,0.0,1789592679001,120913096090940
0,4318,0.0,1789592679102,120913098499286
1,4318,0.0,1789592679102,120913098499286
2,4318,0.0,1789592679102,120913098499286
3,4318,0.0,1789592679102,120913098499286
4,4318,0.0,1789592679102,120913098499286
5,4318,0.0,1789592679102,120913098499286
6,4318,0.0,1789592679102,120913098499286
7,4318,0.0,1789592679102,120913098499286
0,4418,0.0,1789592679202,120913100907723
1,4418,0.0,1789592679202,120913100907723
2,4418,0.0,1789592679202,120913100907723
3,4418,0.0,1789592679202,120913100907723
4,4418,0.0,1789592679202,120913100907723
5,4418,0.0,1789592679202,120913100907723
6,4418,0.0,1789592679202,120913100907723
7,4418,0.0,1789592679202,120913100907723
0,4518,0.0,1789592679302,120913103316692
1,4518,0.0,1789592679302,120913103316692
2,4518,0.0,1789592679302,120913103316692
3,4518,0.0,1789592679302,120913103316692
4,4518,0.0,1789592679302,120913103316692
5,4518,0.0,1789592679302,120913103316692
6,4518,0.0,1789592679302,120913103316692
7,4518,0.0,1789592679302,120913103316692
0,4619,0.0,1789592679403,120913105725143
1,4619,0.0,1789592679403,120913105725143
2,4619,0.0,1789592679403,120913105725143
3,4619,0.0,1789592679403,120913105725143
4,4619,0.0,1789592679403,120913105725143
5,4619,0.0,1789592679403,120913105725143
6,4619,0.0,1789592679403,120913105725143
7,4619,0.0,1789592679403,120913105725143
0,4719,0.0,1789592679503,120913108134752
1,4719,0.0,1789592679503,120913108134752
2,4719,0.0,1789592679503,120913108134752
3,4719,0.0,1789592679503,120913108134752
4,4719,0.0,1789592679503,120913108134752
5,4719,0.0,1789592679503,120913108134752
6,4719,0.0,1789592679503,120913108134752
7,4719,0.0,1789592679503,120913108134752
0,4820,0.0,1789592679604,120913110542984
1,4820,0.0,1789592679604,120913110542984
2,4820,0.0,1789592679604,120913110542984
3,4820,0.0,1789592679604,120913110542984
4,4820,0.0,1789592679604,120913110542984
5,4820,0.0,1789592679604,120913110542984
6,4820,0.0,1789592679604,120913110542984
7,4820,0.0,1789592679604,120913110542984
0,4920,0.0,1789592679704,120913112951360
1,4920,0.0,1789592679704,120913112951360
2,4920,0.0,1789592679704,120913112951360
3,4920,0.0,1789592679704,120913112951360
4,4920,0.0,1789592679704,120913112951360
5,4920,0.0,1789592679704,120913112951360
6,4920,0.0,1789592679704,120913112951360
7,4920,0.0,1789592679704,120913112951360
0,5020,0.0,1789592679804,120913115359831
1,5020,0.0,1789592679804,120913115359831
2,5020,0.0,1789592679804,120913115359831
3,5020,0.0,1789592679804,120913115359831
4,5020,0.0,1789592679804,120913115359831
5,5020,0.0,1789592679804,120913115359831
6,5020,0.0,1789592679804,120913115359831
7,5020,0.0,1789592679804,120913115359831
0,5121,0.0,1789592679905,120913117770109
1,5121,0.0,1789592679905,120913117770109
2,5121,0.0,1789592679905,120913117770109
3,5121,0.0,1789592679905,120913117770109
4,5121,0.0,1789592679905,120913117770109
5,5121,0.0,1789592679905,120913117770109
6,5121,0.0,1789592679905,120913117770109
7,5121,0.0,1789592679905,120913117770109
0,5221,0.0,1789592680005,120913120179167
1,5221,0.0,1789592680005,120913120179167
2,5221,0.0,1789592680005,120913120179167
3,5221,0.0,1789592680005,120913120179167
4,5221,0.0,1789592680005,120913120179167
5,5221,0.0,1789592680005,120913120179167
6,5221,0.0,1789592680005,120913120179167
7,5221,0.0,1789592680005,120913120179167
0,5321,0.0,1789592680105,120913122589139
1,5321,0.0,1789592680105,120913122589139
2,5321,0.0,1789592680105,120913122589139
3,5321,0.0,1789592680105,120913122589139
4,5321,0.0,1789592680105,120913122589139
5,5321,0.0,1789592680105,120913122589139
6,5321,0.0,1789592680105,120913122589139
7,5321,0.0,1789592680105,120913122589139
0,5422,0.0,1789592680206,120913124998565
1,5422,0.0,1789592680206,120913124998565
2,5422,0.0,1789592680206,120913124998565
3,5422,0.0,1789592680206,120913124998565
4,5422,0.0,1789592680206,120913124998565
5,5422,0.0,1789592680206,120913124998565
6,5422,0.0,1789592680206,120913124998565
7,5422,0.0,1789592680206,120913124998565
0,5522,0.0,1789592680306,120913127407836
1,5522,0.0,1789592680306,120913127407836
2,5522,0.0,1789592680306,120913127407836
3,5522,0.0,1789592680306,120913127407836
4,5522,0.0,1789592680306,120913127407836
5,5522,0.0,1789592680306,120913127407836
6,5522,0.0,1789592680306,120913127407836
7,5522,0.0,1789592680306,120913127407836
0,5623,0.0,1789592680407,120913129816747
1,5623,0.0,1789592680407,120913129816747
2,5623,0.0,1789592680407,120913129816747
3,5623,0.0,1789592680407,120913129816747
4,5623,0.0,1789592680407,120913129816747
5,5623,0.0,1789592680407,120913129816747
6,5623,0.0,1789592680407,120913129816747
7,5623,0.0,1789592680407,120913129816747
0,5723,0.0,1789592680507,120913132227555
1,5723,0.0,1789592680507,120913132227555
2,5723,0.0,1789592680507,120913132227555
3,5723,0.0,1789592680507,120913132227555
4,5723,9.1,1789592680507,120913132227555
5,5723,0.0,1789592680507,120913132227555
6,5723,0.0,1789592680507,120913132227555
7,5723,0.0,1789592680507,120913132227555
0,5823,0.0,1789592680607,120913134637010
1,5823,0.0,1789592680607,120913134637010
2,5823,0.0,1789592680607,120913134637010
3,5823,0.0,1789592680607,120913134637010
4,5823,0.0,1789592680607,120913134637010
5,5823,0.0,1789592680607,120913134637010
6,5823,0.0,1789592680607,120913134637010
7,5823,0.0,1789592680607,120913134637010
0,5924,0.0,1789592680708,120913137045779
1,5924,0.0,1789592680708,120913137045779
2,5924,0.0,1789592680708,120913137045779
3,5924,0.0,1789592680708,120913137045779
4,5924,0.0,1789592680708,120913137045779
5,5924,0.0,1789592680708,120913137045779
6,5924,0.0,1789592680708,120913137045779
7,5924,0.0,1789592680708,120913137045779
0,6024,0.0,1789592680808,120913139454479
1,6024,0.0,1789592680808,120913139454479
2,6024,0.0,1789592680808,120913139454479
3,6024,0.0,1789592680808,120913139454479
4,6024,0.0,1789592680808,120913139454479
5,6024,0.0,1789592680808,120913139454479
6,6024,0.0,1789592680808,120913139454479
7,6024,0.0,1789592680808,120913139454479
0,6125,0.0,1789592680909,120913141863138
1,6125,0.0,1789592680909,120913141863138
2,6125,0.0,1789592680909,120913141863138
3,6125,0.0,1789592680909,120913141863138
4,6125,0.0,1789592680909,120913141863138
5,6125,0.0,1789592680909,120913141863138
6,6125,0.0,1789592680909,120913141863138
7,6125,0.0,1789592680909,120913141863138
0,6225,0.0,1789592681009,120913144272167
1,6225,0.0,1789592681009,120913144272167
2,6225,0.0,1789592681009,120913144272167
3,6225,0.0,1789592681009,120913144272167
4,6225,0.0,1789592681009,120913144272167
5,6225,0.0,1789592681009,120913144272167
6,6225,0.0,1789592681009,120913144272167
7,6225,0.0,1789592681009,120913144272167
0,6325,0.0,1789592681109,120913146681540
1,6325,0.0,1789592681109,120913146681540
2,6325,0.0,1789592681109,120913146681540
3,6325,0.0,1789592681109,120913146681540
4,6325,0.0,1789592681109,120913146681540
5,6325,0.0,1789592681109,120913146681540
6,6325,0.0,1789592681109,120913146681540
7,6325,0.0,1789592681109,120913146681540
0,6426,0.0,1789592681210,120913149091873
1,6426,0.0,1789592681210,120913149091873
2,6426,0.0,1789592681210,120913149091873
3,6426,0.0,1789592681210,120913149091873
4,6426,0.0,1789592681210,120913149091873
5,6426,0.0,1789592681210,120913149091873
6,6426,0.0,1789592681210,120913149091873
7,6426,0.0,1789592681210,120913149091873
0,6526,0.0,1789592681310,120913151500510
1,6526,0.0,1789592681310,120913151500510
2,6526,0.0,1789592681310,120913151500510
3,6526,0.0,1789592681310,120913151500510
4,6526,0.0,1789592681310,120913151500510
5,6526,0.0,1789592681310,120913151500510
6,6526,0.0,1789592681310,120913151500510
7,6526,0.0,1789592681310,120913151500510
0,6627,0.0,1789592681411,120913153911777
1,6627,0.0,1789592681411,120913153911777
2,6627,0.0,1789592681411,120913153911777
3,6627,0.0,1789592681411,120913153911777
4,6627,0.0,1789592681411,120913153911777
5,6627,9.1,1789592681411,120913153911777
6,6627,0.0,1789592681411,120913153911777
7,6627,0.0,1789592681411,120913153911777
0,6727,0.0,1789592681511,120913156324553
1,6727,0.0,1789592681511,120913156324553
2,6727,0.0,1789592681511,120913156324553
3,6727,0.0,1789592681511,120913156324553
4,6727,0.0,1789592681511,120913156324553
5,6727,0.0,1789592681511,120913156324553
6,6727,0.0,1789592681511,120913156324553
7,6727,0.0,1789592681511,120913156324553
0,6828,0.0,1789592681612,120913158734960
1,6828,0.0,1789592681612,120913158734960
2,6828,0.0,1789592681612,120913158734960
3,6828,0.0,1789592681612,120913158734960
4,6828,0.0,1789592681612,120913158734960
5,6828,0.0,1789592681612,120913158734960
6,6828,0.0,1789592681612,120913158734960
7,6828,0.0,1789592681612,120913158734960
0,6928,0.0,1789592681712,120913161144250
1,6928,0.0,1789592681712,120913161144250
2,6928,0.0,1789592681712,120913161144250
3,6928,0.0,1789592681712,120913161144250
4,6928,0.0,1789592681712,120913161144250
5,6928,0.0,1789592681712,120913161144250
6,6928,0.0,1789592681712,120913161144250
7,6928,0.0,1789592681712,120913161144250
0,7028,0.0,1789592681812,120913163553433
1,7028,0.0,1789592681812,120913163553433
2,7028,0.0,1789592681812,120913163553433
3,7028,0.0,1789592681812,120913163553433
4,7028,0.0,1789592681812,120913163553433
5,7028,0.0,1789592681812,120913163553433
6,7028,0.0,1789592681812,120913163553433
7,7028,0.0,1789592681812,120913163553433
0,7129,0.0,1789592681913,120913165962356
1,7129,0.0,1789592681913,120913165962356
2,7129,0.0,1789592681913,120913165962356
3,7129,0.0,1789592681913,120913165962356
4,7129,0.0,1789592681913,120913165962356
5,7129,0.0,1789592681913,120913165962356
6,7129,0.0,1789592681913,120913165962356
7,7129,0.0,1789592681913,120913165962356
0,7229,0.0,1789592682013,120913168370871
1,7229,0.0,1789592682013,120913168370871
2,7229,0.0,1789592682013,120913168370871
3,7229,0.0,1789592682013,120913168370871
4,7229,0.0,1789592682013,120913168370871
5,7229,0.0,1789592682013,120913168370871
6,7229,0.0,1789592682013,120913168370871
7,7229,0.0,1789592682013,120913168370871
0,7329,0.0,1789592682113,120913170779084
1,7329,0.0,1789592682113,120913170779084
2,7329,0.0,1789592682113,120913170779084
3,7329,0.0,1789592682113,120913170779084
4,7329,0.0,1789592682113,120913170779084
5,7329,0.0,1789592682113,120913170779084
6,7329,0.0,1789592682113,120913170779084
7,7329,0.0,1789592682113,120913170779084
0,7430,0.0,1789592682214,120913173187209
1,7430,0.0,1789592682214,120913173187209
2,7430,0.0,1789592682214,120913173187209
3,7430,0.0,1789592682214,120913173187209
4,7430,0.0,1789592682214,120913173187209
5,7430,0.0,1789592682214,120913173187209
6,7430,0.0,1789592682214,120913173187209
7,7430,0.0,1789592682214,120913173187209
0,7530,0.0,1789592682314,120913175595228
1,7530,0.0,1789592682314,120913175595228
2,7530,0.0,1789592682314,120913175595228
3,7530,0.0,1789592682314,120913175595228
4,7530,0.0,1789592682314,120913175595228
5,7530,0.0,1789592682314,120913175595228
6,7530,0.0,1789592682314,120913175595228
7,7530,0.0,1789592682314,120913175595228
0,7631,0.0,1789592682415,120913178004638
1,7631,0.0,1789592682415,120913178004638
2,7631,0.0,1789592682415,120913178004638
3,7631,0.0,1789592682415,120913178004638
4,7631,0.0,1789592682415,120913178004638
5,7631,0.0,1789592682415,120913178004638
6,7631,0.0,1789592682415,120913178004638
7,7631,0.0,1789592682415,120913178004638
0,7731,0.0,1789592682515,120913180415126
1,7731,0.0,1789592682515,120913180415126
2,7731,0.0,1789592682515,120913180415126
3,7731,0.0,1789592682515,120913180415126
4,7731,0.0,1789592682515,120913180415126
5,7731,0.0,1789592682515,120913180415126
6,7731,0.0,1789592682515,120913180415126
7,7731,0.0,1789592682515,120913180415126
0,7831,0.0,1789592682615,120913182824174
1,7831,0.0,1789592682615,120913182824174
2,7831,0.0,1789592682615,120913182824174
3,7831,0.0,1789592682615,120913182824174
4,7831,0.0,1789592682615,120913182824174
5,7831,0.0,1789592682615,120913182824174
6,7831,0.0,1789592682615,120913182824174
7,7831,0.0,1789592682615,120913182824174
0,7932,0.0,1789592682716,120913185232502
1,7932,0.0,1789592682716,120913185232502
2,7932,0.0,1789592682716,120913185232502
3,7932,0.0,1789592682716,120913185232502
4,7932,0.0,1789592682716,120913185232502
5,7932,0.0,1789592682716,120913185232502
6,7932,0.0,1789592682716,120913185232502
7,7932,0.0,1789592682716,120913185232502
0,8032,0.0,1789592682816,120913187640896
1,8032,0.0,1789592682816,120913187640896
2,8032,0.0,1789592682816,120913187640896
3,8032,0.0,1789592682816,120913187640896
4,8032,0.0,1789592682816,120913187640896
5,8032,0.0,1789592682816,120913187640896
6,8032,0.0,1789592682816,120913187640896
7,8032,0.0,1789592682816,120913187640896
0,8132,0.0,1789592682916,120913190049307
1,8132,0.0,1789592682916,120913190049307
2,8132,0.0,1789592682916,120913190049307
3,8132,0.0,1789592682916,120913190049307
4,8132,0.0,1789592682916,120913190049307
5,8132,0.0,1789592682916,120913190049307
6,8132,0.0,1789592682916,120913190049307
7,8132,0.0,1789592682916,120913190049307
0,8233,0.0,1789592683017,120913192457983
1,8233,0.0,1789592683017,120913192457983
2,8233,0.0,1789592683017,120913192457983
3,8233,0.0,1789592683017,120913192457983
4,8233,0.0,1789592683017,120913192457983
5,8233,0.0,1789592683017,120913192457983
6,8233,0.0,1789592683017,120913192457983
7,8233,0.0,1789592683017,120913192457983
0,8333,0.0,1789592683117,120913194866171
1,8333,0.0,1789592683117,120913194866171
2,8333,0.0,1789592683117,120913194866171
3,8333,0.0,1789592683117,120913194866171
4,8333,0.0,1789592683117,120913194866171
5,8333,0.0,1789592683117,120913194866171
6,8333,0.0,1789592683117,120913194866171
7,8333,0.0,1789592683117,120913194866171
0,8433,0.0,1789592683217,120913197274235
1,8433,0.0,1789592683217,120913197274235
2,8433,0.0,1789592683217,120913197274235
3,8433,0.0,1789592683217,120913197274235
4,8433,0.0,1789592683217,120913197274235
5,8433,0.0,1789592683217,120913197274235
6,8433,0.0,1789592683217,120913197274235
7,8433,0.0,1789592683217,120913197274235
0,8534,0.0,1789592683318,120913199682492
1,8534,0.0,1789592683318,120913199682492
2,8534,0.0,1789592683318,120913199682492
3,8534,0.0,1789592683318,120913199682492
4,8534,0.0,1789592683318,120913199682492
5,8534,0.0,1789592683318,120913199682492
6,8534,0.0,1789592683318,120913199682492
7,8534,0.0,1789592683318,120913199682492
0,8634,0.0,1789592683418,120913202091152
1,8634,0.0,1789592683418,120913202091152
2,8634,0.0,1789592683418,120913202091152
3,8634,0.0,1789592683418,120913202091152
4,8634,0.0,1789592683418,120913202091152
5,8634,0.0,1789592683418,120913202091152
6,8634,0.0,1789592683418,120913202091152
7,8634,0.0,1789592683418,120913202091152
0,8734,0.0,1789592683518,120913204499867
1,8734,0.0,1789592683518,120913204499867
2,8734,0.0,1789592683518,120913204499867
3,8734,0.0,1789592683518,120913204499867
4,8734,0.0,1789592683518,120913204499867
5,8734,0.0,1789592683518,120913204499867
6,8734,0.0,1789592683518,120913204499867
7,8734,0.0,1789592683518,120913204499867
0,8835,0.0,1789592683619,120913206908068
1,8835,0.0,1789592683619,120913206908068
2,8835,0.0,1789592683619,120913206908068
3,8835,0.0,1789592683619,120913206908068
4,8835,0.0,1789592683619,120913206908068
5,8835,0.0,1789592683619,120913206908068
6,8835,0.0,1789592683619,120913206908068
7,8835,0.0,1789592683619,120913206908068
0,8935,0.0,1789592683719,120913209318764
1,8935,0.0,1789592683719,120913209318764
2,8935,0.0,1789592683719,120913209318764
3,8935,0.0,1789592683719,120913209318764
4,8935,9.1,1789592683719,120913209318764
5,8935,0.0,1789592683719,120913209318764
6,8935,0.0,1789592683719,120913209318764
7,8935,0.0,1789592683719,120913209318764
0,9036,0.0,1789592683820,120913211727312
1,9036,0.0,1789592683820,120913211727312
2,9036,0.0,1789592683820,120913211727312
3,9036,0.0,1789592683820,120913211727312
4,9036,0.0,1789592683820,120913211727312
5,9036,0.0,1789592683820,120913211727312
6,9036,0.0,1789592683820,120913211727312
7,9036,0.0,1789592683820,120913211727312
0,9136,0.0,1789592683920,120913214135977
1,9136,0.0,1789592683920,120913214135977
2,9136,0.0,1789592683920,120913214135977
3,9136,0.0,1789592683920,120913214135977
4,9136,0.0,1789592683920,120913214135977
5,9136,0.0,1789592683920,120913214135977
6,9136,0.0,1789592683920,120913214135977
7,9136,0.0,1789592683920,120913214135977
0,9236,0.0,1789592684020,120913216544720
1,9236,0.0,1789592684020,120913216544720
2,9236,0.0,1789592684020,120913216544720
3,9236,0.0,1789592684020,120913216544720
4,9236,0.0,1789592684020,120913216544720
5,9236,0.0,1789592684020,120913216544720
6,9236,0.0,1789592684020,120913216544720
7,9236,0.0,1789592684020,120913216544720
0,9337,0.0,1789592684121,120913218953192
1,9337,0.0,1789592684121,120913218953192
2,9337,0.0,1789592684121,120913218953192
3,9337,0.0,1789592684121,120913218953192
4,9337,0.0,1789592684121,120913218953192
5,9337,0.0,1789592684121,120913218953192
6,9337,0.0,1789592684121,120913218953192
7,9337,0.0,1789592684121,120913218953192
0,9437,0.0,1789592684221,120913221361553
1,9437,0.0,1789592684221,120913221361553
2,9437,0.0,1789592684221,120913221361553
3,9437,0.0,1789592684221,120913221361553
4,9437,0.0,1789592684221,120913221361553
5,9437,0.0,1789592684221,120913221361553
6,9437,0.0,1789592684221,120913221361553
7,9437,0.0,1789592684221,120913221361553
0,9537,0.0,1789592684321,120913223770463
1,9537,0.0,1789592684321,120913223770463
2,9537,0.0,1789592684321,120913223770463
3,9537,0.0,1789592684321,120913223770463
4,9537,0.0,1789592684321,120913223770463
5,9537,0.0,1789592684321,120913223770463
6,9537,0.0,1789592684321,120913223770463
7,9537,0.0,1789592684321,120913223770463
0,9638,0.0,1789592684422,120913226181582
1,9638,9.1,1789592684422,120913226181582
2,9638,9.1,1789592684422,120913226181582
3,9638,0.0,1789592684422,120913226181582
4,9638,0.0,1789592684422,120913226181582
5,9638,0.0,1789592684422,120913226181582
6,9638,0.0,1789592684422,120913226181582
7,9638,0.0,1789592684422,120913226181582
0,9738,0.0,1789592684522,120913228592494
1,9738,0.0,1789592684522,120913228592494
2,9738,0.0,1789592684522,120913228592494
3,9738,0.0,1789592684522,120913228592494
4,9738,0.0,1789592684522,120913228592494
5,9738,10.0,1789592684522,120913228592494
6,9738,0.0,1789592684522,120913228592494
7,9738,0.0,1789592684522,120913228592494
0,9839,0.0,1789592684623,120913231001902
1,9839,0.0,1789592684623,120913231001902
2,9839,0.0,1789592684623,120913231001902
3,9839,0.0,1789592684623,120913231001902
4,9839,0.0,1789592684623,120913231001902
5,9839,0.0,1789592684623,120913231001902
6,9839,0.0,1789592684623,120913231001902
7,9839,0.0,1789592684623,120913231001902
0,9939,0.0,1789592684723,120913233410593
1,9939,0.0,1789592684723,120913233410593
2,9939,0.0,1789592684723,120913233410593
3,9939,0.0,1789592684723,120913233410593
4,9939,0.0,1789592684723,120913233410593
5,9939,0.0,1789592684723,120913233410593
6,9939,0.0,1789592684723,120913233410593
7,9939,0.0,1789592684723,120913233410593
0,10039,0.0,1789592684823,120913235818848
1,10039,0.0,1789592684823,120913235818848
2,10039,0.0,1789592684823,120913235818848
3,10039,0.0,1789592684823,120913235818848
4,10039,0.0,1789592684823,120913235818848
5,10039,0.0,1789592684823,120913235818848
6,10039,0.0,1789592684823,120913235818848
7,10039,0.0,1789592684823,120913235818848
0,10140,0.0,1789592684924,120913238230262
1,10140,0.0,1789592684924,120913238230262
2,10140,0.0,1789592684924,120913238230262
3,10140,0.0,1789592684924,120913238230262
4,10140,0.0,1789592684924,120913238230262
5,10140,0.0,1789592684924,120913238230262
6,10140,0.0,1789592684924,120913238230262
7,10140,0.0,1789592684924,120913238230262
0,10240,0.0,1789592685024,120913240640137
1,10240,0.0,1789592685024,120913240640137
2,10240,0.0,1789592685024,120913240640137
3,10240,0.0,1789592685024,120913240640137
4,10240,0.0,1789592685024,120913240640137
5,10240,0.0,1789592685024,120913240640137
6,10240,0.0,1789592685024,120913240640137
7,10240,0.0,1789592685024,120913240640137
0,10341,0.0,1789592685125,120913243048514
1,10341,0.0,1789592685125,120913243048514
2,10341,0.0,1789592685125,120913243048514
3,10341,0.0,1789592685125,120913243048514
4,10341,0.0,1789592685125,120913243048514
5,10341,0.0,1789592685125,120913243048514
6,10341,0.0,1789592685125,120913243048514
7,10341,0.0,1789592685125,120913243048514
0,10441,0.0,1789592685225,120913245457221
1,10441,0.0,1789592685225,120913245457221
2,10441,0.0,1789592685225,120913245457221
3,10441,0.0,1789592685225,120913245457221
4,10441,0.0,1789592685225,120913245457221
5,10441,0.0,1789592685225,120913245457221
6,10441,0.0,1789592685225,120913245457221
7,10441,0.0,1789592685225,120913245457221
0,10541,0.0,1789592685325,120913247865997
1,10541,0.0,1789592685325,120913247865997
2,10541,0.0,1789592685325,120913247865997
3,10541,0.0,1789592685325,120913247865997
4,10541,0.0,1789592685325,120913247865997
5,10541,0.0,1789592685325,120913247865997
6,10541,0.0,1789592685325,120913247865997
7,10541,0.0,1789592685325,120913247865997
0,10642,0.0,1789592685426,120913250274377
1,10642,0.0,1789592685426,120913250274377
2,10642,0.0,1789592685426,120913250274377
3,10642,0.0,1789592685426,120913250274377
4,10642,0.0,1789592685426,120913250274377
5,10642,0.0,1789592685426,120913250274377
6,10642,0.0,1789592685426,120913250274377
7,10642,0.0,1789592685426,120913250274377
0,10742,0.0,1789592685526,120913252682424
1,10742,0.0,1789592685526,120913252682424
2,10742,0.0,1789592685526,120913252682424
3,10742,0.0,1789592685526,120913252682424
4,10742,0.0,1789592685526,120913252682424
5,10742,0.0,1789592685526,120913252682424
6,10742,0.0,1789592685526,120913252682424
7,10742,9.1,1789592685526,120913252682424
0,10842,0.0,1789592685626,120913255090679
1,10842,0.0,1789592685626,120913255090679
2,10842,0.0,1789592685626,120913255090679
3,10842,0.0,1789592685626,120913255090679
4,10842,0.0,1789592685626,120913255090679
5,10842,0.0,1789592685626,120913255090679
6,10842,0.0,1789592685626,120913255090679
7,10842,0.0,1789592685626,120913255090679
0,10943,0.0,1789592685727,120913257499205
1,10943,0.0,1789592685727,120913257499205
2,10943,0.0,1789592685727,120913257499205
3,10943,0.0,1789592685727,120913257499205
4,10943,0.0,1789592685727,120913257499205
5,10943,0.0,1789592685727,120913257499205
6,10943,0.0,1789592685727,120913257499205
7,10943,0.0,1789592685727,120913257499205
0,11043,0.0,1789592685827,120913259910086
1,11043,0.0,1789592685827,120913259910086
2,11043,0.0,1789592685827,120913259910086
3,11043,0.0,1789592685827,120913259910086
4,11043,0.0,1789592685827,120913259910086
5,11043,0.0,1789592685827,120913259910086
6,11043,0.0,1789592685827,120913259910086
7,11043,0.0,1789592685827,120913259910086
0,11144,0.0,1789592685928,120913262319418
1,11144,0.0,1789592685928,120913262319418
2,11144,0.0,1789592685928,120913262319418
3,11144,0.0,1789592685928,120913262319418
4,11144,0.0,1789592685928,120913262319418
5,11144,0.0,1789592685928,120913262319418
6,11144,0.0,1789592685928,120913262319418
7,11144,0.0,1789592685928,120913262319418
0,11244,0.0,1789592686028,120913264728525
1,11244,0.0,1789592686028,120913264728525
2,11244,0.0,1789592686028,120913264728525
3,11244,0.0,1789592686028,120913264728525
4,11244,0.0,1789592686028,120913264728525
5,11244,0.0,1789592686028,120913264728525
6,11244,0.0,1789592686028,120913264728525
7,11244,0.0,1789592686028,120913264728525
0,11344,0.0,1789592686128,120913267137371
1,11344,0.0,1789592686128,120913267137371
2,11344,0.0,1789592686128,120913267137371
3,11344,0.0,1789592686128,120913267137371
4,11344,0.0,1789592686128,120913267137371
5,11344,0.0,1789592686128,120913267137371
6,11344,0.0,1789592686128,120913267137371
7,11344,0.0,1789592686128,120913267137371
0,11445,0.0,1789592686229,120913269547750
1,11445,0.0,1789592686229,120913269547750
2,11445,0.0,1789592686229,120913269547750
3,11445,0.0,1789592686229,120913269547750
4,11445,0.0,1789592686229,120913269547750
5,11445,0.0,1789592686229,120913269547750
6,11445,0.0,1789592686229,120913269547750
7,11445,0.0,1789592686229,120913269547750
0,11545,0.0,1789592686329,120913271956210
1,11545,0.0,1789592686329,120913271956210
2,11545,0.0,1789592686329,120913271956210
3,11545,0.0,1789592686329,120913271956210
4,11545,0.0,1789592686329,120913271956210
5,11545,0.0,1789592686329,120913271956210
6,11545,0.0,1789592686329,120913271956210
7,11545,0.0,1789592686329,120913271956210
0,11646,0.0,1789592686430,120913274364410
1,11646,0.0,1789592686430,120913274364410
2,11646,0.0,1789592686430,120913274364410
3,11646,0.0,1789592686430,120913274364410
4,11646,0.0,1789592686430,120913274364410
5,11646,0.0,1789592686430,120913274364410
6,11646,0.0,1789592686430,120913274364410
7,11646,0.0,1789592686430,120913274364410
0,11746,0.0,1789592686530,120913276774148
1,11746,0.0,1789592686530,120913276774148
2,11746,0.0,1789592686530,120913276774148
3,11746,0.0,1789592686530,120913276774148
4,11746,0.0,1789592686530,120913276774148
5,11746,10.0,1789592686530,120913276774148
6,11746,0.0,1789592686530,120913276774148
7,11746,0.0,1789592686530,120913276774148
0,11846,0.0,1789592686630,120913279183275
1,11846,0.0,1789592686630,120913279183275
2,11846,0.0,1789592686630,120913279183275
3,11846,0.0,1789592686630,120913279183275
4,11846,0.0,1789592686630,120913279183275
5,11846,0.0,1789592686630,120913279183275
6,11846,0.0,1789592686630,120913279183275
7,11846,0.0,1789592686630,120913279183275
0,11947,0.0,1789592686731,120913281591585
1,11947,0.0,1789592686731,120913281591585
2,11947,0.0,1789592686731,120913281591585
3,11947,0.0,1789592686731,120913281591585
4,11947,0.0,1789592686731,120913281591585
5,11947,0.0,1789592686731,120913281591585
6,11947,0.0,1789592686731,120913281591585
7,11947,0.0,1789592686731,120913281591585
0,12047,0.0,1789592686831,120913284000716
1,12047,0.0,1789592686831,120913284000716
2,12047,0.0,1789592686831,120913284000716
3,12047,0.0,1789592686831,120913284000716
4,12047,0.0,1789592686831,120913284000716
5,12047,0.0,1789592686831,120913284000716
6,12047,0.0,1789592686831,120913284000716
7,12047,0.0,1789592686831,120913284000716
0,12147,0.0,1789592686931,120913286409181
1,12147,0.0,1789592686931,120913286409181
2,12147,0.0,1789592686931,120913286409181
3,12147,0.0,1789592686931,120913286409181
4,12147,0.0,1789592686931,120913286409181
5,12147,0.0,1789592686931,120913286409181
6,12147,0.0,1789592686931,120913286409181
7,12147,0.0,1789592686931,120913286409181
0,12248,0.0,1789592687032,120913288817427
1,12248,0.0,1789592687032,120913288817427
2,12248,0.0,1789592687032,120913288817427
3,12248,0.0,1789592687032,120913288817427
4,12248,0.0,1789592687032,120913288817427
5,12248,0.0,1789592687032,120913288817427
6,12248,0.0,1789592687032,120913288817427
7,12248,0.0,1789592687032,120913288817427
0,12348,0.0,1789592687132,120913291225239
1,12348,0.0,1789592687132,120913291225239
2,12348,0.0,1789592687132,120913291225239
3,12348,0.0,1789592687132,120913291225239
4,12348,0.0,1789592687132,120913291225239
5,12348,0.0,1789592687132,120913291225239
6,12348,0.0,1789592687132,120913291225239
7,12348,0.0,1789592687132,120913291225239
0,12448,0.0,1789592687232,120913293633221
1,12448,0.0,1789592687232,120913293633221
2,12448,0.0,1789592687232,120913293633221
3,12448,0.0,1789592687232,120913293633221
4,12448,0.0,1789592687232,120913293633221
5,12448,0.0,1789592687232,120913293633221
6,12448,0.0,1789592687232,120913293633221
7,12448,0.0,1789592687232,120913293633221
0,12549,0.0,1789592687333,120913296040909
1,12549,0.0,1789592687333,120913296040909
2,12549,0.0,1789592687333,120913296040909
3,12549,0.0,1789592687333,120913296040909
4,12549,0.0,1789592687333,120913296040909
5,12549,0.0,1789592687333,120913296040909
6,12549,0.0,1789592687333,120913296040909
7,12549,0.0,1789592687333,120913296040909
0,12649,0.0,1789592687433,120913298452600
1,12649,0.0,1789592687433,120913298452600
2,12649,0.0,1789592687433,120913298452600
3,12649,0.0,1789592687433,120913298452600
4,12649,0.0,1789592687433,120913298452600
5,12649,0.0,1789592687433,120913298452600
6,12649,10.0,1789592687433,120913298452600
7,12649,0.0,1789592687433,120913298452600
0,12750,0.0,1789592687534,120913300862608
1,12750,0.0,1789592687534,120913300862608
2,12750,0.0,1789592687534,120913300862608
3,12750,0.0,1789592687534,120913300862608
4,12750,0.0,1789592687534,120913300862608
5,12750,0.0,1789592687534,120913300862608
6,12750,0.0,1789592687534,120913300862608
7,12750,0.0,1789592687534,120913300862608
0,12850,0.0,1789592687634,120913303271060
1,12850,0.0,1789592687634,120913303271060
2,12850,0.0,1789592687634,120913303271060
3,12850,0.0,1789592687634,120913303271060
4,12850,0.0,1789592687634,120913303271060
5,12850,0.0,1789592687634,120913303271060
6,12850,0.0,1789592687634,120913303271060
7,12850,0.0,1789592687634,120913303271060
0,12950,0.0,1789592687734,120913305679486
1,12950,0.0,1789592687734,120913305679486
2,12950,0.0,1789592687734,120913305679486
3,12950,0.0,1789592687734,120913305679486
4,12950,0.0,1789592687734,120913305679486
5,12950,0.0,1789592687734,120913305679486
6,12950,0.0,1789592687734,120913305679486
7,12950,0.0,1789592687734,120913305679486
0,13051,0.0,1789592687835,120913308087860
1,13051,0.0,1789592687835,120913308087860
2,13051,0.0,1789592687835,120913308087860
3,13051,0.0,1789592687835,120913308087860
4,13051,0.0,1789592687835,120913308087860
5,13051,0.0,1789592687835,120913308087860
6,13051,0.0,1789592687835,120913308087860
7,13051,0.0,1789592687835,120913308087860
0,13151,0.0,1789592687935,120913310497668
1,13151,0.0,1789592687935,120913310497668
2,13151,0.0,1789592687935,120913310497668
3,13151,0.0,1789592687935,120913310497668
4,13151,9.1,1789592687935,120913310497668
5,13151,0.0,1789592687935,120913310497668
6,13151,0.0,1789592687935,120913310497668
7,13151,0.0,1789592687935,120913310497668
0,13251,0.0,1789592688035,120913312906660
1,13251,0.0,1789592688035,120913312906660
2,13251,0.0,1789592688035,120913312906660
3,13251,0.0,1789592688035,120913312906660
4,13251,0.0,1789592688035,120913312906660
5,13251,0.0,1789592688035,120913312906660
6,13251,0.0,1789592688035,120913312906660
7,13251,0.0,1789592688035,120913312906660
0,13352,0.0,1789592688136,120913315317157
1,13352,0.0,1789592688136,120913315317157
2,13352,0.0,1789592688136,120913315317157
3,13352,0.0,1789592688136,120913315317157
4,13352,0.0,1789592688136,120913315317157
5,13352,0.0,1789592688136,120913315317157
6,13352,0.0,1789592688136,120913315317157
7,13352,9.1,1789592688136,120913315317157
0,13452,0.0,1789592688236,120913317726637
1,13452,0.0,1789592688236,120913317726637
2,13452,0.0,1789592688236,120913317726637
3,13452,0.0,1789592688236,120913317726637
4,13452,0.0,1789592688236,120913317726637
5,13452,0.0,1789592688236,120913317726637
6,13452,0.0,1789592688236,120913317726637
7,13452,0.0,1789592688236,120913317726637
0,13553,0.0,1789592688337,120913320134950
1,13553,0.0,1789592688337,120913320134950
2,13553,0.0,1789592688337,120913320134950
3,13553,0.0,1789592688337,120913320134950
4,13553,0.0,1789592688337,120913320134950
5,13553,0.0,1789592688337,120913320134950
6,13553,0.0,1789592688337,120913320134950
7,13553,0.0,1789592688337,120913320134950
0,13653,0.0,1789592688437,120913322543121
1,13653,0.0,1789592688437,120913322543121
2,13653,0.0,1789592688437,120913322543121
3,13653,0.0,1789592688437,120913322543121
4,13653,0.0,1789592688437,120913322543121
5,13653,0.0,1789592688437,120913322543121
6,13653,0.0,1789592688437,120913322543121
7,13653,0.0,1789592688437,120913322543121
0,13753,0.0,1789592688537,120913324952113
1,13753,0.0,1789592688537,120913324952113
2,13753,0.0,1789592688537,120913324952113
3,13753,0.0,1789592688537,120913324952113
4,13753,0.0,1789592688537,120913324952113
5,13753,0.0,1789592688537,120913324952113
6,13753,0.0,1789592688537,120913324952113
7,13753,0.0,1789592688537,120913324952113
0,13854,0.0,1789592688638,120913327362472
1,13854,0.0,1789592688638,120913327362472
2,13854,0.0,1789592688638,120913327362472
3,13854,0.0,1789592688638,120913327362472
4,13854,0.0,1789592688638,120913327362472
5,13854,0.0,1789592688638,120913327362472
6,13854,0.0,1789592688638,120913327362472
7,13854,0.0,1789592688638,120913327362472
0,13954,0.0,1789592688738,120913329771147
1,13954,0.0,1789592688738,120913329771147
2,13954,0.0,1789592688738,120913329771147
3,13954,0.0,1789592688738,120913329771147
4,13954,0.0,1789592688738,120913329771147
5,13954,0.0,1789592688738,120913329771147
6,13954,0.0,1789592688738,120913329771147
7,13954,0.0,1789592688738,120913329771147
0,14055,0.0,1789592688839,120913332181409
1,14055,0.0,1789592688839,120913332181409
2,14055,0.0,1789592688839,120913332181409
3,14055,0.0,1789592688839,120913332181409
4,14055,0.0,1789592688839,120913332181409
5,14055,0.0,1789592688839,120913332181409
6,14055,0.0,1789592688839,120913332181409
7,14055,0.0,1789592688839,120913332181409
0,14155,0.0,1789592688939,120913334592001
1,14155,0.0,1789592688939,120913334592001
2,14155,0.0,1789592688939,120913334592001
3,14155,0.0,1789592688939,120913334592001
4,14155,0.0,1789592688939,120913334592001
5,14155,0.0,1789592688939,120913334592001
6,14155,0.0,1789592688939,120913334592001
7,14155,0.0,1789592688939,120913334592001
0,14255,0.0,1789592689039,120913337001628
1,14255,0.0,1789592689039,120913337001628
2,14255,0.0,1789592689039,120913337001628
3,14255,0.0,1789592689039,120913337001628
4,14255,0.0,1789592689039,120913337001628
5,14255,0.0,1789592689039,120913337001628
6,14255,0.0,1789592689039,120913337001628
7,14255,0.0,1789592689039,120913337001628
0,14356,0.0,1789592689140,120913339410936
1,14356,0.0,1789592689140,120913339410936
2,14356,0.0,1789592689140,120913339410936
3,14356,0.0,1789592689140,120913339410936
4,14356,0.0,1789592689140,120913339410936
5,14356,0.0,1789592689140,120913339410936
6,14356,0.0,1789592689140,120913339410936
7,14356,0.0,1789592689140,120913339410936
0,14456,0.0,1789592689240,120913341820112
1,14456,0.0,1789592689240,120913341820112
2,14456,0.0,1789592689240,120913341820112
3,14456,0.0,1789592689240,120913341820112
4,14456,0.0,1789592689240,120913341820112
5,14456,0.0,1789592689240,120913341820112
6,14456,0.0,1789592689240,120913341820112
7,14456,0.0,1789592689240,120913341820112
0,14557,0.0,1789592689341,120913344228977
1,14557,0.0,1789592689341,120913344228977
2,14557,0.0,1789592689341,120913344228977
3,14557,0.0,1789592689341,120913344228977
4,14557,0.0,1789592689341,120913344228977
5,14557,0.0,1789592689341,120913344228977
6,14557,0.0,1789592689341,120913344228977
7,14557,0.0,1789592689341,120913344228977
0,14657,0.0,1789592689441,120913346637439
1,14657,0.0,1789592689441,120913346637439
2,14657,0.0,1789592689441,120913346637439
3,14657,0.0,1789592689441,120913346637439
4,14657,0.0,1789592689441,120913346637439
5,14657,0.0,1789592689441,120913346637439
6,14657,0.0,1789592689441,120913346637439
7,14657,0.0,1789592689441,120913346637439
0,14757,0.0,1789592689541,120913349045763
1,14757,0.0,1789592689541,120913349045763
2,14757,0.0,1789592689541,120913349045763
3,14757,0.0,1789592689541,120913349045763
4,14757,0.0,1789592689541,120913349045763
5,14757,0.0,1789592689541,120913349045763
6,14757,0.0,1789592689541,120913349045763
7,14757,0.0,1789592689541,120913349045763
0,14858,0.0,1789592689642,120913351454138
1,14858,0.0,1789592689642,120913351454138
2,14858,0.0,1789592689642,120913351454138
3,14858,0.0,1789592689642,120913351454138
4,14858,0.0,1789592689642,120913351454138
5,14858,0.0,1789592689642,120913351454138
6,14858,0.0,1789592689642,120913351454138
7,14858,0.0,1789592689642,120913351454138
0,14958,0.0,1789592689742,120913353862580
1,14958,0.0,1789592689742,120913353862580
2,14958,0.0,1789592689742,120913353862580
3,14958,0.0,1789592689742,120913353862580
4,14958,0.0,1789592689742,120913353862580
5,14958,0.0,1789592689742,120913353862580
6,14958,0.0,1789592689742,120913353862580
7,14958,0.0,1789592689742,120913353862580
0,15058,0.0,1789592689842,120913356272126
1,15058,0.0,1789592689842,120913356272126
2,15058,0.0,1789592689842,120913356272126
3,15058,0.0,1789592689842,120913356272126
4,15058,0.0,1789592689842,120913356272126
5,15058,0.0,1789592689842,120913356272126
6,15058,0.0,1789592689842,120913356272126
7,15058,0.0,1789592689842,120913356272126
0,15159,0.0,1789592689943,120913358680842
1,15159,0.0,1789592689943,120913358680842
2,15159,0.0,1789592689943,120913358680842
3,15159,0.0,1789592689943,120913358680842
4,15159,0.0,1789592689943,120913358680842
5,15159,0.0,1789592689943,120913358680842
6,15159,0.0,1789592689943,120913358680842
7,15159,0.0,1789592689943,120913358680842
0,15259,0.0,1789592690043,120913361089595
1,15259,0.0,1789592690043,120913361089595
2,15259,0.0,1789592690043,120913361089595
3,15259,0.0,1789592690043,120913361089595
4,15259,0.0,1789592690043,120913361089595
5,15259,0.0,1789592690043,120913361089595
6,15259,0.0,1789592690043,120913361089595
7,15259,0.0,1789592690043,120913361089595
0,15360,0.0,1789592690144,120913363498893
1,15360,0.0,1789592690144,120913363498893
2,15360,0.0,1789592690144,120913363498893
3,15360,0.0,1789592690144,120913363498893
4,15360,0.0,1789592690144,120913363498893
5,15360,0.0,1789592690144,120913363498893
6,15360,0.0,1789592690144,120913363498893
7,15360,0.0,1789592690144,120913363498893
0,15460,0.0,1789592690244,120913365907760
1,15460,0.0,1789592690244,120913365907760
2,15460,0.0,1789592690244,120913365907760
3,15460,0.0,1789592690244,120913365907760
4,15460,0.0,1789592690244,120913365907760
5,15460,0.0,1789592690244,120913365907760
6,15460,0.0,1789592690244,120913365907760
7,15460,0.0,1789592690244,120913365907760
0,15560,0.0,1789592690344,120913368319227
1,15560,0.0,1789592690344,120913368319227
2,15560,0.0,1789592690344,120913368319227
3,15560,0.0,1789592690344,120913368319227
4,15560,0.0,1789592690344,120913368319227
5,15560,0.0,1789592690344,120913368319227
6,15560,0.0,1789592690344,120913368319227
7,15560,0.0,1789592690344,120913368319227
0,15661,9.1,1789592690445,120913370731084
1,15661,0.0,1789592690445,120913370731084
2,15661,0.0,1789592690445,120913370731084
3,15661,0.0,1789592690445,120913370731084
4,15661,0.0,1789592690445,120913370731084
5,15661,0.0,1789592690445,120913370731084
6,15661,0.0,1789592690445,120913370731084
7,15661,0.0,1789592690445,120913370731084
0,15761,0.0,1789592690545,120913373141039
1,15761,0.0,1789592690545,120913373141039
2,15761,0.0,1789592690545,120913373141039
3,15761,0.0,1789592690545,120913373141039
4,15761,0.0,1789592690545,120913373141039
5,15761,0.0,1789592690545,120913373141039
6,15761,0.0,1789592690545,120913373141039
7,15761,0.0,1789592690545,120913373141039
0,15862,0.0,1789592690646,120913375551116
1,15862,0.0,1789592690646,120913375551116
2,15862,0.0,1789592690646,120913375551116
3,15862,0.0,1789592690646,120913375551116
4,15862,0.0,1789592690646,120913375551116
5,15862,0.0,1789592690646,120913375551116
6,15862,0.0,1789592690646,120913375551116
7,15862,0.0,1789592690646,120913375551116
0,15962,0.0,1789592690746,120913377960414
1,15962,0.0,1789592690746,120913377960414
2,15962,0.0,1789592690746,120913377960414
3,15962,0.0,1789592690746,120913377960414
4,15962,0.0,1789592690746,120913377960414
5,15962,0.0,1789592690746,120913377960414
6,15962,0.0,1789592690746,120913377960414
7,15962,0.0,1789592690746,120913377960414
0,16063,0.0,1789592690847,120913380370631
1,16063,0.0,1789592690847,120913380370631
2,16063,0.0,1789592690847,120913380370631
3,16063,0.0,1789592690847,120913380370631
4,16063,0.0,1789592690847,120913380370631
5,16063,0.0,1789592690847,120913380370631
6,16063,0.0,1789592690847,120913380370631
7,16063,0.0,1789592690847,120913380370631
0,16163,0.0,1789592690947,120913382780968
1,16163,0.0,1789592690947,120913382780968
2,16163,0.0,1789592690947,120913382780968
3,16163,0.0,1789592690947,120913382780968
4,16163,0.0,1789592690947,120913382780968
5,16163,0.0,1789592690947,120913382780968
6,16163,0.0,1789592690947,120913382780968
7,16163,0.0,1789592690947,120913382780968
0,16263,0.0,1789592691047,120913385190972
1,16263,0.0,1789592691047,120913385190972
2,16263,0.0,1789592691047,120913385190972
3,16263,0.0,1789592691047,120913385190972
4,16263,9.1,1789592691047,120913385190972
5,16263,0.0,1789592691047,120913385190972
6,16263,0.0,1789592691047,120913385190972
7,16263,0.0,1789592691047,120913385190972
0,16364,0.0,1789592691148,120913387599253
1,16364,0.0,1789592691148,120913387599253
2,16364,0.0,1789592691148,120913387599253
3,16364,0.0,1789592691148,120913387599253
4,16364,0.0,1789592691148,120913387599253
5,16364,0.0,1789592691148,120913387599253
6,16364,0.0,1789592691148,120913387599253
7,16364,0.0,1789592691148,120913387599253
0,16464,0.0,1789592691248,120913390007756
1,16464,0.0,1789592691248,120913390007756
2,16464,0.0,1789592691248,120913390007756
3,16464,0.0,1789592691248,120913390007756
4,16464,0.0,1789592691248,120913390007756
5,16464,0.0,1789592691248,120913390007756
6,16464,0.0,1789592691248,120913390007756
7,16464,0.0,1789592691248,120913390007756
0,16564,0.0,1789592691348,120913392417624
1,16564,0.0,1789592691348,120913392417624
2,16564,0.0,1789592691348,120913392417624
3,16564,0.0,1789592691348,120913392417624
4,16564,0.0,1789592691348,120913392417624
5,16564,0.0,1789592691348,120913392417624
6,16564,0.0,1789592691348,120913392417624
7,16564,0.0,1789592691348,120913392417624
0,16665,0.0,1789592691449,120913394828241
1,16665,0.0,1789592691449,120913394828241
2,16665,0.0,1789592691449,120913394828241
3,16665,0.0,1789592691449,120913394828241
4,16665,0.0,1789592691449,120913394828241
5,16665,0.0,1789592691449,120913394828241
6,16665,0.0,1789592691449,120913394828241
7,16665,0.0,1789592691449,120913394828241
0,16765,0.0,1789592691549,120913397237799
1,16765,0.0,1789592691549,120913397237799
2,16765,0.0,1789592691549,120913397237799
3,16765,0.0,1789592691549,120913397237799
4,16765,0.0,1789592691549,120913397237799
5,16765,0.0,1789592691549,120913397237799
6,16765,0.0,1789592691549,120913397237799
7,16765,0.0,1789592691549,120913397237799
0,16866,0.0,1789592691650,120913399646270
1,16866,0.0,1789592691650,120913399646270
2,16866,0.0,1789592691650,120913399646270
3,16866,0.0,1789592691650,120913399646270
4,16866,0.0,1789592691650,120913399646270
5,16866,0.0,1789592691650,120913399646270
6,16866,0.0,1789592691650,120913399646270
7,16866,0.0,1789592691650,120913399646270
0,16966,0.0,1789592691750,120913402054606
1,16966,0.0,1789592691750,120913402054606
2,16966,0.0,1789592691750,120913402054606
3,16966,0.0,1789592691750,120913402054606
4,16966,0.0,1789592691750,120913402054606
5,16966,0.0,1789592691750,120913402054606
6,16966,0.0,1789592691750,120913402054606
7,16966,0.0,1789592691750,120913402054606
0,17066,0.0,1789592691850,120913404463024
1,17066,0.0,1789592691850,120913404463024
2,17066,0.0,1789592691850,120913404463024
3,17066,0.0,1789592691850,120913404463024
4,17066,0.0,1789592691850,120913404463024
5,17066,0.0,1789592691850,120913404463024
6,17066,0.0,1789592691850,120913404463024
7,17066,0.0,1789592691850,120913404463024
0,17167,0.0,1789592691951,120913406871942
1,17167,0.0,1789592691951,120913406871942
2,17167,0.0,1789592691951,120913406871942
3,17167,0.0,1789592691951,120913406871942
4,17167,0.0,1789592691951,120913406871942
5,17167,0.0,1789592691951,120913406871942
6,17167,0.0,1789592691951,120913406871942
7,17167,0.0,1789592691951,120913406871942
0,17267,0.0,1789592692051,120913409281207
1,17267,0.0,1789592692051,120913409281207
2,17267,0.0,1789592692051,120913409281207
3,17267,0.0,1789592692051,120913409281207
4,17267,0.0,1789592692051,120913409281207
5,17267,0.0,1789592692051,120913409281207
6,17267,0.0,1789592692051,120913409281207
7,17267,0.0,1789592692051,120913409281207
0,17368,0.0,1789592692152,120913411690741
1,17368,0.0,1789592692152,120913411690741
2,17368,0.0,1789592692152,120913411690741
3,17368,0.0,1789592692152,120913411690741
4,17368,0.0,1789592692152,120913411690741
5,17368,0.0,1789592692152,120913411690741
6,17368,0.0,1789592692152,120913411690741
7,17368,0.0,1789592692152,120913411690741
0,17468,0.0,1789592692252,120913414099538
1,17468,0.0,1789592692252,120913414099538
2,17468,0.0,1789592692252,120913414099538
3,17468,0.0,1789592692252,120913414099538
4,17468,0.0,1789592692252,120913414099538
5,17468,0.0,1789592692252,120913414099538
6,17468,0.0,1789592692252,120913414099538
7,17468,0.0,1789592692252,120913414099538
0,17568,0.0,1789592692352,120913416508974
1,17568,0.0,1789592692352,120913416508974
2,17568,0.0,1789592692352,120913416508974
3,17568,0.0,1789592692352,120913416508974
4,17568,0.0,1789592692352,120913416508974
5,17568,0.0,1789592692352,120913416508974
6,17568,0.0,1789592692352,120913416508974
7,17568,0.0,1789592692352,120913416508974
0,17669,0.0,1789592692453,120913418917413
1,17669,0.0,1789592692453,120913418917413
2,17669,0.0,1789592692453,120913418917413
3,17669,0.0,1789592692453,120913418917413
4,17669,0.0,1789592692453,120913418917413
5,17669,0.0,1789592692453,120913418917413
6,17669,0.0,1789592692453,120913418917413
7,17669,0.0,1789592692453,120913418917413
0,17769,0.0,1789592692553,120913421325338
1,17769,0.0,1789592692553,120913421325338
2,17769,0.0,1789592692553,120913421325338
3,17769,0.0,1789592692553,120913421325338
4,17769,0.0,1789592692553,120913421325338
5,17769,0.0,1789592692553,120913421325338
6,17769,0.0,1789592692553,120913421325338
7,17769,0.0,1789592692553,120913421325338
0,17869,0.0,1789592692653,120913423734978
1,17869,0.0,1789592692653,120913423734978
2,17869,0.0,1789592692653,120913423734978
3,17869,0.0,1789592692653,120913423734978
4,17869,0.0,1789592692653,120913423734978
5,17869,0.0,1789592692653,120913423734978
6,17869,0.0,1789592692653,120913423734978
7,17869,0.0,1789592692653,120913423734978
0,17970,0.0,1789592692754,120913426144103
1,17970,0.0,1789592692754,120913426144103
2,17970,0.0,1789592692754,120913426144103
3,17970,0.0,1789592692754,120913426144103
4,17970,0.0,1789592692754,120913426144103
5,17970,0.0,1789592692754,120913426144103
6,17970,0.0,1789592692754,120913426144103
7,17970,0.0,1789592692754,120913426144103
0,18070,0.0,1789592692854,120913428552549
1,18070,0.0,1789592692854,120913428552549
2,18070,0.0,1789592692854,120913428552549
3,18070,0.0,1789592692854,120913428552549
4,18070,0.0,1789592692854,120913428552549
5,18070,0.0,1789592692854,120913428552549
6,18070,0.0,1789592692854,120913428552549
7,18070,0.0,1789592692854,120913428552549
0,18171,0.0,1789592692955,120913430961856
1,18171,0.0,1789592692955,120913430961856
2,18171,0.0,1789592692955,120913430961856
3,18171,0.0,1789592692955,120913430961856
4,18171,0.0,1789592692955,120913430961856
5,18171,0.0,1789592692955,120913430961856
6,18171,0.0,1789592692955,120913430961856
7,18171,0.0,1789592692955,120913430961856
0,18271,0.0,1789592693055,120913433371691
1,18271,0.0,1789592693055,120913433371691
2,18271,0.0,1789592693055,120913433371691
3,18271,0.0,1789592693055,120913433371691
4,18271,0.0,1789592693055,120913433371691
5,18271,0.0,1789592693055,120913433371691
6,18271,0.0,1789592693055,120913433371691
7,18271,0.0,1789592693055,120913433371691
0,18371,0.0,1789592693155,120913435780137
1,18371,0.0,1789592693155,120913435780137
2,18371,0.0,1789592693155,120913435780137
3,18371,0.0,1789592693155,120913435780137
4,18371,0.0,1789592693155,120913435780137
5,18371,0.0,1789592693155,120913435780137
6,18371,0.0,1789592693155,120913435780137
7,18371,0.0,1789592693155,120913435780137
0,18472,0.0,1789592693256,120913438188526
1,18472,0.0,1789592693256,120913438188526
2,18472,0.0,1789592693256,120913438188526
3,18472,0.0,1789592693256,120913438188526
4,18472,0.0,1789592693256,120913438188526
5,18472,0.0,1789592693256,120913438188526
6,18472,0.0,1789592693256,120913438188526
7,18472,0.0,1789592693256,120913438188526
0,18572,0.0,1789592693356,120913440599356
1,18572,0.0,1789592693356,120913440599356
2,18572,0.0,1789592693356,120913440599356
3,18572,0.0,1789592693356,120913440599356
4,18572,0.0,1789592693356,120913440599356
5,18572,9.1,1789592693356,120913440599356
6,18572,0.0,1789592693356,120913440599356
7,18572,0.0,1789592693356,120913440599356
0,18673,0.0,1789592693457,120913443009978
1,18673,0.0,1789592693457,120913443009978
2,18673,0.0,1789592693457,120913443009978
3,18673,0.0,1789592693457,120913443009978
4,18673,0.0,1789592693457,120913443009978
5,18673,0.0,1789592693457,120913443009978
6,18673,0.0,1789592693457,120913443009978
7,18673,0.0,1789592693457,120913443009978
0,18773,0.0,1789592693557,120913445420381
1,18773,0.0,1789592693557,120913445420381
2,18773,0.0,1789592693557,120913445420381
3,18773,0.0,1789592693557,120913445420381
4,18773,0.0,1789592693557,120913445420381
5,18773,0.0,1789592693557,120913445420381
6,18773,0.0,1789592693557,120913445420381
7,18773,0.0,1789592693557,120913445420381
0,18873,0.0,1789592693657,120913447829064
1,18873,0.0,1789592693657,120913447829064
2,18873,0.0,1789592693657,120913447829064
3,18873,0.0,1789592693657,120913447829064
4,18873,0.0,1789592693657,120913447829064
5,18873,0.0,1789592693657,120913447829064
6,18873,0.0,1789592693657,120913447829064
7,18873,0.0,1789592693657,120913447829064
0,18974,0.0,1789592693758,120913450237862
1,18974,0.0,1789592693758,120913450237862
2,18974,0.0,1789592693758,120913450237862
3,18974,0.0,1789592693758,120913450237862
4,18974,0.0,1789592693758,120913450237862
5,18974,0.0,1789592693758,120913450237862
6,18974,0.0,1789592693758,120913450237862
7,18974,0.0,1789592693758,120913450237862
0,19074,0.0,1789592693858,120913452646823
1,19074,0.0,1789592693858,120913452646823
2,19074,0.0,1789592693858,120913452646823
3,19074,0.0,1789592693858,120913452646823
4,19074,0.0,1789592693858,120913452646823
5,19074,0.0,1789592693858,120913452646823
6,19074,0.0,1789592693858,120913452646823
7,19074,0.0,1789592693858,120913452646823
0,19174,0.0,1789592693958,120913455055627
1,19174,0.0,1789592693958,120913455055627
2,19174,0.0,1789592693958,120913455055627
3,19174,0.0,1789592693958,120913455055627
4,19174,0.0,1789592693958,120913455055627
5,19174,0.0,1789592693958,120913455055627
6,19174,0.0,1789592693958,120913455055627
7,19174,0.0,1789592693958,120913455055627
0,19275,0.0,1789592694059,120913457464364
1,19275,0.0,1789592694059,120913457464364
2,19275,0.0,1789592694059,120913457464364
3,19275,0.0,1789592694059,120913457464364
4,19275,0.0,1789592694059,120913457464364
5,19275,0.0,1789592694059,120913457464364
6,19275,0.0,1789592694059,120913457464364
7,19275,0.0,1789592694059,120913457464364
0,19375,0.0,1789592694159,120913459872340
1,19375,0.0,1789592694159,120913459872340
2,19375,0.0,1789592694159,120913459872340
3,19375,0.0,1789592694159,120913459872340
4,19375,0.0,1789592694159,120913459872340
5,19375,0.0,1789592694159,120913459872340
6,19375,0.0,1789592694159,120913459872340
7,19375,0.0,1789592694159,120913459872340
0,19476,0.0,1789592694260,120913462282250
1,19476,0.0,1789592694260,120913462282250
2,19476,0.0,1789592694260,120913462282250
3,19476,0.0,1789592694260,120913462282250
4,19476,0.0,1789592694260,120913462282250
5,19476,0.0,1789592694260,120913462282250
6,19476,0.0,1789592694260,120913462282250
7,19476,0.0,1789592694260,120913462282250
0,19576,0.0,1789592694360,120913464691381
1,19576,0.0,1789592694360,120913464691381
2,19576,0.0,1789592694360,120913464691381
3,19576,0.0,1789592694360,120913464691381
4,19576,0.0,1789592694360,120913464691381
5,19576,0.0,1789592694360,120913464691381
6,19576,0.0,1789592694360,120913464691381
7,19576,0.0,1789592694360,120913464691381
0,19676,0.0,1789592694460,120913467101835
1,19676,0.0,1789592694460,120913467101835
2,19676,0.0,1789592694460,120913467101835
3,19676,0.0,1789592694460,120913467101835
4,19676,0.0,1789592694460,120913467101835
5,19676,0.0,1789592694460,120913467101835
6,19676,0.0,1789592694460,120913467101835
7,19676,0.0,1789592694460,120913467101835
0,19777,0.0,1789592694561,120913469511967
1,19777,0.0,1789592694561,120913469511967
2,19777,0.0,1789592694561,120913469511967
3,19777,0.0,1789592694561,120913469511967
4,19777,0.0,1789592694561,120913469511967
5,19777,0.0,1789592694561,120913469511967
6,19777,0.0,1789592694561,120913469511967
7,19777,0.0,1789592694561,120913469511967
0,19877,0.0,1789592694661,120913471922102
1,19877,0.0,1789592694661,120913471922102
2,19877,0.0,1789592694661,120913471922102
3,19877,0.0,1789592694661,120913471922102
4,19877,0.0,1789592694661,120913471922102
5,19877,0.0,1789592694661,120913471922102
6,19877,0.0,1789592694661,120913471922102
7,19877,0.0,1789592694661,120913471922102
0,19978,0.0,1789592694762,120913474332990
1,19978,0.0,1789592694762,120913474332990
2,19978,0.0,1789592694762,120913474332990
3,19978,0.0,1789592694762,120913474332990
4,19978,0.0,1789592694762,120913474332990
5,19978,0.0,1789592694762,120913474332990
6,19978,0.0,1789592694762,120913474332990
7,19978,0.0,1789592694762,120913474332990
0,20078,0.0,1789592694862,120913476741965
1,20078,0.0,1789592694862,120913476741965
2,20078,0.0,1789592694862,120913476741965
3,20078,0.0,1789592694862,120913476741965
4,20078,0.0,1789592694862,120913476741965
5,20078,0.0,1789592694862,120913476741965
6,20078,0.0,1789592694862,120913476741965
7,20078,0.0,1789592694862,120913476741965
0,20178,0.0,1789592694962,120913479151541
1,20178,0.0,1789592694962,120913479151541
2,20178,0.0,1789592694962,120913479151541
3,20178,0.0,1789592694962,120913479151541
4,20178,0.0,1789592694962,120913479151541
5,20178,0.0,1789592694962,120913479151541
6,20178,0.0,1789592694962,120913479151541
7,20178,0.0,1789592694962,120913479151541
0,20279,0.0,1789592695063,120913481560654
1,20279,0.0,1789592695063,120913481560654
2,20279,0.0,1789592695063,120913481560654
3,20279,0.0,1789592695063,120913481560654
4,20279,0.0,1789592695063,120913481560654
5,20279,0.0,1789592695063,120913481560654
6,20279,0.0,1789592695063,120913481560654
7,20279,0.0,1789592695063,120913481560654
0,20379,0.0,1789592695163,120913483970421
1,20379,0.0,1789592695163,120913483970421
2,20379,0.0,1789592695163,120913483970421
3,20379,0.0,1789592695163,120913483970421
4,20379,9.1,1789592695163,120913483970421
5,20379,0.0,1789592695163,120913483970421
6,20379,0.0,1789592695163,120913483970421
7,20379,0.0,1789592695163,120913483970421
0,20480,0.0,1789592695264,120913486379372
1,20480,0.0,1789592695264,120913486379372
2,20480,0.0,1789592695264,120913486379372
3,20480,0.0,1789592695264,120913486379372
4,20480,0.0,1789592695264,120913486379372
5,20480,0.0,1789592695264,120913486379372
6,20480,0.0,1789592695264,120913486379372
7,20480,0.0,1789592695264,120913486379372
0,20580,0.0,1789592695364,120913488787835
1,20580,0.0,1789592695364,120913488787835
2,20580,0.0,1789592695364,120913488787835
3,20580,0.0,1789592695364,120913488787835
4,20580,0.0,1789592695364,120913488787835
5,20580,0.0,1789592695364,120913488787835
6,20580,0.0,1789592695364,120913488787835
7,20580,0.0,1789592695364,120913488787835
0,20680,0.0,1789592695464,120913491197786
1,20680,0.0,1789592695464,120913491197786
2,20680,0.0,1789592695464,120913491197786
3,20680,0.0,1789592695464,120913491197786
4,20680,0.0,1789592695464,120913491197786
5,20680,0.0,1789592695464,120913491197786
6,20680,0.0,1789592695464,120913491197786
7,20680,0.0,1789592695464,120913491197786
0,20781,0.0,1789592695565,120913493607053
1,20781,0.0,1789592695565,120913493607053
2,20781,0.0,1789592695565,120913493607053
3,20781,0.0,1789592695565,120913493607053
4,20781,0.0,1789592695565,120913493607053
5,20781,0.0,1789592695565,120913493607053
6,20781,0.0,1789592695565,120913493607053
7,20781,0.0,1789592695565,120913493607053
0,20881,0.0,1789592695665,120913496015854
1,20881,0.0,1789592695665,120913496015854
2,20881,0.0,1789592695665,120913496015854
3,20881,0.0,1789592695665,120913496015854
4,20881,0.0,1789592695665,120913496015854
5,20881,0.0,1789592695665,120913496015854
6,20881,0.0,1789592695665,120913496015854
7,20881,0.0,1789592695665,120913496015854
0,20981,0.0,1789592695765,120913498424422
1,20981,0.0,1789592695765,120913498424422
2,20981,0.0,1789592695765,120913498424422
3,20981,0.0,1789592695765,120913498424422
4,20981,0.0,1789592695765,120913498424422
5,20981,0.0,1789592695765,120913498424422
6,20981,0.0,1789592695765,120913498424422
7,20981,0.0,1789592695765,120913498424422
0,21082,0.0,1789592695866,120913500832962
1,21082,0.0,1789592695866,120913500832962
2,21082,0.0,1789592695866,120913500832962
3,21082,0.0,1789592695866,120913500832962
4,21082,0.0,1789592695866,120913500832962
5,21082,0.0,1789592695866,120913500832962
6,21082,0.0,1789592695866,120913500832962
7,21082,0.0,1789592695866,120913500832962
0,21182,0.0,1789592695966,120913503243084
1,21182,0.0,1789592695966,120913503243084
2,21182,0.0,1789592695966,120913503243084
3,21182,0.0,1789592695966,120913503243084
4,21182,0.0,1789592695966,120913503243084
5,21182,0.0,1789592695966,120913503243084
6,21182,0.0,1789592695966,120913503243084
7,21182,0.0,1789592695966,120913503243084
0,21283,0.0,1789592696067,120913505651761
1,21283,0.0,1789592696067,120913505651761
2,21283,0.0,1789592696067,120913505651761
3,21283,0.0,1789592696067,120913505651761
4,21283,0.0,1789592696067,120913505651761
5,21283,0.0,1789592696067,120913505651761
6,21283,0.0,1789592696067,120913505651761
7,21283,0.0,1789592696067,120913505651761
0,21383,0.0,1789592696167,120913508060841
1,21383,0.0,1789592696167,120913508060841
2,21383,0.0,1789592696167,120913508060841
3,21383,0.0,1789592696167,120913508060841
4,21383,0.0,1789592696167,120913508060841
5,21383,0.0,1789592696167,120913508060841
6,21383,0.0,1789592696167,120913508060841
7,21383,0.0,1789592696167,120913508060841
0,21483,0.0,1789592696267,120913510469268
1,21483,0.0,1789592696267,120913510469268
2,21483,0.0,1789592696267,120913510469268
3,21483,0.0,1789592696267,120913510469268
4,21483,0.0,1789592696267,120913510469268
5,21483,0.0,1789592696267,120913510469268
6,21483,0.0,1789592696267,120913510469268
7,21483,0.0,1789592696267,120913510469268
0,21584,0.0,1789592696368,120913512880072
1,21584,0.0,1789592696368,120913512880072
2,21584,0.0,1789592696368,120913512880072
3,21584,0.0,1789592696368,120913512880072
4,21584,0.0,1789592696368,120913512880072
5,21584,0.0,1789592696368,120913512880072
6,21584,9.1,1789592696368,120913512880072
7,21584,0.0,1789592696368,120913512880072
0,21684,0.0,1789592696468,120913515292080
1,21684,0.0,1789592696468,120913515292080
2,21684,0.0,1789592696468,120913515292080
3,21684,0.0,1789592696468,120913515292080
4,21684,0.0,1789592696468,120913515292080
5,21684,0.0,1789592696468,120913515292080
6,21684,0.0,1789592696468,120913515292080
7,21684,0.0,1789592696468,120913515292080
0,21785,0.0,1789592696569,120913517702633
1,21785,0.0,1789592696569,120913517702633
2,21785,0.0,1789592696569,120913517702633
3,21785,0.0,1789592696569,120913517702633
4,21785,0.0,1789592696569,120913517702633
5,21785,0.0,1789592696569,120913517702633
6,21785,0.0,1789592696569,120913517702633
7,21785,0.0,1789592696569,120913517702633
0,21885,0.0,1789592696669,120913520113057
1,21885,0.0,1789592696669,120913520113057
2,21885,0.0,1789592696669,120913520113057
3,21885,0.0,1789592696669,120913520113057
4,21885,0.0,1789592696669,120913520113057
5,21885,10.0,1789592696669,120913520113057
6,21885,0.0,1789592696669,120913520113057
7,21885,0.0,1789592696669,120913520113057
0,21986,0.0,1789592696770,120913522522517
1,21986,0.0,1789592696770,120913522522517
2,21986,0.0,1789592696770,120913522522517
3,21986,0.0,1789592696770,120913522522517
4,21986,0.0,1789592696770,120913522522517
5,21986,0.0,1789592696770,120913522522517
6,21986,0.0,1789592696770,120913522522517
7,21986,0.0,1789592696770,120913522522517
0,22086,0.0,1789592696870,120913524931220
1,22086,0.0,1789592696870,120913524931220
2,22086,0.0,1789592696870,120913524931220
3,22086,0.0,1789592696870,120913524931220
4,22086,0.0,1789592696870,120913524931220
5,22086,0.0,1789592696870,120913524931220
6,22086,0.0,1789592696870,120913524931220
7,22086,0.0,1789592696870,120913524931220
0,22186,0.0,1789592696970,120913527341269
1,22186,0.0,1789592696970,120913527341269
2,22186,0.0,1789592696970,120913527341269
3,22186,0.0,1789592696970,120913527341269
4,22186,0.0,1789592696970,120913527341269
5,22186,0.0,1789592696970,120913527341269
6,22186,0.0,1789592696970,120913527341269
7,22186,9.1,1789592696970,120913527341269
0,22287,0.0,1789592697071,120913529750282
1,22287,0.0,1789592697071,120913529750282
2,22287,0.0,1789592697071,120913529750282
3,22287,0.0,1789592697071,120913529750282
4,22287,0.0,1789592697071,120913529750282
5,22287,0.0,1789592697071,120913529750282
6,22287,0.0,1789592697071,120913529750282
7,22287,0.0,1789592697071,120913529750282
0,22387,0.0,1789592697171,120913532161288
1,22387,0.0,1789592697171,120913532161288
2,22387,0.0,1789592697171,120913532161288
3,22387,0.0,1789592697171,120913532161288
4,22387,0.0,1789592697171,120913532161288
5,22387,0.0,1789592697171,120913532161288
6,22387,0.0,1789592697171,120913532161288
7,22387,0.0,1789592697171,120913532161288
0,22488,0.0,1789592697272,120913534570296
1,22488,0.0,1789592697272,120913534570296
2,22488,0.0,1789592697272,120913534570296
3,22488,0.0,1789592697272,120913534570296
4,22488,0.0,1789592697272,120913534570296
5,22488,0.0,1789592697272,120913534570296
6,22488,0.0,1789592697272,120913534570296
7,22488,0.0,1789592697272,120913534570296
0,22588,0.0,1789592697372,120913536979116
1,22588,0.0,1789592697372,120913536979116
2,22588,0.0,1789592697372,120913536979116
3,22588,0.0,1789592697372,120913536979116
4,22588,0.0,1789592697372,120913536979116
5,22588,0.0,1789592697372,120913536979116
6,22588,0.0,1789592697372,120913536979116
7,22588,0.0,1789592697372,120913536979116
0,22688,0.0,1789592697472,120913539387294
1,22688,0.0,1789592697472,120913539387294
2,22688,0.0,1789592697472,120913539387294
3,22688,0.0,1789592697472,120913539387294
4,22688,0.0,1789592697472,120913539387294
5,22688,0.0,1789592697472,120913539387294
6,22688,0.0,1789592697472,120913539387294
7,22688,0.0,1789592697472,120913539387294
0,22789,0.0,1789592697573,120913541795366
1,22789,0.0,1789592697573,120913541795366
2,22789,0.0,1789592697573,120913541795366
3,22789,0.0,1789592697573,120913541795366
4,22789,0.0,1789592697573,120913541795366
5,22789,0.0,1789592697573,120913541795366
6,22789,0.0,1789592697573,120913541795366
7,22789,0.0,1789592697573,120913541795366
0,22889,0.0,1789592697673,120913544205483
1,22889,0.0,1789592697673,120913544205483
2,22889,0.0,1789592697673,120913544205483
3,22889,0.0,1789592697673,120913544205483
4,22889,0.0,1789592697673,120913544205483
5,22889,0.0,1789592697673,120913544205483
6,22889,0.0,1789592697673,120913544205483
7,22889,0.0,1789592697673,120913544205483
0,22989,0.0,1789592697773,120913546615026
1,22989,0.0,1789592697773,120913546615026
2,22989,0.0,1789592697773,120913546615026
3,22989,0.0,1789592697773,120913546615026
4,22989,0.0,1789592697773,120913546615026
5,22989,0.0,1789592697773,120913546615026
6,22989,0.0,1789592697773,120913546615026
7,22989,0.0,1789592697773,120913546615026
0,23090,0.0,1789592697874,120913549023438
1,23090,0.0,1789592697874,120913549023438
2,23090,0.0,1789592697874,120913549023438
3,23090,0.0,1789592697874,120913549023438
4,23090,0.0,1789592697874,120913549023438
5,23090,0.0,1789592697874,120913549023438
6,23090,0.0,1789592697874,120913549023438
7,23090,0.0,1789592697874,120913549023438
0,23190,0.0,1789592697974,120913551432890
1,23190,0.0,1789592697974,120913551432890
2,23190,0.0,1789592697974,120913551432890
3,23190,0.0,1789592697974,120913551432890
4,23190,0.0,1789592697974,120913551432890
5,23190,0.0,1789592697974,120913551432890
6,23190,0.0,1789592697974,120913551432890
7,23190,0.0,1789592697974,120913551432890
0,23291,0.0,1789592698075,120913553841928
1,23291,0.0,1789592698075,120913553841928
2,23291,0.0,1789592698075,120913553841928
3,23291,0.0,1789592698075,120913553841928
4,23291,0.0,1789592698075,120913553841928
5,23291,0.0,1789592698075,120913553841928
6,23291,0.0,1789592698075,120913553841928
7,23291,0.0,1789592698075,120913553841928
0,23391,0.0,1789592698175,120913556251645
1,23391,0.0,1789592698175,120913556251645
2,23391,0.0,1789592698175,120913556251645
3,23391,0.0,1789592698175,120913556251645
4,23391,0.0,1789592698175,120913556251645
5,23391,0.0,1789592698175,120913556251645
6,23391,0.0,1789592698175,120913556251645
7,23391,0.0,1789592698175,120913556251645
0,23491,0.0,1789592698275,120913558660339
1,23491,0.0,1789592698275,120913558660339
2,23491,0.0,1789592698275,120913558660339
3,23491,0.0,1789592698275,120913558660339
4,23491,0.0,1789592698275,120913558660339
5,23491,0.0,1789592698275,120913558660339
6,23491,0.0,1789592698275,120913558660339
7,23491,0.0,1789592698275,120913558660339
0,23592,0.0,1789592698376,120913561068593
1,23592,0.0,1789592698376,120913561068593
2,23592,0.0,1789592698376,120913561068593
3,23592,0.0,1789592698376,120913561068593
4,23592,0.0,1789592698376,120913561068593
5,23592,0.0,1789592698376,120913561068593
6,23592,0.0,1789592698376,120913561068593
7,23592,0.0,1789592698376,120913561068593
0,23692,0.0,1789592698476,120913563478248
1,23692,0.0,1789592698476,120913563478248
2,23692,0.0,1789592698476,120913563478248
3,23692,0.0,1789592698476,120913563478248
4,23692,0.0,1789592698476,120913563478248
5,23692,0.0,1789592698476,120913563478248
6,23692,0.0,1789592698476,120913563478248
7,23692,0.0,1789592698476,120913563478248
0,23792,0.0,1789592698576,120913565886634
1,23792,0.0,1789592698576,120913565886634
2,23792,0.0,1789592698576,120913565886634
3,23792,0.0,1789592698576,120913565886634
4,23792,0.0,1789592698576,120913565886634
5,23792,0.0,1789592698576,120913565886634
6,23792,0.0,1789592698576,120913565886634
7,23792,0.0,1789592698576,120913565886634
0,23893,0.0,1789592698677,120913568296254
1,23893,0.0,1789592698677,120913568296254
2,23893,0.0,1789592698677,120913568296254
3,23893,0.0,1789592698677,120913568296254
4,23893,0.0,1789592698677,120913568296254
5,23893,0.0,1789592698677,120913568296254
6,23893,0.0,1789592698677,120913568296254
7,23893,0.0,1789592698677,120913568296254
0,23993,0.0,1789592698777,120913570705407
1,23993,0.0,1789592698777,120913570705407
2,23993,0.0,1789592698777,120913570705407
3,23993,0.0,1789592698777,120913570705407
4,23993,0.0,1789592698777,120913570705407
5,23993,0.0,1789592698777,120913570705407
6,23993,0.0,1789592698777,120913570705407
7,23993,0.0,1789592698777,120913570705407
0,24094,0.0,1789592698878,120913573113913
1,24094,0.0,1789592698878,120913573113913
2,24094,0.0,1789592698878,120913573113913
3,24094,0.0,1789592698878,120913573113913
4,24094,0.0,1789592698878,120913573113913
5,24094,0.0,1789592698878,120913573113913
6,24094,0.0,1789592698878,120913573113913
7,24094,0.0,1789592698878,120913573113913
0,24194,0.0,1789592698978,120913575522236
1,24194,0.0,1789592698978,120913575522236
2,24194,0.0,1789592698978,120913575522236
3,24194,0.0,1789592698978,120913575522236
4,24194,0.0,1789592698978,120913575522236
5,24194,0.0,1789592698978,120913575522236
6,24194,0.0,1789592698978,120913575522236
7,24194,0.0,1789592698978,120913575522236
0,24294,0.0,1789592699078,120913577930580
1,24294,0.0,1789592699078,120913577930580
2,24294,0.0,1789592699078,120913577930580
3,24294,0.0,1789592699078,120913577930580
4,24294,0.0,1789592699078,120913577930580
5,24294,0.0,1789592699078,120913577930580
6,24294,0.0,1789592699078,120913577930580
7,24294,0.0,1789592699078,120913577930580
0,24395,0.0,1789592699179,120913580340062
1,24395,0.0,1789592699179,120913580340062
2,24395,0.0,1789592699179,120913580340062
3,24395,0.0,1789592699179,120913580340062
4,24395,0.0,1789592699179,120913580340062
5,24395,0.0,1789592699179,120913580340062
6,24395,0.0,1789592699179,120913580340062
7,24395,0.0,1789592699179,120913580340062
0,24495,0.0,1789592699279,120913582749440
1,24495,0.0,1789592699279,120913582749440
2,24495,0.0,1789592699279,120913582749440
3,24495,0.0,1789592699279,120913582749440
4,24495,9.1,1789592699279,120913582749440
5,24495,0.0,1789592699279,120913582749440
6,24495,0.0,1789592699279,120913582749440
7,24495,0.0,1789592699279,120913582749440
0,24596,0.0,1789592699380,120913585159947
1,24596,0.0,1789592699380,120913585159947
2,24596,10.0,1789592699380,120913585159947
3,24596,0.0,1789592699380,120913585159947
4,24596,0.0,1789592699380,120913585159947
5,24596,0.0,1789592699380,120913585159947
6,24596,0.0,1789592699380,120913585159947
7,24596,0.0,1789592699380,120913585159947
0,24696,0.0,1789592699480,120913587570044
1,24696,0.0,1789592699480,120913587570044
2,24696,0.0,1789592699480,120913587570044
3,24696,0.0,1789592699480,120913587570044
4,24696,0.0,1789592699480,120913587570044
5,24696,0.0,1789592699480,120913587570044
6,24696,0.0,1789592699480,120913587570044
7,24696,0.0,1789592699480,120913587570044
0,24796,0.0,1789592699580,120913589978791
1,24796,0.0,1789592699580,120913589978791
2,24796,0.0,1789592699580,120913589978791
3,24796,0.0,1789592699580,120913589978791
4,24796,0.0,1789592699580,120913589978791
5,24796,0.0,1789592699580,120913589978791
6,24796,0.0,1789592699580,120913589978791
7,24796,0.0,1789592699580,120913589978791
0,24897,0.0,1789592699681,120913592388403
1,24897,0.0,1789592699681,120913592388403
2,24897,0.0,1789592699681,120913592388403
3,24897,0.0,1789592699681,120913592388403
4,24897,0.0,1789592699681,120913592388403
5,24897,0.0,1789592699681,120913592388403
6,24897,0.0,1789592699681,120913592388403
7,24897,0.0,1789592699681,120913592388403
0,24997,0.0,1789592699781,120913594796956
1,24997,0.0,1789592699781,120913594796956
2,24997,0.0,1789592699781,120913594796956
3,24997,0.0,1789592699781,120913594796956
4,24997,0.0,1789592699781,120913594796956
5,24997,0.0,1789592699781,120913594796956
6,24997,0.0,1789592699781,120913594796956
7,24997,0.0,1789592699781,120913594796956
0,25097,0.0,1789592699881,120913597205329
1,25097,0.0,1789592699881,120913597205329
2,25097,0.0,1789592699881,120913597205329
3,25097,0.0,1789592699881,120913597205329
4,25097,0.0,1789592699881,120913597205329
5,25097,0.0,1789592699881,120913597205329
6,25097,0.0,1789592699881,120913597205329
7,25097,0.0,1789592699881,120913597205329
0,25198,0.0,1789592699982,120913599613704
1,25198,0.0,1789592699982,120913599613704
2,25198,0.0,1789592699982,120913599613704
3,25198,0.0,1789592699982,120913599613704
4,25198,0.0,1789592699982,120913599613704
5,25198,0.0,1789592699982,120913599613704
6,25198,0.0,1789592699982,120913599613704
7,25198,0.0,1789592699982,120913599613704
0,25298,0.0,1789592700082,120913602021967
1,25298,0.0,1789592700082,120913602021967
2,25298,0.0,1789592700082,120913602021967
3,25298,0.0,1789592700082,120913602021967
4,25298,0.0,1789592700082,120913602021967
5,25298,0.0,1789592700082,120913602021967
6,25298,0.0,1789592700082,120913602021967
7,25298,0.0,1789592700082,120913602021967
0,25398,0.0,1789592700182,120913604430376
1,25398,0.0,1789592700182,120913604430376
2,25398,0.0,1789592700182,120913604430376
3,25398,0.0,1789592700182,120913604430376
4,25398,0.0,1789592700182,120913604430376
5,25398,0.0,1789592700182,120913604430376
6,25398,0.0,1789592700182,120913604430376
7,25398,0.0,1789592700182,120913604430376
0,25499,0.0,1789592700283,120913606838693
1,25499,0.0,1789592700283,120913606838693
2,25499,0.0,1789592700283,120913606838693
3,25499,0.0,1789592700283,120913606838693
4,25499,0.0,1789592700283,120913606838693
5,25499,0.0,1789592700283,120913606838693
6,25499,0.0,1789592700283,120913606838693
7,25499,0.0,1789592700283,120913606838693
0,25599,0.0,1789592700383,120913609248236
1,25599,0.0,1789592700383,120913609248236
2,25599,0.0,1789592700383,120913609248236
3,25599,0.0,1789592700383,120913609248236
4,25599,0.0,1789592700383,120913609248236
5,25599,0.0,1789592700383,120913609248236
6,25599,0.0,1789592700383,120913609248236
7,25599,0.0,1789592700383,120913609248236
0,25700,0.0,1789592700484,120913611657007
1,25700,0.0,1789592700484,120913611657007
2,25700,0.0,1789592700484,120913611657007
3,25700,0.0,1789592700484,120913611657007
4,25700,0.0,1789592700484,120913611657007
5,25700,0.0,1789592700484,120913611657007
6,25700,0.0,1789592700484,120913611657007
7,25700,0.0,1789592700484,120913611657007
0,25800,0.0,1789592700584,120913614067152
1,25800,0.0,1789592700584,120913614067152
2,25800,0.0,1789592700584,120913614067152
3,25800,0.0,1789592700584,120913614067152
4,25800,0.0,1789592700584,120913614067152
5,25800,0.0,1789592700584,120913614067152
6,25800,0.0,1789592700584,120913614067152
7,25800,0.0,1789592700584,120913614067152
0,25900,0.0,1789592700684,120913616477345
1,25900,0.0,1789592700684,120913616477345
2,25900,0.0,1789592700684,120913616477345
3,25900,0.0,1789592700684,120913616477345
4,25900,0.0,1789592700684,120913616477345
5,25900,0.0,1789592700684,120913616477345
6,25900,0.0,1789592700684,120913616477345
7,25900,0.0,1789592700684,120913616477345
0,26001,0.0,1789592700785,120913618888308
1,26001,0.0,1789592700785,120913618888308
2,26001,0.0,1789592700785,120913618888308
3,26001,0.0,1789592700785,120913618888308
4,26001,0.0,1789592700785,120913618888308
5,26001,0.0,1789592700785,120913618888308
6,26001,0.0,1789592700785,120913618888308
7,26001,0.0,1789592700785,120913618888308
0,26101,0.0,1789592700885,120913621299786
1,26101,0.0,1789592700885,120913621299786
2,26101,0.0,1789592700885,120913621299786
3,26101,0.0,1789592700885,120913621299786
4,26101,0.0,1789592700885,120913621299786
5,26101,0.0,1789592700885,120913621299786
6,26101,0.0,1789592700885,120913621299786
7,26101,0.0,1789592700885,120913621299786
0,26202,0.0,1789592700986,120913623709439
1,26202,0.0,1789592700986,120913623709439
2,26202,0.0,1789592700986,120913623709439
3,26202,0.0,1789592700986,120913623709439
4,26202,0.0,1789592700986,120913623709439
5,26202,0.0,1789592700986,120913623709439
6,26202,0.0,1789592700986,120913623709439
7,26202,0.0,1789592700986,120913623709439
0,26302,0.0,1789592701086,120913626118435
1,26302,0.0,1789592701086,120913626118435
2,26302,0.0,1789592701086,120913626118435
3,26302,0.0,1789592701086,120913626118435
4,26302,0.0,1789592701086,120913626118435
5,26302,0.0,1789592701086,120913626118435
6,26302,0.0,1789592701086,120913626118435
7,26302,0.0,1789592701086,120913626118435
0,26403,0.0,1789592701187,120913628527802
1,26403,0.0,1789592701187,120913628527802
2,26403,0.0,1789592701187,120913628527802
3,26403,0.0,1789592701187,120913628527802
4,26403,0.0,1789592701187,120913628527802
5,26403,0.0,1789592701187,120913628527802
6,26403,0.0,1789592701187,120913628527802
7,26403,0.0,1789592701187,120913628527802
0,26503,0.0,1789592701287,120913630938163
1,26503,0.0,1789592701287,120913630938163
2,26503,0.0,1789592701287,120913630938163
3,26503,0.0,1789592701287,120913630938163
4,26503,0.0,1789592701287,120913630938163
5,26503,0.0,1789592701287,120913630938163
6,26503,0.0,1789592701287,120913630938163
7,26503,9.1,1789592701287,120913630938163
0,26603,0.0,1789592701387,120913633346946
1,26603,0.0,1789592701387,120913633346946
2,26603,0.0,1789592701387,120913633346946
3,26603,0.0,1789592701387,120913633346946
4,26603,0.0,1789592701387,120913633346946
5,26603,0.0,1789592701387,120913633346946
6,26603,0.0,1789592701387,120913633346946
7,26603,0.0,1789592701387,120913633346946
0,26704,0.0,1789592701488,120913635755828
1,26704,0.0,1789592701488,120913635755828
2,26704,0.0,1789592701488,120913635755828
3,26704,0.0,1789592701488,120913635755828
4,26704,0.0,1789592701488,120913635755828
5,26704,0.0,1789592701488,120913635755828
6,26704,0.0,1789592701488,120913635755828
7,26704,0.0,1789592701488,120913635755828
0,26804,0.0,1789592701588,120913638164724
1,26804,0.0,1789592701588,120913638164724
2,26804,0.0,1789592701588,120913638164724
3,26804,0.0,1789592701588,120913638164724
4,26804,0.0,1789592701588,120913638164724
5,26804,0.0,1789592701588,120913638164724
6,26804,0.0,1789592701588,120913638164724
7,26804,0.0,1789592701588,120913638164724
0,26904,0.0,1789592701688,120913640573253
1,26904,0.0,1789592701688,120913640573253
2,26904,0.0,1789592701688,120913640573253
3,26904,0.0,1789592701688,120913640573253
4,26904,0.0,1789592701688,120913640573253
5,26904,0.0,1789592701688,120913640573253
6,26904,0.0,1789592701688,120913640573253
7,26904,0.0,1789592701688,120913640573253
0,27005,0.0,1789592701789,120913642981794
1,27005,0.0,1789592701789,120913642981794
2,27005,0.0,1789592701789,120913642981794
3,27005,0.0,1789592701789,120913642981794
4,27005,0.0,1789592701789,120913642981794
5,27005,0.0,1789592701789,120913642981794
6,27005,0.0,1789592701789,120913642981794
7,27005,0.0,1789592701789,120913642981794
0,27105,0.0,1789592701889,120913645390807
1,27105,0.0,1789592701889,120913645390807
2,27105,0.0,1789592701889,120913645390807
3,27105,0.0,1789592701889,120913645390807
4,27105,0.0,1789592701889,120913645390807
5,27105,0.0,1789592701889,120913645390807
6,27105,0.0,1789592701889,120913645390807
7,27105,0.0,1789592701889,120913645390807
0,27206,0.0,1789592701990,120913647799822
1,27206,0.0,1789592701990,120913647799822
2,27206,0.0,1789592701990,120913647799822
3,27206,0.0,1789592701990,120913647799822
4,27206,0.0,1789592701990,120913647799822
5,27206,0.0,1789592701990,120913647799822
6,27206,0.0,1789592701990,120913647799822
7,27206,0.0,1789592701990,120913647799822
0,27306,0.0,1789592702090,120913650209637
1,27306,0.0,1789592702090,120913650209637
2,27306,0.0,1789592702090,120913650209637
3,27306,0.0,1789592702090,120913650209637
4,27306,0.0,1789592702090,120913650209637
5,27306,0.0,1789592702090,120913650209637
6,27306,0.0,1789592702090,120913650209637
7,27306,0.0,1789592702090,120913650209637
0,27406,0.0,1789592702190,120913652617985
1,27406,0.0,1789592702190,120913652617985
2,27406,0.0,1789592702190,120913652617985
3,27406,0.0,1789592702190,120913652617985
4,27406,0.0,1789592702190,120913652617985
5,27406,0.0,1789592702190,120913652617985
6,27406,0.0,1789592702190,120913652617985
7,27406,0.0,1789592702190,120913652617985
0,27507,0.0,1789592702291,120913655026266
1,27507,0.0,1789592702291,120913655026266
2,27507,0.0,1789592702291,120913655026266
3,27507,0.0,1789592702291,120913655026266
4,27507,0.0,1789592702291,120913655026266
5,27507,0.0,1789592702291,120913655026266
6,27507,0.0,1789592702291,120913655026266
7,27507,0.0,1789592702291,120913655026266
0,27607,0.0,1789592702391,120913657437706
1,27607,0.0,1789592702391,120913657437706
2,27607,0.0,1789592702391,120913657437706
3,27607,0.0,1789592702391,120913657437706
4,27607,0.0,1789592702391,120913657437706
5,27607,0.0,1789592702391,120913657437706
6,27607,0.0,1789592702391,120913657437706
7,27607,0.0,1789592702391,120913657437706
0,27708,0.0,1789592702492,120913659848251
1,27708,0.0,1789592702492,120913659848251
2,27708,0.0,1789592702492,120913659848251
3,27708,0.0,1789592702492,120913659848251
4,27708,0.0,1789592702492,120913659848251
5,27708,0.0,1789592702492,120913659848251
6,27708,0.0,1789592702492,120913659848251
7,27708,0.0,1789592702492,120913659848251
0,27808,0.0,1789592702592,120913662257020
1,27808,0.0,1789592702592,120913662257020
2,27808,0.0,1789592702592,120913662257020
3,27808,0.0,1789592702592,120913662257020
4,27808,0.0,1789592702592,120913662257020
5,27808,0.0,1789592702592,120913662257020
6,27808,0.0,1789592702592,120913662257020
7,27808,0.0,1789592702592,120913662257020
0,27908,0.0,1789592702692,120913664666729
1,27908,0.0,1789592702692,120913664666729
2,27908,0.0,1789592702692,120913664666729
3,27908,0.0,1789592702692,120913664666729
4,27908,0.0,1789592702692,120913664666729
5,27908,0.0,1789592702692,120913664666729
6,27908,0.0,1789592702692,120913664666729
7,27908,0.0,1789592702692,120913664666729
0,28009,0.0,1789592702793,120913667075237
1,28009,0.0,1789592702793,120913667075237
2,28009,0.0,1789592702793,120913667075237
3,28009,0.0,1789592702793,120913667075237
4,28009,0.0,1789592702793,120913667075237
5,28009,0.0,1789592702793,120913667075237
6,28009,0.0,1789592702793,120913667075237
7,28009,0.0,1789592702793,120913667075237
0,28109,0.0,1789592702893,120913669483584
1,28109,0.0,1789592702893,120913669483584
2,28109,0.0,1789592702893,120913669483584
3,28109,0.0,1789592702893,120913669483584
4,28109,0.0,1789592702893,120913669483584
5,28109,0.0,1789592702893,120913669483584
6,28109,0.0,1789592702893,120913669483584
7,28109,0.0,1789592702893,120913669483584
0,28209,0.0,1789592702993,120913671892170
1,28209,0.0,1789592702993,120913671892170
2,28209,0.0,1789592702993,120913671892170
3,28209,0.0,1789592702993,120913671892170
4,28209,0.0,1789592702993,120913671892170
5,28209,0.0,1789592702993,120913671892170
6,28209,0.0,1789592702993,120913671892170
7,28209,0.0,1789592702993,120913671892170
0,28310,0.0,1789592703094,120913674300454
1,28310,0.0,1789592703094,120913674300454
2,28310,0.0,1789592703094,120913674300454
3,28310,0.0,1789592703094,120913674300454
4,28310,0.0,1789592703094,120913674300454
5,28310,0.0,1789592703094,120913674300454
6,28310,0.0,1789592703094,120913674300454
7,28310,0.0,1789592703094,120913674300454
0,28410,0.0,1789592703194,120913676708716
1,28410,0.0,1789592703194,120913676708716
2,28410,0.0,1789592703194,120913676708716
3,28410,0.0,1789592703194,120913676708716
4,28410,0.0,1789592703194,120913676708716
5,28410,0.0,1789592703194,120913676708716
6,28410,0.0,1789592703194,120913676708716
7,28410,0.0,1789592703194,120913676708716
0,28511,0.0,1789592703295,120913679119637
1,28511,0.0,1789592703295,120913679119637
2,28511,0.0,1789592703295,120913679119637
3,28511,0.0,1789592703295,120913679119637
4,28511,0.0,1789592703295,120913679119637
5,28511,0.0,1789592703295,120913679119637
6,28511,0.0,1789592703295,120913679119637
7,28511,0.0,1789592703295,120913679119637
0,28611,0.0,1789592703395,120913681529588
1,28611,0.0,1789592703395,120913681529588
2,28611,0.0,1789592703395,120913681529588
3,28611,0.0,1789592703395,120913681529588
4,28611,0.0,1789592703395,120913681529588
5,28611,0.0,1789592703395,120913681529588
6,28611,0.0,1789592703395,120913681529588
7,28611,0.0,1789592703395,120913681529588
0,28711,0.0,1789592703495,120913683938117
1,28711,0.0,1789592703495,120913683938117
2,28711,0.0,1789592703495,120913683938117
3,28711,0.0,1789592703495,120913683938117
4,28711,9.1,1789592703495,120913683938117
5,28711,0.0,1789592703495,120913683938117
6,28711,0.0,1789592703495,120913683938117
7,28711,0.0,1789592703495,120913683938117
0,28812,0.0,1789592703596,120913686346467
1,28812,0.0,1789592703596,120913686346467
2,28812,0.0,1789592703596,120913686346467
3,28812,0.0,1789592703596,120913686346467
4,28812,0.0,1789592703596,120913686346467
5,28812,0.0,1789592703596,120913686346467
6,28812,0.0,1789592703596,120913686346467
7,28812,0.0,1789592703596,120913686346467
0,28912,0.0,1789592703696,120913688754927
1,28912,0.0,1789592703696,120913688754927
2,28912,0.0,1789592703696,120913688754927
3,28912,0.0,1789592703696,120913688754927
4,28912,0.0,1789592703696,120913688754927
5,28912,0.0,1789592703696,120913688754927
6,28912,0.0,1789592703696,120913688754927
7,28912,0.0,1789592703696,120913688754927
0,29012,0.0,1789592703796,120913691163213
1,29012,0.0,1789592703796,120913691163213
2,29012,0.0,1789592703796,120913691163213
3,29012,0.0,1789592703796,120913691163213
4,29012,0.0,1789592703796,120913691163213
5,29012,0.0,1789592703796,120913691163213
6,29012,0.0,1789592703796,120913691163213
7,29012,0.0,1789592703796,120913691163213
0,29113,0.0,1789592703897,120913693571669
1,29113,0.0,1789592703897,120913693571669
2,29113,0.0,1789592703897,120913693571669
3,29113,0.0,1789592703897,120913693571669
4,29113,0.0,1789592703897,120913693571669
5,29113,0.0,1789592703897,120913693571669
6,29113,0.0,1789592703897,120913693571669
7,29113,0.0,1789592703897,120913693571669
0,29213,0.0,1789592703997,120913695980441
1,29213,0.0,1789592703997,120913695980441
2,29213,0.0,1789592703997,120913695980441
3,29213,0.0,1789592703997,120913695980441
4,29213,0.0,1789592703997,120913695980441
5,29213,0.0,1789592703997,120913695980441
6,29213,0.0,1789592703997,120913695980441
7,29213,0.0,1789592703997,120913695980441
0,29313,0.0,1789592704097,120913698390592
1,29313,0.0,1789592704097,120913698390592
2,29313,0.0,1789592704097,120913698390592
3,29313,0.0,1789592704097,120913698390592
4,29313,0.0,1789592704097,120913698390592
5,29313,0.0,1789592704097,120913698390592
6,29313,0.0,1789592704097,120913698390592
7,29313,0.0,1789592704097,120913698390592
0,29414,0.0,1789592704198,120913700801258
1,29414,0.0,1789592704198,120913700801258
2,29414,0.0,1789592704198,120913700801258
3,29414,0.0,1789592704198,120913700801258
4,29414,0.0,1789592704198,120913700801258
5,29414,0.0,1789592704198,120913700801258
6,29414,0.0,1789592704198,120913700801258
7,29414,0.0,1789592704198,120913700801258
0,29514,0.0,1789592704298,120913703210356
1,29514,0.0,1789592704298,120913703210356
2,29514,0.0,1789592704298,120913703210356
3,29514,0.0,1789592704298,120913703210356
4,29514,0.0,1789592704298,120913703210356
5,29514,0.0,1789592704298,120913703210356
6,29514,0.0,1789592704298,120913703210356
7,29514,0.0,1789592704298,120913703210356
0,29615,0.0,1789592704399,120913705618829
1,29615,0.0,1789592704399,120913705618829
2,29615,0.0,1789592704399,120913705618829
3,29615,0.0,1789592704399,120913705618829
4,29615,0.0,1789592704399,120913705618829
5,29615,0.0,1789592704399,120913705618829
6,29615,0.0,1789592704399,120913705618829
7,29615,0.0,1789592704399,120913705618829
0,29715,0.0,1789592704499,120913708030279
1,29715,0.0,1789592704499,120913708030279
2,29715,0.0,1789592704499,120913708030279
3,29715,0.0,1789592704499,120913708030279
4,29715,0.0,1789592704499,120913708030279
5,29715,0.0,1789592704499,120913708030279
6,29715,0.0,1789592704499,120913708030279
7,29715,0.0,1789592704499,120913708030279
0,29816,0.0,1789592704600,120913710439115
1,29816,0.0,1789592704600,120913710439115
2,29816,0.0,1789592704600,120913710439115
3,29816,0.0,1789592704600,120913710439115
4,29816,0.0,1789592704600,120913710439115
5,29816,0.0,1789592704600,120913710439115
6,29816,0.0,1789592704600,120913710439115
7,29816,0.0,1789592704600,120913710439115
0,29916,0.0,1789592704700,120913712847692
1,29916,0.0,1789592704700,120913712847692
2,29916,0.0,1789592704700,120913712847692
3,29916,0.0,1789592704700,120913712847692
4,29916,0.0,1789592704700,120913712847692
5,29916,0.0,1789592704700,120913712847692
6,29916,0.0,1789592704700,120913712847692
7,29916,0.0,1789592704700,120913712847692
0,30016,0.0,1789592704800,120913715255938
1,30016,0.0,1789592704800,120913715255938
2,30016,0.0,1789592704800,120913715255938
3,30016,0.0,1789592704800,120913715255938
4,30016,0.0,1789592704800,120913715255938
5,30016,0.0,1789592704800,120913715255938
6,30016,0.0,1789592704800,120913715255938
7,30016,0.0,1789592704800,120913715255938
0,30117,0.0,1789592704901,120913717663877
1,30117,0.0,1789592704901,120913717663877
2,30117,0.0,1789592704901,120913717663877
3,30117,0.0,1789592704901,120913717663877
4,30117,0.0,1789592704901,120913717663877
5,30117,0.0,1789592704901,120913717663877
6,30117,0.0,1789592704901,120913717663877
7,30117,0.0,1789592704901,120913717663877
0,30217,0.0,1789592705001,120913720072969
1,30217,0.0,1789592705001,120913720072969
2,30217,0.0,1789592705001,120913720072969
3,30217,0.0,1789592705001,120913720072969
4,30217,0.0,1789592705001,120913720072969
5,30217,0.0,1789592705001,120913720072969
6,30217,0.0,1789592705001,120913720072969
7,30217,0.0,1789592705001,120913720072969
0,30317,0.0,1789592705101,120913722481384
1,30317,0.0,1789592705101,120913722481384
2,30317,0.0,1789592705101,120913722481384
3,30317,0.0,1789592705101,120913722481384
4,30317,0.0,1789592705101,120913722481384
5,30317,0.0,1789592705101,120913722481384
6,30317,0.0,1789592705101,120913722481384
7,30317,0.0,1789592705101,120913722481384
0,30418,0.0,1789592705202,120913724889539
1,30418,0.0,1789592705202,120913724889539
2,30418,0.0,1789592705202,120913724889539
3,30418,0.0,1789592705202,120913724889539
4,30418,0.0,1789592705202,120913724889539
5,30418,0.0,1789592705202,120913724889539
6,30418,0.0,1789592705202,120913724889539
7,30418,0.0,1789592705202,120913724889539
0,30518,0.0,1789592705302,120913727298766
1,30518,0.0,1789592705302,120913727298766
2,30518,0.0,1789592705302,120913727298766
3,30518,0.0,1789592705302,120913727298766
4,30518,0.0,1789592705302,120913727298766
5,30518,0.0,1789592705302,120913727298766
6,30518,0.0,1789592705302,120913727298766
7,30518,0.0,1789592705302,120913727298766
0,30618,0.0,1789592705402,120913729709724
1,30618,0.0,1789592705402,120913729709724
2,30618,0.0,1789592705402,120913729709724
3,30618,0.0,1789592705402,120913729709724
4,30618,0.0,1789592705402,120913729709724
5,30618,0.0,1789592705402,120913729709724
6,30618,9.1,1789592705402,120913729709724
7,30618,0.0,1789592705402,120913729709724
0,30719,0.0,1789592705503,120913732121930
1,30719,0.0,1789592705503,120913732121930
2,30719,0.0,1789592705503,120913732121930
3,30719,0.0,1789592705503,120913732121930
4,30719,0.0,1789592705503,120913732121930
5,30719,0.0,1789592705503,120913732121930
6,30719,0.0,1789592705503,120913732121930
7,30719,0.0,1789592705503,120913732121930
0,30819,0.0,1789592705603,120913734530919
1,30819,0.0,1789592705603,120913734530919
2,30819,0.0,1789592705603,120913734530919
3,30819,0.0,1789592705603,120913734530919
4,30819,9.1,1789592705603,120913734530919
5,30819,0.0,1789592705603,120913734530919
6,30819,0.0,1789592705603,120913734530919
7,30819,0.0,1789592705603,120913734530919
0,30920,0.0,1789592705704,120913736941207
1,30920,0.0,1789592705704,120913736941207
2,30920,0.0,1789592705704,120913736941207
3,30920,0.0,1789592705704,120913736941207
4,30920,0.0,1789592705704,120913736941207
5,30920,0.0,1789592705704,120913736941207
6,30920,0.0,1789592705704,120913736941207
7,30920,0.0,1789592705704,120913736941207
0,31020,0.0,1789592705804,120913739353445
1,31020,0.0,1789592705804,120913739353445
2,31020,0.0,1789592705804,120913739353445
3,31020,0.0,1789592705804,120913739353445
4,31020,0.0,1789592705804,120913739353445
5,31020,0.0,1789592705804,120913739353445
6,31020,0.0,1789592705804,120913739353445
7,31020,0.0,1789592705804,120913739353445
0,31121,40.0,1789592705905,120913741765020
1,31121,0.0,1789592705905,120913741765020
2,31121,0.0,1789592705905,120913741765020
3,31121,0.0,1789592705905,120913741765020
4,31121,0.0,1789592705905,120913741765020
5,31121,0.0,1789592705905,120913741765020
6,31121,0.0,1789592705905,120913741765020
7,31121,20.0,1789592705905,120913741765020
0,31221,9.1,1789592706005,120913744176390
1,31221,40.0,1789592706005,120913744176390
2,31221,0.0,1789592706005,120913744176390
3,31221,0.0,1789592706005,120913744176390
4,31221,0.0,1789592706005,120913744176390
5,31221,0.0,1789592706005,120913744176390
6,31221,0.0,1789592706005,120913744176390
7,31221,0.0,1789592706005,120913744176390
0,31322,40.0,1789592706106,120913746588089
1,31322,9.1,1789592706106,120913746588089
2,31322,0.0,1789592706106,120913746588089
3,31322,0.0,1789592706106,120913746588089
4,31322,0.0,1789592706106,120913746588089
5,31322,0.0,1789592706106,120913746588089
6,31322,0.0,1789592706106,120913746588089
7,31322,0.0,1789592706106,120913746588089
0,31422,0.0,1789592706206,120913749001087
1,31422,10.0,1789592706206,120913749001087
2,31422,10.0,1789592706206,120913749001087
3,31422,10.0,1789592706206,120913749001087
4,31422,10.0,1789592706206,120913749001087
5,31422,10.0,1789592706206,120913749001087
6,31422,10.0,1789592706206,120913749001087
7,31422,0.0,1789592706206,120913749001087
0,31523,10.0,1789592706307,120913751414625
1,31523,0.0,1789592706307,120913751414625
2,31523,0.0,1789592706307,120913751414625
3,31523,45.5,1789592706307,120913751414625
4,31523,10.0,1789592706307,120913751414625
5,31523,10.0,1789592706307,120913751414625
6,31523,0.0,1789592706307,120913751414625
7,31523,27.3,1789592706307,120913751414625
0,31623,0.0,1789592706407,120913753828056
1,31623,0.0,1789592706407,120913753828056
2,31623,0.0,1789592706407,120913753828056
3,31623,0.0,1789592706407,120913753828056
4,31623,9.1,1789592706407,120913753828056
5,31623,30.0,1789592706407,120913753828056
6,31623,0.0,1789592706407,120913753828056
7,31623,0.0,1789592706407,120913753828056
0,31724,0.0,1789592706508,120913756239536
1,31724,0.0,1789592706508,120913756239536
2,31724,0.0,1789592706508,120913756239536
3,31724,40.0,1789592706508,120913756239536
4,31724,0.0,1789592706508,120913756239536
5,31724,11.1,1789592706508,120913756239536
6,31724,0.0,1789592706508,120913756239536
7,31724,0.0,1789592706508,120913756239536
0,31824,10.0,1789592706608,120913758652979
1,31824,10.0,1789592706608,120913758652979
2,31824,0.0,1789592706608,120913758652979
3,31824,10.0,1789592706608,120913758652979
4,31824,11.1,1789592706608,120913758652979
5,31824,9.1,1789592706608,120913758652979
6,31824,10.0,1789592706608,120913758652979
7,31824,0.0,1789592706608,120913758652979
0,31925,11.1,1789592706709,120913761065614
1,31925,0.0,1789592706709,120913761065614
2,31925,0.0,1789592706709,120913761065614
3,31925,0.0,1789592706709,120913761065614
4,31925,0.0,1789592706709,120913761065614
5,31925,11.1,1789592706709,120913761065614
6,31925,0.0,1789592706709,120913761065614
7,31925,10.0,1789592706709,120913761065614
0,32026,36.4,1789592706810,120913763478262
1,32026,0.0,1789592706810,120913763478262
2,32026,0.0,1789592706810,120913763478262
3,32026,20.0,1789592706810,120913763478262
4,32026,0.0,1789592706810,120913763478262
5,32026,0.0,1789592706810,120913763478262
6,32026,0.0,1789592706810,120913763478262
7,32026,40.0,1789592706810,120913763478262
0,32126,40.0,1789592706910,120913765890920
1,32126,0.0,1789592706910,120913765890920
2,32126,0.0,1789592706910,120913765890920
3,32126,30.0,1789592706910,120913765890920
4,32126,0.0,1789592706910,120913765890920
5,32126,18.2,1789592706910,120913765890920
6,32126,0.0,1789592706910,120913765890920
7,32126,25.0,1789592706910,120913765890920
0,32227,33.3,1789592707011,120913768304991
1,32227,0.0,1789592707011,120913768304991
2,32227,0.0,1789592707011,120913768304991
3,32227,0.0,1789592707011,120913768304991
4,32227,0.0,1789592707011,120913768304991
5,32227,0.0,1789592707011,120913768304991
6,32227,0.0,1789592707011,120913768304991
7,32227,22.2,1789592707011,120913768304991
0,32327,20.0,1789592707111,120913770717717
1,32327,10.0,1789592707111,120913770717717
2,32327,0.0,1789592707111,120913770717717
3,32327,22.2,1789592707111,120913770717717
4,32327,9.1,1789592707111,120913770717717
5,32327,0.0,1789592707111,120913770717717
6,32327,0.0,1789592707111,120913770717717
7,32327,14.3,1789592707111,120913770717717
0,32428,25.0,1789592707212,120913773129842
1,32428,0.0,1789592707212,120913773129842
2,32428,0.0,1789592707212,120913773129842
3,32428,30.0,1789592707212,120913773129842
4,32428,0.0,1789592707212,120913773129842
5,32428,9.1,1789592707212,120913773129842
6,32428,0.0,1789592707212,120913773129842
7,32428,30.0,1789592707212,120913773129842
0,32528,25.0,1789592707312,120913775542124
1,32528,0.0,1789592707312,120913775542124
2,32528,10.0,1789592707312,120913775542124
3,32528,22.2,1789592707312,120913775542124
4,32528,0.0,1789592707312,120913775542124
5,32528,0.0,1789592707312,120913775542124
6,32528,0.0,1789592707312,120913775542124
7,32528,14.3,1789592707312,120913775542124
0,32629,33.3,1789592707413,120913777954607
1,32629,10.0,1789592707413,120913777954607
2,32629,0.0,1789592707413,120913777954607
3,32629,33.3,1789592707413,120913777954607
4,32629,0.0,1789592707413,120913777954607
5,32629,0.0,1789592707413,120913777954607
6,32629,0.0,1789592707413,120913777954607
7,32629,37.5,1789592707413,120913777954607
0,32729,37.5,1789592707513,120913780366863
1,32729,9.1,1789592707513,120913780366863
2,32729,0.0,1789592707513,120913780366863
3,32729,25.0,1789592707513,120913780366863
4,32729,0.0,1789592707513,120913780366863
5,32729,0.0,1789592707513,120913780366863
6,32729,0.0,1789592707513,120913780366863
7,32729,40.0,1789592707513,120913780366863
0,32830,0.0,1789592707614,120913782779306
1,32830,22.2,1789592707614,120913782779306
2,32830,0.0,1789592707614,120913782779306
3,32830,30.0,1789592707614,120913782779306
4,32830,0.0,1789592707614,120913782779306
5,32830,9.1,1789592707614,120913782779306
6,32830,0.0,1789592707614,120913782779306
7,32830,37.5,1789592707614,120913782779306
0,32930,0.0,1789592707714,120913785191917
1,32930,22.2,1789592707714,120913785191917
2,32930,18.2,1789592707714,120913785191917
3,32930,11.1,1789592707714,120913785191917
4,32930,0.0,1789592707714,120913785191917
5,32930,0.0,1789592707714,120913785191917
6,32930,0.0,1789592707714,120913785191917
7,32930,25.0,1789592707714,120913785191917
0,33031,0.0,1789592707815,120913787603573
1,33031,11.1,1789592707815,120913787603573
2,33031,0.0,1789592707815,120913787603573
3,33031,10.0,1789592707815,120913787603573
4,33031,0.0,1789592707815,120913787603573
5,33031,0.0,1789592707815,120913787603573
6,33031,0.0,1789592707815,120913787603573
7,33031,25.0,1789592707815,120913787603573
0,33131,0.0,1789592707915,120913790016091
1,33131,45.5,1789592707915,120913790016091
2,33131,0.0,1789592707915,120913790016091
3,33131,11.1,1789592707915,120913790016091
4,33131,0.0,1789592707915,120913790016091
5,33131,0.0,1789592707915,120913790016091
6,33131,0.0,1789592707915,120913790016091
7,33131,33.3,1789592707915,120913790016091
0,33232,11.1,1789592708016,120913792428667
1,33232,22.2,1789592708016,120913792428667
2,33232,0.0,1789592708016,120913792428667
3,33232,30.0,1789592708016,120913792428667
4,33232,0.0,1789592708016,120913792428667
5,33232,0.0,1789592708016,120913792428667
6,33232,0.0,1789592708016,120913792428667
7,33232,40.0,1789592708016,120913792428667
0,33332,0.0,1789592708116,120913794840727
1,33332,22.2,1789592708116,120913794840727
2,33332,0.0,1789592708116,120913794840727
3,33332,0.0,1789592708116,120913794840727
4,33332,0.0,1789592708116,120913794840727
5,33332,9.1,1789592708116,120913794840727
6,33332,0.0,1789592708116,120913794840727
7,33332,25.0,1789592708116,120913794840727
0,33433,22.2,1789592708217,120913797253822
1,33433,27.3,1789592708217,120913797253822
2,33433,0.0,1789592708217,120913797253822
3,33433,30.0,1789592708217,120913797253822
4,33433,0.0,1789592708217,120913797253822
5,33433,0.0,1789592708217,120913797253822
6,33433,0.0,1789592708217,120913797253822
7,33433,25.0,1789592708217,120913797253822
0,33533,12.5,1789592708317,120913799666050
1,33533,0.0,1789592708317,120913799666050
2,33533,0.0,1789592708317,120913799666050
3,33533,20.0,1789592708317,120913799666050
4,33533,0.0,1789592708317,120913799666050
5,33533,0.0,1789592708317,120913799666050
6,33533,0.0,1789592708317,120913799666050
7,33533,25.0,1789592708317,120913799666050
0,33634,12.5,1789592708418,120913802078091
1,33634,40.0,1789592708418,120913802078091
2,33634,0.0,1789592708418,120913802078091
3,33634,20.0,1789592708418,120913802078091
4,33634,0.0,1789592708418,120913802078091
5,33634,18.2,1789592708418,120913802078091
6,33634,10.0,1789592708418,120913802078091
7,33634,37.5,1789592708418,120913802078091
0,33734,0.0,1789592708518,120913804490391
1,33734,27.3,1789592708518,120913804490391
2,33734,0.0,1789592708518,120913804490391
3,33734,0.0,1789592708518,120913804490391
4,33734,0.0,1789592708518,120913804490391
5,33734,33.3,1789592708518,120913804490391
6,33734,0.0,1789592708518,120913804490391
7,33734,37.5,1789592708518,120913804490391
0,33835,0.0,1789592708619,120913806903760
1,33835,10.0,1789592708619,120913806903760
2,33835,0.0,1789592708619,120913806903760
3,33835,0.0,1789592708619,120913806903760
4,33835,0.0,1789592708619,120913806903760
5,33835,12.5,1789592708619,120913806903760
6,33835,0.0,1789592708619,120913806903760
7,33835,33.3,1789592708619,120913806903760
0,33935,0.0,1789592708719,120913809316157
1,33935,12.5,1789592708719,120913809316157
2,33935,0.0,1789592708719,120913809316157
3,33935,0.0,1789592708719,120913809316157
4,33935,0.0,1789592708719,120913809316157
5,33935,30.0,1789592708719,120913809316157
6,33935,11.1,1789592708719,120913809316157
7,33935,14.3,1789592708719,120913809316157
0,34036,22.2,1789592708820,120913811728598
1,34036,27.3,1789592708820,120913811728598
2,34036,0.0,1789592708820,120913811728598
3,34036,0.0,1789592708820,120913811728598
4,34036,0.0,1789592708820,120913811728598
5,34036,22.2,1789592708820,120913811728598
6,34036,0.0,1789592708820,120913811728598
7,34036,33.3,1789592708820,120913811728598
0,34136,12.5,1789592708920,120913814141053
1,34136,12.5,1789592708920,120913814141053
2,34136,0.0,1789592708920,120913814141053
3,34136,0.0,1789592708920,120913814141053
4,34136,0.0,1789592708920,120913814141053
5,34136,25.0,1789592708920,120913814141053
6,34136,0.0,1789592708920,120913814141053
7,34136,37.5,1789592708920,120913814141053
0,34237,0.0,1789592709021,120913816553935
1,34237,11.1,1789592709021,120913816553935
2,34237,0.0,1789592709021,120913816553935
3,34237,0.0,1789592709021,120913816553935
4,34237,0.0,1789592709021,120913816553935
5,34237,27.3,1789592709021,120913816553935
6,34237,9.1,1789592709021,120913816553935
7,34237,37.5,1789592709021,120913816553935
0,34338,12.5,1789592709122,120913818966365
1,34338,30.0,1789592709122,120913818966365
2,34338,0.0,1789592709122,120913818966365
3,34338,10.0,1789592709122,120913818966365
4,34338,0.0,1789592709122,120913818966365
5,34338,22.2,1789592709122,120913818966365
6,34338,0.0,1789592709122,120913818966365
7,34338,33.3,1789592709122,120913818966365
0,34438,0.0,1789592709222,120913821378221
1,34438,9.1,1789592709222,120913821378221
2,34438,0.0,1789592709222,120913821378221
3,34438,0.0,1789592709222,120913821378221
4,34438,0.0,1789592709222,120913821378221
5,34438,0.0,1789592709222,120913821378221
6,34438,0.0,1789592709222,120913821378221
7,34438,0.0,1789592709222,120913821378221
0,34538,0.0,1789592709322,120913823787819
1,34538,0.0,1789592709322,120913823787819
2,34538,0.0,1789592709322,120913823787819
3,34538,0.0,1789592709322,120913823787819
4,34538,0.0,1789592709322,120913823787819
5,34538,0.0,1789592709322,120913823787819
6,34538,0.0,1789592709322,120913823787819
7,34538,0.0,1789592709322,120913823787819
0,34639,0.0,1789592709423,120913826200309
1,34639,0.0,1789592709423,120913826200309
2,34639,0.0,1789592709423,120913826200309
3,34639,0.0,1789592709423,120913826200309
4,34639,0.0,1789592709423,120913826200309
5,34639,0.0,1789592709423,120913826200309
6,34639,0.0,1789592709423,120913826200309
7,34639,0.0,1789592709423,120913826200309
0,34739,30.0,1789592709523,120913828612232
1,34739,10.0,1789592709523,120913828612232
2,34739,9.1,1789592709523,120913828612232
3,34739,10.0,1789592709523,120913828612232
4,34739,10.0,1789592709523,120913828612232
5,34739,10.0,1789592709523,120913828612232
6,34739,10.0,1789592709523,120913828612232
7,34739,0.0,1789592709523,120913828612232
0,34840,0.0,1789592709624,120913831024609
1,34840,0.0,1789592709624,120913831024609
2,34840,0.0,1789592709624,120913831024609
3,34840,0.0,1789592709624,120913831024609
4,34840,0.0,1789592709624,120913831024609
5,34840,0.0,1789592709624,120913831024609
6,34840,0.0,1789592709624,120913831024609
7,34840,40.0,1789592709624,120913831024609
0,34940,40.0,1789592709724,120913833436828
1,34940,0.0,1789592709724,120913833436828
2,34940,0.0,1789592709724,120913833436828
3,34940,0.0,1789592709724,120913833436828
4,34940,0.0,1789592709724,120913833436828
5,34940,0.0,1789592709724,120913833436828
6,34940,0.0,1789592709724,120913833436828
7,34940,10.0,1789592709724,120913833436828
0,35041,9.1,1789592709825,120913835849845
1,35041,10.0,1789592709825,120913835849845
2,35041,18.2,1789592709825,120913835849845
3,35041,0.0,1789592709825,120913835849845
4,35041,0.0,1789592709825,120913835849845
5,35041,10.0,1789592709825,120913835849845
6,35041,18.2,1789592709825,120913835849845
7,35041,0.0,1789592709825,120913835849845
0,35142,33.3,1789592709926,120913838263459
1,35142,30.0,1789592709926,120913838263459
2,35142,0.0,1789592709926,120913838263459
3,35142,22.2,1789592709926,120913838263459
4,35142,50.0,1789592709926,120913838263459
5,35142,22.2,1789592709926,120913838263459
6,35142,20.0,1789592709926,120913838263459
7,35142,20.0,1789592709926,120913838263459
0,35242,77.8,1789592710026,120913840677084
1,35242,33.3,1789592710026,120913840677084
2,35242,33.3,1789592710026,120913840677084
3,35242,27.3,1789592710026,120913840677084
4,35242,80.0,1789592710026,120913840677084
5,35242,50.0,1789592710026,120913840677084
6,35242,55.6,1789592710026,120913840677084
7,35242,50.0,1789592710026,120913840677084
0,35343,80.0,1789592710127,120913843095982
1,35343,33.3,1789592710127,120913843095982
2,35343,60.0,1789592710127,120913843095982
3,35343,40.0,1789592710127,120913843095982
4,35343,80.0,1789592710127,120913843095982
5,35343,54.5,1789592710127,120913843095982
6,35343,50.0,1789592710127,120913843095982
7,35343,45.5,1789592710127,120913843095982
0,35444,80.0,1789592710228,120913845509483
1,35444,40.0,1789592710228,120913845509483
2,35444,40.0,1789592710228,120913845509483
3,35444,11.1,1789592710228,120913845509483
4,35444,80.0,1789592710228,120913845509483
5,35444,54.5,1789592710228,120913845509483
6,35444,50.0,1789592710228,120913845509483
7,35444,40.0,1789592710228,120913845509483
0,35544,81.8,1789592710328,120913847922642
1,35544,40.0,1789592710328,120913847922642
2,35544,37.5,1789592710328,120913847922642
3,35544,40.0,1789592710328,120913847922642
4,35544,80.0,1789592710328,120913847922642
5,35544,44.4,1789592710328,120913847922642
6,35544,50.0,1789592710328,120913847922642
7,35544,54.5,1789592710328,120913847922642
0,35645,77.8,1789592710429,120913850336854
1,35645,33.3,1789592710429,120913850336854
2,35645,40.0,1789592710429,120913850336854
3,35645,30.0,1789592710429,120913850336854
4,35645,81.8,1789592710429,120913850336854
5,35645,44.4,1789592710429,120913850336854
6,35645,54.5,1789592710429,120913850336854
7,35645,40.0,1789592710429,120913850336854
0,35745,76.9,1789592710529,120913852750501
1,35745,36.4,1789592710529,120913852750501
2,35745,50.0,1789592710529,120913852750501
3,35745,33.3,1789592710529,120913852750501
4,35745,66.7,1789592710529,120913852750501
5,35745,12.5,1789592710529,120913852750501
6,35745,44.4,1789592710529,120913852750501
7,35745,22.2,1789592710529,120913852750501
0,35846,87.5,1789592710630,120913855164716
1,35846,33.3,1789592710630,120913855164716
2,35846,44.4,1789592710630,120913855164716
3,35846,22.2,1789592710630,120913855164716
4,35846,77.8,1789592710630,120913855164716
5,35846,22.2,1789592710630,120913855164716
6,35846,50.0,1789592710630,120913855164716
7,35846,54.5,1789592710630,120913855164716
0,35947,81.8,1789592710731,120913857587783
1,35947,40.0,1789592710731,120913857587783
2,35947,50.0,1789592710731,120913857587783
3,35947,30.0,1789592710731,120913857587783
4,35947,72.7,1789592710731,120913857587783
5,35947,30.0,1789592710731,120913857587783
6,35947,55.6,1789592710731,120913857587783
7,35947,55.6,1789592710731,120913857587783
0,36047,77.8,1789592710831,120913860003932
1,36047,45.5,1789592710831,120913860003932
2,36047,40.0,1789592710831,120913860003932
3,36047,30.0,1789592710831,120913860003932
4,36047,75.0,1789592710831,120913860003932
5,36047,45.5,1789592710831,120913860003932
6,36047,58.3,1789592710831,120913860003932
7,36047,66.7,1789592710831,120913860003932
0,36148,80.0,1789592710932,120913862418123
1,36148,20.0,1789592710932,120913862418123
2,36148,45.5,1789592710932,120913862418123
3,36148,20.0,1789592710932,120913862418123
4,36148,90.0,1789592710932,120913862418123
5,36148,36.4,1789592710932,120913862418123
6,36148,36.4,1789592710932,120913862418123
7,36148,36.4,1789592710932,120913862418123
0,36249,80.0,1789592711033,120913864831649
1,36249,10.0,1789592711033,120913864831649
2,36249,40.0,1789592711033,120913864831649
3,36249,20.0,1789592711033,120913864831649
4,36249,70.0,1789592711033,120913864831649
5,36249,30.0,1789592711033,120913864831649
6,36249,11.1,1789592711033,120913864831649
7,36249,20.0,1789592711033,120913864831649
0,36349,30.0,1789592711133,120913867245447
1,36349,20.0,1789592711133,120913867245447
2,36349,20.0,1789592711133,120913867245447
3,36349,22.2,1789592711133,120913867245447
4,36349,0.0,1789592711133,120913867245447
5,36349,33.3,1789592711133,120913867245447
6,36349,18.2,1789592711133,120913867245447
7,36349,10.0,1789592711133,120913867245447
0,36450,0.0,1789592711234,120913869658576
1,36450,0.0,1789592711234,120913869658576
2,36450,0.0,1789592711234,120913869658576
3,36450,10.0,1789592711234,120913869658576
4,36450,0.0,1789592711234,120913869658576
5,36450,18.2,1789592711234,120913869658576
6,36450,0.0,1789592711234,120913869658576
7,36450,0.0,1789592711234,120913869658576
0,36550,0.0,1789592711334,120913872071662
1,36550,0.0,1789592711334,120913872071662
2,36550,0.0,1789592711334,120913872071662
3,36550,27.3,1789592711334,120913872071662
4,36550,0.0,1789592711334,120913872071662
5,36550,33.3,1789592711334,120913872071662
6,36550,0.0,1789592711334,120913872071662
7,36550,11.1,1789592711334,120913872071662
0,36651,0.0,1789592711435,120913874484242
1,36651,10.0,1789592711435,120913874484242
2,36651,0.0,1789592711435,120913874484242
3,36651,30.0,1789592711435,120913874484242
4,36651,0.0,1789592711435,120913874484242
5,36651,10.0,1789592711435,120913874484242
6,36651,0.0,1789592711435,120913874484242
7,36651,0.0,1789592711435,120913874484242
0,36751,0.0,1789592711535,120913876900337
1,36751,0.0,1789592711535,120913876900337
2,36751,0.0,1789592711535,120913876900337
3,36751,0.0,1789592711535,120913876900337
4,36751,10.0,1789592711535,120913876900337
5,36751,10.0,1789592711535,120913876900337
6,36751,9.1,1789592711535,120913876900337
7,36751,20.0,1789592711535,120913876900337
0,36852,0.0,1789592711636,120913879314408
1,36852,10.0,1789592711636,120913879314408
2,36852,16.7,1789592711636,120913879314408
3,36852,40.0,1789592711636,120913879314408
4,36852,25.0,1789592711636,120913879314408
5,36852,9.1,1789592711636,120913879314408
6,36852,0.0,1789592711636,120913879314408
7,36852,10.0,1789592711636,120913879314408
0,36953,0.0,1789592711737,120913881727184
1,36953,0.0,1789592711737,120913881727184
2,36953,0.0,1789592711737,120913881727184
3,36953,0.0,1789592711737,120913881727184
4,36953,0.0,1789592711737,120913881727184
5,36953,40.0,1789592711737,120913881727184
6,36953,0.0,1789592711737,120913881727184
7,36953,0.0,1789592711737,120913881727184
0,37053,0.0,1789592711837,120913884139709
1,37053,0.0,1789592711837,120913884139709
2,37053,0.0,1789592711837,120913884139709
3,37053,45.5,1789592711837,120913884139709
4,37053,10.0,1789592711837,120913884139709
5,37053,10.0,1789592711837,120913884139709
6,37053,0.0,1789592711837,120913884139709
7,37053,0.0,1789592711837,120913884139709
0,37154,0.0,1789592711938,120913886553006
1,37154,11.1,1789592711938,120913886553006
2,37154,0.0,1789592711938,120913886553006
3,37154,10.0,1789592711938,120913886553006
4,37154,0.0,1789592711938,120913886553006
5,37154,10.0,1789592711938,120913886553006
6,37154,10.0,1789592711938,120913886553006
7,37154,11.1,1789592711938,120913886553006
0,37254,18.2,1789592712038,120913888965640
1,37254,9.1,1789592712038,120913888965640
2,37254,10.0,1789592712038,120913888965640
3,37254,0.0,1789592712038,120913888965640
4,37254,0.0,1789592712038,120913888965640
5,37254,0.0,1789592712038,120913888965640
6,37254,10.0,1789592712038,120913888965640
7,37254,0.0,1789592712038,120913888965640
0,37355,0.0,1789592712139,120913891376098
1,37355,0.0,1789592712139,120913891376098
2,37355,0.0,1789592712139,120913891376098
3,37355,0.0,1789592712139,120913891376098
4,37355,0.0,1789592712139,120913891376098
5,37355,0.0,1789592712139,120913891376098
6,37355,0.0,1789592712139,120913891376098
7,37355,0.0,1789592712139,120913891376098
0,37455,0.0,1789592712239,120913893785789
1,37455,0.0,1789592712239,120913893785789
2,37455,0.0,1789592712239,120913893785789
3,37455,0.0,1789592712239,120913893785789
4,37455,0.0,1789592712239,120913893785789
5,37455,0.0,1789592712239,120913893785789
6,37455,9.1,1789592712239,120913893785789
7,37455,0.0,1789592712239,120913893785789
0,37555,0.0,1789592712339,120913896194616
1,37555,0.0,1789592712339,120913896194616
2,37555,0.0,1789592712339,120913896194616
3,37555,0.0,1789592712339,120913896194616
4,37555,0.0,1789592712339,120913896194616
5,37555,0.0,1789592712339,120913896194616
6,37555,0.0,1789592712339,120913896194616
7,37555,0.0,1789592712339,120913896194616
0,37656,0.0,1789592712440,120913898602761
1,37656,0.0,1789592712440,120913898602761
2,37656,0.0,1789592712440,120913898602761
3,37656,0.0,1789592712440,120913898602761
4,37656,0.0,1789592712440,120913898602761
5,37656,0.0,1789592712440,120913898602761
6,37656,0.0,1789592712440,120913898602761
7,37656,0.0,1789592712440,120913898602761
0,37756,0.0,1789592712540,120913901011081
1,37756,0.0,1789592712540,120913901011081
2,37756,0.0,1789592712540,120913901011081
3,37756,0.0,1789592712540,120913901011081
4,37756,0.0,1789592712540,120913901011081
5,37756,0.0,1789592712540,120913901011081
6,37756,0.0,1789592712540,120913901011081
7,37756,0.0,1789592712540,120913901011081
0,37856,0.0,1789592712640,120913903419041
1,37856,0.0,1789592712640,120913903419041
2,37856,0.0,1789592712640,120913903419041
3,37856,0.0,1789592712640,120913903419041
4,37856,0.0,1789592712640,120913903419041
5,37856,0.0,1789592712640,120913903419041
6,37856,0.0,1789592712640,120913903419041
7,37856,0.0,1789592712640,120913903419041
0,37957,0.0,1789592712741,120913905828148
1,37957,0.0,1789592712741,120913905828148
2,37957,0.0,1789592712741,120913905828148
3,37957,0.0,1789592712741,120913905828148
4,37957,0.0,1789592712741,120913905828148
5,37957,0.0,1789592712741,120913905828148
6,37957,0.0,1789592712741,120913905828148
7,37957,0.0,1789592712741,120913905828148
0,38057,0.0,1789592712841,120913908238386
1,38057,0.0,1789592712841,120913908238386
2,38057,0.0,1789592712841,120913908238386
3,38057,0.0,1789592712841,120913908238386
4,38057,0.0,1789592712841,120913908238386
5,38057,10.0,1789592712841,120913908238386
6,38057,0.0,1789592712841,120913908238386
7,38057,0.0,1789592712841,120913908238386
0,38158,0.0,1789592712942,120913910647451
1,38158,0.0,1789592712942,120913910647451
2,38158,0.0,1789592712942,120913910647451
3,38158,0.0,1789592712942,120913910647451
4,38158,0.0,1789592712942,120913910647451
5,38158,0.0,1789592712942,120913910647451
6,38158,0.0,1789592712942,120913910647451
7,38158,0.0,1789592712942,120913910647451
0,38258,0.0,1789592713042,120913913057067
1,38258,0.0,1789592713042,120913913057067
2,38258,0.0,1789592713042,120913913057067
3,38258,0.0,1789592713042,120913913057067
4,38258,0.0,1789592713042,120913913057067
5,38258,0.0,1789592713042,120913913057067
6,38258,0.0,1789592713042,120913913057067
7,38258,0.0,1789592713042,120913913057067
0,38358,0.0,1789592713142,120913915465071
1,38358,0.0,1789592713142,120913915465071
2,38358,0.0,1789592713142,120913915465071
3,38358,0.0,1789592713142,120913915465071
4,38358,0.0,1789592713142,120913915465071
5,38358,0.0,1789592713142,120913915465071
6,38358,0.0,1789592713142,120913915465071
7,38358,0.0,1789592713142,120913915465071
0,38459,0.0,1789592713243,120913917873041
1,38459,0.0,1789592713243,120913917873041
2,38459,0.0,1789592713243,120913917873041
3,38459,0.0,1789592713243,120913917873041
4,38459,0.0,1789592713243,120913917873041
5,38459,0.0,1789592713243,120913917873041
6,38459,0.0,1789592713243,120913917873041
7,38459,0.0,1789592713243,120913917873041
0,38559,0.0,1789592713343,120913920281747
1,38559,0.0,1789592713343,120913920281747
2,38559,0.0,1789592713343,120913920281747
3,38559,0.0,1789592713343,120913920281747
4,38559,0.0,1789592713343,120913920281747
5,38559,0.0,1789592713343,120913920281747
6,38559,0.0,1789592713343,120913920281747
7,38559,0.0,1789592713343,120913920281747
0,38659,0.0,1789592713443,120913922688937
1,38659,0.0,1789592713443,120913922688937
2,38659,0.0,1789592713443,120913922688937
3,38659,0.0,1789592713443,120913922688937
4,38659,0.0,1789592713443,120913922688937
5,38659,0.0,1789592713443,120913922688937
6,38659,0.0,1789592713443,120913922688937
7,38659,0.0,1789592713443,120913922688937
0,38760,0.0,1789592713544,120913925099692
1,38760,0.0,1789592713544,120913925099692
2,38760,0.0,1789592713544,120913925099692
3,38760,0.0,1789592713544,120913925099692
4,38760,0.0,1789592713544,120913925099692
5,38760,0.0,1789592713544,120913925099692
6,38760,0.0,1789592713544,120913925099692
7,38760,0.0,1789592713544,120913925099692
0,38860,0.0,1789592713644,120913927508857
1,38860,0.0,1789592713644,120913927508857
2,38860,0.0,1789592713644,120913927508857
3,38860,0.0,1789592713644,120913927508857
4,38860,0.0,1789592713644,120913927508857
5,38860,0.0,1789592713644,120913927508857
6,38860,0.0,1789592713644,120913927508857
7,38860,0.0,1789592713644,120913927508857
0,38961,0.0,1789592713745,120913929916849
1,38961,0.0,1789592713745,120913929916849
2,38961,0.0,1789592713745,120913929916849
3,38961,0.0,1789592713745,120913929916849
4,38961,0.0,1789592713745,120913929916849
5,38961,0.0,1789592713745,120913929916849
6,38961,0.0,1789592713745,120913929916849
7,38961,0.0,1789592713745,120913929916849
0,39061,0.0,1789592713845,120913932324976
1,39061,0.0,1789592713845,120913932324976
2,39061,0.0,1789592713845,120913932324976
3,39061,0.0,1789592713845,120913932324976
4,39061,0.0,1789592713845,120913932324976
5,39061,0.0,1789592713845,120913932324976
6,39061,0.0,1789592713845,120913932324976
7,39061,0.0,1789592713845,120913932324976
0,39161,0.0,1789592713945,120913934733716
1,39161,0.0,1789592713945,120913934733716
2,39161,0.0,1789592713945,120913934733716
3,39161,0.0,1789592713945,120913934733716
4,39161,0.0,1789592713945,120913934733716
5,39161,0.0,1789592713945,120913934733716
6,39161,0.0,1789592713945,120913934733716
7,39161,0.0,1789592713945,120913934733716
0,39262,0.0,1789592714046,120913937142318
1,39262,0.0,1789592714046,120913937142318
2,39262,0.0,1789592714046,120913937142318
3,39262,0.0,1789592714046,120913937142318
4,39262,0.0,1789592714046,120913937142318
5,39262,0.0,1789592714046,120913937142318
6,39262,0.0,1789592714046,120913937142318
7,39262,0.0,1789592714046,120913937142318
0,39362,0.0,1789592714146,120913939554424
1,39362,0.0,1789592714146,120913939554424
2,39362,0.0,1789592714146,120913939554424
3,39362,0.0,1789592714146,120913939554424
4,39362,10.0,1789592714146,120913939554424
5,39362,0.0,1789592714146,120913939554424
6,39362,0.0,1789592714146,120913939554424
7,39362,0.0,1789592714146,120913939554424
0,39463,0.0,1789592714247,120913941967836
1,39463,0.0,1789592714247,120913941967836
2,39463,0.0,1789592714247,120913941967836
3,39463,0.0,1789592714247,120913941967836
4,39463,0.0,1789592714247,120913941967836
5,39463,22.2,1789592714247,120913941967836
6,39463,0.0,1789592714247,120913941967836
7,39463,30.0,1789592714247,120913941967836
0,39563,0.0,1789592714347,120913944379997
1,39563,0.0,1789592714347,120913944379997
2,39563,0.0,1789592714347,120913944379997
3,39563,0.0,1789592714347,120913944379997
4,39563,0.0,1789592714347,120913944379997
5,39563,36.4,1789592714347,120913944379997
6,39563,0.0,1789592714347,120913944379997
7,39563,22.2,1789592714347,120913944379997
0,39664,0.0,1789592714448,120913946794098
1,39664,20.0,1789592714448,120913946794098
2,39664,18.2,1789592714448,120913946794098
3,39664,0.0,1789592714448,120913946794098
4,39664,10.0,1789592714448,120913946794098
5,39664,10.0,1789592714448,120913946794098
6,39664,10.0,1789592714448,120913946794098
7,39664,9.1,1789592714448,120913946794098
0,39764,0.0,1789592714548,120913949206304
1,39764,0.0,1789592714548,120913949206304
2,39764,10.0,1789592714548,120913949206304
3,39764,10.0,1789592714548,120913949206304
4,39764,9.1,1789592714548,120913949206304
5,39764,0.0,1789592714548,120913949206304
6,39764,18.2,1789592714548,120913949206304
7,39764,0.0,1789592714548,120913949206304
0,39865,0.0,1789592714649,120913951619414
1,39865,0.0,1789592714649,120913951619414
2,39865,10.0,1789592714649,120913951619414
3,39865,0.0,1789592714649,120913951619414
4,39865,10.0,1789592714649,120913951619414
5,39865,10.0,1789592714649,120913951619414
6,39865,0.0,1789592714649,120913951619414
7,39865,11.1,1789592714649,120913951619414
0,39965,0.0,1789592714749,120913954031882
1,39965,0.0,1789592714749,120913954031882
2,39965,0.0,1789592714749,120913954031882
3,39965,0.0,1789592714749,120913954031882
4,39965,0.0,1789592714749,120913954031882
5,39965,0.0,1789592714749,120913954031882
6,39965,0.0,1789592714749,120913954031882
7,39965,0.0,1789592714749,120913954031882
0,40066,0.0,1789592714850,120913956441965
1,40066,10.0,1789592714850,120913956441965
2,40066,0.0,1789592714850,120913956441965
3,40066,0.0,1789592714850,120913956441965
4,40066,0.0,1789592714850,120913956441965
5,40066,0.0,1789592714850,120913956441965
6,40066,0.0,1789592714850,120913956441965
7,40066,0.0,1789592714850,120913956441965
0,40166,0.0,1789592714950,120913958852666
1,40166,0.0,1789592714950,120913958852666
2,40166,0.0,1789592714950,120913958852666
3,40166,0.0,1789592714950,120913958852666
4,40166,0.0,1789592714950,120913958852666
5,40166,0.0,1789592714950,120913958852666
6,40166,0.0,1789592714950,120913958852666
7,40166,9.1,1789592714950,120913958852666
0,40267,0.0,1789592715051,120913961262491
1,40267,0.0,1789592715051,120913961262491
2,40267,0.0,1789592715051,120913961262491
3,40267,0.0,1789592715051,120913961262491
4,40267,0.0,1789592715051,120913961262491
5,40267,0.0,1789592715051,120913961262491
6,40267,0.0,1789592715051,120913961262491
7,40267,0.0,1789592715051,120913961262491
0,40367,0.0,1789592715151,120913963672560
1,40367,0.0,1789592715151,120913963672560
2,40367,0.0,1789592715151,120913963672560
3,40367,0.0,1789592715151,120913963672560
4,40367,0.0,1789592715151,120913963672560
5,40367,0.0,1789592715151,120913963672560
6,40367,0.0,1789592715151,120913963672560
7,40367,0.0,1789592715151,120913963672560
0,40467,0.0,1789592715251,120913966080891
1,40467,0.0,1789592715251,120913966080891
2,40467,0.0,1789592715251,120913966080891
3,40467,0.0,1789592715251,120913966080891
4,40467,0.0,1789592715251,120913966080891
5,40467,0.0,1789592715251,120913966080891
6,40467,0.0,1789592715251,120913966080891
7,40467,0.0,1789592715251,120913966080891
0,40568,0.0,1789592715352,120913968488738
1,40568,0.0,1789592715352,120913968488738
2,40568,0.0,1789592715352,120913968488738
3,40568,0.0,1789592715352,120913968488738
4,40568,0.0,1789592715352,120913968488738
5,40568,0.0,1789592715352,120913968488738
6,40568,0.0,1789592715352,120913968488738
7,40568,0.0,1789592715352,120913968488738
0,40668,0.0,1789592715452,120913970897415
1,40668,0.0,1789592715452,120913970897415
2,40668,0.0,1789592715452,120913970897415
3,40668,0.0,1789592715452,120913970897415
4,40668,0.0,1789592715452,120913970897415
5,40668,0.0,1789592715452,120913970897415
6,40668,0.0,1789592715452,120913970897415
7,40668,0.0,1789592715452,120913970897415
0,40768,0.0,1789592715552,120913973305237
1,40768,0.0,1789592715552,120913973305237
2,40768,0.0,1789592715552,120913973305237
3,40768,0.0,1789592715552,120913973305237
4,40768,0.0,1789592715552,120913973305237
5,40768,0.0,1789592715552,120913973305237
6,40768,0.0,1789592715552,120913973305237
7,40768,0.0,1789592715552,120913973305237
0,40869,0.0,1789592715653,120913975712682
1,40869,0.0,1789592715653,120913975712682
2,40869,0.0,1789592715653,120913975712682
3,40869,0.0,1789592715653,120913975712682
4,40869,0.0,1789592715653,120913975712682
5,40869,0.0,1789592715653,120913975712682
6,40869,0.0,1789592715653,120913975712682
7,40869,0.0,1789592715653,120913975712682
0,40969,0.0,1789592715753,120913978119900
1,40969,0.0,1789592715753,120913978119900
2,40969,0.0,1789592715753,120913978119900
3,40969,0.0,1789592715753,120913978119900
4,40969,0.0,1789592715753,120913978119900
5,40969,0.0,1789592715753,120913978119900
6,40969,0.0,1789592715753,120913978119900
7,40969,0.0,1789592715753,120913978119900
0,41069,0.0,1789592715853,120913980527472
1,41069,0.0,1789592715853,120913980527472
2,41069,0.0,1789592715853,120913980527472
3,41069,0.0,1789592715853,120913980527472
4,41069,0.0,1789592715853,120913980527472
5,41069,0.0,1789592715853,120913980527472
6,41069,0.0,1789592715853,120913980527472
7,41069,0.0,1789592715853,120913980527472
0,41170,0.0,1789592715954,120913982936265
1,41170,0.0,1789592715954,120913982936265
2,41170,0.0,1789592715954,120913982936265
3,41170,0.0,1789592715954,120913982936265
4,41170,0.0,1789592715954,120913982936265
5,41170,0.0,1789592715954,120913982936265
6,41170,0.0,1789592715954,120913982936265
7,41170,0.0,1789592715954,120913982936265
0,41270,0.0,1789592716054,120913985344416
1,41270,0.0,1789592716054,120913985344416
2,41270,0.0,1789592716054,120913985344416
3,41270,0.0,1789592716054,120913985344416
4,41270,0.0,1789592716054,120913985344416
5,41270,0.0,1789592716054,120913985344416
6,41270,0.0,1789592716054,120913985344416
7,41270,0.0,1789592716054,120913985344416
0,41370,0.0,1789592716154,120913987752250
1,41370,0.0,1789592716154,120913987752250
2,41370,0.0,1789592716154,120913987752250
3,41370,0.0,1789592716154,120913987752250
4,41370,0.0,1789592716154,120913987752250
5,41370,0.0,1789592716154,120913987752250
6,41370,0.0,1789592716154,120913987752250
7,41370,0.0,1789592716154,120913987752250
0,41471,0.0,1789592716255,120913990159991
1,41471,0.0,1789592716255,120913990159991
2,41471,0.0,1789592716255,120913990159991
3,41471,0.0,1789592716255,120913990159991
4,41471,0.0,1789592716255,120913990159991
5,41471,0.0,1789592716255,120913990159991
6,41471,0.0,1789592716255,120913990159991
7,41471,0.0,1789592716255,120913990159991
0,41571,0.0,1789592716355,120913992568642
1,41571,0.0,1789592716355,120913992568642
2,41571,0.0,1789592716355,120913992568642
3,41571,0.0,1789592716355,120913992568642
4,41571,0.0,1789592716355,120913992568642
5,41571,0.0,1789592716355,120913992568642
6,41571,0.0,1789592716355,120913992568642
7,41571,0.0,1789592716355,120913992568642
0,41671,0.0,1789592716455,120913994977053
1,41671,0.0,1789592716455,120913994977053
2,41671,0.0,1789592716455,120913994977053
3,41671,0.0,1789592716455,120913994977053
4,41671,0.0,1789592716455,120913994977053
5,41671,0.0,1789592716455,120913994977053
6,41671,0.0,1789592716455,120913994977053
7,41671,0.0,1789592716455,120913994977053
0,41772,0.0,1789592716556,120913997385287
1,41772,0.0,1789592716556,120913997385287
2,41772,0.0,1789592716556,120913997385287
3,41772,0.0,1789592716556,120913997385287
4,41772,0.0,1789592716556,120913997385287
5,41772,0.0,1789592716556,120913997385287
6,41772,0.0,1789592716556,120913997385287
7,41772,0.0,1789592716556,120913997385287
0,41872,0.0,1789592716656,120913999793778
1,41872,0.0,1789592716656,120913999793778
2,41872,0.0,1789592716656,120913999793778
3,41872,0.0,1789592716656,120913999793778
4,41872,0.0,1789592716656,120913999793778
5,41872,0.0,1789592716656,120913999793778
6,41872,0.0,1789592716656,120913999793778
7,41872,0.0,1789592716656,120913999793778
0,41973,0.0,1789592716757,120914002206312
1,41973,0.0,1789592716757,120914002206312
2,41973,0.0,1789592716757,120914002206312
3,41973,0.0,1789592716757,120914002206312
4,41973,10.0,1789592716757,120914002206312
5,41973,0.0,1789592716757,120914002206312
6,41973,30.0,1789592716757,120914002206312
7,41973,10.0,1789592716757,120914002206312
0,42073,0.0,1789592716857,120914004618333
1,42073,0.0,1789592716857,120914004618333
2,42073,0.0,1789592716857,120914004618333
3,42073,0.0,1789592716857,120914004618333
4,42073,0.0,1789592716857,120914004618333
5,42073,0.0,1789592716857,120914004618333
6,42073,10.0,1789592716857,120914004618333
7,42073,44.4,1789592716857,120914004618333
0,42174,0.0,1789592716958,120914007029416
1,42174,0.0,1789592716958,120914007029416
2,42174,0.0,1789592716958,120914007029416
3,42174,0.0,1789592716958,120914007029416
4,42174,0.0,1789592716958,120914007029416
5,42174,0.0,1789592716958,120914007029416
6,42174,40.0,1789592716958,120914007029416
7,42174,18.2,1789592716958,120914007029416
0,42274,0.0,1789592717058,120914009442406
1,42274,20.0,1789592717058,120914009442406
2,42274,20.0,1789592717058,120914009442406
3,42274,0.0,1789592717058,120914009442406
4,42274,10.0,1789592717058,120914009442406
5,42274,10.0,1789592717058,120914009442406
6,42274,0.0,1789592717058,120914009442406
7,42274,10.0,1789592717058,120914009442406
0,42375,10.0,1789592717159,120914011855721
1,42375,0.0,1789592717159,120914011855721
2,42375,0.0,1789592717159,120914011855721
3,42375,20.0,1789592717159,120914011855721
4,42375,10.0,1789592717159,120914011855721
5,42375,0.0,1789592717159,120914011855721
6,42375,0.0,1789592717159,120914011855721
7,42375,0.0,1789592717159,120914011855721
0,42475,0.0,1789592717259,120914014267673
1,42475,0.0,1789592717259,120914014267673
2,42475,9.1,1789592717259,120914014267673
3,42475,0.0,1789592717259,120914014267673
4,42475,0.0,1789592717259,120914014267673
5,42475,0.0,1789592717259,120914014267673
6,42475,0.0,1789592717259,120914014267673
7,42475,0.0,1789592717259,120914014267673
0,42576,0.0,1789592717360,120914016679389
1,42576,0.0,1789592717360,120914016679389
2,42576,0.0,1789592717360,120914016679389
3,42576,0.0,1789592717360,120914016679389
4,42576,0.0,1789592717360,120914016679389
5,42576,0.0,1789592717360,120914016679389
6,42576,0.0,1789592717360,120914016679389
7,42576,0.0,1789592717360,120914016679389
0,42676,0.0,1789592717460,120914019092015
1,42676,9.1,1789592717460,120914019092015
2,42676,0.0,1789592717460,120914019092015
3,42676,0.0,1789592717460,120914019092015
4,42676,18.2,1789592717460,120914019092015
5,42676,0.0,1789592717460,120914019092015
6,42676,0.0,1789592717460,120914019092015
7,42676,0.0,1789592717460,120914019092015
0,42777,0.0,1789592717561,120914021504316
1,42777,0.0,1789592717561,120914021504316
2,42777,10.0,1789592717561,120914021504316
3,42777,0.0,1789592717561,120914021504316
4,42777,0.0,1789592717561,120914021504316
5,42777,0.0,1789592717561,120914021504316
6,42777,0.0,1789592717561,120914021504316
7,42777,10.0,1789592717561,120914021504316
0,42877,0.0,1789592717661,120914023917353
1,42877,10.0,1789592717661,120914023917353
2,42877,10.0,1789592717661,120914023917353
3,42877,18.2,1789592717661,120914023917353
4,42877,10.0,1789592717661,120914023917353
5,42877,30.0,1789592717661,120914023917353
6,42877,9.1,1789592717661,120914023917353
7,42877,10.0,1789592717661,120914023917353
0,42978,0.0,1789592717762,120914026330353
1,42978,0.0,1789592717762,120914026330353
2,42978,0.0,1789592717762,120914026330353
3,42978,40.0,1789592717762,120914026330353
4,42978,0.0,1789592717762,120914026330353
5,42978,0.0,1789592717762,120914026330353
6,42978,0.0,1789592717762,120914026330353
7,42978,0.0,1789592717762,120914026330353
0,43078,0.0,1789592717862,120914028742542
1,43078,10.0,1789592717862,120914028742542
2,43078,11.1,1789592717862,120914028742542
3,43078,10.0,1789592717862,120914028742542
4,43078,0.0,1789592717862,120914028742542
5,43078,36.4,1789592717862,120914028742542
6,43078,0.0,1789592717862,120914028742542
7,43078,0.0,1789592717862,120914028742542
0,43179,0.0,1789592717963,120914031157203
1,43179,0.0,1789592717963,120914031157203
2,43179,9.1,1789592717963,120914031157203
3,43179,0.0,1789592717963,120914031157203
4,43179,0.0,1789592717963,120914031157203
5,43179,10.0,1789592717963,120914031157203
6,43179,0.0,1789592717963,120914031157203
7,43179,10.0,1789592717963,120914031157203
0,43204,0.0,1789592717988,120914031760264
1,43204,0.0,1789592717988,120914031760264
2,43204,0.0,1789592717988,120914031760264
3,43204,66.7,1789592717988,120914031760264
4,43204,33.3,1789592717988,120914031760264
5,43204,0.0,1789592717988,120914031760264
6,43204,0.0,1789592717988,120914031760264
7,43204,0.0,1789592717988,120914031760264
