cpu,t_ms,busy_pct,epoch_ms,rdtime_ticks
0,100,9.1,1789586155688,120756538389301
1,100,0.0,1789586155688,120756538389301
2,100,0.0,1789586155688,120756538389301
3,100,0.0,1789586155688,120756538389301
4,100,0.0,1789586155688,120756538389301
5,100,0.0,1789586155688,120756538389301
6,100,0.0,1789586155688,120756538389301
7,100,0.0,1789586155688,120756538389301
0,201,0.0,1789586155789,120756540802428
1,201,0.0,1789586155789,120756540802428
2,201,0.0,1789586155789,120756540802428
3,201,0.0,1789586155789,120756540802428
4,201,0.0,1789586155789,120756540802428
5,201,0.0,1789586155789,120756540802428
6,201,0.0,1789586155789,120756540802428
7,201,0.0,1789586155789,120756540802428
0,301,0.0,1789586155889,120756543213096
1,301,0.0,1789586155889,120756543213096
2,301,0.0,1789586155889,120756543213096
3,301,0.0,1789586155889,120756543213096
4,301,0.0,1789586155889,120756543213096
5,301,0.0,1789586155889,120756543213096
6,301,0.0,1789586155889,120756543213096
7,301,0.0,1789586155889,120756543213096
0,402,0.0,1789586155990,120756545624636
1,402,0.0,1789586155990,120756545624636
2,402,0.0,1789586155990,120756545624636
3,402,0.0,1789586155990,120756545624636
4,402,0.0,1789586155990,120756545624636
5,402,0.0,1789586155990,120756545624636
6,402,0.0,1789586155990,120756545624636
7,402,10.0,1789586155990,120756545624636
0,502,0.0,1789586156090,120756548035334
1,502,0.0,1789586156090,120756548035334
2,502,0.0,1789586156090,120756548035334
3,502,0.0,1789586156090,120756548035334
4,502,0.0,1789586156090,120756548035334
5,502,0.0,1789586156090,120756548035334
6,502,0.0,1789586156090,120756548035334
7,502,0.0,1789586156090,120756548035334
0,603,0.0,1789586156191,120756550448588
1,603,10.0,1789586156191,120756550448588
2,603,11.1,1789586156191,120756550448588
3,603,0.0,1789586156191,120756550448588
4,603,36.4,1789586156191,120756550448588
5,603,10.0,1789586156191,120756550448588
6,603,0.0,1789586156191,120756550448588
7,603,20.0,1789586156191,120756550448588
0,703,0.0,1789586156291,120756552859975
1,703,0.0,1789586156291,120756552859975
2,703,0.0,1789586156291,120756552859975
3,703,50.0,1789586156291,120756552859975
4,703,20.0,1789586156291,120756552859975
5,703,0.0,1789586156291,120756552859975
6,703,0.0,1789586156291,120756552859975
7,703,0.0,1789586156291,120756552859975
0,804,20.0,1789586156392,120756555272511
1,804,0.0,1789586156392,120756555272511
2,804,0.0,1789586156392,120756555272511
3,804,0.0,1789586156392,120756555272511
4,804,33.3,1789586156392,120756555272511
5,804,18.2,1789586156392,120756555272511
6,804,0.0,1789586156392,120756555272511
7,804,18.2,1789586156392,120756555272511
0,905,0.0,1789586156493,120756557702291
1,905,10.0,1789586156493,120756557702291
2,905,9.1,1789586156493,120756557702291
3,905,18.2,1789586156493,120756557702291
4,905,0.0,1789586156493,120756557702291
5,905,0.0,1789586156493,120756557702291
6,905,0.0,1789586156493,120756557702291
7,905,0.0,1789586156493,120756557702291
0,1006,9.1,1789586156594,120756560115138
1,1006,0.0,1789586156594,120756560115138
2,1006,0.0,1789586156594,120756560115138
3,1006,0.0,1789586156594,120756560115138
4,1006,0.0,1789586156594,120756560115138
5,1006,0.0,1789586156594,120756560115138
6,1006,0.0,1789586156594,120756560115138
7,1006,16.7,1789586156594,120756560115138
0,1106,0.0,1789586156694,120756562525421
1,1106,0.0,1789586156694,120756562525421
2,1106,0.0,1789586156694,120756562525421
3,1106,0.0,1789586156694,120756562525421
4,1106,0.0,1789586156694,120756562525421
5,1106,0.0,1789586156694,120756562525421
6,1106,0.0,1789586156694,120756562525421
7,1106,0.0,1789586156694,120756562525421
0,1206,0.0,1789586156794,120756564933701
1,1206,0.0,1789586156794,120756564933701
2,1206,0.0,1789586156794,120756564933701
3,1206,0.0,1789586156794,120756564933701
4,1206,0.0,1789586156794,120756564933701
5,1206,0.0,1789586156794,120756564933701
6,1206,0.0,1789586156794,120756564933701
7,1206,0.0,1789586156794,120756564933701
0,1307,0.0,1789586156895,120756567343856
1,1307,0.0,1789586156895,120756567343856
2,1307,0.0,1789586156895,120756567343856
3,1307,0.0,1789586156895,120756567343856
4,1307,0.0,1789586156895,120756567343856
5,1307,0.0,1789586156895,120756567343856
6,1307,0.0,1789586156895,120756567343856
7,1307,0.0,1789586156895,120756567343856
0,1407,0.0,1789586156995,120756569753793
1,1407,0.0,1789586156995,120756569753793
2,1407,0.0,1789586156995,120756569753793
3,1407,0.0,1789586156995,120756569753793
4,1407,0.0,1789586156995,120756569753793
5,1407,9.1,1789586156995,120756569753793
6,1407,0.0,1789586156995,120756569753793
7,1407,0.0,1789586156995,120756569753793
0,1508,0.0,1789586157096,120756572161477
1,1508,0.0,1789586157096,120756572161477
2,1508,0.0,1789586157096,120756572161477
3,1508,0.0,1789586157096,120756572161477
4,1508,0.0,1789586157096,120756572161477
5,1508,0.0,1789586157096,120756572161477
6,1508,0.0,1789586157096,120756572161477
7,1508,0.0,1789586157096,120756572161477
0,1608,0.0,1789586157196,120756574568895
1,1608,0.0,1789586157196,120756574568895
2,1608,0.0,1789586157196,120756574568895
3,1608,0.0,1789586157196,120756574568895
4,1608,0.0,1789586157196,120756574568895
5,1608,0.0,1789586157196,120756574568895
6,1608,0.0,1789586157196,120756574568895
7,1608,0.0,1789586157196,120756574568895
0,1708,0.0,1789586157296,120756576976292
1,1708,0.0,1789586157296,120756576976292
2,1708,0.0,1789586157296,120756576976292
3,1708,0.0,1789586157296,120756576976292
4,1708,0.0,1789586157296,120756576976292
5,1708,0.0,1789586157296,120756576976292
6,1708,0.0,1789586157296,120756576976292
7,1708,9.1,1789586157296,120756576976292
0,1809,0.0,1789586157397,120756579383519
1,1809,0.0,1789586157397,120756579383519
2,1809,0.0,1789586157397,120756579383519
3,1809,0.0,1789586157397,120756579383519
4,1809,0.0,1789586157397,120756579383519
5,1809,0.0,1789586157397,120756579383519
6,1809,0.0,1789586157397,120756579383519
7,1809,0.0,1789586157397,120756579383519
0,1909,0.0,1789586157497,120756581790717
1,1909,0.0,1789586157497,120756581790717
2,1909,0.0,1789586157497,120756581790717
3,1909,0.0,1789586157497,120756581790717
4,1909,0.0,1789586157497,120756581790717
5,1909,0.0,1789586157497,120756581790717
6,1909,0.0,1789586157497,120756581790717
7,1909,0.0,1789586157497,120756581790717
0,2009,0.0,1789586157597,120756584197837
1,2009,0.0,1789586157597,120756584197837
2,2009,0.0,1789586157597,120756584197837
3,2009,0.0,1789586157597,120756584197837
4,2009,0.0,1789586157597,120756584197837
5,2009,0.0,1789586157597,120756584197837
6,2009,0.0,1789586157597,120756584197837
7,2009,0.0,1789586157597,120756584197837
0,2110,0.0,1789586157698,120756586607945
1,2110,0.0,1789586157698,120756586607945
2,2110,0.0,1789586157698,120756586607945
3,2110,0.0,1789586157698,120756586607945
4,2110,0.0,1789586157698,120756586607945
5,2110,0.0,1789586157698,120756586607945
6,2110,0.0,1789586157698,120756586607945
7,2110,0.0,1789586157698,120756586607945
0,2210,0.0,1789586157798,120756589017226
1,2210,0.0,1789586157798,120756589017226
2,2210,0.0,1789586157798,120756589017226
3,2210,0.0,1789586157798,120756589017226
4,2210,0.0,1789586157798,120756589017226
5,2210,0.0,1789586157798,120756589017226
6,2210,0.0,1789586157798,120756589017226
7,2210,0.0,1789586157798,120756589017226
0,2310,0.0,1789586157898,120756591425153
1,2310,0.0,1789586157898,120756591425153
2,2310,0.0,1789586157898,120756591425153
3,2310,0.0,1789586157898,120756591425153
4,2310,0.0,1789586157898,120756591425153
5,2310,0.0,1789586157898,120756591425153
6,2310,0.0,1789586157898,120756591425153
7,2310,0.0,1789586157898,120756591425153
0,2411,0.0,1789586157999,120756593832782
1,2411,0.0,1789586157999,120756593832782
2,2411,0.0,1789586157999,120756593832782
3,2411,0.0,1789586157999,120756593832782
4,2411,0.0,1789586157999,120756593832782
5,2411,0.0,1789586157999,120756593832782
6,2411,0.0,1789586157999,120756593832782
7,2411,0.0,1789586157999,120756593832782
0,2511,0.0,1789586158099,120756596244300
1,2511,0.0,1789586158099,120756596244300
2,2511,0.0,1789586158099,120756596244300
3,2511,0.0,1789586158099,120756596244300
4,2511,0.0,1789586158099,120756596244300
5,2511,0.0,1789586158099,120756596244300
6,2511,0.0,1789586158099,120756596244300
7,2511,0.0,1789586158099,120756596244300
0,2611,0.0,1789586158199,120756598653641
1,2611,0.0,1789586158199,120756598653641
2,2611,0.0,1789586158199,120756598653641
3,2611,0.0,1789586158199,120756598653641
4,2611,0.0,1789586158199,120756598653641
5,2611,0.0,1789586158199,120756598653641
6,2611,0.0,1789586158199,120756598653641
7,2611,0.0,1789586158199,120756598653641
0,2712,0.0,1789586158300,120756601062554
1,2712,0.0,1789586158300,120756601062554
2,2712,0.0,1789586158300,120756601062554
3,2712,0.0,1789586158300,120756601062554
4,2712,0.0,1789586158300,120756601062554
5,2712,0.0,1789586158300,120756601062554
6,2712,0.0,1789586158300,120756601062554
7,2712,0.0,1789586158300,120756601062554
0,2812,0.0,1789586158400,120756603470323
1,2812,0.0,1789586158400,120756603470323
2,2812,0.0,1789586158400,120756603470323
3,2812,0.0,1789586158400,120756603470323
4,2812,0.0,1789586158400,120756603470323
5,2812,0.0,1789586158400,120756603470323
6,2812,0.0,1789586158400,120756603470323
7,2812,0.0,1789586158400,120756603470323
0,2912,0.0,1789586158500,120756605877562
1,2912,0.0,1789586158500,120756605877562
2,2912,0.0,1789586158500,120756605877562
3,2912,0.0,1789586158500,120756605877562
4,2912,0.0,1789586158500,120756605877562
5,2912,0.0,1789586158500,120756605877562
6,2912,0.0,1789586158500,120756605877562
7,2912,0.0,1789586158500,120756605877562
0,3013,0.0,1789586158601,120756608285000
1,3013,0.0,1789586158601,120756608285000
2,3013,0.0,1789586158601,120756608285000
3,3013,0.0,1789586158601,120756608285000
4,3013,0.0,1789586158601,120756608285000
5,3013,0.0,1789586158601,120756608285000
6,3013,0.0,1789586158601,120756608285000
7,3013,0.0,1789586158601,120756608285000
0,3113,0.0,1789586158701,120756610692463
1,3113,0.0,1789586158701,120756610692463
2,3113,0.0,1789586158701,120756610692463
3,3113,0.0,1789586158701,120756610692463
4,3113,0.0,1789586158701,120756610692463
5,3113,0.0,1789586158701,120756610692463
6,3113,0.0,1789586158701,120756610692463
7,3113,9.1,1789586158701,120756610692463
0,3213,0.0,1789586158801,120756613099757
1,3213,0.0,1789586158801,120756613099757
2,3213,0.0,1789586158801,120756613099757
3,3213,0.0,1789586158801,120756613099757
4,3213,0.0,1789586158801,120756613099757
5,3213,0.0,1789586158801,120756613099757
6,3213,0.0,1789586158801,120756613099757
7,3213,0.0,1789586158801,120756613099757
0,3314,0.0,1789586158902,120756615508781
1,3314,0.0,1789586158902,120756615508781
2,3314,0.0,1789586158902,120756615508781
3,3314,0.0,1789586158902,120756615508781
4,3314,0.0,1789586158902,120756615508781
5,3314,0.0,1789586158902,120756615508781
6,3314,0.0,1789586158902,120756615508781
7,3314,0.0,1789586158902,120756615508781
0,3414,0.0,1789586159002,120756617917561
1,3414,0.0,1789586159002,120756617917561
2,3414,0.0,1789586159002,120756617917561
3,3414,0.0,1789586159002,120756617917561
4,3414,0.0,1789586159002,120756617917561
5,3414,0.0,1789586159002,120756617917561
6,3414,0.0,1789586159002,120756617917561
7,3414,0.0,1789586159002,120756617917561
0,3514,0.0,1789586159102,120756620325202
1,3514,0.0,1789586159102,120756620325202
2,3514,0.0,1789586159102,120756620325202
3,3514,0.0,1789586159102,120756620325202
4,3514,0.0,1789586159102,120756620325202
5,3514,0.0,1789586159102,120756620325202
6,3514,0.0,1789586159102,120756620325202
7,3514,0.0,1789586159102,120756620325202
0,3615,0.0,1789586159203,120756622735942
1,3615,0.0,1789586159203,120756622735942
2,3615,9.1,1789586159203,120756622735942
3,3615,0.0,1789586159203,120756622735942
4,3615,0.0,1789586159203,120756622735942
5,3615,0.0,1789586159203,120756622735942
6,3615,0.0,1789586159203,120756622735942
7,3615,0.0,1789586159203,120756622735942
0,3715,0.0,1789586159303,120756625144919
1,3715,0.0,1789586159303,120756625144919
2,3715,0.0,1789586159303,120756625144919
3,3715,0.0,1789586159303,120756625144919
4,3715,0.0,1789586159303,120756625144919
5,3715,0.0,1789586159303,120756625144919
6,3715,0.0,1789586159303,120756625144919
7,3715,0.0,1789586159303,120756625144919
0,3816,0.0,1789586159404,120756627552468
1,3816,0.0,1789586159404,120756627552468
2,3816,0.0,1789586159404,120756627552468
3,3816,0.0,1789586159404,120756627552468
4,3816,0.0,1789586159404,120756627552468
5,3816,0.0,1789586159404,120756627552468
6,3816,0.0,1789586159404,120756627552468
7,3816,0.0,1789586159404,120756627552468
0,3916,0.0,1789586159504,120756629961196
1,3916,0.0,1789586159504,120756629961196
2,3916,0.0,1789586159504,120756629961196
3,3916,0.0,1789586159504,120756629961196
4,3916,0.0,1789586159504,120756629961196
5,3916,0.0,1789586159504,120756629961196
6,3916,0.0,1789586159504,120756629961196
7,3916,0.0,1789586159504,120756629961196
0,4016,0.0,1789586159604,120756632368717
1,4016,0.0,1789586159604,120756632368717
2,4016,0.0,1789586159604,120756632368717
3,4016,0.0,1789586159604,120756632368717
4,4016,0.0,1789586159604,120756632368717
5,4016,0.0,1789586159604,120756632368717
6,4016,0.0,1789586159604,120756632368717
7,4016,0.0,1789586159604,120756632368717
0,4117,0.0,1789586159705,120756634776283
1,4117,0.0,1789586159705,120756634776283
2,4117,0.0,1789586159705,120756634776283
3,4117,0.0,1789586159705,120756634776283
4,4117,0.0,1789586159705,120756634776283
5,4117,0.0,1789586159705,120756634776283
6,4117,0.0,1789586159705,120756634776283
7,4117,0.0,1789586159705,120756634776283
0,4217,0.0,1789586159805,120756637183865
1,4217,0.0,1789586159805,120756637183865
2,4217,0.0,1789586159805,120756637183865
3,4217,0.0,1789586159805,120756637183865
4,4217,0.0,1789586159805,120756637183865
5,4217,0.0,1789586159805,120756637183865
6,4217,0.0,1789586159805,120756637183865
7,4217,0.0,1789586159805,120756637183865
0,4317,0.0,1789586159905,120756639590975
1,4317,0.0,1789586159905,120756639590975
2,4317,0.0,1789586159905,120756639590975
3,4317,0.0,1789586159905,120756639590975
4,4317,0.0,1789586159905,120756639590975
5,4317,0.0,1789586159905,120756639590975
6,4317,0.0,1789586159905,120756639590975
7,4317,0.0,1789586159905,120756639590975
0,4418,0.0,1789586160006,120756642000597
1,4418,0.0,1789586160006,120756642000597
2,4418,0.0,1789586160006,120756642000597
3,4418,0.0,1789586160006,120756642000597
4,4418,0.0,1789586160006,120756642000597
5,4418,0.0,1789586160006,120756642000597
6,4418,0.0,1789586160006,120756642000597
7,4418,0.0,1789586160006,120756642000597
0,4518,0.0,1789586160106,120756644412103
1,4518,0.0,1789586160106,120756644412103
2,4518,0.0,1789586160106,120756644412103
3,4518,0.0,1789586160106,120756644412103
4,4518,0.0,1789586160106,120756644412103
5,4518,0.0,1789586160106,120756644412103
6,4518,0.0,1789586160106,120756644412103
7,4518,0.0,1789586160106,120756644412103
0,4619,0.0,1789586160207,120756646822737
1,4619,0.0,1789586160207,120756646822737
2,4619,0.0,1789586160207,120756646822737
3,4619,0.0,1789586160207,120756646822737
4,4619,0.0,1789586160207,120756646822737
5,4619,0.0,1789586160207,120756646822737
6,4619,0.0,1789586160207,120756646822737
7,4619,0.0,1789586160207,120756646822737
0,4719,0.0,1789586160307,120756649232523
1,4719,0.0,1789586160307,120756649232523
2,4719,0.0,1789586160307,120756649232523
3,4719,0.0,1789586160307,120756649232523
4,4719,0.0,1789586160307,120756649232523
5,4719,0.0,1789586160307,120756649232523
6,4719,0.0,1789586160307,120756649232523
7,4719,0.0,1789586160307,120756649232523
0,4819,0.0,1789586160407,120756651640213
1,4819,0.0,1789586160407,120756651640213
2,4819,0.0,1789586160407,120756651640213
3,4819,0.0,1789586160407,120756651640213
4,4819,0.0,1789586160407,120756651640213
5,4819,9.1,1789586160407,120756651640213
6,4819,0.0,1789586160407,120756651640213
7,4819,0.0,1789586160407,120756651640213
0,4920,0.0,1789586160508,120756654047662
1,4920,0.0,1789586160508,120756654047662
2,4920,0.0,1789586160508,120756654047662
3,4920,0.0,1789586160508,120756654047662
4,4920,0.0,1789586160508,120756654047662
5,4920,0.0,1789586160508,120756654047662
6,4920,0.0,1789586160508,120756654047662
7,4920,0.0,1789586160508,120756654047662
0,5020,0.0,1789586160608,120756656455017
1,5020,0.0,1789586160608,120756656455017
2,5020,0.0,1789586160608,120756656455017
3,5020,0.0,1789586160608,120756656455017
4,5020,0.0,1789586160608,120756656455017
5,5020,0.0,1789586160608,120756656455017
6,5020,0.0,1789586160608,120756656455017
7,5020,0.0,1789586160608,120756656455017
0,5120,0.0,1789586160708,120756658865765
1,5120,0.0,1789586160708,120756658865765
2,5120,0.0,1789586160708,120756658865765
3,5120,0.0,1789586160708,120756658865765
4,5120,0.0,1789586160708,120756658865765
5,5120,0.0,1789586160708,120756658865765
6,5120,0.0,1789586160708,120756658865765
7,5120,0.0,1789586160708,120756658865765
0,5221,0.0,1789586160809,120756661278006
1,5221,0.0,1789586160809,120756661278006
2,5221,0.0,1789586160809,120756661278006
3,5221,0.0,1789586160809,120756661278006
4,5221,0.0,1789586160809,120756661278006
5,5221,0.0,1789586160809,120756661278006
6,5221,0.0,1789586160809,120756661278006
7,5221,0.0,1789586160809,120756661278006
0,5321,0.0,1789586160909,120756663688389
1,5321,0.0,1789586160909,120756663688389
2,5321,0.0,1789586160909,120756663688389
3,5321,0.0,1789586160909,120756663688389
4,5321,0.0,1789586160909,120756663688389
5,5321,0.0,1789586160909,120756663688389
6,5321,0.0,1789586160909,120756663688389
7,5321,0.0,1789586160909,120756663688389
0,5422,0.0,1789586161010,120756666097352
1,5422,0.0,1789586161010,120756666097352
2,5422,0.0,1789586161010,120756666097352
3,5422,0.0,1789586161010,120756666097352
4,5422,0.0,1789586161010,120756666097352
5,5422,0.0,1789586161010,120756666097352
6,5422,0.0,1789586161010,120756666097352
7,5422,0.0,1789586161010,120756666097352
0,5522,0.0,1789586161110,120756668505245
1,5522,0.0,1789586161110,120756668505245
2,5522,0.0,1789586161110,120756668505245
3,5522,0.0,1789586161110,120756668505245
4,5522,0.0,1789586161110,120756668505245
5,5522,0.0,1789586161110,120756668505245
6,5522,0.0,1789586161110,120756668505245
7,5522,0.0,1789586161110,120756668505245
0,5622,0.0,1789586161210,120756670913115
1,5622,0.0,1789586161210,120756670913115
2,5622,0.0,1789586161210,120756670913115
3,5622,0.0,1789586161210,120756670913115
4,5622,0.0,1789586161210,120756670913115
5,5622,0.0,1789586161210,120756670913115
6,5622,0.0,1789586161210,120756670913115
7,5622,0.0,1789586161210,120756670913115
0,5723,0.0,1789586161311,120756673324058
1,5723,0.0,1789586161311,120756673324058
2,5723,0.0,1789586161311,120756673324058
3,5723,0.0,1789586161311,120756673324058
4,5723,0.0,1789586161311,120756673324058
5,5723,0.0,1789586161311,120756673324058
6,5723,10.0,1789586161311,120756673324058
7,5723,0.0,1789586161311,120756673324058
0,5823,0.0,1789586161411,120756675736810
1,5823,0.0,1789586161411,120756675736810
2,5823,0.0,1789586161411,120756675736810
3,5823,0.0,1789586161411,120756675736810
4,5823,0.0,1789586161411,120756675736810
5,5823,0.0,1789586161411,120756675736810
6,5823,0.0,1789586161411,120756675736810
7,5823,0.0,1789586161411,120756675736810
0,5924,0.0,1789586161512,120756678145206
1,5924,0.0,1789586161512,120756678145206
2,5924,0.0,1789586161512,120756678145206
3,5924,0.0,1789586161512,120756678145206
4,5924,0.0,1789586161512,120756678145206
5,5924,0.0,1789586161512,120756678145206
6,5924,0.0,1789586161512,120756678145206
7,5924,0.0,1789586161512,120756678145206
0,6024,0.0,1789586161612,120756680552959
1,6024,0.0,1789586161612,120756680552959
2,6024,0.0,1789586161612,120756680552959
3,6024,0.0,1789586161612,120756680552959
4,6024,0.0,1789586161612,120756680552959
5,6024,0.0,1789586161612,120756680552959
6,6024,0.0,1789586161612,120756680552959
7,6024,0.0,1789586161612,120756680552959
0,6124,0.0,1789586161712,120756682960764
1,6124,0.0,1789586161712,120756682960764
2,6124,0.0,1789586161712,120756682960764
3,6124,0.0,1789586161712,120756682960764
4,6124,0.0,1789586161712,120756682960764
5,6124,0.0,1789586161712,120756682960764
6,6124,0.0,1789586161712,120756682960764
7,6124,0.0,1789586161712,120756682960764
0,6225,0.0,1789586161813,120756685368512
1,6225,0.0,1789586161813,120756685368512
2,6225,0.0,1789586161813,120756685368512
3,6225,0.0,1789586161813,120756685368512
4,6225,0.0,1789586161813,120756685368512
5,6225,0.0,1789586161813,120756685368512
6,6225,0.0,1789586161813,120756685368512
7,6225,0.0,1789586161813,120756685368512
0,6325,0.0,1789586161913,120756687776113
1,6325,0.0,1789586161913,120756687776113
2,6325,0.0,1789586161913,120756687776113
3,6325,0.0,1789586161913,120756687776113
4,6325,0.0,1789586161913,120756687776113
5,6325,0.0,1789586161913,120756687776113
6,6325,0.0,1789586161913,120756687776113
7,6325,0.0,1789586161913,120756687776113
0,6425,0.0,1789586162013,120756690184674
1,6425,0.0,1789586162013,120756690184674
2,6425,0.0,1789586162013,120756690184674
3,6425,0.0,1789586162013,120756690184674
4,6425,0.0,1789586162013,120756690184674
5,6425,0.0,1789586162013,120756690184674
6,6425,0.0,1789586162013,120756690184674
7,6425,0.0,1789586162013,120756690184674
0,6526,0.0,1789586162114,120756692591885
1,6526,0.0,1789586162114,120756692591885
2,6526,0.0,1789586162114,120756692591885
3,6526,0.0,1789586162114,120756692591885
4,6526,0.0,1789586162114,120756692591885
5,6526,0.0,1789586162114,120756692591885
6,6526,0.0,1789586162114,120756692591885
7,6526,0.0,1789586162114,120756692591885
0,6626,0.0,1789586162214,120756694999809
1,6626,0.0,1789586162214,120756694999809
2,6626,0.0,1789586162214,120756694999809
3,6626,0.0,1789586162214,120756694999809
4,6626,0.0,1789586162214,120756694999809
5,6626,0.0,1789586162214,120756694999809
6,6626,0.0,1789586162214,120756694999809
7,6626,0.0,1789586162214,120756694999809
0,6726,0.0,1789586162314,120756697407445
1,6726,0.0,1789586162314,120756697407445
2,6726,0.0,1789586162314,120756697407445
3,6726,0.0,1789586162314,120756697407445
4,6726,0.0,1789586162314,120756697407445
5,6726,0.0,1789586162314,120756697407445
6,6726,0.0,1789586162314,120756697407445
7,6726,0.0,1789586162314,120756697407445
0,6827,0.0,1789586162415,120756699814759
1,6827,0.0,1789586162415,120756699814759
2,6827,0.0,1789586162415,120756699814759
3,6827,0.0,1789586162415,120756699814759
4,6827,0.0,1789586162415,120756699814759
5,6827,0.0,1789586162415,120756699814759
6,6827,0.0,1789586162415,120756699814759
7,6827,0.0,1789586162415,120756699814759
0,6927,0.0,1789586162515,120756702222736
1,6927,0.0,1789586162515,120756702222736
2,6927,0.0,1789586162515,120756702222736
3,6927,0.0,1789586162515,120756702222736
4,6927,0.0,1789586162515,120756702222736
5,6927,0.0,1789586162515,120756702222736
6,6927,0.0,1789586162515,120756702222736
7,6927,0.0,1789586162515,120756702222736
0,7027,0.0,1789586162615,120756704629855
1,7027,0.0,1789586162615,120756704629855
2,7027,0.0,1789586162615,120756704629855
3,7027,0.0,1789586162615,120756704629855
4,7027,0.0,1789586162615,120756704629855
5,7027,0.0,1789586162615,120756704629855
6,7027,0.0,1789586162615,120756704629855
7,7027,0.0,1789586162615,120756704629855
0,7128,0.0,1789586162716,120756707037269
1,7128,0.0,1789586162716,120756707037269
2,7128,0.0,1789586162716,120756707037269
3,7128,0.0,1789586162716,120756707037269
4,7128,0.0,1789586162716,120756707037269
5,7128,0.0,1789586162716,120756707037269
6,7128,0.0,1789586162716,120756707037269
7,7128,0.0,1789586162716,120756707037269
0,7228,0.0,1789586162816,120756709444314
1,7228,0.0,1789586162816,120756709444314
2,7228,0.0,1789586162816,120756709444314
3,7228,0.0,1789586162816,120756709444314
4,7228,0.0,1789586162816,120756709444314
5,7228,0.0,1789586162816,120756709444314
6,7228,0.0,1789586162816,120756709444314
7,7228,0.0,1789586162816,120756709444314
0,7328,0.0,1789586162916,120756711853277
1,7328,0.0,1789586162916,120756711853277
2,7328,0.0,1789586162916,120756711853277
3,7328,0.0,1789586162916,120756711853277
4,7328,0.0,1789586162916,120756711853277
5,7328,0.0,1789586162916,120756711853277
6,7328,0.0,1789586162916,120756711853277
7,7328,10.0,1789586162916,120756711853277
0,7429,0.0,1789586163017,120756714261592
1,7429,0.0,1789586163017,120756714261592
2,7429,0.0,1789586163017,120756714261592
3,7429,0.0,1789586163017,120756714261592
4,7429,0.0,1789586163017,120756714261592
5,7429,0.0,1789586163017,120756714261592
6,7429,0.0,1789586163017,120756714261592
7,7429,0.0,1789586163017,120756714261592
0,7529,0.0,1789586163117,120756716668989
1,7529,0.0,1789586163117,120756716668989
2,7529,0.0,1789586163117,120756716668989
3,7529,0.0,1789586163117,120756716668989
4,7529,0.0,1789586163117,120756716668989
5,7529,0.0,1789586163117,120756716668989
6,7529,0.0,1789586163117,120756716668989
7,7529,0.0,1789586163117,120756716668989
0,7629,0.0,1789586163217,120756719077379
1,7629,0.0,1789586163217,120756719077379
2,7629,0.0,1789586163217,120756719077379
3,7629,0.0,1789586163217,120756719077379
4,7629,0.0,1789586163217,120756719077379
5,7629,0.0,1789586163217,120756719077379
6,7629,0.0,1789586163217,120756719077379
7,7629,0.0,1789586163217,120756719077379
0,7730,0.0,1789586163318,120756721484767
1,7730,0.0,1789586163318,120756721484767
2,7730,0.0,1789586163318,120756721484767
3,7730,0.0,1789586163318,120756721484767
4,7730,0.0,1789586163318,120756721484767
5,7730,0.0,1789586163318,120756721484767
6,7730,0.0,1789586163318,120756721484767
7,7730,0.0,1789586163318,120756721484767
0,7830,0.0,1789586163418,120756723891960
1,7830,0.0,1789586163418,120756723891960
2,7830,0.0,1789586163418,120756723891960
3,7830,0.0,1789586163418,120756723891960
4,7830,0.0,1789586163418,120756723891960
5,7830,0.0,1789586163418,120756723891960
6,7830,0.0,1789586163418,120756723891960
7,7830,0.0,1789586163418,120756723891960
0,7930,0.0,1789586163518,120756726299153
1,7930,0.0,1789586163518,120756726299153
2,7930,0.0,1789586163518,120756726299153
3,7930,0.0,1789586163518,120756726299153
4,7930,0.0,1789586163518,120756726299153
5,7930,0.0,1789586163518,120756726299153
6,7930,0.0,1789586163518,120756726299153
7,7930,0.0,1789586163518,120756726299153
0,8030,0.0,1789586163618,120756728706305
1,8030,0.0,1789586163618,120756728706305
2,8030,0.0,1789586163618,120756728706305
3,8030,0.0,1789586163618,120756728706305
4,8030,0.0,1789586163618,120756728706305
5,8030,0.0,1789586163618,120756728706305
6,8030,0.0,1789586163618,120756728706305
7,8030,0.0,1789586163618,120756728706305
0,8131,0.0,1789586163719,120756731116641
1,8131,0.0,1789586163719,120756731116641
2,8131,0.0,1789586163719,120756731116641
3,8131,0.0,1789586163719,120756731116641
4,8131,0.0,1789586163719,120756731116641
5,8131,0.0,1789586163719,120756731116641
6,8131,9.1,1789586163719,120756731116641
7,8131,0.0,1789586163719,120756731116641
0,8231,0.0,1789586163819,120756733527137
1,8231,0.0,1789586163819,120756733527137
2,8231,0.0,1789586163819,120756733527137
3,8231,0.0,1789586163819,120756733527137
4,8231,0.0,1789586163819,120756733527137
5,8231,9.1,1789586163819,120756733527137
6,8231,0.0,1789586163819,120756733527137
7,8231,0.0,1789586163819,120756733527137
0,8332,0.0,1789586163920,120756735934926
1,8332,0.0,1789586163920,120756735934926
2,8332,0.0,1789586163920,120756735934926
3,8332,0.0,1789586163920,120756735934926
4,8332,0.0,1789586163920,120756735934926
5,8332,0.0,1789586163920,120756735934926
6,8332,0.0,1789586163920,120756735934926
7,8332,0.0,1789586163920,120756735934926
0,8432,0.0,1789586164020,120756738342443
1,8432,0.0,1789586164020,120756738342443
2,8432,0.0,1789586164020,120756738342443
3,8432,0.0,1789586164020,120756738342443
4,8432,0.0,1789586164020,120756738342443
5,8432,0.0,1789586164020,120756738342443
6,8432,0.0,1789586164020,120756738342443
7,8432,0.0,1789586164020,120756738342443
0,8532,0.0,1789586164120,120756740751132
1,8532,0.0,1789586164120,120756740751132
2,8532,0.0,1789586164120,120756740751132
3,8532,0.0,1789586164120,120756740751132
4,8532,0.0,1789586164120,120756740751132
5,8532,0.0,1789586164120,120756740751132
6,8532,0.0,1789586164120,120756740751132
7,8532,0.0,1789586164120,120756740751132
0,8633,0.0,1789586164221,120756743159438
1,8633,0.0,1789586164221,120756743159438
2,8633,0.0,1789586164221,120756743159438
3,8633,0.0,1789586164221,120756743159438
4,8633,0.0,1789586164221,120756743159438
5,8633,0.0,1789586164221,120756743159438
6,8633,0.0,1789586164221,120756743159438
7,8633,0.0,1789586164221,120756743159438
0,8733,0.0,1789586164321,120756745567230
1,8733,0.0,1789586164321,120756745567230
2,8733,0.0,1789586164321,120756745567230
3,8733,0.0,1789586164321,120756745567230
4,8733,0.0,1789586164321,120756745567230
5,8733,0.0,1789586164321,120756745567230
6,8733,0.0,1789586164321,120756745567230
7,8733,0.0,1789586164321,120756745567230
0,8833,0.0,1789586164421,120756747974982
1,8833,0.0,1789586164421,120756747974982
2,8833,0.0,1789586164421,120756747974982
3,8833,0.0,1789586164421,120756747974982
4,8833,0.0,1789586164421,120756747974982
5,8833,0.0,1789586164421,120756747974982
6,8833,0.0,1789586164421,120756747974982
7,8833,0.0,1789586164421,120756747974982
0,8934,0.0,1789586164522,120756750383467
1,8934,0.0,1789586164522,120756750383467
2,8934,0.0,1789586164522,120756750383467
3,8934,0.0,1789586164522,120756750383467
4,8934,0.0,1789586164522,120756750383467
5,8934,0.0,1789586164522,120756750383467
6,8934,0.0,1789586164522,120756750383467
7,8934,0.0,1789586164522,120756750383467
0,9034,0.0,1789586164622,120756752790688
1,9034,0.0,1789586164622,120756752790688
2,9034,0.0,1789586164622,120756752790688
3,9034,0.0,1789586164622,120756752790688
4,9034,0.0,1789586164622,120756752790688
5,9034,0.0,1789586164622,120756752790688
6,9034,0.0,1789586164622,120756752790688
7,9034,0.0,1789586164622,120756752790688
0,9134,0.0,1789586164722,120756755198773
1,9134,0.0,1789586164722,120756755198773
2,9134,0.0,1789586164722,120756755198773
3,9134,0.0,1789586164722,120756755198773
4,9134,0.0,1789586164722,120756755198773
5,9134,0.0,1789586164722,120756755198773
6,9134,0.0,1789586164722,120756755198773
7,9134,0.0,1789586164722,120756755198773
0,9235,0.0,1789586164823,120756757606589
1,9235,0.0,1789586164823,120756757606589
2,9235,0.0,1789586164823,120756757606589
3,9235,0.0,1789586164823,120756757606589
4,9235,0.0,1789586164823,120756757606589
5,9235,0.0,1789586164823,120756757606589
6,9235,0.0,1789586164823,120756757606589
7,9235,0.0,1789586164823,120756757606589
0,9335,0.0,1789586164923,120756760015941
1,9335,0.0,1789586164923,120756760015941
2,9335,0.0,1789586164923,120756760015941
3,9335,0.0,1789586164923,120756760015941
4,9335,0.0,1789586164923,120756760015941
5,9335,0.0,1789586164923,120756760015941
6,9335,0.0,1789586164923,120756760015941
7,9335,0.0,1789586164923,120756760015941
0,9435,0.0,1789586165023,120756762424656
1,9435,0.0,1789586165023,120756762424656
2,9435,0.0,1789586165023,120756762424656
3,9435,0.0,1789586165023,120756762424656
4,9435,0.0,1789586165023,120756762424656
5,9435,0.0,1789586165023,120756762424656
6,9435,0.0,1789586165023,120756762424656
7,9435,0.0,1789586165023,120756762424656
0,9536,0.0,1789586165124,120756764834181
1,9536,0.0,1789586165124,120756764834181
2,9536,0.0,1789586165124,120756764834181
3,9536,0.0,1789586165124,120756764834181
4,9536,0.0,1789586165124,120756764834181
5,9536,0.0,1789586165124,120756764834181
6,9536,0.0,1789586165124,120756764834181
7,9536,0.0,1789586165124,120756764834181
0,9636,0.0,1789586165224,120756767242654
1,9636,0.0,1789586165224,120756767242654
2,9636,0.0,1789586165224,120756767242654
3,9636,0.0,1789586165224,120756767242654
4,9636,0.0,1789586165224,120756767242654
5,9636,0.0,1789586165224,120756767242654
6,9636,0.0,1789586165224,120756767242654
7,9636,0.0,1789586165224,120756767242654
0,9736,0.0,1789586165324,120756769650027
1,9736,0.0,1789586165324,120756769650027
2,9736,0.0,1789586165324,120756769650027
3,9736,0.0,1789586165324,120756769650027
4,9736,0.0,1789586165324,120756769650027
5,9736,0.0,1789586165324,120756769650027
6,9736,0.0,1789586165324,120756769650027
7,9736,0.0,1789586165324,120756769650027
0,9837,0.0,1789586165425,120756772056989
1,9837,0.0,1789586165425,120756772056989
2,9837,0.0,1789586165425,120756772056989
3,9837,0.0,1789586165425,120756772056989
4,9837,0.0,1789586165425,120756772056989
5,9837,0.0,1789586165425,120756772056989
6,9837,0.0,1789586165425,120756772056989
7,9837,0.0,1789586165425,120756772056989
0,9937,0.0,1789586165525,120756774463794
1,9937,0.0,1789586165525,120756774463794
2,9937,0.0,1789586165525,120756774463794
3,9937,0.0,1789586165525,120756774463794
4,9937,0.0,1789586165525,120756774463794
5,9937,0.0,1789586165525,120756774463794
6,9937,0.0,1789586165525,120756774463794
7,9937,0.0,1789586165525,120756774463794
0,10037,0.0,1789586165625,120756776870606
1,10037,0.0,1789586165625,120756776870606
2,10037,0.0,1789586165625,120756776870606
3,10037,0.0,1789586165625,120756776870606
4,10037,0.0,1789586165625,120756776870606
5,10037,0.0,1789586165625,120756776870606
6,10037,0.0,1789586165625,120756776870606
7,10037,0.0,1789586165625,120756776870606
0,10138,0.0,1789586165726,120756779279019
1,10138,0.0,1789586165726,120756779279019
2,10138,0.0,1789586165726,120756779279019
3,10138,0.0,1789586165726,120756779279019
4,10138,0.0,1789586165726,120756779279019
5,10138,0.0,1789586165726,120756779279019
6,10138,0.0,1789586165726,120756779279019
7,10138,0.0,1789586165726,120756779279019
0,10238,0.0,1789586165826,120756781686578
1,10238,0.0,1789586165826,120756781686578
2,10238,0.0,1789586165826,120756781686578
3,10238,0.0,1789586165826,120756781686578
4,10238,0.0,1789586165826,120756781686578
5,10238,0.0,1789586165826,120756781686578
6,10238,0.0,1789586165826,120756781686578
7,10238,0.0,1789586165826,120756781686578
0,10338,0.0,1789586165926,120756784094651
1,10338,0.0,1789586165926,120756784094651
2,10338,0.0,1789586165926,120756784094651
3,10338,0.0,1789586165926,120756784094651
4,10338,0.0,1789586165926,120756784094651
5,10338,0.0,1789586165926,120756784094651
6,10338,0.0,1789586165926,120756784094651
7,10338,0.0,1789586165926,120756784094651
0,10439,0.0,1789586166027,120756786502455
1,10439,0.0,1789586166027,120756786502455
2,10439,0.0,1789586166027,120756786502455
3,10439,0.0,1789586166027,120756786502455
4,10439,0.0,1789586166027,120756786502455
5,10439,0.0,1789586166027,120756786502455
6,10439,0.0,1789586166027,120756786502455
7,10439,0.0,1789586166027,120756786502455
0,10539,0.0,1789586166127,120756788910788
1,10539,0.0,1789586166127,120756788910788
2,10539,0.0,1789586166127,120756788910788
3,10539,0.0,1789586166127,120756788910788
4,10539,0.0,1789586166127,120756788910788
5,10539,0.0,1789586166127,120756788910788
6,10539,0.0,1789586166127,120756788910788
7,10539,0.0,1789586166127,120756788910788
0,10639,0.0,1789586166227,120756791318113
1,10639,0.0,1789586166227,120756791318113
2,10639,0.0,1789586166227,120756791318113
3,10639,0.0,1789586166227,120756791318113
4,10639,0.0,1789586166227,120756791318113
5,10639,9.1,1789586166227,120756791318113
6,10639,0.0,1789586166227,120756791318113
7,10639,0.0,1789586166227,120756791318113
0,10740,0.0,1789586166328,120756793725419
1,10740,0.0,1789586166328,120756793725419
2,10740,0.0,1789586166328,120756793725419
3,10740,0.0,1789586166328,120756793725419
4,10740,0.0,1789586166328,120756793725419
5,10740,0.0,1789586166328,120756793725419
6,10740,0.0,1789586166328,120756793725419
7,10740,0.0,1789586166328,120756793725419
0,10840,0.0,1789586166428,120756796132485
1,10840,0.0,1789586166428,120756796132485
2,10840,0.0,1789586166428,120756796132485
3,10840,0.0,1789586166428,120756796132485
4,10840,0.0,1789586166428,120756796132485
5,10840,0.0,1789586166428,120756796132485
6,10840,0.0,1789586166428,120756796132485
7,10840,0.0,1789586166428,120756796132485
0,10940,0.0,1789586166528,120756798539635
1,10940,0.0,1789586166528,120756798539635
2,10940,0.0,1789586166528,120756798539635
3,10940,0.0,1789586166528,120756798539635
4,10940,0.0,1789586166528,120756798539635
5,10940,0.0,1789586166528,120756798539635
6,10940,0.0,1789586166528,120756798539635
7,10940,0.0,1789586166528,120756798539635
0,11040,0.0,1789586166628,120756800946774
1,11040,0.0,1789586166628,120756800946774
2,11040,0.0,1789586166628,120756800946774
3,11040,0.0,1789586166628,120756800946774
4,11040,0.0,1789586166628,120756800946774
5,11040,0.0,1789586166628,120756800946774
6,11040,0.0,1789586166628,120756800946774
7,11040,0.0,1789586166628,120756800946774
0,11141,0.0,1789586166729,120756803357306
1,11141,0.0,1789586166729,120756803357306
2,11141,0.0,1789586166729,120756803357306
3,11141,0.0,1789586166729,120756803357306
4,11141,0.0,1789586166729,120756803357306
5,11141,0.0,1789586166729,120756803357306
6,11141,0.0,1789586166729,120756803357306
7,11141,9.1,1789586166729,120756803357306
0,11241,0.0,1789586166829,120756805766603
1,11241,0.0,1789586166829,120756805766603
2,11241,0.0,1789586166829,120756805766603
3,11241,0.0,1789586166829,120756805766603
4,11241,0.0,1789586166829,120756805766603
5,11241,0.0,1789586166829,120756805766603
6,11241,0.0,1789586166829,120756805766603
7,11241,0.0,1789586166829,120756805766603
0,11342,0.0,1789586166930,120756808174762
1,11342,0.0,1789586166930,120756808174762
2,11342,0.0,1789586166930,120756808174762
3,11342,0.0,1789586166930,120756808174762
4,11342,0.0,1789586166930,120756808174762
5,11342,0.0,1789586166930,120756808174762
6,11342,0.0,1789586166930,120756808174762
7,11342,0.0,1789586166930,120756808174762
0,11442,0.0,1789586167030,120756810585380
1,11442,0.0,1789586167030,120756810585380
2,11442,0.0,1789586167030,120756810585380
3,11442,0.0,1789586167030,120756810585380
4,11442,0.0,1789586167030,120756810585380
5,11442,0.0,1789586167030,120756810585380
6,11442,10.0,1789586167030,120756810585380
7,11442,0.0,1789586167030,120756810585380
0,11542,0.0,1789586167130,120756812993670
1,11542,0.0,1789586167130,120756812993670
2,11542,0.0,1789586167130,120756812993670
3,11542,0.0,1789586167130,120756812993670
4,11542,0.0,1789586167130,120756812993670
5,11542,0.0,1789586167130,120756812993670
6,11542,0.0,1789586167130,120756812993670
7,11542,0.0,1789586167130,120756812993670
0,11643,0.0,1789586167231,120756815401096
1,11643,0.0,1789586167231,120756815401096
2,11643,0.0,1789586167231,120756815401096
3,11643,0.0,1789586167231,120756815401096
4,11643,0.0,1789586167231,120756815401096
5,11643,0.0,1789586167231,120756815401096
6,11643,0.0,1789586167231,120756815401096
7,11643,0.0,1789586167231,120756815401096
0,11743,0.0,1789586167331,120756817809097
1,11743,0.0,1789586167331,120756817809097
2,11743,0.0,1789586167331,120756817809097
3,11743,0.0,1789586167331,120756817809097
4,11743,0.0,1789586167331,120756817809097
5,11743,0.0,1789586167331,120756817809097
6,11743,0.0,1789586167331,120756817809097
7,11743,0.0,1789586167331,120756817809097
0,11843,0.0,1789586167431,120756820216351
1,11843,0.0,1789586167431,120756820216351
2,11843,0.0,1789586167431,120756820216351
3,11843,0.0,1789586167431,120756820216351
4,11843,0.0,1789586167431,120756820216351
5,11843,0.0,1789586167431,120756820216351
6,11843,0.0,1789586167431,120756820216351
7,11843,0.0,1789586167431,120756820216351
0,11944,0.0,1789586167532,120756822623652
1,11944,0.0,1789586167532,120756822623652
2,11944,0.0,1789586167532,120756822623652
3,11944,0.0,1789586167532,120756822623652
4,11944,0.0,1789586167532,120756822623652
5,11944,0.0,1789586167532,120756822623652
6,11944,0.0,1789586167532,120756822623652
7,11944,0.0,1789586167532,120756822623652
0,12044,0.0,1789586167632,120756825030868
1,12044,0.0,1789586167632,120756825030868
2,12044,0.0,1789586167632,120756825030868
3,12044,0.0,1789586167632,120756825030868
4,12044,0.0,1789586167632,120756825030868
5,12044,0.0,1789586167632,120756825030868
6,12044,0.0,1789586167632,120756825030868
7,12044,0.0,1789586167632,120756825030868
0,12144,0.0,1789586167732,120756827438081
1,12144,0.0,1789586167732,120756827438081
2,12144,0.0,1789586167732,120756827438081
3,12144,0.0,1789586167732,120756827438081
4,12144,0.0,1789586167732,120756827438081
5,12144,0.0,1789586167732,120756827438081
6,12144,0.0,1789586167732,120756827438081
7,12144,0.0,1789586167732,120756827438081
0,12245,0.0,1789586167833,120756829845449
1,12245,0.0,1789586167833,120756829845449
2,12245,0.0,1789586167833,120756829845449
3,12245,0.0,1789586167833,120756829845449
4,12245,0.0,1789586167833,120756829845449
5,12245,0.0,1789586167833,120756829845449
6,12245,0.0,1789586167833,120756829845449
7,12245,0.0,1789586167833,120756829845449
0,12345,0.0,1789586167933,120756832255423
1,12345,0.0,1789586167933,120756832255423
2,12345,0.0,1789586167933,120756832255423
3,12345,0.0,1789586167933,120756832255423
4,12345,0.0,1789586167933,120756832255423
5,12345,0.0,1789586167933,120756832255423
6,12345,0.0,1789586167933,120756832255423
7,12345,0.0,1789586167933,120756832255423
0,12445,0.0,1789586168033,120756834664021
1,12445,0.0,1789586168033,120756834664021
2,12445,0.0,1789586168033,120756834664021
3,12445,0.0,1789586168033,120756834664021
4,12445,0.0,1789586168033,120756834664021
5,12445,0.0,1789586168033,120756834664021
6,12445,0.0,1789586168033,120756834664021
7,12445,0.0,1789586168033,120756834664021
0,12546,0.0,1789586168134,120756837071322
1,12546,0.0,1789586168134,120756837071322
2,12546,0.0,1789586168134,120756837071322
3,12546,0.0,1789586168134,120756837071322
4,12546,0.0,1789586168134,120756837071322
5,12546,0.0,1789586168134,120756837071322
6,12546,0.0,1789586168134,120756837071322
7,12546,0.0,1789586168134,120756837071322
0,12646,0.0,1789586168234,120756839479668
1,12646,0.0,1789586168234,120756839479668
2,12646,0.0,1789586168234,120756839479668
3,12646,0.0,1789586168234,120756839479668
4,12646,0.0,1789586168234,120756839479668
5,12646,0.0,1789586168234,120756839479668
6,12646,0.0,1789586168234,120756839479668
7,12646,0.0,1789586168234,120756839479668
0,12746,0.0,1789586168334,120756841887438
1,12746,0.0,1789586168334,120756841887438
2,12746,0.0,1789586168334,120756841887438
3,12746,0.0,1789586168334,120756841887438
4,12746,0.0,1789586168334,120756841887438
5,12746,0.0,1789586168334,120756841887438
6,12746,0.0,1789586168334,120756841887438
7,12746,0.0,1789586168334,120756841887438
0,12847,0.0,1789586168435,120756844294818
1,12847,0.0,1789586168435,120756844294818
2,12847,0.0,1789586168435,120756844294818
3,12847,0.0,1789586168435,120756844294818
4,12847,0.0,1789586168435,120756844294818
5,12847,0.0,1789586168435,120756844294818
6,12847,0.0,1789586168435,120756844294818
7,12847,0.0,1789586168435,120756844294818
0,12947,0.0,1789586168535,120756846702757
1,12947,0.0,1789586168535,120756846702757
2,12947,0.0,1789586168535,120756846702757
3,12947,0.0,1789586168535,120756846702757
4,12947,0.0,1789586168535,120756846702757
5,12947,0.0,1789586168535,120756846702757
6,12947,0.0,1789586168535,120756846702757
7,12947,0.0,1789586168535,120756846702757
0,13047,0.0,1789586168635,120756849109776
1,13047,0.0,1789586168635,120756849109776
2,13047,0.0,1789586168635,120756849109776
3,13047,0.0,1789586168635,120756849109776
4,13047,0.0,1789586168635,120756849109776
5,13047,9.1,1789586168635,120756849109776
6,13047,0.0,1789586168635,120756849109776
7,13047,0.0,1789586168635,120756849109776
0,13148,0.0,1789586168736,120756851517075
1,13148,0.0,1789586168736,120756851517075
2,13148,0.0,1789586168736,120756851517075
3,13148,0.0,1789586168736,120756851517075
4,13148,0.0,1789586168736,120756851517075
5,13148,0.0,1789586168736,120756851517075
6,13148,0.0,1789586168736,120756851517075
7,13148,0.0,1789586168736,120756851517075
0,13248,0.0,1789586168836,120756853924424
1,13248,0.0,1789586168836,120756853924424
2,13248,0.0,1789586168836,120756853924424
3,13248,0.0,1789586168836,120756853924424
4,13248,0.0,1789586168836,120756853924424
5,13248,0.0,1789586168836,120756853924424
6,13248,0.0,1789586168836,120756853924424
7,13248,0.0,1789586168836,120756853924424
0,13348,0.0,1789586168936,120756856332596
1,13348,0.0,1789586168936,120756856332596
2,13348,0.0,1789586168936,120756856332596
3,13348,0.0,1789586168936,120756856332596
4,13348,0.0,1789586168936,120756856332596
5,13348,0.0,1789586168936,120756856332596
6,13348,0.0,1789586168936,120756856332596
7,13348,0.0,1789586168936,120756856332596
0,13449,0.0,1789586169037,120756858742004
1,13449,0.0,1789586169037,120756858742004
2,13449,0.0,1789586169037,120756858742004
3,13449,0.0,1789586169037,120756858742004
4,13449,0.0,1789586169037,120756858742004
5,13449,0.0,1789586169037,120756858742004
6,13449,10.0,1789586169037,120756858742004
7,13449,0.0,1789586169037,120756858742004
0,13549,0.0,1789586169137,120756861150382
1,13549,0.0,1789586169137,120756861150382
2,13549,0.0,1789586169137,120756861150382
3,13549,0.0,1789586169137,120756861150382
4,13549,0.0,1789586169137,120756861150382
5,13549,0.0,1789586169137,120756861150382
6,13549,0.0,1789586169137,120756861150382
7,13549,0.0,1789586169137,120756861150382
0,13649,0.0,1789586169237,120756863558004
1,13649,0.0,1789586169237,120756863558004
2,13649,0.0,1789586169237,120756863558004
3,13649,0.0,1789586169237,120756863558004
4,13649,0.0,1789586169237,120756863558004
5,13649,0.0,1789586169237,120756863558004
6,13649,0.0,1789586169237,120756863558004
7,13649,0.0,1789586169237,120756863558004
0,13750,0.0,1789586169338,120756865965209
1,13750,0.0,1789586169338,120756865965209
2,13750,0.0,1789586169338,120756865965209
3,13750,0.0,1789586169338,120756865965209
4,13750,0.0,1789586169338,120756865965209
5,13750,0.0,1789586169338,120756865965209
6,13750,0.0,1789586169338,120756865965209
7,13750,0.0,1789586169338,120756865965209
0,13850,0.0,1789586169438,120756868373704
1,13850,0.0,1789586169438,120756868373704
2,13850,0.0,1789586169438,120756868373704
3,13850,0.0,1789586169438,120756868373704
4,13850,0.0,1789586169438,120756868373704
5,13850,0.0,1789586169438,120756868373704
6,13850,0.0,1789586169438,120756868373704
7,13850,0.0,1789586169438,120756868373704
0,13950,0.0,1789586169538,120756870781029
1,13950,0.0,1789586169538,120756870781029
2,13950,0.0,1789586169538,120756870781029
3,13950,0.0,1789586169538,120756870781029
4,13950,0.0,1789586169538,120756870781029
5,13950,0.0,1789586169538,120756870781029
6,13950,0.0,1789586169538,120756870781029
7,13950,0.0,1789586169538,120756870781029
0,14051,0.0,1789586169639,120756873190932
1,14051,0.0,1789586169639,120756873190932
2,14051,0.0,1789586169639,120756873190932
3,14051,0.0,1789586169639,120756873190932
4,14051,0.0,1789586169639,120756873190932
5,14051,0.0,1789586169639,120756873190932
6,14051,0.0,1789586169639,120756873190932
7,14051,0.0,1789586169639,120756873190932
0,14151,0.0,1789586169739,120756875602876
1,14151,0.0,1789586169739,120756875602876
2,14151,0.0,1789586169739,120756875602876
3,14151,0.0,1789586169739,120756875602876
4,14151,0.0,1789586169739,120756875602876
5,14151,0.0,1789586169739,120756875602876
6,14151,0.0,1789586169739,120756875602876
7,14151,0.0,1789586169739,120756875602876
0,14252,0.0,1789586169840,120756878012210
1,14252,0.0,1789586169840,120756878012210
2,14252,0.0,1789586169840,120756878012210
3,14252,0.0,1789586169840,120756878012210
4,14252,0.0,1789586169840,120756878012210
5,14252,0.0,1789586169840,120756878012210
6,14252,0.0,1789586169840,120756878012210
7,14252,0.0,1789586169840,120756878012210
0,14352,0.0,1789586169940,120756880419787
1,14352,0.0,1789586169940,120756880419787
2,14352,0.0,1789586169940,120756880419787
3,14352,0.0,1789586169940,120756880419787
4,14352,0.0,1789586169940,120756880419787
5,14352,0.0,1789586169940,120756880419787
6,14352,0.0,1789586169940,120756880419787
7,14352,0.0,1789586169940,120756880419787
0,14452,0.0,1789586170040,120756882827298
1,14452,0.0,1789586170040,120756882827298
2,14452,0.0,1789586170040,120756882827298
3,14452,0.0,1789586170040,120756882827298
4,14452,0.0,1789586170040,120756882827298
5,14452,0.0,1789586170040,120756882827298
6,14452,0.0,1789586170040,120756882827298
7,14452,9.1,1789586170040,120756882827298
0,14553,0.0,1789586170141,120756885234631
1,14553,0.0,1789586170141,120756885234631
2,14553,0.0,1789586170141,120756885234631
3,14553,0.0,1789586170141,120756885234631
4,14553,0.0,1789586170141,120756885234631
5,14553,0.0,1789586170141,120756885234631
6,14553,0.0,1789586170141,120756885234631
7,14553,0.0,1789586170141,120756885234631
0,14653,0.0,1789586170241,120756887643442
1,14653,0.0,1789586170241,120756887643442
2,14653,0.0,1789586170241,120756887643442
3,14653,0.0,1789586170241,120756887643442
4,14653,0.0,1789586170241,120756887643442
5,14653,0.0,1789586170241,120756887643442
6,14653,0.0,1789586170241,120756887643442
7,14653,0.0,1789586170241,120756887643442
0,14753,0.0,1789586170341,120756890053302
1,14753,0.0,1789586170341,120756890053302
2,14753,0.0,1789586170341,120756890053302
3,14753,0.0,1789586170341,120756890053302
4,14753,0.0,1789586170341,120756890053302
5,14753,0.0,1789586170341,120756890053302
6,14753,0.0,1789586170341,120756890053302
7,14753,0.0,1789586170341,120756890053302
0,14854,0.0,1789586170442,120756892461755
1,14854,0.0,1789586170442,120756892461755
2,14854,0.0,1789586170442,120756892461755
3,14854,0.0,1789586170442,120756892461755
4,14854,0.0,1789586170442,120756892461755
5,14854,0.0,1789586170442,120756892461755
6,14854,0.0,1789586170442,120756892461755
7,14854,0.0,1789586170442,120756892461755
0,14954,0.0,1789586170542,120756894869330
1,14954,0.0,1789586170542,120756894869330
2,14954,0.0,1789586170542,120756894869330
3,14954,0.0,1789586170542,120756894869330
4,14954,0.0,1789586170542,120756894869330
5,14954,0.0,1789586170542,120756894869330
6,14954,0.0,1789586170542,120756894869330
7,14954,0.0,1789586170542,120756894869330
0,15054,0.0,1789586170642,120756897277943
1,15054,0.0,1789586170642,120756897277943
2,15054,0.0,1789586170642,120756897277943
3,15054,0.0,1789586170642,120756897277943
4,15054,0.0,1789586170642,120756897277943
5,15054,0.0,1789586170642,120756897277943
6,15054,0.0,1789586170642,120756897277943
7,15054,0.0,1789586170642,120756897277943
0,15155,0.0,1789586170743,120756899685421
1,15155,0.0,1789586170743,120756899685421
2,15155,0.0,1789586170743,120756899685421
3,15155,0.0,1789586170743,120756899685421
4,15155,0.0,1789586170743,120756899685421
5,15155,0.0,1789586170743,120756899685421
6,15155,0.0,1789586170743,120756899685421
7,15155,0.0,1789586170743,120756899685421
0,15255,0.0,1789586170843,120756902093775
1,15255,0.0,1789586170843,120756902093775
2,15255,0.0,1789586170843,120756902093775
3,15255,0.0,1789586170843,120756902093775
4,15255,0.0,1789586170843,120756902093775
5,15255,0.0,1789586170843,120756902093775
6,15255,0.0,1789586170843,120756902093775
7,15255,0.0,1789586170843,120756902093775
0,15355,0.0,1789586170943,120756904501072
1,15355,0.0,1789586170943,120756904501072
2,15355,0.0,1789586170943,120756904501072
3,15355,0.0,1789586170943,120756904501072
4,15355,0.0,1789586170943,120756904501072
5,15355,0.0,1789586170943,120756904501072
6,15355,0.0,1789586170943,120756904501072
7,15355,0.0,1789586170943,120756904501072
0,15456,0.0,1789586171044,120756906910781
1,15456,0.0,1789586171044,120756906910781
2,15456,0.0,1789586171044,120756906910781
3,15456,0.0,1789586171044,120756906910781
4,15456,0.0,1789586171044,120756906910781
5,15456,0.0,1789586171044,120756906910781
6,15456,9.1,1789586171044,120756906910781
7,15456,0.0,1789586171044,120756906910781
0,15556,0.0,1789586171144,120756909321907
1,15556,0.0,1789586171144,120756909321907
2,15556,0.0,1789586171144,120756909321907
3,15556,0.0,1789586171144,120756909321907
4,15556,0.0,1789586171144,120756909321907
5,15556,0.0,1789586171144,120756909321907
6,15556,0.0,1789586171144,120756909321907
7,15556,0.0,1789586171144,120756909321907
0,15657,0.0,1789586171245,120756911730735
1,15657,0.0,1789586171245,120756911730735
2,15657,0.0,1789586171245,120756911730735
3,15657,0.0,1789586171245,120756911730735
4,15657,0.0,1789586171245,120756911730735
5,15657,0.0,1789586171245,120756911730735
6,15657,0.0,1789586171245,120756911730735
7,15657,0.0,1789586171245,120756911730735
0,15757,0.0,1789586171345,120756914138189
1,15757,0.0,1789586171345,120756914138189
2,15757,0.0,1789586171345,120756914138189
3,15757,0.0,1789586171345,120756914138189
4,15757,0.0,1789586171345,120756914138189
5,15757,0.0,1789586171345,120756914138189
6,15757,0.0,1789586171345,120756914138189
7,15757,0.0,1789586171345,120756914138189
0,15857,0.0,1789586171445,120756916545640
1,15857,0.0,1789586171445,120756916545640
2,15857,0.0,1789586171445,120756916545640
3,15857,0.0,1789586171445,120756916545640
4,15857,0.0,1789586171445,120756916545640
5,15857,0.0,1789586171445,120756916545640
6,15857,0.0,1789586171445,120756916545640
7,15857,0.0,1789586171445,120756916545640
0,15957,0.0,1789586171545,120756918953159
1,15957,0.0,1789586171545,120756918953159
2,15957,0.0,1789586171545,120756918953159
3,15957,0.0,1789586171545,120756918953159
4,15957,0.0,1789586171545,120756918953159
5,15957,0.0,1789586171545,120756918953159
6,15957,0.0,1789586171545,120756918953159
7,15957,0.0,1789586171545,120756918953159
0,16058,0.0,1789586171646,120756921360428
1,16058,0.0,1789586171646,120756921360428
2,16058,0.0,1789586171646,120756921360428
3,16058,0.0,1789586171646,120756921360428
4,16058,0.0,1789586171646,120756921360428
5,16058,0.0,1789586171646,120756921360428
6,16058,0.0,1789586171646,120756921360428
7,16058,0.0,1789586171646,120756921360428
0,16158,0.0,1789586171746,120756923768055
1,16158,0.0,1789586171746,120756923768055
2,16158,0.0,1789586171746,120756923768055
3,16158,0.0,1789586171746,120756923768055
4,16158,0.0,1789586171746,120756923768055
5,16158,0.0,1789586171746,120756923768055
6,16158,0.0,1789586171746,120756923768055
7,16158,0.0,1789586171746,120756923768055
0,16258,0.0,1789586171846,120756926176893
1,16258,0.0,1789586171846,120756926176893
2,16258,0.0,1789586171846,120756926176893
3,16258,0.0,1789586171846,120756926176893
4,16258,0.0,1789586171846,120756926176893
5,16258,0.0,1789586171846,120756926176893
6,16258,0.0,1789586171846,120756926176893
7,16258,0.0,1789586171846,120756926176893
0,16359,0.0,1789586171947,120756928585181
1,16359,0.0,1789586171947,120756928585181
2,16359,0.0,1789586171947,120756928585181
3,16359,0.0,1789586171947,120756928585181
4,16359,0.0,1789586171947,120756928585181
5,16359,0.0,1789586171947,120756928585181
6,16359,0.0,1789586171947,120756928585181
7,16359,0.0,1789586171947,120756928585181
0,16459,0.0,1789586172047,120756930993624
1,16459,0.0,1789586172047,120756930993624
2,16459,0.0,1789586172047,120756930993624
3,16459,0.0,1789586172047,120756930993624
4,16459,0.0,1789586172047,120756930993624
5,16459,9.1,1789586172047,120756930993624
6,16459,0.0,1789586172047,120756930993624
7,16459,0.0,1789586172047,120756930993624
0,16559,0.0,1789586172147,120756933400788
1,16559,0.0,1789586172147,120756933400788
2,16559,0.0,1789586172147,120756933400788
3,16559,0.0,1789586172147,120756933400788
4,16559,0.0,1789586172147,120756933400788
5,16559,0.0,1789586172147,120756933400788
6,16559,0.0,1789586172147,120756933400788
7,16559,0.0,1789586172147,120756933400788
0,16660,0.0,1789586172248,120756935807961
1,16660,0.0,1789586172248,120756935807961
2,16660,0.0,1789586172248,120756935807961
3,16660,0.0,1789586172248,120756935807961
4,16660,0.0,1789586172248,120756935807961
5,16660,0.0,1789586172248,120756935807961
6,16660,0.0,1789586172248,120756935807961
7,16660,0.0,1789586172248,120756935807961
0,16760,0.0,1789586172348,120756938215000
1,16760,0.0,1789586172348,120756938215000
2,16760,0.0,1789586172348,120756938215000
3,16760,0.0,1789586172348,120756938215000
4,16760,0.0,1789586172348,120756938215000
5,16760,0.0,1789586172348,120756938215000
6,16760,0.0,1789586172348,120756938215000
7,16760,0.0,1789586172348,120756938215000
0,16860,0.0,1789586172448,120756940622088
1,16860,0.0,1789586172448,120756940622088
2,16860,0.0,1789586172448,120756940622088
3,16860,0.0,1789586172448,120756940622088
4,16860,0.0,1789586172448,120756940622088
5,16860,0.0,1789586172448,120756940622088
6,16860,0.0,1789586172448,120756940622088
7,16860,0.0,1789586172448,120756940622088
0,16961,0.0,1789586172549,120756943029157
1,16961,0.0,1789586172549,120756943029157
2,16961,0.0,1789586172549,120756943029157
3,16961,0.0,1789586172549,120756943029157
4,16961,0.0,1789586172549,120756943029157
5,16961,0.0,1789586172549,120756943029157
6,16961,0.0,1789586172549,120756943029157
7,16961,0.0,1789586172549,120756943029157
0,17061,0.0,1789586172649,120756945440240
1,17061,0.0,1789586172649,120756945440240
2,17061,0.0,1789586172649,120756945440240
3,17061,0.0,1789586172649,120756945440240
4,17061,0.0,1789586172649,120756945440240
5,17061,0.0,1789586172649,120756945440240
6,17061,0.0,1789586172649,120756945440240
7,17061,0.0,1789586172649,120756945440240
0,17162,0.0,1789586172750,120756947850936
1,17162,0.0,1789586172750,120756947850936
2,17162,0.0,1789586172750,120756947850936
3,17162,0.0,1789586172750,120756947850936
4,17162,0.0,1789586172750,120756947850936
5,17162,0.0,1789586172750,120756947850936
6,17162,0.0,1789586172750,120756947850936
7,17162,0.0,1789586172750,120756947850936
0,17262,0.0,1789586172850,120756950259529
1,17262,0.0,1789586172850,120756950259529
2,17262,0.0,1789586172850,120756950259529
3,17262,0.0,1789586172850,120756950259529
4,17262,0.0,1789586172850,120756950259529
5,17262,0.0,1789586172850,120756950259529
6,17262,0.0,1789586172850,120756950259529
7,17262,0.0,1789586172850,120756950259529
0,17362,0.0,1789586172950,120756952667282
1,17362,0.0,1789586172950,120756952667282
2,17362,0.0,1789586172950,120756952667282
3,17362,0.0,1789586172950,120756952667282
4,17362,0.0,1789586172950,120756952667282
5,17362,0.0,1789586172950,120756952667282
6,17362,0.0,1789586172950,120756952667282
7,17362,0.0,1789586172950,120756952667282
0,17463,0.0,1789586173051,120756955076518
1,17463,0.0,1789586173051,120756955076518
2,17463,0.0,1789586173051,120756955076518
3,17463,0.0,1789586173051,120756955076518
4,17463,0.0,1789586173051,120756955076518
5,17463,0.0,1789586173051,120756955076518
6,17463,0.0,1789586173051,120756955076518
7,17463,0.0,1789586173051,120756955076518
0,17563,0.0,1789586173151,120756957486778
1,17563,0.0,1789586173151,120756957486778
2,17563,0.0,1789586173151,120756957486778
3,17563,0.0,1789586173151,120756957486778
4,17563,0.0,1789586173151,120756957486778
5,17563,9.1,1789586173151,120756957486778
6,17563,0.0,1789586173151,120756957486778
7,17563,0.0,1789586173151,120756957486778
0,17663,0.0,1789586173251,120756959894350
1,17663,0.0,1789586173251,120756959894350
2,17663,0.0,1789586173251,120756959894350
3,17663,0.0,1789586173251,120756959894350
4,17663,0.0,1789586173251,120756959894350
5,17663,0.0,1789586173251,120756959894350
6,17663,0.0,1789586173251,120756959894350
7,17663,0.0,1789586173251,120756959894350
0,17764,0.0,1789586173352,120756962301604
1,17764,0.0,1789586173352,120756962301604
2,17764,0.0,1789586173352,120756962301604
3,17764,0.0,1789586173352,120756962301604
4,17764,0.0,1789586173352,120756962301604
5,17764,0.0,1789586173352,120756962301604
6,17764,0.0,1789586173352,120756962301604
7,17764,9.1,1789586173352,120756962301604
0,17864,0.0,1789586173452,120756964708863
1,17864,0.0,1789586173452,120756964708863
2,17864,0.0,1789586173452,120756964708863
3,17864,0.0,1789586173452,120756964708863
4,17864,0.0,1789586173452,120756964708863
5,17864,0.0,1789586173452,120756964708863
6,17864,0.0,1789586173452,120756964708863
7,17864,0.0,1789586173452,120756964708863
0,17964,0.0,1789586173552,120756967115921
1,17964,0.0,1789586173552,120756967115921
2,17964,0.0,1789586173552,120756967115921
3,17964,0.0,1789586173552,120756967115921
4,17964,0.0,1789586173552,120756967115921
5,17964,0.0,1789586173552,120756967115921
6,17964,0.0,1789586173552,120756967115921
7,17964,0.0,1789586173552,120756967115921
0,18065,0.0,1789586173653,120756969523023
1,18065,0.0,1789586173653,120756969523023
2,18065,0.0,1789586173653,120756969523023
3,18065,0.0,1789586173653,120756969523023
4,18065,0.0,1789586173653,120756969523023
5,18065,0.0,1789586173653,120756969523023
6,18065,0.0,1789586173653,120756969523023
7,18065,0.0,1789586173653,120756969523023
0,18165,0.0,1789586173753,120756971930175
1,18165,0.0,1789586173753,120756971930175
2,18165,0.0,1789586173753,120756971930175
3,18165,0.0,1789586173753,120756971930175
4,18165,0.0,1789586173753,120756971930175
5,18165,0.0,1789586173753,120756971930175
6,18165,0.0,1789586173753,120756971930175
7,18165,0.0,1789586173753,120756971930175
0,18265,0.0,1789586173853,120756974337542
1,18265,0.0,1789586173853,120756974337542
2,18265,0.0,1789586173853,120756974337542
3,18265,0.0,1789586173853,120756974337542
4,18265,0.0,1789586173853,120756974337542
5,18265,0.0,1789586173853,120756974337542
6,18265,0.0,1789586173853,120756974337542
7,18265,0.0,1789586173853,120756974337542
0,18365,0.0,1789586173953,120756976744992
1,18365,0.0,1789586173953,120756976744992
2,18365,0.0,1789586173953,120756976744992
3,18365,0.0,1789586173953,120756976744992
4,18365,0.0,1789586173953,120756976744992
5,18365,0.0,1789586173953,120756976744992
6,18365,0.0,1789586173953,120756976744992
7,18365,0.0,1789586173953,120756976744992
0,18466,0.0,1789586174054,120756979152428
1,18466,0.0,1789586174054,120756979152428
2,18466,0.0,1789586174054,120756979152428
3,18466,0.0,1789586174054,120756979152428
4,18466,0.0,1789586174054,120756979152428
5,18466,0.0,1789586174054,120756979152428
6,18466,0.0,1789586174054,120756979152428
7,18466,0.0,1789586174054,120756979152428
0,18566,0.0,1789586174154,120756981559674
1,18566,0.0,1789586174154,120756981559674
2,18566,0.0,1789586174154,120756981559674
3,18566,0.0,1789586174154,120756981559674
4,18566,0.0,1789586174154,120756981559674
5,18566,0.0,1789586174154,120756981559674
6,18566,0.0,1789586174154,120756981559674
7,18566,0.0,1789586174154,120756981559674
0,18666,0.0,1789586174254,120756983967108
1,18666,0.0,1789586174254,120756983967108
2,18666,0.0,1789586174254,120756983967108
3,18666,0.0,1789586174254,120756983967108
4,18666,0.0,1789586174254,120756983967108
5,18666,0.0,1789586174254,120756983967108
6,18666,0.0,1789586174254,120756983967108
7,18666,0.0,1789586174254,120756983967108
0,18767,0.0,1789586174355,120756986375562
1,18767,0.0,1789586174355,120756986375562
2,18767,0.0,1789586174355,120756986375562
3,18767,0.0,1789586174355,120756986375562
4,18767,0.0,1789586174355,120756986375562
5,18767,0.0,1789586174355,120756986375562
6,18767,0.0,1789586174355,120756986375562
7,18767,0.0,1789586174355,120756986375562
0,18867,9.1,1789586174455,120756988786982
1,18867,0.0,1789586174455,120756988786982
2,18867,0.0,1789586174455,120756988786982
3,18867,0.0,1789586174455,120756988786982
4,18867,0.0,1789586174455,120756988786982
5,18867,0.0,1789586174455,120756988786982
6,18867,0.0,1789586174455,120756988786982
7,18867,9.1,1789586174455,120756988786982
0,18968,0.0,1789586174556,120756991198673
1,18968,0.0,1789586174556,120756991198673
2,18968,0.0,1789586174556,120756991198673
3,18968,0.0,1789586174556,120756991198673
4,18968,9.1,1789586174556,120756991198673
5,18968,0.0,1789586174556,120756991198673
6,18968,0.0,1789586174556,120756991198673
7,18968,0.0,1789586174556,120756991198673
0,19068,0.0,1789586174656,120756993608239
1,19068,0.0,1789586174656,120756993608239
2,19068,0.0,1789586174656,120756993608239
3,19068,0.0,1789586174656,120756993608239
4,19068,0.0,1789586174656,120756993608239
5,19068,0.0,1789586174656,120756993608239
6,19068,0.0,1789586174656,120756993608239
7,19068,0.0,1789586174656,120756993608239
0,19168,0.0,1789586174756,120756996015976
1,19168,0.0,1789586174756,120756996015976
2,19168,0.0,1789586174756,120756996015976
3,19168,0.0,1789586174756,120756996015976
4,19168,0.0,1789586174756,120756996015976
5,19168,0.0,1789586174756,120756996015976
6,19168,0.0,1789586174756,120756996015976
7,19168,0.0,1789586174756,120756996015976
0,19269,0.0,1789586174857,120756998423235
1,19269,0.0,1789586174857,120756998423235
2,19269,0.0,1789586174857,120756998423235
3,19269,0.0,1789586174857,120756998423235
4,19269,0.0,1789586174857,120756998423235
5,19269,0.0,1789586174857,120756998423235
6,19269,0.0,1789586174857,120756998423235
7,19269,0.0,1789586174857,120756998423235
0,19369,0.0,1789586174957,120757000830377
1,19369,0.0,1789586174957,120757000830377
2,19369,0.0,1789586174957,120757000830377
3,19369,0.0,1789586174957,120757000830377
4,19369,0.0,1789586174957,120757000830377
5,19369,0.0,1789586174957,120757000830377
6,19369,0.0,1789586174957,120757000830377
7,19369,0.0,1789586174957,120757000830377
0,19469,0.0,1789586175057,120757003239165
1,19469,0.0,1789586175057,120757003239165
2,19469,0.0,1789586175057,120757003239165
3,19469,0.0,1789586175057,120757003239165
4,19469,0.0,1789586175057,120757003239165
5,19469,0.0,1789586175057,120757003239165
6,19469,10.0,1789586175057,120757003239165
7,19469,0.0,1789586175057,120757003239165
0,19570,0.0,1789586175158,120757005647394
1,19570,0.0,1789586175158,120757005647394
2,19570,0.0,1789586175158,120757005647394
3,19570,0.0,1789586175158,120757005647394
4,19570,0.0,1789586175158,120757005647394
5,19570,0.0,1789586175158,120757005647394
6,19570,0.0,1789586175158,120757005647394
7,19570,0.0,1789586175158,120757005647394
0,19670,0.0,1789586175258,120757008054732
1,19670,0.0,1789586175258,120757008054732
2,19670,0.0,1789586175258,120757008054732
3,19670,0.0,1789586175258,120757008054732
4,19670,0.0,1789586175258,120757008054732
5,19670,0.0,1789586175258,120757008054732
6,19670,0.0,1789586175258,120757008054732
7,19670,0.0,1789586175258,120757008054732
0,19770,0.0,1789586175358,120757010463606
1,19770,0.0,1789586175358,120757010463606
2,19770,0.0,1789586175358,120757010463606
3,19770,0.0,1789586175358,120757010463606
4,19770,0.0,1789586175358,120757010463606
5,19770,0.0,1789586175358,120757010463606
6,19770,0.0,1789586175358,120757010463606
7,19770,0.0,1789586175358,120757010463606
0,19871,0.0,1789586175459,120757012875059
1,19871,0.0,1789586175459,120757012875059
2,19871,0.0,1789586175459,120757012875059
3,19871,0.0,1789586175459,120757012875059
4,19871,0.0,1789586175459,120757012875059
5,19871,0.0,1789586175459,120757012875059
6,19871,0.0,1789586175459,120757012875059
7,19871,0.0,1789586175459,120757012875059
0,19971,0.0,1789586175559,120757015284758
1,19971,0.0,1789586175559,120757015284758
2,19971,0.0,1789586175559,120757015284758
3,19971,0.0,1789586175559,120757015284758
4,19971,0.0,1789586175559,120757015284758
5,19971,0.0,1789586175559,120757015284758
6,19971,0.0,1789586175559,120757015284758
7,19971,0.0,1789586175559,120757015284758
0,20072,0.0,1789586175660,120757017696088
1,20072,0.0,1789586175660,120757017696088
2,20072,0.0,1789586175660,120757017696088
3,20072,9.1,1789586175660,120757017696088
4,20072,0.0,1789586175660,120757017696088
5,20072,0.0,1789586175660,120757017696088
6,20072,0.0,1789586175660,120757017696088
7,20072,0.0,1789586175660,120757017696088
0,20172,0.0,1789586175760,120757020106735
1,20172,0.0,1789586175760,120757020106735
2,20172,0.0,1789586175760,120757020106735
3,20172,0.0,1789586175760,120757020106735
4,20172,0.0,1789586175760,120757020106735
5,20172,0.0,1789586175760,120757020106735
6,20172,0.0,1789586175760,120757020106735
7,20172,0.0,1789586175760,120757020106735
0,20273,0.0,1789586175861,120757022518216
1,20273,9.1,1789586175861,120757022518216
2,20273,18.2,1789586175861,120757022518216
3,20273,0.0,1789586175861,120757022518216
4,20273,30.0,1789586175861,120757022518216
5,20273,0.0,1789586175861,120757022518216
6,20273,0.0,1789586175861,120757022518216
7,20273,0.0,1789586175861,120757022518216
0,20373,0.0,1789586175961,120757024929941
1,20373,40.0,1789586175961,120757024929941
2,20373,0.0,1789586175961,120757024929941
3,20373,0.0,1789586175961,120757024929941
4,20373,9.1,1789586175961,120757024929941
5,20373,0.0,1789586175961,120757024929941
6,20373,0.0,1789586175961,120757024929941
7,20373,0.0,1789586175961,120757024929941
0,20474,18.2,1789586176062,120757027341893
1,20474,10.0,1789586176062,120757027341893
2,20474,0.0,1789586176062,120757027341893
3,20474,0.0,1789586176062,120757027341893
4,20474,33.3,1789586176062,120757027341893
5,20474,10.0,1789586176062,120757027341893
6,20474,0.0,1789586176062,120757027341893
7,20474,0.0,1789586176062,120757027341893
0,20574,0.0,1789586176162,120757029755070
1,20574,0.0,1789586176162,120757029755070
2,20574,0.0,1789586176162,120757029755070
3,20574,0.0,1789586176162,120757029755070
4,20574,10.0,1789586176162,120757029755070
5,20574,0.0,1789586176162,120757029755070
6,20574,9.1,1789586176162,120757029755070
7,20574,0.0,1789586176162,120757029755070
0,20675,0.0,1789586176263,120757032168494
1,20675,40.0,1789586176263,120757032168494
2,20675,0.0,1789586176263,120757032168494
3,20675,20.0,1789586176263,120757032168494
4,20675,0.0,1789586176263,120757032168494
5,20675,18.2,1789586176263,120757032168494
6,20675,11.1,1789586176263,120757032168494
7,20675,10.0,1789586176263,120757032168494
0,20775,0.0,1789586176363,120757034581028
1,20775,10.0,1789586176363,120757034581028
2,20775,0.0,1789586176363,120757034581028
3,20775,45.5,1789586176363,120757034581028
4,20775,0.0,1789586176363,120757034581028
5,20775,0.0,1789586176363,120757034581028
6,20775,0.0,1789586176363,120757034581028
7,20775,0.0,1789586176363,120757034581028
0,20876,18.2,1789586176464,120757036991787
1,20876,40.0,1789586176464,120757036991787
2,20876,10.0,1789586176464,120757036991787
3,20876,10.0,1789586176464,120757036991787
4,20876,0.0,1789586176464,120757036991787
5,20876,0.0,1789586176464,120757036991787
6,20876,0.0,1789586176464,120757036991787
7,20876,9.1,1789586176464,120757036991787
0,20976,0.0,1789586176564,120757039405064
1,20976,9.1,1789586176564,120757039405064
2,20976,9.1,1789586176564,120757039405064
3,20976,0.0,1789586176564,120757039405064
4,20976,10.0,1789586176564,120757039405064
5,20976,9.1,1789586176564,120757039405064
6,20976,0.0,1789586176564,120757039405064
7,20976,10.0,1789586176564,120757039405064
0,21077,0.0,1789586176665,120757041819113
1,21077,0.0,1789586176665,120757041819113
2,21077,10.0,1789586176665,120757041819113
3,21077,20.0,1789586176665,120757041819113
4,21077,0.0,1789586176665,120757041819113
5,21077,0.0,1789586176665,120757041819113
6,21077,11.1,1789586176665,120757041819113
7,21077,11.1,1789586176665,120757041819113
0,21178,0.0,1789586176766,120757044233475
1,21178,0.0,1789586176766,120757044233475
2,21178,30.0,1789586176766,120757044233475
3,21178,10.0,1789586176766,120757044233475
4,21178,0.0,1789586176766,120757044233475
5,21178,0.0,1789586176766,120757044233475
6,21178,27.3,1789586176766,120757044233475
7,21178,28.6,1789586176766,120757044233475
0,21278,11.1,1789586176866,120757046647493
1,21278,0.0,1789586176866,120757046647493
2,21278,30.0,1789586176866,120757046647493
3,21278,9.1,1789586176866,120757046647493
4,21278,0.0,1789586176866,120757046647493
5,21278,0.0,1789586176866,120757046647493
6,21278,30.0,1789586176866,120757046647493
7,21278,25.0,1789586176866,120757046647493
0,21379,11.1,1789586176967,120757049060345
1,21379,0.0,1789586176967,120757049060345
2,21379,20.0,1789586176967,120757049060345
3,21379,10.0,1789586176967,120757049060345
4,21379,0.0,1789586176967,120757049060345
5,21379,0.0,1789586176967,120757049060345
6,21379,20.0,1789586176967,120757049060345
7,21379,33.3,1789586176967,120757049060345
0,21479,0.0,1789586177067,120757051473641
1,21479,0.0,1789586177067,120757051473641
2,21479,14.3,1789586177067,120757051473641
3,21479,0.0,1789586177067,120757051473641
4,21479,0.0,1789586177067,120757051473641
5,21479,0.0,1789586177067,120757051473641
6,21479,12.5,1789586177067,120757051473641
7,21479,45.5,1789586177067,120757051473641
0,21580,12.5,1789586177168,120757053886151
1,21580,0.0,1789586177168,120757053886151
2,21580,40.0,1789586177168,120757053886151
3,21580,9.1,1789586177168,120757053886151
4,21580,9.1,1789586177168,120757053886151
5,21580,0.0,1789586177168,120757053886151
6,21580,25.0,1789586177168,120757053886151
7,21580,37.5,1789586177168,120757053886151
0,21680,0.0,1789586177268,120757056298601
1,21680,0.0,1789586177268,120757056298601
2,21680,54.5,1789586177268,120757056298601
3,21680,0.0,1789586177268,120757056298601
4,21680,0.0,1789586177268,120757056298601
5,21680,0.0,1789586177268,120757056298601
6,21680,40.0,1789586177268,120757056298601
7,21680,37.5,1789586177268,120757056298601
0,21781,0.0,1789586177369,120757058710996
1,21781,0.0,1789586177369,120757058710996
2,21781,44.4,1789586177369,120757058710996
3,21781,0.0,1789586177369,120757058710996
4,21781,0.0,1789586177369,120757058710996
5,21781,0.0,1789586177369,120757058710996
6,21781,33.3,1789586177369,120757058710996
7,21781,44.4,1789586177369,120757058710996
0,21881,11.1,1789586177469,120757061123382
1,21881,0.0,1789586177469,120757061123382
2,21881,44.4,1789586177469,120757061123382
3,21881,0.0,1789586177469,120757061123382
4,21881,0.0,1789586177469,120757061123382
5,21881,0.0,1789586177469,120757061123382
6,21881,14.3,1789586177469,120757061123382
7,21881,28.6,1789586177469,120757061123382
0,21982,0.0,1789586177570,120757063535743
1,21982,0.0,1789586177570,120757063535743
2,21982,45.5,1789586177570,120757063535743
3,21982,10.0,1789586177570,120757063535743
4,21982,0.0,1789586177570,120757063535743
5,21982,0.0,1789586177570,120757063535743
6,21982,22.2,1789586177570,120757063535743
7,21982,33.3,1789586177570,120757063535743
0,22082,0.0,1789586177670,120757065948456
1,22082,37.5,1789586177670,120757065948456
2,22082,0.0,1789586177670,120757065948456
3,22082,0.0,1789586177670,120757065948456
4,22082,0.0,1789586177670,120757065948456
5,22082,0.0,1789586177670,120757065948456
6,22082,22.2,1789586177670,120757065948456
7,22082,37.5,1789586177670,120757065948456
0,22183,0.0,1789586177771,120757068361817
1,22183,50.0,1789586177771,120757068361817
2,22183,0.0,1789586177771,120757068361817
3,22183,18.2,1789586177771,120757068361817
4,22183,0.0,1789586177771,120757068361817
5,22183,0.0,1789586177771,120757068361817
6,22183,33.3,1789586177771,120757068361817
7,22183,54.5,1789586177771,120757068361817
0,22283,0.0,1789586177871,120757070774242
1,22283,33.3,1789586177871,120757070774242
2,22283,0.0,1789586177871,120757070774242
3,22283,0.0,1789586177871,120757070774242
4,22283,0.0,1789586177871,120757070774242
5,22283,9.1,1789586177871,120757070774242
6,22283,22.2,1789586177871,120757070774242
7,22283,33.3,1789586177871,120757070774242
0,22384,0.0,1789586177972,120757073187534
1,22384,10.0,1789586177972,120757073187534
2,22384,0.0,1789586177972,120757073187534
3,22384,18.2,1789586177972,120757073187534
4,22384,0.0,1789586177972,120757073187534
5,22384,0.0,1789586177972,120757073187534
6,22384,10.0,1789586177972,120757073187534
7,22384,0.0,1789586177972,120757073187534
0,22484,0.0,1789586178072,120757075599890
1,22484,37.5,1789586178072,120757075599890
2,22484,0.0,1789586178072,120757075599890
3,22484,0.0,1789586178072,120757075599890
4,22484,0.0,1789586178072,120757075599890
5,22484,0.0,1789586178072,120757075599890
6,22484,33.3,1789586178072,120757075599890
7,22484,44.4,1789586178072,120757075599890
0,22585,11.1,1789586178173,120757078012251
1,22585,11.1,1789586178173,120757078012251
2,22585,0.0,1789586178173,120757078012251
3,22585,0.0,1789586178173,120757078012251
4,22585,10.0,1789586178173,120757078012251
5,22585,0.0,1789586178173,120757078012251
6,22585,20.0,1789586178173,120757078012251
7,22585,33.3,1789586178173,120757078012251
0,22686,0.0,1789586178274,120757080424437
1,22686,22.2,1789586178274,120757080424437
2,22686,0.0,1789586178274,120757080424437
3,22686,9.1,1789586178274,120757080424437
4,22686,10.0,1789586178274,120757080424437
5,22686,0.0,1789586178274,120757080424437
6,22686,22.2,1789586178274,120757080424437
7,22686,12.5,1789586178274,120757080424437
0,22786,10.0,1789586178374,120757082837175
1,22786,0.0,1789586178374,120757082837175
2,22786,0.0,1789586178374,120757082837175
3,22786,30.0,1789586178374,120757082837175
4,22786,10.0,1789586178374,120757082837175
5,22786,0.0,1789586178374,120757082837175
6,22786,18.2,1789586178374,120757082837175
7,22786,0.0,1789586178374,120757082837175
0,22887,0.0,1789586178475,120757085250289
1,22887,0.0,1789586178475,120757085250289
2,22887,0.0,1789586178475,120757085250289
3,22887,18.2,1789586178475,120757085250289
4,22887,0.0,1789586178475,120757085250289
5,22887,33.3,1789586178475,120757085250289
6,22887,0.0,1789586178475,120757085250289
7,22887,10.0,1789586178475,120757085250289
0,22987,11.1,1789586178575,120757087664242
1,22987,0.0,1789586178575,120757087664242
2,22987,0.0,1789586178575,120757087664242
3,22987,40.0,1789586178575,120757087664242
4,22987,10.0,1789586178575,120757087664242
5,22987,10.0,1789586178575,120757087664242
6,22987,0.0,1789586178575,120757087664242
7,22987,0.0,1789586178575,120757087664242
0,23088,0.0,1789586178676,120757090077585
1,23088,10.0,1789586178676,120757090077585
2,23088,0.0,1789586178676,120757090077585
3,23088,0.0,1789586178676,120757090077585
4,23088,0.0,1789586178676,120757090077585
5,23088,10.0,1789586178676,120757090077585
6,23088,11.1,1789586178676,120757090077585
7,23088,18.2,1789586178676,120757090077585
0,23188,72.7,1789586178776,120757092491341
1,23188,50.0,1789586178776,120757092491341
2,23188,40.0,1789586178776,120757092491341
3,23188,45.5,1789586178776,120757092491341
4,23188,33.3,1789586178776,120757092491341
5,23188,20.0,1789586178776,120757092491341
6,23188,10.0,1789586178776,120757092491341
7,23188,11.1,1789586178776,120757092491341
0,23289,88.9,1789586178877,120757094905103
1,23289,55.6,1789586178877,120757094905103
2,23289,50.0,1789586178877,120757094905103
3,23289,44.4,1789586178877,120757094905103
4,23289,40.0,1789586178877,120757094905103
5,23289,30.0,1789586178877,120757094905103
6,23289,30.0,1789586178877,120757094905103
7,23289,30.0,1789586178877,120757094905103
0,23390,80.0,1789586178978,120757097324846
1,23390,54.5,1789586178978,120757097324846
2,23390,54.5,1789586178978,120757097324846
3,23390,50.0,1789586178978,120757097324846
4,23390,44.4,1789586178978,120757097324846
5,23390,22.2,1789586178978,120757097324846
6,23390,30.0,1789586178978,120757097324846
7,23390,20.0,1789586178978,120757097324846
0,23491,77.8,1789586179079,120757099744779
1,23491,60.0,1789586179079,120757099744779
2,23491,44.4,1789586179079,120757099744779
3,23491,50.0,1789586179079,120757099744779
4,23491,37.5,1789586179079,120757099744779
5,23491,22.2,1789586179079,120757099744779
6,23491,22.2,1789586179079,120757099744779
7,23491,30.0,1789586179079,120757099744779
0,23591,87.5,1789586179179,120757102160738
1,23591,63.6,1789586179179,120757102160738
2,23591,50.0,1789586179179,120757102160738
3,23591,40.0,1789586179179,120757102160738
4,23591,50.0,1789586179179,120757102160738
5,23591,36.4,1789586179179,120757102160738
6,23591,27.3,1789586179179,120757102160738
7,23591,36.4,1789586179179,120757102160738
0,23692,77.8,1789586179280,120757104573660
1,23692,60.0,1789586179280,120757104573660
2,23692,44.4,1789586179280,120757104573660
3,23692,44.4,1789586179280,120757104573660
4,23692,44.4,1789586179280,120757104573660
5,23692,22.2,1789586179280,120757104573660
6,23692,33.3,1789586179280,120757104573660
7,23692,30.0,1789586179280,120757104573660
0,23792,81.8,1789586179380,120757106987363
1,23792,50.0,1789586179380,120757106987363
2,23792,50.0,1789586179380,120757106987363
3,23792,44.4,1789586179380,120757106987363
4,23792,50.0,1789586179380,120757106987363
5,23792,30.0,1789586179380,120757106987363
6,23792,22.2,1789586179380,120757106987363
7,23792,33.3,1789586179380,120757106987363
0,23893,77.8,1789586179481,120757109403229
1,23893,44.4,1789586179481,120757109403229
2,23893,77.8,1789586179481,120757109403229
3,23893,45.5,1789586179481,120757109403229
4,23893,40.0,1789586179481,120757109403229
5,23893,30.0,1789586179481,120757109403229
6,23893,27.3,1789586179481,120757109403229
7,23893,20.0,1789586179481,120757109403229
0,23994,80.0,1789586179582,120757111826375
1,23994,60.0,1789586179582,120757111826375
2,23994,50.0,1789586179582,120757111826375
3,23994,55.6,1789586179582,120757111826375
4,23994,50.0,1789586179582,120757111826375
5,23994,22.2,1789586179582,120757111826375
6,23994,22.2,1789586179582,120757111826375
7,23994,22.2,1789586179582,120757111826375
0,24095,88.9,1789586179683,120757114239657
1,24095,63.6,1789586179683,120757114239657
2,24095,45.5,1789586179683,120757114239657
3,24095,40.0,1789586179683,120757114239657
4,24095,50.0,1789586179683,120757114239657
5,24095,30.0,1789586179683,120757114239657
6,24095,30.0,1789586179683,120757114239657
7,24095,30.0,1789586179683,120757114239657
0,24195,50.0,1789586179783,120757116654855
1,24195,30.0,1789586179783,120757116654855
2,24195,30.0,1789586179783,120757116654855
3,24195,36.4,1789586179783,120757116654855
4,24195,63.6,1789586179783,120757116654855
5,24195,20.0,1789586179783,120757116654855
6,24195,11.1,1789586179783,120757116654855
7,24195,11.1,1789586179783,120757116654855
0,24296,0.0,1789586179884,120757119076121
1,24296,33.3,1789586179884,120757119076121
2,24296,10.0,1789586179884,120757119076121
3,24296,0.0,1789586179884,120757119076121
4,24296,9.1,1789586179884,120757119076121
5,24296,18.2,1789586179884,120757119076121
6,24296,18.2,1789586179884,120757119076121
7,24296,18.2,1789586179884,120757119076121
0,24397,0.0,1789586179985,120757121488333
1,24397,36.4,1789586179985,120757121488333
2,24397,0.0,1789586179985,120757121488333
3,24397,0.0,1789586179985,120757121488333
4,24397,0.0,1789586179985,120757121488333
5,24397,40.0,1789586179985,120757121488333
6,24397,0.0,1789586179985,120757121488333
7,24397,0.0,1789586179985,120757121488333
0,24497,18.2,1789586180085,120757123900878
1,24497,0.0,1789586180085,120757123900878
2,24497,10.0,1789586180085,120757123900878
3,24497,10.0,1789586180085,120757123900878
4,24497,0.0,1789586180085,120757123900878
5,24497,0.0,1789586180085,120757123900878
6,24497,0.0,1789586180085,120757123900878
7,24497,10.0,1789586180085,120757123900878
0,24598,0.0,1789586180186,120757126314810
1,24598,10.0,1789586180186,120757126314810
2,24598,10.0,1789586180186,120757126314810
3,24598,0.0,1789586180186,120757126314810
4,24598,0.0,1789586180186,120757126314810
5,24598,20.0,1789586180186,120757126314810
6,24598,10.0,1789586180186,120757126314810
7,24598,0.0,1789586180186,120757126314810
0,24698,18.2,1789586180286,120757128728188
1,24698,10.0,1789586180286,120757128728188
2,24698,0.0,1789586180286,120757128728188
3,24698,0.0,1789586180286,120757128728188
4,24698,0.0,1789586180286,120757128728188
5,24698,0.0,1789586180286,120757128728188
6,24698,20.0,1789586180286,120757128728188
7,24698,18.2,1789586180286,120757128728188
0,24799,0.0,1789586180387,120757131141861
1,24799,20.0,1789586180387,120757131141861
2,24799,0.0,1789586180387,120757131141861
3,24799,0.0,1789586180387,120757131141861
4,24799,0.0,1789586180387,120757131141861
5,24799,22.2,1789586180387,120757131141861
6,24799,0.0,1789586180387,120757131141861
7,24799,0.0,1789586180387,120757131141861
0,24899,0.0,1789586180487,120757133554563
1,24899,40.0,1789586180487,120757133554563
2,24899,0.0,1789586180487,120757133554563
3,24899,9.1,1789586180487,120757133554563
4,24899,0.0,1789586180487,120757133554563
5,24899,20.0,1789586180487,120757133554563
6,24899,0.0,1789586180487,120757133554563
7,24899,0.0,1789586180487,120757133554563
0,25000,0.0,1789586180588,120757135967680
1,25000,18.2,1789586180588,120757135967680
2,25000,10.0,1789586180588,120757135967680
3,25000,0.0,1789586180588,120757135967680
4,25000,10.0,1789586180588,120757135967680
5,25000,10.0,1789586180588,120757135967680
6,25000,9.1,1789586180588,120757135967680
7,25000,10.0,1789586180588,120757135967680
0,25100,0.0,1789586180688,120757138379527
1,25100,0.0,1789586180688,120757138379527
2,25100,0.0,1789586180688,120757138379527
3,25100,0.0,1789586180688,120757138379527
4,25100,10.0,1789586180688,120757138379527
5,25100,10.0,1789586180688,120757138379527
6,25100,0.0,1789586180688,120757138379527
7,25100,10.0,1789586180688,120757138379527
0,25201,0.0,1789586180789,120757140791060
1,25201,0.0,1789586180789,120757140791060
2,25201,0.0,1789586180789,120757140791060
3,25201,0.0,1789586180789,120757140791060
4,25201,0.0,1789586180789,120757140791060
5,25201,0.0,1789586180789,120757140791060
6,25201,0.0,1789586180789,120757140791060
7,25201,0.0,1789586180789,120757140791060
0,25301,0.0,1789586180889,120757143201163
1,25301,0.0,1789586180889,120757143201163
2,25301,0.0,1789586180889,120757143201163
3,25301,0.0,1789586180889,120757143201163
4,25301,0.0,1789586180889,120757143201163
5,25301,0.0,1789586180889,120757143201163
6,25301,0.0,1789586180889,120757143201163
7,25301,0.0,1789586180889,120757143201163
0,25402,0.0,1789586180990,120757145609416
1,25402,0.0,1789586180990,120757145609416
2,25402,0.0,1789586180990,120757145609416
3,25402,0.0,1789586180990,120757145609416
4,25402,0.0,1789586180990,120757145609416
5,25402,0.0,1789586180990,120757145609416
6,25402,0.0,1789586180990,120757145609416
7,25402,0.0,1789586180990,120757145609416
0,25502,0.0,1789586181090,120757148019377
1,25502,0.0,1789586181090,120757148019377
2,25502,0.0,1789586181090,120757148019377
3,25502,10.0,1789586181090,120757148019377
4,25502,0.0,1789586181090,120757148019377
5,25502,0.0,1789586181090,120757148019377
6,25502,0.0,1789586181090,120757148019377
7,25502,0.0,1789586181090,120757148019377
0,25602,0.0,1789586181190,120757150428404
1,25602,0.0,1789586181190,120757150428404
2,25602,0.0,1789586181190,120757150428404
3,25602,0.0,1789586181190,120757150428404
4,25602,0.0,1789586181190,120757150428404
5,25602,0.0,1789586181190,120757150428404
6,25602,0.0,1789586181190,120757150428404
7,25602,0.0,1789586181190,120757150428404
0,25703,20.0,1789586181291,120757152839785
1,25703,0.0,1789586181291,120757152839785
2,25703,0.0,1789586181291,120757152839785
3,25703,0.0,1789586181291,120757152839785
4,25703,0.0,1789586181291,120757152839785
5,25703,0.0,1789586181291,120757152839785
6,25703,0.0,1789586181291,120757152839785
7,25703,0.0,1789586181291,120757152839785
0,25803,9.1,1789586181391,120757155253648
1,25803,0.0,1789586181391,120757155253648
2,25803,0.0,1789586181391,120757155253648
3,25803,0.0,1789586181391,120757155253648
4,25803,0.0,1789586181391,120757155253648
5,25803,0.0,1789586181391,120757155253648
6,25803,0.0,1789586181391,120757155253648
7,25803,0.0,1789586181391,120757155253648
0,25904,0.0,1789586181492,120757157662740
1,25904,0.0,1789586181492,120757157662740
2,25904,0.0,1789586181492,120757157662740
3,25904,0.0,1789586181492,120757157662740
4,25904,0.0,1789586181492,120757157662740
5,25904,0.0,1789586181492,120757157662740
6,25904,0.0,1789586181492,120757157662740
7,25904,0.0,1789586181492,120757157662740
0,26004,0.0,1789586181592,120757160071543
1,26004,0.0,1789586181592,120757160071543
2,26004,0.0,1789586181592,120757160071543
3,26004,0.0,1789586181592,120757160071543
4,26004,0.0,1789586181592,120757160071543
5,26004,0.0,1789586181592,120757160071543
6,26004,0.0,1789586181592,120757160071543
7,26004,0.0,1789586181592,120757160071543
0,26105,0.0,1789586181693,120757162482554
1,26105,0.0,1789586181693,120757162482554
2,26105,0.0,1789586181693,120757162482554
3,26105,0.0,1789586181693,120757162482554
4,26105,0.0,1789586181693,120757162482554
5,26105,9.1,1789586181693,120757162482554
6,26105,0.0,1789586181693,120757162482554
7,26105,0.0,1789586181693,120757162482554
0,26205,0.0,1789586181793,120757164893282
1,26205,0.0,1789586181793,120757164893282
2,26205,0.0,1789586181793,120757164893282
3,26205,0.0,1789586181793,120757164893282
4,26205,0.0,1789586181793,120757164893282
5,26205,0.0,1789586181793,120757164893282
6,26205,0.0,1789586181793,120757164893282
7,26205,0.0,1789586181793,120757164893282
0,26305,0.0,1789586181893,120757167302323
1,26305,0.0,1789586181893,120757167302323
2,26305,0.0,1789586181893,120757167302323
3,26305,0.0,1789586181893,120757167302323
4,26305,0.0,1789586181893,120757167302323
5,26305,0.0,1789586181893,120757167302323
6,26305,10.0,1789586181893,120757167302323
7,26305,0.0,1789586181893,120757167302323
0,26406,10.0,1789586181994,120757169713750
1,26406,0.0,1789586181994,120757169713750
2,26406,0.0,1789586181994,120757169713750
3,26406,0.0,1789586181994,120757169713750
4,26406,0.0,1789586181994,120757169713750
5,26406,0.0,1789586181994,120757169713750
6,26406,0.0,1789586181994,120757169713750
7,26406,0.0,1789586181994,120757169713750
0,26506,0.0,1789586182094,120757172123236
1,26506,0.0,1789586182094,120757172123236
2,26506,0.0,1789586182094,120757172123236
3,26506,0.0,1789586182094,120757172123236
4,26506,0.0,1789586182094,120757172123236
5,26506,0.0,1789586182094,120757172123236
6,26506,0.0,1789586182094,120757172123236
7,26506,0.0,1789586182094,120757172123236
0,26607,0.0,1789586182195,120757174531257
1,26607,0.0,1789586182195,120757174531257
2,26607,0.0,1789586182195,120757174531257
3,26607,0.0,1789586182195,120757174531257
4,26607,0.0,1789586182195,120757174531257
5,26607,0.0,1789586182195,120757174531257
6,26607,0.0,1789586182195,120757174531257
7,26607,0.0,1789586182195,120757174531257
0,26707,0.0,1789586182295,120757176939612
1,26707,0.0,1789586182295,120757176939612
2,26707,0.0,1789586182295,120757176939612
3,26707,0.0,1789586182295,120757176939612
4,26707,0.0,1789586182295,120757176939612
5,26707,0.0,1789586182295,120757176939612
6,26707,0.0,1789586182295,120757176939612
7,26707,0.0,1789586182295,120757176939612
0,26807,0.0,1789586182395,120757179347179
1,26807,0.0,1789586182395,120757179347179
2,26807,0.0,1789586182395,120757179347179
3,26807,0.0,1789586182395,120757179347179
4,26807,0.0,1789586182395,120757179347179
5,26807,0.0,1789586182395,120757179347179
6,26807,0.0,1789586182395,120757179347179
7,26807,0.0,1789586182395,120757179347179
0,26908,0.0,1789586182496,120757181754311
1,26908,0.0,1789586182496,120757181754311
2,26908,0.0,1789586182496,120757181754311
3,26908,0.0,1789586182496,120757181754311
4,26908,0.0,1789586182496,120757181754311
5,26908,0.0,1789586182496,120757181754311
6,26908,0.0,1789586182496,120757181754311
7,26908,0.0,1789586182496,120757181754311
0,27008,0.0,1789586182596,120757184161238
1,27008,0.0,1789586182596,120757184161238
2,27008,0.0,1789586182596,120757184161238
3,27008,0.0,1789586182596,120757184161238
4,27008,0.0,1789586182596,120757184161238
5,27008,0.0,1789586182596,120757184161238
6,27008,0.0,1789586182596,120757184161238
7,27008,0.0,1789586182596,120757184161238
0,27108,0.0,1789586182696,120757186568579
1,27108,0.0,1789586182696,120757186568579
2,27108,0.0,1789586182696,120757186568579
3,27108,0.0,1789586182696,120757186568579
4,27108,0.0,1789586182696,120757186568579
5,27108,0.0,1789586182696,120757186568579
6,27108,0.0,1789586182696,120757186568579
7,27108,0.0,1789586182696,120757186568579
0,27209,33.3,1789586182797,120757188980290
1,27209,0.0,1789586182797,120757188980290
2,27209,0.0,1789586182797,120757188980290
3,27209,0.0,1789586182797,120757188980290
4,27209,0.0,1789586182797,120757188980290
5,27209,0.0,1789586182797,120757188980290
6,27209,10.0,1789586182797,120757188980290
7,27209,0.0,1789586182797,120757188980290
0,27309,9.1,1789586182897,120757191392292
1,27309,40.0,1789586182897,120757191392292
2,27309,0.0,1789586182897,120757191392292
3,27309,0.0,1789586182897,120757191392292
4,27309,0.0,1789586182897,120757191392292
5,27309,0.0,1789586182897,120757191392292
6,27309,0.0,1789586182897,120757191392292
7,27309,0.0,1789586182897,120757191392292
0,27410,33.3,1789586182998,120757193804322
1,27410,10.0,1789586182998,120757193804322
2,27410,10.0,1789586182998,120757193804322
3,27410,0.0,1789586182998,120757193804322
4,27410,9.1,1789586182998,120757193804322
5,27410,0.0,1789586182998,120757193804322
6,27410,0.0,1789586182998,120757193804322
7,27410,0.0,1789586182998,120757193804322
0,27510,10.0,1789586183098,120757196217878
1,27510,9.1,1789586183098,120757196217878
2,27510,11.1,1789586183098,120757196217878
3,27510,18.2,1789586183098,120757196217878
4,27510,0.0,1789586183098,120757196217878
5,27510,0.0,1789586183098,120757196217878
6,27510,9.1,1789586183098,120757196217878
7,27510,10.0,1789586183098,120757196217878
0,27611,0.0,1789586183199,120757198631100
1,27611,0.0,1789586183199,120757198631100
2,27611,0.0,1789586183199,120757198631100
3,27611,10.0,1789586183199,120757198631100
4,27611,10.0,1789586183199,120757198631100
5,27611,18.2,1789586183199,120757198631100
6,27611,0.0,1789586183199,120757198631100
7,27611,10.0,1789586183199,120757198631100
0,27711,0.0,1789586183299,120757201044637
1,27711,0.0,1789586183299,120757201044637
2,27711,0.0,1789586183299,120757201044637
3,27711,0.0,1789586183299,120757201044637
4,27711,25.0,1789586183299,120757201044637
5,27711,0.0,1789586183299,120757201044637
6,27711,0.0,1789586183299,120757201044637
7,27711,10.0,1789586183299,120757201044637
0,27812,0.0,1789586183400,120757203456679
1,27812,0.0,1789586183400,120757203456679
2,27812,9.1,1789586183400,120757203456679
3,27812,0.0,1789586183400,120757203456679
4,27812,18.2,1789586183400,120757203456679
5,27812,0.0,1789586183400,120757203456679
6,27812,0.0,1789586183400,120757203456679
7,27812,0.0,1789586183400,120757203456679
0,27912,0.0,1789586183500,120757205866073
1,27912,0.0,1789586183500,120757205866073
2,27912,0.0,1789586183500,120757205866073
3,27912,0.0,1789586183500,120757205866073
4,27912,0.0,1789586183500,120757205866073
5,27912,0.0,1789586183500,120757205866073
6,27912,0.0,1789586183500,120757205866073
7,27912,0.0,1789586183500,120757205866073
0,28013,0.0,1789586183601,120757208273329
1,28013,0.0,1789586183601,120757208273329
2,28013,0.0,1789586183601,120757208273329
3,28013,0.0,1789586183601,120757208273329
4,28013,0.0,1789586183601,120757208273329
5,28013,0.0,1789586183601,120757208273329
6,28013,0.0,1789586183601,120757208273329
7,28013,0.0,1789586183601,120757208273329
0,28113,0.0,1789586183701,120757210681038
1,28113,0.0,1789586183701,120757210681038
2,28113,0.0,1789586183701,120757210681038
3,28113,0.0,1789586183701,120757210681038
4,28113,0.0,1789586183701,120757210681038
5,28113,0.0,1789586183701,120757210681038
6,28113,0.0,1789586183701,120757210681038
7,28113,0.0,1789586183701,120757210681038
0,28213,0.0,1789586183801,120757213088365
1,28213,0.0,1789586183801,120757213088365
2,28213,0.0,1789586183801,120757213088365
3,28213,0.0,1789586183801,120757213088365
4,28213,0.0,1789586183801,120757213088365
5,28213,0.0,1789586183801,120757213088365
6,28213,0.0,1789586183801,120757213088365
7,28213,0.0,1789586183801,120757213088365
0,28314,0.0,1789586183902,120757215496215
1,28314,0.0,1789586183902,120757215496215
2,28314,0.0,1789586183902,120757215496215
3,28314,0.0,1789586183902,120757215496215
4,28314,0.0,1789586183902,120757215496215
5,28314,0.0,1789586183902,120757215496215
6,28314,0.0,1789586183902,120757215496215
7,28314,0.0,1789586183902,120757215496215
0,28414,0.0,1789586184002,120757217906485
1,28414,0.0,1789586184002,120757217906485
2,28414,0.0,1789586184002,120757217906485
3,28414,0.0,1789586184002,120757217906485
4,28414,9.1,1789586184002,120757217906485
5,28414,0.0,1789586184002,120757217906485
6,28414,0.0,1789586184002,120757217906485
7,28414,0.0,1789586184002,120757217906485
0,28514,0.0,1789586184102,120757220316322
1,28514,0.0,1789586184102,120757220316322
2,28514,0.0,1789586184102,120757220316322
3,28514,0.0,1789586184102,120757220316322
4,28514,0.0,1789586184102,120757220316322
5,28514,0.0,1789586184102,120757220316322
6,28514,0.0,1789586184102,120757220316322
7,28514,0.0,1789586184102,120757220316322
0,28615,0.0,1789586184203,120757222723413
1,28615,0.0,1789586184203,120757222723413
2,28615,0.0,1789586184203,120757222723413
3,28615,0.0,1789586184203,120757222723413
4,28615,0.0,1789586184203,120757222723413
5,28615,0.0,1789586184203,120757222723413
6,28615,0.0,1789586184203,120757222723413
7,28615,0.0,1789586184203,120757222723413
0,28715,0.0,1789586184303,120757225130971
1,28715,0.0,1789586184303,120757225130971
2,28715,0.0,1789586184303,120757225130971
3,28715,0.0,1789586184303,120757225130971
4,28715,0.0,1789586184303,120757225130971
5,28715,0.0,1789586184303,120757225130971
6,28715,0.0,1789586184303,120757225130971
7,28715,0.0,1789586184303,120757225130971
0,28815,0.0,1789586184403,120757227537585
1,28815,0.0,1789586184403,120757227537585
2,28815,0.0,1789586184403,120757227537585
3,28815,0.0,1789586184403,120757227537585
4,28815,0.0,1789586184403,120757227537585
5,28815,0.0,1789586184403,120757227537585
6,28815,0.0,1789586184403,120757227537585
7,28815,0.0,1789586184403,120757227537585
0,28916,0.0,1789586184504,120757229944061
1,28916,0.0,1789586184504,120757229944061
2,28916,0.0,1789586184504,120757229944061
3,28916,0.0,1789586184504,120757229944061
4,28916,0.0,1789586184504,120757229944061
5,28916,0.0,1789586184504,120757229944061
6,28916,0.0,1789586184504,120757229944061
7,28916,0.0,1789586184504,120757229944061
0,29016,0.0,1789586184604,120757232350756
1,29016,0.0,1789586184604,120757232350756
2,29016,0.0,1789586184604,120757232350756
3,29016,0.0,1789586184604,120757232350756
4,29016,0.0,1789586184604,120757232350756
5,29016,0.0,1789586184604,120757232350756
6,29016,0.0,1789586184604,120757232350756
7,29016,0.0,1789586184604,120757232350756
0,29116,0.0,1789586184704,120757234761624
1,29116,0.0,1789586184704,120757234761624
2,29116,0.0,1789586184704,120757234761624
3,29116,0.0,1789586184704,120757234761624
4,29116,0.0,1789586184704,120757234761624
5,29116,0.0,1789586184704,120757234761624
6,29116,0.0,1789586184704,120757234761624
7,29116,0.0,1789586184704,120757234761624
0,29217,0.0,1789586184805,120757237171932
1,29217,0.0,1789586184805,120757237171932
2,29217,0.0,1789586184805,120757237171932
3,29217,0.0,1789586184805,120757237171932
4,29217,0.0,1789586184805,120757237171932
5,29217,0.0,1789586184805,120757237171932
6,29217,0.0,1789586184805,120757237171932
7,29217,0.0,1789586184805,120757237171932
0,29317,0.0,1789586184905,120757239579664
1,29317,0.0,1789586184905,120757239579664
2,29317,0.0,1789586184905,120757239579664
3,29317,0.0,1789586184905,120757239579664
4,29317,0.0,1789586184905,120757239579664
5,29317,0.0,1789586184905,120757239579664
6,29317,0.0,1789586184905,120757239579664
7,29317,0.0,1789586184905,120757239579664
0,29417,0.0,1789586185005,120757241986615
1,29417,0.0,1789586185005,120757241986615
2,29417,0.0,1789586185005,120757241986615
3,29417,0.0,1789586185005,120757241986615
4,29417,0.0,1789586185005,120757241986615
5,29417,0.0,1789586185005,120757241986615
6,29417,0.0,1789586185005,120757241986615
7,29417,0.0,1789586185005,120757241986615
0,29518,0.0,1789586185106,120757244393438
1,29518,0.0,1789586185106,120757244393438
2,29518,0.0,1789586185106,120757244393438
3,29518,0.0,1789586185106,120757244393438
4,29518,0.0,1789586185106,120757244393438
5,29518,0.0,1789586185106,120757244393438
6,29518,0.0,1789586185106,120757244393438
7,29518,0.0,1789586185106,120757244393438
0,29618,0.0,1789586185206,120757246801704
1,29618,0.0,1789586185206,120757246801704
2,29618,0.0,1789586185206,120757246801704
3,29618,0.0,1789586185206,120757246801704
4,29618,0.0,1789586185206,120757246801704
5,29618,10.0,1789586185206,120757246801704
6,29618,0.0,1789586185206,120757246801704
7,29618,0.0,1789586185206,120757246801704
0,29718,0.0,1789586185306,120757249210830
1,29718,0.0,1789586185306,120757249210830
2,29718,0.0,1789586185306,120757249210830
3,29718,0.0,1789586185306,120757249210830
4,29718,0.0,1789586185306,120757249210830
5,29718,0.0,1789586185306,120757249210830
6,29718,0.0,1789586185306,120757249210830
7,29718,0.0,1789586185306,120757249210830
0,29819,0.0,1789586185407,120757251621726
1,29819,30.0,1789586185407,120757251621726
2,29819,0.0,1789586185407,120757251621726
3,29819,0.0,1789586185407,120757251621726
4,29819,0.0,1789586185407,120757251621726
5,29819,0.0,1789586185407,120757251621726
6,29819,11.1,1789586185407,120757251621726
7,29819,0.0,1789586185407,120757251621726
0,29919,0.0,1789586185507,120757254033503
1,29919,0.0,1789586185507,120757254033503
2,29919,0.0,1789586185507,120757254033503
3,29919,9.1,1789586185507,120757254033503
4,29919,0.0,1789586185507,120757254033503
5,29919,0.0,1789586185507,120757254033503
6,29919,0.0,1789586185507,120757254033503
7,29919,0.0,1789586185507,120757254033503
0,30020,0.0,1789586185608,120757256444060
1,30020,18.2,1789586185608,120757256444060
2,30020,45.5,1789586185608,120757256444060
3,30020,0.0,1789586185608,120757256444060
4,30020,0.0,1789586185608,120757256444060
5,30020,0.0,1789586185608,120757256444060
6,30020,0.0,1789586185608,120757256444060
7,30020,0.0,1789586185608,120757256444060
0,30120,0.0,1789586185708,120757258855184
1,30120,22.2,1789586185708,120757258855184
2,30120,20.0,1789586185708,120757258855184
3,30120,0.0,1789586185708,120757258855184
4,30120,0.0,1789586185708,120757258855184
5,30120,0.0,1789586185708,120757258855184
6,30120,0.0,1789586185708,120757258855184
7,30120,10.0,1789586185708,120757258855184
0,30222,10.0,1789586185810,120757261296176
1,30222,10.0,1789586185810,120757261296176
2,30222,0.0,1789586185810,120757261296176
3,30222,11.1,1789586185810,120757261296176
4,30222,9.1,1789586185810,120757261296176
5,30222,0.0,1789586185810,120757261296176
6,30222,9.1,1789586185810,120757261296176
7,30222,0.0,1789586185810,120757261296176
0,30322,10.0,1789586185910,120757263708233
1,30322,16.7,1789586185910,120757263708233
2,30322,10.0,1789586185910,120757263708233
3,30322,0.0,1789586185910,120757263708233
4,30322,27.3,1789586185910,120757263708233
5,30322,0.0,1789586185910,120757263708233
6,30322,0.0,1789586185910,120757263708233
7,30322,20.0,1789586185910,120757263708233
0,30423,0.0,1789586186011,120757266121100
1,30423,0.0,1789586186011,120757266121100
2,30423,0.0,1789586186011,120757266121100
3,30423,0.0,1789586186011,120757266121100
4,30423,0.0,1789586186011,120757266121100
5,30423,0.0,1789586186011,120757266121100
6,30423,0.0,1789586186011,120757266121100
7,30423,0.0,1789586186011,120757266121100
0,30523,0.0,1789586186111,120757268530939
1,30523,0.0,1789586186111,120757268530939
2,30523,0.0,1789586186111,120757268530939
3,30523,9.1,1789586186111,120757268530939
4,30523,0.0,1789586186111,120757268530939
5,30523,0.0,1789586186111,120757268530939
6,30523,0.0,1789586186111,120757268530939
7,30523,0.0,1789586186111,120757268530939
0,30624,0.0,1789586186212,120757270939480
1,30624,0.0,1789586186212,120757270939480
2,30624,0.0,1789586186212,120757270939480
3,30624,0.0,1789586186212,120757270939480
4,30624,0.0,1789586186212,120757270939480
5,30624,0.0,1789586186212,120757270939480
6,30624,0.0,1789586186212,120757270939480
7,30624,0.0,1789586186212,120757270939480
0,30724,0.0,1789586186312,120757273347635
1,30724,0.0,1789586186312,120757273347635
2,30724,0.0,1789586186312,120757273347635
3,30724,0.0,1789586186312,120757273347635
4,30724,0.0,1789586186312,120757273347635
5,30724,0.0,1789586186312,120757273347635
6,30724,0.0,1789586186312,120757273347635
7,30724,0.0,1789586186312,120757273347635
0,30824,0.0,1789586186412,120757275756141
1,30824,0.0,1789586186412,120757275756141
2,30824,0.0,1789586186412,120757275756141
3,30824,0.0,1789586186412,120757275756141
4,30824,0.0,1789586186412,120757275756141
5,30824,0.0,1789586186412,120757275756141
6,30824,0.0,1789586186412,120757275756141
7,30824,0.0,1789586186412,120757275756141
0,30925,0.0,1789586186513,120757278165548
1,30925,0.0,1789586186513,120757278165548
2,30925,0.0,1789586186513,120757278165548
3,30925,0.0,1789586186513,120757278165548
4,30925,0.0,1789586186513,120757278165548
5,30925,0.0,1789586186513,120757278165548
6,30925,0.0,1789586186513,120757278165548
7,30925,0.0,1789586186513,120757278165548
0,31025,0.0,1789586186613,120757280573302
1,31025,0.0,1789586186613,120757280573302
2,31025,0.0,1789586186613,120757280573302
3,31025,0.0,1789586186613,120757280573302
4,31025,0.0,1789586186613,120757280573302
5,31025,0.0,1789586186613,120757280573302
6,31025,0.0,1789586186613,120757280573302
7,31025,0.0,1789586186613,120757280573302
0,31125,0.0,1789586186713,120757282981163
1,31125,0.0,1789586186713,120757282981163
2,31125,0.0,1789586186713,120757282981163
3,31125,0.0,1789586186713,120757282981163
4,31125,0.0,1789586186713,120757282981163
5,31125,0.0,1789586186713,120757282981163
6,31125,0.0,1789586186713,120757282981163
7,31125,9.1,1789586186713,120757282981163
0,31226,0.0,1789586186814,120757285389045
1,31226,0.0,1789586186814,120757285389045
2,31226,0.0,1789586186814,120757285389045
3,31226,0.0,1789586186814,120757285389045
4,31226,0.0,1789586186814,120757285389045
5,31226,0.0,1789586186814,120757285389045
6,31226,0.0,1789586186814,120757285389045
7,31226,0.0,1789586186814,120757285389045
0,31326,0.0,1789586186914,120757287796818
1,31326,0.0,1789586186914,120757287796818
2,31326,0.0,1789586186914,120757287796818
3,31326,0.0,1789586186914,120757287796818
4,31326,0.0,1789586186914,120757287796818
5,31326,0.0,1789586186914,120757287796818
6,31326,0.0,1789586186914,120757287796818
7,31326,0.0,1789586186914,120757287796818
0,31426,0.0,1789586187014,120757290204379
1,31426,0.0,1789586187014,120757290204379
2,31426,0.0,1789586187014,120757290204379
3,31426,0.0,1789586187014,120757290204379
4,31426,0.0,1789586187014,120757290204379
5,31426,0.0,1789586187014,120757290204379
6,31426,0.0,1789586187014,120757290204379
7,31426,0.0,1789586187014,120757290204379
0,31527,0.0,1789586187115,120757292611805
1,31527,0.0,1789586187115,120757292611805
2,31527,0.0,1789586187115,120757292611805
3,31527,0.0,1789586187115,120757292611805
4,31527,0.0,1789586187115,120757292611805
5,31527,0.0,1789586187115,120757292611805
6,31527,0.0,1789586187115,120757292611805
7,31527,0.0,1789586187115,120757292611805
0,31627,0.0,1789586187215,120757295019961
1,31627,0.0,1789586187215,120757295019961
2,31627,0.0,1789586187215,120757295019961
3,31627,0.0,1789586187215,120757295019961
4,31627,0.0,1789586187215,120757295019961
5,31627,10.0,1789586187215,120757295019961
6,31627,0.0,1789586187215,120757295019961
7,31627,0.0,1789586187215,120757295019961
0,31727,0.0,1789586187315,120757297428385
1,31727,0.0,1789586187315,120757297428385
2,31727,0.0,1789586187315,120757297428385
3,31727,0.0,1789586187315,120757297428385
4,31727,0.0,1789586187315,120757297428385
5,31727,0.0,1789586187315,120757297428385
6,31727,0.0,1789586187315,120757297428385
7,31727,0.0,1789586187315,120757297428385
0,31828,0.0,1789586187416,120757299836092
1,31828,0.0,1789586187416,120757299836092
2,31828,0.0,1789586187416,120757299836092
3,31828,0.0,1789586187416,120757299836092
4,31828,0.0,1789586187416,120757299836092
5,31828,0.0,1789586187416,120757299836092
6,31828,0.0,1789586187416,120757299836092
7,31828,0.0,1789586187416,120757299836092
0,31928,9.1,1789586187516,120757302246021
1,31928,0.0,1789586187516,120757302246021
2,31928,0.0,1789586187516,120757302246021
3,31928,0.0,1789586187516,120757302246021
4,31928,0.0,1789586187516,120757302246021
5,31928,0.0,1789586187516,120757302246021
6,31928,0.0,1789586187516,120757302246021
7,31928,0.0,1789586187516,120757302246021
0,32029,0.0,1789586187617,120757304655159
1,32029,0.0,1789586187617,120757304655159
2,32029,0.0,1789586187617,120757304655159
3,32029,0.0,1789586187617,120757304655159
4,32029,0.0,1789586187617,120757304655159
5,32029,0.0,1789586187617,120757304655159
6,32029,0.0,1789586187617,120757304655159
7,32029,0.0,1789586187617,120757304655159
0,32129,0.0,1789586187717,120757307067371
1,32129,0.0,1789586187717,120757307067371
2,32129,0.0,1789586187717,120757307067371
3,32129,0.0,1789586187717,120757307067371
4,32129,0.0,1789586187717,120757307067371
5,32129,0.0,1789586187717,120757307067371
6,32129,9.1,1789586187717,120757307067371
7,32129,9.1,1789586187717,120757307067371
0,32230,0.0,1789586187818,120757309477582
1,32230,0.0,1789586187818,120757309477582
2,32230,0.0,1789586187818,120757309477582
3,32230,0.0,1789586187818,120757309477582
4,32230,0.0,1789586187818,120757309477582
5,32230,0.0,1789586187818,120757309477582
6,32230,0.0,1789586187818,120757309477582
7,32230,0.0,1789586187818,120757309477582
0,32330,0.0,1789586187918,120757311887254
1,32330,0.0,1789586187918,120757311887254
2,32330,0.0,1789586187918,120757311887254
3,32330,0.0,1789586187918,120757311887254
4,32330,0.0,1789586187918,120757311887254
5,32330,0.0,1789586187918,120757311887254
6,32330,0.0,1789586187918,120757311887254
7,32330,0.0,1789586187918,120757311887254
0,32430,0.0,1789586188018,120757314298697
1,32430,30.0,1789586188018,120757314298697
2,32430,27.3,1789586188018,120757314298697
3,32430,0.0,1789586188018,120757314298697
4,32430,0.0,1789586188018,120757314298697
5,32430,0.0,1789586188018,120757314298697
6,32430,10.0,1789586188018,120757314298697
7,32430,0.0,1789586188018,120757314298697
0,32531,0.0,1789586188119,120757316711050
1,32531,33.3,1789586188119,120757316711050
2,32531,20.0,1789586188119,120757316711050
3,32531,0.0,1789586188119,120757316711050
4,32531,0.0,1789586188119,120757316711050
5,32531,0.0,1789586188119,120757316711050
6,32531,0.0,1789586188119,120757316711050
7,32531,0.0,1789586188119,120757316711050
0,32631,20.0,1789586188219,120757319123127
1,32631,18.2,1789586188219,120757319123127
2,32631,22.2,1789586188219,120757319123127
3,32631,10.0,1789586188219,120757319123127
4,32631,10.0,1789586188219,120757319123127
5,32631,0.0,1789586188219,120757319123127
6,32631,20.0,1789586188219,120757319123127
7,32631,0.0,1789586188219,120757319123127
0,32732,0.0,1789586188320,120757321534918
1,32732,10.0,1789586188320,120757321534918
2,32732,0.0,1789586188320,120757321534918
3,32732,0.0,1789586188320,120757321534918
4,32732,0.0,1789586188320,120757321534918
5,32732,10.0,1789586188320,120757321534918
6,32732,0.0,1789586188320,120757321534918
7,32732,0.0,1789586188320,120757321534918
0,32832,10.0,1789586188420,120757323947682
1,32832,0.0,1789586188420,120757323947682
2,32832,18.2,1789586188420,120757323947682
3,32832,10.0,1789586188420,120757323947682
4,32832,0.0,1789586188420,120757323947682
5,32832,0.0,1789586188420,120757323947682
6,32832,0.0,1789586188420,120757323947682
7,32832,0.0,1789586188420,120757323947682
0,32933,0.0,1789586188521,120757326358908
1,32933,0.0,1789586188521,120757326358908
2,32933,0.0,1789586188521,120757326358908
3,32933,0.0,1789586188521,120757326358908
4,32933,0.0,1789586188521,120757326358908
5,32933,0.0,1789586188521,120757326358908
6,32933,0.0,1789586188521,120757326358908
7,32933,0.0,1789586188521,120757326358908
0,33033,9.1,1789586188621,120757328768339
1,33033,0.0,1789586188621,120757328768339
2,33033,0.0,1789586188621,120757328768339
3,33033,0.0,1789586188621,120757328768339
4,33033,0.0,1789586188621,120757328768339
5,33033,0.0,1789586188621,120757328768339
6,33033,0.0,1789586188621,120757328768339
7,33033,0.0,1789586188621,120757328768339
0,33134,0.0,1789586188722,120757331176625
1,33134,0.0,1789586188722,120757331176625
2,33134,0.0,1789586188722,120757331176625
3,33134,0.0,1789586188722,120757331176625
4,33134,0.0,1789586188722,120757331176625
5,33134,0.0,1789586188722,120757331176625
6,33134,0.0,1789586188722,120757331176625
7,33134,0.0,1789586188722,120757331176625
0,33234,0.0,1789586188822,120757333584496
1,33234,0.0,1789586188822,120757333584496
2,33234,0.0,1789586188822,120757333584496
3,33234,0.0,1789586188822,120757333584496
4,33234,0.0,1789586188822,120757333584496
5,33234,0.0,1789586188822,120757333584496
6,33234,0.0,1789586188822,120757333584496
7,33234,0.0,1789586188822,120757333584496
0,33334,0.0,1789586188922,120757335993608
1,33334,0.0,1789586188922,120757335993608
2,33334,0.0,1789586188922,120757335993608
3,33334,0.0,1789586188922,120757335993608
4,33334,0.0,1789586188922,120757335993608
5,33334,0.0,1789586188922,120757335993608
6,33334,0.0,1789586188922,120757335993608
7,33334,0.0,1789586188922,120757335993608
0,33435,0.0,1789586189023,120757338401362
1,33435,0.0,1789586189023,120757338401362
2,33435,0.0,1789586189023,120757338401362
3,33435,0.0,1789586189023,120757338401362
4,33435,0.0,1789586189023,120757338401362
5,33435,0.0,1789586189023,120757338401362
6,33435,0.0,1789586189023,120757338401362
7,33435,0.0,1789586189023,120757338401362
0,33535,0.0,1789586189123,120757340809576
1,33535,0.0,1789586189123,120757340809576
2,33535,0.0,1789586189123,120757340809576
3,33535,0.0,1789586189123,120757340809576
4,33535,0.0,1789586189123,120757340809576
5,33535,0.0,1789586189123,120757340809576
6,33535,0.0,1789586189123,120757340809576
7,33535,9.1,1789586189123,120757340809576
0,33635,0.0,1789586189223,120757343217848
1,33635,0.0,1789586189223,120757343217848
2,33635,0.0,1789586189223,120757343217848
3,33635,0.0,1789586189223,120757343217848
4,33635,0.0,1789586189223,120757343217848
5,33635,10.0,1789586189223,120757343217848
6,33635,0.0,1789586189223,120757343217848
7,33635,0.0,1789586189223,120757343217848
0,33736,0.0,1789586189324,120757345625923
1,33736,0.0,1789586189324,120757345625923
2,33736,0.0,1789586189324,120757345625923
3,33736,0.0,1789586189324,120757345625923
4,33736,0.0,1789586189324,120757345625923
5,33736,0.0,1789586189324,120757345625923
6,33736,0.0,1789586189324,120757345625923
7,33736,0.0,1789586189324,120757345625923
0,33836,0.0,1789586189424,120757348033351
1,33836,0.0,1789586189424,120757348033351
2,33836,0.0,1789586189424,120757348033351
3,33836,0.0,1789586189424,120757348033351
4,33836,0.0,1789586189424,120757348033351
5,33836,0.0,1789586189424,120757348033351
6,33836,0.0,1789586189424,120757348033351
7,33836,0.0,1789586189424,120757348033351
0,33936,0.0,1789586189524,120757350441012
1,33936,0.0,1789586189524,120757350441012
2,33936,0.0,1789586189524,120757350441012
3,33936,0.0,1789586189524,120757350441012
4,33936,0.0,1789586189524,120757350441012
5,33936,0.0,1789586189524,120757350441012
6,33936,0.0,1789586189524,120757350441012
7,33936,0.0,1789586189524,120757350441012
0,34037,0.0,1789586189625,120757352848529
1,34037,0.0,1789586189625,120757352848529
2,34037,0.0,1789586189625,120757352848529
3,34037,0.0,1789586189625,120757352848529
4,34037,0.0,1789586189625,120757352848529
5,34037,0.0,1789586189625,120757352848529
6,34037,0.0,1789586189625,120757352848529
7,34037,0.0,1789586189625,120757352848529
0,34137,0.0,1789586189725,120757355255783
1,34137,0.0,1789586189725,120757355255783
2,34137,0.0,1789586189725,120757355255783
3,34137,0.0,1789586189725,120757355255783
4,34137,0.0,1789586189725,120757355255783
5,34137,0.0,1789586189725,120757355255783
6,34137,0.0,1789586189725,120757355255783
7,34137,0.0,1789586189725,120757355255783
0,34237,0.0,1789586189825,120757357663404
1,34237,0.0,1789586189825,120757357663404
2,34237,0.0,1789586189825,120757357663404
3,34237,0.0,1789586189825,120757357663404
4,34237,0.0,1789586189825,120757357663404
5,34237,0.0,1789586189825,120757357663404
6,34237,0.0,1789586189825,120757357663404
7,34237,0.0,1789586189825,120757357663404
0,34338,0.0,1789586189926,120757360070808
1,34338,0.0,1789586189926,120757360070808
2,34338,0.0,1789586189926,120757360070808
3,34338,0.0,1789586189926,120757360070808
4,34338,0.0,1789586189926,120757360070808
5,34338,0.0,1789586189926,120757360070808
6,34338,0.0,1789586189926,120757360070808
7,34338,0.0,1789586189926,120757360070808
0,34438,0.0,1789586190026,120757362477969
1,34438,0.0,1789586190026,120757362477969
2,34438,0.0,1789586190026,120757362477969
3,34438,0.0,1789586190026,120757362477969
4,34438,0.0,1789586190026,120757362477969
5,34438,0.0,1789586190026,120757362477969
6,34438,0.0,1789586190026,120757362477969
7,34438,0.0,1789586190026,120757362477969
0,34538,0.0,1789586190126,120757364887333
1,34538,0.0,1789586190126,120757364887333
2,34538,0.0,1789586190126,120757364887333
3,34538,0.0,1789586190126,120757364887333
4,34538,0.0,1789586190126,120757364887333
5,34538,0.0,1789586190126,120757364887333
6,34538,0.0,1789586190126,120757364887333
7,34538,0.0,1789586190126,120757364887333
0,34639,0.0,1789586190227,120757367294828
1,34639,0.0,1789586190227,120757367294828
2,34639,0.0,1789586190227,120757367294828
3,34639,0.0,1789586190227,120757367294828
4,34639,0.0,1789586190227,120757367294828
5,34639,0.0,1789586190227,120757367294828
6,34639,0.0,1789586190227,120757367294828
7,34639,0.0,1789586190227,120757367294828
0,34739,0.0,1789586190327,120757369702948
1,34739,0.0,1789586190327,120757369702948
2,34739,0.0,1789586190327,120757369702948
3,34739,0.0,1789586190327,120757369702948
4,34739,0.0,1789586190327,120757369702948
5,34739,0.0,1789586190327,120757369702948
6,34739,0.0,1789586190327,120757369702948
7,34739,0.0,1789586190327,120757369702948
0,34839,0.0,1789586190427,120757372114327
1,34839,0.0,1789586190427,120757372114327
2,34839,0.0,1789586190427,120757372114327
3,34839,9.1,1789586190427,120757372114327
4,34839,0.0,1789586190427,120757372114327
5,34839,0.0,1789586190427,120757372114327
6,34839,9.1,1789586190427,120757372114327
7,34839,0.0,1789586190427,120757372114327
0,34940,22.2,1789586190528,120757374526373
1,34940,0.0,1789586190528,120757374526373
2,34940,0.0,1789586190528,120757374526373
3,34940,0.0,1789586190528,120757374526373
4,34940,0.0,1789586190528,120757374526373
5,34940,0.0,1789586190528,120757374526373
6,34940,10.0,1789586190528,120757374526373
7,34940,30.0,1789586190528,120757374526373
0,35040,20.0,1789586190628,120757376938386
1,35040,0.0,1789586190628,120757376938386
2,35040,0.0,1789586190628,120757376938386
3,35040,0.0,1789586190628,120757376938386
4,35040,0.0,1789586190628,120757376938386
5,35040,0.0,1789586190628,120757376938386
6,35040,0.0,1789586190628,120757376938386
7,35040,50.0,1789586190628,120757376938386
0,35141,10.0,1789586190729,120757379351562
1,35141,9.1,1789586190729,120757379351562
2,35141,18.2,1789586190729,120757379351562
3,35141,10.0,1789586190729,120757379351562
4,35141,9.1,1789586190729,120757379351562
5,35141,11.1,1789586190729,120757379351562
6,35141,0.0,1789586190729,120757379351562
7,35141,10.0,1789586190729,120757379351562
0,35242,18.2,1789586190830,120757381764840
1,35242,11.1,1789586190830,120757381764840
2,35242,0.0,1789586190830,120757381764840
3,35242,0.0,1789586190830,120757381764840
4,35242,0.0,1789586190830,120757381764840
5,35242,0.0,1789586190830,120757381764840
6,35242,0.0,1789586190830,120757381764840
7,35242,0.0,1789586190830,120757381764840
0,35342,0.0,1789586190930,120757384177909
1,35342,0.0,1789586190930,120757384177909
2,35342,9.1,1789586190930,120757384177909
3,35342,0.0,1789586190930,120757384177909
4,35342,0.0,1789586190930,120757384177909
5,35342,0.0,1789586190930,120757384177909
6,35342,0.0,1789586190930,120757384177909
7,35342,0.0,1789586190930,120757384177909
0,35443,0.0,1789586191031,120757386590339
1,35443,0.0,1789586191031,120757386590339
2,35443,0.0,1789586191031,120757386590339
3,35443,0.0,1789586191031,120757386590339
4,35443,0.0,1789586191031,120757386590339
5,35443,0.0,1789586191031,120757386590339
6,35443,0.0,1789586191031,120757386590339
7,35443,18.2,1789586191031,120757386590339
0,35543,10.0,1789586191131,120757389004538
1,35543,0.0,1789586191131,120757389004538
2,35543,18.2,1789586191131,120757389004538
3,35543,18.2,1789586191131,120757389004538
4,35543,9.1,1789586191131,120757389004538
5,35543,10.0,1789586191131,120757389004538
6,35543,9.1,1789586191131,120757389004538
7,35543,25.0,1789586191131,120757389004538
0,35644,30.0,1789586191232,120757391417424
1,35644,22.2,1789586191232,120757391417424
2,35644,0.0,1789586191232,120757391417424
3,35644,0.0,1789586191232,120757391417424
4,35644,0.0,1789586191232,120757391417424
5,35644,0.0,1789586191232,120757391417424
6,35644,0.0,1789586191232,120757391417424
7,35644,0.0,1789586191232,120757391417424
0,35744,40.0,1789586191332,120757393828887
1,35744,27.3,1789586191332,120757393828887
2,35744,0.0,1789586191332,120757393828887
3,35744,0.0,1789586191332,120757393828887
4,35744,0.0,1789586191332,120757393828887
5,35744,0.0,1789586191332,120757393828887
6,35744,0.0,1789586191332,120757393828887
7,35744,0.0,1789586191332,120757393828887
0,35845,0.0,1789586191433,120757396243068
1,35845,10.0,1789586191433,120757396243068
2,35845,10.0,1789586191433,120757396243068
3,35845,11.1,1789586191433,120757396243068
4,35845,0.0,1789586191433,120757396243068
5,35845,10.0,1789586191433,120757396243068
6,35845,18.2,1789586191433,120757396243068
7,35845,18.2,1789586191433,120757396243068
0,35902,0.0,1789586191490,120757397604501
1,35902,16.7,1789586191490,120757397604501
2,35902,0.0,1789586191490,120757397604501
3,35902,0.0,1789586191490,120757397604501
4,35902,14.3,1789586191490,120757397604501
5,35902,0.0,1789586191490,120757397604501
6,35902,0.0,1789586191490,120757397604501
7,35902,0.0,1789586191490,120757397604501
