cpu,t_ms,busy_pct,epoch_ms,rdtime_ticks
0,100,0.0,1789587468083,120788035494361
1,100,0.0,1789587468083,120788035494361
2,100,0.0,1789587468083,120788035494361
3,100,0.0,1789587468083,120788035494361
4,100,0.0,1789587468083,120788035494361
5,100,0.0,1789587468083,120788035494361
6,100,0.0,1789587468083,120788035494361
7,100,0.0,1789587468083,120788035494361
0,201,0.0,1789587468184,120788037907260
1,201,0.0,1789587468184,120788037907260
2,201,0.0,1789587468184,120788037907260
3,201,0.0,1789587468184,120788037907260
4,201,0.0,1789587468184,120788037907260
5,201,0.0,1789587468184,120788037907260
6,201,0.0,1789587468184,120788037907260
7,201,9.1,1789587468184,120788037907260
0,301,0.0,1789587468284,120788040317579
1,301,0.0,1789587468284,120788040317579
2,301,0.0,1789587468284,120788040317579
3,301,0.0,1789587468284,120788040317579
4,301,0.0,1789587468284,120788040317579
5,301,0.0,1789587468284,120788040317579
6,301,0.0,1789587468284,120788040317579
7,301,0.0,1789587468284,120788040317579
0,402,0.0,1789587468385,120788042726271
1,402,0.0,1789587468385,120788042726271
2,402,0.0,1789587468385,120788042726271
3,402,0.0,1789587468385,120788042726271
4,402,0.0,1789587468385,120788042726271
5,402,0.0,1789587468385,120788042726271
6,402,0.0,1789587468385,120788042726271
7,402,0.0,1789587468385,120788042726271
0,502,0.0,1789587468485,120788045133978
1,502,0.0,1789587468485,120788045133978
2,502,0.0,1789587468485,120788045133978
3,502,0.0,1789587468485,120788045133978
4,502,0.0,1789587468485,120788045133978
5,502,0.0,1789587468485,120788045133978
6,502,0.0,1789587468485,120788045133978
7,502,0.0,1789587468485,120788045133978
0,602,0.0,1789587468585,120788047545119
1,602,18.2,1789587468585,120788047545119
2,602,18.2,1789587468585,120788047545119
3,602,22.2,1789587468585,120788047545119
4,602,9.1,1789587468585,120788047545119
5,602,10.0,1789587468585,120788047545119
6,602,9.1,1789587468585,120788047545119
7,602,9.1,1789587468585,120788047545119
0,703,0.0,1789587468686,120788049957875
1,703,0.0,1789587468686,120788049957875
2,703,0.0,1789587468686,120788049957875
3,703,10.0,1789587468686,120788049957875
4,703,0.0,1789587468686,120788049957875
5,703,40.0,1789587468686,120788049957875
6,703,0.0,1789587468686,120788049957875
7,703,0.0,1789587468686,120788049957875
0,803,0.0,1789587468786,120788052369889
1,803,0.0,1789587468786,120788052369889
2,803,0.0,1789587468786,120788052369889
3,803,40.0,1789587468786,120788052369889
4,803,10.0,1789587468786,120788052369889
5,803,0.0,1789587468786,120788052369889
6,803,0.0,1789587468786,120788052369889
7,803,10.0,1789587468786,120788052369889
0,904,0.0,1789587468887,120788054783743
1,904,10.0,1789587468887,120788054783743
2,904,10.0,1789587468887,120788054783743
3,904,9.1,1789587468887,120788054783743
4,904,10.0,1789587468887,120788054783743
5,904,9.1,1789587468887,120788054783743
6,904,0.0,1789587468887,120788054783743
7,904,0.0,1789587468887,120788054783743
0,1004,0.0,1789587468987,120788057196879
1,1004,0.0,1789587468987,120788057196879
2,1004,9.1,1789587468987,120788057196879
3,1004,10.0,1789587468987,120788057196879
4,1004,0.0,1789587468987,120788057196879
5,1004,11.1,1789587468987,120788057196879
6,1004,0.0,1789587468987,120788057196879
7,1004,18.2,1789587468987,120788057196879
0,1105,0.0,1789587469088,120788059607886
1,1105,0.0,1789587469088,120788059607886
2,1105,0.0,1789587469088,120788059607886
3,1105,0.0,1789587469088,120788059607886
4,1105,0.0,1789587469088,120788059607886
5,1105,0.0,1789587469088,120788059607886
6,1105,0.0,1789587469088,120788059607886
7,1105,0.0,1789587469088,120788059607886
0,1205,0.0,1789587469188,120788062018285
1,1205,0.0,1789587469188,120788062018285
2,1205,0.0,1789587469188,120788062018285
3,1205,0.0,1789587469188,120788062018285
4,1205,0.0,1789587469188,120788062018285
5,1205,0.0,1789587469188,120788062018285
6,1205,0.0,1789587469188,120788062018285
7,1205,0.0,1789587469188,120788062018285
0,1306,0.0,1789587469289,120788064427839
1,1306,0.0,1789587469289,120788064427839
2,1306,0.0,1789587469289,120788064427839
3,1306,0.0,1789587469289,120788064427839
4,1306,0.0,1789587469289,120788064427839
5,1306,0.0,1789587469289,120788064427839
6,1306,0.0,1789587469289,120788064427839
7,1306,0.0,1789587469289,120788064427839
0,1406,0.0,1789587469389,120788066840055
1,1406,0.0,1789587469389,120788066840055
2,1406,0.0,1789587469389,120788066840055
3,1406,0.0,1789587469389,120788066840055
4,1406,0.0,1789587469389,120788066840055
5,1406,0.0,1789587469389,120788066840055
6,1406,0.0,1789587469389,120788066840055
7,1406,0.0,1789587469389,120788066840055
0,1507,0.0,1789587469490,120788069254252
1,1507,0.0,1789587469490,120788069254252
2,1507,0.0,1789587469490,120788069254252
3,1507,0.0,1789587469490,120788069254252
4,1507,0.0,1789587469490,120788069254252
5,1507,0.0,1789587469490,120788069254252
6,1507,0.0,1789587469490,120788069254252
7,1507,0.0,1789587469490,120788069254252
0,1607,0.0,1789587469590,120788071666825
1,1607,0.0,1789587469590,120788071666825
2,1607,0.0,1789587469590,120788071666825
3,1607,0.0,1789587469590,120788071666825
4,1607,0.0,1789587469590,120788071666825
5,1607,0.0,1789587469590,120788071666825
6,1607,0.0,1789587469590,120788071666825
7,1607,0.0,1789587469590,120788071666825
0,1708,0.0,1789587469691,120788074081464
1,1708,0.0,1789587469691,120788074081464
2,1708,0.0,1789587469691,120788074081464
3,1708,0.0,1789587469691,120788074081464
4,1708,0.0,1789587469691,120788074081464
5,1708,0.0,1789587469691,120788074081464
6,1708,0.0,1789587469691,120788074081464
7,1708,0.0,1789587469691,120788074081464
0,1809,0.0,1789587469792,120788076495167
1,1809,0.0,1789587469792,120788076495167
2,1809,0.0,1789587469792,120788076495167
3,1809,0.0,1789587469792,120788076495167
4,1809,0.0,1789587469792,120788076495167
5,1809,0.0,1789587469792,120788076495167
6,1809,0.0,1789587469792,120788076495167
7,1809,9.1,1789587469792,120788076495167
0,1909,0.0,1789587469892,120788078908003
1,1909,0.0,1789587469892,120788078908003
2,1909,0.0,1789587469892,120788078908003
3,1909,0.0,1789587469892,120788078908003
4,1909,0.0,1789587469892,120788078908003
5,1909,0.0,1789587469892,120788078908003
6,1909,0.0,1789587469892,120788078908003
7,1909,0.0,1789587469892,120788078908003
0,2010,0.0,1789587469993,120788081323006
1,2010,0.0,1789587469993,120788081323006
2,2010,0.0,1789587469993,120788081323006
3,2010,0.0,1789587469993,120788081323006
4,2010,0.0,1789587469993,120788081323006
5,2010,0.0,1789587469993,120788081323006
6,2010,0.0,1789587469993,120788081323006
7,2010,0.0,1789587469993,120788081323006
0,2110,0.0,1789587470093,120788083736657
1,2110,0.0,1789587470093,120788083736657
2,2110,0.0,1789587470093,120788083736657
3,2110,0.0,1789587470093,120788083736657
4,2110,0.0,1789587470093,120788083736657
5,2110,0.0,1789587470093,120788083736657
6,2110,0.0,1789587470093,120788083736657
7,2110,0.0,1789587470093,120788083736657
0,2211,0.0,1789587470194,120788086149148
1,2211,0.0,1789587470194,120788086149148
2,2211,0.0,1789587470194,120788086149148
3,2211,0.0,1789587470194,120788086149148
4,2211,0.0,1789587470194,120788086149148
5,2211,0.0,1789587470194,120788086149148
6,2211,0.0,1789587470194,120788086149148
7,2211,0.0,1789587470194,120788086149148
0,2311,0.0,1789587470294,120788088563397
1,2311,0.0,1789587470294,120788088563397
2,2311,0.0,1789587470294,120788088563397
3,2311,0.0,1789587470294,120788088563397
4,2311,0.0,1789587470294,120788088563397
5,2311,10.0,1789587470294,120788088563397
6,2311,0.0,1789587470294,120788088563397
7,2311,0.0,1789587470294,120788088563397
0,2412,0.0,1789587470395,120788090978057
1,2412,0.0,1789587470395,120788090978057
2,2412,0.0,1789587470395,120788090978057
3,2412,0.0,1789587470395,120788090978057
4,2412,0.0,1789587470395,120788090978057
5,2412,0.0,1789587470395,120788090978057
6,2412,0.0,1789587470395,120788090978057
7,2412,0.0,1789587470395,120788090978057
0,2513,0.0,1789587470496,120788093391550
1,2513,0.0,1789587470496,120788093391550
2,2513,0.0,1789587470496,120788093391550
3,2513,0.0,1789587470496,120788093391550
4,2513,0.0,1789587470496,120788093391550
5,2513,0.0,1789587470496,120788093391550
6,2513,0.0,1789587470496,120788093391550
7,2513,0.0,1789587470496,120788093391550
0,2613,0.0,1789587470596,120788095804470
1,2613,0.0,1789587470596,120788095804470
2,2613,0.0,1789587470596,120788095804470
3,2613,0.0,1789587470596,120788095804470
4,2613,0.0,1789587470596,120788095804470
5,2613,0.0,1789587470596,120788095804470
6,2613,0.0,1789587470596,120788095804470
7,2613,0.0,1789587470596,120788095804470
0,2714,0.0,1789587470697,120788098218819
1,2714,0.0,1789587470697,120788098218819
2,2714,0.0,1789587470697,120788098218819
3,2714,0.0,1789587470697,120788098218819
4,2714,0.0,1789587470697,120788098218819
5,2714,0.0,1789587470697,120788098218819
6,2714,0.0,1789587470697,120788098218819
7,2714,0.0,1789587470697,120788098218819
0,2814,0.0,1789587470797,120788100635141
1,2814,0.0,1789587470797,120788100635141
2,2814,0.0,1789587470797,120788100635141
3,2814,0.0,1789587470797,120788100635141
4,2814,0.0,1789587470797,120788100635141
5,2814,0.0,1789587470797,120788100635141
6,2814,0.0,1789587470797,120788100635141
7,2814,0.0,1789587470797,120788100635141
0,2915,0.0,1789587470898,120788103049248
1,2915,0.0,1789587470898,120788103049248
2,2915,0.0,1789587470898,120788103049248
3,2915,0.0,1789587470898,120788103049248
4,2915,0.0,1789587470898,120788103049248
5,2915,0.0,1789587470898,120788103049248
6,2915,0.0,1789587470898,120788103049248
7,2915,0.0,1789587470898,120788103049248
0,3016,0.0,1789587470999,120788105462584
1,3016,0.0,1789587470999,120788105462584
2,3016,0.0,1789587470999,120788105462584
3,3016,0.0,1789587470999,120788105462584
4,3016,0.0,1789587470999,120788105462584
5,3016,0.0,1789587470999,120788105462584
6,3016,0.0,1789587470999,120788105462584
7,3016,0.0,1789587470999,120788105462584
0,3116,0.0,1789587471099,120788107876020
1,3116,0.0,1789587471099,120788107876020
2,3116,0.0,1789587471099,120788107876020
3,3116,0.0,1789587471099,120788107876020
4,3116,0.0,1789587471099,120788107876020
5,3116,0.0,1789587471099,120788107876020
6,3116,0.0,1789587471099,120788107876020
7,3116,0.0,1789587471099,120788107876020
0,3217,0.0,1789587471200,120788110287934
1,3217,0.0,1789587471200,120788110287934
2,3217,0.0,1789587471200,120788110287934
3,3217,0.0,1789587471200,120788110287934
4,3217,0.0,1789587471200,120788110287934
5,3217,0.0,1789587471200,120788110287934
6,3217,0.0,1789587471200,120788110287934
7,3217,9.1,1789587471200,120788110287934
0,3317,0.0,1789587471300,120788112695646
1,3317,0.0,1789587471300,120788112695646
2,3317,0.0,1789587471300,120788112695646
3,3317,0.0,1789587471300,120788112695646
4,3317,0.0,1789587471300,120788112695646
5,3317,0.0,1789587471300,120788112695646
6,3317,0.0,1789587471300,120788112695646
7,3317,0.0,1789587471300,120788112695646
0,3417,0.0,1789587471400,120788115103211
1,3417,0.0,1789587471400,120788115103211
2,3417,0.0,1789587471400,120788115103211
3,3417,0.0,1789587471400,120788115103211
4,3417,0.0,1789587471400,120788115103211
5,3417,0.0,1789587471400,120788115103211
6,3417,0.0,1789587471400,120788115103211
7,3417,0.0,1789587471400,120788115103211
0,3518,0.0,1789587471501,120788117510688
1,3518,0.0,1789587471501,120788117510688
2,3518,0.0,1789587471501,120788117510688
3,3518,0.0,1789587471501,120788117510688
4,3518,0.0,1789587471501,120788117510688
5,3518,0.0,1789587471501,120788117510688
6,3518,0.0,1789587471501,120788117510688
7,3518,0.0,1789587471501,120788117510688
0,3618,0.0,1789587471601,120788119918824
1,3618,0.0,1789587471601,120788119918824
2,3618,0.0,1789587471601,120788119918824
3,3618,0.0,1789587471601,120788119918824
4,3618,0.0,1789587471601,120788119918824
5,3618,0.0,1789587471601,120788119918824
6,3618,0.0,1789587471601,120788119918824
7,3618,0.0,1789587471601,120788119918824
0,3718,0.0,1789587471701,120788122326803
1,3718,0.0,1789587471701,120788122326803
2,3718,0.0,1789587471701,120788122326803
3,3718,0.0,1789587471701,120788122326803
4,3718,0.0,1789587471701,120788122326803
5,3718,0.0,1789587471701,120788122326803
6,3718,0.0,1789587471701,120788122326803
7,3718,0.0,1789587471701,120788122326803
0,3819,0.0,1789587471802,120788124734492
1,3819,0.0,1789587471802,120788124734492
2,3819,0.0,1789587471802,120788124734492
3,3819,0.0,1789587471802,120788124734492
4,3819,0.0,1789587471802,120788124734492
5,3819,0.0,1789587471802,120788124734492
6,3819,0.0,1789587471802,120788124734492
7,3819,0.0,1789587471802,120788124734492
0,3919,0.0,1789587471902,120788127143469
1,3919,0.0,1789587471902,120788127143469
2,3919,0.0,1789587471902,120788127143469
3,3919,0.0,1789587471902,120788127143469
4,3919,0.0,1789587471902,120788127143469
5,3919,0.0,1789587471902,120788127143469
6,3919,0.0,1789587471902,120788127143469
7,3919,0.0,1789587471902,120788127143469
0,4019,0.0,1789587472002,120788129551145
1,4019,0.0,1789587472002,120788129551145
2,4019,0.0,1789587472002,120788129551145
3,4019,0.0,1789587472002,120788129551145
4,4019,0.0,1789587472002,120788129551145
5,4019,0.0,1789587472002,120788129551145
6,4019,0.0,1789587472002,120788129551145
7,4019,0.0,1789587472002,120788129551145
0,4120,0.0,1789587472103,120788131958880
1,4120,0.0,1789587472103,120788131958880
2,4120,0.0,1789587472103,120788131958880
3,4120,0.0,1789587472103,120788131958880
4,4120,0.0,1789587472103,120788131958880
5,4120,0.0,1789587472103,120788131958880
6,4120,0.0,1789587472103,120788131958880
7,4120,0.0,1789587472103,120788131958880
0,4220,0.0,1789587472203,120788134367268
1,4220,0.0,1789587472203,120788134367268
2,4220,0.0,1789587472203,120788134367268
3,4220,0.0,1789587472203,120788134367268
4,4220,0.0,1789587472203,120788134367268
5,4220,0.0,1789587472203,120788134367268
6,4220,0.0,1789587472203,120788134367268
7,4220,0.0,1789587472203,120788134367268
0,4320,0.0,1789587472303,120788136776862
1,4320,0.0,1789587472303,120788136776862
2,4320,0.0,1789587472303,120788136776862
3,4320,0.0,1789587472303,120788136776862
4,4320,0.0,1789587472303,120788136776862
5,4320,10.0,1789587472303,120788136776862
6,4320,0.0,1789587472303,120788136776862
7,4320,0.0,1789587472303,120788136776862
0,4421,0.0,1789587472404,120788139185703
1,4421,0.0,1789587472404,120788139185703
2,4421,0.0,1789587472404,120788139185703
3,4421,0.0,1789587472404,120788139185703
4,4421,0.0,1789587472404,120788139185703
5,4421,0.0,1789587472404,120788139185703
6,4421,0.0,1789587472404,120788139185703
7,4421,0.0,1789587472404,120788139185703
0,4521,0.0,1789587472504,120788141593445
1,4521,0.0,1789587472504,120788141593445
2,4521,0.0,1789587472504,120788141593445
3,4521,0.0,1789587472504,120788141593445
4,4521,0.0,1789587472504,120788141593445
5,4521,0.0,1789587472504,120788141593445
6,4521,0.0,1789587472504,120788141593445
7,4521,0.0,1789587472504,120788141593445
0,4621,0.0,1789587472604,120788144002429
1,4621,0.0,1789587472604,120788144002429
2,4621,0.0,1789587472604,120788144002429
3,4621,0.0,1789587472604,120788144002429
4,4621,0.0,1789587472604,120788144002429
5,4621,0.0,1789587472604,120788144002429
6,4621,0.0,1789587472604,120788144002429
7,4621,0.0,1789587472604,120788144002429
0,4722,0.0,1789587472705,120788146410894
1,4722,0.0,1789587472705,120788146410894
2,4722,0.0,1789587472705,120788146410894
3,4722,0.0,1789587472705,120788146410894
4,4722,0.0,1789587472705,120788146410894
5,4722,0.0,1789587472705,120788146410894
6,4722,0.0,1789587472705,120788146410894
7,4722,0.0,1789587472705,120788146410894
0,4822,0.0,1789587472805,120788148818609
1,4822,0.0,1789587472805,120788148818609
2,4822,0.0,1789587472805,120788148818609
3,4822,0.0,1789587472805,120788148818609
4,4822,0.0,1789587472805,120788148818609
5,4822,0.0,1789587472805,120788148818609
6,4822,0.0,1789587472805,120788148818609
7,4822,0.0,1789587472805,120788148818609
0,4922,0.0,1789587472905,120788151226183
1,4922,0.0,1789587472905,120788151226183
2,4922,0.0,1789587472905,120788151226183
3,4922,0.0,1789587472905,120788151226183
4,4922,0.0,1789587472905,120788151226183
5,4922,0.0,1789587472905,120788151226183
6,4922,0.0,1789587472905,120788151226183
7,4922,0.0,1789587472905,120788151226183
0,5023,0.0,1789587473006,120788153633729
1,5023,0.0,1789587473006,120788153633729
2,5023,0.0,1789587473006,120788153633729
3,5023,0.0,1789587473006,120788153633729
4,5023,0.0,1789587473006,120788153633729
5,5023,0.0,1789587473006,120788153633729
6,5023,0.0,1789587473006,120788153633729
7,5023,0.0,1789587473006,120788153633729
0,5123,0.0,1789587473106,120788156042463
1,5123,0.0,1789587473106,120788156042463
2,5123,0.0,1789587473106,120788156042463
3,5123,0.0,1789587473106,120788156042463
4,5123,0.0,1789587473106,120788156042463
5,5123,0.0,1789587473106,120788156042463
6,5123,0.0,1789587473106,120788156042463
7,5123,0.0,1789587473106,120788156042463
0,5223,0.0,1789587473206,120788158450203
1,5223,0.0,1789587473206,120788158450203
2,5223,0.0,1789587473206,120788158450203
3,5223,0.0,1789587473206,120788158450203
4,5223,0.0,1789587473206,120788158450203
5,5223,0.0,1789587473206,120788158450203
6,5223,0.0,1789587473206,120788158450203
7,5223,0.0,1789587473206,120788158450203
0,5324,0.0,1789587473307,120788160858304
1,5324,0.0,1789587473307,120788160858304
2,5324,0.0,1789587473307,120788160858304
3,5324,0.0,1789587473307,120788160858304
4,5324,0.0,1789587473307,120788160858304
5,5324,0.0,1789587473307,120788160858304
6,5324,0.0,1789587473307,120788160858304
7,5324,0.0,1789587473307,120788160858304
0,5424,0.0,1789587473407,120788163266551
1,5424,0.0,1789587473407,120788163266551
2,5424,0.0,1789587473407,120788163266551
3,5424,0.0,1789587473407,120788163266551
4,5424,0.0,1789587473407,120788163266551
5,5424,0.0,1789587473407,120788163266551
6,5424,0.0,1789587473407,120788163266551
7,5424,0.0,1789587473407,120788163266551
0,5524,0.0,1789587473507,120788165674399
1,5524,0.0,1789587473507,120788165674399
2,5524,0.0,1789587473507,120788165674399
3,5524,0.0,1789587473507,120788165674399
4,5524,0.0,1789587473507,120788165674399
5,5524,0.0,1789587473507,120788165674399
6,5524,0.0,1789587473507,120788165674399
7,5524,0.0,1789587473507,120788165674399
0,5625,0.0,1789587473608,120788168082024
1,5625,0.0,1789587473608,120788168082024
2,5625,0.0,1789587473608,120788168082024
3,5625,0.0,1789587473608,120788168082024
4,5625,0.0,1789587473608,120788168082024
5,5625,0.0,1789587473608,120788168082024
6,5625,0.0,1789587473608,120788168082024
7,5625,0.0,1789587473608,120788168082024
0,5725,0.0,1789587473708,120788170489541
1,5725,0.0,1789587473708,120788170489541
2,5725,0.0,1789587473708,120788170489541
3,5725,0.0,1789587473708,120788170489541
4,5725,0.0,1789587473708,120788170489541
5,5725,0.0,1789587473708,120788170489541
6,5725,0.0,1789587473708,120788170489541
7,5725,0.0,1789587473708,120788170489541
0,5826,0.0,1789587473809,120788172900540
1,5826,0.0,1789587473809,120788172900540
2,5826,0.0,1789587473809,120788172900540
3,5826,0.0,1789587473809,120788172900540
4,5826,0.0,1789587473809,120788172900540
5,5826,0.0,1789587473809,120788172900540
6,5826,0.0,1789587473809,120788172900540
7,5826,0.0,1789587473809,120788172900540
0,5926,0.0,1789587473909,120788175310496
1,5926,0.0,1789587473909,120788175310496
2,5926,0.0,1789587473909,120788175310496
3,5926,0.0,1789587473909,120788175310496
4,5926,0.0,1789587473909,120788175310496
5,5926,0.0,1789587473909,120788175310496
6,5926,0.0,1789587473909,120788175310496
7,5926,0.0,1789587473909,120788175310496
0,6026,0.0,1789587474009,120788177718664
1,6026,0.0,1789587474009,120788177718664
2,6026,0.0,1789587474009,120788177718664
3,6026,0.0,1789587474009,120788177718664
4,6026,0.0,1789587474009,120788177718664
5,6026,0.0,1789587474009,120788177718664
6,6026,0.0,1789587474009,120788177718664
7,6026,0.0,1789587474009,120788177718664
0,6127,0.0,1789587474110,120788180126920
1,6127,0.0,1789587474110,120788180126920
2,6127,0.0,1789587474110,120788180126920
3,6127,0.0,1789587474110,120788180126920
4,6127,0.0,1789587474110,120788180126920
5,6127,0.0,1789587474110,120788180126920
6,6127,0.0,1789587474110,120788180126920
7,6127,0.0,1789587474110,120788180126920
0,6227,0.0,1789587474210,120788182534893
1,6227,0.0,1789587474210,120788182534893
2,6227,0.0,1789587474210,120788182534893
3,6227,0.0,1789587474210,120788182534893
4,6227,0.0,1789587474210,120788182534893
5,6227,0.0,1789587474210,120788182534893
6,6227,0.0,1789587474210,120788182534893
7,6227,0.0,1789587474210,120788182534893
0,6327,0.0,1789587474310,120788184944441
1,6327,0.0,1789587474310,120788184944441
2,6327,0.0,1789587474310,120788184944441
3,6327,0.0,1789587474310,120788184944441
4,6327,0.0,1789587474310,120788184944441
5,6327,10.0,1789587474310,120788184944441
6,6327,0.0,1789587474310,120788184944441
7,6327,0.0,1789587474310,120788184944441
0,6428,0.0,1789587474411,120788187354623
1,6428,0.0,1789587474411,120788187354623
2,6428,0.0,1789587474411,120788187354623
3,6428,0.0,1789587474411,120788187354623
4,6428,0.0,1789587474411,120788187354623
5,6428,0.0,1789587474411,120788187354623
6,6428,0.0,1789587474411,120788187354623
7,6428,0.0,1789587474411,120788187354623
0,6528,0.0,1789587474511,120788189762484
1,6528,0.0,1789587474511,120788189762484
2,6528,0.0,1789587474511,120788189762484
3,6528,0.0,1789587474511,120788189762484
4,6528,0.0,1789587474511,120788189762484
5,6528,0.0,1789587474511,120788189762484
6,6528,0.0,1789587474511,120788189762484
7,6528,0.0,1789587474511,120788189762484
0,6628,0.0,1789587474611,120788192170179
1,6628,0.0,1789587474611,120788192170179
2,6628,0.0,1789587474611,120788192170179
3,6628,0.0,1789587474611,120788192170179
4,6628,0.0,1789587474611,120788192170179
5,6628,0.0,1789587474611,120788192170179
6,6628,0.0,1789587474611,120788192170179
7,6628,0.0,1789587474611,120788192170179
0,6729,0.0,1789587474712,120788194577841
1,6729,0.0,1789587474712,120788194577841
2,6729,0.0,1789587474712,120788194577841
3,6729,0.0,1789587474712,120788194577841
4,6729,0.0,1789587474712,120788194577841
5,6729,0.0,1789587474712,120788194577841
6,6729,0.0,1789587474712,120788194577841
7,6729,0.0,1789587474712,120788194577841
0,6829,0.0,1789587474812,120788196985490
1,6829,0.0,1789587474812,120788196985490
2,6829,0.0,1789587474812,120788196985490
3,6829,0.0,1789587474812,120788196985490
4,6829,0.0,1789587474812,120788196985490
5,6829,0.0,1789587474812,120788196985490
6,6829,0.0,1789587474812,120788196985490
7,6829,0.0,1789587474812,120788196985490
0,6929,0.0,1789587474912,120788199393124
1,6929,0.0,1789587474912,120788199393124
2,6929,0.0,1789587474912,120788199393124
3,6929,0.0,1789587474912,120788199393124
4,6929,0.0,1789587474912,120788199393124
5,6929,0.0,1789587474912,120788199393124
6,6929,0.0,1789587474912,120788199393124
7,6929,0.0,1789587474912,120788199393124
0,7030,0.0,1789587475013,120788201800683
1,7030,0.0,1789587475013,120788201800683
2,7030,0.0,1789587475013,120788201800683
3,7030,0.0,1789587475013,120788201800683
4,7030,0.0,1789587475013,120788201800683
5,7030,0.0,1789587475013,120788201800683
6,7030,0.0,1789587475013,120788201800683
7,7030,0.0,1789587475013,120788201800683
0,7130,0.0,1789587475113,120788204209908
1,7130,0.0,1789587475113,120788204209908
2,7130,0.0,1789587475113,120788204209908
3,7130,0.0,1789587475113,120788204209908
4,7130,0.0,1789587475113,120788204209908
5,7130,0.0,1789587475113,120788204209908
6,7130,0.0,1789587475113,120788204209908
7,7130,0.0,1789587475113,120788204209908
0,7230,0.0,1789587475213,120788206618236
1,7230,0.0,1789587475213,120788206618236
2,7230,0.0,1789587475213,120788206618236
3,7230,0.0,1789587475213,120788206618236
4,7230,0.0,1789587475213,120788206618236
5,7230,0.0,1789587475213,120788206618236
6,7230,0.0,1789587475213,120788206618236
7,7230,0.0,1789587475213,120788206618236
0,7331,0.0,1789587475314,120788209025812
1,7331,0.0,1789587475314,120788209025812
2,7331,0.0,1789587475314,120788209025812
3,7331,0.0,1789587475314,120788209025812
4,7331,0.0,1789587475314,120788209025812
5,7331,0.0,1789587475314,120788209025812
6,7331,0.0,1789587475314,120788209025812
7,7331,0.0,1789587475314,120788209025812
0,7431,0.0,1789587475414,120788211433229
1,7431,0.0,1789587475414,120788211433229
2,7431,0.0,1789587475414,120788211433229
3,7431,0.0,1789587475414,120788211433229
4,7431,0.0,1789587475414,120788211433229
5,7431,0.0,1789587475414,120788211433229
6,7431,0.0,1789587475414,120788211433229
7,7431,0.0,1789587475414,120788211433229
0,7531,0.0,1789587475514,120788213840529
1,7531,0.0,1789587475514,120788213840529
2,7531,0.0,1789587475514,120788213840529
3,7531,0.0,1789587475514,120788213840529
4,7531,0.0,1789587475514,120788213840529
5,7531,0.0,1789587475514,120788213840529
6,7531,0.0,1789587475514,120788213840529
7,7531,0.0,1789587475514,120788213840529
0,7632,0.0,1789587475615,120788216248641
1,7632,0.0,1789587475615,120788216248641
2,7632,0.0,1789587475615,120788216248641
3,7632,0.0,1789587475615,120788216248641
4,7632,0.0,1789587475615,120788216248641
5,7632,0.0,1789587475615,120788216248641
6,7632,0.0,1789587475615,120788216248641
7,7632,0.0,1789587475615,120788216248641
0,7732,0.0,1789587475715,120788218656771
1,7732,0.0,1789587475715,120788218656771
2,7732,0.0,1789587475715,120788218656771
3,7732,0.0,1789587475715,120788218656771
4,7732,0.0,1789587475715,120788218656771
5,7732,0.0,1789587475715,120788218656771
6,7732,0.0,1789587475715,120788218656771
7,7732,0.0,1789587475715,120788218656771
0,7832,0.0,1789587475815,120788221065023
1,7832,0.0,1789587475815,120788221065023
2,7832,0.0,1789587475815,120788221065023
3,7832,0.0,1789587475815,120788221065023
4,7832,0.0,1789587475815,120788221065023
5,7832,0.0,1789587475815,120788221065023
6,7832,0.0,1789587475815,120788221065023
7,7832,0.0,1789587475815,120788221065023
0,7933,0.0,1789587475916,120788223473545
1,7933,0.0,1789587475916,120788223473545
2,7933,0.0,1789587475916,120788223473545
3,7933,0.0,1789587475916,120788223473545
4,7933,0.0,1789587475916,120788223473545
5,7933,0.0,1789587475916,120788223473545
6,7933,0.0,1789587475916,120788223473545
7,7933,0.0,1789587475916,120788223473545
0,8033,0.0,1789587476016,120788225881249
1,8033,0.0,1789587476016,120788225881249
2,8033,0.0,1789587476016,120788225881249
3,8033,0.0,1789587476016,120788225881249
4,8033,0.0,1789587476016,120788225881249
5,8033,0.0,1789587476016,120788225881249
6,8033,0.0,1789587476016,120788225881249
7,8033,0.0,1789587476016,120788225881249
0,8133,0.0,1789587476116,120788228288659
1,8133,0.0,1789587476116,120788228288659
2,8133,0.0,1789587476116,120788228288659
3,8133,0.0,1789587476116,120788228288659
4,8133,0.0,1789587476116,120788228288659
5,8133,0.0,1789587476116,120788228288659
6,8133,0.0,1789587476116,120788228288659
7,8133,0.0,1789587476116,120788228288659
0,8234,0.0,1789587476217,120788230695792
1,8234,0.0,1789587476217,120788230695792
2,8234,0.0,1789587476217,120788230695792
3,8234,0.0,1789587476217,120788230695792
4,8234,0.0,1789587476217,120788230695792
5,8234,0.0,1789587476217,120788230695792
6,8234,0.0,1789587476217,120788230695792
7,8234,0.0,1789587476217,120788230695792
0,8334,0.0,1789587476317,120788233104851
1,8334,0.0,1789587476317,120788233104851
2,8334,0.0,1789587476317,120788233104851
3,8334,0.0,1789587476317,120788233104851
4,8334,0.0,1789587476317,120788233104851
5,8334,0.0,1789587476317,120788233104851
6,8334,0.0,1789587476317,120788233104851
7,8334,0.0,1789587476317,120788233104851
0,8434,0.0,1789587476417,120788235513596
1,8434,0.0,1789587476417,120788235513596
2,8434,0.0,1789587476417,120788235513596
3,8434,0.0,1789587476417,120788235513596
4,8434,0.0,1789587476417,120788235513596
5,8434,0.0,1789587476417,120788235513596
6,8434,0.0,1789587476417,120788235513596
7,8434,0.0,1789587476417,120788235513596
0,8535,0.0,1789587476518,120788237921535
1,8535,0.0,1789587476518,120788237921535
2,8535,0.0,1789587476518,120788237921535
3,8535,0.0,1789587476518,120788237921535
4,8535,0.0,1789587476518,120788237921535
5,8535,0.0,1789587476518,120788237921535
6,8535,0.0,1789587476518,120788237921535
7,8535,0.0,1789587476518,120788237921535
0,8635,0.0,1789587476618,120788240329074
1,8635,0.0,1789587476618,120788240329074
2,8635,0.0,1789587476618,120788240329074
3,8635,0.0,1789587476618,120788240329074
4,8635,0.0,1789587476618,120788240329074
5,8635,0.0,1789587476618,120788240329074
6,8635,0.0,1789587476618,120788240329074
7,8635,0.0,1789587476618,120788240329074
0,8736,22.2,1789587476719,120788242740032
1,8736,0.0,1789587476719,120788242740032
2,8736,0.0,1789587476719,120788242740032
3,8736,0.0,1789587476719,120788242740032
4,8736,0.0,1789587476719,120788242740032
5,8736,0.0,1789587476719,120788242740032
6,8736,0.0,1789587476719,120788242740032
7,8736,0.0,1789587476719,120788242740032
0,8836,0.0,1789587476819,120788245152808
1,8836,0.0,1789587476819,120788245152808
2,8836,0.0,1789587476819,120788245152808
3,8836,0.0,1789587476819,120788245152808
4,8836,10.0,1789587476819,120788245152808
5,8836,0.0,1789587476819,120788245152808
6,8836,10.0,1789587476819,120788245152808
7,8836,0.0,1789587476819,120788245152808
0,8937,0.0,1789587476920,120788247563772
1,8937,0.0,1789587476920,120788247563772
2,8937,0.0,1789587476920,120788247563772
3,8937,0.0,1789587476920,120788247563772
4,8937,0.0,1789587476920,120788247563772
5,8937,0.0,1789587476920,120788247563772
6,8937,0.0,1789587476920,120788247563772
7,8937,9.1,1789587476920,120788247563772
0,9037,0.0,1789587477020,120788249971828
1,9037,0.0,1789587477020,120788249971828
2,9037,0.0,1789587477020,120788249971828
3,9037,0.0,1789587477020,120788249971828
4,9037,0.0,1789587477020,120788249971828
5,9037,0.0,1789587477020,120788249971828
6,9037,0.0,1789587477020,120788249971828
7,9037,0.0,1789587477020,120788249971828
0,9137,0.0,1789587477120,120788252379620
1,9137,0.0,1789587477120,120788252379620
2,9137,0.0,1789587477120,120788252379620
3,9137,0.0,1789587477120,120788252379620
4,9137,0.0,1789587477120,120788252379620
5,9137,0.0,1789587477120,120788252379620
6,9137,0.0,1789587477120,120788252379620
7,9137,0.0,1789587477120,120788252379620
0,9237,0.0,1789587477220,120788254786990
1,9237,0.0,1789587477220,120788254786990
2,9237,0.0,1789587477220,120788254786990
3,9237,0.0,1789587477220,120788254786990
4,9237,0.0,1789587477220,120788254786990
5,9237,0.0,1789587477220,120788254786990
6,9237,0.0,1789587477220,120788254786990
7,9237,0.0,1789587477220,120788254786990
0,9338,0.0,1789587477321,120788257195398
1,9338,0.0,1789587477321,120788257195398
2,9338,0.0,1789587477321,120788257195398
3,9338,0.0,1789587477321,120788257195398
4,9338,0.0,1789587477321,120788257195398
5,9338,0.0,1789587477321,120788257195398
6,9338,0.0,1789587477321,120788257195398
7,9338,0.0,1789587477321,120788257195398
0,9438,0.0,1789587477421,120788259603383
1,9438,0.0,1789587477421,120788259603383
2,9438,0.0,1789587477421,120788259603383
3,9438,0.0,1789587477421,120788259603383
4,9438,0.0,1789587477421,120788259603383
5,9438,0.0,1789587477421,120788259603383
6,9438,0.0,1789587477421,120788259603383
7,9438,0.0,1789587477421,120788259603383
0,9538,0.0,1789587477521,120788262010859
1,9538,0.0,1789587477521,120788262010859
2,9538,0.0,1789587477521,120788262010859
3,9538,0.0,1789587477521,120788262010859
4,9538,0.0,1789587477521,120788262010859
5,9538,0.0,1789587477521,120788262010859
6,9538,0.0,1789587477521,120788262010859
7,9538,0.0,1789587477521,120788262010859
0,9639,0.0,1789587477622,120788264418218
1,9639,0.0,1789587477622,120788264418218
2,9639,0.0,1789587477622,120788264418218
3,9639,0.0,1789587477622,120788264418218
4,9639,0.0,1789587477622,120788264418218
5,9639,0.0,1789587477622,120788264418218
6,9639,0.0,1789587477622,120788264418218
7,9639,0.0,1789587477622,120788264418218
0,9739,0.0,1789587477722,120788266825837
1,9739,0.0,1789587477722,120788266825837
2,9739,0.0,1789587477722,120788266825837
3,9739,0.0,1789587477722,120788266825837
4,9739,0.0,1789587477722,120788266825837
5,9739,0.0,1789587477722,120788266825837
6,9739,0.0,1789587477722,120788266825837
7,9739,0.0,1789587477722,120788266825837
0,9839,0.0,1789587477822,120788269233477
1,9839,0.0,1789587477822,120788269233477
2,9839,0.0,1789587477822,120788269233477
3,9839,0.0,1789587477822,120788269233477
4,9839,0.0,1789587477822,120788269233477
5,9839,0.0,1789587477822,120788269233477
6,9839,0.0,1789587477822,120788269233477
7,9839,0.0,1789587477822,120788269233477
0,9940,0.0,1789587477923,120788271641102
1,9940,0.0,1789587477923,120788271641102
2,9940,0.0,1789587477923,120788271641102
3,9940,0.0,1789587477923,120788271641102
4,9940,0.0,1789587477923,120788271641102
5,9940,0.0,1789587477923,120788271641102
6,9940,0.0,1789587477923,120788271641102
7,9940,0.0,1789587477923,120788271641102
0,10040,0.0,1789587478023,120788274049217
1,10040,0.0,1789587478023,120788274049217
2,10040,0.0,1789587478023,120788274049217
3,10040,0.0,1789587478023,120788274049217
4,10040,0.0,1789587478023,120788274049217
5,10040,0.0,1789587478023,120788274049217
6,10040,0.0,1789587478023,120788274049217
7,10040,0.0,1789587478023,120788274049217
0,10140,0.0,1789587478123,120788276457687
1,10140,0.0,1789587478123,120788276457687
2,10140,0.0,1789587478123,120788276457687
3,10140,0.0,1789587478123,120788276457687
4,10140,0.0,1789587478123,120788276457687
5,10140,0.0,1789587478123,120788276457687
6,10140,0.0,1789587478123,120788276457687
7,10140,0.0,1789587478123,120788276457687
0,10241,0.0,1789587478224,120788278865228
1,10241,0.0,1789587478224,120788278865228
2,10241,0.0,1789587478224,120788278865228
3,10241,0.0,1789587478224,120788278865228
4,10241,0.0,1789587478224,120788278865228
5,10241,0.0,1789587478224,120788278865228
6,10241,0.0,1789587478224,120788278865228
7,10241,0.0,1789587478224,120788278865228
0,10341,0.0,1789587478324,120788281273337
1,10341,0.0,1789587478324,120788281273337
2,10341,0.0,1789587478324,120788281273337
3,10341,0.0,1789587478324,120788281273337
4,10341,0.0,1789587478324,120788281273337
5,10341,0.0,1789587478324,120788281273337
6,10341,0.0,1789587478324,120788281273337
7,10341,0.0,1789587478324,120788281273337
0,10442,0.0,1789587478425,120788283683509
1,10442,0.0,1789587478425,120788283683509
2,10442,0.0,1789587478425,120788283683509
3,10442,0.0,1789587478425,120788283683509
4,10442,0.0,1789587478425,120788283683509
5,10442,9.1,1789587478425,120788283683509
6,10442,0.0,1789587478425,120788283683509
7,10442,0.0,1789587478425,120788283683509
0,10542,0.0,1789587478525,120788286092661
1,10542,0.0,1789587478525,120788286092661
2,10542,0.0,1789587478525,120788286092661
3,10542,0.0,1789587478525,120788286092661
4,10542,0.0,1789587478525,120788286092661
5,10542,0.0,1789587478525,120788286092661
6,10542,0.0,1789587478525,120788286092661
7,10542,0.0,1789587478525,120788286092661
0,10642,0.0,1789587478625,120788288500786
1,10642,0.0,1789587478625,120788288500786
2,10642,0.0,1789587478625,120788288500786
3,10642,0.0,1789587478625,120788288500786
4,10642,0.0,1789587478625,120788288500786
5,10642,0.0,1789587478625,120788288500786
6,10642,0.0,1789587478625,120788288500786
7,10642,0.0,1789587478625,120788288500786
0,10743,0.0,1789587478726,120788290908648
1,10743,0.0,1789587478726,120788290908648
2,10743,0.0,1789587478726,120788290908648
3,10743,0.0,1789587478726,120788290908648
4,10743,0.0,1789587478726,120788290908648
5,10743,0.0,1789587478726,120788290908648
6,10743,0.0,1789587478726,120788290908648
7,10743,0.0,1789587478726,120788290908648
0,10843,0.0,1789587478826,120788293316295
1,10843,0.0,1789587478826,120788293316295
2,10843,0.0,1789587478826,120788293316295
3,10843,0.0,1789587478826,120788293316295
4,10843,0.0,1789587478826,120788293316295
5,10843,0.0,1789587478826,120788293316295
6,10843,0.0,1789587478826,120788293316295
7,10843,0.0,1789587478826,120788293316295
0,10943,0.0,1789587478926,120788295724103
1,10943,0.0,1789587478926,120788295724103
2,10943,0.0,1789587478926,120788295724103
3,10943,0.0,1789587478926,120788295724103
4,10943,0.0,1789587478926,120788295724103
5,10943,0.0,1789587478926,120788295724103
6,10943,0.0,1789587478926,120788295724103
7,10943,0.0,1789587478926,120788295724103
0,11044,0.0,1789587479027,120788298131980
1,11044,0.0,1789587479027,120788298131980
2,11044,0.0,1789587479027,120788298131980
3,11044,0.0,1789587479027,120788298131980
4,11044,0.0,1789587479027,120788298131980
5,11044,0.0,1789587479027,120788298131980
6,11044,0.0,1789587479027,120788298131980
7,11044,0.0,1789587479027,120788298131980
0,11144,0.0,1789587479127,120788300539728
1,11144,0.0,1789587479127,120788300539728
2,11144,0.0,1789587479127,120788300539728
3,11144,0.0,1789587479127,120788300539728
4,11144,0.0,1789587479127,120788300539728
5,11144,0.0,1789587479127,120788300539728
6,11144,0.0,1789587479127,120788300539728
7,11144,0.0,1789587479127,120788300539728
0,11244,0.0,1789587479227,120788302949823
1,11244,0.0,1789587479227,120788302949823
2,11244,0.0,1789587479227,120788302949823
3,11244,0.0,1789587479227,120788302949823
4,11244,0.0,1789587479227,120788302949823
5,11244,0.0,1789587479227,120788302949823
6,11244,0.0,1789587479227,120788302949823
7,11244,9.1,1789587479227,120788302949823
0,11345,0.0,1789587479328,120788305358707
1,11345,0.0,1789587479328,120788305358707
2,11345,0.0,1789587479328,120788305358707
3,11345,0.0,1789587479328,120788305358707
4,11345,0.0,1789587479328,120788305358707
5,11345,0.0,1789587479328,120788305358707
6,11345,0.0,1789587479328,120788305358707
7,11345,0.0,1789587479328,120788305358707
0,11445,0.0,1789587479428,120788307768305
1,11445,0.0,1789587479428,120788307768305
2,11445,0.0,1789587479428,120788307768305
3,11445,0.0,1789587479428,120788307768305
4,11445,0.0,1789587479428,120788307768305
5,11445,0.0,1789587479428,120788307768305
6,11445,0.0,1789587479428,120788307768305
7,11445,0.0,1789587479428,120788307768305
0,11545,0.0,1789587479528,120788310176322
1,11545,0.0,1789587479528,120788310176322
2,11545,0.0,1789587479528,120788310176322
3,11545,0.0,1789587479528,120788310176322
4,11545,0.0,1789587479528,120788310176322
5,11545,0.0,1789587479528,120788310176322
6,11545,0.0,1789587479528,120788310176322
7,11545,0.0,1789587479528,120788310176322
0,11646,0.0,1789587479629,120788312584409
1,11646,0.0,1789587479629,120788312584409
2,11646,0.0,1789587479629,120788312584409
3,11646,0.0,1789587479629,120788312584409
4,11646,0.0,1789587479629,120788312584409
5,11646,0.0,1789587479629,120788312584409
6,11646,0.0,1789587479629,120788312584409
7,11646,0.0,1789587479629,120788312584409
0,11746,0.0,1789587479729,120788314992322
1,11746,0.0,1789587479729,120788314992322
2,11746,0.0,1789587479729,120788314992322
3,11746,0.0,1789587479729,120788314992322
4,11746,0.0,1789587479729,120788314992322
5,11746,0.0,1789587479729,120788314992322
6,11746,0.0,1789587479729,120788314992322
7,11746,0.0,1789587479729,120788314992322
0,11847,0.0,1789587479830,120788317403527
1,11847,0.0,1789587479830,120788317403527
2,11847,0.0,1789587479830,120788317403527
3,11847,0.0,1789587479830,120788317403527
4,11847,0.0,1789587479830,120788317403527
5,11847,0.0,1789587479830,120788317403527
6,11847,0.0,1789587479830,120788317403527
7,11847,0.0,1789587479830,120788317403527
0,11947,0.0,1789587479930,120788319813029
1,11947,0.0,1789587479930,120788319813029
2,11947,0.0,1789587479930,120788319813029
3,11947,0.0,1789587479930,120788319813029
4,11947,0.0,1789587479930,120788319813029
5,11947,0.0,1789587479930,120788319813029
6,11947,0.0,1789587479930,120788319813029
7,11947,0.0,1789587479930,120788319813029
0,12047,0.0,1789587480030,120788322220685
1,12047,0.0,1789587480030,120788322220685
2,12047,0.0,1789587480030,120788322220685
3,12047,0.0,1789587480030,120788322220685
4,12047,0.0,1789587480030,120788322220685
5,12047,0.0,1789587480030,120788322220685
6,12047,0.0,1789587480030,120788322220685
7,12047,0.0,1789587480030,120788322220685
0,12148,0.0,1789587480131,120788324628086
1,12148,0.0,1789587480131,120788324628086
2,12148,0.0,1789587480131,120788324628086
3,12148,0.0,1789587480131,120788324628086
4,12148,0.0,1789587480131,120788324628086
5,12148,0.0,1789587480131,120788324628086
6,12148,0.0,1789587480131,120788324628086
7,12148,0.0,1789587480131,120788324628086
0,12248,0.0,1789587480231,120788327039116
1,12248,0.0,1789587480231,120788327039116
2,12248,0.0,1789587480231,120788327039116
3,12248,0.0,1789587480231,120788327039116
4,12248,0.0,1789587480231,120788327039116
5,12248,0.0,1789587480231,120788327039116
6,12248,0.0,1789587480231,120788327039116
7,12248,0.0,1789587480231,120788327039116
0,12348,0.0,1789587480331,120788329447902
1,12348,0.0,1789587480331,120788329447902
2,12348,0.0,1789587480331,120788329447902
3,12348,0.0,1789587480331,120788329447902
4,12348,0.0,1789587480331,120788329447902
5,12348,0.0,1789587480331,120788329447902
6,12348,0.0,1789587480331,120788329447902
7,12348,9.1,1789587480331,120788329447902
0,12449,0.0,1789587480432,120788331857549
1,12449,9.1,1789587480432,120788331857549
2,12449,0.0,1789587480432,120788331857549
3,12449,0.0,1789587480432,120788331857549
4,12449,0.0,1789587480432,120788331857549
5,12449,0.0,1789587480432,120788331857549
6,12449,0.0,1789587480432,120788331857549
7,12449,0.0,1789587480432,120788331857549
0,12549,0.0,1789587480532,120788334265987
1,12549,0.0,1789587480532,120788334265987
2,12549,0.0,1789587480532,120788334265987
3,12549,0.0,1789587480532,120788334265987
4,12549,0.0,1789587480532,120788334265987
5,12549,0.0,1789587480532,120788334265987
6,12549,0.0,1789587480532,120788334265987
7,12549,0.0,1789587480532,120788334265987
0,12650,9.1,1789587480633,120788336674933
1,12650,0.0,1789587480633,120788336674933
2,12650,0.0,1789587480633,120788336674933
3,12650,0.0,1789587480633,120788336674933
4,12650,0.0,1789587480633,120788336674933
5,12650,0.0,1789587480633,120788336674933
6,12650,0.0,1789587480633,120788336674933
7,12650,0.0,1789587480633,120788336674933
0,12750,0.0,1789587480733,120788339082591
1,12750,0.0,1789587480733,120788339082591
2,12750,0.0,1789587480733,120788339082591
3,12750,0.0,1789587480733,120788339082591
4,12750,0.0,1789587480733,120788339082591
5,12750,0.0,1789587480733,120788339082591
6,12750,0.0,1789587480733,120788339082591
7,12750,0.0,1789587480733,120788339082591
0,12850,0.0,1789587480833,120788341489773
1,12850,0.0,1789587480833,120788341489773
2,12850,0.0,1789587480833,120788341489773
3,12850,0.0,1789587480833,120788341489773
4,12850,0.0,1789587480833,120788341489773
5,12850,0.0,1789587480833,120788341489773
6,12850,0.0,1789587480833,120788341489773
7,12850,0.0,1789587480833,120788341489773
0,12950,0.0,1789587480933,120788343897066
1,12950,0.0,1789587480933,120788343897066
2,12950,0.0,1789587480933,120788343897066
3,12950,0.0,1789587480933,120788343897066
4,12950,0.0,1789587480933,120788343897066
5,12950,0.0,1789587480933,120788343897066
6,12950,0.0,1789587480933,120788343897066
7,12950,0.0,1789587480933,120788343897066
0,13051,0.0,1789587481034,120788346304187
1,13051,0.0,1789587481034,120788346304187
2,13051,0.0,1789587481034,120788346304187
3,13051,0.0,1789587481034,120788346304187
4,13051,0.0,1789587481034,120788346304187
5,13051,0.0,1789587481034,120788346304187
6,13051,0.0,1789587481034,120788346304187
7,13051,0.0,1789587481034,120788346304187
0,13151,0.0,1789587481134,120788348711243
1,13151,0.0,1789587481134,120788348711243
2,13151,0.0,1789587481134,120788348711243
3,13151,0.0,1789587481134,120788348711243
4,13151,0.0,1789587481134,120788348711243
5,13151,0.0,1789587481134,120788348711243
6,13151,0.0,1789587481134,120788348711243
7,13151,0.0,1789587481134,120788348711243
0,13251,0.0,1789587481234,120788351118264
1,13251,0.0,1789587481234,120788351118264
2,13251,0.0,1789587481234,120788351118264
3,13251,0.0,1789587481234,120788351118264
4,13251,0.0,1789587481234,120788351118264
5,13251,0.0,1789587481234,120788351118264
6,13251,0.0,1789587481234,120788351118264
7,13251,0.0,1789587481234,120788351118264
0,13352,0.0,1789587481335,120788353525325
1,13352,0.0,1789587481335,120788353525325
2,13352,0.0,1789587481335,120788353525325
3,13352,0.0,1789587481335,120788353525325
4,13352,0.0,1789587481335,120788353525325
5,13352,0.0,1789587481335,120788353525325
6,13352,0.0,1789587481335,120788353525325
7,13352,0.0,1789587481335,120788353525325
0,13452,0.0,1789587481435,120788355933151
1,13452,0.0,1789587481435,120788355933151
2,13452,0.0,1789587481435,120788355933151
3,13452,0.0,1789587481435,120788355933151
4,13452,0.0,1789587481435,120788355933151
5,13452,0.0,1789587481435,120788355933151
6,13452,0.0,1789587481435,120788355933151
7,13452,0.0,1789587481435,120788355933151
0,13552,0.0,1789587481535,120788358340252
1,13552,0.0,1789587481535,120788358340252
2,13552,0.0,1789587481535,120788358340252
3,13552,0.0,1789587481535,120788358340252
4,13552,0.0,1789587481535,120788358340252
5,13552,0.0,1789587481535,120788358340252
6,13552,0.0,1789587481535,120788358340252
7,13552,9.1,1789587481535,120788358340252
0,13653,0.0,1789587481636,120788360752779
1,13653,0.0,1789587481636,120788360752779
2,13653,0.0,1789587481636,120788360752779
3,13653,0.0,1789587481636,120788360752779
4,13653,0.0,1789587481636,120788360752779
5,13653,0.0,1789587481636,120788360752779
6,13653,0.0,1789587481636,120788360752779
7,13653,0.0,1789587481636,120788360752779
0,13753,0.0,1789587481736,120788363160689
1,13753,0.0,1789587481736,120788363160689
2,13753,0.0,1789587481736,120788363160689
3,13753,0.0,1789587481736,120788363160689
4,13753,0.0,1789587481736,120788363160689
5,13753,0.0,1789587481736,120788363160689
6,13753,0.0,1789587481736,120788363160689
7,13753,0.0,1789587481736,120788363160689
0,13853,0.0,1789587481836,120788365569547
1,13853,0.0,1789587481836,120788365569547
2,13853,0.0,1789587481836,120788365569547
3,13853,0.0,1789587481836,120788365569547
4,13853,0.0,1789587481836,120788365569547
5,13853,0.0,1789587481836,120788365569547
6,13853,0.0,1789587481836,120788365569547
7,13853,0.0,1789587481836,120788365569547
0,13954,0.0,1789587481937,120788367976974
1,13954,0.0,1789587481937,120788367976974
2,13954,0.0,1789587481937,120788367976974
3,13954,0.0,1789587481937,120788367976974
4,13954,0.0,1789587481937,120788367976974
5,13954,0.0,1789587481937,120788367976974
6,13954,0.0,1789587481937,120788367976974
7,13954,0.0,1789587481937,120788367976974
0,14054,0.0,1789587482037,120788370383999
1,14054,0.0,1789587482037,120788370383999
2,14054,0.0,1789587482037,120788370383999
3,14054,0.0,1789587482037,120788370383999
4,14054,0.0,1789587482037,120788370383999
5,14054,0.0,1789587482037,120788370383999
6,14054,0.0,1789587482037,120788370383999
7,14054,0.0,1789587482037,120788370383999
0,14154,0.0,1789587482137,120788372791316
1,14154,0.0,1789587482137,120788372791316
2,14154,0.0,1789587482137,120788372791316
3,14154,0.0,1789587482137,120788372791316
4,14154,0.0,1789587482137,120788372791316
5,14154,0.0,1789587482137,120788372791316
6,14154,0.0,1789587482137,120788372791316
7,14154,0.0,1789587482137,120788372791316
0,14255,0.0,1789587482238,120788375198513
1,14255,0.0,1789587482238,120788375198513
2,14255,0.0,1789587482238,120788375198513
3,14255,0.0,1789587482238,120788375198513
4,14255,0.0,1789587482238,120788375198513
5,14255,0.0,1789587482238,120788375198513
6,14255,0.0,1789587482238,120788375198513
7,14255,0.0,1789587482238,120788375198513
0,14355,0.0,1789587482338,120788377605629
1,14355,0.0,1789587482338,120788377605629
2,14355,0.0,1789587482338,120788377605629
3,14355,0.0,1789587482338,120788377605629
4,14355,0.0,1789587482338,120788377605629
5,14355,0.0,1789587482338,120788377605629
6,14355,0.0,1789587482338,120788377605629
7,14355,0.0,1789587482338,120788377605629
0,14455,0.0,1789587482438,120788380013654
1,14455,0.0,1789587482438,120788380013654
2,14455,0.0,1789587482438,120788380013654
3,14455,0.0,1789587482438,120788380013654
4,14455,0.0,1789587482438,120788380013654
5,14455,0.0,1789587482438,120788380013654
6,14455,0.0,1789587482438,120788380013654
7,14455,0.0,1789587482438,120788380013654
0,14556,0.0,1789587482539,120788382421731
1,14556,0.0,1789587482539,120788382421731
2,14556,0.0,1789587482539,120788382421731
3,14556,0.0,1789587482539,120788382421731
4,14556,0.0,1789587482539,120788382421731
5,14556,0.0,1789587482539,120788382421731
6,14556,0.0,1789587482539,120788382421731
7,14556,0.0,1789587482539,120788382421731
0,14656,0.0,1789587482639,120788384830092
1,14656,0.0,1789587482639,120788384830092
2,14656,0.0,1789587482639,120788384830092
3,14656,0.0,1789587482639,120788384830092
4,14656,0.0,1789587482639,120788384830092
5,14656,0.0,1789587482639,120788384830092
6,14656,0.0,1789587482639,120788384830092
7,14656,0.0,1789587482639,120788384830092
0,14756,0.0,1789587482739,120788387237525
1,14756,0.0,1789587482739,120788387237525
2,14756,0.0,1789587482739,120788387237525
3,14756,0.0,1789587482739,120788387237525
4,14756,0.0,1789587482739,120788387237525
5,14756,0.0,1789587482739,120788387237525
6,14756,0.0,1789587482739,120788387237525
7,14756,0.0,1789587482739,120788387237525
0,14857,0.0,1789587482840,120788389648518
1,14857,0.0,1789587482840,120788389648518
2,14857,0.0,1789587482840,120788389648518
3,14857,0.0,1789587482840,120788389648518
4,14857,0.0,1789587482840,120788389648518
5,14857,10.0,1789587482840,120788389648518
6,14857,0.0,1789587482840,120788389648518
7,14857,0.0,1789587482840,120788389648518
0,14957,0.0,1789587482940,120788392058391
1,14957,0.0,1789587482940,120788392058391
2,14957,0.0,1789587482940,120788392058391
3,14957,0.0,1789587482940,120788392058391
4,14957,0.0,1789587482940,120788392058391
5,14957,0.0,1789587482940,120788392058391
6,14957,0.0,1789587482940,120788392058391
7,14957,0.0,1789587482940,120788392058391
0,15058,0.0,1789587483041,120788394467830
1,15058,0.0,1789587483041,120788394467830
2,15058,0.0,1789587483041,120788394467830
3,15058,0.0,1789587483041,120788394467830
4,15058,0.0,1789587483041,120788394467830
5,15058,0.0,1789587483041,120788394467830
6,15058,0.0,1789587483041,120788394467830
7,15058,0.0,1789587483041,120788394467830
0,15158,0.0,1789587483141,120788396877096
1,15158,0.0,1789587483141,120788396877096
2,15158,0.0,1789587483141,120788396877096
3,15158,0.0,1789587483141,120788396877096
4,15158,0.0,1789587483141,120788396877096
5,15158,0.0,1789587483141,120788396877096
6,15158,0.0,1789587483141,120788396877096
7,15158,0.0,1789587483141,120788396877096
0,15258,0.0,1789587483241,120788399285597
1,15258,0.0,1789587483241,120788399285597
2,15258,0.0,1789587483241,120788399285597
3,15258,0.0,1789587483241,120788399285597
4,15258,0.0,1789587483241,120788399285597
5,15258,0.0,1789587483241,120788399285597
6,15258,0.0,1789587483241,120788399285597
7,15258,0.0,1789587483241,120788399285597
0,15359,0.0,1789587483342,120788401693554
1,15359,0.0,1789587483342,120788401693554
2,15359,0.0,1789587483342,120788401693554
3,15359,0.0,1789587483342,120788401693554
4,15359,0.0,1789587483342,120788401693554
5,15359,0.0,1789587483342,120788401693554
6,15359,0.0,1789587483342,120788401693554
7,15359,0.0,1789587483342,120788401693554
0,15459,0.0,1789587483442,120788404101107
1,15459,0.0,1789587483442,120788404101107
2,15459,0.0,1789587483442,120788404101107
3,15459,0.0,1789587483442,120788404101107
4,15459,0.0,1789587483442,120788404101107
5,15459,0.0,1789587483442,120788404101107
6,15459,0.0,1789587483442,120788404101107
7,15459,0.0,1789587483442,120788404101107
0,15559,0.0,1789587483542,120788406511293
1,15559,0.0,1789587483542,120788406511293
2,15559,0.0,1789587483542,120788406511293
3,15559,0.0,1789587483542,120788406511293
4,15559,0.0,1789587483542,120788406511293
5,15559,0.0,1789587483542,120788406511293
6,15559,0.0,1789587483542,120788406511293
7,15559,0.0,1789587483542,120788406511293
0,15660,0.0,1789587483643,120788408920092
1,15660,0.0,1789587483643,120788408920092
2,15660,0.0,1789587483643,120788408920092
3,15660,0.0,1789587483643,120788408920092
4,15660,0.0,1789587483643,120788408920092
5,15660,0.0,1789587483643,120788408920092
6,15660,0.0,1789587483643,120788408920092
7,15660,0.0,1789587483643,120788408920092
0,15760,0.0,1789587483743,120788411328144
1,15760,0.0,1789587483743,120788411328144
2,15760,0.0,1789587483743,120788411328144
3,15760,0.0,1789587483743,120788411328144
4,15760,0.0,1789587483743,120788411328144
5,15760,0.0,1789587483743,120788411328144
6,15760,0.0,1789587483743,120788411328144
7,15760,0.0,1789587483743,120788411328144
0,15860,0.0,1789587483843,120788413735872
1,15860,0.0,1789587483843,120788413735872
2,15860,0.0,1789587483843,120788413735872
3,15860,0.0,1789587483843,120788413735872
4,15860,0.0,1789587483843,120788413735872
5,15860,0.0,1789587483843,120788413735872
6,15860,0.0,1789587483843,120788413735872
7,15860,0.0,1789587483843,120788413735872
0,15961,0.0,1789587483944,120788416143826
1,15961,0.0,1789587483944,120788416143826
2,15961,0.0,1789587483944,120788416143826
3,15961,0.0,1789587483944,120788416143826
4,15961,0.0,1789587483944,120788416143826
5,15961,0.0,1789587483944,120788416143826
6,15961,0.0,1789587483944,120788416143826
7,15961,0.0,1789587483944,120788416143826
0,16061,0.0,1789587484044,120788418551430
1,16061,0.0,1789587484044,120788418551430
2,16061,0.0,1789587484044,120788418551430
3,16061,0.0,1789587484044,120788418551430
4,16061,0.0,1789587484044,120788418551430
5,16061,0.0,1789587484044,120788418551430
6,16061,0.0,1789587484044,120788418551430
7,16061,0.0,1789587484044,120788418551430
0,16161,0.0,1789587484144,120788420958960
1,16161,0.0,1789587484144,120788420958960
2,16161,0.0,1789587484144,120788420958960
3,16161,0.0,1789587484144,120788420958960
4,16161,0.0,1789587484144,120788420958960
5,16161,0.0,1789587484144,120788420958960
6,16161,0.0,1789587484144,120788420958960
7,16161,0.0,1789587484144,120788420958960
0,16262,0.0,1789587484245,120788423367795
1,16262,0.0,1789587484245,120788423367795
2,16262,0.0,1789587484245,120788423367795
3,16262,0.0,1789587484245,120788423367795
4,16262,0.0,1789587484245,120788423367795
5,16262,0.0,1789587484245,120788423367795
6,16262,0.0,1789587484245,120788423367795
7,16262,0.0,1789587484245,120788423367795
0,16362,0.0,1789587484345,120788425776011
1,16362,0.0,1789587484345,120788425776011
2,16362,0.0,1789587484345,120788425776011
3,16362,0.0,1789587484345,120788425776011
4,16362,0.0,1789587484345,120788425776011
5,16362,0.0,1789587484345,120788425776011
6,16362,0.0,1789587484345,120788425776011
7,16362,0.0,1789587484345,120788425776011
0,16462,0.0,1789587484445,120788428184391
1,16462,10.0,1789587484445,120788428184391
2,16462,0.0,1789587484445,120788428184391
3,16462,0.0,1789587484445,120788428184391
4,16462,0.0,1789587484445,120788428184391
5,16462,0.0,1789587484445,120788428184391
6,16462,0.0,1789587484445,120788428184391
7,16462,0.0,1789587484445,120788428184391
0,16563,0.0,1789587484546,120788430592689
1,16563,0.0,1789587484546,120788430592689
2,16563,0.0,1789587484546,120788430592689
3,16563,0.0,1789587484546,120788430592689
4,16563,0.0,1789587484546,120788430592689
5,16563,0.0,1789587484546,120788430592689
6,16563,0.0,1789587484546,120788430592689
7,16563,0.0,1789587484546,120788430592689
0,16663,0.0,1789587484646,120788433000282
1,16663,0.0,1789587484646,120788433000282
2,16663,0.0,1789587484646,120788433000282
3,16663,0.0,1789587484646,120788433000282
4,16663,0.0,1789587484646,120788433000282
5,16663,0.0,1789587484646,120788433000282
6,16663,0.0,1789587484646,120788433000282
7,16663,0.0,1789587484646,120788433000282
0,16763,0.0,1789587484746,120788435407733
1,16763,0.0,1789587484746,120788435407733
2,16763,0.0,1789587484746,120788435407733
3,16763,0.0,1789587484746,120788435407733
4,16763,0.0,1789587484746,120788435407733
5,16763,0.0,1789587484746,120788435407733
6,16763,0.0,1789587484746,120788435407733
7,16763,0.0,1789587484746,120788435407733
0,16864,0.0,1789587484847,120788437815039
1,16864,0.0,1789587484847,120788437815039
2,16864,0.0,1789587484847,120788437815039
3,16864,0.0,1789587484847,120788437815039
4,16864,0.0,1789587484847,120788437815039
5,16864,0.0,1789587484847,120788437815039
6,16864,0.0,1789587484847,120788437815039
7,16864,0.0,1789587484847,120788437815039
0,16964,0.0,1789587484947,120788440222975
1,16964,0.0,1789587484947,120788440222975
2,16964,0.0,1789587484947,120788440222975
3,16964,0.0,1789587484947,120788440222975
4,16964,0.0,1789587484947,120788440222975
5,16964,0.0,1789587484947,120788440222975
6,16964,0.0,1789587484947,120788440222975
7,16964,0.0,1789587484947,120788440222975
0,17064,0.0,1789587485047,120788442630170
1,17064,0.0,1789587485047,120788442630170
2,17064,0.0,1789587485047,120788442630170
3,17064,0.0,1789587485047,120788442630170
4,17064,0.0,1789587485047,120788442630170
5,17064,0.0,1789587485047,120788442630170
6,17064,0.0,1789587485047,120788442630170
7,17064,0.0,1789587485047,120788442630170
0,17165,0.0,1789587485148,120788445037388
1,17165,0.0,1789587485148,120788445037388
2,17165,0.0,1789587485148,120788445037388
3,17165,0.0,1789587485148,120788445037388
4,17165,0.0,1789587485148,120788445037388
5,17165,0.0,1789587485148,120788445037388
6,17165,0.0,1789587485148,120788445037388
7,17165,0.0,1789587485148,120788445037388
0,17265,0.0,1789587485248,120788447444395
1,17265,0.0,1789587485248,120788447444395
2,17265,0.0,1789587485248,120788447444395
3,17265,0.0,1789587485248,120788447444395
4,17265,0.0,1789587485248,120788447444395
5,17265,0.0,1789587485248,120788447444395
6,17265,0.0,1789587485248,120788447444395
7,17265,0.0,1789587485248,120788447444395
0,17365,0.0,1789587485348,120788449853364
1,17365,0.0,1789587485348,120788449853364
2,17365,0.0,1789587485348,120788449853364
3,17365,0.0,1789587485348,120788449853364
4,17365,0.0,1789587485348,120788449853364
5,17365,0.0,1789587485348,120788449853364
6,17365,0.0,1789587485348,120788449853364
7,17365,0.0,1789587485348,120788449853364
0,17466,0.0,1789587485449,120788452261388
1,17466,0.0,1789587485449,120788452261388
2,17466,0.0,1789587485449,120788452261388
3,17466,0.0,1789587485449,120788452261388
4,17466,0.0,1789587485449,120788452261388
5,17466,0.0,1789587485449,120788452261388
6,17466,0.0,1789587485449,120788452261388
7,17466,0.0,1789587485449,120788452261388
0,17566,0.0,1789587485549,120788454670033
1,17566,0.0,1789587485549,120788454670033
2,17566,0.0,1789587485549,120788454670033
3,17566,0.0,1789587485549,120788454670033
4,17566,0.0,1789587485549,120788454670033
5,17566,0.0,1789587485549,120788454670033
6,17566,0.0,1789587485549,120788454670033
7,17566,0.0,1789587485549,120788454670033
0,17666,0.0,1789587485649,120788457077424
1,17666,0.0,1789587485649,120788457077424
2,17666,0.0,1789587485649,120788457077424
3,17666,0.0,1789587485649,120788457077424
4,17666,0.0,1789587485649,120788457077424
5,17666,0.0,1789587485649,120788457077424
6,17666,0.0,1789587485649,120788457077424
7,17666,0.0,1789587485649,120788457077424
0,17767,0.0,1789587485750,120788459484631
1,17767,0.0,1789587485750,120788459484631
2,17767,0.0,1789587485750,120788459484631
3,17767,0.0,1789587485750,120788459484631
4,17767,0.0,1789587485750,120788459484631
5,17767,0.0,1789587485750,120788459484631
6,17767,0.0,1789587485750,120788459484631
7,17767,0.0,1789587485750,120788459484631
0,17867,0.0,1789587485850,120788461895391
1,17867,0.0,1789587485850,120788461895391
2,17867,0.0,1789587485850,120788461895391
3,17867,0.0,1789587485850,120788461895391
4,17867,0.0,1789587485850,120788461895391
5,17867,0.0,1789587485850,120788461895391
6,17867,0.0,1789587485850,120788461895391
7,17867,0.0,1789587485850,120788461895391
0,17967,0.0,1789587485950,120788464304743
1,17967,0.0,1789587485950,120788464304743
2,17967,0.0,1789587485950,120788464304743
3,17967,0.0,1789587485950,120788464304743
4,17967,0.0,1789587485950,120788464304743
5,17967,0.0,1789587485950,120788464304743
6,17967,0.0,1789587485950,120788464304743
7,17967,0.0,1789587485950,120788464304743
0,18068,0.0,1789587486051,120788466712559
1,18068,0.0,1789587486051,120788466712559
2,18068,0.0,1789587486051,120788466712559
3,18068,0.0,1789587486051,120788466712559
4,18068,0.0,1789587486051,120788466712559
5,18068,0.0,1789587486051,120788466712559
6,18068,0.0,1789587486051,120788466712559
7,18068,0.0,1789587486051,120788466712559
0,18168,0.0,1789587486151,120788469120237
1,18168,0.0,1789587486151,120788469120237
2,18168,0.0,1789587486151,120788469120237
3,18168,0.0,1789587486151,120788469120237
4,18168,0.0,1789587486151,120788469120237
5,18168,0.0,1789587486151,120788469120237
6,18168,0.0,1789587486151,120788469120237
7,18168,9.1,1789587486151,120788469120237
0,18268,0.0,1789587486251,120788471527820
1,18268,0.0,1789587486251,120788471527820
2,18268,0.0,1789587486251,120788471527820
3,18268,0.0,1789587486251,120788471527820
4,18268,0.0,1789587486251,120788471527820
5,18268,0.0,1789587486251,120788471527820
6,18268,0.0,1789587486251,120788471527820
7,18268,0.0,1789587486251,120788471527820
0,18369,0.0,1789587486352,120788473935095
1,18369,0.0,1789587486352,120788473935095
2,18369,0.0,1789587486352,120788473935095
3,18369,0.0,1789587486352,120788473935095
4,18369,0.0,1789587486352,120788473935095
5,18369,0.0,1789587486352,120788473935095
6,18369,0.0,1789587486352,120788473935095
7,18369,0.0,1789587486352,120788473935095
0,18469,0.0,1789587486452,120788476342714
1,18469,0.0,1789587486452,120788476342714
2,18469,0.0,1789587486452,120788476342714
3,18469,0.0,1789587486452,120788476342714
4,18469,0.0,1789587486452,120788476342714
5,18469,0.0,1789587486452,120788476342714
6,18469,0.0,1789587486452,120788476342714
7,18469,0.0,1789587486452,120788476342714
0,18569,0.0,1789587486552,120788478752179
1,18569,0.0,1789587486552,120788478752179
2,18569,0.0,1789587486552,120788478752179
3,18569,0.0,1789587486552,120788478752179
4,18569,0.0,1789587486552,120788478752179
5,18569,0.0,1789587486552,120788478752179
6,18569,0.0,1789587486552,120788478752179
7,18569,0.0,1789587486552,120788478752179
0,18670,0.0,1789587486653,120788481160457
1,18670,0.0,1789587486653,120788481160457
2,18670,0.0,1789587486653,120788481160457
3,18670,0.0,1789587486653,120788481160457
4,18670,0.0,1789587486653,120788481160457
5,18670,0.0,1789587486653,120788481160457
6,18670,0.0,1789587486653,120788481160457
7,18670,0.0,1789587486653,120788481160457
0,18770,0.0,1789587486753,120788483569195
1,18770,0.0,1789587486753,120788483569195
2,18770,0.0,1789587486753,120788483569195
3,18770,0.0,1789587486753,120788483569195
4,18770,0.0,1789587486753,120788483569195
5,18770,0.0,1789587486753,120788483569195
6,18770,0.0,1789587486753,120788483569195
7,18770,0.0,1789587486753,120788483569195
0,18871,0.0,1789587486854,120788485977282
1,18871,0.0,1789587486854,120788485977282
2,18871,0.0,1789587486854,120788485977282
3,18871,0.0,1789587486854,120788485977282
4,18871,0.0,1789587486854,120788485977282
5,18871,0.0,1789587486854,120788485977282
6,18871,0.0,1789587486854,120788485977282
7,18871,0.0,1789587486854,120788485977282
0,18971,0.0,1789587486954,120788488384610
1,18971,0.0,1789587486954,120788488384610
2,18971,0.0,1789587486954,120788488384610
3,18971,0.0,1789587486954,120788488384610
4,18971,0.0,1789587486954,120788488384610
5,18971,0.0,1789587486954,120788488384610
6,18971,0.0,1789587486954,120788488384610
7,18971,0.0,1789587486954,120788488384610
0,19071,0.0,1789587487054,120788490792062
1,19071,0.0,1789587487054,120788490792062
2,19071,0.0,1789587487054,120788490792062
3,19071,0.0,1789587487054,120788490792062
4,19071,0.0,1789587487054,120788490792062
5,19071,0.0,1789587487054,120788490792062
6,19071,0.0,1789587487054,120788490792062
7,19071,0.0,1789587487054,120788490792062
0,19171,0.0,1789587487154,120788493199721
1,19171,0.0,1789587487154,120788493199721
2,19171,0.0,1789587487154,120788493199721
3,19171,0.0,1789587487154,120788493199721
4,19171,0.0,1789587487154,120788493199721
5,19171,0.0,1789587487154,120788493199721
6,19171,0.0,1789587487154,120788493199721
7,19171,0.0,1789587487154,120788493199721
0,19272,0.0,1789587487255,120788495607528
1,19272,0.0,1789587487255,120788495607528
2,19272,0.0,1789587487255,120788495607528
3,19272,0.0,1789587487255,120788495607528
4,19272,0.0,1789587487255,120788495607528
5,19272,0.0,1789587487255,120788495607528
6,19272,0.0,1789587487255,120788495607528
7,19272,0.0,1789587487255,120788495607528
0,19372,0.0,1789587487355,120788498015017
1,19372,0.0,1789587487355,120788498015017
2,19372,0.0,1789587487355,120788498015017
3,19372,0.0,1789587487355,120788498015017
4,19372,0.0,1789587487355,120788498015017
5,19372,0.0,1789587487355,120788498015017
6,19372,0.0,1789587487355,120788498015017
7,19372,0.0,1789587487355,120788498015017
0,19472,0.0,1789587487455,120788500422576
1,19472,0.0,1789587487455,120788500422576
2,19472,0.0,1789587487455,120788500422576
3,19472,0.0,1789587487455,120788500422576
4,19472,0.0,1789587487455,120788500422576
5,19472,0.0,1789587487455,120788500422576
6,19472,0.0,1789587487455,120788500422576
7,19472,0.0,1789587487455,120788500422576
0,19573,0.0,1789587487556,120788502829987
1,19573,0.0,1789587487556,120788502829987
2,19573,0.0,1789587487556,120788502829987
3,19573,0.0,1789587487556,120788502829987
4,19573,0.0,1789587487556,120788502829987
5,19573,0.0,1789587487556,120788502829987
6,19573,0.0,1789587487556,120788502829987
7,19573,0.0,1789587487556,120788502829987
0,19673,0.0,1789587487656,120788505237213
1,19673,0.0,1789587487656,120788505237213
2,19673,0.0,1789587487656,120788505237213
3,19673,0.0,1789587487656,120788505237213
4,19673,0.0,1789587487656,120788505237213
5,19673,0.0,1789587487656,120788505237213
6,19673,0.0,1789587487656,120788505237213
7,19673,0.0,1789587487656,120788505237213
0,19773,0.0,1789587487756,120788507644414
1,19773,0.0,1789587487756,120788507644414
2,19773,0.0,1789587487756,120788507644414
3,19773,0.0,1789587487756,120788507644414
4,19773,0.0,1789587487756,120788507644414
5,19773,0.0,1789587487756,120788507644414
6,19773,0.0,1789587487756,120788507644414
7,19773,0.0,1789587487756,120788507644414
0,19874,0.0,1789587487857,120788510052000
1,19874,0.0,1789587487857,120788510052000
2,19874,0.0,1789587487857,120788510052000
3,19874,0.0,1789587487857,120788510052000
4,19874,0.0,1789587487857,120788510052000
5,19874,0.0,1789587487857,120788510052000
6,19874,0.0,1789587487857,120788510052000
7,19874,9.1,1789587487857,120788510052000
0,19974,0.0,1789587487957,120788512461310
1,19974,0.0,1789587487957,120788512461310
2,19974,0.0,1789587487957,120788512461310
3,19974,0.0,1789587487957,120788512461310
4,19974,0.0,1789587487957,120788512461310
5,19974,0.0,1789587487957,120788512461310
6,19974,0.0,1789587487957,120788512461310
7,19974,0.0,1789587487957,120788512461310
0,20074,0.0,1789587488057,120788514869221
1,20074,0.0,1789587488057,120788514869221
2,20074,0.0,1789587488057,120788514869221
3,20074,0.0,1789587488057,120788514869221
4,20074,0.0,1789587488057,120788514869221
5,20074,0.0,1789587488057,120788514869221
6,20074,0.0,1789587488057,120788514869221
7,20074,0.0,1789587488057,120788514869221
0,20175,0.0,1789587488158,120788517276914
1,20175,0.0,1789587488158,120788517276914
2,20175,0.0,1789587488158,120788517276914
3,20175,0.0,1789587488158,120788517276914
4,20175,0.0,1789587488158,120788517276914
5,20175,0.0,1789587488158,120788517276914
6,20175,0.0,1789587488158,120788517276914
7,20175,0.0,1789587488158,120788517276914
0,20275,0.0,1789587488258,120788519684393
1,20275,0.0,1789587488258,120788519684393
2,20275,0.0,1789587488258,120788519684393
3,20275,0.0,1789587488258,120788519684393
4,20275,0.0,1789587488258,120788519684393
5,20275,0.0,1789587488258,120788519684393
6,20275,0.0,1789587488258,120788519684393
7,20275,0.0,1789587488258,120788519684393
0,20375,0.0,1789587488358,120788522091667
1,20375,0.0,1789587488358,120788522091667
2,20375,0.0,1789587488358,120788522091667
3,20375,0.0,1789587488358,120788522091667
4,20375,0.0,1789587488358,120788522091667
5,20375,0.0,1789587488358,120788522091667
6,20375,0.0,1789587488358,120788522091667
7,20375,0.0,1789587488358,120788522091667
0,20476,0.0,1789587488459,120788524499235
1,20476,10.0,1789587488459,120788524499235
2,20476,0.0,1789587488459,120788524499235
3,20476,0.0,1789587488459,120788524499235
4,20476,0.0,1789587488459,120788524499235
5,20476,0.0,1789587488459,120788524499235
6,20476,0.0,1789587488459,120788524499235
7,20476,0.0,1789587488459,120788524499235
0,20576,0.0,1789587488559,120788526908428
1,20576,0.0,1789587488559,120788526908428
2,20576,0.0,1789587488559,120788526908428
3,20576,0.0,1789587488559,120788526908428
4,20576,0.0,1789587488559,120788526908428
5,20576,0.0,1789587488559,120788526908428
6,20576,0.0,1789587488559,120788526908428
7,20576,0.0,1789587488559,120788526908428
0,20677,0.0,1789587488660,120788529326797
1,20677,0.0,1789587488660,120788529326797
2,20677,0.0,1789587488660,120788529326797
3,20677,0.0,1789587488660,120788529326797
4,20677,0.0,1789587488660,120788529326797
5,20677,0.0,1789587488660,120788529326797
6,20677,0.0,1789587488660,120788529326797
7,20677,0.0,1789587488660,120788529326797
0,20777,0.0,1789587488760,120788531736473
1,20777,0.0,1789587488760,120788531736473
2,20777,0.0,1789587488760,120788531736473
3,20777,0.0,1789587488760,120788531736473
4,20777,0.0,1789587488760,120788531736473
5,20777,0.0,1789587488760,120788531736473
6,20777,0.0,1789587488760,120788531736473
7,20777,0.0,1789587488760,120788531736473
0,20878,0.0,1789587488861,120788534147397
1,20878,0.0,1789587488861,120788534147397
2,20878,0.0,1789587488861,120788534147397
3,20878,0.0,1789587488861,120788534147397
4,20878,10.0,1789587488861,120788534147397
5,20878,0.0,1789587488861,120788534147397
6,20878,9.1,1789587488861,120788534147397
7,20878,0.0,1789587488861,120788534147397
0,20978,0.0,1789587488961,120788536557060
1,20978,0.0,1789587488961,120788536557060
2,20978,0.0,1789587488961,120788536557060
3,20978,0.0,1789587488961,120788536557060
4,20978,0.0,1789587488961,120788536557060
5,20978,0.0,1789587488961,120788536557060
6,20978,0.0,1789587488961,120788536557060
7,20978,0.0,1789587488961,120788536557060
0,21078,0.0,1789587489061,120788538964800
1,21078,0.0,1789587489061,120788538964800
2,21078,0.0,1789587489061,120788538964800
3,21078,0.0,1789587489061,120788538964800
4,21078,0.0,1789587489061,120788538964800
5,21078,0.0,1789587489061,120788538964800
6,21078,0.0,1789587489061,120788538964800
7,21078,0.0,1789587489061,120788538964800
0,21179,0.0,1789587489162,120788541374261
1,21179,0.0,1789587489162,120788541374261
2,21179,0.0,1789587489162,120788541374261
3,21179,0.0,1789587489162,120788541374261
4,21179,0.0,1789587489162,120788541374261
5,21179,0.0,1789587489162,120788541374261
6,21179,0.0,1789587489162,120788541374261
7,21179,0.0,1789587489162,120788541374261
0,21279,0.0,1789587489262,120788543782147
1,21279,0.0,1789587489262,120788543782147
2,21279,0.0,1789587489262,120788543782147
3,21279,0.0,1789587489262,120788543782147
4,21279,0.0,1789587489262,120788543782147
5,21279,0.0,1789587489262,120788543782147
6,21279,0.0,1789587489262,120788543782147
7,21279,0.0,1789587489262,120788543782147
0,21379,0.0,1789587489362,120788546189871
1,21379,0.0,1789587489362,120788546189871
2,21379,0.0,1789587489362,120788546189871
3,21379,0.0,1789587489362,120788546189871
4,21379,0.0,1789587489362,120788546189871
5,21379,0.0,1789587489362,120788546189871
6,21379,0.0,1789587489362,120788546189871
7,21379,0.0,1789587489362,120788546189871
0,21480,0.0,1789587489463,120788548599312
1,21480,0.0,1789587489463,120788548599312
2,21480,0.0,1789587489463,120788548599312
3,21480,0.0,1789587489463,120788548599312
4,21480,0.0,1789587489463,120788548599312
5,21480,0.0,1789587489463,120788548599312
6,21480,0.0,1789587489463,120788548599312
7,21480,0.0,1789587489463,120788548599312
0,21580,0.0,1789587489563,120788551009346
1,21580,0.0,1789587489563,120788551009346
2,21580,0.0,1789587489563,120788551009346
3,21580,0.0,1789587489563,120788551009346
4,21580,0.0,1789587489563,120788551009346
5,21580,0.0,1789587489563,120788551009346
6,21580,0.0,1789587489563,120788551009346
7,21580,9.1,1789587489563,120788551009346
0,21681,0.0,1789587489664,120788553417374
1,21681,0.0,1789587489664,120788553417374
2,21681,0.0,1789587489664,120788553417374
3,21681,0.0,1789587489664,120788553417374
4,21681,0.0,1789587489664,120788553417374
5,21681,0.0,1789587489664,120788553417374
6,21681,0.0,1789587489664,120788553417374
7,21681,0.0,1789587489664,120788553417374
0,21781,0.0,1789587489764,120788555825045
1,21781,0.0,1789587489764,120788555825045
2,21781,0.0,1789587489764,120788555825045
3,21781,0.0,1789587489764,120788555825045
4,21781,0.0,1789587489764,120788555825045
5,21781,0.0,1789587489764,120788555825045
6,21781,0.0,1789587489764,120788555825045
7,21781,9.1,1789587489764,120788555825045
0,21881,0.0,1789587489864,120788558232726
1,21881,0.0,1789587489864,120788558232726
2,21881,0.0,1789587489864,120788558232726
3,21881,0.0,1789587489864,120788558232726
4,21881,0.0,1789587489864,120788558232726
5,21881,0.0,1789587489864,120788558232726
6,21881,0.0,1789587489864,120788558232726
7,21881,0.0,1789587489864,120788558232726
0,21982,0.0,1789587489965,120788560640609
1,21982,0.0,1789587489965,120788560640609
2,21982,0.0,1789587489965,120788560640609
3,21982,0.0,1789587489965,120788560640609
4,21982,0.0,1789587489965,120788560640609
5,21982,0.0,1789587489965,120788560640609
6,21982,0.0,1789587489965,120788560640609
7,21982,0.0,1789587489965,120788560640609
0,22082,0.0,1789587490065,120788563048352
1,22082,0.0,1789587490065,120788563048352
2,22082,0.0,1789587490065,120788563048352
3,22082,0.0,1789587490065,120788563048352
4,22082,0.0,1789587490065,120788563048352
5,22082,0.0,1789587490065,120788563048352
6,22082,0.0,1789587490065,120788563048352
7,22082,0.0,1789587490065,120788563048352
0,22182,0.0,1789587490165,120788565456037
1,22182,0.0,1789587490165,120788565456037
2,22182,0.0,1789587490165,120788565456037
3,22182,0.0,1789587490165,120788565456037
4,22182,0.0,1789587490165,120788565456037
5,22182,0.0,1789587490165,120788565456037
6,22182,0.0,1789587490165,120788565456037
7,22182,0.0,1789587490165,120788565456037
0,22282,0.0,1789587490265,120788567863469
1,22282,0.0,1789587490265,120788567863469
2,22282,0.0,1789587490265,120788567863469
3,22282,0.0,1789587490265,120788567863469
4,22282,0.0,1789587490265,120788567863469
5,22282,0.0,1789587490265,120788567863469
6,22282,0.0,1789587490265,120788567863469
7,22282,0.0,1789587490265,120788567863469
0,22383,0.0,1789587490366,120788570272225
1,22383,0.0,1789587490366,120788570272225
2,22383,0.0,1789587490366,120788570272225
3,22383,0.0,1789587490366,120788570272225
4,22383,0.0,1789587490366,120788570272225
5,22383,0.0,1789587490366,120788570272225
6,22383,0.0,1789587490366,120788570272225
7,22383,0.0,1789587490366,120788570272225
0,22483,0.0,1789587490466,120788572682172
1,22483,10.0,1789587490466,120788572682172
2,22483,0.0,1789587490466,120788572682172
3,22483,0.0,1789587490466,120788572682172
4,22483,0.0,1789587490466,120788572682172
5,22483,0.0,1789587490466,120788572682172
6,22483,0.0,1789587490466,120788572682172
7,22483,0.0,1789587490466,120788572682172
0,22584,0.0,1789587490567,120788575092057
1,22584,0.0,1789587490567,120788575092057
2,22584,0.0,1789587490567,120788575092057
3,22584,0.0,1789587490567,120788575092057
4,22584,0.0,1789587490567,120788575092057
5,22584,0.0,1789587490567,120788575092057
6,22584,0.0,1789587490567,120788575092057
7,22584,0.0,1789587490567,120788575092057
0,22684,0.0,1789587490667,120788577501284
1,22684,0.0,1789587490667,120788577501284
2,22684,0.0,1789587490667,120788577501284
3,22684,0.0,1789587490667,120788577501284
4,22684,0.0,1789587490667,120788577501284
5,22684,0.0,1789587490667,120788577501284
6,22684,0.0,1789587490667,120788577501284
7,22684,0.0,1789587490667,120788577501284
0,22784,0.0,1789587490767,120788579909071
1,22784,0.0,1789587490767,120788579909071
2,22784,0.0,1789587490767,120788579909071
3,22784,0.0,1789587490767,120788579909071
4,22784,0.0,1789587490767,120788579909071
5,22784,0.0,1789587490767,120788579909071
6,22784,0.0,1789587490767,120788579909071
7,22784,0.0,1789587490767,120788579909071
0,22885,0.0,1789587490868,120788582316749
1,22885,0.0,1789587490868,120788582316749
2,22885,0.0,1789587490868,120788582316749
3,22885,0.0,1789587490868,120788582316749
4,22885,0.0,1789587490868,120788582316749
5,22885,0.0,1789587490868,120788582316749
6,22885,0.0,1789587490868,120788582316749
7,22885,0.0,1789587490868,120788582316749
0,22985,0.0,1789587490968,120788584724255
1,22985,0.0,1789587490968,120788584724255
2,22985,0.0,1789587490968,120788584724255
3,22985,0.0,1789587490968,120788584724255
4,22985,0.0,1789587490968,120788584724255
5,22985,0.0,1789587490968,120788584724255
6,22985,0.0,1789587490968,120788584724255
7,22985,0.0,1789587490968,120788584724255
0,23085,0.0,1789587491068,120788587131579
1,23085,0.0,1789587491068,120788587131579
2,23085,0.0,1789587491068,120788587131579
3,23085,0.0,1789587491068,120788587131579
4,23085,0.0,1789587491068,120788587131579
5,23085,0.0,1789587491068,120788587131579
6,23085,0.0,1789587491068,120788587131579
7,23085,0.0,1789587491068,120788587131579
0,23186,0.0,1789587491169,120788589538835
1,23186,0.0,1789587491169,120788589538835
2,23186,0.0,1789587491169,120788589538835
3,23186,0.0,1789587491169,120788589538835
4,23186,0.0,1789587491169,120788589538835
5,23186,0.0,1789587491169,120788589538835
6,23186,0.0,1789587491169,120788589538835
7,23186,0.0,1789587491169,120788589538835
0,23286,0.0,1789587491269,120788591946117
1,23286,0.0,1789587491269,120788591946117
2,23286,0.0,1789587491269,120788591946117
3,23286,0.0,1789587491269,120788591946117
4,23286,0.0,1789587491269,120788591946117
5,23286,0.0,1789587491269,120788591946117
6,23286,0.0,1789587491269,120788591946117
7,23286,0.0,1789587491269,120788591946117
0,23386,0.0,1789587491369,120788594353285
1,23386,0.0,1789587491369,120788594353285
2,23386,0.0,1789587491369,120788594353285
3,23386,0.0,1789587491369,120788594353285
4,23386,0.0,1789587491369,120788594353285
5,23386,0.0,1789587491369,120788594353285
6,23386,0.0,1789587491369,120788594353285
7,23386,0.0,1789587491369,120788594353285
0,23487,0.0,1789587491470,120788596760401
1,23487,0.0,1789587491470,120788596760401
2,23487,0.0,1789587491470,120788596760401
3,23487,0.0,1789587491470,120788596760401
4,23487,0.0,1789587491470,120788596760401
5,23487,0.0,1789587491470,120788596760401
6,23487,0.0,1789587491470,120788596760401
7,23487,0.0,1789587491470,120788596760401
0,23587,0.0,1789587491570,120788599168819
1,23587,0.0,1789587491570,120788599168819
2,23587,0.0,1789587491570,120788599168819
3,23587,0.0,1789587491570,120788599168819
4,23587,0.0,1789587491570,120788599168819
5,23587,0.0,1789587491570,120788599168819
6,23587,0.0,1789587491570,120788599168819
7,23587,0.0,1789587491570,120788599168819
0,23687,0.0,1789587491670,120788601577271
1,23687,0.0,1789587491670,120788601577271
2,23687,0.0,1789587491670,120788601577271
3,23687,0.0,1789587491670,120788601577271
4,23687,0.0,1789587491670,120788601577271
5,23687,0.0,1789587491670,120788601577271
6,23687,0.0,1789587491670,120788601577271
7,23687,0.0,1789587491670,120788601577271
0,23788,0.0,1789587491771,120788603985740
1,23788,0.0,1789587491771,120788603985740
2,23788,0.0,1789587491771,120788603985740
3,23788,0.0,1789587491771,120788603985740
4,23788,0.0,1789587491771,120788603985740
5,23788,0.0,1789587491771,120788603985740
6,23788,0.0,1789587491771,120788603985740
7,23788,0.0,1789587491771,120788603985740
0,23888,0.0,1789587491871,120788606397599
1,23888,0.0,1789587491871,120788606397599
2,23888,0.0,1789587491871,120788606397599
3,23888,0.0,1789587491871,120788606397599
4,23888,0.0,1789587491871,120788606397599
5,23888,0.0,1789587491871,120788606397599
6,23888,0.0,1789587491871,120788606397599
7,23888,0.0,1789587491871,120788606397599
0,23988,0.0,1789587491971,120788608807214
1,23988,0.0,1789587491971,120788608807214
2,23988,0.0,1789587491971,120788608807214
3,23988,0.0,1789587491971,120788608807214
4,23988,0.0,1789587491971,120788608807214
5,23988,0.0,1789587491971,120788608807214
6,23988,0.0,1789587491971,120788608807214
7,23988,9.1,1789587491971,120788608807214
0,24089,0.0,1789587492072,120788611214977
1,24089,0.0,1789587492072,120788611214977
2,24089,0.0,1789587492072,120788611214977
3,24089,0.0,1789587492072,120788611214977
4,24089,0.0,1789587492072,120788611214977
5,24089,0.0,1789587492072,120788611214977
6,24089,0.0,1789587492072,120788611214977
7,24089,0.0,1789587492072,120788611214977
0,24189,0.0,1789587492172,120788613622806
1,24189,0.0,1789587492172,120788613622806
2,24189,0.0,1789587492172,120788613622806
3,24189,0.0,1789587492172,120788613622806
4,24189,0.0,1789587492172,120788613622806
5,24189,0.0,1789587492172,120788613622806
6,24189,0.0,1789587492172,120788613622806
7,24189,0.0,1789587492172,120788613622806
0,24289,0.0,1789587492272,120788616030379
1,24289,0.0,1789587492272,120788616030379
2,24289,0.0,1789587492272,120788616030379
3,24289,0.0,1789587492272,120788616030379
4,24289,0.0,1789587492272,120788616030379
5,24289,0.0,1789587492272,120788616030379
6,24289,0.0,1789587492272,120788616030379
7,24289,0.0,1789587492272,120788616030379
0,24390,0.0,1789587492373,120788618437529
1,24390,0.0,1789587492373,120788618437529
2,24390,0.0,1789587492373,120788618437529
3,24390,0.0,1789587492373,120788618437529
4,24390,0.0,1789587492373,120788618437529
5,24390,0.0,1789587492373,120788618437529
6,24390,0.0,1789587492373,120788618437529
7,24390,0.0,1789587492373,120788618437529
0,24490,0.0,1789587492473,120788620845187
1,24490,0.0,1789587492473,120788620845187
2,24490,0.0,1789587492473,120788620845187
3,24490,0.0,1789587492473,120788620845187
4,24490,0.0,1789587492473,120788620845187
5,24490,0.0,1789587492473,120788620845187
6,24490,0.0,1789587492473,120788620845187
7,24490,0.0,1789587492473,120788620845187
0,24590,0.0,1789587492573,120788623254817
1,24590,0.0,1789587492573,120788623254817
2,24590,0.0,1789587492573,120788623254817
3,24590,0.0,1789587492573,120788623254817
4,24590,0.0,1789587492573,120788623254817
5,24590,0.0,1789587492573,120788623254817
6,24590,0.0,1789587492573,120788623254817
7,24590,0.0,1789587492573,120788623254817
0,24691,0.0,1789587492674,120788625663486
1,24691,0.0,1789587492674,120788625663486
2,24691,0.0,1789587492674,120788625663486
3,24691,0.0,1789587492674,120788625663486
4,24691,0.0,1789587492674,120788625663486
5,24691,0.0,1789587492674,120788625663486
6,24691,0.0,1789587492674,120788625663486
7,24691,0.0,1789587492674,120788625663486
0,24791,0.0,1789587492774,120788628070983
1,24791,0.0,1789587492774,120788628070983
2,24791,0.0,1789587492774,120788628070983
3,24791,0.0,1789587492774,120788628070983
4,24791,0.0,1789587492774,120788628070983
5,24791,0.0,1789587492774,120788628070983
6,24791,0.0,1789587492774,120788628070983
7,24791,0.0,1789587492774,120788628070983
0,24892,0.0,1789587492875,120788630479656
1,24892,0.0,1789587492875,120788630479656
2,24892,0.0,1789587492875,120788630479656
3,24892,0.0,1789587492875,120788630479656
4,24892,0.0,1789587492875,120788630479656
5,24892,0.0,1789587492875,120788630479656
6,24892,0.0,1789587492875,120788630479656
7,24892,0.0,1789587492875,120788630479656
0,24992,0.0,1789587492975,120788632892137
1,24992,10.0,1789587492975,120788632892137
2,24992,36.4,1789587492975,120788632892137
3,24992,9.1,1789587492975,120788632892137
4,24992,0.0,1789587492975,120788632892137
5,24992,0.0,1789587492975,120788632892137
6,24992,0.0,1789587492975,120788632892137
7,24992,0.0,1789587492975,120788632892137
0,25093,0.0,1789587493076,120788635304966
1,25093,0.0,1789587493076,120788635304966
2,25093,0.0,1789587493076,120788635304966
3,25093,40.0,1789587493076,120788635304966
4,25093,0.0,1789587493076,120788635304966
5,25093,0.0,1789587493076,120788635304966
6,25093,0.0,1789587493076,120788635304966
7,25093,10.0,1789587493076,120788635304966
0,25193,0.0,1789587493176,120788637716683
1,25193,0.0,1789587493176,120788637716683
2,25193,50.0,1789587493176,120788637716683
3,25193,10.0,1789587493176,120788637716683
4,25193,0.0,1789587493176,120788637716683
5,25193,0.0,1789587493176,120788637716683
6,25193,9.1,1789587493176,120788637716683
7,25193,10.0,1789587493176,120788637716683
0,25294,0.0,1789587493277,120788640129402
1,25294,9.1,1789587493277,120788640129402
2,25294,10.0,1789587493277,120788640129402
3,25294,9.1,1789587493277,120788640129402
4,25294,10.0,1789587493277,120788640129402
5,25294,9.1,1789587493277,120788640129402
6,25294,10.0,1789587493277,120788640129402
7,25294,10.0,1789587493277,120788640129402
0,25394,0.0,1789587493377,120788642542301
1,25394,11.1,1789587493377,120788642542301
2,25394,10.0,1789587493377,120788642542301
3,25394,11.1,1789587493377,120788642542301
4,25394,18.2,1789587493377,120788642542301
5,25394,25.0,1789587493377,120788642542301
6,25394,18.2,1789587493377,120788642542301
7,25394,11.1,1789587493377,120788642542301
0,25495,0.0,1789587493478,120788644955213
1,25495,0.0,1789587493478,120788644955213
2,25495,0.0,1789587493478,120788644955213
3,25495,33.3,1789587493478,120788644955213
4,25495,0.0,1789587493478,120788644955213
5,25495,9.1,1789587493478,120788644955213
6,25495,0.0,1789587493478,120788644955213
7,25495,0.0,1789587493478,120788644955213
0,25595,0.0,1789587493578,120788647367404
1,25595,0.0,1789587493578,120788647367404
2,25595,9.1,1789587493578,120788647367404
3,25595,18.2,1789587493578,120788647367404
4,25595,11.1,1789587493578,120788647367404
5,25595,40.0,1789587493578,120788647367404
6,25595,10.0,1789587493578,120788647367404
7,25595,0.0,1789587493578,120788647367404
0,25696,10.0,1789587493679,120788649780487
1,25696,9.1,1789587493679,120788649780487
2,25696,0.0,1789587493679,120788649780487
3,25696,10.0,1789587493679,120788649780487
4,25696,0.0,1789587493679,120788649780487
5,25696,0.0,1789587493679,120788649780487
6,25696,0.0,1789587493679,120788649780487
7,25696,10.0,1789587493679,120788649780487
0,25796,0.0,1789587493779,120788652194038
1,25796,20.0,1789587493779,120788652194038
2,25796,0.0,1789587493779,120788652194038
3,25796,22.2,1789587493779,120788652194038
4,25796,0.0,1789587493779,120788652194038
5,25796,0.0,1789587493779,120788652194038
6,25796,0.0,1789587493779,120788652194038
7,25796,36.4,1789587493779,120788652194038
0,25897,0.0,1789587493880,120788654613885
1,25897,0.0,1789587493880,120788654613885
2,25897,22.2,1789587493880,120788654613885
3,25897,0.0,1789587493880,120788654613885
4,25897,0.0,1789587493880,120788654613885
5,25897,0.0,1789587493880,120788654613885
6,25897,0.0,1789587493880,120788654613885
7,25897,37.5,1789587493880,120788654613885
0,25998,0.0,1789587493981,120788657030599
1,25998,10.0,1789587493981,120788657030599
2,25998,22.2,1789587493981,120788657030599
3,25998,22.2,1789587493981,120788657030599
4,25998,0.0,1789587493981,120788657030599
5,25998,0.0,1789587493981,120788657030599
6,25998,0.0,1789587493981,120788657030599
7,25998,33.3,1789587493981,120788657030599
0,26098,0.0,1789587494081,120788659446208
1,26098,0.0,1789587494081,120788659446208
2,26098,12.5,1789587494081,120788659446208
3,26098,18.2,1789587494081,120788659446208
4,26098,10.0,1789587494081,120788659446208
5,26098,0.0,1789587494081,120788659446208
6,26098,0.0,1789587494081,120788659446208
7,26098,33.3,1789587494081,120788659446208
0,26199,0.0,1789587494182,120788661858988
1,26199,0.0,1789587494182,120788661858988
2,26199,22.2,1789587494182,120788661858988
3,26199,27.3,1789587494182,120788661858988
4,26199,0.0,1789587494182,120788661858988
5,26199,0.0,1789587494182,120788661858988
6,26199,0.0,1789587494182,120788661858988
7,26199,33.3,1789587494182,120788661858988
0,26300,0.0,1789587494283,120788664271390
1,26300,10.0,1789587494283,120788664271390
2,26300,20.0,1789587494283,120788664271390
3,26300,18.2,1789587494283,120788664271390
4,26300,0.0,1789587494283,120788664271390
5,26300,0.0,1789587494283,120788664271390
6,26300,0.0,1789587494283,120788664271390
7,26300,20.0,1789587494283,120788664271390
0,26400,0.0,1789587494383,120788666684900
1,26400,0.0,1789587494383,120788666684900
2,26400,25.0,1789587494383,120788666684900
3,26400,12.5,1789587494383,120788666684900
4,26400,0.0,1789587494383,120788666684900
5,26400,0.0,1789587494383,120788666684900
6,26400,0.0,1789587494383,120788666684900
7,26400,44.4,1789587494383,120788666684900
0,26501,0.0,1789587494484,120788669098054
1,26501,11.1,1789587494484,120788669098054
2,26501,27.3,1789587494484,120788669098054
3,26501,20.0,1789587494484,120788669098054
4,26501,0.0,1789587494484,120788669098054
5,26501,9.1,1789587494484,120788669098054
6,26501,0.0,1789587494484,120788669098054
7,26501,20.0,1789587494484,120788669098054
0,26601,0.0,1789587494584,120788671511994
1,26601,0.0,1789587494584,120788671511994
2,26601,33.3,1789587494584,120788671511994
3,26601,0.0,1789587494584,120788671511994
4,26601,20.0,1789587494584,120788671511994
5,26601,10.0,1789587494584,120788671511994
6,26601,0.0,1789587494584,120788671511994
7,26601,28.6,1789587494584,120788671511994
0,26702,0.0,1789587494685,120788673925131
1,26702,0.0,1789587494685,120788673925131
2,26702,27.3,1789587494685,120788673925131
3,26702,10.0,1789587494685,120788673925131
4,26702,0.0,1789587494685,120788673925131
5,26702,0.0,1789587494685,120788673925131
6,26702,12.5,1789587494685,120788673925131
7,26702,25.0,1789587494685,120788673925131
0,26802,0.0,1789587494785,120788676337955
1,26802,0.0,1789587494785,120788676337955
2,26802,20.0,1789587494785,120788676337955
3,26802,0.0,1789587494785,120788676337955
4,26802,0.0,1789587494785,120788676337955
5,26802,0.0,1789587494785,120788676337955
6,26802,20.0,1789587494785,120788676337955
7,26802,25.0,1789587494785,120788676337955
0,26903,0.0,1789587494886,120788678750472
1,26903,0.0,1789587494886,120788678750472
2,26903,0.0,1789587494886,120788678750472
3,26903,41.7,1789587494886,120788678750472
4,26903,0.0,1789587494886,120788678750472
5,26903,0.0,1789587494886,120788678750472
6,26903,25.0,1789587494886,120788678750472
7,26903,44.4,1789587494886,120788678750472
0,27003,0.0,1789587494986,120788681163125
1,27003,0.0,1789587494986,120788681163125
2,27003,18.2,1789587494986,120788681163125
3,27003,28.6,1789587494986,120788681163125
4,27003,0.0,1789587494986,120788681163125
5,27003,0.0,1789587494986,120788681163125
6,27003,22.2,1789587494986,120788681163125
7,27003,28.6,1789587494986,120788681163125
0,27104,0.0,1789587495087,120788683576727
1,27104,0.0,1789587495087,120788683576727
2,27104,0.0,1789587495087,120788683576727
3,27104,12.5,1789587495087,120788683576727
4,27104,0.0,1789587495087,120788683576727
5,27104,0.0,1789587495087,120788683576727
6,27104,20.0,1789587495087,120788683576727
7,27104,33.3,1789587495087,120788683576727
0,27204,0.0,1789587495187,120788685988940
1,27204,0.0,1789587495187,120788685988940
2,27204,0.0,1789587495187,120788685988940
3,27204,40.0,1789587495187,120788685988940
4,27204,0.0,1789587495187,120788685988940
5,27204,0.0,1789587495187,120788685988940
6,27204,27.3,1789587495187,120788685988940
7,27204,33.3,1789587495187,120788685988940
0,27305,0.0,1789587495288,120788688402153
1,27305,0.0,1789587495288,120788688402153
2,27305,9.1,1789587495288,120788688402153
3,27305,22.2,1789587495288,120788688402153
4,27305,0.0,1789587495288,120788688402153
5,27305,0.0,1789587495288,120788688402153
6,27305,20.0,1789587495288,120788688402153
7,27305,25.0,1789587495288,120788688402153
0,27406,0.0,1789587495389,120788690814574
1,27406,0.0,1789587495389,120788690814574
2,27406,0.0,1789587495389,120788690814574
3,27406,30.0,1789587495389,120788690814574
4,27406,0.0,1789587495389,120788690814574
5,27406,0.0,1789587495389,120788690814574
6,27406,27.3,1789587495389,120788690814574
7,27406,28.6,1789587495389,120788690814574
0,27506,0.0,1789587495489,120788693227770
1,27506,0.0,1789587495489,120788693227770
2,27506,0.0,1789587495489,120788693227770
3,27506,33.3,1789587495489,120788693227770
4,27506,0.0,1789587495489,120788693227770
5,27506,0.0,1789587495489,120788693227770
6,27506,0.0,1789587495489,120788693227770
7,27506,45.5,1789587495489,120788693227770
0,27607,0.0,1789587495590,120788695640770
1,27607,10.0,1789587495590,120788695640770
2,27607,0.0,1789587495590,120788695640770
3,27607,22.2,1789587495590,120788695640770
4,27607,0.0,1789587495590,120788695640770
5,27607,0.0,1789587495590,120788695640770
6,27607,20.0,1789587495590,120788695640770
7,27607,28.6,1789587495590,120788695640770
0,27707,0.0,1789587495690,120788698053352
1,27707,0.0,1789587495690,120788698053352
2,27707,0.0,1789587495690,120788698053352
3,27707,40.0,1789587495690,120788698053352
4,27707,0.0,1789587495690,120788698053352
5,27707,0.0,1789587495690,120788698053352
6,27707,11.1,1789587495690,120788698053352
7,27707,37.5,1789587495690,120788698053352
0,27808,0.0,1789587495791,120788700465979
1,27808,0.0,1789587495791,120788700465979
2,27808,10.0,1789587495791,120788700465979
3,27808,45.5,1789587495791,120788700465979
4,27808,0.0,1789587495791,120788700465979
5,27808,0.0,1789587495791,120788700465979
6,27808,12.5,1789587495791,120788700465979
7,27808,40.0,1789587495791,120788700465979
0,27908,0.0,1789587495891,120788702879649
1,27908,0.0,1789587495891,120788702879649
2,27908,0.0,1789587495891,120788702879649
3,27908,12.5,1789587495891,120788702879649
4,27908,0.0,1789587495891,120788702879649
5,27908,0.0,1789587495891,120788702879649
6,27908,20.0,1789587495891,120788702879649
7,27908,25.0,1789587495891,120788702879649
0,28009,0.0,1789587495992,120788705291837
1,28009,0.0,1789587495992,120788705291837
2,28009,9.1,1789587495992,120788705291837
3,28009,22.2,1789587495992,120788705291837
4,28009,0.0,1789587495992,120788705291837
5,28009,0.0,1789587495992,120788705291837
6,28009,30.0,1789587495992,120788705291837
7,28009,33.3,1789587495992,120788705291837
0,28109,0.0,1789587496092,120788707704302
1,28109,0.0,1789587496092,120788707704302
2,28109,0.0,1789587496092,120788707704302
3,28109,12.5,1789587496092,120788707704302
4,28109,0.0,1789587496092,120788707704302
5,28109,0.0,1789587496092,120788707704302
6,28109,30.0,1789587496092,120788707704302
7,28109,44.4,1789587496092,120788707704302
0,28210,0.0,1789587496193,120788710116694
1,28210,0.0,1789587496193,120788710116694
2,28210,0.0,1789587496193,120788710116694
3,28210,18.2,1789587496193,120788710116694
4,28210,0.0,1789587496193,120788710116694
5,28210,0.0,1789587496193,120788710116694
6,28210,0.0,1789587496193,120788710116694
7,28210,0.0,1789587496193,120788710116694
0,28310,0.0,1789587496293,120788712528821
1,28310,0.0,1789587496293,120788712528821
2,28310,0.0,1789587496293,120788712528821
3,28310,22.2,1789587496293,120788712528821
4,28310,0.0,1789587496293,120788712528821
5,28310,0.0,1789587496293,120788712528821
6,28310,33.3,1789587496293,120788712528821
7,28310,37.5,1789587496293,120788712528821
0,28411,0.0,1789587496394,120788714941308
1,28411,0.0,1789587496394,120788714941308
2,28411,9.1,1789587496394,120788714941308
3,28411,44.4,1789587496394,120788714941308
4,28411,0.0,1789587496394,120788714941308
5,28411,0.0,1789587496394,120788714941308
6,28411,11.1,1789587496394,120788714941308
7,28411,37.5,1789587496394,120788714941308
0,28511,0.0,1789587496494,120788717354748
1,28511,9.1,1789587496494,120788717354748
2,28511,10.0,1789587496494,120788717354748
3,28511,36.4,1789587496494,120788717354748
4,28511,0.0,1789587496494,120788717354748
5,28511,0.0,1789587496494,120788717354748
6,28511,22.2,1789587496494,120788717354748
7,28511,22.2,1789587496494,120788717354748
0,28612,0.0,1789587496595,120788719768134
1,28612,0.0,1789587496595,120788719768134
2,28612,0.0,1789587496595,120788719768134
3,28612,12.5,1789587496595,120788719768134
4,28612,0.0,1789587496595,120788719768134
5,28612,0.0,1789587496595,120788719768134
6,28612,20.0,1789587496595,120788719768134
7,28612,37.5,1789587496595,120788719768134
0,28712,0.0,1789587496695,120788722181223
1,28712,0.0,1789587496695,120788722181223
2,28712,11.1,1789587496695,120788722181223
3,28712,16.7,1789587496695,120788722181223
4,28712,18.2,1789587496695,120788722181223
5,28712,10.0,1789587496695,120788722181223
6,28712,40.0,1789587496695,120788722181223
7,28712,11.1,1789587496695,120788722181223
0,28813,0.0,1789587496796,120788724594053
1,28813,0.0,1789587496796,120788724594053
2,28813,0.0,1789587496796,120788724594053
3,28813,0.0,1789587496796,120788724594053
4,28813,0.0,1789587496796,120788724594053
5,28813,40.0,1789587496796,120788724594053
6,28813,10.0,1789587496796,120788724594053
7,28813,0.0,1789587496796,120788724594053
0,28914,0.0,1789587496897,120788727006129
1,28914,18.2,1789587496897,120788727006129
2,28914,10.0,1789587496897,120788727006129
3,28914,0.0,1789587496897,120788727006129
4,28914,0.0,1789587496897,120788727006129
5,28914,0.0,1789587496897,120788727006129
6,28914,40.0,1789587496897,120788727006129
7,28914,9.1,1789587496897,120788727006129
0,29014,0.0,1789587496997,120788729419233
1,29014,0.0,1789587496997,120788729419233
2,29014,0.0,1789587496997,120788729419233
3,29014,0.0,1789587496997,120788729419233
4,29014,9.1,1789587496997,120788729419233
5,29014,18.2,1789587496997,120788729419233
6,29014,9.1,1789587496997,120788729419233
7,29014,0.0,1789587496997,120788729419233
0,29115,50.0,1789587497098,120788731835772
1,29115,44.4,1789587497098,120788731835772
2,29115,44.4,1789587497098,120788731835772
3,29115,36.4,1789587497098,120788731835772
4,29115,55.6,1789587497098,120788731835772
5,29115,22.2,1789587497098,120788731835772
6,29115,22.2,1789587497098,120788731835772
7,29115,36.4,1789587497098,120788731835772
0,29215,40.0,1789587497198,120788734253751
1,29215,63.6,1789587497198,120788734253751
2,29215,55.6,1789587497198,120788734253751
3,29215,62.5,1789587497198,120788734253751
4,29215,50.0,1789587497198,120788734253751
5,29215,66.7,1789587497198,120788734253751
6,29215,66.7,1789587497198,120788734253751
7,29215,72.7,1789587497198,120788734253751
0,29316,40.0,1789587497299,120788736677269
1,29316,70.0,1789587497299,120788736677269
2,29316,66.7,1789587497299,120788736677269
3,29316,42.9,1789587497299,120788736677269
4,29316,70.0,1789587497299,120788736677269
5,29316,60.0,1789587497299,120788736677269
6,29316,72.7,1789587497299,120788736677269
7,29316,75.0,1789587497299,120788736677269
0,29417,45.5,1789587497400,120788739091647
1,29417,60.0,1789587497400,120788739091647
2,29417,57.1,1789587497400,120788739091647
3,29417,63.6,1789587497400,120788739091647
4,29417,60.0,1789587497400,120788739091647
5,29417,71.4,1789587497400,120788739091647
6,29417,70.0,1789587497400,120788739091647
7,29417,81.8,1789587497400,120788739091647
0,29518,44.4,1789587497501,120788741506434
1,29518,77.8,1789587497501,120788741506434
2,29518,72.7,1789587497501,120788741506434
3,29518,66.7,1789587497501,120788741506434
4,29518,66.7,1789587497501,120788741506434
5,29518,70.0,1789587497501,120788741506434
6,29518,88.9,1789587497501,120788741506434
7,29518,88.9,1789587497501,120788741506434
0,29619,45.5,1789587497602,120788743937027
1,29619,54.5,1789587497602,120788743937027
2,29619,54.5,1789587497602,120788743937027
3,29619,50.0,1789587497602,120788743937027
4,29619,63.6,1789587497602,120788743937027
5,29619,66.7,1789587497602,120788743937027
6,29619,60.0,1789587497602,120788743937027
7,29619,81.8,1789587497602,120788743937027
0,29720,33.3,1789587497703,120788746351173
1,29720,11.1,1789587497703,120788746351173
2,29720,30.0,1789587497703,120788746351173
3,29720,22.2,1789587497703,120788746351173
4,29720,70.0,1789587497703,120788746351173
5,29720,33.3,1789587497703,120788746351173
6,29720,20.0,1789587497703,120788746351173
7,29720,10.0,1789587497703,120788746351173
0,29820,10.0,1789587497803,120788748765048
1,29820,10.0,1789587497803,120788748765048
2,29820,10.0,1789587497803,120788748765048
3,29820,36.4,1789587497803,120788748765048
4,29820,20.0,1789587497803,120788748765048
5,29820,9.1,1789587497803,120788748765048
6,29820,11.1,1789587497803,120788748765048
7,29820,10.0,1789587497803,120788748765048
0,29921,0.0,1789587497904,120788751178143
1,29921,0.0,1789587497904,120788751178143
2,29921,0.0,1789587497904,120788751178143
3,29921,36.4,1789587497904,120788751178143
4,29921,0.0,1789587497904,120788751178143
5,29921,0.0,1789587497904,120788751178143
6,29921,30.0,1789587497904,120788751178143
7,29921,0.0,1789587497904,120788751178143
0,30021,10.0,1789587498004,120788753590219
1,30021,18.2,1789587498004,120788753590219
2,30021,11.1,1789587498004,120788753590219
3,30021,11.1,1789587498004,120788753590219
4,30021,0.0,1789587498004,120788753590219
5,30021,0.0,1789587498004,120788753590219
6,30021,10.0,1789587498004,120788753590219
7,30021,18.2,1789587498004,120788753590219
0,30122,0.0,1789587498105,120788756003834
1,30122,9.1,1789587498105,120788756003834
2,30122,0.0,1789587498105,120788756003834
3,30122,0.0,1789587498105,120788756003834
4,30122,0.0,1789587498105,120788756003834
5,30122,18.2,1789587498105,120788756003834
6,30122,10.0,1789587498105,120788756003834
7,30122,0.0,1789587498105,120788756003834
0,30222,0.0,1789587498205,120788758416884
1,30222,0.0,1789587498205,120788758416884
2,30222,0.0,1789587498205,120788758416884
3,30222,0.0,1789587498205,120788758416884
4,30222,0.0,1789587498205,120788758416884
5,30222,0.0,1789587498205,120788758416884
6,30222,0.0,1789587498205,120788758416884
7,30222,0.0,1789587498205,120788758416884
0,30323,0.0,1789587498306,120788760829596
1,30323,0.0,1789587498306,120788760829596
2,30323,0.0,1789587498306,120788760829596
3,30323,0.0,1789587498306,120788760829596
4,30323,0.0,1789587498306,120788760829596
5,30323,0.0,1789587498306,120788760829596
6,30323,0.0,1789587498306,120788760829596
7,30323,18.2,1789587498306,120788760829596
0,30423,0.0,1789587498406,120788763242854
1,30423,9.1,1789587498406,120788763242854
2,30423,0.0,1789587498406,120788763242854
3,30423,0.0,1789587498406,120788763242854
4,30423,0.0,1789587498406,120788763242854
5,30423,10.0,1789587498406,120788763242854
6,30423,0.0,1789587498406,120788763242854
7,30423,10.0,1789587498406,120788763242854
0,30524,0.0,1789587498507,120788765657190
1,30524,0.0,1789587498507,120788765657190
2,30524,0.0,1789587498507,120788765657190
3,30524,0.0,1789587498507,120788765657190
4,30524,0.0,1789587498507,120788765657190
5,30524,0.0,1789587498507,120788765657190
6,30524,0.0,1789587498507,120788765657190
7,30524,18.2,1789587498507,120788765657190
0,30625,0.0,1789587498608,120788768069825
1,30625,9.1,1789587498608,120788768069825
2,30625,0.0,1789587498608,120788768069825
3,30625,0.0,1789587498608,120788768069825
4,30625,0.0,1789587498608,120788768069825
5,30625,0.0,1789587498608,120788768069825
6,30625,0.0,1789587498608,120788768069825
7,30625,0.0,1789587498608,120788768069825
0,30725,10.0,1789587498708,120788770482616
1,30725,0.0,1789587498708,120788770482616
2,30725,18.2,1789587498708,120788770482616
3,30725,9.1,1789587498708,120788770482616
4,30725,20.0,1789587498708,120788770482616
5,30725,10.0,1789587498708,120788770482616
6,30725,30.0,1789587498708,120788770482616
7,30725,11.1,1789587498708,120788770482616
0,30826,0.0,1789587498809,120788772895055
1,30826,0.0,1789587498809,120788772895055
2,30826,0.0,1789587498809,120788772895055
3,30826,44.4,1789587498809,120788772895055
4,30826,0.0,1789587498809,120788772895055
5,30826,0.0,1789587498809,120788772895055
6,30826,10.0,1789587498809,120788772895055
7,30826,0.0,1789587498809,120788772895055
0,30926,9.1,1789587498909,120788775308197
1,30926,0.0,1789587498909,120788775308197
2,30926,0.0,1789587498909,120788775308197
3,30926,0.0,1789587498909,120788775308197
4,30926,0.0,1789587498909,120788775308197
5,30926,0.0,1789587498909,120788775308197
6,30926,40.0,1789587498909,120788775308197
7,30926,18.2,1789587498909,120788775308197
0,31027,0.0,1789587499010,120788777725965
1,31027,10.0,1789587499010,120788777725965
2,31027,10.0,1789587499010,120788777725965
3,31027,10.0,1789587499010,120788777725965
4,31027,10.0,1789587499010,120788777725965
5,31027,0.0,1789587499010,120788777725965
6,31027,0.0,1789587499010,120788777725965
7,31027,0.0,1789587499010,120788777725965
0,31127,10.0,1789587499110,120788780138404
1,31127,0.0,1789587499110,120788780138404
2,31127,0.0,1789587499110,120788780138404
3,31127,10.0,1789587499110,120788780138404
4,31127,9.1,1789587499110,120788780138404
5,31127,0.0,1789587499110,120788780138404
6,31127,0.0,1789587499110,120788780138404
7,31127,10.0,1789587499110,120788780138404
0,31228,0.0,1789587499211,120788782552093
1,31228,0.0,1789587499211,120788782552093
2,31228,0.0,1789587499211,120788782552093
3,31228,9.1,1789587499211,120788782552093
4,31228,11.1,1789587499211,120788782552093
5,31228,0.0,1789587499211,120788782552093
6,31228,36.4,1789587499211,120788782552093
7,31228,0.0,1789587499211,120788782552093
0,31328,0.0,1789587499311,120788784963787
1,31328,0.0,1789587499311,120788784963787
2,31328,0.0,1789587499311,120788784963787
3,31328,30.0,1789587499311,120788784963787
4,31328,0.0,1789587499311,120788784963787
5,31328,9.1,1789587499311,120788784963787
6,31328,0.0,1789587499311,120788784963787
7,31328,0.0,1789587499311,120788784963787
0,31429,0.0,1789587499412,120788787374940
1,31429,0.0,1789587499412,120788787374940
2,31429,0.0,1789587499412,120788787374940
3,31429,11.1,1789587499412,120788787374940
4,31429,0.0,1789587499412,120788787374940
5,31429,0.0,1789587499412,120788787374940
6,31429,40.0,1789587499412,120788787374940
7,31429,9.1,1789587499412,120788787374940
0,31531,10.0,1789587499514,120788789816560
1,31531,18.2,1789587499514,120788789816560
2,31531,11.1,1789587499514,120788789816560
3,31531,0.0,1789587499514,120788789816560
4,31531,10.0,1789587499514,120788789816560
5,31531,0.0,1789587499514,120788789816560
6,31531,10.0,1789587499514,120788789816560
7,31531,18.2,1789587499514,120788789816560
0,31602,0.0,1789587499585,120788791536831
1,31602,0.0,1789587499585,120788791536831
2,31602,0.0,1789587499585,120788791536831
3,31602,14.3,1789587499585,120788791536831
4,31602,12.5,1789587499585,120788791536831
5,31602,12.5,1789587499585,120788791536831
6,31602,12.5,1789587499585,120788791536831
7,31602,0.0,1789587499585,120788791536831
