cpu,t_ms,busy_pct,epoch_ms,rdtime_ticks
0,100,10.0,1789628629333,121775894809492
1,100,10.0,1789628629333,121775894809492
2,100,0.0,1789628629333,121775894809492
3,100,0.0,1789628629333,121775894809492
4,100,0.0,1789628629333,121775894809492
5,100,0.0,1789628629333,121775894809492
6,100,10.0,1789628629333,121775894809492
7,100,0.0,1789628629333,121775894809492
0,201,0.0,1789628629434,121775897222964
1,201,0.0,1789628629434,121775897222964
2,201,0.0,1789628629434,121775897222964
3,201,0.0,1789628629434,121775897222964
4,201,0.0,1789628629434,121775897222964
5,201,0.0,1789628629434,121775897222964
6,201,0.0,1789628629434,121775897222964
7,201,0.0,1789628629434,121775897222964
0,301,0.0,1789628629534,121775899631201
1,301,0.0,1789628629534,121775899631201
2,301,0.0,1789628629534,121775899631201
3,301,0.0,1789628629534,121775899631201
4,301,0.0,1789628629534,121775899631201
5,301,0.0,1789628629534,121775899631201
6,301,0.0,1789628629534,121775899631201
7,301,0.0,1789628629534,121775899631201
0,402,0.0,1789628629635,121775902038530
1,402,0.0,1789628629635,121775902038530
2,402,0.0,1789628629635,121775902038530
3,402,0.0,1789628629635,121775902038530
4,402,0.0,1789628629635,121775902038530
5,402,0.0,1789628629635,121775902038530
6,402,0.0,1789628629635,121775902038530
7,402,0.0,1789628629635,121775902038530
0,502,0.0,1789628629735,121775904445371
1,502,0.0,1789628629735,121775904445371
2,502,0.0,1789628629735,121775904445371
3,502,0.0,1789628629735,121775904445371
4,502,0.0,1789628629735,121775904445371
5,502,0.0,1789628629735,121775904445371
6,502,0.0,1789628629735,121775904445371
7,502,0.0,1789628629735,121775904445371
0,602,0.0,1789628629835,121775906857363
1,602,30.0,1789628629835,121775906857363
2,602,20.0,1789628629835,121775906857363
3,602,0.0,1789628629835,121775906857363
4,602,0.0,1789628629835,121775906857363
5,602,10.0,1789628629835,121775906857363
6,602,11.1,1789628629835,121775906857363
7,602,9.1,1789628629835,121775906857363
0,703,0.0,1789628629936,121775909269195
1,703,0.0,1789628629936,121775909269195
2,703,0.0,1789628629936,121775909269195
3,703,0.0,1789628629936,121775909269195
4,703,0.0,1789628629936,121775909269195
5,703,0.0,1789628629936,121775909269195
6,703,40.0,1789628629936,121775909269195
7,703,0.0,1789628629936,121775909269195
0,803,11.1,1789628630036,121775911680573
1,803,40.0,1789628630036,121775911680573
2,803,0.0,1789628630036,121775911680573
3,803,10.0,1789628630036,121775911680573
4,803,0.0,1789628630036,121775911680573
5,803,9.1,1789628630036,121775911680573
6,803,9.1,1789628630036,121775911680573
7,803,0.0,1789628630036,121775911680573
0,906,0.0,1789628630139,121775914152702
1,906,9.1,1789628630139,121775914152702
2,906,10.0,1789628630139,121775914152702
3,906,0.0,1789628630139,121775914152702
4,906,9.1,1789628630139,121775914152702
5,906,10.0,1789628630139,121775914152702
6,906,10.0,1789628630139,121775914152702
7,906,16.7,1789628630139,121775914152702
0,1007,0.0,1789628630240,121775916566087
1,1007,10.0,1789628630240,121775916566087
2,1007,10.0,1789628630240,121775916566087
3,1007,0.0,1789628630240,121775916566087
4,1007,0.0,1789628630240,121775916566087
5,1007,0.0,1789628630240,121775916566087
6,1007,0.0,1789628630240,121775916566087
7,1007,0.0,1789628630240,121775916566087
0,1107,10.0,1789628630340,121775918977818
1,1107,0.0,1789628630340,121775918977818
2,1107,0.0,1789628630340,121775918977818
3,1107,0.0,1789628630340,121775918977818
4,1107,0.0,1789628630340,121775918977818
5,1107,0.0,1789628630340,121775918977818
6,1107,0.0,1789628630340,121775918977818
7,1107,9.1,1789628630340,121775918977818
0,1208,0.0,1789628630441,121775921387695
1,1208,0.0,1789628630441,121775921387695
2,1208,0.0,1789628630441,121775921387695
3,1208,0.0,1789628630441,121775921387695
4,1208,0.0,1789628630441,121775921387695
5,1208,0.0,1789628630441,121775921387695
6,1208,0.0,1789628630441,121775921387695
7,1208,0.0,1789628630441,121775921387695
0,1308,0.0,1789628630541,121775923796181
1,1308,0.0,1789628630541,121775923796181
2,1308,0.0,1789628630541,121775923796181
3,1308,0.0,1789628630541,121775923796181
4,1308,0.0,1789628630541,121775923796181
5,1308,0.0,1789628630541,121775923796181
6,1308,0.0,1789628630541,121775923796181
7,1308,0.0,1789628630541,121775923796181
0,1409,0.0,1789628630642,121775926205444
1,1409,0.0,1789628630642,121775926205444
2,1409,0.0,1789628630642,121775926205444
3,1409,0.0,1789628630642,121775926205444
4,1409,0.0,1789628630642,121775926205444
5,1409,0.0,1789628630642,121775926205444
6,1409,0.0,1789628630642,121775926205444
7,1409,0.0,1789628630642,121775926205444
0,1509,0.0,1789628630742,121775928613654
1,1509,0.0,1789628630742,121775928613654
2,1509,0.0,1789628630742,121775928613654
3,1509,0.0,1789628630742,121775928613654
4,1509,0.0,1789628630742,121775928613654
5,1509,0.0,1789628630742,121775928613654
6,1509,0.0,1789628630742,121775928613654
7,1509,0.0,1789628630742,121775928613654
0,1609,0.0,1789628630842,121775931022080
1,1609,0.0,1789628630842,121775931022080
2,1609,0.0,1789628630842,121775931022080
3,1609,0.0,1789628630842,121775931022080
4,1609,0.0,1789628630842,121775931022080
5,1609,0.0,1789628630842,121775931022080
6,1609,0.0,1789628630842,121775931022080
7,1609,0.0,1789628630842,121775931022080
0,1710,0.0,1789628630943,121775933430230
1,1710,0.0,1789628630943,121775933430230
2,1710,0.0,1789628630943,121775933430230
3,1710,0.0,1789628630943,121775933430230
4,1710,0.0,1789628630943,121775933430230
5,1710,0.0,1789628630943,121775933430230
6,1710,0.0,1789628630943,121775933430230
7,1710,0.0,1789628630943,121775933430230
0,1810,0.0,1789628631043,121775935839406
1,1810,0.0,1789628631043,121775935839406
2,1810,0.0,1789628631043,121775935839406
3,1810,0.0,1789628631043,121775935839406
4,1810,0.0,1789628631043,121775935839406
5,1810,0.0,1789628631043,121775935839406
6,1810,0.0,1789628631043,121775935839406
7,1810,0.0,1789628631043,121775935839406
0,1910,0.0,1789628631143,121775938247557
1,1910,0.0,1789628631143,121775938247557
2,1910,0.0,1789628631143,121775938247557
3,1910,0.0,1789628631143,121775938247557
4,1910,9.1,1789628631143,121775938247557
5,1910,0.0,1789628631143,121775938247557
6,1910,0.0,1789628631143,121775938247557
7,1910,0.0,1789628631143,121775938247557
0,2011,0.0,1789628631244,121775940656911
1,2011,0.0,1789628631244,121775940656911
2,2011,0.0,1789628631244,121775940656911
3,2011,0.0,1789628631244,121775940656911
4,2011,0.0,1789628631244,121775940656911
5,2011,0.0,1789628631244,121775940656911
6,2011,0.0,1789628631244,121775940656911
7,2011,0.0,1789628631244,121775940656911
0,2111,0.0,1789628631344,121775943065664
1,2111,0.0,1789628631344,121775943065664
2,2111,0.0,1789628631344,121775943065664
3,2111,0.0,1789628631344,121775943065664
4,2111,0.0,1789628631344,121775943065664
5,2111,0.0,1789628631344,121775943065664
6,2111,0.0,1789628631344,121775943065664
7,2111,0.0,1789628631344,121775943065664
0,2211,0.0,1789628631444,121775945474129
1,2211,0.0,1789628631444,121775945474129
2,2211,0.0,1789628631444,121775945474129
3,2211,0.0,1789628631444,121775945474129
4,2211,0.0,1789628631444,121775945474129
5,2211,0.0,1789628631444,121775945474129
6,2211,0.0,1789628631444,121775945474129
7,2211,0.0,1789628631444,121775945474129
0,2312,0.0,1789628631545,121775947882178
1,2312,0.0,1789628631545,121775947882178
2,2312,0.0,1789628631545,121775947882178
3,2312,0.0,1789628631545,121775947882178
4,2312,0.0,1789628631545,121775947882178
5,2312,0.0,1789628631545,121775947882178
6,2312,0.0,1789628631545,121775947882178
7,2312,0.0,1789628631545,121775947882178
0,2412,0.0,1789628631645,121775950290412
1,2412,0.0,1789628631645,121775950290412
2,2412,0.0,1789628631645,121775950290412
3,2412,0.0,1789628631645,121775950290412
4,2412,0.0,1789628631645,121775950290412
5,2412,0.0,1789628631645,121775950290412
6,2412,0.0,1789628631645,121775950290412
7,2412,9.1,1789628631645,121775950290412
0,2512,0.0,1789628631745,121775952698680
1,2512,0.0,1789628631745,121775952698680
2,2512,0.0,1789628631745,121775952698680
3,2512,0.0,1789628631745,121775952698680
4,2512,0.0,1789628631745,121775952698680
5,2512,0.0,1789628631745,121775952698680
6,2512,0.0,1789628631745,121775952698680
7,2512,0.0,1789628631745,121775952698680
0,2613,0.0,1789628631846,121775955106866
1,2613,0.0,1789628631846,121775955106866
2,2613,0.0,1789628631846,121775955106866
3,2613,0.0,1789628631846,121775955106866
4,2613,0.0,1789628631846,121775955106866
5,2613,0.0,1789628631846,121775955106866
6,2613,0.0,1789628631846,121775955106866
7,2613,0.0,1789628631846,121775955106866
0,2713,0.0,1789628631946,121775957519137
1,2713,0.0,1789628631946,121775957519137
2,2713,0.0,1789628631946,121775957519137
3,2713,0.0,1789628631946,121775957519137
4,2713,0.0,1789628631946,121775957519137
5,2713,0.0,1789628631946,121775957519137
6,2713,0.0,1789628631946,121775957519137
7,2713,9.1,1789628631946,121775957519137
0,2814,0.0,1789628632047,121775959930396
1,2814,0.0,1789628632047,121775959930396
2,2814,0.0,1789628632047,121775959930396
3,2814,0.0,1789628632047,121775959930396
4,2814,0.0,1789628632047,121775959930396
5,2814,0.0,1789628632047,121775959930396
6,2814,0.0,1789628632047,121775959930396
7,2814,0.0,1789628632047,121775959930396
0,2914,0.0,1789628632147,121775962340155
1,2914,0.0,1789628632147,121775962340155
2,2914,0.0,1789628632147,121775962340155
3,2914,0.0,1789628632147,121775962340155
4,2914,0.0,1789628632147,121775962340155
5,2914,0.0,1789628632147,121775962340155
6,2914,0.0,1789628632147,121775962340155
7,2914,0.0,1789628632147,121775962340155
0,3015,0.0,1789628632248,121775964749119
1,3015,0.0,1789628632248,121775964749119
2,3015,0.0,1789628632248,121775964749119
3,3015,0.0,1789628632248,121775964749119
4,3015,0.0,1789628632248,121775964749119
5,3015,0.0,1789628632248,121775964749119
6,3015,0.0,1789628632248,121775964749119
7,3015,0.0,1789628632248,121775964749119
0,3115,10.0,1789628632348,121775967157728
1,3115,0.0,1789628632348,121775967157728
2,3115,0.0,1789628632348,121775967157728
3,3115,0.0,1789628632348,121775967157728
4,3115,0.0,1789628632348,121775967157728
5,3115,0.0,1789628632348,121775967157728
6,3115,0.0,1789628632348,121775967157728
7,3115,0.0,1789628632348,121775967157728
0,3215,0.0,1789628632448,121775969566327
1,3215,0.0,1789628632448,121775969566327
2,3215,0.0,1789628632448,121775969566327
3,3215,0.0,1789628632448,121775969566327
4,3215,0.0,1789628632448,121775969566327
5,3215,0.0,1789628632448,121775969566327
6,3215,0.0,1789628632448,121775969566327
7,3215,0.0,1789628632448,121775969566327
0,3316,0.0,1789628632549,121775971974412
1,3316,0.0,1789628632549,121775971974412
2,3316,0.0,1789628632549,121775971974412
3,3316,0.0,1789628632549,121775971974412
4,3316,0.0,1789628632549,121775971974412
5,3316,0.0,1789628632549,121775971974412
6,3316,0.0,1789628632549,121775971974412
7,3316,0.0,1789628632549,121775971974412
0,3416,0.0,1789628632649,121775974383035
1,3416,0.0,1789628632649,121775974383035
2,3416,0.0,1789628632649,121775974383035
3,3416,0.0,1789628632649,121775974383035
4,3416,0.0,1789628632649,121775974383035
5,3416,0.0,1789628632649,121775974383035
6,3416,0.0,1789628632649,121775974383035
7,3416,0.0,1789628632649,121775974383035
0,3516,0.0,1789628632749,121775976791456
1,3516,0.0,1789628632749,121775976791456
2,3516,0.0,1789628632749,121775976791456
3,3516,0.0,1789628632749,121775976791456
4,3516,0.0,1789628632749,121775976791456
5,3516,0.0,1789628632749,121775976791456
6,3516,0.0,1789628632749,121775976791456
7,3516,0.0,1789628632749,121775976791456
0,3617,0.0,1789628632850,121775979199752
1,3617,0.0,1789628632850,121775979199752
2,3617,0.0,1789628632850,121775979199752
3,3617,0.0,1789628632850,121775979199752
4,3617,0.0,1789628632850,121775979199752
5,3617,0.0,1789628632850,121775979199752
6,3617,0.0,1789628632850,121775979199752
7,3617,0.0,1789628632850,121775979199752
0,3717,0.0,1789628632950,121775981607940
1,3717,0.0,1789628632950,121775981607940
2,3717,0.0,1789628632950,121775981607940
3,3717,0.0,1789628632950,121775981607940
4,3717,0.0,1789628632950,121775981607940
5,3717,0.0,1789628632950,121775981607940
6,3717,0.0,1789628632950,121775981607940
7,3717,0.0,1789628632950,121775981607940
0,3817,0.0,1789628633050,121775984019677
1,3817,0.0,1789628633050,121775984019677
2,3817,0.0,1789628633050,121775984019677
3,3817,9.1,1789628633050,121775984019677
4,3817,0.0,1789628633050,121775984019677
5,3817,0.0,1789628633050,121775984019677
6,3817,0.0,1789628633050,121775984019677
7,3817,0.0,1789628633050,121775984019677
0,3918,0.0,1789628633151,121775986431729
1,3918,0.0,1789628633151,121775986431729
2,3918,0.0,1789628633151,121775986431729
3,3918,0.0,1789628633151,121775986431729
4,3918,0.0,1789628633151,121775986431729
5,3918,0.0,1789628633151,121775986431729
6,3918,0.0,1789628633151,121775986431729
7,3918,9.1,1789628633151,121775986431729
0,4018,0.0,1789628633251,121775988840869
1,4018,0.0,1789628633251,121775988840869
2,4018,0.0,1789628633251,121775988840869
3,4018,0.0,1789628633251,121775988840869
4,4018,9.1,1789628633251,121775988840869
5,4018,0.0,1789628633251,121775988840869
6,4018,0.0,1789628633251,121775988840869
7,4018,0.0,1789628633251,121775988840869
0,4119,0.0,1789628633352,121775991249834
1,4119,0.0,1789628633352,121775991249834
2,4119,0.0,1789628633352,121775991249834
3,4119,0.0,1789628633352,121775991249834
4,4119,0.0,1789628633352,121775991249834
5,4119,0.0,1789628633352,121775991249834
6,4119,0.0,1789628633352,121775991249834
7,4119,0.0,1789628633352,121775991249834
0,4219,0.0,1789628633452,121775993657640
1,4219,0.0,1789628633452,121775993657640
2,4219,0.0,1789628633452,121775993657640
3,4219,0.0,1789628633452,121775993657640
4,4219,0.0,1789628633452,121775993657640
5,4219,0.0,1789628633452,121775993657640
6,4219,0.0,1789628633452,121775993657640
7,4219,0.0,1789628633452,121775993657640
0,4319,0.0,1789628633552,121775996065503
1,4319,0.0,1789628633552,121775996065503
2,4319,0.0,1789628633552,121775996065503
3,4319,0.0,1789628633552,121775996065503
4,4319,0.0,1789628633552,121775996065503
5,4319,0.0,1789628633552,121775996065503
6,4319,0.0,1789628633552,121775996065503
7,4319,0.0,1789628633552,121775996065503
0,4420,0.0,1789628633653,121775998473879
1,4420,0.0,1789628633653,121775998473879
2,4420,0.0,1789628633653,121775998473879
3,4420,0.0,1789628633653,121775998473879
4,4420,0.0,1789628633653,121775998473879
5,4420,0.0,1789628633653,121775998473879
6,4420,0.0,1789628633653,121775998473879
7,4420,0.0,1789628633653,121775998473879
0,4520,0.0,1789628633753,121776000881892
1,4520,0.0,1789628633753,121776000881892
2,4520,0.0,1789628633753,121776000881892
3,4520,0.0,1789628633753,121776000881892
4,4520,0.0,1789628633753,121776000881892
5,4520,0.0,1789628633753,121776000881892
6,4520,0.0,1789628633753,121776000881892
7,4520,0.0,1789628633753,121776000881892
0,4620,0.0,1789628633853,121776003289825
1,4620,0.0,1789628633853,121776003289825
2,4620,0.0,1789628633853,121776003289825
3,4620,0.0,1789628633853,121776003289825
4,4620,0.0,1789628633853,121776003289825
5,4620,0.0,1789628633853,121776003289825
6,4620,0.0,1789628633853,121776003289825
7,4620,0.0,1789628633853,121776003289825
0,4721,0.0,1789628633954,121776005697258
1,4721,0.0,1789628633954,121776005697258
2,4721,0.0,1789628633954,121776005697258
3,4721,0.0,1789628633954,121776005697258
4,4721,0.0,1789628633954,121776005697258
5,4721,0.0,1789628633954,121776005697258
6,4721,0.0,1789628633954,121776005697258
7,4721,0.0,1789628633954,121776005697258
0,4821,0.0,1789628634054,121776008104079
1,4821,0.0,1789628634054,121776008104079
2,4821,0.0,1789628634054,121776008104079
3,4821,0.0,1789628634054,121776008104079
4,4821,0.0,1789628634054,121776008104079
5,4821,0.0,1789628634054,121776008104079
6,4821,0.0,1789628634054,121776008104079
7,4821,0.0,1789628634054,121776008104079
0,4921,0.0,1789628634154,121776010511847
1,4921,0.0,1789628634154,121776010511847
2,4921,0.0,1789628634154,121776010511847
3,4921,0.0,1789628634154,121776010511847
4,4921,0.0,1789628634154,121776010511847
5,4921,0.0,1789628634154,121776010511847
6,4921,0.0,1789628634154,121776010511847
7,4921,0.0,1789628634154,121776010511847
0,5022,0.0,1789628634255,121776012919721
1,5022,0.0,1789628634255,121776012919721
2,5022,0.0,1789628634255,121776012919721
3,5022,0.0,1789628634255,121776012919721
4,5022,0.0,1789628634255,121776012919721
5,5022,0.0,1789628634255,121776012919721
6,5022,0.0,1789628634255,121776012919721
7,5022,0.0,1789628634255,121776012919721
0,5122,0.0,1789628634355,121776015329657
1,5122,0.0,1789628634355,121776015329657
2,5122,0.0,1789628634355,121776015329657
3,5122,0.0,1789628634355,121776015329657
4,5122,0.0,1789628634355,121776015329657
5,5122,0.0,1789628634355,121776015329657
6,5122,0.0,1789628634355,121776015329657
7,5122,0.0,1789628634355,121776015329657
0,5222,0.0,1789628634455,121776017738138
1,5222,0.0,1789628634455,121776017738138
2,5222,0.0,1789628634455,121776017738138
3,5222,0.0,1789628634455,121776017738138
4,5222,0.0,1789628634455,121776017738138
5,5222,0.0,1789628634455,121776017738138
6,5222,0.0,1789628634455,121776017738138
7,5222,0.0,1789628634455,121776017738138
0,5323,0.0,1789628634556,121776020148051
1,5323,0.0,1789628634556,121776020148051
2,5323,0.0,1789628634556,121776020148051
3,5323,0.0,1789628634556,121776020148051
4,5323,0.0,1789628634556,121776020148051
5,5323,0.0,1789628634556,121776020148051
6,5323,0.0,1789628634556,121776020148051
7,5323,0.0,1789628634556,121776020148051
0,5423,0.0,1789628634656,121776022557094
1,5423,0.0,1789628634656,121776022557094
2,5423,0.0,1789628634656,121776022557094
3,5423,0.0,1789628634656,121776022557094
4,5423,0.0,1789628634656,121776022557094
5,5423,0.0,1789628634656,121776022557094
6,5423,0.0,1789628634656,121776022557094
7,5423,0.0,1789628634656,121776022557094
0,5524,0.0,1789628634757,121776024965048
1,5524,0.0,1789628634757,121776024965048
2,5524,0.0,1789628634757,121776024965048
3,5524,0.0,1789628634757,121776024965048
4,5524,0.0,1789628634757,121776024965048
5,5524,0.0,1789628634757,121776024965048
6,5524,0.0,1789628634757,121776024965048
7,5524,0.0,1789628634757,121776024965048
0,5624,0.0,1789628634857,121776027373320
1,5624,0.0,1789628634857,121776027373320
2,5624,0.0,1789628634857,121776027373320
3,5624,0.0,1789628634857,121776027373320
4,5624,0.0,1789628634857,121776027373320
5,5624,0.0,1789628634857,121776027373320
6,5624,0.0,1789628634857,121776027373320
7,5624,0.0,1789628634857,121776027373320
0,5724,0.0,1789628634957,121776029784120
1,5724,0.0,1789628634957,121776029784120
2,5724,0.0,1789628634957,121776029784120
3,5724,0.0,1789628634957,121776029784120
4,5724,0.0,1789628634957,121776029784120
5,5724,0.0,1789628634957,121776029784120
6,5724,0.0,1789628634957,121776029784120
7,5724,0.0,1789628634957,121776029784120
0,5825,0.0,1789628635058,121776032194668
1,5825,0.0,1789628635058,121776032194668
2,5825,0.0,1789628635058,121776032194668
3,5825,0.0,1789628635058,121776032194668
4,5825,0.0,1789628635058,121776032194668
5,5825,0.0,1789628635058,121776032194668
6,5825,0.0,1789628635058,121776032194668
7,5825,0.0,1789628635058,121776032194668
0,5925,0.0,1789628635158,121776034603799
1,5925,0.0,1789628635158,121776034603799
2,5925,0.0,1789628635158,121776034603799
3,5925,0.0,1789628635158,121776034603799
4,5925,0.0,1789628635158,121776034603799
5,5925,0.0,1789628635158,121776034603799
6,5925,0.0,1789628635158,121776034603799
7,5925,0.0,1789628635158,121776034603799
0,6026,0.0,1789628635259,121776037012405
1,6026,0.0,1789628635259,121776037012405
2,6026,0.0,1789628635259,121776037012405
3,6026,0.0,1789628635259,121776037012405
4,6026,0.0,1789628635259,121776037012405
5,6026,0.0,1789628635259,121776037012405
6,6026,0.0,1789628635259,121776037012405
7,6026,0.0,1789628635259,121776037012405
0,6126,0.0,1789628635359,121776039423154
1,6126,0.0,1789628635359,121776039423154
2,6126,0.0,1789628635359,121776039423154
3,6126,0.0,1789628635359,121776039423154
4,6126,0.0,1789628635359,121776039423154
5,6126,0.0,1789628635359,121776039423154
6,6126,0.0,1789628635359,121776039423154
7,6126,0.0,1789628635359,121776039423154
0,6226,0.0,1789628635459,121776041832411
1,6226,0.0,1789628635459,121776041832411
2,6226,0.0,1789628635459,121776041832411
3,6226,0.0,1789628635459,121776041832411
4,6226,9.1,1789628635459,121776041832411
5,6226,0.0,1789628635459,121776041832411
6,6226,0.0,1789628635459,121776041832411
7,6226,9.1,1789628635459,121776041832411
0,6327,0.0,1789628635560,121776044240706
1,6327,0.0,1789628635560,121776044240706
2,6327,0.0,1789628635560,121776044240706
3,6327,0.0,1789628635560,121776044240706
4,6327,0.0,1789628635560,121776044240706
5,6327,0.0,1789628635560,121776044240706
6,6327,0.0,1789628635560,121776044240706
7,6327,0.0,1789628635560,121776044240706
0,6427,0.0,1789628635660,121776046650236
1,6427,0.0,1789628635660,121776046650236
2,6427,0.0,1789628635660,121776046650236
3,6427,0.0,1789628635660,121776046650236
4,6427,0.0,1789628635660,121776046650236
5,6427,0.0,1789628635660,121776046650236
6,6427,0.0,1789628635660,121776046650236
7,6427,0.0,1789628635660,121776046650236
0,6527,0.0,1789628635760,121776049057789
1,6527,0.0,1789628635760,121776049057789
2,6527,0.0,1789628635760,121776049057789
3,6527,0.0,1789628635760,121776049057789
4,6527,0.0,1789628635760,121776049057789
5,6527,0.0,1789628635760,121776049057789
6,6527,0.0,1789628635760,121776049057789
7,6527,0.0,1789628635760,121776049057789
0,6628,0.0,1789628635861,121776051466211
1,6628,0.0,1789628635861,121776051466211
2,6628,0.0,1789628635861,121776051466211
3,6628,0.0,1789628635861,121776051466211
4,6628,0.0,1789628635861,121776051466211
5,6628,0.0,1789628635861,121776051466211
6,6628,0.0,1789628635861,121776051466211
7,6628,0.0,1789628635861,121776051466211
0,6728,0.0,1789628635961,121776053874701
1,6728,0.0,1789628635961,121776053874701
2,6728,0.0,1789628635961,121776053874701
3,6728,0.0,1789628635961,121776053874701
4,6728,0.0,1789628635961,121776053874701
5,6728,0.0,1789628635961,121776053874701
6,6728,0.0,1789628635961,121776053874701
7,6728,0.0,1789628635961,121776053874701
0,6828,0.0,1789628636061,121776056282618
1,6828,0.0,1789628636061,121776056282618
2,6828,0.0,1789628636061,121776056282618
3,6828,0.0,1789628636061,121776056282618
4,6828,0.0,1789628636061,121776056282618
5,6828,0.0,1789628636061,121776056282618
6,6828,0.0,1789628636061,121776056282618
7,6828,0.0,1789628636061,121776056282618
0,6929,0.0,1789628636162,121776058690701
1,6929,0.0,1789628636162,121776058690701
2,6929,0.0,1789628636162,121776058690701
3,6929,0.0,1789628636162,121776058690701
4,6929,0.0,1789628636162,121776058690701
5,6929,0.0,1789628636162,121776058690701
6,6929,0.0,1789628636162,121776058690701
7,6929,0.0,1789628636162,121776058690701
0,7029,0.0,1789628636262,121776061098584
1,7029,0.0,1789628636262,121776061098584
2,7029,0.0,1789628636262,121776061098584
3,7029,0.0,1789628636262,121776061098584
4,7029,0.0,1789628636262,121776061098584
5,7029,0.0,1789628636262,121776061098584
6,7029,0.0,1789628636262,121776061098584
7,7029,0.0,1789628636262,121776061098584
0,7129,0.0,1789628636362,121776063506882
1,7129,0.0,1789628636362,121776063506882
2,7129,0.0,1789628636362,121776063506882
3,7129,0.0,1789628636362,121776063506882
4,7129,0.0,1789628636362,121776063506882
5,7129,0.0,1789628636362,121776063506882
6,7129,0.0,1789628636362,121776063506882
7,7129,0.0,1789628636362,121776063506882
0,7230,0.0,1789628636463,121776065917813
1,7230,0.0,1789628636463,121776065917813
2,7230,0.0,1789628636463,121776065917813
3,7230,0.0,1789628636463,121776065917813
4,7230,0.0,1789628636463,121776065917813
5,7230,0.0,1789628636463,121776065917813
6,7230,10.0,1789628636463,121776065917813
7,7230,0.0,1789628636463,121776065917813
0,7330,0.0,1789628636563,121776068327104
1,7330,0.0,1789628636563,121776068327104
2,7330,0.0,1789628636563,121776068327104
3,7330,0.0,1789628636563,121776068327104
4,7330,0.0,1789628636563,121776068327104
5,7330,0.0,1789628636563,121776068327104
6,7330,0.0,1789628636563,121776068327104
7,7330,0.0,1789628636563,121776068327104
0,7431,0.0,1789628636664,121776070735730
1,7431,0.0,1789628636664,121776070735730
2,7431,0.0,1789628636664,121776070735730
3,7431,0.0,1789628636664,121776070735730
4,7431,0.0,1789628636664,121776070735730
5,7431,0.0,1789628636664,121776070735730
6,7431,0.0,1789628636664,121776070735730
7,7431,0.0,1789628636664,121776070735730
0,7531,0.0,1789628636764,121776073143927
1,7531,0.0,1789628636764,121776073143927
2,7531,0.0,1789628636764,121776073143927
3,7531,0.0,1789628636764,121776073143927
4,7531,0.0,1789628636764,121776073143927
5,7531,0.0,1789628636764,121776073143927
6,7531,0.0,1789628636764,121776073143927
7,7531,0.0,1789628636764,121776073143927
0,7631,0.0,1789628636864,121776075553381
1,7631,0.0,1789628636864,121776075553381
2,7631,0.0,1789628636864,121776075553381
3,7631,0.0,1789628636864,121776075553381
4,7631,0.0,1789628636864,121776075553381
5,7631,0.0,1789628636864,121776075553381
6,7631,0.0,1789628636864,121776075553381
7,7631,0.0,1789628636864,121776075553381
0,7732,0.0,1789628636965,121776077962068
1,7732,0.0,1789628636965,121776077962068
2,7732,0.0,1789628636965,121776077962068
3,7732,0.0,1789628636965,121776077962068
4,7732,0.0,1789628636965,121776077962068
5,7732,0.0,1789628636965,121776077962068
6,7732,0.0,1789628636965,121776077962068
7,7732,0.0,1789628636965,121776077962068
0,7832,0.0,1789628637065,121776080370860
1,7832,0.0,1789628637065,121776080370860
2,7832,0.0,1789628637065,121776080370860
3,7832,0.0,1789628637065,121776080370860
4,7832,0.0,1789628637065,121776080370860
5,7832,0.0,1789628637065,121776080370860
6,7832,0.0,1789628637065,121776080370860
7,7832,0.0,1789628637065,121776080370860
0,7933,0.0,1789628637166,121776082779308
1,7933,0.0,1789628637166,121776082779308
2,7933,0.0,1789628637166,121776082779308
3,7933,0.0,1789628637166,121776082779308
4,7933,0.0,1789628637166,121776082779308
5,7933,0.0,1789628637166,121776082779308
6,7933,0.0,1789628637166,121776082779308
7,7933,0.0,1789628637166,121776082779308
0,8033,0.0,1789628637266,121776085187945
1,8033,0.0,1789628637266,121776085187945
2,8033,0.0,1789628637266,121776085187945
3,8033,0.0,1789628637266,121776085187945
4,8033,0.0,1789628637266,121776085187945
5,8033,0.0,1789628637266,121776085187945
6,8033,0.0,1789628637266,121776085187945
7,8033,0.0,1789628637266,121776085187945
0,8133,0.0,1789628637366,121776087597296
1,8133,0.0,1789628637366,121776087597296
2,8133,0.0,1789628637366,121776087597296
3,8133,0.0,1789628637366,121776087597296
4,8133,0.0,1789628637366,121776087597296
5,8133,0.0,1789628637366,121776087597296
6,8133,0.0,1789628637366,121776087597296
7,8133,0.0,1789628637366,121776087597296
0,8234,0.0,1789628637467,121776090007893
1,8234,0.0,1789628637467,121776090007893
2,8234,11.1,1789628637467,121776090007893
3,8234,30.0,1789628637467,121776090007893
4,8234,0.0,1789628637467,121776090007893
5,8234,0.0,1789628637467,121776090007893
6,8234,0.0,1789628637467,121776090007893
7,8234,0.0,1789628637467,121776090007893
0,8334,0.0,1789628637567,121776092419815
1,8334,0.0,1789628637567,121776092419815
2,8334,0.0,1789628637567,121776092419815
3,8334,9.1,1789628637567,121776092419815
4,8334,0.0,1789628637567,121776092419815
5,8334,40.0,1789628637567,121776092419815
6,8334,0.0,1789628637567,121776092419815
7,8334,9.1,1789628637567,121776092419815
0,8435,0.0,1789628637668,121776094831010
1,8435,0.0,1789628637668,121776094831010
2,8435,0.0,1789628637668,121776094831010
3,8435,10.0,1789628637668,121776094831010
4,8435,0.0,1789628637668,121776094831010
5,8435,0.0,1789628637668,121776094831010
6,8435,0.0,1789628637668,121776094831010
7,8435,9.1,1789628637668,121776094831010
0,8535,0.0,1789628637768,121776097240559
1,8535,0.0,1789628637768,121776097240559
2,8535,0.0,1789628637768,121776097240559
3,8535,0.0,1789628637768,121776097240559
4,8535,0.0,1789628637768,121776097240559
5,8535,0.0,1789628637768,121776097240559
6,8535,0.0,1789628637768,121776097240559
7,8535,0.0,1789628637768,121776097240559
0,8635,0.0,1789628637868,121776099648892
1,8635,0.0,1789628637868,121776099648892
2,8635,0.0,1789628637868,121776099648892
3,8635,0.0,1789628637868,121776099648892
4,8635,0.0,1789628637868,121776099648892
5,8635,0.0,1789628637868,121776099648892
6,8635,0.0,1789628637868,121776099648892
7,8635,0.0,1789628637868,121776099648892
0,8736,0.0,1789628637969,121776102059850
1,8736,0.0,1789628637969,121776102059850
2,8736,10.0,1789628637969,121776102059850
3,8736,0.0,1789628637969,121776102059850
4,8736,0.0,1789628637969,121776102059850
5,8736,9.1,1789628637969,121776102059850
6,8736,0.0,1789628637969,121776102059850
7,8736,0.0,1789628637969,121776102059850
0,8836,0.0,1789628638069,121776104470171
1,8836,0.0,1789628638069,121776104470171
2,8836,0.0,1789628638069,121776104470171
3,8836,0.0,1789628638069,121776104470171
4,8836,0.0,1789628638069,121776104470171
5,8836,0.0,1789628638069,121776104470171
6,8836,0.0,1789628638069,121776104470171
7,8836,0.0,1789628638069,121776104470171
0,8937,0.0,1789628638170,121776106879626
1,8937,0.0,1789628638170,121776106879626
2,8937,0.0,1789628638170,121776106879626
3,8937,0.0,1789628638170,121776106879626
4,8937,0.0,1789628638170,121776106879626
5,8937,0.0,1789628638170,121776106879626
6,8937,0.0,1789628638170,121776106879626
7,8937,0.0,1789628638170,121776106879626
0,9037,0.0,1789628638270,121776109289006
1,9037,0.0,1789628638270,121776109289006
2,9037,0.0,1789628638270,121776109289006
3,9037,0.0,1789628638270,121776109289006
4,9037,0.0,1789628638270,121776109289006
5,9037,0.0,1789628638270,121776109289006
6,9037,0.0,1789628638270,121776109289006
7,9037,0.0,1789628638270,121776109289006
0,9137,0.0,1789628638370,121776111698010
1,9137,0.0,1789628638370,121776111698010
2,9137,0.0,1789628638370,121776111698010
3,9137,0.0,1789628638370,121776111698010
4,9137,0.0,1789628638370,121776111698010
5,9137,0.0,1789628638370,121776111698010
6,9137,0.0,1789628638370,121776111698010
7,9137,0.0,1789628638370,121776111698010
0,9238,0.0,1789628638471,121776114108630
1,9238,0.0,1789628638471,121776114108630
2,9238,0.0,1789628638471,121776114108630
3,9238,0.0,1789628638471,121776114108630
4,9238,0.0,1789628638471,121776114108630
5,9238,0.0,1789628638471,121776114108630
6,9238,10.0,1789628638471,121776114108630
7,9238,0.0,1789628638471,121776114108630
0,9338,0.0,1789628638571,121776116517885
1,9338,0.0,1789628638571,121776116517885
2,9338,0.0,1789628638571,121776116517885
3,9338,0.0,1789628638571,121776116517885
4,9338,9.1,1789628638571,121776116517885
5,9338,0.0,1789628638571,121776116517885
6,9338,0.0,1789628638571,121776116517885
7,9338,0.0,1789628638571,121776116517885
0,9439,0.0,1789628638672,121776118926350
1,9439,0.0,1789628638672,121776118926350
2,9439,0.0,1789628638672,121776118926350
3,9439,0.0,1789628638672,121776118926350
4,9439,0.0,1789628638672,121776118926350
5,9439,0.0,1789628638672,121776118926350
6,9439,0.0,1789628638672,121776118926350
7,9439,0.0,1789628638672,121776118926350
0,9539,0.0,1789628638772,121776121334958
1,9539,0.0,1789628638772,121776121334958
2,9539,0.0,1789628638772,121776121334958
3,9539,0.0,1789628638772,121776121334958
4,9539,0.0,1789628638772,121776121334958
5,9539,0.0,1789628638772,121776121334958
6,9539,0.0,1789628638772,121776121334958
7,9539,0.0,1789628638772,121776121334958
0,9639,0.0,1789628638872,121776123743650
1,9639,0.0,1789628638872,121776123743650
2,9639,0.0,1789628638872,121776123743650
3,9639,0.0,1789628638872,121776123743650
4,9639,0.0,1789628638872,121776123743650
5,9639,0.0,1789628638872,121776123743650
6,9639,0.0,1789628638872,121776123743650
7,9639,0.0,1789628638872,121776123743650
0,9740,0.0,1789628638973,121776126151862
1,9740,0.0,1789628638973,121776126151862
2,9740,0.0,1789628638973,121776126151862
3,9740,0.0,1789628638973,121776126151862
4,9740,0.0,1789628638973,121776126151862
5,9740,0.0,1789628638973,121776126151862
6,9740,0.0,1789628638973,121776126151862
7,9740,0.0,1789628638973,121776126151862
0,9840,0.0,1789628639073,121776128560029
1,9840,0.0,1789628639073,121776128560029
2,9840,0.0,1789628639073,121776128560029
3,9840,0.0,1789628639073,121776128560029
4,9840,0.0,1789628639073,121776128560029
5,9840,0.0,1789628639073,121776128560029
6,9840,0.0,1789628639073,121776128560029
7,9840,0.0,1789628639073,121776128560029
0,9940,0.0,1789628639173,121776130968308
1,9940,0.0,1789628639173,121776130968308
2,9940,0.0,1789628639173,121776130968308
3,9940,0.0,1789628639173,121776130968308
4,9940,0.0,1789628639173,121776130968308
5,9940,0.0,1789628639173,121776130968308
6,9940,0.0,1789628639173,121776130968308
7,9940,0.0,1789628639173,121776130968308
0,10041,0.0,1789628639274,121776133376464
1,10041,0.0,1789628639274,121776133376464
2,10041,0.0,1789628639274,121776133376464
3,10041,0.0,1789628639274,121776133376464
4,10041,0.0,1789628639274,121776133376464
5,10041,0.0,1789628639274,121776133376464
6,10041,0.0,1789628639274,121776133376464
7,10041,0.0,1789628639274,121776133376464
0,10141,0.0,1789628639374,121776135787548
1,10141,0.0,1789628639374,121776135787548
2,10141,0.0,1789628639374,121776135787548
3,10141,0.0,1789628639374,121776135787548
4,10141,0.0,1789628639374,121776135787548
5,10141,0.0,1789628639374,121776135787548
6,10141,0.0,1789628639374,121776135787548
7,10141,0.0,1789628639374,121776135787548
0,10242,0.0,1789628639475,121776138196788
1,10242,0.0,1789628639475,121776138196788
2,10242,0.0,1789628639475,121776138196788
3,10242,0.0,1789628639475,121776138196788
4,10242,0.0,1789628639475,121776138196788
5,10242,0.0,1789628639475,121776138196788
6,10242,0.0,1789628639475,121776138196788
7,10242,0.0,1789628639475,121776138196788
0,10342,0.0,1789628639575,121776140606206
1,10342,0.0,1789628639575,121776140606206
2,10342,0.0,1789628639575,121776140606206
3,10342,0.0,1789628639575,121776140606206
4,10342,0.0,1789628639575,121776140606206
5,10342,0.0,1789628639575,121776140606206
6,10342,0.0,1789628639575,121776140606206
7,10342,0.0,1789628639575,121776140606206
0,10442,0.0,1789628639675,121776143017182
1,10442,0.0,1789628639675,121776143017182
2,10442,0.0,1789628639675,121776143017182
3,10442,0.0,1789628639675,121776143017182
4,10442,0.0,1789628639675,121776143017182
5,10442,0.0,1789628639675,121776143017182
6,10442,10.0,1789628639675,121776143017182
7,10442,0.0,1789628639675,121776143017182
0,10543,0.0,1789628639776,121776145426830
1,10543,0.0,1789628639776,121776145426830
2,10543,0.0,1789628639776,121776145426830
3,10543,0.0,1789628639776,121776145426830
4,10543,0.0,1789628639776,121776145426830
5,10543,0.0,1789628639776,121776145426830
6,10543,0.0,1789628639776,121776145426830
7,10543,0.0,1789628639776,121776145426830
0,10643,0.0,1789628639876,121776147835799
1,10643,0.0,1789628639876,121776147835799
2,10643,0.0,1789628639876,121776147835799
3,10643,0.0,1789628639876,121776147835799
4,10643,0.0,1789628639876,121776147835799
5,10643,0.0,1789628639876,121776147835799
6,10643,0.0,1789628639876,121776147835799
7,10643,0.0,1789628639876,121776147835799
0,10744,0.0,1789628639977,121776150244361
1,10744,0.0,1789628639977,121776150244361
2,10744,0.0,1789628639977,121776150244361
3,10744,0.0,1789628639977,121776150244361
4,10744,0.0,1789628639977,121776150244361
5,10744,0.0,1789628639977,121776150244361
6,10744,0.0,1789628639977,121776150244361
7,10744,0.0,1789628639977,121776150244361
0,10844,0.0,1789628640077,121776152652824
1,10844,0.0,1789628640077,121776152652824
2,10844,0.0,1789628640077,121776152652824
3,10844,0.0,1789628640077,121776152652824
4,10844,0.0,1789628640077,121776152652824
5,10844,0.0,1789628640077,121776152652824
6,10844,0.0,1789628640077,121776152652824
7,10844,9.1,1789628640077,121776152652824
0,10944,0.0,1789628640177,121776155061484
1,10944,0.0,1789628640177,121776155061484
2,10944,0.0,1789628640177,121776155061484
3,10944,0.0,1789628640177,121776155061484
4,10944,0.0,1789628640177,121776155061484
5,10944,0.0,1789628640177,121776155061484
6,10944,0.0,1789628640177,121776155061484
7,10944,0.0,1789628640177,121776155061484
0,11045,0.0,1789628640278,121776157470080
1,11045,0.0,1789628640278,121776157470080
2,11045,0.0,1789628640278,121776157470080
3,11045,0.0,1789628640278,121776157470080
4,11045,0.0,1789628640278,121776157470080
5,11045,0.0,1789628640278,121776157470080
6,11045,0.0,1789628640278,121776157470080
7,11045,0.0,1789628640278,121776157470080
0,11145,0.0,1789628640378,121776159878363
1,11145,0.0,1789628640378,121776159878363
2,11145,0.0,1789628640378,121776159878363
3,11145,0.0,1789628640378,121776159878363
4,11145,0.0,1789628640378,121776159878363
5,11145,0.0,1789628640378,121776159878363
6,11145,0.0,1789628640378,121776159878363
7,11145,0.0,1789628640378,121776159878363
0,11245,0.0,1789628640478,121776162288601
1,11245,0.0,1789628640478,121776162288601
2,11245,0.0,1789628640478,121776162288601
3,11245,0.0,1789628640478,121776162288601
4,11245,0.0,1789628640478,121776162288601
5,11245,0.0,1789628640478,121776162288601
6,11245,0.0,1789628640478,121776162288601
7,11245,0.0,1789628640478,121776162288601
0,11346,0.0,1789628640579,121776164697714
1,11346,0.0,1789628640579,121776164697714
2,11346,0.0,1789628640579,121776164697714
3,11346,0.0,1789628640579,121776164697714
4,11346,0.0,1789628640579,121776164697714
5,11346,0.0,1789628640579,121776164697714
6,11346,0.0,1789628640579,121776164697714
7,11346,0.0,1789628640579,121776164697714
0,11446,0.0,1789628640679,121776167108387
1,11446,0.0,1789628640679,121776167108387
2,11446,0.0,1789628640679,121776167108387
3,11446,0.0,1789628640679,121776167108387
4,11446,0.0,1789628640679,121776167108387
5,11446,0.0,1789628640679,121776167108387
6,11446,0.0,1789628640679,121776167108387
7,11446,0.0,1789628640679,121776167108387
0,11547,0.0,1789628640780,121776169516205
1,11547,0.0,1789628640780,121776169516205
2,11547,0.0,1789628640780,121776169516205
3,11547,0.0,1789628640780,121776169516205
4,11547,0.0,1789628640780,121776169516205
5,11547,0.0,1789628640780,121776169516205
6,11547,0.0,1789628640780,121776169516205
7,11547,0.0,1789628640780,121776169516205
0,11647,0.0,1789628640880,121776171924268
1,11647,0.0,1789628640880,121776171924268
2,11647,0.0,1789628640880,121776171924268
3,11647,0.0,1789628640880,121776171924268
4,11647,0.0,1789628640880,121776171924268
5,11647,0.0,1789628640880,121776171924268
6,11647,0.0,1789628640880,121776171924268
7,11647,0.0,1789628640880,121776171924268
0,11747,0.0,1789628640980,121776174335299
1,11747,0.0,1789628640980,121776174335299
2,11747,0.0,1789628640980,121776174335299
3,11747,0.0,1789628640980,121776174335299
4,11747,0.0,1789628640980,121776174335299
5,11747,0.0,1789628640980,121776174335299
6,11747,0.0,1789628640980,121776174335299
7,11747,0.0,1789628640980,121776174335299
0,11848,0.0,1789628641081,121776176745320
1,11848,0.0,1789628641081,121776176745320
2,11848,0.0,1789628641081,121776176745320
3,11848,0.0,1789628641081,121776176745320
4,11848,0.0,1789628641081,121776176745320
5,11848,0.0,1789628641081,121776176745320
6,11848,0.0,1789628641081,121776176745320
7,11848,0.0,1789628641081,121776176745320
0,11948,0.0,1789628641181,121776179154300
1,11948,0.0,1789628641181,121776179154300
2,11948,0.0,1789628641181,121776179154300
3,11948,0.0,1789628641181,121776179154300
4,11948,0.0,1789628641181,121776179154300
5,11948,0.0,1789628641181,121776179154300
6,11948,0.0,1789628641181,121776179154300
7,11948,9.1,1789628641181,121776179154300
0,12049,0.0,1789628641282,121776181563068
1,12049,0.0,1789628641282,121776181563068
2,12049,0.0,1789628641282,121776181563068
3,12049,0.0,1789628641282,121776181563068
4,12049,0.0,1789628641282,121776181563068
5,12049,0.0,1789628641282,121776181563068
6,12049,0.0,1789628641282,121776181563068
7,12049,0.0,1789628641282,121776181563068
0,12149,0.0,1789628641382,121776183971442
1,12149,0.0,1789628641382,121776183971442
2,12149,0.0,1789628641382,121776183971442
3,12149,0.0,1789628641382,121776183971442
4,12149,0.0,1789628641382,121776183971442
5,12149,0.0,1789628641382,121776183971442
6,12149,0.0,1789628641382,121776183971442
7,12149,0.0,1789628641382,121776183971442
0,12249,0.0,1789628641482,121776186382209
1,12249,0.0,1789628641482,121776186382209
2,12249,0.0,1789628641482,121776186382209
3,12249,0.0,1789628641482,121776186382209
4,12249,0.0,1789628641482,121776186382209
5,12249,0.0,1789628641482,121776186382209
6,12249,0.0,1789628641482,121776186382209
7,12249,0.0,1789628641482,121776186382209
0,12442,0.0,1789628641675,121776191000412
1,12442,0.0,1789628641675,121776191000412
2,12442,0.0,1789628641675,121776191000412
3,12442,0.0,1789628641675,121776191000412
4,12442,0.0,1789628641675,121776191000412
5,12442,0.0,1789628641675,121776191000412
6,12442,0.0,1789628641675,121776191000412
7,12442,0.0,1789628641675,121776191000412
0,12542,0.0,1789628641775,121776193409454
1,12542,0.0,1789628641775,121776193409454
2,12542,0.0,1789628641775,121776193409454
3,12542,0.0,1789628641775,121776193409454
4,12542,9.1,1789628641775,121776193409454
5,12542,0.0,1789628641775,121776193409454
6,12542,0.0,1789628641775,121776193409454
7,12542,0.0,1789628641775,121776193409454
0,12643,0.0,1789628641876,121776195818470
1,12643,0.0,1789628641876,121776195818470
2,12643,0.0,1789628641876,121776195818470
3,12643,0.0,1789628641876,121776195818470
4,12643,0.0,1789628641876,121776195818470
5,12643,0.0,1789628641876,121776195818470
6,12643,0.0,1789628641876,121776195818470
7,12643,0.0,1789628641876,121776195818470
0,12743,0.0,1789628641976,121776198228190
1,12743,0.0,1789628641976,121776198228190
2,12743,0.0,1789628641976,121776198228190
3,12743,0.0,1789628641976,121776198228190
4,12743,0.0,1789628641976,121776198228190
5,12743,0.0,1789628641976,121776198228190
6,12743,0.0,1789628641976,121776198228190
7,12743,0.0,1789628641976,121776198228190
0,12843,0.0,1789628642076,121776200636612
1,12843,0.0,1789628642076,121776200636612
2,12843,0.0,1789628642076,121776200636612
3,12843,0.0,1789628642076,121776200636612
4,12843,0.0,1789628642076,121776200636612
5,12843,0.0,1789628642076,121776200636612
6,12843,0.0,1789628642076,121776200636612
7,12843,0.0,1789628642076,121776200636612
0,12944,0.0,1789628642177,121776203045408
1,12944,0.0,1789628642177,121776203045408
2,12944,0.0,1789628642177,121776203045408
3,12944,0.0,1789628642177,121776203045408
4,12944,0.0,1789628642177,121776203045408
5,12944,0.0,1789628642177,121776203045408
6,12944,0.0,1789628642177,121776203045408
7,12944,0.0,1789628642177,121776203045408
0,13044,0.0,1789628642277,121776205454112
1,13044,0.0,1789628642277,121776205454112
2,13044,0.0,1789628642277,121776205454112
3,13044,0.0,1789628642277,121776205454112
4,13044,0.0,1789628642277,121776205454112
5,13044,0.0,1789628642277,121776205454112
6,13044,0.0,1789628642277,121776205454112
7,13044,0.0,1789628642277,121776205454112
0,13144,0.0,1789628642377,121776207862494
1,13144,0.0,1789628642377,121776207862494
2,13144,0.0,1789628642377,121776207862494
3,13144,0.0,1789628642377,121776207862494
4,13144,0.0,1789628642377,121776207862494
5,13144,0.0,1789628642377,121776207862494
6,13144,0.0,1789628642377,121776207862494
7,13144,0.0,1789628642377,121776207862494
0,13245,0.0,1789628642478,121776210272334
1,13245,0.0,1789628642478,121776210272334
2,13245,0.0,1789628642478,121776210272334
3,13245,0.0,1789628642478,121776210272334
4,13245,0.0,1789628642478,121776210272334
5,13245,0.0,1789628642478,121776210272334
6,13245,0.0,1789628642478,121776210272334
7,13245,0.0,1789628642478,121776210272334
0,13345,0.0,1789628642578,121776212681497
1,13345,0.0,1789628642578,121776212681497
2,13345,0.0,1789628642578,121776212681497
3,13345,0.0,1789628642578,121776212681497
4,13345,0.0,1789628642578,121776212681497
5,13345,0.0,1789628642578,121776212681497
6,13345,0.0,1789628642578,121776212681497
7,13345,0.0,1789628642578,121776212681497
0,13446,0.0,1789628642679,121776215089914
1,13446,0.0,1789628642679,121776215089914
2,13446,0.0,1789628642679,121776215089914
3,13446,0.0,1789628642679,121776215089914
4,13446,0.0,1789628642679,121776215089914
5,13446,0.0,1789628642679,121776215089914
6,13446,0.0,1789628642679,121776215089914
7,13446,0.0,1789628642679,121776215089914
0,13546,0.0,1789628642779,121776217499466
1,13546,0.0,1789628642779,121776217499466
2,13546,0.0,1789628642779,121776217499466
3,13546,0.0,1789628642779,121776217499466
4,13546,0.0,1789628642779,121776217499466
5,13546,0.0,1789628642779,121776217499466
6,13546,0.0,1789628642779,121776217499466
7,13546,0.0,1789628642779,121776217499466
0,13646,0.0,1789628642879,121776219911337
1,13646,0.0,1789628642879,121776219911337
2,13646,0.0,1789628642879,121776219911337
3,13646,9.1,1789628642879,121776219911337
4,13646,0.0,1789628642879,121776219911337
5,13646,0.0,1789628642879,121776219911337
6,13646,0.0,1789628642879,121776219911337
7,13646,0.0,1789628642879,121776219911337
0,13747,0.0,1789628642980,121776222321335
1,13747,0.0,1789628642980,121776222321335
2,13747,0.0,1789628642980,121776222321335
3,13747,0.0,1789628642980,121776222321335
4,13747,0.0,1789628642980,121776222321335
5,13747,0.0,1789628642980,121776222321335
6,13747,0.0,1789628642980,121776222321335
7,13747,0.0,1789628642980,121776222321335
0,13847,0.0,1789628643080,121776224730125
1,13847,0.0,1789628643080,121776224730125
2,13847,0.0,1789628643080,121776224730125
3,13847,0.0,1789628643080,121776224730125
4,13847,0.0,1789628643080,121776224730125
5,13847,0.0,1789628643080,121776224730125
6,13847,0.0,1789628643080,121776224730125
7,13847,0.0,1789628643080,121776224730125
0,13948,0.0,1789628643181,121776227142492
1,13948,0.0,1789628643181,121776227142492
2,13948,10.0,1789628643181,121776227142492
3,13948,0.0,1789628643181,121776227142492
4,13948,0.0,1789628643181,121776227142492
5,13948,36.4,1789628643181,121776227142492
6,13948,10.0,1789628643181,121776227142492
7,13948,0.0,1789628643181,121776227142492
0,14048,0.0,1789628643281,121776229554479
1,14048,0.0,1789628643281,121776229554479
2,14048,0.0,1789628643281,121776229554479
3,14048,0.0,1789628643281,121776229554479
4,14048,0.0,1789628643281,121776229554479
5,14048,0.0,1789628643281,121776229554479
6,14048,40.0,1789628643281,121776229554479
7,14048,0.0,1789628643281,121776229554479
0,14149,0.0,1789628643382,121776231965963
1,14149,0.0,1789628643382,121776231965963
2,14149,0.0,1789628643382,121776231965963
3,14149,0.0,1789628643382,121776231965963
4,14149,0.0,1789628643382,121776231965963
5,14149,10.0,1789628643382,121776231965963
6,14149,0.0,1789628643382,121776231965963
7,14149,0.0,1789628643382,121776231965963
0,14249,0.0,1789628643482,121776234377637
1,14249,0.0,1789628643482,121776234377637
2,14249,0.0,1789628643482,121776234377637
3,14249,0.0,1789628643482,121776234377637
4,14249,0.0,1789628643482,121776234377637
5,14249,0.0,1789628643482,121776234377637
6,14249,0.0,1789628643482,121776234377637
7,14249,0.0,1789628643482,121776234377637
0,14350,0.0,1789628643583,121776236787708
1,14350,0.0,1789628643583,121776236787708
2,14350,0.0,1789628643583,121776236787708
3,14350,0.0,1789628643583,121776236787708
4,14350,0.0,1789628643583,121776236787708
5,14350,0.0,1789628643583,121776236787708
6,14350,0.0,1789628643583,121776236787708
7,14350,0.0,1789628643583,121776236787708
0,14450,0.0,1789628643683,121776239197342
1,14450,0.0,1789628643683,121776239197342
2,14450,0.0,1789628643683,121776239197342
3,14450,0.0,1789628643683,121776239197342
4,14450,0.0,1789628643683,121776239197342
5,14450,0.0,1789628643683,121776239197342
6,14450,0.0,1789628643683,121776239197342
7,14450,0.0,1789628643683,121776239197342
0,14550,0.0,1789628643783,121776241606160
1,14550,0.0,1789628643783,121776241606160
2,14550,0.0,1789628643783,121776241606160
3,14550,0.0,1789628643783,121776241606160
4,14550,9.1,1789628643783,121776241606160
5,14550,0.0,1789628643783,121776241606160
6,14550,0.0,1789628643783,121776241606160
7,14550,0.0,1789628643783,121776241606160
0,14651,0.0,1789628643884,121776244015052
1,14651,0.0,1789628643884,121776244015052
2,14651,0.0,1789628643884,121776244015052
3,14651,0.0,1789628643884,121776244015052
4,14651,0.0,1789628643884,121776244015052
5,14651,0.0,1789628643884,121776244015052
6,14651,0.0,1789628643884,121776244015052
7,14651,0.0,1789628643884,121776244015052
0,14751,0.0,1789628643984,121776246425845
1,14751,9.1,1789628643984,121776246425845
2,14751,0.0,1789628643984,121776246425845
3,14751,0.0,1789628643984,121776246425845
4,14751,0.0,1789628643984,121776246425845
5,14751,0.0,1789628643984,121776246425845
6,14751,0.0,1789628643984,121776246425845
7,14751,0.0,1789628643984,121776246425845
0,14852,0.0,1789628644085,121776248836001
1,14852,0.0,1789628644085,121776248836001
2,14852,0.0,1789628644085,121776248836001
3,14852,0.0,1789628644085,121776248836001
4,14852,0.0,1789628644085,121776248836001
5,14852,0.0,1789628644085,121776248836001
6,14852,0.0,1789628644085,121776248836001
7,14852,0.0,1789628644085,121776248836001
0,14952,0.0,1789628644185,121776251245198
1,14952,0.0,1789628644185,121776251245198
2,14952,0.0,1789628644185,121776251245198
3,14952,0.0,1789628644185,121776251245198
4,14952,0.0,1789628644185,121776251245198
5,14952,0.0,1789628644185,121776251245198
6,14952,0.0,1789628644185,121776251245198
7,14952,0.0,1789628644185,121776251245198
0,15052,0.0,1789628644285,121776253654201
1,15052,0.0,1789628644285,121776253654201
2,15052,0.0,1789628644285,121776253654201
3,15052,0.0,1789628644285,121776253654201
4,15052,0.0,1789628644285,121776253654201
5,15052,0.0,1789628644285,121776253654201
6,15052,0.0,1789628644285,121776253654201
7,15052,0.0,1789628644285,121776253654201
0,15153,0.0,1789628644386,121776256064006
1,15153,0.0,1789628644386,121776256064006
2,15153,0.0,1789628644386,121776256064006
3,15153,0.0,1789628644386,121776256064006
4,15153,0.0,1789628644386,121776256064006
5,15153,0.0,1789628644386,121776256064006
6,15153,0.0,1789628644386,121776256064006
7,15153,0.0,1789628644386,121776256064006
0,15253,0.0,1789628644486,121776258473956
1,15253,0.0,1789628644486,121776258473956
2,15253,0.0,1789628644486,121776258473956
3,15253,0.0,1789628644486,121776258473956
4,15253,0.0,1789628644486,121776258473956
5,15253,0.0,1789628644486,121776258473956
6,15253,0.0,1789628644486,121776258473956
7,15253,0.0,1789628644486,121776258473956
0,15354,0.0,1789628644587,121776260883263
1,15354,0.0,1789628644587,121776260883263
2,15354,0.0,1789628644587,121776260883263
3,15354,0.0,1789628644587,121776260883263
4,15354,0.0,1789628644587,121776260883263
5,15354,0.0,1789628644587,121776260883263
6,15354,0.0,1789628644587,121776260883263
7,15354,0.0,1789628644587,121776260883263
0,15454,0.0,1789628644687,121776263293060
1,15454,0.0,1789628644687,121776263293060
2,15454,0.0,1789628644687,121776263293060
3,15454,0.0,1789628644687,121776263293060
4,15454,0.0,1789628644687,121776263293060
5,15454,0.0,1789628644687,121776263293060
6,15454,0.0,1789628644687,121776263293060
7,15454,0.0,1789628644687,121776263293060
0,15554,0.0,1789628644787,121776265703836
1,15554,0.0,1789628644787,121776265703836
2,15554,0.0,1789628644787,121776265703836
3,15554,0.0,1789628644787,121776265703836
4,15554,0.0,1789628644787,121776265703836
5,15554,0.0,1789628644787,121776265703836
6,15554,0.0,1789628644787,121776265703836
7,15554,0.0,1789628644787,121776265703836
0,15655,0.0,1789628644888,121776268113827
1,15655,0.0,1789628644888,121776268113827
2,15655,0.0,1789628644888,121776268113827
3,15655,0.0,1789628644888,121776268113827
4,15655,0.0,1789628644888,121776268113827
5,15655,0.0,1789628644888,121776268113827
6,15655,0.0,1789628644888,121776268113827
7,15655,0.0,1789628644888,121776268113827
0,15755,0.0,1789628644988,121776270522918
1,15755,0.0,1789628644988,121776270522918
2,15755,0.0,1789628644988,121776270522918
3,15755,0.0,1789628644988,121776270522918
4,15755,0.0,1789628644988,121776270522918
5,15755,0.0,1789628644988,121776270522918
6,15755,0.0,1789628644988,121776270522918
7,15755,0.0,1789628644988,121776270522918
0,15856,0.0,1789628645089,121776272931919
1,15856,0.0,1789628645089,121776272931919
2,15856,0.0,1789628645089,121776272931919
3,15856,0.0,1789628645089,121776272931919
4,15856,0.0,1789628645089,121776272931919
5,15856,0.0,1789628645089,121776272931919
6,15856,0.0,1789628645089,121776272931919
7,15856,0.0,1789628645089,121776272931919
0,15956,0.0,1789628645189,121776275340655
1,15956,0.0,1789628645189,121776275340655
2,15956,0.0,1789628645189,121776275340655
3,15956,0.0,1789628645189,121776275340655
4,15956,0.0,1789628645189,121776275340655
5,15956,0.0,1789628645189,121776275340655
6,15956,0.0,1789628645189,121776275340655
7,15956,0.0,1789628645189,121776275340655
0,16056,0.0,1789628645289,121776277749036
1,16056,0.0,1789628645289,121776277749036
2,16056,0.0,1789628645289,121776277749036
3,16056,0.0,1789628645289,121776277749036
4,16056,0.0,1789628645289,121776277749036
5,16056,0.0,1789628645289,121776277749036
6,16056,0.0,1789628645289,121776277749036
7,16056,0.0,1789628645289,121776277749036
0,16157,0.0,1789628645390,121776280157845
1,16157,0.0,1789628645390,121776280157845
2,16157,0.0,1789628645390,121776280157845
3,16157,0.0,1789628645390,121776280157845
4,16157,0.0,1789628645390,121776280157845
5,16157,0.0,1789628645390,121776280157845
6,16157,0.0,1789628645390,121776280157845
7,16157,9.1,1789628645390,121776280157845
0,16257,0.0,1789628645490,121776282565914
1,16257,0.0,1789628645490,121776282565914
2,16257,0.0,1789628645490,121776282565914
3,16257,0.0,1789628645490,121776282565914
4,16257,0.0,1789628645490,121776282565914
5,16257,0.0,1789628645490,121776282565914
6,16257,0.0,1789628645490,121776282565914
7,16257,0.0,1789628645490,121776282565914
0,16357,0.0,1789628645590,121776284975503
1,16357,0.0,1789628645590,121776284975503
2,16357,0.0,1789628645590,121776284975503
3,16357,0.0,1789628645590,121776284975503
4,16357,0.0,1789628645590,121776284975503
5,16357,0.0,1789628645590,121776284975503
6,16357,0.0,1789628645590,121776284975503
7,16357,0.0,1789628645590,121776284975503
0,16458,0.0,1789628645691,121776287384164
1,16458,0.0,1789628645691,121776287384164
2,16458,0.0,1789628645691,121776287384164
3,16458,0.0,1789628645691,121776287384164
4,16458,0.0,1789628645691,121776287384164
5,16458,0.0,1789628645691,121776287384164
6,16458,0.0,1789628645691,121776287384164
7,16458,0.0,1789628645691,121776287384164
0,16558,0.0,1789628645791,121776289793657
1,16558,0.0,1789628645791,121776289793657
2,16558,0.0,1789628645791,121776289793657
3,16558,0.0,1789628645791,121776289793657
4,16558,0.0,1789628645791,121776289793657
5,16558,0.0,1789628645791,121776289793657
6,16558,0.0,1789628645791,121776289793657
7,16558,0.0,1789628645791,121776289793657
0,16659,0.0,1789628645892,121776292202037
1,16659,0.0,1789628645892,121776292202037
2,16659,0.0,1789628645892,121776292202037
3,16659,0.0,1789628645892,121776292202037
4,16659,0.0,1789628645892,121776292202037
5,16659,0.0,1789628645892,121776292202037
6,16659,0.0,1789628645892,121776292202037
7,16659,0.0,1789628645892,121776292202037
0,16759,0.0,1789628645992,121776294610598
1,16759,0.0,1789628645992,121776294610598
2,16759,0.0,1789628645992,121776294610598
3,16759,0.0,1789628645992,121776294610598
4,16759,0.0,1789628645992,121776294610598
5,16759,0.0,1789628645992,121776294610598
6,16759,0.0,1789628645992,121776294610598
7,16759,0.0,1789628645992,121776294610598
0,16859,0.0,1789628646092,121776297019064
1,16859,0.0,1789628646092,121776297019064
2,16859,0.0,1789628646092,121776297019064
3,16859,0.0,1789628646092,121776297019064
4,16859,0.0,1789628646092,121776297019064
5,16859,0.0,1789628646092,121776297019064
6,16859,0.0,1789628646092,121776297019064
7,16859,0.0,1789628646092,121776297019064
0,16960,0.0,1789628646193,121776299427398
1,16960,0.0,1789628646193,121776299427398
2,16960,0.0,1789628646193,121776299427398
3,16960,0.0,1789628646193,121776299427398
4,16960,0.0,1789628646193,121776299427398
5,16960,0.0,1789628646193,121776299427398
6,16960,0.0,1789628646193,121776299427398
7,16960,0.0,1789628646193,121776299427398
0,17060,0.0,1789628646293,121776301835647
1,17060,0.0,1789628646293,121776301835647
2,17060,0.0,1789628646293,121776301835647
3,17060,0.0,1789628646293,121776301835647
4,17060,0.0,1789628646293,121776301835647
5,17060,0.0,1789628646293,121776301835647
6,17060,0.0,1789628646293,121776301835647
7,17060,0.0,1789628646293,121776301835647
0,17160,0.0,1789628646393,121776304243008
1,17160,0.0,1789628646393,121776304243008
2,17160,0.0,1789628646393,121776304243008
3,17160,0.0,1789628646393,121776304243008
4,17160,0.0,1789628646393,121776304243008
5,17160,0.0,1789628646393,121776304243008
6,17160,0.0,1789628646393,121776304243008
7,17160,0.0,1789628646393,121776304243008
0,17261,0.0,1789628646494,121776306652270
1,17261,0.0,1789628646494,121776306652270
2,17261,0.0,1789628646494,121776306652270
3,17261,0.0,1789628646494,121776306652270
4,17261,0.0,1789628646494,121776306652270
5,17261,0.0,1789628646494,121776306652270
6,17261,0.0,1789628646494,121776306652270
7,17261,0.0,1789628646494,121776306652270
0,17361,0.0,1789628646594,121776309061884
1,17361,0.0,1789628646594,121776309061884
2,17361,0.0,1789628646594,121776309061884
3,17361,0.0,1789628646594,121776309061884
4,17361,0.0,1789628646594,121776309061884
5,17361,0.0,1789628646594,121776309061884
6,17361,0.0,1789628646594,121776309061884
7,17361,0.0,1789628646594,121776309061884
0,17461,0.0,1789628646694,121776311470609
1,17461,0.0,1789628646694,121776311470609
2,17461,0.0,1789628646694,121776311470609
3,17461,0.0,1789628646694,121776311470609
4,17461,0.0,1789628646694,121776311470609
5,17461,0.0,1789628646694,121776311470609
6,17461,0.0,1789628646694,121776311470609
7,17461,0.0,1789628646694,121776311470609
0,17562,0.0,1789628646795,121776313880398
1,17562,0.0,1789628646795,121776313880398
2,17562,0.0,1789628646795,121776313880398
3,17562,0.0,1789628646795,121776313880398
4,17562,0.0,1789628646795,121776313880398
5,17562,0.0,1789628646795,121776313880398
6,17562,0.0,1789628646795,121776313880398
7,17562,0.0,1789628646795,121776313880398
0,17662,0.0,1789628646895,121776316292588
1,17662,0.0,1789628646895,121776316292588
2,17662,0.0,1789628646895,121776316292588
3,17662,0.0,1789628646895,121776316292588
4,17662,9.1,1789628646895,121776316292588
5,17662,0.0,1789628646895,121776316292588
6,17662,0.0,1789628646895,121776316292588
7,17662,0.0,1789628646895,121776316292588
0,17763,0.0,1789628646996,121776318704136
1,17763,0.0,1789628646996,121776318704136
2,17763,0.0,1789628646996,121776318704136
3,17763,0.0,1789628646996,121776318704136
4,17763,0.0,1789628646996,121776318704136
5,17763,0.0,1789628646996,121776318704136
6,17763,0.0,1789628646996,121776318704136
7,17763,0.0,1789628646996,121776318704136
0,17863,0.0,1789628647096,121776321114213
1,17863,0.0,1789628647096,121776321114213
2,17863,0.0,1789628647096,121776321114213
3,17863,0.0,1789628647096,121776321114213
4,17863,0.0,1789628647096,121776321114213
5,17863,0.0,1789628647096,121776321114213
6,17863,0.0,1789628647096,121776321114213
7,17863,0.0,1789628647096,121776321114213
0,17964,0.0,1789628647197,121776323523097
1,17964,0.0,1789628647197,121776323523097
2,17964,0.0,1789628647197,121776323523097
3,17964,0.0,1789628647197,121776323523097
4,17964,0.0,1789628647197,121776323523097
5,17964,0.0,1789628647197,121776323523097
6,17964,0.0,1789628647197,121776323523097
7,17964,0.0,1789628647197,121776323523097
0,18064,0.0,1789628647297,121776325931564
1,18064,0.0,1789628647297,121776325931564
2,18064,0.0,1789628647297,121776325931564
3,18064,0.0,1789628647297,121776325931564
4,18064,0.0,1789628647297,121776325931564
5,18064,0.0,1789628647297,121776325931564
6,18064,0.0,1789628647297,121776325931564
7,18064,0.0,1789628647297,121776325931564
0,18164,0.0,1789628647397,121776328339880
1,18164,0.0,1789628647397,121776328339880
2,18164,0.0,1789628647397,121776328339880
3,18164,0.0,1789628647397,121776328339880
4,18164,0.0,1789628647397,121776328339880
5,18164,0.0,1789628647397,121776328339880
6,18164,0.0,1789628647397,121776328339880
7,18164,0.0,1789628647397,121776328339880
0,18265,0.0,1789628647498,121776330748219
1,18265,0.0,1789628647498,121776330748219
2,18265,0.0,1789628647498,121776330748219
3,18265,0.0,1789628647498,121776330748219
4,18265,0.0,1789628647498,121776330748219
5,18265,0.0,1789628647498,121776330748219
6,18265,0.0,1789628647498,121776330748219
7,18265,0.0,1789628647498,121776330748219
0,18365,0.0,1789628647598,121776333157120
1,18365,0.0,1789628647598,121776333157120
2,18365,0.0,1789628647598,121776333157120
3,18365,0.0,1789628647598,121776333157120
4,18365,0.0,1789628647598,121776333157120
5,18365,0.0,1789628647598,121776333157120
6,18365,0.0,1789628647598,121776333157120
7,18365,0.0,1789628647598,121776333157120
0,18465,0.0,1789628647698,121776335565735
1,18465,0.0,1789628647698,121776335565735
2,18465,0.0,1789628647698,121776335565735
3,18465,0.0,1789628647698,121776335565735
4,18465,0.0,1789628647698,121776335565735
5,18465,0.0,1789628647698,121776335565735
6,18465,0.0,1789628647698,121776335565735
7,18465,0.0,1789628647698,121776335565735
0,18566,0.0,1789628647799,121776337974191
1,18566,0.0,1789628647799,121776337974191
2,18566,0.0,1789628647799,121776337974191
3,18566,0.0,1789628647799,121776337974191
4,18566,0.0,1789628647799,121776337974191
5,18566,0.0,1789628647799,121776337974191
6,18566,0.0,1789628647799,121776337974191
7,18566,0.0,1789628647799,121776337974191
0,18666,0.0,1789628647899,121776340382961
1,18666,0.0,1789628647899,121776340382961
2,18666,0.0,1789628647899,121776340382961
3,18666,0.0,1789628647899,121776340382961
4,18666,0.0,1789628647899,121776340382961
5,18666,0.0,1789628647899,121776340382961
6,18666,0.0,1789628647899,121776340382961
7,18666,0.0,1789628647899,121776340382961
0,18767,0.0,1789628648000,121776342791623
1,18767,0.0,1789628648000,121776342791623
2,18767,0.0,1789628648000,121776342791623
3,18767,0.0,1789628648000,121776342791623
4,18767,0.0,1789628648000,121776342791623
5,18767,0.0,1789628648000,121776342791623
6,18767,0.0,1789628648000,121776342791623
7,18767,0.0,1789628648000,121776342791623
0,18867,0.0,1789628648100,121776345201228
1,18867,0.0,1789628648100,121776345201228
2,18867,0.0,1789628648100,121776345201228
3,18867,0.0,1789628648100,121776345201228
4,18867,0.0,1789628648100,121776345201228
5,18867,0.0,1789628648100,121776345201228
6,18867,0.0,1789628648100,121776345201228
7,18867,0.0,1789628648100,121776345201228
0,18967,0.0,1789628648200,121776347609686
1,18967,0.0,1789628648200,121776347609686
2,18967,0.0,1789628648200,121776347609686
3,18967,0.0,1789628648200,121776347609686
4,18967,0.0,1789628648200,121776347609686
5,18967,0.0,1789628648200,121776347609686
6,18967,0.0,1789628648200,121776347609686
7,18967,0.0,1789628648200,121776347609686
0,19068,0.0,1789628648301,121776350018315
1,19068,0.0,1789628648301,121776350018315
2,19068,0.0,1789628648301,121776350018315
3,19068,0.0,1789628648301,121776350018315
4,19068,0.0,1789628648301,121776350018315
5,19068,0.0,1789628648301,121776350018315
6,19068,0.0,1789628648301,121776350018315
7,19068,0.0,1789628648301,121776350018315
0,19168,0.0,1789628648401,121776352426734
1,19168,0.0,1789628648401,121776352426734
2,19168,0.0,1789628648401,121776352426734
3,19168,0.0,1789628648401,121776352426734
4,19168,0.0,1789628648401,121776352426734
5,19168,0.0,1789628648401,121776352426734
6,19168,0.0,1789628648401,121776352426734
7,19168,0.0,1789628648401,121776352426734
0,19268,0.0,1789628648501,121776354836684
1,19268,0.0,1789628648501,121776354836684
2,19268,0.0,1789628648501,121776354836684
3,19268,0.0,1789628648501,121776354836684
4,19268,0.0,1789628648501,121776354836684
5,19268,0.0,1789628648501,121776354836684
6,19268,0.0,1789628648501,121776354836684
7,19268,0.0,1789628648501,121776354836684
0,19369,0.0,1789628648602,121776357245752
1,19369,0.0,1789628648602,121776357245752
2,19369,0.0,1789628648602,121776357245752
3,19369,0.0,1789628648602,121776357245752
4,19369,0.0,1789628648602,121776357245752
5,19369,0.0,1789628648602,121776357245752
6,19369,0.0,1789628648602,121776357245752
7,19369,0.0,1789628648602,121776357245752
0,19469,0.0,1789628648702,121776359654117
1,19469,0.0,1789628648702,121776359654117
2,19469,0.0,1789628648702,121776359654117
3,19469,0.0,1789628648702,121776359654117
4,19469,0.0,1789628648702,121776359654117
5,19469,0.0,1789628648702,121776359654117
6,19469,0.0,1789628648702,121776359654117
7,19469,0.0,1789628648702,121776359654117
0,19569,0.0,1789628648802,121776362062509
1,19569,0.0,1789628648802,121776362062509
2,19569,0.0,1789628648802,121776362062509
3,19569,0.0,1789628648802,121776362062509
4,19569,0.0,1789628648802,121776362062509
5,19569,0.0,1789628648802,121776362062509
6,19569,0.0,1789628648802,121776362062509
7,19569,0.0,1789628648802,121776362062509
0,19670,0.0,1789628648903,121776364470871
1,19670,0.0,1789628648903,121776364470871
2,19670,0.0,1789628648903,121776364470871
3,19670,0.0,1789628648903,121776364470871
4,19670,0.0,1789628648903,121776364470871
5,19670,0.0,1789628648903,121776364470871
6,19670,0.0,1789628648903,121776364470871
7,19670,0.0,1789628648903,121776364470871
0,19770,0.0,1789628649003,121776366880188
1,19770,0.0,1789628649003,121776366880188
2,19770,0.0,1789628649003,121776366880188
3,19770,0.0,1789628649003,121776366880188
4,19770,9.1,1789628649003,121776366880188
5,19770,0.0,1789628649003,121776366880188
6,19770,0.0,1789628649003,121776366880188
7,19770,0.0,1789628649003,121776366880188
0,19871,0.0,1789628649104,121776369288277
1,19871,0.0,1789628649104,121776369288277
2,19871,0.0,1789628649104,121776369288277
3,19871,0.0,1789628649104,121776369288277
4,19871,0.0,1789628649104,121776369288277
5,19871,0.0,1789628649104,121776369288277
6,19871,0.0,1789628649104,121776369288277
7,19871,0.0,1789628649104,121776369288277
0,19971,0.0,1789628649204,121776371696185
1,19971,0.0,1789628649204,121776371696185
2,19971,0.0,1789628649204,121776371696185
3,19971,0.0,1789628649204,121776371696185
4,19971,0.0,1789628649204,121776371696185
5,19971,0.0,1789628649204,121776371696185
6,19971,0.0,1789628649204,121776371696185
7,19971,0.0,1789628649204,121776371696185
0,20071,0.0,1789628649304,121776374105205
1,20071,0.0,1789628649304,121776374105205
2,20071,0.0,1789628649304,121776374105205
3,20071,0.0,1789628649304,121776374105205
4,20071,0.0,1789628649304,121776374105205
5,20071,0.0,1789628649304,121776374105205
6,20071,0.0,1789628649304,121776374105205
7,20071,0.0,1789628649304,121776374105205
0,20172,0.0,1789628649405,121776376513223
1,20172,0.0,1789628649405,121776376513223
2,20172,0.0,1789628649405,121776376513223
3,20172,0.0,1789628649405,121776376513223
4,20172,0.0,1789628649405,121776376513223
5,20172,0.0,1789628649405,121776376513223
6,20172,0.0,1789628649405,121776376513223
7,20172,0.0,1789628649405,121776376513223
0,20272,0.0,1789628649505,121776378921422
1,20272,0.0,1789628649505,121776378921422
2,20272,0.0,1789628649505,121776378921422
3,20272,0.0,1789628649505,121776378921422
4,20272,0.0,1789628649505,121776378921422
5,20272,0.0,1789628649505,121776378921422
6,20272,0.0,1789628649505,121776378921422
7,20272,0.0,1789628649505,121776378921422
0,20372,0.0,1789628649605,121776381329848
1,20372,0.0,1789628649605,121776381329848
2,20372,0.0,1789628649605,121776381329848
3,20372,0.0,1789628649605,121776381329848
4,20372,0.0,1789628649605,121776381329848
5,20372,0.0,1789628649605,121776381329848
6,20372,0.0,1789628649605,121776381329848
7,20372,0.0,1789628649605,121776381329848
0,20473,0.0,1789628649706,121776383738089
1,20473,0.0,1789628649706,121776383738089
2,20473,0.0,1789628649706,121776383738089
3,20473,0.0,1789628649706,121776383738089
4,20473,0.0,1789628649706,121776383738089
5,20473,0.0,1789628649706,121776383738089
6,20473,0.0,1789628649706,121776383738089
7,20473,0.0,1789628649706,121776383738089
0,20573,0.0,1789628649806,121776386146218
1,20573,0.0,1789628649806,121776386146218
2,20573,0.0,1789628649806,121776386146218
3,20573,0.0,1789628649806,121776386146218
4,20573,0.0,1789628649806,121776386146218
5,20573,0.0,1789628649806,121776386146218
6,20573,0.0,1789628649806,121776386146218
7,20573,0.0,1789628649806,121776386146218
0,20673,0.0,1789628649906,121776388554383
1,20673,0.0,1789628649906,121776388554383
2,20673,0.0,1789628649906,121776388554383
3,20673,0.0,1789628649906,121776388554383
4,20673,0.0,1789628649906,121776388554383
5,20673,0.0,1789628649906,121776388554383
6,20673,0.0,1789628649906,121776388554383
7,20673,0.0,1789628649906,121776388554383
0,20774,0.0,1789628650007,121776390965696
1,20774,0.0,1789628650007,121776390965696
2,20774,9.1,1789628650007,121776390965696
3,20774,0.0,1789628650007,121776390965696
4,20774,0.0,1789628650007,121776390965696
5,20774,0.0,1789628650007,121776390965696
6,20774,0.0,1789628650007,121776390965696
7,20774,0.0,1789628650007,121776390965696
0,20874,0.0,1789628650107,121776393376681
1,20874,0.0,1789628650107,121776393376681
2,20874,0.0,1789628650107,121776393376681
3,20874,0.0,1789628650107,121776393376681
4,20874,0.0,1789628650107,121776393376681
5,20874,0.0,1789628650107,121776393376681
6,20874,0.0,1789628650107,121776393376681
7,20874,0.0,1789628650107,121776393376681
0,20975,0.0,1789628650208,121776395785053
1,20975,0.0,1789628650208,121776395785053
2,20975,0.0,1789628650208,121776395785053
3,20975,0.0,1789628650208,121776395785053
4,20975,0.0,1789628650208,121776395785053
5,20975,0.0,1789628650208,121776395785053
6,20975,0.0,1789628650208,121776395785053
7,20975,0.0,1789628650208,121776395785053
0,21075,0.0,1789628650308,121776398193473
1,21075,0.0,1789628650308,121776398193473
2,21075,0.0,1789628650308,121776398193473
3,21075,0.0,1789628650308,121776398193473
4,21075,0.0,1789628650308,121776398193473
5,21075,0.0,1789628650308,121776398193473
6,21075,0.0,1789628650308,121776398193473
7,21075,0.0,1789628650308,121776398193473
0,21175,0.0,1789628650408,121776400601658
1,21175,0.0,1789628650408,121776400601658
2,21175,0.0,1789628650408,121776400601658
3,21175,0.0,1789628650408,121776400601658
4,21175,0.0,1789628650408,121776400601658
5,21175,0.0,1789628650408,121776400601658
6,21175,0.0,1789628650408,121776400601658
7,21175,0.0,1789628650408,121776400601658
0,21276,0.0,1789628650509,121776403011420
1,21276,0.0,1789628650509,121776403011420
2,21276,0.0,1789628650509,121776403011420
3,21276,0.0,1789628650509,121776403011420
4,21276,0.0,1789628650509,121776403011420
5,21276,0.0,1789628650509,121776403011420
6,21276,0.0,1789628650509,121776403011420
7,21276,0.0,1789628650509,121776403011420
0,21376,0.0,1789628650609,121776405419015
1,21376,0.0,1789628650609,121776405419015
2,21376,0.0,1789628650609,121776405419015
3,21376,0.0,1789628650609,121776405419015
4,21376,0.0,1789628650609,121776405419015
5,21376,0.0,1789628650609,121776405419015
6,21376,0.0,1789628650609,121776405419015
7,21376,0.0,1789628650609,121776405419015
0,21476,0.0,1789628650709,121776407827314
1,21476,0.0,1789628650709,121776407827314
2,21476,0.0,1789628650709,121776407827314
3,21476,0.0,1789628650709,121776407827314
4,21476,0.0,1789628650709,121776407827314
5,21476,0.0,1789628650709,121776407827314
6,21476,0.0,1789628650709,121776407827314
7,21476,0.0,1789628650709,121776407827314
0,21577,0.0,1789628650810,121776410235560
1,21577,0.0,1789628650810,121776410235560
2,21577,0.0,1789628650810,121776410235560
3,21577,0.0,1789628650810,121776410235560
4,21577,0.0,1789628650810,121776410235560
5,21577,0.0,1789628650810,121776410235560
6,21577,0.0,1789628650810,121776410235560
7,21577,0.0,1789628650810,121776410235560
0,21677,0.0,1789628650910,121776412643792
1,21677,0.0,1789628650910,121776412643792
2,21677,0.0,1789628650910,121776412643792
3,21677,0.0,1789628650910,121776412643792
4,21677,0.0,1789628650910,121776412643792
5,21677,0.0,1789628650910,121776412643792
6,21677,0.0,1789628650910,121776412643792
7,21677,0.0,1789628650910,121776412643792
0,21777,0.0,1789628651010,121776415052236
1,21777,0.0,1789628651010,121776415052236
2,21777,0.0,1789628651010,121776415052236
3,21777,0.0,1789628651010,121776415052236
4,21777,0.0,1789628651010,121776415052236
5,21777,0.0,1789628651010,121776415052236
6,21777,0.0,1789628651010,121776415052236
7,21777,0.0,1789628651010,121776415052236
0,21878,0.0,1789628651111,121776417460422
1,21878,0.0,1789628651111,121776417460422
2,21878,0.0,1789628651111,121776417460422
3,21878,0.0,1789628651111,121776417460422
4,21878,0.0,1789628651111,121776417460422
5,21878,0.0,1789628651111,121776417460422
6,21878,0.0,1789628651111,121776417460422
7,21878,0.0,1789628651111,121776417460422
0,21978,0.0,1789628651211,121776419868690
1,21978,0.0,1789628651211,121776419868690
2,21978,0.0,1789628651211,121776419868690
3,21978,0.0,1789628651211,121776419868690
4,21978,0.0,1789628651211,121776419868690
5,21978,0.0,1789628651211,121776419868690
6,21978,0.0,1789628651211,121776419868690
7,21978,0.0,1789628651211,121776419868690
0,22078,0.0,1789628651311,121776422276823
1,22078,0.0,1789628651311,121776422276823
2,22078,0.0,1789628651311,121776422276823
3,22078,0.0,1789628651311,121776422276823
4,22078,0.0,1789628651311,121776422276823
5,22078,0.0,1789628651311,121776422276823
6,22078,0.0,1789628651311,121776422276823
7,22078,0.0,1789628651311,121776422276823
0,22179,0.0,1789628651412,121776424684747
1,22179,0.0,1789628651412,121776424684747
2,22179,0.0,1789628651412,121776424684747
3,22179,0.0,1789628651412,121776424684747
4,22179,0.0,1789628651412,121776424684747
5,22179,0.0,1789628651412,121776424684747
6,22179,0.0,1789628651412,121776424684747
7,22179,0.0,1789628651412,121776424684747
0,22279,0.0,1789628651512,121776427092878
1,22279,0.0,1789628651512,121776427092878
2,22279,0.0,1789628651512,121776427092878
3,22279,0.0,1789628651512,121776427092878
4,22279,0.0,1789628651512,121776427092878
5,22279,0.0,1789628651512,121776427092878
6,22279,0.0,1789628651512,121776427092878
7,22279,0.0,1789628651512,121776427092878
0,22379,0.0,1789628651612,121776429501086
1,22379,0.0,1789628651612,121776429501086
2,22379,0.0,1789628651612,121776429501086
3,22379,0.0,1789628651612,121776429501086
4,22379,0.0,1789628651612,121776429501086
5,22379,0.0,1789628651612,121776429501086
6,22379,0.0,1789628651612,121776429501086
7,22379,0.0,1789628651612,121776429501086
0,22480,0.0,1789628651713,121776431910757
1,22480,0.0,1789628651713,121776431910757
2,22480,0.0,1789628651713,121776431910757
3,22480,0.0,1789628651713,121776431910757
4,22480,0.0,1789628651713,121776431910757
5,22480,0.0,1789628651713,121776431910757
6,22480,0.0,1789628651713,121776431910757
7,22480,0.0,1789628651713,121776431910757
0,22580,0.0,1789628651813,121776434319593
1,22580,0.0,1789628651813,121776434319593
2,22580,0.0,1789628651813,121776434319593
3,22580,0.0,1789628651813,121776434319593
4,22580,0.0,1789628651813,121776434319593
5,22580,0.0,1789628651813,121776434319593
6,22580,0.0,1789628651813,121776434319593
7,22580,0.0,1789628651813,121776434319593
0,22681,0.0,1789628651914,121776436727928
1,22681,0.0,1789628651914,121776436727928
2,22681,0.0,1789628651914,121776436727928
3,22681,0.0,1789628651914,121776436727928
4,22681,0.0,1789628651914,121776436727928
5,22681,0.0,1789628651914,121776436727928
6,22681,0.0,1789628651914,121776436727928
7,22681,0.0,1789628651914,121776436727928
0,22781,0.0,1789628652014,121776439135834
1,22781,0.0,1789628652014,121776439135834
2,22781,0.0,1789628652014,121776439135834
3,22781,0.0,1789628652014,121776439135834
4,22781,0.0,1789628652014,121776439135834
5,22781,0.0,1789628652014,121776439135834
6,22781,0.0,1789628652014,121776439135834
7,22781,0.0,1789628652014,121776439135834
0,22881,0.0,1789628652114,121776441543784
1,22881,0.0,1789628652114,121776441543784
2,22881,0.0,1789628652114,121776441543784
3,22881,0.0,1789628652114,121776441543784
4,22881,0.0,1789628652114,121776441543784
5,22881,0.0,1789628652114,121776441543784
6,22881,0.0,1789628652114,121776441543784
7,22881,0.0,1789628652114,121776441543784
0,22982,0.0,1789628652215,121776443951817
1,22982,0.0,1789628652215,121776443951817
2,22982,0.0,1789628652215,121776443951817
3,22982,0.0,1789628652215,121776443951817
4,22982,0.0,1789628652215,121776443951817
5,22982,0.0,1789628652215,121776443951817
6,22982,0.0,1789628652215,121776443951817
7,22982,0.0,1789628652215,121776443951817
0,23082,0.0,1789628652315,121776446360850
1,23082,0.0,1789628652315,121776446360850
2,23082,0.0,1789628652315,121776446360850
3,23082,0.0,1789628652315,121776446360850
4,23082,0.0,1789628652315,121776446360850
5,23082,0.0,1789628652315,121776446360850
6,23082,0.0,1789628652315,121776446360850
7,23082,0.0,1789628652315,121776446360850
0,23182,0.0,1789628652415,121776448772412
1,23182,0.0,1789628652415,121776448772412
2,23182,0.0,1789628652415,121776448772412
3,23182,9.1,1789628652415,121776448772412
4,23182,10.0,1789628652415,121776448772412
5,23182,9.1,1789628652415,121776448772412
6,23182,0.0,1789628652415,121776448772412
7,23182,0.0,1789628652415,121776448772412
0,23283,0.0,1789628652516,121776451183090
1,23283,0.0,1789628652516,121776451183090
2,23283,0.0,1789628652516,121776451183090
3,23283,0.0,1789628652516,121776451183090
4,23283,0.0,1789628652516,121776451183090
5,23283,0.0,1789628652516,121776451183090
6,23283,0.0,1789628652516,121776451183090
7,23283,0.0,1789628652516,121776451183090
0,23383,0.0,1789628652616,121776453592085
1,23383,0.0,1789628652616,121776453592085
2,23383,0.0,1789628652616,121776453592085
3,23383,0.0,1789628652616,121776453592085
4,23383,0.0,1789628652616,121776453592085
5,23383,0.0,1789628652616,121776453592085
6,23383,0.0,1789628652616,121776453592085
7,23383,0.0,1789628652616,121776453592085
0,23484,0.0,1789628652717,121776456000444
1,23484,0.0,1789628652717,121776456000444
2,23484,0.0,1789628652717,121776456000444
3,23484,0.0,1789628652717,121776456000444
4,23484,0.0,1789628652717,121776456000444
5,23484,0.0,1789628652717,121776456000444
6,23484,0.0,1789628652717,121776456000444
7,23484,0.0,1789628652717,121776456000444
0,23584,0.0,1789628652817,121776458408644
1,23584,0.0,1789628652817,121776458408644
2,23584,0.0,1789628652817,121776458408644
3,23584,0.0,1789628652817,121776458408644
4,23584,0.0,1789628652817,121776458408644
5,23584,0.0,1789628652817,121776458408644
6,23584,0.0,1789628652817,121776458408644
7,23584,0.0,1789628652817,121776458408644
0,23684,0.0,1789628652917,121776460819263
1,23684,0.0,1789628652917,121776460819263
2,23684,0.0,1789628652917,121776460819263
3,23684,0.0,1789628652917,121776460819263
4,23684,0.0,1789628652917,121776460819263
5,23684,0.0,1789628652917,121776460819263
6,23684,0.0,1789628652917,121776460819263
7,23684,0.0,1789628652917,121776460819263
0,23785,0.0,1789628653018,121776463230407
1,23785,9.1,1789628653018,121776463230407
2,23785,0.0,1789628653018,121776463230407
3,23785,0.0,1789628653018,121776463230407
4,23785,0.0,1789628653018,121776463230407
5,23785,0.0,1789628653018,121776463230407
6,23785,9.1,1789628653018,121776463230407
7,23785,0.0,1789628653018,121776463230407
0,23885,0.0,1789628653118,121776465640198
1,23885,0.0,1789628653118,121776465640198
2,23885,0.0,1789628653118,121776465640198
3,23885,0.0,1789628653118,121776465640198
4,23885,0.0,1789628653118,121776465640198
5,23885,0.0,1789628653118,121776465640198
6,23885,0.0,1789628653118,121776465640198
7,23885,0.0,1789628653118,121776465640198
0,23986,0.0,1789628653219,121776468048677
1,23986,0.0,1789628653219,121776468048677
2,23986,0.0,1789628653219,121776468048677
3,23986,0.0,1789628653219,121776468048677
4,23986,0.0,1789628653219,121776468048677
5,23986,0.0,1789628653219,121776468048677
6,23986,0.0,1789628653219,121776468048677
7,23986,0.0,1789628653219,121776468048677
0,24086,0.0,1789628653319,121776470457830
1,24086,0.0,1789628653319,121776470457830
2,24086,0.0,1789628653319,121776470457830
3,24086,0.0,1789628653319,121776470457830
4,24086,0.0,1789628653319,121776470457830
5,24086,0.0,1789628653319,121776470457830
6,24086,0.0,1789628653319,121776470457830
7,24086,0.0,1789628653319,121776470457830
0,24186,0.0,1789628653419,121776472866028
1,24186,0.0,1789628653419,121776472866028
2,24186,0.0,1789628653419,121776472866028
3,24186,0.0,1789628653419,121776472866028
4,24186,0.0,1789628653419,121776472866028
5,24186,0.0,1789628653419,121776472866028
6,24186,0.0,1789628653419,121776472866028
7,24186,0.0,1789628653419,121776472866028
0,24287,0.0,1789628653520,121776475274215
1,24287,0.0,1789628653520,121776475274215
2,24287,0.0,1789628653520,121776475274215
3,24287,0.0,1789628653520,121776475274215
4,24287,0.0,1789628653520,121776475274215
5,24287,0.0,1789628653520,121776475274215
6,24287,0.0,1789628653520,121776475274215
7,24287,0.0,1789628653520,121776475274215
0,24387,0.0,1789628653620,121776477682334
1,24387,0.0,1789628653620,121776477682334
2,24387,0.0,1789628653620,121776477682334
3,24387,0.0,1789628653620,121776477682334
4,24387,0.0,1789628653620,121776477682334
5,24387,0.0,1789628653620,121776477682334
6,24387,0.0,1789628653620,121776477682334
7,24387,0.0,1789628653620,121776477682334
0,24487,0.0,1789628653720,121776480090702
1,24487,0.0,1789628653720,121776480090702
2,24487,0.0,1789628653720,121776480090702
3,24487,0.0,1789628653720,121776480090702
4,24487,0.0,1789628653720,121776480090702
5,24487,0.0,1789628653720,121776480090702
6,24487,0.0,1789628653720,121776480090702
7,24487,0.0,1789628653720,121776480090702
0,24588,0.0,1789628653821,121776482499110
1,24588,0.0,1789628653821,121776482499110
2,24588,0.0,1789628653821,121776482499110
3,24588,0.0,1789628653821,121776482499110
4,24588,0.0,1789628653821,121776482499110
5,24588,0.0,1789628653821,121776482499110
6,24588,0.0,1789628653821,121776482499110
7,24588,9.1,1789628653821,121776482499110
0,24688,0.0,1789628653921,121776484907537
1,24688,0.0,1789628653921,121776484907537
2,24688,0.0,1789628653921,121776484907537
3,24688,0.0,1789628653921,121776484907537
4,24688,0.0,1789628653921,121776484907537
5,24688,0.0,1789628653921,121776484907537
6,24688,0.0,1789628653921,121776484907537
7,24688,0.0,1789628653921,121776484907537
0,24788,0.0,1789628654021,121776487315534
1,24788,0.0,1789628654021,121776487315534
2,24788,0.0,1789628654021,121776487315534
3,24788,0.0,1789628654021,121776487315534
4,24788,0.0,1789628654021,121776487315534
5,24788,0.0,1789628654021,121776487315534
6,24788,0.0,1789628654021,121776487315534
7,24788,0.0,1789628654021,121776487315534
0,24889,0.0,1789628654122,121776489723402
1,24889,0.0,1789628654122,121776489723402
2,24889,0.0,1789628654122,121776489723402
3,24889,0.0,1789628654122,121776489723402
4,24889,0.0,1789628654122,121776489723402
5,24889,0.0,1789628654122,121776489723402
6,24889,0.0,1789628654122,121776489723402
7,24889,0.0,1789628654122,121776489723402
0,24989,0.0,1789628654222,121776492132423
1,24989,0.0,1789628654222,121776492132423
2,24989,0.0,1789628654222,121776492132423
3,24989,0.0,1789628654222,121776492132423
4,24989,0.0,1789628654222,121776492132423
5,24989,0.0,1789628654222,121776492132423
6,24989,0.0,1789628654222,121776492132423
7,24989,0.0,1789628654222,121776492132423
0,25089,0.0,1789628654322,121776494540235
1,25089,0.0,1789628654322,121776494540235
2,25089,0.0,1789628654322,121776494540235
3,25089,0.0,1789628654322,121776494540235
4,25089,0.0,1789628654322,121776494540235
5,25089,0.0,1789628654322,121776494540235
6,25089,0.0,1789628654322,121776494540235
7,25089,0.0,1789628654322,121776494540235
0,25190,0.0,1789628654423,121776496948268
1,25190,0.0,1789628654423,121776496948268
2,25190,0.0,1789628654423,121776496948268
3,25190,0.0,1789628654423,121776496948268
4,25190,0.0,1789628654423,121776496948268
5,25190,0.0,1789628654423,121776496948268
6,25190,0.0,1789628654423,121776496948268
7,25190,0.0,1789628654423,121776496948268
0,25290,0.0,1789628654523,121776499356600
1,25290,0.0,1789628654523,121776499356600
2,25290,0.0,1789628654523,121776499356600
3,25290,0.0,1789628654523,121776499356600
4,25290,0.0,1789628654523,121776499356600
5,25290,0.0,1789628654523,121776499356600
6,25290,0.0,1789628654523,121776499356600
7,25290,0.0,1789628654523,121776499356600
0,25390,0.0,1789628654623,121776501764818
1,25390,0.0,1789628654623,121776501764818
2,25390,0.0,1789628654623,121776501764818
3,25390,0.0,1789628654623,121776501764818
4,25390,0.0,1789628654623,121776501764818
5,25390,0.0,1789628654623,121776501764818
6,25390,0.0,1789628654623,121776501764818
7,25390,0.0,1789628654623,121776501764818
0,25491,0.0,1789628654724,121776504172828
1,25491,0.0,1789628654724,121776504172828
2,25491,0.0,1789628654724,121776504172828
3,25491,0.0,1789628654724,121776504172828
4,25491,0.0,1789628654724,121776504172828
5,25491,0.0,1789628654724,121776504172828
6,25491,0.0,1789628654724,121776504172828
7,25491,0.0,1789628654724,121776504172828
0,25591,0.0,1789628654824,121776506580180
1,25591,0.0,1789628654824,121776506580180
2,25591,0.0,1789628654824,121776506580180
3,25591,0.0,1789628654824,121776506580180
4,25591,0.0,1789628654824,121776506580180
5,25591,0.0,1789628654824,121776506580180
6,25591,0.0,1789628654824,121776506580180
7,25591,0.0,1789628654824,121776506580180
0,25691,0.0,1789628654924,121776508987924
1,25691,0.0,1789628654924,121776508987924
2,25691,0.0,1789628654924,121776508987924
3,25691,0.0,1789628654924,121776508987924
4,25691,0.0,1789628654924,121776508987924
5,25691,0.0,1789628654924,121776508987924
6,25691,0.0,1789628654924,121776508987924
7,25691,0.0,1789628654924,121776508987924
0,25792,0.0,1789628655025,121776511396526
1,25792,0.0,1789628655025,121776511396526
2,25792,0.0,1789628655025,121776511396526
3,25792,0.0,1789628655025,121776511396526
4,25792,0.0,1789628655025,121776511396526
5,25792,0.0,1789628655025,121776511396526
6,25792,0.0,1789628655025,121776511396526
7,25792,0.0,1789628655025,121776511396526
0,25892,0.0,1789628655125,121776513805019
1,25892,0.0,1789628655125,121776513805019
2,25892,0.0,1789628655125,121776513805019
3,25892,0.0,1789628655125,121776513805019
4,25892,0.0,1789628655125,121776513805019
5,25892,0.0,1789628655125,121776513805019
6,25892,0.0,1789628655125,121776513805019
7,25892,0.0,1789628655125,121776513805019
0,25993,0.0,1789628655226,121776516213177
1,25993,0.0,1789628655226,121776516213177
2,25993,0.0,1789628655226,121776516213177
3,25993,0.0,1789628655226,121776516213177
4,25993,0.0,1789628655226,121776516213177
5,25993,0.0,1789628655226,121776516213177
6,25993,0.0,1789628655226,121776516213177
7,25993,0.0,1789628655226,121776516213177
0,26093,0.0,1789628655326,121776518621202
1,26093,0.0,1789628655326,121776518621202
2,26093,0.0,1789628655326,121776518621202
3,26093,0.0,1789628655326,121776518621202
4,26093,0.0,1789628655326,121776518621202
5,26093,0.0,1789628655326,121776518621202
6,26093,0.0,1789628655326,121776518621202
7,26093,0.0,1789628655326,121776518621202
0,26193,0.0,1789628655426,121776521030535
1,26193,0.0,1789628655426,121776521030535
2,26193,0.0,1789628655426,121776521030535
3,26193,0.0,1789628655426,121776521030535
4,26193,0.0,1789628655426,121776521030535
5,26193,0.0,1789628655426,121776521030535
6,26193,0.0,1789628655426,121776521030535
7,26193,0.0,1789628655426,121776521030535
0,26294,0.0,1789628655527,121776523438346
1,26294,0.0,1789628655527,121776523438346
2,26294,0.0,1789628655527,121776523438346
3,26294,0.0,1789628655527,121776523438346
4,26294,0.0,1789628655527,121776523438346
5,26294,0.0,1789628655527,121776523438346
6,26294,0.0,1789628655527,121776523438346
7,26294,0.0,1789628655527,121776523438346
0,26394,0.0,1789628655627,121776525847087
1,26394,0.0,1789628655627,121776525847087
2,26394,0.0,1789628655627,121776525847087
3,26394,0.0,1789628655627,121776525847087
4,26394,0.0,1789628655627,121776525847087
5,26394,0.0,1789628655627,121776525847087
6,26394,0.0,1789628655627,121776525847087
7,26394,0.0,1789628655627,121776525847087
0,26494,0.0,1789628655727,121776528255314
1,26494,0.0,1789628655727,121776528255314
2,26494,0.0,1789628655727,121776528255314
3,26494,0.0,1789628655727,121776528255314
4,26494,0.0,1789628655727,121776528255314
5,26494,0.0,1789628655727,121776528255314
6,26494,0.0,1789628655727,121776528255314
7,26494,0.0,1789628655727,121776528255314
0,26595,0.0,1789628655828,121776530663244
1,26595,0.0,1789628655828,121776530663244
2,26595,0.0,1789628655828,121776530663244
3,26595,0.0,1789628655828,121776530663244
4,26595,0.0,1789628655828,121776530663244
5,26595,0.0,1789628655828,121776530663244
6,26595,0.0,1789628655828,121776530663244
7,26595,0.0,1789628655828,121776530663244
0,26695,0.0,1789628655928,121776533071359
1,26695,0.0,1789628655928,121776533071359
2,26695,0.0,1789628655928,121776533071359
3,26695,0.0,1789628655928,121776533071359
4,26695,0.0,1789628655928,121776533071359
5,26695,0.0,1789628655928,121776533071359
6,26695,0.0,1789628655928,121776533071359
7,26695,0.0,1789628655928,121776533071359
0,26795,9.1,1789628656028,121776535482051
1,26795,0.0,1789628656028,121776535482051
2,26795,0.0,1789628656028,121776535482051
3,26795,0.0,1789628656028,121776535482051
4,26795,0.0,1789628656028,121776535482051
5,26795,0.0,1789628656028,121776535482051
6,26795,0.0,1789628656028,121776535482051
7,26795,0.0,1789628656028,121776535482051
0,26896,0.0,1789628656129,121776537891842
1,26896,0.0,1789628656129,121776537891842
2,26896,0.0,1789628656129,121776537891842
3,26896,0.0,1789628656129,121776537891842
4,26896,0.0,1789628656129,121776537891842
5,26896,0.0,1789628656129,121776537891842
6,26896,0.0,1789628656129,121776537891842
7,26896,0.0,1789628656129,121776537891842
0,26996,0.0,1789628656229,121776540300051
1,26996,0.0,1789628656229,121776540300051
2,26996,0.0,1789628656229,121776540300051
3,26996,0.0,1789628656229,121776540300051
4,26996,0.0,1789628656229,121776540300051
5,26996,0.0,1789628656229,121776540300051
6,26996,0.0,1789628656229,121776540300051
7,26996,0.0,1789628656229,121776540300051
0,27096,0.0,1789628656329,121776542708613
1,27096,0.0,1789628656329,121776542708613
2,27096,0.0,1789628656329,121776542708613
3,27096,0.0,1789628656329,121776542708613
4,27096,0.0,1789628656329,121776542708613
5,27096,0.0,1789628656329,121776542708613
6,27096,0.0,1789628656329,121776542708613
7,27096,0.0,1789628656329,121776542708613
0,27197,0.0,1789628656430,121776545119251
1,27197,0.0,1789628656430,121776545119251
2,27197,10.0,1789628656430,121776545119251
3,27197,30.0,1789628656430,121776545119251
4,27197,0.0,1789628656430,121776545119251
5,27197,0.0,1789628656430,121776545119251
6,27197,0.0,1789628656430,121776545119251
7,27197,0.0,1789628656430,121776545119251
0,27297,0.0,1789628656530,121776547531034
1,27297,0.0,1789628656530,121776547531034
2,27297,0.0,1789628656530,121776547531034
3,27297,0.0,1789628656530,121776547531034
4,27297,0.0,1789628656530,121776547531034
5,27297,45.5,1789628656530,121776547531034
6,27297,0.0,1789628656530,121776547531034
7,27297,0.0,1789628656530,121776547531034
0,27398,0.0,1789628656631,121776549944724
1,27398,0.0,1789628656631,121776549944724
2,27398,0.0,1789628656631,121776549944724
3,27398,18.2,1789628656631,121776549944724
4,27398,0.0,1789628656631,121776549944724
5,27398,0.0,1789628656631,121776549944724
6,27398,0.0,1789628656631,121776549944724
7,27398,0.0,1789628656631,121776549944724
0,27498,0.0,1789628656731,121776552354751
1,27498,0.0,1789628656731,121776552354751
2,27498,0.0,1789628656731,121776552354751
3,27498,0.0,1789628656731,121776552354751
4,27498,9.1,1789628656731,121776552354751
5,27498,0.0,1789628656731,121776552354751
6,27498,0.0,1789628656731,121776552354751
7,27498,0.0,1789628656731,121776552354751
0,27599,0.0,1789628656832,121776554764049
1,27599,0.0,1789628656832,121776554764049
2,27599,0.0,1789628656832,121776554764049
3,27599,0.0,1789628656832,121776554764049
4,27599,0.0,1789628656832,121776554764049
5,27599,0.0,1789628656832,121776554764049
6,27599,0.0,1789628656832,121776554764049
7,27599,0.0,1789628656832,121776554764049
0,27699,0.0,1789628656932,121776557172911
1,27699,0.0,1789628656932,121776557172911
2,27699,0.0,1789628656932,121776557172911
3,27699,0.0,1789628656932,121776557172911
4,27699,0.0,1789628656932,121776557172911
5,27699,0.0,1789628656932,121776557172911
6,27699,0.0,1789628656932,121776557172911
7,27699,0.0,1789628656932,121776557172911
0,27800,0.0,1789628657033,121776559581015
1,27800,0.0,1789628657033,121776559581015
2,27800,0.0,1789628657033,121776559581015
3,27800,0.0,1789628657033,121776559581015
4,27800,0.0,1789628657033,121776559581015
5,27800,0.0,1789628657033,121776559581015
6,27800,0.0,1789628657033,121776559581015
7,27800,0.0,1789628657033,121776559581015
0,27900,0.0,1789628657133,121776561989037
1,27900,0.0,1789628657133,121776561989037
2,27900,0.0,1789628657133,121776561989037
3,27900,0.0,1789628657133,121776561989037
4,27900,0.0,1789628657133,121776561989037
5,27900,0.0,1789628657133,121776561989037
6,27900,0.0,1789628657133,121776561989037
7,27900,0.0,1789628657133,121776561989037
0,28000,0.0,1789628657233,121776564397054
1,28000,0.0,1789628657233,121776564397054
2,28000,0.0,1789628657233,121776564397054
3,28000,0.0,1789628657233,121776564397054
4,28000,0.0,1789628657233,121776564397054
5,28000,0.0,1789628657233,121776564397054
6,28000,0.0,1789628657233,121776564397054
7,28000,0.0,1789628657233,121776564397054
0,28101,0.0,1789628657334,121776566805102
1,28101,0.0,1789628657334,121776566805102
2,28101,0.0,1789628657334,121776566805102
3,28101,0.0,1789628657334,121776566805102
4,28101,0.0,1789628657334,121776566805102
5,28101,0.0,1789628657334,121776566805102
6,28101,0.0,1789628657334,121776566805102
7,28101,0.0,1789628657334,121776566805102
0,28201,0.0,1789628657434,121776569213085
1,28201,0.0,1789628657434,121776569213085
2,28201,0.0,1789628657434,121776569213085
3,28201,0.0,1789628657434,121776569213085
4,28201,0.0,1789628657434,121776569213085
5,28201,0.0,1789628657434,121776569213085
6,28201,0.0,1789628657434,121776569213085
7,28201,0.0,1789628657434,121776569213085
0,28301,0.0,1789628657534,121776571620945
1,28301,0.0,1789628657534,121776571620945
2,28301,0.0,1789628657534,121776571620945
3,28301,0.0,1789628657534,121776571620945
4,28301,0.0,1789628657534,121776571620945
5,28301,0.0,1789628657534,121776571620945
6,28301,0.0,1789628657534,121776571620945
7,28301,0.0,1789628657534,121776571620945
0,28402,0.0,1789628657635,121776574029648
1,28402,0.0,1789628657635,121776574029648
2,28402,0.0,1789628657635,121776574029648
3,28402,0.0,1789628657635,121776574029648
4,28402,0.0,1789628657635,121776574029648
5,28402,0.0,1789628657635,121776574029648
6,28402,0.0,1789628657635,121776574029648
7,28402,0.0,1789628657635,121776574029648
0,28502,0.0,1789628657735,121776576439392
1,28502,0.0,1789628657735,121776576439392
2,28502,0.0,1789628657735,121776576439392
3,28502,0.0,1789628657735,121776576439392
4,28502,0.0,1789628657735,121776576439392
5,28502,0.0,1789628657735,121776576439392
6,28502,0.0,1789628657735,121776576439392
7,28502,0.0,1789628657735,121776576439392
0,28602,0.0,1789628657835,121776578849006
1,28602,0.0,1789628657835,121776578849006
2,28602,0.0,1789628657835,121776578849006
3,28602,0.0,1789628657835,121776578849006
4,28602,9.1,1789628657835,121776578849006
5,28602,0.0,1789628657835,121776578849006
6,28602,0.0,1789628657835,121776578849006
7,28602,0.0,1789628657835,121776578849006
0,28703,0.0,1789628657936,121776581257389
1,28703,0.0,1789628657936,121776581257389
2,28703,0.0,1789628657936,121776581257389
3,28703,0.0,1789628657936,121776581257389
4,28703,0.0,1789628657936,121776581257389
5,28703,0.0,1789628657936,121776581257389
6,28703,0.0,1789628657936,121776581257389
7,28703,0.0,1789628657936,121776581257389
0,28803,0.0,1789628658036,121776583665362
1,28803,0.0,1789628658036,121776583665362
2,28803,0.0,1789628658036,121776583665362
3,28803,0.0,1789628658036,121776583665362
4,28803,0.0,1789628658036,121776583665362
5,28803,0.0,1789628658036,121776583665362
6,28803,0.0,1789628658036,121776583665362
7,28803,0.0,1789628658036,121776583665362
0,28904,0.0,1789628658137,121776586076829
1,28904,0.0,1789628658137,121776586076829
2,28904,0.0,1789628658137,121776586076829
3,28904,0.0,1789628658137,121776586076829
4,28904,0.0,1789628658137,121776586076829
5,28904,0.0,1789628658137,121776586076829
6,28904,0.0,1789628658137,121776586076829
7,28904,0.0,1789628658137,121776586076829
0,29004,0.0,1789628658237,121776588487740
1,29004,0.0,1789628658237,121776588487740
2,29004,0.0,1789628658237,121776588487740
3,29004,0.0,1789628658237,121776588487740
4,29004,0.0,1789628658237,121776588487740
5,29004,0.0,1789628658237,121776588487740
6,29004,0.0,1789628658237,121776588487740
7,29004,0.0,1789628658237,121776588487740
0,29104,0.0,1789628658337,121776590899371
1,29104,0.0,1789628658337,121776590899371
2,29104,18.2,1789628658337,121776590899371
3,29104,22.2,1789628658337,121776590899371
4,29104,0.0,1789628658337,121776590899371
5,29104,0.0,1789628658337,121776590899371
6,29104,0.0,1789628658337,121776590899371
7,29104,0.0,1789628658337,121776590899371
0,29205,0.0,1789628658438,121776593311519
1,29205,0.0,1789628658438,121776593311519
2,29205,0.0,1789628658438,121776593311519
3,29205,0.0,1789628658438,121776593311519
4,29205,0.0,1789628658438,121776593311519
5,29205,25.0,1789628658438,121776593311519
6,29205,0.0,1789628658438,121776593311519
7,29205,0.0,1789628658438,121776593311519
0,29305,0.0,1789628658538,121776595722931
1,29305,0.0,1789628658538,121776595722931
2,29305,0.0,1789628658538,121776595722931
3,29305,40.0,1789628658538,121776595722931
4,29305,0.0,1789628658538,121776595722931
5,29305,18.2,1789628658538,121776595722931
6,29305,0.0,1789628658538,121776595722931
7,29305,9.1,1789628658538,121776595722931
0,29406,11.1,1789628658639,121776598136813
1,29406,0.0,1789628658639,121776598136813
2,29406,10.0,1789628658639,121776598136813
3,29406,10.0,1789628658639,121776598136813
4,29406,20.0,1789628658639,121776598136813
5,29406,18.2,1789628658639,121776598136813
6,29406,10.0,1789628658639,121776598136813
7,29406,0.0,1789628658639,121776598136813
0,29507,10.0,1789628658740,121776600549564
1,29507,0.0,1789628658740,121776600549564
2,29507,11.1,1789628658740,121776600549564
3,29507,10.0,1789628658740,121776600549564
4,29507,10.0,1789628658740,121776600549564
5,29507,22.2,1789628658740,121776600549564
6,29507,0.0,1789628658740,121776600549564
7,29507,16.7,1789628658740,121776600549564
0,29607,0.0,1789628658840,121776602962769
1,29607,0.0,1789628658840,121776602962769
2,29607,10.0,1789628658840,121776602962769
3,29607,36.4,1789628658840,121776602962769
4,29607,0.0,1789628658840,121776602962769
5,29607,18.2,1789628658840,121776602962769
6,29607,22.2,1789628658840,121776602962769
7,29607,0.0,1789628658840,121776602962769
0,29708,0.0,1789628658941,121776605375249
1,29708,40.0,1789628658941,121776605375249
2,29708,0.0,1789628658941,121776605375249
3,29708,10.0,1789628658941,121776605375249
4,29708,0.0,1789628658941,121776605375249
5,29708,40.0,1789628658941,121776605375249
6,29708,20.0,1789628658941,121776605375249
7,29708,0.0,1789628658941,121776605375249
0,29808,11.1,1789628659041,121776607789430
1,29808,10.0,1789628659041,121776607789430
2,29808,9.1,1789628659041,121776607789430
3,29808,0.0,1789628659041,121776607789430
4,29808,0.0,1789628659041,121776607789430
5,29808,11.1,1789628659041,121776607789430
6,29808,10.0,1789628659041,121776607789430
7,29808,20.0,1789628659041,121776607789430
0,29909,0.0,1789628659142,121776610202788
1,29909,0.0,1789628659142,121776610202788
2,29909,0.0,1789628659142,121776610202788
3,29909,20.0,1789628659142,121776610202788
4,29909,0.0,1789628659142,121776610202788
5,29909,9.1,1789628659142,121776610202788
6,29909,11.1,1789628659142,121776610202788
7,29909,20.0,1789628659142,121776610202788
0,30009,44.4,1789628659242,121776612615715
1,30009,0.0,1789628659242,121776612615715
2,30009,0.0,1789628659242,121776612615715
3,30009,10.0,1789628659242,121776612615715
4,30009,0.0,1789628659242,121776612615715
5,30009,0.0,1789628659242,121776612615715
6,30009,40.0,1789628659242,121776612615715
7,30009,37.5,1789628659242,121776612615715
0,30110,33.3,1789628659343,121776615031384
1,30110,0.0,1789628659343,121776615031384
2,30110,10.0,1789628659343,121776615031384
3,30110,18.2,1789628659343,121776615031384
4,30110,10.0,1789628659343,121776615031384
5,30110,0.0,1789628659343,121776615031384
6,30110,22.2,1789628659343,121776615031384
7,30110,28.6,1789628659343,121776615031384
0,30211,0.0,1789628659444,121776617444317
1,30211,30.0,1789628659444,121776617444317
2,30211,0.0,1789628659444,121776617444317
3,30211,0.0,1789628659444,121776617444317
4,30211,9.1,1789628659444,121776617444317
5,30211,0.0,1789628659444,121776617444317
6,30211,22.2,1789628659444,121776617444317
7,30211,44.4,1789628659444,121776617444317
0,30311,0.0,1789628659544,121776619857497
1,30311,33.3,1789628659544,121776619857497
2,30311,0.0,1789628659544,121776619857497
3,30311,10.0,1789628659544,121776619857497
4,30311,0.0,1789628659544,121776619857497
5,30311,0.0,1789628659544,121776619857497
6,30311,33.3,1789628659544,121776619857497
7,30311,37.5,1789628659544,121776619857497
0,30412,0.0,1789628659645,121776622271145
1,30412,22.2,1789628659645,121776622271145
2,30412,0.0,1789628659645,121776622271145
3,30412,9.1,1789628659645,121776622271145
4,30412,0.0,1789628659645,121776622271145
5,30412,0.0,1789628659645,121776622271145
6,30412,30.0,1789628659645,121776622271145
7,30412,33.3,1789628659645,121776622271145
0,30512,0.0,1789628659745,121776624683777
1,30512,33.3,1789628659745,121776624683777
2,30512,10.0,1789628659745,121776624683777
3,30512,0.0,1789628659745,121776624683777
4,30512,0.0,1789628659745,121776624683777
5,30512,0.0,1789628659745,121776624683777
6,30512,22.2,1789628659745,121776624683777
7,30512,37.5,1789628659745,121776624683777
0,30613,0.0,1789628659846,121776627096612
1,30613,30.0,1789628659846,121776627096612
2,30613,0.0,1789628659846,121776627096612
3,30613,0.0,1789628659846,121776627096612
4,30613,0.0,1789628659846,121776627096612
5,30613,0.0,1789628659846,121776627096612
6,30613,22.2,1789628659846,121776627096612
7,30613,37.5,1789628659846,121776627096612
0,30713,0.0,1789628659946,121776629510976
1,30713,14.3,1789628659946,121776629510976
2,30713,0.0,1789628659946,121776629510976
3,30713,9.1,1789628659946,121776629510976
4,30713,0.0,1789628659946,121776629510976
5,30713,0.0,1789628659946,121776629510976
6,30713,40.0,1789628659946,121776629510976
7,30713,40.0,1789628659946,121776629510976
0,30814,0.0,1789628660047,121776631923628
1,30814,37.5,1789628660047,121776631923628
2,30814,10.0,1789628660047,121776631923628
3,30814,10.0,1789628660047,121776631923628
4,30814,0.0,1789628660047,121776631923628
5,30814,0.0,1789628660047,121776631923628
6,30814,33.3,1789628660047,121776631923628
7,30814,28.6,1789628660047,121776631923628
0,30914,0.0,1789628660147,121776634338052
1,30914,41.7,1789628660147,121776634338052
2,30914,11.1,1789628660147,121776634338052
3,30914,9.1,1789628660147,121776634338052
4,30914,0.0,1789628660147,121776634338052
5,30914,0.0,1789628660147,121776634338052
6,30914,33.3,1789628660147,121776634338052
7,30914,50.0,1789628660147,121776634338052
0,31015,0.0,1789628660248,121776636756223
1,31015,33.3,1789628660248,121776636756223
2,31015,18.2,1789628660248,121776636756223
3,31015,10.0,1789628660248,121776636756223
4,31015,0.0,1789628660248,121776636756223
5,31015,0.0,1789628660248,121776636756223
6,31015,40.0,1789628660248,121776636756223
7,31015,44.4,1789628660248,121776636756223
0,31116,0.0,1789628660349,121776639168892
1,31116,50.0,1789628660349,121776639168892
2,31116,10.0,1789628660349,121776639168892
3,31116,0.0,1789628660349,121776639168892
4,31116,0.0,1789628660349,121776639168892
5,31116,0.0,1789628660349,121776639168892
6,31116,14.3,1789628660349,121776639168892
7,31116,44.4,1789628660349,121776639168892
0,31216,20.0,1789628660449,121776641581998
1,31216,0.0,1789628660449,121776641581998
2,31216,12.5,1789628660449,121776641581998
3,31216,36.4,1789628660449,121776641581998
4,31216,9.1,1789628660449,121776641581998
5,31216,0.0,1789628660449,121776641581998
6,31216,33.3,1789628660449,121776641581998
7,31216,12.5,1789628660449,121776641581998
0,31317,0.0,1789628660550,121776643994076
1,31317,0.0,1789628660550,121776643994076
2,31317,0.0,1789628660550,121776643994076
3,31317,0.0,1789628660550,121776643994076
4,31317,0.0,1789628660550,121776643994076
5,31317,0.0,1789628660550,121776643994076
6,31317,22.2,1789628660550,121776643994076
7,31317,0.0,1789628660550,121776643994076
0,31417,0.0,1789628660650,121776646406689
1,31417,0.0,1789628660650,121776646406689
2,31417,0.0,1789628660650,121776646406689
3,31417,33.3,1789628660650,121776646406689
4,31417,10.0,1789628660650,121776646406689
5,31417,0.0,1789628660650,121776646406689
6,31417,18.2,1789628660650,121776646406689
7,31417,0.0,1789628660650,121776646406689
0,31518,20.0,1789628660751,121776648819664
1,31518,0.0,1789628660751,121776648819664
2,31518,18.2,1789628660751,121776648819664
3,31518,18.2,1789628660751,121776648819664
4,31518,10.0,1789628660751,121776648819664
5,31518,10.0,1789628660751,121776648819664
6,31518,0.0,1789628660751,121776648819664
7,31518,10.0,1789628660751,121776648819664
0,31619,0.0,1789628660852,121776651238218
1,31619,16.7,1789628660852,121776651238218
2,31619,11.1,1789628660852,121776651238218
3,31619,10.0,1789628660852,121776651238218
4,31619,27.3,1789628660852,121776651238218
5,31619,30.0,1789628660852,121776651238218
6,31619,36.4,1789628660852,121776651238218
7,31619,11.1,1789628660852,121776651238218
0,31719,40.0,1789628660952,121776653651327
1,31719,30.0,1789628660952,121776653651327
2,31719,36.4,1789628660952,121776653651327
3,31719,11.1,1789628660952,121776653651327
4,31719,80.0,1789628660952,121776653651327
5,31719,70.0,1789628660952,121776653651327
6,31719,75.0,1789628660952,121776653651327
7,31719,66.7,1789628660952,121776653651327
0,31820,33.3,1789628661053,121776656074401
1,31820,25.0,1789628661053,121776656074401
2,31820,30.0,1789628661053,121776656074401
3,31820,30.0,1789628661053,121776656074401
4,31820,80.0,1789628661053,121776656074401
5,31820,70.0,1789628661053,121776656074401
6,31820,75.0,1789628661053,121776656074401
7,31820,72.7,1789628661053,121776656074401
0,31921,50.0,1789628661154,121776658488289
1,31921,40.0,1789628661154,121776658488289
2,31921,33.3,1789628661154,121776658488289
3,31921,33.3,1789628661154,121776658488289
4,31921,60.0,1789628661154,121776658488289
5,31921,55.6,1789628661154,121776658488289
6,31921,54.5,1789628661154,121776658488289
7,31921,50.0,1789628661154,121776658488289
0,32022,60.0,1789628661255,121776660907624
1,32022,44.4,1789628661255,121776660907624
2,32022,55.6,1789628661255,121776660907624
3,32022,50.0,1789628661255,121776660907624
4,32022,60.0,1789628661255,121776660907624
5,32022,58.3,1789628661255,121776660907624
6,32022,44.4,1789628661255,121776660907624
7,32022,54.5,1789628661255,121776660907624
0,32122,57.1,1789628661355,121776663321713
1,32122,44.4,1789628661355,121776663321713
2,32122,44.4,1789628661355,121776663321713
3,32122,50.0,1789628661355,121776663321713
4,32122,60.0,1789628661355,121776663321713
5,32122,44.4,1789628661355,121776663321713
6,32122,50.0,1789628661355,121776663321713
7,32122,50.0,1789628661355,121776663321713
0,32223,72.7,1789628661456,121776665736119
1,32223,66.7,1789628661456,121776665736119
2,32223,55.6,1789628661456,121776665736119
3,32223,55.6,1789628661456,121776665736119
4,32223,50.0,1789628661456,121776665736119
5,32223,33.3,1789628661456,121776665736119
6,32223,33.3,1789628661456,121776665736119
7,32223,40.0,1789628661456,121776665736119
0,32323,50.0,1789628661556,121776668150675
1,32323,50.0,1789628661556,121776668150675
2,32323,50.0,1789628661556,121776668150675
3,32323,44.4,1789628661556,121776668150675
4,32323,40.0,1789628661556,121776668150675
5,32323,50.0,1789628661556,121776668150675
6,32323,50.0,1789628661556,121776668150675
7,32323,50.0,1789628661556,121776668150675
0,32424,75.0,1789628661657,121776670564179
1,32424,55.6,1789628661657,121776670564179
2,32424,60.0,1789628661657,121776670564179
3,32424,62.5,1789628661657,121776670564179
4,32424,44.4,1789628661657,121776670564179
5,32424,40.0,1789628661657,121776670564179
6,32424,40.0,1789628661657,121776670564179
7,32424,40.0,1789628661657,121776670564179
0,32524,77.8,1789628661757,121776672978068
1,32524,72.7,1789628661757,121776672978068
2,32524,66.7,1789628661757,121776672978068
3,32524,63.6,1789628661757,121776672978068
4,32524,25.0,1789628661757,121776672978068
5,32524,30.0,1789628661757,121776672978068
6,32524,33.3,1789628661757,121776672978068
7,32524,22.2,1789628661757,121776672978068
0,32625,83.3,1789628661858,121776675391713
1,32625,72.7,1789628661858,121776675391713
2,32625,72.7,1789628661858,121776675391713
3,32625,72.7,1789628661858,121776675391713
4,32625,30.0,1789628661858,121776675391713
5,32625,25.0,1789628661858,121776675391713
6,32625,12.5,1789628661858,121776675391713
7,32625,25.0,1789628661858,121776675391713
0,32726,33.3,1789628661959,121776677804473
1,32726,70.0,1789628661959,121776677804473
2,32726,41.7,1789628661959,121776677804473
3,32726,33.3,1789628661959,121776677804473
4,32726,20.0,1789628661959,121776677804473
5,32726,10.0,1789628661959,121776677804473
6,32726,10.0,1789628661959,121776677804473
7,32726,11.1,1789628661959,121776677804473
0,32826,0.0,1789628662059,121776680219059
1,32826,9.1,1789628662059,121776680219059
2,32826,0.0,1789628662059,121776680219059
3,32826,0.0,1789628662059,121776680219059
4,32826,0.0,1789628662059,121776680219059
5,32826,0.0,1789628662059,121776680219059
6,32826,30.0,1789628662059,121776680219059
7,32826,0.0,1789628662059,121776680219059
0,32927,0.0,1789628662160,121776682630624
1,32927,37.5,1789628662160,121776682630624
2,32927,0.0,1789628662160,121776682630624
3,32927,0.0,1789628662160,121776682630624
4,32927,0.0,1789628662160,121776682630624
5,32927,0.0,1789628662160,121776682630624
6,32927,27.3,1789628662160,121776682630624
7,32927,0.0,1789628662160,121776682630624
0,33027,9.1,1789628662260,121776685043074
1,33027,9.1,1789628662260,121776685043074
2,33027,0.0,1789628662260,121776685043074
3,33027,18.2,1789628662260,121776685043074
4,33027,10.0,1789628662260,121776685043074
5,33027,10.0,1789628662260,121776685043074
6,33027,22.2,1789628662260,121776685043074
7,33027,20.0,1789628662260,121776685043074
0,33128,11.1,1789628662361,121776687456679
1,33128,0.0,1789628662361,121776687456679
2,33128,0.0,1789628662361,121776687456679
3,33128,0.0,1789628662361,121776687456679
4,33128,0.0,1789628662361,121776687456679
5,33128,20.0,1789628662361,121776687456679
6,33128,0.0,1789628662361,121776687456679
7,33128,18.2,1789628662361,121776687456679
0,33228,0.0,1789628662461,121776689870065
1,33228,0.0,1789628662461,121776689870065
2,33228,0.0,1789628662461,121776689870065
3,33228,0.0,1789628662461,121776689870065
4,33228,0.0,1789628662461,121776689870065
5,33228,10.0,1789628662461,121776689870065
6,33228,0.0,1789628662461,121776689870065
7,33228,11.1,1789628662461,121776689870065
0,33329,10.0,1789628662562,121776692283143
1,33329,0.0,1789628662562,121776692283143
2,33329,0.0,1789628662562,121776692283143
3,33329,0.0,1789628662562,121776692283143
4,33329,0.0,1789628662562,121776692283143
5,33329,0.0,1789628662562,121776692283143
6,33329,0.0,1789628662562,121776692283143
7,33329,20.0,1789628662562,121776692283143
0,33429,27.3,1789628662662,121776694696892
1,33429,36.4,1789628662662,121776694696892
2,33429,18.2,1789628662662,121776694696892
3,33429,0.0,1789628662662,121776694696892
4,33429,10.0,1789628662662,121776694696892
5,33429,0.0,1789628662662,121776694696892
6,33429,10.0,1789628662662,121776694696892
7,33429,10.0,1789628662662,121776694696892
0,33530,0.0,1789628662763,121776697109909
1,33530,10.0,1789628662763,121776697109909
2,33530,0.0,1789628662763,121776697109909
3,33530,0.0,1789628662763,121776697109909
4,33530,0.0,1789628662763,121776697109909
5,33530,0.0,1789628662763,121776697109909
6,33530,40.0,1789628662763,121776697109909
7,33530,0.0,1789628662763,121776697109909
0,33630,0.0,1789628662863,121776699521325
1,33630,33.3,1789628662863,121776699521325
2,33630,10.0,1789628662863,121776699521325
3,33630,0.0,1789628662863,121776699521325
4,33630,10.0,1789628662863,121776699521325
5,33630,9.1,1789628662863,121776699521325
6,33630,10.0,1789628662863,121776699521325
7,33630,0.0,1789628662863,121776699521325
0,33733,0.0,1789628662966,121776701971470
1,33733,9.1,1789628662966,121776701971470
2,33733,0.0,1789628662966,121776701971470
3,33733,0.0,1789628662966,121776701971470
4,33733,0.0,1789628662966,121776701971470
5,33733,10.0,1789628662966,121776701971470
6,33733,9.1,1789628662966,121776701971470
7,33733,0.0,1789628662966,121776701971470
0,33833,11.1,1789628663066,121776704385120
1,33833,10.0,1789628663066,121776704385120
2,33833,0.0,1789628663066,121776704385120
3,33833,0.0,1789628663066,121776704385120
4,33833,0.0,1789628663066,121776704385120
5,33833,0.0,1789628663066,121776704385120
6,33833,10.0,1789628663066,121776704385120
7,33833,0.0,1789628663066,121776704385120
0,33934,18.2,1789628663167,121776706797733
1,33934,30.0,1789628663167,121776706797733
2,33934,0.0,1789628663167,121776706797733
3,33934,9.1,1789628663167,121776706797733
4,33934,0.0,1789628663167,121776706797733
5,33934,10.0,1789628663167,121776706797733
6,33934,0.0,1789628663167,121776706797733
7,33934,0.0,1789628663167,121776706797733
0,34034,0.0,1789628663267,121776709211321
1,34034,10.0,1789628663267,121776709211321
2,34034,0.0,1789628663267,121776709211321
3,34034,0.0,1789628663267,121776709211321
4,34034,20.0,1789628663267,121776709211321
5,34034,40.0,1789628663267,121776709211321
6,34034,0.0,1789628663267,121776709211321
7,34034,0.0,1789628663267,121776709211321
0,34135,0.0,1789628663368,121776711623739
1,34135,40.0,1789628663368,121776711623739
2,34135,0.0,1789628663368,121776711623739
3,34135,0.0,1789628663368,121776711623739
4,34135,0.0,1789628663368,121776711623739
5,34135,10.0,1789628663368,121776711623739
6,34135,0.0,1789628663368,121776711623739
7,34135,9.1,1789628663368,121776711623739
0,34235,0.0,1789628663468,121776714040764
1,34235,9.1,1789628663468,121776714040764
2,34235,0.0,1789628663468,121776714040764
3,34235,18.2,1789628663468,121776714040764
4,34235,0.0,1789628663468,121776714040764
5,34235,0.0,1789628663468,121776714040764
6,34235,10.0,1789628663468,121776714040764
7,34235,10.0,1789628663468,121776714040764
0,34278,0.0,1789628663511,121776715054454
1,34278,0.0,1789628663511,121776715054454
2,34278,0.0,1789628663511,121776715054454
3,34278,0.0,1789628663511,121776715054454
4,34278,0.0,1789628663511,121776715054454
5,34278,25.0,1789628663511,121776715054454
6,34278,0.0,1789628663511,121776715054454
7,34278,0.0,1789628663511,121776715054454
