cpu,t_ms,busy_pct,epoch_ms,rdtime_ticks
0,100,11.1,1789196714002,111410044429074
1,100,0.0,1789196714002,111410044429074
2,100,100.0,1789196714002,111410044429074
3,100,54.5,1789196714002,111410044429074
4,100,9.1,1789196714002,111410044429074
5,100,62.5,1789196714002,111410044429074
6,100,0.0,1789196714002,111410044429074
7,100,77.8,1789196714002,111410044429074
0,201,30.8,1789196714103,111410046842478
1,201,0.0,1789196714103,111410046842478
2,201,100.0,1789196714103,111410046842478
3,201,50.0,1789196714103,111410046842478
4,201,0.0,1789196714103,111410046842478
5,201,70.0,1789196714103,111410046842478
6,201,0.0,1789196714103,111410046842478
7,201,66.7,1789196714103,111410046842478
0,301,0.0,1789196714203,111410049254956
1,301,0.0,1789196714203,111410049254956
2,301,100.0,1789196714203,111410049254956
3,301,37.5,1789196714203,111410049254956
4,301,0.0,1789196714203,111410049254956
5,301,66.7,1789196714203,111410049254956
6,301,0.0,1789196714203,111410049254956
7,301,62.5,1789196714203,111410049254956
0,402,20.0,1789196714304,111410051665760
1,402,0.0,1789196714304,111410051665760
2,402,100.0,1789196714304,111410051665760
3,402,28.6,1789196714304,111410051665760
4,402,0.0,1789196714304,111410051665760
5,402,62.5,1789196714304,111410051665760
6,402,0.0,1789196714304,111410051665760
7,402,70.0,1789196714304,111410051665760
0,502,22.2,1789196714404,111410054076599
1,502,0.0,1789196714404,111410054076599
2,502,100.0,1789196714404,111410054076599
3,502,28.6,1789196714404,111410054076599
4,502,0.0,1789196714404,111410054076599
5,502,70.0,1789196714404,111410054076599
6,502,0.0,1789196714404,111410054076599
7,502,72.7,1789196714404,111410054076599
0,602,54.5,1789196714504,111410056488453
1,602,10.0,1789196714504,111410056488453
2,602,100.0,1789196714504,111410056488453
3,602,66.7,1789196714504,111410056488453
4,602,45.5,1789196714504,111410056488453
5,602,66.7,1789196714504,111410056488453
6,602,0.0,1789196714504,111410056488453
7,602,70.0,1789196714504,111410056488453
0,703,11.1,1789196714605,111410058900547
1,703,0.0,1789196714605,111410058900547
2,703,100.0,1789196714605,111410058900547
3,703,28.6,1789196714605,111410058900547
4,703,0.0,1789196714605,111410058900547
5,703,66.7,1789196714605,111410058900547
6,703,45.5,1789196714605,111410058900547
7,703,72.7,1789196714605,111410058900547
0,803,20.0,1789196714705,111410061312494
1,803,10.0,1789196714705,111410061312494
2,803,100.0,1789196714705,111410061312494
3,803,44.4,1789196714705,111410061312494
4,803,40.0,1789196714705,111410061312494
5,803,66.7,1789196714705,111410061312494
6,803,0.0,1789196714705,111410061312494
7,803,62.5,1789196714705,111410061312494
0,904,30.0,1789196714806,111410063724224
1,904,27.3,1789196714806,111410063724224
2,904,100.0,1789196714806,111410063724224
3,904,55.6,1789196714806,111410063724224
4,904,0.0,1789196714806,111410063724224
5,904,62.5,1789196714806,111410063724224
6,904,10.0,1789196714806,111410063724224
7,904,70.0,1789196714806,111410063724224
0,1004,11.1,1789196714906,111410066136178
1,1004,10.0,1789196714906,111410066136178
2,1004,100.0,1789196714906,111410066136178
3,1004,44.4,1789196714906,111410066136178
4,1004,20.0,1789196714906,111410066136178
5,1004,70.0,1789196714906,111410066136178
6,1004,10.0,1789196714906,111410066136178
7,1004,66.7,1789196714906,111410066136178
0,1105,18.2,1789196715007,111410068548573
1,1105,0.0,1789196715007,111410068548573
2,1105,100.0,1789196715007,111410068548573
3,1105,44.4,1789196715007,111410068548573
4,1105,0.0,1789196715007,111410068548573
5,1105,75.0,1789196715007,111410068548573
6,1105,0.0,1789196715007,111410068548573
7,1105,75.0,1789196715007,111410068548573
0,1205,12.5,1789196715107,111410070959481
1,1205,0.0,1789196715107,111410070959481
2,1205,100.0,1789196715107,111410070959481
3,1205,50.0,1789196715107,111410070959481
4,1205,0.0,1789196715107,111410070959481
5,1205,70.0,1789196715107,111410070959481
6,1205,9.1,1789196715107,111410070959481
7,1205,70.0,1789196715107,111410070959481
0,1306,18.2,1789196715208,111410073370224
1,1306,0.0,1789196715208,111410073370224
2,1306,90.0,1789196715208,111410073370224
3,1306,44.4,1789196715208,111410073370224
4,1306,0.0,1789196715208,111410073370224
5,1306,66.7,1789196715208,111410073370224
6,1306,0.0,1789196715208,111410073370224
7,1306,66.7,1789196715208,111410073370224
0,1406,0.0,1789196715308,111410075781884
1,1406,0.0,1789196715308,111410075781884
2,1406,100.0,1789196715308,111410075781884
3,1406,50.0,1789196715308,111410075781884
4,1406,0.0,1789196715308,111410075781884
5,1406,72.7,1789196715308,111410075781884
6,1406,0.0,1789196715308,111410075781884
7,1406,70.0,1789196715308,111410075781884
0,1507,10.0,1789196715409,111410078193266
1,1507,0.0,1789196715409,111410078193266
2,1507,88.9,1789196715409,111410078193266
3,1507,54.5,1789196715409,111410078193266
4,1507,0.0,1789196715409,111410078193266
5,1507,62.5,1789196715409,111410078193266
6,1507,0.0,1789196715409,111410078193266
7,1507,72.7,1789196715409,111410078193266
0,1607,20.0,1789196715509,111410080604119
1,1607,0.0,1789196715509,111410080604119
2,1607,90.0,1789196715509,111410080604119
3,1607,37.5,1789196715509,111410080604119
4,1607,0.0,1789196715509,111410080604119
5,1607,70.0,1789196715509,111410080604119
6,1607,0.0,1789196715509,111410080604119
7,1607,70.0,1789196715509,111410080604119
0,1708,11.1,1789196715610,111410083014956
1,1708,0.0,1789196715610,111410083014956
2,1708,100.0,1789196715610,111410083014956
3,1708,25.0,1789196715610,111410083014956
4,1708,0.0,1789196715610,111410083014956
5,1708,62.5,1789196715610,111410083014956
6,1708,0.0,1789196715610,111410083014956
7,1708,70.0,1789196715610,111410083014956
0,1808,18.2,1789196715710,111410085425583
1,1808,0.0,1789196715710,111410085425583
2,1808,91.7,1789196715710,111410085425583
3,1808,37.5,1789196715710,111410085425583
4,1808,0.0,1789196715710,111410085425583
5,1808,70.0,1789196715710,111410085425583
6,1808,0.0,1789196715710,111410085425583
7,1808,57.1,1789196715710,111410085425583
0,1909,20.0,1789196715811,111410087836174
1,1909,0.0,1789196715811,111410087836174
2,1909,87.5,1789196715811,111410087836174
3,1909,44.4,1789196715811,111410087836174
4,1909,0.0,1789196715811,111410087836174
5,1909,62.5,1789196715811,111410087836174
6,1909,0.0,1789196715811,111410087836174
7,1909,66.7,1789196715811,111410087836174
0,2009,10.0,1789196715911,111410090247902
1,2009,0.0,1789196715911,111410090247902
2,2009,100.0,1789196715911,111410090247902
3,2009,44.4,1789196715911,111410090247902
4,2009,0.0,1789196715911,111410090247902
5,2009,72.7,1789196715911,111410090247902
6,2009,0.0,1789196715911,111410090247902
7,2009,70.0,1789196715911,111410090247902
0,2110,11.1,1789196716012,111410092658681
1,2110,0.0,1789196716012,111410092658681
2,2110,90.0,1789196716012,111410092658681
3,2110,37.5,1789196716012,111410092658681
4,2110,0.0,1789196716012,111410092658681
5,2110,66.7,1789196716012,111410092658681
6,2110,0.0,1789196716012,111410092658681
7,2110,77.8,1789196716012,111410092658681
0,2210,18.2,1789196716112,111410095069331
1,2210,0.0,1789196716112,111410095069331
2,2210,85.7,1789196716112,111410095069331
3,2210,50.0,1789196716112,111410095069331
4,2210,0.0,1789196716112,111410095069331
5,2210,77.8,1789196716112,111410095069331
6,2210,0.0,1789196716112,111410095069331
7,2210,66.7,1789196716112,111410095069331
0,2310,20.0,1789196716212,111410097479971
1,2310,0.0,1789196716212,111410097479971
2,2310,100.0,1789196716212,111410097479971
3,2310,50.0,1789196716212,111410097479971
4,2310,0.0,1789196716212,111410097479971
5,2310,70.0,1789196716212,111410097479971
6,2310,0.0,1789196716212,111410097479971
7,2310,70.0,1789196716212,111410097479971
0,2411,10.0,1789196716313,111410099890680
1,2411,0.0,1789196716313,111410099890680
2,2411,90.9,1789196716313,111410099890680
3,2411,37.5,1789196716313,111410099890680
4,2411,0.0,1789196716313,111410099890680
5,2411,66.7,1789196716313,111410099890680
6,2411,0.0,1789196716313,111410099890680
7,2411,75.0,1789196716313,111410099890680
0,2511,27.3,1789196716413,111410102301462
1,2511,0.0,1789196716413,111410102301462
2,2511,90.0,1789196716413,111410102301462
3,2511,16.7,1789196716413,111410102301462
4,2511,0.0,1789196716413,111410102301462
5,2511,66.7,1789196716413,111410102301462
6,2511,0.0,1789196716413,111410102301462
7,2511,70.0,1789196716413,111410102301462
0,2612,0.0,1789196716514,111410104712652
1,2612,0.0,1789196716514,111410104712652
2,2612,100.0,1789196716514,111410104712652
3,2612,50.0,1789196716514,111410104712652
4,2612,0.0,1789196716514,111410104712652
5,2612,72.7,1789196716514,111410104712652
6,2612,0.0,1789196716514,111410104712652
7,2612,70.0,1789196716514,111410104712652
0,2712,11.1,1789196716614,111410107123227
1,2712,0.0,1789196716614,111410107123227
2,2712,90.9,1789196716614,111410107123227
3,2712,37.5,1789196716614,111410107123227
4,2712,0.0,1789196716614,111410107123227
5,2712,62.5,1789196716614,111410107123227
6,2712,0.0,1789196716614,111410107123227
7,2712,72.7,1789196716614,111410107123227
0,2813,20.0,1789196716715,111410109534071
1,2813,0.0,1789196716715,111410109534071
2,2813,90.0,1789196716715,111410109534071
3,2813,33.3,1789196716715,111410109534071
4,2813,0.0,1789196716715,111410109534071
5,2813,70.0,1789196716715,111410109534071
6,2813,0.0,1789196716715,111410109534071
7,2813,57.1,1789196716715,111410109534071
0,2913,18.2,1789196716815,111410111944771
1,2913,0.0,1789196716815,111410111944771
2,2913,100.0,1789196716815,111410111944771
3,2913,44.4,1789196716815,111410111944771
4,2913,0.0,1789196716815,111410111944771
5,2913,72.7,1789196716815,111410111944771
6,2913,0.0,1789196716815,111410111944771
7,2913,70.0,1789196716815,111410111944771
0,3014,27.3,1789196716916,111410114355448
1,3014,0.0,1789196716916,111410114355448
2,3014,90.0,1789196716916,111410114355448
3,3014,44.4,1789196716916,111410114355448
4,3014,0.0,1789196716916,111410114355448
5,3014,75.0,1789196716916,111410114355448
6,3014,0.0,1789196716916,111410114355448
7,3014,72.7,1789196716916,111410114355448
0,3114,10.0,1789196717016,111410116767686
1,3114,0.0,1789196717016,111410116767686
2,3114,100.0,1789196717016,111410116767686
3,3114,16.7,1789196717016,111410116767686
4,3114,0.0,1789196717016,111410116767686
5,3114,66.7,1789196717016,111410116767686
6,3114,0.0,1789196717016,111410116767686
7,3114,66.7,1789196717016,111410116767686
0,3215,22.2,1789196717117,111410119178767
1,3215,0.0,1789196717117,111410119178767
2,3215,88.9,1789196717117,111410119178767
3,3215,50.0,1789196717117,111410119178767
4,3215,0.0,1789196717117,111410119178767
5,3215,77.8,1789196717117,111410119178767
6,3215,0.0,1789196717117,111410119178767
7,3215,70.0,1789196717117,111410119178767
0,3315,10.0,1789196717217,111410121589611
1,3315,0.0,1789196717217,111410121589611
2,3315,90.9,1789196717217,111410121589611
3,3315,25.0,1789196717217,111410121589611
4,3315,0.0,1789196717217,111410121589611
5,3315,72.7,1789196717217,111410121589611
6,3315,0.0,1789196717217,111410121589611
7,3315,77.8,1789196717217,111410121589611
0,3416,11.1,1789196717318,111410124000310
1,3416,0.0,1789196717318,111410124000310
2,3416,100.0,1789196717318,111410124000310
3,3416,37.5,1789196717318,111410124000310
4,3416,0.0,1789196717318,111410124000310
5,3416,66.7,1789196717318,111410124000310
6,3416,0.0,1789196717318,111410124000310
7,3416,70.0,1789196717318,111410124000310
0,3516,18.2,1789196717418,111410126411104
1,3516,0.0,1789196717418,111410126411104
2,3516,87.5,1789196717418,111410126411104
3,3516,44.4,1789196717418,111410126411104
4,3516,0.0,1789196717418,111410126411104
5,3516,62.5,1789196717418,111410126411104
6,3516,0.0,1789196717418,111410126411104
7,3516,62.5,1789196717418,111410126411104
0,3616,20.0,1789196717518,111410128821839
1,3616,0.0,1789196717518,111410128821839
2,3616,90.0,1789196717518,111410128821839
3,3616,28.6,1789196717518,111410128821839
4,3616,0.0,1789196717518,111410128821839
5,3616,66.7,1789196717518,111410128821839
6,3616,0.0,1789196717518,111410128821839
7,3616,66.7,1789196717518,111410128821839
0,3717,18.2,1789196717619,111410131231889
1,3717,0.0,1789196717619,111410131231889
2,3717,100.0,1789196717619,111410131231889
3,3717,28.6,1789196717619,111410131231889
4,3717,0.0,1789196717619,111410131231889
5,3717,70.0,1789196717619,111410131231889
6,3717,0.0,1789196717619,111410131231889
7,3717,70.0,1789196717619,111410131231889
0,3817,20.0,1789196717719,111410133644189
1,3817,0.0,1789196717719,111410133644189
2,3817,90.0,1789196717719,111410133644189
3,3817,44.4,1789196717719,111410133644189
4,3817,0.0,1789196717719,111410133644189
5,3817,72.7,1789196717719,111410133644189
6,3817,9.1,1789196717719,111410133644189
7,3817,70.0,1789196717719,111410133644189
0,3918,10.0,1789196717820,111410136055589
1,3918,0.0,1789196717820,111410136055589
2,3918,90.0,1789196717820,111410136055589
3,3918,25.0,1789196717820,111410136055589
4,3918,0.0,1789196717820,111410136055589
5,3918,66.7,1789196717820,111410136055589
6,3918,0.0,1789196717820,111410136055589
7,3918,66.7,1789196717820,111410136055589
0,4018,11.1,1789196717920,111410138466504
1,4018,0.0,1789196717920,111410138466504
2,4018,100.0,1789196717920,111410138466504
3,4018,50.0,1789196717920,111410138466504
4,4018,0.0,1789196717920,111410138466504
5,4018,70.0,1789196717920,111410138466504
6,4018,0.0,1789196717920,111410138466504
7,4018,62.5,1789196717920,111410138466504
0,4119,11.1,1789196718021,111410140877335
1,4119,0.0,1789196718021,111410140877335
2,4119,88.9,1789196718021,111410140877335
3,4119,50.0,1789196718021,111410140877335
4,4119,0.0,1789196718021,111410140877335
5,4119,70.0,1789196718021,111410140877335
6,4119,0.0,1789196718021,111410140877335
7,4119,62.5,1789196718021,111410140877335
0,4219,18.2,1789196718121,111410143288007
1,4219,0.0,1789196718121,111410143288007
2,4219,100.0,1789196718121,111410143288007
3,4219,44.4,1789196718121,111410143288007
4,4219,0.0,1789196718121,111410143288007
5,4219,66.7,1789196718121,111410143288007
6,4219,0.0,1789196718121,111410143288007
7,4219,70.0,1789196718121,111410143288007
0,4320,20.0,1789196718222,111410145698731
1,4320,0.0,1789196718222,111410145698731
2,4320,100.0,1789196718222,111410145698731
3,4320,37.5,1789196718222,111410145698731
4,4320,0.0,1789196718222,111410145698731
5,4320,63.6,1789196718222,111410145698731
6,4320,0.0,1789196718222,111410145698731
7,4320,75.0,1789196718222,111410145698731
0,4420,18.2,1789196718322,111410148109534
1,4420,0.0,1789196718322,111410148109534
2,4420,100.0,1789196718322,111410148109534
3,4420,37.5,1789196718322,111410148109534
4,4420,0.0,1789196718322,111410148109534
5,4420,77.8,1789196718322,111410148109534
6,4420,0.0,1789196718322,111410148109534
7,4420,62.5,1789196718322,111410148109534
0,4521,0.0,1789196718423,111410150520080
1,4521,0.0,1789196718423,111410150520080
2,4521,90.0,1789196718423,111410150520080
3,4521,44.4,1789196718423,111410150520080
4,4521,0.0,1789196718423,111410150520080
5,4521,70.0,1789196718423,111410150520080
6,4521,0.0,1789196718423,111410150520080
7,4521,62.5,1789196718423,111410150520080
0,4621,10.0,1789196718523,111410152931543
1,4621,0.0,1789196718523,111410152931543
2,4621,90.9,1789196718523,111410152931543
3,4621,33.3,1789196718523,111410152931543
4,4621,0.0,1789196718523,111410152931543
5,4621,70.0,1789196718523,111410152931543
6,4621,0.0,1789196718523,111410152931543
7,4621,72.7,1789196718523,111410152931543
0,4721,20.0,1789196718623,111410155342381
1,4721,0.0,1789196718623,111410155342381
2,4721,100.0,1789196718623,111410155342381
3,4721,44.4,1789196718623,111410155342381
4,4721,0.0,1789196718623,111410155342381
5,4721,66.7,1789196718623,111410155342381
6,4721,0.0,1789196718623,111410155342381
7,4721,62.5,1789196718623,111410155342381
0,4822,10.0,1789196718724,111410157753062
1,4822,0.0,1789196718724,111410157753062
2,4822,88.9,1789196718724,111410157753062
3,4822,37.5,1789196718724,111410157753062
4,4822,0.0,1789196718724,111410157753062
5,4822,70.0,1789196718724,111410157753062
6,4822,0.0,1789196718724,111410157753062
7,4822,70.0,1789196718724,111410157753062
0,4922,0.0,1789196718824,111410160163605
1,4922,0.0,1789196718824,111410160163605
2,4922,100.0,1789196718824,111410160163605
3,4922,28.6,1789196718824,111410160163605
4,4922,0.0,1789196718824,111410160163605
5,4922,66.7,1789196718824,111410160163605
6,4922,0.0,1789196718824,111410160163605
7,4922,66.7,1789196718824,111410160163605
0,5023,20.0,1789196718925,111410162574399
1,5023,0.0,1789196718925,111410162574399
2,5023,90.0,1789196718925,111410162574399
3,5023,50.0,1789196718925,111410162574399
4,5023,0.0,1789196718925,111410162574399
5,5023,70.0,1789196718925,111410162574399
6,5023,0.0,1789196718925,111410162574399
7,5023,70.0,1789196718925,111410162574399
0,5123,18.2,1789196719025,111410164986020
1,5123,0.0,1789196719025,111410164986020
2,5123,88.9,1789196719025,111410164986020
3,5123,37.5,1789196719025,111410164986020
4,5123,0.0,1789196719025,111410164986020
5,5123,66.7,1789196719025,111410164986020
6,5123,0.0,1789196719025,111410164986020
7,5123,66.7,1789196719025,111410164986020
0,5224,20.0,1789196719126,111410167396649
1,5224,0.0,1789196719126,111410167396649
2,5224,100.0,1789196719126,111410167396649
3,5224,28.6,1789196719126,111410167396649
4,5224,0.0,1789196719126,111410167396649
5,5224,70.0,1789196719126,111410167396649
6,5224,0.0,1789196719126,111410167396649
7,5224,77.8,1789196719126,111410167396649
0,5324,10.0,1789196719226,111410169807441
1,5324,0.0,1789196719226,111410169807441
2,5324,80.0,1789196719226,111410169807441
3,5324,33.3,1789196719226,111410169807441
4,5324,0.0,1789196719226,111410169807441
5,5324,66.7,1789196719226,111410169807441
6,5324,0.0,1789196719226,111410169807441
7,5324,72.7,1789196719226,111410169807441
0,5425,20.0,1789196719327,111410172218138
1,5425,0.0,1789196719327,111410172218138
2,5425,100.0,1789196719327,111410172218138
3,5425,44.4,1789196719327,111410172218138
4,5425,0.0,1789196719327,111410172218138
5,5425,57.1,1789196719327,111410172218138
6,5425,0.0,1789196719327,111410172218138
7,5425,66.7,1789196719327,111410172218138
0,5525,10.0,1789196719427,111410174630481
1,5525,0.0,1789196719427,111410174630481
2,5525,88.9,1789196719427,111410174630481
3,5525,28.6,1789196719427,111410174630481
4,5525,0.0,1789196719427,111410174630481
5,5525,72.7,1789196719427,111410174630481
6,5525,9.1,1789196719427,111410174630481
7,5525,70.0,1789196719427,111410174630481
0,5626,20.0,1789196719528,111410177041375
1,5626,0.0,1789196719528,111410177041375
2,5626,90.9,1789196719528,111410177041375
3,5626,50.0,1789196719528,111410177041375
4,5626,0.0,1789196719528,111410177041375
5,5626,70.0,1789196719528,111410177041375
6,5626,0.0,1789196719528,111410177041375
7,5626,66.7,1789196719528,111410177041375
0,5726,20.0,1789196719628,111410179452222
1,5726,0.0,1789196719628,111410179452222
2,5726,100.0,1789196719628,111410179452222
3,5726,33.3,1789196719628,111410179452222
4,5726,0.0,1789196719628,111410179452222
5,5726,66.7,1789196719628,111410179452222
6,5726,0.0,1789196719628,111410179452222
7,5726,62.5,1789196719628,111410179452222
0,5826,18.2,1789196719728,111410181862984
1,5826,0.0,1789196719728,111410181862984
2,5826,90.0,1789196719728,111410181862984
3,5826,37.5,1789196719728,111410181862984
4,5826,0.0,1789196719728,111410181862984
5,5826,72.7,1789196719728,111410181862984
6,5826,0.0,1789196719728,111410181862984
7,5826,70.0,1789196719728,111410181862984
0,5927,20.0,1789196719829,111410184273821
1,5927,0.0,1789196719829,111410184273821
2,5927,90.0,1789196719829,111410184273821
3,5927,50.0,1789196719829,111410184273821
4,5927,0.0,1789196719829,111410184273821
5,5927,66.7,1789196719829,111410184273821
6,5927,0.0,1789196719829,111410184273821
7,5927,70.0,1789196719829,111410184273821
0,6027,18.2,1789196719929,111410186684671
1,6027,0.0,1789196719929,111410186684671
2,6027,100.0,1789196719929,111410186684671
3,6027,16.7,1789196719929,111410186684671
4,6027,0.0,1789196719929,111410186684671
5,6027,75.0,1789196719929,111410186684671
6,6027,0.0,1789196719929,111410186684671
7,6027,66.7,1789196719929,111410186684671
0,6128,20.0,1789196720030,111410189096056
1,6128,0.0,1789196720030,111410189096056
2,6128,90.0,1789196720030,111410189096056
3,6128,44.4,1789196720030,111410189096056
4,6128,0.0,1789196720030,111410189096056
5,6128,75.0,1789196720030,111410189096056
6,6128,0.0,1789196720030,111410189096056
7,6128,80.0,1789196720030,111410189096056
0,6228,0.0,1789196720130,111410191507051
1,6228,0.0,1789196720130,111410191507051
2,6228,100.0,1789196720130,111410191507051
3,6228,37.5,1789196720130,111410191507051
4,6228,0.0,1789196720130,111410191507051
5,6228,66.7,1789196720130,111410191507051
6,6228,0.0,1789196720130,111410191507051
7,6228,66.7,1789196720130,111410191507051
0,6329,20.0,1789196720231,111410193918969
1,6329,0.0,1789196720231,111410193918969
2,6329,87.5,1789196720231,111410193918969
3,6329,50.0,1789196720231,111410193918969
4,6329,0.0,1789196720231,111410193918969
5,6329,66.7,1789196720231,111410193918969
6,6329,0.0,1789196720231,111410193918969
7,6329,70.0,1789196720231,111410193918969
0,6429,10.0,1789196720331,111410196331216
1,6429,0.0,1789196720331,111410196331216
2,6429,90.9,1789196720331,111410196331216
3,6429,44.4,1789196720331,111410196331216
4,6429,0.0,1789196720331,111410196331216
5,6429,70.0,1789196720331,111410196331216
6,6429,9.1,1789196720331,111410196331216
7,6429,72.7,1789196720331,111410196331216
0,6530,11.1,1789196720432,111410198741849
1,6530,0.0,1789196720432,111410198741849
2,6530,100.0,1789196720432,111410198741849
3,6530,25.0,1789196720432,111410198741849
4,6530,0.0,1789196720432,111410198741849
5,6530,70.0,1789196720432,111410198741849
6,6530,0.0,1789196720432,111410198741849
7,6530,62.5,1789196720432,111410198741849
0,6630,0.0,1789196720532,111410201152530
1,6630,0.0,1789196720532,111410201152530
2,6630,90.0,1789196720532,111410201152530
3,6630,44.4,1789196720532,111410201152530
4,6630,0.0,1789196720532,111410201152530
5,6630,62.5,1789196720532,111410201152530
6,6630,0.0,1789196720532,111410201152530
7,6630,70.0,1789196720532,111410201152530
0,6731,27.3,1789196720633,111410203563301
1,6731,0.0,1789196720633,111410203563301
2,6731,100.0,1789196720633,111410203563301
3,6731,16.7,1789196720633,111410203563301
4,6731,0.0,1789196720633,111410203563301
5,6731,70.0,1789196720633,111410203563301
6,6731,0.0,1789196720633,111410203563301
7,6731,62.5,1789196720633,111410203563301
0,6831,11.1,1789196720733,111410205973891
1,6831,0.0,1789196720733,111410205973891
2,6831,88.9,1789196720733,111410205973891
3,6831,50.0,1789196720733,111410205973891
4,6831,0.0,1789196720733,111410205973891
5,6831,70.0,1789196720733,111410205973891
6,6831,0.0,1789196720733,111410205973891
7,6831,72.7,1789196720733,111410205973891
0,6932,18.2,1789196720834,111410208384430
1,6932,0.0,1789196720834,111410208384430
2,6932,90.0,1789196720834,111410208384430
3,6932,54.5,1789196720834,111410208384430
4,6932,0.0,1789196720834,111410208384430
5,6932,66.7,1789196720834,111410208384430
6,6932,0.0,1789196720834,111410208384430
7,6932,70.0,1789196720834,111410208384430
0,7032,11.1,1789196720934,111410210795081
1,7032,0.0,1789196720934,111410210795081
2,7032,100.0,1789196720934,111410210795081
3,7032,44.4,1789196720934,111410210795081
4,7032,0.0,1789196720934,111410210795081
5,7032,70.0,1789196720934,111410210795081
6,7032,0.0,1789196720934,111410210795081
7,7032,62.5,1789196720934,111410210795081
0,7132,18.2,1789196721034,111410213205842
1,7132,0.0,1789196721034,111410213205842
2,7132,87.5,1789196721034,111410213205842
3,7132,16.7,1789196721034,111410213205842
4,7132,0.0,1789196721034,111410213205842
5,7132,62.5,1789196721034,111410213205842
6,7132,0.0,1789196721034,111410213205842
7,7132,77.8,1789196721034,111410213205842
0,7233,11.1,1789196721135,111410215617263
1,7233,0.0,1789196721135,111410215617263
2,7233,90.9,1789196721135,111410215617263
3,7233,37.5,1789196721135,111410215617263
4,7233,0.0,1789196721135,111410215617263
5,7233,70.0,1789196721135,111410215617263
6,7233,0.0,1789196721135,111410215617263
7,7233,70.0,1789196721135,111410215617263
0,7333,20.0,1789196721235,111410218027946
1,7333,0.0,1789196721235,111410218027946
2,7333,100.0,1789196721235,111410218027946
3,7333,50.0,1789196721235,111410218027946
4,7333,0.0,1789196721235,111410218027946
5,7333,70.0,1789196721235,111410218027946
6,7333,0.0,1789196721235,111410218027946
7,7333,66.7,1789196721235,111410218027946
0,7434,18.2,1789196721336,111410220439008
1,7434,0.0,1789196721336,111410220439008
2,7434,90.9,1789196721336,111410220439008
3,7434,25.0,1789196721336,111410220439008
4,7434,0.0,1789196721336,111410220439008
5,7434,70.0,1789196721336,111410220439008
6,7434,0.0,1789196721336,111410220439008
7,7434,66.7,1789196721336,111410220439008
0,7534,11.1,1789196721436,111410222850380
1,7534,0.0,1789196721436,111410222850380
2,7534,90.0,1789196721436,111410222850380
3,7534,44.4,1789196721436,111410222850380
4,7534,0.0,1789196721436,111410222850380
5,7534,72.7,1789196721436,111410222850380
6,7534,0.0,1789196721436,111410222850380
7,7534,70.0,1789196721436,111410222850380
0,7635,18.2,1789196721537,111410225261288
1,7635,0.0,1789196721537,111410225261288
2,7635,100.0,1789196721537,111410225261288
3,7635,16.7,1789196721537,111410225261288
4,7635,0.0,1789196721537,111410225261288
5,7635,77.8,1789196721537,111410225261288
6,7635,0.0,1789196721537,111410225261288
7,7635,62.5,1789196721537,111410225261288
0,7735,11.1,1789196721637,111410227671966
1,7735,0.0,1789196721637,111410227671966
2,7735,90.9,1789196721637,111410227671966
3,7735,44.4,1789196721637,111410227671966
4,7735,0.0,1789196721637,111410227671966
5,7735,66.7,1789196721637,111410227671966
6,7735,0.0,1789196721637,111410227671966
7,7735,66.7,1789196721637,111410227671966
0,7836,25.0,1789196721738,111410230082798
1,7836,0.0,1789196721738,111410230082798
2,7836,100.0,1789196721738,111410230082798
3,7836,28.6,1789196721738,111410230082798
4,7836,0.0,1789196721738,111410230082798
5,7836,72.7,1789196721738,111410230082798
6,7836,0.0,1789196721738,111410230082798
7,7836,72.7,1789196721738,111410230082798
0,7936,22.2,1789196721838,111410232493796
1,7936,0.0,1789196721838,111410232493796
2,7936,90.0,1789196721838,111410232493796
3,7936,28.6,1789196721838,111410232493796
4,7936,0.0,1789196721838,111410232493796
5,7936,72.7,1789196721838,111410232493796
6,7936,0.0,1789196721838,111410232493796
7,7936,77.8,1789196721838,111410232493796
0,8037,18.2,1789196721939,111410234904493
1,8037,0.0,1789196721939,111410234904493
2,8037,88.9,1789196721939,111410234904493
3,8037,44.4,1789196721939,111410234904493
4,8037,0.0,1789196721939,111410234904493
5,8037,62.5,1789196721939,111410234904493
6,8037,0.0,1789196721939,111410234904493
7,8037,66.7,1789196721939,111410234904493
0,8137,20.0,1789196722039,111410237315873
1,8137,0.0,1789196722039,111410237315873
2,8137,100.0,1789196722039,111410237315873
3,8137,44.4,1789196722039,111410237315873
4,8137,0.0,1789196722039,111410237315873
5,8137,72.7,1789196722039,111410237315873
6,8137,0.0,1789196722039,111410237315873
7,8137,62.5,1789196722039,111410237315873
0,8238,0.0,1789196722140,111410239726872
1,8238,0.0,1789196722140,111410239726872
2,8238,90.0,1789196722140,111410239726872
3,8238,28.6,1789196722140,111410239726872
4,8238,0.0,1789196722140,111410239726872
5,8238,70.0,1789196722140,111410239726872
6,8238,0.0,1789196722140,111410239726872
7,8238,66.7,1789196722140,111410239726872
0,8338,11.1,1789196722240,111410242137675
1,8338,0.0,1789196722240,111410242137675
2,8338,100.0,1789196722240,111410242137675
3,8338,33.3,1789196722240,111410242137675
4,8338,0.0,1789196722240,111410242137675
5,8338,70.0,1789196722240,111410242137675
6,8338,0.0,1789196722240,111410242137675
7,8338,66.7,1789196722240,111410242137675
0,8438,11.1,1789196722340,111410244548591
1,8438,0.0,1789196722340,111410244548591
2,8438,90.0,1789196722340,111410244548591
3,8438,37.5,1789196722340,111410244548591
4,8438,0.0,1789196722340,111410244548591
5,8438,66.7,1789196722340,111410244548591
6,8438,0.0,1789196722340,111410244548591
7,8438,66.7,1789196722340,111410244548591
0,8539,10.0,1789196722441,111410246959216
1,8539,0.0,1789196722441,111410246959216
2,8539,90.0,1789196722441,111410246959216
3,8539,28.6,1789196722441,111410246959216
4,8539,0.0,1789196722441,111410246959216
5,8539,66.7,1789196722441,111410246959216
6,8539,0.0,1789196722441,111410246959216
7,8539,66.7,1789196722441,111410246959216
0,8639,18.2,1789196722541,111410249369998
1,8639,0.0,1789196722541,111410249369998
2,8639,100.0,1789196722541,111410249369998
3,8639,50.0,1789196722541,111410249369998
4,8639,0.0,1789196722541,111410249369998
5,8639,66.7,1789196722541,111410249369998
6,8639,0.0,1789196722541,111410249369998
7,8639,66.7,1789196722541,111410249369998
0,8740,11.1,1789196722642,111410251780596
1,8740,0.0,1789196722642,111410251780596
2,8740,88.9,1789196722642,111410251780596
3,8740,37.5,1789196722642,111410251780596
4,8740,0.0,1789196722642,111410251780596
5,8740,66.7,1789196722642,111410251780596
6,8740,0.0,1789196722642,111410251780596
7,8740,66.7,1789196722642,111410251780596
0,8840,18.2,1789196722742,111410254191856
1,8840,0.0,1789196722742,111410254191856
2,8840,91.7,1789196722742,111410254191856
3,8840,54.5,1789196722742,111410254191856
4,8840,0.0,1789196722742,111410254191856
5,8840,75.0,1789196722742,111410254191856
6,8840,0.0,1789196722742,111410254191856
7,8840,70.0,1789196722742,111410254191856
0,8941,11.1,1789196722843,111410256602543
1,8941,0.0,1789196722843,111410256602543
2,8941,100.0,1789196722843,111410256602543
3,8941,44.4,1789196722843,111410256602543
4,8941,0.0,1789196722843,111410256602543
5,8941,62.5,1789196722843,111410256602543
6,8941,0.0,1789196722843,111410256602543
7,8941,70.0,1789196722843,111410256602543
0,9041,27.3,1789196722943,111410259014010
1,9041,0.0,1789196722943,111410259014010
2,9041,90.0,1789196722943,111410259014010
3,9041,45.5,1789196722943,111410259014010
4,9041,0.0,1789196722943,111410259014010
5,9041,70.0,1789196722943,111410259014010
6,9041,9.1,1789196722943,111410259014010
7,9041,70.0,1789196722943,111410259014010
0,9142,0.0,1789196723044,111410261425095
1,9142,0.0,1789196723044,111410261425095
2,9142,100.0,1789196723044,111410261425095
3,9142,28.6,1789196723044,111410261425095
4,9142,0.0,1789196723044,111410261425095
5,9142,66.7,1789196723044,111410261425095
6,9142,0.0,1789196723044,111410261425095
7,9142,70.0,1789196723044,111410261425095
0,9242,20.0,1789196723144,111410263836025
1,9242,0.0,1789196723144,111410263836025
2,9242,88.9,1789196723144,111410263836025
3,9242,37.5,1789196723144,111410263836025
4,9242,0.0,1789196723144,111410263836025
5,9242,66.7,1789196723144,111410263836025
6,9242,0.0,1789196723144,111410263836025
7,9242,70.0,1789196723144,111410263836025
0,9343,10.0,1789196723245,111410266247592
1,9343,0.0,1789196723245,111410266247592
2,9343,90.0,1789196723245,111410266247592
3,9343,55.6,1789196723245,111410266247592
4,9343,0.0,1789196723245,111410266247592
5,9343,70.0,1789196723245,111410266247592
6,9343,0.0,1789196723245,111410266247592
7,9343,77.8,1789196723245,111410266247592
0,9443,20.0,1789196723345,111410268658299
1,9443,0.0,1789196723345,111410268658299
2,9443,100.0,1789196723345,111410268658299
3,9443,33.3,1789196723345,111410268658299
4,9443,0.0,1789196723345,111410268658299
5,9443,66.7,1789196723345,111410268658299
6,9443,0.0,1789196723345,111410268658299
7,9443,66.7,1789196723345,111410268658299
0,9543,20.0,1789196723445,111410271069157
1,9543,0.0,1789196723445,111410271069157
2,9543,90.0,1789196723445,111410271069157
3,9543,37.5,1789196723445,111410271069157
4,9543,0.0,1789196723445,111410271069157
5,9543,66.7,1789196723445,111410271069157
6,9543,0.0,1789196723445,111410271069157
7,9543,66.7,1789196723445,111410271069157
0,9644,10.0,1789196723546,111410273479807
1,9644,0.0,1789196723546,111410273479807
2,9644,90.9,1789196723546,111410273479807
3,9644,28.6,1789196723546,111410273479807
4,9644,0.0,1789196723546,111410273479807
5,9644,66.7,1789196723546,111410273479807
6,9644,0.0,1789196723546,111410273479807
7,9644,70.0,1789196723546,111410273479807
0,9744,27.3,1789196723646,111410275890740
1,9744,0.0,1789196723646,111410275890740
2,9744,100.0,1789196723646,111410275890740
3,9744,37.5,1789196723646,111410275890740
4,9744,0.0,1789196723646,111410275890740
5,9744,75.0,1789196723646,111410275890740
6,9744,0.0,1789196723646,111410275890740
7,9744,70.0,1789196723646,111410275890740
0,9845,0.0,1789196723747,111410278301777
1,9845,0.0,1789196723747,111410278301777
2,9845,91.7,1789196723747,111410278301777
3,9845,28.6,1789196723747,111410278301777
4,9845,0.0,1789196723747,111410278301777
5,9845,71.4,1789196723747,111410278301777
6,9845,0.0,1789196723747,111410278301777
7,9845,66.7,1789196723747,111410278301777
0,9945,27.3,1789196723847,111410280713877
1,9945,0.0,1789196723847,111410280713877
2,9945,100.0,1789196723847,111410280713877
3,9945,28.6,1789196723847,111410280713877
4,9945,0.0,1789196723847,111410280713877
5,9945,66.7,1789196723847,111410280713877
6,9945,0.0,1789196723847,111410280713877
7,9945,72.7,1789196723847,111410280713877
0,10046,11.1,1789196723948,111410283125376
1,10046,0.0,1789196723948,111410283125376
2,10046,88.9,1789196723948,111410283125376
3,10046,50.0,1789196723948,111410283125376
4,10046,0.0,1789196723948,111410283125376
5,10046,66.7,1789196723948,111410283125376
6,10046,0.0,1789196723948,111410283125376
7,10046,81.8,1789196723948,111410283125376
0,10146,10.0,1789196724048,111410285536994
1,10146,0.0,1789196724048,111410285536994
2,10146,100.0,1789196724048,111410285536994
3,10146,42.9,1789196724048,111410285536994
4,10146,0.0,1789196724048,111410285536994
5,10146,66.7,1789196724048,111410285536994
6,10146,0.0,1789196724048,111410285536994
7,10146,72.7,1789196724048,111410285536994
0,10247,20.0,1789196724149,111410287947845
1,10247,0.0,1789196724149,111410287947845
2,10247,100.0,1789196724149,111410287947845
3,10247,16.7,1789196724149,111410287947845
4,10247,0.0,1789196724149,111410287947845
5,10247,75.0,1789196724149,111410287947845
6,10247,0.0,1789196724149,111410287947845
7,10247,66.7,1789196724149,111410287947845
0,10347,20.0,1789196724249,111410290358582
1,10347,0.0,1789196724249,111410290358582
2,10347,90.0,1789196724249,111410290358582
3,10347,25.0,1789196724249,111410290358582
4,10347,0.0,1789196724249,111410290358582
5,10347,66.7,1789196724249,111410290358582
6,10347,0.0,1789196724249,111410290358582
7,10347,66.7,1789196724249,111410290358582
0,10448,18.2,1789196724350,111410292769353
1,10448,0.0,1789196724350,111410292769353
2,10448,100.0,1789196724350,111410292769353
3,10448,37.5,1789196724350,111410292769353
4,10448,0.0,1789196724350,111410292769353
5,10448,70.0,1789196724350,111410292769353
6,10448,0.0,1789196724350,111410292769353
7,10448,70.0,1789196724350,111410292769353
0,10548,27.3,1789196724450,111410295180312
1,10548,0.0,1789196724450,111410295180312
2,10548,90.0,1789196724450,111410295180312
3,10548,44.4,1789196724450,111410295180312
4,10548,0.0,1789196724450,111410295180312
5,10548,80.0,1789196724450,111410295180312
6,10548,0.0,1789196724450,111410295180312
7,10548,66.7,1789196724450,111410295180312
0,10649,11.1,1789196724551,111410297591660
1,10649,0.0,1789196724551,111410297591660
2,10649,90.9,1789196724551,111410297591660
3,10649,44.4,1789196724551,111410297591660
4,10649,0.0,1789196724551,111410297591660
5,10649,66.7,1789196724551,111410297591660
6,10649,0.0,1789196724551,111410297591660
7,10649,72.7,1789196724551,111410297591660
0,10749,10.0,1789196724651,111410300003472
1,10749,0.0,1789196724651,111410300003472
2,10749,100.0,1789196724651,111410300003472
3,10749,44.4,1789196724651,111410300003472
4,10749,0.0,1789196724651,111410300003472
5,10749,70.0,1789196724651,111410300003472
6,10749,0.0,1789196724651,111410300003472
7,10749,70.0,1789196724651,111410300003472
0,10850,20.0,1789196724752,111410302414286
1,10850,0.0,1789196724752,111410302414286
2,10850,88.9,1789196724752,111410302414286
3,10850,37.5,1789196724752,111410302414286
4,10850,0.0,1789196724752,111410302414286
5,10850,70.0,1789196724752,111410302414286
6,10850,0.0,1789196724752,111410302414286
7,10850,62.5,1789196724752,111410302414286
0,10950,10.0,1789196724852,111410304825486
1,10950,0.0,1789196724852,111410304825486
2,10950,90.9,1789196724852,111410304825486
3,10950,37.5,1789196724852,111410304825486
4,10950,0.0,1789196724852,111410304825486
5,10950,66.7,1789196724852,111410304825486
6,10950,0.0,1789196724852,111410304825486
7,10950,70.0,1789196724852,111410304825486
0,11050,22.2,1789196724952,111410307236612
1,11050,20.0,1789196724952,111410307236612
2,11050,100.0,1789196724952,111410307236612
3,11050,40.0,1789196724952,111410307236612
4,11050,0.0,1789196724952,111410307236612
5,11050,70.0,1789196724952,111410307236612
6,11050,0.0,1789196724952,111410307236612
7,11050,72.7,1789196724952,111410307236612
0,11151,11.1,1789196725053,111410309647766
1,11151,9.1,1789196725053,111410309647766
2,11151,88.9,1789196725053,111410309647766
3,11151,37.5,1789196725053,111410309647766
4,11151,0.0,1789196725053,111410309647766
5,11151,70.0,1789196725053,111410309647766
6,11151,0.0,1789196725053,111410309647766
7,11151,70.0,1789196725053,111410309647766
0,11251,18.2,1789196725153,111410312059231
1,11251,0.0,1789196725153,111410312059231
2,11251,100.0,1789196725153,111410312059231
3,11251,28.6,1789196725153,111410312059231
4,11251,0.0,1789196725153,111410312059231
5,11251,66.7,1789196725153,111410312059231
6,11251,0.0,1789196725153,111410312059231
7,11251,66.7,1789196725153,111410312059231
0,11352,20.0,1789196725254,111410314469802
1,11352,0.0,1789196725254,111410314469802
2,11352,90.0,1789196725254,111410314469802
3,11352,55.6,1789196725254,111410314469802
4,11352,0.0,1789196725254,111410314469802
5,11352,66.7,1789196725254,111410314469802
6,11352,0.0,1789196725254,111410314469802
7,11352,66.7,1789196725254,111410314469802
0,11452,10.0,1789196725354,111410316881056
1,11452,0.0,1789196725354,111410316881056
2,11452,90.9,1789196725354,111410316881056
3,11452,33.3,1789196725354,111410316881056
4,11452,0.0,1789196725354,111410316881056
5,11452,72.7,1789196725354,111410316881056
6,11452,0.0,1789196725354,111410316881056
7,11452,62.5,1789196725354,111410316881056
0,11553,27.3,1789196725455,111410319291878
1,11553,0.0,1789196725455,111410319291878
2,11553,100.0,1789196725455,111410319291878
3,11553,50.0,1789196725455,111410319291878
4,11553,0.0,1789196725455,111410319291878
5,11553,75.0,1789196725455,111410319291878
6,11553,0.0,1789196725455,111410319291878
7,11553,70.0,1789196725455,111410319291878
0,11653,11.1,1789196725555,111410321702636
1,11653,0.0,1789196725555,111410321702636
2,11653,90.0,1789196725555,111410321702636
3,11653,37.5,1789196725555,111410321702636
4,11653,0.0,1789196725555,111410321702636
5,11653,70.0,1789196725555,111410321702636
6,11653,0.0,1789196725555,111410321702636
7,11653,81.8,1789196725555,111410321702636
0,11754,10.0,1789196725656,111410324113354
1,11754,0.0,1789196725656,111410324113354
2,11754,90.0,1789196725656,111410324113354
3,11754,50.0,1789196725656,111410324113354
4,11754,0.0,1789196725656,111410324113354
5,11754,62.5,1789196725656,111410324113354
6,11754,0.0,1789196725656,111410324113354
7,11754,70.0,1789196725656,111410324113354
0,11854,11.1,1789196725756,111410326524026
1,11854,0.0,1789196725756,111410326524026
2,11854,100.0,1789196725756,111410326524026
3,11854,50.0,1789196725756,111410326524026
4,11854,0.0,1789196725756,111410326524026
5,11854,70.0,1789196725756,111410326524026
6,11854,0.0,1789196725756,111410326524026
7,11854,70.0,1789196725756,111410326524026
0,11955,11.1,1789196725857,111410328934750
1,11955,0.0,1789196725857,111410328934750
2,11955,88.9,1789196725857,111410328934750
3,11955,28.6,1789196725857,111410328934750
4,11955,0.0,1789196725857,111410328934750
5,11955,57.1,1789196725857,111410328934750
6,11955,0.0,1789196725857,111410328934750
7,11955,70.0,1789196725857,111410328934750
0,12055,18.2,1789196725957,111410331345426
1,12055,0.0,1789196725957,111410331345426
2,12055,100.0,1789196725957,111410331345426
3,12055,54.5,1789196725957,111410331345426
4,12055,0.0,1789196725957,111410331345426
5,12055,72.7,1789196725957,111410331345426
6,12055,0.0,1789196725957,111410331345426
7,12055,66.7,1789196725957,111410331345426
0,12156,20.0,1789196726058,111410333757235
1,12156,0.0,1789196726058,111410333757235
2,12156,90.0,1789196726058,111410333757235
3,12156,33.3,1789196726058,111410333757235
4,12156,10.0,1789196726058,111410333757235
5,12156,66.7,1789196726058,111410333757235
6,12156,0.0,1789196726058,111410333757235
7,12156,66.7,1789196726058,111410333757235
0,12256,10.0,1789196726158,111410336168524
1,12256,0.0,1789196726158,111410336168524
2,12256,87.5,1789196726158,111410336168524
3,12256,44.4,1789196726158,111410336168524
4,12256,0.0,1789196726158,111410336168524
5,12256,70.0,1789196726158,111410336168524
6,12256,0.0,1789196726158,111410336168524
7,12256,70.0,1789196726158,111410336168524
0,12356,10.0,1789196726258,111410338579419
1,12356,0.0,1789196726258,111410338579419
2,12356,100.0,1789196726258,111410338579419
3,12356,50.0,1789196726258,111410338579419
4,12356,0.0,1789196726258,111410338579419
5,12356,66.7,1789196726258,111410338579419
6,12356,0.0,1789196726258,111410338579419
7,12356,72.7,1789196726258,111410338579419
0,12457,20.0,1789196726359,111410340991855
1,12457,0.0,1789196726359,111410340991855
2,12457,88.9,1789196726359,111410340991855
3,12457,37.5,1789196726359,111410340991855
4,12457,0.0,1789196726359,111410340991855
5,12457,66.7,1789196726359,111410340991855
6,12457,0.0,1789196726359,111410340991855
7,12457,66.7,1789196726359,111410340991855
0,12557,10.0,1789196726459,111410343402681
1,12557,0.0,1789196726459,111410343402681
2,12557,87.5,1789196726459,111410343402681
3,12557,44.4,1789196726459,111410343402681
4,12557,0.0,1789196726459,111410343402681
5,12557,80.0,1789196726459,111410343402681
6,12557,9.1,1789196726459,111410343402681
7,12557,66.7,1789196726459,111410343402681
0,12658,20.0,1789196726560,111410345813394
1,12658,0.0,1789196726560,111410345813394
2,12658,100.0,1789196726560,111410345813394
3,12658,33.3,1789196726560,111410345813394
4,12658,0.0,1789196726560,111410345813394
5,12658,70.0,1789196726560,111410345813394
6,12658,0.0,1789196726560,111410345813394
7,12658,70.0,1789196726560,111410345813394
0,12758,20.0,1789196726660,111410348224249
1,12758,0.0,1789196726660,111410348224249
2,12758,90.9,1789196726660,111410348224249
3,12758,37.5,1789196726660,111410348224249
4,12758,0.0,1789196726660,111410348224249
5,12758,62.5,1789196726660,111410348224249
6,12758,0.0,1789196726660,111410348224249
7,12758,70.0,1789196726660,111410348224249
0,12859,18.2,1789196726761,111410350634921
1,12859,0.0,1789196726761,111410350634921
2,12859,100.0,1789196726761,111410350634921
3,12859,50.0,1789196726761,111410350634921
4,12859,0.0,1789196726761,111410350634921
5,12859,66.7,1789196726761,111410350634921
6,12859,0.0,1789196726761,111410350634921
7,12859,70.0,1789196726761,111410350634921
0,12959,11.1,1789196726861,111410353045695
1,12959,0.0,1789196726861,111410353045695
2,12959,90.9,1789196726861,111410353045695
3,12959,37.5,1789196726861,111410353045695
4,12959,0.0,1789196726861,111410353045695
5,12959,70.0,1789196726861,111410353045695
6,12959,0.0,1789196726861,111410353045695
7,12959,72.7,1789196726861,111410353045695
0,13060,18.2,1789196726962,111410355456660
1,13060,0.0,1789196726962,111410355456660
2,13060,90.0,1789196726962,111410355456660
3,13060,37.5,1789196726962,111410355456660
4,13060,0.0,1789196726962,111410355456660
5,13060,66.7,1789196726962,111410355456660
6,13060,0.0,1789196726962,111410355456660
7,13060,70.0,1789196726962,111410355456660
0,13160,27.3,1789196727062,111410357867478
1,13160,0.0,1789196727062,111410357867478
2,13160,100.0,1789196727062,111410357867478
3,13160,50.0,1789196727062,111410357867478
4,13160,0.0,1789196727062,111410357867478
5,13160,70.0,1789196727062,111410357867478
6,13160,0.0,1789196727062,111410357867478
7,13160,66.7,1789196727062,111410357867478
0,13261,12.5,1789196727163,111410360278346
1,13261,0.0,1789196727163,111410360278346
2,13261,90.0,1789196727163,111410360278346
3,13261,40.0,1789196727163,111410360278346
4,13261,0.0,1789196727163,111410360278346
5,13261,72.7,1789196727163,111410360278346
6,13261,0.0,1789196727163,111410360278346
7,13261,80.0,1789196727163,111410360278346
0,13361,10.0,1789196727263,111410362689866
1,13361,0.0,1789196727263,111410362689866
2,13361,88.9,1789196727263,111410362689866
3,13361,42.9,1789196727263,111410362689866
4,13361,0.0,1789196727263,111410362689866
5,13361,70.0,1789196727263,111410362689866
6,13361,0.0,1789196727263,111410362689866
7,13361,66.7,1789196727263,111410362689866
0,13462,20.0,1789196727364,111410365100664
1,13462,0.0,1789196727364,111410365100664
2,13462,100.0,1789196727364,111410365100664
3,13462,44.4,1789196727364,111410365100664
4,13462,0.0,1789196727364,111410365100664
5,13462,77.8,1789196727364,111410365100664
6,13462,9.1,1789196727364,111410365100664
7,13462,70.0,1789196727364,111410365100664
0,13562,18.2,1789196727464,111410367511706
1,13562,0.0,1789196727464,111410367511706
2,13562,90.0,1789196727464,111410367511706
3,13562,37.5,1789196727464,111410367511706
4,13562,0.0,1789196727464,111410367511706
5,13562,66.7,1789196727464,111410367511706
6,13562,0.0,1789196727464,111410367511706
7,13562,70.0,1789196727464,111410367511706
0,13662,0.0,1789196727564,111410369923002
1,13662,0.0,1789196727564,111410369923002
2,13662,88.9,1789196727564,111410369923002
3,13662,33.3,1789196727564,111410369923002
4,13662,0.0,1789196727564,111410369923002
5,13662,72.7,1789196727564,111410369923002
6,13662,0.0,1789196727564,111410369923002
7,13662,70.0,1789196727564,111410369923002
0,13763,27.3,1789196727665,111410372333797
1,13763,0.0,1789196727665,111410372333797
2,13763,100.0,1789196727665,111410372333797
3,13763,37.5,1789196727665,111410372333797
4,13763,0.0,1789196727665,111410372333797
5,13763,66.7,1789196727665,111410372333797
6,13763,0.0,1789196727665,111410372333797
7,13763,70.0,1789196727665,111410372333797
0,13863,10.0,1789196727765,111410374744694
1,13863,0.0,1789196727765,111410374744694
2,13863,90.9,1789196727765,111410374744694
3,13863,44.4,1789196727765,111410374744694
4,13863,0.0,1789196727765,111410374744694
5,13863,70.0,1789196727765,111410374744694
6,13863,0.0,1789196727765,111410374744694
7,13863,62.5,1789196727765,111410374744694
0,13964,20.0,1789196727866,111410377155385
1,13964,0.0,1789196727866,111410377155385
2,13964,88.9,1789196727866,111410377155385
3,13964,44.4,1789196727866,111410377155385
4,13964,0.0,1789196727866,111410377155385
5,13964,62.5,1789196727866,111410377155385
6,13964,0.0,1789196727866,111410377155385
7,13964,70.0,1789196727866,111410377155385
0,14064,20.0,1789196727966,111410379566284
1,14064,0.0,1789196727966,111410379566284
2,14064,100.0,1789196727966,111410379566284
3,14064,37.5,1789196727966,111410379566284
4,14064,0.0,1789196727966,111410379566284
5,14064,70.0,1789196727966,111410379566284
6,14064,0.0,1789196727966,111410379566284
7,14064,66.7,1789196727966,111410379566284
0,14165,10.0,1789196728067,111410381977066
1,14165,0.0,1789196728067,111410381977066
2,14165,90.0,1789196728067,111410381977066
3,14165,37.5,1789196728067,111410381977066
4,14165,0.0,1789196728067,111410381977066
5,14165,70.0,1789196728067,111410381977066
6,14165,0.0,1789196728067,111410381977066
7,14165,66.7,1789196728067,111410381977066
0,14265,27.3,1789196728167,111410384388385
1,14265,0.0,1789196728167,111410384388385
2,14265,100.0,1789196728167,111410384388385
3,14265,45.5,1789196728167,111410384388385
4,14265,0.0,1789196728167,111410384388385
5,14265,77.8,1789196728167,111410384388385
6,14265,0.0,1789196728167,111410384388385
7,14265,70.0,1789196728167,111410384388385
0,14366,10.0,1789196728268,111410386799703
1,14366,0.0,1789196728268,111410386799703
2,14366,90.0,1789196728268,111410386799703
3,14366,37.5,1789196728268,111410386799703
4,14366,0.0,1789196728268,111410386799703
5,14366,66.7,1789196728268,111410386799703
6,14366,0.0,1789196728268,111410386799703
7,14366,70.0,1789196728268,111410386799703
0,14466,11.1,1789196728368,111410389210675
1,14466,0.0,1789196728368,111410389210675
2,14466,90.9,1789196728368,111410389210675
3,14466,28.6,1789196728368,111410389210675
4,14466,0.0,1789196728368,111410389210675
5,14466,66.7,1789196728368,111410389210675
6,14466,0.0,1789196728368,111410389210675
7,14466,66.7,1789196728368,111410389210675
0,14567,20.0,1789196728469,111410391621412
1,14567,0.0,1789196728469,111410391621412
2,14567,100.0,1789196728469,111410391621412
3,14567,37.5,1789196728469,111410391621412
4,14567,0.0,1789196728469,111410391621412
5,14567,62.5,1789196728469,111410391621412
6,14567,0.0,1789196728469,111410391621412
7,14567,70.0,1789196728469,111410391621412
0,14667,10.0,1789196728569,111410394032119
1,14667,0.0,1789196728569,111410394032119
2,14667,90.0,1789196728569,111410394032119
3,14667,37.5,1789196728569,111410394032119
4,14667,0.0,1789196728569,111410394032119
5,14667,72.7,1789196728569,111410394032119
6,14667,0.0,1789196728569,111410394032119
7,14667,72.7,1789196728569,111410394032119
0,14767,27.3,1789196728669,111410396442899
1,14767,0.0,1789196728669,111410396442899
2,14767,90.0,1789196728669,111410396442899
3,14767,28.6,1789196728669,111410396442899
4,14767,0.0,1789196728669,111410396442899
5,14767,70.0,1789196728669,111410396442899
6,14767,0.0,1789196728669,111410396442899
7,14767,66.7,1789196728669,111410396442899
0,14868,11.1,1789196728770,111410398854403
1,14868,0.0,1789196728770,111410398854403
2,14868,100.0,1789196728770,111410398854403
3,14868,40.0,1789196728770,111410398854403
4,14868,0.0,1789196728770,111410398854403
5,14868,66.7,1789196728770,111410398854403
6,14868,0.0,1789196728770,111410398854403
7,14868,75.0,1789196728770,111410398854403
0,14968,18.2,1789196728870,111410401265152
1,14968,0.0,1789196728870,111410401265152
2,14968,90.0,1789196728870,111410401265152
3,14968,37.5,1789196728870,111410401265152
4,14968,0.0,1789196728870,111410401265152
5,14968,70.0,1789196728870,111410401265152
6,14968,0.0,1789196728870,111410401265152
7,14968,66.7,1789196728870,111410401265152
0,15069,10.0,1789196728971,111410403675844
1,15069,0.0,1789196728971,111410403675844
2,15069,70.0,1789196728971,111410403675844
3,15069,33.3,1789196728971,111410403675844
4,15069,0.0,1789196728971,111410403675844
5,15069,60.0,1789196728971,111410403675844
6,15069,0.0,1789196728971,111410403675844
7,15069,54.5,1789196728971,111410403675844
0,15169,20.0,1789196729071,111410406089028
1,15169,9.1,1789196729071,111410406089028
2,15169,100.0,1789196729071,111410406089028
3,15169,44.4,1789196729071,111410406089028
4,15169,0.0,1789196729071,111410406089028
5,15169,66.7,1789196729071,111410406089028
6,15169,0.0,1789196729071,111410406089028
7,15169,70.0,1789196729071,111410406089028
0,15270,10.0,1789196729172,111410408500254
1,15270,0.0,1789196729172,111410408500254
2,15270,90.0,1789196729172,111410408500254
3,15270,28.6,1789196729172,111410408500254
4,15270,0.0,1789196729172,111410408500254
5,15270,70.0,1789196729172,111410408500254
6,15270,0.0,1789196729172,111410408500254
7,15270,66.7,1789196729172,111410408500254
0,15370,27.3,1789196729272,111410410910983
1,15370,0.0,1789196729272,111410410910983
2,15370,88.9,1789196729272,111410410910983
3,15370,54.5,1789196729272,111410410910983
4,15370,0.0,1789196729272,111410410910983
5,15370,70.0,1789196729272,111410410910983
6,15370,0.0,1789196729272,111410410910983
7,15370,66.7,1789196729272,111410410910983
0,15471,11.1,1789196729373,111410413321811
1,15471,0.0,1789196729373,111410413321811
2,15471,100.0,1789196729373,111410413321811
3,15471,50.0,1789196729373,111410413321811
4,15471,0.0,1789196729373,111410413321811
5,15471,77.8,1789196729373,111410413321811
6,15471,0.0,1789196729373,111410413321811
7,15471,72.7,1789196729373,111410413321811
0,15571,27.3,1789196729473,111410415732689
1,15571,0.0,1789196729473,111410415732689
2,15571,90.0,1789196729473,111410415732689
3,15571,44.4,1789196729473,111410415732689
4,15571,0.0,1789196729473,111410415732689
5,15571,66.7,1789196729473,111410415732689
6,15571,0.0,1789196729473,111410415732689
7,15571,62.5,1789196729473,111410415732689
0,15672,10.0,1789196729574,111410418143421
1,15672,0.0,1789196729574,111410418143421
2,15672,88.9,1789196729574,111410418143421
3,15672,25.0,1789196729574,111410418143421
4,15672,0.0,1789196729574,111410418143421
5,15672,66.7,1789196729574,111410418143421
6,15672,0.0,1789196729574,111410418143421
7,15672,77.8,1789196729574,111410418143421
0,15772,20.0,1789196729674,111410420554536
1,15772,0.0,1789196729674,111410420554536
2,15772,100.0,1789196729674,111410420554536
3,15772,37.5,1789196729674,111410420554536
4,15772,0.0,1789196729674,111410420554536
5,15772,70.0,1789196729674,111410420554536
6,15772,0.0,1789196729674,111410420554536
7,15772,66.7,1789196729674,111410420554536
0,15873,18.2,1789196729775,111410422965514
1,15873,0.0,1789196729775,111410422965514
2,15873,87.5,1789196729775,111410422965514
3,15873,50.0,1789196729775,111410422965514
4,15873,0.0,1789196729775,111410422965514
5,15873,66.7,1789196729775,111410422965514
6,15873,0.0,1789196729775,111410422965514
7,15873,66.7,1789196729775,111410422965514
0,15973,0.0,1789196729875,111410425377127
1,15973,0.0,1789196729875,111410425377127
2,15973,87.5,1789196729875,111410425377127
3,15973,44.4,1789196729875,111410425377127
4,15973,0.0,1789196729875,111410425377127
5,15973,66.7,1789196729875,111410425377127
6,15973,0.0,1789196729875,111410425377127
7,15973,66.7,1789196729875,111410425377127
0,16074,10.0,1789196729976,111410427788478
1,16074,0.0,1789196729976,111410427788478
2,16074,100.0,1789196729976,111410427788478
3,16074,44.4,1789196729976,111410427788478
4,16074,0.0,1789196729976,111410427788478
5,16074,72.7,1789196729976,111410427788478
6,16074,9.1,1789196729976,111410427788478
7,16074,66.7,1789196729976,111410427788478
0,16174,20.0,1789196730076,111410430199358
1,16174,0.0,1789196730076,111410430199358
2,16174,100.0,1789196730076,111410430199358
3,16174,55.6,1789196730076,111410430199358
4,16174,0.0,1789196730076,111410430199358
5,16174,66.7,1789196730076,111410430199358
6,16174,0.0,1789196730076,111410430199358
7,16174,66.7,1789196730076,111410430199358
0,16274,11.1,1789196730176,111410432610054
1,16274,0.0,1789196730176,111410432610054
2,16274,100.0,1789196730176,111410432610054
3,16274,45.5,1789196730176,111410432610054
4,16274,0.0,1789196730176,111410432610054
5,16274,66.7,1789196730176,111410432610054
6,16274,0.0,1789196730176,111410432610054
7,16274,72.7,1789196730176,111410432610054
0,16375,18.2,1789196730277,111410435020643
1,16375,0.0,1789196730277,111410435020643
2,16375,88.9,1789196730277,111410435020643
3,16375,44.4,1789196730277,111410435020643
4,16375,0.0,1789196730277,111410435020643
5,16375,66.7,1789196730277,111410435020643
6,16375,0.0,1789196730277,111410435020643
7,16375,66.7,1789196730277,111410435020643
0,16475,20.0,1789196730377,111410437431303
1,16475,0.0,1789196730377,111410437431303
2,16475,100.0,1789196730377,111410437431303
3,16475,44.4,1789196730377,111410437431303
4,16475,0.0,1789196730377,111410437431303
5,16475,77.8,1789196730377,111410437431303
6,16475,0.0,1789196730377,111410437431303
7,16475,66.7,1789196730377,111410437431303
0,16576,18.2,1789196730478,111410439842151
1,16576,0.0,1789196730478,111410439842151
2,16576,90.9,1789196730478,111410439842151
3,16576,37.5,1789196730478,111410439842151
4,16576,0.0,1789196730478,111410439842151
5,16576,70.0,1789196730478,111410439842151
6,16576,0.0,1789196730478,111410439842151
7,16576,70.0,1789196730478,111410439842151
0,16676,11.1,1789196730578,111410442252689
1,16676,0.0,1789196730578,111410442252689
2,16676,90.0,1789196730578,111410442252689
3,16676,28.6,1789196730578,111410442252689
4,16676,0.0,1789196730578,111410442252689
5,16676,70.0,1789196730578,111410442252689
6,16676,0.0,1789196730578,111410442252689
7,16676,62.5,1789196730578,111410442252689
0,16777,20.0,1789196730679,111410444663409
1,16777,0.0,1789196730679,111410444663409
2,16777,100.0,1789196730679,111410444663409
3,16777,44.4,1789196730679,111410444663409
4,16777,0.0,1789196730679,111410444663409
5,16777,70.0,1789196730679,111410444663409
6,16777,0.0,1789196730679,111410444663409
7,16777,72.7,1789196730679,111410444663409
0,16877,10.0,1789196730779,111410447075074
1,16877,0.0,1789196730779,111410447075074
2,16877,90.0,1789196730779,111410447075074
3,16877,45.5,1789196730779,111410447075074
4,16877,0.0,1789196730779,111410447075074
5,16877,66.7,1789196730779,111410447075074
6,16877,0.0,1789196730779,111410447075074
7,16877,70.0,1789196730779,111410447075074
0,16978,20.0,1789196730880,111410449485819
1,16978,0.0,1789196730880,111410449485819
2,16978,90.0,1789196730880,111410449485819
3,16978,28.6,1789196730880,111410449485819
4,16978,0.0,1789196730880,111410449485819
5,16978,72.7,1789196730880,111410449485819
6,16978,0.0,1789196730880,111410449485819
7,16978,75.0,1789196730880,111410449485819
0,17078,10.0,1789196730980,111410451896582
1,17078,0.0,1789196730980,111410451896582
2,17078,100.0,1789196730980,111410451896582
3,17078,28.6,1789196730980,111410451896582
4,17078,0.0,1789196730980,111410451896582
5,17078,62.5,1789196730980,111410451896582
6,17078,0.0,1789196730980,111410451896582
7,17078,55.6,1789196730980,111410451896582
0,17179,11.1,1789196731081,111410454307274
1,17179,0.0,1789196731081,111410454307274
2,17179,90.0,1789196731081,111410454307274
3,17179,37.5,1789196731081,111410454307274
4,17179,0.0,1789196731081,111410454307274
5,17179,70.0,1789196731081,111410454307274
6,17179,0.0,1789196731081,111410454307274
7,17179,75.0,1789196731081,111410454307274
0,17279,10.0,1789196731181,111410456718508
1,17279,0.0,1789196731181,111410456718508
2,17279,88.9,1789196731181,111410456718508
3,17279,44.4,1789196731181,111410456718508
4,17279,0.0,1789196731181,111410456718508
5,17279,66.7,1789196731181,111410456718508
6,17279,0.0,1789196731181,111410456718508
7,17279,70.0,1789196731181,111410456718508
0,17379,20.0,1789196731281,111410459130140
1,17379,0.0,1789196731281,111410459130140
2,17379,100.0,1789196731281,111410459130140
3,17379,50.0,1789196731281,111410459130140
4,17379,0.0,1789196731281,111410459130140
5,17379,70.0,1789196731281,111410459130140
6,17379,0.0,1789196731281,111410459130140
7,17379,62.5,1789196731281,111410459130140
0,17480,11.1,1789196731382,111410461541233
1,17480,0.0,1789196731382,111410461541233
2,17480,90.0,1789196731382,111410461541233
3,17480,25.0,1789196731382,111410461541233
4,17480,0.0,1789196731382,111410461541233
5,17480,71.4,1789196731382,111410461541233
6,17480,0.0,1789196731382,111410461541233
7,17480,70.0,1789196731382,111410461541233
0,17580,18.2,1789196731482,111410463952176
1,17580,0.0,1789196731482,111410463952176
2,17580,90.0,1789196731482,111410463952176
3,17580,44.4,1789196731482,111410463952176
4,17580,0.0,1789196731482,111410463952176
5,17580,70.0,1789196731482,111410463952176
6,17580,0.0,1789196731482,111410463952176
7,17580,66.7,1789196731482,111410463952176
0,17681,18.2,1789196731583,111410466363022
1,17681,0.0,1789196731583,111410466363022
2,17681,100.0,1789196731583,111410466363022
3,17681,44.4,1789196731583,111410466363022
4,17681,0.0,1789196731583,111410466363022
5,17681,70.0,1789196731583,111410466363022
6,17681,0.0,1789196731583,111410466363022
7,17681,66.7,1789196731583,111410466363022
0,17781,11.1,1789196731683,111410468775209
1,17781,0.0,1789196731683,111410468775209
2,17781,90.9,1789196731683,111410468775209
3,17781,50.0,1789196731683,111410468775209
4,17781,0.0,1789196731683,111410468775209
5,17781,70.0,1789196731683,111410468775209
6,17781,9.1,1789196731683,111410468775209
7,17781,70.0,1789196731683,111410468775209
0,17882,20.0,1789196731784,111410471186455
1,17882,0.0,1789196731784,111410471186455
2,17882,100.0,1789196731784,111410471186455
3,17882,28.6,1789196731784,111410471186455
4,17882,0.0,1789196731784,111410471186455
5,17882,66.7,1789196731784,111410471186455
6,17882,0.0,1789196731784,111410471186455
7,17882,70.0,1789196731784,111410471186455
0,17982,18.2,1789196731884,111410473597416
1,17982,0.0,1789196731884,111410473597416
2,17982,87.5,1789196731884,111410473597416
3,17982,44.4,1789196731884,111410473597416
4,17982,0.0,1789196731884,111410473597416
5,17982,66.7,1789196731884,111410473597416
6,17982,0.0,1789196731884,111410473597416
7,17982,66.7,1789196731884,111410473597416
0,18083,11.1,1789196731985,111410476008148
1,18083,0.0,1789196731985,111410476008148
2,18083,90.0,1789196731985,111410476008148
3,18083,40.0,1789196731985,111410476008148
4,18083,0.0,1789196731985,111410476008148
5,18083,70.0,1789196731985,111410476008148
6,18083,0.0,1789196731985,111410476008148
7,18083,75.0,1789196731985,111410476008148
0,18183,18.2,1789196732085,111410478419747
1,18183,0.0,1789196732085,111410478419747
2,18183,100.0,1789196732085,111410478419747
3,18183,16.7,1789196732085,111410478419747
4,18183,9.1,1789196732085,111410478419747
5,18183,72.7,1789196732085,111410478419747
6,18183,9.1,1789196732085,111410478419747
7,18183,66.7,1789196732085,111410478419747
0,18284,11.1,1789196732186,111410480830949
1,18284,0.0,1789196732186,111410480830949
2,18284,90.9,1789196732186,111410480830949
3,18284,37.5,1789196732186,111410480830949
4,18284,0.0,1789196732186,111410480830949
5,18284,70.0,1789196732186,111410480830949
6,18284,0.0,1789196732186,111410480830949
7,18284,70.0,1789196732186,111410480830949
0,18384,11.1,1789196732286,111410483241786
1,18384,0.0,1789196732286,111410483241786
2,18384,90.0,1789196732286,111410483241786
3,18384,44.4,1789196732286,111410483241786
4,18384,0.0,1789196732286,111410483241786
5,18384,66.7,1789196732286,111410483241786
6,18384,0.0,1789196732286,111410483241786
7,18384,66.7,1789196732286,111410483241786
0,18485,10.0,1789196732387,111410485653047
1,18485,0.0,1789196732387,111410485653047
2,18485,100.0,1789196732387,111410485653047
3,18485,44.4,1789196732387,111410485653047
4,18485,0.0,1789196732387,111410485653047
5,18485,70.0,1789196732387,111410485653047
6,18485,0.0,1789196732387,111410485653047
7,18485,70.0,1789196732387,111410485653047
0,18585,20.0,1789196732487,111410488064658
1,18585,0.0,1789196732487,111410488064658
2,18585,90.9,1789196732487,111410488064658
3,18585,25.0,1789196732487,111410488064658
4,18585,0.0,1789196732487,111410488064658
5,18585,77.8,1789196732487,111410488064658
6,18585,0.0,1789196732487,111410488064658
7,18585,70.0,1789196732487,111410488064658
0,18686,18.2,1789196732588,111410490475373
1,18686,0.0,1789196732588,111410490475373
2,18686,100.0,1789196732588,111410490475373
3,18686,37.5,1789196732588,111410490475373
4,18686,0.0,1789196732588,111410490475373
5,18686,66.7,1789196732588,111410490475373
6,18686,0.0,1789196732588,111410490475373
7,18686,66.7,1789196732588,111410490475373
0,18786,11.1,1789196732688,111410492886088
1,18786,0.0,1789196732688,111410492886088
2,18786,90.0,1789196732688,111410492886088
3,18786,37.5,1789196732688,111410492886088
4,18786,0.0,1789196732688,111410492886088
5,18786,70.0,1789196732688,111410492886088
6,18786,0.0,1789196732688,111410492886088
7,18786,75.0,1789196732688,111410492886088
0,18886,18.2,1789196732788,111410495296699
1,18886,0.0,1789196732788,111410495296699
2,18886,90.0,1789196732788,111410495296699
3,18886,28.6,1789196732788,111410495296699
4,18886,0.0,1789196732788,111410495296699
5,18886,70.0,1789196732788,111410495296699
6,18886,0.0,1789196732788,111410495296699
7,18886,66.7,1789196732788,111410495296699
0,18987,11.1,1789196732889,111410497707720
1,18987,0.0,1789196732889,111410497707720
2,18987,100.0,1789196732889,111410497707720
3,18987,44.4,1789196732889,111410497707720
4,18987,0.0,1789196732889,111410497707720
5,18987,66.7,1789196732889,111410497707720
6,18987,0.0,1789196732889,111410497707720
7,18987,66.7,1789196732889,111410497707720
0,19087,25.0,1789196732989,111410500118168
1,19087,0.0,1789196732989,111410500118168
2,19087,90.0,1789196732989,111410500118168
3,19087,45.5,1789196732989,111410500118168
4,19087,0.0,1789196732989,111410500118168
5,19087,70.0,1789196732989,111410500118168
6,19087,0.0,1789196732989,111410500118168
7,19087,72.7,1789196732989,111410500118168
0,19188,11.1,1789196733090,111410502528880
1,19188,0.0,1789196733090,111410502528880
2,19188,90.9,1789196733090,111410502528880
3,19188,44.4,1789196733090,111410502528880
4,19188,0.0,1789196733090,111410502528880
5,19188,57.1,1789196733090,111410502528880
6,19188,0.0,1789196733090,111410502528880
7,19188,70.0,1789196733090,111410502528880
0,19288,10.0,1789196733190,111410504939403
1,19288,0.0,1789196733190,111410504939403
2,19288,100.0,1789196733190,111410504939403
3,19288,37.5,1789196733190,111410504939403
4,19288,0.0,1789196733190,111410504939403
5,19288,70.0,1789196733190,111410504939403
6,19288,0.0,1789196733190,111410504939403
7,19288,66.7,1789196733190,111410504939403
0,19389,20.0,1789196733291,111410507350803
1,19389,0.0,1789196733291,111410507350803
2,19389,90.0,1789196733291,111410507350803
3,19389,44.4,1789196733291,111410507350803
4,19389,0.0,1789196733291,111410507350803
5,19389,77.8,1789196733291,111410507350803
6,19389,10.0,1789196733291,111410507350803
7,19389,75.0,1789196733291,111410507350803
0,19489,11.1,1789196733391,111410509762990
1,19489,0.0,1789196733391,111410509762990
2,19489,90.9,1789196733391,111410509762990
3,19489,37.5,1789196733391,111410509762990
4,19489,0.0,1789196733391,111410509762990
5,19489,70.0,1789196733391,111410509762990
6,19489,0.0,1789196733391,111410509762990
7,19489,66.7,1789196733391,111410509762990
0,19590,20.0,1789196733492,111410512173814
1,19590,0.0,1789196733492,111410512173814
2,19590,100.0,1789196733492,111410512173814
3,19590,33.3,1789196733492,111410512173814
4,19590,0.0,1789196733492,111410512173814
5,19590,72.7,1789196733492,111410512173814
6,19590,0.0,1789196733492,111410512173814
7,19590,70.0,1789196733492,111410512173814
0,19690,10.0,1789196733592,111410514585065
1,19690,0.0,1789196733592,111410514585065
2,19690,90.0,1789196733592,111410514585065
3,19690,50.0,1789196733592,111410514585065
4,19690,0.0,1789196733592,111410514585065
5,19690,66.7,1789196733592,111410514585065
6,19690,0.0,1789196733592,111410514585065
7,19690,66.7,1789196733592,111410514585065
0,19791,11.1,1789196733693,111410516996087
1,19791,0.0,1789196733693,111410516996087
2,19791,88.9,1789196733693,111410516996087
3,19791,37.5,1789196733693,111410516996087
4,19791,0.0,1789196733693,111410516996087
5,19791,70.0,1789196733693,111410516996087
6,19791,0.0,1789196733693,111410516996087
7,19791,66.7,1789196733693,111410516996087
0,19891,25.0,1789196733793,111410519406899
1,19891,0.0,1789196733793,111410519406899
2,19891,100.0,1789196733793,111410519406899
3,19891,28.6,1789196733793,111410519406899
4,19891,0.0,1789196733793,111410519406899
5,19891,70.0,1789196733793,111410519406899
6,19891,0.0,1789196733793,111410519406899
7,19891,66.7,1789196733793,111410519406899
0,19991,20.0,1789196733893,111410521817940
1,19991,0.0,1789196733893,111410521817940
2,19991,90.0,1789196733893,111410521817940
3,19991,44.4,1789196733893,111410521817940
4,19991,0.0,1789196733893,111410521817940
5,19991,72.7,1789196733893,111410521817940
6,19991,0.0,1789196733893,111410521817940
7,19991,75.0,1789196733893,111410521817940
0,20092,11.1,1789196733994,111410524228858
1,20092,0.0,1789196733994,111410524228858
2,20092,90.0,1789196733994,111410524228858
3,20092,54.5,1789196733994,111410524228858
4,20092,0.0,1789196733994,111410524228858
5,20092,70.0,1789196733994,111410524228858
6,20092,0.0,1789196733994,111410524228858
7,20092,70.0,1789196733994,111410524228858
0,20192,18.2,1789196734094,111410526639828
1,20192,0.0,1789196734094,111410526639828
2,20192,100.0,1789196734094,111410526639828
3,20192,25.0,1789196734094,111410526639828
4,20192,0.0,1789196734094,111410526639828
5,20192,62.5,1789196734094,111410526639828
6,20192,0.0,1789196734094,111410526639828
7,20192,70.0,1789196734094,111410526639828
0,20293,11.1,1789196734195,111410529052113
1,20293,0.0,1789196734195,111410529052113
2,20293,90.0,1789196734195,111410529052113
3,20293,44.4,1789196734195,111410529052113
4,20293,0.0,1789196734195,111410529052113
5,20293,70.0,1789196734195,111410529052113
6,20293,0.0,1789196734195,111410529052113
7,20293,75.0,1789196734195,111410529052113
0,20393,10.0,1789196734295,111410531462999
1,20393,0.0,1789196734295,111410531462999
2,20393,100.0,1789196734295,111410531462999
3,20393,44.4,1789196734295,111410531462999
4,20393,0.0,1789196734295,111410531462999
5,20393,66.7,1789196734295,111410531462999
6,20393,0.0,1789196734295,111410531462999
7,20393,70.0,1789196734295,111410531462999
0,20494,20.0,1789196734396,111410533873939
1,20494,0.0,1789196734396,111410533873939
2,20494,88.9,1789196734396,111410533873939
3,20494,37.5,1789196734396,111410533873939
4,20494,0.0,1789196734396,111410533873939
5,20494,66.7,1789196734396,111410533873939
6,20494,0.0,1789196734396,111410533873939
7,20494,66.7,1789196734396,111410533873939
0,20594,18.2,1789196734496,111410536285486
1,20594,0.0,1789196734496,111410536285486
2,20594,90.9,1789196734496,111410536285486
3,20594,16.7,1789196734496,111410536285486
4,20594,0.0,1789196734496,111410536285486
5,20594,75.0,1789196734496,111410536285486
6,20594,0.0,1789196734496,111410536285486
7,20594,72.7,1789196734496,111410536285486
0,20695,11.1,1789196734597,111410538696452
1,20695,0.0,1789196734597,111410538696452
2,20695,100.0,1789196734597,111410538696452
3,20695,50.0,1789196734597,111410538696452
4,20695,0.0,1789196734597,111410538696452
5,20695,72.7,1789196734597,111410538696452
6,20695,0.0,1789196734597,111410538696452
7,20695,70.0,1789196734597,111410538696452
0,20795,18.2,1789196734697,111410541107815
1,20795,0.0,1789196734697,111410541107815
2,20795,90.0,1789196734697,111410541107815
3,20795,40.0,1789196734697,111410541107815
4,20795,0.0,1789196734697,111410541107815
5,20795,62.5,1789196734697,111410541107815
6,20795,0.0,1789196734697,111410541107815
7,20795,75.0,1789196734697,111410541107815
0,20896,11.1,1789196734798,111410543519657
1,20896,0.0,1789196734798,111410543519657
2,20896,100.0,1789196734798,111410543519657
3,20896,16.7,1789196734798,111410543519657
4,20896,0.0,1789196734798,111410543519657
5,20896,72.7,1789196734798,111410543519657
6,20896,0.0,1789196734798,111410543519657
7,20896,66.7,1789196734798,111410543519657
0,20996,20.0,1789196734898,111410545930643
1,20996,0.0,1789196734898,111410545930643
2,20996,88.9,1789196734898,111410545930643
3,20996,37.5,1789196734898,111410545930643
4,20996,0.0,1789196734898,111410545930643
5,20996,70.0,1789196734898,111410545930643
6,20996,0.0,1789196734898,111410545930643
7,20996,62.5,1789196734898,111410545930643
0,21097,10.0,1789196734999,111410548341392
1,21097,0.0,1789196734999,111410548341392
2,21097,90.0,1789196734999,111410548341392
3,21097,37.5,1789196734999,111410548341392
4,21097,0.0,1789196734999,111410548341392
5,21097,70.0,1789196734999,111410548341392
6,21097,0.0,1789196734999,111410548341392
7,21097,72.7,1789196734999,111410548341392
0,21197,11.1,1789196735099,111410550753905
1,21197,0.0,1789196735099,111410550753905
2,21197,90.9,1789196735099,111410550753905
3,21197,44.4,1789196735099,111410550753905
4,21197,0.0,1789196735099,111410550753905
5,21197,70.0,1789196735099,111410550753905
6,21197,16.7,1789196735099,111410550753905
7,21197,66.7,1789196735099,111410550753905
0,21298,18.2,1789196735200,111410553165123
1,21298,0.0,1789196735200,111410553165123
2,21298,100.0,1789196735200,111410553165123
3,21298,33.3,1789196735200,111410553165123
4,21298,0.0,1789196735200,111410553165123
5,21298,72.7,1789196735200,111410553165123
6,21298,0.0,1789196735200,111410553165123
7,21298,62.5,1789196735200,111410553165123
0,21398,11.1,1789196735300,111410555576269
1,21398,0.0,1789196735300,111410555576269
2,21398,88.9,1789196735300,111410555576269
3,21398,50.0,1789196735300,111410555576269
4,21398,0.0,1789196735300,111410555576269
5,21398,66.7,1789196735300,111410555576269
6,21398,0.0,1789196735300,111410555576269
7,21398,66.7,1789196735300,111410555576269
0,21499,27.3,1789196735401,111410557987227
1,21499,0.0,1789196735401,111410557987227
2,21499,90.0,1789196735401,111410557987227
3,21499,44.4,1789196735401,111410557987227
4,21499,0.0,1789196735401,111410557987227
5,21499,66.7,1789196735401,111410557987227
6,21499,0.0,1789196735401,111410557987227
7,21499,72.7,1789196735401,111410557987227
0,21599,18.2,1789196735501,111410560398014
1,21599,0.0,1789196735501,111410560398014
2,21599,100.0,1789196735501,111410560398014
3,21599,16.7,1789196735501,111410560398014
4,21599,0.0,1789196735501,111410560398014
5,21599,70.0,1789196735501,111410560398014
6,21599,0.0,1789196735501,111410560398014
7,21599,62.5,1789196735501,111410560398014
0,21699,20.0,1789196735601,111410562808608
1,21699,0.0,1789196735601,111410562808608
2,21699,90.0,1789196735601,111410562808608
3,21699,50.0,1789196735601,111410562808608
4,21699,0.0,1789196735601,111410562808608
5,21699,66.7,1789196735601,111410562808608
6,21699,0.0,1789196735601,111410562808608
7,21699,72.7,1789196735601,111410562808608
0,21800,10.0,1789196735702,111410565219390
1,21800,0.0,1789196735702,111410565219390
2,21800,100.0,1789196735702,111410565219390
3,21800,45.5,1789196735702,111410565219390
4,21800,0.0,1789196735702,111410565219390
5,21800,70.0,1789196735702,111410565219390
6,21800,0.0,1789196735702,111410565219390
7,21800,81.8,1789196735702,111410565219390
0,21900,11.1,1789196735802,111410567630223
1,21900,0.0,1789196735802,111410567630223
2,21900,88.9,1789196735802,111410567630223
3,21900,44.4,1789196735802,111410567630223
4,21900,0.0,1789196735802,111410567630223
5,21900,77.8,1789196735802,111410567630223
6,21900,0.0,1789196735802,111410567630223
7,21900,66.7,1789196735802,111410567630223
0,22001,10.0,1789196735903,111410570040819
1,22001,0.0,1789196735903,111410570040819
2,22001,87.5,1789196735903,111410570040819
3,22001,44.4,1789196735903,111410570040819
4,22001,0.0,1789196735903,111410570040819
5,22001,70.0,1789196735903,111410570040819
6,22001,0.0,1789196735903,111410570040819
7,22001,62.5,1789196735903,111410570040819
0,22101,20.0,1789196736003,111410572453963
1,22101,0.0,1789196736003,111410572453963
2,22101,100.0,1789196736003,111410572453963
3,22101,50.0,1789196736003,111410572453963
4,22101,0.0,1789196736003,111410572453963
5,22101,66.7,1789196736003,111410572453963
6,22101,9.1,1789196736003,111410572453963
7,22101,72.7,1789196736003,111410572453963
0,22202,11.1,1789196736104,111410574864735
1,22202,0.0,1789196736104,111410574864735
2,22202,100.0,1789196736104,111410574864735
3,22202,55.6,1789196736104,111410574864735
4,22202,0.0,1789196736104,111410574864735
5,22202,66.7,1789196736104,111410574864735
6,22202,0.0,1789196736104,111410574864735
7,22202,62.5,1789196736104,111410574864735
0,22302,10.0,1789196736204,111410577275232
1,22302,0.0,1789196736204,111410577275232
2,22302,100.0,1789196736204,111410577275232
3,22302,50.0,1789196736204,111410577275232
4,22302,0.0,1789196736204,111410577275232
5,22302,70.0,1789196736204,111410577275232
6,22302,0.0,1789196736204,111410577275232
7,22302,70.0,1789196736204,111410577275232
0,22403,20.0,1789196736305,111410579686070
1,22403,0.0,1789196736305,111410579686070
2,22403,90.0,1789196736305,111410579686070
3,22403,40.0,1789196736305,111410579686070
4,22403,0.0,1789196736305,111410579686070
5,22403,62.5,1789196736305,111410579686070
6,22403,0.0,1789196736305,111410579686070
7,22403,70.0,1789196736305,111410579686070
0,22503,10.0,1789196736405,111410582097007
1,22503,0.0,1789196736405,111410582097007
2,22503,100.0,1789196736405,111410582097007
3,22503,16.7,1789196736405,111410582097007
4,22503,0.0,1789196736405,111410582097007
5,22503,72.7,1789196736405,111410582097007
6,22503,0.0,1789196736405,111410582097007
7,22503,70.0,1789196736405,111410582097007
0,22604,20.0,1789196736506,111410584507819
1,22604,0.0,1789196736506,111410584507819
2,22604,90.0,1789196736506,111410584507819
3,22604,44.4,1789196736506,111410584507819
4,22604,0.0,1789196736506,111410584507819
5,22604,72.7,1789196736506,111410584507819
6,22604,0.0,1789196736506,111410584507819
7,22604,66.7,1789196736506,111410584507819
0,22704,18.2,1789196736606,111410586918986
1,22704,0.0,1789196736606,111410586918986
2,22704,90.0,1789196736606,111410586918986
3,22704,37.5,1789196736606,111410586918986
4,22704,0.0,1789196736606,111410586918986
5,22704,72.7,1789196736606,111410586918986
6,22704,0.0,1789196736606,111410586918986
7,22704,66.7,1789196736606,111410586918986
0,22805,20.0,1789196736707,111410589330398
1,22805,0.0,1789196736707,111410589330398
2,22805,100.0,1789196736707,111410589330398
3,22805,44.4,1789196736707,111410589330398
4,22805,0.0,1789196736707,111410589330398
5,22805,70.0,1789196736707,111410589330398
6,22805,0.0,1789196736707,111410589330398
7,22805,77.8,1789196736707,111410589330398
0,22905,18.2,1789196736807,111410591742236
1,22905,0.0,1789196736807,111410591742236
2,22905,90.0,1789196736807,111410591742236
3,22905,50.0,1789196736807,111410591742236
4,22905,0.0,1789196736807,111410591742236
5,22905,77.8,1789196736807,111410591742236
6,22905,0.0,1789196736807,111410591742236
7,22905,63.6,1789196736807,111410591742236
0,23005,11.1,1789196736907,111410594152925
1,23005,0.0,1789196736907,111410594152925
2,23005,90.9,1789196736907,111410594152925
3,23005,25.0,1789196736907,111410594152925
4,23005,0.0,1789196736907,111410594152925
5,23005,72.7,1789196736907,111410594152925
6,23005,0.0,1789196736907,111410594152925
7,23005,77.8,1789196736907,111410594152925
0,23106,10.0,1789196737008,111410596563588
1,23106,0.0,1789196737008,111410596563588
2,23106,100.0,1789196737008,111410596563588
3,23106,50.0,1789196737008,111410596563588
4,23106,0.0,1789196737008,111410596563588
5,23106,62.5,1789196737008,111410596563588
6,23106,0.0,1789196737008,111410596563588
7,23106,66.7,1789196737008,111410596563588
0,23206,11.1,1789196737108,111410598974405
1,23206,0.0,1789196737108,111410598974405
2,23206,90.9,1789196737108,111410598974405
3,23206,44.4,1789196737108,111410598974405
4,23206,0.0,1789196737108,111410598974405
5,23206,72.7,1789196737108,111410598974405
6,23206,0.0,1789196737108,111410598974405
7,23206,62.5,1789196737108,111410598974405
0,23307,18.2,1789196737209,111410601385856
1,23307,0.0,1789196737209,111410601385856
2,23307,85.7,1789196737209,111410601385856
3,23307,37.5,1789196737209,111410601385856
4,23307,0.0,1789196737209,111410601385856
5,23307,66.7,1789196737209,111410601385856
6,23307,0.0,1789196737209,111410601385856
7,23307,70.0,1789196737209,111410601385856
0,23407,20.0,1789196737309,111410603797846
1,23407,0.0,1789196737309,111410603797846
2,23407,100.0,1789196737309,111410603797846
3,23407,58.3,1789196737309,111410603797846
4,23407,0.0,1789196737309,111410603797846
5,23407,70.0,1789196737309,111410603797846
6,23407,0.0,1789196737309,111410603797846
7,23407,70.0,1789196737309,111410603797846
0,23508,11.1,1789196737410,111410606209357
1,23508,0.0,1789196737410,111410606209357
2,23508,90.0,1789196737410,111410606209357
3,23508,25.0,1789196737410,111410606209357
4,23508,0.0,1789196737410,111410606209357
5,23508,66.7,1789196737410,111410606209357
6,23508,9.1,1789196737410,111410606209357
7,23508,70.0,1789196737410,111410606209357
0,23608,18.2,1789196737510,111410608620590
1,23608,0.0,1789196737510,111410608620590
2,23608,88.9,1789196737510,111410608620590
3,23608,28.6,1789196737510,111410608620590
4,23608,0.0,1789196737510,111410608620590
5,23608,70.0,1789196737510,111410608620590
6,23608,0.0,1789196737510,111410608620590
7,23608,70.0,1789196737510,111410608620590
0,23709,11.1,1789196737611,111410611031606
1,23709,0.0,1789196737611,111410611031606
2,23709,100.0,1789196737611,111410611031606
3,23709,44.4,1789196737611,111410611031606
4,23709,0.0,1789196737611,111410611031606
5,23709,76.9,1789196737611,111410611031606
6,23709,0.0,1789196737611,111410611031606
7,23709,66.7,1789196737611,111410611031606
0,23809,20.0,1789196737711,111410613442754
1,23809,0.0,1789196737711,111410613442754
2,23809,90.0,1789196737711,111410613442754
3,23809,37.5,1789196737711,111410613442754
4,23809,0.0,1789196737711,111410613442754
5,23809,70.0,1789196737711,111410613442754
6,23809,0.0,1789196737711,111410613442754
7,23809,72.7,1789196737711,111410613442754
0,23910,10.0,1789196737812,111410615853443
1,23910,0.0,1789196737812,111410615853443
2,23910,100.0,1789196737812,111410615853443
3,23910,44.4,1789196737812,111410615853443
4,23910,0.0,1789196737812,111410615853443
5,23910,70.0,1789196737812,111410615853443
6,23910,0.0,1789196737812,111410615853443
7,23910,66.7,1789196737812,111410615853443
0,24010,20.0,1789196737912,111410618264460
1,24010,0.0,1789196737912,111410618264460
2,24010,90.0,1789196737912,111410618264460
3,24010,33.3,1789196737912,111410618264460
4,24010,0.0,1789196737912,111410618264460
5,24010,66.7,1789196737912,111410618264460
6,24010,0.0,1789196737912,111410618264460
7,24010,75.0,1789196737912,111410618264460
0,24111,10.0,1789196738013,111410620675462
1,24111,0.0,1789196738013,111410620675462
2,24111,90.0,1789196738013,111410620675462
3,24111,50.0,1789196738013,111410620675462
4,24111,0.0,1789196738013,111410620675462
5,24111,70.0,1789196738013,111410620675462
6,24111,0.0,1789196738013,111410620675462
7,24111,75.0,1789196738013,111410620675462
0,24211,20.0,1789196738113,111410623086873
1,24211,9.1,1789196738113,111410623086873
2,24211,100.0,1789196738113,111410623086873
3,24211,44.4,1789196738113,111410623086873
4,24211,0.0,1789196738113,111410623086873
5,24211,70.0,1789196738113,111410623086873
6,24211,0.0,1789196738113,111410623086873
7,24211,70.0,1789196738113,111410623086873
0,24312,10.0,1789196738214,111410625498029
1,24312,0.0,1789196738214,111410625498029
2,24312,90.9,1789196738214,111410625498029
3,24312,28.6,1789196738214,111410625498029
4,24312,0.0,1789196738214,111410625498029
5,24312,70.0,1789196738214,111410625498029
6,24312,0.0,1789196738214,111410625498029
7,24312,70.0,1789196738214,111410625498029
0,24412,27.3,1789196738314,111410627909028
1,24412,0.0,1789196738314,111410627909028
2,24412,90.0,1789196738314,111410627909028
3,24412,16.7,1789196738314,111410627909028
4,24412,0.0,1789196738314,111410627909028
5,24412,70.0,1789196738314,111410627909028
6,24412,0.0,1789196738314,111410627909028
7,24412,70.0,1789196738314,111410627909028
0,24512,10.0,1789196738414,111410630320202
1,24512,0.0,1789196738414,111410630320202
2,24512,100.0,1789196738414,111410630320202
3,24512,40.0,1789196738414,111410630320202
4,24512,0.0,1789196738414,111410630320202
5,24512,72.7,1789196738414,111410630320202
6,24512,0.0,1789196738414,111410630320202
7,24512,72.7,1789196738414,111410630320202
0,24613,10.0,1789196738515,111410632731545
1,24613,0.0,1789196738515,111410632731545
2,24613,90.0,1789196738515,111410632731545
3,24613,37.5,1789196738515,111410632731545
4,24613,0.0,1789196738515,111410632731545
5,24613,77.8,1789196738515,111410632731545
6,24613,0.0,1789196738515,111410632731545
7,24613,66.7,1789196738515,111410632731545
0,24713,11.1,1789196738615,111410635142337
1,24713,0.0,1789196738615,111410635142337
2,24713,100.0,1789196738615,111410635142337
3,24713,50.0,1789196738615,111410635142337
4,24713,0.0,1789196738615,111410635142337
5,24713,70.0,1789196738615,111410635142337
6,24713,0.0,1789196738615,111410635142337
7,24713,70.0,1789196738615,111410635142337
0,24814,20.0,1789196738716,111410637553128
1,24814,0.0,1789196738716,111410637553128
2,24814,90.0,1789196738716,111410637553128
3,24814,28.6,1789196738716,111410637553128
4,24814,0.0,1789196738716,111410637553128
5,24814,70.0,1789196738716,111410637553128
6,24814,0.0,1789196738716,111410637553128
7,24814,66.7,1789196738716,111410637553128
0,24914,10.0,1789196738816,111410639963605
1,24914,0.0,1789196738816,111410639963605
2,24914,90.0,1789196738816,111410639963605
3,24914,37.5,1789196738816,111410639963605
4,24914,0.0,1789196738816,111410639963605
5,24914,66.7,1789196738816,111410639963605
6,24914,0.0,1789196738816,111410639963605
7,24914,62.5,1789196738816,111410639963605
0,25015,11.1,1789196738917,111410642374145
1,25015,0.0,1789196738917,111410642374145
2,25015,100.0,1789196738917,111410642374145
3,25015,45.5,1789196738917,111410642374145
4,25015,0.0,1789196738917,111410642374145
5,25015,70.0,1789196738917,111410642374145
6,25015,0.0,1789196738917,111410642374145
7,25015,72.7,1789196738917,111410642374145
0,25115,20.0,1789196739017,111410644784918
1,25115,0.0,1789196739017,111410644784918
2,25115,90.9,1789196739017,111410644784918
3,25115,44.4,1789196739017,111410644784918
4,25115,0.0,1789196739017,111410644784918
5,25115,66.7,1789196739017,111410644784918
6,25115,0.0,1789196739017,111410644784918
7,25115,66.7,1789196739017,111410644784918
0,25216,18.2,1789196739118,111410647195219
1,25216,0.0,1789196739118,111410647195219
2,25216,88.9,1789196739118,111410647195219
3,25216,50.0,1789196739118,111410647195219
4,25216,0.0,1789196739118,111410647195219
5,25216,70.0,1789196739118,111410647195219
6,25216,0.0,1789196739118,111410647195219
7,25216,66.7,1789196739118,111410647195219
0,25316,11.1,1789196739218,111410649605698
1,25316,0.0,1789196739218,111410649605698
2,25316,100.0,1789196739218,111410649605698
3,25316,28.6,1789196739218,111410649605698
4,25316,0.0,1789196739218,111410649605698
5,25316,70.0,1789196739218,111410649605698
6,25316,0.0,1789196739218,111410649605698
7,25316,80.0,1789196739218,111410649605698
0,25417,20.0,1789196739319,111410652017118
1,25417,0.0,1789196739319,111410652017118
2,25417,90.0,1789196739319,111410652017118
3,25417,50.0,1789196739319,111410652017118
4,25417,0.0,1789196739319,111410652017118
5,25417,66.7,1789196739319,111410652017118
6,25417,0.0,1789196739319,111410652017118
7,25417,66.7,1789196739319,111410652017118
0,25517,10.0,1789196739419,111410654429287
1,25517,0.0,1789196739419,111410654429287
2,25517,90.9,1789196739419,111410654429287
3,25517,44.4,1789196739419,111410654429287
4,25517,0.0,1789196739419,111410654429287
5,25517,72.7,1789196739419,111410654429287
6,25517,0.0,1789196739419,111410654429287
7,25517,70.0,1789196739419,111410654429287
0,25618,27.3,1789196739520,111410656840382
1,25618,0.0,1789196739520,111410656840382
2,25618,100.0,1789196739520,111410656840382
3,25618,33.3,1789196739520,111410656840382
4,25618,0.0,1789196739520,111410656840382
5,25618,72.7,1789196739520,111410656840382
6,25618,0.0,1789196739520,111410656840382
7,25618,70.0,1789196739520,111410656840382
0,25718,10.0,1789196739620,111410659251590
1,25718,0.0,1789196739620,111410659251590
2,25718,90.0,1789196739620,111410659251590
3,25718,50.0,1789196739620,111410659251590
4,25718,0.0,1789196739620,111410659251590
5,25718,70.0,1789196739620,111410659251590
6,25718,0.0,1789196739620,111410659251590
7,25718,70.0,1789196739620,111410659251590
0,25818,20.0,1789196739720,111410661662486
1,25818,0.0,1789196739720,111410661662486
2,25818,90.0,1789196739720,111410661662486
3,25818,50.0,1789196739720,111410661662486
4,25818,0.0,1789196739720,111410661662486
5,25818,77.8,1789196739720,111410661662486
6,25818,0.0,1789196739720,111410661662486
7,25818,66.7,1789196739720,111410661662486
0,25919,10.0,1789196739821,111410664073251
1,25919,0.0,1789196739821,111410664073251
2,25919,100.0,1789196739821,111410664073251
3,25919,28.6,1789196739821,111410664073251
4,25919,0.0,1789196739821,111410664073251
5,25919,72.7,1789196739821,111410664073251
6,25919,0.0,1789196739821,111410664073251
7,25919,62.5,1789196739821,111410664073251
0,26019,11.1,1789196739921,111410666484581
1,26019,0.0,1789196739921,111410666484581
2,26019,90.0,1789196739921,111410666484581
3,26019,44.4,1789196739921,111410666484581
4,26019,0.0,1789196739921,111410666484581
5,26019,66.7,1789196739921,111410666484581
6,26019,0.0,1789196739921,111410666484581
7,26019,72.7,1789196739921,111410666484581
0,26120,11.1,1789196740022,111410668895651
1,26120,0.0,1789196740022,111410668895651
2,26120,90.0,1789196740022,111410668895651
3,26120,40.0,1789196740022,111410668895651
4,26120,0.0,1789196740022,111410668895651
5,26120,70.0,1789196740022,111410668895651
6,26120,0.0,1789196740022,111410668895651
7,26120,72.7,1789196740022,111410668895651
0,26220,10.0,1789196740122,111410671306489
1,26220,0.0,1789196740122,111410671306489
2,26220,100.0,1789196740122,111410671306489
3,26220,37.5,1789196740122,111410671306489
4,26220,0.0,1789196740122,111410671306489
5,26220,70.0,1789196740122,111410671306489
6,26220,0.0,1789196740122,111410671306489
7,26220,66.7,1789196740122,111410671306489
0,26321,27.3,1789196740223,111410673717419
1,26321,0.0,1789196740223,111410673717419
2,26321,90.0,1789196740223,111410673717419
3,26321,44.4,1789196740223,111410673717419
4,26321,0.0,1789196740223,111410673717419
5,26321,70.0,1789196740223,111410673717419
6,26321,0.0,1789196740223,111410673717419
7,26321,66.7,1789196740223,111410673717419
0,26421,20.0,1789196740323,111410676128424
1,26421,30.0,1789196740323,111410676128424
2,26421,100.0,1789196740323,111410676128424
3,26421,44.4,1789196740323,111410676128424
4,26421,0.0,1789196740323,111410676128424
5,26421,72.7,1789196740323,111410676128424
6,26421,0.0,1789196740323,111410676128424
7,26421,62.5,1789196740323,111410676128424
0,26522,10.0,1789196740424,111410678539397
1,26522,0.0,1789196740424,111410678539397
2,26522,88.9,1789196740424,111410678539397
3,26522,16.7,1789196740424,111410678539397
4,26522,0.0,1789196740424,111410678539397
5,26522,66.7,1789196740424,111410678539397
6,26522,0.0,1789196740424,111410678539397
7,26522,72.7,1789196740424,111410678539397
0,26622,20.0,1789196740524,111410680950375
1,26622,0.0,1789196740524,111410680950375
2,26622,90.0,1789196740524,111410680950375
3,26622,40.0,1789196740524,111410680950375
4,26622,0.0,1789196740524,111410680950375
5,26622,70.0,1789196740524,111410680950375
6,26622,0.0,1789196740524,111410680950375
7,26622,62.5,1789196740524,111410680950375
0,26723,11.1,1789196740625,111410683361305
1,26723,0.0,1789196740625,111410683361305
2,26723,100.0,1789196740625,111410683361305
3,26723,37.5,1789196740625,111410683361305
4,26723,0.0,1789196740625,111410683361305
5,26723,70.0,1789196740625,111410683361305
6,26723,0.0,1789196740625,111410683361305
7,26723,72.7,1789196740625,111410683361305
0,26823,0.0,1789196740725,111410685772261
1,26823,0.0,1789196740725,111410685772261
2,26823,90.0,1789196740725,111410685772261
3,26823,37.5,1789196740725,111410685772261
4,26823,0.0,1789196740725,111410685772261
5,26823,66.7,1789196740725,111410685772261
6,26823,0.0,1789196740725,111410685772261
7,26823,77.8,1789196740725,111410685772261
0,26924,11.1,1789196740826,111410688184009
1,26924,0.0,1789196740826,111410688184009
2,26924,100.0,1789196740826,111410688184009
3,26924,37.5,1789196740826,111410688184009
4,26924,0.0,1789196740826,111410688184009
5,26924,70.0,1789196740826,111410688184009
6,26924,0.0,1789196740826,111410688184009
7,26924,70.0,1789196740826,111410688184009
0,27024,18.2,1789196740926,111410690595145
1,27024,0.0,1789196740926,111410690595145
2,27024,88.9,1789196740926,111410690595145
3,27024,45.5,1789196740926,111410690595145
4,27024,0.0,1789196740926,111410690595145
5,27024,62.5,1789196740926,111410690595145
6,27024,0.0,1789196740926,111410690595145
7,27024,70.0,1789196740926,111410690595145
0,27126,11.1,1789196741028,111410693041795
1,27126,9.1,1789196741028,111410693041795
2,27126,91.7,1789196741028,111410693041795
3,27126,37.5,1789196741028,111410693041795
4,27126,0.0,1789196741028,111410693041795
5,27126,72.7,1789196741028,111410693041795
6,27126,9.1,1789196741028,111410693041795
7,27126,72.7,1789196741028,111410693041795
0,27227,10.0,1789196741129,111410695464910
1,27227,0.0,1789196741129,111410695464910
2,27227,100.0,1789196741129,111410695464910
3,27227,37.5,1789196741129,111410695464910
4,27227,0.0,1789196741129,111410695464910
5,27227,75.0,1789196741129,111410695464910
6,27227,0.0,1789196741129,111410695464910
7,27227,70.0,1789196741129,111410695464910
0,27327,18.2,1789196741229,111410697878345
1,27327,0.0,1789196741229,111410697878345
2,27327,90.0,1789196741229,111410697878345
3,27327,50.0,1789196741229,111410697878345
4,27327,0.0,1789196741229,111410697878345
5,27327,66.7,1789196741229,111410697878345
6,27327,0.0,1789196741229,111410697878345
7,27327,70.0,1789196741229,111410697878345
0,27428,11.1,1789196741330,111410700290234
1,27428,0.0,1789196741330,111410700290234
2,27428,87.5,1789196741330,111410700290234
3,27428,44.4,1789196741330,111410700290234
4,27428,0.0,1789196741330,111410700290234
5,27428,70.0,1789196741330,111410700290234
6,27428,0.0,1789196741330,111410700290234
7,27428,66.7,1789196741330,111410700290234
0,27528,20.0,1789196741430,111410702701945
1,27528,0.0,1789196741430,111410702701945
2,27528,100.0,1789196741430,111410702701945
3,27528,25.0,1789196741430,111410702701945
4,27528,0.0,1789196741430,111410702701945
5,27528,70.0,1789196741430,111410702701945
6,27528,0.0,1789196741430,111410702701945
7,27528,66.7,1789196741430,111410702701945
0,27629,10.0,1789196741531,111410705118741
1,27629,0.0,1789196741531,111410705118741
2,27629,90.0,1789196741531,111410705118741
3,27629,44.4,1789196741531,111410705118741
4,27629,0.0,1789196741531,111410705118741
5,27629,66.7,1789196741531,111410705118741
6,27629,0.0,1789196741531,111410705118741
7,27629,70.0,1789196741531,111410705118741
0,27730,20.0,1789196741632,111410707538334
1,27730,0.0,1789196741632,111410707538334
2,27730,100.0,1789196741632,111410707538334
3,27730,50.0,1789196741632,111410707538334
4,27730,0.0,1789196741632,111410707538334
5,27730,66.7,1789196741632,111410707538334
6,27730,0.0,1789196741632,111410707538334
7,27730,70.0,1789196741632,111410707538334
0,27830,10.0,1789196741732,111410709951328
1,27830,0.0,1789196741732,111410709951328
2,27830,90.0,1789196741732,111410709951328
3,27830,28.6,1789196741732,111410709951328
4,27830,0.0,1789196741732,111410709951328
5,27830,72.7,1789196741732,111410709951328
6,27830,0.0,1789196741732,111410709951328
7,27830,66.7,1789196741732,111410709951328
0,27931,27.3,1789196741833,111410712363262
1,27931,0.0,1789196741833,111410712363262
2,27931,90.0,1789196741833,111410712363262
3,27931,50.0,1789196741833,111410712363262
4,27931,0.0,1789196741833,111410712363262
5,27931,66.7,1789196741833,111410712363262
6,27931,0.0,1789196741833,111410712363262
7,27931,66.7,1789196741833,111410712363262
0,28033,11.1,1789196741935,111410714819081
1,28033,0.0,1789196741935,111410714819081
2,28033,100.0,1789196741935,111410714819081
3,28033,33.3,1789196741935,111410714819081
4,28033,0.0,1789196741935,111410714819081
5,28033,62.5,1789196741935,111410714819081
6,28033,0.0,1789196741935,111410714819081
7,28033,72.7,1789196741935,111410714819081
0,28134,18.2,1789196742036,111410717240022
1,28134,0.0,1789196742036,111410717240022
2,28134,90.0,1789196742036,111410717240022
3,28134,0.0,1789196742036,111410717240022
4,28134,30.0,1789196742036,111410717240022
5,28134,72.7,1789196742036,111410717240022
6,28134,44.4,1789196742036,111410717240022
7,28134,62.5,1789196742036,111410717240022
0,28235,20.0,1789196742137,111410719651860
1,28235,40.0,1789196742137,111410719651860
2,28235,100.0,1789196742137,111410719651860
3,28235,0.0,1789196742137,111410719651860
4,28235,18.2,1789196742137,111410719651860
5,28235,66.7,1789196742137,111410719651860
6,28235,25.0,1789196742137,111410719651860
7,28235,66.7,1789196742137,111410719651860
0,28335,20.0,1789196742237,111410722064051
1,28335,11.1,1789196742237,111410722064051
2,28335,100.0,1789196742237,111410722064051
3,28335,10.0,1789196742237,111410722064051
4,28335,33.3,1789196742237,111410722064051
5,28335,72.7,1789196742237,111410722064051
6,28335,40.0,1789196742237,111410722064051
7,28335,62.5,1789196742237,111410722064051
0,28436,22.2,1789196742338,111410724476318
1,28436,10.0,1789196742338,111410724476318
2,28436,90.0,1789196742338,111410724476318
3,28436,10.0,1789196742338,111410724476318
4,28436,22.2,1789196742338,111410724476318
5,28436,70.0,1789196742338,111410724476318
6,28436,33.3,1789196742338,111410724476318
7,28436,70.0,1789196742338,111410724476318
0,28536,18.2,1789196742438,111410726888168
1,28536,22.2,1789196742438,111410726888168
2,28536,100.0,1789196742438,111410726888168
3,28536,20.0,1789196742438,111410726888168
4,28536,44.4,1789196742438,111410726888168
5,28536,66.7,1789196742438,111410726888168
6,28536,40.0,1789196742438,111410726888168
7,28536,62.5,1789196742438,111410726888168
0,28637,20.0,1789196742539,111410729300062
1,28637,40.0,1789196742539,111410729300062
2,28637,90.0,1789196742539,111410729300062
3,28637,0.0,1789196742539,111410729300062
4,28637,25.0,1789196742539,111410729300062
5,28637,62.5,1789196742539,111410729300062
6,28637,0.0,1789196742539,111410729300062
7,28637,66.7,1789196742539,111410729300062
0,28737,20.0,1789196742639,111410731712953
1,28737,0.0,1789196742639,111410731712953
2,28737,100.0,1789196742639,111410731712953
3,28737,0.0,1789196742639,111410731712953
4,28737,25.0,1789196742639,111410731712953
5,28737,72.7,1789196742639,111410731712953
6,28737,40.0,1789196742639,111410731712953
7,28737,63.6,1789196742639,111410731712953
0,28838,66.7,1789196742740,111410734124516
1,28838,36.4,1789196742740,111410734124516
2,28838,90.0,1789196742740,111410734124516
3,28838,9.1,1789196742740,111410734124516
4,28838,30.0,1789196742740,111410734124516
5,28838,72.7,1789196742740,111410734124516
6,28838,11.1,1789196742740,111410734124516
7,28838,62.5,1789196742740,111410734124516
0,28938,30.0,1789196742840,111410736536155
1,28938,10.0,1789196742840,111410736536155
2,28938,90.0,1789196742840,111410736536155
3,28938,10.0,1789196742840,111410736536155
4,28938,10.0,1789196742840,111410736536155
5,28938,66.7,1789196742840,111410736536155
6,28938,22.2,1789196742840,111410736536155
7,28938,66.7,1789196742840,111410736536155
0,29039,60.0,1789196742941,111410738951465
1,29039,50.0,1789196742941,111410738951465
2,29039,60.0,1789196742941,111410738951465
3,29039,0.0,1789196742941,111410738951465
4,29039,25.0,1789196742941,111410738951465
5,29039,70.0,1789196742941,111410738951465
6,29039,66.7,1789196742941,111410738951465
7,29039,55.6,1789196742941,111410738951465
0,29139,33.3,1789196743041,111410741364631
1,29139,22.2,1789196743041,111410741364631
2,29139,12.5,1789196743041,111410741364631
3,29139,20.0,1789196743041,111410741364631
4,29139,75.0,1789196743041,111410741364631
5,29139,62.5,1789196743041,111410741364631
6,29139,90.0,1789196743041,111410741364631
7,29139,30.0,1789196743041,111410741364631
0,29240,0.0,1789196743142,111410743778325
1,29240,18.2,1789196743142,111410743778325
2,29240,50.0,1789196743142,111410743778325
3,29240,75.0,1789196743142,111410743778325
4,29240,62.5,1789196743142,111410743778325
5,29240,80.0,1789196743142,111410743778325
6,29240,87.5,1789196743142,111410743778325
7,29240,55.6,1789196743142,111410743778325
0,29341,30.0,1789196743243,111410746192201
1,29341,0.0,1789196743243,111410746192201
2,29341,37.5,1789196743243,111410746192201
3,29341,55.6,1789196743243,111410746192201
4,29341,66.7,1789196743243,111410746192201
5,29341,80.0,1789196743243,111410746192201
6,29341,80.0,1789196743243,111410746192201
7,29341,50.0,1789196743243,111410746192201
0,29441,40.0,1789196743343,111410748605482
1,29441,20.0,1789196743343,111410748605482
2,29441,28.6,1789196743343,111410748605482
3,29441,50.0,1789196743343,111410748605482
4,29441,58.3,1789196743343,111410748605482
5,29441,77.8,1789196743343,111410748605482
6,29441,81.8,1789196743343,111410748605482
7,29441,37.5,1789196743343,111410748605482
0,29542,55.6,1789196743444,111410751027608
1,29542,11.1,1789196743444,111410751027608
2,29542,25.0,1789196743444,111410751027608
3,29542,70.0,1789196743444,111410751027608
4,29542,30.0,1789196743444,111410751027608
5,29542,60.0,1789196743444,111410751027608
6,29542,75.0,1789196743444,111410751027608
7,29542,44.4,1789196743444,111410751027608
0,29643,62.5,1789196743545,111410753441545
1,29643,30.0,1789196743545,111410753441545
2,29643,40.0,1789196743545,111410753441545
3,29643,55.6,1789196743545,111410753441545
4,29643,87.5,1789196743545,111410753441545
5,29643,80.0,1789196743545,111410753441545
6,29643,0.0,1789196743545,111410753441545
7,29643,55.6,1789196743545,111410753441545
0,29743,54.5,1789196743645,111410755855116
1,29743,33.3,1789196743645,111410755855116
2,29743,40.0,1789196743645,111410755855116
3,29743,66.7,1789196743645,111410755855116
4,29743,100.0,1789196743645,111410755855116
5,29743,70.0,1789196743645,111410755855116
6,29743,10.0,1789196743645,111410755855116
7,29743,44.4,1789196743645,111410755855116
0,29844,66.7,1789196743746,111410758273152
1,29844,37.5,1789196743746,111410758273152
2,29844,28.6,1789196743746,111410758273152
3,29844,60.0,1789196743746,111410758273152
4,29844,100.0,1789196743746,111410758273152
5,29844,80.0,1789196743746,111410758273152
6,29844,0.0,1789196743746,111410758273152
7,29844,60.0,1789196743746,111410758273152
0,29944,55.6,1789196743846,111410760686026
1,29944,37.5,1789196743846,111410760686026
2,29944,25.0,1789196743846,111410760686026
3,29944,55.6,1789196743846,111410760686026
4,29944,100.0,1789196743846,111410760686026
5,29944,77.8,1789196743846,111410760686026
6,29944,9.1,1789196743846,111410760686026
7,29944,50.0,1789196743846,111410760686026
0,30045,60.0,1789196743947,111410763099483
1,30045,44.4,1789196743947,111410763099483
2,30045,40.0,1789196743947,111410763099483
3,30045,60.0,1789196743947,111410763099483
4,30045,100.0,1789196743947,111410763099483
5,30045,80.0,1789196743947,111410763099483
6,30045,18.2,1789196743947,111410763099483
7,30045,50.0,1789196743947,111410763099483
0,30146,62.5,1789196744048,111410765511737
1,30146,44.4,1789196744048,111410765511737
2,30146,28.6,1789196744048,111410765511737
3,30146,66.7,1789196744048,111410765511737
4,30146,100.0,1789196744048,111410765511737
5,30146,66.7,1789196744048,111410765511737
6,30146,18.2,1789196744048,111410765511737
7,30146,55.6,1789196744048,111410765511737
0,30246,60.0,1789196744148,111410767924026
1,30246,37.5,1789196744148,111410767924026
2,30246,40.0,1789196744148,111410767924026
3,30246,63.6,1789196744148,111410767924026
4,30246,100.0,1789196744148,111410767924026
5,30246,77.8,1789196744148,111410767924026
6,30246,0.0,1789196744148,111410767924026
7,30246,54.5,1789196744148,111410767924026
0,30347,22.2,1789196744249,111410770340136
1,30347,50.0,1789196744249,111410770340136
2,30347,10.0,1789196744249,111410770340136
3,30347,44.4,1789196744249,111410770340136
4,30347,100.0,1789196744249,111410770340136
5,30347,66.7,1789196744249,111410770340136
6,30347,0.0,1789196744249,111410770340136
7,30347,33.3,1789196744249,111410770340136
0,30447,10.0,1789196744349,111410772752286
1,30447,40.0,1789196744349,111410772752286
2,30447,40.0,1789196744349,111410772752286
3,30447,10.0,1789196744349,111410772752286
4,30447,100.0,1789196744349,111410772752286
5,30447,72.7,1789196744349,111410772752286
6,30447,0.0,1789196744349,111410772752286
7,30447,62.5,1789196744349,111410772752286
0,30548,44.4,1789196744450,111410775171517
1,30548,50.0,1789196744450,111410775171517
2,30548,10.0,1789196744450,111410775171517
3,30548,20.0,1789196744450,111410775171517
4,30548,100.0,1789196744450,111410775171517
5,30548,70.0,1789196744450,111410775171517
6,30548,0.0,1789196744450,111410775171517
7,30548,70.0,1789196744450,111410775171517
0,30649,10.0,1789196744551,111410777583749
1,30649,54.5,1789196744551,111410777583749
2,30649,0.0,1789196744551,111410777583749
3,30649,11.1,1789196744551,111410777583749
4,30649,100.0,1789196744551,111410777583749
5,30649,66.7,1789196744551,111410777583749
6,30649,20.0,1789196744551,111410777583749
7,30649,62.5,1789196744551,111410777583749
0,30750,20.0,1789196744652,111410780008721
1,30750,44.4,1789196744652,111410780008721
2,30750,11.1,1789196744652,111410780008721
3,30750,27.3,1789196744652,111410780008721
4,30750,81.8,1789196744652,111410780008721
5,30750,81.8,1789196744652,111410780008721
6,30750,10.0,1789196744652,111410780008721
7,30750,72.7,1789196744652,111410780008721
0,30850,40.0,1789196744752,111410782430027
1,30850,77.8,1789196744752,111410782430027
2,30850,45.5,1789196744752,111410782430027
3,30850,60.0,1789196744752,111410782430027
4,30850,50.0,1789196744752,111410782430027
5,30850,100.0,1789196744752,111410782430027
6,30850,100.0,1789196744752,111410782430027
7,30850,90.0,1789196744752,111410782430027
0,30952,40.0,1789196744854,111410784859356
1,30952,70.0,1789196744854,111410784859356
2,30952,70.0,1789196744854,111410784859356
3,30952,33.3,1789196744854,111410784859356
4,30952,30.0,1789196744854,111410784859356
5,30952,100.0,1789196744854,111410784859356
6,30952,90.0,1789196744854,111410784859356
7,30952,100.0,1789196744854,111410784859356
0,31052,40.0,1789196744954,111410787275709
1,31052,71.4,1789196744954,111410787275709
2,31052,33.3,1789196744954,111410787275709
3,31052,50.0,1789196744954,111410787275709
4,31052,45.5,1789196744954,111410787275709
5,31052,100.0,1789196744954,111410787275709
6,31052,100.0,1789196744954,111410787275709
7,31052,90.9,1789196744954,111410787275709
0,31153,33.3,1789196745055,111410789690441
1,31153,66.7,1789196745055,111410789690441
2,31153,20.0,1789196745055,111410789690441
3,31153,50.0,1789196745055,111410789690441
4,31153,44.4,1789196745055,111410789690441
5,31153,100.0,1789196745055,111410789690441
6,31153,80.0,1789196745055,111410789690441
7,31153,87.5,1789196745055,111410789690441
0,31253,45.5,1789196745155,111410792102095
1,31253,33.3,1789196745155,111410792102095
2,31253,66.7,1789196745155,111410792102095
3,31253,72.7,1789196745155,111410792102095
4,31253,50.0,1789196745155,111410792102095
5,31253,100.0,1789196745155,111410792102095
6,31253,45.5,1789196745155,111410792102095
7,31253,25.0,1789196745155,111410792102095
0,31354,40.0,1789196745256,111410794514113
1,31354,18.2,1789196745256,111410794514113
2,31354,70.0,1789196745256,111410794514113
3,31354,66.7,1789196745256,111410794514113
4,31354,44.4,1789196745256,111410794514113
5,31354,100.0,1789196745256,111410794514113
6,31354,9.1,1789196745256,111410794514113
7,31354,0.0,1789196745256,111410794514113
0,31455,11.1,1789196745357,111410796926301
1,31455,10.0,1789196745357,111410796926301
2,31455,70.0,1789196745357,111410796926301
3,31455,70.0,1789196745357,111410796926301
4,31455,33.3,1789196745357,111410796926301
5,31455,90.9,1789196745357,111410796926301
6,31455,33.3,1789196745357,111410796926301
7,31455,0.0,1789196745357,111410796926301
0,31555,66.7,1789196745457,111410799339456
1,31555,22.2,1789196745457,111410799339456
2,31555,66.7,1789196745457,111410799339456
3,31555,71.4,1789196745457,111410799339456
4,31555,37.5,1789196745457,111410799339456
5,31555,33.3,1789196745457,111410799339456
6,31555,27.3,1789196745457,111410799339456
7,31555,20.0,1789196745457,111410799339456
0,31656,90.0,1789196745558,111410801752335
1,31656,0.0,1789196745558,111410801752335
2,31656,72.7,1789196745558,111410801752335
3,31656,70.0,1789196745558,111410801752335
4,31656,40.0,1789196745558,111410801752335
5,31656,30.0,1789196745558,111410801752335
6,31656,0.0,1789196745558,111410801752335
7,31656,20.0,1789196745558,111410801752335
0,31756,80.0,1789196745658,111410804165170
1,31756,18.2,1789196745658,111410804165170
2,31756,0.0,1789196745658,111410804165170
3,31756,36.4,1789196745658,111410804165170
4,31756,62.5,1789196745658,111410804165170
5,31756,20.0,1789196745658,111410804165170
6,31756,36.4,1789196745658,111410804165170
7,31756,70.0,1789196745658,111410804165170
0,31857,87.5,1789196745759,111410806577215
1,31857,0.0,1789196745759,111410806577215
2,31857,40.0,1789196745759,111410806577215
3,31857,33.3,1789196745759,111410806577215
4,31857,66.7,1789196745759,111410806577215
5,31857,27.3,1789196745759,111410806577215
6,31857,10.0,1789196745759,111410806577215
7,31857,66.7,1789196745759,111410806577215
0,31957,81.8,1789196745859,111410808989525
1,31957,0.0,1789196745859,111410808989525
2,31957,18.2,1789196745859,111410808989525
3,31957,44.4,1789196745859,111410808989525
4,31957,66.7,1789196745859,111410808989525
5,31957,11.1,1789196745859,111410808989525
6,31957,40.0,1789196745859,111410808989525
7,31957,77.8,1789196745859,111410808989525
0,32058,44.4,1789196745960,111410811402519
1,32058,10.0,1789196745960,111410811402519
2,32058,0.0,1789196745960,111410811402519
3,32058,44.4,1789196745960,111410811402519
4,32058,63.6,1789196745960,111410811402519
5,32058,77.8,1789196745960,111410811402519
6,32058,10.0,1789196745960,111410811402519
7,32058,11.1,1789196745960,111410811402519
0,32158,33.3,1789196746060,111410813816941
1,32158,18.2,1789196746060,111410813816941
2,32158,10.0,1789196746060,111410813816941
3,32158,30.0,1789196746060,111410813816941
4,32158,30.0,1789196746060,111410813816941
5,32158,80.0,1789196746060,111410813816941
6,32158,55.6,1789196746060,111410813816941
7,32158,40.0,1789196746060,111410813816941
0,32259,72.7,1789196746161,111410816227907
1,32259,0.0,1789196746161,111410816227907
2,32259,0.0,1789196746161,111410816227907
3,32259,12.5,1789196746161,111410816227907
4,32259,0.0,1789196746161,111410816227907
5,32259,81.8,1789196746161,111410816227907
6,32259,72.7,1789196746161,111410816227907
7,32259,20.0,1789196746161,111410816227907
0,32359,63.6,1789196746261,111410818639963
1,32359,0.0,1789196746261,111410818639963
2,32359,0.0,1789196746261,111410818639963
3,32359,25.0,1789196746261,111410818639963
4,32359,0.0,1789196746261,111410818639963
5,32359,83.3,1789196746261,111410818639963
6,32359,70.0,1789196746261,111410818639963
7,32359,10.0,1789196746261,111410818639963
0,32460,66.7,1789196746362,111410821050925
1,32460,0.0,1789196746362,111410821050925
2,32460,0.0,1789196746362,111410821050925
3,32460,25.0,1789196746362,111410821050925
4,32460,0.0,1789196746362,111410821050925
5,32460,80.0,1789196746362,111410821050925
6,32460,66.7,1789196746362,111410821050925
7,32460,20.0,1789196746362,111410821050925
0,32560,62.5,1789196746462,111410823461720
1,32560,0.0,1789196746462,111410823461720
2,32560,0.0,1789196746462,111410823461720
3,32560,22.2,1789196746462,111410823461720
4,32560,0.0,1789196746462,111410823461720
5,32560,71.4,1789196746462,111410823461720
6,32560,66.7,1789196746462,111410823461720
7,32560,10.0,1789196746462,111410823461720
0,32661,60.0,1789196746563,111410825872397
1,32661,0.0,1789196746563,111410825872397
2,32661,0.0,1789196746563,111410825872397
3,32661,33.3,1789196746563,111410825872397
4,32661,0.0,1789196746563,111410825872397
5,32661,85.7,1789196746563,111410825872397
6,32661,60.0,1789196746563,111410825872397
7,32661,10.0,1789196746563,111410825872397
0,32761,66.7,1789196746663,111410828283973
1,32761,0.0,1789196746663,111410828283973
2,32761,0.0,1789196746663,111410828283973
3,32761,30.0,1789196746663,111410828283973
4,32761,0.0,1789196746663,111410828283973
5,32761,80.0,1789196746663,111410828283973
6,32761,70.0,1789196746663,111410828283973
7,32761,18.2,1789196746663,111410828283973
0,32862,63.6,1789196746764,111410830694453
1,32862,0.0,1789196746764,111410830694453
2,32862,0.0,1789196746764,111410830694453
3,32862,25.0,1789196746764,111410830694453
4,32862,0.0,1789196746764,111410830694453
5,32862,77.8,1789196746764,111410830694453
6,32862,70.0,1789196746764,111410830694453
7,32862,10.0,1789196746764,111410830694453
0,32962,66.7,1789196746864,111410833105950
1,32962,0.0,1789196746864,111410833105950
2,32962,0.0,1789196746864,111410833105950
3,32962,25.0,1789196746864,111410833105950
4,32962,0.0,1789196746864,111410833105950
5,32962,81.8,1789196746864,111410833105950
6,32962,70.0,1789196746864,111410833105950
7,32962,10.0,1789196746864,111410833105950
0,33062,60.0,1789196746964,111410835516432
1,33062,0.0,1789196746964,111410835516432
2,33062,9.1,1789196746964,111410835516432
3,33062,22.2,1789196746964,111410835516432
4,33062,0.0,1789196746964,111410835516432
5,33062,77.8,1789196746964,111410835516432
6,33062,62.5,1789196746964,111410835516432
7,33062,10.0,1789196746964,111410835516432
0,33163,62.5,1789196747065,111410837927685
1,33163,10.0,1789196747065,111410837927685
2,33163,0.0,1789196747065,111410837927685
3,33163,44.4,1789196747065,111410837927685
4,33163,0.0,1789196747065,111410837927685
5,33163,87.5,1789196747065,111410837927685
6,33163,63.6,1789196747065,111410837927685
7,33163,10.0,1789196747065,111410837927685
0,33263,70.0,1789196747165,111410840338616
1,33263,0.0,1789196747165,111410840338616
2,33263,0.0,1789196747165,111410840338616
3,33263,70.0,1789196747165,111410840338616
4,33263,0.0,1789196747165,111410840338616
5,33263,90.0,1789196747165,111410840338616
6,33263,44.4,1789196747165,111410840338616
7,33263,27.3,1789196747165,111410840338616
0,33364,70.0,1789196747266,111410842749395
1,33364,0.0,1789196747266,111410842749395
2,33364,0.0,1789196747266,111410842749395
3,33364,77.8,1789196747266,111410842749395
4,33364,0.0,1789196747266,111410842749395
5,33364,90.0,1789196747266,111410842749395
6,33364,28.6,1789196747266,111410842749395
7,33364,11.1,1789196747266,111410842749395
0,33464,66.7,1789196747366,111410845159862
1,33464,0.0,1789196747366,111410845159862
2,33464,0.0,1789196747366,111410845159862
3,33464,70.0,1789196747366,111410845159862
4,33464,0.0,1789196747366,111410845159862
5,33464,100.0,1789196747366,111410845159862
6,33464,37.5,1789196747366,111410845159862
7,33464,18.2,1789196747366,111410845159862
0,33565,70.0,1789196747467,111410847570571
1,33565,0.0,1789196747467,111410847570571
2,33565,0.0,1789196747467,111410847570571
3,33565,66.7,1789196747467,111410847570571
4,33565,0.0,1789196747467,111410847570571
5,33565,90.0,1789196747467,111410847570571
6,33565,37.5,1789196747467,111410847570571
7,33565,27.3,1789196747467,111410847570571
0,33665,72.7,1789196747567,111410849981824
1,33665,0.0,1789196747567,111410849981824
2,33665,0.0,1789196747567,111410849981824
3,33665,70.0,1789196747567,111410849981824
4,33665,0.0,1789196747567,111410849981824
5,33665,90.9,1789196747567,111410849981824
6,33665,40.0,1789196747567,111410849981824
7,33665,10.0,1789196747567,111410849981824
0,33766,70.0,1789196747668,111410852392322
1,33766,0.0,1789196747668,111410852392322
2,33766,0.0,1789196747668,111410852392322
3,33766,70.0,1789196747668,111410852392322
4,33766,0.0,1789196747668,111410852392322
5,33766,100.0,1789196747668,111410852392322
6,33766,37.5,1789196747668,111410852392322
7,33766,11.1,1789196747668,111410852392322
0,33866,70.0,1789196747768,111410854802797
1,33866,0.0,1789196747768,111410854802797
2,33866,0.0,1789196747768,111410854802797
3,33866,70.0,1789196747768,111410854802797
4,33866,0.0,1789196747768,111410854802797
5,33866,88.9,1789196747768,111410854802797
6,33866,54.5,1789196747768,111410854802797
7,33866,10.0,1789196747768,111410854802797
0,33967,77.8,1789196747869,111410857213557
1,33967,0.0,1789196747869,111410857213557
2,33967,0.0,1789196747869,111410857213557
3,33967,70.0,1789196747869,111410857213557
4,33967,0.0,1789196747869,111410857213557
5,33967,90.9,1789196747869,111410857213557
6,33967,28.6,1789196747869,111410857213557
7,33967,11.1,1789196747869,111410857213557
0,34067,70.0,1789196747969,111410859624132
1,34067,0.0,1789196747969,111410859624132
2,34067,0.0,1789196747969,111410859624132
3,34067,70.0,1789196747969,111410859624132
4,34067,0.0,1789196747969,111410859624132
5,34067,100.0,1789196747969,111410859624132
6,34067,37.5,1789196747969,111410859624132
7,34067,18.2,1789196747969,111410859624132
0,34167,66.7,1789196748069,111410862036289
1,34167,0.0,1789196748069,111410862036289
2,34167,0.0,1789196748069,111410862036289
3,34167,66.7,1789196748069,111410862036289
4,34167,11.1,1789196748069,111410862036289
5,34167,100.0,1789196748069,111410862036289
6,34167,62.5,1789196748069,111410862036289
7,34167,10.0,1789196748069,111410862036289
0,34269,72.7,1789196748171,111410864478486
1,34269,10.0,1789196748171,111410864478486
2,34269,0.0,1789196748171,111410864478486
3,34269,77.8,1789196748171,111410864478486
4,34269,25.0,1789196748171,111410864478486
5,34269,100.0,1789196748171,111410864478486
6,34269,54.5,1789196748171,111410864478486
7,34269,11.1,1789196748171,111410864478486
0,34370,72.7,1789196748272,111410866890342
1,34370,33.3,1789196748272,111410866890342
2,34370,9.1,1789196748272,111410866890342
3,34370,62.5,1789196748272,111410866890342
4,34370,22.2,1789196748272,111410866890342
5,34370,90.0,1789196748272,111410866890342
6,34370,28.6,1789196748272,111410866890342
7,34370,20.0,1789196748272,111410866890342
0,34470,55.6,1789196748372,111410869301865
1,34470,9.1,1789196748372,111410869301865
2,34470,0.0,1789196748372,111410869301865
3,34470,45.5,1789196748372,111410869301865
4,34470,60.0,1789196748372,111410869301865
5,34470,88.9,1789196748372,111410869301865
6,34470,50.0,1789196748372,111410869301865
7,34470,10.0,1789196748372,111410869301865
0,34571,0.0,1789196748473,111410871714821
1,34571,80.0,1789196748473,111410871714821
2,34571,20.0,1789196748473,111410871714821
3,34571,72.7,1789196748473,111410871714821
4,34571,25.0,1789196748473,111410871714821
5,34571,20.0,1789196748473,111410871714821
6,34571,62.5,1789196748473,111410871714821
7,34571,20.0,1789196748473,111410871714821
0,34671,0.0,1789196748573,111410874127984
1,34671,87.5,1789196748573,111410874127984
2,34671,30.0,1789196748573,111410874127984
3,34671,50.0,1789196748573,111410874127984
4,34671,20.0,1789196748573,111410874127984
5,34671,20.0,1789196748573,111410874127984
6,34671,70.0,1789196748573,111410874127984
7,34671,10.0,1789196748573,111410874127984
0,34772,0.0,1789196748674,111410876541846
1,34772,33.3,1789196748674,111410876541846
2,34772,60.0,1789196748674,111410876541846
3,34772,87.5,1789196748674,111410876541846
4,34772,50.0,1789196748674,111410876541846
5,34772,20.0,1789196748674,111410876541846
6,34772,20.0,1789196748674,111410876541846
7,34772,40.0,1789196748674,111410876541846
0,34872,0.0,1789196748774,111410878953510
1,34872,10.0,1789196748774,111410878953510
2,34872,37.5,1789196748774,111410878953510
3,34872,90.9,1789196748774,111410878953510
4,34872,70.0,1789196748774,111410878953510
5,34872,20.0,1789196748774,111410878953510
6,34872,50.0,1789196748774,111410878953510
7,34872,55.6,1789196748774,111410878953510
0,34973,20.0,1789196748875,111410881367249
1,34973,45.5,1789196748875,111410881367249
2,34973,44.4,1789196748875,111410881367249
3,34973,87.5,1789196748875,111410881367249
4,34973,62.5,1789196748875,111410881367249
5,34973,20.0,1789196748875,111410881367249
6,34973,77.8,1789196748875,111410881367249
7,34973,0.0,1789196748875,111410881367249
0,35073,10.0,1789196748975,111410883779756
1,35073,11.1,1789196748975,111410883779756
2,35073,54.5,1789196748975,111410883779756
3,35073,100.0,1789196748975,111410883779756
4,35073,70.0,1789196748975,111410883779756
5,35073,30.0,1789196748975,111410883779756
6,35073,72.7,1789196748975,111410883779756
7,35073,18.2,1789196748975,111410883779756
0,35093,0.0,1789196748995,111410884248295
1,35093,0.0,1789196748995,111410884248295
2,35093,0.0,1789196748995,111410884248295
3,35093,50.0,1789196748995,111410884248295
4,35093,66.7,1789196748995,111410884248295
5,35093,33.3,1789196748995,111410884248295
6,35093,0.0,1789196748995,111410884248295
7,35093,0.0,1789196748995,111410884248295
