cpu,t_ms,busy_pct,epoch_ms,rdtime_ticks
0,101,0.0,1789587745204,120794686310548
1,101,0.0,1789587745204,120794686310548
2,101,0.0,1789587745204,120794686310548
3,101,0.0,1789587745204,120794686310548
4,101,0.0,1789587745204,120794686310548
5,101,0.0,1789587745204,120794686310548
6,101,0.0,1789587745204,120794686310548
7,101,0.0,1789587745204,120794686310548
0,201,0.0,1789587745304,120794688722815
1,201,0.0,1789587745304,120794688722815
2,201,0.0,1789587745304,120794688722815
3,201,0.0,1789587745304,120794688722815
4,201,0.0,1789587745304,120794688722815
5,201,0.0,1789587745304,120794688722815
6,201,0.0,1789587745304,120794688722815
7,201,0.0,1789587745304,120794688722815
0,302,0.0,1789587745405,120794691132166
1,302,0.0,1789587745405,120794691132166
2,302,0.0,1789587745405,120794691132166
3,302,0.0,1789587745405,120794691132166
4,302,0.0,1789587745405,120794691132166
5,302,0.0,1789587745405,120794691132166
6,302,0.0,1789587745405,120794691132166
7,302,0.0,1789587745405,120794691132166
0,402,0.0,1789587745505,120794693540538
1,402,0.0,1789587745505,120794693540538
2,402,0.0,1789587745505,120794693540538
3,402,0.0,1789587745505,120794693540538
4,402,0.0,1789587745505,120794693540538
5,402,0.0,1789587745505,120794693540538
6,402,0.0,1789587745505,120794693540538
7,402,0.0,1789587745505,120794693540538
0,502,0.0,1789587745605,120794695948750
1,502,0.0,1789587745605,120794695948750
2,502,0.0,1789587745605,120794695948750
3,502,0.0,1789587745605,120794695948750
4,502,0.0,1789587745605,120794695948750
5,502,0.0,1789587745605,120794695948750
6,502,0.0,1789587745605,120794695948750
7,502,0.0,1789587745605,120794695948750
0,603,9.1,1789587745706,120794698360552
1,603,10.0,1789587745706,120794698360552
2,603,0.0,1789587745706,120794698360552
3,603,30.0,1789587745706,120794698360552
4,603,11.1,1789587745706,120794698360552
5,603,18.2,1789587745706,120794698360552
6,603,0.0,1789587745706,120794698360552
7,603,9.1,1789587745706,120794698360552
0,703,0.0,1789587745806,120794700772285
1,703,0.0,1789587745806,120794700772285
2,703,0.0,1789587745806,120794700772285
3,703,27.3,1789587745806,120794700772285
4,703,0.0,1789587745806,120794700772285
5,703,44.4,1789587745806,120794700772285
6,703,0.0,1789587745806,120794700772285
7,703,0.0,1789587745806,120794700772285
0,804,0.0,1789587745907,120794703185031
1,804,11.1,1789587745907,120794703185031
2,804,18.2,1789587745907,120794703185031
3,804,30.0,1789587745907,120794703185031
4,804,9.1,1789587745907,120794703185031
5,804,0.0,1789587745907,120794703185031
6,804,0.0,1789587745907,120794703185031
7,804,0.0,1789587745907,120794703185031
0,906,0.0,1789587746009,120794705637119
1,906,0.0,1789587746009,120794705637119
2,906,0.0,1789587746009,120794705637119
3,906,10.0,1789587746009,120794705637119
4,906,0.0,1789587746009,120794705637119
5,906,20.0,1789587746009,120794705637119
6,906,18.2,1789587746009,120794705637119
7,906,18.2,1789587746009,120794705637119
0,1007,10.0,1789587746110,120794708063601
1,1007,10.0,1789587746110,120794708063601
2,1007,10.0,1789587746110,120794708063601
3,1007,0.0,1789587746110,120794708063601
4,1007,0.0,1789587746110,120794708063601
5,1007,0.0,1789587746110,120794708063601
6,1007,0.0,1789587746110,120794708063601
7,1007,0.0,1789587746110,120794708063601
0,1108,0.0,1789587746211,120794710473985
1,1108,0.0,1789587746211,120794710473985
2,1108,0.0,1789587746211,120794710473985
3,1108,0.0,1789587746211,120794710473985
4,1108,0.0,1789587746211,120794710473985
5,1108,0.0,1789587746211,120794710473985
6,1108,0.0,1789587746211,120794710473985
7,1108,0.0,1789587746211,120794710473985
0,1208,0.0,1789587746311,120794712884412
1,1208,0.0,1789587746311,120794712884412
2,1208,0.0,1789587746311,120794712884412
3,1208,0.0,1789587746311,120794712884412
4,1208,0.0,1789587746311,120794712884412
5,1208,0.0,1789587746311,120794712884412
6,1208,0.0,1789587746311,120794712884412
7,1208,0.0,1789587746311,120794712884412
0,1308,0.0,1789587746411,120794715293212
1,1308,0.0,1789587746411,120794715293212
2,1308,0.0,1789587746411,120794715293212
3,1308,0.0,1789587746411,120794715293212
4,1308,0.0,1789587746411,120794715293212
5,1308,0.0,1789587746411,120794715293212
6,1308,0.0,1789587746411,120794715293212
7,1308,0.0,1789587746411,120794715293212
0,1409,0.0,1789587746512,120794717703477
1,1409,0.0,1789587746512,120794717703477
2,1409,0.0,1789587746512,120794717703477
3,1409,0.0,1789587746512,120794717703477
4,1409,0.0,1789587746512,120794717703477
5,1409,0.0,1789587746512,120794717703477
6,1409,0.0,1789587746512,120794717703477
7,1409,0.0,1789587746512,120794717703477
0,1509,0.0,1789587746612,120794720112613
1,1509,0.0,1789587746612,120794720112613
2,1509,0.0,1789587746612,120794720112613
3,1509,0.0,1789587746612,120794720112613
4,1509,0.0,1789587746612,120794720112613
5,1509,0.0,1789587746612,120794720112613
6,1509,0.0,1789587746612,120794720112613
7,1509,0.0,1789587746612,120794720112613
0,1610,0.0,1789587746713,120794722521028
1,1610,0.0,1789587746713,120794722521028
2,1610,0.0,1789587746713,120794722521028
3,1610,0.0,1789587746713,120794722521028
4,1610,0.0,1789587746713,120794722521028
5,1610,0.0,1789587746713,120794722521028
6,1610,0.0,1789587746713,120794722521028
7,1610,0.0,1789587746713,120794722521028
0,1710,0.0,1789587746813,120794724929264
1,1710,0.0,1789587746813,120794724929264
2,1710,0.0,1789587746813,120794724929264
3,1710,0.0,1789587746813,120794724929264
4,1710,0.0,1789587746813,120794724929264
5,1710,0.0,1789587746813,120794724929264
6,1710,0.0,1789587746813,120794724929264
7,1710,0.0,1789587746813,120794724929264
0,1810,0.0,1789587746913,120794727337715
1,1810,0.0,1789587746913,120794727337715
2,1810,0.0,1789587746913,120794727337715
3,1810,0.0,1789587746913,120794727337715
4,1810,0.0,1789587746913,120794727337715
5,1810,0.0,1789587746913,120794727337715
6,1810,0.0,1789587746913,120794727337715
7,1810,0.0,1789587746913,120794727337715
0,1911,0.0,1789587747014,120794729745971
1,1911,0.0,1789587747014,120794729745971
2,1911,0.0,1789587747014,120794729745971
3,1911,0.0,1789587747014,120794729745971
4,1911,0.0,1789587747014,120794729745971
5,1911,0.0,1789587747014,120794729745971
6,1911,0.0,1789587747014,120794729745971
7,1911,0.0,1789587747014,120794729745971
0,2011,0.0,1789587747114,120794732153731
1,2011,0.0,1789587747114,120794732153731
2,2011,0.0,1789587747114,120794732153731
3,2011,0.0,1789587747114,120794732153731
4,2011,0.0,1789587747114,120794732153731
5,2011,0.0,1789587747114,120794732153731
6,2011,0.0,1789587747114,120794732153731
7,2011,0.0,1789587747114,120794732153731
0,2111,0.0,1789587747214,120794734565078
1,2111,0.0,1789587747214,120794734565078
2,2111,0.0,1789587747214,120794734565078
3,2111,0.0,1789587747214,120794734565078
4,2111,9.1,1789587747214,120794734565078
5,2111,0.0,1789587747214,120794734565078
6,2111,0.0,1789587747214,120794734565078
7,2111,0.0,1789587747214,120794734565078
0,2212,0.0,1789587747315,120794736975940
1,2212,0.0,1789587747315,120794736975940
2,2212,0.0,1789587747315,120794736975940
3,2212,0.0,1789587747315,120794736975940
4,2212,0.0,1789587747315,120794736975940
5,2212,0.0,1789587747315,120794736975940
6,2212,0.0,1789587747315,120794736975940
7,2212,0.0,1789587747315,120794736975940
0,2312,0.0,1789587747415,120794739386369
1,2312,0.0,1789587747415,120794739386369
2,2312,0.0,1789587747415,120794739386369
3,2312,0.0,1789587747415,120794739386369
4,2312,0.0,1789587747415,120794739386369
5,2312,0.0,1789587747415,120794739386369
6,2312,0.0,1789587747415,120794739386369
7,2312,0.0,1789587747415,120794739386369
0,2413,0.0,1789587747516,120794741794853
1,2413,0.0,1789587747516,120794741794853
2,2413,0.0,1789587747516,120794741794853
3,2413,0.0,1789587747516,120794741794853
4,2413,0.0,1789587747516,120794741794853
5,2413,0.0,1789587747516,120794741794853
6,2413,0.0,1789587747516,120794741794853
7,2413,0.0,1789587747516,120794741794853
0,2513,0.0,1789587747616,120794744203364
1,2513,0.0,1789587747616,120794744203364
2,2513,0.0,1789587747616,120794744203364
3,2513,0.0,1789587747616,120794744203364
4,2513,0.0,1789587747616,120794744203364
5,2513,0.0,1789587747616,120794744203364
6,2513,0.0,1789587747616,120794744203364
7,2513,0.0,1789587747616,120794744203364
0,2613,0.0,1789587747716,120794746611996
1,2613,0.0,1789587747716,120794746611996
2,2613,0.0,1789587747716,120794746611996
3,2613,0.0,1789587747716,120794746611996
4,2613,0.0,1789587747716,120794746611996
5,2613,0.0,1789587747716,120794746611996
6,2613,0.0,1789587747716,120794746611996
7,2613,0.0,1789587747716,120794746611996
0,2714,0.0,1789587747817,120794749021786
1,2714,0.0,1789587747817,120794749021786
2,2714,0.0,1789587747817,120794749021786
3,2714,0.0,1789587747817,120794749021786
4,2714,0.0,1789587747817,120794749021786
5,2714,0.0,1789587747817,120794749021786
6,2714,0.0,1789587747817,120794749021786
7,2714,0.0,1789587747817,120794749021786
0,2814,0.0,1789587747917,120794751431758
1,2814,0.0,1789587747917,120794751431758
2,2814,0.0,1789587747917,120794751431758
3,2814,0.0,1789587747917,120794751431758
4,2814,0.0,1789587747917,120794751431758
5,2814,0.0,1789587747917,120794751431758
6,2814,0.0,1789587747917,120794751431758
7,2814,0.0,1789587747917,120794751431758
0,2915,0.0,1789587748018,120794753840842
1,2915,0.0,1789587748018,120794753840842
2,2915,0.0,1789587748018,120794753840842
3,2915,0.0,1789587748018,120794753840842
4,2915,0.0,1789587748018,120794753840842
5,2915,0.0,1789587748018,120794753840842
6,2915,0.0,1789587748018,120794753840842
7,2915,0.0,1789587748018,120794753840842
0,3015,0.0,1789587748118,120794756249081
1,3015,0.0,1789587748118,120794756249081
2,3015,0.0,1789587748118,120794756249081
3,3015,0.0,1789587748118,120794756249081
4,3015,0.0,1789587748118,120794756249081
5,3015,0.0,1789587748118,120794756249081
6,3015,0.0,1789587748118,120794756249081
7,3015,0.0,1789587748118,120794756249081
0,3115,0.0,1789587748218,120794758657590
1,3115,0.0,1789587748218,120794758657590
2,3115,0.0,1789587748218,120794758657590
3,3115,0.0,1789587748218,120794758657590
4,3115,0.0,1789587748218,120794758657590
5,3115,0.0,1789587748218,120794758657590
6,3115,0.0,1789587748218,120794758657590
7,3115,0.0,1789587748218,120794758657590
0,3216,0.0,1789587748319,120794761066264
1,3216,0.0,1789587748319,120794761066264
2,3216,0.0,1789587748319,120794761066264
3,3216,0.0,1789587748319,120794761066264
4,3216,0.0,1789587748319,120794761066264
5,3216,0.0,1789587748319,120794761066264
6,3216,0.0,1789587748319,120794761066264
7,3216,0.0,1789587748319,120794761066264
0,3316,0.0,1789587748419,120794763475303
1,3316,0.0,1789587748419,120794763475303
2,3316,0.0,1789587748419,120794763475303
3,3316,0.0,1789587748419,120794763475303
4,3316,0.0,1789587748419,120794763475303
5,3316,0.0,1789587748419,120794763475303
6,3316,0.0,1789587748419,120794763475303
7,3316,0.0,1789587748419,120794763475303
0,3416,0.0,1789587748519,120794765883723
1,3416,0.0,1789587748519,120794765883723
2,3416,0.0,1789587748519,120794765883723
3,3416,0.0,1789587748519,120794765883723
4,3416,9.1,1789587748519,120794765883723
5,3416,0.0,1789587748519,120794765883723
6,3416,0.0,1789587748519,120794765883723
7,3416,0.0,1789587748519,120794765883723
0,3517,0.0,1789587748620,120794768292242
1,3517,0.0,1789587748620,120794768292242
2,3517,0.0,1789587748620,120794768292242
3,3517,0.0,1789587748620,120794768292242
4,3517,0.0,1789587748620,120794768292242
5,3517,0.0,1789587748620,120794768292242
6,3517,0.0,1789587748620,120794768292242
7,3517,0.0,1789587748620,120794768292242
0,3617,0.0,1789587748720,120794770700427
1,3617,0.0,1789587748720,120794770700427
2,3617,0.0,1789587748720,120794770700427
3,3617,0.0,1789587748720,120794770700427
4,3617,0.0,1789587748720,120794770700427
5,3617,0.0,1789587748720,120794770700427
6,3617,0.0,1789587748720,120794770700427
7,3617,0.0,1789587748720,120794770700427
0,3717,0.0,1789587748820,120794773108788
1,3717,0.0,1789587748820,120794773108788
2,3717,0.0,1789587748820,120794773108788
3,3717,0.0,1789587748820,120794773108788
4,3717,0.0,1789587748820,120794773108788
5,3717,0.0,1789587748820,120794773108788
6,3717,0.0,1789587748820,120794773108788
7,3717,0.0,1789587748820,120794773108788
0,3818,0.0,1789587748921,120794775517323
1,3818,0.0,1789587748921,120794775517323
2,3818,0.0,1789587748921,120794775517323
3,3818,0.0,1789587748921,120794775517323
4,3818,0.0,1789587748921,120794775517323
5,3818,0.0,1789587748921,120794775517323
6,3818,0.0,1789587748921,120794775517323
7,3818,0.0,1789587748921,120794775517323
0,3918,0.0,1789587749021,120794777929449
1,3918,0.0,1789587749021,120794777929449
2,3918,0.0,1789587749021,120794777929449
3,3918,0.0,1789587749021,120794777929449
4,3918,0.0,1789587749021,120794777929449
5,3918,0.0,1789587749021,120794777929449
6,3918,0.0,1789587749021,120794777929449
7,3918,0.0,1789587749021,120794777929449
0,4019,0.0,1789587749122,120794780339002
1,4019,0.0,1789587749122,120794780339002
2,4019,0.0,1789587749122,120794780339002
3,4019,0.0,1789587749122,120794780339002
4,4019,0.0,1789587749122,120794780339002
5,4019,0.0,1789587749122,120794780339002
6,4019,0.0,1789587749122,120794780339002
7,4019,0.0,1789587749122,120794780339002
0,4119,0.0,1789587749222,120794782747065
1,4119,0.0,1789587749222,120794782747065
2,4119,0.0,1789587749222,120794782747065
3,4119,0.0,1789587749222,120794782747065
4,4119,0.0,1789587749222,120794782747065
5,4119,0.0,1789587749222,120794782747065
6,4119,0.0,1789587749222,120794782747065
7,4119,0.0,1789587749222,120794782747065
0,4219,0.0,1789587749322,120794785154528
1,4219,0.0,1789587749322,120794785154528
2,4219,0.0,1789587749322,120794785154528
3,4219,0.0,1789587749322,120794785154528
4,4219,0.0,1789587749322,120794785154528
5,4219,0.0,1789587749322,120794785154528
6,4219,0.0,1789587749322,120794785154528
7,4219,0.0,1789587749322,120794785154528
0,4320,0.0,1789587749423,120794787561916
1,4320,0.0,1789587749423,120794787561916
2,4320,0.0,1789587749423,120794787561916
3,4320,0.0,1789587749423,120794787561916
4,4320,0.0,1789587749423,120794787561916
5,4320,0.0,1789587749423,120794787561916
6,4320,0.0,1789587749423,120794787561916
7,4320,0.0,1789587749423,120794787561916
0,4420,0.0,1789587749523,120794789970860
1,4420,0.0,1789587749523,120794789970860
2,4420,0.0,1789587749523,120794789970860
3,4420,0.0,1789587749523,120794789970860
4,4420,0.0,1789587749523,120794789970860
5,4420,0.0,1789587749523,120794789970860
6,4420,0.0,1789587749523,120794789970860
7,4420,0.0,1789587749523,120794789970860
0,4520,0.0,1789587749623,120794792379082
1,4520,0.0,1789587749623,120794792379082
2,4520,0.0,1789587749623,120794792379082
3,4520,0.0,1789587749623,120794792379082
4,4520,0.0,1789587749623,120794792379082
5,4520,0.0,1789587749623,120794792379082
6,4520,0.0,1789587749623,120794792379082
7,4520,0.0,1789587749623,120794792379082
0,4621,0.0,1789587749724,120794794786971
1,4621,0.0,1789587749724,120794794786971
2,4621,0.0,1789587749724,120794794786971
3,4621,0.0,1789587749724,120794794786971
4,4621,0.0,1789587749724,120794794786971
5,4621,0.0,1789587749724,120794794786971
6,4621,0.0,1789587749724,120794794786971
7,4621,0.0,1789587749724,120794794786971
0,4721,0.0,1789587749824,120794797195094
1,4721,0.0,1789587749824,120794797195094
2,4721,0.0,1789587749824,120794797195094
3,4721,0.0,1789587749824,120794797195094
4,4721,0.0,1789587749824,120794797195094
5,4721,0.0,1789587749824,120794797195094
6,4721,0.0,1789587749824,120794797195094
7,4721,0.0,1789587749824,120794797195094
0,4821,0.0,1789587749924,120794799603653
1,4821,0.0,1789587749924,120794799603653
2,4821,0.0,1789587749924,120794799603653
3,4821,0.0,1789587749924,120794799603653
4,4821,0.0,1789587749924,120794799603653
5,4821,0.0,1789587749924,120794799603653
6,4821,0.0,1789587749924,120794799603653
7,4821,0.0,1789587749924,120794799603653
0,4922,0.0,1789587750025,120794802011888
1,4922,0.0,1789587750025,120794802011888
2,4922,0.0,1789587750025,120794802011888
3,4922,0.0,1789587750025,120794802011888
4,4922,0.0,1789587750025,120794802011888
5,4922,0.0,1789587750025,120794802011888
6,4922,0.0,1789587750025,120794802011888
7,4922,0.0,1789587750025,120794802011888
0,5022,0.0,1789587750125,120794804421833
1,5022,0.0,1789587750125,120794804421833
2,5022,10.0,1789587750125,120794804421833
3,5022,0.0,1789587750125,120794804421833
4,5022,0.0,1789587750125,120794804421833
5,5022,0.0,1789587750125,120794804421833
6,5022,0.0,1789587750125,120794804421833
7,5022,0.0,1789587750125,120794804421833
0,5123,0.0,1789587750226,120794806834273
1,5123,0.0,1789587750226,120794806834273
2,5123,0.0,1789587750226,120794806834273
3,5123,0.0,1789587750226,120794806834273
4,5123,0.0,1789587750226,120794806834273
5,5123,9.1,1789587750226,120794806834273
6,5123,9.1,1789587750226,120794806834273
7,5123,10.0,1789587750226,120794806834273
0,5223,0.0,1789587750326,120794809244882
1,5223,0.0,1789587750326,120794809244882
2,5223,0.0,1789587750326,120794809244882
3,5223,0.0,1789587750326,120794809244882
4,5223,0.0,1789587750326,120794809244882
5,5223,0.0,1789587750326,120794809244882
6,5223,0.0,1789587750326,120794809244882
7,5223,0.0,1789587750326,120794809244882
0,5323,0.0,1789587750426,120794811654125
1,5323,0.0,1789587750426,120794811654125
2,5323,0.0,1789587750426,120794811654125
3,5323,0.0,1789587750426,120794811654125
4,5323,0.0,1789587750426,120794811654125
5,5323,0.0,1789587750426,120794811654125
6,5323,0.0,1789587750426,120794811654125
7,5323,0.0,1789587750426,120794811654125
0,5424,9.1,1789587750527,120794814063095
1,5424,0.0,1789587750527,120794814063095
2,5424,0.0,1789587750527,120794814063095
3,5424,0.0,1789587750527,120794814063095
4,5424,0.0,1789587750527,120794814063095
5,5424,0.0,1789587750527,120794814063095
6,5424,0.0,1789587750527,120794814063095
7,5424,0.0,1789587750527,120794814063095
0,5524,0.0,1789587750627,120794816473573
1,5524,0.0,1789587750627,120794816473573
2,5524,0.0,1789587750627,120794816473573
3,5524,0.0,1789587750627,120794816473573
4,5524,0.0,1789587750627,120794816473573
5,5524,0.0,1789587750627,120794816473573
6,5524,0.0,1789587750627,120794816473573
7,5524,0.0,1789587750627,120794816473573
0,5625,0.0,1789587750728,120794818881934
1,5625,0.0,1789587750728,120794818881934
2,5625,0.0,1789587750728,120794818881934
3,5625,0.0,1789587750728,120794818881934
4,5625,0.0,1789587750728,120794818881934
5,5625,0.0,1789587750728,120794818881934
6,5625,0.0,1789587750728,120794818881934
7,5625,0.0,1789587750728,120794818881934
0,5725,0.0,1789587750828,120794821289928
1,5725,0.0,1789587750828,120794821289928
2,5725,0.0,1789587750828,120794821289928
3,5725,0.0,1789587750828,120794821289928
4,5725,0.0,1789587750828,120794821289928
5,5725,0.0,1789587750828,120794821289928
6,5725,0.0,1789587750828,120794821289928
7,5725,0.0,1789587750828,120794821289928
0,5825,0.0,1789587750928,120794823698602
1,5825,0.0,1789587750928,120794823698602
2,5825,0.0,1789587750928,120794823698602
3,5825,0.0,1789587750928,120794823698602
4,5825,0.0,1789587750928,120794823698602
5,5825,0.0,1789587750928,120794823698602
6,5825,0.0,1789587750928,120794823698602
7,5825,0.0,1789587750928,120794823698602
0,5926,0.0,1789587751029,120794826108270
1,5926,0.0,1789587751029,120794826108270
2,5926,0.0,1789587751029,120794826108270
3,5926,0.0,1789587751029,120794826108270
4,5926,0.0,1789587751029,120794826108270
5,5926,0.0,1789587751029,120794826108270
6,5926,0.0,1789587751029,120794826108270
7,5926,0.0,1789587751029,120794826108270
0,6026,0.0,1789587751129,120794828517301
1,6026,0.0,1789587751129,120794828517301
2,6026,0.0,1789587751129,120794828517301
3,6026,0.0,1789587751129,120794828517301
4,6026,0.0,1789587751129,120794828517301
5,6026,0.0,1789587751129,120794828517301
6,6026,0.0,1789587751129,120794828517301
7,6026,0.0,1789587751129,120794828517301
0,6126,0.0,1789587751229,120794830925440
1,6126,0.0,1789587751229,120794830925440
2,6126,0.0,1789587751229,120794830925440
3,6126,0.0,1789587751229,120794830925440
4,6126,0.0,1789587751229,120794830925440
5,6126,0.0,1789587751229,120794830925440
6,6126,0.0,1789587751229,120794830925440
7,6126,0.0,1789587751229,120794830925440
0,6227,0.0,1789587751330,120794833333547
1,6227,0.0,1789587751330,120794833333547
2,6227,0.0,1789587751330,120794833333547
3,6227,0.0,1789587751330,120794833333547
4,6227,0.0,1789587751330,120794833333547
5,6227,0.0,1789587751330,120794833333547
6,6227,0.0,1789587751330,120794833333547
7,6227,0.0,1789587751330,120794833333547
0,6327,0.0,1789587751430,120794835741570
1,6327,0.0,1789587751430,120794835741570
2,6327,0.0,1789587751430,120794835741570
3,6327,0.0,1789587751430,120794835741570
4,6327,0.0,1789587751430,120794835741570
5,6327,0.0,1789587751430,120794835741570
6,6327,0.0,1789587751430,120794835741570
7,6327,0.0,1789587751430,120794835741570
0,6427,0.0,1789587751530,120794838150958
1,6427,0.0,1789587751530,120794838150958
2,6427,0.0,1789587751530,120794838150958
3,6427,0.0,1789587751530,120794838150958
4,6427,0.0,1789587751530,120794838150958
5,6427,0.0,1789587751530,120794838150958
6,6427,0.0,1789587751530,120794838150958
7,6427,0.0,1789587751530,120794838150958
0,6528,0.0,1789587751631,120794840558919
1,6528,0.0,1789587751631,120794840558919
2,6528,0.0,1789587751631,120794840558919
3,6528,0.0,1789587751631,120794840558919
4,6528,0.0,1789587751631,120794840558919
5,6528,0.0,1789587751631,120794840558919
6,6528,0.0,1789587751631,120794840558919
7,6528,0.0,1789587751631,120794840558919
0,6628,0.0,1789587751731,120794842968204
1,6628,0.0,1789587751731,120794842968204
2,6628,0.0,1789587751731,120794842968204
3,6628,0.0,1789587751731,120794842968204
4,6628,0.0,1789587751731,120794842968204
5,6628,0.0,1789587751731,120794842968204
6,6628,0.0,1789587751731,120794842968204
7,6628,0.0,1789587751731,120794842968204
0,6729,0.0,1789587751832,120794845376420
1,6729,0.0,1789587751832,120794845376420
2,6729,0.0,1789587751832,120794845376420
3,6729,0.0,1789587751832,120794845376420
4,6729,0.0,1789587751832,120794845376420
5,6729,0.0,1789587751832,120794845376420
6,6729,0.0,1789587751832,120794845376420
7,6729,0.0,1789587751832,120794845376420
0,6829,0.0,1789587751932,120794847784371
1,6829,0.0,1789587751932,120794847784371
2,6829,0.0,1789587751932,120794847784371
3,6829,0.0,1789587751932,120794847784371
4,6829,0.0,1789587751932,120794847784371
5,6829,0.0,1789587751932,120794847784371
6,6829,0.0,1789587751932,120794847784371
7,6829,0.0,1789587751932,120794847784371
0,6929,0.0,1789587752032,120794850192164
1,6929,0.0,1789587752032,120794850192164
2,6929,0.0,1789587752032,120794850192164
3,6929,0.0,1789587752032,120794850192164
4,6929,0.0,1789587752032,120794850192164
5,6929,0.0,1789587752032,120794850192164
6,6929,0.0,1789587752032,120794850192164
7,6929,0.0,1789587752032,120794850192164
0,7030,0.0,1789587752133,120794852599679
1,7030,0.0,1789587752133,120794852599679
2,7030,0.0,1789587752133,120794852599679
3,7030,0.0,1789587752133,120794852599679
4,7030,0.0,1789587752133,120794852599679
5,7030,0.0,1789587752133,120794852599679
6,7030,0.0,1789587752133,120794852599679
7,7030,0.0,1789587752133,120794852599679
0,7130,0.0,1789587752233,120794855007565
1,7130,0.0,1789587752233,120794855007565
2,7130,0.0,1789587752233,120794855007565
3,7130,0.0,1789587752233,120794855007565
4,7130,0.0,1789587752233,120794855007565
5,7130,0.0,1789587752233,120794855007565
6,7130,0.0,1789587752233,120794855007565
7,7130,0.0,1789587752233,120794855007565
0,7230,0.0,1789587752333,120794857415629
1,7230,0.0,1789587752333,120794857415629
2,7230,0.0,1789587752333,120794857415629
3,7230,0.0,1789587752333,120794857415629
4,7230,0.0,1789587752333,120794857415629
5,7230,0.0,1789587752333,120794857415629
6,7230,0.0,1789587752333,120794857415629
7,7230,0.0,1789587752333,120794857415629
0,7331,0.0,1789587752434,120794859823825
1,7331,0.0,1789587752434,120794859823825
2,7331,0.0,1789587752434,120794859823825
3,7331,0.0,1789587752434,120794859823825
4,7331,0.0,1789587752434,120794859823825
5,7331,0.0,1789587752434,120794859823825
6,7331,0.0,1789587752434,120794859823825
7,7331,0.0,1789587752434,120794859823825
0,7431,10.0,1789587752534,120794862232170
1,7431,0.0,1789587752534,120794862232170
2,7431,0.0,1789587752534,120794862232170
3,7431,0.0,1789587752534,120794862232170
4,7431,0.0,1789587752534,120794862232170
5,7431,0.0,1789587752534,120794862232170
6,7431,0.0,1789587752534,120794862232170
7,7431,0.0,1789587752534,120794862232170
0,7531,0.0,1789587752634,120794864640397
1,7531,0.0,1789587752634,120794864640397
2,7531,0.0,1789587752634,120794864640397
3,7531,0.0,1789587752634,120794864640397
4,7531,0.0,1789587752634,120794864640397
5,7531,0.0,1789587752634,120794864640397
6,7531,0.0,1789587752634,120794864640397
7,7531,0.0,1789587752634,120794864640397
0,7632,0.0,1789587752735,120794867049622
1,7632,0.0,1789587752735,120794867049622
2,7632,0.0,1789587752735,120794867049622
3,7632,0.0,1789587752735,120794867049622
4,7632,0.0,1789587752735,120794867049622
5,7632,0.0,1789587752735,120794867049622
6,7632,0.0,1789587752735,120794867049622
7,7632,0.0,1789587752735,120794867049622
0,7732,0.0,1789587752835,120794869458844
1,7732,0.0,1789587752835,120794869458844
2,7732,0.0,1789587752835,120794869458844
3,7732,0.0,1789587752835,120794869458844
4,7732,0.0,1789587752835,120794869458844
5,7732,0.0,1789587752835,120794869458844
6,7732,0.0,1789587752835,120794869458844
7,7732,0.0,1789587752835,120794869458844
0,7832,0.0,1789587752935,120794871867175
1,7832,0.0,1789587752935,120794871867175
2,7832,0.0,1789587752935,120794871867175
3,7832,0.0,1789587752935,120794871867175
4,7832,0.0,1789587752935,120794871867175
5,7832,0.0,1789587752935,120794871867175
6,7832,0.0,1789587752935,120794871867175
7,7832,0.0,1789587752935,120794871867175
0,7933,0.0,1789587753036,120794874275600
1,7933,0.0,1789587753036,120794874275600
2,7933,0.0,1789587753036,120794874275600
3,7933,0.0,1789587753036,120794874275600
4,7933,0.0,1789587753036,120794874275600
5,7933,0.0,1789587753036,120794874275600
6,7933,0.0,1789587753036,120794874275600
7,7933,0.0,1789587753036,120794874275600
0,8033,0.0,1789587753136,120794876684126
1,8033,0.0,1789587753136,120794876684126
2,8033,0.0,1789587753136,120794876684126
3,8033,0.0,1789587753136,120794876684126
4,8033,0.0,1789587753136,120794876684126
5,8033,0.0,1789587753136,120794876684126
6,8033,0.0,1789587753136,120794876684126
7,8033,0.0,1789587753136,120794876684126
0,8133,0.0,1789587753236,120794879094919
1,8133,9.1,1789587753236,120794879094919
2,8133,0.0,1789587753236,120794879094919
3,8133,0.0,1789587753236,120794879094919
4,8133,0.0,1789587753236,120794879094919
5,8133,0.0,1789587753236,120794879094919
6,8133,0.0,1789587753236,120794879094919
7,8133,0.0,1789587753236,120794879094919
0,8234,0.0,1789587753337,120794881504756
1,8234,0.0,1789587753337,120794881504756
2,8234,0.0,1789587753337,120794881504756
3,8234,0.0,1789587753337,120794881504756
4,8234,0.0,1789587753337,120794881504756
5,8234,0.0,1789587753337,120794881504756
6,8234,0.0,1789587753337,120794881504756
7,8234,0.0,1789587753337,120794881504756
0,8334,0.0,1789587753437,120794883913462
1,8334,0.0,1789587753437,120794883913462
2,8334,0.0,1789587753437,120794883913462
3,8334,0.0,1789587753437,120794883913462
4,8334,0.0,1789587753437,120794883913462
5,8334,0.0,1789587753437,120794883913462
6,8334,0.0,1789587753437,120794883913462
7,8334,0.0,1789587753437,120794883913462
0,8435,0.0,1789587753538,120794886321588
1,8435,0.0,1789587753538,120794886321588
2,8435,0.0,1789587753538,120794886321588
3,8435,0.0,1789587753538,120794886321588
4,8435,0.0,1789587753538,120794886321588
5,8435,0.0,1789587753538,120794886321588
6,8435,0.0,1789587753538,120794886321588
7,8435,0.0,1789587753538,120794886321588
0,8535,0.0,1789587753638,120794888729885
1,8535,0.0,1789587753638,120794888729885
2,8535,0.0,1789587753638,120794888729885
3,8535,0.0,1789587753638,120794888729885
4,8535,0.0,1789587753638,120794888729885
5,8535,0.0,1789587753638,120794888729885
6,8535,0.0,1789587753638,120794888729885
7,8535,0.0,1789587753638,120794888729885
0,8635,0.0,1789587753738,120794891138183
1,8635,0.0,1789587753738,120794891138183
2,8635,0.0,1789587753738,120794891138183
3,8635,0.0,1789587753738,120794891138183
4,8635,0.0,1789587753738,120794891138183
5,8635,0.0,1789587753738,120794891138183
6,8635,0.0,1789587753738,120794891138183
7,8635,0.0,1789587753738,120794891138183
0,8736,0.0,1789587753839,120794893546500
1,8736,0.0,1789587753839,120794893546500
2,8736,0.0,1789587753839,120794893546500
3,8736,0.0,1789587753839,120794893546500
4,8736,0.0,1789587753839,120794893546500
5,8736,0.0,1789587753839,120794893546500
6,8736,0.0,1789587753839,120794893546500
7,8736,0.0,1789587753839,120794893546500
0,8836,0.0,1789587753939,120794895955530
1,8836,0.0,1789587753939,120794895955530
2,8836,0.0,1789587753939,120794895955530
3,8836,0.0,1789587753939,120794895955530
4,8836,0.0,1789587753939,120794895955530
5,8836,0.0,1789587753939,120794895955530
6,8836,0.0,1789587753939,120794895955530
7,8836,0.0,1789587753939,120794895955530
0,8936,0.0,1789587754039,120794898364762
1,8936,0.0,1789587754039,120794898364762
2,8936,0.0,1789587754039,120794898364762
3,8936,0.0,1789587754039,120794898364762
4,8936,9.1,1789587754039,120794898364762
5,8936,0.0,1789587754039,120794898364762
6,8936,0.0,1789587754039,120794898364762
7,8936,0.0,1789587754039,120794898364762
0,9037,0.0,1789587754140,120794900775075
1,9037,0.0,1789587754140,120794900775075
2,9037,0.0,1789587754140,120794900775075
3,9037,0.0,1789587754140,120794900775075
4,9037,0.0,1789587754140,120794900775075
5,9037,0.0,1789587754140,120794900775075
6,9037,0.0,1789587754140,120794900775075
7,9037,0.0,1789587754140,120794900775075
0,9137,0.0,1789587754240,120794903185303
1,9137,0.0,1789587754240,120794903185303
2,9137,0.0,1789587754240,120794903185303
3,9137,0.0,1789587754240,120794903185303
4,9137,0.0,1789587754240,120794903185303
5,9137,0.0,1789587754240,120794903185303
6,9137,0.0,1789587754240,120794903185303
7,9137,10.0,1789587754240,120794903185303
0,9238,0.0,1789587754341,120794905594640
1,9238,0.0,1789587754341,120794905594640
2,9238,0.0,1789587754341,120794905594640
3,9238,0.0,1789587754341,120794905594640
4,9238,0.0,1789587754341,120794905594640
5,9238,0.0,1789587754341,120794905594640
6,9238,0.0,1789587754341,120794905594640
7,9238,0.0,1789587754341,120794905594640
0,9338,0.0,1789587754441,120794908003298
1,9338,0.0,1789587754441,120794908003298
2,9338,0.0,1789587754441,120794908003298
3,9338,0.0,1789587754441,120794908003298
4,9338,0.0,1789587754441,120794908003298
5,9338,0.0,1789587754441,120794908003298
6,9338,0.0,1789587754441,120794908003298
7,9338,0.0,1789587754441,120794908003298
0,9438,0.0,1789587754541,120794910411904
1,9438,0.0,1789587754541,120794910411904
2,9438,0.0,1789587754541,120794910411904
3,9438,0.0,1789587754541,120794910411904
4,9438,0.0,1789587754541,120794910411904
5,9438,0.0,1789587754541,120794910411904
6,9438,0.0,1789587754541,120794910411904
7,9438,0.0,1789587754541,120794910411904
0,9539,0.0,1789587754642,120794912820123
1,9539,0.0,1789587754642,120794912820123
2,9539,0.0,1789587754642,120794912820123
3,9539,0.0,1789587754642,120794912820123
4,9539,0.0,1789587754642,120794912820123
5,9539,0.0,1789587754642,120794912820123
6,9539,0.0,1789587754642,120794912820123
7,9539,0.0,1789587754642,120794912820123
0,9639,0.0,1789587754742,120794915228081
1,9639,0.0,1789587754742,120794915228081
2,9639,0.0,1789587754742,120794915228081
3,9639,0.0,1789587754742,120794915228081
4,9639,0.0,1789587754742,120794915228081
5,9639,0.0,1789587754742,120794915228081
6,9639,0.0,1789587754742,120794915228081
7,9639,0.0,1789587754742,120794915228081
0,9739,0.0,1789587754842,120794917636332
1,9739,0.0,1789587754842,120794917636332
2,9739,0.0,1789587754842,120794917636332
3,9739,0.0,1789587754842,120794917636332
4,9739,0.0,1789587754842,120794917636332
5,9739,0.0,1789587754842,120794917636332
6,9739,0.0,1789587754842,120794917636332
7,9739,0.0,1789587754842,120794917636332
0,9840,0.0,1789587754943,120794920044620
1,9840,0.0,1789587754943,120794920044620
2,9840,0.0,1789587754943,120794920044620
3,9840,0.0,1789587754943,120794920044620
4,9840,0.0,1789587754943,120794920044620
5,9840,0.0,1789587754943,120794920044620
6,9840,0.0,1789587754943,120794920044620
7,9840,0.0,1789587754943,120794920044620
0,9940,0.0,1789587755043,120794922453274
1,9940,0.0,1789587755043,120794922453274
2,9940,0.0,1789587755043,120794922453274
3,9940,0.0,1789587755043,120794922453274
4,9940,0.0,1789587755043,120794922453274
5,9940,0.0,1789587755043,120794922453274
6,9940,0.0,1789587755043,120794922453274
7,9940,0.0,1789587755043,120794922453274
0,10040,0.0,1789587755143,120794924861819
1,10040,0.0,1789587755143,120794924861819
2,10040,0.0,1789587755143,120794924861819
3,10040,0.0,1789587755143,120794924861819
4,10040,0.0,1789587755143,120794924861819
5,10040,0.0,1789587755143,120794924861819
6,10040,0.0,1789587755143,120794924861819
7,10040,0.0,1789587755143,120794924861819
0,10141,0.0,1789587755244,120794927272100
1,10141,0.0,1789587755244,120794927272100
2,10141,0.0,1789587755244,120794927272100
3,10141,0.0,1789587755244,120794927272100
4,10141,0.0,1789587755244,120794927272100
5,10141,0.0,1789587755244,120794927272100
6,10141,0.0,1789587755244,120794927272100
7,10141,0.0,1789587755244,120794927272100
0,10241,0.0,1789587755344,120794929681004
1,10241,0.0,1789587755344,120794929681004
2,10241,0.0,1789587755344,120794929681004
3,10241,0.0,1789587755344,120794929681004
4,10241,0.0,1789587755344,120794929681004
5,10241,0.0,1789587755344,120794929681004
6,10241,0.0,1789587755344,120794929681004
7,10241,0.0,1789587755344,120794929681004
0,10342,0.0,1789587755445,120794932089320
1,10342,0.0,1789587755445,120794932089320
2,10342,0.0,1789587755445,120794932089320
3,10342,0.0,1789587755445,120794932089320
4,10342,0.0,1789587755445,120794932089320
5,10342,0.0,1789587755445,120794932089320
6,10342,0.0,1789587755445,120794932089320
7,10342,0.0,1789587755445,120794932089320
0,10442,0.0,1789587755545,120794934497552
1,10442,0.0,1789587755545,120794934497552
2,10442,0.0,1789587755545,120794934497552
3,10442,0.0,1789587755545,120794934497552
4,10442,0.0,1789587755545,120794934497552
5,10442,0.0,1789587755545,120794934497552
6,10442,0.0,1789587755545,120794934497552
7,10442,0.0,1789587755545,120794934497552
0,10542,0.0,1789587755645,120794936905777
1,10542,0.0,1789587755645,120794936905777
2,10542,0.0,1789587755645,120794936905777
3,10542,0.0,1789587755645,120794936905777
4,10542,0.0,1789587755645,120794936905777
5,10542,0.0,1789587755645,120794936905777
6,10542,0.0,1789587755645,120794936905777
7,10542,0.0,1789587755645,120794936905777
0,10643,0.0,1789587755746,120794939314053
1,10643,0.0,1789587755746,120794939314053
2,10643,0.0,1789587755746,120794939314053
3,10643,0.0,1789587755746,120794939314053
4,10643,0.0,1789587755746,120794939314053
5,10643,0.0,1789587755746,120794939314053
6,10643,0.0,1789587755746,120794939314053
7,10643,0.0,1789587755746,120794939314053
0,10743,0.0,1789587755846,120794941722202
1,10743,0.0,1789587755846,120794941722202
2,10743,0.0,1789587755846,120794941722202
3,10743,0.0,1789587755846,120794941722202
4,10743,0.0,1789587755846,120794941722202
5,10743,0.0,1789587755846,120794941722202
6,10743,0.0,1789587755846,120794941722202
7,10743,0.0,1789587755846,120794941722202
0,10843,0.0,1789587755946,120794944130279
1,10843,0.0,1789587755946,120794944130279
2,10843,0.0,1789587755946,120794944130279
3,10843,0.0,1789587755946,120794944130279
4,10843,0.0,1789587755946,120794944130279
5,10843,0.0,1789587755946,120794944130279
6,10843,0.0,1789587755946,120794944130279
7,10843,0.0,1789587755946,120794944130279
0,10944,0.0,1789587756047,120794946538344
1,10944,0.0,1789587756047,120794946538344
2,10944,0.0,1789587756047,120794946538344
3,10944,0.0,1789587756047,120794946538344
4,10944,0.0,1789587756047,120794946538344
5,10944,0.0,1789587756047,120794946538344
6,10944,0.0,1789587756047,120794946538344
7,10944,0.0,1789587756047,120794946538344
0,11044,0.0,1789587756147,120794948947444
1,11044,0.0,1789587756147,120794948947444
2,11044,0.0,1789587756147,120794948947444
3,11044,0.0,1789587756147,120794948947444
4,11044,0.0,1789587756147,120794948947444
5,11044,0.0,1789587756147,120794948947444
6,11044,0.0,1789587756147,120794948947444
7,11044,0.0,1789587756147,120794948947444
0,11144,0.0,1789587756247,120794951358141
1,11144,0.0,1789587756247,120794951358141
2,11144,0.0,1789587756247,120794951358141
3,11144,9.1,1789587756247,120794951358141
4,11144,0.0,1789587756247,120794951358141
5,11144,0.0,1789587756247,120794951358141
6,11144,0.0,1789587756247,120794951358141
7,11144,0.0,1789587756247,120794951358141
0,11245,0.0,1789587756348,120794953768549
1,11245,0.0,1789587756348,120794953768549
2,11245,0.0,1789587756348,120794953768549
3,11245,0.0,1789587756348,120794953768549
4,11245,0.0,1789587756348,120794953768549
5,11245,0.0,1789587756348,120794953768549
6,11245,0.0,1789587756348,120794953768549
7,11245,0.0,1789587756348,120794953768549
0,11345,0.0,1789587756448,120794956176497
1,11345,0.0,1789587756448,120794956176497
2,11345,0.0,1789587756448,120794956176497
3,11345,0.0,1789587756448,120794956176497
4,11345,0.0,1789587756448,120794956176497
5,11345,0.0,1789587756448,120794956176497
6,11345,0.0,1789587756448,120794956176497
7,11345,0.0,1789587756448,120794956176497
0,11446,10.0,1789587756549,120794958585871
1,11446,0.0,1789587756549,120794958585871
2,11446,0.0,1789587756549,120794958585871
3,11446,0.0,1789587756549,120794958585871
4,11446,0.0,1789587756549,120794958585871
5,11446,0.0,1789587756549,120794958585871
6,11446,0.0,1789587756549,120794958585871
7,11446,0.0,1789587756549,120794958585871
0,11546,0.0,1789587756649,120794960994746
1,11546,0.0,1789587756649,120794960994746
2,11546,0.0,1789587756649,120794960994746
3,11546,0.0,1789587756649,120794960994746
4,11546,0.0,1789587756649,120794960994746
5,11546,0.0,1789587756649,120794960994746
6,11546,0.0,1789587756649,120794960994746
7,11546,0.0,1789587756649,120794960994746
0,11646,0.0,1789587756749,120794963403095
1,11646,0.0,1789587756749,120794963403095
2,11646,0.0,1789587756749,120794963403095
3,11646,0.0,1789587756749,120794963403095
4,11646,0.0,1789587756749,120794963403095
5,11646,0.0,1789587756749,120794963403095
6,11646,0.0,1789587756749,120794963403095
7,11646,0.0,1789587756749,120794963403095
0,11747,0.0,1789587756850,120794965811901
1,11747,0.0,1789587756850,120794965811901
2,11747,0.0,1789587756850,120794965811901
3,11747,0.0,1789587756850,120794965811901
4,11747,0.0,1789587756850,120794965811901
5,11747,0.0,1789587756850,120794965811901
6,11747,0.0,1789587756850,120794965811901
7,11747,0.0,1789587756850,120794965811901
0,11847,0.0,1789587756950,120794968220931
1,11847,0.0,1789587756950,120794968220931
2,11847,0.0,1789587756950,120794968220931
3,11847,0.0,1789587756950,120794968220931
4,11847,0.0,1789587756950,120794968220931
5,11847,0.0,1789587756950,120794968220931
6,11847,0.0,1789587756950,120794968220931
7,11847,0.0,1789587756950,120794968220931
0,11947,0.0,1789587757050,120794970629689
1,11947,0.0,1789587757050,120794970629689
2,11947,0.0,1789587757050,120794970629689
3,11947,0.0,1789587757050,120794970629689
4,11947,0.0,1789587757050,120794970629689
5,11947,0.0,1789587757050,120794970629689
6,11947,0.0,1789587757050,120794970629689
7,11947,0.0,1789587757050,120794970629689
0,12048,0.0,1789587757151,120794973037889
1,12048,0.0,1789587757151,120794973037889
2,12048,0.0,1789587757151,120794973037889
3,12048,0.0,1789587757151,120794973037889
4,12048,0.0,1789587757151,120794973037889
5,12048,0.0,1789587757151,120794973037889
6,12048,0.0,1789587757151,120794973037889
7,12048,0.0,1789587757151,120794973037889
0,12148,0.0,1789587757251,120794975446934
1,12148,0.0,1789587757251,120794975446934
2,12148,0.0,1789587757251,120794975446934
3,12148,0.0,1789587757251,120794975446934
4,12148,9.1,1789587757251,120794975446934
5,12148,0.0,1789587757251,120794975446934
6,12148,0.0,1789587757251,120794975446934
7,12148,0.0,1789587757251,120794975446934
0,12249,0.0,1789587757352,120794977854994
1,12249,0.0,1789587757352,120794977854994
2,12249,0.0,1789587757352,120794977854994
3,12249,0.0,1789587757352,120794977854994
4,12249,0.0,1789587757352,120794977854994
5,12249,0.0,1789587757352,120794977854994
6,12249,0.0,1789587757352,120794977854994
7,12249,0.0,1789587757352,120794977854994
0,12349,0.0,1789587757452,120794980262828
1,12349,0.0,1789587757452,120794980262828
2,12349,0.0,1789587757452,120794980262828
3,12349,0.0,1789587757452,120794980262828
4,12349,0.0,1789587757452,120794980262828
5,12349,0.0,1789587757452,120794980262828
6,12349,0.0,1789587757452,120794980262828
7,12349,0.0,1789587757452,120794980262828
0,12449,0.0,1789587757552,120794982670767
1,12449,0.0,1789587757552,120794982670767
2,12449,0.0,1789587757552,120794982670767
3,12449,0.0,1789587757552,120794982670767
4,12449,0.0,1789587757552,120794982670767
5,12449,0.0,1789587757552,120794982670767
6,12449,0.0,1789587757552,120794982670767
7,12449,0.0,1789587757552,120794982670767
0,12550,0.0,1789587757653,120794985079038
1,12550,0.0,1789587757653,120794985079038
2,12550,0.0,1789587757653,120794985079038
3,12550,0.0,1789587757653,120794985079038
4,12550,0.0,1789587757653,120794985079038
5,12550,0.0,1789587757653,120794985079038
6,12550,0.0,1789587757653,120794985079038
7,12550,0.0,1789587757653,120794985079038
0,12650,0.0,1789587757753,120794987488617
1,12650,0.0,1789587757753,120794987488617
2,12650,0.0,1789587757753,120794987488617
3,12650,0.0,1789587757753,120794987488617
4,12650,0.0,1789587757753,120794987488617
5,12650,0.0,1789587757753,120794987488617
6,12650,0.0,1789587757753,120794987488617
7,12650,0.0,1789587757753,120794987488617
0,12750,0.0,1789587757853,120794989897060
1,12750,0.0,1789587757853,120794989897060
2,12750,0.0,1789587757853,120794989897060
3,12750,0.0,1789587757853,120794989897060
4,12750,0.0,1789587757853,120794989897060
5,12750,0.0,1789587757853,120794989897060
6,12750,0.0,1789587757853,120794989897060
7,12750,0.0,1789587757853,120794989897060
0,12851,0.0,1789587757954,120794992305376
1,12851,0.0,1789587757954,120794992305376
2,12851,0.0,1789587757954,120794992305376
3,12851,0.0,1789587757954,120794992305376
4,12851,0.0,1789587757954,120794992305376
5,12851,0.0,1789587757954,120794992305376
6,12851,0.0,1789587757954,120794992305376
7,12851,0.0,1789587757954,120794992305376
0,12951,0.0,1789587758054,120794994714903
1,12951,9.1,1789587758054,120794994714903
2,12951,0.0,1789587758054,120794994714903
3,12951,0.0,1789587758054,120794994714903
4,12951,0.0,1789587758054,120794994714903
5,12951,0.0,1789587758054,120794994714903
6,12951,0.0,1789587758054,120794994714903
7,12951,0.0,1789587758054,120794994714903
0,13051,0.0,1789587758154,120794997123966
1,13051,0.0,1789587758154,120794997123966
2,13051,0.0,1789587758154,120794997123966
3,13051,0.0,1789587758154,120794997123966
4,13051,0.0,1789587758154,120794997123966
5,13051,0.0,1789587758154,120794997123966
6,13051,0.0,1789587758154,120794997123966
7,13051,0.0,1789587758154,120794997123966
0,13152,0.0,1789587758255,120794999532365
1,13152,0.0,1789587758255,120794999532365
2,13152,0.0,1789587758255,120794999532365
3,13152,0.0,1789587758255,120794999532365
4,13152,0.0,1789587758255,120794999532365
5,13152,0.0,1789587758255,120794999532365
6,13152,0.0,1789587758255,120794999532365
7,13152,0.0,1789587758255,120794999532365
0,13252,0.0,1789587758355,120795001940460
1,13252,0.0,1789587758355,120795001940460
2,13252,0.0,1789587758355,120795001940460
3,13252,0.0,1789587758355,120795001940460
4,13252,0.0,1789587758355,120795001940460
5,13252,0.0,1789587758355,120795001940460
6,13252,0.0,1789587758355,120795001940460
7,13252,0.0,1789587758355,120795001940460
0,13352,0.0,1789587758455,120795004347801
1,13352,0.0,1789587758455,120795004347801
2,13352,0.0,1789587758455,120795004347801
3,13352,0.0,1789587758455,120795004347801
4,13352,0.0,1789587758455,120795004347801
5,13352,0.0,1789587758455,120795004347801
6,13352,0.0,1789587758455,120795004347801
7,13352,0.0,1789587758455,120795004347801
0,13453,0.0,1789587758556,120795006755887
1,13453,0.0,1789587758556,120795006755887
2,13453,0.0,1789587758556,120795006755887
3,13453,0.0,1789587758556,120795006755887
4,13453,0.0,1789587758556,120795006755887
5,13453,0.0,1789587758556,120795006755887
6,13453,0.0,1789587758556,120795006755887
7,13453,0.0,1789587758556,120795006755887
0,13553,0.0,1789587758656,120795009164471
1,13553,0.0,1789587758656,120795009164471
2,13553,0.0,1789587758656,120795009164471
3,13553,0.0,1789587758656,120795009164471
4,13553,0.0,1789587758656,120795009164471
5,13553,0.0,1789587758656,120795009164471
6,13553,0.0,1789587758656,120795009164471
7,13553,9.1,1789587758656,120795009164471
0,13653,0.0,1789587758756,120795011573381
1,13653,0.0,1789587758756,120795011573381
2,13653,0.0,1789587758756,120795011573381
3,13653,0.0,1789587758756,120795011573381
4,13653,0.0,1789587758756,120795011573381
5,13653,0.0,1789587758756,120795011573381
6,13653,0.0,1789587758756,120795011573381
7,13653,0.0,1789587758756,120795011573381
0,13754,0.0,1789587758857,120795013981728
1,13754,0.0,1789587758857,120795013981728
2,13754,0.0,1789587758857,120795013981728
3,13754,0.0,1789587758857,120795013981728
4,13754,0.0,1789587758857,120795013981728
5,13754,0.0,1789587758857,120795013981728
6,13754,0.0,1789587758857,120795013981728
7,13754,0.0,1789587758857,120795013981728
0,13854,0.0,1789587758957,120795016391684
1,13854,0.0,1789587758957,120795016391684
2,13854,0.0,1789587758957,120795016391684
3,13854,0.0,1789587758957,120795016391684
4,13854,0.0,1789587758957,120795016391684
5,13854,0.0,1789587758957,120795016391684
6,13854,0.0,1789587758957,120795016391684
7,13854,0.0,1789587758957,120795016391684
0,13955,0.0,1789587759058,120795018800214
1,13955,0.0,1789587759058,120795018800214
2,13955,0.0,1789587759058,120795018800214
3,13955,0.0,1789587759058,120795018800214
4,13955,0.0,1789587759058,120795018800214
5,13955,0.0,1789587759058,120795018800214
6,13955,0.0,1789587759058,120795018800214
7,13955,0.0,1789587759058,120795018800214
0,14055,0.0,1789587759158,120795021207607
1,14055,0.0,1789587759158,120795021207607
2,14055,0.0,1789587759158,120795021207607
3,14055,0.0,1789587759158,120795021207607
4,14055,0.0,1789587759158,120795021207607
5,14055,0.0,1789587759158,120795021207607
6,14055,0.0,1789587759158,120795021207607
7,14055,0.0,1789587759158,120795021207607
0,14155,0.0,1789587759258,120795023618384
1,14155,0.0,1789587759258,120795023618384
2,14155,0.0,1789587759258,120795023618384
3,14155,0.0,1789587759258,120795023618384
4,14155,0.0,1789587759258,120795023618384
5,14155,0.0,1789587759258,120795023618384
6,14155,10.0,1789587759258,120795023618384
7,14155,0.0,1789587759258,120795023618384
0,14256,0.0,1789587759359,120795026028960
1,14256,0.0,1789587759359,120795026028960
2,14256,0.0,1789587759359,120795026028960
3,14256,0.0,1789587759359,120795026028960
4,14256,0.0,1789587759359,120795026028960
5,14256,0.0,1789587759359,120795026028960
6,14256,0.0,1789587759359,120795026028960
7,14256,0.0,1789587759359,120795026028960
0,14356,0.0,1789587759459,120795028438871
1,14356,0.0,1789587759459,120795028438871
2,14356,0.0,1789587759459,120795028438871
3,14356,0.0,1789587759459,120795028438871
4,14356,0.0,1789587759459,120795028438871
5,14356,0.0,1789587759459,120795028438871
6,14356,0.0,1789587759459,120795028438871
7,14356,0.0,1789587759459,120795028438871
0,14457,0.0,1789587759560,120795030847377
1,14457,0.0,1789587759560,120795030847377
2,14457,0.0,1789587759560,120795030847377
3,14457,0.0,1789587759560,120795030847377
4,14457,0.0,1789587759560,120795030847377
5,14457,0.0,1789587759560,120795030847377
6,14457,0.0,1789587759560,120795030847377
7,14457,0.0,1789587759560,120795030847377
0,14557,0.0,1789587759660,120795033255947
1,14557,0.0,1789587759660,120795033255947
2,14557,0.0,1789587759660,120795033255947
3,14557,0.0,1789587759660,120795033255947
4,14557,0.0,1789587759660,120795033255947
5,14557,0.0,1789587759660,120795033255947
6,14557,0.0,1789587759660,120795033255947
7,14557,0.0,1789587759660,120795033255947
0,14657,0.0,1789587759760,120795035664106
1,14657,0.0,1789587759760,120795035664106
2,14657,0.0,1789587759760,120795035664106
3,14657,0.0,1789587759760,120795035664106
4,14657,0.0,1789587759760,120795035664106
5,14657,0.0,1789587759760,120795035664106
6,14657,0.0,1789587759760,120795035664106
7,14657,0.0,1789587759760,120795035664106
0,14758,0.0,1789587759861,120795038072681
1,14758,0.0,1789587759861,120795038072681
2,14758,0.0,1789587759861,120795038072681
3,14758,0.0,1789587759861,120795038072681
4,14758,0.0,1789587759861,120795038072681
5,14758,0.0,1789587759861,120795038072681
6,14758,0.0,1789587759861,120795038072681
7,14758,0.0,1789587759861,120795038072681
0,14858,0.0,1789587759961,120795040481637
1,14858,0.0,1789587759961,120795040481637
2,14858,0.0,1789587759961,120795040481637
3,14858,0.0,1789587759961,120795040481637
4,14858,0.0,1789587759961,120795040481637
5,14858,0.0,1789587759961,120795040481637
6,14858,0.0,1789587759961,120795040481637
7,14858,0.0,1789587759961,120795040481637
0,14958,0.0,1789587760061,120795042890294
1,14958,0.0,1789587760061,120795042890294
2,14958,0.0,1789587760061,120795042890294
3,14958,0.0,1789587760061,120795042890294
4,14958,0.0,1789587760061,120795042890294
5,14958,0.0,1789587760061,120795042890294
6,14958,0.0,1789587760061,120795042890294
7,14958,0.0,1789587760061,120795042890294
0,15059,0.0,1789587760162,120795045299817
1,15059,0.0,1789587760162,120795045299817
2,15059,0.0,1789587760162,120795045299817
3,15059,0.0,1789587760162,120795045299817
4,15059,0.0,1789587760162,120795045299817
5,15059,0.0,1789587760162,120795045299817
6,15059,0.0,1789587760162,120795045299817
7,15059,0.0,1789587760162,120795045299817
0,15159,0.0,1789587760262,120795047707994
1,15159,0.0,1789587760262,120795047707994
2,15159,0.0,1789587760262,120795047707994
3,15159,0.0,1789587760262,120795047707994
4,15159,0.0,1789587760262,120795047707994
5,15159,0.0,1789587760262,120795047707994
6,15159,0.0,1789587760262,120795047707994
7,15159,0.0,1789587760262,120795047707994
0,15259,0.0,1789587760362,120795050115958
1,15259,0.0,1789587760362,120795050115958
2,15259,0.0,1789587760362,120795050115958
3,15259,0.0,1789587760362,120795050115958
4,15259,0.0,1789587760362,120795050115958
5,15259,0.0,1789587760362,120795050115958
6,15259,0.0,1789587760362,120795050115958
7,15259,0.0,1789587760362,120795050115958
0,15360,0.0,1789587760463,120795052524176
1,15360,0.0,1789587760463,120795052524176
2,15360,0.0,1789587760463,120795052524176
3,15360,0.0,1789587760463,120795052524176
4,15360,0.0,1789587760463,120795052524176
5,15360,0.0,1789587760463,120795052524176
6,15360,0.0,1789587760463,120795052524176
7,15360,0.0,1789587760463,120795052524176
0,15460,0.0,1789587760563,120795054932656
1,15460,0.0,1789587760563,120795054932656
2,15460,0.0,1789587760563,120795054932656
3,15460,0.0,1789587760563,120795054932656
4,15460,0.0,1789587760563,120795054932656
5,15460,0.0,1789587760563,120795054932656
6,15460,0.0,1789587760563,120795054932656
7,15460,0.0,1789587760563,120795054932656
0,15561,10.0,1789587760664,120795057341590
1,15561,0.0,1789587760664,120795057341590
2,15561,0.0,1789587760664,120795057341590
3,15561,0.0,1789587760664,120795057341590
4,15561,0.0,1789587760664,120795057341590
5,15561,0.0,1789587760664,120795057341590
6,15561,0.0,1789587760664,120795057341590
7,15561,0.0,1789587760664,120795057341590
0,15661,0.0,1789587760764,120795059750070
1,15661,0.0,1789587760764,120795059750070
2,15661,0.0,1789587760764,120795059750070
3,15661,0.0,1789587760764,120795059750070
4,15661,0.0,1789587760764,120795059750070
5,15661,0.0,1789587760764,120795059750070
6,15661,0.0,1789587760764,120795059750070
7,15661,0.0,1789587760764,120795059750070
0,15761,0.0,1789587760864,120795062158485
1,15761,0.0,1789587760864,120795062158485
2,15761,0.0,1789587760864,120795062158485
3,15761,0.0,1789587760864,120795062158485
4,15761,0.0,1789587760864,120795062158485
5,15761,0.0,1789587760864,120795062158485
6,15761,0.0,1789587760864,120795062158485
7,15761,0.0,1789587760864,120795062158485
0,15862,0.0,1789587760965,120795064566751
1,15862,0.0,1789587760965,120795064566751
2,15862,0.0,1789587760965,120795064566751
3,15862,0.0,1789587760965,120795064566751
4,15862,0.0,1789587760965,120795064566751
5,15862,0.0,1789587760965,120795064566751
6,15862,0.0,1789587760965,120795064566751
7,15862,0.0,1789587760965,120795064566751
0,15962,0.0,1789587761065,120795066975198
1,15962,0.0,1789587761065,120795066975198
2,15962,0.0,1789587761065,120795066975198
3,15962,0.0,1789587761065,120795066975198
4,15962,0.0,1789587761065,120795066975198
5,15962,0.0,1789587761065,120795066975198
6,15962,0.0,1789587761065,120795066975198
7,15962,9.1,1789587761065,120795066975198
0,16062,0.0,1789587761165,120795069383420
1,16062,0.0,1789587761165,120795069383420
2,16062,0.0,1789587761165,120795069383420
3,16062,0.0,1789587761165,120795069383420
4,16062,0.0,1789587761165,120795069383420
5,16062,0.0,1789587761165,120795069383420
6,16062,0.0,1789587761165,120795069383420
7,16062,0.0,1789587761165,120795069383420
0,16163,0.0,1789587761266,120795071791362
1,16163,0.0,1789587761266,120795071791362
2,16163,0.0,1789587761266,120795071791362
3,16163,0.0,1789587761266,120795071791362
4,16163,0.0,1789587761266,120795071791362
5,16163,0.0,1789587761266,120795071791362
6,16163,0.0,1789587761266,120795071791362
7,16163,0.0,1789587761266,120795071791362
0,16263,0.0,1789587761366,120795074201959
1,16263,0.0,1789587761366,120795074201959
2,16263,0.0,1789587761366,120795074201959
3,16263,0.0,1789587761366,120795074201959
4,16263,0.0,1789587761366,120795074201959
5,16263,0.0,1789587761366,120795074201959
6,16263,0.0,1789587761366,120795074201959
7,16263,0.0,1789587761366,120795074201959
0,16363,0.0,1789587761466,120795076611132
1,16363,0.0,1789587761466,120795076611132
2,16363,0.0,1789587761466,120795076611132
3,16363,0.0,1789587761466,120795076611132
4,16363,0.0,1789587761466,120795076611132
5,16363,0.0,1789587761466,120795076611132
6,16363,0.0,1789587761466,120795076611132
7,16363,0.0,1789587761466,120795076611132
0,16464,0.0,1789587761567,120795079019272
1,16464,0.0,1789587761567,120795079019272
2,16464,0.0,1789587761567,120795079019272
3,16464,0.0,1789587761567,120795079019272
4,16464,0.0,1789587761567,120795079019272
5,16464,0.0,1789587761567,120795079019272
6,16464,0.0,1789587761567,120795079019272
7,16464,0.0,1789587761567,120795079019272
0,16564,0.0,1789587761667,120795081427185
1,16564,0.0,1789587761667,120795081427185
2,16564,0.0,1789587761667,120795081427185
3,16564,0.0,1789587761667,120795081427185
4,16564,0.0,1789587761667,120795081427185
5,16564,0.0,1789587761667,120795081427185
6,16564,0.0,1789587761667,120795081427185
7,16564,0.0,1789587761667,120795081427185
0,16664,0.0,1789587761767,120795083834926
1,16664,0.0,1789587761767,120795083834926
2,16664,0.0,1789587761767,120795083834926
3,16664,0.0,1789587761767,120795083834926
4,16664,0.0,1789587761767,120795083834926
5,16664,0.0,1789587761767,120795083834926
6,16664,0.0,1789587761767,120795083834926
7,16664,0.0,1789587761767,120795083834926
0,16765,0.0,1789587761868,120795086243042
1,16765,0.0,1789587761868,120795086243042
2,16765,0.0,1789587761868,120795086243042
3,16765,0.0,1789587761868,120795086243042
4,16765,0.0,1789587761868,120795086243042
5,16765,0.0,1789587761868,120795086243042
6,16765,0.0,1789587761868,120795086243042
7,16765,0.0,1789587761868,120795086243042
0,16865,0.0,1789587761968,120795088651067
1,16865,0.0,1789587761968,120795088651067
2,16865,0.0,1789587761968,120795088651067
3,16865,0.0,1789587761968,120795088651067
4,16865,0.0,1789587761968,120795088651067
5,16865,0.0,1789587761968,120795088651067
6,16865,0.0,1789587761968,120795088651067
7,16865,0.0,1789587761968,120795088651067
0,16965,0.0,1789587762068,120795091058915
1,16965,0.0,1789587762068,120795091058915
2,16965,0.0,1789587762068,120795091058915
3,16965,0.0,1789587762068,120795091058915
4,16965,0.0,1789587762068,120795091058915
5,16965,0.0,1789587762068,120795091058915
6,16965,0.0,1789587762068,120795091058915
7,16965,0.0,1789587762068,120795091058915
0,17066,0.0,1789587762169,120795093466738
1,17066,0.0,1789587762169,120795093466738
2,17066,0.0,1789587762169,120795093466738
3,17066,0.0,1789587762169,120795093466738
4,17066,0.0,1789587762169,120795093466738
5,17066,0.0,1789587762169,120795093466738
6,17066,0.0,1789587762169,120795093466738
7,17066,0.0,1789587762169,120795093466738
0,17166,0.0,1789587762269,120795095877522
1,17166,0.0,1789587762269,120795095877522
2,17166,0.0,1789587762269,120795095877522
3,17166,0.0,1789587762269,120795095877522
4,17166,0.0,1789587762269,120795095877522
5,17166,0.0,1789587762269,120795095877522
6,17166,0.0,1789587762269,120795095877522
7,17166,0.0,1789587762269,120795095877522
0,17267,0.0,1789587762370,120795098287323
1,17267,0.0,1789587762370,120795098287323
2,17267,0.0,1789587762370,120795098287323
3,17267,0.0,1789587762370,120795098287323
4,17267,0.0,1789587762370,120795098287323
5,17267,0.0,1789587762370,120795098287323
6,17267,0.0,1789587762370,120795098287323
7,17267,0.0,1789587762370,120795098287323
0,17367,0.0,1789587762470,120795100695696
1,17367,0.0,1789587762470,120795100695696
2,17367,0.0,1789587762470,120795100695696
3,17367,0.0,1789587762470,120795100695696
4,17367,0.0,1789587762470,120795100695696
5,17367,0.0,1789587762470,120795100695696
6,17367,0.0,1789587762470,120795100695696
7,17367,0.0,1789587762470,120795100695696
0,17467,0.0,1789587762570,120795103103818
1,17467,0.0,1789587762570,120795103103818
2,17467,0.0,1789587762570,120795103103818
3,17467,0.0,1789587762570,120795103103818
4,17467,0.0,1789587762570,120795103103818
5,17467,0.0,1789587762570,120795103103818
6,17467,0.0,1789587762570,120795103103818
7,17467,0.0,1789587762570,120795103103818
0,17568,0.0,1789587762671,120795105513388
1,17568,0.0,1789587762671,120795105513388
2,17568,0.0,1789587762671,120795105513388
3,17568,0.0,1789587762671,120795105513388
4,17568,0.0,1789587762671,120795105513388
5,17568,0.0,1789587762671,120795105513388
6,17568,0.0,1789587762671,120795105513388
7,17568,0.0,1789587762671,120795105513388
0,17668,0.0,1789587762771,120795107923025
1,17668,0.0,1789587762771,120795107923025
2,17668,0.0,1789587762771,120795107923025
3,17668,0.0,1789587762771,120795107923025
4,17668,0.0,1789587762771,120795107923025
5,17668,0.0,1789587762771,120795107923025
6,17668,0.0,1789587762771,120795107923025
7,17668,0.0,1789587762771,120795107923025
0,17768,0.0,1789587762871,120795110331725
1,17768,0.0,1789587762871,120795110331725
2,17768,0.0,1789587762871,120795110331725
3,17768,0.0,1789587762871,120795110331725
4,17768,0.0,1789587762871,120795110331725
5,17768,0.0,1789587762871,120795110331725
6,17768,0.0,1789587762871,120795110331725
7,17768,0.0,1789587762871,120795110331725
0,17869,0.0,1789587762972,120795112740136
1,17869,0.0,1789587762972,120795112740136
2,17869,0.0,1789587762972,120795112740136
3,17869,0.0,1789587762972,120795112740136
4,17869,0.0,1789587762972,120795112740136
5,17869,0.0,1789587762972,120795112740136
6,17869,0.0,1789587762972,120795112740136
7,17869,0.0,1789587762972,120795112740136
0,17969,0.0,1789587763072,120795115148602
1,17969,0.0,1789587763072,120795115148602
2,17969,0.0,1789587763072,120795115148602
3,17969,0.0,1789587763072,120795115148602
4,17969,0.0,1789587763072,120795115148602
5,17969,0.0,1789587763072,120795115148602
6,17969,0.0,1789587763072,120795115148602
7,17969,0.0,1789587763072,120795115148602
0,18070,0.0,1789587763173,120795117556744
1,18070,0.0,1789587763173,120795117556744
2,18070,0.0,1789587763173,120795117556744
3,18070,0.0,1789587763173,120795117556744
4,18070,0.0,1789587763173,120795117556744
5,18070,0.0,1789587763173,120795117556744
6,18070,0.0,1789587763173,120795117556744
7,18070,0.0,1789587763173,120795117556744
0,18170,0.0,1789587763273,120795119964677
1,18170,0.0,1789587763273,120795119964677
2,18170,0.0,1789587763273,120795119964677
3,18170,0.0,1789587763273,120795119964677
4,18170,0.0,1789587763273,120795119964677
5,18170,0.0,1789587763273,120795119964677
6,18170,0.0,1789587763273,120795119964677
7,18170,0.0,1789587763273,120795119964677
0,18270,0.0,1789587763373,120795122372530
1,18270,0.0,1789587763373,120795122372530
2,18270,0.0,1789587763373,120795122372530
3,18270,0.0,1789587763373,120795122372530
4,18270,0.0,1789587763373,120795122372530
5,18270,0.0,1789587763373,120795122372530
6,18270,0.0,1789587763373,120795122372530
7,18270,0.0,1789587763373,120795122372530
0,18371,0.0,1789587763474,120795124780659
1,18371,0.0,1789587763474,120795124780659
2,18371,0.0,1789587763474,120795124780659
3,18371,0.0,1789587763474,120795124780659
4,18371,0.0,1789587763474,120795124780659
5,18371,0.0,1789587763474,120795124780659
6,18371,0.0,1789587763474,120795124780659
7,18371,0.0,1789587763474,120795124780659
0,18471,0.0,1789587763574,120795127188777
1,18471,0.0,1789587763574,120795127188777
2,18471,0.0,1789587763574,120795127188777
3,18471,0.0,1789587763574,120795127188777
4,18471,0.0,1789587763574,120795127188777
5,18471,0.0,1789587763574,120795127188777
6,18471,0.0,1789587763574,120795127188777
7,18471,0.0,1789587763574,120795127188777
0,18571,0.0,1789587763674,120795129596959
1,18571,0.0,1789587763674,120795129596959
2,18571,0.0,1789587763674,120795129596959
3,18571,0.0,1789587763674,120795129596959
4,18571,0.0,1789587763674,120795129596959
5,18571,0.0,1789587763674,120795129596959
6,18571,0.0,1789587763674,120795129596959
7,18571,0.0,1789587763674,120795129596959
0,18672,0.0,1789587763775,120795132004921
1,18672,0.0,1789587763775,120795132004921
2,18672,0.0,1789587763775,120795132004921
3,18672,0.0,1789587763775,120795132004921
4,18672,0.0,1789587763775,120795132004921
5,18672,0.0,1789587763775,120795132004921
6,18672,0.0,1789587763775,120795132004921
7,18672,0.0,1789587763775,120795132004921
0,18772,0.0,1789587763875,120795134414357
1,18772,0.0,1789587763875,120795134414357
2,18772,0.0,1789587763875,120795134414357
3,18772,0.0,1789587763875,120795134414357
4,18772,0.0,1789587763875,120795134414357
5,18772,0.0,1789587763875,120795134414357
6,18772,0.0,1789587763875,120795134414357
7,18772,0.0,1789587763875,120795134414357
0,18872,0.0,1789587763975,120795136822504
1,18872,0.0,1789587763975,120795136822504
2,18872,0.0,1789587763975,120795136822504
3,18872,0.0,1789587763975,120795136822504
4,18872,9.1,1789587763975,120795136822504
5,18872,0.0,1789587763975,120795136822504
6,18872,0.0,1789587763975,120795136822504
7,18872,0.0,1789587763975,120795136822504
0,18973,0.0,1789587764076,120795139230585
1,18973,0.0,1789587764076,120795139230585
2,18973,0.0,1789587764076,120795139230585
3,18973,0.0,1789587764076,120795139230585
4,18973,0.0,1789587764076,120795139230585
5,18973,0.0,1789587764076,120795139230585
6,18973,0.0,1789587764076,120795139230585
7,18973,0.0,1789587764076,120795139230585
0,19073,0.0,1789587764176,120795141638538
1,19073,0.0,1789587764176,120795141638538
2,19073,0.0,1789587764176,120795141638538
3,19073,0.0,1789587764176,120795141638538
4,19073,0.0,1789587764176,120795141638538
5,19073,0.0,1789587764176,120795141638538
6,19073,0.0,1789587764176,120795141638538
7,19073,0.0,1789587764176,120795141638538
0,19173,0.0,1789587764276,120795144046626
1,19173,0.0,1789587764276,120795144046626
2,19173,0.0,1789587764276,120795144046626
3,19173,0.0,1789587764276,120795144046626
4,19173,0.0,1789587764276,120795144046626
5,19173,0.0,1789587764276,120795144046626
6,19173,0.0,1789587764276,120795144046626
7,19173,0.0,1789587764276,120795144046626
0,19274,0.0,1789587764377,120795146456856
1,19274,0.0,1789587764377,120795146456856
2,19274,0.0,1789587764377,120795146456856
3,19274,0.0,1789587764377,120795146456856
4,19274,0.0,1789587764377,120795146456856
5,19274,0.0,1789587764377,120795146456856
6,19274,0.0,1789587764377,120795146456856
7,19274,0.0,1789587764377,120795146456856
0,19374,0.0,1789587764477,120795148866175
1,19374,0.0,1789587764477,120795148866175
2,19374,0.0,1789587764477,120795148866175
3,19374,0.0,1789587764477,120795148866175
4,19374,0.0,1789587764477,120795148866175
5,19374,0.0,1789587764477,120795148866175
6,19374,0.0,1789587764477,120795148866175
7,19374,0.0,1789587764477,120795148866175
0,19475,0.0,1789587764578,120795151275961
1,19475,0.0,1789587764578,120795151275961
2,19475,0.0,1789587764578,120795151275961
3,19475,0.0,1789587764578,120795151275961
4,19475,0.0,1789587764578,120795151275961
5,19475,0.0,1789587764578,120795151275961
6,19475,0.0,1789587764578,120795151275961
7,19475,0.0,1789587764578,120795151275961
0,19575,0.0,1789587764678,120795153685160
1,19575,0.0,1789587764678,120795153685160
2,19575,0.0,1789587764678,120795153685160
3,19575,0.0,1789587764678,120795153685160
4,19575,0.0,1789587764678,120795153685160
5,19575,0.0,1789587764678,120795153685160
6,19575,0.0,1789587764678,120795153685160
7,19575,0.0,1789587764678,120795153685160
0,19675,0.0,1789587764778,120795156093831
1,19675,0.0,1789587764778,120795156093831
2,19675,0.0,1789587764778,120795156093831
3,19675,0.0,1789587764778,120795156093831
4,19675,0.0,1789587764778,120795156093831
5,19675,0.0,1789587764778,120795156093831
6,19675,0.0,1789587764778,120795156093831
7,19675,0.0,1789587764778,120795156093831
0,19776,0.0,1789587764879,120795158502150
1,19776,0.0,1789587764879,120795158502150
2,19776,0.0,1789587764879,120795158502150
3,19776,0.0,1789587764879,120795158502150
4,19776,0.0,1789587764879,120795158502150
5,19776,0.0,1789587764879,120795158502150
6,19776,0.0,1789587764879,120795158502150
7,19776,0.0,1789587764879,120795158502150
0,19876,0.0,1789587764979,120795160915432
1,19876,0.0,1789587764979,120795160915432
2,19876,10.0,1789587764979,120795160915432
3,19876,0.0,1789587764979,120795160915432
4,19876,18.2,1789587764979,120795160915432
5,19876,30.0,1789587764979,120795160915432
6,19876,0.0,1789587764979,120795160915432
7,19876,0.0,1789587764979,120795160915432
0,19977,0.0,1789587765080,120795163329096
1,19977,0.0,1789587765080,120795163329096
2,19977,40.0,1789587765080,120795163329096
3,19977,0.0,1789587765080,120795163329096
4,19977,0.0,1789587765080,120795163329096
5,19977,0.0,1789587765080,120795163329096
6,19977,0.0,1789587765080,120795163329096
7,19977,9.1,1789587765080,120795163329096
0,20077,11.1,1789587765180,120795165740508
1,20077,9.1,1789587765180,120795165740508
2,20077,9.1,1789587765180,120795165740508
3,20077,0.0,1789587765180,120795165740508
4,20077,0.0,1789587765180,120795165740508
5,20077,41.7,1789587765180,120795165740508
6,20077,0.0,1789587765180,120795165740508
7,20077,10.0,1789587765180,120795165740508
0,20178,10.0,1789587765281,120795168152681
1,20178,10.0,1789587765281,120795168152681
2,20178,0.0,1789587765281,120795168152681
3,20178,10.0,1789587765281,120795168152681
4,20178,10.0,1789587765281,120795168152681
5,20178,0.0,1789587765281,120795168152681
6,20178,10.0,1789587765281,120795168152681
7,20178,0.0,1789587765281,120795168152681
0,20278,10.0,1789587765381,120795170565778
1,20278,18.2,1789587765381,120795170565778
2,20278,0.0,1789587765381,120795170565778
3,20278,40.0,1789587765381,120795170565778
4,20278,10.0,1789587765381,120795170565778
5,20278,10.0,1789587765381,120795170565778
6,20278,0.0,1789587765381,120795170565778
7,20278,18.2,1789587765381,120795170565778
0,20379,0.0,1789587765482,120795172978117
1,20379,0.0,1789587765482,120795172978117
2,20379,44.4,1789587765482,120795172978117
3,20379,20.0,1789587765482,120795172978117
4,20379,0.0,1789587765482,120795172978117
5,20379,0.0,1789587765482,120795172978117
6,20379,0.0,1789587765482,120795172978117
7,20379,0.0,1789587765482,120795172978117
0,20479,10.0,1789587765582,120795175389382
1,20479,10.0,1789587765582,120795175389382
2,20479,9.1,1789587765582,120795175389382
3,20479,36.4,1789587765582,120795175389382
4,20479,0.0,1789587765582,120795175389382
5,20479,0.0,1789587765582,120795175389382
6,20479,0.0,1789587765582,120795175389382
7,20479,0.0,1789587765582,120795175389382
0,20580,0.0,1789587765683,120795177802122
1,20580,0.0,1789587765683,120795177802122
2,20580,9.1,1789587765683,120795177802122
3,20580,9.1,1789587765683,120795177802122
4,20580,10.0,1789587765683,120795177802122
5,20580,0.0,1789587765683,120795177802122
6,20580,11.1,1789587765683,120795177802122
7,20580,10.0,1789587765683,120795177802122
0,20680,30.0,1789587765783,120795180216399
1,20680,0.0,1789587765783,120795180216399
2,20680,0.0,1789587765783,120795180216399
3,20680,0.0,1789587765783,120795180216399
4,20680,0.0,1789587765783,120795180216399
5,20680,36.4,1789587765783,120795180216399
6,20680,18.2,1789587765783,120795180216399
7,20680,44.4,1789587765783,120795180216399
0,20781,44.4,1789587765884,120795182629142
1,20781,0.0,1789587765884,120795182629142
2,20781,0.0,1789587765884,120795182629142
3,20781,0.0,1789587765884,120795182629142
4,20781,0.0,1789587765884,120795182629142
5,20781,25.0,1789587765884,120795182629142
6,20781,0.0,1789587765884,120795182629142
7,20781,33.3,1789587765884,120795182629142
0,20881,0.0,1789587765984,120795185041864
1,20881,10.0,1789587765984,120795185041864
2,20881,0.0,1789587765984,120795185041864
3,20881,0.0,1789587765984,120795185041864
4,20881,0.0,1789587765984,120795185041864
5,20881,10.0,1789587765984,120795185041864
6,20881,0.0,1789587765984,120795185041864
7,20881,12.5,1789587765984,120795185041864
0,20982,33.3,1789587766085,120795187455182
1,20982,0.0,1789587766085,120795187455182
2,20982,0.0,1789587766085,120795187455182
3,20982,0.0,1789587766085,120795187455182
4,20982,10.0,1789587766085,120795187455182
5,20982,30.0,1789587766085,120795187455182
6,20982,9.1,1789587766085,120795187455182
7,20982,33.3,1789587766085,120795187455182
0,21083,28.6,1789587766186,120795189868216
1,21083,10.0,1789587766186,120795189868216
2,21083,0.0,1789587766186,120795189868216
3,21083,0.0,1789587766186,120795189868216
4,21083,0.0,1789587766186,120795189868216
5,21083,22.2,1789587766186,120795189868216
6,21083,10.0,1789587766186,120795189868216
7,21083,37.5,1789587766186,120795189868216
0,21183,14.3,1789587766286,120795192282388
1,21183,0.0,1789587766286,120795192282388
2,21183,0.0,1789587766286,120795192282388
3,21183,0.0,1789587766286,120795192282388
4,21183,0.0,1789587766286,120795192282388
5,21183,22.2,1789587766286,120795192282388
6,21183,0.0,1789587766286,120795192282388
7,21183,14.3,1789587766286,120795192282388
0,21284,25.0,1789587766387,120795194694691
1,21284,0.0,1789587766387,120795194694691
2,21284,0.0,1789587766387,120795194694691
3,21284,0.0,1789587766387,120795194694691
4,21284,0.0,1789587766387,120795194694691
5,21284,30.0,1789587766387,120795194694691
6,21284,9.1,1789587766387,120795194694691
7,21284,33.3,1789587766387,120795194694691
0,21384,44.4,1789587766487,120795197107886
1,21384,11.1,1789587766487,120795197107886
2,21384,0.0,1789587766487,120795197107886
3,21384,0.0,1789587766487,120795197107886
4,21384,0.0,1789587766487,120795197107886
5,21384,22.2,1789587766487,120795197107886
6,21384,0.0,1789587766487,120795197107886
7,21384,25.0,1789587766487,120795197107886
0,21485,33.3,1789587766588,120795199520387
1,21485,10.0,1789587766588,120795199520387
2,21485,0.0,1789587766588,120795199520387
3,21485,0.0,1789587766588,120795199520387
4,21485,0.0,1789587766588,120795199520387
5,21485,22.2,1789587766588,120795199520387
6,21485,9.1,1789587766588,120795199520387
7,21485,28.6,1789587766588,120795199520387
0,21585,33.3,1789587766688,120795201932824
1,21585,0.0,1789587766688,120795201932824
2,21585,0.0,1789587766688,120795201932824
3,21585,0.0,1789587766688,120795201932824
4,21585,0.0,1789587766688,120795201932824
5,21585,36.4,1789587766688,120795201932824
6,21585,10.0,1789587766688,120795201932824
7,21585,22.2,1789587766688,120795201932824
0,21686,33.3,1789587766789,120795204345435
1,21686,11.1,1789587766789,120795204345435
2,21686,0.0,1789587766789,120795204345435
3,21686,0.0,1789587766789,120795204345435
4,21686,0.0,1789587766789,120795204345435
5,21686,22.2,1789587766789,120795204345435
6,21686,0.0,1789587766789,120795204345435
7,21686,33.3,1789587766789,120795204345435
0,21786,12.5,1789587766889,120795206758140
1,21786,10.0,1789587766889,120795206758140
2,21786,0.0,1789587766889,120795206758140
3,21786,0.0,1789587766889,120795206758140
4,21786,0.0,1789587766889,120795206758140
5,21786,27.3,1789587766889,120795206758140
6,21786,0.0,1789587766889,120795206758140
7,21786,22.2,1789587766889,120795206758140
0,21887,40.0,1789587766990,120795209170680
1,21887,0.0,1789587766990,120795209170680
2,21887,0.0,1789587766990,120795209170680
3,21887,0.0,1789587766990,120795209170680
4,21887,0.0,1789587766990,120795209170680
5,21887,12.5,1789587766990,120795209170680
6,21887,9.1,1789587766990,120795209170680
7,21887,33.3,1789587766990,120795209170680
0,21987,33.3,1789587767090,120795211583532
1,21987,11.1,1789587767090,120795211583532
2,21987,0.0,1789587767090,120795211583532
3,21987,0.0,1789587767090,120795211583532
4,21987,0.0,1789587767090,120795211583532
5,21987,11.1,1789587767090,120795211583532
6,21987,0.0,1789587767090,120795211583532
7,21987,33.3,1789587767090,120795211583532
0,22088,33.3,1789587767191,120795213995553
1,22088,9.1,1789587767191,120795213995553
2,22088,0.0,1789587767191,120795213995553
3,22088,0.0,1789587767191,120795213995553
4,22088,0.0,1789587767191,120795213995553
5,22088,40.0,1789587767191,120795213995553
6,22088,18.2,1789587767191,120795213995553
7,22088,33.3,1789587767191,120795213995553
0,22188,14.3,1789587767291,120795216409345
1,22188,0.0,1789587767291,120795216409345
2,22188,0.0,1789587767291,120795216409345
3,22188,0.0,1789587767291,120795216409345
4,22188,9.1,1789587767291,120795216409345
5,22188,30.0,1789587767291,120795216409345
6,22188,0.0,1789587767291,120795216409345
7,22188,37.5,1789587767291,120795216409345
0,22289,25.0,1789587767392,120795218821825
1,22289,0.0,1789587767392,120795218821825
2,22289,0.0,1789587767392,120795218821825
3,22289,0.0,1789587767392,120795218821825
4,22289,0.0,1789587767392,120795218821825
5,22289,22.2,1789587767392,120795218821825
6,22289,0.0,1789587767392,120795218821825
7,22289,25.0,1789587767392,120795218821825
0,22390,0.0,1789587767493,120795221235241
1,22390,0.0,1789587767493,120795221235241
2,22390,0.0,1789587767493,120795221235241
3,22390,0.0,1789587767493,120795221235241
4,22390,0.0,1789587767493,120795221235241
5,22390,20.0,1789587767493,120795221235241
6,22390,0.0,1789587767493,120795221235241
7,22390,22.2,1789587767493,120795221235241
0,22490,37.5,1789587767593,120795223647529
1,22490,0.0,1789587767593,120795223647529
2,22490,0.0,1789587767593,120795223647529
3,22490,10.0,1789587767593,120795223647529
4,22490,0.0,1789587767593,120795223647529
5,22490,27.3,1789587767593,120795223647529
6,22490,0.0,1789587767593,120795223647529
7,22490,37.5,1789587767593,120795223647529
0,22591,40.0,1789587767694,120795226060197
1,22591,0.0,1789587767694,120795226060197
2,22591,0.0,1789587767694,120795226060197
3,22591,0.0,1789587767694,120795226060197
4,22591,0.0,1789587767694,120795226060197
5,22591,12.5,1789587767694,120795226060197
6,22591,0.0,1789587767694,120795226060197
7,22591,44.4,1789587767694,120795226060197
0,22691,0.0,1789587767794,120795228472918
1,22691,0.0,1789587767794,120795228472918
2,22691,0.0,1789587767794,120795228472918
3,22691,0.0,1789587767794,120795228472918
4,22691,0.0,1789587767794,120795228472918
5,22691,36.4,1789587767794,120795228472918
6,22691,0.0,1789587767794,120795228472918
7,22691,44.4,1789587767794,120795228472918
0,22792,22.2,1789587767895,120795230885365
1,22792,0.0,1789587767895,120795230885365
2,22792,0.0,1789587767895,120795230885365
3,22792,0.0,1789587767895,120795230885365
4,22792,0.0,1789587767895,120795230885365
5,22792,20.0,1789587767895,120795230885365
6,22792,9.1,1789587767895,120795230885365
7,22792,33.3,1789587767895,120795230885365
0,22892,11.1,1789587767995,120795233299860
1,22892,0.0,1789587767995,120795233299860
2,22892,0.0,1789587767995,120795233299860
3,22892,11.1,1789587767995,120795233299860
4,22892,18.2,1789587767995,120795233299860
5,22892,10.0,1789587767995,120795233299860
6,22892,30.0,1789587767995,120795233299860
7,22892,10.0,1789587767995,120795233299860
0,22993,0.0,1789587768096,120795235712324
1,22993,0.0,1789587768096,120795235712324
2,22993,0.0,1789587768096,120795235712324
3,22993,40.0,1789587768096,120795235712324
4,22993,0.0,1789587768096,120795235712324
5,22993,0.0,1789587768096,120795235712324
6,22993,10.0,1789587768096,120795235712324
7,22993,0.0,1789587768096,120795235712324
0,23093,18.2,1789587768196,120795238123842
1,23093,18.2,1789587768196,120795238123842
2,23093,0.0,1789587768196,120795238123842
3,23093,9.1,1789587768196,120795238123842
4,23093,0.0,1789587768196,120795238123842
5,23093,0.0,1789587768196,120795238123842
6,23093,33.3,1789587768196,120795238123842
7,23093,0.0,1789587768196,120795238123842
0,23194,0.0,1789587768297,120795240536908
1,23194,10.0,1789587768297,120795240536908
2,23194,10.0,1789587768297,120795240536908
3,23194,0.0,1789587768297,120795240536908
4,23194,0.0,1789587768297,120795240536908
5,23194,10.0,1789587768297,120795240536908
6,23194,9.1,1789587768297,120795240536908
7,23194,0.0,1789587768297,120795240536908
0,23294,11.1,1789587768397,120795242949617
1,23294,10.0,1789587768397,120795242949617
2,23294,20.0,1789587768397,120795242949617
3,23294,20.0,1789587768397,120795242949617
4,23294,45.5,1789587768397,120795242949617
5,23294,18.2,1789587768397,120795242949617
6,23294,11.1,1789587768397,120795242949617
7,23294,18.2,1789587768397,120795242949617
0,23395,0.0,1789587768498,120795245362597
1,23395,0.0,1789587768498,120795245362597
2,23395,0.0,1789587768498,120795245362597
3,23395,0.0,1789587768498,120795245362597
4,23395,0.0,1789587768498,120795245362597
5,23395,0.0,1789587768498,120795245362597
6,23395,40.0,1789587768498,120795245362597
7,23395,0.0,1789587768498,120795245362597
0,23495,18.2,1789587768598,120795247774630
1,23495,18.2,1789587768598,120795247774630
2,23495,0.0,1789587768598,120795247774630
3,23495,9.1,1789587768598,120795247774630
4,23495,40.0,1789587768598,120795247774630
5,23495,0.0,1789587768598,120795247774630
6,23495,0.0,1789587768598,120795247774630
7,23495,0.0,1789587768598,120795247774630
0,23596,10.0,1789587768699,120795250189391
1,23596,0.0,1789587768699,120795250189391
2,23596,11.1,1789587768699,120795250189391
3,23596,16.7,1789587768699,120795250189391
4,23596,10.0,1789587768699,120795250189391
5,23596,0.0,1789587768699,120795250189391
6,23596,0.0,1789587768699,120795250189391
7,23596,0.0,1789587768699,120795250189391
0,23697,20.0,1789587768800,120795252602739
1,23697,10.0,1789587768800,120795252602739
2,23697,0.0,1789587768800,120795252602739
3,23697,0.0,1789587768800,120795252602739
4,23697,9.1,1789587768800,120795252602739
5,23697,30.0,1789587768800,120795252602739
6,23697,25.0,1789587768800,120795252602739
7,23697,18.2,1789587768800,120795252602739
0,23797,0.0,1789587768900,120795255015036
1,23797,0.0,1789587768900,120795255015036
2,23797,0.0,1789587768900,120795255015036
3,23797,0.0,1789587768900,120795255015036
4,23797,0.0,1789587768900,120795255015036
5,23797,10.0,1789587768900,120795255015036
6,23797,40.0,1789587768900,120795255015036
7,23797,0.0,1789587768900,120795255015036
0,23898,9.1,1789587769001,120795257426894
1,23898,20.0,1789587769001,120795257426894
2,23898,0.0,1789587769001,120795257426894
3,23898,0.0,1789587769001,120795257426894
4,23898,10.0,1789587769001,120795257426894
5,23898,40.0,1789587769001,120795257426894
6,23898,0.0,1789587769001,120795257426894
7,23898,0.0,1789587769001,120795257426894
0,23998,0.0,1789587769101,120795259839968
1,23998,0.0,1789587769101,120795259839968
2,23998,0.0,1789587769101,120795259839968
3,23998,0.0,1789587769101,120795259839968
4,23998,0.0,1789587769101,120795259839968
5,23998,0.0,1789587769101,120795259839968
6,23998,10.0,1789587769101,120795259839968
7,23998,0.0,1789587769101,120795259839968
0,24099,0.0,1789587769202,120795262252236
1,24099,0.0,1789587769202,120795262252236
2,24099,10.0,1789587769202,120795262252236
3,24099,0.0,1789587769202,120795262252236
4,24099,0.0,1789587769202,120795262252236
5,24099,16.7,1789587769202,120795262252236
6,24099,0.0,1789587769202,120795262252236
7,24099,20.0,1789587769202,120795262252236
0,24199,0.0,1789587769302,120795264662320
1,24199,0.0,1789587769302,120795264662320
2,24199,0.0,1789587769302,120795264662320
3,24199,0.0,1789587769302,120795264662320
4,24199,0.0,1789587769302,120795264662320
5,24199,0.0,1789587769302,120795264662320
6,24199,0.0,1789587769302,120795264662320
7,24199,0.0,1789587769302,120795264662320
0,24299,0.0,1789587769402,120795267070160
1,24299,0.0,1789587769402,120795267070160
2,24299,0.0,1789587769402,120795267070160
3,24299,0.0,1789587769402,120795267070160
4,24299,0.0,1789587769402,120795267070160
5,24299,0.0,1789587769402,120795267070160
6,24299,0.0,1789587769402,120795267070160
7,24299,0.0,1789587769402,120795267070160
0,24400,0.0,1789587769503,120795269481096
1,24400,0.0,1789587769503,120795269481096
2,24400,0.0,1789587769503,120795269481096
3,24400,0.0,1789587769503,120795269481096
4,24400,9.1,1789587769503,120795269481096
5,24400,0.0,1789587769503,120795269481096
6,24400,0.0,1789587769503,120795269481096
7,24400,0.0,1789587769503,120795269481096
0,24500,0.0,1789587769603,120795271891565
1,24500,0.0,1789587769603,120795271891565
2,24500,0.0,1789587769603,120795271891565
3,24500,0.0,1789587769603,120795271891565
4,24500,0.0,1789587769603,120795271891565
5,24500,0.0,1789587769603,120795271891565
6,24500,0.0,1789587769603,120795271891565
7,24500,0.0,1789587769603,120795271891565
0,24601,0.0,1789587769704,120795274299057
1,24601,0.0,1789587769704,120795274299057
2,24601,0.0,1789587769704,120795274299057
3,24601,0.0,1789587769704,120795274299057
4,24601,0.0,1789587769704,120795274299057
5,24601,0.0,1789587769704,120795274299057
6,24601,0.0,1789587769704,120795274299057
7,24601,0.0,1789587769704,120795274299057
0,24701,0.0,1789587769804,120795276706232
1,24701,0.0,1789587769804,120795276706232
2,24701,0.0,1789587769804,120795276706232
3,24701,0.0,1789587769804,120795276706232
4,24701,0.0,1789587769804,120795276706232
5,24701,0.0,1789587769804,120795276706232
6,24701,0.0,1789587769804,120795276706232
7,24701,0.0,1789587769804,120795276706232
0,24801,0.0,1789587769904,120795279115037
1,24801,0.0,1789587769904,120795279115037
2,24801,0.0,1789587769904,120795279115037
3,24801,0.0,1789587769904,120795279115037
4,24801,0.0,1789587769904,120795279115037
5,24801,0.0,1789587769904,120795279115037
6,24801,0.0,1789587769904,120795279115037
7,24801,0.0,1789587769904,120795279115037
0,24902,0.0,1789587770005,120795281522992
1,24902,0.0,1789587770005,120795281522992
2,24902,0.0,1789587770005,120795281522992
3,24902,0.0,1789587770005,120795281522992
4,24902,0.0,1789587770005,120795281522992
5,24902,0.0,1789587770005,120795281522992
6,24902,0.0,1789587770005,120795281522992
7,24902,9.1,1789587770005,120795281522992
0,25002,0.0,1789587770105,120795283930424
1,25002,0.0,1789587770105,120795283930424
2,25002,0.0,1789587770105,120795283930424
3,25002,0.0,1789587770105,120795283930424
4,25002,0.0,1789587770105,120795283930424
5,25002,0.0,1789587770105,120795283930424
6,25002,0.0,1789587770105,120795283930424
7,25002,0.0,1789587770105,120795283930424
0,25102,0.0,1789587770205,120795286337339
1,25102,0.0,1789587770205,120795286337339
2,25102,0.0,1789587770205,120795286337339
3,25102,0.0,1789587770205,120795286337339
4,25102,0.0,1789587770205,120795286337339
5,25102,0.0,1789587770205,120795286337339
6,25102,0.0,1789587770205,120795286337339
7,25102,0.0,1789587770205,120795286337339
0,25203,0.0,1789587770306,120795288747942
1,25203,0.0,1789587770306,120795288747942
2,25203,0.0,1789587770306,120795288747942
3,25203,0.0,1789587770306,120795288747942
4,25203,0.0,1789587770306,120795288747942
5,25203,0.0,1789587770306,120795288747942
6,25203,0.0,1789587770306,120795288747942
7,25203,0.0,1789587770306,120795288747942
0,25303,0.0,1789587770406,120795291156747
1,25303,0.0,1789587770406,120795291156747
2,25303,0.0,1789587770406,120795291156747
3,25303,0.0,1789587770406,120795291156747
4,25303,0.0,1789587770406,120795291156747
5,25303,0.0,1789587770406,120795291156747
6,25303,0.0,1789587770406,120795291156747
7,25303,0.0,1789587770406,120795291156747
0,25403,0.0,1789587770506,120795293563981
1,25403,0.0,1789587770506,120795293563981
2,25403,0.0,1789587770506,120795293563981
3,25403,0.0,1789587770506,120795293563981
4,25403,0.0,1789587770506,120795293563981
5,25403,0.0,1789587770506,120795293563981
6,25403,0.0,1789587770506,120795293563981
7,25403,0.0,1789587770506,120795293563981
0,25504,0.0,1789587770607,120795295971721
1,25504,0.0,1789587770607,120795295971721
2,25504,0.0,1789587770607,120795295971721
3,25504,0.0,1789587770607,120795295971721
4,25504,0.0,1789587770607,120795295971721
5,25504,0.0,1789587770607,120795295971721
6,25504,0.0,1789587770607,120795295971721
7,25504,0.0,1789587770607,120795295971721
0,25604,0.0,1789587770707,120795298380660
1,25604,0.0,1789587770707,120795298380660
2,25604,10.0,1789587770707,120795298380660
3,25604,0.0,1789587770707,120795298380660
4,25604,0.0,1789587770707,120795298380660
5,25604,0.0,1789587770707,120795298380660
6,25604,0.0,1789587770707,120795298380660
7,25604,0.0,1789587770707,120795298380660
0,25704,9.1,1789587770807,120795300790326
1,25704,0.0,1789587770807,120795300790326
2,25704,0.0,1789587770807,120795300790326
3,25704,0.0,1789587770807,120795300790326
4,25704,9.1,1789587770807,120795300790326
5,25704,0.0,1789587770807,120795300790326
6,25704,0.0,1789587770807,120795300790326
7,25704,0.0,1789587770807,120795300790326
0,25805,0.0,1789587770908,120795303199756
1,25805,0.0,1789587770908,120795303199756
2,25805,0.0,1789587770908,120795303199756
3,25805,0.0,1789587770908,120795303199756
4,25805,0.0,1789587770908,120795303199756
5,25805,0.0,1789587770908,120795303199756
6,25805,0.0,1789587770908,120795303199756
7,25805,0.0,1789587770908,120795303199756
0,25905,0.0,1789587771008,120795305607743
1,25905,0.0,1789587771008,120795305607743
2,25905,0.0,1789587771008,120795305607743
3,25905,0.0,1789587771008,120795305607743
4,25905,0.0,1789587771008,120795305607743
5,25905,0.0,1789587771008,120795305607743
6,25905,0.0,1789587771008,120795305607743
7,25905,0.0,1789587771008,120795305607743
0,26005,0.0,1789587771108,120795308016531
1,26005,0.0,1789587771108,120795308016531
2,26005,0.0,1789587771108,120795308016531
3,26005,0.0,1789587771108,120795308016531
4,26005,0.0,1789587771108,120795308016531
5,26005,0.0,1789587771108,120795308016531
6,26005,0.0,1789587771108,120795308016531
7,26005,0.0,1789587771108,120795308016531
0,26106,0.0,1789587771209,120795310428358
1,26106,0.0,1789587771209,120795310428358
2,26106,0.0,1789587771209,120795310428358
3,26106,10.0,1789587771209,120795310428358
4,26106,0.0,1789587771209,120795310428358
5,26106,10.0,1789587771209,120795310428358
6,26106,0.0,1789587771209,120795310428358
7,26106,0.0,1789587771209,120795310428358
0,26206,0.0,1789587771309,120795312841615
1,26206,0.0,1789587771309,120795312841615
2,26206,0.0,1789587771309,120795312841615
3,26206,0.0,1789587771309,120795312841615
4,26206,0.0,1789587771309,120795312841615
5,26206,22.2,1789587771309,120795312841615
6,26206,0.0,1789587771309,120795312841615
7,26206,20.0,1789587771309,120795312841615
0,26307,0.0,1789587771410,120795315253293
1,26307,0.0,1789587771410,120795315253293
2,26307,0.0,1789587771410,120795315253293
3,26307,0.0,1789587771410,120795315253293
4,26307,0.0,1789587771410,120795315253293
5,26307,40.0,1789587771410,120795315253293
6,26307,0.0,1789587771410,120795315253293
7,26307,30.0,1789587771410,120795315253293
0,26408,0.0,1789587771511,120795317666466
1,26408,0.0,1789587771511,120795317666466
2,26408,20.0,1789587771511,120795317666466
3,26408,0.0,1789587771511,120795317666466
4,26408,10.0,1789587771511,120795317666466
5,26408,0.0,1789587771511,120795317666466
6,26408,10.0,1789587771511,120795317666466
7,26408,20.0,1789587771511,120795317666466
0,26508,9.1,1789587771611,120795320079097
1,26508,18.2,1789587771611,120795320079097
2,26508,0.0,1789587771611,120795320079097
3,26508,0.0,1789587771611,120795320079097
4,26508,0.0,1789587771611,120795320079097
5,26508,16.7,1789587771611,120795320079097
6,26508,10.0,1789587771611,120795320079097
7,26508,10.0,1789587771611,120795320079097
0,26609,0.0,1789587771712,120795322490640
1,26609,0.0,1789587771712,120795322490640
2,26609,0.0,1789587771712,120795322490640
3,26609,0.0,1789587771712,120795322490640
4,26609,0.0,1789587771712,120795322490640
5,26609,0.0,1789587771712,120795322490640
6,26609,0.0,1789587771712,120795322490640
7,26609,0.0,1789587771712,120795322490640
0,26709,0.0,1789587771812,120795324899913
1,26709,0.0,1789587771812,120795324899913
2,26709,0.0,1789587771812,120795324899913
3,26709,0.0,1789587771812,120795324899913
4,26709,0.0,1789587771812,120795324899913
5,26709,0.0,1789587771812,120795324899913
6,26709,0.0,1789587771812,120795324899913
7,26709,0.0,1789587771812,120795324899913
0,26809,0.0,1789587771912,120795327308044
1,26809,0.0,1789587771912,120795327308044
2,26809,0.0,1789587771912,120795327308044
3,26809,0.0,1789587771912,120795327308044
4,26809,0.0,1789587771912,120795327308044
5,26809,0.0,1789587771912,120795327308044
6,26809,0.0,1789587771912,120795327308044
7,26809,0.0,1789587771912,120795327308044
0,26910,0.0,1789587772013,120795329716877
1,26910,0.0,1789587772013,120795329716877
2,26910,0.0,1789587772013,120795329716877
3,26910,0.0,1789587772013,120795329716877
4,26910,0.0,1789587772013,120795329716877
5,26910,0.0,1789587772013,120795329716877
6,26910,0.0,1789587772013,120795329716877
7,26910,0.0,1789587772013,120795329716877
0,27010,0.0,1789587772113,120795332124594
1,27010,0.0,1789587772113,120795332124594
2,27010,0.0,1789587772113,120795332124594
3,27010,0.0,1789587772113,120795332124594
4,27010,0.0,1789587772113,120795332124594
5,27010,0.0,1789587772113,120795332124594
6,27010,0.0,1789587772113,120795332124594
7,27010,0.0,1789587772113,120795332124594
0,27110,0.0,1789587772213,120795334531503
1,27110,0.0,1789587772213,120795334531503
2,27110,0.0,1789587772213,120795334531503
3,27110,0.0,1789587772213,120795334531503
4,27110,0.0,1789587772213,120795334531503
5,27110,0.0,1789587772213,120795334531503
6,27110,0.0,1789587772213,120795334531503
7,27110,0.0,1789587772213,120795334531503
0,27211,0.0,1789587772314,120795336938385
1,27211,0.0,1789587772314,120795336938385
2,27211,0.0,1789587772314,120795336938385
3,27211,0.0,1789587772314,120795336938385
4,27211,0.0,1789587772314,120795336938385
5,27211,0.0,1789587772314,120795336938385
6,27211,0.0,1789587772314,120795336938385
7,27211,0.0,1789587772314,120795336938385
0,27311,0.0,1789587772414,120795339346736
1,27311,0.0,1789587772414,120795339346736
2,27311,0.0,1789587772414,120795339346736
3,27311,0.0,1789587772414,120795339346736
4,27311,0.0,1789587772414,120795339346736
5,27311,0.0,1789587772414,120795339346736
6,27311,0.0,1789587772414,120795339346736
7,27311,0.0,1789587772414,120795339346736
0,27411,0.0,1789587772514,120795341753651
1,27411,0.0,1789587772514,120795341753651
2,27411,0.0,1789587772514,120795341753651
3,27411,0.0,1789587772514,120795341753651
4,27411,0.0,1789587772514,120795341753651
5,27411,0.0,1789587772514,120795341753651
6,27411,0.0,1789587772514,120795341753651
7,27411,0.0,1789587772514,120795341753651
0,27511,0.0,1789587772614,120795344160564
1,27511,0.0,1789587772614,120795344160564
2,27511,0.0,1789587772614,120795344160564
3,27511,0.0,1789587772614,120795344160564
4,27511,0.0,1789587772614,120795344160564
5,27511,0.0,1789587772614,120795344160564
6,27511,0.0,1789587772614,120795344160564
7,27511,0.0,1789587772614,120795344160564
0,27612,0.0,1789587772715,120795346568055
1,27612,0.0,1789587772715,120795346568055
2,27612,0.0,1789587772715,120795346568055
3,27612,0.0,1789587772715,120795346568055
4,27612,0.0,1789587772715,120795346568055
5,27612,0.0,1789587772715,120795346568055
6,27612,0.0,1789587772715,120795346568055
7,27612,0.0,1789587772715,120795346568055
0,27712,0.0,1789587772815,120795348975123
1,27712,0.0,1789587772815,120795348975123
2,27712,0.0,1789587772815,120795348975123
3,27712,0.0,1789587772815,120795348975123
4,27712,0.0,1789587772815,120795348975123
5,27712,0.0,1789587772815,120795348975123
6,27712,0.0,1789587772815,120795348975123
7,27712,0.0,1789587772815,120795348975123
0,27812,0.0,1789587772915,120795351382032
1,27812,0.0,1789587772915,120795351382032
2,27812,0.0,1789587772915,120795351382032
3,27812,0.0,1789587772915,120795351382032
4,27812,0.0,1789587772915,120795351382032
5,27812,0.0,1789587772915,120795351382032
6,27812,0.0,1789587772915,120795351382032
7,27812,0.0,1789587772915,120795351382032
0,27913,0.0,1789587773016,120795353789230
1,27913,0.0,1789587773016,120795353789230
2,27913,0.0,1789587773016,120795353789230
3,27913,0.0,1789587773016,120795353789230
4,27913,0.0,1789587773016,120795353789230
5,27913,0.0,1789587773016,120795353789230
6,27913,0.0,1789587773016,120795353789230
7,27913,0.0,1789587773016,120795353789230
0,28013,0.0,1789587773116,120795356196332
1,28013,0.0,1789587773116,120795356196332
2,28013,0.0,1789587773116,120795356196332
3,28013,0.0,1789587773116,120795356196332
4,28013,0.0,1789587773116,120795356196332
5,28013,0.0,1789587773116,120795356196332
6,28013,0.0,1789587773116,120795356196332
7,28013,0.0,1789587773116,120795356196332
0,28113,0.0,1789587773216,120795358603219
1,28113,0.0,1789587773216,120795358603219
2,28113,0.0,1789587773216,120795358603219
3,28113,0.0,1789587773216,120795358603219
4,28113,0.0,1789587773216,120795358603219
5,28113,0.0,1789587773216,120795358603219
6,28113,0.0,1789587773216,120795358603219
7,28113,0.0,1789587773216,120795358603219
0,28214,0.0,1789587773317,120795361009971
1,28214,0.0,1789587773317,120795361009971
2,28214,0.0,1789587773317,120795361009971
3,28214,0.0,1789587773317,120795361009971
4,28214,0.0,1789587773317,120795361009971
5,28214,0.0,1789587773317,120795361009971
6,28214,0.0,1789587773317,120795361009971
7,28214,0.0,1789587773317,120795361009971
0,28314,0.0,1789587773417,120795363418522
1,28314,0.0,1789587773417,120795363418522
2,28314,0.0,1789587773417,120795363418522
3,28314,0.0,1789587773417,120795363418522
4,28314,0.0,1789587773417,120795363418522
5,28314,0.0,1789587773417,120795363418522
6,28314,0.0,1789587773417,120795363418522
7,28314,0.0,1789587773417,120795363418522
0,28414,0.0,1789587773517,120795365826311
1,28414,0.0,1789587773517,120795365826311
2,28414,0.0,1789587773517,120795365826311
3,28414,0.0,1789587773517,120795365826311
4,28414,0.0,1789587773517,120795365826311
5,28414,0.0,1789587773517,120795365826311
6,28414,0.0,1789587773517,120795365826311
7,28414,0.0,1789587773517,120795365826311
0,28515,0.0,1789587773618,120795368240498
1,28515,0.0,1789587773618,120795368240498
2,28515,0.0,1789587773618,120795368240498
3,28515,10.0,1789587773618,120795368240498
4,28515,0.0,1789587773618,120795368240498
5,28515,0.0,1789587773618,120795368240498
6,28515,0.0,1789587773618,120795368240498
7,28515,0.0,1789587773618,120795368240498
0,28615,0.0,1789587773718,120795370653026
1,28615,0.0,1789587773718,120795370653026
2,28615,0.0,1789587773718,120795370653026
3,28615,0.0,1789587773718,120795370653026
4,28615,0.0,1789587773718,120795370653026
5,28615,22.2,1789587773718,120795370653026
6,28615,0.0,1789587773718,120795370653026
7,28615,0.0,1789587773718,120795370653026
0,28716,0.0,1789587773819,120795373064131
1,28716,0.0,1789587773819,120795373064131
2,28716,0.0,1789587773819,120795373064131
3,28716,0.0,1789587773819,120795373064131
4,28716,0.0,1789587773819,120795373064131
5,28716,20.0,1789587773819,120795373064131
6,28716,0.0,1789587773819,120795373064131
7,28716,50.0,1789587773819,120795373064131
0,28816,0.0,1789587773919,120795375477700
1,28816,0.0,1789587773919,120795375477700
2,28816,18.2,1789587773919,120795375477700
3,28816,0.0,1789587773919,120795375477700
4,28816,18.2,1789587773919,120795375477700
5,28816,27.3,1789587773919,120795375477700
6,28816,0.0,1789587773919,120795375477700
7,28816,20.0,1789587773919,120795375477700
0,28917,10.0,1789587774020,120795377890315
1,28917,10.0,1789587774020,120795377890315
2,28917,0.0,1789587774020,120795377890315
3,28917,0.0,1789587774020,120795377890315
4,28917,0.0,1789587774020,120795377890315
5,28917,0.0,1789587774020,120795377890315
6,28917,10.0,1789587774020,120795377890315
7,28917,9.1,1789587774020,120795377890315
0,29017,10.0,1789587774120,120795380303165
1,29017,0.0,1789587774120,120795380303165
2,29017,0.0,1789587774120,120795380303165
3,29017,0.0,1789587774120,120795380303165
4,29017,10.0,1789587774120,120795380303165
5,29017,0.0,1789587774120,120795380303165
6,29017,0.0,1789587774120,120795380303165
7,29017,10.0,1789587774120,120795380303165
0,29118,0.0,1789587774221,120795382712620
1,29118,0.0,1789587774221,120795382712620
2,29118,0.0,1789587774221,120795382712620
3,29118,0.0,1789587774221,120795382712620
4,29118,0.0,1789587774221,120795382712620
5,29118,0.0,1789587774221,120795382712620
6,29118,0.0,1789587774221,120795382712620
7,29118,0.0,1789587774221,120795382712620
0,29218,0.0,1789587774321,120795385124156
1,29218,9.1,1789587774321,120795385124156
2,29218,0.0,1789587774321,120795385124156
3,29218,10.0,1789587774321,120795385124156
4,29218,0.0,1789587774321,120795385124156
5,29218,0.0,1789587774321,120795385124156
6,29218,0.0,1789587774321,120795385124156
7,29218,0.0,1789587774321,120795385124156
0,29319,0.0,1789587774422,120795387533811
1,29319,0.0,1789587774422,120795387533811
2,29319,0.0,1789587774422,120795387533811
3,29319,0.0,1789587774422,120795387533811
4,29319,0.0,1789587774422,120795387533811
5,29319,0.0,1789587774422,120795387533811
6,29319,0.0,1789587774422,120795387533811
7,29319,0.0,1789587774422,120795387533811
0,29419,0.0,1789587774522,120795389941263
1,29419,0.0,1789587774522,120795389941263
2,29419,0.0,1789587774522,120795389941263
3,29419,0.0,1789587774522,120795389941263
4,29419,0.0,1789587774522,120795389941263
5,29419,0.0,1789587774522,120795389941263
6,29419,0.0,1789587774522,120795389941263
7,29419,0.0,1789587774522,120795389941263
0,29519,0.0,1789587774622,120795392352186
1,29519,0.0,1789587774622,120795392352186
2,29519,0.0,1789587774622,120795392352186
3,29519,0.0,1789587774622,120795392352186
4,29519,0.0,1789587774622,120795392352186
5,29519,0.0,1789587774622,120795392352186
6,29519,0.0,1789587774622,120795392352186
7,29519,0.0,1789587774622,120795392352186
0,29620,0.0,1789587774723,120795394763243
1,29620,0.0,1789587774723,120795394763243
2,29620,0.0,1789587774723,120795394763243
3,29620,0.0,1789587774723,120795394763243
4,29620,0.0,1789587774723,120795394763243
5,29620,0.0,1789587774723,120795394763243
6,29620,0.0,1789587774723,120795394763243
7,29620,0.0,1789587774723,120795394763243
0,29720,0.0,1789587774823,120795397172294
1,29720,0.0,1789587774823,120795397172294
2,29720,0.0,1789587774823,120795397172294
3,29720,0.0,1789587774823,120795397172294
4,29720,0.0,1789587774823,120795397172294
5,29720,0.0,1789587774823,120795397172294
6,29720,0.0,1789587774823,120795397172294
7,29720,0.0,1789587774823,120795397172294
0,29821,0.0,1789587774924,120795399579622
1,29821,0.0,1789587774924,120795399579622
2,29821,0.0,1789587774924,120795399579622
3,29821,0.0,1789587774924,120795399579622
4,29821,0.0,1789587774924,120795399579622
5,29821,0.0,1789587774924,120795399579622
6,29821,0.0,1789587774924,120795399579622
7,29821,0.0,1789587774924,120795399579622
0,29921,0.0,1789587775024,120795401987011
1,29921,0.0,1789587775024,120795401987011
2,29921,0.0,1789587775024,120795401987011
3,29921,0.0,1789587775024,120795401987011
4,29921,0.0,1789587775024,120795401987011
5,29921,0.0,1789587775024,120795401987011
6,29921,0.0,1789587775024,120795401987011
7,29921,0.0,1789587775024,120795401987011
0,30021,0.0,1789587775124,120795404394247
1,30021,0.0,1789587775124,120795404394247
2,30021,0.0,1789587775124,120795404394247
3,30021,0.0,1789587775124,120795404394247
4,30021,0.0,1789587775124,120795404394247
5,30021,0.0,1789587775124,120795404394247
6,30021,0.0,1789587775124,120795404394247
7,30021,0.0,1789587775124,120795404394247
0,30122,0.0,1789587775225,120795406801653
1,30122,0.0,1789587775225,120795406801653
2,30122,0.0,1789587775225,120795406801653
3,30122,0.0,1789587775225,120795406801653
4,30122,0.0,1789587775225,120795406801653
5,30122,0.0,1789587775225,120795406801653
6,30122,0.0,1789587775225,120795406801653
7,30122,0.0,1789587775225,120795406801653
0,30222,0.0,1789587775325,120795409208746
1,30222,0.0,1789587775325,120795409208746
2,30222,0.0,1789587775325,120795409208746
3,30222,0.0,1789587775325,120795409208746
4,30222,0.0,1789587775325,120795409208746
5,30222,0.0,1789587775325,120795409208746
6,30222,0.0,1789587775325,120795409208746
7,30222,0.0,1789587775325,120795409208746
0,30322,0.0,1789587775425,120795411615589
1,30322,0.0,1789587775425,120795411615589
2,30322,0.0,1789587775425,120795411615589
3,30322,0.0,1789587775425,120795411615589
4,30322,0.0,1789587775425,120795411615589
5,30322,0.0,1789587775425,120795411615589
6,30322,0.0,1789587775425,120795411615589
7,30322,0.0,1789587775425,120795411615589
0,30422,0.0,1789587775525,120795414022370
1,30422,0.0,1789587775525,120795414022370
2,30422,0.0,1789587775525,120795414022370
3,30422,0.0,1789587775525,120795414022370
4,30422,0.0,1789587775525,120795414022370
5,30422,0.0,1789587775525,120795414022370
6,30422,0.0,1789587775525,120795414022370
7,30422,0.0,1789587775525,120795414022370
0,30523,0.0,1789587775626,120795416429268
1,30523,0.0,1789587775626,120795416429268
2,30523,0.0,1789587775626,120795416429268
3,30523,0.0,1789587775626,120795416429268
4,30523,0.0,1789587775626,120795416429268
5,30523,0.0,1789587775626,120795416429268
6,30523,0.0,1789587775626,120795416429268
7,30523,0.0,1789587775626,120795416429268
0,30623,0.0,1789587775726,120795418838526
1,30623,0.0,1789587775726,120795418838526
2,30623,0.0,1789587775726,120795418838526
3,30623,0.0,1789587775726,120795418838526
4,30623,0.0,1789587775726,120795418838526
5,30623,0.0,1789587775726,120795418838526
6,30623,0.0,1789587775726,120795418838526
7,30623,0.0,1789587775726,120795418838526
0,30723,0.0,1789587775826,120795421246189
1,30723,0.0,1789587775826,120795421246189
2,30723,0.0,1789587775826,120795421246189
3,30723,0.0,1789587775826,120795421246189
4,30723,0.0,1789587775826,120795421246189
5,30723,0.0,1789587775826,120795421246189
6,30723,0.0,1789587775826,120795421246189
7,30723,0.0,1789587775826,120795421246189
0,30824,0.0,1789587775927,120795423655172
1,30824,0.0,1789587775927,120795423655172
2,30824,0.0,1789587775927,120795423655172
3,30824,0.0,1789587775927,120795423655172
4,30824,0.0,1789587775927,120795423655172
5,30824,0.0,1789587775927,120795423655172
6,30824,0.0,1789587775927,120795423655172
7,30824,0.0,1789587775927,120795423655172
0,30924,0.0,1789587776027,120795426065916
1,30924,0.0,1789587776027,120795426065916
2,30924,0.0,1789587776027,120795426065916
3,30924,0.0,1789587776027,120795426065916
4,30924,9.1,1789587776027,120795426065916
5,30924,0.0,1789587776027,120795426065916
6,30924,0.0,1789587776027,120795426065916
7,30924,0.0,1789587776027,120795426065916
0,31025,0.0,1789587776128,120795428476781
1,31025,0.0,1789587776128,120795428476781
2,31025,0.0,1789587776128,120795428476781
3,31025,20.0,1789587776128,120795428476781
4,31025,0.0,1789587776128,120795428476781
5,31025,36.4,1789587776128,120795428476781
6,31025,0.0,1789587776128,120795428476781
7,31025,10.0,1789587776128,120795428476781
0,31125,0.0,1789587776228,120795430888256
1,31125,0.0,1789587776228,120795430888256
2,31125,0.0,1789587776228,120795430888256
3,31125,0.0,1789587776228,120795430888256
4,31125,0.0,1789587776228,120795430888256
5,31125,11.1,1789587776228,120795430888256
6,31125,0.0,1789587776228,120795430888256
7,31125,45.5,1789587776228,120795430888256
0,31226,10.0,1789587776329,120795433300266
1,31226,0.0,1789587776329,120795433300266
2,31226,10.0,1789587776329,120795433300266
3,31226,0.0,1789587776329,120795433300266
4,31226,0.0,1789587776329,120795433300266
5,31226,30.0,1789587776329,120795433300266
6,31226,9.1,1789587776329,120795433300266
7,31226,20.0,1789587776329,120795433300266
0,31326,0.0,1789587776429,120795435713348
1,31326,18.2,1789587776429,120795435713348
2,31326,0.0,1789587776429,120795435713348
3,31326,0.0,1789587776429,120795435713348
4,31326,9.1,1789587776429,120795435713348
5,31326,0.0,1789587776429,120795435713348
6,31326,0.0,1789587776429,120795435713348
7,31326,0.0,1789587776429,120795435713348
0,31427,10.0,1789587776530,120795438126190
1,31427,0.0,1789587776530,120795438126190
2,31427,0.0,1789587776530,120795438126190
3,31427,0.0,1789587776530,120795438126190
4,31427,0.0,1789587776530,120795438126190
5,31427,9.1,1789587776530,120795438126190
6,31427,18.2,1789587776530,120795438126190
7,31427,0.0,1789587776530,120795438126190
0,31527,0.0,1789587776630,120795440536230
1,31527,0.0,1789587776630,120795440536230
2,31527,0.0,1789587776630,120795440536230
3,31527,0.0,1789587776630,120795440536230
4,31527,0.0,1789587776630,120795440536230
5,31527,0.0,1789587776630,120795440536230
6,31527,0.0,1789587776630,120795440536230
7,31527,0.0,1789587776630,120795440536230
0,31628,10.0,1789587776731,120795442946594
1,31628,0.0,1789587776731,120795442946594
2,31628,0.0,1789587776731,120795442946594
3,31628,0.0,1789587776731,120795442946594
4,31628,0.0,1789587776731,120795442946594
5,31628,0.0,1789587776731,120795442946594
6,31628,0.0,1789587776731,120795442946594
7,31628,0.0,1789587776731,120795442946594
0,31728,0.0,1789587776831,120795445356406
1,31728,0.0,1789587776831,120795445356406
2,31728,0.0,1789587776831,120795445356406
3,31728,0.0,1789587776831,120795445356406
4,31728,0.0,1789587776831,120795445356406
5,31728,0.0,1789587776831,120795445356406
6,31728,0.0,1789587776831,120795445356406
7,31728,0.0,1789587776831,120795445356406
0,31828,0.0,1789587776931,120795447764232
1,31828,0.0,1789587776931,120795447764232
2,31828,0.0,1789587776931,120795447764232
3,31828,0.0,1789587776931,120795447764232
4,31828,0.0,1789587776931,120795447764232
5,31828,0.0,1789587776931,120795447764232
6,31828,0.0,1789587776931,120795447764232
7,31828,0.0,1789587776931,120795447764232
0,31929,0.0,1789587777032,120795450171797
1,31929,0.0,1789587777032,120795450171797
2,31929,0.0,1789587777032,120795450171797
3,31929,0.0,1789587777032,120795450171797
4,31929,0.0,1789587777032,120795450171797
5,31929,0.0,1789587777032,120795450171797
6,31929,0.0,1789587777032,120795450171797
7,31929,0.0,1789587777032,120795450171797
0,32029,0.0,1789587777132,120795452578896
1,32029,0.0,1789587777132,120795452578896
2,32029,0.0,1789587777132,120795452578896
3,32029,0.0,1789587777132,120795452578896
4,32029,0.0,1789587777132,120795452578896
5,32029,0.0,1789587777132,120795452578896
6,32029,0.0,1789587777132,120795452578896
7,32029,0.0,1789587777132,120795452578896
0,32129,0.0,1789587777232,120795454987114
1,32129,0.0,1789587777232,120795454987114
2,32129,0.0,1789587777232,120795454987114
3,32129,0.0,1789587777232,120795454987114
4,32129,0.0,1789587777232,120795454987114
5,32129,0.0,1789587777232,120795454987114
6,32129,0.0,1789587777232,120795454987114
7,32129,0.0,1789587777232,120795454987114
0,32230,0.0,1789587777333,120795457397744
1,32230,0.0,1789587777333,120795457397744
2,32230,0.0,1789587777333,120795457397744
3,32230,0.0,1789587777333,120795457397744
4,32230,0.0,1789587777333,120795457397744
5,32230,0.0,1789587777333,120795457397744
6,32230,0.0,1789587777333,120795457397744
7,32230,0.0,1789587777333,120795457397744
0,32330,0.0,1789587777433,120795459806700
1,32330,0.0,1789587777433,120795459806700
2,32330,0.0,1789587777433,120795459806700
3,32330,0.0,1789587777433,120795459806700
4,32330,0.0,1789587777433,120795459806700
5,32330,0.0,1789587777433,120795459806700
6,32330,0.0,1789587777433,120795459806700
7,32330,0.0,1789587777433,120795459806700
0,32430,0.0,1789587777533,120795462214182
1,32430,0.0,1789587777533,120795462214182
2,32430,0.0,1789587777533,120795462214182
3,32430,0.0,1789587777533,120795462214182
4,32430,0.0,1789587777533,120795462214182
5,32430,0.0,1789587777533,120795462214182
6,32430,0.0,1789587777533,120795462214182
7,32430,0.0,1789587777533,120795462214182
0,32531,0.0,1789587777634,120795464621444
1,32531,0.0,1789587777634,120795464621444
2,32531,0.0,1789587777634,120795464621444
3,32531,0.0,1789587777634,120795464621444
4,32531,0.0,1789587777634,120795464621444
5,32531,0.0,1789587777634,120795464621444
6,32531,0.0,1789587777634,120795464621444
7,32531,0.0,1789587777634,120795464621444
0,32631,0.0,1789587777734,120795467029570
1,32631,0.0,1789587777734,120795467029570
2,32631,0.0,1789587777734,120795467029570
3,32631,0.0,1789587777734,120795467029570
4,32631,0.0,1789587777734,120795467029570
5,32631,0.0,1789587777734,120795467029570
6,32631,0.0,1789587777734,120795467029570
7,32631,0.0,1789587777734,120795467029570
0,32731,0.0,1789587777834,120795469437428
1,32731,0.0,1789587777834,120795469437428
2,32731,0.0,1789587777834,120795469437428
3,32731,0.0,1789587777834,120795469437428
4,32731,0.0,1789587777834,120795469437428
5,32731,0.0,1789587777834,120795469437428
6,32731,0.0,1789587777834,120795469437428
7,32731,0.0,1789587777834,120795469437428
0,32832,0.0,1789587777935,120795471844879
1,32832,0.0,1789587777935,120795471844879
2,32832,0.0,1789587777935,120795471844879
3,32832,0.0,1789587777935,120795471844879
4,32832,0.0,1789587777935,120795471844879
5,32832,0.0,1789587777935,120795471844879
6,32832,0.0,1789587777935,120795471844879
7,32832,0.0,1789587777935,120795471844879
0,32932,0.0,1789587778035,120795474255248
1,32932,0.0,1789587778035,120795474255248
2,32932,0.0,1789587778035,120795474255248
3,32932,0.0,1789587778035,120795474255248
4,32932,9.1,1789587778035,120795474255248
5,32932,0.0,1789587778035,120795474255248
6,32932,0.0,1789587778035,120795474255248
7,32932,0.0,1789587778035,120795474255248
0,33032,0.0,1789587778135,120795476663711
1,33032,0.0,1789587778135,120795476663711
2,33032,0.0,1789587778135,120795476663711
3,33032,0.0,1789587778135,120795476663711
4,33032,0.0,1789587778135,120795476663711
5,33032,0.0,1789587778135,120795476663711
6,33032,0.0,1789587778135,120795476663711
7,33032,0.0,1789587778135,120795476663711
0,33133,0.0,1789587778236,120795479070922
1,33133,0.0,1789587778236,120795479070922
2,33133,0.0,1789587778236,120795479070922
3,33133,0.0,1789587778236,120795479070922
4,33133,0.0,1789587778236,120795479070922
5,33133,0.0,1789587778236,120795479070922
6,33133,0.0,1789587778236,120795479070922
7,33133,9.1,1789587778236,120795479070922
0,33233,0.0,1789587778336,120795481478178
1,33233,0.0,1789587778336,120795481478178
2,33233,0.0,1789587778336,120795481478178
3,33233,0.0,1789587778336,120795481478178
4,33233,0.0,1789587778336,120795481478178
5,33233,0.0,1789587778336,120795481478178
6,33233,0.0,1789587778336,120795481478178
7,33233,0.0,1789587778336,120795481478178
0,33333,0.0,1789587778436,120795483886437
1,33333,0.0,1789587778436,120795483886437
2,33333,0.0,1789587778436,120795483886437
3,33333,0.0,1789587778436,120795483886437
4,33333,0.0,1789587778436,120795483886437
5,33333,0.0,1789587778436,120795483886437
6,33333,0.0,1789587778436,120795483886437
7,33333,0.0,1789587778436,120795483886437
0,33434,0.0,1789587778537,120795486296639
1,33434,0.0,1789587778537,120795486296639
2,33434,0.0,1789587778537,120795486296639
3,33434,10.0,1789587778537,120795486296639
4,33434,0.0,1789587778537,120795486296639
5,33434,30.0,1789587778537,120795486296639
6,33434,0.0,1789587778537,120795486296639
7,33434,0.0,1789587778537,120795486296639
0,33534,0.0,1789587778637,120795488707955
1,33534,0.0,1789587778637,120795488707955
2,33534,0.0,1789587778637,120795488707955
3,33534,0.0,1789587778637,120795488707955
4,33534,0.0,1789587778637,120795488707955
5,33534,10.0,1789587778637,120795488707955
6,33534,0.0,1789587778637,120795488707955
7,33534,44.4,1789587778637,120795488707955
0,33635,0.0,1789587778738,120795491135083
1,33635,0.0,1789587778738,120795491135083
2,33635,10.0,1789587778738,120795491135083
3,33635,0.0,1789587778738,120795491135083
4,33635,0.0,1789587778738,120795491135083
5,33635,30.0,1789587778738,120795491135083
6,33635,0.0,1789587778738,120795491135083
7,33635,11.1,1789587778738,120795491135083
0,33736,10.0,1789587778839,120795493550509
1,33736,10.0,1789587778839,120795493550509
2,33736,18.2,1789587778839,120795493550509
3,33736,0.0,1789587778839,120795493550509
4,33736,10.0,1789587778839,120795493550509
5,33736,0.0,1789587778839,120795493550509
6,33736,9.1,1789587778839,120795493550509
7,33736,0.0,1789587778839,120795493550509
0,33837,0.0,1789587778940,120795495963540
1,33837,0.0,1789587778940,120795495963540
2,33837,0.0,1789587778940,120795495963540
3,33837,0.0,1789587778940,120795495963540
4,33837,0.0,1789587778940,120795495963540
5,33837,9.1,1789587778940,120795495963540
6,33837,10.0,1789587778940,120795495963540
7,33837,25.0,1789587778940,120795495963540
0,33937,0.0,1789587779040,120795498373860
1,33937,0.0,1789587779040,120795498373860
2,33937,0.0,1789587779040,120795498373860
3,33937,0.0,1789587779040,120795498373860
4,33937,0.0,1789587779040,120795498373860
5,33937,0.0,1789587779040,120795498373860
6,33937,0.0,1789587779040,120795498373860
7,33937,0.0,1789587779040,120795498373860
0,34037,9.1,1789587779140,120795500783293
1,34037,0.0,1789587779140,120795500783293
2,34037,0.0,1789587779140,120795500783293
3,34037,0.0,1789587779140,120795500783293
4,34037,0.0,1789587779140,120795500783293
5,34037,0.0,1789587779140,120795500783293
6,34037,0.0,1789587779140,120795500783293
7,34037,0.0,1789587779140,120795500783293
0,34138,0.0,1789587779241,120795503192558
1,34138,0.0,1789587779241,120795503192558
2,34138,0.0,1789587779241,120795503192558
3,34138,0.0,1789587779241,120795503192558
4,34138,0.0,1789587779241,120795503192558
5,34138,0.0,1789587779241,120795503192558
6,34138,0.0,1789587779241,120795503192558
7,34138,0.0,1789587779241,120795503192558
0,34238,0.0,1789587779341,120795505600923
1,34238,0.0,1789587779341,120795505600923
2,34238,0.0,1789587779341,120795505600923
3,34238,0.0,1789587779341,120795505600923
4,34238,0.0,1789587779341,120795505600923
5,34238,0.0,1789587779341,120795505600923
6,34238,0.0,1789587779341,120795505600923
7,34238,0.0,1789587779341,120795505600923
0,34339,0.0,1789587779442,120795508008791
1,34339,0.0,1789587779442,120795508008791
2,34339,0.0,1789587779442,120795508008791
3,34339,0.0,1789587779442,120795508008791
4,34339,0.0,1789587779442,120795508008791
5,34339,0.0,1789587779442,120795508008791
6,34339,0.0,1789587779442,120795508008791
7,34339,0.0,1789587779442,120795508008791
0,34439,0.0,1789587779542,120795510416462
1,34439,0.0,1789587779542,120795510416462
2,34439,0.0,1789587779542,120795510416462
3,34439,0.0,1789587779542,120795510416462
4,34439,0.0,1789587779542,120795510416462
5,34439,0.0,1789587779542,120795510416462
6,34439,0.0,1789587779542,120795510416462
7,34439,0.0,1789587779542,120795510416462
0,34539,0.0,1789587779642,120795512824452
1,34539,0.0,1789587779642,120795512824452
2,34539,0.0,1789587779642,120795512824452
3,34539,0.0,1789587779642,120795512824452
4,34539,0.0,1789587779642,120795512824452
5,34539,0.0,1789587779642,120795512824452
6,34539,0.0,1789587779642,120795512824452
7,34539,0.0,1789587779642,120795512824452
0,34640,0.0,1789587779743,120795515234743
1,34640,0.0,1789587779743,120795515234743
2,34640,0.0,1789587779743,120795515234743
3,34640,0.0,1789587779743,120795515234743
4,34640,0.0,1789587779743,120795515234743
5,34640,0.0,1789587779743,120795515234743
6,34640,0.0,1789587779743,120795515234743
7,34640,0.0,1789587779743,120795515234743
0,34772,0.0,1789587779875,120795518405739
1,34772,0.0,1789587779875,120795518405739
2,34772,0.0,1789587779875,120795518405739
3,34772,0.0,1789587779875,120795518405739
4,34772,0.0,1789587779875,120795518405739
5,34772,0.0,1789587779875,120795518405739
6,34772,0.0,1789587779875,120795518405739
7,34772,0.0,1789587779875,120795518405739
0,34872,0.0,1789587779975,120795520815004
1,34872,0.0,1789587779975,120795520815004
2,34872,0.0,1789587779975,120795520815004
3,34872,0.0,1789587779975,120795520815004
4,34872,0.0,1789587779975,120795520815004
5,34872,0.0,1789587779975,120795520815004
6,34872,0.0,1789587779975,120795520815004
7,34872,0.0,1789587779975,120795520815004
0,34973,0.0,1789587780076,120795523223966
1,34973,0.0,1789587780076,120795523223966
2,34973,0.0,1789587780076,120795523223966
3,34973,0.0,1789587780076,120795523223966
4,34973,0.0,1789587780076,120795523223966
5,34973,0.0,1789587780076,120795523223966
6,34973,0.0,1789587780076,120795523223966
7,34973,0.0,1789587780076,120795523223966
0,35073,0.0,1789587780176,120795525632204
1,35073,0.0,1789587780176,120795525632204
2,35073,0.0,1789587780176,120795525632204
3,35073,0.0,1789587780176,120795525632204
4,35073,0.0,1789587780176,120795525632204
5,35073,0.0,1789587780176,120795525632204
6,35073,0.0,1789587780176,120795525632204
7,35073,0.0,1789587780176,120795525632204
0,35173,0.0,1789587780276,120795528043006
1,35173,0.0,1789587780276,120795528043006
2,35173,0.0,1789587780276,120795528043006
3,35173,0.0,1789587780276,120795528043006
4,35173,0.0,1789587780276,120795528043006
5,35173,0.0,1789587780276,120795528043006
6,35173,9.1,1789587780276,120795528043006
7,35173,0.0,1789587780276,120795528043006
0,35274,0.0,1789587780377,120795530453112
1,35274,0.0,1789587780377,120795530453112
2,35274,0.0,1789587780377,120795530453112
3,35274,0.0,1789587780377,120795530453112
4,35274,0.0,1789587780377,120795530453112
5,35274,0.0,1789587780377,120795530453112
6,35274,0.0,1789587780377,120795530453112
7,35274,0.0,1789587780377,120795530453112
0,35374,0.0,1789587780477,120795532861596
1,35374,0.0,1789587780477,120795532861596
2,35374,0.0,1789587780477,120795532861596
3,35374,0.0,1789587780477,120795532861596
4,35374,0.0,1789587780477,120795532861596
5,35374,0.0,1789587780477,120795532861596
6,35374,0.0,1789587780477,120795532861596
7,35374,0.0,1789587780477,120795532861596
0,35474,0.0,1789587780577,120795535269492
1,35474,0.0,1789587780577,120795535269492
2,35474,0.0,1789587780577,120795535269492
3,35474,0.0,1789587780577,120795535269492
4,35474,0.0,1789587780577,120795535269492
5,35474,0.0,1789587780577,120795535269492
6,35474,0.0,1789587780577,120795535269492
7,35474,0.0,1789587780577,120795535269492
0,35575,0.0,1789587780678,120795537677660
1,35575,0.0,1789587780678,120795537677660
2,35575,0.0,1789587780678,120795537677660
3,35575,9.1,1789587780678,120795537677660
4,35575,0.0,1789587780678,120795537677660
5,35575,0.0,1789587780678,120795537677660
6,35575,0.0,1789587780678,120795537677660
7,35575,0.0,1789587780678,120795537677660
0,35675,0.0,1789587780778,120795540087467
1,35675,0.0,1789587780778,120795540087467
2,35675,0.0,1789587780778,120795540087467
3,35675,0.0,1789587780778,120795540087467
4,35675,0.0,1789587780778,120795540087467
5,35675,0.0,1789587780778,120795540087467
6,35675,0.0,1789587780778,120795540087467
7,35675,0.0,1789587780778,120795540087467
0,35776,0.0,1789587780879,120795542498678
1,35776,0.0,1789587780879,120795542498678
2,35776,0.0,1789587780879,120795542498678
3,35776,0.0,1789587780879,120795542498678
4,35776,0.0,1789587780879,120795542498678
5,35776,0.0,1789587780879,120795542498678
6,35776,0.0,1789587780879,120795542498678
7,35776,0.0,1789587780879,120795542498678
0,35876,0.0,1789587780979,120795544910132
1,35876,0.0,1789587780979,120795544910132
2,35876,9.1,1789587780979,120795544910132
3,35876,0.0,1789587780979,120795544910132
4,35876,0.0,1789587780979,120795544910132
5,35876,0.0,1789587780979,120795544910132
6,35876,0.0,1789587780979,120795544910132
7,35876,0.0,1789587780979,120795544910132
0,35977,0.0,1789587781080,120795547319804
1,35977,0.0,1789587781080,120795547319804
2,35977,0.0,1789587781080,120795547319804
3,35977,0.0,1789587781080,120795547319804
4,35977,0.0,1789587781080,120795547319804
5,35977,0.0,1789587781080,120795547319804
6,35977,0.0,1789587781080,120795547319804
7,35977,0.0,1789587781080,120795547319804
0,36077,9.1,1789587781180,120795549729025
1,36077,0.0,1789587781180,120795549729025
2,36077,0.0,1789587781180,120795549729025
3,36077,0.0,1789587781180,120795549729025
4,36077,0.0,1789587781180,120795549729025
5,36077,0.0,1789587781180,120795549729025
6,36077,0.0,1789587781180,120795549729025
7,36077,0.0,1789587781180,120795549729025
0,36177,0.0,1789587781280,120795552137351
1,36177,0.0,1789587781280,120795552137351
2,36177,0.0,1789587781280,120795552137351
3,36177,0.0,1789587781280,120795552137351
4,36177,0.0,1789587781280,120795552137351
5,36177,0.0,1789587781280,120795552137351
6,36177,0.0,1789587781280,120795552137351
7,36177,0.0,1789587781280,120795552137351
0,36278,0.0,1789587781381,120795554544963
1,36278,0.0,1789587781381,120795554544963
2,36278,0.0,1789587781381,120795554544963
3,36278,0.0,1789587781381,120795554544963
4,36278,0.0,1789587781381,120795554544963
5,36278,0.0,1789587781381,120795554544963
6,36278,0.0,1789587781381,120795554544963
7,36278,0.0,1789587781381,120795554544963
0,36378,0.0,1789587781481,120795556952438
1,36378,0.0,1789587781481,120795556952438
2,36378,0.0,1789587781481,120795556952438
3,36378,0.0,1789587781481,120795556952438
4,36378,0.0,1789587781481,120795556952438
5,36378,0.0,1789587781481,120795556952438
6,36378,0.0,1789587781481,120795556952438
7,36378,0.0,1789587781481,120795556952438
0,36478,0.0,1789587781581,120795559360235
1,36478,0.0,1789587781581,120795559360235
2,36478,0.0,1789587781581,120795559360235
3,36478,0.0,1789587781581,120795559360235
4,36478,0.0,1789587781581,120795559360235
5,36478,0.0,1789587781581,120795559360235
6,36478,0.0,1789587781581,120795559360235
7,36478,0.0,1789587781581,120795559360235
0,36579,0.0,1789587781682,120795561768132
1,36579,0.0,1789587781682,120795561768132
2,36579,0.0,1789587781682,120795561768132
3,36579,0.0,1789587781682,120795561768132
4,36579,0.0,1789587781682,120795561768132
5,36579,0.0,1789587781682,120795561768132
6,36579,0.0,1789587781682,120795561768132
7,36579,0.0,1789587781682,120795561768132
0,36679,0.0,1789587781782,120795564176512
1,36679,0.0,1789587781782,120795564176512
2,36679,0.0,1789587781782,120795564176512
3,36679,0.0,1789587781782,120795564176512
4,36679,0.0,1789587781782,120795564176512
5,36679,0.0,1789587781782,120795564176512
6,36679,0.0,1789587781782,120795564176512
7,36679,0.0,1789587781782,120795564176512
0,36779,0.0,1789587781882,120795566585443
1,36779,0.0,1789587781882,120795566585443
2,36779,0.0,1789587781882,120795566585443
3,36779,0.0,1789587781882,120795566585443
4,36779,0.0,1789587781882,120795566585443
5,36779,0.0,1789587781882,120795566585443
6,36779,0.0,1789587781882,120795566585443
7,36779,0.0,1789587781882,120795566585443
0,36880,0.0,1789587781983,120795568994346
1,36880,0.0,1789587781983,120795568994346
2,36880,0.0,1789587781983,120795568994346
3,36880,0.0,1789587781983,120795568994346
4,36880,0.0,1789587781983,120795568994346
5,36880,0.0,1789587781983,120795568994346
6,36880,0.0,1789587781983,120795568994346
7,36880,0.0,1789587781983,120795568994346
0,36980,0.0,1789587782083,120795571405154
1,36980,0.0,1789587782083,120795571405154
2,36980,0.0,1789587782083,120795571405154
3,36980,0.0,1789587782083,120795571405154
4,36980,0.0,1789587782083,120795571405154
5,36980,0.0,1789587782083,120795571405154
6,36980,0.0,1789587782083,120795571405154
7,36980,10.0,1789587782083,120795571405154
0,37080,0.0,1789587782183,120795573814899
1,37080,0.0,1789587782183,120795573814899
2,37080,0.0,1789587782183,120795573814899
3,37080,0.0,1789587782183,120795573814899
4,37080,0.0,1789587782183,120795573814899
5,37080,0.0,1789587782183,120795573814899
6,37080,0.0,1789587782183,120795573814899
7,37080,0.0,1789587782183,120795573814899
0,37181,0.0,1789587782284,120795576222227
1,37181,0.0,1789587782284,120795576222227
2,37181,0.0,1789587782284,120795576222227
3,37181,0.0,1789587782284,120795576222227
4,37181,0.0,1789587782284,120795576222227
5,37181,0.0,1789587782284,120795576222227
6,37181,0.0,1789587782284,120795576222227
7,37181,0.0,1789587782284,120795576222227
0,37281,0.0,1789587782384,120795578628891
1,37281,0.0,1789587782384,120795578628891
2,37281,0.0,1789587782384,120795578628891
3,37281,0.0,1789587782384,120795578628891
4,37281,0.0,1789587782384,120795578628891
5,37281,0.0,1789587782384,120795578628891
6,37281,0.0,1789587782384,120795578628891
7,37281,0.0,1789587782384,120795578628891
0,37381,0.0,1789587782484,120795581036125
1,37381,0.0,1789587782484,120795581036125
2,37381,0.0,1789587782484,120795581036125
3,37381,0.0,1789587782484,120795581036125
4,37381,0.0,1789587782484,120795581036125
5,37381,0.0,1789587782484,120795581036125
6,37381,0.0,1789587782484,120795581036125
7,37381,0.0,1789587782484,120795581036125
0,37482,0.0,1789587782585,120795583443642
1,37482,0.0,1789587782585,120795583443642
2,37482,0.0,1789587782585,120795583443642
3,37482,0.0,1789587782585,120795583443642
4,37482,0.0,1789587782585,120795583443642
5,37482,0.0,1789587782585,120795583443642
6,37482,0.0,1789587782585,120795583443642
7,37482,0.0,1789587782585,120795583443642
0,37582,0.0,1789587782685,120795585851197
1,37582,0.0,1789587782685,120795585851197
2,37582,0.0,1789587782685,120795585851197
3,37582,0.0,1789587782685,120795585851197
4,37582,0.0,1789587782685,120795585851197
5,37582,0.0,1789587782685,120795585851197
6,37582,0.0,1789587782685,120795585851197
7,37582,0.0,1789587782685,120795585851197
0,37682,0.0,1789587782785,120795588258676
1,37682,0.0,1789587782785,120795588258676
2,37682,0.0,1789587782785,120795588258676
3,37682,0.0,1789587782785,120795588258676
4,37682,0.0,1789587782785,120795588258676
5,37682,0.0,1789587782785,120795588258676
6,37682,0.0,1789587782785,120795588258676
7,37682,0.0,1789587782785,120795588258676
0,37783,0.0,1789587782886,120795590666353
1,37783,0.0,1789587782886,120795590666353
2,37783,0.0,1789587782886,120795590666353
3,37783,0.0,1789587782886,120795590666353
4,37783,0.0,1789587782886,120795590666353
5,37783,0.0,1789587782886,120795590666353
6,37783,0.0,1789587782886,120795590666353
7,37783,0.0,1789587782886,120795590666353
0,37883,0.0,1789587782986,120795593073760
1,37883,0.0,1789587782986,120795593073760
2,37883,0.0,1789587782986,120795593073760
3,37883,0.0,1789587782986,120795593073760
4,37883,0.0,1789587782986,120795593073760
5,37883,0.0,1789587782986,120795593073760
6,37883,0.0,1789587782986,120795593073760
7,37883,0.0,1789587782986,120795593073760
0,37983,0.0,1789587783086,120795595481015
1,37983,0.0,1789587783086,120795595481015
2,37983,0.0,1789587783086,120795595481015
3,37983,0.0,1789587783086,120795595481015
4,37983,0.0,1789587783086,120795595481015
5,37983,0.0,1789587783086,120795595481015
6,37983,0.0,1789587783086,120795595481015
7,37983,0.0,1789587783086,120795595481015
0,38084,0.0,1789587783187,120795597888506
1,38084,0.0,1789587783187,120795597888506
2,38084,0.0,1789587783187,120795597888506
3,38084,0.0,1789587783187,120795597888506
4,38084,0.0,1789587783187,120795597888506
5,38084,0.0,1789587783187,120795597888506
6,38084,0.0,1789587783187,120795597888506
7,38084,0.0,1789587783187,120795597888506
0,38184,0.0,1789587783287,120795600300393
1,38184,0.0,1789587783287,120795600300393
2,38184,0.0,1789587783287,120795600300393
3,38184,0.0,1789587783287,120795600300393
4,38184,10.0,1789587783287,120795600300393
5,38184,0.0,1789587783287,120795600300393
6,38184,0.0,1789587783287,120795600300393
7,38184,0.0,1789587783287,120795600300393
0,38285,0.0,1789587783388,120795602711342
1,38285,0.0,1789587783388,120795602711342
2,38285,0.0,1789587783388,120795602711342
3,38285,0.0,1789587783388,120795602711342
4,38285,0.0,1789587783388,120795602711342
5,38285,0.0,1789587783388,120795602711342
6,38285,0.0,1789587783388,120795602711342
7,38285,0.0,1789587783388,120795602711342
0,38385,0.0,1789587783488,120795605119408
1,38385,0.0,1789587783488,120795605119408
2,38385,0.0,1789587783488,120795605119408
3,38385,0.0,1789587783488,120795605119408
4,38385,0.0,1789587783488,120795605119408
5,38385,0.0,1789587783488,120795605119408
6,38385,0.0,1789587783488,120795605119408
7,38385,0.0,1789587783488,120795605119408
0,38485,0.0,1789587783588,120795607526739
1,38485,0.0,1789587783588,120795607526739
2,38485,0.0,1789587783588,120795607526739
3,38485,0.0,1789587783588,120795607526739
4,38485,0.0,1789587783588,120795607526739
5,38485,0.0,1789587783588,120795607526739
6,38485,0.0,1789587783588,120795607526739
7,38485,0.0,1789587783588,120795607526739
0,38585,0.0,1789587783688,120795609933693
1,38585,0.0,1789587783688,120795609933693
2,38585,0.0,1789587783688,120795609933693
3,38585,0.0,1789587783688,120795609933693
4,38585,0.0,1789587783688,120795609933693
5,38585,0.0,1789587783688,120795609933693
6,38585,0.0,1789587783688,120795609933693
7,38585,0.0,1789587783688,120795609933693
0,38686,0.0,1789587783789,120795612340685
1,38686,0.0,1789587783789,120795612340685
2,38686,0.0,1789587783789,120795612340685
3,38686,0.0,1789587783789,120795612340685
4,38686,0.0,1789587783789,120795612340685
5,38686,0.0,1789587783789,120795612340685
6,38686,0.0,1789587783789,120795612340685
7,38686,0.0,1789587783789,120795612340685
0,38786,0.0,1789587783889,120795614748261
1,38786,0.0,1789587783889,120795614748261
2,38786,0.0,1789587783889,120795614748261
3,38786,0.0,1789587783889,120795614748261
4,38786,0.0,1789587783889,120795614748261
5,38786,0.0,1789587783889,120795614748261
6,38786,0.0,1789587783889,120795614748261
7,38786,0.0,1789587783889,120795614748261
0,38886,0.0,1789587783989,120795617155627
1,38886,0.0,1789587783989,120795617155627
2,38886,0.0,1789587783989,120795617155627
3,38886,0.0,1789587783989,120795617155627
4,38886,0.0,1789587783989,120795617155627
5,38886,0.0,1789587783989,120795617155627
6,38886,0.0,1789587783989,120795617155627
7,38886,0.0,1789587783989,120795617155627
0,38987,0.0,1789587784090,120795619562393
1,38987,0.0,1789587784090,120795619562393
2,38987,0.0,1789587784090,120795619562393
3,38987,0.0,1789587784090,120795619562393
4,38987,0.0,1789587784090,120795619562393
5,38987,0.0,1789587784090,120795619562393
6,38987,0.0,1789587784090,120795619562393
7,38987,0.0,1789587784090,120795619562393
0,39087,0.0,1789587784190,120795621972252
1,39087,0.0,1789587784190,120795621972252
2,39087,0.0,1789587784190,120795621972252
3,39087,0.0,1789587784190,120795621972252
4,39087,0.0,1789587784190,120795621972252
5,39087,0.0,1789587784190,120795621972252
6,39087,0.0,1789587784190,120795621972252
7,39087,0.0,1789587784190,120795621972252
0,39187,0.0,1789587784290,120795624380360
1,39187,0.0,1789587784290,120795624380360
2,39187,0.0,1789587784290,120795624380360
3,39187,0.0,1789587784290,120795624380360
4,39187,0.0,1789587784290,120795624380360
5,39187,0.0,1789587784290,120795624380360
6,39187,0.0,1789587784290,120795624380360
7,39187,0.0,1789587784290,120795624380360
0,39288,0.0,1789587784391,120795626787458
1,39288,0.0,1789587784391,120795626787458
2,39288,0.0,1789587784391,120795626787458
3,39288,0.0,1789587784391,120795626787458
4,39288,0.0,1789587784391,120795626787458
5,39288,0.0,1789587784391,120795626787458
6,39288,0.0,1789587784391,120795626787458
7,39288,0.0,1789587784391,120795626787458
0,39388,0.0,1789587784491,120795629195120
1,39388,0.0,1789587784491,120795629195120
2,39388,9.1,1789587784491,120795629195120
3,39388,0.0,1789587784491,120795629195120
4,39388,0.0,1789587784491,120795629195120
5,39388,0.0,1789587784491,120795629195120
6,39388,0.0,1789587784491,120795629195120
7,39388,0.0,1789587784491,120795629195120
0,39488,0.0,1789587784591,120795631603107
1,39488,0.0,1789587784591,120795631603107
2,39488,0.0,1789587784591,120795631603107
3,39488,0.0,1789587784591,120795631603107
4,39488,0.0,1789587784591,120795631603107
5,39488,0.0,1789587784591,120795631603107
6,39488,0.0,1789587784591,120795631603107
7,39488,0.0,1789587784591,120795631603107
0,39589,0.0,1789587784692,120795634010814
1,39589,0.0,1789587784692,120795634010814
2,39589,0.0,1789587784692,120795634010814
3,39589,0.0,1789587784692,120795634010814
4,39589,0.0,1789587784692,120795634010814
5,39589,0.0,1789587784692,120795634010814
6,39589,0.0,1789587784692,120795634010814
7,39589,0.0,1789587784692,120795634010814
0,39689,0.0,1789587784792,120795636417951
1,39689,0.0,1789587784792,120795636417951
2,39689,0.0,1789587784792,120795636417951
3,39689,0.0,1789587784792,120795636417951
4,39689,0.0,1789587784792,120795636417951
5,39689,0.0,1789587784792,120795636417951
6,39689,10.0,1789587784792,120795636417951
7,39689,0.0,1789587784792,120795636417951
0,39789,0.0,1789587784892,120795638825912
1,39789,0.0,1789587784892,120795638825912
2,39789,0.0,1789587784892,120795638825912
3,39789,0.0,1789587784892,120795638825912
4,39789,0.0,1789587784892,120795638825912
5,39789,0.0,1789587784892,120795638825912
6,39789,0.0,1789587784892,120795638825912
7,39789,0.0,1789587784892,120795638825912
0,39890,0.0,1789587784993,120795641233620
1,39890,0.0,1789587784993,120795641233620
2,39890,0.0,1789587784993,120795641233620
3,39890,0.0,1789587784993,120795641233620
4,39890,0.0,1789587784993,120795641233620
5,39890,0.0,1789587784993,120795641233620
6,39890,0.0,1789587784993,120795641233620
7,39890,9.1,1789587784993,120795641233620
0,39990,0.0,1789587785093,120795643640627
1,39990,0.0,1789587785093,120795643640627
2,39990,0.0,1789587785093,120795643640627
3,39990,0.0,1789587785093,120795643640627
4,39990,0.0,1789587785093,120795643640627
5,39990,0.0,1789587785093,120795643640627
6,39990,0.0,1789587785093,120795643640627
7,39990,0.0,1789587785093,120795643640627
0,40090,0.0,1789587785193,120795646047297
1,40090,0.0,1789587785193,120795646047297
2,40090,0.0,1789587785193,120795646047297
3,40090,0.0,1789587785193,120795646047297
4,40090,0.0,1789587785193,120795646047297
5,40090,0.0,1789587785193,120795646047297
6,40090,0.0,1789587785193,120795646047297
7,40090,0.0,1789587785193,120795646047297
0,40190,0.0,1789587785293,120795648453860
1,40190,0.0,1789587785293,120795648453860
2,40190,0.0,1789587785293,120795648453860
3,40190,0.0,1789587785293,120795648453860
4,40190,0.0,1789587785293,120795648453860
5,40190,0.0,1789587785293,120795648453860
6,40190,0.0,1789587785293,120795648453860
7,40190,0.0,1789587785293,120795648453860
0,40291,0.0,1789587785394,120795650860195
1,40291,0.0,1789587785394,120795650860195
2,40291,0.0,1789587785394,120795650860195
3,40291,0.0,1789587785394,120795650860195
4,40291,0.0,1789587785394,120795650860195
5,40291,0.0,1789587785394,120795650860195
6,40291,0.0,1789587785394,120795650860195
7,40291,0.0,1789587785394,120795650860195
0,40391,0.0,1789587785494,120795653266488
1,40391,0.0,1789587785494,120795653266488
2,40391,0.0,1789587785494,120795653266488
3,40391,0.0,1789587785494,120795653266488
4,40391,0.0,1789587785494,120795653266488
5,40391,0.0,1789587785494,120795653266488
6,40391,0.0,1789587785494,120795653266488
7,40391,0.0,1789587785494,120795653266488
0,40491,0.0,1789587785594,120795655672652
1,40491,0.0,1789587785594,120795655672652
2,40491,0.0,1789587785594,120795655672652
3,40491,0.0,1789587785594,120795655672652
4,40491,0.0,1789587785594,120795655672652
5,40491,0.0,1789587785594,120795655672652
6,40491,0.0,1789587785594,120795655672652
7,40491,0.0,1789587785594,120795655672652
0,40592,0.0,1789587785695,120795658078792
1,40592,0.0,1789587785695,120795658078792
2,40592,0.0,1789587785695,120795658078792
3,40592,0.0,1789587785695,120795658078792
4,40592,0.0,1789587785695,120795658078792
5,40592,0.0,1789587785695,120795658078792
6,40592,0.0,1789587785695,120795658078792
7,40592,0.0,1789587785695,120795658078792
0,40692,0.0,1789587785795,120795660485222
1,40692,0.0,1789587785795,120795660485222
2,40692,0.0,1789587785795,120795660485222
3,40692,0.0,1789587785795,120795660485222
4,40692,0.0,1789587785795,120795660485222
5,40692,0.0,1789587785795,120795660485222
6,40692,0.0,1789587785795,120795660485222
7,40692,0.0,1789587785795,120795660485222
0,40792,0.0,1789587785895,120795662893944
1,40792,0.0,1789587785895,120795662893944
2,40792,0.0,1789587785895,120795662893944
3,40792,0.0,1789587785895,120795662893944
4,40792,0.0,1789587785895,120795662893944
5,40792,0.0,1789587785895,120795662893944
6,40792,0.0,1789587785895,120795662893944
7,40792,0.0,1789587785895,120795662893944
0,40893,22.2,1789587785996,120795665304245
1,40893,0.0,1789587785996,120795665304245
2,40893,0.0,1789587785996,120795665304245
3,40893,0.0,1789587785996,120795665304245
4,40893,0.0,1789587785996,120795665304245
5,40893,9.1,1789587785996,120795665304245
6,40893,0.0,1789587785996,120795665304245
7,40893,11.1,1789587785996,120795665304245
0,40993,10.0,1789587786096,120795667715899
1,40993,33.3,1789587786096,120795667715899
2,40993,0.0,1789587786096,120795667715899
3,40993,0.0,1789587786096,120795667715899
4,40993,0.0,1789587786096,120795667715899
5,40993,0.0,1789587786096,120795667715899
6,40993,0.0,1789587786096,120795667715899
7,40993,0.0,1789587786096,120795667715899
0,41094,40.0,1789587786197,120795670128308
1,41094,10.0,1789587786197,120795670128308
2,41094,9.1,1789587786197,120795670128308
3,41094,0.0,1789587786197,120795670128308
4,41094,0.0,1789587786197,120795670128308
5,41094,0.0,1789587786197,120795670128308
6,41094,0.0,1789587786197,120795670128308
7,41094,0.0,1789587786197,120795670128308
0,41194,10.0,1789587786297,120795672541459
1,41194,0.0,1789587786297,120795672541459
2,41194,10.0,1789587786297,120795672541459
3,41194,16.7,1789587786297,120795672541459
4,41194,10.0,1789587786297,120795672541459
5,41194,10.0,1789587786297,120795672541459
6,41194,18.2,1789587786297,120795672541459
7,41194,20.0,1789587786297,120795672541459
0,41295,0.0,1789587786398,120795674954581
1,41295,0.0,1789587786398,120795674954581
2,41295,0.0,1789587786398,120795674954581
3,41295,22.2,1789587786398,120795674954581
4,41295,18.2,1789587786398,120795674954581
5,41295,33.3,1789587786398,120795674954581
6,41295,0.0,1789587786398,120795674954581
7,41295,27.3,1789587786398,120795674954581
0,41395,40.0,1789587786498,120795677367016
1,41395,0.0,1789587786498,120795677367016
2,41395,0.0,1789587786498,120795677367016
3,41395,0.0,1789587786498,120795677367016
4,41395,0.0,1789587786498,120795677367016
5,41395,10.0,1789587786498,120795677367016
6,41395,0.0,1789587786498,120795677367016
7,41395,0.0,1789587786498,120795677367016
0,41496,10.0,1789587786599,120795679779664
1,41496,0.0,1789587786599,120795679779664
2,41496,10.0,1789587786599,120795679779664
3,41496,0.0,1789587786599,120795679779664
4,41496,0.0,1789587786599,120795679779664
5,41496,33.3,1789587786599,120795679779664
6,41496,0.0,1789587786599,120795679779664
7,41496,0.0,1789587786599,120795679779664
0,41596,10.0,1789587786699,120795682194461
1,41596,9.1,1789587786699,120795682194461
2,41596,9.1,1789587786699,120795682194461
3,41596,10.0,1789587786699,120795682194461
4,41596,0.0,1789587786699,120795682194461
5,41596,9.1,1789587786699,120795682194461
6,41596,11.1,1789587786699,120795682194461
7,41596,18.2,1789587786699,120795682194461
0,41697,0.0,1789587786800,120795684607644
1,41697,0.0,1789587786800,120795684607644
2,41697,0.0,1789587786800,120795684607644
3,41697,30.0,1789587786800,120795684607644
4,41697,0.0,1789587786800,120795684607644
5,41697,0.0,1789587786800,120795684607644
6,41697,10.0,1789587786800,120795684607644
7,41697,14.3,1789587786800,120795684607644
0,41797,0.0,1789587786900,120795687021051
1,41797,0.0,1789587786900,120795687021051
2,41797,20.0,1789587786900,120795687021051
3,41797,20.0,1789587786900,120795687021051
4,41797,0.0,1789587786900,120795687021051
5,41797,0.0,1789587786900,120795687021051
6,41797,10.0,1789587786900,120795687021051
7,41797,33.3,1789587786900,120795687021051
0,41898,0.0,1789587787001,120795689434410
1,41898,0.0,1789587787001,120795689434410
2,41898,0.0,1789587787001,120795689434410
3,41898,10.0,1789587787001,120795689434410
4,41898,0.0,1789587787001,120795689434410
5,41898,0.0,1789587787001,120795689434410
6,41898,0.0,1789587787001,120795689434410
7,41898,30.0,1789587787001,120795689434410
0,41999,0.0,1789587787102,120795691849249
1,41999,9.1,1789587787102,120795691849249
2,41999,20.0,1789587787102,120795691849249
3,41999,22.2,1789587787102,120795691849249
4,41999,0.0,1789587787102,120795691849249
5,41999,0.0,1789587787102,120795691849249
6,41999,0.0,1789587787102,120795691849249
7,41999,33.3,1789587787102,120795691849249
0,42099,0.0,1789587787202,120795694262222
1,42099,0.0,1789587787202,120795694262222
2,42099,18.2,1789587787202,120795694262222
3,42099,25.0,1789587787202,120795694262222
4,42099,0.0,1789587787202,120795694262222
5,42099,0.0,1789587787202,120795694262222
6,42099,9.1,1789587787202,120795694262222
7,42099,20.0,1789587787202,120795694262222
0,42200,0.0,1789587787303,120795696675318
1,42200,0.0,1789587787303,120795696675318
2,42200,0.0,1789587787303,120795696675318
3,42200,0.0,1789587787303,120795696675318
4,42200,0.0,1789587787303,120795696675318
5,42200,0.0,1789587787303,120795696675318
6,42200,0.0,1789587787303,120795696675318
7,42200,36.4,1789587787303,120795696675318
0,42300,0.0,1789587787403,120795699088337
1,42300,0.0,1789587787403,120795699088337
2,42300,20.0,1789587787403,120795699088337
3,42300,11.1,1789587787403,120795699088337
4,42300,0.0,1789587787403,120795699088337
5,42300,0.0,1789587787403,120795699088337
6,42300,0.0,1789587787403,120795699088337
7,42300,37.5,1789587787403,120795699088337
0,42401,0.0,1789587787504,120795701501139
1,42401,9.1,1789587787504,120795701501139
2,42401,10.0,1789587787504,120795701501139
3,42401,22.2,1789587787504,120795701501139
4,42401,0.0,1789587787504,120795701501139
5,42401,0.0,1789587787504,120795701501139
6,42401,0.0,1789587787504,120795701501139
7,42401,33.3,1789587787504,120795701501139
0,42501,0.0,1789587787604,120795703914237
1,42501,0.0,1789587787604,120795703914237
2,42501,0.0,1789587787604,120795703914237
3,42501,27.3,1789587787604,120795703914237
4,42501,0.0,1789587787604,120795703914237
5,42501,0.0,1789587787604,120795703914237
6,42501,0.0,1789587787604,120795703914237
7,42501,25.0,1789587787604,120795703914237
0,42602,0.0,1789587787705,120795706328468
1,42602,0.0,1789587787705,120795706328468
2,42602,18.2,1789587787705,120795706328468
3,42602,0.0,1789587787705,120795706328468
4,42602,0.0,1789587787705,120795706328468
5,42602,0.0,1789587787705,120795706328468
6,42602,0.0,1789587787705,120795706328468
7,42602,12.5,1789587787705,120795706328468
0,42702,0.0,1789587787805,120795708741282
1,42702,0.0,1789587787805,120795708741282
2,42702,10.0,1789587787805,120795708741282
3,42702,18.2,1789587787805,120795708741282
4,42702,0.0,1789587787805,120795708741282
5,42702,0.0,1789587787805,120795708741282
6,42702,0.0,1789587787805,120795708741282
7,42702,10.0,1789587787805,120795708741282
0,42803,0.0,1789587787906,120795711152106
1,42803,0.0,1789587787906,120795711152106
2,42803,0.0,1789587787906,120795711152106
3,42803,0.0,1789587787906,120795711152106
4,42803,0.0,1789587787906,120795711152106
5,42803,0.0,1789587787906,120795711152106
6,42803,10.0,1789587787906,120795711152106
7,42803,0.0,1789587787906,120795711152106
0,42903,0.0,1789587788006,120795713561114
1,42903,0.0,1789587788006,120795713561114
2,42903,0.0,1789587788006,120795713561114
3,42903,0.0,1789587788006,120795713561114
4,42903,0.0,1789587788006,120795713561114
5,42903,0.0,1789587788006,120795713561114
6,42903,10.0,1789587788006,120795713561114
7,42903,0.0,1789587788006,120795713561114
0,43004,0.0,1789587788107,120795715972803
1,43004,0.0,1789587788107,120795715972803
2,43004,0.0,1789587788107,120795715972803
3,43004,10.0,1789587788107,120795715972803
4,43004,0.0,1789587788107,120795715972803
5,43004,0.0,1789587788107,120795715972803
6,43004,0.0,1789587788107,120795715972803
7,43004,11.1,1789587788107,120795715972803
0,43104,0.0,1789587788207,120795718386700
1,43104,0.0,1789587788207,120795718386700
2,43104,0.0,1789587788207,120795718386700
3,43104,0.0,1789587788207,120795718386700
4,43104,0.0,1789587788207,120795718386700
5,43104,0.0,1789587788207,120795718386700
6,43104,10.0,1789587788207,120795718386700
7,43104,20.0,1789587788207,120795718386700
0,43205,0.0,1789587788308,120795720800494
1,43205,0.0,1789587788308,120795720800494
2,43205,0.0,1789587788308,120795720800494
3,43205,10.0,1789587788308,120795720800494
4,43205,0.0,1789587788308,120795720800494
5,43205,0.0,1789587788308,120795720800494
6,43205,0.0,1789587788308,120795720800494
7,43205,10.0,1789587788308,120795720800494
0,43305,0.0,1789587788408,120795723212344
1,43305,0.0,1789587788408,120795723212344
2,43305,0.0,1789587788408,120795723212344
3,43305,10.0,1789587788408,120795723212344
4,43305,0.0,1789587788408,120795723212344
5,43305,0.0,1789587788408,120795723212344
6,43305,0.0,1789587788408,120795723212344
7,43305,11.1,1789587788408,120795723212344
0,43406,0.0,1789587788509,120795725624110
1,43406,0.0,1789587788509,120795725624110
2,43406,0.0,1789587788509,120795725624110
3,43406,0.0,1789587788509,120795725624110
4,43406,0.0,1789587788509,120795725624110
5,43406,0.0,1789587788509,120795725624110
6,43406,0.0,1789587788509,120795725624110
7,43406,11.1,1789587788509,120795725624110
0,43506,0.0,1789587788609,120795728035419
1,43506,0.0,1789587788609,120795728035419
2,43506,0.0,1789587788609,120795728035419
3,43506,0.0,1789587788609,120795728035419
4,43506,0.0,1789587788609,120795728035419
5,43506,9.1,1789587788609,120795728035419
6,43506,0.0,1789587788609,120795728035419
7,43506,11.1,1789587788609,120795728035419
0,43607,0.0,1789587788710,120795730446065
1,43607,0.0,1789587788710,120795730446065
2,43607,0.0,1789587788710,120795730446065
3,43607,0.0,1789587788710,120795730446065
4,43607,0.0,1789587788710,120795730446065
5,43607,11.1,1789587788710,120795730446065
6,43607,0.0,1789587788710,120795730446065
7,43607,10.0,1789587788710,120795730446065
0,43707,0.0,1789587788810,120795732857079
1,43707,0.0,1789587788810,120795732857079
2,43707,0.0,1789587788810,120795732857079
3,43707,0.0,1789587788810,120795732857079
4,43707,0.0,1789587788810,120795732857079
5,43707,0.0,1789587788810,120795732857079
6,43707,0.0,1789587788810,120795732857079
7,43707,0.0,1789587788810,120795732857079
0,43808,0.0,1789587788911,120795735267429
1,43808,0.0,1789587788911,120795735267429
2,43808,0.0,1789587788911,120795735267429
3,43808,0.0,1789587788911,120795735267429
4,43808,0.0,1789587788911,120795735267429
5,43808,0.0,1789587788911,120795735267429
6,43808,10.0,1789587788911,120795735267429
7,43808,18.2,1789587788911,120795735267429
0,43908,0.0,1789587789011,120795737678011
1,43908,0.0,1789587789011,120795737678011
2,43908,0.0,1789587789011,120795737678011
3,43908,0.0,1789587789011,120795737678011
4,43908,0.0,1789587789011,120795737678011
5,43908,11.1,1789587789011,120795737678011
6,43908,0.0,1789587789011,120795737678011
7,43908,18.2,1789587789011,120795737678011
0,44009,0.0,1789587789112,120795740088695
1,44009,0.0,1789587789112,120795740088695
2,44009,0.0,1789587789112,120795740088695
3,44009,0.0,1789587789112,120795740088695
4,44009,0.0,1789587789112,120795740088695
5,44009,10.0,1789587789112,120795740088695
6,44009,0.0,1789587789112,120795740088695
7,44009,0.0,1789587789112,120795740088695
0,44109,0.0,1789587789212,120795742498106
1,44109,0.0,1789587789212,120795742498106
2,44109,0.0,1789587789212,120795742498106
3,44109,0.0,1789587789212,120795742498106
4,44109,0.0,1789587789212,120795742498106
5,44109,0.0,1789587789212,120795742498106
6,44109,0.0,1789587789212,120795742498106
7,44109,0.0,1789587789212,120795742498106
0,44210,0.0,1789587789313,120795744909609
1,44210,0.0,1789587789313,120795744909609
2,44210,0.0,1789587789313,120795744909609
3,44210,0.0,1789587789313,120795744909609
4,44210,0.0,1789587789313,120795744909609
5,44210,0.0,1789587789313,120795744909609
6,44210,10.0,1789587789313,120795744909609
7,44210,10.0,1789587789313,120795744909609
0,44310,0.0,1789587789413,120795747320150
1,44310,0.0,1789587789413,120795747320150
2,44310,0.0,1789587789413,120795747320150
3,44310,0.0,1789587789413,120795747320150
4,44310,0.0,1789587789413,120795747320150
5,44310,0.0,1789587789413,120795747320150
6,44310,0.0,1789587789413,120795747320150
7,44310,18.2,1789587789413,120795747320150
0,44410,0.0,1789587789513,120795749732079
1,44410,0.0,1789587789513,120795749732079
2,44410,0.0,1789587789513,120795749732079
3,44410,0.0,1789587789513,120795749732079
4,44410,0.0,1789587789513,120795749732079
5,44410,0.0,1789587789513,120795749732079
6,44410,0.0,1789587789513,120795749732079
7,44410,10.0,1789587789513,120795749732079
0,44511,0.0,1789587789614,120795752143711
1,44511,9.1,1789587789614,120795752143711
2,44511,0.0,1789587789614,120795752143711
3,44511,0.0,1789587789614,120795752143711
4,44511,0.0,1789587789614,120795752143711
5,44511,0.0,1789587789614,120795752143711
6,44511,0.0,1789587789614,120795752143711
7,44511,20.0,1789587789614,120795752143711
0,44611,0.0,1789587789714,120795754553679
1,44611,0.0,1789587789714,120795754553679
2,44611,0.0,1789587789714,120795754553679
3,44611,9.1,1789587789714,120795754553679
4,44611,0.0,1789587789714,120795754553679
5,44611,0.0,1789587789714,120795754553679
6,44611,0.0,1789587789714,120795754553679
7,44611,0.0,1789587789714,120795754553679
0,44712,0.0,1789587789815,120795756963894
1,44712,0.0,1789587789815,120795756963894
2,44712,0.0,1789587789815,120795756963894
3,44712,9.1,1789587789815,120795756963894
4,44712,0.0,1789587789815,120795756963894
5,44712,0.0,1789587789815,120795756963894
6,44712,0.0,1789587789815,120795756963894
7,44712,10.0,1789587789815,120795756963894
0,44812,0.0,1789587789915,120795759374476
1,44812,0.0,1789587789915,120795759374476
2,44812,0.0,1789587789915,120795759374476
3,44812,0.0,1789587789915,120795759374476
4,44812,0.0,1789587789915,120795759374476
5,44812,0.0,1789587789915,120795759374476
6,44812,0.0,1789587789915,120795759374476
7,44812,10.0,1789587789915,120795759374476
0,44913,0.0,1789587790016,120795761784552
1,44913,0.0,1789587790016,120795761784552
2,44913,0.0,1789587790016,120795761784552
3,44913,0.0,1789587790016,120795761784552
4,44913,0.0,1789587790016,120795761784552
5,44913,0.0,1789587790016,120795761784552
6,44913,0.0,1789587790016,120795761784552
7,44913,20.0,1789587790016,120795761784552
0,45013,0.0,1789587790116,120795764194843
1,45013,0.0,1789587790116,120795764194843
2,45013,0.0,1789587790116,120795764194843
3,45013,0.0,1789587790116,120795764194843
4,45013,0.0,1789587790116,120795764194843
5,45013,0.0,1789587790116,120795764194843
6,45013,0.0,1789587790116,120795764194843
7,45013,10.0,1789587790116,120795764194843
0,45113,0.0,1789587790216,120795766603922
1,45113,0.0,1789587790216,120795766603922
2,45113,0.0,1789587790216,120795766603922
3,45113,0.0,1789587790216,120795766603922
4,45113,0.0,1789587790216,120795766603922
5,45113,0.0,1789587790216,120795766603922
6,45113,0.0,1789587790216,120795766603922
7,45113,27.3,1789587790216,120795766603922
0,45214,0.0,1789587790317,120795769012768
1,45214,0.0,1789587790317,120795769012768
2,45214,0.0,1789587790317,120795769012768
3,45214,0.0,1789587790317,120795769012768
4,45214,0.0,1789587790317,120795769012768
5,45214,0.0,1789587790317,120795769012768
6,45214,0.0,1789587790317,120795769012768
7,45214,10.0,1789587790317,120795769012768
0,45314,0.0,1789587790417,120795771423091
1,45314,0.0,1789587790417,120795771423091
2,45314,0.0,1789587790417,120795771423091
3,45314,10.0,1789587790417,120795771423091
4,45314,0.0,1789587790417,120795771423091
5,45314,0.0,1789587790417,120795771423091
6,45314,0.0,1789587790417,120795771423091
7,45314,20.0,1789587790417,120795771423091
0,45415,0.0,1789587790518,120795773832493
1,45415,0.0,1789587790518,120795773832493
2,45415,0.0,1789587790518,120795773832493
3,45415,0.0,1789587790518,120795773832493
4,45415,0.0,1789587790518,120795773832493
5,45415,0.0,1789587790518,120795773832493
6,45415,0.0,1789587790518,120795773832493
7,45415,10.0,1789587790518,120795773832493
0,45515,0.0,1789587790618,120795776242370
1,45515,0.0,1789587790618,120795776242370
2,45515,0.0,1789587790618,120795776242370
3,45515,0.0,1789587790618,120795776242370
4,45515,0.0,1789587790618,120795776242370
5,45515,0.0,1789587790618,120795776242370
6,45515,0.0,1789587790618,120795776242370
7,45515,18.2,1789587790618,120795776242370
0,45616,0.0,1789587790719,120795778652855
1,45616,0.0,1789587790719,120795778652855
2,45616,0.0,1789587790719,120795778652855
3,45616,9.1,1789587790719,120795778652855
4,45616,0.0,1789587790719,120795778652855
5,45616,0.0,1789587790719,120795778652855
6,45616,0.0,1789587790719,120795778652855
7,45616,10.0,1789587790719,120795778652855
0,45716,0.0,1789587790819,120795781063890
1,45716,0.0,1789587790819,120795781063890
2,45716,0.0,1789587790819,120795781063890
3,45716,0.0,1789587790819,120795781063890
4,45716,0.0,1789587790819,120795781063890
5,45716,0.0,1789587790819,120795781063890
6,45716,0.0,1789587790819,120795781063890
7,45716,10.0,1789587790819,120795781063890
0,45816,0.0,1789587790919,120795783473703
1,45816,0.0,1789587790919,120795783473703
2,45816,9.1,1789587790919,120795783473703
3,45816,0.0,1789587790919,120795783473703
4,45816,0.0,1789587790919,120795783473703
5,45816,0.0,1789587790919,120795783473703
6,45816,0.0,1789587790919,120795783473703
7,45816,20.0,1789587790919,120795783473703
0,45917,0.0,1789587791020,120795785883536
1,45917,0.0,1789587791020,120795785883536
2,45917,0.0,1789587791020,120795785883536
3,45917,0.0,1789587791020,120795785883536
4,45917,0.0,1789587791020,120795785883536
5,45917,0.0,1789587791020,120795785883536
6,45917,0.0,1789587791020,120795785883536
7,45917,20.0,1789587791020,120795785883536
0,46017,0.0,1789587791120,120795788292625
1,46017,0.0,1789587791120,120795788292625
2,46017,0.0,1789587791120,120795788292625
3,46017,0.0,1789587791120,120795788292625
4,46017,0.0,1789587791120,120795788292625
5,46017,0.0,1789587791120,120795788292625
6,46017,0.0,1789587791120,120795788292625
7,46017,0.0,1789587791120,120795788292625
0,46118,0.0,1789587791221,120795790702162
1,46118,0.0,1789587791221,120795790702162
2,46118,0.0,1789587791221,120795790702162
3,46118,0.0,1789587791221,120795790702162
4,46118,0.0,1789587791221,120795790702162
5,46118,0.0,1789587791221,120795790702162
6,46118,0.0,1789587791221,120795790702162
7,46118,27.3,1789587791221,120795790702162
0,46218,0.0,1789587791321,120795793113582
1,46218,0.0,1789587791321,120795793113582
2,46218,0.0,1789587791321,120795793113582
3,46218,0.0,1789587791321,120795793113582
4,46218,0.0,1789587791321,120795793113582
5,46218,0.0,1789587791321,120795793113582
6,46218,0.0,1789587791321,120795793113582
7,46218,0.0,1789587791321,120795793113582
0,46318,0.0,1789587791421,120795795523380
1,46318,0.0,1789587791421,120795795523380
2,46318,0.0,1789587791421,120795795523380
3,46318,0.0,1789587791421,120795795523380
4,46318,0.0,1789587791421,120795795523380
5,46318,0.0,1789587791421,120795795523380
6,46318,0.0,1789587791421,120795795523380
7,46318,9.1,1789587791421,120795795523380
0,46419,0.0,1789587791522,120795797933265
1,46419,0.0,1789587791522,120795797933265
2,46419,0.0,1789587791522,120795797933265
3,46419,0.0,1789587791522,120795797933265
4,46419,0.0,1789587791522,120795797933265
5,46419,0.0,1789587791522,120795797933265
6,46419,0.0,1789587791522,120795797933265
7,46419,0.0,1789587791522,120795797933265
0,46519,0.0,1789587791622,120795800343291
1,46519,0.0,1789587791622,120795800343291
2,46519,0.0,1789587791622,120795800343291
3,46519,0.0,1789587791622,120795800343291
4,46519,0.0,1789587791622,120795800343291
5,46519,0.0,1789587791622,120795800343291
6,46519,0.0,1789587791622,120795800343291
7,46519,0.0,1789587791622,120795800343291
0,46620,0.0,1789587791723,120795802752732
1,46620,0.0,1789587791723,120795802752732
2,46620,0.0,1789587791723,120795802752732
3,46620,0.0,1789587791723,120795802752732
4,46620,0.0,1789587791723,120795802752732
5,46620,0.0,1789587791723,120795802752732
6,46620,0.0,1789587791723,120795802752732
7,46620,18.2,1789587791723,120795802752732
0,46720,0.0,1789587791823,120795805164148
1,46720,0.0,1789587791823,120795805164148
2,46720,0.0,1789587791823,120795805164148
3,46720,0.0,1789587791823,120795805164148
4,46720,0.0,1789587791823,120795805164148
5,46720,0.0,1789587791823,120795805164148
6,46720,0.0,1789587791823,120795805164148
7,46720,20.0,1789587791823,120795805164148
0,46821,0.0,1789587791924,120795807577524
1,46821,0.0,1789587791924,120795807577524
2,46821,0.0,1789587791924,120795807577524
3,46821,10.0,1789587791924,120795807577524
4,46821,0.0,1789587791924,120795807577524
5,46821,0.0,1789587791924,120795807577524
6,46821,0.0,1789587791924,120795807577524
7,46821,20.0,1789587791924,120795807577524
0,46921,0.0,1789587792024,120795809989279
1,46921,0.0,1789587792024,120795809989279
2,46921,0.0,1789587792024,120795809989279
3,46921,10.0,1789587792024,120795809989279
4,46921,0.0,1789587792024,120795809989279
5,46921,0.0,1789587792024,120795809989279
6,46921,9.1,1789587792024,120795809989279
7,46921,30.0,1789587792024,120795809989279
0,47022,0.0,1789587792125,120795812400862
1,47022,0.0,1789587792125,120795812400862
2,47022,0.0,1789587792125,120795812400862
3,47022,18.2,1789587792125,120795812400862
4,47022,0.0,1789587792125,120795812400862
5,47022,0.0,1789587792125,120795812400862
6,47022,20.0,1789587792125,120795812400862
7,47022,12.5,1789587792125,120795812400862
0,47122,0.0,1789587792225,120795814812618
1,47122,0.0,1789587792225,120795814812618
2,47122,0.0,1789587792225,120795814812618
3,47122,10.0,1789587792225,120795814812618
4,47122,0.0,1789587792225,120795814812618
5,47122,0.0,1789587792225,120795814812618
6,47122,11.1,1789587792225,120795814812618
7,47122,20.0,1789587792225,120795814812618
0,47223,22.2,1789587792326,120795817226172
1,47223,9.1,1789587792326,120795817226172
2,47223,0.0,1789587792326,120795817226172
3,47223,27.3,1789587792326,120795817226172
4,47223,0.0,1789587792326,120795817226172
5,47223,10.0,1789587792326,120795817226172
6,47223,11.1,1789587792326,120795817226172
7,47223,25.0,1789587792326,120795817226172
0,47323,55.6,1789587792426,120795819640390
1,47323,0.0,1789587792426,120795819640390
2,47323,11.1,1789587792426,120795819640390
3,47323,22.2,1789587792426,120795819640390
4,47323,0.0,1789587792426,120795819640390
5,47323,0.0,1789587792426,120795819640390
6,47323,0.0,1789587792426,120795819640390
7,47323,40.0,1789587792426,120795819640390
0,47424,37.5,1789587792527,120795822054204
1,47424,0.0,1789587792527,120795822054204
2,47424,11.1,1789587792527,120795822054204
3,47424,10.0,1789587792527,120795822054204
4,47424,0.0,1789587792527,120795822054204
5,47424,10.0,1789587792527,120795822054204
6,47424,9.1,1789587792527,120795822054204
7,47424,44.4,1789587792527,120795822054204
0,47524,44.4,1789587792627,120795824467034
1,47524,0.0,1789587792627,120795824467034
2,47524,10.0,1789587792627,120795824467034
3,47524,0.0,1789587792627,120795824467034
4,47524,0.0,1789587792627,120795824467034
5,47524,20.0,1789587792627,120795824467034
6,47524,0.0,1789587792627,120795824467034
7,47524,40.0,1789587792627,120795824467034
0,47625,44.4,1789587792728,120795826880010
1,47625,0.0,1789587792728,120795826880010
2,47625,0.0,1789587792728,120795826880010
3,47625,0.0,1789587792728,120795826880010
4,47625,0.0,1789587792728,120795826880010
5,47625,22.2,1789587792728,120795826880010
6,47625,9.1,1789587792728,120795826880010
7,47625,25.0,1789587792728,120795826880010
0,47726,44.4,1789587792829,120795829293532
1,47726,0.0,1789587792829,120795829293532
2,47726,11.1,1789587792829,120795829293532
3,47726,0.0,1789587792829,120795829293532
4,47726,0.0,1789587792829,120795829293532
5,47726,30.0,1789587792829,120795829293532
6,47726,9.1,1789587792829,120795829293532
7,47726,37.5,1789587792829,120795829293532
0,47826,33.3,1789587792929,120795831706516
1,47826,0.0,1789587792929,120795831706516
2,47826,10.0,1789587792929,120795831706516
3,47826,11.1,1789587792929,120795831706516
4,47826,18.2,1789587792929,120795831706516
5,47826,30.0,1789587792929,120795831706516
6,47826,0.0,1789587792929,120795831706516
7,47826,14.3,1789587792929,120795831706516
0,47927,0.0,1789587793030,120795834119947
1,47927,0.0,1789587793030,120795834119947
2,47927,0.0,1789587793030,120795834119947
3,47927,0.0,1789587793030,120795834119947
4,47927,12.5,1789587793030,120795834119947
5,47927,36.4,1789587793030,120795834119947
6,47927,9.1,1789587793030,120795834119947
7,47927,44.4,1789587793030,120795834119947
0,48027,0.0,1789587793130,120795836533950
1,48027,0.0,1789587793130,120795836533950
2,48027,10.0,1789587793130,120795836533950
3,48027,0.0,1789587793130,120795836533950
4,48027,22.2,1789587793130,120795836533950
5,48027,36.4,1789587793130,120795836533950
6,48027,0.0,1789587793130,120795836533950
7,48027,40.0,1789587793130,120795836533950
0,48128,0.0,1789587793231,120795838946700
1,48128,0.0,1789587793231,120795838946700
2,48128,0.0,1789587793231,120795838946700
3,48128,0.0,1789587793231,120795838946700
4,48128,50.0,1789587793231,120795838946700
5,48128,25.0,1789587793231,120795838946700
6,48128,0.0,1789587793231,120795838946700
7,48128,55.6,1789587793231,120795838946700
0,48229,22.2,1789587793332,120795841371249
1,48229,0.0,1789587793332,120795841371249
2,48229,20.0,1789587793332,120795841371249
3,48229,10.0,1789587793332,120795841371249
4,48229,12.5,1789587793332,120795841371249
5,48229,30.0,1789587793332,120795841371249
6,48229,0.0,1789587793332,120795841371249
7,48229,22.2,1789587793332,120795841371249
0,48329,0.0,1789587793432,120795843784188
1,48329,0.0,1789587793432,120795843784188
2,48329,0.0,1789587793432,120795843784188
3,48329,10.0,1789587793432,120795843784188
4,48329,0.0,1789587793432,120795843784188
5,48329,20.0,1789587793432,120795843784188
6,48329,36.4,1789587793432,120795843784188
7,48329,0.0,1789587793432,120795843784188
0,48430,0.0,1789587793533,120795846196103
1,48430,0.0,1789587793533,120795846196103
2,48430,0.0,1789587793533,120795846196103
3,48430,0.0,1789587793533,120795846196103
4,48430,0.0,1789587793533,120795846196103
5,48430,40.0,1789587793533,120795846196103
6,48430,11.1,1789587793533,120795846196103
7,48430,0.0,1789587793533,120795846196103
0,48530,11.1,1789587793633,120795848608772
1,48530,10.0,1789587793633,120795848608772
2,48530,10.0,1789587793633,120795848608772
3,48530,0.0,1789587793633,120795848608772
4,48530,20.0,1789587793633,120795848608772
5,48530,10.0,1789587793633,120795848608772
6,48530,18.2,1789587793633,120795848608772
7,48530,10.0,1789587793633,120795848608772
0,48631,20.0,1789587793734,120795851022081
1,48631,10.0,1789587793734,120795851022081
2,48631,18.2,1789587793734,120795851022081
3,48631,36.4,1789587793734,120795851022081
4,48631,18.2,1789587793734,120795851022081
5,48631,10.0,1789587793734,120795851022081
6,48631,20.0,1789587793734,120795851022081
7,48631,0.0,1789587793734,120795851022081
0,48731,0.0,1789587793834,120795853435068
1,48731,0.0,1789587793834,120795853435068
2,48731,0.0,1789587793834,120795853435068
3,48731,0.0,1789587793834,120795853435068
4,48731,0.0,1789587793834,120795853435068
5,48731,30.0,1789587793834,120795853435068
6,48731,20.0,1789587793834,120795853435068
7,48731,0.0,1789587793834,120795853435068
0,48832,0.0,1789587793935,120795855847646
1,48832,0.0,1789587793935,120795855847646
2,48832,0.0,1789587793935,120795855847646
3,48832,0.0,1789587793935,120795855847646
4,48832,0.0,1789587793935,120795855847646
5,48832,20.0,1789587793935,120795855847646
6,48832,40.0,1789587793935,120795855847646
7,48832,0.0,1789587793935,120795855847646
0,48933,10.0,1789587794036,120795858260732
1,48933,10.0,1789587794036,120795858260732
2,48933,27.3,1789587794036,120795858260732
3,48933,0.0,1789587794036,120795858260732
4,48933,20.0,1789587794036,120795858260732
5,48933,10.0,1789587794036,120795858260732
6,48933,0.0,1789587794036,120795858260732
7,48933,10.0,1789587794036,120795858260732
0,49033,0.0,1789587794136,120795860674061
1,49033,10.0,1789587794136,120795860674061
2,49033,0.0,1789587794136,120795860674061
3,49033,20.0,1789587794136,120795860674061
4,49033,0.0,1789587794136,120795860674061
5,49033,36.4,1789587794136,120795860674061
6,49033,10.0,1789587794136,120795860674061
7,49033,10.0,1789587794136,120795860674061
0,49134,0.0,1789587794237,120795863086195
1,49134,0.0,1789587794237,120795863086195
2,49134,0.0,1789587794237,120795863086195
3,49134,0.0,1789587794237,120795863086195
4,49134,0.0,1789587794237,120795863086195
5,49134,10.0,1789587794237,120795863086195
6,49134,36.4,1789587794237,120795863086195
7,49134,0.0,1789587794237,120795863086195
0,49234,0.0,1789587794337,120795865499877
1,49234,0.0,1789587794337,120795865499877
2,49234,0.0,1789587794337,120795865499877
3,49234,0.0,1789587794337,120795865499877
4,49234,0.0,1789587794337,120795865499877
5,49234,45.5,1789587794337,120795865499877
6,49234,11.1,1789587794337,120795865499877
7,49234,0.0,1789587794337,120795865499877
0,49335,10.0,1789587794438,120795867912674
1,49335,0.0,1789587794438,120795867912674
2,49335,10.0,1789587794438,120795867912674
3,49335,10.0,1789587794438,120795867912674
4,49335,27.3,1789587794438,120795867912674
5,49335,10.0,1789587794438,120795867912674
6,49335,10.0,1789587794438,120795867912674
7,49335,0.0,1789587794438,120795867912674
0,49435,0.0,1789587794538,120795870325360
1,49435,0.0,1789587794538,120795870325360
2,49435,10.0,1789587794538,120795870325360
3,49435,0.0,1789587794538,120795870325360
4,49435,10.0,1789587794538,120795870325360
5,49435,10.0,1789587794538,120795870325360
6,49435,10.0,1789587794538,120795870325360
7,49435,18.2,1789587794538,120795870325360
0,49536,9.1,1789587794639,120795872736243
1,49536,0.0,1789587794639,120795872736243
2,49536,0.0,1789587794639,120795872736243
3,49536,0.0,1789587794639,120795872736243
4,49536,0.0,1789587794639,120795872736243
5,49536,0.0,1789587794639,120795872736243
6,49536,0.0,1789587794639,120795872736243
7,49536,0.0,1789587794639,120795872736243
0,49636,0.0,1789587794739,120795875145087
1,49636,0.0,1789587794739,120795875145087
2,49636,0.0,1789587794739,120795875145087
3,49636,0.0,1789587794739,120795875145087
4,49636,0.0,1789587794739,120795875145087
5,49636,0.0,1789587794739,120795875145087
6,49636,0.0,1789587794739,120795875145087
7,49636,0.0,1789587794739,120795875145087
0,49736,0.0,1789587794839,120795877553564
1,49736,0.0,1789587794839,120795877553564
2,49736,0.0,1789587794839,120795877553564
3,49736,0.0,1789587794839,120795877553564
4,49736,0.0,1789587794839,120795877553564
5,49736,0.0,1789587794839,120795877553564
6,49736,0.0,1789587794839,120795877553564
7,49736,0.0,1789587794839,120795877553564
0,49837,0.0,1789587794940,120795879963516
1,49837,0.0,1789587794940,120795879963516
2,49837,0.0,1789587794940,120795879963516
3,49837,0.0,1789587794940,120795879963516
4,49837,0.0,1789587794940,120795879963516
5,49837,0.0,1789587794940,120795879963516
6,49837,0.0,1789587794940,120795879963516
7,49837,0.0,1789587794940,120795879963516
0,49937,0.0,1789587795040,120795882371964
1,49937,0.0,1789587795040,120795882371964
2,49937,0.0,1789587795040,120795882371964
3,49937,0.0,1789587795040,120795882371964
4,49937,0.0,1789587795040,120795882371964
5,49937,0.0,1789587795040,120795882371964
6,49937,0.0,1789587795040,120795882371964
7,49937,0.0,1789587795040,120795882371964
0,50038,0.0,1789587795141,120795884780356
1,50038,0.0,1789587795141,120795884780356
2,50038,0.0,1789587795141,120795884780356
3,50038,0.0,1789587795141,120795884780356
4,50038,0.0,1789587795141,120795884780356
5,50038,0.0,1789587795141,120795884780356
6,50038,0.0,1789587795141,120795884780356
7,50038,0.0,1789587795141,120795884780356
0,50138,0.0,1789587795241,120795887188352
1,50138,0.0,1789587795241,120795887188352
2,50138,0.0,1789587795241,120795887188352
3,50138,0.0,1789587795241,120795887188352
4,50138,0.0,1789587795241,120795887188352
5,50138,0.0,1789587795241,120795887188352
6,50138,0.0,1789587795241,120795887188352
7,50138,0.0,1789587795241,120795887188352
0,50238,0.0,1789587795341,120795889599350
1,50238,0.0,1789587795341,120795889599350
2,50238,9.1,1789587795341,120795889599350
3,50238,0.0,1789587795341,120795889599350
4,50238,0.0,1789587795341,120795889599350
5,50238,0.0,1789587795341,120795889599350
6,50238,0.0,1789587795341,120795889599350
7,50238,0.0,1789587795341,120795889599350
0,50339,0.0,1789587795442,120795892008929
1,50339,0.0,1789587795442,120795892008929
2,50339,0.0,1789587795442,120795892008929
3,50339,0.0,1789587795442,120795892008929
4,50339,0.0,1789587795442,120795892008929
5,50339,0.0,1789587795442,120795892008929
6,50339,0.0,1789587795442,120795892008929
7,50339,0.0,1789587795442,120795892008929
0,50439,0.0,1789587795542,120795894421096
1,50439,0.0,1789587795542,120795894421096
2,50439,0.0,1789587795542,120795894421096
3,50439,0.0,1789587795542,120795894421096
4,50439,0.0,1789587795542,120795894421096
5,50439,0.0,1789587795542,120795894421096
6,50439,0.0,1789587795542,120795894421096
7,50439,0.0,1789587795542,120795894421096
0,50540,0.0,1789587795643,120795896830472
1,50540,0.0,1789587795643,120795896830472
2,50540,0.0,1789587795643,120795896830472
3,50540,0.0,1789587795643,120795896830472
4,50540,0.0,1789587795643,120795896830472
5,50540,0.0,1789587795643,120795896830472
6,50540,0.0,1789587795643,120795896830472
7,50540,0.0,1789587795643,120795896830472
0,50640,0.0,1789587795743,120795899238705
1,50640,0.0,1789587795743,120795899238705
2,50640,0.0,1789587795743,120795899238705
3,50640,0.0,1789587795743,120795899238705
4,50640,0.0,1789587795743,120795899238705
5,50640,0.0,1789587795743,120795899238705
6,50640,0.0,1789587795743,120795899238705
7,50640,0.0,1789587795743,120795899238705
0,50740,0.0,1789587795843,120795901646213
1,50740,0.0,1789587795843,120795901646213
2,50740,0.0,1789587795843,120795901646213
3,50740,0.0,1789587795843,120795901646213
4,50740,0.0,1789587795843,120795901646213
5,50740,0.0,1789587795843,120795901646213
6,50740,0.0,1789587795843,120795901646213
7,50740,0.0,1789587795843,120795901646213
0,50841,0.0,1789587795944,120795904053412
1,50841,0.0,1789587795944,120795904053412
2,50841,0.0,1789587795944,120795904053412
3,50841,0.0,1789587795944,120795904053412
4,50841,0.0,1789587795944,120795904053412
5,50841,0.0,1789587795944,120795904053412
6,50841,0.0,1789587795944,120795904053412
7,50841,0.0,1789587795944,120795904053412
0,50941,0.0,1789587796044,120795906460474
1,50941,0.0,1789587796044,120795906460474
2,50941,0.0,1789587796044,120795906460474
3,50941,0.0,1789587796044,120795906460474
4,50941,0.0,1789587796044,120795906460474
5,50941,0.0,1789587796044,120795906460474
6,50941,0.0,1789587796044,120795906460474
7,50941,0.0,1789587796044,120795906460474
0,51041,0.0,1789587796144,120795908867622
1,51041,0.0,1789587796144,120795908867622
2,51041,0.0,1789587796144,120795908867622
3,51041,0.0,1789587796144,120795908867622
4,51041,0.0,1789587796144,120795908867622
5,51041,0.0,1789587796144,120795908867622
6,51041,0.0,1789587796144,120795908867622
7,51041,0.0,1789587796144,120795908867622
0,51141,0.0,1789587796244,120795911274444
1,51141,0.0,1789587796244,120795911274444
2,51141,0.0,1789587796244,120795911274444
3,51141,0.0,1789587796244,120795911274444
4,51141,0.0,1789587796244,120795911274444
5,51141,0.0,1789587796244,120795911274444
6,51141,0.0,1789587796244,120795911274444
7,51141,0.0,1789587796244,120795911274444
0,51242,0.0,1789587796345,120795913681175
1,51242,0.0,1789587796345,120795913681175
2,51242,0.0,1789587796345,120795913681175
3,51242,0.0,1789587796345,120795913681175
4,51242,0.0,1789587796345,120795913681175
5,51242,0.0,1789587796345,120795913681175
6,51242,0.0,1789587796345,120795913681175
7,51242,0.0,1789587796345,120795913681175
0,51342,0.0,1789587796445,120795916089997
1,51342,0.0,1789587796445,120795916089997
2,51342,0.0,1789587796445,120795916089997
3,51342,0.0,1789587796445,120795916089997
4,51342,0.0,1789587796445,120795916089997
5,51342,0.0,1789587796445,120795916089997
6,51342,0.0,1789587796445,120795916089997
7,51342,0.0,1789587796445,120795916089997
0,51442,0.0,1789587796545,120795918498034
1,51442,0.0,1789587796545,120795918498034
2,51442,0.0,1789587796545,120795918498034
3,51442,0.0,1789587796545,120795918498034
4,51442,0.0,1789587796545,120795918498034
5,51442,0.0,1789587796545,120795918498034
6,51442,0.0,1789587796545,120795918498034
7,51442,0.0,1789587796545,120795918498034
0,51543,0.0,1789587796646,120795920909152
1,51543,0.0,1789587796646,120795920909152
2,51543,9.1,1789587796646,120795920909152
3,51543,0.0,1789587796646,120795920909152
4,51543,30.0,1789587796646,120795920909152
5,51543,0.0,1789587796646,120795920909152
6,51543,0.0,1789587796646,120795920909152
7,51543,0.0,1789587796646,120795920909152
0,51643,0.0,1789587796746,120795923319851
1,51643,0.0,1789587796746,120795923319851
2,51643,0.0,1789587796746,120795923319851
3,51643,0.0,1789587796746,120795923319851
4,51643,0.0,1789587796746,120795923319851
5,51643,40.0,1789587796746,120795923319851
6,51643,0.0,1789587796746,120795923319851
7,51643,0.0,1789587796746,120795923319851
0,51744,0.0,1789587796847,120795925734186
1,51744,0.0,1789587796847,120795925734186
2,51744,0.0,1789587796847,120795925734186
3,51744,0.0,1789587796847,120795925734186
4,51744,45.5,1789587796847,120795925734186
5,51744,10.0,1789587796847,120795925734186
6,51744,0.0,1789587796847,120795925734186
7,51744,0.0,1789587796847,120795925734186
0,51845,10.0,1789587796948,120795928147386
1,51845,0.0,1789587796948,120795928147386
2,51845,10.0,1789587796948,120795928147386
3,51845,10.0,1789587796948,120795928147386
4,51845,0.0,1789587796948,120795928147386
5,51845,10.0,1789587796948,120795928147386
6,51845,18.2,1789587796948,120795928147386
7,51845,0.0,1789587796948,120795928147386
0,51945,10.0,1789587797048,120795930559548
1,51945,0.0,1789587797048,120795930559548
2,51945,10.0,1789587797048,120795930559548
3,51945,25.0,1789587797048,120795930559548
4,51945,9.1,1789587797048,120795930559548
5,51945,0.0,1789587797048,120795930559548
6,51945,0.0,1789587797048,120795930559548
7,51945,0.0,1789587797048,120795930559548
0,52046,0.0,1789587797149,120795932971042
1,52046,0.0,1789587797149,120795932971042
2,52046,0.0,1789587797149,120795932971042
3,52046,0.0,1789587797149,120795932971042
4,52046,0.0,1789587797149,120795932971042
5,52046,0.0,1789587797149,120795932971042
6,52046,0.0,1789587797149,120795932971042
7,52046,0.0,1789587797149,120795932971042
0,52146,0.0,1789587797249,120795935379422
1,52146,0.0,1789587797249,120795935379422
2,52146,0.0,1789587797249,120795935379422
3,52146,0.0,1789587797249,120795935379422
4,52146,0.0,1789587797249,120795935379422
5,52146,0.0,1789587797249,120795935379422
6,52146,0.0,1789587797249,120795935379422
7,52146,0.0,1789587797249,120795935379422
0,52246,0.0,1789587797349,120795937789280
1,52246,0.0,1789587797349,120795937789280
2,52246,0.0,1789587797349,120795937789280
3,52246,0.0,1789587797349,120795937789280
4,52246,0.0,1789587797349,120795937789280
5,52246,0.0,1789587797349,120795937789280
6,52246,0.0,1789587797349,120795937789280
7,52246,0.0,1789587797349,120795937789280
0,52347,0.0,1789587797450,120795940199233
1,52347,0.0,1789587797450,120795940199233
2,52347,0.0,1789587797450,120795940199233
3,52347,0.0,1789587797450,120795940199233
4,52347,0.0,1789587797450,120795940199233
5,52347,0.0,1789587797450,120795940199233
6,52347,0.0,1789587797450,120795940199233
7,52347,9.1,1789587797450,120795940199233
0,52447,0.0,1789587797550,120795942607063
1,52447,0.0,1789587797550,120795942607063
2,52447,0.0,1789587797550,120795942607063
3,52447,0.0,1789587797550,120795942607063
4,52447,0.0,1789587797550,120795942607063
5,52447,0.0,1789587797550,120795942607063
6,52447,0.0,1789587797550,120795942607063
7,52447,0.0,1789587797550,120795942607063
0,52547,0.0,1789587797650,120795945017256
1,52547,0.0,1789587797650,120795945017256
2,52547,0.0,1789587797650,120795945017256
3,52547,0.0,1789587797650,120795945017256
4,52547,0.0,1789587797650,120795945017256
5,52547,0.0,1789587797650,120795945017256
6,52547,0.0,1789587797650,120795945017256
7,52547,0.0,1789587797650,120795945017256
0,52648,0.0,1789587797751,120795947425864
1,52648,0.0,1789587797751,120795947425864
2,52648,0.0,1789587797751,120795947425864
3,52648,0.0,1789587797751,120795947425864
4,52648,0.0,1789587797751,120795947425864
5,52648,0.0,1789587797751,120795947425864
6,52648,0.0,1789587797751,120795947425864
7,52648,0.0,1789587797751,120795947425864
0,52748,0.0,1789587797851,120795949834237
1,52748,0.0,1789587797851,120795949834237
2,52748,0.0,1789587797851,120795949834237
3,52748,0.0,1789587797851,120795949834237
4,52748,0.0,1789587797851,120795949834237
5,52748,0.0,1789587797851,120795949834237
6,52748,0.0,1789587797851,120795949834237
7,52748,0.0,1789587797851,120795949834237
0,52848,0.0,1789587797951,120795952241865
1,52848,0.0,1789587797951,120795952241865
2,52848,0.0,1789587797951,120795952241865
3,52848,0.0,1789587797951,120795952241865
4,52848,0.0,1789587797951,120795952241865
5,52848,0.0,1789587797951,120795952241865
6,52848,0.0,1789587797951,120795952241865
7,52848,0.0,1789587797951,120795952241865
0,52949,0.0,1789587798052,120795954650373
1,52949,0.0,1789587798052,120795954650373
2,52949,0.0,1789587798052,120795954650373
3,52949,0.0,1789587798052,120795954650373
4,52949,0.0,1789587798052,120795954650373
5,52949,0.0,1789587798052,120795954650373
6,52949,0.0,1789587798052,120795954650373
7,52949,0.0,1789587798052,120795954650373
0,53049,0.0,1789587798152,120795957057200
1,53049,0.0,1789587798152,120795957057200
2,53049,0.0,1789587798152,120795957057200
3,53049,0.0,1789587798152,120795957057200
4,53049,0.0,1789587798152,120795957057200
5,53049,0.0,1789587798152,120795957057200
6,53049,0.0,1789587798152,120795957057200
7,53049,0.0,1789587798152,120795957057200
0,53149,0.0,1789587798252,120795959463999
1,53149,0.0,1789587798252,120795959463999
2,53149,0.0,1789587798252,120795959463999
3,53149,0.0,1789587798252,120795959463999
4,53149,0.0,1789587798252,120795959463999
5,53149,0.0,1789587798252,120795959463999
6,53149,0.0,1789587798252,120795959463999
7,53149,0.0,1789587798252,120795959463999
0,53250,0.0,1789587798353,120795961874834
1,53250,0.0,1789587798353,120795961874834
2,53250,9.1,1789587798353,120795961874834
3,53250,0.0,1789587798353,120795961874834
4,53250,0.0,1789587798353,120795961874834
5,53250,0.0,1789587798353,120795961874834
6,53250,9.1,1789587798353,120795961874834
7,53250,0.0,1789587798353,120795961874834
0,53350,10.0,1789587798453,120795964287377
1,53350,20.0,1789587798453,120795964287377
2,53350,0.0,1789587798453,120795964287377
3,53350,0.0,1789587798453,120795964287377
4,53350,0.0,1789587798453,120795964287377
5,53350,0.0,1789587798453,120795964287377
6,53350,0.0,1789587798453,120795964287377
7,53350,0.0,1789587798453,120795964287377
0,53451,0.0,1789587798554,120795966696339
1,53451,0.0,1789587798554,120795966696339
2,53451,0.0,1789587798554,120795966696339
3,53451,0.0,1789587798554,120795966696339
4,53451,0.0,1789587798554,120795966696339
5,53451,0.0,1789587798554,120795966696339
6,53451,0.0,1789587798554,120795966696339
7,53451,0.0,1789587798554,120795966696339
0,53551,0.0,1789587798654,120795969103956
1,53551,0.0,1789587798654,120795969103956
2,53551,0.0,1789587798654,120795969103956
3,53551,0.0,1789587798654,120795969103956
4,53551,0.0,1789587798654,120795969103956
5,53551,0.0,1789587798654,120795969103956
6,53551,0.0,1789587798654,120795969103956
7,53551,0.0,1789587798654,120795969103956
0,53651,0.0,1789587798754,120795971511187
1,53651,0.0,1789587798754,120795971511187
2,53651,0.0,1789587798754,120795971511187
3,53651,0.0,1789587798754,120795971511187
4,53651,0.0,1789587798754,120795971511187
5,53651,0.0,1789587798754,120795971511187
6,53651,0.0,1789587798754,120795971511187
7,53651,0.0,1789587798754,120795971511187
0,53752,0.0,1789587798855,120795973918501
1,53752,0.0,1789587798855,120795973918501
2,53752,0.0,1789587798855,120795973918501
3,53752,0.0,1789587798855,120795973918501
4,53752,0.0,1789587798855,120795973918501
5,53752,0.0,1789587798855,120795973918501
6,53752,0.0,1789587798855,120795973918501
7,53752,0.0,1789587798855,120795973918501
0,53852,0.0,1789587798955,120795976326748
1,53852,0.0,1789587798955,120795976326748
2,53852,0.0,1789587798955,120795976326748
3,53852,0.0,1789587798955,120795976326748
4,53852,0.0,1789587798955,120795976326748
5,53852,0.0,1789587798955,120795976326748
6,53852,0.0,1789587798955,120795976326748
7,53852,0.0,1789587798955,120795976326748
0,53953,0.0,1789587799056,120795978738481
1,53953,0.0,1789587799056,120795978738481
2,53953,10.0,1789587799056,120795978738481
3,53953,10.0,1789587799056,120795978738481
4,53953,10.0,1789587799056,120795978738481
5,53953,0.0,1789587799056,120795978738481
6,53953,0.0,1789587799056,120795978738481
7,53953,0.0,1789587799056,120795978738481
0,54053,0.0,1789587799156,120795981150540
1,54053,0.0,1789587799156,120795981150540
2,54053,0.0,1789587799156,120795981150540
3,54053,0.0,1789587799156,120795981150540
4,54053,27.3,1789587799156,120795981150540
5,54053,20.0,1789587799156,120795981150540
6,54053,0.0,1789587799156,120795981150540
7,54053,9.1,1789587799156,120795981150540
0,54154,0.0,1789587799257,120795983562973
1,54154,0.0,1789587799257,120795983562973
2,54154,0.0,1789587799257,120795983562973
3,54154,0.0,1789587799257,120795983562973
4,54154,33.3,1789587799257,120795983562973
5,54154,27.3,1789587799257,120795983562973
6,54154,0.0,1789587799257,120795983562973
7,54154,0.0,1789587799257,120795983562973
0,54254,10.0,1789587799357,120795985975212
1,54254,0.0,1789587799357,120795985975212
2,54254,10.0,1789587799357,120795985975212
3,54254,0.0,1789587799357,120795985975212
4,54254,10.0,1789587799357,120795985975212
5,54254,11.1,1789587799357,120795985975212
6,54254,0.0,1789587799357,120795985975212
7,54254,0.0,1789587799357,120795985975212
0,54355,0.0,1789587799458,120795988388451
1,54355,0.0,1789587799458,120795988388451
2,54355,0.0,1789587799458,120795988388451
3,54355,0.0,1789587799458,120795988388451
4,54355,0.0,1789587799458,120795988388451
5,54355,10.0,1789587799458,120795988388451
6,54355,10.0,1789587799458,120795988388451
7,54355,0.0,1789587799458,120795988388451
0,54455,9.1,1789587799558,120795990801420
1,54455,0.0,1789587799558,120795990801420
2,54455,10.0,1789587799558,120795990801420
3,54455,0.0,1789587799558,120795990801420
4,54455,18.2,1789587799558,120795990801420
5,54455,10.0,1789587799558,120795990801420
6,54455,0.0,1789587799558,120795990801420
7,54455,9.1,1789587799558,120795990801420
0,54556,0.0,1789587799659,120795993213632
1,54556,0.0,1789587799659,120795993213632
2,54556,0.0,1789587799659,120795993213632
3,54556,0.0,1789587799659,120795993213632
4,54556,0.0,1789587799659,120795993213632
5,54556,9.1,1789587799659,120795993213632
6,54556,0.0,1789587799659,120795993213632
7,54556,0.0,1789587799659,120795993213632
0,54656,0.0,1789587799759,120795995622918
1,54656,0.0,1789587799759,120795995622918
2,54656,0.0,1789587799759,120795995622918
3,54656,0.0,1789587799759,120795995622918
4,54656,0.0,1789587799759,120795995622918
5,54656,0.0,1789587799759,120795995622918
6,54656,0.0,1789587799759,120795995622918
7,54656,0.0,1789587799759,120795995622918
0,54756,0.0,1789587799859,120795998030695
1,54756,0.0,1789587799859,120795998030695
2,54756,0.0,1789587799859,120795998030695
3,54756,0.0,1789587799859,120795998030695
4,54756,0.0,1789587799859,120795998030695
5,54756,0.0,1789587799859,120795998030695
6,54756,0.0,1789587799859,120795998030695
7,54756,0.0,1789587799859,120795998030695
0,54857,0.0,1789587799960,120796000437970
1,54857,0.0,1789587799960,120796000437970
2,54857,0.0,1789587799960,120796000437970
3,54857,0.0,1789587799960,120796000437970
4,54857,0.0,1789587799960,120796000437970
5,54857,0.0,1789587799960,120796000437970
6,54857,0.0,1789587799960,120796000437970
7,54857,0.0,1789587799960,120796000437970
0,54957,0.0,1789587800060,120796002845196
1,54957,0.0,1789587800060,120796002845196
2,54957,0.0,1789587800060,120796002845196
3,54957,0.0,1789587800060,120796002845196
4,54957,0.0,1789587800060,120796002845196
5,54957,0.0,1789587800060,120796002845196
6,54957,0.0,1789587800060,120796002845196
7,54957,0.0,1789587800060,120796002845196
0,55057,0.0,1789587800160,120796005252070
1,55057,0.0,1789587800160,120796005252070
2,55057,0.0,1789587800160,120796005252070
3,55057,0.0,1789587800160,120796005252070
4,55057,0.0,1789587800160,120796005252070
5,55057,0.0,1789587800160,120796005252070
6,55057,0.0,1789587800160,120796005252070
7,55057,0.0,1789587800160,120796005252070
0,55158,0.0,1789587800261,120796007661136
1,55158,0.0,1789587800261,120796007661136
2,55158,0.0,1789587800261,120796007661136
3,55158,0.0,1789587800261,120796007661136
4,55158,0.0,1789587800261,120796007661136
5,55158,0.0,1789587800261,120796007661136
6,55158,0.0,1789587800261,120796007661136
7,55158,0.0,1789587800261,120796007661136
0,55258,0.0,1789587800361,120796010069071
1,55258,0.0,1789587800361,120796010069071
2,55258,0.0,1789587800361,120796010069071
3,55258,0.0,1789587800361,120796010069071
4,55258,0.0,1789587800361,120796010069071
5,55258,0.0,1789587800361,120796010069071
6,55258,0.0,1789587800361,120796010069071
7,55258,0.0,1789587800361,120796010069071
0,55358,0.0,1789587800461,120796012477424
1,55358,0.0,1789587800461,120796012477424
2,55358,0.0,1789587800461,120796012477424
3,55358,0.0,1789587800461,120796012477424
4,55358,0.0,1789587800461,120796012477424
5,55358,0.0,1789587800461,120796012477424
6,55358,0.0,1789587800461,120796012477424
7,55358,9.1,1789587800461,120796012477424
0,55459,0.0,1789587800562,120796014884702
1,55459,0.0,1789587800562,120796014884702
2,55459,0.0,1789587800562,120796014884702
3,55459,0.0,1789587800562,120796014884702
4,55459,0.0,1789587800562,120796014884702
5,55459,0.0,1789587800562,120796014884702
6,55459,0.0,1789587800562,120796014884702
7,55459,0.0,1789587800562,120796014884702
0,55559,0.0,1789587800662,120796017291504
1,55559,0.0,1789587800662,120796017291504
2,55559,0.0,1789587800662,120796017291504
3,55559,0.0,1789587800662,120796017291504
4,55559,0.0,1789587800662,120796017291504
5,55559,0.0,1789587800662,120796017291504
6,55559,0.0,1789587800662,120796017291504
7,55559,0.0,1789587800662,120796017291504
0,55659,0.0,1789587800762,120796019699758
1,55659,0.0,1789587800762,120796019699758
2,55659,0.0,1789587800762,120796019699758
3,55659,0.0,1789587800762,120796019699758
4,55659,0.0,1789587800762,120796019699758
5,55659,0.0,1789587800762,120796019699758
6,55659,0.0,1789587800762,120796019699758
7,55659,0.0,1789587800762,120796019699758
0,55760,0.0,1789587800863,120796022110755
1,55760,0.0,1789587800863,120796022110755
2,55760,0.0,1789587800863,120796022110755
3,55760,0.0,1789587800863,120796022110755
4,55760,0.0,1789587800863,120796022110755
5,55760,0.0,1789587800863,120796022110755
6,55760,0.0,1789587800863,120796022110755
7,55760,0.0,1789587800863,120796022110755
0,55860,0.0,1789587800963,120796024519962
1,55860,0.0,1789587800963,120796024519962
2,55860,9.1,1789587800963,120796024519962
3,55860,0.0,1789587800963,120796024519962
4,55860,0.0,1789587800963,120796024519962
5,55860,0.0,1789587800963,120796024519962
6,55860,0.0,1789587800963,120796024519962
7,55860,0.0,1789587800963,120796024519962
0,55960,10.0,1789587801063,120796026929325
1,55960,0.0,1789587801063,120796026929325
2,55960,0.0,1789587801063,120796026929325
3,55960,0.0,1789587801063,120796026929325
4,55960,0.0,1789587801063,120796026929325
5,55960,0.0,1789587801063,120796026929325
6,55960,0.0,1789587801063,120796026929325
7,55960,0.0,1789587801063,120796026929325
0,56061,0.0,1789587801164,120796029341823
1,56061,0.0,1789587801164,120796029341823
2,56061,0.0,1789587801164,120796029341823
3,56061,10.0,1789587801164,120796029341823
4,56061,22.2,1789587801164,120796029341823
5,56061,0.0,1789587801164,120796029341823
6,56061,0.0,1789587801164,120796029341823
7,56061,0.0,1789587801164,120796029341823
0,56161,0.0,1789587801264,120796031752849
1,56161,0.0,1789587801264,120796031752849
2,56161,0.0,1789587801264,120796031752849
3,56161,0.0,1789587801264,120796031752849
4,56161,10.0,1789587801264,120796031752849
5,56161,40.0,1789587801264,120796031752849
6,56161,0.0,1789587801264,120796031752849
7,56161,0.0,1789587801264,120796031752849
0,56262,0.0,1789587801365,120796034164449
1,56262,0.0,1789587801365,120796034164449
2,56262,0.0,1789587801365,120796034164449
3,56262,0.0,1789587801365,120796034164449
4,56262,44.4,1789587801365,120796034164449
5,56262,0.0,1789587801365,120796034164449
6,56262,9.1,1789587801365,120796034164449
7,56262,9.1,1789587801365,120796034164449
0,56362,9.1,1789587801465,120796036576897
1,56362,9.1,1789587801465,120796036576897
2,56362,10.0,1789587801465,120796036576897
3,56362,10.0,1789587801465,120796036576897
4,56362,0.0,1789587801465,120796036576897
5,56362,0.0,1789587801465,120796036576897
6,56362,0.0,1789587801465,120796036576897
7,56362,0.0,1789587801465,120796036576897
0,56463,20.0,1789587801566,120796038989250
1,56463,0.0,1789587801566,120796038989250
2,56463,11.1,1789587801566,120796038989250
3,56463,27.3,1789587801566,120796038989250
4,56463,27.3,1789587801566,120796038989250
5,56463,36.4,1789587801566,120796038989250
6,56463,10.0,1789587801566,120796038989250
7,56463,10.0,1789587801566,120796038989250
0,56564,0.0,1789587801667,120796041403665
1,56564,0.0,1789587801667,120796041403665
2,56564,40.0,1789587801667,120796041403665
3,56564,0.0,1789587801667,120796041403665
4,56564,0.0,1789587801667,120796041403665
5,56564,0.0,1789587801667,120796041403665
6,56564,0.0,1789587801667,120796041403665
7,56564,0.0,1789587801667,120796041403665
0,56664,0.0,1789587801767,120796043822280
1,56664,0.0,1789587801767,120796043822280
2,56664,18.2,1789587801767,120796043822280
3,56664,0.0,1789587801767,120796043822280
4,56664,9.1,1789587801767,120796043822280
5,56664,45.5,1789587801767,120796043822280
6,56664,0.0,1789587801767,120796043822280
7,56664,9.1,1789587801767,120796043822280
0,56765,0.0,1789587801868,120796046235088
1,56765,10.0,1789587801868,120796046235088
2,56765,0.0,1789587801868,120796046235088
3,56765,0.0,1789587801868,120796046235088
4,56765,0.0,1789587801868,120796046235088
5,56765,10.0,1789587801868,120796046235088
6,56765,10.0,1789587801868,120796046235088
7,56765,0.0,1789587801868,120796046235088
0,56865,0.0,1789587801968,120796048647179
1,56865,10.0,1789587801968,120796048647179
2,56865,0.0,1789587801968,120796048647179
3,56865,9.1,1789587801968,120796048647179
4,56865,0.0,1789587801968,120796048647179
5,56865,0.0,1789587801968,120796048647179
6,56865,10.0,1789587801968,120796048647179
7,56865,18.2,1789587801968,120796048647179
0,56966,0.0,1789587802069,120796051059353
1,56966,0.0,1789587802069,120796051059353
2,56966,0.0,1789587802069,120796051059353
3,56966,0.0,1789587802069,120796051059353
4,56966,0.0,1789587802069,120796051059353
5,56966,0.0,1789587802069,120796051059353
6,56966,0.0,1789587802069,120796051059353
7,56966,0.0,1789587802069,120796051059353
0,57066,0.0,1789587802169,120796053468938
1,57066,0.0,1789587802169,120796053468938
2,57066,0.0,1789587802169,120796053468938
3,57066,0.0,1789587802169,120796053468938
4,57066,0.0,1789587802169,120796053468938
5,57066,0.0,1789587802169,120796053468938
6,57066,0.0,1789587802169,120796053468938
7,57066,9.1,1789587802169,120796053468938
0,57167,0.0,1789587802270,120796055876618
1,57167,0.0,1789587802270,120796055876618
2,57167,0.0,1789587802270,120796055876618
3,57167,0.0,1789587802270,120796055876618
4,57167,0.0,1789587802270,120796055876618
5,57167,0.0,1789587802270,120796055876618
6,57167,0.0,1789587802270,120796055876618
7,57167,0.0,1789587802270,120796055876618
0,57267,0.0,1789587802370,120796058283839
1,57267,0.0,1789587802370,120796058283839
2,57267,0.0,1789587802370,120796058283839
3,57267,0.0,1789587802370,120796058283839
4,57267,0.0,1789587802370,120796058283839
5,57267,0.0,1789587802370,120796058283839
6,57267,0.0,1789587802370,120796058283839
7,57267,0.0,1789587802370,120796058283839
0,57367,0.0,1789587802470,120796060690947
1,57367,0.0,1789587802470,120796060690947
2,57367,0.0,1789587802470,120796060690947
3,57367,0.0,1789587802470,120796060690947
4,57367,0.0,1789587802470,120796060690947
5,57367,0.0,1789587802470,120796060690947
6,57367,0.0,1789587802470,120796060690947
7,57367,0.0,1789587802470,120796060690947
0,57468,0.0,1789587802571,120796063098137
1,57468,0.0,1789587802571,120796063098137
2,57468,0.0,1789587802571,120796063098137
3,57468,0.0,1789587802571,120796063098137
4,57468,0.0,1789587802571,120796063098137
5,57468,0.0,1789587802571,120796063098137
6,57468,0.0,1789587802571,120796063098137
7,57468,0.0,1789587802571,120796063098137
0,57568,0.0,1789587802671,120796065505150
1,57568,0.0,1789587802671,120796065505150
2,57568,0.0,1789587802671,120796065505150
3,57568,0.0,1789587802671,120796065505150
4,57568,0.0,1789587802671,120796065505150
5,57568,0.0,1789587802671,120796065505150
6,57568,0.0,1789587802671,120796065505150
7,57568,0.0,1789587802671,120796065505150
0,57668,0.0,1789587802771,120796067913230
1,57668,0.0,1789587802771,120796067913230
2,57668,0.0,1789587802771,120796067913230
3,57668,0.0,1789587802771,120796067913230
4,57668,0.0,1789587802771,120796067913230
5,57668,0.0,1789587802771,120796067913230
6,57668,0.0,1789587802771,120796067913230
7,57668,0.0,1789587802771,120796067913230
0,57769,0.0,1789587802872,120796070322167
1,57769,0.0,1789587802872,120796070322167
2,57769,0.0,1789587802872,120796070322167
3,57769,0.0,1789587802872,120796070322167
4,57769,0.0,1789587802872,120796070322167
5,57769,0.0,1789587802872,120796070322167
6,57769,0.0,1789587802872,120796070322167
7,57769,0.0,1789587802872,120796070322167
0,57869,0.0,1789587802972,120796072729451
1,57869,0.0,1789587802972,120796072729451
2,57869,0.0,1789587802972,120796072729451
3,57869,0.0,1789587802972,120796072729451
4,57869,0.0,1789587802972,120796072729451
5,57869,0.0,1789587802972,120796072729451
6,57869,0.0,1789587802972,120796072729451
7,57869,0.0,1789587802972,120796072729451
0,57969,0.0,1789587803072,120796075139107
1,57969,0.0,1789587803072,120796075139107
2,57969,0.0,1789587803072,120796075139107
3,57969,0.0,1789587803072,120796075139107
4,57969,0.0,1789587803072,120796075139107
5,57969,0.0,1789587803072,120796075139107
6,57969,0.0,1789587803072,120796075139107
7,57969,0.0,1789587803072,120796075139107
0,58070,0.0,1789587803173,120796077547419
1,58070,0.0,1789587803173,120796077547419
2,58070,0.0,1789587803173,120796077547419
3,58070,0.0,1789587803173,120796077547419
4,58070,0.0,1789587803173,120796077547419
5,58070,0.0,1789587803173,120796077547419
6,58070,0.0,1789587803173,120796077547419
7,58070,0.0,1789587803173,120796077547419
0,58170,0.0,1789587803273,120796079954597
1,58170,0.0,1789587803273,120796079954597
2,58170,0.0,1789587803273,120796079954597
3,58170,0.0,1789587803273,120796079954597
4,58170,0.0,1789587803273,120796079954597
5,58170,0.0,1789587803273,120796079954597
6,58170,0.0,1789587803273,120796079954597
7,58170,0.0,1789587803273,120796079954597
0,58270,0.0,1789587803373,120796082361643
1,58270,0.0,1789587803373,120796082361643
2,58270,0.0,1789587803373,120796082361643
3,58270,0.0,1789587803373,120796082361643
4,58270,0.0,1789587803373,120796082361643
5,58270,0.0,1789587803373,120796082361643
6,58270,0.0,1789587803373,120796082361643
7,58270,0.0,1789587803373,120796082361643
0,58371,0.0,1789587803474,120796084770185
1,58371,0.0,1789587803474,120796084770185
2,58371,0.0,1789587803474,120796084770185
3,58371,0.0,1789587803474,120796084770185
4,58371,0.0,1789587803474,120796084770185
5,58371,0.0,1789587803474,120796084770185
6,58371,0.0,1789587803474,120796084770185
7,58371,0.0,1789587803474,120796084770185
0,58471,0.0,1789587803574,120796087176960
1,58471,0.0,1789587803574,120796087176960
2,58471,0.0,1789587803574,120796087176960
3,58471,0.0,1789587803574,120796087176960
4,58471,0.0,1789587803574,120796087176960
5,58471,0.0,1789587803574,120796087176960
6,58471,0.0,1789587803574,120796087176960
7,58471,0.0,1789587803574,120796087176960
0,58571,0.0,1789587803674,120796089584665
1,58571,0.0,1789587803674,120796089584665
2,58571,0.0,1789587803674,120796089584665
3,58571,0.0,1789587803674,120796089584665
4,58571,0.0,1789587803674,120796089584665
5,58571,0.0,1789587803674,120796089584665
6,58571,0.0,1789587803674,120796089584665
7,58571,0.0,1789587803674,120796089584665
0,58671,0.0,1789587803774,120796091992049
1,58671,0.0,1789587803774,120796091992049
2,58671,0.0,1789587803774,120796091992049
3,58671,0.0,1789587803774,120796091992049
4,58671,0.0,1789587803774,120796091992049
5,58671,0.0,1789587803774,120796091992049
6,58671,0.0,1789587803774,120796091992049
7,58671,0.0,1789587803774,120796091992049
0,58772,0.0,1789587803875,120796094399041
1,58772,0.0,1789587803875,120796094399041
2,58772,0.0,1789587803875,120796094399041
3,58772,0.0,1789587803875,120796094399041
4,58772,0.0,1789587803875,120796094399041
5,58772,0.0,1789587803875,120796094399041
6,58772,0.0,1789587803875,120796094399041
7,58772,0.0,1789587803875,120796094399041
0,58872,9.1,1789587803975,120796096806964
1,58872,0.0,1789587803975,120796096806964
2,58872,0.0,1789587803975,120796096806964
3,58872,0.0,1789587803975,120796096806964
4,58872,0.0,1789587803975,120796096806964
5,58872,0.0,1789587803975,120796096806964
6,58872,0.0,1789587803975,120796096806964
7,58872,0.0,1789587803975,120796096806964
0,58973,0.0,1789587804076,120796099219362
1,58973,30.0,1789587804076,120796099219362
2,58973,0.0,1789587804076,120796099219362
3,58973,0.0,1789587804076,120796099219362
4,58973,0.0,1789587804076,120796099219362
5,58973,0.0,1789587804076,120796099219362
6,58973,0.0,1789587804076,120796099219362
7,58973,11.1,1789587804076,120796099219362
0,59073,0.0,1789587804176,120796101631852
1,59073,30.0,1789587804176,120796101631852
2,59073,40.0,1789587804176,120796101631852
3,59073,0.0,1789587804176,120796101631852
4,59073,0.0,1789587804176,120796101631852
5,59073,0.0,1789587804176,120796101631852
6,59073,0.0,1789587804176,120796101631852
7,59073,9.1,1789587804176,120796101631852
0,59174,0.0,1789587804277,120796104043705
1,59174,10.0,1789587804277,120796104043705
2,59174,18.2,1789587804277,120796104043705
3,59174,18.2,1789587804277,120796104043705
4,59174,20.0,1789587804277,120796104043705
5,59174,11.1,1789587804277,120796104043705
6,59174,0.0,1789587804277,120796104043705
7,59174,0.0,1789587804277,120796104043705
0,59274,20.0,1789587804377,120796106455848
1,59274,0.0,1789587804377,120796106455848
2,59274,0.0,1789587804377,120796106455848
3,59274,11.1,1789587804377,120796106455848
4,59274,0.0,1789587804377,120796106455848
5,59274,0.0,1789587804377,120796106455848
6,59274,10.0,1789587804377,120796106455848
7,59274,0.0,1789587804377,120796106455848
0,59375,0.0,1789587804478,120796108869357
1,59375,0.0,1789587804478,120796108869357
2,59375,9.1,1789587804478,120796108869357
3,59375,0.0,1789587804478,120796108869357
4,59375,9.1,1789587804478,120796108869357
5,59375,10.0,1789587804478,120796108869357
6,59375,0.0,1789587804478,120796108869357
7,59375,18.2,1789587804478,120796108869357
0,59475,0.0,1789587804578,120796111280108
1,59475,0.0,1789587804578,120796111280108
2,59475,0.0,1789587804578,120796111280108
3,59475,0.0,1789587804578,120796111280108
4,59475,0.0,1789587804578,120796111280108
5,59475,0.0,1789587804578,120796111280108
6,59475,0.0,1789587804578,120796111280108
7,59475,0.0,1789587804578,120796111280108
0,59576,0.0,1789587804679,120796113689245
1,59576,0.0,1789587804679,120796113689245
2,59576,0.0,1789587804679,120796113689245
3,59576,0.0,1789587804679,120796113689245
4,59576,0.0,1789587804679,120796113689245
5,59576,0.0,1789587804679,120796113689245
6,59576,0.0,1789587804679,120796113689245
7,59576,0.0,1789587804679,120796113689245
0,59676,0.0,1789587804779,120796116098666
1,59676,0.0,1789587804779,120796116098666
2,59676,0.0,1789587804779,120796116098666
3,59676,0.0,1789587804779,120796116098666
4,59676,0.0,1789587804779,120796116098666
5,59676,0.0,1789587804779,120796116098666
6,59676,0.0,1789587804779,120796116098666
7,59676,0.0,1789587804779,120796116098666
0,59776,0.0,1789587804879,120796118507765
1,59776,0.0,1789587804879,120796118507765
2,59776,0.0,1789587804879,120796118507765
3,59776,0.0,1789587804879,120796118507765
4,59776,0.0,1789587804879,120796118507765
5,59776,0.0,1789587804879,120796118507765
6,59776,0.0,1789587804879,120796118507765
7,59776,0.0,1789587804879,120796118507765
0,59877,0.0,1789587804980,120796120916313
1,59877,0.0,1789587804980,120796120916313
2,59877,0.0,1789587804980,120796120916313
3,59877,0.0,1789587804980,120796120916313
4,59877,0.0,1789587804980,120796120916313
5,59877,0.0,1789587804980,120796120916313
6,59877,0.0,1789587804980,120796120916313
7,59877,0.0,1789587804980,120796120916313
0,59977,0.0,1789587805080,120796123326735
1,59977,0.0,1789587805080,120796123326735
2,59977,0.0,1789587805080,120796123326735
3,59977,0.0,1789587805080,120796123326735
4,59977,0.0,1789587805080,120796123326735
5,59977,0.0,1789587805080,120796123326735
6,59977,0.0,1789587805080,120796123326735
7,59977,0.0,1789587805080,120796123326735
0,60077,0.0,1789587805180,120796125736166
1,60077,0.0,1789587805180,120796125736166
2,60077,0.0,1789587805180,120796125736166
3,60077,0.0,1789587805180,120796125736166
4,60077,0.0,1789587805180,120796125736166
5,60077,0.0,1789587805180,120796125736166
6,60077,0.0,1789587805180,120796125736166
7,60077,0.0,1789587805180,120796125736166
0,60178,0.0,1789587805281,120796128147052
1,60178,0.0,1789587805281,120796128147052
2,60178,0.0,1789587805281,120796128147052
3,60178,0.0,1789587805281,120796128147052
4,60178,0.0,1789587805281,120796128147052
5,60178,0.0,1789587805281,120796128147052
6,60178,0.0,1789587805281,120796128147052
7,60178,0.0,1789587805281,120796128147052
0,60278,0.0,1789587805381,120796130558949
1,60278,0.0,1789587805381,120796130558949
2,60278,0.0,1789587805381,120796130558949
3,60278,0.0,1789587805381,120796130558949
4,60278,0.0,1789587805381,120796130558949
5,60278,0.0,1789587805381,120796130558949
6,60278,0.0,1789587805381,120796130558949
7,60278,0.0,1789587805381,120796130558949
0,60379,0.0,1789587805482,120796132967946
1,60379,0.0,1789587805482,120796132967946
2,60379,0.0,1789587805482,120796132967946
3,60379,0.0,1789587805482,120796132967946
4,60379,0.0,1789587805482,120796132967946
5,60379,0.0,1789587805482,120796132967946
6,60379,0.0,1789587805482,120796132967946
7,60379,0.0,1789587805482,120796132967946
0,60479,0.0,1789587805582,120796135376113
1,60479,0.0,1789587805582,120796135376113
2,60479,0.0,1789587805582,120796135376113
3,60479,0.0,1789587805582,120796135376113
4,60479,0.0,1789587805582,120796135376113
5,60479,0.0,1789587805582,120796135376113
6,60479,0.0,1789587805582,120796135376113
7,60479,0.0,1789587805582,120796135376113
0,60580,0.0,1789587805683,120796137786746
1,60580,0.0,1789587805683,120796137786746
2,60580,0.0,1789587805683,120796137786746
3,60580,0.0,1789587805683,120796137786746
4,60580,0.0,1789587805683,120796137786746
5,60580,0.0,1789587805683,120796137786746
6,60580,0.0,1789587805683,120796137786746
7,60580,0.0,1789587805683,120796137786746
0,60680,0.0,1789587805783,120796140196836
1,60680,0.0,1789587805783,120796140196836
2,60680,0.0,1789587805783,120796140196836
3,60680,0.0,1789587805783,120796140196836
4,60680,0.0,1789587805783,120796140196836
5,60680,0.0,1789587805783,120796140196836
6,60680,0.0,1789587805783,120796140196836
7,60680,0.0,1789587805783,120796140196836
0,60780,0.0,1789587805883,120796142607604
1,60780,0.0,1789587805883,120796142607604
2,60780,0.0,1789587805883,120796142607604
3,60780,0.0,1789587805883,120796142607604
4,60780,0.0,1789587805883,120796142607604
5,60780,0.0,1789587805883,120796142607604
6,60780,0.0,1789587805883,120796142607604
7,60780,0.0,1789587805883,120796142607604
0,60881,0.0,1789587805984,120796145019561
1,60881,0.0,1789587805984,120796145019561
2,60881,0.0,1789587805984,120796145019561
3,60881,10.0,1789587805984,120796145019561
4,60881,0.0,1789587805984,120796145019561
5,60881,0.0,1789587805984,120796145019561
6,60881,0.0,1789587805984,120796145019561
7,60881,0.0,1789587805984,120796145019561
0,60981,0.0,1789587806084,120796147429499
1,60981,0.0,1789587806084,120796147429499
2,60981,0.0,1789587806084,120796147429499
3,60981,0.0,1789587806084,120796147429499
4,60981,0.0,1789587806084,120796147429499
5,60981,0.0,1789587806084,120796147429499
6,60981,0.0,1789587806084,120796147429499
7,60981,0.0,1789587806084,120796147429499
0,61082,0.0,1789587806185,120796149837943
1,61082,0.0,1789587806185,120796149837943
2,61082,0.0,1789587806185,120796149837943
3,61082,0.0,1789587806185,120796149837943
4,61082,0.0,1789587806185,120796149837943
5,61082,0.0,1789587806185,120796149837943
6,61082,0.0,1789587806185,120796149837943
7,61082,0.0,1789587806185,120796149837943
0,61182,0.0,1789587806285,120796152246111
1,61182,0.0,1789587806285,120796152246111
2,61182,0.0,1789587806285,120796152246111
3,61182,0.0,1789587806285,120796152246111
4,61182,0.0,1789587806285,120796152246111
5,61182,0.0,1789587806285,120796152246111
6,61182,0.0,1789587806285,120796152246111
7,61182,0.0,1789587806285,120796152246111
0,61282,0.0,1789587806385,120796154655310
1,61282,0.0,1789587806385,120796154655310
2,61282,0.0,1789587806385,120796154655310
3,61282,0.0,1789587806385,120796154655310
4,61282,0.0,1789587806385,120796154655310
5,61282,0.0,1789587806385,120796154655310
6,61282,0.0,1789587806385,120796154655310
7,61282,0.0,1789587806385,120796154655310
0,61383,0.0,1789587806486,120796157063652
1,61383,0.0,1789587806486,120796157063652
2,61383,0.0,1789587806486,120796157063652
3,61383,9.1,1789587806486,120796157063652
4,61383,0.0,1789587806486,120796157063652
5,61383,0.0,1789587806486,120796157063652
6,61383,0.0,1789587806486,120796157063652
7,61383,0.0,1789587806486,120796157063652
0,61483,0.0,1789587806586,120796159473213
1,61483,0.0,1789587806586,120796159473213
2,61483,0.0,1789587806586,120796159473213
3,61483,0.0,1789587806586,120796159473213
4,61483,0.0,1789587806586,120796159473213
5,61483,0.0,1789587806586,120796159473213
6,61483,0.0,1789587806586,120796159473213
7,61483,0.0,1789587806586,120796159473213
0,61584,0.0,1789587806687,120796161883221
1,61584,0.0,1789587806687,120796161883221
2,61584,0.0,1789587806687,120796161883221
3,61584,0.0,1789587806687,120796161883221
4,61584,0.0,1789587806687,120796161883221
5,61584,0.0,1789587806687,120796161883221
6,61584,0.0,1789587806687,120796161883221
7,61584,0.0,1789587806687,120796161883221
0,61684,0.0,1789587806787,120796164293211
1,61684,0.0,1789587806787,120796164293211
2,61684,0.0,1789587806787,120796164293211
3,61684,0.0,1789587806787,120796164293211
4,61684,0.0,1789587806787,120796164293211
5,61684,0.0,1789587806787,120796164293211
6,61684,0.0,1789587806787,120796164293211
7,61684,0.0,1789587806787,120796164293211
0,61784,9.1,1789587806887,120796166702150
1,61784,0.0,1789587806887,120796166702150
2,61784,0.0,1789587806887,120796166702150
3,61784,0.0,1789587806887,120796166702150
4,61784,0.0,1789587806887,120796166702150
5,61784,0.0,1789587806887,120796166702150
6,61784,0.0,1789587806887,120796166702150
7,61784,0.0,1789587806887,120796166702150
0,61885,0.0,1789587806988,120796169110734
1,61885,0.0,1789587806988,120796169110734
2,61885,0.0,1789587806988,120796169110734
3,61885,0.0,1789587806988,120796169110734
4,61885,0.0,1789587806988,120796169110734
5,61885,0.0,1789587806988,120796169110734
6,61885,0.0,1789587806988,120796169110734
7,61885,0.0,1789587806988,120796169110734
0,61985,0.0,1789587807088,120796171521180
1,61985,0.0,1789587807088,120796171521180
2,61985,0.0,1789587807088,120796171521180
3,61985,0.0,1789587807088,120796171521180
4,61985,0.0,1789587807088,120796171521180
5,61985,0.0,1789587807088,120796171521180
6,61985,0.0,1789587807088,120796171521180
7,61985,0.0,1789587807088,120796171521180
0,62086,0.0,1789587807189,120796173932463
1,62086,0.0,1789587807189,120796173932463
2,62086,0.0,1789587807189,120796173932463
3,62086,0.0,1789587807189,120796173932463
4,62086,0.0,1789587807189,120796173932463
5,62086,0.0,1789587807189,120796173932463
6,62086,0.0,1789587807189,120796173932463
7,62086,0.0,1789587807189,120796173932463
0,62186,0.0,1789587807289,120796176342119
1,62186,0.0,1789587807289,120796176342119
2,62186,0.0,1789587807289,120796176342119
3,62186,0.0,1789587807289,120796176342119
4,62186,0.0,1789587807289,120796176342119
5,62186,0.0,1789587807289,120796176342119
6,62186,0.0,1789587807289,120796176342119
7,62186,0.0,1789587807289,120796176342119
0,62287,0.0,1789587807390,120796178753586
1,62287,0.0,1789587807390,120796178753586
2,62287,0.0,1789587807390,120796178753586
3,62287,0.0,1789587807390,120796178753586
4,62287,0.0,1789587807390,120796178753586
5,62287,9.1,1789587807390,120796178753586
6,62287,0.0,1789587807390,120796178753586
7,62287,9.1,1789587807390,120796178753586
0,62387,0.0,1789587807490,120796181163649
1,62387,0.0,1789587807490,120796181163649
2,62387,0.0,1789587807490,120796181163649
3,62387,0.0,1789587807490,120796181163649
4,62387,0.0,1789587807490,120796181163649
5,62387,0.0,1789587807490,120796181163649
6,62387,0.0,1789587807490,120796181163649
7,62387,0.0,1789587807490,120796181163649
0,62487,0.0,1789587807590,120796183572385
1,62487,0.0,1789587807590,120796183572385
2,62487,0.0,1789587807590,120796183572385
3,62487,0.0,1789587807590,120796183572385
4,62487,0.0,1789587807590,120796183572385
5,62487,0.0,1789587807590,120796183572385
6,62487,0.0,1789587807590,120796183572385
7,62487,0.0,1789587807590,120796183572385
0,62588,0.0,1789587807691,120796185982660
1,62588,0.0,1789587807691,120796185982660
2,62588,0.0,1789587807691,120796185982660
3,62588,0.0,1789587807691,120796185982660
4,62588,0.0,1789587807691,120796185982660
5,62588,0.0,1789587807691,120796185982660
6,62588,0.0,1789587807691,120796185982660
7,62588,0.0,1789587807691,120796185982660
0,62688,0.0,1789587807791,120796188395210
1,62688,0.0,1789587807791,120796188395210
2,62688,0.0,1789587807791,120796188395210
3,62688,0.0,1789587807791,120796188395210
4,62688,0.0,1789587807791,120796188395210
5,62688,0.0,1789587807791,120796188395210
6,62688,0.0,1789587807791,120796188395210
7,62688,0.0,1789587807791,120796188395210
0,62789,0.0,1789587807892,120796190804349
1,62789,0.0,1789587807892,120796190804349
2,62789,0.0,1789587807892,120796190804349
3,62789,0.0,1789587807892,120796190804349
4,62789,0.0,1789587807892,120796190804349
5,62789,0.0,1789587807892,120796190804349
6,62789,0.0,1789587807892,120796190804349
7,62789,0.0,1789587807892,120796190804349
0,62889,0.0,1789587807992,120796193212786
1,62889,0.0,1789587807992,120796193212786
2,62889,0.0,1789587807992,120796193212786
3,62889,0.0,1789587807992,120796193212786
4,62889,0.0,1789587807992,120796193212786
5,62889,0.0,1789587807992,120796193212786
6,62889,0.0,1789587807992,120796193212786
7,62889,0.0,1789587807992,120796193212786
0,62989,0.0,1789587808092,120796195620613
1,62989,0.0,1789587808092,120796195620613
2,62989,0.0,1789587808092,120796195620613
3,62989,0.0,1789587808092,120796195620613
4,62989,0.0,1789587808092,120796195620613
5,62989,0.0,1789587808092,120796195620613
6,62989,0.0,1789587808092,120796195620613
7,62989,0.0,1789587808092,120796195620613
0,63090,0.0,1789587808193,120796198028465
1,63090,0.0,1789587808193,120796198028465
2,63090,0.0,1789587808193,120796198028465
3,63090,0.0,1789587808193,120796198028465
4,63090,0.0,1789587808193,120796198028465
5,63090,0.0,1789587808193,120796198028465
6,63090,0.0,1789587808193,120796198028465
7,63090,0.0,1789587808193,120796198028465
0,63190,0.0,1789587808293,120796200436531
1,63190,0.0,1789587808293,120796200436531
2,63190,0.0,1789587808293,120796200436531
3,63190,0.0,1789587808293,120796200436531
4,63190,0.0,1789587808293,120796200436531
5,63190,0.0,1789587808293,120796200436531
6,63190,0.0,1789587808293,120796200436531
7,63190,0.0,1789587808293,120796200436531
0,63290,0.0,1789587808393,120796202844777
1,63290,0.0,1789587808393,120796202844777
2,63290,0.0,1789587808393,120796202844777
3,63290,0.0,1789587808393,120796202844777
4,63290,0.0,1789587808393,120796202844777
5,63290,0.0,1789587808393,120796202844777
6,63290,0.0,1789587808393,120796202844777
7,63290,0.0,1789587808393,120796202844777
0,63391,0.0,1789587808494,120796205252432
1,63391,0.0,1789587808494,120796205252432
2,63391,0.0,1789587808494,120796205252432
3,63391,0.0,1789587808494,120796205252432
4,63391,0.0,1789587808494,120796205252432
5,63391,0.0,1789587808494,120796205252432
6,63391,0.0,1789587808494,120796205252432
7,63391,0.0,1789587808494,120796205252432
0,63491,0.0,1789587808594,120796207662652
1,63491,0.0,1789587808594,120796207662652
2,63491,0.0,1789587808594,120796207662652
3,63491,0.0,1789587808594,120796207662652
4,63491,0.0,1789587808594,120796207662652
5,63491,0.0,1789587808594,120796207662652
6,63491,0.0,1789587808594,120796207662652
7,63491,0.0,1789587808594,120796207662652
0,63592,0.0,1789587808695,120796210071995
1,63592,0.0,1789587808695,120796210071995
2,63592,0.0,1789587808695,120796210071995
3,63592,0.0,1789587808695,120796210071995
4,63592,0.0,1789587808695,120796210071995
5,63592,0.0,1789587808695,120796210071995
6,63592,0.0,1789587808695,120796210071995
7,63592,0.0,1789587808695,120796210071995
0,63692,0.0,1789587808795,120796212480247
1,63692,0.0,1789587808795,120796212480247
2,63692,0.0,1789587808795,120796212480247
3,63692,0.0,1789587808795,120796212480247
4,63692,0.0,1789587808795,120796212480247
5,63692,0.0,1789587808795,120796212480247
6,63692,0.0,1789587808795,120796212480247
7,63692,0.0,1789587808795,120796212480247
0,63792,9.1,1789587808895,120796214889663
1,63792,0.0,1789587808895,120796214889663
2,63792,0.0,1789587808895,120796214889663
3,63792,9.1,1789587808895,120796214889663
4,63792,0.0,1789587808895,120796214889663
5,63792,0.0,1789587808895,120796214889663
6,63792,0.0,1789587808895,120796214889663
7,63792,0.0,1789587808895,120796214889663
0,63893,0.0,1789587808996,120796217299025
1,63893,0.0,1789587808996,120796217299025
2,63893,0.0,1789587808996,120796217299025
3,63893,0.0,1789587808996,120796217299025
4,63893,0.0,1789587808996,120796217299025
5,63893,0.0,1789587808996,120796217299025
6,63893,0.0,1789587808996,120796217299025
7,63893,0.0,1789587808996,120796217299025
0,63993,0.0,1789587809096,120796219709541
1,63993,0.0,1789587809096,120796219709541
2,63993,0.0,1789587809096,120796219709541
3,63993,0.0,1789587809096,120796219709541
4,63993,0.0,1789587809096,120796219709541
5,63993,0.0,1789587809096,120796219709541
6,63993,0.0,1789587809096,120796219709541
7,63993,0.0,1789587809096,120796219709541
0,64093,0.0,1789587809196,120796222118981
1,64093,0.0,1789587809196,120796222118981
2,64093,0.0,1789587809196,120796222118981
3,64093,0.0,1789587809196,120796222118981
4,64093,0.0,1789587809196,120796222118981
5,64093,0.0,1789587809196,120796222118981
6,64093,0.0,1789587809196,120796222118981
7,64093,0.0,1789587809196,120796222118981
0,64194,0.0,1789587809297,120796224528545
1,64194,0.0,1789587809297,120796224528545
2,64194,0.0,1789587809297,120796224528545
3,64194,0.0,1789587809297,120796224528545
4,64194,0.0,1789587809297,120796224528545
5,64194,0.0,1789587809297,120796224528545
6,64194,0.0,1789587809297,120796224528545
7,64194,0.0,1789587809297,120796224528545
0,64294,0.0,1789587809397,120796226937151
1,64294,0.0,1789587809397,120796226937151
2,64294,0.0,1789587809397,120796226937151
3,64294,0.0,1789587809397,120796226937151
4,64294,0.0,1789587809397,120796226937151
5,64294,0.0,1789587809397,120796226937151
6,64294,0.0,1789587809397,120796226937151
7,64294,0.0,1789587809397,120796226937151
0,64395,0.0,1789587809498,120796229346373
1,64395,0.0,1789587809498,120796229346373
2,64395,0.0,1789587809498,120796229346373
3,64395,0.0,1789587809498,120796229346373
4,64395,0.0,1789587809498,120796229346373
5,64395,0.0,1789587809498,120796229346373
6,64395,0.0,1789587809498,120796229346373
7,64395,0.0,1789587809498,120796229346373
0,64495,0.0,1789587809598,120796231754903
1,64495,0.0,1789587809598,120796231754903
2,64495,0.0,1789587809598,120796231754903
3,64495,0.0,1789587809598,120796231754903
4,64495,0.0,1789587809598,120796231754903
5,64495,0.0,1789587809598,120796231754903
6,64495,0.0,1789587809598,120796231754903
7,64495,0.0,1789587809598,120796231754903
0,64595,0.0,1789587809698,120796234162685
1,64595,0.0,1789587809698,120796234162685
2,64595,0.0,1789587809698,120796234162685
3,64595,0.0,1789587809698,120796234162685
4,64595,0.0,1789587809698,120796234162685
5,64595,0.0,1789587809698,120796234162685
6,64595,0.0,1789587809698,120796234162685
7,64595,0.0,1789587809698,120796234162685
0,64696,0.0,1789587809799,120796236571228
1,64696,0.0,1789587809799,120796236571228
2,64696,0.0,1789587809799,120796236571228
3,64696,0.0,1789587809799,120796236571228
4,64696,0.0,1789587809799,120796236571228
5,64696,0.0,1789587809799,120796236571228
6,64696,0.0,1789587809799,120796236571228
7,64696,0.0,1789587809799,120796236571228
0,64796,0.0,1789587809899,120796238979813
1,64796,0.0,1789587809899,120796238979813
2,64796,0.0,1789587809899,120796238979813
3,64796,0.0,1789587809899,120796238979813
4,64796,0.0,1789587809899,120796238979813
5,64796,0.0,1789587809899,120796238979813
6,64796,0.0,1789587809899,120796238979813
7,64796,0.0,1789587809899,120796238979813
0,64896,9.1,1789587809999,120796241387793
1,64896,0.0,1789587809999,120796241387793
2,64896,0.0,1789587809999,120796241387793
3,64896,0.0,1789587809999,120796241387793
4,64896,0.0,1789587809999,120796241387793
5,64896,0.0,1789587809999,120796241387793
6,64896,0.0,1789587809999,120796241387793
7,64896,0.0,1789587809999,120796241387793
0,64997,0.0,1789587810100,120796243795910
1,64997,0.0,1789587810100,120796243795910
2,64997,0.0,1789587810100,120796243795910
3,64997,0.0,1789587810100,120796243795910
4,64997,0.0,1789587810100,120796243795910
5,64997,0.0,1789587810100,120796243795910
6,64997,0.0,1789587810100,120796243795910
7,64997,0.0,1789587810100,120796243795910
0,65097,0.0,1789587810200,120796246203898
1,65097,0.0,1789587810200,120796246203898
2,65097,0.0,1789587810200,120796246203898
3,65097,0.0,1789587810200,120796246203898
4,65097,0.0,1789587810200,120796246203898
5,65097,0.0,1789587810200,120796246203898
6,65097,0.0,1789587810200,120796246203898
7,65097,0.0,1789587810200,120796246203898
0,65197,0.0,1789587810300,120796248613550
1,65197,0.0,1789587810300,120796248613550
2,65197,0.0,1789587810300,120796248613550
3,65197,0.0,1789587810300,120796248613550
4,65197,0.0,1789587810300,120796248613550
5,65197,0.0,1789587810300,120796248613550
6,65197,0.0,1789587810300,120796248613550
7,65197,0.0,1789587810300,120796248613550
0,65298,0.0,1789587810401,120796251024432
1,65298,0.0,1789587810401,120796251024432
2,65298,0.0,1789587810401,120796251024432
3,65298,0.0,1789587810401,120796251024432
4,65298,0.0,1789587810401,120796251024432
5,65298,0.0,1789587810401,120796251024432
6,65298,0.0,1789587810401,120796251024432
7,65298,0.0,1789587810401,120796251024432
0,65398,0.0,1789587810501,120796253437221
1,65398,0.0,1789587810501,120796253437221
2,65398,0.0,1789587810501,120796253437221
3,65398,0.0,1789587810501,120796253437221
4,65398,0.0,1789587810501,120796253437221
5,65398,0.0,1789587810501,120796253437221
6,65398,0.0,1789587810501,120796253437221
7,65398,0.0,1789587810501,120796253437221
0,65499,0.0,1789587810602,120796255847121
1,65499,0.0,1789587810602,120796255847121
2,65499,0.0,1789587810602,120796255847121
3,65499,0.0,1789587810602,120796255847121
4,65499,0.0,1789587810602,120796255847121
5,65499,0.0,1789587810602,120796255847121
6,65499,0.0,1789587810602,120796255847121
7,65499,0.0,1789587810602,120796255847121
0,65599,0.0,1789587810702,120796258255704
1,65599,0.0,1789587810702,120796258255704
2,65599,0.0,1789587810702,120796258255704
3,65599,0.0,1789587810702,120796258255704
4,65599,0.0,1789587810702,120796258255704
5,65599,0.0,1789587810702,120796258255704
6,65599,0.0,1789587810702,120796258255704
7,65599,0.0,1789587810702,120796258255704
0,65700,0.0,1789587810803,120796260664224
1,65700,0.0,1789587810803,120796260664224
2,65700,0.0,1789587810803,120796260664224
3,65700,0.0,1789587810803,120796260664224
4,65700,0.0,1789587810803,120796260664224
5,65700,0.0,1789587810803,120796260664224
6,65700,0.0,1789587810803,120796260664224
7,65700,0.0,1789587810803,120796260664224
0,65800,0.0,1789587810903,120796263073797
1,65800,0.0,1789587810903,120796263073797
2,65800,0.0,1789587810903,120796263073797
3,65800,0.0,1789587810903,120796263073797
4,65800,0.0,1789587810903,120796263073797
5,65800,0.0,1789587810903,120796263073797
6,65800,0.0,1789587810903,120796263073797
7,65800,0.0,1789587810903,120796263073797
0,65900,0.0,1789587811003,120796265482442
1,65900,0.0,1789587811003,120796265482442
2,65900,0.0,1789587811003,120796265482442
3,65900,9.1,1789587811003,120796265482442
4,65900,0.0,1789587811003,120796265482442
5,65900,0.0,1789587811003,120796265482442
6,65900,0.0,1789587811003,120796265482442
7,65900,0.0,1789587811003,120796265482442
0,66001,10.0,1789587811104,120796267892989
1,66001,0.0,1789587811104,120796267892989
2,66001,0.0,1789587811104,120796267892989
3,66001,0.0,1789587811104,120796267892989
4,66001,0.0,1789587811104,120796267892989
5,66001,0.0,1789587811104,120796267892989
6,66001,0.0,1789587811104,120796267892989
7,66001,9.1,1789587811104,120796267892989
0,66101,0.0,1789587811204,120796270302918
1,66101,0.0,1789587811204,120796270302918
2,66101,0.0,1789587811204,120796270302918
3,66101,0.0,1789587811204,120796270302918
4,66101,0.0,1789587811204,120796270302918
5,66101,0.0,1789587811204,120796270302918
6,66101,0.0,1789587811204,120796270302918
7,66101,0.0,1789587811204,120796270302918
0,66202,0.0,1789587811305,120796272711724
1,66202,0.0,1789587811305,120796272711724
2,66202,0.0,1789587811305,120796272711724
3,66202,0.0,1789587811305,120796272711724
4,66202,0.0,1789587811305,120796272711724
5,66202,0.0,1789587811305,120796272711724
6,66202,0.0,1789587811305,120796272711724
7,66202,0.0,1789587811305,120796272711724
0,66302,0.0,1789587811405,120796275120329
1,66302,0.0,1789587811405,120796275120329
2,66302,0.0,1789587811405,120796275120329
3,66302,0.0,1789587811405,120796275120329
4,66302,0.0,1789587811405,120796275120329
5,66302,0.0,1789587811405,120796275120329
6,66302,0.0,1789587811405,120796275120329
7,66302,0.0,1789587811405,120796275120329
0,66402,0.0,1789587811505,120796277532554
1,66402,0.0,1789587811505,120796277532554
2,66402,9.1,1789587811505,120796277532554
3,66402,0.0,1789587811505,120796277532554
4,66402,30.0,1789587811505,120796277532554
5,66402,9.1,1789587811505,120796277532554
6,66402,0.0,1789587811505,120796277532554
7,66402,18.2,1789587811505,120796277532554
0,66503,0.0,1789587811606,120796279943918
1,66503,0.0,1789587811606,120796279943918
2,66503,0.0,1789587811606,120796279943918
3,66503,0.0,1789587811606,120796279943918
4,66503,10.0,1789587811606,120796279943918
5,66503,40.0,1789587811606,120796279943918
6,66503,0.0,1789587811606,120796279943918
7,66503,0.0,1789587811606,120796279943918
0,66603,0.0,1789587811706,120796282355015
1,66603,18.2,1789587811706,120796282355015
2,66603,0.0,1789587811706,120796282355015
3,66603,0.0,1789587811706,120796282355015
4,66603,33.3,1789587811706,120796282355015
5,66603,0.0,1789587811706,120796282355015
6,66603,0.0,1789587811706,120796282355015
7,66603,0.0,1789587811706,120796282355015
0,66704,0.0,1789587811807,120796284769103
1,66704,10.0,1789587811807,120796284769103
2,66704,10.0,1789587811807,120796284769103
3,66704,0.0,1789587811807,120796284769103
4,66704,9.1,1789587811807,120796284769103
5,66704,0.0,1789587811807,120796284769103
6,66704,9.1,1789587811807,120796284769103
7,66704,20.0,1789587811807,120796284769103
0,66804,9.1,1789587811907,120796287182718
1,66804,0.0,1789587811907,120796287182718
2,66804,0.0,1789587811907,120796287182718
3,66804,0.0,1789587811907,120796287182718
4,66804,11.1,1789587811907,120796287182718
5,66804,40.0,1789587811907,120796287182718
6,66804,0.0,1789587811907,120796287182718
7,66804,10.0,1789587811907,120796287182718
0,66905,40.0,1789587812008,120796289595815
1,66905,0.0,1789587812008,120796289595815
2,66905,0.0,1789587812008,120796289595815
3,66905,0.0,1789587812008,120796289595815
4,66905,0.0,1789587812008,120796289595815
5,66905,0.0,1789587812008,120796289595815
6,66905,0.0,1789587812008,120796289595815
7,66905,0.0,1789587812008,120796289595815
0,67006,10.0,1789587812109,120796292008599
1,67006,0.0,1789587812109,120796292008599
2,67006,9.1,1789587812109,120796292008599
3,67006,0.0,1789587812109,120796292008599
4,67006,0.0,1789587812109,120796292008599
5,67006,40.0,1789587812109,120796292008599
6,67006,10.0,1789587812109,120796292008599
7,67006,10.0,1789587812109,120796292008599
0,67106,0.0,1789587812209,120796294421638
1,67106,0.0,1789587812209,120796294421638
2,67106,20.0,1789587812209,120796294421638
3,67106,18.2,1789587812209,120796294421638
4,67106,10.0,1789587812209,120796294421638
5,67106,9.1,1789587812209,120796294421638
6,67106,0.0,1789587812209,120796294421638
7,67106,10.0,1789587812209,120796294421638
0,67207,0.0,1789587812310,120796296834659
1,67207,27.3,1789587812310,120796296834659
2,67207,11.1,1789587812310,120796296834659
3,67207,0.0,1789587812310,120796296834659
4,67207,20.0,1789587812310,120796296834659
5,67207,0.0,1789587812310,120796296834659
6,67207,0.0,1789587812310,120796296834659
7,67207,20.0,1789587812310,120796296834659
0,67307,0.0,1789587812410,120796299247310
1,67307,0.0,1789587812410,120796299247310
2,67307,11.1,1789587812410,120796299247310
3,67307,18.2,1789587812410,120796299247310
4,67307,30.0,1789587812410,120796299247310
5,67307,0.0,1789587812410,120796299247310
6,67307,0.0,1789587812410,120796299247310
7,67307,37.5,1789587812410,120796299247310
0,67408,0.0,1789587812511,120796301660075
1,67408,0.0,1789587812511,120796301660075
2,67408,20.0,1789587812511,120796301660075
3,67408,0.0,1789587812511,120796301660075
4,67408,0.0,1789587812511,120796301660075
5,67408,0.0,1789587812511,120796301660075
6,67408,0.0,1789587812511,120796301660075
7,67408,11.1,1789587812511,120796301660075
0,67508,0.0,1789587812611,120796304075373
1,67508,0.0,1789587812611,120796304075373
2,67508,36.4,1789587812611,120796304075373
3,67508,10.0,1789587812611,120796304075373
4,67508,20.0,1789587812611,120796304075373
5,67508,0.0,1789587812611,120796304075373
6,67508,0.0,1789587812611,120796304075373
7,67508,28.6,1789587812611,120796304075373
0,67609,0.0,1789587812712,120796306494885
1,67609,0.0,1789587812712,120796306494885
2,67609,22.2,1789587812712,120796306494885
3,67609,0.0,1789587812712,120796306494885
4,67609,30.0,1789587812712,120796306494885
5,67609,0.0,1789587812712,120796306494885
6,67609,0.0,1789587812712,120796306494885
7,67609,40.0,1789587812712,120796306494885
0,67710,0.0,1789587812813,120796308913390
1,67710,10.0,1789587812813,120796308913390
2,67710,20.0,1789587812813,120796308913390
3,67710,10.0,1789587812813,120796308913390
4,67710,20.0,1789587812813,120796308913390
5,67710,0.0,1789587812813,120796308913390
6,67710,0.0,1789587812813,120796308913390
7,67710,22.2,1789587812813,120796308913390
0,67811,0.0,1789587812914,120796311327587
1,67811,9.1,1789587812914,120796311327587
2,67811,30.0,1789587812914,120796311327587
3,67811,0.0,1789587812914,120796311327587
4,67811,10.0,1789587812914,120796311327587
5,67811,0.0,1789587812914,120796311327587
6,67811,0.0,1789587812914,120796311327587
7,67811,28.6,1789587812914,120796311327587
0,67911,0.0,1789587813014,120796313741289
1,67911,0.0,1789587813014,120796313741289
2,67911,22.2,1789587813014,120796313741289
3,67911,0.0,1789587813014,120796313741289
4,67911,30.0,1789587813014,120796313741289
5,67911,0.0,1789587813014,120796313741289
6,67911,0.0,1789587813014,120796313741289
7,67911,44.4,1789587813014,120796313741289
0,68012,0.0,1789587813115,120796316160975
1,68012,0.0,1789587813115,120796316160975
2,68012,30.0,1789587813115,120796316160975
3,68012,11.1,1789587813115,120796316160975
4,68012,22.2,1789587813115,120796316160975
5,68012,0.0,1789587813115,120796316160975
6,68012,0.0,1789587813115,120796316160975
7,68012,44.4,1789587813115,120796316160975
0,68113,11.1,1789587813216,120796318578949
1,68113,9.1,1789587813216,120796318578949
2,68113,45.5,1789587813216,120796318578949
3,68113,0.0,1789587813216,120796318578949
4,68113,27.3,1789587813216,120796318578949
5,68113,0.0,1789587813216,120796318578949
6,68113,0.0,1789587813216,120796318578949
7,68113,25.0,1789587813216,120796318578949
0,68213,0.0,1789587813316,120796320996917
1,68213,0.0,1789587813316,120796320996917
2,68213,30.0,1789587813316,120796320996917
3,68213,0.0,1789587813316,120796320996917
4,68213,22.2,1789587813316,120796320996917
5,68213,9.1,1789587813316,120796320996917
6,68213,0.0,1789587813316,120796320996917
7,68213,40.0,1789587813316,120796320996917
0,68314,0.0,1789587813417,120796323412715
1,68314,10.0,1789587813417,120796323412715
2,68314,25.0,1789587813417,120796323412715
3,68314,10.0,1789587813417,120796323412715
4,68314,22.2,1789587813417,120796323412715
5,68314,0.0,1789587813417,120796323412715
6,68314,0.0,1789587813417,120796323412715
7,68314,37.5,1789587813417,120796323412715
0,68415,0.0,1789587813518,120796325828950
1,68415,0.0,1789587813518,120796325828950
2,68415,40.0,1789587813518,120796325828950
3,68415,10.0,1789587813518,120796325828950
4,68415,25.0,1789587813518,120796325828950
5,68415,0.0,1789587813518,120796325828950
6,68415,0.0,1789587813518,120796325828950
7,68415,28.6,1789587813518,120796325828950
0,68516,0.0,1789587813619,120796328246404
1,68516,0.0,1789587813619,120796328246404
2,68516,30.0,1789587813619,120796328246404
3,68516,11.1,1789587813619,120796328246404
4,68516,36.4,1789587813619,120796328246404
5,68516,0.0,1789587813619,120796328246404
6,68516,0.0,1789587813619,120796328246404
7,68516,33.3,1789587813619,120796328246404
0,68616,11.1,1789587813719,120796330663892
1,68616,0.0,1789587813719,120796330663892
2,68616,40.0,1789587813719,120796330663892
3,68616,0.0,1789587813719,120796330663892
4,68616,22.2,1789587813719,120796330663892
5,68616,0.0,1789587813719,120796330663892
6,68616,0.0,1789587813719,120796330663892
7,68616,50.0,1789587813719,120796330663892
0,68717,0.0,1789587813820,120796333080204
1,68717,9.1,1789587813820,120796333080204
2,68717,40.0,1789587813820,120796333080204
3,68717,18.2,1789587813820,120796333080204
4,68717,22.2,1789587813820,120796333080204
5,68717,0.0,1789587813820,120796333080204
6,68717,0.0,1789587813820,120796333080204
7,68717,28.6,1789587813820,120796333080204
0,68818,0.0,1789587813921,120796335500618
1,68818,10.0,1789587813921,120796335500618
2,68818,20.0,1789587813921,120796335500618
3,68818,0.0,1789587813921,120796335500618
4,68818,33.3,1789587813921,120796335500618
5,68818,0.0,1789587813921,120796335500618
6,68818,0.0,1789587813921,120796335500618
7,68818,33.3,1789587813921,120796335500618
0,68919,0.0,1789587814022,120796337918419
1,68919,0.0,1789587814022,120796337918419
2,68919,0.0,1789587814022,120796337918419
3,68919,45.5,1789587814022,120796337918419
4,68919,20.0,1789587814022,120796337918419
5,68919,0.0,1789587814022,120796337918419
6,68919,18.2,1789587814022,120796337918419
7,68919,37.5,1789587814022,120796337918419
0,69019,0.0,1789587814122,120796340331570
1,69019,0.0,1789587814122,120796340331570
2,69019,0.0,1789587814122,120796340331570
3,69019,33.3,1789587814122,120796340331570
4,69019,0.0,1789587814122,120796340331570
5,69019,0.0,1789587814122,120796340331570
6,69019,22.2,1789587814122,120796340331570
7,69019,44.4,1789587814122,120796340331570
0,69120,0.0,1789587814223,120796342744677
1,69120,0.0,1789587814223,120796342744677
2,69120,0.0,1789587814223,120796342744677
3,69120,25.0,1789587814223,120796342744677
4,69120,0.0,1789587814223,120796342744677
5,69120,0.0,1789587814223,120796342744677
6,69120,30.0,1789587814223,120796342744677
7,69120,44.4,1789587814223,120796342744677
0,69220,0.0,1789587814323,120796345159478
1,69220,9.1,1789587814323,120796345159478
2,69220,0.0,1789587814323,120796345159478
3,69220,0.0,1789587814323,120796345159478
4,69220,0.0,1789587814323,120796345159478
5,69220,0.0,1789587814323,120796345159478
6,69220,10.0,1789587814323,120796345159478
7,69220,12.5,1789587814323,120796345159478
0,69321,0.0,1789587814424,120796347571952
1,69321,10.0,1789587814424,120796347571952
2,69321,0.0,1789587814424,120796347571952
3,69321,30.0,1789587814424,120796347571952
4,69321,10.0,1789587814424,120796347571952
5,69321,0.0,1789587814424,120796347571952
6,69321,30.0,1789587814424,120796347571952
7,69321,25.0,1789587814424,120796347571952
0,69421,0.0,1789587814524,120796349984853
1,69421,10.0,1789587814524,120796349984853
2,69421,11.1,1789587814524,120796349984853
3,69421,10.0,1789587814524,120796349984853
4,69421,0.0,1789587814524,120796349984853
5,69421,0.0,1789587814524,120796349984853
6,69421,36.4,1789587814524,120796349984853
7,69421,18.2,1789587814524,120796349984853
0,69522,0.0,1789587814625,120796352396822
1,69522,0.0,1789587814625,120796352396822
2,69522,44.4,1789587814625,120796352396822
3,69522,0.0,1789587814625,120796352396822
4,69522,10.0,1789587814625,120796352396822
5,69522,0.0,1789587814625,120796352396822
6,69522,22.2,1789587814625,120796352396822
7,69522,0.0,1789587814625,120796352396822
0,69622,0.0,1789587814725,120796354808463
1,69622,0.0,1789587814725,120796354808463
2,69622,9.1,1789587814725,120796354808463
3,69622,10.0,1789587814725,120796354808463
4,69622,11.1,1789587814725,120796354808463
5,69622,10.0,1789587814725,120796354808463
6,69622,30.0,1789587814725,120796354808463
7,69622,0.0,1789587814725,120796354808463
0,69724,11.1,1789587814827,120796357243308
1,69724,10.0,1789587814827,120796357243308
2,69724,20.0,1789587814827,120796357243308
3,69724,10.0,1789587814827,120796357243308
4,69724,16.7,1789587814827,120796357243308
5,69724,18.2,1789587814827,120796357243308
6,69724,0.0,1789587814827,120796357243308
7,69724,16.7,1789587814827,120796357243308
0,69824,0.0,1789587814927,120796359656625
1,69824,10.0,1789587814927,120796359656625
2,69824,10.0,1789587814927,120796359656625
3,69824,0.0,1789587814927,120796359656625
4,69824,0.0,1789587814927,120796359656625
5,69824,22.2,1789587814927,120796359656625
6,69824,10.0,1789587814927,120796359656625
7,69824,10.0,1789587814927,120796359656625
0,69925,0.0,1789587815028,120796362068452
1,69925,0.0,1789587815028,120796362068452
2,69925,0.0,1789587815028,120796362068452
3,69925,0.0,1789587815028,120796362068452
4,69925,0.0,1789587815028,120796362068452
5,69925,30.0,1789587815028,120796362068452
6,69925,0.0,1789587815028,120796362068452
7,69925,37.5,1789587815028,120796362068452
0,70026,0.0,1789587815129,120796364487110
1,70026,11.1,1789587815129,120796364487110
2,70026,10.0,1789587815129,120796364487110
3,70026,10.0,1789587815129,120796364487110
4,70026,18.2,1789587815129,120796364487110
5,70026,27.3,1789587815129,120796364487110
6,70026,11.1,1789587815129,120796364487110
7,70026,10.0,1789587815129,120796364487110
0,70126,0.0,1789587815229,120796366901831
1,70126,9.1,1789587815229,120796366901831
2,70126,10.0,1789587815229,120796366901831
3,70126,10.0,1789587815229,120796366901831
4,70126,0.0,1789587815229,120796366901831
5,70126,0.0,1789587815229,120796366901831
6,70126,0.0,1789587815229,120796366901831
7,70126,9.1,1789587815229,120796366901831
0,70227,10.0,1789587815330,120796369316232
1,70227,10.0,1789587815330,120796369316232
2,70227,10.0,1789587815330,120796369316232
3,70227,30.0,1789587815330,120796369316232
4,70227,10.0,1789587815330,120796369316232
5,70227,10.0,1789587815330,120796369316232
6,70227,16.7,1789587815330,120796369316232
7,70227,0.0,1789587815330,120796369316232
0,70327,0.0,1789587815430,120796371729973
1,70327,0.0,1789587815430,120796371729973
2,70327,0.0,1789587815430,120796371729973
3,70327,20.0,1789587815430,120796371729973
4,70327,0.0,1789587815430,120796371729973
5,70327,40.0,1789587815430,120796371729973
6,70327,0.0,1789587815430,120796371729973
7,70327,9.1,1789587815430,120796371729973
0,70428,0.0,1789587815531,120796374141452
1,70428,10.0,1789587815531,120796374141452
2,70428,0.0,1789587815531,120796374141452
3,70428,22.2,1789587815531,120796374141452
4,70428,0.0,1789587815531,120796374141452
5,70428,0.0,1789587815531,120796374141452
6,70428,0.0,1789587815531,120796374141452
7,70428,0.0,1789587815531,120796374141452
0,70528,9.1,1789587815631,120796376555563
1,70528,10.0,1789587815631,120796376555563
2,70528,20.0,1789587815631,120796376555563
3,70528,18.2,1789587815631,120796376555563
4,70528,0.0,1789587815631,120796376555563
5,70528,25.0,1789587815631,120796376555563
6,70528,0.0,1789587815631,120796376555563
7,70528,0.0,1789587815631,120796376555563
0,70629,0.0,1789587815732,120796378968164
1,70629,9.1,1789587815732,120796378968164
2,70629,0.0,1789587815732,120796378968164
3,70629,0.0,1789587815732,120796378968164
4,70629,10.0,1789587815732,120796378968164
5,70629,0.0,1789587815732,120796378968164
6,70629,9.1,1789587815732,120796378968164
7,70629,0.0,1789587815732,120796378968164
0,70729,0.0,1789587815832,120796381378578
1,70729,0.0,1789587815832,120796381378578
2,70729,0.0,1789587815832,120796381378578
3,70729,0.0,1789587815832,120796381378578
4,70729,0.0,1789587815832,120796381378578
5,70729,0.0,1789587815832,120796381378578
6,70729,0.0,1789587815832,120796381378578
7,70729,0.0,1789587815832,120796381378578
0,70830,0.0,1789587815933,120796383789804
1,70830,0.0,1789587815933,120796383789804
2,70830,0.0,1789587815933,120796383789804
3,70830,0.0,1789587815933,120796383789804
4,70830,0.0,1789587815933,120796383789804
5,70830,0.0,1789587815933,120796383789804
6,70830,0.0,1789587815933,120796383789804
7,70830,0.0,1789587815933,120796383789804
0,70930,0.0,1789587816033,120796386198894
1,70930,0.0,1789587816033,120796386198894
2,70930,0.0,1789587816033,120796386198894
3,70930,0.0,1789587816033,120796386198894
4,70930,0.0,1789587816033,120796386198894
5,70930,0.0,1789587816033,120796386198894
6,70930,0.0,1789587816033,120796386198894
7,70930,0.0,1789587816033,120796386198894
0,71031,0.0,1789587816134,120796388606884
1,71031,0.0,1789587816134,120796388606884
2,71031,0.0,1789587816134,120796388606884
3,71031,0.0,1789587816134,120796388606884
4,71031,0.0,1789587816134,120796388606884
5,71031,0.0,1789587816134,120796388606884
6,71031,0.0,1789587816134,120796388606884
7,71031,0.0,1789587816134,120796388606884
0,71131,0.0,1789587816234,120796391014064
1,71131,0.0,1789587816234,120796391014064
2,71131,0.0,1789587816234,120796391014064
3,71131,0.0,1789587816234,120796391014064
4,71131,0.0,1789587816234,120796391014064
5,71131,0.0,1789587816234,120796391014064
6,71131,0.0,1789587816234,120796391014064
7,71131,0.0,1789587816234,120796391014064
0,71231,0.0,1789587816334,120796393425053
1,71231,0.0,1789587816334,120796393425053
2,71231,0.0,1789587816334,120796393425053
3,71231,0.0,1789587816334,120796393425053
4,71231,0.0,1789587816334,120796393425053
5,71231,0.0,1789587816334,120796393425053
6,71231,0.0,1789587816334,120796393425053
7,71231,0.0,1789587816334,120796393425053
0,71332,0.0,1789587816435,120796395835036
1,71332,0.0,1789587816435,120796395835036
2,71332,0.0,1789587816435,120796395835036
3,71332,0.0,1789587816435,120796395835036
4,71332,0.0,1789587816435,120796395835036
5,71332,0.0,1789587816435,120796395835036
6,71332,0.0,1789587816435,120796395835036
7,71332,0.0,1789587816435,120796395835036
0,71432,0.0,1789587816535,120796398244233
1,71432,0.0,1789587816535,120796398244233
2,71432,0.0,1789587816535,120796398244233
3,71432,0.0,1789587816535,120796398244233
4,71432,0.0,1789587816535,120796398244233
5,71432,0.0,1789587816535,120796398244233
6,71432,0.0,1789587816535,120796398244233
7,71432,0.0,1789587816535,120796398244233
0,71532,0.0,1789587816635,120796400652633
1,71532,9.1,1789587816635,120796400652633
2,71532,0.0,1789587816635,120796400652633
3,71532,0.0,1789587816635,120796400652633
4,71532,0.0,1789587816635,120796400652633
5,71532,0.0,1789587816635,120796400652633
6,71532,0.0,1789587816635,120796400652633
7,71532,0.0,1789587816635,120796400652633
0,71633,0.0,1789587816736,120796403060747
1,71633,0.0,1789587816736,120796403060747
2,71633,0.0,1789587816736,120796403060747
3,71633,0.0,1789587816736,120796403060747
4,71633,0.0,1789587816736,120796403060747
5,71633,0.0,1789587816736,120796403060747
6,71633,0.0,1789587816736,120796403060747
7,71633,0.0,1789587816736,120796403060747
0,71733,0.0,1789587816836,120796405468901
1,71733,0.0,1789587816836,120796405468901
2,71733,0.0,1789587816836,120796405468901
3,71733,0.0,1789587816836,120796405468901
4,71733,0.0,1789587816836,120796405468901
5,71733,0.0,1789587816836,120796405468901
6,71733,0.0,1789587816836,120796405468901
7,71733,0.0,1789587816836,120796405468901
0,71834,0.0,1789587816937,120796407879833
1,71834,0.0,1789587816937,120796407879833
2,71834,0.0,1789587816937,120796407879833
3,71834,0.0,1789587816937,120796407879833
4,71834,0.0,1789587816937,120796407879833
5,71834,0.0,1789587816937,120796407879833
6,71834,0.0,1789587816937,120796407879833
7,71834,0.0,1789587816937,120796407879833
0,71934,0.0,1789587817037,120796410289563
1,71934,0.0,1789587817037,120796410289563
2,71934,0.0,1789587817037,120796410289563
3,71934,0.0,1789587817037,120796410289563
4,71934,0.0,1789587817037,120796410289563
5,71934,0.0,1789587817037,120796410289563
6,71934,0.0,1789587817037,120796410289563
7,71934,0.0,1789587817037,120796410289563
0,72034,0.0,1789587817137,120796412698543
1,72034,0.0,1789587817137,120796412698543
2,72034,0.0,1789587817137,120796412698543
3,72034,0.0,1789587817137,120796412698543
4,72034,0.0,1789587817137,120796412698543
5,72034,0.0,1789587817137,120796412698543
6,72034,0.0,1789587817137,120796412698543
7,72034,0.0,1789587817137,120796412698543
0,72135,0.0,1789587817238,120796415107563
1,72135,0.0,1789587817238,120796415107563
2,72135,0.0,1789587817238,120796415107563
3,72135,0.0,1789587817238,120796415107563
4,72135,0.0,1789587817238,120796415107563
5,72135,0.0,1789587817238,120796415107563
6,72135,0.0,1789587817238,120796415107563
7,72135,0.0,1789587817238,120796415107563
0,72235,0.0,1789587817338,120796417516310
1,72235,0.0,1789587817338,120796417516310
2,72235,0.0,1789587817338,120796417516310
3,72235,0.0,1789587817338,120796417516310
4,72235,0.0,1789587817338,120796417516310
5,72235,0.0,1789587817338,120796417516310
6,72235,0.0,1789587817338,120796417516310
7,72235,0.0,1789587817338,120796417516310
0,72336,0.0,1789587817439,120796419925386
1,72336,0.0,1789587817439,120796419925386
2,72336,0.0,1789587817439,120796419925386
3,72336,0.0,1789587817439,120796419925386
4,72336,0.0,1789587817439,120796419925386
5,72336,0.0,1789587817439,120796419925386
6,72336,0.0,1789587817439,120796419925386
7,72336,0.0,1789587817439,120796419925386
0,72436,0.0,1789587817539,120796422336685
1,72436,0.0,1789587817539,120796422336685
2,72436,0.0,1789587817539,120796422336685
3,72436,0.0,1789587817539,120796422336685
4,72436,0.0,1789587817539,120796422336685
5,72436,0.0,1789587817539,120796422336685
6,72436,0.0,1789587817539,120796422336685
7,72436,0.0,1789587817539,120796422336685
0,72536,9.1,1789587817639,120796424745238
1,72536,0.0,1789587817639,120796424745238
2,72536,0.0,1789587817639,120796424745238
3,72536,0.0,1789587817639,120796424745238
4,72536,0.0,1789587817639,120796424745238
5,72536,0.0,1789587817639,120796424745238
6,72536,0.0,1789587817639,120796424745238
7,72536,0.0,1789587817639,120796424745238
0,72637,0.0,1789587817740,120796427157156
1,72637,0.0,1789587817740,120796427157156
2,72637,11.1,1789587817740,120796427157156
3,72637,20.0,1789587817740,120796427157156
4,72637,0.0,1789587817740,120796427157156
5,72637,0.0,1789587817740,120796427157156
6,72637,0.0,1789587817740,120796427157156
7,72637,0.0,1789587817740,120796427157156
0,72737,0.0,1789587817840,120796429569906
1,72737,0.0,1789587817840,120796429569906
2,72737,0.0,1789587817840,120796429569906
3,72737,10.0,1789587817840,120796429569906
4,72737,45.5,1789587817840,120796429569906
5,72737,0.0,1789587817840,120796429569906
6,72737,0.0,1789587817840,120796429569906
7,72737,0.0,1789587817840,120796429569906
0,72838,9.1,1789587817941,120796431981660
1,72838,0.0,1789587817941,120796431981660
2,72838,0.0,1789587817941,120796431981660
3,72838,40.0,1789587817941,120796431981660
4,72838,0.0,1789587817941,120796431981660
5,72838,0.0,1789587817941,120796431981660
6,72838,0.0,1789587817941,120796431981660
7,72838,0.0,1789587817941,120796431981660
0,72938,0.0,1789587818041,120796434394563
1,72938,10.0,1789587818041,120796434394563
2,72938,10.0,1789587818041,120796434394563
3,72938,10.0,1789587818041,120796434394563
4,72938,20.0,1789587818041,120796434394563
5,72938,0.0,1789587818041,120796434394563
6,72938,10.0,1789587818041,120796434394563
7,72938,10.0,1789587818041,120796434394563
0,73039,9.1,1789587818142,120796436810083
1,73039,9.1,1789587818142,120796436810083
2,73039,10.0,1789587818142,120796436810083
3,73039,0.0,1789587818142,120796436810083
4,73039,0.0,1789587818142,120796436810083
5,73039,11.1,1789587818142,120796436810083
6,73039,0.0,1789587818142,120796436810083
7,73039,0.0,1789587818142,120796436810083
0,73140,0.0,1789587818243,120796439222652
1,73140,0.0,1789587818243,120796439222652
2,73140,0.0,1789587818243,120796439222652
3,73140,0.0,1789587818243,120796439222652
4,73140,0.0,1789587818243,120796439222652
5,73140,0.0,1789587818243,120796439222652
6,73140,10.0,1789587818243,120796439222652
7,73140,9.1,1789587818243,120796439222652
0,73240,0.0,1789587818343,120796441633547
1,73240,0.0,1789587818343,120796441633547
2,73240,0.0,1789587818343,120796441633547
3,73240,0.0,1789587818343,120796441633547
4,73240,0.0,1789587818343,120796441633547
5,73240,0.0,1789587818343,120796441633547
6,73240,0.0,1789587818343,120796441633547
7,73240,0.0,1789587818343,120796441633547
0,73340,0.0,1789587818443,120796444042270
1,73340,0.0,1789587818443,120796444042270
2,73340,0.0,1789587818443,120796444042270
3,73340,0.0,1789587818443,120796444042270
4,73340,0.0,1789587818443,120796444042270
5,73340,0.0,1789587818443,120796444042270
6,73340,0.0,1789587818443,120796444042270
7,73340,0.0,1789587818443,120796444042270
0,73441,0.0,1789587818544,120796446451508
1,73441,0.0,1789587818544,120796446451508
2,73441,0.0,1789587818544,120796446451508
3,73441,0.0,1789587818544,120796446451508
4,73441,0.0,1789587818544,120796446451508
5,73441,0.0,1789587818544,120796446451508
6,73441,0.0,1789587818544,120796446451508
7,73441,0.0,1789587818544,120796446451508
0,73541,9.1,1789587818644,120796448860351
1,73541,0.0,1789587818644,120796448860351
2,73541,0.0,1789587818644,120796448860351
3,73541,0.0,1789587818644,120796448860351
4,73541,0.0,1789587818644,120796448860351
5,73541,0.0,1789587818644,120796448860351
6,73541,0.0,1789587818644,120796448860351
7,73541,0.0,1789587818644,120796448860351
0,73642,0.0,1789587818745,120796451270061
1,73642,0.0,1789587818745,120796451270061
2,73642,0.0,1789587818745,120796451270061
3,73642,0.0,1789587818745,120796451270061
4,73642,0.0,1789587818745,120796451270061
5,73642,0.0,1789587818745,120796451270061
6,73642,0.0,1789587818745,120796451270061
7,73642,0.0,1789587818745,120796451270061
0,73742,0.0,1789587818845,120796453678423
1,73742,0.0,1789587818845,120796453678423
2,73742,0.0,1789587818845,120796453678423
3,73742,0.0,1789587818845,120796453678423
4,73742,0.0,1789587818845,120796453678423
5,73742,0.0,1789587818845,120796453678423
6,73742,0.0,1789587818845,120796453678423
7,73742,0.0,1789587818845,120796453678423
0,73842,0.0,1789587818945,120796456089392
1,73842,0.0,1789587818945,120796456089392
2,73842,0.0,1789587818945,120796456089392
3,73842,0.0,1789587818945,120796456089392
4,73842,0.0,1789587818945,120796456089392
5,73842,0.0,1789587818945,120796456089392
6,73842,0.0,1789587818945,120796456089392
7,73842,0.0,1789587818945,120796456089392
0,73943,0.0,1789587819046,120796458499023
1,73943,0.0,1789587819046,120796458499023
2,73943,0.0,1789587819046,120796458499023
3,73943,0.0,1789587819046,120796458499023
4,73943,0.0,1789587819046,120796458499023
5,73943,0.0,1789587819046,120796458499023
6,73943,0.0,1789587819046,120796458499023
7,73943,0.0,1789587819046,120796458499023
0,74043,0.0,1789587819146,120796460907313
1,74043,0.0,1789587819146,120796460907313
2,74043,0.0,1789587819146,120796460907313
3,74043,0.0,1789587819146,120796460907313
4,74043,0.0,1789587819146,120796460907313
5,74043,0.0,1789587819146,120796460907313
6,74043,0.0,1789587819146,120796460907313
7,74043,0.0,1789587819146,120796460907313
0,74143,0.0,1789587819246,120796463315805
1,74143,0.0,1789587819246,120796463315805
2,74143,0.0,1789587819246,120796463315805
3,74143,0.0,1789587819246,120796463315805
4,74143,0.0,1789587819246,120796463315805
5,74143,9.1,1789587819246,120796463315805
6,74143,0.0,1789587819246,120796463315805
7,74143,0.0,1789587819246,120796463315805
0,74244,0.0,1789587819347,120796465727466
1,74244,0.0,1789587819347,120796465727466
2,74244,9.1,1789587819347,120796465727466
3,74244,0.0,1789587819347,120796465727466
4,74244,0.0,1789587819347,120796465727466
5,74244,0.0,1789587819347,120796465727466
6,74244,0.0,1789587819347,120796465727466
7,74244,0.0,1789587819347,120796465727466
0,74344,9.1,1789587819447,120796468137610
1,74344,0.0,1789587819447,120796468137610
2,74344,0.0,1789587819447,120796468137610
3,74344,0.0,1789587819447,120796468137610
4,74344,0.0,1789587819447,120796468137610
5,74344,0.0,1789587819447,120796468137610
6,74344,0.0,1789587819447,120796468137610
7,74344,0.0,1789587819447,120796468137610
0,74445,0.0,1789587819548,120796470546477
1,74445,0.0,1789587819548,120796470546477
2,74445,0.0,1789587819548,120796470546477
3,74445,0.0,1789587819548,120796470546477
4,74445,0.0,1789587819548,120796470546477
5,74445,0.0,1789587819548,120796470546477
6,74445,0.0,1789587819548,120796470546477
7,74445,0.0,1789587819548,120796470546477
0,74545,0.0,1789587819648,120796472954802
1,74545,0.0,1789587819648,120796472954802
2,74545,0.0,1789587819648,120796472954802
3,74545,0.0,1789587819648,120796472954802
4,74545,0.0,1789587819648,120796472954802
5,74545,0.0,1789587819648,120796472954802
6,74545,0.0,1789587819648,120796472954802
7,74545,0.0,1789587819648,120796472954802
0,74646,0.0,1789587819749,120796475366322
1,74646,10.0,1789587819749,120796475366322
2,74646,0.0,1789587819749,120796475366322
3,74646,0.0,1789587819749,120796475366322
4,74646,0.0,1789587819749,120796475366322
5,74646,0.0,1789587819749,120796475366322
6,74646,0.0,1789587819749,120796475366322
7,74646,0.0,1789587819749,120796475366322
0,74746,0.0,1789587819849,120796477776497
1,74746,0.0,1789587819849,120796477776497
2,74746,0.0,1789587819849,120796477776497
3,74746,0.0,1789587819849,120796477776497
4,74746,0.0,1789587819849,120796477776497
5,74746,0.0,1789587819849,120796477776497
6,74746,0.0,1789587819849,120796477776497
7,74746,0.0,1789587819849,120796477776497
0,74846,0.0,1789587819949,120796480185491
1,74846,0.0,1789587819949,120796480185491
2,74846,0.0,1789587819949,120796480185491
3,74846,0.0,1789587819949,120796480185491
4,74846,0.0,1789587819949,120796480185491
5,74846,0.0,1789587819949,120796480185491
6,74846,0.0,1789587819949,120796480185491
7,74846,0.0,1789587819949,120796480185491
0,74947,0.0,1789587820050,120796482595225
1,74947,0.0,1789587820050,120796482595225
2,74947,0.0,1789587820050,120796482595225
3,74947,0.0,1789587820050,120796482595225
4,74947,0.0,1789587820050,120796482595225
5,74947,0.0,1789587820050,120796482595225
6,74947,0.0,1789587820050,120796482595225
7,74947,0.0,1789587820050,120796482595225
0,75047,9.1,1789587820150,120796485004995
1,75047,0.0,1789587820150,120796485004995
2,75047,0.0,1789587820150,120796485004995
3,75047,0.0,1789587820150,120796485004995
4,75047,0.0,1789587820150,120796485004995
5,75047,0.0,1789587820150,120796485004995
6,75047,0.0,1789587820150,120796485004995
7,75047,0.0,1789587820150,120796485004995
0,75148,0.0,1789587820251,120796487417439
1,75148,0.0,1789587820251,120796487417439
2,75148,18.2,1789587820251,120796487417439
3,75148,30.0,1789587820251,120796487417439
4,75148,10.0,1789587820251,120796487417439
5,75148,0.0,1789587820251,120796487417439
6,75148,0.0,1789587820251,120796487417439
7,75148,0.0,1789587820251,120796487417439
0,75248,0.0,1789587820351,120796489829352
1,75248,0.0,1789587820351,120796489829352
2,75248,0.0,1789587820351,120796489829352
3,75248,30.0,1789587820351,120796489829352
4,75248,36.4,1789587820351,120796489829352
5,75248,0.0,1789587820351,120796489829352
6,75248,0.0,1789587820351,120796489829352
7,75248,0.0,1789587820351,120796489829352
0,75349,9.1,1789587820452,120796492253724
1,75349,10.0,1789587820452,120796492253724
2,75349,0.0,1789587820452,120796492253724
3,75349,27.3,1789587820452,120796492253724
4,75349,20.0,1789587820452,120796492253724
5,75349,0.0,1789587820452,120796492253724
6,75349,0.0,1789587820452,120796492253724
7,75349,0.0,1789587820452,120796492253724
0,75450,0.0,1789587820553,120796494666425
1,75450,0.0,1789587820553,120796494666425
2,75450,11.1,1789587820553,120796494666425
3,75450,0.0,1789587820553,120796494666425
4,75450,0.0,1789587820553,120796494666425
5,75450,10.0,1789587820553,120796494666425
6,75450,0.0,1789587820553,120796494666425
7,75450,0.0,1789587820553,120796494666425
0,75550,0.0,1789587820653,120796497079298
1,75550,9.1,1789587820653,120796497079298
2,75550,0.0,1789587820653,120796497079298
3,75550,0.0,1789587820653,120796497079298
4,75550,0.0,1789587820653,120796497079298
5,75550,9.1,1789587820653,120796497079298
6,75550,10.0,1789587820653,120796497079298
7,75550,18.2,1789587820653,120796497079298
0,75651,0.0,1789587820754,120796499490161
1,75651,0.0,1789587820754,120796499490161
2,75651,0.0,1789587820754,120796499490161
3,75651,0.0,1789587820754,120796499490161
4,75651,0.0,1789587820754,120796499490161
5,75651,0.0,1789587820754,120796499490161
6,75651,0.0,1789587820754,120796499490161
7,75651,0.0,1789587820754,120796499490161
0,75751,0.0,1789587820854,120796501899242
1,75751,0.0,1789587820854,120796501899242
2,75751,0.0,1789587820854,120796501899242
3,75751,0.0,1789587820854,120796501899242
4,75751,0.0,1789587820854,120796501899242
5,75751,0.0,1789587820854,120796501899242
6,75751,0.0,1789587820854,120796501899242
7,75751,0.0,1789587820854,120796501899242
0,75851,0.0,1789587820954,120796504307994
1,75851,0.0,1789587820954,120796504307994
2,75851,0.0,1789587820954,120796504307994
3,75851,0.0,1789587820954,120796504307994
4,75851,0.0,1789587820954,120796504307994
5,75851,0.0,1789587820954,120796504307994
6,75851,0.0,1789587820954,120796504307994
7,75851,0.0,1789587820954,120796504307994
0,75952,0.0,1789587821055,120796506716391
1,75952,0.0,1789587821055,120796506716391
2,75952,0.0,1789587821055,120796506716391
3,75952,0.0,1789587821055,120796506716391
4,75952,0.0,1789587821055,120796506716391
5,75952,0.0,1789587821055,120796506716391
6,75952,0.0,1789587821055,120796506716391
7,75952,0.0,1789587821055,120796506716391
0,76052,0.0,1789587821155,120796509125843
1,76052,0.0,1789587821155,120796509125843
2,76052,0.0,1789587821155,120796509125843
3,76052,0.0,1789587821155,120796509125843
4,76052,0.0,1789587821155,120796509125843
5,76052,0.0,1789587821155,120796509125843
6,76052,0.0,1789587821155,120796509125843
7,76052,0.0,1789587821155,120796509125843
0,76153,0.0,1789587821256,120796511535451
1,76153,0.0,1789587821256,120796511535451
2,76153,0.0,1789587821256,120796511535451
3,76153,0.0,1789587821256,120796511535451
4,76153,0.0,1789587821256,120796511535451
5,76153,0.0,1789587821256,120796511535451
6,76153,0.0,1789587821256,120796511535451
7,76153,0.0,1789587821256,120796511535451
0,76253,0.0,1789587821356,120796513943944
1,76253,0.0,1789587821356,120796513943944
2,76253,0.0,1789587821356,120796513943944
3,76253,0.0,1789587821356,120796513943944
4,76253,0.0,1789587821356,120796513943944
5,76253,0.0,1789587821356,120796513943944
6,76253,0.0,1789587821356,120796513943944
7,76253,0.0,1789587821356,120796513943944
0,76353,0.0,1789587821456,120796516351814
1,76353,0.0,1789587821456,120796516351814
2,76353,0.0,1789587821456,120796516351814
3,76353,0.0,1789587821456,120796516351814
4,76353,0.0,1789587821456,120796516351814
5,76353,0.0,1789587821456,120796516351814
6,76353,0.0,1789587821456,120796516351814
7,76353,0.0,1789587821456,120796516351814
0,76454,0.0,1789587821557,120796518760103
1,76454,0.0,1789587821557,120796518760103
2,76454,0.0,1789587821557,120796518760103
3,76454,0.0,1789587821557,120796518760103
4,76454,0.0,1789587821557,120796518760103
5,76454,0.0,1789587821557,120796518760103
6,76454,0.0,1789587821557,120796518760103
7,76454,0.0,1789587821557,120796518760103
0,76554,0.0,1789587821657,120796521168269
1,76554,0.0,1789587821657,120796521168269
2,76554,0.0,1789587821657,120796521168269
3,76554,0.0,1789587821657,120796521168269
4,76554,0.0,1789587821657,120796521168269
5,76554,0.0,1789587821657,120796521168269
6,76554,0.0,1789587821657,120796521168269
7,76554,0.0,1789587821657,120796521168269
0,76654,0.0,1789587821757,120796523576576
1,76654,0.0,1789587821757,120796523576576
2,76654,0.0,1789587821757,120796523576576
3,76654,0.0,1789587821757,120796523576576
4,76654,0.0,1789587821757,120796523576576
5,76654,0.0,1789587821757,120796523576576
6,76654,0.0,1789587821757,120796523576576
7,76654,9.1,1789587821757,120796523576576
0,76755,0.0,1789587821858,120796525985146
1,76755,0.0,1789587821858,120796525985146
2,76755,0.0,1789587821858,120796525985146
3,76755,0.0,1789587821858,120796525985146
4,76755,0.0,1789587821858,120796525985146
5,76755,0.0,1789587821858,120796525985146
6,76755,0.0,1789587821858,120796525985146
7,76755,0.0,1789587821858,120796525985146
0,76855,0.0,1789587821958,120796528393361
1,76855,0.0,1789587821958,120796528393361
2,76855,0.0,1789587821958,120796528393361
3,76855,0.0,1789587821958,120796528393361
4,76855,0.0,1789587821958,120796528393361
5,76855,0.0,1789587821958,120796528393361
6,76855,0.0,1789587821958,120796528393361
7,76855,0.0,1789587821958,120796528393361
0,76956,0.0,1789587822059,120796530804497
1,76956,0.0,1789587822059,120796530804497
2,76956,0.0,1789587822059,120796530804497
3,76956,0.0,1789587822059,120796530804497
4,76956,0.0,1789587822059,120796530804497
5,76956,0.0,1789587822059,120796530804497
6,76956,0.0,1789587822059,120796530804497
7,76956,0.0,1789587822059,120796530804497
0,77056,0.0,1789587822159,120796533214780
1,77056,0.0,1789587822159,120796533214780
2,77056,0.0,1789587822159,120796533214780
3,77056,0.0,1789587822159,120796533214780
4,77056,0.0,1789587822159,120796533214780
5,77056,0.0,1789587822159,120796533214780
6,77056,0.0,1789587822159,120796533214780
7,77056,0.0,1789587822159,120796533214780
0,77156,0.0,1789587822259,120796535623323
1,77156,0.0,1789587822259,120796535623323
2,77156,0.0,1789587822259,120796535623323
3,77156,0.0,1789587822259,120796535623323
4,77156,0.0,1789587822259,120796535623323
5,77156,0.0,1789587822259,120796535623323
6,77156,0.0,1789587822259,120796535623323
7,77156,0.0,1789587822259,120796535623323
0,77257,0.0,1789587822360,120796538033844
1,77257,0.0,1789587822360,120796538033844
2,77257,0.0,1789587822360,120796538033844
3,77257,0.0,1789587822360,120796538033844
4,77257,0.0,1789587822360,120796538033844
5,77257,0.0,1789587822360,120796538033844
6,77257,0.0,1789587822360,120796538033844
7,77257,0.0,1789587822360,120796538033844
0,77357,0.0,1789587822460,120796540445003
1,77357,0.0,1789587822460,120796540445003
2,77357,0.0,1789587822460,120796540445003
3,77357,0.0,1789587822460,120796540445003
4,77357,0.0,1789587822460,120796540445003
5,77357,0.0,1789587822460,120796540445003
6,77357,0.0,1789587822460,120796540445003
7,77357,0.0,1789587822460,120796540445003
0,77458,0.0,1789587822561,120796542854123
1,77458,0.0,1789587822561,120796542854123
2,77458,0.0,1789587822561,120796542854123
3,77458,0.0,1789587822561,120796542854123
4,77458,0.0,1789587822561,120796542854123
5,77458,0.0,1789587822561,120796542854123
6,77458,0.0,1789587822561,120796542854123
7,77458,0.0,1789587822561,120796542854123
0,77558,9.1,1789587822661,120796545266106
1,77558,0.0,1789587822661,120796545266106
2,77558,10.0,1789587822661,120796545266106
3,77558,0.0,1789587822661,120796545266106
4,77558,30.0,1789587822661,120796545266106
5,77558,9.1,1789587822661,120796545266106
6,77558,0.0,1789587822661,120796545266106
7,77558,9.1,1789587822661,120796545266106
0,77659,0.0,1789587822762,120796547678045
1,77659,0.0,1789587822762,120796547678045
2,77659,0.0,1789587822762,120796547678045
3,77659,0.0,1789587822762,120796547678045
4,77659,9.1,1789587822762,120796547678045
5,77659,40.0,1789587822762,120796547678045
6,77659,0.0,1789587822762,120796547678045
7,77659,0.0,1789587822762,120796547678045
0,77759,0.0,1789587822862,120796550089447
1,77759,10.0,1789587822862,120796550089447
2,77759,10.0,1789587822862,120796550089447
3,77759,0.0,1789587822862,120796550089447
4,77759,45.5,1789587822862,120796550089447
5,77759,10.0,1789587822862,120796550089447
6,77759,0.0,1789587822862,120796550089447
7,77759,11.1,1789587822862,120796550089447
0,77860,9.1,1789587822963,120796552502102
1,77860,0.0,1789587822963,120796552502102
2,77860,9.1,1789587822963,120796552502102
3,77860,0.0,1789587822963,120796552502102
4,77860,0.0,1789587822963,120796552502102
5,77860,10.0,1789587822963,120796552502102
6,77860,9.1,1789587822963,120796552502102
7,77860,0.0,1789587822963,120796552502102
0,77960,0.0,1789587823063,120796554917128
1,77960,0.0,1789587823063,120796554917128
2,77960,10.0,1789587823063,120796554917128
3,77960,0.0,1789587823063,120796554917128
4,77960,9.1,1789587823063,120796554917128
5,77960,0.0,1789587823063,120796554917128
6,77960,11.1,1789587823063,120796554917128
7,77960,10.0,1789587823063,120796554917128
0,78061,0.0,1789587823164,120796557329100
1,78061,0.0,1789587823164,120796557329100
2,78061,0.0,1789587823164,120796557329100
3,78061,0.0,1789587823164,120796557329100
4,78061,0.0,1789587823164,120796557329100
5,78061,0.0,1789587823164,120796557329100
6,78061,0.0,1789587823164,120796557329100
7,78061,9.1,1789587823164,120796557329100
0,78161,0.0,1789587823264,120796559739331
1,78161,0.0,1789587823264,120796559739331
2,78161,0.0,1789587823264,120796559739331
3,78161,0.0,1789587823264,120796559739331
4,78161,0.0,1789587823264,120796559739331
5,78161,10.0,1789587823264,120796559739331
6,78161,0.0,1789587823264,120796559739331
7,78161,0.0,1789587823264,120796559739331
0,78262,0.0,1789587823365,120796562148219
1,78262,0.0,1789587823365,120796562148219
2,78262,0.0,1789587823365,120796562148219
3,78262,0.0,1789587823365,120796562148219
4,78262,0.0,1789587823365,120796562148219
5,78262,0.0,1789587823365,120796562148219
6,78262,0.0,1789587823365,120796562148219
7,78262,0.0,1789587823365,120796562148219
0,78362,0.0,1789587823465,120796564556673
1,78362,0.0,1789587823465,120796564556673
2,78362,0.0,1789587823465,120796564556673
3,78362,0.0,1789587823465,120796564556673
4,78362,0.0,1789587823465,120796564556673
5,78362,0.0,1789587823465,120796564556673
6,78362,0.0,1789587823465,120796564556673
7,78362,0.0,1789587823465,120796564556673
0,78462,0.0,1789587823565,120796566965214
1,78462,0.0,1789587823565,120796566965214
2,78462,0.0,1789587823565,120796566965214
3,78462,0.0,1789587823565,120796566965214
4,78462,0.0,1789587823565,120796566965214
5,78462,0.0,1789587823565,120796566965214
6,78462,0.0,1789587823565,120796566965214
7,78462,0.0,1789587823565,120796566965214
0,78563,0.0,1789587823666,120796569375102
1,78563,0.0,1789587823666,120796569375102
2,78563,0.0,1789587823666,120796569375102
3,78563,0.0,1789587823666,120796569375102
4,78563,0.0,1789587823666,120796569375102
5,78563,0.0,1789587823666,120796569375102
6,78563,0.0,1789587823666,120796569375102
7,78563,0.0,1789587823666,120796569375102
0,78663,0.0,1789587823766,120796571784948
1,78663,0.0,1789587823766,120796571784948
2,78663,0.0,1789587823766,120796571784948
3,78663,0.0,1789587823766,120796571784948
4,78663,0.0,1789587823766,120796571784948
5,78663,0.0,1789587823766,120796571784948
6,78663,0.0,1789587823766,120796571784948
7,78663,9.1,1789587823766,120796571784948
0,78764,0.0,1789587823867,120796574195964
1,78764,0.0,1789587823867,120796574195964
2,78764,0.0,1789587823867,120796574195964
3,78764,0.0,1789587823867,120796574195964
4,78764,0.0,1789587823867,120796574195964
5,78764,0.0,1789587823867,120796574195964
6,78764,0.0,1789587823867,120796574195964
7,78764,0.0,1789587823867,120796574195964
0,78864,0.0,1789587823967,120796576606349
1,78864,0.0,1789587823967,120796576606349
2,78864,0.0,1789587823967,120796576606349
3,78864,0.0,1789587823967,120796576606349
4,78864,0.0,1789587823967,120796576606349
5,78864,0.0,1789587823967,120796576606349
6,78864,0.0,1789587823967,120796576606349
7,78864,0.0,1789587823967,120796576606349
0,78964,0.0,1789587824067,120796579017481
1,78964,0.0,1789587824067,120796579017481
2,78964,0.0,1789587824067,120796579017481
3,78964,0.0,1789587824067,120796579017481
4,78964,0.0,1789587824067,120796579017481
5,78964,0.0,1789587824067,120796579017481
6,78964,0.0,1789587824067,120796579017481
7,78964,0.0,1789587824067,120796579017481
0,79065,0.0,1789587824168,120796581427197
1,79065,0.0,1789587824168,120796581427197
2,79065,0.0,1789587824168,120796581427197
3,79065,0.0,1789587824168,120796581427197
4,79065,0.0,1789587824168,120796581427197
5,79065,0.0,1789587824168,120796581427197
6,79065,0.0,1789587824168,120796581427197
7,79065,0.0,1789587824168,120796581427197
0,79165,0.0,1789587824268,120796583835562
1,79165,0.0,1789587824268,120796583835562
2,79165,0.0,1789587824268,120796583835562
3,79165,0.0,1789587824268,120796583835562
4,79165,0.0,1789587824268,120796583835562
5,79165,0.0,1789587824268,120796583835562
6,79165,0.0,1789587824268,120796583835562
7,79165,0.0,1789587824268,120796583835562
0,79266,0.0,1789587824369,120796586244065
1,79266,0.0,1789587824369,120796586244065
2,79266,0.0,1789587824369,120796586244065
3,79266,0.0,1789587824369,120796586244065
4,79266,0.0,1789587824369,120796586244065
5,79266,0.0,1789587824369,120796586244065
6,79266,0.0,1789587824369,120796586244065
7,79266,0.0,1789587824369,120796586244065
0,79366,0.0,1789587824469,120796588652311
1,79366,0.0,1789587824469,120796588652311
2,79366,0.0,1789587824469,120796588652311
3,79366,0.0,1789587824469,120796588652311
4,79366,0.0,1789587824469,120796588652311
5,79366,0.0,1789587824469,120796588652311
6,79366,0.0,1789587824469,120796588652311
7,79366,0.0,1789587824469,120796588652311
0,79466,0.0,1789587824569,120796591060370
1,79466,0.0,1789587824569,120796591060370
2,79466,0.0,1789587824569,120796591060370
3,79466,0.0,1789587824569,120796591060370
4,79466,0.0,1789587824569,120796591060370
5,79466,0.0,1789587824569,120796591060370
6,79466,0.0,1789587824569,120796591060370
7,79466,0.0,1789587824569,120796591060370
0,79567,0.0,1789587824670,120796593468718
1,79567,0.0,1789587824670,120796593468718
2,79567,0.0,1789587824670,120796593468718
3,79567,0.0,1789587824670,120796593468718
4,79567,0.0,1789587824670,120796593468718
5,79567,0.0,1789587824670,120796593468718
6,79567,0.0,1789587824670,120796593468718
7,79567,0.0,1789587824670,120796593468718
0,79667,0.0,1789587824770,120796595876869
1,79667,0.0,1789587824770,120796595876869
2,79667,0.0,1789587824770,120796595876869
3,79667,0.0,1789587824770,120796595876869
4,79667,0.0,1789587824770,120796595876869
5,79667,0.0,1789587824770,120796595876869
6,79667,0.0,1789587824770,120796595876869
7,79667,0.0,1789587824770,120796595876869
0,79767,0.0,1789587824870,120796598286379
1,79767,0.0,1789587824870,120796598286379
2,79767,0.0,1789587824870,120796598286379
3,79767,0.0,1789587824870,120796598286379
4,79767,0.0,1789587824870,120796598286379
5,79767,0.0,1789587824870,120796598286379
6,79767,0.0,1789587824870,120796598286379
7,79767,0.0,1789587824870,120796598286379
0,79868,0.0,1789587824971,120796600694503
1,79868,0.0,1789587824971,120796600694503
2,79868,0.0,1789587824971,120796600694503
3,79868,0.0,1789587824971,120796600694503
4,79868,0.0,1789587824971,120796600694503
5,79868,0.0,1789587824971,120796600694503
6,79868,0.0,1789587824971,120796600694503
7,79868,0.0,1789587824971,120796600694503
0,79968,0.0,1789587825071,120796603102737
1,79968,0.0,1789587825071,120796603102737
2,79968,0.0,1789587825071,120796603102737
3,79968,0.0,1789587825071,120796603102737
4,79968,0.0,1789587825071,120796603102737
5,79968,0.0,1789587825071,120796603102737
6,79968,0.0,1789587825071,120796603102737
7,79968,0.0,1789587825071,120796603102737
0,80068,9.1,1789587825171,120796605513861
1,80068,18.2,1789587825171,120796605513861
2,80068,30.0,1789587825171,120796605513861
3,80068,0.0,1789587825171,120796605513861
4,80068,0.0,1789587825171,120796605513861
5,80068,0.0,1789587825171,120796605513861
6,80068,0.0,1789587825171,120796605513861
7,80068,0.0,1789587825171,120796605513861
0,80169,0.0,1789587825272,120796607926103
1,80169,0.0,1789587825272,120796607926103
2,80169,10.0,1789587825272,120796607926103
3,80169,0.0,1789587825272,120796607926103
4,80169,40.0,1789587825272,120796607926103
5,80169,10.0,1789587825272,120796607926103
6,80169,0.0,1789587825272,120796607926103
7,80169,0.0,1789587825272,120796607926103
0,80269,0.0,1789587825372,120796610338324
1,80269,11.1,1789587825372,120796610338324
2,80269,40.0,1789587825372,120796610338324
3,80269,10.0,1789587825372,120796610338324
4,80269,10.0,1789587825372,120796610338324
5,80269,0.0,1789587825372,120796610338324
6,80269,0.0,1789587825372,120796610338324
7,80269,9.1,1789587825372,120796610338324
0,80370,0.0,1789587825473,120796612750656
1,80370,0.0,1789587825473,120796612750656
2,80370,10.0,1789587825473,120796612750656
3,80370,9.1,1789587825473,120796612750656
4,80370,10.0,1789587825473,120796612750656
5,80370,0.0,1789587825473,120796612750656
6,80370,0.0,1789587825473,120796612750656
7,80370,10.0,1789587825473,120796612750656
0,80471,9.1,1789587825574,120796615163824
1,80471,11.1,1789587825574,120796615163824
2,80471,10.0,1789587825574,120796615163824
3,80471,10.0,1789587825574,120796615163824
4,80471,0.0,1789587825574,120796615163824
5,80471,0.0,1789587825574,120796615163824
6,80471,18.2,1789587825574,120796615163824
7,80471,0.0,1789587825574,120796615163824
0,80571,0.0,1789587825674,120796617575245
1,80571,0.0,1789587825674,120796617575245
2,80571,0.0,1789587825674,120796617575245
3,80571,0.0,1789587825674,120796617575245
4,80571,0.0,1789587825674,120796617575245
5,80571,0.0,1789587825674,120796617575245
6,80571,0.0,1789587825674,120796617575245
7,80571,9.1,1789587825674,120796617575245
0,80671,0.0,1789587825774,120796619984871
1,80671,0.0,1789587825774,120796619984871
2,80671,0.0,1789587825774,120796619984871
3,80671,0.0,1789587825774,120796619984871
4,80671,0.0,1789587825774,120796619984871
5,80671,0.0,1789587825774,120796619984871
6,80671,0.0,1789587825774,120796619984871
7,80671,0.0,1789587825774,120796619984871
0,80772,0.0,1789587825875,120796622393776
1,80772,0.0,1789587825875,120796622393776
2,80772,0.0,1789587825875,120796622393776
3,80772,0.0,1789587825875,120796622393776
4,80772,0.0,1789587825875,120796622393776
5,80772,0.0,1789587825875,120796622393776
6,80772,0.0,1789587825875,120796622393776
7,80772,0.0,1789587825875,120796622393776
0,80872,0.0,1789587825975,120796624802435
1,80872,0.0,1789587825975,120796624802435
2,80872,0.0,1789587825975,120796624802435
3,80872,0.0,1789587825975,120796624802435
4,80872,0.0,1789587825975,120796624802435
5,80872,0.0,1789587825975,120796624802435
6,80872,0.0,1789587825975,120796624802435
7,80872,0.0,1789587825975,120796624802435
0,80973,0.0,1789587826076,120796627211882
1,80973,0.0,1789587826076,120796627211882
2,80973,0.0,1789587826076,120796627211882
3,80973,0.0,1789587826076,120796627211882
4,80973,0.0,1789587826076,120796627211882
5,80973,0.0,1789587826076,120796627211882
6,80973,0.0,1789587826076,120796627211882
7,80973,0.0,1789587826076,120796627211882
0,81073,0.0,1789587826176,120796629620282
1,81073,0.0,1789587826176,120796629620282
2,81073,0.0,1789587826176,120796629620282
3,81073,0.0,1789587826176,120796629620282
4,81073,0.0,1789587826176,120796629620282
5,81073,0.0,1789587826176,120796629620282
6,81073,0.0,1789587826176,120796629620282
7,81073,0.0,1789587826176,120796629620282
0,81173,0.0,1789587826276,120796632028310
1,81173,0.0,1789587826276,120796632028310
2,81173,0.0,1789587826276,120796632028310
3,81173,0.0,1789587826276,120796632028310
4,81173,0.0,1789587826276,120796632028310
5,81173,0.0,1789587826276,120796632028310
6,81173,0.0,1789587826276,120796632028310
7,81173,9.1,1789587826276,120796632028310
0,81274,0.0,1789587826377,120796634436326
1,81274,0.0,1789587826377,120796634436326
2,81274,0.0,1789587826377,120796634436326
3,81274,0.0,1789587826377,120796634436326
4,81274,0.0,1789587826377,120796634436326
5,81274,0.0,1789587826377,120796634436326
6,81274,0.0,1789587826377,120796634436326
7,81274,0.0,1789587826377,120796634436326
0,81374,0.0,1789587826477,120796636844047
1,81374,0.0,1789587826477,120796636844047
2,81374,0.0,1789587826477,120796636844047
3,81374,0.0,1789587826477,120796636844047
4,81374,0.0,1789587826477,120796636844047
5,81374,0.0,1789587826477,120796636844047
6,81374,0.0,1789587826477,120796636844047
7,81374,0.0,1789587826477,120796636844047
0,81474,0.0,1789587826577,120796639251269
1,81474,0.0,1789587826577,120796639251269
2,81474,0.0,1789587826577,120796639251269
3,81474,0.0,1789587826577,120796639251269
4,81474,0.0,1789587826577,120796639251269
5,81474,0.0,1789587826577,120796639251269
6,81474,0.0,1789587826577,120796639251269
7,81474,0.0,1789587826577,120796639251269
0,81575,0.0,1789587826678,120796641659147
1,81575,0.0,1789587826678,120796641659147
2,81575,0.0,1789587826678,120796641659147
3,81575,0.0,1789587826678,120796641659147
4,81575,0.0,1789587826678,120796641659147
5,81575,0.0,1789587826678,120796641659147
6,81575,0.0,1789587826678,120796641659147
7,81575,0.0,1789587826678,120796641659147
0,81675,9.1,1789587826778,120796644069696
1,81675,0.0,1789587826778,120796644069696
2,81675,0.0,1789587826778,120796644069696
3,81675,0.0,1789587826778,120796644069696
4,81675,0.0,1789587826778,120796644069696
5,81675,0.0,1789587826778,120796644069696
6,81675,0.0,1789587826778,120796644069696
7,81675,0.0,1789587826778,120796644069696
0,81775,0.0,1789587826878,120796646480644
1,81775,0.0,1789587826878,120796646480644
2,81775,0.0,1789587826878,120796646480644
3,81775,0.0,1789587826878,120796646480644
4,81775,0.0,1789587826878,120796646480644
5,81775,0.0,1789587826878,120796646480644
6,81775,0.0,1789587826878,120796646480644
7,81775,0.0,1789587826878,120796646480644
0,81876,0.0,1789587826979,120796648889789
1,81876,0.0,1789587826979,120796648889789
2,81876,0.0,1789587826979,120796648889789
3,81876,0.0,1789587826979,120796648889789
4,81876,0.0,1789587826979,120796648889789
5,81876,0.0,1789587826979,120796648889789
6,81876,0.0,1789587826979,120796648889789
7,81876,0.0,1789587826979,120796648889789
0,81976,0.0,1789587827079,120796651300524
1,81976,0.0,1789587827079,120796651300524
2,81976,0.0,1789587827079,120796651300524
3,81976,0.0,1789587827079,120796651300524
4,81976,0.0,1789587827079,120796651300524
5,81976,0.0,1789587827079,120796651300524
6,81976,0.0,1789587827079,120796651300524
7,81976,0.0,1789587827079,120796651300524
0,82077,0.0,1789587827180,120796653711401
1,82077,0.0,1789587827180,120796653711401
2,82077,0.0,1789587827180,120796653711401
3,82077,0.0,1789587827180,120796653711401
4,82077,0.0,1789587827180,120796653711401
5,82077,0.0,1789587827180,120796653711401
6,82077,0.0,1789587827180,120796653711401
7,82077,0.0,1789587827180,120796653711401
0,82177,0.0,1789587827280,120796656120879
1,82177,0.0,1789587827280,120796656120879
2,82177,0.0,1789587827280,120796656120879
3,82177,0.0,1789587827280,120796656120879
4,82177,0.0,1789587827280,120796656120879
5,82177,9.1,1789587827280,120796656120879
6,82177,0.0,1789587827280,120796656120879
7,82177,0.0,1789587827280,120796656120879
0,82278,0.0,1789587827381,120796658530761
1,82278,0.0,1789587827381,120796658530761
2,82278,0.0,1789587827381,120796658530761
3,82278,0.0,1789587827381,120796658530761
4,82278,0.0,1789587827381,120796658530761
5,82278,0.0,1789587827381,120796658530761
6,82278,0.0,1789587827381,120796658530761
7,82278,0.0,1789587827381,120796658530761
0,82378,0.0,1789587827481,120796660939319
1,82378,0.0,1789587827481,120796660939319
2,82378,0.0,1789587827481,120796660939319
3,82378,0.0,1789587827481,120796660939319
4,82378,0.0,1789587827481,120796660939319
5,82378,0.0,1789587827481,120796660939319
6,82378,0.0,1789587827481,120796660939319
7,82378,9.1,1789587827481,120796660939319
0,82478,0.0,1789587827581,120796663346557
1,82478,0.0,1789587827581,120796663346557
2,82478,0.0,1789587827581,120796663346557
3,82478,0.0,1789587827581,120796663346557
4,82478,0.0,1789587827581,120796663346557
5,82478,0.0,1789587827581,120796663346557
6,82478,0.0,1789587827581,120796663346557
7,82478,0.0,1789587827581,120796663346557
0,82578,0.0,1789587827681,120796665753345
1,82578,0.0,1789587827681,120796665753345
2,82578,0.0,1789587827681,120796665753345
3,82578,0.0,1789587827681,120796665753345
4,82578,0.0,1789587827681,120796665753345
5,82578,0.0,1789587827681,120796665753345
6,82578,0.0,1789587827681,120796665753345
7,82578,0.0,1789587827681,120796665753345
0,82679,0.0,1789587827782,120796668161153
1,82679,0.0,1789587827782,120796668161153
2,82679,0.0,1789587827782,120796668161153
3,82679,0.0,1789587827782,120796668161153
4,82679,0.0,1789587827782,120796668161153
5,82679,0.0,1789587827782,120796668161153
6,82679,0.0,1789587827782,120796668161153
7,82679,0.0,1789587827782,120796668161153
0,82779,0.0,1789587827882,120796670571118
1,82779,0.0,1789587827882,120796670571118
2,82779,0.0,1789587827882,120796670571118
3,82779,0.0,1789587827882,120796670571118
4,82779,0.0,1789587827882,120796670571118
5,82779,0.0,1789587827882,120796670571118
6,82779,0.0,1789587827882,120796670571118
7,82779,0.0,1789587827882,120796670571118
0,82880,0.0,1789587827983,120796672980614
1,82880,0.0,1789587827983,120796672980614
2,82880,0.0,1789587827983,120796672980614
3,82880,0.0,1789587827983,120796672980614
4,82880,0.0,1789587827983,120796672980614
5,82880,0.0,1789587827983,120796672980614
6,82880,0.0,1789587827983,120796672980614
7,82880,0.0,1789587827983,120796672980614
0,82980,0.0,1789587828083,120796675392452
1,82980,0.0,1789587828083,120796675392452
2,82980,0.0,1789587828083,120796675392452
3,82980,0.0,1789587828083,120796675392452
4,82980,0.0,1789587828083,120796675392452
5,82980,0.0,1789587828083,120796675392452
6,82980,0.0,1789587828083,120796675392452
7,82980,0.0,1789587828083,120796675392452
0,83081,0.0,1789587828184,120796677803753
1,83081,0.0,1789587828184,120796677803753
2,83081,0.0,1789587828184,120796677803753
3,83081,0.0,1789587828184,120796677803753
4,83081,0.0,1789587828184,120796677803753
5,83081,0.0,1789587828184,120796677803753
6,83081,0.0,1789587828184,120796677803753
7,83081,0.0,1789587828184,120796677803753
0,83181,0.0,1789587828284,120796680211876
1,83181,0.0,1789587828284,120796680211876
2,83181,0.0,1789587828284,120796680211876
3,83181,0.0,1789587828284,120796680211876
4,83181,0.0,1789587828284,120796680211876
5,83181,0.0,1789587828284,120796680211876
6,83181,0.0,1789587828284,120796680211876
7,83181,0.0,1789587828284,120796680211876
0,83281,0.0,1789587828384,120796682622918
1,83281,0.0,1789587828384,120796682622918
2,83281,0.0,1789587828384,120796682622918
3,83281,0.0,1789587828384,120796682622918
4,83281,0.0,1789587828384,120796682622918
5,83281,0.0,1789587828384,120796682622918
6,83281,0.0,1789587828384,120796682622918
7,83281,0.0,1789587828384,120796682622918
0,83382,0.0,1789587828485,120796685032201
1,83382,0.0,1789587828485,120796685032201
2,83382,0.0,1789587828485,120796685032201
3,83382,0.0,1789587828485,120796685032201
4,83382,0.0,1789587828485,120796685032201
5,83382,0.0,1789587828485,120796685032201
6,83382,0.0,1789587828485,120796685032201
7,83382,0.0,1789587828485,120796685032201
0,83482,25.0,1789587828585,120796687444594
1,83482,0.0,1789587828585,120796687444594
2,83482,0.0,1789587828585,120796687444594
3,83482,30.0,1789587828585,120796687444594
4,83482,0.0,1789587828585,120796687444594
5,83482,0.0,1789587828585,120796687444594
6,83482,0.0,1789587828585,120796687444594
7,83482,0.0,1789587828585,120796687444594
0,83583,0.0,1789587828686,120796689855735
1,83583,0.0,1789587828686,120796689855735
2,83583,0.0,1789587828686,120796689855735
3,83583,0.0,1789587828686,120796689855735
4,83583,40.0,1789587828686,120796689855735
5,83583,0.0,1789587828686,120796689855735
6,83583,0.0,1789587828686,120796689855735
7,83583,0.0,1789587828686,120796689855735
0,83683,0.0,1789587828786,120796692266654
1,83683,0.0,1789587828786,120796692266654
2,83683,0.0,1789587828786,120796692266654
3,83683,37.5,1789587828786,120796692266654
4,83683,10.0,1789587828786,120796692266654
5,83683,0.0,1789587828786,120796692266654
6,83683,0.0,1789587828786,120796692266654
7,83683,0.0,1789587828786,120796692266654
0,83784,0.0,1789587828887,120796694679996
1,83784,20.0,1789587828887,120796694679996
2,83784,10.0,1789587828887,120796694679996
3,83784,9.1,1789587828887,120796694679996
4,83784,10.0,1789587828887,120796694679996
5,83784,18.2,1789587828887,120796694679996
6,83784,0.0,1789587828887,120796694679996
7,83784,9.1,1789587828887,120796694679996
0,83846,14.3,1789587828949,120796696165909
1,83846,0.0,1789587828949,120796696165909
2,83846,0.0,1789587828949,120796696165909
3,83846,0.0,1789587828949,120796696165909
4,83846,0.0,1789587828949,120796696165909
5,83846,14.3,1789587828949,120796696165909
6,83846,28.6,1789587828949,120796696165909
7,83846,0.0,1789587828949,120796696165909
