cpu,t_ms,busy_pct,epoch_ms,rdtime_ticks
0,100,0.0,1789104613583,109199658278968
1,100,0.0,1789104613583,109199658278968
2,100,0.0,1789104613583,109199658278968
3,100,0.0,1789104613583,109199658278968
4,100,0.0,1789104613583,109199658278968
5,100,0.0,1789104613583,109199658278968
6,100,9.1,1789104613583,109199658278968
7,100,0.0,1789104613583,109199658278968
0,201,10.0,1789104613684,109199660693266
1,201,9.1,1789104613684,109199660693266
2,201,0.0,1789104613684,109199660693266
3,201,0.0,1789104613684,109199660693266
4,201,0.0,1789104613684,109199660693266
5,201,0.0,1789104613684,109199660693266
6,201,0.0,1789104613684,109199660693266
7,201,0.0,1789104613684,109199660693266
0,301,0.0,1789104613784,109199663104082
1,301,0.0,1789104613784,109199663104082
2,301,9.1,1789104613784,109199663104082
3,301,0.0,1789104613784,109199663104082
4,301,0.0,1789104613784,109199663104082
5,301,0.0,1789104613784,109199663104082
6,301,0.0,1789104613784,109199663104082
7,301,0.0,1789104613784,109199663104082
0,402,0.0,1789104613885,109199665513693
1,402,0.0,1789104613885,109199665513693
2,402,0.0,1789104613885,109199665513693
3,402,0.0,1789104613885,109199665513693
4,402,0.0,1789104613885,109199665513693
5,402,0.0,1789104613885,109199665513693
6,402,0.0,1789104613885,109199665513693
7,402,0.0,1789104613885,109199665513693
0,502,0.0,1789104613985,109199667923592
1,502,0.0,1789104613985,109199667923592
2,502,0.0,1789104613985,109199667923592
3,502,0.0,1789104613985,109199667923592
4,502,0.0,1789104613985,109199667923592
5,502,0.0,1789104613985,109199667923592
6,502,0.0,1789104613985,109199667923592
7,502,0.0,1789104613985,109199667923592
0,603,0.0,1789104614086,109199670336190
1,603,0.0,1789104614086,109199670336190
2,603,10.0,1789104614086,109199670336190
3,603,0.0,1789104614086,109199670336190
4,603,10.0,1789104614086,109199670336190
5,603,30.0,1789104614086,109199670336190
6,603,11.1,1789104614086,109199670336190
7,603,0.0,1789104614086,109199670336190
0,703,0.0,1789104614186,109199672748097
1,703,0.0,1789104614186,109199672748097
2,703,40.0,1789104614186,109199672748097
3,703,0.0,1789104614186,109199672748097
4,703,0.0,1789104614186,109199672748097
5,703,30.0,1789104614186,109199672748097
6,703,0.0,1789104614186,109199672748097
7,703,0.0,1789104614186,109199672748097
0,804,10.0,1789104614287,109199675160361
1,804,0.0,1789104614287,109199675160361
2,804,0.0,1789104614287,109199675160361
3,804,0.0,1789104614287,109199675160361
4,804,18.2,1789104614287,109199675160361
5,804,20.0,1789104614287,109199675160361
6,804,0.0,1789104614287,109199675160361
7,804,0.0,1789104614287,109199675160361
0,904,10.0,1789104614387,109199677573810
1,904,10.0,1789104614387,109199677573810
2,904,18.2,1789104614387,109199677573810
3,904,0.0,1789104614387,109199677573810
4,904,0.0,1789104614387,109199677573810
5,904,10.0,1789104614387,109199677573810
6,904,10.0,1789104614387,109199677573810
7,904,18.2,1789104614387,109199677573810
0,1005,0.0,1789104614488,109199679984797
1,1005,0.0,1789104614488,109199679984797
2,1005,0.0,1789104614488,109199679984797
3,1005,0.0,1789104614488,109199679984797
4,1005,0.0,1789104614488,109199679984797
5,1005,0.0,1789104614488,109199679984797
6,1005,0.0,1789104614488,109199679984797
7,1005,0.0,1789104614488,109199679984797
0,1105,0.0,1789104614588,109199682394116
1,1105,0.0,1789104614588,109199682394116
2,1105,0.0,1789104614588,109199682394116
3,1105,0.0,1789104614588,109199682394116
4,1105,0.0,1789104614588,109199682394116
5,1105,0.0,1789104614588,109199682394116
6,1105,0.0,1789104614588,109199682394116
7,1105,0.0,1789104614588,109199682394116
0,1206,0.0,1789104614689,109199684803898
1,1206,9.1,1789104614689,109199684803898
2,1206,0.0,1789104614689,109199684803898
3,1206,0.0,1789104614689,109199684803898
4,1206,0.0,1789104614689,109199684803898
5,1206,0.0,1789104614689,109199684803898
6,1206,0.0,1789104614689,109199684803898
7,1206,0.0,1789104614689,109199684803898
0,1306,0.0,1789104614789,109199687213117
1,1306,0.0,1789104614789,109199687213117
2,1306,0.0,1789104614789,109199687213117
3,1306,0.0,1789104614789,109199687213117
4,1306,0.0,1789104614789,109199687213117
5,1306,0.0,1789104614789,109199687213117
6,1306,0.0,1789104614789,109199687213117
7,1306,0.0,1789104614789,109199687213117
0,1406,0.0,1789104614889,109199689623678
1,1406,0.0,1789104614889,109199689623678
2,1406,0.0,1789104614889,109199689623678
3,1406,0.0,1789104614889,109199689623678
4,1406,0.0,1789104614889,109199689623678
5,1406,0.0,1789104614889,109199689623678
6,1406,0.0,1789104614889,109199689623678
7,1406,0.0,1789104614889,109199689623678
0,1507,0.0,1789104614990,109199692034339
1,1507,0.0,1789104614990,109199692034339
2,1507,0.0,1789104614990,109199692034339
3,1507,0.0,1789104614990,109199692034339
4,1507,0.0,1789104614990,109199692034339
5,1507,0.0,1789104614990,109199692034339
6,1507,0.0,1789104614990,109199692034339
7,1507,0.0,1789104614990,109199692034339
0,1607,0.0,1789104615090,109199694443722
1,1607,0.0,1789104615090,109199694443722
2,1607,0.0,1789104615090,109199694443722
3,1607,0.0,1789104615090,109199694443722
4,1607,0.0,1789104615090,109199694443722
5,1607,0.0,1789104615090,109199694443722
6,1607,0.0,1789104615090,109199694443722
7,1607,0.0,1789104615090,109199694443722
0,1708,0.0,1789104615191,109199696852415
1,1708,0.0,1789104615191,109199696852415
2,1708,0.0,1789104615191,109199696852415
3,1708,0.0,1789104615191,109199696852415
4,1708,0.0,1789104615191,109199696852415
5,1708,0.0,1789104615191,109199696852415
6,1708,0.0,1789104615191,109199696852415
7,1708,0.0,1789104615191,109199696852415
0,1808,0.0,1789104615291,109199699261749
1,1808,0.0,1789104615291,109199699261749
2,1808,0.0,1789104615291,109199699261749
3,1808,9.1,1789104615291,109199699261749
4,1808,0.0,1789104615291,109199699261749
5,1808,0.0,1789104615291,109199699261749
6,1808,0.0,1789104615291,109199699261749
7,1808,0.0,1789104615291,109199699261749
0,1908,0.0,1789104615391,109199701670526
1,1908,0.0,1789104615391,109199701670526
2,1908,0.0,1789104615391,109199701670526
3,1908,0.0,1789104615391,109199701670526
4,1908,0.0,1789104615391,109199701670526
5,1908,0.0,1789104615391,109199701670526
6,1908,0.0,1789104615391,109199701670526
7,1908,0.0,1789104615391,109199701670526
0,2009,0.0,1789104615492,109199704078953
1,2009,0.0,1789104615492,109199704078953
2,2009,0.0,1789104615492,109199704078953
3,2009,0.0,1789104615492,109199704078953
4,2009,0.0,1789104615492,109199704078953
5,2009,0.0,1789104615492,109199704078953
6,2009,0.0,1789104615492,109199704078953
7,2009,0.0,1789104615492,109199704078953
0,2109,0.0,1789104615592,109199706487488
1,2109,0.0,1789104615592,109199706487488
2,2109,0.0,1789104615592,109199706487488
3,2109,0.0,1789104615592,109199706487488
4,2109,0.0,1789104615592,109199706487488
5,2109,0.0,1789104615592,109199706487488
6,2109,0.0,1789104615592,109199706487488
7,2109,0.0,1789104615592,109199706487488
0,2209,0.0,1789104615692,109199708895741
1,2209,0.0,1789104615692,109199708895741
2,2209,0.0,1789104615692,109199708895741
3,2209,0.0,1789104615692,109199708895741
4,2209,0.0,1789104615692,109199708895741
5,2209,0.0,1789104615692,109199708895741
6,2209,0.0,1789104615692,109199708895741
7,2209,0.0,1789104615692,109199708895741
0,2310,0.0,1789104615793,109199711303905
1,2310,0.0,1789104615793,109199711303905
2,2310,0.0,1789104615793,109199711303905
3,2310,0.0,1789104615793,109199711303905
4,2310,0.0,1789104615793,109199711303905
5,2310,0.0,1789104615793,109199711303905
6,2310,0.0,1789104615793,109199711303905
7,2310,0.0,1789104615793,109199711303905
0,2410,0.0,1789104615893,109199713712532
1,2410,0.0,1789104615893,109199713712532
2,2410,0.0,1789104615893,109199713712532
3,2410,0.0,1789104615893,109199713712532
4,2410,0.0,1789104615893,109199713712532
5,2410,0.0,1789104615893,109199713712532
6,2410,0.0,1789104615893,109199713712532
7,2410,0.0,1789104615893,109199713712532
0,2511,0.0,1789104615994,109199716121417
1,2511,0.0,1789104615994,109199716121417
2,2511,0.0,1789104615994,109199716121417
3,2511,0.0,1789104615994,109199716121417
4,2511,0.0,1789104615994,109199716121417
5,2511,10.0,1789104615994,109199716121417
6,2511,0.0,1789104615994,109199716121417
7,2511,0.0,1789104615994,109199716121417
0,2611,0.0,1789104616094,109199718529987
1,2611,0.0,1789104616094,109199718529987
2,2611,0.0,1789104616094,109199718529987
3,2611,0.0,1789104616094,109199718529987
4,2611,0.0,1789104616094,109199718529987
5,2611,0.0,1789104616094,109199718529987
6,2611,0.0,1789104616094,109199718529987
7,2611,0.0,1789104616094,109199718529987
0,2711,0.0,1789104616194,109199720939545
1,2711,0.0,1789104616194,109199720939545
2,2711,0.0,1789104616194,109199720939545
3,2711,0.0,1789104616194,109199720939545
4,2711,0.0,1789104616194,109199720939545
5,2711,0.0,1789104616194,109199720939545
6,2711,0.0,1789104616194,109199720939545
7,2711,0.0,1789104616194,109199720939545
0,2812,0.0,1789104616295,109199723347592
1,2812,0.0,1789104616295,109199723347592
2,2812,9.1,1789104616295,109199723347592
3,2812,0.0,1789104616295,109199723347592
4,2812,0.0,1789104616295,109199723347592
5,2812,0.0,1789104616295,109199723347592
6,2812,0.0,1789104616295,109199723347592
7,2812,0.0,1789104616295,109199723347592
0,2912,0.0,1789104616395,109199725757360
1,2912,0.0,1789104616395,109199725757360
2,2912,0.0,1789104616395,109199725757360
3,2912,0.0,1789104616395,109199725757360
4,2912,0.0,1789104616395,109199725757360
5,2912,0.0,1789104616395,109199725757360
6,2912,0.0,1789104616395,109199725757360
7,2912,0.0,1789104616395,109199725757360
0,3012,0.0,1789104616495,109199728166134
1,3012,0.0,1789104616495,109199728166134
2,3012,0.0,1789104616495,109199728166134
3,3012,0.0,1789104616495,109199728166134
4,3012,0.0,1789104616495,109199728166134
5,3012,0.0,1789104616495,109199728166134
6,3012,0.0,1789104616495,109199728166134
7,3012,0.0,1789104616495,109199728166134
0,3113,0.0,1789104616596,109199730574175
1,3113,0.0,1789104616596,109199730574175
2,3113,0.0,1789104616596,109199730574175
3,3113,0.0,1789104616596,109199730574175
4,3113,0.0,1789104616596,109199730574175
5,3113,0.0,1789104616596,109199730574175
6,3113,0.0,1789104616596,109199730574175
7,3113,0.0,1789104616596,109199730574175
0,3213,0.0,1789104616696,109199732984563
1,3213,0.0,1789104616696,109199732984563
2,3213,0.0,1789104616696,109199732984563
3,3213,0.0,1789104616696,109199732984563
4,3213,0.0,1789104616696,109199732984563
5,3213,0.0,1789104616696,109199732984563
6,3213,0.0,1789104616696,109199732984563
7,3213,9.1,1789104616696,109199732984563
0,3314,0.0,1789104616797,109199735394311
1,3314,0.0,1789104616797,109199735394311
2,3314,0.0,1789104616797,109199735394311
3,3314,0.0,1789104616797,109199735394311
4,3314,0.0,1789104616797,109199735394311
5,3314,0.0,1789104616797,109199735394311
6,3314,0.0,1789104616797,109199735394311
7,3314,0.0,1789104616797,109199735394311
0,3414,0.0,1789104616897,109199737803554
1,3414,0.0,1789104616897,109199737803554
2,3414,0.0,1789104616897,109199737803554
3,3414,0.0,1789104616897,109199737803554
4,3414,0.0,1789104616897,109199737803554
5,3414,0.0,1789104616897,109199737803554
6,3414,0.0,1789104616897,109199737803554
7,3414,0.0,1789104616897,109199737803554
0,3514,0.0,1789104616997,109199740212011
1,3514,0.0,1789104616997,109199740212011
2,3514,0.0,1789104616997,109199740212011
3,3514,0.0,1789104616997,109199740212011
4,3514,0.0,1789104616997,109199740212011
5,3514,0.0,1789104616997,109199740212011
6,3514,0.0,1789104616997,109199740212011
7,3514,0.0,1789104616997,109199740212011
0,3615,0.0,1789104617098,109199742621769
1,3615,0.0,1789104617098,109199742621769
2,3615,9.1,1789104617098,109199742621769
3,3615,0.0,1789104617098,109199742621769
4,3615,0.0,1789104617098,109199742621769
5,3615,0.0,1789104617098,109199742621769
6,3615,0.0,1789104617098,109199742621769
7,3615,0.0,1789104617098,109199742621769
0,3715,0.0,1789104617198,109199745031049
1,3715,0.0,1789104617198,109199745031049
2,3715,0.0,1789104617198,109199745031049
3,3715,0.0,1789104617198,109199745031049
4,3715,0.0,1789104617198,109199745031049
5,3715,0.0,1789104617198,109199745031049
6,3715,0.0,1789104617198,109199745031049
7,3715,0.0,1789104617198,109199745031049
0,3815,0.0,1789104617298,109199747439172
1,3815,0.0,1789104617298,109199747439172
2,3815,0.0,1789104617298,109199747439172
3,3815,0.0,1789104617298,109199747439172
4,3815,0.0,1789104617298,109199747439172
5,3815,0.0,1789104617298,109199747439172
6,3815,0.0,1789104617298,109199747439172
7,3815,0.0,1789104617298,109199747439172
0,3916,0.0,1789104617399,109199749850529
1,3916,0.0,1789104617399,109199749850529
2,3916,0.0,1789104617399,109199749850529
3,3916,0.0,1789104617399,109199749850529
4,3916,0.0,1789104617399,109199749850529
5,3916,0.0,1789104617399,109199749850529
6,3916,0.0,1789104617399,109199749850529
7,3916,0.0,1789104617399,109199749850529
0,4016,0.0,1789104617499,109199752259892
1,4016,0.0,1789104617499,109199752259892
2,4016,0.0,1789104617499,109199752259892
3,4016,0.0,1789104617499,109199752259892
4,4016,0.0,1789104617499,109199752259892
5,4016,0.0,1789104617499,109199752259892
6,4016,0.0,1789104617499,109199752259892
7,4016,0.0,1789104617499,109199752259892
0,4117,0.0,1789104617600,109199754668477
1,4117,0.0,1789104617600,109199754668477
2,4117,0.0,1789104617600,109199754668477
3,4117,0.0,1789104617600,109199754668477
4,4117,0.0,1789104617600,109199754668477
5,4117,0.0,1789104617600,109199754668477
6,4117,0.0,1789104617600,109199754668477
7,4117,0.0,1789104617600,109199754668477
0,4217,0.0,1789104617700,109199757078039
1,4217,0.0,1789104617700,109199757078039
2,4217,0.0,1789104617700,109199757078039
3,4217,0.0,1789104617700,109199757078039
4,4217,0.0,1789104617700,109199757078039
5,4217,0.0,1789104617700,109199757078039
6,4217,0.0,1789104617700,109199757078039
7,4217,0.0,1789104617700,109199757078039
0,4317,0.0,1789104617800,109199759487472
1,4317,0.0,1789104617800,109199759487472
2,4317,0.0,1789104617800,109199759487472
3,4317,0.0,1789104617800,109199759487472
4,4317,0.0,1789104617800,109199759487472
5,4317,0.0,1789104617800,109199759487472
6,4317,0.0,1789104617800,109199759487472
7,4317,0.0,1789104617800,109199759487472
0,4418,0.0,1789104617901,109199761896220
1,4418,0.0,1789104617901,109199761896220
2,4418,0.0,1789104617901,109199761896220
3,4418,0.0,1789104617901,109199761896220
4,4418,0.0,1789104617901,109199761896220
5,4418,0.0,1789104617901,109199761896220
6,4418,0.0,1789104617901,109199761896220
7,4418,0.0,1789104617901,109199761896220
0,4518,0.0,1789104618001,109199764304972
1,4518,0.0,1789104618001,109199764304972
2,4518,0.0,1789104618001,109199764304972
3,4518,0.0,1789104618001,109199764304972
4,4518,0.0,1789104618001,109199764304972
5,4518,0.0,1789104618001,109199764304972
6,4518,0.0,1789104618001,109199764304972
7,4518,0.0,1789104618001,109199764304972
0,4619,0.0,1789104618102,109199766713708
1,4619,0.0,1789104618102,109199766713708
2,4619,0.0,1789104618102,109199766713708
3,4619,0.0,1789104618102,109199766713708
4,4619,0.0,1789104618102,109199766713708
5,4619,0.0,1789104618102,109199766713708
6,4619,0.0,1789104618102,109199766713708
7,4619,0.0,1789104618102,109199766713708
0,4719,0.0,1789104618202,109199769122040
1,4719,0.0,1789104618202,109199769122040
2,4719,0.0,1789104618202,109199769122040
3,4719,0.0,1789104618202,109199769122040
4,4719,0.0,1789104618202,109199769122040
5,4719,0.0,1789104618202,109199769122040
6,4719,0.0,1789104618202,109199769122040
7,4719,0.0,1789104618202,109199769122040
0,4819,0.0,1789104618302,109199771530628
1,4819,0.0,1789104618302,109199771530628
2,4819,0.0,1789104618302,109199771530628
3,4819,0.0,1789104618302,109199771530628
4,4819,0.0,1789104618302,109199771530628
5,4819,0.0,1789104618302,109199771530628
6,4819,0.0,1789104618302,109199771530628
7,4819,0.0,1789104618302,109199771530628
0,4920,0.0,1789104618403,109199773938912
1,4920,0.0,1789104618403,109199773938912
2,4920,0.0,1789104618403,109199773938912
3,4920,0.0,1789104618403,109199773938912
4,4920,0.0,1789104618403,109199773938912
5,4920,0.0,1789104618403,109199773938912
6,4920,0.0,1789104618403,109199773938912
7,4920,0.0,1789104618403,109199773938912
0,5020,0.0,1789104618503,109199776349930
1,5020,0.0,1789104618503,109199776349930
2,5020,9.1,1789104618503,109199776349930
3,5020,9.1,1789104618503,109199776349930
4,5020,0.0,1789104618503,109199776349930
5,5020,0.0,1789104618503,109199776349930
6,5020,0.0,1789104618503,109199776349930
7,5020,0.0,1789104618503,109199776349930
0,5121,0.0,1789104618604,109199778760378
1,5121,0.0,1789104618604,109199778760378
2,5121,0.0,1789104618604,109199778760378
3,5121,0.0,1789104618604,109199778760378
4,5121,0.0,1789104618604,109199778760378
5,5121,0.0,1789104618604,109199778760378
6,5121,0.0,1789104618604,109199778760378
7,5121,0.0,1789104618604,109199778760378
0,5221,0.0,1789104618704,109199781170563
1,5221,0.0,1789104618704,109199781170563
2,5221,0.0,1789104618704,109199781170563
3,5221,0.0,1789104618704,109199781170563
4,5221,0.0,1789104618704,109199781170563
5,5221,0.0,1789104618704,109199781170563
6,5221,0.0,1789104618704,109199781170563
7,5221,0.0,1789104618704,109199781170563
0,5321,0.0,1789104618804,109199783579899
1,5321,0.0,1789104618804,109199783579899
2,5321,0.0,1789104618804,109199783579899
3,5321,0.0,1789104618804,109199783579899
4,5321,0.0,1789104618804,109199783579899
5,5321,0.0,1789104618804,109199783579899
6,5321,0.0,1789104618804,109199783579899
7,5321,0.0,1789104618804,109199783579899
0,5422,0.0,1789104618905,109199785988900
1,5422,0.0,1789104618905,109199785988900
2,5422,0.0,1789104618905,109199785988900
3,5422,0.0,1789104618905,109199785988900
4,5422,0.0,1789104618905,109199785988900
5,5422,0.0,1789104618905,109199785988900
6,5422,0.0,1789104618905,109199785988900
7,5422,0.0,1789104618905,109199785988900
0,5522,0.0,1789104619005,109199788397310
1,5522,0.0,1789104619005,109199788397310
2,5522,0.0,1789104619005,109199788397310
3,5522,0.0,1789104619005,109199788397310
4,5522,0.0,1789104619005,109199788397310
5,5522,0.0,1789104619005,109199788397310
6,5522,0.0,1789104619005,109199788397310
7,5522,0.0,1789104619005,109199788397310
0,5622,0.0,1789104619105,109199790805597
1,5622,0.0,1789104619105,109199790805597
2,5622,0.0,1789104619105,109199790805597
3,5622,0.0,1789104619105,109199790805597
4,5622,0.0,1789104619105,109199790805597
5,5622,0.0,1789104619105,109199790805597
6,5622,0.0,1789104619105,109199790805597
7,5622,0.0,1789104619105,109199790805597
0,5723,0.0,1789104619206,109199793213882
1,5723,0.0,1789104619206,109199793213882
2,5723,0.0,1789104619206,109199793213882
3,5723,0.0,1789104619206,109199793213882
4,5723,0.0,1789104619206,109199793213882
5,5723,0.0,1789104619206,109199793213882
6,5723,0.0,1789104619206,109199793213882
7,5723,0.0,1789104619206,109199793213882
0,5823,0.0,1789104619306,109199795621946
1,5823,0.0,1789104619306,109199795621946
2,5823,0.0,1789104619306,109199795621946
3,5823,0.0,1789104619306,109199795621946
4,5823,0.0,1789104619306,109199795621946
5,5823,0.0,1789104619306,109199795621946
6,5823,0.0,1789104619306,109199795621946
7,5823,0.0,1789104619306,109199795621946
0,5923,0.0,1789104619406,109199798029971
1,5923,0.0,1789104619406,109199798029971
2,5923,0.0,1789104619406,109199798029971
3,5923,0.0,1789104619406,109199798029971
4,5923,0.0,1789104619406,109199798029971
5,5923,0.0,1789104619406,109199798029971
6,5923,0.0,1789104619406,109199798029971
7,5923,0.0,1789104619406,109199798029971
0,6024,0.0,1789104619507,109199800439025
1,6024,0.0,1789104619507,109199800439025
2,6024,0.0,1789104619507,109199800439025
3,6024,0.0,1789104619507,109199800439025
4,6024,0.0,1789104619507,109199800439025
5,6024,0.0,1789104619507,109199800439025
6,6024,0.0,1789104619507,109199800439025
7,6024,0.0,1789104619507,109199800439025
0,6124,0.0,1789104619607,109199802849113
1,6124,0.0,1789104619607,109199802849113
2,6124,0.0,1789104619607,109199802849113
3,6124,0.0,1789104619607,109199802849113
4,6124,0.0,1789104619607,109199802849113
5,6124,0.0,1789104619607,109199802849113
6,6124,0.0,1789104619607,109199802849113
7,6124,0.0,1789104619607,109199802849113
0,6225,10.0,1789104619708,109199805259771
1,6225,0.0,1789104619708,109199805259771
2,6225,0.0,1789104619708,109199805259771
3,6225,0.0,1789104619708,109199805259771
4,6225,0.0,1789104619708,109199805259771
5,6225,0.0,1789104619708,109199805259771
6,6225,0.0,1789104619708,109199805259771
7,6225,0.0,1789104619708,109199805259771
0,6325,0.0,1789104619808,109199807671361
1,6325,0.0,1789104619808,109199807671361
2,6325,0.0,1789104619808,109199807671361
3,6325,0.0,1789104619808,109199807671361
4,6325,0.0,1789104619808,109199807671361
5,6325,0.0,1789104619808,109199807671361
6,6325,0.0,1789104619808,109199807671361
7,6325,0.0,1789104619808,109199807671361
0,6426,0.0,1789104619909,109199810082181
1,6426,0.0,1789104619909,109199810082181
2,6426,0.0,1789104619909,109199810082181
3,6426,0.0,1789104619909,109199810082181
4,6426,0.0,1789104619909,109199810082181
5,6426,0.0,1789104619909,109199810082181
6,6426,0.0,1789104619909,109199810082181
7,6426,0.0,1789104619909,109199810082181
0,6526,0.0,1789104620009,109199812491492
1,6526,0.0,1789104620009,109199812491492
2,6526,9.1,1789104620009,109199812491492
3,6526,0.0,1789104620009,109199812491492
4,6526,0.0,1789104620009,109199812491492
5,6526,0.0,1789104620009,109199812491492
6,6526,0.0,1789104620009,109199812491492
7,6526,0.0,1789104620009,109199812491492
0,6626,0.0,1789104620109,109199814900390
1,6626,0.0,1789104620109,109199814900390
2,6626,0.0,1789104620109,109199814900390
3,6626,0.0,1789104620109,109199814900390
4,6626,0.0,1789104620109,109199814900390
5,6626,0.0,1789104620109,109199814900390
6,6626,0.0,1789104620109,109199814900390
7,6626,0.0,1789104620109,109199814900390
0,6727,0.0,1789104620210,109199817308920
1,6727,0.0,1789104620210,109199817308920
2,6727,0.0,1789104620210,109199817308920
3,6727,0.0,1789104620210,109199817308920
4,6727,0.0,1789104620210,109199817308920
5,6727,0.0,1789104620210,109199817308920
6,6727,0.0,1789104620210,109199817308920
7,6727,0.0,1789104620210,109199817308920
0,6827,0.0,1789104620310,109199819717544
1,6827,0.0,1789104620310,109199819717544
2,6827,0.0,1789104620310,109199819717544
3,6827,0.0,1789104620310,109199819717544
4,6827,0.0,1789104620310,109199819717544
5,6827,0.0,1789104620310,109199819717544
6,6827,0.0,1789104620310,109199819717544
7,6827,0.0,1789104620310,109199819717544
0,6927,0.0,1789104620410,109199822125793
1,6927,0.0,1789104620410,109199822125793
2,6927,0.0,1789104620410,109199822125793
3,6927,0.0,1789104620410,109199822125793
4,6927,0.0,1789104620410,109199822125793
5,6927,0.0,1789104620410,109199822125793
6,6927,0.0,1789104620410,109199822125793
7,6927,0.0,1789104620410,109199822125793
0,7028,0.0,1789104620511,109199824534378
1,7028,0.0,1789104620511,109199824534378
2,7028,0.0,1789104620511,109199824534378
3,7028,0.0,1789104620511,109199824534378
4,7028,0.0,1789104620511,109199824534378
5,7028,0.0,1789104620511,109199824534378
6,7028,0.0,1789104620511,109199824534378
7,7028,0.0,1789104620511,109199824534378
0,7128,0.0,1789104620611,109199826943956
1,7128,0.0,1789104620611,109199826943956
2,7128,0.0,1789104620611,109199826943956
3,7128,0.0,1789104620611,109199826943956
4,7128,0.0,1789104620611,109199826943956
5,7128,0.0,1789104620611,109199826943956
6,7128,0.0,1789104620611,109199826943956
7,7128,0.0,1789104620611,109199826943956
0,7229,0.0,1789104620712,109199829352371
1,7229,0.0,1789104620712,109199829352371
2,7229,0.0,1789104620712,109199829352371
3,7229,0.0,1789104620712,109199829352371
4,7229,0.0,1789104620712,109199829352371
5,7229,0.0,1789104620712,109199829352371
6,7229,0.0,1789104620712,109199829352371
7,7229,0.0,1789104620712,109199829352371
0,7329,0.0,1789104620812,109199831760874
1,7329,0.0,1789104620812,109199831760874
2,7329,0.0,1789104620812,109199831760874
3,7329,0.0,1789104620812,109199831760874
4,7329,0.0,1789104620812,109199831760874
5,7329,0.0,1789104620812,109199831760874
6,7329,0.0,1789104620812,109199831760874
7,7329,0.0,1789104620812,109199831760874
0,7429,0.0,1789104620912,109199834168683
1,7429,0.0,1789104620912,109199834168683
2,7429,0.0,1789104620912,109199834168683
3,7429,0.0,1789104620912,109199834168683
4,7429,0.0,1789104620912,109199834168683
5,7429,0.0,1789104620912,109199834168683
6,7429,0.0,1789104620912,109199834168683
7,7429,0.0,1789104620912,109199834168683
0,7530,0.0,1789104621013,109199836576636
1,7530,0.0,1789104621013,109199836576636
2,7530,0.0,1789104621013,109199836576636
3,7530,0.0,1789104621013,109199836576636
4,7530,0.0,1789104621013,109199836576636
5,7530,0.0,1789104621013,109199836576636
6,7530,0.0,1789104621013,109199836576636
7,7530,0.0,1789104621013,109199836576636
0,7630,0.0,1789104621113,109199838985787
1,7630,0.0,1789104621113,109199838985787
2,7630,0.0,1789104621113,109199838985787
3,7630,0.0,1789104621113,109199838985787
4,7630,0.0,1789104621113,109199838985787
5,7630,0.0,1789104621113,109199838985787
6,7630,0.0,1789104621113,109199838985787
7,7630,0.0,1789104621113,109199838985787
0,7730,0.0,1789104621213,109199841393792
1,7730,0.0,1789104621213,109199841393792
2,7730,0.0,1789104621213,109199841393792
3,7730,0.0,1789104621213,109199841393792
4,7730,0.0,1789104621213,109199841393792
5,7730,0.0,1789104621213,109199841393792
6,7730,0.0,1789104621213,109199841393792
7,7730,0.0,1789104621213,109199841393792
0,7831,0.0,1789104621314,109199843801664
1,7831,0.0,1789104621314,109199843801664
2,7831,0.0,1789104621314,109199843801664
3,7831,0.0,1789104621314,109199843801664
4,7831,0.0,1789104621314,109199843801664
5,7831,0.0,1789104621314,109199843801664
6,7831,0.0,1789104621314,109199843801664
7,7831,0.0,1789104621314,109199843801664
0,7931,0.0,1789104621414,109199846209866
1,7931,0.0,1789104621414,109199846209866
2,7931,0.0,1789104621414,109199846209866
3,7931,0.0,1789104621414,109199846209866
4,7931,0.0,1789104621414,109199846209866
5,7931,0.0,1789104621414,109199846209866
6,7931,0.0,1789104621414,109199846209866
7,7931,0.0,1789104621414,109199846209866
0,8031,0.0,1789104621514,109199848620815
1,8031,0.0,1789104621514,109199848620815
2,8031,20.0,1789104621514,109199848620815
3,8031,0.0,1789104621514,109199848620815
4,8031,0.0,1789104621514,109199848620815
5,8031,0.0,1789104621514,109199848620815
6,8031,0.0,1789104621514,109199848620815
7,8031,0.0,1789104621514,109199848620815
0,8132,0.0,1789104621615,109199851030352
1,8132,0.0,1789104621615,109199851030352
2,8132,0.0,1789104621615,109199851030352
3,8132,0.0,1789104621615,109199851030352
4,8132,0.0,1789104621615,109199851030352
5,8132,0.0,1789104621615,109199851030352
6,8132,0.0,1789104621615,109199851030352
7,8132,0.0,1789104621615,109199851030352
0,8232,0.0,1789104621715,109199853440118
1,8232,0.0,1789104621715,109199853440118
2,8232,0.0,1789104621715,109199853440118
3,8232,9.1,1789104621715,109199853440118
4,8232,0.0,1789104621715,109199853440118
5,8232,0.0,1789104621715,109199853440118
6,8232,0.0,1789104621715,109199853440118
7,8232,0.0,1789104621715,109199853440118
0,8333,0.0,1789104621816,109199855848547
1,8333,0.0,1789104621816,109199855848547
2,8333,0.0,1789104621816,109199855848547
3,8333,0.0,1789104621816,109199855848547
4,8333,0.0,1789104621816,109199855848547
5,8333,0.0,1789104621816,109199855848547
6,8333,0.0,1789104621816,109199855848547
7,8333,0.0,1789104621816,109199855848547
0,8433,0.0,1789104621916,109199858257311
1,8433,0.0,1789104621916,109199858257311
2,8433,0.0,1789104621916,109199858257311
3,8433,0.0,1789104621916,109199858257311
4,8433,0.0,1789104621916,109199858257311
5,8433,0.0,1789104621916,109199858257311
6,8433,0.0,1789104621916,109199858257311
7,8433,0.0,1789104621916,109199858257311
0,8533,0.0,1789104622016,109199860666067
1,8533,0.0,1789104622016,109199860666067
2,8533,0.0,1789104622016,109199860666067
3,8533,0.0,1789104622016,109199860666067
4,8533,0.0,1789104622016,109199860666067
5,8533,10.0,1789104622016,109199860666067
6,8533,0.0,1789104622016,109199860666067
7,8533,0.0,1789104622016,109199860666067
0,8634,0.0,1789104622117,109199863074680
1,8634,0.0,1789104622117,109199863074680
2,8634,0.0,1789104622117,109199863074680
3,8634,0.0,1789104622117,109199863074680
4,8634,0.0,1789104622117,109199863074680
5,8634,0.0,1789104622117,109199863074680
6,8634,0.0,1789104622117,109199863074680
7,8634,0.0,1789104622117,109199863074680
0,8734,0.0,1789104622217,109199865483095
1,8734,0.0,1789104622217,109199865483095
2,8734,0.0,1789104622217,109199865483095
3,8734,0.0,1789104622217,109199865483095
4,8734,0.0,1789104622217,109199865483095
5,8734,0.0,1789104622217,109199865483095
6,8734,0.0,1789104622217,109199865483095
7,8734,0.0,1789104622217,109199865483095
0,8834,0.0,1789104622317,109199867891331
1,8834,0.0,1789104622317,109199867891331
2,8834,0.0,1789104622317,109199867891331
3,8834,0.0,1789104622317,109199867891331
4,8834,0.0,1789104622317,109199867891331
5,8834,0.0,1789104622317,109199867891331
6,8834,0.0,1789104622317,109199867891331
7,8834,0.0,1789104622317,109199867891331
0,8935,0.0,1789104622418,109199870300683
1,8935,0.0,1789104622418,109199870300683
2,8935,0.0,1789104622418,109199870300683
3,8935,0.0,1789104622418,109199870300683
4,8935,0.0,1789104622418,109199870300683
5,8935,0.0,1789104622418,109199870300683
6,8935,0.0,1789104622418,109199870300683
7,8935,0.0,1789104622418,109199870300683
0,9035,0.0,1789104622518,109199872709197
1,9035,0.0,1789104622518,109199872709197
2,9035,0.0,1789104622518,109199872709197
3,9035,0.0,1789104622518,109199872709197
4,9035,0.0,1789104622518,109199872709197
5,9035,0.0,1789104622518,109199872709197
6,9035,0.0,1789104622518,109199872709197
7,9035,0.0,1789104622518,109199872709197
0,9135,0.0,1789104622618,109199875117624
1,9135,0.0,1789104622618,109199875117624
2,9135,0.0,1789104622618,109199875117624
3,9135,0.0,1789104622618,109199875117624
4,9135,0.0,1789104622618,109199875117624
5,9135,0.0,1789104622618,109199875117624
6,9135,0.0,1789104622618,109199875117624
7,9135,0.0,1789104622618,109199875117624
0,9236,0.0,1789104622719,109199877529005
1,9236,0.0,1789104622719,109199877529005
2,9236,0.0,1789104622719,109199877529005
3,9236,0.0,1789104622719,109199877529005
4,9236,9.1,1789104622719,109199877529005
5,9236,0.0,1789104622719,109199877529005
6,9236,9.1,1789104622719,109199877529005
7,9236,0.0,1789104622719,109199877529005
0,9336,0.0,1789104622819,109199879939671
1,9336,0.0,1789104622819,109199879939671
2,9336,0.0,1789104622819,109199879939671
3,9336,9.1,1789104622819,109199879939671
4,9336,0.0,1789104622819,109199879939671
5,9336,0.0,1789104622819,109199879939671
6,9336,0.0,1789104622819,109199879939671
7,9336,0.0,1789104622819,109199879939671
0,9437,0.0,1789104622920,109199882349019
1,9437,0.0,1789104622920,109199882349019
2,9437,0.0,1789104622920,109199882349019
3,9437,0.0,1789104622920,109199882349019
4,9437,0.0,1789104622920,109199882349019
5,9437,0.0,1789104622920,109199882349019
6,9437,0.0,1789104622920,109199882349019
7,9437,0.0,1789104622920,109199882349019
0,9537,0.0,1789104623020,109199884757349
1,9537,0.0,1789104623020,109199884757349
2,9537,0.0,1789104623020,109199884757349
3,9537,0.0,1789104623020,109199884757349
4,9537,0.0,1789104623020,109199884757349
5,9537,0.0,1789104623020,109199884757349
6,9537,0.0,1789104623020,109199884757349
7,9537,0.0,1789104623020,109199884757349
0,9637,0.0,1789104623120,109199887165637
1,9637,0.0,1789104623120,109199887165637
2,9637,0.0,1789104623120,109199887165637
3,9637,0.0,1789104623120,109199887165637
4,9637,0.0,1789104623120,109199887165637
5,9637,0.0,1789104623120,109199887165637
6,9637,0.0,1789104623120,109199887165637
7,9637,0.0,1789104623120,109199887165637
0,9738,0.0,1789104623221,109199889574408
1,9738,0.0,1789104623221,109199889574408
2,9738,0.0,1789104623221,109199889574408
3,9738,0.0,1789104623221,109199889574408
4,9738,0.0,1789104623221,109199889574408
5,9738,0.0,1789104623221,109199889574408
6,9738,0.0,1789104623221,109199889574408
7,9738,0.0,1789104623221,109199889574408
0,9838,0.0,1789104623321,109199891982951
1,9838,0.0,1789104623321,109199891982951
2,9838,0.0,1789104623321,109199891982951
3,9838,0.0,1789104623321,109199891982951
4,9838,0.0,1789104623321,109199891982951
5,9838,0.0,1789104623321,109199891982951
6,9838,0.0,1789104623321,109199891982951
7,9838,0.0,1789104623321,109199891982951
0,9939,0.0,1789104623422,109199894391176
1,9939,0.0,1789104623422,109199894391176
2,9939,0.0,1789104623422,109199894391176
3,9939,0.0,1789104623422,109199894391176
4,9939,0.0,1789104623422,109199894391176
5,9939,0.0,1789104623422,109199894391176
6,9939,0.0,1789104623422,109199894391176
7,9939,0.0,1789104623422,109199894391176
0,10039,0.0,1789104623522,109199896799582
1,10039,0.0,1789104623522,109199896799582
2,10039,0.0,1789104623522,109199896799582
3,10039,0.0,1789104623522,109199896799582
4,10039,0.0,1789104623522,109199896799582
5,10039,0.0,1789104623522,109199896799582
6,10039,0.0,1789104623522,109199896799582
7,10039,0.0,1789104623522,109199896799582
0,10139,0.0,1789104623622,109199899210821
1,10139,0.0,1789104623622,109199899210821
2,10139,0.0,1789104623622,109199899210821
3,10139,0.0,1789104623622,109199899210821
4,10139,0.0,1789104623622,109199899210821
5,10139,0.0,1789104623622,109199899210821
6,10139,0.0,1789104623622,109199899210821
7,10139,0.0,1789104623622,109199899210821
0,10240,0.0,1789104623723,109199901620245
1,10240,0.0,1789104623723,109199901620245
2,10240,0.0,1789104623723,109199901620245
3,10240,0.0,1789104623723,109199901620245
4,10240,0.0,1789104623723,109199901620245
5,10240,0.0,1789104623723,109199901620245
6,10240,0.0,1789104623723,109199901620245
7,10240,0.0,1789104623723,109199901620245
0,10340,0.0,1789104623823,109199904030461
1,10340,0.0,1789104623823,109199904030461
2,10340,0.0,1789104623823,109199904030461
3,10340,0.0,1789104623823,109199904030461
4,10340,0.0,1789104623823,109199904030461
5,10340,0.0,1789104623823,109199904030461
6,10340,0.0,1789104623823,109199904030461
7,10340,0.0,1789104623823,109199904030461
0,10441,0.0,1789104623924,109199906439921
1,10441,0.0,1789104623924,109199906439921
2,10441,0.0,1789104623924,109199906439921
3,10441,0.0,1789104623924,109199906439921
4,10441,0.0,1789104623924,109199906439921
5,10441,0.0,1789104623924,109199906439921
6,10441,0.0,1789104623924,109199906439921
7,10441,0.0,1789104623924,109199906439921
0,10541,0.0,1789104624024,109199908849548
1,10541,0.0,1789104624024,109199908849548
2,10541,0.0,1789104624024,109199908849548
3,10541,0.0,1789104624024,109199908849548
4,10541,0.0,1789104624024,109199908849548
5,10541,10.0,1789104624024,109199908849548
6,10541,0.0,1789104624024,109199908849548
7,10541,0.0,1789104624024,109199908849548
0,10641,0.0,1789104624124,109199911258684
1,10641,0.0,1789104624124,109199911258684
2,10641,0.0,1789104624124,109199911258684
3,10641,0.0,1789104624124,109199911258684
4,10641,0.0,1789104624124,109199911258684
5,10641,0.0,1789104624124,109199911258684
6,10641,0.0,1789104624124,109199911258684
7,10641,0.0,1789104624124,109199911258684
0,10742,0.0,1789104624225,109199913667221
1,10742,0.0,1789104624225,109199913667221
2,10742,0.0,1789104624225,109199913667221
3,10742,0.0,1789104624225,109199913667221
4,10742,0.0,1789104624225,109199913667221
5,10742,0.0,1789104624225,109199913667221
6,10742,0.0,1789104624225,109199913667221
7,10742,0.0,1789104624225,109199913667221
0,10842,0.0,1789104624325,109199916075797
1,10842,0.0,1789104624325,109199916075797
2,10842,0.0,1789104624325,109199916075797
3,10842,0.0,1789104624325,109199916075797
4,10842,0.0,1789104624325,109199916075797
5,10842,0.0,1789104624325,109199916075797
6,10842,0.0,1789104624325,109199916075797
7,10842,0.0,1789104624325,109199916075797
0,10942,0.0,1789104624425,109199918484005
1,10942,0.0,1789104624425,109199918484005
2,10942,0.0,1789104624425,109199918484005
3,10942,0.0,1789104624425,109199918484005
4,10942,0.0,1789104624425,109199918484005
5,10942,0.0,1789104624425,109199918484005
6,10942,0.0,1789104624425,109199918484005
7,10942,0.0,1789104624425,109199918484005
0,11043,0.0,1789104624526,109199920892142
1,11043,0.0,1789104624526,109199920892142
2,11043,0.0,1789104624526,109199920892142
3,11043,0.0,1789104624526,109199920892142
4,11043,0.0,1789104624526,109199920892142
5,11043,0.0,1789104624526,109199920892142
6,11043,0.0,1789104624526,109199920892142
7,11043,0.0,1789104624526,109199920892142
0,11143,0.0,1789104624626,109199923300978
1,11143,0.0,1789104624626,109199923300978
2,11143,0.0,1789104624626,109199923300978
3,11143,0.0,1789104624626,109199923300978
4,11143,0.0,1789104624626,109199923300978
5,11143,0.0,1789104624626,109199923300978
6,11143,0.0,1789104624626,109199923300978
7,11143,0.0,1789104624626,109199923300978
0,11243,0.0,1789104624726,109199925709310
1,11243,0.0,1789104624726,109199925709310
2,11243,0.0,1789104624726,109199925709310
3,11243,0.0,1789104624726,109199925709310
4,11243,0.0,1789104624726,109199925709310
5,11243,0.0,1789104624726,109199925709310
6,11243,0.0,1789104624726,109199925709310
7,11243,0.0,1789104624726,109199925709310
0,11344,0.0,1789104624827,109199928117648
1,11344,0.0,1789104624827,109199928117648
2,11344,0.0,1789104624827,109199928117648
3,11344,0.0,1789104624827,109199928117648
4,11344,0.0,1789104624827,109199928117648
5,11344,0.0,1789104624827,109199928117648
6,11344,0.0,1789104624827,109199928117648
7,11344,0.0,1789104624827,109199928117648
0,11444,0.0,1789104624927,109199930528476
1,11444,0.0,1789104624927,109199930528476
2,11444,0.0,1789104624927,109199930528476
3,11444,0.0,1789104624927,109199930528476
4,11444,0.0,1789104624927,109199930528476
5,11444,0.0,1789104624927,109199930528476
6,11444,0.0,1789104624927,109199930528476
7,11444,0.0,1789104624927,109199930528476
0,11545,0.0,1789104625028,109199932936720
1,11545,0.0,1789104625028,109199932936720
2,11545,0.0,1789104625028,109199932936720
3,11545,0.0,1789104625028,109199932936720
4,11545,0.0,1789104625028,109199932936720
5,11545,0.0,1789104625028,109199932936720
6,11545,0.0,1789104625028,109199932936720
7,11545,0.0,1789104625028,109199932936720
0,11645,0.0,1789104625128,109199935344688
1,11645,0.0,1789104625128,109199935344688
2,11645,0.0,1789104625128,109199935344688
3,11645,0.0,1789104625128,109199935344688
4,11645,0.0,1789104625128,109199935344688
5,11645,0.0,1789104625128,109199935344688
6,11645,0.0,1789104625128,109199935344688
7,11645,0.0,1789104625128,109199935344688
0,11745,0.0,1789104625228,109199937752654
1,11745,0.0,1789104625228,109199937752654
2,11745,0.0,1789104625228,109199937752654
3,11745,0.0,1789104625228,109199937752654
4,11745,0.0,1789104625228,109199937752654
5,11745,0.0,1789104625228,109199937752654
6,11745,0.0,1789104625228,109199937752654
7,11745,0.0,1789104625228,109199937752654
0,11846,0.0,1789104625329,109199940160532
1,11846,0.0,1789104625329,109199940160532
2,11846,0.0,1789104625329,109199940160532
3,11846,0.0,1789104625329,109199940160532
4,11846,0.0,1789104625329,109199940160532
5,11846,0.0,1789104625329,109199940160532
6,11846,0.0,1789104625329,109199940160532
7,11846,0.0,1789104625329,109199940160532
0,11946,0.0,1789104625429,109199942568908
1,11946,0.0,1789104625429,109199942568908
2,11946,0.0,1789104625429,109199942568908
3,11946,0.0,1789104625429,109199942568908
4,11946,0.0,1789104625429,109199942568908
5,11946,0.0,1789104625429,109199942568908
6,11946,0.0,1789104625429,109199942568908
7,11946,0.0,1789104625429,109199942568908
0,12046,0.0,1789104625529,109199944977361
1,12046,0.0,1789104625529,109199944977361
2,12046,0.0,1789104625529,109199944977361
3,12046,0.0,1789104625529,109199944977361
4,12046,0.0,1789104625529,109199944977361
5,12046,0.0,1789104625529,109199944977361
6,12046,0.0,1789104625529,109199944977361
7,12046,0.0,1789104625529,109199944977361
0,12147,0.0,1789104625630,109199947385812
1,12147,0.0,1789104625630,109199947385812
2,12147,0.0,1789104625630,109199947385812
3,12147,0.0,1789104625630,109199947385812
4,12147,0.0,1789104625630,109199947385812
5,12147,0.0,1789104625630,109199947385812
6,12147,0.0,1789104625630,109199947385812
7,12147,0.0,1789104625630,109199947385812
0,12247,0.0,1789104625730,109199949796820
1,12247,0.0,1789104625730,109199949796820
2,12247,0.0,1789104625730,109199949796820
3,12247,0.0,1789104625730,109199949796820
4,12247,0.0,1789104625730,109199949796820
5,12247,0.0,1789104625730,109199949796820
6,12247,0.0,1789104625730,109199949796820
7,12247,0.0,1789104625730,109199949796820
0,12348,0.0,1789104625831,109199952206846
1,12348,0.0,1789104625831,109199952206846
2,12348,0.0,1789104625831,109199952206846
3,12348,0.0,1789104625831,109199952206846
4,12348,0.0,1789104625831,109199952206846
5,12348,0.0,1789104625831,109199952206846
6,12348,0.0,1789104625831,109199952206846
7,12348,0.0,1789104625831,109199952206846
0,12448,0.0,1789104625931,109199954617835
1,12448,0.0,1789104625931,109199954617835
2,12448,0.0,1789104625931,109199954617835
3,12448,0.0,1789104625931,109199954617835
4,12448,0.0,1789104625931,109199954617835
5,12448,0.0,1789104625931,109199954617835
6,12448,0.0,1789104625931,109199954617835
7,12448,0.0,1789104625931,109199954617835
0,12548,0.0,1789104626031,109199957028965
1,12548,0.0,1789104626031,109199957028965
2,12548,0.0,1789104626031,109199957028965
3,12548,9.1,1789104626031,109199957028965
4,12548,0.0,1789104626031,109199957028965
5,12548,0.0,1789104626031,109199957028965
6,12548,0.0,1789104626031,109199957028965
7,12548,0.0,1789104626031,109199957028965
0,12649,0.0,1789104626132,109199959440271
1,12649,0.0,1789104626132,109199959440271
2,12649,0.0,1789104626132,109199959440271
3,12649,0.0,1789104626132,109199959440271
4,12649,0.0,1789104626132,109199959440271
5,12649,0.0,1789104626132,109199959440271
6,12649,0.0,1789104626132,109199959440271
7,12649,9.1,1789104626132,109199959440271
0,12749,0.0,1789104626232,109199961849383
1,12749,0.0,1789104626232,109199961849383
2,12749,0.0,1789104626232,109199961849383
3,12749,0.0,1789104626232,109199961849383
4,12749,0.0,1789104626232,109199961849383
5,12749,0.0,1789104626232,109199961849383
6,12749,0.0,1789104626232,109199961849383
7,12749,0.0,1789104626232,109199961849383
0,12850,0.0,1789104626333,109199964257922
1,12850,0.0,1789104626333,109199964257922
2,12850,0.0,1789104626333,109199964257922
3,12850,0.0,1789104626333,109199964257922
4,12850,0.0,1789104626333,109199964257922
5,12850,0.0,1789104626333,109199964257922
6,12850,0.0,1789104626333,109199964257922
7,12850,0.0,1789104626333,109199964257922
0,12950,0.0,1789104626433,109199966666258
1,12950,0.0,1789104626433,109199966666258
2,12950,0.0,1789104626433,109199966666258
3,12950,0.0,1789104626433,109199966666258
4,12950,0.0,1789104626433,109199966666258
5,12950,0.0,1789104626433,109199966666258
6,12950,0.0,1789104626433,109199966666258
7,12950,0.0,1789104626433,109199966666258
0,13050,0.0,1789104626533,109199969075414
1,13050,0.0,1789104626533,109199969075414
2,13050,0.0,1789104626533,109199969075414
3,13050,0.0,1789104626533,109199969075414
4,13050,0.0,1789104626533,109199969075414
5,13050,0.0,1789104626533,109199969075414
6,13050,0.0,1789104626533,109199969075414
7,13050,0.0,1789104626533,109199969075414
0,13151,0.0,1789104626634,109199971484295
1,13151,0.0,1789104626634,109199971484295
2,13151,0.0,1789104626634,109199971484295
3,13151,0.0,1789104626634,109199971484295
4,13151,0.0,1789104626634,109199971484295
5,13151,0.0,1789104626634,109199971484295
6,13151,0.0,1789104626634,109199971484295
7,13151,0.0,1789104626634,109199971484295
0,13251,0.0,1789104626734,109199973892534
1,13251,0.0,1789104626734,109199973892534
2,13251,0.0,1789104626734,109199973892534
3,13251,0.0,1789104626734,109199973892534
4,13251,0.0,1789104626734,109199973892534
5,13251,0.0,1789104626734,109199973892534
6,13251,0.0,1789104626734,109199973892534
7,13251,0.0,1789104626734,109199973892534
0,13352,0.0,1789104626835,109199976301193
1,13352,0.0,1789104626835,109199976301193
2,13352,0.0,1789104626835,109199976301193
3,13352,0.0,1789104626835,109199976301193
4,13352,0.0,1789104626835,109199976301193
5,13352,0.0,1789104626835,109199976301193
6,13352,0.0,1789104626835,109199976301193
7,13352,0.0,1789104626835,109199976301193
0,13452,0.0,1789104626935,109199978709036
1,13452,0.0,1789104626935,109199978709036
2,13452,0.0,1789104626935,109199978709036
3,13452,0.0,1789104626935,109199978709036
4,13452,0.0,1789104626935,109199978709036
5,13452,0.0,1789104626935,109199978709036
6,13452,0.0,1789104626935,109199978709036
7,13452,0.0,1789104626935,109199978709036
0,13552,0.0,1789104627035,109199981118050
1,13552,0.0,1789104627035,109199981118050
2,13552,0.0,1789104627035,109199981118050
3,13552,0.0,1789104627035,109199981118050
4,13552,0.0,1789104627035,109199981118050
5,13552,0.0,1789104627035,109199981118050
6,13552,0.0,1789104627035,109199981118050
7,13552,0.0,1789104627035,109199981118050
0,13653,0.0,1789104627136,109199983526446
1,13653,0.0,1789104627136,109199983526446
2,13653,9.1,1789104627136,109199983526446
3,13653,0.0,1789104627136,109199983526446
4,13653,0.0,1789104627136,109199983526446
5,13653,0.0,1789104627136,109199983526446
6,13653,0.0,1789104627136,109199983526446
7,13653,0.0,1789104627136,109199983526446
0,13753,0.0,1789104627236,109199985934858
1,13753,0.0,1789104627236,109199985934858
2,13753,0.0,1789104627236,109199985934858
3,13753,0.0,1789104627236,109199985934858
4,13753,0.0,1789104627236,109199985934858
5,13753,0.0,1789104627236,109199985934858
6,13753,0.0,1789104627236,109199985934858
7,13753,0.0,1789104627236,109199985934858
0,13853,0.0,1789104627336,109199988344352
1,13853,0.0,1789104627336,109199988344352
2,13853,0.0,1789104627336,109199988344352
3,13853,0.0,1789104627336,109199988344352
4,13853,0.0,1789104627336,109199988344352
5,13853,0.0,1789104627336,109199988344352
6,13853,0.0,1789104627336,109199988344352
7,13853,0.0,1789104627336,109199988344352
0,13954,0.0,1789104627437,109199990752657
1,13954,0.0,1789104627437,109199990752657
2,13954,0.0,1789104627437,109199990752657
3,13954,0.0,1789104627437,109199990752657
4,13954,0.0,1789104627437,109199990752657
5,13954,0.0,1789104627437,109199990752657
6,13954,0.0,1789104627437,109199990752657
7,13954,0.0,1789104627437,109199990752657
0,14054,0.0,1789104627537,109199993160824
1,14054,0.0,1789104627537,109199993160824
2,14054,0.0,1789104627537,109199993160824
3,14054,0.0,1789104627537,109199993160824
4,14054,0.0,1789104627537,109199993160824
5,14054,0.0,1789104627537,109199993160824
6,14054,0.0,1789104627537,109199993160824
7,14054,0.0,1789104627537,109199993160824
0,14154,0.0,1789104627637,109199995568950
1,14154,0.0,1789104627637,109199995568950
2,14154,0.0,1789104627637,109199995568950
3,14154,0.0,1789104627637,109199995568950
4,14154,0.0,1789104627637,109199995568950
5,14154,0.0,1789104627637,109199995568950
6,14154,0.0,1789104627637,109199995568950
7,14154,0.0,1789104627637,109199995568950
0,14255,0.0,1789104627738,109199997977135
1,14255,0.0,1789104627738,109199997977135
2,14255,0.0,1789104627738,109199997977135
3,14255,0.0,1789104627738,109199997977135
4,14255,0.0,1789104627738,109199997977135
5,14255,0.0,1789104627738,109199997977135
6,14255,0.0,1789104627738,109199997977135
7,14255,0.0,1789104627738,109199997977135
0,14355,0.0,1789104627838,109200000385330
1,14355,0.0,1789104627838,109200000385330
2,14355,0.0,1789104627838,109200000385330
3,14355,0.0,1789104627838,109200000385330
4,14355,0.0,1789104627838,109200000385330
5,14355,0.0,1789104627838,109200000385330
6,14355,0.0,1789104627838,109200000385330
7,14355,0.0,1789104627838,109200000385330
0,14455,0.0,1789104627938,109200002794784
1,14455,0.0,1789104627938,109200002794784
2,14455,0.0,1789104627938,109200002794784
3,14455,0.0,1789104627938,109200002794784
4,14455,0.0,1789104627938,109200002794784
5,14455,0.0,1789104627938,109200002794784
6,14455,0.0,1789104627938,109200002794784
7,14455,0.0,1789104627938,109200002794784
0,14556,0.0,1789104628039,109200005204066
1,14556,0.0,1789104628039,109200005204066
2,14556,0.0,1789104628039,109200005204066
3,14556,0.0,1789104628039,109200005204066
4,14556,0.0,1789104628039,109200005204066
5,14556,10.0,1789104628039,109200005204066
6,14556,0.0,1789104628039,109200005204066
7,14556,0.0,1789104628039,109200005204066
0,14656,0.0,1789104628139,109200007613902
1,14656,0.0,1789104628139,109200007613902
2,14656,0.0,1789104628139,109200007613902
3,14656,0.0,1789104628139,109200007613902
4,14656,0.0,1789104628139,109200007613902
5,14656,0.0,1789104628139,109200007613902
6,14656,0.0,1789104628139,109200007613902
7,14656,0.0,1789104628139,109200007613902
0,14757,0.0,1789104628240,109200010022395
1,14757,0.0,1789104628240,109200010022395
2,14757,0.0,1789104628240,109200010022395
3,14757,0.0,1789104628240,109200010022395
4,14757,0.0,1789104628240,109200010022395
5,14757,0.0,1789104628240,109200010022395
6,14757,0.0,1789104628240,109200010022395
7,14757,0.0,1789104628240,109200010022395
0,14857,0.0,1789104628340,109200012430734
1,14857,0.0,1789104628340,109200012430734
2,14857,0.0,1789104628340,109200012430734
3,14857,0.0,1789104628340,109200012430734
4,14857,0.0,1789104628340,109200012430734
5,14857,0.0,1789104628340,109200012430734
6,14857,0.0,1789104628340,109200012430734
7,14857,0.0,1789104628340,109200012430734
0,14957,0.0,1789104628440,109200014839614
1,14957,0.0,1789104628440,109200014839614
2,14957,0.0,1789104628440,109200014839614
3,14957,0.0,1789104628440,109200014839614
4,14957,0.0,1789104628440,109200014839614
5,14957,0.0,1789104628440,109200014839614
6,14957,0.0,1789104628440,109200014839614
7,14957,0.0,1789104628440,109200014839614
0,15058,0.0,1789104628541,109200017248823
1,15058,0.0,1789104628541,109200017248823
2,15058,0.0,1789104628541,109200017248823
3,15058,0.0,1789104628541,109200017248823
4,15058,0.0,1789104628541,109200017248823
5,15058,0.0,1789104628541,109200017248823
6,15058,0.0,1789104628541,109200017248823
7,15058,0.0,1789104628541,109200017248823
0,15158,0.0,1789104628641,109200019657132
1,15158,0.0,1789104628641,109200019657132
2,15158,0.0,1789104628641,109200019657132
3,15158,0.0,1789104628641,109200019657132
4,15158,0.0,1789104628641,109200019657132
5,15158,0.0,1789104628641,109200019657132
6,15158,0.0,1789104628641,109200019657132
7,15158,0.0,1789104628641,109200019657132
0,15258,0.0,1789104628741,109200022068048
1,15258,0.0,1789104628741,109200022068048
2,15258,0.0,1789104628741,109200022068048
3,15258,0.0,1789104628741,109200022068048
4,15258,0.0,1789104628741,109200022068048
5,15258,0.0,1789104628741,109200022068048
6,15258,0.0,1789104628741,109200022068048
7,15258,0.0,1789104628741,109200022068048
0,15359,0.0,1789104628842,109200024478317
1,15359,0.0,1789104628842,109200024478317
2,15359,0.0,1789104628842,109200024478317
3,15359,0.0,1789104628842,109200024478317
4,15359,0.0,1789104628842,109200024478317
5,15359,0.0,1789104628842,109200024478317
6,15359,0.0,1789104628842,109200024478317
7,15359,0.0,1789104628842,109200024478317
0,15459,0.0,1789104628942,109200026888922
1,15459,0.0,1789104628942,109200026888922
2,15459,0.0,1789104628942,109200026888922
3,15459,0.0,1789104628942,109200026888922
4,15459,0.0,1789104628942,109200026888922
5,15459,0.0,1789104628942,109200026888922
6,15459,0.0,1789104628942,109200026888922
7,15459,0.0,1789104628942,109200026888922
0,15560,0.0,1789104629043,109200029298352
1,15560,0.0,1789104629043,109200029298352
2,15560,0.0,1789104629043,109200029298352
3,15560,0.0,1789104629043,109200029298352
4,15560,0.0,1789104629043,109200029298352
5,15560,0.0,1789104629043,109200029298352
6,15560,0.0,1789104629043,109200029298352
7,15560,0.0,1789104629043,109200029298352
0,15660,0.0,1789104629143,109200031707879
1,15660,0.0,1789104629143,109200031707879
2,15660,0.0,1789104629143,109200031707879
3,15660,9.1,1789104629143,109200031707879
4,15660,0.0,1789104629143,109200031707879
5,15660,0.0,1789104629143,109200031707879
6,15660,0.0,1789104629143,109200031707879
7,15660,0.0,1789104629143,109200031707879
0,15760,0.0,1789104629243,109200034116536
1,15760,0.0,1789104629243,109200034116536
2,15760,0.0,1789104629243,109200034116536
3,15760,0.0,1789104629243,109200034116536
4,15760,0.0,1789104629243,109200034116536
5,15760,0.0,1789104629243,109200034116536
6,15760,0.0,1789104629243,109200034116536
7,15760,0.0,1789104629243,109200034116536
0,15861,0.0,1789104629344,109200036524891
1,15861,0.0,1789104629344,109200036524891
2,15861,0.0,1789104629344,109200036524891
3,15861,0.0,1789104629344,109200036524891
4,15861,0.0,1789104629344,109200036524891
5,15861,0.0,1789104629344,109200036524891
6,15861,0.0,1789104629344,109200036524891
7,15861,0.0,1789104629344,109200036524891
0,15961,0.0,1789104629444,109200038933334
1,15961,0.0,1789104629444,109200038933334
2,15961,0.0,1789104629444,109200038933334
3,15961,0.0,1789104629444,109200038933334
4,15961,0.0,1789104629444,109200038933334
5,15961,0.0,1789104629444,109200038933334
6,15961,0.0,1789104629444,109200038933334
7,15961,0.0,1789104629444,109200038933334
0,16062,0.0,1789104629545,109200041342107
1,16062,0.0,1789104629545,109200041342107
2,16062,0.0,1789104629545,109200041342107
3,16062,0.0,1789104629545,109200041342107
4,16062,0.0,1789104629545,109200041342107
5,16062,0.0,1789104629545,109200041342107
6,16062,0.0,1789104629545,109200041342107
7,16062,0.0,1789104629545,109200041342107
0,16162,0.0,1789104629645,109200043750619
1,16162,0.0,1789104629645,109200043750619
2,16162,0.0,1789104629645,109200043750619
3,16162,0.0,1789104629645,109200043750619
4,16162,0.0,1789104629645,109200043750619
5,16162,0.0,1789104629645,109200043750619
6,16162,0.0,1789104629645,109200043750619
7,16162,0.0,1789104629645,109200043750619
0,16262,0.0,1789104629745,109200046161007
1,16262,0.0,1789104629745,109200046161007
2,16262,0.0,1789104629745,109200046161007
3,16262,0.0,1789104629745,109200046161007
4,16262,0.0,1789104629745,109200046161007
5,16262,0.0,1789104629745,109200046161007
6,16262,0.0,1789104629745,109200046161007
7,16262,0.0,1789104629745,109200046161007
0,16363,0.0,1789104629846,109200048569828
1,16363,0.0,1789104629846,109200048569828
2,16363,0.0,1789104629846,109200048569828
3,16363,0.0,1789104629846,109200048569828
4,16363,0.0,1789104629846,109200048569828
5,16363,0.0,1789104629846,109200048569828
6,16363,0.0,1789104629846,109200048569828
7,16363,0.0,1789104629846,109200048569828
0,16463,0.0,1789104629946,109200050978118
1,16463,0.0,1789104629946,109200050978118
2,16463,9.1,1789104629946,109200050978118
3,16463,0.0,1789104629946,109200050978118
4,16463,0.0,1789104629946,109200050978118
5,16463,0.0,1789104629946,109200050978118
6,16463,0.0,1789104629946,109200050978118
7,16463,0.0,1789104629946,109200050978118
0,16563,0.0,1789104630046,109200053387059
1,16563,0.0,1789104630046,109200053387059
2,16563,0.0,1789104630046,109200053387059
3,16563,0.0,1789104630046,109200053387059
4,16563,0.0,1789104630046,109200053387059
5,16563,0.0,1789104630046,109200053387059
6,16563,0.0,1789104630046,109200053387059
7,16563,0.0,1789104630046,109200053387059
0,16664,0.0,1789104630147,109200055795543
1,16664,0.0,1789104630147,109200055795543
2,16664,0.0,1789104630147,109200055795543
3,16664,0.0,1789104630147,109200055795543
4,16664,0.0,1789104630147,109200055795543
5,16664,0.0,1789104630147,109200055795543
6,16664,0.0,1789104630147,109200055795543
7,16664,0.0,1789104630147,109200055795543
0,16764,0.0,1789104630247,109200058203963
1,16764,0.0,1789104630247,109200058203963
2,16764,0.0,1789104630247,109200058203963
3,16764,0.0,1789104630247,109200058203963
4,16764,0.0,1789104630247,109200058203963
5,16764,0.0,1789104630247,109200058203963
6,16764,0.0,1789104630247,109200058203963
7,16764,0.0,1789104630247,109200058203963
0,16864,0.0,1789104630347,109200060612016
1,16864,0.0,1789104630347,109200060612016
2,16864,0.0,1789104630347,109200060612016
3,16864,0.0,1789104630347,109200060612016
4,16864,0.0,1789104630347,109200060612016
5,16864,0.0,1789104630347,109200060612016
6,16864,0.0,1789104630347,109200060612016
7,16864,0.0,1789104630347,109200060612016
0,16965,0.0,1789104630448,109200063020189
1,16965,0.0,1789104630448,109200063020189
2,16965,0.0,1789104630448,109200063020189
3,16965,0.0,1789104630448,109200063020189
4,16965,0.0,1789104630448,109200063020189
5,16965,0.0,1789104630448,109200063020189
6,16965,0.0,1789104630448,109200063020189
7,16965,0.0,1789104630448,109200063020189
0,17065,0.0,1789104630548,109200065428136
1,17065,0.0,1789104630548,109200065428136
2,17065,0.0,1789104630548,109200065428136
3,17065,0.0,1789104630548,109200065428136
4,17065,0.0,1789104630548,109200065428136
5,17065,0.0,1789104630548,109200065428136
6,17065,0.0,1789104630548,109200065428136
7,17065,0.0,1789104630548,109200065428136
0,17165,0.0,1789104630648,109200067835990
1,17165,0.0,1789104630648,109200067835990
2,17165,0.0,1789104630648,109200067835990
3,17165,0.0,1789104630648,109200067835990
4,17165,0.0,1789104630648,109200067835990
5,17165,0.0,1789104630648,109200067835990
6,17165,0.0,1789104630648,109200067835990
7,17165,0.0,1789104630648,109200067835990
0,17266,0.0,1789104630749,109200070244180
1,17266,0.0,1789104630749,109200070244180
2,17266,0.0,1789104630749,109200070244180
3,17266,0.0,1789104630749,109200070244180
4,17266,0.0,1789104630749,109200070244180
5,17266,0.0,1789104630749,109200070244180
6,17266,0.0,1789104630749,109200070244180
7,17266,0.0,1789104630749,109200070244180
0,17366,0.0,1789104630849,109200072652458
1,17366,0.0,1789104630849,109200072652458
2,17366,0.0,1789104630849,109200072652458
3,17366,0.0,1789104630849,109200072652458
4,17366,0.0,1789104630849,109200072652458
5,17366,0.0,1789104630849,109200072652458
6,17366,0.0,1789104630849,109200072652458
7,17366,0.0,1789104630849,109200072652458
0,17466,0.0,1789104630949,109200075059980
1,17466,0.0,1789104630949,109200075059980
2,17466,0.0,1789104630949,109200075059980
3,17466,0.0,1789104630949,109200075059980
4,17466,0.0,1789104630949,109200075059980
5,17466,0.0,1789104630949,109200075059980
6,17466,0.0,1789104630949,109200075059980
7,17466,0.0,1789104630949,109200075059980
0,17567,0.0,1789104631050,109200077468749
1,17567,0.0,1789104631050,109200077468749
2,17567,0.0,1789104631050,109200077468749
3,17567,0.0,1789104631050,109200077468749
4,17567,0.0,1789104631050,109200077468749
5,17567,0.0,1789104631050,109200077468749
6,17567,0.0,1789104631050,109200077468749
7,17567,0.0,1789104631050,109200077468749
0,17667,0.0,1789104631150,109200079876754
1,17667,0.0,1789104631150,109200079876754
2,17667,0.0,1789104631150,109200079876754
3,17667,0.0,1789104631150,109200079876754
4,17667,0.0,1789104631150,109200079876754
5,17667,0.0,1789104631150,109200079876754
6,17667,0.0,1789104631150,109200079876754
7,17667,0.0,1789104631150,109200079876754
0,17767,0.0,1789104631250,109200082284886
1,17767,0.0,1789104631250,109200082284886
2,17767,0.0,1789104631250,109200082284886
3,17767,0.0,1789104631250,109200082284886
4,17767,0.0,1789104631250,109200082284886
5,17767,0.0,1789104631250,109200082284886
6,17767,0.0,1789104631250,109200082284886
7,17767,0.0,1789104631250,109200082284886
0,17868,0.0,1789104631351,109200084692905
1,17868,0.0,1789104631351,109200084692905
2,17868,0.0,1789104631351,109200084692905
3,17868,0.0,1789104631351,109200084692905
4,17868,0.0,1789104631351,109200084692905
5,17868,0.0,1789104631351,109200084692905
6,17868,0.0,1789104631351,109200084692905
7,17868,0.0,1789104631351,109200084692905
0,17968,0.0,1789104631451,109200087101950
1,17968,0.0,1789104631451,109200087101950
2,17968,0.0,1789104631451,109200087101950
3,17968,0.0,1789104631451,109200087101950
4,17968,0.0,1789104631451,109200087101950
5,17968,0.0,1789104631451,109200087101950
6,17968,0.0,1789104631451,109200087101950
7,17968,0.0,1789104631451,109200087101950
0,18069,0.0,1789104631552,109200089510237
1,18069,0.0,1789104631552,109200089510237
2,18069,0.0,1789104631552,109200089510237
3,18069,0.0,1789104631552,109200089510237
4,18069,0.0,1789104631552,109200089510237
5,18069,0.0,1789104631552,109200089510237
6,18069,0.0,1789104631552,109200089510237
7,18069,0.0,1789104631552,109200089510237
0,18169,0.0,1789104631652,109200091918283
1,18169,0.0,1789104631652,109200091918283
2,18169,0.0,1789104631652,109200091918283
3,18169,0.0,1789104631652,109200091918283
4,18169,0.0,1789104631652,109200091918283
5,18169,0.0,1789104631652,109200091918283
6,18169,0.0,1789104631652,109200091918283
7,18169,0.0,1789104631652,109200091918283
0,18269,0.0,1789104631752,109200094328862
1,18269,0.0,1789104631752,109200094328862
2,18269,0.0,1789104631752,109200094328862
3,18269,0.0,1789104631752,109200094328862
4,18269,0.0,1789104631752,109200094328862
5,18269,0.0,1789104631752,109200094328862
6,18269,0.0,1789104631752,109200094328862
7,18269,0.0,1789104631752,109200094328862
0,18370,0.0,1789104631853,109200096738580
1,18370,0.0,1789104631853,109200096738580
2,18370,0.0,1789104631853,109200096738580
3,18370,0.0,1789104631853,109200096738580
4,18370,0.0,1789104631853,109200096738580
5,18370,0.0,1789104631853,109200096738580
6,18370,0.0,1789104631853,109200096738580
7,18370,0.0,1789104631853,109200096738580
0,18470,0.0,1789104631953,109200099146502
1,18470,0.0,1789104631953,109200099146502
2,18470,0.0,1789104631953,109200099146502
3,18470,0.0,1789104631953,109200099146502
4,18470,0.0,1789104631953,109200099146502
5,18470,0.0,1789104631953,109200099146502
6,18470,0.0,1789104631953,109200099146502
7,18470,0.0,1789104631953,109200099146502
0,18570,0.0,1789104632053,109200101554851
1,18570,0.0,1789104632053,109200101554851
2,18570,9.1,1789104632053,109200101554851
3,18570,0.0,1789104632053,109200101554851
4,18570,0.0,1789104632053,109200101554851
5,18570,0.0,1789104632053,109200101554851
6,18570,0.0,1789104632053,109200101554851
7,18570,0.0,1789104632053,109200101554851
0,18671,0.0,1789104632154,109200103963713
1,18671,0.0,1789104632154,109200103963713
2,18671,0.0,1789104632154,109200103963713
3,18671,0.0,1789104632154,109200103963713
4,18671,0.0,1789104632154,109200103963713
5,18671,10.0,1789104632154,109200103963713
6,18671,0.0,1789104632154,109200103963713
7,18671,0.0,1789104632154,109200103963713
0,18771,0.0,1789104632254,109200106375329
1,18771,0.0,1789104632254,109200106375329
2,18771,0.0,1789104632254,109200106375329
3,18771,0.0,1789104632254,109200106375329
4,18771,0.0,1789104632254,109200106375329
5,18771,0.0,1789104632254,109200106375329
6,18771,0.0,1789104632254,109200106375329
7,18771,0.0,1789104632254,109200106375329
0,18872,0.0,1789104632355,109200108784459
1,18872,0.0,1789104632355,109200108784459
2,18872,0.0,1789104632355,109200108784459
3,18872,0.0,1789104632355,109200108784459
4,18872,0.0,1789104632355,109200108784459
5,18872,0.0,1789104632355,109200108784459
6,18872,0.0,1789104632355,109200108784459
7,18872,0.0,1789104632355,109200108784459
0,18972,0.0,1789104632455,109200111193544
1,18972,0.0,1789104632455,109200111193544
2,18972,0.0,1789104632455,109200111193544
3,18972,0.0,1789104632455,109200111193544
4,18972,0.0,1789104632455,109200111193544
5,18972,0.0,1789104632455,109200111193544
6,18972,0.0,1789104632455,109200111193544
7,18972,0.0,1789104632455,109200111193544
0,19072,0.0,1789104632555,109200113601823
1,19072,0.0,1789104632555,109200113601823
2,19072,0.0,1789104632555,109200113601823
3,19072,0.0,1789104632555,109200113601823
4,19072,0.0,1789104632555,109200113601823
5,19072,0.0,1789104632555,109200113601823
6,19072,0.0,1789104632555,109200113601823
7,19072,0.0,1789104632555,109200113601823
0,19173,0.0,1789104632656,109200116010199
1,19173,0.0,1789104632656,109200116010199
2,19173,0.0,1789104632656,109200116010199
3,19173,0.0,1789104632656,109200116010199
4,19173,0.0,1789104632656,109200116010199
5,19173,0.0,1789104632656,109200116010199
6,19173,0.0,1789104632656,109200116010199
7,19173,0.0,1789104632656,109200116010199
0,19273,0.0,1789104632756,109200118418898
1,19273,0.0,1789104632756,109200118418898
2,19273,9.1,1789104632756,109200118418898
3,19273,0.0,1789104632756,109200118418898
4,19273,0.0,1789104632756,109200118418898
5,19273,0.0,1789104632756,109200118418898
6,19273,0.0,1789104632756,109200118418898
7,19273,0.0,1789104632756,109200118418898
0,19373,0.0,1789104632856,109200120827645
1,19373,0.0,1789104632856,109200120827645
2,19373,0.0,1789104632856,109200120827645
3,19373,0.0,1789104632856,109200120827645
4,19373,0.0,1789104632856,109200120827645
5,19373,0.0,1789104632856,109200120827645
6,19373,0.0,1789104632856,109200120827645
7,19373,0.0,1789104632856,109200120827645
0,19474,0.0,1789104632957,109200123237748
1,19474,0.0,1789104632957,109200123237748
2,19474,0.0,1789104632957,109200123237748
3,19474,0.0,1789104632957,109200123237748
4,19474,0.0,1789104632957,109200123237748
5,19474,0.0,1789104632957,109200123237748
6,19474,0.0,1789104632957,109200123237748
7,19474,0.0,1789104632957,109200123237748
0,19574,0.0,1789104633057,109200125647942
1,19574,0.0,1789104633057,109200125647942
2,19574,0.0,1789104633057,109200125647942
3,19574,0.0,1789104633057,109200125647942
4,19574,0.0,1789104633057,109200125647942
5,19574,0.0,1789104633057,109200125647942
6,19574,0.0,1789104633057,109200125647942
7,19574,0.0,1789104633057,109200125647942
0,19675,0.0,1789104633158,109200128056848
1,19675,0.0,1789104633158,109200128056848
2,19675,0.0,1789104633158,109200128056848
3,19675,0.0,1789104633158,109200128056848
4,19675,0.0,1789104633158,109200128056848
5,19675,0.0,1789104633158,109200128056848
6,19675,0.0,1789104633158,109200128056848
7,19675,0.0,1789104633158,109200128056848
0,19775,0.0,1789104633258,109200130465640
1,19775,0.0,1789104633258,109200130465640
2,19775,0.0,1789104633258,109200130465640
3,19775,0.0,1789104633258,109200130465640
4,19775,0.0,1789104633258,109200130465640
5,19775,0.0,1789104633258,109200130465640
6,19775,0.0,1789104633258,109200130465640
7,19775,0.0,1789104633258,109200130465640
0,19875,0.0,1789104633358,109200132874584
1,19875,0.0,1789104633358,109200132874584
2,19875,0.0,1789104633358,109200132874584
3,19875,0.0,1789104633358,109200132874584
4,19875,0.0,1789104633358,109200132874584
5,19875,0.0,1789104633358,109200132874584
6,19875,0.0,1789104633358,109200132874584
7,19875,0.0,1789104633358,109200132874584
0,19976,0.0,1789104633459,109200135284521
1,19976,0.0,1789104633459,109200135284521
2,19976,0.0,1789104633459,109200135284521
3,19976,0.0,1789104633459,109200135284521
4,19976,0.0,1789104633459,109200135284521
5,19976,0.0,1789104633459,109200135284521
6,19976,0.0,1789104633459,109200135284521
7,19976,0.0,1789104633459,109200135284521
0,20076,0.0,1789104633559,109200137693384
1,20076,0.0,1789104633559,109200137693384
2,20076,0.0,1789104633559,109200137693384
3,20076,0.0,1789104633559,109200137693384
4,20076,0.0,1789104633559,109200137693384
5,20076,0.0,1789104633559,109200137693384
6,20076,0.0,1789104633559,109200137693384
7,20076,0.0,1789104633559,109200137693384
0,20177,0.0,1789104633660,109200140102598
1,20177,0.0,1789104633660,109200140102598
2,20177,0.0,1789104633660,109200140102598
3,20177,0.0,1789104633660,109200140102598
4,20177,0.0,1789104633660,109200140102598
5,20177,0.0,1789104633660,109200140102598
6,20177,0.0,1789104633660,109200140102598
7,20177,0.0,1789104633660,109200140102598
0,20277,0.0,1789104633760,109200142511564
1,20277,0.0,1789104633760,109200142511564
2,20277,9.1,1789104633760,109200142511564
3,20277,0.0,1789104633760,109200142511564
4,20277,0.0,1789104633760,109200142511564
5,20277,0.0,1789104633760,109200142511564
6,20277,0.0,1789104633760,109200142511564
7,20277,0.0,1789104633760,109200142511564
0,20377,0.0,1789104633860,109200144922005
1,20377,0.0,1789104633860,109200144922005
2,20377,0.0,1789104633860,109200144922005
3,20377,0.0,1789104633860,109200144922005
4,20377,0.0,1789104633860,109200144922005
5,20377,0.0,1789104633860,109200144922005
6,20377,0.0,1789104633860,109200144922005
7,20377,0.0,1789104633860,109200144922005
0,20478,0.0,1789104633961,109200147331481
1,20478,0.0,1789104633961,109200147331481
2,20478,0.0,1789104633961,109200147331481
3,20478,0.0,1789104633961,109200147331481
4,20478,0.0,1789104633961,109200147331481
5,20478,0.0,1789104633961,109200147331481
6,20478,0.0,1789104633961,109200147331481
7,20478,0.0,1789104633961,109200147331481
0,20578,0.0,1789104634061,109200149742152
1,20578,0.0,1789104634061,109200149742152
2,20578,0.0,1789104634061,109200149742152
3,20578,0.0,1789104634061,109200149742152
4,20578,0.0,1789104634061,109200149742152
5,20578,0.0,1789104634061,109200149742152
6,20578,0.0,1789104634061,109200149742152
7,20578,0.0,1789104634061,109200149742152
0,20679,0.0,1789104634162,109200152153033
1,20679,0.0,1789104634162,109200152153033
2,20679,0.0,1789104634162,109200152153033
3,20679,0.0,1789104634162,109200152153033
4,20679,0.0,1789104634162,109200152153033
5,20679,0.0,1789104634162,109200152153033
6,20679,0.0,1789104634162,109200152153033
7,20679,0.0,1789104634162,109200152153033
0,20779,0.0,1789104634262,109200154563551
1,20779,0.0,1789104634262,109200154563551
2,20779,0.0,1789104634262,109200154563551
3,20779,0.0,1789104634262,109200154563551
4,20779,0.0,1789104634262,109200154563551
5,20779,0.0,1789104634262,109200154563551
6,20779,0.0,1789104634262,109200154563551
7,20779,0.0,1789104634262,109200154563551
0,20879,0.0,1789104634362,109200156973035
1,20879,0.0,1789104634362,109200156973035
2,20879,0.0,1789104634362,109200156973035
3,20879,0.0,1789104634362,109200156973035
4,20879,0.0,1789104634362,109200156973035
5,20879,0.0,1789104634362,109200156973035
6,20879,0.0,1789104634362,109200156973035
7,20879,0.0,1789104634362,109200156973035
0,20980,0.0,1789104634463,109200159381886
1,20980,0.0,1789104634463,109200159381886
2,20980,0.0,1789104634463,109200159381886
3,20980,0.0,1789104634463,109200159381886
4,20980,0.0,1789104634463,109200159381886
5,20980,0.0,1789104634463,109200159381886
6,20980,0.0,1789104634463,109200159381886
7,20980,0.0,1789104634463,109200159381886
0,21080,0.0,1789104634563,109200161791596
1,21080,0.0,1789104634563,109200161791596
2,21080,0.0,1789104634563,109200161791596
3,21080,9.1,1789104634563,109200161791596
4,21080,0.0,1789104634563,109200161791596
5,21080,0.0,1789104634563,109200161791596
6,21080,0.0,1789104634563,109200161791596
7,21080,0.0,1789104634563,109200161791596
0,21181,0.0,1789104634664,109200164201448
1,21181,0.0,1789104634664,109200164201448
2,21181,0.0,1789104634664,109200164201448
3,21181,0.0,1789104634664,109200164201448
4,21181,0.0,1789104634664,109200164201448
5,21181,0.0,1789104634664,109200164201448
6,21181,0.0,1789104634664,109200164201448
7,21181,0.0,1789104634664,109200164201448
0,21281,0.0,1789104634764,109200166612284
1,21281,0.0,1789104634764,109200166612284
2,21281,0.0,1789104634764,109200166612284
3,21281,0.0,1789104634764,109200166612284
4,21281,0.0,1789104634764,109200166612284
5,21281,0.0,1789104634764,109200166612284
6,21281,0.0,1789104634764,109200166612284
7,21281,0.0,1789104634764,109200166612284
0,21382,0.0,1789104634865,109200169024299
1,21382,0.0,1789104634865,109200169024299
2,21382,0.0,1789104634865,109200169024299
3,21382,0.0,1789104634865,109200169024299
4,21382,0.0,1789104634865,109200169024299
5,21382,0.0,1789104634865,109200169024299
6,21382,0.0,1789104634865,109200169024299
7,21382,0.0,1789104634865,109200169024299
0,21482,0.0,1789104634965,109200171434486
1,21482,0.0,1789104634965,109200171434486
2,21482,0.0,1789104634965,109200171434486
3,21482,0.0,1789104634965,109200171434486
4,21482,0.0,1789104634965,109200171434486
5,21482,0.0,1789104634965,109200171434486
6,21482,0.0,1789104634965,109200171434486
7,21482,0.0,1789104634965,109200171434486
0,21582,0.0,1789104635065,109200173843779
1,21582,0.0,1789104635065,109200173843779
2,21582,0.0,1789104635065,109200173843779
3,21582,0.0,1789104635065,109200173843779
4,21582,0.0,1789104635065,109200173843779
5,21582,0.0,1789104635065,109200173843779
6,21582,0.0,1789104635065,109200173843779
7,21582,0.0,1789104635065,109200173843779
0,21683,0.0,1789104635166,109200176252592
1,21683,0.0,1789104635166,109200176252592
2,21683,0.0,1789104635166,109200176252592
3,21683,0.0,1789104635166,109200176252592
4,21683,0.0,1789104635166,109200176252592
5,21683,0.0,1789104635166,109200176252592
6,21683,0.0,1789104635166,109200176252592
7,21683,0.0,1789104635166,109200176252592
0,21783,0.0,1789104635266,109200178661333
1,21783,0.0,1789104635266,109200178661333
2,21783,9.1,1789104635266,109200178661333
3,21783,0.0,1789104635266,109200178661333
4,21783,0.0,1789104635266,109200178661333
5,21783,0.0,1789104635266,109200178661333
6,21783,0.0,1789104635266,109200178661333
7,21783,0.0,1789104635266,109200178661333
0,21884,0.0,1789104635367,109200181070185
1,21884,0.0,1789104635367,109200181070185
2,21884,0.0,1789104635367,109200181070185
3,21884,0.0,1789104635367,109200181070185
4,21884,0.0,1789104635367,109200181070185
5,21884,0.0,1789104635367,109200181070185
6,21884,0.0,1789104635367,109200181070185
7,21884,0.0,1789104635367,109200181070185
0,21984,0.0,1789104635467,109200183478823
1,21984,0.0,1789104635467,109200183478823
2,21984,0.0,1789104635467,109200183478823
3,21984,0.0,1789104635467,109200183478823
4,21984,0.0,1789104635467,109200183478823
5,21984,0.0,1789104635467,109200183478823
6,21984,0.0,1789104635467,109200183478823
7,21984,0.0,1789104635467,109200183478823
0,22084,0.0,1789104635567,109200185888438
1,22084,0.0,1789104635567,109200185888438
2,22084,0.0,1789104635567,109200185888438
3,22084,9.1,1789104635567,109200185888438
4,22084,0.0,1789104635567,109200185888438
5,22084,0.0,1789104635567,109200185888438
6,22084,0.0,1789104635567,109200185888438
7,22084,0.0,1789104635567,109200185888438
0,22185,0.0,1789104635668,109200188297278
1,22185,0.0,1789104635668,109200188297278
2,22185,0.0,1789104635668,109200188297278
3,22185,0.0,1789104635668,109200188297278
4,22185,0.0,1789104635668,109200188297278
5,22185,0.0,1789104635668,109200188297278
6,22185,0.0,1789104635668,109200188297278
7,22185,0.0,1789104635668,109200188297278
0,22285,0.0,1789104635768,109200190705918
1,22285,0.0,1789104635768,109200190705918
2,22285,0.0,1789104635768,109200190705918
3,22285,0.0,1789104635768,109200190705918
4,22285,0.0,1789104635768,109200190705918
5,22285,0.0,1789104635768,109200190705918
6,22285,0.0,1789104635768,109200190705918
7,22285,0.0,1789104635768,109200190705918
0,22385,0.0,1789104635868,109200193115881
1,22385,0.0,1789104635868,109200193115881
2,22385,0.0,1789104635868,109200193115881
3,22385,0.0,1789104635868,109200193115881
4,22385,0.0,1789104635868,109200193115881
5,22385,0.0,1789104635868,109200193115881
6,22385,0.0,1789104635868,109200193115881
7,22385,0.0,1789104635868,109200193115881
0,22486,0.0,1789104635969,109200195524534
1,22486,0.0,1789104635969,109200195524534
2,22486,0.0,1789104635969,109200195524534
3,22486,0.0,1789104635969,109200195524534
4,22486,0.0,1789104635969,109200195524534
5,22486,0.0,1789104635969,109200195524534
6,22486,0.0,1789104635969,109200195524534
7,22486,0.0,1789104635969,109200195524534
0,22586,0.0,1789104636069,109200197932891
1,22586,0.0,1789104636069,109200197932891
2,22586,0.0,1789104636069,109200197932891
3,22586,0.0,1789104636069,109200197932891
4,22586,0.0,1789104636069,109200197932891
5,22586,0.0,1789104636069,109200197932891
6,22586,0.0,1789104636069,109200197932891
7,22586,0.0,1789104636069,109200197932891
0,22687,9.1,1789104636170,109200200342464
1,22687,0.0,1789104636170,109200200342464
2,22687,0.0,1789104636170,109200200342464
3,22687,0.0,1789104636170,109200200342464
4,22687,0.0,1789104636170,109200200342464
5,22687,0.0,1789104636170,109200200342464
6,22687,0.0,1789104636170,109200200342464
7,22687,0.0,1789104636170,109200200342464
0,22787,0.0,1789104636270,109200202752425
1,22787,0.0,1789104636270,109200202752425
2,22787,0.0,1789104636270,109200202752425
3,22787,0.0,1789104636270,109200202752425
4,22787,0.0,1789104636270,109200202752425
5,22787,0.0,1789104636270,109200202752425
6,22787,0.0,1789104636270,109200202752425
7,22787,0.0,1789104636270,109200202752425
0,22887,0.0,1789104636370,109200205161314
1,22887,0.0,1789104636370,109200205161314
2,22887,0.0,1789104636370,109200205161314
3,22887,0.0,1789104636370,109200205161314
4,22887,0.0,1789104636370,109200205161314
5,22887,0.0,1789104636370,109200205161314
6,22887,0.0,1789104636370,109200205161314
7,22887,0.0,1789104636370,109200205161314
0,22988,0.0,1789104636471,109200207569614
1,22988,0.0,1789104636471,109200207569614
2,22988,0.0,1789104636471,109200207569614
3,22988,0.0,1789104636471,109200207569614
4,22988,0.0,1789104636471,109200207569614
5,22988,0.0,1789104636471,109200207569614
6,22988,0.0,1789104636471,109200207569614
7,22988,0.0,1789104636471,109200207569614
0,23088,0.0,1789104636571,109200209978536
1,23088,0.0,1789104636571,109200209978536
2,23088,0.0,1789104636571,109200209978536
3,23088,0.0,1789104636571,109200209978536
4,23088,0.0,1789104636571,109200209978536
5,23088,0.0,1789104636571,109200209978536
6,23088,0.0,1789104636571,109200209978536
7,23088,0.0,1789104636571,109200209978536
0,23188,0.0,1789104636671,109200212386994
1,23188,0.0,1789104636671,109200212386994
2,23188,0.0,1789104636671,109200212386994
3,23188,0.0,1789104636671,109200212386994
4,23188,0.0,1789104636671,109200212386994
5,23188,0.0,1789104636671,109200212386994
6,23188,0.0,1789104636671,109200212386994
7,23188,0.0,1789104636671,109200212386994
0,23289,0.0,1789104636772,109200214795446
1,23289,0.0,1789104636772,109200214795446
2,23289,0.0,1789104636772,109200214795446
3,23289,0.0,1789104636772,109200214795446
4,23289,0.0,1789104636772,109200214795446
5,23289,0.0,1789104636772,109200214795446
6,23289,0.0,1789104636772,109200214795446
7,23289,0.0,1789104636772,109200214795446
0,23389,0.0,1789104636872,109200217204216
1,23389,0.0,1789104636872,109200217204216
2,23389,0.0,1789104636872,109200217204216
3,23389,0.0,1789104636872,109200217204216
4,23389,0.0,1789104636872,109200217204216
5,23389,0.0,1789104636872,109200217204216
6,23389,0.0,1789104636872,109200217204216
7,23389,0.0,1789104636872,109200217204216
0,23489,0.0,1789104636972,109200219612757
1,23489,0.0,1789104636972,109200219612757
2,23489,0.0,1789104636972,109200219612757
3,23489,0.0,1789104636972,109200219612757
4,23489,0.0,1789104636972,109200219612757
5,23489,0.0,1789104636972,109200219612757
6,23489,0.0,1789104636972,109200219612757
7,23489,0.0,1789104636972,109200219612757
0,23590,0.0,1789104637073,109200222020517
1,23590,0.0,1789104637073,109200222020517
2,23590,0.0,1789104637073,109200222020517
3,23590,0.0,1789104637073,109200222020517
4,23590,0.0,1789104637073,109200222020517
5,23590,0.0,1789104637073,109200222020517
6,23590,0.0,1789104637073,109200222020517
7,23590,0.0,1789104637073,109200222020517
0,23690,0.0,1789104637173,109200224429645
1,23690,0.0,1789104637173,109200224429645
2,23690,0.0,1789104637173,109200224429645
3,23690,0.0,1789104637173,109200224429645
4,23690,0.0,1789104637173,109200224429645
5,23690,0.0,1789104637173,109200224429645
6,23690,0.0,1789104637173,109200224429645
7,23690,0.0,1789104637173,109200224429645
0,23790,0.0,1789104637273,109200226837903
1,23790,0.0,1789104637273,109200226837903
2,23790,0.0,1789104637273,109200226837903
3,23790,0.0,1789104637273,109200226837903
4,23790,0.0,1789104637273,109200226837903
5,23790,0.0,1789104637273,109200226837903
6,23790,0.0,1789104637273,109200226837903
7,23790,0.0,1789104637273,109200226837903
0,23891,0.0,1789104637374,109200229246146
1,23891,0.0,1789104637374,109200229246146
2,23891,0.0,1789104637374,109200229246146
3,23891,0.0,1789104637374,109200229246146
4,23891,0.0,1789104637374,109200229246146
5,23891,0.0,1789104637374,109200229246146
6,23891,0.0,1789104637374,109200229246146
7,23891,0.0,1789104637374,109200229246146
0,23991,0.0,1789104637474,109200231654649
1,23991,0.0,1789104637474,109200231654649
2,23991,0.0,1789104637474,109200231654649
3,23991,0.0,1789104637474,109200231654649
4,23991,0.0,1789104637474,109200231654649
5,23991,0.0,1789104637474,109200231654649
6,23991,0.0,1789104637474,109200231654649
7,23991,0.0,1789104637474,109200231654649
0,24092,0.0,1789104637575,109200234062865
1,24092,0.0,1789104637575,109200234062865
2,24092,0.0,1789104637575,109200234062865
3,24092,0.0,1789104637575,109200234062865
4,24092,0.0,1789104637575,109200234062865
5,24092,0.0,1789104637575,109200234062865
6,24092,0.0,1789104637575,109200234062865
7,24092,0.0,1789104637575,109200234062865
0,24192,0.0,1789104637675,109200236472132
1,24192,0.0,1789104637675,109200236472132
2,24192,0.0,1789104637675,109200236472132
3,24192,0.0,1789104637675,109200236472132
4,24192,0.0,1789104637675,109200236472132
5,24192,0.0,1789104637675,109200236472132
6,24192,0.0,1789104637675,109200236472132
7,24192,0.0,1789104637675,109200236472132
0,24292,0.0,1789104637775,109200238882856
1,24292,9.1,1789104637775,109200238882856
2,24292,0.0,1789104637775,109200238882856
3,24292,0.0,1789104637775,109200238882856
4,24292,0.0,1789104637775,109200238882856
5,24292,0.0,1789104637775,109200238882856
6,24292,0.0,1789104637775,109200238882856
7,24292,0.0,1789104637775,109200238882856
0,24393,0.0,1789104637876,109200241293343
1,24393,0.0,1789104637876,109200241293343
2,24393,0.0,1789104637876,109200241293343
3,24393,0.0,1789104637876,109200241293343
4,24393,0.0,1789104637876,109200241293343
5,24393,0.0,1789104637876,109200241293343
6,24393,0.0,1789104637876,109200241293343
7,24393,0.0,1789104637876,109200241293343
0,24493,0.0,1789104637976,109200243702535
1,24493,0.0,1789104637976,109200243702535
2,24493,0.0,1789104637976,109200243702535
3,24493,0.0,1789104637976,109200243702535
4,24493,0.0,1789104637976,109200243702535
5,24493,0.0,1789104637976,109200243702535
6,24493,0.0,1789104637976,109200243702535
7,24493,0.0,1789104637976,109200243702535
0,24594,0.0,1789104638077,109200246111171
1,24594,0.0,1789104638077,109200246111171
2,24594,0.0,1789104638077,109200246111171
3,24594,0.0,1789104638077,109200246111171
4,24594,0.0,1789104638077,109200246111171
5,24594,0.0,1789104638077,109200246111171
6,24594,0.0,1789104638077,109200246111171
7,24594,0.0,1789104638077,109200246111171
0,24694,0.0,1789104638177,109200248522454
1,24694,0.0,1789104638177,109200248522454
2,24694,0.0,1789104638177,109200248522454
3,24694,10.0,1789104638177,109200248522454
4,24694,0.0,1789104638177,109200248522454
5,24694,0.0,1789104638177,109200248522454
6,24694,0.0,1789104638177,109200248522454
7,24694,0.0,1789104638177,109200248522454
0,24795,0.0,1789104638278,109200250934815
1,24795,0.0,1789104638278,109200250934815
2,24795,9.1,1789104638278,109200250934815
3,24795,9.1,1789104638278,109200250934815
4,24795,0.0,1789104638278,109200250934815
5,24795,0.0,1789104638278,109200250934815
6,24795,0.0,1789104638278,109200250934815
7,24795,0.0,1789104638278,109200250934815
0,24895,0.0,1789104638378,109200253348118
1,24895,0.0,1789104638378,109200253348118
2,24895,0.0,1789104638378,109200253348118
3,24895,0.0,1789104638378,109200253348118
4,24895,0.0,1789104638378,109200253348118
5,24895,0.0,1789104638378,109200253348118
6,24895,0.0,1789104638378,109200253348118
7,24895,0.0,1789104638378,109200253348118
0,24996,10.0,1789104638479,109200255758786
1,24996,0.0,1789104638479,109200255758786
2,24996,0.0,1789104638479,109200255758786
3,24996,0.0,1789104638479,109200255758786
4,24996,0.0,1789104638479,109200255758786
5,24996,0.0,1789104638479,109200255758786
6,24996,0.0,1789104638479,109200255758786
7,24996,0.0,1789104638479,109200255758786
0,25096,0.0,1789104638579,109200258168924
1,25096,0.0,1789104638579,109200258168924
2,25096,0.0,1789104638579,109200258168924
3,25096,0.0,1789104638579,109200258168924
4,25096,0.0,1789104638579,109200258168924
5,25096,0.0,1789104638579,109200258168924
6,25096,0.0,1789104638579,109200258168924
7,25096,0.0,1789104638579,109200258168924
0,25196,0.0,1789104638679,109200260577915
1,25196,0.0,1789104638679,109200260577915
2,25196,0.0,1789104638679,109200260577915
3,25196,0.0,1789104638679,109200260577915
4,25196,0.0,1789104638679,109200260577915
5,25196,0.0,1789104638679,109200260577915
6,25196,0.0,1789104638679,109200260577915
7,25196,0.0,1789104638679,109200260577915
0,25297,0.0,1789104638780,109200262986468
1,25297,0.0,1789104638780,109200262986468
2,25297,0.0,1789104638780,109200262986468
3,25297,0.0,1789104638780,109200262986468
4,25297,0.0,1789104638780,109200262986468
5,25297,0.0,1789104638780,109200262986468
6,25297,0.0,1789104638780,109200262986468
7,25297,0.0,1789104638780,109200262986468
0,25397,0.0,1789104638880,109200265395591
1,25397,0.0,1789104638880,109200265395591
2,25397,0.0,1789104638880,109200265395591
3,25397,0.0,1789104638880,109200265395591
4,25397,0.0,1789104638880,109200265395591
5,25397,0.0,1789104638880,109200265395591
6,25397,0.0,1789104638880,109200265395591
7,25397,0.0,1789104638880,109200265395591
0,25497,0.0,1789104638980,109200267806251
1,25497,0.0,1789104638980,109200267806251
2,25497,0.0,1789104638980,109200267806251
3,25497,0.0,1789104638980,109200267806251
4,25497,0.0,1789104638980,109200267806251
5,25497,0.0,1789104638980,109200267806251
6,25497,0.0,1789104638980,109200267806251
7,25497,0.0,1789104638980,109200267806251
0,25598,0.0,1789104639081,109200270215819
1,25598,0.0,1789104639081,109200270215819
2,25598,0.0,1789104639081,109200270215819
3,25598,0.0,1789104639081,109200270215819
4,25598,0.0,1789104639081,109200270215819
5,25598,0.0,1789104639081,109200270215819
6,25598,0.0,1789104639081,109200270215819
7,25598,0.0,1789104639081,109200270215819
0,25698,0.0,1789104639181,109200272626300
1,25698,0.0,1789104639181,109200272626300
2,25698,0.0,1789104639181,109200272626300
3,25698,0.0,1789104639181,109200272626300
4,25698,0.0,1789104639181,109200272626300
5,25698,0.0,1789104639181,109200272626300
6,25698,0.0,1789104639181,109200272626300
7,25698,0.0,1789104639181,109200272626300
0,25799,0.0,1789104639282,109200275035765
1,25799,0.0,1789104639282,109200275035765
2,25799,0.0,1789104639282,109200275035765
3,25799,0.0,1789104639282,109200275035765
4,25799,0.0,1789104639282,109200275035765
5,25799,0.0,1789104639282,109200275035765
6,25799,0.0,1789104639282,109200275035765
7,25799,0.0,1789104639282,109200275035765
0,25899,0.0,1789104639382,109200277444793
1,25899,0.0,1789104639382,109200277444793
2,25899,0.0,1789104639382,109200277444793
3,25899,0.0,1789104639382,109200277444793
4,25899,0.0,1789104639382,109200277444793
5,25899,0.0,1789104639382,109200277444793
6,25899,0.0,1789104639382,109200277444793
7,25899,0.0,1789104639382,109200277444793
0,25999,0.0,1789104639482,109200279853676
1,25999,0.0,1789104639482,109200279853676
2,25999,0.0,1789104639482,109200279853676
3,25999,0.0,1789104639482,109200279853676
4,25999,0.0,1789104639482,109200279853676
5,25999,0.0,1789104639482,109200279853676
6,25999,0.0,1789104639482,109200279853676
7,25999,0.0,1789104639482,109200279853676
0,26100,0.0,1789104639583,109200282264762
1,26100,0.0,1789104639583,109200282264762
2,26100,0.0,1789104639583,109200282264762
3,26100,0.0,1789104639583,109200282264762
4,26100,0.0,1789104639583,109200282264762
5,26100,0.0,1789104639583,109200282264762
6,26100,0.0,1789104639583,109200282264762
7,26100,0.0,1789104639583,109200282264762
0,26200,0.0,1789104639683,109200284673802
1,26200,0.0,1789104639683,109200284673802
2,26200,0.0,1789104639683,109200284673802
3,26200,0.0,1789104639683,109200284673802
4,26200,0.0,1789104639683,109200284673802
5,26200,0.0,1789104639683,109200284673802
6,26200,0.0,1789104639683,109200284673802
7,26200,0.0,1789104639683,109200284673802
0,26301,0.0,1789104639784,109200287082358
1,26301,0.0,1789104639784,109200287082358
2,26301,0.0,1789104639784,109200287082358
3,26301,0.0,1789104639784,109200287082358
4,26301,0.0,1789104639784,109200287082358
5,26301,0.0,1789104639784,109200287082358
6,26301,0.0,1789104639784,109200287082358
7,26301,0.0,1789104639784,109200287082358
0,26401,0.0,1789104639884,109200289490969
1,26401,0.0,1789104639884,109200289490969
2,26401,0.0,1789104639884,109200289490969
3,26401,0.0,1789104639884,109200289490969
4,26401,0.0,1789104639884,109200289490969
5,26401,0.0,1789104639884,109200289490969
6,26401,0.0,1789104639884,109200289490969
7,26401,0.0,1789104639884,109200289490969
0,26501,0.0,1789104639984,109200291901132
1,26501,0.0,1789104639984,109200291901132
2,26501,0.0,1789104639984,109200291901132
3,26501,0.0,1789104639984,109200291901132
4,26501,0.0,1789104639984,109200291901132
5,26501,0.0,1789104639984,109200291901132
6,26501,0.0,1789104639984,109200291901132
7,26501,0.0,1789104639984,109200291901132
0,26602,0.0,1789104640085,109200294310489
1,26602,0.0,1789104640085,109200294310489
2,26602,0.0,1789104640085,109200294310489
3,26602,0.0,1789104640085,109200294310489
4,26602,0.0,1789104640085,109200294310489
5,26602,0.0,1789104640085,109200294310489
6,26602,0.0,1789104640085,109200294310489
7,26602,0.0,1789104640085,109200294310489
0,26702,0.0,1789104640185,109200296720367
1,26702,0.0,1789104640185,109200296720367
2,26702,0.0,1789104640185,109200296720367
3,26702,0.0,1789104640185,109200296720367
4,26702,0.0,1789104640185,109200296720367
5,26702,0.0,1789104640185,109200296720367
6,26702,0.0,1789104640185,109200296720367
7,26702,0.0,1789104640185,109200296720367
0,26803,0.0,1789104640286,109200299129547
1,26803,0.0,1789104640286,109200299129547
2,26803,0.0,1789104640286,109200299129547
3,26803,0.0,1789104640286,109200299129547
4,26803,0.0,1789104640286,109200299129547
5,26803,0.0,1789104640286,109200299129547
6,26803,0.0,1789104640286,109200299129547
7,26803,0.0,1789104640286,109200299129547
0,26903,0.0,1789104640386,109200301538647
1,26903,0.0,1789104640386,109200301538647
2,26903,0.0,1789104640386,109200301538647
3,26903,0.0,1789104640386,109200301538647
4,26903,0.0,1789104640386,109200301538647
5,26903,0.0,1789104640386,109200301538647
6,26903,0.0,1789104640386,109200301538647
7,26903,0.0,1789104640386,109200301538647
0,27003,0.0,1789104640486,109200303947764
1,27003,0.0,1789104640486,109200303947764
2,27003,0.0,1789104640486,109200303947764
3,27003,0.0,1789104640486,109200303947764
4,27003,0.0,1789104640486,109200303947764
5,27003,0.0,1789104640486,109200303947764
6,27003,0.0,1789104640486,109200303947764
7,27003,0.0,1789104640486,109200303947764
0,27104,0.0,1789104640587,109200306356287
1,27104,0.0,1789104640587,109200306356287
2,27104,0.0,1789104640587,109200306356287
3,27104,0.0,1789104640587,109200306356287
4,27104,0.0,1789104640587,109200306356287
5,27104,0.0,1789104640587,109200306356287
6,27104,0.0,1789104640587,109200306356287
7,27104,0.0,1789104640587,109200306356287
0,27204,0.0,1789104640687,109200308765579
1,27204,0.0,1789104640687,109200308765579
2,27204,0.0,1789104640687,109200308765579
3,27204,0.0,1789104640687,109200308765579
4,27204,0.0,1789104640687,109200308765579
5,27204,0.0,1789104640687,109200308765579
6,27204,0.0,1789104640687,109200308765579
7,27204,0.0,1789104640687,109200308765579
0,27305,0.0,1789104640788,109200311177885
1,27305,0.0,1789104640788,109200311177885
2,27305,0.0,1789104640788,109200311177885
3,27305,0.0,1789104640788,109200311177885
4,27305,0.0,1789104640788,109200311177885
5,27305,0.0,1789104640788,109200311177885
6,27305,0.0,1789104640788,109200311177885
7,27305,0.0,1789104640788,109200311177885
0,27405,0.0,1789104640888,109200313590030
1,27405,0.0,1789104640888,109200313590030
2,27405,36.4,1789104640888,109200313590030
3,27405,0.0,1789104640888,109200313590030
4,27405,0.0,1789104640888,109200313590030
5,27405,0.0,1789104640888,109200313590030
6,27405,20.0,1789104640888,109200313590030
7,27405,0.0,1789104640888,109200313590030
0,27506,0.0,1789104640989,109200316001405
1,27506,0.0,1789104640989,109200316001405
2,27506,11.1,1789104640989,109200316001405
3,27506,0.0,1789104640989,109200316001405
4,27506,0.0,1789104640989,109200316001405
5,27506,44.4,1789104640989,109200316001405
6,27506,0.0,1789104640989,109200316001405
7,27506,0.0,1789104640989,109200316001405
0,27606,10.0,1789104641089,109200318412437
1,27606,0.0,1789104641089,109200318412437
2,27606,30.0,1789104641089,109200318412437
3,27606,0.0,1789104641089,109200318412437
4,27606,20.0,1789104641089,109200318412437
5,27606,9.1,1789104641089,109200318412437
6,27606,0.0,1789104641089,109200318412437
7,27606,10.0,1789104641089,109200318412437
0,27707,9.1,1789104641190,109200320824488
1,27707,0.0,1789104641190,109200320824488
2,27707,10.0,1789104641190,109200320824488
3,27707,18.2,1789104641190,109200320824488
4,27707,0.0,1789104641190,109200320824488
5,27707,10.0,1789104641190,109200320824488
6,27707,10.0,1789104641190,109200320824488
7,27707,10.0,1789104641190,109200320824488
0,27807,0.0,1789104641290,109200323237564
1,27807,0.0,1789104641290,109200323237564
2,27807,20.0,1789104641290,109200323237564
3,27807,0.0,1789104641290,109200323237564
4,27807,10.0,1789104641290,109200323237564
5,27807,36.4,1789104641290,109200323237564
6,27807,10.0,1789104641290,109200323237564
7,27807,10.0,1789104641290,109200323237564
0,27908,0.0,1789104641391,109200325649459
1,27908,0.0,1789104641391,109200325649459
2,27908,33.3,1789104641391,109200325649459
3,27908,0.0,1789104641391,109200325649459
4,27908,0.0,1789104641391,109200325649459
5,27908,11.1,1789104641391,109200325649459
6,27908,0.0,1789104641391,109200325649459
7,27908,0.0,1789104641391,109200325649459
0,28008,18.2,1789104641491,109200328063225
1,28008,10.0,1789104641491,109200328063225
2,28008,9.1,1789104641491,109200328063225
3,28008,9.1,1789104641491,109200328063225
4,28008,18.2,1789104641491,109200328063225
5,28008,30.0,1789104641491,109200328063225
6,28008,10.0,1789104641491,109200328063225
7,28008,18.2,1789104641491,109200328063225
0,28109,10.0,1789104641592,109200330477528
1,28109,0.0,1789104641592,109200330477528
2,28109,20.0,1789104641592,109200330477528
3,28109,0.0,1789104641592,109200330477528
4,28109,0.0,1789104641592,109200330477528
5,28109,9.1,1789104641592,109200330477528
6,28109,0.0,1789104641592,109200330477528
7,28109,0.0,1789104641592,109200330477528
0,28209,55.6,1789104641692,109200332890716
1,28209,0.0,1789104641692,109200332890716
2,28209,28.6,1789104641692,109200332890716
3,28209,11.1,1789104641692,109200332890716
4,28209,0.0,1789104641692,109200332890716
5,28209,0.0,1789104641692,109200332890716
6,28209,33.3,1789104641692,109200332890716
7,28209,0.0,1789104641692,109200332890716
0,28310,37.5,1789104641793,109200335303964
1,28310,0.0,1789104641793,109200335303964
2,28310,40.0,1789104641793,109200335303964
3,28310,10.0,1789104641793,109200335303964
4,28310,0.0,1789104641793,109200335303964
5,28310,11.1,1789104641793,109200335303964
6,28310,33.3,1789104641793,109200335303964
7,28310,0.0,1789104641793,109200335303964
0,28410,60.0,1789104641893,109200337717266
1,28410,0.0,1789104641893,109200337717266
2,28410,16.7,1789104641893,109200337717266
3,28410,0.0,1789104641893,109200337717266
4,28410,11.1,1789104641893,109200337717266
5,28410,9.1,1789104641893,109200337717266
6,28410,33.3,1789104641893,109200337717266
7,28410,0.0,1789104641893,109200337717266
0,28511,37.5,1789104641994,109200340131555
1,28511,0.0,1789104641994,109200340131555
2,28511,33.3,1789104641994,109200340131555
3,28511,9.1,1789104641994,109200340131555
4,28511,0.0,1789104641994,109200340131555
5,28511,0.0,1789104641994,109200340131555
6,28511,45.5,1789104641994,109200340131555
7,28511,0.0,1789104641994,109200340131555
0,28612,50.0,1789104642095,109200342545286
1,28612,0.0,1789104642095,109200342545286
2,28612,37.5,1789104642095,109200342545286
3,28612,0.0,1789104642095,109200342545286
4,28612,0.0,1789104642095,109200342545286
5,28612,10.0,1789104642095,109200342545286
6,28612,40.0,1789104642095,109200342545286
7,28612,0.0,1789104642095,109200342545286
0,28712,50.0,1789104642195,109200344959793
1,28712,0.0,1789104642195,109200344959793
2,28712,33.3,1789104642195,109200344959793
3,28712,11.1,1789104642195,109200344959793
4,28712,18.2,1789104642195,109200344959793
5,28712,0.0,1789104642195,109200344959793
6,28712,50.0,1789104642195,109200344959793
7,28712,0.0,1789104642195,109200344959793
0,28813,40.0,1789104642296,109200347373118
1,28813,0.0,1789104642296,109200347373118
2,28813,12.5,1789104642296,109200347373118
3,28813,0.0,1789104642296,109200347373118
4,28813,0.0,1789104642296,109200347373118
5,28813,11.1,1789104642296,109200347373118
6,28813,25.0,1789104642296,109200347373118
7,28813,0.0,1789104642296,109200347373118
0,28913,42.9,1789104642396,109200349786352
1,28913,0.0,1789104642396,109200349786352
2,28913,37.5,1789104642396,109200349786352
3,28913,0.0,1789104642396,109200349786352
4,28913,0.0,1789104642396,109200349786352
5,28913,18.2,1789104642396,109200349786352
6,28913,25.0,1789104642396,109200349786352
7,28913,0.0,1789104642396,109200349786352
0,29014,44.4,1789104642497,109200352199477
1,29014,0.0,1789104642497,109200352199477
2,29014,40.0,1789104642497,109200352199477
3,29014,0.0,1789104642497,109200352199477
4,29014,0.0,1789104642497,109200352199477
5,29014,0.0,1789104642497,109200352199477
6,29014,45.5,1789104642497,109200352199477
7,29014,0.0,1789104642497,109200352199477
0,29114,50.0,1789104642597,109200354612410
1,29114,0.0,1789104642597,109200354612410
2,29114,40.0,1789104642597,109200354612410
3,29114,0.0,1789104642597,109200354612410
4,29114,9.1,1789104642597,109200354612410
5,29114,20.0,1789104642597,109200354612410
6,29114,33.3,1789104642597,109200354612410
7,29114,0.0,1789104642597,109200354612410
0,29215,37.5,1789104642698,109200357025257
1,29215,0.0,1789104642698,109200357025257
2,29215,44.4,1789104642698,109200357025257
3,29215,0.0,1789104642698,109200357025257
4,29215,0.0,1789104642698,109200357025257
5,29215,11.1,1789104642698,109200357025257
6,29215,33.3,1789104642698,109200357025257
7,29215,0.0,1789104642698,109200357025257
0,29315,37.5,1789104642798,109200359439132
1,29315,0.0,1789104642798,109200359439132
2,29315,25.0,1789104642798,109200359439132
3,29315,0.0,1789104642798,109200359439132
4,29315,9.1,1789104642798,109200359439132
5,29315,10.0,1789104642798,109200359439132
6,29315,33.3,1789104642798,109200359439132
7,29315,0.0,1789104642798,109200359439132
0,29416,55.6,1789104642899,109200361853370
1,29416,11.1,1789104642899,109200361853370
2,29416,33.3,1789104642899,109200361853370
3,29416,0.0,1789104642899,109200361853370
4,29416,0.0,1789104642899,109200361853370
5,29416,0.0,1789104642899,109200361853370
6,29416,33.3,1789104642899,109200361853370
7,29416,0.0,1789104642899,109200361853370
0,29517,44.4,1789104643000,109200364266286
1,29517,0.0,1789104643000,109200364266286
2,29517,33.3,1789104643000,109200364266286
3,29517,0.0,1789104643000,109200364266286
4,29517,9.1,1789104643000,109200364266286
5,29517,10.0,1789104643000,109200364266286
6,29517,45.5,1789104643000,109200364266286
7,29517,0.0,1789104643000,109200364266286
0,29617,60.0,1789104643100,109200366679568
1,29617,0.0,1789104643100,109200366679568
2,29617,44.4,1789104643100,109200366679568
3,29617,0.0,1789104643100,109200366679568
4,29617,10.0,1789104643100,109200366679568
5,29617,10.0,1789104643100,109200366679568
6,29617,50.0,1789104643100,109200366679568
7,29617,0.0,1789104643100,109200366679568
0,29718,60.0,1789104643201,109200369093306
1,29718,11.1,1789104643201,109200369093306
2,29718,25.0,1789104643201,109200369093306
3,29718,0.0,1789104643201,109200369093306
4,29718,0.0,1789104643201,109200369093306
5,29718,0.0,1789104643201,109200369093306
6,29718,33.3,1789104643201,109200369093306
7,29718,0.0,1789104643201,109200369093306
0,29818,0.0,1789104643301,109200371505468
1,29818,10.0,1789104643301,109200371505468
2,29818,0.0,1789104643301,109200371505468
3,29818,0.0,1789104643301,109200371505468
4,29818,18.2,1789104643301,109200371505468
5,29818,0.0,1789104643301,109200371505468
6,29818,11.1,1789104643301,109200371505468
7,29818,40.0,1789104643301,109200371505468
0,29919,0.0,1789104643402,109200373917173
1,29919,0.0,1789104643402,109200373917173
2,29919,45.5,1789104643402,109200373917173
3,29919,0.0,1789104643402,109200373917173
4,29919,0.0,1789104643402,109200373917173
5,29919,0.0,1789104643402,109200373917173
6,29919,0.0,1789104643402,109200373917173
7,29919,9.1,1789104643402,109200373917173
0,30019,0.0,1789104643502,109200376329361
1,30019,0.0,1789104643502,109200376329361
2,30019,0.0,1789104643502,109200376329361
3,30019,0.0,1789104643502,109200376329361
4,30019,11.1,1789104643502,109200376329361
5,30019,0.0,1789104643502,109200376329361
6,30019,0.0,1789104643502,109200376329361
7,30019,33.3,1789104643502,109200376329361
0,30120,18.2,1789104643603,109200378745255
1,30120,10.0,1789104643603,109200378745255
2,30120,20.0,1789104643603,109200378745255
3,30120,9.1,1789104643603,109200378745255
4,30120,0.0,1789104643603,109200378745255
5,30120,18.2,1789104643603,109200378745255
6,30120,9.1,1789104643603,109200378745255
7,30120,10.0,1789104643603,109200378745255
0,30221,25.0,1789104643704,109200381166590
1,30221,45.5,1789104643704,109200381166590
2,30221,45.5,1789104643704,109200381166590
3,30221,30.0,1789104643704,109200381166590
4,30221,58.3,1789104643704,109200381166590
5,30221,27.3,1789104643704,109200381166590
6,30221,40.0,1789104643704,109200381166590
7,30221,30.0,1789104643704,109200381166590
0,30321,33.3,1789104643804,109200383581177
1,30321,66.7,1789104643804,109200383581177
2,30321,55.6,1789104643804,109200383581177
3,30321,70.0,1789104643804,109200383581177
4,30321,66.7,1789104643804,109200383581177
5,30321,66.7,1789104643804,109200383581177
6,30321,66.7,1789104643804,109200383581177
7,30321,80.0,1789104643804,109200383581177
0,30422,37.5,1789104643905,109200385994591
1,30422,55.6,1789104643905,109200385994591
2,30422,62.5,1789104643905,109200385994591
3,30422,60.0,1789104643905,109200385994591
4,30422,70.0,1789104643905,109200385994591
5,30422,72.7,1789104643905,109200385994591
6,30422,66.7,1789104643905,109200385994591
7,30422,72.7,1789104643905,109200385994591
0,30523,50.0,1789104644006,109200388408412
1,30523,70.0,1789104644006,109200388408412
2,30523,63.6,1789104644006,109200388408412
3,30523,60.0,1789104644006,109200388408412
4,30523,70.0,1789104644006,109200388408412
5,30523,70.0,1789104644006,109200388408412
6,30523,62.5,1789104644006,109200388408412
7,30523,80.0,1789104644006,109200388408412
0,30623,45.5,1789104644106,109200390823945
1,30623,66.7,1789104644106,109200390823945
2,30623,77.8,1789104644106,109200390823945
3,30623,66.7,1789104644106,109200390823945
4,30623,60.0,1789104644106,109200390823945
5,30623,72.7,1789104644106,109200390823945
6,30623,90.0,1789104644106,109200390823945
7,30623,80.0,1789104644106,109200390823945
0,30724,40.0,1789104644207,109200393238294
1,30724,63.6,1789104644207,109200393238294
2,30724,70.0,1789104644207,109200393238294
3,30724,55.6,1789104644207,109200393238294
4,30724,66.7,1789104644207,109200393238294
5,30724,55.6,1789104644207,109200393238294
6,30724,72.7,1789104644207,109200393238294
7,30724,80.0,1789104644207,109200393238294
0,30824,44.4,1789104644307,109200395654972
1,30824,75.0,1789104644307,109200395654972
2,30824,60.0,1789104644307,109200395654972
3,30824,66.7,1789104644307,109200395654972
4,30824,55.6,1789104644307,109200395654972
5,30824,66.7,1789104644307,109200395654972
6,30824,70.0,1789104644307,109200395654972
7,30824,77.8,1789104644307,109200395654972
0,30925,45.5,1789104644408,109200398071120
1,30925,62.5,1789104644408,109200398071120
2,30925,70.0,1789104644408,109200398071120
3,30925,72.7,1789104644408,109200398071120
4,30925,70.0,1789104644408,109200398071120
5,30925,80.0,1789104644408,109200398071120
6,30925,88.9,1789104644408,109200398071120
7,30925,80.0,1789104644408,109200398071120
0,31026,37.5,1789104644509,109200400485796
1,31026,70.0,1789104644509,109200400485796
2,31026,70.0,1789104644509,109200400485796
3,31026,70.0,1789104644509,109200400485796
4,31026,72.7,1789104644509,109200400485796
5,31026,72.7,1789104644509,109200400485796
6,31026,81.8,1789104644509,109200400485796
7,31026,80.0,1789104644509,109200400485796
0,31127,40.0,1789104644610,109200402907418
1,31127,60.0,1789104644610,109200402907418
2,31127,60.0,1789104644610,109200402907418
3,31127,62.5,1789104644610,109200402907418
4,31127,55.6,1789104644610,109200402907418
5,31127,70.0,1789104644610,109200402907418
6,31127,70.0,1789104644610,109200402907418
7,31127,81.8,1789104644610,109200402907418
0,31227,54.5,1789104644710,109200405321093
1,31227,55.6,1789104644710,109200405321093
2,31227,44.4,1789104644710,109200405321093
3,31227,40.0,1789104644710,109200405321093
4,31227,66.7,1789104644710,109200405321093
5,31227,54.5,1789104644710,109200405321093
6,31227,60.0,1789104644710,109200405321093
7,31227,63.6,1789104644710,109200405321093
0,31328,55.6,1789104644811,109200407738250
1,31328,60.0,1789104644811,109200407738250
2,31328,22.2,1789104644811,109200407738250
3,31328,30.0,1789104644811,109200407738250
4,31328,50.0,1789104644811,109200407738250
5,31328,11.1,1789104644811,109200407738250
6,31328,0.0,1789104644811,109200407738250
7,31328,0.0,1789104644811,109200407738250
0,31428,50.0,1789104644911,109200410151276
1,31428,10.0,1789104644911,109200410151276
2,31428,50.0,1789104644911,109200410151276
3,31428,0.0,1789104644911,109200410151276
4,31428,80.0,1789104644911,109200410151276
5,31428,20.0,1789104644911,109200410151276
6,31428,20.0,1789104644911,109200410151276
7,31428,18.2,1789104644911,109200410151276
0,31529,10.0,1789104645012,109200412563452
1,31529,0.0,1789104645012,109200412563452
2,31529,50.0,1789104645012,109200412563452
3,31529,18.2,1789104645012,109200412563452
4,31529,30.0,1789104645012,109200412563452
5,31529,0.0,1789104645012,109200412563452
6,31529,20.0,1789104645012,109200412563452
7,31529,18.2,1789104645012,109200412563452
0,31630,0.0,1789104645113,109200414976239
1,31630,0.0,1789104645113,109200414976239
2,31630,0.0,1789104645113,109200414976239
3,31630,44.4,1789104645113,109200414976239
4,31630,10.0,1789104645113,109200414976239
5,31630,0.0,1789104645113,109200414976239
6,31630,0.0,1789104645113,109200414976239
7,31630,0.0,1789104645113,109200414976239
0,31730,11.1,1789104645213,109200417387863
1,31730,10.0,1789104645213,109200417387863
2,31730,16.7,1789104645213,109200417387863
3,31730,9.1,1789104645213,109200417387863
4,31730,40.0,1789104645213,109200417387863
5,31730,0.0,1789104645213,109200417387863
6,31730,0.0,1789104645213,109200417387863
7,31730,0.0,1789104645213,109200417387863
0,31831,0.0,1789104645314,109200419800180
1,31831,10.0,1789104645314,109200419800180
2,31831,0.0,1789104645314,109200419800180
3,31831,0.0,1789104645314,109200419800180
4,31831,0.0,1789104645314,109200419800180
5,31831,10.0,1789104645314,109200419800180
6,31831,0.0,1789104645314,109200419800180
7,31831,0.0,1789104645314,109200419800180
0,31931,0.0,1789104645414,109200422214234
1,31931,9.1,1789104645414,109200422214234
2,31931,10.0,1789104645414,109200422214234
3,31931,18.2,1789104645414,109200422214234
4,31931,0.0,1789104645414,109200422214234
5,31931,0.0,1789104645414,109200422214234
6,31931,10.0,1789104645414,109200422214234
7,31931,0.0,1789104645414,109200422214234
0,32032,11.1,1789104645515,109200424628244
1,32032,0.0,1789104645515,109200424628244
2,32032,18.2,1789104645515,109200424628244
3,32032,40.0,1789104645515,109200424628244
4,32032,20.0,1789104645515,109200424628244
5,32032,10.0,1789104645515,109200424628244
6,32032,27.3,1789104645515,109200424628244
7,32032,0.0,1789104645515,109200424628244
0,32132,0.0,1789104645615,109200427043160
1,32132,0.0,1789104645615,109200427043160
2,32132,0.0,1789104645615,109200427043160
3,32132,0.0,1789104645615,109200427043160
4,32132,0.0,1789104645615,109200427043160
5,32132,0.0,1789104645615,109200427043160
6,32132,0.0,1789104645615,109200427043160
7,32132,40.0,1789104645615,109200427043160
0,32233,10.0,1789104645716,109200429454650
1,32233,0.0,1789104645716,109200429454650
2,32233,0.0,1789104645716,109200429454650
3,32233,40.0,1789104645716,109200429454650
4,32233,9.1,1789104645716,109200429454650
5,32233,0.0,1789104645716,109200429454650
6,32233,0.0,1789104645716,109200429454650
7,32233,10.0,1789104645716,109200429454650
0,32333,0.0,1789104645816,109200431869146
1,32333,9.1,1789104645816,109200431869146
2,32333,0.0,1789104645816,109200431869146
3,32333,0.0,1789104645816,109200431869146
4,32333,0.0,1789104645816,109200431869146
5,32333,10.0,1789104645816,109200431869146
6,32333,10.0,1789104645816,109200431869146
7,32333,9.1,1789104645816,109200431869146
0,32434,10.0,1789104645917,109200434282026
1,32434,0.0,1789104645917,109200434282026
2,32434,10.0,1789104645917,109200434282026
3,32434,10.0,1789104645917,109200434282026
4,32434,0.0,1789104645917,109200434282026
5,32434,10.0,1789104645917,109200434282026
6,32434,0.0,1789104645917,109200434282026
7,32434,10.0,1789104645917,109200434282026
0,32534,0.0,1789104646017,109200436691820
1,32534,0.0,1789104646017,109200436691820
2,32534,0.0,1789104646017,109200436691820
3,32534,0.0,1789104646017,109200436691820
4,32534,0.0,1789104646017,109200436691820
5,32534,0.0,1789104646017,109200436691820
6,32534,0.0,1789104646017,109200436691820
7,32534,0.0,1789104646017,109200436691820
0,32635,0.0,1789104646118,109200439101196
1,32635,0.0,1789104646118,109200439101196
2,32635,0.0,1789104646118,109200439101196
3,32635,0.0,1789104646118,109200439101196
4,32635,0.0,1789104646118,109200439101196
5,32635,0.0,1789104646118,109200439101196
6,32635,0.0,1789104646118,109200439101196
7,32635,0.0,1789104646118,109200439101196
0,32735,0.0,1789104646218,109200441511966
1,32735,0.0,1789104646218,109200441511966
2,32735,0.0,1789104646218,109200441511966
3,32735,0.0,1789104646218,109200441511966
4,32735,0.0,1789104646218,109200441511966
5,32735,0.0,1789104646218,109200441511966
6,32735,0.0,1789104646218,109200441511966
7,32735,0.0,1789104646218,109200441511966
0,32836,0.0,1789104646319,109200443921420
1,32836,0.0,1789104646319,109200443921420
2,32836,0.0,1789104646319,109200443921420
3,32836,0.0,1789104646319,109200443921420
4,32836,0.0,1789104646319,109200443921420
5,32836,0.0,1789104646319,109200443921420
6,32836,0.0,1789104646319,109200443921420
7,32836,0.0,1789104646319,109200443921420
0,32936,0.0,1789104646419,109200446330672
1,32936,0.0,1789104646419,109200446330672
2,32936,0.0,1789104646419,109200446330672
3,32936,0.0,1789104646419,109200446330672
4,32936,0.0,1789104646419,109200446330672
5,32936,0.0,1789104646419,109200446330672
6,32936,0.0,1789104646419,109200446330672
7,32936,0.0,1789104646419,109200446330672
0,33036,0.0,1789104646519,109200448738688
1,33036,0.0,1789104646519,109200448738688
2,33036,0.0,1789104646519,109200448738688
3,33036,0.0,1789104646519,109200448738688
4,33036,0.0,1789104646519,109200448738688
5,33036,0.0,1789104646519,109200448738688
6,33036,0.0,1789104646519,109200448738688
7,33036,0.0,1789104646519,109200448738688
0,33137,0.0,1789104646620,109200451146455
1,33137,0.0,1789104646620,109200451146455
2,33137,0.0,1789104646620,109200451146455
3,33137,0.0,1789104646620,109200451146455
4,33137,0.0,1789104646620,109200451146455
5,33137,0.0,1789104646620,109200451146455
6,33137,0.0,1789104646620,109200451146455
7,33137,0.0,1789104646620,109200451146455
0,33237,0.0,1789104646720,109200453554410
1,33237,0.0,1789104646720,109200453554410
2,33237,0.0,1789104646720,109200453554410
3,33237,0.0,1789104646720,109200453554410
4,33237,0.0,1789104646720,109200453554410
5,33237,0.0,1789104646720,109200453554410
6,33237,0.0,1789104646720,109200453554410
7,33237,0.0,1789104646720,109200453554410
0,33337,0.0,1789104646820,109200455966407
1,33337,10.0,1789104646820,109200455966407
2,33337,0.0,1789104646820,109200455966407
3,33337,0.0,1789104646820,109200455966407
4,33337,0.0,1789104646820,109200455966407
5,33337,0.0,1789104646820,109200455966407
6,33337,0.0,1789104646820,109200455966407
7,33337,0.0,1789104646820,109200455966407
0,33438,0.0,1789104646921,109200458376086
1,33438,0.0,1789104646921,109200458376086
2,33438,0.0,1789104646921,109200458376086
3,33438,0.0,1789104646921,109200458376086
4,33438,0.0,1789104646921,109200458376086
5,33438,0.0,1789104646921,109200458376086
6,33438,0.0,1789104646921,109200458376086
7,33438,0.0,1789104646921,109200458376086
0,33538,0.0,1789104647021,109200460784118
1,33538,0.0,1789104647021,109200460784118
2,33538,0.0,1789104647021,109200460784118
3,33538,0.0,1789104647021,109200460784118
4,33538,0.0,1789104647021,109200460784118
5,33538,0.0,1789104647021,109200460784118
6,33538,0.0,1789104647021,109200460784118
7,33538,0.0,1789104647021,109200460784118
0,33639,0.0,1789104647122,109200463192306
1,33639,0.0,1789104647122,109200463192306
2,33639,0.0,1789104647122,109200463192306
3,33639,0.0,1789104647122,109200463192306
4,33639,0.0,1789104647122,109200463192306
5,33639,0.0,1789104647122,109200463192306
6,33639,0.0,1789104647122,109200463192306
7,33639,0.0,1789104647122,109200463192306
0,33739,0.0,1789104647222,109200465600265
1,33739,0.0,1789104647222,109200465600265
2,33739,0.0,1789104647222,109200465600265
3,33739,0.0,1789104647222,109200465600265
4,33739,0.0,1789104647222,109200465600265
5,33739,0.0,1789104647222,109200465600265
6,33739,0.0,1789104647222,109200465600265
7,33739,0.0,1789104647222,109200465600265
0,33839,0.0,1789104647322,109200468007899
1,33839,0.0,1789104647322,109200468007899
2,33839,0.0,1789104647322,109200468007899
3,33839,0.0,1789104647322,109200468007899
4,33839,0.0,1789104647322,109200468007899
5,33839,0.0,1789104647322,109200468007899
6,33839,0.0,1789104647322,109200468007899
7,33839,0.0,1789104647322,109200468007899
0,33939,0.0,1789104647422,109200470415442
1,33939,0.0,1789104647422,109200470415442
2,33939,0.0,1789104647422,109200470415442
3,33939,0.0,1789104647422,109200470415442
4,33939,0.0,1789104647422,109200470415442
5,33939,0.0,1789104647422,109200470415442
6,33939,0.0,1789104647422,109200470415442
7,33939,0.0,1789104647422,109200470415442
0,34040,0.0,1789104647523,109200472822976
1,34040,0.0,1789104647523,109200472822976
2,34040,0.0,1789104647523,109200472822976
3,34040,0.0,1789104647523,109200472822976
4,34040,0.0,1789104647523,109200472822976
5,34040,0.0,1789104647523,109200472822976
6,34040,0.0,1789104647523,109200472822976
7,34040,0.0,1789104647523,109200472822976
0,34140,0.0,1789104647623,109200475230541
1,34140,0.0,1789104647623,109200475230541
2,34140,0.0,1789104647623,109200475230541
3,34140,0.0,1789104647623,109200475230541
4,34140,0.0,1789104647623,109200475230541
5,34140,0.0,1789104647623,109200475230541
6,34140,0.0,1789104647623,109200475230541
7,34140,0.0,1789104647623,109200475230541
0,34240,0.0,1789104647723,109200477638157
1,34240,0.0,1789104647723,109200477638157
2,34240,0.0,1789104647723,109200477638157
3,34240,0.0,1789104647723,109200477638157
4,34240,0.0,1789104647723,109200477638157
5,34240,0.0,1789104647723,109200477638157
6,34240,0.0,1789104647723,109200477638157
7,34240,0.0,1789104647723,109200477638157
0,34341,0.0,1789104647824,109200480045892
1,34341,0.0,1789104647824,109200480045892
2,34341,0.0,1789104647824,109200480045892
3,34341,0.0,1789104647824,109200480045892
4,34341,0.0,1789104647824,109200480045892
5,34341,0.0,1789104647824,109200480045892
6,34341,0.0,1789104647824,109200480045892
7,34341,0.0,1789104647824,109200480045892
0,34441,9.1,1789104647924,109200482459119
1,34441,0.0,1789104647924,109200482459119
2,34441,10.0,1789104647924,109200482459119
3,34441,0.0,1789104647924,109200482459119
4,34441,0.0,1789104647924,109200482459119
5,34441,0.0,1789104647924,109200482459119
6,34441,0.0,1789104647924,109200482459119
7,34441,0.0,1789104647924,109200482459119
0,34542,0.0,1789104648025,109200484873544
1,34542,0.0,1789104648025,109200484873544
2,34542,20.0,1789104648025,109200484873544
3,34542,30.0,1789104648025,109200484873544
4,34542,0.0,1789104648025,109200484873544
5,34542,0.0,1789104648025,109200484873544
6,34542,0.0,1789104648025,109200484873544
7,34542,0.0,1789104648025,109200484873544
0,34642,0.0,1789104648125,109200487285826
1,34642,0.0,1789104648125,109200487285826
2,34642,45.5,1789104648125,109200487285826
3,34642,11.1,1789104648125,109200487285826
4,34642,0.0,1789104648125,109200487285826
5,34642,0.0,1789104648125,109200487285826
6,34642,0.0,1789104648125,109200487285826
7,34642,0.0,1789104648125,109200487285826
0,34743,30.0,1789104648226,109200489699108
1,34743,10.0,1789104648226,109200489699108
2,34743,11.1,1789104648226,109200489699108
3,34743,9.1,1789104648226,109200489699108
4,34743,0.0,1789104648226,109200489699108
5,34743,0.0,1789104648226,109200489699108
6,34743,18.2,1789104648226,109200489699108
7,34743,10.0,1789104648226,109200489699108
0,34843,0.0,1789104648326,109200492111953
1,34843,0.0,1789104648326,109200492111953
2,34843,0.0,1789104648326,109200492111953
3,34843,11.1,1789104648326,109200492111953
4,34843,0.0,1789104648326,109200492111953
5,34843,0.0,1789104648326,109200492111953
6,34843,0.0,1789104648326,109200492111953
7,34843,10.0,1789104648326,109200492111953
0,34944,10.0,1789104648427,109200494524700
1,34944,0.0,1789104648427,109200494524700
2,34944,11.1,1789104648427,109200494524700
3,34944,9.1,1789104648427,109200494524700
4,34944,18.2,1789104648427,109200494524700
5,34944,0.0,1789104648427,109200494524700
6,34944,0.0,1789104648427,109200494524700
7,34944,10.0,1789104648427,109200494524700
0,35045,0.0,1789104648528,109200496936754
1,35045,0.0,1789104648528,109200496936754
2,35045,0.0,1789104648528,109200496936754
3,35045,0.0,1789104648528,109200496936754
4,35045,0.0,1789104648528,109200496936754
5,35045,0.0,1789104648528,109200496936754
6,35045,0.0,1789104648528,109200496936754
7,35045,0.0,1789104648528,109200496936754
0,35145,0.0,1789104648628,109200499347771
1,35145,9.1,1789104648628,109200499347771
2,35145,0.0,1789104648628,109200499347771
3,35145,0.0,1789104648628,109200499347771
4,35145,0.0,1789104648628,109200499347771
5,35145,0.0,1789104648628,109200499347771
6,35145,0.0,1789104648628,109200499347771
7,35145,0.0,1789104648628,109200499347771
0,35245,0.0,1789104648728,109200501757544
1,35245,0.0,1789104648728,109200501757544
2,35245,0.0,1789104648728,109200501757544
3,35245,0.0,1789104648728,109200501757544
4,35245,0.0,1789104648728,109200501757544
5,35245,0.0,1789104648728,109200501757544
6,35245,0.0,1789104648728,109200501757544
7,35245,0.0,1789104648728,109200501757544
0,35346,0.0,1789104648829,109200504166403
1,35346,0.0,1789104648829,109200504166403
2,35346,0.0,1789104648829,109200504166403
3,35346,0.0,1789104648829,109200504166403
4,35346,0.0,1789104648829,109200504166403
5,35346,0.0,1789104648829,109200504166403
6,35346,0.0,1789104648829,109200504166403
7,35346,0.0,1789104648829,109200504166403
0,35446,0.0,1789104648929,109200506574896
1,35446,0.0,1789104648929,109200506574896
2,35446,0.0,1789104648929,109200506574896
3,35446,0.0,1789104648929,109200506574896
4,35446,0.0,1789104648929,109200506574896
5,35446,0.0,1789104648929,109200506574896
6,35446,0.0,1789104648929,109200506574896
7,35446,0.0,1789104648929,109200506574896
0,35546,0.0,1789104649029,109200508982956
1,35546,0.0,1789104649029,109200508982956
2,35546,0.0,1789104649029,109200508982956
3,35546,0.0,1789104649029,109200508982956
4,35546,0.0,1789104649029,109200508982956
5,35546,0.0,1789104649029,109200508982956
6,35546,0.0,1789104649029,109200508982956
7,35546,0.0,1789104649029,109200508982956
0,35647,0.0,1789104649130,109200511392033
1,35647,0.0,1789104649130,109200511392033
2,35647,9.1,1789104649130,109200511392033
3,35647,0.0,1789104649130,109200511392033
4,35647,0.0,1789104649130,109200511392033
5,35647,0.0,1789104649130,109200511392033
6,35647,0.0,1789104649130,109200511392033
7,35647,0.0,1789104649130,109200511392033
0,35747,0.0,1789104649230,109200513802569
1,35747,0.0,1789104649230,109200513802569
2,35747,0.0,1789104649230,109200513802569
3,35747,0.0,1789104649230,109200513802569
4,35747,0.0,1789104649230,109200513802569
5,35747,0.0,1789104649230,109200513802569
6,35747,0.0,1789104649230,109200513802569
7,35747,0.0,1789104649230,109200513802569
0,35848,0.0,1789104649331,109200516213270
1,35848,0.0,1789104649331,109200516213270
2,35848,0.0,1789104649331,109200516213270
3,35848,0.0,1789104649331,109200516213270
4,35848,0.0,1789104649331,109200516213270
5,35848,0.0,1789104649331,109200516213270
6,35848,0.0,1789104649331,109200516213270
7,35848,0.0,1789104649331,109200516213270
0,35948,0.0,1789104649431,109200518623363
1,35948,0.0,1789104649431,109200518623363
2,35948,0.0,1789104649431,109200518623363
3,35948,0.0,1789104649431,109200518623363
4,35948,0.0,1789104649431,109200518623363
5,35948,0.0,1789104649431,109200518623363
6,35948,0.0,1789104649431,109200518623363
7,35948,0.0,1789104649431,109200518623363
0,36049,0.0,1789104649532,109200521032548
1,36049,0.0,1789104649532,109200521032548
2,36049,0.0,1789104649532,109200521032548
3,36049,0.0,1789104649532,109200521032548
4,36049,0.0,1789104649532,109200521032548
5,36049,0.0,1789104649532,109200521032548
6,36049,0.0,1789104649532,109200521032548
7,36049,0.0,1789104649532,109200521032548
0,36149,0.0,1789104649632,109200523441219
1,36149,0.0,1789104649632,109200523441219
2,36149,0.0,1789104649632,109200523441219
3,36149,0.0,1789104649632,109200523441219
4,36149,0.0,1789104649632,109200523441219
5,36149,0.0,1789104649632,109200523441219
6,36149,0.0,1789104649632,109200523441219
7,36149,0.0,1789104649632,109200523441219
0,36249,0.0,1789104649732,109200525851898
1,36249,0.0,1789104649732,109200525851898
2,36249,0.0,1789104649732,109200525851898
3,36249,0.0,1789104649732,109200525851898
4,36249,9.1,1789104649732,109200525851898
5,36249,0.0,1789104649732,109200525851898
6,36249,0.0,1789104649732,109200525851898
7,36249,10.0,1789104649732,109200525851898
0,36350,0.0,1789104649833,109200528261928
1,36350,0.0,1789104649833,109200528261928
2,36350,0.0,1789104649833,109200528261928
3,36350,0.0,1789104649833,109200528261928
4,36350,0.0,1789104649833,109200528261928
5,36350,0.0,1789104649833,109200528261928
6,36350,0.0,1789104649833,109200528261928
7,36350,0.0,1789104649833,109200528261928
0,36450,0.0,1789104649933,109200530670876
1,36450,0.0,1789104649933,109200530670876
2,36450,0.0,1789104649933,109200530670876
3,36450,0.0,1789104649933,109200530670876
4,36450,0.0,1789104649933,109200530670876
5,36450,0.0,1789104649933,109200530670876
6,36450,0.0,1789104649933,109200530670876
7,36450,0.0,1789104649933,109200530670876
0,36550,0.0,1789104650033,109200533079273
1,36550,0.0,1789104650033,109200533079273
2,36550,0.0,1789104650033,109200533079273
3,36550,0.0,1789104650033,109200533079273
4,36550,0.0,1789104650033,109200533079273
5,36550,0.0,1789104650033,109200533079273
6,36550,0.0,1789104650033,109200533079273
7,36550,0.0,1789104650033,109200533079273
0,36651,0.0,1789104650134,109200535487848
1,36651,0.0,1789104650134,109200535487848
2,36651,0.0,1789104650134,109200535487848
3,36651,0.0,1789104650134,109200535487848
4,36651,0.0,1789104650134,109200535487848
5,36651,0.0,1789104650134,109200535487848
6,36651,0.0,1789104650134,109200535487848
7,36651,0.0,1789104650134,109200535487848
0,36751,0.0,1789104650234,109200537899820
1,36751,0.0,1789104650234,109200537899820
2,36751,0.0,1789104650234,109200537899820
3,36751,0.0,1789104650234,109200537899820
4,36751,0.0,1789104650234,109200537899820
5,36751,0.0,1789104650234,109200537899820
6,36751,0.0,1789104650234,109200537899820
7,36751,0.0,1789104650234,109200537899820
0,36852,0.0,1789104650335,109200540310003
1,36852,0.0,1789104650335,109200540310003
2,36852,0.0,1789104650335,109200540310003
3,36852,0.0,1789104650335,109200540310003
4,36852,0.0,1789104650335,109200540310003
5,36852,0.0,1789104650335,109200540310003
6,36852,0.0,1789104650335,109200540310003
7,36852,0.0,1789104650335,109200540310003
0,36952,0.0,1789104650435,109200542720796
1,36952,9.1,1789104650435,109200542720796
2,36952,0.0,1789104650435,109200542720796
3,36952,0.0,1789104650435,109200542720796
4,36952,0.0,1789104650435,109200542720796
5,36952,0.0,1789104650435,109200542720796
6,36952,0.0,1789104650435,109200542720796
7,36952,0.0,1789104650435,109200542720796
0,37053,0.0,1789104650536,109200545133842
1,37053,11.1,1789104650536,109200545133842
2,37053,0.0,1789104650536,109200545133842
3,37053,30.0,1789104650536,109200545133842
4,37053,0.0,1789104650536,109200545133842
5,37053,20.0,1789104650536,109200545133842
6,37053,0.0,1789104650536,109200545133842
7,37053,0.0,1789104650536,109200545133842
0,37153,0.0,1789104650636,109200547545354
1,37153,0.0,1789104650636,109200547545354
2,37153,0.0,1789104650636,109200547545354
3,37153,37.5,1789104650636,109200547545354
4,37153,0.0,1789104650636,109200547545354
5,37153,30.0,1789104650636,109200547545354
6,37153,0.0,1789104650636,109200547545354
7,37153,0.0,1789104650636,109200547545354
0,37255,20.0,1789104650738,109200549979797
1,37255,0.0,1789104650738,109200549979797
2,37255,10.0,1789104650738,109200549979797
3,37255,9.1,1789104650738,109200549979797
4,37255,0.0,1789104650738,109200549979797
5,37255,16.7,1789104650738,109200549979797
6,37255,10.0,1789104650738,109200549979797
7,37255,0.0,1789104650738,109200549979797
0,37355,0.0,1789104650838,109200552392868
1,37355,0.0,1789104650838,109200552392868
2,37355,0.0,1789104650838,109200552392868
3,37355,10.0,1789104650838,109200552392868
4,37355,0.0,1789104650838,109200552392868
5,37355,11.1,1789104650838,109200552392868
6,37355,0.0,1789104650838,109200552392868
7,37355,20.0,1789104650838,109200552392868
0,37456,10.0,1789104650939,109200554805600
1,37456,10.0,1789104650939,109200554805600
2,37456,10.0,1789104650939,109200554805600
3,37456,0.0,1789104650939,109200554805600
4,37456,0.0,1789104650939,109200554805600
5,37456,0.0,1789104650939,109200554805600
6,37456,0.0,1789104650939,109200554805600
7,37456,0.0,1789104650939,109200554805600
0,37556,0.0,1789104651039,109200557215952
1,37556,0.0,1789104651039,109200557215952
2,37556,0.0,1789104651039,109200557215952
3,37556,0.0,1789104651039,109200557215952
4,37556,0.0,1789104651039,109200557215952
5,37556,0.0,1789104651039,109200557215952
6,37556,0.0,1789104651039,109200557215952
7,37556,0.0,1789104651039,109200557215952
0,37657,0.0,1789104651140,109200559624573
1,37657,0.0,1789104651140,109200559624573
2,37657,0.0,1789104651140,109200559624573
3,37657,0.0,1789104651140,109200559624573
4,37657,9.1,1789104651140,109200559624573
5,37657,0.0,1789104651140,109200559624573
6,37657,0.0,1789104651140,109200559624573
7,37657,0.0,1789104651140,109200559624573
0,37757,0.0,1789104651240,109200562033898
1,37757,0.0,1789104651240,109200562033898
2,37757,0.0,1789104651240,109200562033898
3,37757,0.0,1789104651240,109200562033898
4,37757,0.0,1789104651240,109200562033898
5,37757,0.0,1789104651240,109200562033898
6,37757,0.0,1789104651240,109200562033898
7,37757,0.0,1789104651240,109200562033898
0,37857,0.0,1789104651340,109200564445334
1,37857,0.0,1789104651340,109200564445334
2,37857,0.0,1789104651340,109200564445334
3,37857,0.0,1789104651340,109200564445334
4,37857,0.0,1789104651340,109200564445334
5,37857,0.0,1789104651340,109200564445334
6,37857,0.0,1789104651340,109200564445334
7,37857,12.5,1789104651340,109200564445334
0,37958,0.0,1789104651441,109200566854892
1,37958,0.0,1789104651441,109200566854892
2,37958,0.0,1789104651441,109200566854892
3,37958,0.0,1789104651441,109200566854892
4,37958,0.0,1789104651441,109200566854892
5,37958,0.0,1789104651441,109200566854892
6,37958,0.0,1789104651441,109200566854892
7,37958,0.0,1789104651441,109200566854892
0,38058,0.0,1789104651541,109200569263355
1,38058,0.0,1789104651541,109200569263355
2,38058,0.0,1789104651541,109200569263355
3,38058,0.0,1789104651541,109200569263355
4,38058,0.0,1789104651541,109200569263355
5,38058,0.0,1789104651541,109200569263355
6,38058,0.0,1789104651541,109200569263355
7,38058,0.0,1789104651541,109200569263355
0,38158,0.0,1789104651641,109200571672039
1,38158,9.1,1789104651641,109200571672039
2,38158,0.0,1789104651641,109200571672039
3,38158,0.0,1789104651641,109200571672039
4,38158,0.0,1789104651641,109200571672039
5,38158,0.0,1789104651641,109200571672039
6,38158,0.0,1789104651641,109200571672039
7,38158,0.0,1789104651641,109200571672039
0,38259,0.0,1789104651742,109200574082316
1,38259,0.0,1789104651742,109200574082316
2,38259,0.0,1789104651742,109200574082316
3,38259,0.0,1789104651742,109200574082316
4,38259,0.0,1789104651742,109200574082316
5,38259,0.0,1789104651742,109200574082316
6,38259,0.0,1789104651742,109200574082316
7,38259,0.0,1789104651742,109200574082316
0,38359,0.0,1789104651842,109200576490980
1,38359,0.0,1789104651842,109200576490980
2,38359,0.0,1789104651842,109200576490980
3,38359,0.0,1789104651842,109200576490980
4,38359,0.0,1789104651842,109200576490980
5,38359,0.0,1789104651842,109200576490980
6,38359,0.0,1789104651842,109200576490980
7,38359,0.0,1789104651842,109200576490980
0,38460,0.0,1789104651943,109200578899347
1,38460,0.0,1789104651943,109200578899347
2,38460,0.0,1789104651943,109200578899347
3,38460,0.0,1789104651943,109200578899347
4,38460,0.0,1789104651943,109200578899347
5,38460,0.0,1789104651943,109200578899347
6,38460,0.0,1789104651943,109200578899347
7,38460,0.0,1789104651943,109200578899347
0,38560,0.0,1789104652043,109200581308395
1,38560,0.0,1789104652043,109200581308395
2,38560,0.0,1789104652043,109200581308395
3,38560,0.0,1789104652043,109200581308395
4,38560,0.0,1789104652043,109200581308395
5,38560,0.0,1789104652043,109200581308395
6,38560,0.0,1789104652043,109200581308395
7,38560,0.0,1789104652043,109200581308395
0,38660,0.0,1789104652143,109200583717062
1,38660,0.0,1789104652143,109200583717062
2,38660,0.0,1789104652143,109200583717062
3,38660,0.0,1789104652143,109200583717062
4,38660,0.0,1789104652143,109200583717062
5,38660,0.0,1789104652143,109200583717062
6,38660,0.0,1789104652143,109200583717062
7,38660,0.0,1789104652143,109200583717062
0,38761,0.0,1789104652244,109200586128779
1,38761,0.0,1789104652244,109200586128779
2,38761,0.0,1789104652244,109200586128779
3,38761,0.0,1789104652244,109200586128779
4,38761,0.0,1789104652244,109200586128779
5,38761,0.0,1789104652244,109200586128779
6,38761,0.0,1789104652244,109200586128779
7,38761,0.0,1789104652244,109200586128779
0,38861,0.0,1789104652344,109200588538620
1,38861,0.0,1789104652344,109200588538620
2,38861,0.0,1789104652344,109200588538620
3,38861,0.0,1789104652344,109200588538620
4,38861,10.0,1789104652344,109200588538620
5,38861,0.0,1789104652344,109200588538620
6,38861,0.0,1789104652344,109200588538620
7,38861,0.0,1789104652344,109200588538620
0,38962,0.0,1789104652445,109200590947443
1,38962,0.0,1789104652445,109200590947443
2,38962,0.0,1789104652445,109200590947443
3,38962,0.0,1789104652445,109200590947443
4,38962,0.0,1789104652445,109200590947443
5,38962,0.0,1789104652445,109200590947443
6,38962,0.0,1789104652445,109200590947443
7,38962,0.0,1789104652445,109200590947443
0,39062,0.0,1789104652545,109200593355591
1,39062,0.0,1789104652545,109200593355591
2,39062,0.0,1789104652545,109200593355591
3,39062,0.0,1789104652545,109200593355591
4,39062,0.0,1789104652545,109200593355591
5,39062,0.0,1789104652545,109200593355591
6,39062,0.0,1789104652545,109200593355591
7,39062,0.0,1789104652545,109200593355591
0,39162,0.0,1789104652645,109200595763934
1,39162,0.0,1789104652645,109200595763934
2,39162,0.0,1789104652645,109200595763934
3,39162,0.0,1789104652645,109200595763934
4,39162,0.0,1789104652645,109200595763934
5,39162,0.0,1789104652645,109200595763934
6,39162,0.0,1789104652645,109200595763934
7,39162,0.0,1789104652645,109200595763934
0,39263,0.0,1789104652746,109200598174812
1,39263,0.0,1789104652746,109200598174812
2,39263,9.1,1789104652746,109200598174812
3,39263,0.0,1789104652746,109200598174812
4,39263,0.0,1789104652746,109200598174812
5,39263,0.0,1789104652746,109200598174812
6,39263,9.1,1789104652746,109200598174812
7,39263,0.0,1789104652746,109200598174812
0,39363,0.0,1789104652846,109200600585127
1,39363,0.0,1789104652846,109200600585127
2,39363,0.0,1789104652846,109200600585127
3,39363,0.0,1789104652846,109200600585127
4,39363,0.0,1789104652846,109200600585127
5,39363,0.0,1789104652846,109200600585127
6,39363,0.0,1789104652846,109200600585127
7,39363,0.0,1789104652846,109200600585127
0,39464,0.0,1789104652947,109200602997252
1,39464,0.0,1789104652947,109200602997252
2,39464,20.0,1789104652947,109200602997252
3,39464,30.0,1789104652947,109200602997252
4,39464,0.0,1789104652947,109200602997252
5,39464,0.0,1789104652947,109200602997252
6,39464,0.0,1789104652947,109200602997252
7,39464,0.0,1789104652947,109200602997252
0,39564,0.0,1789104653047,109200605409546
1,39564,0.0,1789104653047,109200605409546
2,39564,0.0,1789104653047,109200605409546
3,39564,10.0,1789104653047,109200605409546
4,39564,40.0,1789104653047,109200605409546
5,39564,0.0,1789104653047,109200605409546
6,39564,0.0,1789104653047,109200605409546
7,39564,0.0,1789104653047,109200605409546
0,39665,10.0,1789104653148,109200607820831
1,39665,10.0,1789104653148,109200607820831
2,39665,0.0,1789104653148,109200607820831
3,39665,33.3,1789104653148,109200607820831
4,39665,10.0,1789104653148,109200607820831
5,39665,0.0,1789104653148,109200607820831
6,39665,10.0,1789104653148,109200607820831
7,39665,0.0,1789104653148,109200607820831
0,39765,0.0,1789104653248,109200610233666
1,39765,0.0,1789104653248,109200610233666
2,39765,0.0,1789104653248,109200610233666
3,39765,0.0,1789104653248,109200610233666
4,39765,10.0,1789104653248,109200610233666
5,39765,10.0,1789104653248,109200610233666
6,39765,0.0,1789104653248,109200610233666
7,39765,10.0,1789104653248,109200610233666
0,39866,0.0,1789104653349,109200612647011
1,39866,10.0,1789104653349,109200612647011
2,39866,0.0,1789104653349,109200612647011
3,39866,0.0,1789104653349,109200612647011
4,39866,0.0,1789104653349,109200612647011
5,39866,10.0,1789104653349,109200612647011
6,39866,10.0,1789104653349,109200612647011
7,39866,18.2,1789104653349,109200612647011
0,39966,9.1,1789104653449,109200615059614
1,39966,10.0,1789104653449,109200615059614
2,39966,0.0,1789104653449,109200615059614
3,39966,0.0,1789104653449,109200615059614
4,39966,0.0,1789104653449,109200615059614
5,39966,0.0,1789104653449,109200615059614
6,39966,9.1,1789104653449,109200615059614
7,39966,0.0,1789104653449,109200615059614
0,40067,0.0,1789104653550,109200617469779
1,40067,0.0,1789104653550,109200617469779
2,40067,0.0,1789104653550,109200617469779
3,40067,0.0,1789104653550,109200617469779
4,40067,0.0,1789104653550,109200617469779
5,40067,0.0,1789104653550,109200617469779
6,40067,0.0,1789104653550,109200617469779
7,40067,0.0,1789104653550,109200617469779
0,40167,0.0,1789104653650,109200619879520
1,40167,0.0,1789104653650,109200619879520
2,40167,0.0,1789104653650,109200619879520
3,40167,9.1,1789104653650,109200619879520
4,40167,0.0,1789104653650,109200619879520
5,40167,0.0,1789104653650,109200619879520
6,40167,0.0,1789104653650,109200619879520
7,40167,0.0,1789104653650,109200619879520
0,40268,0.0,1789104653751,109200622289467
1,40268,0.0,1789104653751,109200622289467
2,40268,0.0,1789104653751,109200622289467
3,40268,0.0,1789104653751,109200622289467
4,40268,0.0,1789104653751,109200622289467
5,40268,0.0,1789104653751,109200622289467
6,40268,0.0,1789104653751,109200622289467
7,40268,0.0,1789104653751,109200622289467
0,40368,0.0,1789104653851,109200624699504
1,40368,0.0,1789104653851,109200624699504
2,40368,0.0,1789104653851,109200624699504
3,40368,0.0,1789104653851,109200624699504
4,40368,0.0,1789104653851,109200624699504
5,40368,0.0,1789104653851,109200624699504
6,40368,0.0,1789104653851,109200624699504
7,40368,0.0,1789104653851,109200624699504
0,40468,9.1,1789104653951,109200627108197
1,40468,0.0,1789104653951,109200627108197
2,40468,0.0,1789104653951,109200627108197
3,40468,0.0,1789104653951,109200627108197
4,40468,0.0,1789104653951,109200627108197
5,40468,0.0,1789104653951,109200627108197
6,40468,0.0,1789104653951,109200627108197
7,40468,0.0,1789104653951,109200627108197
0,40569,0.0,1789104654052,109200629516389
1,40569,0.0,1789104654052,109200629516389
2,40569,0.0,1789104654052,109200629516389
3,40569,0.0,1789104654052,109200629516389
4,40569,0.0,1789104654052,109200629516389
5,40569,0.0,1789104654052,109200629516389
6,40569,0.0,1789104654052,109200629516389
7,40569,0.0,1789104654052,109200629516389
0,40669,0.0,1789104654152,109200631925802
1,40669,0.0,1789104654152,109200631925802
2,40669,0.0,1789104654152,109200631925802
3,40669,0.0,1789104654152,109200631925802
4,40669,0.0,1789104654152,109200631925802
5,40669,0.0,1789104654152,109200631925802
6,40669,0.0,1789104654152,109200631925802
7,40669,0.0,1789104654152,109200631925802
0,40769,0.0,1789104654252,109200634335041
1,40769,0.0,1789104654252,109200634335041
2,40769,9.1,1789104654252,109200634335041
3,40769,0.0,1789104654252,109200634335041
4,40769,0.0,1789104654252,109200634335041
5,40769,0.0,1789104654252,109200634335041
6,40769,0.0,1789104654252,109200634335041
7,40769,0.0,1789104654252,109200634335041
0,40870,0.0,1789104654353,109200636745909
1,40870,0.0,1789104654353,109200636745909
2,40870,0.0,1789104654353,109200636745909
3,40870,0.0,1789104654353,109200636745909
4,40870,0.0,1789104654353,109200636745909
5,40870,0.0,1789104654353,109200636745909
6,40870,0.0,1789104654353,109200636745909
7,40870,0.0,1789104654353,109200636745909
0,40970,0.0,1789104654453,109200639155437
1,40970,0.0,1789104654453,109200639155437
2,40970,0.0,1789104654453,109200639155437
3,40970,0.0,1789104654453,109200639155437
4,40970,0.0,1789104654453,109200639155437
5,40970,0.0,1789104654453,109200639155437
6,40970,0.0,1789104654453,109200639155437
7,40970,0.0,1789104654453,109200639155437
0,41071,0.0,1789104654554,109200641564598
1,41071,0.0,1789104654554,109200641564598
2,41071,0.0,1789104654554,109200641564598
3,41071,0.0,1789104654554,109200641564598
4,41071,0.0,1789104654554,109200641564598
5,41071,0.0,1789104654554,109200641564598
6,41071,0.0,1789104654554,109200641564598
7,41071,0.0,1789104654554,109200641564598
0,41171,0.0,1789104654654,109200643973805
1,41171,0.0,1789104654654,109200643973805
2,41171,0.0,1789104654654,109200643973805
3,41171,0.0,1789104654654,109200643973805
4,41171,0.0,1789104654654,109200643973805
5,41171,0.0,1789104654654,109200643973805
6,41171,0.0,1789104654654,109200643973805
7,41171,0.0,1789104654654,109200643973805
0,41271,0.0,1789104654754,109200646382835
1,41271,9.1,1789104654754,109200646382835
2,41271,0.0,1789104654754,109200646382835
3,41271,0.0,1789104654754,109200646382835
4,41271,0.0,1789104654754,109200646382835
5,41271,0.0,1789104654754,109200646382835
6,41271,0.0,1789104654754,109200646382835
7,41271,0.0,1789104654754,109200646382835
0,41372,0.0,1789104654855,109200648791790
1,41372,0.0,1789104654855,109200648791790
2,41372,0.0,1789104654855,109200648791790
3,41372,0.0,1789104654855,109200648791790
4,41372,0.0,1789104654855,109200648791790
5,41372,0.0,1789104654855,109200648791790
6,41372,0.0,1789104654855,109200648791790
7,41372,0.0,1789104654855,109200648791790
0,41472,0.0,1789104654955,109200651200316
1,41472,0.0,1789104654955,109200651200316
2,41472,0.0,1789104654955,109200651200316
3,41472,0.0,1789104654955,109200651200316
4,41472,0.0,1789104654955,109200651200316
5,41472,0.0,1789104654955,109200651200316
6,41472,0.0,1789104654955,109200651200316
7,41472,0.0,1789104654955,109200651200316
0,41573,0.0,1789104655056,109200653608919
1,41573,0.0,1789104655056,109200653608919
2,41573,0.0,1789104655056,109200653608919
3,41573,0.0,1789104655056,109200653608919
4,41573,0.0,1789104655056,109200653608919
5,41573,0.0,1789104655056,109200653608919
6,41573,0.0,1789104655056,109200653608919
7,41573,0.0,1789104655056,109200653608919
0,41673,0.0,1789104655156,109200656017226
1,41673,0.0,1789104655156,109200656017226
2,41673,0.0,1789104655156,109200656017226
3,41673,0.0,1789104655156,109200656017226
4,41673,0.0,1789104655156,109200656017226
5,41673,0.0,1789104655156,109200656017226
6,41673,0.0,1789104655156,109200656017226
7,41673,0.0,1789104655156,109200656017226
0,41773,0.0,1789104655256,109200658425885
1,41773,0.0,1789104655256,109200658425885
2,41773,0.0,1789104655256,109200658425885
3,41773,0.0,1789104655256,109200658425885
4,41773,0.0,1789104655256,109200658425885
5,41773,0.0,1789104655256,109200658425885
6,41773,0.0,1789104655256,109200658425885
7,41773,0.0,1789104655256,109200658425885
0,41874,0.0,1789104655357,109200660835799
1,41874,0.0,1789104655357,109200660835799
2,41874,0.0,1789104655357,109200660835799
3,41874,0.0,1789104655357,109200660835799
4,41874,0.0,1789104655357,109200660835799
5,41874,0.0,1789104655357,109200660835799
6,41874,0.0,1789104655357,109200660835799
7,41874,0.0,1789104655357,109200660835799
0,41974,0.0,1789104655457,109200663247516
1,41974,0.0,1789104655457,109200663247516
2,41974,18.2,1789104655457,109200663247516
3,41974,30.0,1789104655457,109200663247516
4,41974,10.0,1789104655457,109200663247516
5,41974,0.0,1789104655457,109200663247516
6,41974,0.0,1789104655457,109200663247516
7,41974,0.0,1789104655457,109200663247516
0,42075,0.0,1789104655558,109200665658882
1,42075,0.0,1789104655558,109200665658882
2,42075,9.1,1789104655558,109200665658882
3,42075,22.2,1789104655558,109200665658882
4,42075,40.0,1789104655558,109200665658882
5,42075,0.0,1789104655558,109200665658882
6,42075,0.0,1789104655558,109200665658882
7,42075,0.0,1789104655558,109200665658882
0,42175,10.0,1789104655658,109200668071658
1,42175,0.0,1789104655658,109200668071658
2,42175,0.0,1789104655658,109200668071658
3,42175,27.3,1789104655658,109200668071658
4,42175,0.0,1789104655658,109200668071658
5,42175,0.0,1789104655658,109200668071658
6,42175,10.0,1789104655658,109200668071658
7,42175,0.0,1789104655658,109200668071658
0,42276,10.0,1789104655759,109200670485640
1,42276,0.0,1789104655759,109200670485640
2,42276,10.0,1789104655759,109200670485640
3,42276,0.0,1789104655759,109200670485640
4,42276,0.0,1789104655759,109200670485640
5,42276,18.2,1789104655759,109200670485640
6,42276,0.0,1789104655759,109200670485640
7,42276,10.0,1789104655759,109200670485640
0,42376,0.0,1789104655859,109200672899993
1,42376,10.0,1789104655859,109200672899993
2,42376,10.0,1789104655859,109200672899993
3,42376,0.0,1789104655859,109200672899993
4,42376,0.0,1789104655859,109200672899993
5,42376,0.0,1789104655859,109200672899993
6,42376,0.0,1789104655859,109200672899993
7,42376,0.0,1789104655859,109200672899993
0,42477,0.0,1789104655960,109200675312659
1,42477,0.0,1789104655960,109200675312659
2,42477,9.1,1789104655960,109200675312659
3,42477,0.0,1789104655960,109200675312659
4,42477,0.0,1789104655960,109200675312659
5,42477,10.0,1789104655960,109200675312659
6,42477,0.0,1789104655960,109200675312659
7,42477,10.0,1789104655960,109200675312659
0,42577,10.0,1789104656060,109200677725867
1,42577,10.0,1789104656060,109200677725867
2,42577,10.0,1789104656060,109200677725867
3,42577,10.0,1789104656060,109200677725867
4,42577,0.0,1789104656060,109200677725867
5,42577,9.1,1789104656060,109200677725867
6,42577,0.0,1789104656060,109200677725867
7,42577,0.0,1789104656060,109200677725867
0,42678,0.0,1789104656161,109200680137468
1,42678,0.0,1789104656161,109200680137468
2,42678,0.0,1789104656161,109200680137468
3,42678,0.0,1789104656161,109200680137468
4,42678,0.0,1789104656161,109200680137468
5,42678,0.0,1789104656161,109200680137468
6,42678,0.0,1789104656161,109200680137468
7,42678,0.0,1789104656161,109200680137468
0,42778,0.0,1789104656261,109200682546390
1,42778,0.0,1789104656261,109200682546390
2,42778,0.0,1789104656261,109200682546390
3,42778,0.0,1789104656261,109200682546390
4,42778,0.0,1789104656261,109200682546390
5,42778,0.0,1789104656261,109200682546390
6,42778,0.0,1789104656261,109200682546390
7,42778,0.0,1789104656261,109200682546390
0,42879,0.0,1789104656362,109200684955667
1,42879,0.0,1789104656362,109200684955667
2,42879,0.0,1789104656362,109200684955667
3,42879,0.0,1789104656362,109200684955667
4,42879,0.0,1789104656362,109200684955667
5,42879,0.0,1789104656362,109200684955667
6,42879,0.0,1789104656362,109200684955667
7,42879,0.0,1789104656362,109200684955667
0,42979,0.0,1789104656462,109200687363781
1,42979,0.0,1789104656462,109200687363781
2,42979,0.0,1789104656462,109200687363781
3,42979,0.0,1789104656462,109200687363781
4,42979,0.0,1789104656462,109200687363781
5,42979,0.0,1789104656462,109200687363781
6,42979,0.0,1789104656462,109200687363781
7,42979,0.0,1789104656462,109200687363781
0,43079,0.0,1789104656562,109200689771098
1,43079,0.0,1789104656562,109200689771098
2,43079,0.0,1789104656562,109200689771098
3,43079,0.0,1789104656562,109200689771098
4,43079,0.0,1789104656562,109200689771098
5,43079,0.0,1789104656562,109200689771098
6,43079,0.0,1789104656562,109200689771098
7,43079,0.0,1789104656562,109200689771098
0,43180,0.0,1789104656663,109200692179826
1,43180,0.0,1789104656663,109200692179826
2,43180,0.0,1789104656663,109200692179826
3,43180,0.0,1789104656663,109200692179826
4,43180,0.0,1789104656663,109200692179826
5,43180,0.0,1789104656663,109200692179826
6,43180,0.0,1789104656663,109200692179826
7,43180,0.0,1789104656663,109200692179826
0,43280,0.0,1789104656763,109200694587975
1,43280,0.0,1789104656763,109200694587975
2,43280,0.0,1789104656763,109200694587975
3,43280,0.0,1789104656763,109200694587975
4,43280,0.0,1789104656763,109200694587975
5,43280,0.0,1789104656763,109200694587975
6,43280,0.0,1789104656763,109200694587975
7,43280,0.0,1789104656763,109200694587975
0,43380,0.0,1789104656863,109200696995567
1,43380,0.0,1789104656863,109200696995567
2,43380,0.0,1789104656863,109200696995567
3,43380,0.0,1789104656863,109200696995567
4,43380,0.0,1789104656863,109200696995567
5,43380,0.0,1789104656863,109200696995567
6,43380,0.0,1789104656863,109200696995567
7,43380,0.0,1789104656863,109200696995567
0,43481,0.0,1789104656964,109200699402974
1,43481,0.0,1789104656964,109200699402974
2,43481,0.0,1789104656964,109200699402974
3,43481,0.0,1789104656964,109200699402974
4,43481,0.0,1789104656964,109200699402974
5,43481,0.0,1789104656964,109200699402974
6,43481,0.0,1789104656964,109200699402974
7,43481,0.0,1789104656964,109200699402974
0,43581,0.0,1789104657064,109200701810078
1,43581,0.0,1789104657064,109200701810078
2,43581,0.0,1789104657064,109200701810078
3,43581,0.0,1789104657064,109200701810078
4,43581,0.0,1789104657064,109200701810078
5,43581,0.0,1789104657064,109200701810078
6,43581,0.0,1789104657064,109200701810078
7,43581,0.0,1789104657064,109200701810078
0,43681,0.0,1789104657164,109200704216950
1,43681,0.0,1789104657164,109200704216950
2,43681,0.0,1789104657164,109200704216950
3,43681,0.0,1789104657164,109200704216950
4,43681,0.0,1789104657164,109200704216950
5,43681,0.0,1789104657164,109200704216950
6,43681,0.0,1789104657164,109200704216950
7,43681,0.0,1789104657164,109200704216950
0,43781,0.0,1789104657264,109200706623794
1,43781,0.0,1789104657264,109200706623794
2,43781,0.0,1789104657264,109200706623794
3,43781,0.0,1789104657264,109200706623794
4,43781,0.0,1789104657264,109200706623794
5,43781,0.0,1789104657264,109200706623794
6,43781,0.0,1789104657264,109200706623794
7,43781,0.0,1789104657264,109200706623794
0,43882,0.0,1789104657365,109200709030773
1,43882,0.0,1789104657365,109200709030773
2,43882,0.0,1789104657365,109200709030773
3,43882,0.0,1789104657365,109200709030773
4,43882,0.0,1789104657365,109200709030773
5,43882,0.0,1789104657365,109200709030773
6,43882,0.0,1789104657365,109200709030773
7,43882,0.0,1789104657365,109200709030773
0,43982,0.0,1789104657465,109200711438487
1,43982,0.0,1789104657465,109200711438487
2,43982,0.0,1789104657465,109200711438487
3,43982,0.0,1789104657465,109200711438487
4,43982,0.0,1789104657465,109200711438487
5,43982,0.0,1789104657465,109200711438487
6,43982,0.0,1789104657465,109200711438487
7,43982,0.0,1789104657465,109200711438487
0,44082,0.0,1789104657565,109200713845933
1,44082,0.0,1789104657565,109200713845933
2,44082,0.0,1789104657565,109200713845933
3,44082,0.0,1789104657565,109200713845933
4,44082,0.0,1789104657565,109200713845933
5,44082,0.0,1789104657565,109200713845933
6,44082,0.0,1789104657565,109200713845933
7,44082,0.0,1789104657565,109200713845933
0,44183,0.0,1789104657666,109200716253223
1,44183,0.0,1789104657666,109200716253223
2,44183,0.0,1789104657666,109200716253223
3,44183,0.0,1789104657666,109200716253223
4,44183,0.0,1789104657666,109200716253223
5,44183,0.0,1789104657666,109200716253223
6,44183,0.0,1789104657666,109200716253223
7,44183,0.0,1789104657666,109200716253223
0,44283,0.0,1789104657766,109200718660320
1,44283,0.0,1789104657766,109200718660320
2,44283,0.0,1789104657766,109200718660320
3,44283,0.0,1789104657766,109200718660320
4,44283,0.0,1789104657766,109200718660320
5,44283,0.0,1789104657766,109200718660320
6,44283,0.0,1789104657766,109200718660320
7,44283,0.0,1789104657766,109200718660320
0,44383,0.0,1789104657866,109200721068606
1,44383,0.0,1789104657866,109200721068606
2,44383,0.0,1789104657866,109200721068606
3,44383,0.0,1789104657866,109200721068606
4,44383,0.0,1789104657866,109200721068606
5,44383,0.0,1789104657866,109200721068606
6,44383,0.0,1789104657866,109200721068606
7,44383,0.0,1789104657866,109200721068606
0,44484,0.0,1789104657967,109200723475719
1,44484,0.0,1789104657967,109200723475719
2,44484,0.0,1789104657967,109200723475719
3,44484,0.0,1789104657967,109200723475719
4,44484,0.0,1789104657967,109200723475719
5,44484,0.0,1789104657967,109200723475719
6,44484,0.0,1789104657967,109200723475719
7,44484,0.0,1789104657967,109200723475719
0,44584,0.0,1789104658067,109200725883351
1,44584,0.0,1789104658067,109200725883351
2,44584,0.0,1789104658067,109200725883351
3,44584,0.0,1789104658067,109200725883351
4,44584,0.0,1789104658067,109200725883351
5,44584,0.0,1789104658067,109200725883351
6,44584,0.0,1789104658067,109200725883351
7,44584,0.0,1789104658067,109200725883351
0,44684,9.1,1789104658167,109200728290319
1,44684,0.0,1789104658167,109200728290319
2,44684,0.0,1789104658167,109200728290319
3,44684,0.0,1789104658167,109200728290319
4,44684,0.0,1789104658167,109200728290319
5,44684,0.0,1789104658167,109200728290319
6,44684,0.0,1789104658167,109200728290319
7,44684,0.0,1789104658167,109200728290319
0,44785,0.0,1789104658268,109200730697430
1,44785,0.0,1789104658268,109200730697430
2,44785,0.0,1789104658268,109200730697430
3,44785,0.0,1789104658268,109200730697430
4,44785,0.0,1789104658268,109200730697430
5,44785,0.0,1789104658268,109200730697430
6,44785,0.0,1789104658268,109200730697430
7,44785,0.0,1789104658268,109200730697430
0,44885,0.0,1789104658368,109200733105200
1,44885,0.0,1789104658368,109200733105200
2,44885,0.0,1789104658368,109200733105200
3,44885,0.0,1789104658368,109200733105200
4,44885,10.0,1789104658368,109200733105200
5,44885,0.0,1789104658368,109200733105200
6,44885,0.0,1789104658368,109200733105200
7,44885,0.0,1789104658368,109200733105200
0,44985,0.0,1789104658468,109200735512871
1,44985,0.0,1789104658468,109200735512871
2,44985,0.0,1789104658468,109200735512871
3,44985,0.0,1789104658468,109200735512871
4,44985,0.0,1789104658468,109200735512871
5,44985,0.0,1789104658468,109200735512871
6,44985,0.0,1789104658468,109200735512871
7,44985,0.0,1789104658468,109200735512871
0,45085,0.0,1789104658568,109200737919956
1,45085,0.0,1789104658568,109200737919956
2,45085,0.0,1789104658568,109200737919956
3,45085,0.0,1789104658568,109200737919956
4,45085,0.0,1789104658568,109200737919956
5,45085,0.0,1789104658568,109200737919956
6,45085,0.0,1789104658568,109200737919956
7,45085,0.0,1789104658568,109200737919956
0,45186,0.0,1789104658669,109200740327138
1,45186,0.0,1789104658669,109200740327138
2,45186,0.0,1789104658669,109200740327138
3,45186,0.0,1789104658669,109200740327138
4,45186,0.0,1789104658669,109200740327138
5,45186,0.0,1789104658669,109200740327138
6,45186,0.0,1789104658669,109200740327138
7,45186,0.0,1789104658669,109200740327138
0,45286,0.0,1789104658769,109200742738289
1,45286,0.0,1789104658769,109200742738289
2,45286,0.0,1789104658769,109200742738289
3,45286,0.0,1789104658769,109200742738289
4,45286,0.0,1789104658769,109200742738289
5,45286,0.0,1789104658769,109200742738289
6,45286,9.1,1789104658769,109200742738289
7,45286,9.1,1789104658769,109200742738289
0,45387,0.0,1789104658870,109200745148918
1,45387,0.0,1789104658870,109200745148918
2,45387,0.0,1789104658870,109200745148918
3,45387,0.0,1789104658870,109200745148918
4,45387,0.0,1789104658870,109200745148918
5,45387,0.0,1789104658870,109200745148918
6,45387,0.0,1789104658870,109200745148918
7,45387,0.0,1789104658870,109200745148918
0,45487,0.0,1789104658970,109200747558001
1,45487,0.0,1789104658970,109200747558001
2,45487,0.0,1789104658970,109200747558001
3,45487,0.0,1789104658970,109200747558001
4,45487,0.0,1789104658970,109200747558001
5,45487,0.0,1789104658970,109200747558001
6,45487,0.0,1789104658970,109200747558001
7,45487,0.0,1789104658970,109200747558001
0,45587,0.0,1789104659070,109200749967822
1,45587,0.0,1789104659070,109200749967822
2,45587,0.0,1789104659070,109200749967822
3,45587,0.0,1789104659070,109200749967822
4,45587,0.0,1789104659070,109200749967822
5,45587,0.0,1789104659070,109200749967822
6,45587,0.0,1789104659070,109200749967822
7,45587,0.0,1789104659070,109200749967822
0,45688,0.0,1789104659171,109200752376378
1,45688,0.0,1789104659171,109200752376378
2,45688,0.0,1789104659171,109200752376378
3,45688,0.0,1789104659171,109200752376378
4,45688,0.0,1789104659171,109200752376378
5,45688,0.0,1789104659171,109200752376378
6,45688,0.0,1789104659171,109200752376378
7,45688,0.0,1789104659171,109200752376378
0,45788,0.0,1789104659271,109200754784807
1,45788,0.0,1789104659271,109200754784807
2,45788,0.0,1789104659271,109200754784807
3,45788,0.0,1789104659271,109200754784807
4,45788,0.0,1789104659271,109200754784807
5,45788,0.0,1789104659271,109200754784807
6,45788,0.0,1789104659271,109200754784807
7,45788,0.0,1789104659271,109200754784807
0,45889,0.0,1789104659372,109200757193658
1,45889,0.0,1789104659372,109200757193658
2,45889,9.1,1789104659372,109200757193658
3,45889,0.0,1789104659372,109200757193658
4,45889,0.0,1789104659372,109200757193658
5,45889,0.0,1789104659372,109200757193658
6,45889,0.0,1789104659372,109200757193658
7,45889,0.0,1789104659372,109200757193658
0,45989,0.0,1789104659472,109200759604166
1,45989,0.0,1789104659472,109200759604166
2,45989,0.0,1789104659472,109200759604166
3,45989,0.0,1789104659472,109200759604166
4,45989,0.0,1789104659472,109200759604166
5,45989,0.0,1789104659472,109200759604166
6,45989,0.0,1789104659472,109200759604166
7,45989,0.0,1789104659472,109200759604166
0,46089,0.0,1789104659572,109200762014023
1,46089,0.0,1789104659572,109200762014023
2,46089,0.0,1789104659572,109200762014023
3,46089,0.0,1789104659572,109200762014023
4,46089,0.0,1789104659572,109200762014023
5,46089,0.0,1789104659572,109200762014023
6,46089,0.0,1789104659572,109200762014023
7,46089,0.0,1789104659572,109200762014023
0,46190,0.0,1789104659673,109200764423491
1,46190,0.0,1789104659673,109200764423491
2,46190,0.0,1789104659673,109200764423491
3,46190,0.0,1789104659673,109200764423491
4,46190,0.0,1789104659673,109200764423491
5,46190,0.0,1789104659673,109200764423491
6,46190,0.0,1789104659673,109200764423491
7,46190,0.0,1789104659673,109200764423491
0,46290,0.0,1789104659773,109200766832787
1,46290,0.0,1789104659773,109200766832787
2,46290,0.0,1789104659773,109200766832787
3,46290,0.0,1789104659773,109200766832787
4,46290,0.0,1789104659773,109200766832787
5,46290,0.0,1789104659773,109200766832787
6,46290,0.0,1789104659773,109200766832787
7,46290,0.0,1789104659773,109200766832787
0,46391,0.0,1789104659874,109200769241755
1,46391,0.0,1789104659874,109200769241755
2,46391,0.0,1789104659874,109200769241755
3,46391,0.0,1789104659874,109200769241755
4,46391,0.0,1789104659874,109200769241755
5,46391,0.0,1789104659874,109200769241755
6,46391,0.0,1789104659874,109200769241755
7,46391,0.0,1789104659874,109200769241755
0,46491,0.0,1789104659974,109200771650190
1,46491,0.0,1789104659974,109200771650190
2,46491,0.0,1789104659974,109200771650190
3,46491,0.0,1789104659974,109200771650190
4,46491,0.0,1789104659974,109200771650190
5,46491,0.0,1789104659974,109200771650190
6,46491,0.0,1789104659974,109200771650190
7,46491,0.0,1789104659974,109200771650190
0,46591,0.0,1789104660074,109200774059083
1,46591,0.0,1789104660074,109200774059083
2,46591,0.0,1789104660074,109200774059083
3,46591,0.0,1789104660074,109200774059083
4,46591,0.0,1789104660074,109200774059083
5,46591,0.0,1789104660074,109200774059083
6,46591,0.0,1789104660074,109200774059083
7,46591,0.0,1789104660074,109200774059083
0,46692,0.0,1789104660175,109200776468276
1,46692,0.0,1789104660175,109200776468276
2,46692,0.0,1789104660175,109200776468276
3,46692,0.0,1789104660175,109200776468276
4,46692,0.0,1789104660175,109200776468276
5,46692,0.0,1789104660175,109200776468276
6,46692,0.0,1789104660175,109200776468276
7,46692,0.0,1789104660175,109200776468276
0,46792,0.0,1789104660275,109200778880839
1,46792,0.0,1789104660275,109200778880839
2,46792,9.1,1789104660275,109200778880839
3,46792,0.0,1789104660275,109200778880839
4,46792,0.0,1789104660275,109200778880839
5,46792,0.0,1789104660275,109200778880839
6,46792,0.0,1789104660275,109200778880839
7,46792,0.0,1789104660275,109200778880839
0,46893,0.0,1789104660376,109200781290499
1,46893,0.0,1789104660376,109200781290499
2,46893,0.0,1789104660376,109200781290499
3,46893,0.0,1789104660376,109200781290499
4,46893,9.1,1789104660376,109200781290499
5,46893,0.0,1789104660376,109200781290499
6,46893,0.0,1789104660376,109200781290499
7,46893,0.0,1789104660376,109200781290499
0,46993,0.0,1789104660476,109200783699301
1,46993,0.0,1789104660476,109200783699301
2,46993,0.0,1789104660476,109200783699301
3,46993,0.0,1789104660476,109200783699301
4,46993,0.0,1789104660476,109200783699301
5,46993,0.0,1789104660476,109200783699301
6,46993,0.0,1789104660476,109200783699301
7,46993,0.0,1789104660476,109200783699301
0,47093,0.0,1789104660576,109200786107721
1,47093,0.0,1789104660576,109200786107721
2,47093,0.0,1789104660576,109200786107721
3,47093,0.0,1789104660576,109200786107721
4,47093,0.0,1789104660576,109200786107721
5,47093,0.0,1789104660576,109200786107721
6,47093,0.0,1789104660576,109200786107721
7,47093,0.0,1789104660576,109200786107721
0,47194,0.0,1789104660677,109200788516072
1,47194,0.0,1789104660677,109200788516072
2,47194,0.0,1789104660677,109200788516072
3,47194,0.0,1789104660677,109200788516072
4,47194,0.0,1789104660677,109200788516072
5,47194,0.0,1789104660677,109200788516072
6,47194,0.0,1789104660677,109200788516072
7,47194,0.0,1789104660677,109200788516072
0,47294,0.0,1789104660777,109200790924506
1,47294,0.0,1789104660777,109200790924506
2,47294,0.0,1789104660777,109200790924506
3,47294,0.0,1789104660777,109200790924506
4,47294,0.0,1789104660777,109200790924506
5,47294,0.0,1789104660777,109200790924506
6,47294,0.0,1789104660777,109200790924506
7,47294,0.0,1789104660777,109200790924506
0,47394,0.0,1789104660877,109200793333053
1,47394,0.0,1789104660877,109200793333053
2,47394,0.0,1789104660877,109200793333053
3,47394,0.0,1789104660877,109200793333053
4,47394,0.0,1789104660877,109200793333053
5,47394,0.0,1789104660877,109200793333053
6,47394,0.0,1789104660877,109200793333053
7,47394,0.0,1789104660877,109200793333053
0,47495,0.0,1789104660978,109200795741471
1,47495,0.0,1789104660978,109200795741471
2,47495,0.0,1789104660978,109200795741471
3,47495,0.0,1789104660978,109200795741471
4,47495,0.0,1789104660978,109200795741471
5,47495,0.0,1789104660978,109200795741471
6,47495,0.0,1789104660978,109200795741471
7,47495,0.0,1789104660978,109200795741471
0,47595,0.0,1789104661078,109200798149819
1,47595,0.0,1789104661078,109200798149819
2,47595,0.0,1789104661078,109200798149819
3,47595,0.0,1789104661078,109200798149819
4,47595,0.0,1789104661078,109200798149819
5,47595,0.0,1789104661078,109200798149819
6,47595,0.0,1789104661078,109200798149819
7,47595,0.0,1789104661078,109200798149819
0,47695,0.0,1789104661178,109200800557901
1,47695,0.0,1789104661178,109200800557901
2,47695,0.0,1789104661178,109200800557901
3,47695,0.0,1789104661178,109200800557901
4,47695,0.0,1789104661178,109200800557901
5,47695,0.0,1789104661178,109200800557901
6,47695,0.0,1789104661178,109200800557901
7,47695,0.0,1789104661178,109200800557901
0,47796,0.0,1789104661279,109200802966227
1,47796,0.0,1789104661279,109200802966227
2,47796,0.0,1789104661279,109200802966227
3,47796,0.0,1789104661279,109200802966227
4,47796,0.0,1789104661279,109200802966227
5,47796,0.0,1789104661279,109200802966227
6,47796,0.0,1789104661279,109200802966227
7,47796,0.0,1789104661279,109200802966227
0,47896,9.1,1789104661379,109200805375194
1,47896,0.0,1789104661379,109200805375194
2,47896,9.1,1789104661379,109200805375194
3,47896,0.0,1789104661379,109200805375194
4,47896,0.0,1789104661379,109200805375194
5,47896,0.0,1789104661379,109200805375194
6,47896,0.0,1789104661379,109200805375194
7,47896,0.0,1789104661379,109200805375194
0,47996,0.0,1789104661479,109200807785119
1,47996,0.0,1789104661479,109200807785119
2,47996,0.0,1789104661479,109200807785119
3,47996,0.0,1789104661479,109200807785119
4,47996,0.0,1789104661479,109200807785119
5,47996,0.0,1789104661479,109200807785119
6,47996,0.0,1789104661479,109200807785119
7,47996,0.0,1789104661479,109200807785119
0,48097,0.0,1789104661580,109200810193581
1,48097,0.0,1789104661580,109200810193581
2,48097,0.0,1789104661580,109200810193581
3,48097,0.0,1789104661580,109200810193581
4,48097,0.0,1789104661580,109200810193581
5,48097,0.0,1789104661580,109200810193581
6,48097,0.0,1789104661580,109200810193581
7,48097,0.0,1789104661580,109200810193581
0,48197,0.0,1789104661680,109200812601694
1,48197,0.0,1789104661680,109200812601694
2,48197,0.0,1789104661680,109200812601694
3,48197,0.0,1789104661680,109200812601694
4,48197,0.0,1789104661680,109200812601694
5,48197,0.0,1789104661680,109200812601694
6,48197,0.0,1789104661680,109200812601694
7,48197,0.0,1789104661680,109200812601694
0,48298,0.0,1789104661781,109200815012544
1,48298,10.0,1789104661781,109200815012544
2,48298,0.0,1789104661781,109200815012544
3,48298,0.0,1789104661781,109200815012544
4,48298,0.0,1789104661781,109200815012544
5,48298,0.0,1789104661781,109200815012544
6,48298,0.0,1789104661781,109200815012544
7,48298,0.0,1789104661781,109200815012544
0,48398,0.0,1789104661881,109200817422937
1,48398,0.0,1789104661881,109200817422937
2,48398,0.0,1789104661881,109200817422937
3,48398,0.0,1789104661881,109200817422937
4,48398,0.0,1789104661881,109200817422937
5,48398,0.0,1789104661881,109200817422937
6,48398,0.0,1789104661881,109200817422937
7,48398,0.0,1789104661881,109200817422937
0,48498,0.0,1789104661981,109200819832029
1,48498,0.0,1789104661981,109200819832029
2,48498,0.0,1789104661981,109200819832029
3,48498,0.0,1789104661981,109200819832029
4,48498,0.0,1789104661981,109200819832029
5,48498,0.0,1789104661981,109200819832029
6,48498,0.0,1789104661981,109200819832029
7,48498,0.0,1789104661981,109200819832029
0,48599,0.0,1789104662082,109200822240419
1,48599,0.0,1789104662082,109200822240419
2,48599,0.0,1789104662082,109200822240419
3,48599,0.0,1789104662082,109200822240419
4,48599,0.0,1789104662082,109200822240419
5,48599,0.0,1789104662082,109200822240419
6,48599,0.0,1789104662082,109200822240419
7,48599,0.0,1789104662082,109200822240419
0,48699,0.0,1789104662182,109200824648679
1,48699,0.0,1789104662182,109200824648679
2,48699,0.0,1789104662182,109200824648679
3,48699,0.0,1789104662182,109200824648679
4,48699,0.0,1789104662182,109200824648679
5,48699,0.0,1789104662182,109200824648679
6,48699,0.0,1789104662182,109200824648679
7,48699,0.0,1789104662182,109200824648679
0,48799,0.0,1789104662282,109200827056901
1,48799,0.0,1789104662282,109200827056901
2,48799,0.0,1789104662282,109200827056901
3,48799,0.0,1789104662282,109200827056901
4,48799,0.0,1789104662282,109200827056901
5,48799,0.0,1789104662282,109200827056901
6,48799,0.0,1789104662282,109200827056901
7,48799,0.0,1789104662282,109200827056901
0,48900,0.0,1789104662383,109200829465403
1,48900,0.0,1789104662383,109200829465403
2,48900,0.0,1789104662383,109200829465403
3,48900,0.0,1789104662383,109200829465403
4,48900,10.0,1789104662383,109200829465403
5,48900,0.0,1789104662383,109200829465403
6,48900,0.0,1789104662383,109200829465403
7,48900,0.0,1789104662383,109200829465403
0,49000,0.0,1789104662483,109200831875166
1,49000,0.0,1789104662483,109200831875166
2,49000,0.0,1789104662483,109200831875166
3,49000,0.0,1789104662483,109200831875166
4,49000,0.0,1789104662483,109200831875166
5,49000,0.0,1789104662483,109200831875166
6,49000,0.0,1789104662483,109200831875166
7,49000,0.0,1789104662483,109200831875166
0,49101,0.0,1789104662584,109200834283334
1,49101,0.0,1789104662584,109200834283334
2,49101,0.0,1789104662584,109200834283334
3,49101,0.0,1789104662584,109200834283334
4,49101,0.0,1789104662584,109200834283334
5,49101,0.0,1789104662584,109200834283334
6,49101,0.0,1789104662584,109200834283334
7,49101,0.0,1789104662584,109200834283334
0,49201,0.0,1789104662684,109200836691428
1,49201,0.0,1789104662684,109200836691428
2,49201,0.0,1789104662684,109200836691428
3,49201,0.0,1789104662684,109200836691428
4,49201,0.0,1789104662684,109200836691428
5,49201,0.0,1789104662684,109200836691428
6,49201,0.0,1789104662684,109200836691428
7,49201,0.0,1789104662684,109200836691428
0,49301,0.0,1789104662784,109200839100940
1,49301,0.0,1789104662784,109200839100940
2,49301,0.0,1789104662784,109200839100940
3,49301,0.0,1789104662784,109200839100940
4,49301,0.0,1789104662784,109200839100940
5,49301,0.0,1789104662784,109200839100940
6,49301,0.0,1789104662784,109200839100940
7,49301,0.0,1789104662784,109200839100940
0,49402,0.0,1789104662885,109200841509318
1,49402,0.0,1789104662885,109200841509318
2,49402,0.0,1789104662885,109200841509318
3,49402,0.0,1789104662885,109200841509318
4,49402,0.0,1789104662885,109200841509318
5,49402,0.0,1789104662885,109200841509318
6,49402,0.0,1789104662885,109200841509318
7,49402,0.0,1789104662885,109200841509318
0,49502,0.0,1789104662985,109200843917625
1,49502,0.0,1789104662985,109200843917625
2,49502,0.0,1789104662985,109200843917625
3,49502,0.0,1789104662985,109200843917625
4,49502,0.0,1789104662985,109200843917625
5,49502,0.0,1789104662985,109200843917625
6,49502,0.0,1789104662985,109200843917625
7,49502,0.0,1789104662985,109200843917625
0,49602,0.0,1789104663085,109200846325720
1,49602,0.0,1789104663085,109200846325720
2,49602,0.0,1789104663085,109200846325720
3,49602,0.0,1789104663085,109200846325720
4,49602,0.0,1789104663085,109200846325720
5,49602,0.0,1789104663085,109200846325720
6,49602,0.0,1789104663085,109200846325720
7,49602,0.0,1789104663085,109200846325720
0,49703,0.0,1789104663186,109200848733318
1,49703,0.0,1789104663186,109200848733318
2,49703,0.0,1789104663186,109200848733318
3,49703,0.0,1789104663186,109200848733318
4,49703,0.0,1789104663186,109200848733318
5,49703,0.0,1789104663186,109200848733318
6,49703,0.0,1789104663186,109200848733318
7,49703,0.0,1789104663186,109200848733318
0,49803,0.0,1789104663286,109200851141085
1,49803,0.0,1789104663286,109200851141085
2,49803,0.0,1789104663286,109200851141085
3,49803,0.0,1789104663286,109200851141085
4,49803,0.0,1789104663286,109200851141085
5,49803,0.0,1789104663286,109200851141085
6,49803,0.0,1789104663286,109200851141085
7,49803,0.0,1789104663286,109200851141085
0,49903,0.0,1789104663386,109200853550968
1,49903,0.0,1789104663386,109200853550968
2,49903,0.0,1789104663386,109200853550968
3,49903,0.0,1789104663386,109200853550968
4,49903,0.0,1789104663386,109200853550968
5,49903,0.0,1789104663386,109200853550968
6,49903,0.0,1789104663386,109200853550968
7,49903,0.0,1789104663386,109200853550968
0,50004,0.0,1789104663487,109200855962336
1,50004,0.0,1789104663487,109200855962336
2,50004,9.1,1789104663487,109200855962336
3,50004,0.0,1789104663487,109200855962336
4,50004,0.0,1789104663487,109200855962336
5,50004,0.0,1789104663487,109200855962336
6,50004,0.0,1789104663487,109200855962336
7,50004,20.0,1789104663487,109200855962336
0,50104,0.0,1789104663587,109200858373180
1,50104,0.0,1789104663587,109200858373180
2,50104,0.0,1789104663587,109200858373180
3,50104,0.0,1789104663587,109200858373180
4,50104,0.0,1789104663587,109200858373180
5,50104,0.0,1789104663587,109200858373180
6,50104,0.0,1789104663587,109200858373180
7,50104,0.0,1789104663587,109200858373180
0,50205,0.0,1789104663688,109200860782321
1,50205,0.0,1789104663688,109200860782321
2,50205,0.0,1789104663688,109200860782321
3,50205,0.0,1789104663688,109200860782321
4,50205,0.0,1789104663688,109200860782321
5,50205,0.0,1789104663688,109200860782321
6,50205,0.0,1789104663688,109200860782321
7,50205,0.0,1789104663688,109200860782321
0,50305,0.0,1789104663788,109200863191112
1,50305,0.0,1789104663788,109200863191112
2,50305,0.0,1789104663788,109200863191112
3,50305,0.0,1789104663788,109200863191112
4,50305,0.0,1789104663788,109200863191112
5,50305,0.0,1789104663788,109200863191112
6,50305,0.0,1789104663788,109200863191112
7,50305,0.0,1789104663788,109200863191112
0,50405,0.0,1789104663888,109200865600399
1,50405,0.0,1789104663888,109200865600399
2,50405,0.0,1789104663888,109200865600399
3,50405,0.0,1789104663888,109200865600399
4,50405,0.0,1789104663888,109200865600399
5,50405,0.0,1789104663888,109200865600399
6,50405,0.0,1789104663888,109200865600399
7,50405,0.0,1789104663888,109200865600399
0,50506,0.0,1789104663989,109200868010428
1,50506,0.0,1789104663989,109200868010428
2,50506,0.0,1789104663989,109200868010428
3,50506,0.0,1789104663989,109200868010428
4,50506,0.0,1789104663989,109200868010428
5,50506,0.0,1789104663989,109200868010428
6,50506,0.0,1789104663989,109200868010428
7,50506,0.0,1789104663989,109200868010428
0,50606,0.0,1789104664089,109200870418959
1,50606,0.0,1789104664089,109200870418959
2,50606,0.0,1789104664089,109200870418959
3,50606,0.0,1789104664089,109200870418959
4,50606,0.0,1789104664089,109200870418959
5,50606,0.0,1789104664089,109200870418959
6,50606,0.0,1789104664089,109200870418959
7,50606,0.0,1789104664089,109200870418959
0,50707,0.0,1789104664190,109200872827371
1,50707,0.0,1789104664190,109200872827371
2,50707,0.0,1789104664190,109200872827371
3,50707,0.0,1789104664190,109200872827371
4,50707,0.0,1789104664190,109200872827371
5,50707,0.0,1789104664190,109200872827371
6,50707,0.0,1789104664190,109200872827371
7,50707,0.0,1789104664190,109200872827371
0,50807,0.0,1789104664290,109200875235624
1,50807,0.0,1789104664290,109200875235624
2,50807,0.0,1789104664290,109200875235624
3,50807,0.0,1789104664290,109200875235624
4,50807,0.0,1789104664290,109200875235624
5,50807,0.0,1789104664290,109200875235624
6,50807,0.0,1789104664290,109200875235624
7,50807,0.0,1789104664290,109200875235624
0,50907,0.0,1789104664390,109200877644178
1,50907,0.0,1789104664390,109200877644178
2,50907,0.0,1789104664390,109200877644178
3,50907,0.0,1789104664390,109200877644178
4,50907,10.0,1789104664390,109200877644178
5,50907,0.0,1789104664390,109200877644178
6,50907,0.0,1789104664390,109200877644178
7,50907,0.0,1789104664390,109200877644178
0,51008,0.0,1789104664491,109200880053531
1,51008,0.0,1789104664491,109200880053531
2,51008,0.0,1789104664491,109200880053531
3,51008,0.0,1789104664491,109200880053531
4,51008,0.0,1789104664491,109200880053531
5,51008,0.0,1789104664491,109200880053531
6,51008,0.0,1789104664491,109200880053531
7,51008,0.0,1789104664491,109200880053531
0,51108,9.1,1789104664591,109200882464914
1,51108,9.1,1789104664591,109200882464914
2,51108,0.0,1789104664591,109200882464914
3,51108,0.0,1789104664591,109200882464914
4,51108,0.0,1789104664591,109200882464914
5,51108,0.0,1789104664591,109200882464914
6,51108,0.0,1789104664591,109200882464914
7,51108,0.0,1789104664591,109200882464914
0,51209,0.0,1789104664692,109200884874639
1,51209,0.0,1789104664692,109200884874639
2,51209,0.0,1789104664692,109200884874639
3,51209,0.0,1789104664692,109200884874639
4,51209,0.0,1789104664692,109200884874639
5,51209,0.0,1789104664692,109200884874639
6,51209,0.0,1789104664692,109200884874639
7,51209,0.0,1789104664692,109200884874639
0,51309,0.0,1789104664792,109200887285789
1,51309,0.0,1789104664792,109200887285789
2,51309,0.0,1789104664792,109200887285789
3,51309,9.1,1789104664792,109200887285789
4,51309,0.0,1789104664792,109200887285789
5,51309,9.1,1789104664792,109200887285789
6,51309,0.0,1789104664792,109200887285789
7,51309,0.0,1789104664792,109200887285789
0,51409,0.0,1789104664892,109200889696824
1,51409,0.0,1789104664892,109200889696824
2,51409,0.0,1789104664892,109200889696824
3,51409,0.0,1789104664892,109200889696824
4,51409,0.0,1789104664892,109200889696824
5,51409,0.0,1789104664892,109200889696824
6,51409,0.0,1789104664892,109200889696824
7,51409,0.0,1789104664892,109200889696824
0,51510,0.0,1789104664993,109200892106422
1,51510,0.0,1789104664993,109200892106422
2,51510,0.0,1789104664993,109200892106422
3,51510,0.0,1789104664993,109200892106422
4,51510,0.0,1789104664993,109200892106422
5,51510,0.0,1789104664993,109200892106422
6,51510,0.0,1789104664993,109200892106422
7,51510,0.0,1789104664993,109200892106422
0,51610,0.0,1789104665093,109200894515484
1,51610,0.0,1789104665093,109200894515484
2,51610,0.0,1789104665093,109200894515484
3,51610,0.0,1789104665093,109200894515484
4,51610,0.0,1789104665093,109200894515484
5,51610,0.0,1789104665093,109200894515484
6,51610,0.0,1789104665093,109200894515484
7,51610,0.0,1789104665093,109200894515484
0,51711,0.0,1789104665194,109200896925382
1,51711,0.0,1789104665194,109200896925382
2,51711,0.0,1789104665194,109200896925382
3,51711,0.0,1789104665194,109200896925382
4,51711,0.0,1789104665194,109200896925382
5,51711,0.0,1789104665194,109200896925382
6,51711,0.0,1789104665194,109200896925382
7,51711,0.0,1789104665194,109200896925382
0,51811,0.0,1789104665294,109200899335824
1,51811,0.0,1789104665294,109200899335824
2,51811,0.0,1789104665294,109200899335824
3,51811,0.0,1789104665294,109200899335824
4,51811,0.0,1789104665294,109200899335824
5,51811,0.0,1789104665294,109200899335824
6,51811,0.0,1789104665294,109200899335824
7,51811,0.0,1789104665294,109200899335824
0,51911,0.0,1789104665394,109200901745325
1,51911,0.0,1789104665394,109200901745325
2,51911,0.0,1789104665394,109200901745325
3,51911,0.0,1789104665394,109200901745325
4,51911,0.0,1789104665394,109200901745325
5,51911,0.0,1789104665394,109200901745325
6,51911,0.0,1789104665394,109200901745325
7,51911,0.0,1789104665394,109200901745325
0,52012,0.0,1789104665495,109200904154098
1,52012,0.0,1789104665495,109200904154098
2,52012,0.0,1789104665495,109200904154098
3,52012,0.0,1789104665495,109200904154098
4,52012,0.0,1789104665495,109200904154098
5,52012,0.0,1789104665495,109200904154098
6,52012,0.0,1789104665495,109200904154098
7,52012,0.0,1789104665495,109200904154098
0,52112,0.0,1789104665595,109200906563878
1,52112,0.0,1789104665595,109200906563878
2,52112,0.0,1789104665595,109200906563878
3,52112,0.0,1789104665595,109200906563878
4,52112,0.0,1789104665595,109200906563878
5,52112,0.0,1789104665595,109200906563878
6,52112,0.0,1789104665595,109200906563878
7,52112,0.0,1789104665595,109200906563878
0,52213,0.0,1789104665696,109200908972699
1,52213,0.0,1789104665696,109200908972699
2,52213,0.0,1789104665696,109200908972699
3,52213,0.0,1789104665696,109200908972699
4,52213,0.0,1789104665696,109200908972699
5,52213,0.0,1789104665696,109200908972699
6,52213,0.0,1789104665696,109200908972699
7,52213,0.0,1789104665696,109200908972699
0,52313,0.0,1789104665796,109200911381476
1,52313,0.0,1789104665796,109200911381476
2,52313,0.0,1789104665796,109200911381476
3,52313,0.0,1789104665796,109200911381476
4,52313,0.0,1789104665796,109200911381476
5,52313,0.0,1789104665796,109200911381476
6,52313,0.0,1789104665796,109200911381476
7,52313,0.0,1789104665796,109200911381476
0,52413,0.0,1789104665896,109200913790364
1,52413,0.0,1789104665896,109200913790364
2,52413,0.0,1789104665896,109200913790364
3,52413,0.0,1789104665896,109200913790364
4,52413,0.0,1789104665896,109200913790364
5,52413,0.0,1789104665896,109200913790364
6,52413,0.0,1789104665896,109200913790364
7,52413,0.0,1789104665896,109200913790364
0,52514,0.0,1789104665997,109200916198784
1,52514,0.0,1789104665997,109200916198784
2,52514,0.0,1789104665997,109200916198784
3,52514,0.0,1789104665997,109200916198784
4,52514,0.0,1789104665997,109200916198784
5,52514,0.0,1789104665997,109200916198784
6,52514,0.0,1789104665997,109200916198784
7,52514,0.0,1789104665997,109200916198784
0,52614,0.0,1789104666097,109200918607253
1,52614,0.0,1789104666097,109200918607253
2,52614,0.0,1789104666097,109200918607253
3,52614,0.0,1789104666097,109200918607253
4,52614,0.0,1789104666097,109200918607253
5,52614,0.0,1789104666097,109200918607253
6,52614,0.0,1789104666097,109200918607253
7,52614,0.0,1789104666097,109200918607253
0,52714,0.0,1789104666197,109200921015804
1,52714,0.0,1789104666197,109200921015804
2,52714,0.0,1789104666197,109200921015804
3,52714,0.0,1789104666197,109200921015804
4,52714,0.0,1789104666197,109200921015804
5,52714,0.0,1789104666197,109200921015804
6,52714,0.0,1789104666197,109200921015804
7,52714,0.0,1789104666197,109200921015804
0,52815,0.0,1789104666298,109200923424100
1,52815,0.0,1789104666298,109200923424100
2,52815,0.0,1789104666298,109200923424100
3,52815,0.0,1789104666298,109200923424100
4,52815,0.0,1789104666298,109200923424100
5,52815,0.0,1789104666298,109200923424100
6,52815,0.0,1789104666298,109200923424100
7,52815,0.0,1789104666298,109200923424100
0,52915,0.0,1789104666398,109200925833982
1,52915,0.0,1789104666398,109200925833982
2,52915,0.0,1789104666398,109200925833982
3,52915,0.0,1789104666398,109200925833982
4,52915,0.0,1789104666398,109200925833982
5,52915,0.0,1789104666398,109200925833982
6,52915,0.0,1789104666398,109200925833982
7,52915,0.0,1789104666398,109200925833982
0,53016,0.0,1789104666499,109200928242496
1,53016,0.0,1789104666499,109200928242496
2,53016,0.0,1789104666499,109200928242496
3,53016,0.0,1789104666499,109200928242496
4,53016,0.0,1789104666499,109200928242496
5,53016,0.0,1789104666499,109200928242496
6,53016,0.0,1789104666499,109200928242496
7,53016,0.0,1789104666499,109200928242496
0,53116,0.0,1789104666599,109200930651944
1,53116,0.0,1789104666599,109200930651944
2,53116,0.0,1789104666599,109200930651944
3,53116,0.0,1789104666599,109200930651944
4,53116,0.0,1789104666599,109200930651944
5,53116,0.0,1789104666599,109200930651944
6,53116,0.0,1789104666599,109200930651944
7,53116,0.0,1789104666599,109200930651944
0,53216,0.0,1789104666699,109200933061020
1,53216,0.0,1789104666699,109200933061020
2,53216,0.0,1789104666699,109200933061020
3,53216,0.0,1789104666699,109200933061020
4,53216,0.0,1789104666699,109200933061020
5,53216,0.0,1789104666699,109200933061020
6,53216,0.0,1789104666699,109200933061020
7,53216,0.0,1789104666699,109200933061020
0,53317,0.0,1789104666800,109200935469699
1,53317,0.0,1789104666800,109200935469699
2,53317,0.0,1789104666800,109200935469699
3,53317,0.0,1789104666800,109200935469699
4,53317,0.0,1789104666800,109200935469699
5,53317,0.0,1789104666800,109200935469699
6,53317,0.0,1789104666800,109200935469699
7,53317,0.0,1789104666800,109200935469699
0,53417,0.0,1789104666900,109200937878452
1,53417,0.0,1789104666900,109200937878452
2,53417,0.0,1789104666900,109200937878452
3,53417,0.0,1789104666900,109200937878452
4,53417,0.0,1789104666900,109200937878452
5,53417,0.0,1789104666900,109200937878452
6,53417,0.0,1789104666900,109200937878452
7,53417,0.0,1789104666900,109200937878452
0,53517,0.0,1789104667000,109200940286895
1,53517,0.0,1789104667000,109200940286895
2,53517,0.0,1789104667000,109200940286895
3,53517,0.0,1789104667000,109200940286895
4,53517,0.0,1789104667000,109200940286895
5,53517,0.0,1789104667000,109200940286895
6,53517,0.0,1789104667000,109200940286895
7,53517,0.0,1789104667000,109200940286895
0,53618,0.0,1789104667101,109200942695165
1,53618,0.0,1789104667101,109200942695165
2,53618,0.0,1789104667101,109200942695165
3,53618,0.0,1789104667101,109200942695165
4,53618,0.0,1789104667101,109200942695165
5,53618,0.0,1789104667101,109200942695165
6,53618,0.0,1789104667101,109200942695165
7,53618,0.0,1789104667101,109200942695165
0,53718,0.0,1789104667201,109200945103600
1,53718,0.0,1789104667201,109200945103600
2,53718,0.0,1789104667201,109200945103600
3,53718,0.0,1789104667201,109200945103600
4,53718,0.0,1789104667201,109200945103600
5,53718,0.0,1789104667201,109200945103600
6,53718,0.0,1789104667201,109200945103600
7,53718,0.0,1789104667201,109200945103600
0,53818,0.0,1789104667301,109200947511921
1,53818,0.0,1789104667301,109200947511921
2,53818,0.0,1789104667301,109200947511921
3,53818,0.0,1789104667301,109200947511921
4,53818,0.0,1789104667301,109200947511921
5,53818,0.0,1789104667301,109200947511921
6,53818,0.0,1789104667301,109200947511921
7,53818,0.0,1789104667301,109200947511921
0,53919,0.0,1789104667402,109200949920161
1,53919,0.0,1789104667402,109200949920161
2,53919,0.0,1789104667402,109200949920161
3,53919,0.0,1789104667402,109200949920161
4,53919,0.0,1789104667402,109200949920161
5,53919,0.0,1789104667402,109200949920161
6,53919,0.0,1789104667402,109200949920161
7,53919,0.0,1789104667402,109200949920161
0,54019,0.0,1789104667502,109200952328480
1,54019,0.0,1789104667502,109200952328480
2,54019,0.0,1789104667502,109200952328480
3,54019,0.0,1789104667502,109200952328480
4,54019,0.0,1789104667502,109200952328480
5,54019,0.0,1789104667502,109200952328480
6,54019,0.0,1789104667502,109200952328480
7,54019,0.0,1789104667502,109200952328480
0,54120,0.0,1789104667603,109200954738890
1,54120,0.0,1789104667603,109200954738890
2,54120,0.0,1789104667603,109200954738890
3,54120,0.0,1789104667603,109200954738890
4,54120,0.0,1789104667603,109200954738890
5,54120,0.0,1789104667603,109200954738890
6,54120,0.0,1789104667603,109200954738890
7,54120,0.0,1789104667603,109200954738890
0,54220,0.0,1789104667703,109200957147972
1,54220,0.0,1789104667703,109200957147972
2,54220,0.0,1789104667703,109200957147972
3,54220,0.0,1789104667703,109200957147972
4,54220,0.0,1789104667703,109200957147972
5,54220,0.0,1789104667703,109200957147972
6,54220,0.0,1789104667703,109200957147972
7,54220,0.0,1789104667703,109200957147972
0,54320,9.1,1789104667803,109200959558816
1,54320,0.0,1789104667803,109200959558816
2,54320,0.0,1789104667803,109200959558816
3,54320,0.0,1789104667803,109200959558816
4,54320,0.0,1789104667803,109200959558816
5,54320,0.0,1789104667803,109200959558816
6,54320,0.0,1789104667803,109200959558816
7,54320,0.0,1789104667803,109200959558816
0,54421,0.0,1789104667904,109200961968814
1,54421,0.0,1789104667904,109200961968814
2,54421,0.0,1789104667904,109200961968814
3,54421,0.0,1789104667904,109200961968814
4,54421,0.0,1789104667904,109200961968814
5,54421,0.0,1789104667904,109200961968814
6,54421,0.0,1789104667904,109200961968814
7,54421,0.0,1789104667904,109200961968814
0,54521,0.0,1789104668004,109200964377365
1,54521,0.0,1789104668004,109200964377365
2,54521,0.0,1789104668004,109200964377365
3,54521,0.0,1789104668004,109200964377365
4,54521,0.0,1789104668004,109200964377365
5,54521,0.0,1789104668004,109200964377365
6,54521,0.0,1789104668004,109200964377365
7,54521,0.0,1789104668004,109200964377365
0,54622,0.0,1789104668105,109200966788380
1,54622,0.0,1789104668105,109200966788380
2,54622,18.2,1789104668105,109200966788380
3,54622,30.0,1789104668105,109200966788380
4,54622,0.0,1789104668105,109200966788380
5,54622,0.0,1789104668105,109200966788380
6,54622,0.0,1789104668105,109200966788380
7,54622,0.0,1789104668105,109200966788380
0,54722,0.0,1789104668205,109200969199660
1,54722,0.0,1789104668205,109200969199660
2,54722,10.0,1789104668205,109200969199660
3,54722,11.1,1789104668205,109200969199660
4,54722,0.0,1789104668205,109200969199660
5,54722,45.5,1789104668205,109200969199660
6,54722,0.0,1789104668205,109200969199660
7,54722,0.0,1789104668205,109200969199660
0,54823,18.2,1789104668306,109200971611522
1,54823,0.0,1789104668306,109200971611522
2,54823,10.0,1789104668306,109200971611522
3,54823,36.4,1789104668306,109200971611522
4,54823,0.0,1789104668306,109200971611522
5,54823,20.0,1789104668306,109200971611522
6,54823,0.0,1789104668306,109200971611522
7,54823,0.0,1789104668306,109200971611522
0,54923,0.0,1789104668406,109200974026029
1,54923,10.0,1789104668406,109200974026029
2,54923,9.1,1789104668406,109200974026029
3,54923,0.0,1789104668406,109200974026029
4,54923,11.1,1789104668406,109200974026029
5,54923,0.0,1789104668406,109200974026029
6,54923,20.0,1789104668406,109200974026029
7,54923,10.0,1789104668406,109200974026029
0,55024,0.0,1789104668507,109200976439258
1,55024,10.0,1789104668507,109200976439258
2,55024,10.0,1789104668507,109200976439258
3,55024,9.1,1789104668507,109200976439258
4,55024,0.0,1789104668507,109200976439258
5,55024,0.0,1789104668507,109200976439258
6,55024,0.0,1789104668507,109200976439258
7,55024,30.0,1789104668507,109200976439258
0,55124,0.0,1789104668607,109200978851224
1,55124,0.0,1789104668607,109200978851224
2,55124,0.0,1789104668607,109200978851224
3,55124,0.0,1789104668607,109200978851224
4,55124,0.0,1789104668607,109200978851224
5,55124,0.0,1789104668607,109200978851224
6,55124,45.5,1789104668607,109200978851224
7,55124,27.3,1789104668607,109200978851224
0,55225,10.0,1789104668708,109200981269511
1,55225,10.0,1789104668708,109200981269511
2,55225,20.0,1789104668708,109200981269511
3,55225,10.0,1789104668708,109200981269511
4,55225,9.1,1789104668708,109200981269511
5,55225,10.0,1789104668708,109200981269511
6,55225,10.0,1789104668708,109200981269511
7,55225,11.1,1789104668708,109200981269511
0,55326,0.0,1789104668809,109200983683607
1,55326,0.0,1789104668809,109200983683607
2,55326,9.1,1789104668809,109200983683607
3,55326,0.0,1789104668809,109200983683607
4,55326,10.0,1789104668809,109200983683607
5,55326,0.0,1789104668809,109200983683607
6,55326,18.2,1789104668809,109200983683607
7,55326,10.0,1789104668809,109200983683607
0,55426,0.0,1789104668909,109200986096529
1,55426,11.1,1789104668909,109200986096529
2,55426,33.3,1789104668909,109200986096529
3,55426,0.0,1789104668909,109200986096529
4,55426,30.0,1789104668909,109200986096529
5,55426,0.0,1789104668909,109200986096529
6,55426,0.0,1789104668909,109200986096529
7,55426,10.0,1789104668909,109200986096529
0,55527,0.0,1789104669010,109200988509284
1,55527,40.0,1789104669010,109200988509284
2,55527,28.6,1789104669010,109200988509284
3,55527,0.0,1789104669010,109200988509284
4,55527,40.0,1789104669010,109200988509284
5,55527,10.0,1789104669010,109200988509284
6,55527,10.0,1789104669010,109200988509284
7,55527,10.0,1789104669010,109200988509284
0,55627,0.0,1789104669110,109200990921398
1,55627,0.0,1789104669110,109200990921398
2,55627,0.0,1789104669110,109200990921398
3,55627,0.0,1789104669110,109200990921398
4,55627,0.0,1789104669110,109200990921398
5,55627,0.0,1789104669110,109200990921398
6,55627,0.0,1789104669110,109200990921398
7,55627,9.1,1789104669110,109200990921398
0,55728,10.0,1789104669211,109200993333597
1,55728,27.3,1789104669211,109200993333597
2,55728,25.0,1789104669211,109200993333597
3,55728,0.0,1789104669211,109200993333597
4,55728,20.0,1789104669211,109200993333597
5,55728,0.0,1789104669211,109200993333597
6,55728,0.0,1789104669211,109200993333597
7,55728,10.0,1789104669211,109200993333597
0,55828,0.0,1789104669311,109200995747184
1,55828,33.3,1789104669311,109200995747184
2,55828,40.0,1789104669311,109200995747184
3,55828,0.0,1789104669311,109200995747184
4,55828,14.3,1789104669311,109200995747184
5,55828,10.0,1789104669311,109200995747184
6,55828,0.0,1789104669311,109200995747184
7,55828,11.1,1789104669311,109200995747184
0,55929,0.0,1789104669412,109200998160032
1,55929,14.3,1789104669412,109200998160032
2,55929,44.4,1789104669412,109200998160032
3,55929,0.0,1789104669412,109200998160032
4,55929,40.0,1789104669412,109200998160032
5,55929,0.0,1789104669412,109200998160032
6,55929,10.0,1789104669412,109200998160032
7,55929,11.1,1789104669412,109200998160032
0,56029,0.0,1789104669512,109201000572299
1,56029,30.0,1789104669512,109201000572299
2,56029,25.0,1789104669512,109201000572299
3,56029,0.0,1789104669512,109201000572299
4,56029,30.0,1789104669512,109201000572299
5,56029,0.0,1789104669512,109201000572299
6,56029,0.0,1789104669512,109201000572299
7,56029,10.0,1789104669512,109201000572299
0,56130,0.0,1789104669613,109201002984855
1,56130,25.0,1789104669613,109201002984855
2,56130,28.6,1789104669613,109201002984855
3,56130,0.0,1789104669613,109201002984855
4,56130,44.4,1789104669613,109201002984855
5,56130,10.0,1789104669613,109201002984855
6,56130,0.0,1789104669613,109201002984855
7,56130,11.1,1789104669613,109201002984855
0,56230,0.0,1789104669713,109201005397927
1,56230,30.0,1789104669713,109201005397927
2,56230,37.5,1789104669713,109201005397927
3,56230,0.0,1789104669713,109201005397927
4,56230,33.3,1789104669713,109201005397927
5,56230,0.0,1789104669713,109201005397927
6,56230,9.1,1789104669713,109201005397927
7,56230,0.0,1789104669713,109201005397927
0,56331,0.0,1789104669814,109201007811193
1,56331,11.1,1789104669814,109201007811193
2,56331,50.0,1789104669814,109201007811193
3,56331,0.0,1789104669814,109201007811193
4,56331,30.0,1789104669814,109201007811193
5,56331,0.0,1789104669814,109201007811193
6,56331,10.0,1789104669814,109201007811193
7,56331,30.0,1789104669814,109201007811193
0,56431,0.0,1789104669914,109201010223847
1,56431,0.0,1789104669914,109201010223847
2,56431,28.6,1789104669914,109201010223847
3,56431,0.0,1789104669914,109201010223847
4,56431,40.0,1789104669914,109201010223847
5,56431,0.0,1789104669914,109201010223847
6,56431,0.0,1789104669914,109201010223847
7,56431,44.4,1789104669914,109201010223847
0,56532,0.0,1789104670015,109201012639573
1,56532,0.0,1789104670015,109201012639573
2,56532,44.4,1789104670015,109201012639573
3,56532,0.0,1789104670015,109201012639573
4,56532,44.4,1789104670015,109201012639573
5,56532,10.0,1789104670015,109201012639573
6,56532,0.0,1789104670015,109201012639573
7,56532,44.4,1789104670015,109201012639573
0,56633,0.0,1789104670116,109201015052569
1,56633,0.0,1789104670116,109201015052569
2,56633,44.4,1789104670116,109201015052569
3,56633,0.0,1789104670116,109201015052569
4,56633,40.0,1789104670116,109201015052569
5,56633,10.0,1789104670116,109201015052569
6,56633,20.0,1789104670116,109201015052569
7,56633,50.0,1789104670116,109201015052569
0,56733,0.0,1789104670216,109201017465228
1,56733,0.0,1789104670216,109201017465228
2,56733,42.9,1789104670216,109201017465228
3,56733,0.0,1789104670216,109201017465228
4,56733,50.0,1789104670216,109201017465228
5,56733,0.0,1789104670216,109201017465228
6,56733,0.0,1789104670216,109201017465228
7,56733,50.0,1789104670216,109201017465228
0,56834,0.0,1789104670317,109201019878145
1,56834,0.0,1789104670317,109201019878145
2,56834,33.3,1789104670317,109201019878145
3,56834,0.0,1789104670317,109201019878145
4,56834,30.0,1789104670317,109201019878145
5,56834,10.0,1789104670317,109201019878145
6,56834,0.0,1789104670317,109201019878145
7,56834,12.5,1789104670317,109201019878145
0,56934,0.0,1789104670417,109201022291367
1,56934,0.0,1789104670417,109201022291367
2,56934,25.0,1789104670417,109201022291367
3,56934,11.1,1789104670417,109201022291367
4,56934,25.0,1789104670417,109201022291367
5,56934,0.0,1789104670417,109201022291367
6,56934,9.1,1789104670417,109201022291367
7,56934,33.3,1789104670417,109201022291367
0,57035,0.0,1789104670518,109201024704628
1,57035,0.0,1789104670518,109201024704628
2,57035,50.0,1789104670518,109201024704628
3,57035,0.0,1789104670518,109201024704628
4,57035,44.4,1789104670518,109201024704628
5,57035,0.0,1789104670518,109201024704628
6,57035,10.0,1789104670518,109201024704628
7,57035,25.0,1789104670518,109201024704628
0,57135,10.0,1789104670618,109201027117680
1,57135,18.2,1789104670618,109201027117680
2,57135,10.0,1789104670618,109201027117680
3,57135,0.0,1789104670618,109201027117680
4,57135,0.0,1789104670618,109201027117680
5,57135,40.0,1789104670618,109201027117680
6,57135,0.0,1789104670618,109201027117680
7,57135,27.3,1789104670618,109201027117680
0,57236,0.0,1789104670719,109201029529894
1,57236,0.0,1789104670719,109201029529894
2,57236,40.0,1789104670719,109201029529894
3,57236,0.0,1789104670719,109201029529894
4,57236,0.0,1789104670719,109201029529894
5,57236,10.0,1789104670719,109201029529894
6,57236,0.0,1789104670719,109201029529894
7,57236,0.0,1789104670719,109201029529894
0,57336,0.0,1789104670819,109201031943162
1,57336,10.0,1789104670819,109201031943162
2,57336,10.0,1789104670819,109201031943162
3,57336,27.3,1789104670819,109201031943162
4,57336,0.0,1789104670819,109201031943162
5,57336,40.0,1789104670819,109201031943162
6,57336,0.0,1789104670819,109201031943162
7,57336,0.0,1789104670819,109201031943162
0,57437,0.0,1789104670920,109201034356686
1,57437,0.0,1789104670920,109201034356686
2,57437,0.0,1789104670920,109201034356686
3,57437,0.0,1789104670920,109201034356686
4,57437,10.0,1789104670920,109201034356686
5,57437,9.1,1789104670920,109201034356686
6,57437,10.0,1789104670920,109201034356686
7,57437,0.0,1789104670920,109201034356686
0,57538,33.3,1789104671021,109201036771849
1,57538,40.0,1789104671021,109201036771849
2,57538,50.0,1789104671021,109201036771849
3,57538,27.3,1789104671021,109201036771849
4,57538,63.6,1789104671021,109201036771849
5,57538,20.0,1789104671021,109201036771849
6,57538,11.1,1789104671021,109201036771849
7,57538,27.3,1789104671021,109201036771849
0,57638,40.0,1789104671121,109201039191006
1,57638,55.6,1789104671121,109201039191006
2,57638,42.9,1789104671121,109201039191006
3,57638,60.0,1789104671121,109201039191006
4,57638,55.6,1789104671121,109201039191006
5,57638,50.0,1789104671121,109201039191006
6,57638,63.6,1789104671121,109201039191006
7,57638,70.0,1789104671121,109201039191006
0,57739,33.3,1789104671222,109201041609091
1,57739,70.0,1789104671222,109201041609091
2,57739,57.1,1789104671222,109201041609091
3,57739,55.6,1789104671222,109201041609091
4,57739,70.0,1789104671222,109201041609091
5,57739,70.0,1789104671222,109201041609091
6,57739,77.8,1789104671222,109201041609091
7,57739,80.0,1789104671222,109201041609091
0,57840,45.5,1789104671323,109201044034068
1,57840,55.6,1789104671323,109201044034068
2,57840,69.2,1789104671323,109201044034068
3,57840,63.6,1789104671323,109201044034068
4,57840,60.0,1789104671323,109201044034068
5,57840,72.7,1789104671323,109201044034068
6,57840,66.7,1789104671323,109201044034068
7,57840,70.0,1789104671323,109201044034068
0,57941,40.0,1789104671424,109201046448178
1,57941,70.0,1789104671424,109201046448178
2,57941,71.4,1789104671424,109201046448178
3,57941,70.0,1789104671424,109201046448178
4,57941,75.0,1789104671424,109201046448178
5,57941,80.0,1789104671424,109201046448178
6,57941,80.0,1789104671424,109201046448178
7,57941,88.9,1789104671424,109201046448178
0,58041,44.4,1789104671524,109201048862855
1,58041,66.7,1789104671524,109201048862855
2,58041,63.6,1789104671524,109201048862855
3,58041,63.6,1789104671524,109201048862855
4,58041,62.5,1789104671524,109201048862855
5,58041,63.6,1789104671524,109201048862855
6,58041,80.0,1789104671524,109201048862855
7,58041,90.0,1789104671524,109201048862855
0,58142,33.3,1789104671625,109201051276469
1,58142,70.0,1789104671625,109201051276469
2,58142,70.0,1789104671625,109201051276469
3,58142,77.8,1789104671625,109201051276469
4,58142,66.7,1789104671625,109201051276469
5,58142,66.7,1789104671625,109201051276469
6,58142,77.8,1789104671625,109201051276469
7,58142,77.8,1789104671625,109201051276469
0,58243,25.0,1789104671726,109201053697170
1,58243,66.7,1789104671726,109201053697170
2,58243,66.7,1789104671726,109201053697170
3,58243,66.7,1789104671726,109201053697170
4,58243,72.7,1789104671726,109201053697170
5,58243,77.8,1789104671726,109201053697170
6,58243,80.0,1789104671726,109201053697170
7,58243,77.8,1789104671726,109201053697170
0,58344,44.4,1789104671827,109201056115881
1,58344,70.0,1789104671827,109201056115881
2,58344,72.7,1789104671827,109201056115881
3,58344,57.1,1789104671827,109201056115881
4,58344,66.7,1789104671827,109201056115881
5,58344,75.0,1789104671827,109201056115881
6,58344,80.0,1789104671827,109201056115881
7,58344,77.8,1789104671827,109201056115881
0,58444,45.5,1789104671927,109201058536311
1,58444,66.7,1789104671927,109201058536311
2,58444,60.0,1789104671927,109201058536311
3,58444,60.0,1789104671927,109201058536311
4,58444,60.0,1789104671927,109201058536311
5,58444,70.0,1789104671927,109201058536311
6,58444,72.7,1789104671927,109201058536311
7,58444,77.8,1789104671927,109201058536311
0,58545,40.0,1789104672028,109201060949716
1,58545,37.5,1789104672028,109201060949716
2,58545,37.5,1789104672028,109201060949716
3,58545,44.4,1789104672028,109201060949716
4,58545,55.6,1789104672028,109201060949716
5,58545,54.5,1789104672028,109201060949716
6,58545,60.0,1789104672028,109201060949716
7,58545,63.6,1789104672028,109201060949716
0,58645,66.7,1789104672128,109201063362817
1,58645,66.7,1789104672128,109201063362817
2,58645,22.2,1789104672128,109201063362817
3,58645,22.2,1789104672128,109201063362817
4,58645,60.0,1789104672128,109201063362817
5,58645,11.1,1789104672128,109201063362817
6,58645,11.1,1789104672128,109201063362817
7,58645,11.1,1789104672128,109201063362817
0,58746,50.0,1789104672229,109201065775869
1,58746,11.1,1789104672229,109201065775869
2,58746,44.4,1789104672229,109201065775869
3,58746,10.0,1789104672229,109201065775869
4,58746,80.0,1789104672229,109201065775869
5,58746,20.0,1789104672229,109201065775869
6,58746,20.0,1789104672229,109201065775869
7,58746,20.0,1789104672229,109201065775869
0,58847,18.2,1789104672330,109201068188311
1,58847,63.6,1789104672330,109201068188311
2,58847,18.2,1789104672330,109201068188311
3,58847,0.0,1789104672330,109201068188311
4,58847,10.0,1789104672330,109201068188311
5,58847,30.0,1789104672330,109201068188311
6,58847,0.0,1789104672330,109201068188311
7,58847,0.0,1789104672330,109201068188311
0,58947,0.0,1789104672430,109201070602479
1,58947,0.0,1789104672430,109201070602479
2,58947,0.0,1789104672430,109201070602479
3,58947,0.0,1789104672430,109201070602479
4,58947,0.0,1789104672430,109201070602479
5,58947,18.2,1789104672430,109201070602479
6,58947,50.0,1789104672430,109201070602479
7,58947,0.0,1789104672430,109201070602479
0,59048,10.0,1789104672531,109201073014955
1,59048,0.0,1789104672531,109201073014955
2,59048,0.0,1789104672531,109201073014955
3,59048,10.0,1789104672531,109201073014955
4,59048,0.0,1789104672531,109201073014955
5,59048,50.0,1789104672531,109201073014955
6,59048,0.0,1789104672531,109201073014955
7,59048,0.0,1789104672531,109201073014955
0,59148,10.0,1789104672631,109201075428830
1,59148,0.0,1789104672631,109201075428830
2,59148,0.0,1789104672631,109201075428830
3,59148,0.0,1789104672631,109201075428830
4,59148,0.0,1789104672631,109201075428830
5,59148,0.0,1789104672631,109201075428830
6,59148,9.1,1789104672631,109201075428830
7,59148,10.0,1789104672631,109201075428830
0,59249,0.0,1789104672732,109201077842116
1,59249,0.0,1789104672732,109201077842116
2,59249,0.0,1789104672732,109201077842116
3,59249,0.0,1789104672732,109201077842116
4,59249,0.0,1789104672732,109201077842116
5,59249,0.0,1789104672732,109201077842116
6,59249,11.1,1789104672732,109201077842116
7,59249,18.2,1789104672732,109201077842116
0,59349,10.0,1789104672832,109201080255468
1,59349,9.1,1789104672832,109201080255468
2,59349,27.3,1789104672832,109201080255468
3,59349,18.2,1789104672832,109201080255468
4,59349,9.1,1789104672832,109201080255468
5,59349,9.1,1789104672832,109201080255468
6,59349,27.3,1789104672832,109201080255468
7,59349,0.0,1789104672832,109201080255468
0,59450,0.0,1789104672933,109201082667703
1,59450,9.1,1789104672933,109201082667703
2,59450,0.0,1789104672933,109201082667703
3,59450,0.0,1789104672933,109201082667703
4,59450,0.0,1789104672933,109201082667703
5,59450,44.4,1789104672933,109201082667703
6,59450,10.0,1789104672933,109201082667703
7,59450,0.0,1789104672933,109201082667703
0,59550,0.0,1789104673033,109201085080409
1,59550,0.0,1789104673033,109201085080409
2,59550,9.1,1789104673033,109201085080409
3,59550,0.0,1789104673033,109201085080409
4,59550,0.0,1789104673033,109201085080409
5,59550,0.0,1789104673033,109201085080409
6,59550,33.3,1789104673033,109201085080409
7,59550,0.0,1789104673033,109201085080409
0,59651,18.2,1789104673134,109201087493786
1,59651,9.1,1789104673134,109201087493786
2,59651,11.1,1789104673134,109201087493786
3,59651,11.1,1789104673134,109201087493786
4,59651,0.0,1789104673134,109201087493786
5,59651,9.1,1789104673134,109201087493786
6,59651,10.0,1789104673134,109201087493786
7,59651,0.0,1789104673134,109201087493786
0,59751,10.0,1789104673234,109201089906837
1,59751,9.1,1789104673234,109201089906837
2,59751,0.0,1789104673234,109201089906837
3,59751,0.0,1789104673234,109201089906837
4,59751,0.0,1789104673234,109201089906837
5,59751,0.0,1789104673234,109201089906837
6,59751,10.0,1789104673234,109201089906837
7,59751,25.0,1789104673234,109201089906837
0,59852,0.0,1789104673335,109201092320324
1,59852,0.0,1789104673335,109201092320324
2,59852,0.0,1789104673335,109201092320324
3,59852,0.0,1789104673335,109201092320324
4,59852,0.0,1789104673335,109201092320324
5,59852,0.0,1789104673335,109201092320324
6,59852,0.0,1789104673335,109201092320324
7,59852,0.0,1789104673335,109201092320324
0,59952,9.1,1789104673435,109201094730753
1,59952,0.0,1789104673435,109201094730753
2,59952,0.0,1789104673435,109201094730753
3,59952,0.0,1789104673435,109201094730753
4,59952,0.0,1789104673435,109201094730753
5,59952,0.0,1789104673435,109201094730753
6,59952,0.0,1789104673435,109201094730753
7,59952,0.0,1789104673435,109201094730753
0,60053,0.0,1789104673536,109201097139492
1,60053,0.0,1789104673536,109201097139492
2,60053,0.0,1789104673536,109201097139492
3,60053,0.0,1789104673536,109201097139492
4,60053,0.0,1789104673536,109201097139492
5,60053,0.0,1789104673536,109201097139492
6,60053,0.0,1789104673536,109201097139492
7,60053,0.0,1789104673536,109201097139492
0,60153,0.0,1789104673636,109201099547682
1,60153,0.0,1789104673636,109201099547682
2,60153,0.0,1789104673636,109201099547682
3,60153,0.0,1789104673636,109201099547682
4,60153,0.0,1789104673636,109201099547682
5,60153,0.0,1789104673636,109201099547682
6,60153,0.0,1789104673636,109201099547682
7,60153,0.0,1789104673636,109201099547682
0,60254,0.0,1789104673737,109201101957850
1,60254,0.0,1789104673737,109201101957850
2,60254,0.0,1789104673737,109201101957850
3,60254,0.0,1789104673737,109201101957850
4,60254,0.0,1789104673737,109201101957850
5,60254,0.0,1789104673737,109201101957850
6,60254,0.0,1789104673737,109201101957850
7,60254,0.0,1789104673737,109201101957850
0,60354,0.0,1789104673837,109201104369668
1,60354,0.0,1789104673837,109201104369668
2,60354,0.0,1789104673837,109201104369668
3,60354,0.0,1789104673837,109201104369668
4,60354,0.0,1789104673837,109201104369668
5,60354,0.0,1789104673837,109201104369668
6,60354,0.0,1789104673837,109201104369668
7,60354,0.0,1789104673837,109201104369668
0,60454,0.0,1789104673937,109201106779207
1,60454,0.0,1789104673937,109201106779207
2,60454,0.0,1789104673937,109201106779207
3,60454,0.0,1789104673937,109201106779207
4,60454,0.0,1789104673937,109201106779207
5,60454,0.0,1789104673937,109201106779207
6,60454,0.0,1789104673937,109201106779207
7,60454,0.0,1789104673937,109201106779207
0,60555,0.0,1789104674038,109201109187562
1,60555,0.0,1789104674038,109201109187562
2,60555,0.0,1789104674038,109201109187562
3,60555,0.0,1789104674038,109201109187562
4,60555,0.0,1789104674038,109201109187562
5,60555,0.0,1789104674038,109201109187562
6,60555,0.0,1789104674038,109201109187562
7,60555,0.0,1789104674038,109201109187562
0,60655,0.0,1789104674138,109201111595628
1,60655,0.0,1789104674138,109201111595628
2,60655,0.0,1789104674138,109201111595628
3,60655,0.0,1789104674138,109201111595628
4,60655,0.0,1789104674138,109201111595628
5,60655,0.0,1789104674138,109201111595628
6,60655,0.0,1789104674138,109201111595628
7,60655,0.0,1789104674138,109201111595628
0,60756,0.0,1789104674239,109201114006251
1,60756,0.0,1789104674239,109201114006251
2,60756,0.0,1789104674239,109201114006251
3,60756,0.0,1789104674239,109201114006251
4,60756,0.0,1789104674239,109201114006251
5,60756,0.0,1789104674239,109201114006251
6,60756,0.0,1789104674239,109201114006251
7,60756,0.0,1789104674239,109201114006251
0,60856,9.1,1789104674339,109201116418989
1,60856,0.0,1789104674339,109201116418989
2,60856,0.0,1789104674339,109201116418989
3,60856,0.0,1789104674339,109201116418989
4,60856,0.0,1789104674339,109201116418989
5,60856,0.0,1789104674339,109201116418989
6,60856,0.0,1789104674339,109201116418989
7,60856,0.0,1789104674339,109201116418989
0,60957,0.0,1789104674440,109201118831034
1,60957,0.0,1789104674440,109201118831034
2,60957,10.0,1789104674440,109201118831034
3,60957,0.0,1789104674440,109201118831034
4,60957,0.0,1789104674440,109201118831034
5,60957,0.0,1789104674440,109201118831034
6,60957,0.0,1789104674440,109201118831034
7,60957,0.0,1789104674440,109201118831034
0,61057,0.0,1789104674540,109201121243093
1,61057,0.0,1789104674540,109201121243093
2,61057,0.0,1789104674540,109201121243093
3,61057,0.0,1789104674540,109201121243093
4,61057,0.0,1789104674540,109201121243093
5,61057,10.0,1789104674540,109201121243093
6,61057,0.0,1789104674540,109201121243093
7,61057,0.0,1789104674540,109201121243093
0,61158,0.0,1789104674641,109201123652573
1,61158,0.0,1789104674641,109201123652573
2,61158,0.0,1789104674641,109201123652573
3,61158,0.0,1789104674641,109201123652573
4,61158,0.0,1789104674641,109201123652573
5,61158,0.0,1789104674641,109201123652573
6,61158,0.0,1789104674641,109201123652573
7,61158,0.0,1789104674641,109201123652573
0,61258,0.0,1789104674741,109201126063578
1,61258,0.0,1789104674741,109201126063578
2,61258,0.0,1789104674741,109201126063578
3,61258,0.0,1789104674741,109201126063578
4,61258,0.0,1789104674741,109201126063578
5,61258,0.0,1789104674741,109201126063578
6,61258,0.0,1789104674741,109201126063578
7,61258,0.0,1789104674741,109201126063578
0,61358,0.0,1789104674841,109201128473597
1,61358,0.0,1789104674841,109201128473597
2,61358,0.0,1789104674841,109201128473597
3,61358,0.0,1789104674841,109201128473597
4,61358,0.0,1789104674841,109201128473597
5,61358,0.0,1789104674841,109201128473597
6,61358,0.0,1789104674841,109201128473597
7,61358,0.0,1789104674841,109201128473597
0,61459,0.0,1789104674942,109201130883305
1,61459,0.0,1789104674942,109201130883305
2,61459,0.0,1789104674942,109201130883305
3,61459,0.0,1789104674942,109201130883305
4,61459,0.0,1789104674942,109201130883305
5,61459,0.0,1789104674942,109201130883305
6,61459,0.0,1789104674942,109201130883305
7,61459,0.0,1789104674942,109201130883305
0,61559,0.0,1789104675042,109201133293507
1,61559,0.0,1789104675042,109201133293507
2,61559,0.0,1789104675042,109201133293507
3,61559,0.0,1789104675042,109201133293507
4,61559,0.0,1789104675042,109201133293507
5,61559,0.0,1789104675042,109201133293507
6,61559,0.0,1789104675042,109201133293507
7,61559,0.0,1789104675042,109201133293507
0,61660,0.0,1789104675143,109201135702749
1,61660,0.0,1789104675143,109201135702749
2,61660,0.0,1789104675143,109201135702749
3,61660,0.0,1789104675143,109201135702749
4,61660,0.0,1789104675143,109201135702749
5,61660,0.0,1789104675143,109201135702749
6,61660,0.0,1789104675143,109201135702749
7,61660,0.0,1789104675143,109201135702749
0,61760,0.0,1789104675243,109201138112161
1,61760,0.0,1789104675243,109201138112161
2,61760,0.0,1789104675243,109201138112161
3,61760,0.0,1789104675243,109201138112161
4,61760,0.0,1789104675243,109201138112161
5,61760,0.0,1789104675243,109201138112161
6,61760,0.0,1789104675243,109201138112161
7,61760,0.0,1789104675243,109201138112161
0,61861,0.0,1789104675344,109201140524223
1,61861,0.0,1789104675344,109201140524223
2,61861,10.0,1789104675344,109201140524223
3,61861,36.4,1789104675344,109201140524223
4,61861,0.0,1789104675344,109201140524223
5,61861,0.0,1789104675344,109201140524223
6,61861,0.0,1789104675344,109201140524223
7,61861,0.0,1789104675344,109201140524223
0,61961,0.0,1789104675444,109201142935988
1,61961,10.0,1789104675444,109201142935988
2,61961,0.0,1789104675444,109201142935988
3,61961,30.0,1789104675444,109201142935988
4,61961,0.0,1789104675444,109201142935988
5,61961,0.0,1789104675444,109201142935988
6,61961,45.5,1789104675444,109201142935988
7,61961,0.0,1789104675444,109201142935988
0,62062,0.0,1789104675545,109201145348672
1,62062,0.0,1789104675545,109201145348672
2,62062,9.1,1789104675545,109201145348672
3,62062,22.2,1789104675545,109201145348672
4,62062,20.0,1789104675545,109201145348672
5,62062,0.0,1789104675545,109201145348672
6,62062,0.0,1789104675545,109201145348672
7,62062,0.0,1789104675545,109201145348672
0,62162,9.1,1789104675645,109201147762292
1,62162,18.2,1789104675645,109201147762292
2,62162,11.1,1789104675645,109201147762292
3,62162,9.1,1789104675645,109201147762292
4,62162,0.0,1789104675645,109201147762292
5,62162,0.0,1789104675645,109201147762292
6,62162,0.0,1789104675645,109201147762292
7,62162,0.0,1789104675645,109201147762292
0,62263,0.0,1789104675746,109201150176732
1,62263,11.1,1789104675746,109201150176732
2,62263,41.7,1789104675746,109201150176732
3,62263,0.0,1789104675746,109201150176732
4,62263,0.0,1789104675746,109201150176732
5,62263,10.0,1789104675746,109201150176732
6,62263,0.0,1789104675746,109201150176732
7,62263,0.0,1789104675746,109201150176732
0,62363,0.0,1789104675846,109201152591831
1,62363,0.0,1789104675846,109201152591831
2,62363,22.2,1789104675846,109201152591831
3,62363,0.0,1789104675846,109201152591831
4,62363,0.0,1789104675846,109201152591831
5,62363,11.1,1789104675846,109201152591831
6,62363,0.0,1789104675846,109201152591831
7,62363,0.0,1789104675846,109201152591831
0,62464,0.0,1789104675947,109201155006965
1,62464,0.0,1789104675947,109201155006965
2,62464,20.0,1789104675947,109201155006965
3,62464,0.0,1789104675947,109201155006965
4,62464,0.0,1789104675947,109201155006965
5,62464,0.0,1789104675947,109201155006965
6,62464,0.0,1789104675947,109201155006965
7,62464,0.0,1789104675947,109201155006965
0,62565,9.1,1789104676048,109201157419779
1,62565,10.0,1789104676048,109201157419779
2,62565,10.0,1789104676048,109201157419779
3,62565,10.0,1789104676048,109201157419779
4,62565,40.0,1789104676048,109201157419779
5,62565,33.3,1789104676048,109201157419779
6,62565,0.0,1789104676048,109201157419779
7,62565,0.0,1789104676048,109201157419779
0,62665,0.0,1789104676148,109201159833660
1,62665,40.0,1789104676148,109201159833660
2,62665,0.0,1789104676148,109201159833660
3,62665,0.0,1789104676148,109201159833660
4,62665,0.0,1789104676148,109201159833660
5,62665,0.0,1789104676148,109201159833660
6,62665,0.0,1789104676148,109201159833660
7,62665,9.1,1789104676148,109201159833660
0,62766,0.0,1789104676249,109201162245700
1,62766,9.1,1789104676249,109201162245700
2,62766,0.0,1789104676249,109201162245700
3,62766,0.0,1789104676249,109201162245700
4,62766,0.0,1789104676249,109201162245700
5,62766,0.0,1789104676249,109201162245700
6,62766,18.2,1789104676249,109201162245700
7,62766,40.0,1789104676249,109201162245700
0,62866,0.0,1789104676349,109201164658457
1,62866,0.0,1789104676349,109201164658457
2,62866,10.0,1789104676349,109201164658457
3,62866,16.7,1789104676349,109201164658457
4,62866,10.0,1789104676349,109201164658457
5,62866,0.0,1789104676349,109201164658457
6,62866,0.0,1789104676349,109201164658457
7,62866,0.0,1789104676349,109201164658457
0,62878,0.0,1789104676361,109201164931766
1,62878,100.0,1789104676361,109201164931766
2,62878,0.0,1789104676361,109201164931766
3,62878,0.0,1789104676361,109201164931766
4,62878,0.0,1789104676361,109201164931766
5,62878,0.0,1789104676361,109201164931766
6,62878,0.0,1789104676361,109201164931766
7,62878,0.0,1789104676361,109201164931766
