cpu,t_ms,busy_pct,epoch_ms,rdtime_ticks
0,101,0.0,1789588671178,120816909427017
1,101,0.0,1789588671178,120816909427017
2,101,9.1,1789588671178,120816909427017
3,101,0.0,1789588671178,120816909427017
4,101,0.0,1789588671178,120816909427017
5,101,0.0,1789588671178,120816909427017
6,101,0.0,1789588671178,120816909427017
7,101,0.0,1789588671178,120816909427017
0,201,0.0,1789588671278,120816911839537
1,201,0.0,1789588671278,120816911839537
2,201,0.0,1789588671278,120816911839537
3,201,0.0,1789588671278,120816911839537
4,201,0.0,1789588671278,120816911839537
5,201,0.0,1789588671278,120816911839537
6,201,0.0,1789588671278,120816911839537
7,201,0.0,1789588671278,120816911839537
0,301,0.0,1789588671378,120816914248468
1,301,0.0,1789588671378,120816914248468
2,301,0.0,1789588671378,120816914248468
3,301,0.0,1789588671378,120816914248468
4,301,0.0,1789588671378,120816914248468
5,301,0.0,1789588671378,120816914248468
6,301,0.0,1789588671378,120816914248468
7,301,0.0,1789588671378,120816914248468
0,402,0.0,1789588671479,120816916661151
1,402,0.0,1789588671479,120816916661151
2,402,0.0,1789588671479,120816916661151
3,402,0.0,1789588671479,120816916661151
4,402,0.0,1789588671479,120816916661151
5,402,0.0,1789588671479,120816916661151
6,402,0.0,1789588671479,120816916661151
7,402,9.1,1789588671479,120816916661151
0,502,0.0,1789588671579,120816919071462
1,502,0.0,1789588671579,120816919071462
2,502,0.0,1789588671579,120816919071462
3,502,0.0,1789588671579,120816919071462
4,502,0.0,1789588671579,120816919071462
5,502,0.0,1789588671579,120816919071462
6,502,0.0,1789588671579,120816919071462
7,502,0.0,1789588671579,120816919071462
0,603,0.0,1789588671680,120816921483357
1,603,22.2,1789588671680,120816921483357
2,603,10.0,1789588671680,120816921483357
3,603,10.0,1789588671680,120816921483357
4,603,10.0,1789588671680,120816921483357
5,603,10.0,1789588671680,120816921483357
6,603,11.1,1789588671680,120816921483357
7,603,0.0,1789588671680,120816921483357
0,703,0.0,1789588671780,120816923895341
1,703,20.0,1789588671780,120816923895341
2,703,0.0,1789588671780,120816923895341
3,703,0.0,1789588671780,120816923895341
4,703,0.0,1789588671780,120816923895341
5,703,45.5,1789588671780,120816923895341
6,703,0.0,1789588671780,120816923895341
7,703,0.0,1789588671780,120816923895341
0,804,9.1,1789588671881,120816926307939
1,804,33.3,1789588671881,120816926307939
2,804,10.0,1789588671881,120816926307939
3,804,0.0,1789588671881,120816926307939
4,804,20.0,1789588671881,120816926307939
5,804,0.0,1789588671881,120816926307939
6,804,0.0,1789588671881,120816926307939
7,804,10.0,1789588671881,120816926307939
0,905,0.0,1789588671982,120816928721095
1,905,0.0,1789588671982,120816928721095
2,905,9.1,1789588671982,120816928721095
3,905,10.0,1789588671982,120816928721095
4,905,0.0,1789588671982,120816928721095
5,905,0.0,1789588671982,120816928721095
6,905,18.2,1789588671982,120816928721095
7,905,10.0,1789588671982,120816928721095
0,1005,0.0,1789588672082,120816931133932
1,1005,18.2,1789588672082,120816931133932
2,1005,0.0,1789588672082,120816931133932
3,1005,0.0,1789588672082,120816931133932
4,1005,9.1,1789588672082,120816931133932
5,1005,0.0,1789588672082,120816931133932
6,1005,0.0,1789588672082,120816931133932
7,1005,0.0,1789588672082,120816931133932
0,1105,0.0,1789588672182,120816933543808
1,1105,0.0,1789588672182,120816933543808
2,1105,0.0,1789588672182,120816933543808
3,1105,0.0,1789588672182,120816933543808
4,1105,0.0,1789588672182,120816933543808
5,1105,0.0,1789588672182,120816933543808
6,1105,0.0,1789588672182,120816933543808
7,1105,0.0,1789588672182,120816933543808
0,1206,0.0,1789588672283,120816935951755
1,1206,0.0,1789588672283,120816935951755
2,1206,0.0,1789588672283,120816935951755
3,1206,0.0,1789588672283,120816935951755
4,1206,0.0,1789588672283,120816935951755
5,1206,0.0,1789588672283,120816935951755
6,1206,0.0,1789588672283,120816935951755
7,1206,0.0,1789588672283,120816935951755
0,1306,0.0,1789588672383,120816938359312
1,1306,0.0,1789588672383,120816938359312
2,1306,0.0,1789588672383,120816938359312
3,1306,0.0,1789588672383,120816938359312
4,1306,0.0,1789588672383,120816938359312
5,1306,0.0,1789588672383,120816938359312
6,1306,0.0,1789588672383,120816938359312
7,1306,0.0,1789588672383,120816938359312
0,1406,0.0,1789588672483,120816940768647
1,1406,0.0,1789588672483,120816940768647
2,1406,0.0,1789588672483,120816940768647
3,1406,0.0,1789588672483,120816940768647
4,1406,0.0,1789588672483,120816940768647
5,1406,0.0,1789588672483,120816940768647
6,1406,0.0,1789588672483,120816940768647
7,1406,0.0,1789588672483,120816940768647
0,1507,0.0,1789588672584,120816943176399
1,1507,0.0,1789588672584,120816943176399
2,1507,0.0,1789588672584,120816943176399
3,1507,0.0,1789588672584,120816943176399
4,1507,0.0,1789588672584,120816943176399
5,1507,0.0,1789588672584,120816943176399
6,1507,0.0,1789588672584,120816943176399
7,1507,0.0,1789588672584,120816943176399
0,1607,0.0,1789588672684,120816945583727
1,1607,0.0,1789588672684,120816945583727
2,1607,0.0,1789588672684,120816945583727
3,1607,0.0,1789588672684,120816945583727
4,1607,0.0,1789588672684,120816945583727
5,1607,0.0,1789588672684,120816945583727
6,1607,0.0,1789588672684,120816945583727
7,1607,0.0,1789588672684,120816945583727
0,1707,0.0,1789588672784,120816947992352
1,1707,0.0,1789588672784,120816947992352
2,1707,0.0,1789588672784,120816947992352
3,1707,0.0,1789588672784,120816947992352
4,1707,0.0,1789588672784,120816947992352
5,1707,0.0,1789588672784,120816947992352
6,1707,0.0,1789588672784,120816947992352
7,1707,0.0,1789588672784,120816947992352
0,1808,9.1,1789588672885,120816950403274
1,1808,0.0,1789588672885,120816950403274
2,1808,0.0,1789588672885,120816950403274
3,1808,0.0,1789588672885,120816950403274
4,1808,0.0,1789588672885,120816950403274
5,1808,0.0,1789588672885,120816950403274
6,1808,0.0,1789588672885,120816950403274
7,1808,0.0,1789588672885,120816950403274
0,1908,0.0,1789588672985,120816952812227
1,1908,0.0,1789588672985,120816952812227
2,1908,0.0,1789588672985,120816952812227
3,1908,0.0,1789588672985,120816952812227
4,1908,0.0,1789588672985,120816952812227
5,1908,0.0,1789588672985,120816952812227
6,1908,0.0,1789588672985,120816952812227
7,1908,0.0,1789588672985,120816952812227
0,2009,0.0,1789588673086,120816955219373
1,2009,0.0,1789588673086,120816955219373
2,2009,0.0,1789588673086,120816955219373
3,2009,0.0,1789588673086,120816955219373
4,2009,0.0,1789588673086,120816955219373
5,2009,0.0,1789588673086,120816955219373
6,2009,0.0,1789588673086,120816955219373
7,2009,0.0,1789588673086,120816955219373
0,2109,0.0,1789588673186,120816957626478
1,2109,0.0,1789588673186,120816957626478
2,2109,0.0,1789588673186,120816957626478
3,2109,0.0,1789588673186,120816957626478
4,2109,0.0,1789588673186,120816957626478
5,2109,0.0,1789588673186,120816957626478
6,2109,0.0,1789588673186,120816957626478
7,2109,0.0,1789588673186,120816957626478
0,2209,0.0,1789588673286,120816960033673
1,2209,0.0,1789588673286,120816960033673
2,2209,0.0,1789588673286,120816960033673
3,2209,0.0,1789588673286,120816960033673
4,2209,0.0,1789588673286,120816960033673
5,2209,0.0,1789588673286,120816960033673
6,2209,0.0,1789588673286,120816960033673
7,2209,0.0,1789588673286,120816960033673
0,2310,0.0,1789588673387,120816962440951
1,2310,0.0,1789588673387,120816962440951
2,2310,0.0,1789588673387,120816962440951
3,2310,0.0,1789588673387,120816962440951
4,2310,0.0,1789588673387,120816962440951
5,2310,0.0,1789588673387,120816962440951
6,2310,0.0,1789588673387,120816962440951
7,2310,0.0,1789588673387,120816962440951
0,2410,0.0,1789588673487,120816964852692
1,2410,0.0,1789588673487,120816964852692
2,2410,0.0,1789588673487,120816964852692
3,2410,0.0,1789588673487,120816964852692
4,2410,0.0,1789588673487,120816964852692
5,2410,0.0,1789588673487,120816964852692
6,2410,0.0,1789588673487,120816964852692
7,2410,0.0,1789588673487,120816964852692
0,2510,0.0,1789588673587,120816967261280
1,2510,0.0,1789588673587,120816967261280
2,2510,0.0,1789588673587,120816967261280
3,2510,0.0,1789588673587,120816967261280
4,2510,0.0,1789588673587,120816967261280
5,2510,0.0,1789588673587,120816967261280
6,2510,0.0,1789588673587,120816967261280
7,2510,0.0,1789588673587,120816967261280
0,2611,0.0,1789588673688,120816969669342
1,2611,0.0,1789588673688,120816969669342
2,2611,0.0,1789588673688,120816969669342
3,2611,0.0,1789588673688,120816969669342
4,2611,0.0,1789588673688,120816969669342
5,2611,0.0,1789588673688,120816969669342
6,2611,0.0,1789588673688,120816969669342
7,2611,9.1,1789588673688,120816969669342
0,2711,0.0,1789588673788,120816972078397
1,2711,0.0,1789588673788,120816972078397
2,2711,0.0,1789588673788,120816972078397
3,2711,0.0,1789588673788,120816972078397
4,2711,0.0,1789588673788,120816972078397
5,2711,0.0,1789588673788,120816972078397
6,2711,0.0,1789588673788,120816972078397
7,2711,0.0,1789588673788,120816972078397
0,2811,0.0,1789588673888,120816974485898
1,2811,0.0,1789588673888,120816974485898
2,2811,0.0,1789588673888,120816974485898
3,2811,0.0,1789588673888,120816974485898
4,2811,0.0,1789588673888,120816974485898
5,2811,0.0,1789588673888,120816974485898
6,2811,0.0,1789588673888,120816974485898
7,2811,0.0,1789588673888,120816974485898
0,2912,0.0,1789588673989,120816976894635
1,2912,0.0,1789588673989,120816976894635
2,2912,0.0,1789588673989,120816976894635
3,2912,0.0,1789588673989,120816976894635
4,2912,0.0,1789588673989,120816976894635
5,2912,0.0,1789588673989,120816976894635
6,2912,0.0,1789588673989,120816976894635
7,2912,0.0,1789588673989,120816976894635
0,3012,0.0,1789588674089,120816979304666
1,3012,0.0,1789588674089,120816979304666
2,3012,0.0,1789588674089,120816979304666
3,3012,0.0,1789588674089,120816979304666
4,3012,0.0,1789588674089,120816979304666
5,3012,0.0,1789588674089,120816979304666
6,3012,0.0,1789588674089,120816979304666
7,3012,0.0,1789588674089,120816979304666
0,3113,0.0,1789588674190,120816981712981
1,3113,0.0,1789588674190,120816981712981
2,3113,0.0,1789588674190,120816981712981
3,3113,0.0,1789588674190,120816981712981
4,3113,0.0,1789588674190,120816981712981
5,3113,0.0,1789588674190,120816981712981
6,3113,0.0,1789588674190,120816981712981
7,3113,0.0,1789588674190,120816981712981
0,3213,0.0,1789588674290,120816984120218
1,3213,0.0,1789588674290,120816984120218
2,3213,0.0,1789588674290,120816984120218
3,3213,0.0,1789588674290,120816984120218
4,3213,0.0,1789588674290,120816984120218
5,3213,0.0,1789588674290,120816984120218
6,3213,0.0,1789588674290,120816984120218
7,3213,0.0,1789588674290,120816984120218
0,3313,0.0,1789588674390,120816986527653
1,3313,0.0,1789588674390,120816986527653
2,3313,0.0,1789588674390,120816986527653
3,3313,0.0,1789588674390,120816986527653
4,3313,0.0,1789588674390,120816986527653
5,3313,0.0,1789588674390,120816986527653
6,3313,0.0,1789588674390,120816986527653
7,3313,0.0,1789588674390,120816986527653
0,3414,0.0,1789588674491,120816988937142
1,3414,0.0,1789588674491,120816988937142
2,3414,0.0,1789588674491,120816988937142
3,3414,0.0,1789588674491,120816988937142
4,3414,0.0,1789588674491,120816988937142
5,3414,0.0,1789588674491,120816988937142
6,3414,0.0,1789588674491,120816988937142
7,3414,0.0,1789588674491,120816988937142
0,3514,0.0,1789588674591,120816991350027
1,3514,0.0,1789588674591,120816991350027
2,3514,10.0,1789588674591,120816991350027
3,3514,0.0,1789588674591,120816991350027
4,3514,0.0,1789588674591,120816991350027
5,3514,0.0,1789588674591,120816991350027
6,3514,0.0,1789588674591,120816991350027
7,3514,0.0,1789588674591,120816991350027
0,3614,0.0,1789588674691,120816993759255
1,3614,0.0,1789588674691,120816993759255
2,3614,0.0,1789588674691,120816993759255
3,3614,0.0,1789588674691,120816993759255
4,3614,9.1,1789588674691,120816993759255
5,3614,0.0,1789588674691,120816993759255
6,3614,0.0,1789588674691,120816993759255
7,3614,0.0,1789588674691,120816993759255
0,3715,0.0,1789588674792,120816996166649
1,3715,0.0,1789588674792,120816996166649
2,3715,0.0,1789588674792,120816996166649
3,3715,0.0,1789588674792,120816996166649
4,3715,0.0,1789588674792,120816996166649
5,3715,0.0,1789588674792,120816996166649
6,3715,0.0,1789588674792,120816996166649
7,3715,0.0,1789588674792,120816996166649
0,3815,0.0,1789588674892,120816998574161
1,3815,0.0,1789588674892,120816998574161
2,3815,0.0,1789588674892,120816998574161
3,3815,0.0,1789588674892,120816998574161
4,3815,0.0,1789588674892,120816998574161
5,3815,0.0,1789588674892,120816998574161
6,3815,0.0,1789588674892,120816998574161
7,3815,0.0,1789588674892,120816998574161
0,3915,0.0,1789588674992,120817000982516
1,3915,0.0,1789588674992,120817000982516
2,3915,0.0,1789588674992,120817000982516
3,3915,0.0,1789588674992,120817000982516
4,3915,0.0,1789588674992,120817000982516
5,3915,0.0,1789588674992,120817000982516
6,3915,0.0,1789588674992,120817000982516
7,3915,0.0,1789588674992,120817000982516
0,4016,0.0,1789588675093,120817003389642
1,4016,0.0,1789588675093,120817003389642
2,4016,0.0,1789588675093,120817003389642
3,4016,0.0,1789588675093,120817003389642
4,4016,0.0,1789588675093,120817003389642
5,4016,0.0,1789588675093,120817003389642
6,4016,0.0,1789588675093,120817003389642
7,4016,0.0,1789588675093,120817003389642
0,4116,0.0,1789588675193,120817005796574
1,4116,0.0,1789588675193,120817005796574
2,4116,0.0,1789588675193,120817005796574
3,4116,0.0,1789588675193,120817005796574
4,4116,0.0,1789588675193,120817005796574
5,4116,0.0,1789588675193,120817005796574
6,4116,0.0,1789588675193,120817005796574
7,4116,0.0,1789588675193,120817005796574
0,4216,0.0,1789588675293,120817008204778
1,4216,0.0,1789588675293,120817008204778
2,4216,0.0,1789588675293,120817008204778
3,4216,0.0,1789588675293,120817008204778
4,4216,0.0,1789588675293,120817008204778
5,4216,0.0,1789588675293,120817008204778
6,4216,0.0,1789588675293,120817008204778
7,4216,0.0,1789588675293,120817008204778
0,4317,0.0,1789588675394,120817010612507
1,4317,0.0,1789588675394,120817010612507
2,4317,0.0,1789588675394,120817010612507
3,4317,0.0,1789588675394,120817010612507
4,4317,0.0,1789588675394,120817010612507
5,4317,0.0,1789588675394,120817010612507
6,4317,0.0,1789588675394,120817010612507
7,4317,0.0,1789588675394,120817010612507
0,4417,0.0,1789588675494,120817013019681
1,4417,0.0,1789588675494,120817013019681
2,4417,0.0,1789588675494,120817013019681
3,4417,0.0,1789588675494,120817013019681
4,4417,0.0,1789588675494,120817013019681
5,4417,0.0,1789588675494,120817013019681
6,4417,0.0,1789588675494,120817013019681
7,4417,0.0,1789588675494,120817013019681
0,4517,0.0,1789588675594,120817015426520
1,4517,0.0,1789588675594,120817015426520
2,4517,0.0,1789588675594,120817015426520
3,4517,0.0,1789588675594,120817015426520
4,4517,0.0,1789588675594,120817015426520
5,4517,0.0,1789588675594,120817015426520
6,4517,0.0,1789588675594,120817015426520
7,4517,0.0,1789588675594,120817015426520
0,4618,0.0,1789588675695,120817017833306
1,4618,0.0,1789588675695,120817017833306
2,4618,0.0,1789588675695,120817017833306
3,4618,0.0,1789588675695,120817017833306
4,4618,0.0,1789588675695,120817017833306
5,4618,0.0,1789588675695,120817017833306
6,4618,0.0,1789588675695,120817017833306
7,4618,0.0,1789588675695,120817017833306
0,4718,0.0,1789588675795,120817020245053
1,4718,0.0,1789588675795,120817020245053
2,4718,0.0,1789588675795,120817020245053
3,4718,0.0,1789588675795,120817020245053
4,4718,0.0,1789588675795,120817020245053
5,4718,0.0,1789588675795,120817020245053
6,4718,0.0,1789588675795,120817020245053
7,4718,0.0,1789588675795,120817020245053
0,4818,0.0,1789588675895,120817022655059
1,4818,0.0,1789588675895,120817022655059
2,4818,0.0,1789588675895,120817022655059
3,4818,0.0,1789588675895,120817022655059
4,4818,0.0,1789588675895,120817022655059
5,4818,0.0,1789588675895,120817022655059
6,4818,0.0,1789588675895,120817022655059
7,4818,0.0,1789588675895,120817022655059
0,4919,0.0,1789588675996,120817025063030
1,4919,0.0,1789588675996,120817025063030
2,4919,0.0,1789588675996,120817025063030
3,4919,0.0,1789588675996,120817025063030
4,4919,0.0,1789588675996,120817025063030
5,4919,0.0,1789588675996,120817025063030
6,4919,0.0,1789588675996,120817025063030
7,4919,0.0,1789588675996,120817025063030
0,5019,0.0,1789588676096,120817027470027
1,5019,0.0,1789588676096,120817027470027
2,5019,0.0,1789588676096,120817027470027
3,5019,0.0,1789588676096,120817027470027
4,5019,0.0,1789588676096,120817027470027
5,5019,0.0,1789588676096,120817027470027
6,5019,0.0,1789588676096,120817027470027
7,5019,0.0,1789588676096,120817027470027
0,5119,0.0,1789588676196,120817029877969
1,5119,0.0,1789588676196,120817029877969
2,5119,0.0,1789588676196,120817029877969
3,5119,0.0,1789588676196,120817029877969
4,5119,0.0,1789588676196,120817029877969
5,5119,0.0,1789588676196,120817029877969
6,5119,0.0,1789588676196,120817029877969
7,5119,0.0,1789588676196,120817029877969
0,5220,0.0,1789588676297,120817032287700
1,5220,0.0,1789588676297,120817032287700
2,5220,0.0,1789588676297,120817032287700
3,5220,0.0,1789588676297,120817032287700
4,5220,0.0,1789588676297,120817032287700
5,5220,0.0,1789588676297,120817032287700
6,5220,0.0,1789588676297,120817032287700
7,5220,0.0,1789588676297,120817032287700
0,5320,0.0,1789588676397,120817034696039
1,5320,0.0,1789588676397,120817034696039
2,5320,0.0,1789588676397,120817034696039
3,5320,0.0,1789588676397,120817034696039
4,5320,0.0,1789588676397,120817034696039
5,5320,0.0,1789588676397,120817034696039
6,5320,0.0,1789588676397,120817034696039
7,5320,0.0,1789588676397,120817034696039
0,5420,0.0,1789588676497,120817037103340
1,5420,0.0,1789588676497,120817037103340
2,5420,0.0,1789588676497,120817037103340
3,5420,0.0,1789588676497,120817037103340
4,5420,0.0,1789588676497,120817037103340
5,5420,0.0,1789588676497,120817037103340
6,5420,0.0,1789588676497,120817037103340
7,5420,0.0,1789588676497,120817037103340
0,5521,0.0,1789588676598,120817039511040
1,5521,0.0,1789588676598,120817039511040
2,5521,10.0,1789588676598,120817039511040
3,5521,0.0,1789588676598,120817039511040
4,5521,0.0,1789588676598,120817039511040
5,5521,0.0,1789588676598,120817039511040
6,5521,0.0,1789588676598,120817039511040
7,5521,0.0,1789588676598,120817039511040
0,5621,0.0,1789588676698,120817041918713
1,5621,0.0,1789588676698,120817041918713
2,5621,0.0,1789588676698,120817041918713
3,5621,0.0,1789588676698,120817041918713
4,5621,0.0,1789588676698,120817041918713
5,5621,0.0,1789588676698,120817041918713
6,5621,0.0,1789588676698,120817041918713
7,5621,0.0,1789588676698,120817041918713
0,5721,0.0,1789588676798,120817044326884
1,5721,0.0,1789588676798,120817044326884
2,5721,0.0,1789588676798,120817044326884
3,5721,0.0,1789588676798,120817044326884
4,5721,0.0,1789588676798,120817044326884
5,5721,0.0,1789588676798,120817044326884
6,5721,0.0,1789588676798,120817044326884
7,5721,0.0,1789588676798,120817044326884
0,5822,0.0,1789588676899,120817046734453
1,5822,0.0,1789588676899,120817046734453
2,5822,0.0,1789588676899,120817046734453
3,5822,0.0,1789588676899,120817046734453
4,5822,0.0,1789588676899,120817046734453
5,5822,0.0,1789588676899,120817046734453
6,5822,0.0,1789588676899,120817046734453
7,5822,0.0,1789588676899,120817046734453
0,5922,0.0,1789588676999,120817049141497
1,5922,0.0,1789588676999,120817049141497
2,5922,0.0,1789588676999,120817049141497
3,5922,0.0,1789588676999,120817049141497
4,5922,0.0,1789588676999,120817049141497
5,5922,0.0,1789588676999,120817049141497
6,5922,0.0,1789588676999,120817049141497
7,5922,0.0,1789588676999,120817049141497
0,6022,0.0,1789588677099,120817051549014
1,6022,0.0,1789588677099,120817051549014
2,6022,0.0,1789588677099,120817051549014
3,6022,0.0,1789588677099,120817051549014
4,6022,0.0,1789588677099,120817051549014
5,6022,0.0,1789588677099,120817051549014
6,6022,0.0,1789588677099,120817051549014
7,6022,0.0,1789588677099,120817051549014
0,6123,0.0,1789588677200,120817053956181
1,6123,0.0,1789588677200,120817053956181
2,6123,0.0,1789588677200,120817053956181
3,6123,0.0,1789588677200,120817053956181
4,6123,0.0,1789588677200,120817053956181
5,6123,0.0,1789588677200,120817053956181
6,6123,0.0,1789588677200,120817053956181
7,6123,0.0,1789588677200,120817053956181
0,6223,0.0,1789588677300,120817056363041
1,6223,0.0,1789588677300,120817056363041
2,6223,0.0,1789588677300,120817056363041
3,6223,0.0,1789588677300,120817056363041
4,6223,0.0,1789588677300,120817056363041
5,6223,0.0,1789588677300,120817056363041
6,6223,0.0,1789588677300,120817056363041
7,6223,0.0,1789588677300,120817056363041
0,6323,0.0,1789588677400,120817058769924
1,6323,0.0,1789588677400,120817058769924
2,6323,0.0,1789588677400,120817058769924
3,6323,0.0,1789588677400,120817058769924
4,6323,0.0,1789588677400,120817058769924
5,6323,0.0,1789588677400,120817058769924
6,6323,0.0,1789588677400,120817058769924
7,6323,0.0,1789588677400,120817058769924
0,6424,0.0,1789588677501,120817061177843
1,6424,0.0,1789588677501,120817061177843
2,6424,0.0,1789588677501,120817061177843
3,6424,0.0,1789588677501,120817061177843
4,6424,0.0,1789588677501,120817061177843
5,6424,0.0,1789588677501,120817061177843
6,6424,0.0,1789588677501,120817061177843
7,6424,0.0,1789588677501,120817061177843
0,6524,0.0,1789588677601,120817063584441
1,6524,0.0,1789588677601,120817063584441
2,6524,0.0,1789588677601,120817063584441
3,6524,0.0,1789588677601,120817063584441
4,6524,0.0,1789588677601,120817063584441
5,6524,0.0,1789588677601,120817063584441
6,6524,0.0,1789588677601,120817063584441
7,6524,0.0,1789588677601,120817063584441
0,6624,0.0,1789588677701,120817065991141
1,6624,0.0,1789588677701,120817065991141
2,6624,0.0,1789588677701,120817065991141
3,6624,0.0,1789588677701,120817065991141
4,6624,0.0,1789588677701,120817065991141
5,6624,0.0,1789588677701,120817065991141
6,6624,0.0,1789588677701,120817065991141
7,6624,0.0,1789588677701,120817065991141
0,6724,0.0,1789588677801,120817068397849
1,6724,0.0,1789588677801,120817068397849
2,6724,0.0,1789588677801,120817068397849
3,6724,0.0,1789588677801,120817068397849
4,6724,0.0,1789588677801,120817068397849
5,6724,0.0,1789588677801,120817068397849
6,6724,0.0,1789588677801,120817068397849
7,6724,0.0,1789588677801,120817068397849
0,6825,0.0,1789588677902,120817070805065
1,6825,0.0,1789588677902,120817070805065
2,6825,0.0,1789588677902,120817070805065
3,6825,0.0,1789588677902,120817070805065
4,6825,0.0,1789588677902,120817070805065
5,6825,0.0,1789588677902,120817070805065
6,6825,0.0,1789588677902,120817070805065
7,6825,0.0,1789588677902,120817070805065
0,6925,0.0,1789588678002,120817073212167
1,6925,0.0,1789588678002,120817073212167
2,6925,0.0,1789588678002,120817073212167
3,6925,0.0,1789588678002,120817073212167
4,6925,0.0,1789588678002,120817073212167
5,6925,0.0,1789588678002,120817073212167
6,6925,0.0,1789588678002,120817073212167
7,6925,0.0,1789588678002,120817073212167
0,7025,0.0,1789588678102,120817075618927
1,7025,0.0,1789588678102,120817075618927
2,7025,0.0,1789588678102,120817075618927
3,7025,0.0,1789588678102,120817075618927
4,7025,0.0,1789588678102,120817075618927
5,7025,0.0,1789588678102,120817075618927
6,7025,0.0,1789588678102,120817075618927
7,7025,0.0,1789588678102,120817075618927
0,7126,0.0,1789588678203,120817078025622
1,7126,0.0,1789588678203,120817078025622
2,7126,0.0,1789588678203,120817078025622
3,7126,0.0,1789588678203,120817078025622
4,7126,0.0,1789588678203,120817078025622
5,7126,0.0,1789588678203,120817078025622
6,7126,0.0,1789588678203,120817078025622
7,7126,0.0,1789588678203,120817078025622
0,7226,0.0,1789588678303,120817080437376
1,7226,0.0,1789588678303,120817080437376
2,7226,0.0,1789588678303,120817080437376
3,7226,0.0,1789588678303,120817080437376
4,7226,0.0,1789588678303,120817080437376
5,7226,0.0,1789588678303,120817080437376
6,7226,0.0,1789588678303,120817080437376
7,7226,0.0,1789588678303,120817080437376
0,7326,0.0,1789588678403,120817082846320
1,7326,0.0,1789588678403,120817082846320
2,7326,0.0,1789588678403,120817082846320
3,7326,0.0,1789588678403,120817082846320
4,7326,0.0,1789588678403,120817082846320
5,7326,0.0,1789588678403,120817082846320
6,7326,0.0,1789588678403,120817082846320
7,7326,0.0,1789588678403,120817082846320
0,7427,0.0,1789588678504,120817085253349
1,7427,0.0,1789588678504,120817085253349
2,7427,0.0,1789588678504,120817085253349
3,7427,0.0,1789588678504,120817085253349
4,7427,0.0,1789588678504,120817085253349
5,7427,0.0,1789588678504,120817085253349
6,7427,0.0,1789588678504,120817085253349
7,7427,0.0,1789588678504,120817085253349
0,7527,0.0,1789588678604,120817087660556
1,7527,0.0,1789588678604,120817087660556
2,7527,0.0,1789588678604,120817087660556
3,7527,0.0,1789588678604,120817087660556
4,7527,0.0,1789588678604,120817087660556
5,7527,0.0,1789588678604,120817087660556
6,7527,0.0,1789588678604,120817087660556
7,7527,0.0,1789588678604,120817087660556
0,7627,0.0,1789588678704,120817090068849
1,7627,0.0,1789588678704,120817090068849
2,7627,0.0,1789588678704,120817090068849
3,7627,0.0,1789588678704,120817090068849
4,7627,0.0,1789588678704,120817090068849
5,7627,0.0,1789588678704,120817090068849
6,7627,0.0,1789588678704,120817090068849
7,7627,0.0,1789588678704,120817090068849
0,7728,9.1,1789588678805,120817092479922
1,7728,0.0,1789588678805,120817092479922
2,7728,0.0,1789588678805,120817092479922
3,7728,0.0,1789588678805,120817092479922
4,7728,0.0,1789588678805,120817092479922
5,7728,10.0,1789588678805,120817092479922
6,7728,0.0,1789588678805,120817092479922
7,7728,9.1,1789588678805,120817092479922
0,7828,0.0,1789588678905,120817094890048
1,7828,0.0,1789588678905,120817094890048
2,7828,0.0,1789588678905,120817094890048
3,7828,0.0,1789588678905,120817094890048
4,7828,0.0,1789588678905,120817094890048
5,7828,0.0,1789588678905,120817094890048
6,7828,0.0,1789588678905,120817094890048
7,7828,0.0,1789588678905,120817094890048
0,7929,0.0,1789588679006,120817097297646
1,7929,0.0,1789588679006,120817097297646
2,7929,0.0,1789588679006,120817097297646
3,7929,0.0,1789588679006,120817097297646
4,7929,0.0,1789588679006,120817097297646
5,7929,0.0,1789588679006,120817097297646
6,7929,0.0,1789588679006,120817097297646
7,7929,0.0,1789588679006,120817097297646
0,8029,0.0,1789588679106,120817099706626
1,8029,0.0,1789588679106,120817099706626
2,8029,0.0,1789588679106,120817099706626
3,8029,9.1,1789588679106,120817099706626
4,8029,0.0,1789588679106,120817099706626
5,8029,0.0,1789588679106,120817099706626
6,8029,0.0,1789588679106,120817099706626
7,8029,0.0,1789588679106,120817099706626
0,8129,0.0,1789588679206,120817102115994
1,8129,0.0,1789588679206,120817102115994
2,8129,0.0,1789588679206,120817102115994
3,8129,0.0,1789588679206,120817102115994
4,8129,0.0,1789588679206,120817102115994
5,8129,0.0,1789588679206,120817102115994
6,8129,0.0,1789588679206,120817102115994
7,8129,0.0,1789588679206,120817102115994
0,8230,0.0,1789588679307,120817104523609
1,8230,0.0,1789588679307,120817104523609
2,8230,0.0,1789588679307,120817104523609
3,8230,0.0,1789588679307,120817104523609
4,8230,0.0,1789588679307,120817104523609
5,8230,0.0,1789588679307,120817104523609
6,8230,0.0,1789588679307,120817104523609
7,8230,0.0,1789588679307,120817104523609
0,8330,0.0,1789588679407,120817106931347
1,8330,0.0,1789588679407,120817106931347
2,8330,0.0,1789588679407,120817106931347
3,8330,0.0,1789588679407,120817106931347
4,8330,0.0,1789588679407,120817106931347
5,8330,0.0,1789588679407,120817106931347
6,8330,0.0,1789588679407,120817106931347
7,8330,0.0,1789588679407,120817106931347
0,8430,0.0,1789588679507,120817109338507
1,8430,0.0,1789588679507,120817109338507
2,8430,0.0,1789588679507,120817109338507
3,8430,0.0,1789588679507,120817109338507
4,8430,9.1,1789588679507,120817109338507
5,8430,0.0,1789588679507,120817109338507
6,8430,0.0,1789588679507,120817109338507
7,8430,0.0,1789588679507,120817109338507
0,8531,0.0,1789588679608,120817111747674
1,8531,0.0,1789588679608,120817111747674
2,8531,0.0,1789588679608,120817111747674
3,8531,0.0,1789588679608,120817111747674
4,8531,0.0,1789588679608,120817111747674
5,8531,0.0,1789588679608,120817111747674
6,8531,0.0,1789588679608,120817111747674
7,8531,0.0,1789588679608,120817111747674
0,8631,0.0,1789588679708,120817114155773
1,8631,0.0,1789588679708,120817114155773
2,8631,0.0,1789588679708,120817114155773
3,8631,0.0,1789588679708,120817114155773
4,8631,0.0,1789588679708,120817114155773
5,8631,0.0,1789588679708,120817114155773
6,8631,0.0,1789588679708,120817114155773
7,8631,0.0,1789588679708,120817114155773
0,8731,0.0,1789588679808,120817116562847
1,8731,0.0,1789588679808,120817116562847
2,8731,0.0,1789588679808,120817116562847
3,8731,0.0,1789588679808,120817116562847
4,8731,0.0,1789588679808,120817116562847
5,8731,0.0,1789588679808,120817116562847
6,8731,0.0,1789588679808,120817116562847
7,8731,0.0,1789588679808,120817116562847
0,8832,0.0,1789588679909,120817118969481
1,8832,0.0,1789588679909,120817118969481
2,8832,0.0,1789588679909,120817118969481
3,8832,0.0,1789588679909,120817118969481
4,8832,0.0,1789588679909,120817118969481
5,8832,0.0,1789588679909,120817118969481
6,8832,0.0,1789588679909,120817118969481
7,8832,0.0,1789588679909,120817118969481
0,8932,0.0,1789588680009,120817121378118
1,8932,0.0,1789588680009,120817121378118
2,8932,0.0,1789588680009,120817121378118
3,8932,0.0,1789588680009,120817121378118
4,8932,0.0,1789588680009,120817121378118
5,8932,0.0,1789588680009,120817121378118
6,8932,0.0,1789588680009,120817121378118
7,8932,0.0,1789588680009,120817121378118
0,9032,0.0,1789588680109,120817123785406
1,9032,0.0,1789588680109,120817123785406
2,9032,0.0,1789588680109,120817123785406
3,9032,0.0,1789588680109,120817123785406
4,9032,0.0,1789588680109,120817123785406
5,9032,0.0,1789588680109,120817123785406
6,9032,0.0,1789588680109,120817123785406
7,9032,0.0,1789588680109,120817123785406
0,9133,0.0,1789588680210,120817126192192
1,9133,0.0,1789588680210,120817126192192
2,9133,0.0,1789588680210,120817126192192
3,9133,0.0,1789588680210,120817126192192
4,9133,0.0,1789588680210,120817126192192
5,9133,0.0,1789588680210,120817126192192
6,9133,0.0,1789588680210,120817126192192
7,9133,0.0,1789588680210,120817126192192
0,9233,0.0,1789588680310,120817128598893
1,9233,0.0,1789588680310,120817128598893
2,9233,0.0,1789588680310,120817128598893
3,9233,0.0,1789588680310,120817128598893
4,9233,0.0,1789588680310,120817128598893
5,9233,0.0,1789588680310,120817128598893
6,9233,0.0,1789588680310,120817128598893
7,9233,0.0,1789588680310,120817128598893
0,9333,0.0,1789588680410,120817131005619
1,9333,0.0,1789588680410,120817131005619
2,9333,0.0,1789588680410,120817131005619
3,9333,0.0,1789588680410,120817131005619
4,9333,0.0,1789588680410,120817131005619
5,9333,0.0,1789588680410,120817131005619
6,9333,0.0,1789588680410,120817131005619
7,9333,0.0,1789588680410,120817131005619
0,9433,0.0,1789588680510,120817133412387
1,9433,0.0,1789588680510,120817133412387
2,9433,0.0,1789588680510,120817133412387
3,9433,0.0,1789588680510,120817133412387
4,9433,0.0,1789588680510,120817133412387
5,9433,0.0,1789588680510,120817133412387
6,9433,0.0,1789588680510,120817133412387
7,9433,0.0,1789588680510,120817133412387
0,9534,0.0,1789588680611,120817135819490
1,9534,0.0,1789588680611,120817135819490
2,9534,0.0,1789588680611,120817135819490
3,9534,0.0,1789588680611,120817135819490
4,9534,0.0,1789588680611,120817135819490
5,9534,0.0,1789588680611,120817135819490
6,9534,0.0,1789588680611,120817135819490
7,9534,0.0,1789588680611,120817135819490
0,9634,0.0,1789588680711,120817138227492
1,9634,0.0,1789588680711,120817138227492
2,9634,0.0,1789588680711,120817138227492
3,9634,0.0,1789588680711,120817138227492
4,9634,0.0,1789588680711,120817138227492
5,9634,0.0,1789588680711,120817138227492
6,9634,0.0,1789588680711,120817138227492
7,9634,0.0,1789588680711,120817138227492
0,9734,0.0,1789588680811,120817140635137
1,9734,0.0,1789588680811,120817140635137
2,9734,0.0,1789588680811,120817140635137
3,9734,0.0,1789588680811,120817140635137
4,9734,0.0,1789588680811,120817140635137
5,9734,0.0,1789588680811,120817140635137
6,9734,0.0,1789588680811,120817140635137
7,9734,0.0,1789588680811,120817140635137
0,9835,0.0,1789588680912,120817143042386
1,9835,0.0,1789588680912,120817143042386
2,9835,0.0,1789588680912,120817143042386
3,9835,0.0,1789588680912,120817143042386
4,9835,0.0,1789588680912,120817143042386
5,9835,0.0,1789588680912,120817143042386
6,9835,0.0,1789588680912,120817143042386
7,9835,0.0,1789588680912,120817143042386
0,9935,0.0,1789588681012,120817145449515
1,9935,0.0,1789588681012,120817145449515
2,9935,0.0,1789588681012,120817145449515
3,9935,0.0,1789588681012,120817145449515
4,9935,0.0,1789588681012,120817145449515
5,9935,0.0,1789588681012,120817145449515
6,9935,0.0,1789588681012,120817145449515
7,9935,0.0,1789588681012,120817145449515
0,10035,0.0,1789588681112,120817147856390
1,10035,0.0,1789588681112,120817147856390
2,10035,0.0,1789588681112,120817147856390
3,10035,0.0,1789588681112,120817147856390
4,10035,0.0,1789588681112,120817147856390
5,10035,0.0,1789588681112,120817147856390
6,10035,0.0,1789588681112,120817147856390
7,10035,0.0,1789588681112,120817147856390
0,10136,0.0,1789588681213,120817150264148
1,10136,0.0,1789588681213,120817150264148
2,10136,0.0,1789588681213,120817150264148
3,10136,0.0,1789588681213,120817150264148
4,10136,0.0,1789588681213,120817150264148
5,10136,0.0,1789588681213,120817150264148
6,10136,0.0,1789588681213,120817150264148
7,10136,0.0,1789588681213,120817150264148
0,10236,0.0,1789588681313,120817152670725
1,10236,0.0,1789588681313,120817152670725
2,10236,0.0,1789588681313,120817152670725
3,10236,0.0,1789588681313,120817152670725
4,10236,0.0,1789588681313,120817152670725
5,10236,0.0,1789588681313,120817152670725
6,10236,0.0,1789588681313,120817152670725
7,10236,0.0,1789588681313,120817152670725
0,10336,0.0,1789588681413,120817155079872
1,10336,0.0,1789588681413,120817155079872
2,10336,0.0,1789588681413,120817155079872
3,10336,0.0,1789588681413,120817155079872
4,10336,0.0,1789588681413,120817155079872
5,10336,0.0,1789588681413,120817155079872
6,10336,0.0,1789588681413,120817155079872
7,10336,0.0,1789588681413,120817155079872
0,10437,0.0,1789588681514,120817157487850
1,10437,0.0,1789588681514,120817157487850
2,10437,0.0,1789588681514,120817157487850
3,10437,0.0,1789588681514,120817157487850
4,10437,0.0,1789588681514,120817157487850
5,10437,0.0,1789588681514,120817157487850
6,10437,0.0,1789588681514,120817157487850
7,10437,0.0,1789588681514,120817157487850
0,10537,0.0,1789588681614,120817159895340
1,10537,0.0,1789588681614,120817159895340
2,10537,0.0,1789588681614,120817159895340
3,10537,0.0,1789588681614,120817159895340
4,10537,0.0,1789588681614,120817159895340
5,10537,0.0,1789588681614,120817159895340
6,10537,0.0,1789588681614,120817159895340
7,10537,0.0,1789588681614,120817159895340
0,10637,0.0,1789588681714,120817162302896
1,10637,0.0,1789588681714,120817162302896
2,10637,0.0,1789588681714,120817162302896
3,10637,0.0,1789588681714,120817162302896
4,10637,0.0,1789588681714,120817162302896
5,10637,0.0,1789588681714,120817162302896
6,10637,0.0,1789588681714,120817162302896
7,10637,9.1,1789588681714,120817162302896
0,10738,0.0,1789588681815,120817164713756
1,10738,9.1,1789588681815,120817164713756
2,10738,0.0,1789588681815,120817164713756
3,10738,0.0,1789588681815,120817164713756
4,10738,0.0,1789588681815,120817164713756
5,10738,0.0,1789588681815,120817164713756
6,10738,0.0,1789588681815,120817164713756
7,10738,0.0,1789588681815,120817164713756
0,10838,0.0,1789588681915,120817167125719
1,10838,0.0,1789588681915,120817167125719
2,10838,0.0,1789588681915,120817167125719
3,10838,0.0,1789588681915,120817167125719
4,10838,9.1,1789588681915,120817167125719
5,10838,0.0,1789588681915,120817167125719
6,10838,0.0,1789588681915,120817167125719
7,10838,0.0,1789588681915,120817167125719
0,10939,0.0,1789588682016,120817169534557
1,10939,0.0,1789588682016,120817169534557
2,10939,0.0,1789588682016,120817169534557
3,10939,0.0,1789588682016,120817169534557
4,10939,0.0,1789588682016,120817169534557
5,10939,0.0,1789588682016,120817169534557
6,10939,0.0,1789588682016,120817169534557
7,10939,0.0,1789588682016,120817169534557
0,11039,0.0,1789588682116,120817171942378
1,11039,0.0,1789588682116,120817171942378
2,11039,0.0,1789588682116,120817171942378
3,11039,0.0,1789588682116,120817171942378
4,11039,0.0,1789588682116,120817171942378
5,11039,0.0,1789588682116,120817171942378
6,11039,0.0,1789588682116,120817171942378
7,11039,9.1,1789588682116,120817171942378
0,11139,0.0,1789588682216,120817174353659
1,11139,0.0,1789588682216,120817174353659
2,11139,0.0,1789588682216,120817174353659
3,11139,0.0,1789588682216,120817174353659
4,11139,0.0,1789588682216,120817174353659
5,11139,0.0,1789588682216,120817174353659
6,11139,0.0,1789588682216,120817174353659
7,11139,20.0,1789588682216,120817174353659
0,11240,0.0,1789588682317,120817176762913
1,11240,0.0,1789588682317,120817176762913
2,11240,0.0,1789588682317,120817176762913
3,11240,0.0,1789588682317,120817176762913
4,11240,0.0,1789588682317,120817176762913
5,11240,0.0,1789588682317,120817176762913
6,11240,0.0,1789588682317,120817176762913
7,11240,0.0,1789588682317,120817176762913
0,11340,0.0,1789588682417,120817179170641
1,11340,0.0,1789588682417,120817179170641
2,11340,0.0,1789588682417,120817179170641
3,11340,0.0,1789588682417,120817179170641
4,11340,0.0,1789588682417,120817179170641
5,11340,0.0,1789588682417,120817179170641
6,11340,0.0,1789588682417,120817179170641
7,11340,0.0,1789588682417,120817179170641
0,11440,0.0,1789588682517,120817181579379
1,11440,0.0,1789588682517,120817181579379
2,11440,0.0,1789588682517,120817181579379
3,11440,0.0,1789588682517,120817181579379
4,11440,0.0,1789588682517,120817181579379
5,11440,0.0,1789588682517,120817181579379
6,11440,0.0,1789588682517,120817181579379
7,11440,0.0,1789588682517,120817181579379
0,11541,0.0,1789588682618,120817183986996
1,11541,0.0,1789588682618,120817183986996
2,11541,10.0,1789588682618,120817183986996
3,11541,0.0,1789588682618,120817183986996
4,11541,0.0,1789588682618,120817183986996
5,11541,0.0,1789588682618,120817183986996
6,11541,0.0,1789588682618,120817183986996
7,11541,0.0,1789588682618,120817183986996
0,11641,0.0,1789588682718,120817186394583
1,11641,0.0,1789588682718,120817186394583
2,11641,0.0,1789588682718,120817186394583
3,11641,0.0,1789588682718,120817186394583
4,11641,0.0,1789588682718,120817186394583
5,11641,0.0,1789588682718,120817186394583
6,11641,0.0,1789588682718,120817186394583
7,11641,0.0,1789588682718,120817186394583
0,11741,0.0,1789588682818,120817188805554
1,11741,0.0,1789588682818,120817188805554
2,11741,0.0,1789588682818,120817188805554
3,11741,0.0,1789588682818,120817188805554
4,11741,0.0,1789588682818,120817188805554
5,11741,0.0,1789588682818,120817188805554
6,11741,0.0,1789588682818,120817188805554
7,11741,0.0,1789588682818,120817188805554
0,11842,0.0,1789588682919,120817191214626
1,11842,0.0,1789588682919,120817191214626
2,11842,0.0,1789588682919,120817191214626
3,11842,0.0,1789588682919,120817191214626
4,11842,0.0,1789588682919,120817191214626
5,11842,0.0,1789588682919,120817191214626
6,11842,0.0,1789588682919,120817191214626
7,11842,0.0,1789588682919,120817191214626
0,11942,0.0,1789588683019,120817193623055
1,11942,0.0,1789588683019,120817193623055
2,11942,0.0,1789588683019,120817193623055
3,11942,0.0,1789588683019,120817193623055
4,11942,0.0,1789588683019,120817193623055
5,11942,0.0,1789588683019,120817193623055
6,11942,0.0,1789588683019,120817193623055
7,11942,0.0,1789588683019,120817193623055
0,12043,0.0,1789588683120,120817196030012
1,12043,0.0,1789588683120,120817196030012
2,12043,0.0,1789588683120,120817196030012
3,12043,0.0,1789588683120,120817196030012
4,12043,0.0,1789588683120,120817196030012
5,12043,0.0,1789588683120,120817196030012
6,12043,0.0,1789588683120,120817196030012
7,12043,0.0,1789588683120,120817196030012
0,12143,0.0,1789588683220,120817198436515
1,12143,0.0,1789588683220,120817198436515
2,12143,0.0,1789588683220,120817198436515
3,12143,0.0,1789588683220,120817198436515
4,12143,0.0,1789588683220,120817198436515
5,12143,0.0,1789588683220,120817198436515
6,12143,0.0,1789588683220,120817198436515
7,12143,0.0,1789588683220,120817198436515
0,12243,0.0,1789588683320,120817200843180
1,12243,0.0,1789588683320,120817200843180
2,12243,0.0,1789588683320,120817200843180
3,12243,0.0,1789588683320,120817200843180
4,12243,0.0,1789588683320,120817200843180
5,12243,0.0,1789588683320,120817200843180
6,12243,0.0,1789588683320,120817200843180
7,12243,0.0,1789588683320,120817200843180
0,12343,0.0,1789588683420,120817203249629
1,12343,0.0,1789588683420,120817203249629
2,12343,0.0,1789588683420,120817203249629
3,12343,0.0,1789588683420,120817203249629
4,12343,0.0,1789588683420,120817203249629
5,12343,0.0,1789588683420,120817203249629
6,12343,0.0,1789588683420,120817203249629
7,12343,0.0,1789588683420,120817203249629
0,12444,0.0,1789588683521,120817205656276
1,12444,0.0,1789588683521,120817205656276
2,12444,0.0,1789588683521,120817205656276
3,12444,0.0,1789588683521,120817205656276
4,12444,0.0,1789588683521,120817205656276
5,12444,0.0,1789588683521,120817205656276
6,12444,0.0,1789588683521,120817205656276
7,12444,0.0,1789588683521,120817205656276
0,12544,0.0,1789588683621,120817208064280
1,12544,0.0,1789588683621,120817208064280
2,12544,0.0,1789588683621,120817208064280
3,12544,0.0,1789588683621,120817208064280
4,12544,0.0,1789588683621,120817208064280
5,12544,0.0,1789588683621,120817208064280
6,12544,0.0,1789588683621,120817208064280
7,12544,0.0,1789588683621,120817208064280
0,12644,0.0,1789588683721,120817210472694
1,12644,0.0,1789588683721,120817210472694
2,12644,0.0,1789588683721,120817210472694
3,12644,0.0,1789588683721,120817210472694
4,12644,0.0,1789588683721,120817210472694
5,12644,0.0,1789588683721,120817210472694
6,12644,0.0,1789588683721,120817210472694
7,12644,0.0,1789588683721,120817210472694
0,12745,0.0,1789588683822,120817212879535
1,12745,0.0,1789588683822,120817212879535
2,12745,0.0,1789588683822,120817212879535
3,12745,0.0,1789588683822,120817212879535
4,12745,0.0,1789588683822,120817212879535
5,12745,0.0,1789588683822,120817212879535
6,12745,0.0,1789588683822,120817212879535
7,12745,0.0,1789588683822,120817212879535
0,12845,0.0,1789588683922,120817215286563
1,12845,0.0,1789588683922,120817215286563
2,12845,0.0,1789588683922,120817215286563
3,12845,0.0,1789588683922,120817215286563
4,12845,0.0,1789588683922,120817215286563
5,12845,0.0,1789588683922,120817215286563
6,12845,0.0,1789588683922,120817215286563
7,12845,0.0,1789588683922,120817215286563
0,12945,0.0,1789588684022,120817217693153
1,12945,0.0,1789588684022,120817217693153
2,12945,0.0,1789588684022,120817217693153
3,12945,0.0,1789588684022,120817217693153
4,12945,0.0,1789588684022,120817217693153
5,12945,0.0,1789588684022,120817217693153
6,12945,0.0,1789588684022,120817217693153
7,12945,0.0,1789588684022,120817217693153
0,13045,0.0,1789588684122,120817220099578
1,13045,0.0,1789588684122,120817220099578
2,13045,0.0,1789588684122,120817220099578
3,13045,0.0,1789588684122,120817220099578
4,13045,0.0,1789588684122,120817220099578
5,13045,0.0,1789588684122,120817220099578
6,13045,0.0,1789588684122,120817220099578
7,13045,0.0,1789588684122,120817220099578
0,13146,0.0,1789588684223,120817222507807
1,13146,0.0,1789588684223,120817222507807
2,13146,0.0,1789588684223,120817222507807
3,13146,0.0,1789588684223,120817222507807
4,13146,0.0,1789588684223,120817222507807
5,13146,0.0,1789588684223,120817222507807
6,13146,0.0,1789588684223,120817222507807
7,13146,0.0,1789588684223,120817222507807
0,13246,0.0,1789588684323,120817224917353
1,13246,0.0,1789588684323,120817224917353
2,13246,0.0,1789588684323,120817224917353
3,13246,0.0,1789588684323,120817224917353
4,13246,0.0,1789588684323,120817224917353
5,13246,9.1,1789588684323,120817224917353
6,13246,0.0,1789588684323,120817224917353
7,13246,9.1,1789588684323,120817224917353
0,13347,0.0,1789588684424,120817227325764
1,13347,0.0,1789588684424,120817227325764
2,13347,0.0,1789588684424,120817227325764
3,13347,0.0,1789588684424,120817227325764
4,13347,0.0,1789588684424,120817227325764
5,13347,0.0,1789588684424,120817227325764
6,13347,0.0,1789588684424,120817227325764
7,13347,0.0,1789588684424,120817227325764
0,13447,0.0,1789588684524,120817229732795
1,13447,0.0,1789588684524,120817229732795
2,13447,0.0,1789588684524,120817229732795
3,13447,0.0,1789588684524,120817229732795
4,13447,0.0,1789588684524,120817229732795
5,13447,0.0,1789588684524,120817229732795
6,13447,0.0,1789588684524,120817229732795
7,13447,0.0,1789588684524,120817229732795
0,13547,0.0,1789588684624,120817232140122
1,13547,0.0,1789588684624,120817232140122
2,13547,10.0,1789588684624,120817232140122
3,13547,0.0,1789588684624,120817232140122
4,13547,0.0,1789588684624,120817232140122
5,13547,0.0,1789588684624,120817232140122
6,13547,0.0,1789588684624,120817232140122
7,13547,0.0,1789588684624,120817232140122
0,13647,0.0,1789588684724,120817234548441
1,13647,0.0,1789588684724,120817234548441
2,13647,0.0,1789588684724,120817234548441
3,13647,0.0,1789588684724,120817234548441
4,13647,0.0,1789588684724,120817234548441
5,13647,0.0,1789588684724,120817234548441
6,13647,0.0,1789588684724,120817234548441
7,13647,9.1,1789588684724,120817234548441
0,13748,0.0,1789588684825,120817236959459
1,13748,0.0,1789588684825,120817236959459
2,13748,0.0,1789588684825,120817236959459
3,13748,0.0,1789588684825,120817236959459
4,13748,0.0,1789588684825,120817236959459
5,13748,0.0,1789588684825,120817236959459
6,13748,0.0,1789588684825,120817236959459
7,13748,0.0,1789588684825,120817236959459
0,13848,0.0,1789588684925,120817239369869
1,13848,0.0,1789588684925,120817239369869
2,13848,0.0,1789588684925,120817239369869
3,13848,0.0,1789588684925,120817239369869
4,13848,0.0,1789588684925,120817239369869
5,13848,0.0,1789588684925,120817239369869
6,13848,0.0,1789588684925,120817239369869
7,13848,0.0,1789588684925,120817239369869
0,13949,0.0,1789588685026,120817241777316
1,13949,0.0,1789588685026,120817241777316
2,13949,0.0,1789588685026,120817241777316
3,13949,0.0,1789588685026,120817241777316
4,13949,0.0,1789588685026,120817241777316
5,13949,0.0,1789588685026,120817241777316
6,13949,0.0,1789588685026,120817241777316
7,13949,0.0,1789588685026,120817241777316
0,14049,0.0,1789588685126,120817244184246
1,14049,0.0,1789588685126,120817244184246
2,14049,0.0,1789588685126,120817244184246
3,14049,0.0,1789588685126,120817244184246
4,14049,0.0,1789588685126,120817244184246
5,14049,0.0,1789588685126,120817244184246
6,14049,0.0,1789588685126,120817244184246
7,14049,0.0,1789588685126,120817244184246
0,14149,0.0,1789588685226,120817246590949
1,14149,0.0,1789588685226,120817246590949
2,14149,0.0,1789588685226,120817246590949
3,14149,0.0,1789588685226,120817246590949
4,14149,0.0,1789588685226,120817246590949
5,14149,0.0,1789588685226,120817246590949
6,14149,0.0,1789588685226,120817246590949
7,14149,0.0,1789588685226,120817246590949
0,14250,0.0,1789588685327,120817248997673
1,14250,0.0,1789588685327,120817248997673
2,14250,0.0,1789588685327,120817248997673
3,14250,0.0,1789588685327,120817248997673
4,14250,0.0,1789588685327,120817248997673
5,14250,0.0,1789588685327,120817248997673
6,14250,0.0,1789588685327,120817248997673
7,14250,0.0,1789588685327,120817248997673
0,14350,0.0,1789588685427,120817251404201
1,14350,0.0,1789588685427,120817251404201
2,14350,0.0,1789588685427,120817251404201
3,14350,0.0,1789588685427,120817251404201
4,14350,0.0,1789588685427,120817251404201
5,14350,0.0,1789588685427,120817251404201
6,14350,0.0,1789588685427,120817251404201
7,14350,0.0,1789588685427,120817251404201
0,14450,0.0,1789588685527,120817253811056
1,14450,0.0,1789588685527,120817253811056
2,14450,0.0,1789588685527,120817253811056
3,14450,0.0,1789588685527,120817253811056
4,14450,0.0,1789588685527,120817253811056
5,14450,0.0,1789588685527,120817253811056
6,14450,0.0,1789588685527,120817253811056
7,14450,0.0,1789588685527,120817253811056
0,14550,0.0,1789588685627,120817256217928
1,14550,0.0,1789588685627,120817256217928
2,14550,0.0,1789588685627,120817256217928
3,14550,0.0,1789588685627,120817256217928
4,14550,0.0,1789588685627,120817256217928
5,14550,0.0,1789588685627,120817256217928
6,14550,0.0,1789588685627,120817256217928
7,14550,9.1,1789588685627,120817256217928
0,14651,0.0,1789588685728,120817258624973
1,14651,0.0,1789588685728,120817258624973
2,14651,0.0,1789588685728,120817258624973
3,14651,0.0,1789588685728,120817258624973
4,14651,0.0,1789588685728,120817258624973
5,14651,0.0,1789588685728,120817258624973
6,14651,0.0,1789588685728,120817258624973
7,14651,0.0,1789588685728,120817258624973
0,14751,0.0,1789588685828,120817261031905
1,14751,0.0,1789588685828,120817261031905
2,14751,0.0,1789588685828,120817261031905
3,14751,0.0,1789588685828,120817261031905
4,14751,0.0,1789588685828,120817261031905
5,14751,0.0,1789588685828,120817261031905
6,14751,0.0,1789588685828,120817261031905
7,14751,0.0,1789588685828,120817261031905
0,14851,0.0,1789588685928,120817263439022
1,14851,0.0,1789588685928,120817263439022
2,14851,0.0,1789588685928,120817263439022
3,14851,0.0,1789588685928,120817263439022
4,14851,0.0,1789588685928,120817263439022
5,14851,0.0,1789588685928,120817263439022
6,14851,0.0,1789588685928,120817263439022
7,14851,0.0,1789588685928,120817263439022
0,14952,0.0,1789588686029,120817265845806
1,14952,0.0,1789588686029,120817265845806
2,14952,0.0,1789588686029,120817265845806
3,14952,0.0,1789588686029,120817265845806
4,14952,0.0,1789588686029,120817265845806
5,14952,0.0,1789588686029,120817265845806
6,14952,0.0,1789588686029,120817265845806
7,14952,0.0,1789588686029,120817265845806
0,15052,0.0,1789588686129,120817268253460
1,15052,0.0,1789588686129,120817268253460
2,15052,0.0,1789588686129,120817268253460
3,15052,0.0,1789588686129,120817268253460
4,15052,0.0,1789588686129,120817268253460
5,15052,0.0,1789588686129,120817268253460
6,15052,0.0,1789588686129,120817268253460
7,15052,0.0,1789588686129,120817268253460
0,15152,0.0,1789588686229,120817270661901
1,15152,0.0,1789588686229,120817270661901
2,15152,0.0,1789588686229,120817270661901
3,15152,0.0,1789588686229,120817270661901
4,15152,0.0,1789588686229,120817270661901
5,15152,0.0,1789588686229,120817270661901
6,15152,0.0,1789588686229,120817270661901
7,15152,0.0,1789588686229,120817270661901
0,15253,0.0,1789588686330,120817273069844
1,15253,0.0,1789588686330,120817273069844
2,15253,0.0,1789588686330,120817273069844
3,15253,0.0,1789588686330,120817273069844
4,15253,0.0,1789588686330,120817273069844
5,15253,0.0,1789588686330,120817273069844
6,15253,0.0,1789588686330,120817273069844
7,15253,10.0,1789588686330,120817273069844
0,15353,0.0,1789588686430,120817275480069
1,15353,0.0,1789588686430,120817275480069
2,15353,0.0,1789588686430,120817275480069
3,15353,0.0,1789588686430,120817275480069
4,15353,0.0,1789588686430,120817275480069
5,15353,0.0,1789588686430,120817275480069
6,15353,0.0,1789588686430,120817275480069
7,15353,0.0,1789588686430,120817275480069
0,15453,0.0,1789588686530,120817277891970
1,15453,0.0,1789588686530,120817277891970
2,15453,0.0,1789588686530,120817277891970
3,15453,0.0,1789588686530,120817277891970
4,15453,0.0,1789588686530,120817277891970
5,15453,0.0,1789588686530,120817277891970
6,15453,0.0,1789588686530,120817277891970
7,15453,9.1,1789588686530,120817277891970
0,15554,0.0,1789588686631,120817280302819
1,15554,0.0,1789588686631,120817280302819
2,15554,0.0,1789588686631,120817280302819
3,15554,0.0,1789588686631,120817280302819
4,15554,0.0,1789588686631,120817280302819
5,15554,0.0,1789588686631,120817280302819
6,15554,0.0,1789588686631,120817280302819
7,15554,0.0,1789588686631,120817280302819
0,15654,0.0,1789588686731,120817282711077
1,15654,0.0,1789588686731,120817282711077
2,15654,0.0,1789588686731,120817282711077
3,15654,0.0,1789588686731,120817282711077
4,15654,0.0,1789588686731,120817282711077
5,15654,0.0,1789588686731,120817282711077
6,15654,0.0,1789588686731,120817282711077
7,15654,0.0,1789588686731,120817282711077
0,15755,0.0,1789588686832,120817285118322
1,15755,0.0,1789588686832,120817285118322
2,15755,0.0,1789588686832,120817285118322
3,15755,0.0,1789588686832,120817285118322
4,15755,0.0,1789588686832,120817285118322
5,15755,0.0,1789588686832,120817285118322
6,15755,0.0,1789588686832,120817285118322
7,15755,0.0,1789588686832,120817285118322
0,15855,0.0,1789588686932,120817287525496
1,15855,0.0,1789588686932,120817287525496
2,15855,0.0,1789588686932,120817287525496
3,15855,0.0,1789588686932,120817287525496
4,15855,0.0,1789588686932,120817287525496
5,15855,0.0,1789588686932,120817287525496
6,15855,0.0,1789588686932,120817287525496
7,15855,0.0,1789588686932,120817287525496
0,15955,0.0,1789588687032,120817289933294
1,15955,0.0,1789588687032,120817289933294
2,15955,0.0,1789588687032,120817289933294
3,15955,0.0,1789588687032,120817289933294
4,15955,0.0,1789588687032,120817289933294
5,15955,0.0,1789588687032,120817289933294
6,15955,0.0,1789588687032,120817289933294
7,15955,0.0,1789588687032,120817289933294
0,16056,0.0,1789588687133,120817292340905
1,16056,0.0,1789588687133,120817292340905
2,16056,0.0,1789588687133,120817292340905
3,16056,0.0,1789588687133,120817292340905
4,16056,0.0,1789588687133,120817292340905
5,16056,0.0,1789588687133,120817292340905
6,16056,0.0,1789588687133,120817292340905
7,16056,0.0,1789588687133,120817292340905
0,16156,0.0,1789588687233,120817294747888
1,16156,0.0,1789588687233,120817294747888
2,16156,0.0,1789588687233,120817294747888
3,16156,0.0,1789588687233,120817294747888
4,16156,0.0,1789588687233,120817294747888
5,16156,0.0,1789588687233,120817294747888
6,16156,0.0,1789588687233,120817294747888
7,16156,0.0,1789588687233,120817294747888
0,16256,0.0,1789588687333,120817297156013
1,16256,0.0,1789588687333,120817297156013
2,16256,0.0,1789588687333,120817297156013
3,16256,0.0,1789588687333,120817297156013
4,16256,0.0,1789588687333,120817297156013
5,16256,0.0,1789588687333,120817297156013
6,16256,0.0,1789588687333,120817297156013
7,16256,0.0,1789588687333,120817297156013
0,16356,0.0,1789588687433,120817299562610
1,16356,0.0,1789588687433,120817299562610
2,16356,0.0,1789588687433,120817299562610
3,16356,0.0,1789588687433,120817299562610
4,16356,0.0,1789588687433,120817299562610
5,16356,0.0,1789588687433,120817299562610
6,16356,0.0,1789588687433,120817299562610
7,16356,0.0,1789588687433,120817299562610
0,16457,0.0,1789588687534,120817301969153
1,16457,0.0,1789588687534,120817301969153
2,16457,0.0,1789588687534,120817301969153
3,16457,0.0,1789588687534,120817301969153
4,16457,0.0,1789588687534,120817301969153
5,16457,0.0,1789588687534,120817301969153
6,16457,0.0,1789588687534,120817301969153
7,16457,0.0,1789588687534,120817301969153
0,16557,0.0,1789588687634,120817304376537
1,16557,0.0,1789588687634,120817304376537
2,16557,0.0,1789588687634,120817304376537
3,16557,0.0,1789588687634,120817304376537
4,16557,0.0,1789588687634,120817304376537
5,16557,0.0,1789588687634,120817304376537
6,16557,0.0,1789588687634,120817304376537
7,16557,0.0,1789588687634,120817304376537
0,16657,0.0,1789588687734,120817306787666
1,16657,0.0,1789588687734,120817306787666
2,16657,0.0,1789588687734,120817306787666
3,16657,0.0,1789588687734,120817306787666
4,16657,0.0,1789588687734,120817306787666
5,16657,0.0,1789588687734,120817306787666
6,16657,10.0,1789588687734,120817306787666
7,16657,36.4,1789588687734,120817306787666
0,16758,0.0,1789588687835,120817309200557
1,16758,40.0,1789588687835,120817309200557
2,16758,0.0,1789588687835,120817309200557
3,16758,0.0,1789588687835,120817309200557
4,16758,9.1,1789588687835,120817309200557
5,16758,0.0,1789588687835,120817309200557
6,16758,0.0,1789588687835,120817309200557
7,16758,22.2,1789588687835,120817309200557
0,16859,20.0,1789588687936,120817311612928
1,16859,18.2,1789588687936,120817311612928
2,16859,11.1,1789588687936,120817311612928
3,16859,10.0,1789588687936,120817311612928
4,16859,27.3,1789588687936,120817311612928
5,16859,10.0,1789588687936,120817311612928
6,16859,9.1,1789588687936,120817311612928
7,16859,27.3,1789588687936,120817311612928
0,16959,0.0,1789588688036,120817314027252
1,16959,11.1,1789588688036,120817314027252
2,16959,9.1,1789588688036,120817314027252
3,16959,0.0,1789588688036,120817314027252
4,16959,0.0,1789588688036,120817314027252
5,16959,10.0,1789588688036,120817314027252
6,16959,10.0,1789588688036,120817314027252
7,16959,0.0,1789588688036,120817314027252
0,17060,0.0,1789588688137,120817316440682
1,17060,30.0,1789588688137,120817316440682
2,17060,0.0,1789588688137,120817316440682
3,17060,0.0,1789588688137,120817316440682
4,17060,0.0,1789588688137,120817316440682
5,17060,22.2,1789588688137,120817316440682
6,17060,0.0,1789588688137,120817316440682
7,17060,0.0,1789588688137,120817316440682
0,17160,0.0,1789588688237,120817318852607
1,17160,40.0,1789588688237,120817318852607
2,17160,0.0,1789588688237,120817318852607
3,17160,16.7,1789588688237,120817318852607
4,17160,0.0,1789588688237,120817318852607
5,17160,27.3,1789588688237,120817318852607
6,17160,0.0,1789588688237,120817318852607
7,17160,9.1,1789588688237,120817318852607
0,17261,10.0,1789588688338,120817321265745
1,17261,0.0,1789588688338,120817321265745
2,17261,20.0,1789588688338,120817321265745
3,17261,0.0,1789588688338,120817321265745
4,17261,11.1,1789588688338,120817321265745
5,17261,0.0,1789588688338,120817321265745
6,17261,18.2,1789588688338,120817321265745
7,17261,10.0,1789588688338,120817321265745
0,17361,0.0,1789588688438,120817323678150
1,17361,0.0,1789588688438,120817323678150
2,17361,0.0,1789588688438,120817323678150
3,17361,0.0,1789588688438,120817323678150
4,17361,0.0,1789588688438,120817323678150
5,17361,12.5,1789588688438,120817323678150
6,17361,10.0,1789588688438,120817323678150
7,17361,20.0,1789588688438,120817323678150
0,17462,0.0,1789588688539,120817326092202
1,17462,9.1,1789588688539,120817326092202
2,17462,0.0,1789588688539,120817326092202
3,17462,30.0,1789588688539,120817326092202
4,17462,0.0,1789588688539,120817326092202
5,17462,18.2,1789588688539,120817326092202
6,17462,12.5,1789588688539,120817326092202
7,17462,44.4,1789588688539,120817326092202
0,17562,0.0,1789588688639,120817328506765
1,17562,10.0,1789588688639,120817328506765
2,17562,0.0,1789588688639,120817328506765
3,17562,20.0,1789588688639,120817328506765
4,17562,9.1,1789588688639,120817328506765
5,17562,9.1,1789588688639,120817328506765
6,17562,41.7,1789588688639,120817328506765
7,17562,25.0,1789588688639,120817328506765
0,17663,0.0,1789588688740,120817330919231
1,17663,0.0,1789588688740,120817330919231
2,17663,0.0,1789588688740,120817330919231
3,17663,11.1,1789588688740,120817330919231
4,17663,0.0,1789588688740,120817330919231
5,17663,10.0,1789588688740,120817330919231
6,17663,11.1,1789588688740,120817330919231
7,17663,25.0,1789588688740,120817330919231
0,17763,0.0,1789588688840,120817333331670
1,17763,0.0,1789588688840,120817333331670
2,17763,0.0,1789588688840,120817333331670
3,17763,20.0,1789588688840,120817333331670
4,17763,0.0,1789588688840,120817333331670
5,17763,0.0,1789588688840,120817333331670
6,17763,22.2,1789588688840,120817333331670
7,17763,44.4,1789588688840,120817333331670
0,17864,0.0,1789588688941,120817335744150
1,17864,9.1,1789588688941,120817335744150
2,17864,0.0,1789588688941,120817335744150
3,17864,10.0,1789588688941,120817335744150
4,17864,0.0,1789588688941,120817335744150
5,17864,0.0,1789588688941,120817335744150
6,17864,11.1,1789588688941,120817335744150
7,17864,25.0,1789588688941,120817335744150
0,17965,0.0,1789588689042,120817338156788
1,17965,0.0,1789588689042,120817338156788
2,17965,0.0,1789588689042,120817338156788
3,17965,12.5,1789588689042,120817338156788
4,17965,0.0,1789588689042,120817338156788
5,17965,0.0,1789588689042,120817338156788
6,17965,27.3,1789588689042,120817338156788
7,17965,25.0,1789588689042,120817338156788
0,18065,0.0,1789588689142,120817340569530
1,18065,10.0,1789588689142,120817340569530
2,18065,0.0,1789588689142,120817340569530
3,18065,27.3,1789588689142,120817340569530
4,18065,0.0,1789588689142,120817340569530
5,18065,9.1,1789588689142,120817340569530
6,18065,22.2,1789588689142,120817340569530
7,18065,40.0,1789588689142,120817340569530
0,18166,0.0,1789588689243,120817342982061
1,18166,0.0,1789588689243,120817342982061
2,18166,0.0,1789588689243,120817342982061
3,18166,20.0,1789588689243,120817342982061
4,18166,0.0,1789588689243,120817342982061
5,18166,0.0,1789588689243,120817342982061
6,18166,20.0,1789588689243,120817342982061
7,18166,25.0,1789588689243,120817342982061
0,18266,0.0,1789588689343,120817345395274
1,18266,9.1,1789588689343,120817345395274
2,18266,0.0,1789588689343,120817345395274
3,18266,10.0,1789588689343,120817345395274
4,18266,0.0,1789588689343,120817345395274
5,18266,9.1,1789588689343,120817345395274
6,18266,20.0,1789588689343,120817345395274
7,18266,25.0,1789588689343,120817345395274
0,18367,0.0,1789588689444,120817347808178
1,18367,9.1,1789588689444,120817347808178
2,18367,0.0,1789588689444,120817347808178
3,18367,10.0,1789588689444,120817347808178
4,18367,0.0,1789588689444,120817347808178
5,18367,0.0,1789588689444,120817347808178
6,18367,20.0,1789588689444,120817347808178
7,18367,25.0,1789588689444,120817347808178
0,18467,0.0,1789588689544,120817350220514
1,18467,0.0,1789588689544,120817350220514
2,18467,0.0,1789588689544,120817350220514
3,18467,9.1,1789588689544,120817350220514
4,18467,0.0,1789588689544,120817350220514
5,18467,0.0,1789588689544,120817350220514
6,18467,9.1,1789588689544,120817350220514
7,18467,11.1,1789588689544,120817350220514
0,18568,0.0,1789588689645,120817352632464
1,18568,0.0,1789588689645,120817352632464
2,18568,0.0,1789588689645,120817352632464
3,18568,0.0,1789588689645,120817352632464
4,18568,0.0,1789588689645,120817352632464
5,18568,0.0,1789588689645,120817352632464
6,18568,10.0,1789588689645,120817352632464
7,18568,36.4,1789588689645,120817352632464
0,18668,0.0,1789588689745,120817355044056
1,18668,0.0,1789588689745,120817355044056
2,18668,0.0,1789588689745,120817355044056
3,18668,0.0,1789588689745,120817355044056
4,18668,0.0,1789588689745,120817355044056
5,18668,0.0,1789588689745,120817355044056
6,18668,0.0,1789588689745,120817355044056
7,18668,10.0,1789588689745,120817355044056
0,18769,0.0,1789588689846,120817357457356
1,18769,0.0,1789588689846,120817357457356
2,18769,0.0,1789588689846,120817357457356
3,18769,0.0,1789588689846,120817357457356
4,18769,0.0,1789588689846,120817357457356
5,18769,0.0,1789588689846,120817357457356
6,18769,0.0,1789588689846,120817357457356
7,18769,20.0,1789588689846,120817357457356
0,18869,0.0,1789588689946,120817359869220
1,18869,0.0,1789588689946,120817359869220
2,18869,0.0,1789588689946,120817359869220
3,18869,0.0,1789588689946,120817359869220
4,18869,0.0,1789588689946,120817359869220
5,18869,0.0,1789588689946,120817359869220
6,18869,16.7,1789588689946,120817359869220
7,18869,0.0,1789588689946,120817359869220
0,18970,0.0,1789588690047,120817362280402
1,18970,0.0,1789588690047,120817362280402
2,18970,0.0,1789588690047,120817362280402
3,18970,0.0,1789588690047,120817362280402
4,18970,0.0,1789588690047,120817362280402
5,18970,0.0,1789588690047,120817362280402
6,18970,0.0,1789588690047,120817362280402
7,18970,18.2,1789588690047,120817362280402
0,19070,0.0,1789588690147,120817364692319
1,19070,0.0,1789588690147,120817364692319
2,19070,0.0,1789588690147,120817364692319
3,19070,0.0,1789588690147,120817364692319
4,19070,0.0,1789588690147,120817364692319
5,19070,0.0,1789588690147,120817364692319
6,19070,0.0,1789588690147,120817364692319
7,19070,0.0,1789588690147,120817364692319
0,19171,0.0,1789588690248,120817367103924
1,19171,0.0,1789588690248,120817367103924
2,19171,0.0,1789588690248,120817367103924
3,19171,0.0,1789588690248,120817367103924
4,19171,0.0,1789588690248,120817367103924
5,19171,0.0,1789588690248,120817367103924
6,19171,9.1,1789588690248,120817367103924
7,19171,10.0,1789588690248,120817367103924
0,19271,0.0,1789588690348,120817369515907
1,19271,0.0,1789588690348,120817369515907
2,19271,0.0,1789588690348,120817369515907
3,19271,9.1,1789588690348,120817369515907
4,19271,0.0,1789588690348,120817369515907
5,19271,0.0,1789588690348,120817369515907
6,19271,16.7,1789588690348,120817369515907
7,19271,10.0,1789588690348,120817369515907
0,19372,0.0,1789588690449,120817371927325
1,19372,0.0,1789588690449,120817371927325
2,19372,0.0,1789588690449,120817371927325
3,19372,0.0,1789588690449,120817371927325
4,19372,0.0,1789588690449,120817371927325
5,19372,0.0,1789588690449,120817371927325
6,19372,0.0,1789588690449,120817371927325
7,19372,9.1,1789588690449,120817371927325
0,19472,0.0,1789588690549,120817374338808
1,19472,0.0,1789588690549,120817374338808
2,19472,0.0,1789588690549,120817374338808
3,19472,0.0,1789588690549,120817374338808
4,19472,0.0,1789588690549,120817374338808
5,19472,0.0,1789588690549,120817374338808
6,19472,0.0,1789588690549,120817374338808
7,19472,10.0,1789588690549,120817374338808
0,19573,0.0,1789588690650,120817376749782
1,19573,0.0,1789588690650,120817376749782
2,19573,0.0,1789588690650,120817376749782
3,19573,0.0,1789588690650,120817376749782
4,19573,0.0,1789588690650,120817376749782
5,19573,0.0,1789588690650,120817376749782
6,19573,0.0,1789588690650,120817376749782
7,19573,0.0,1789588690650,120817376749782
0,19673,0.0,1789588690750,120817379160682
1,19673,0.0,1789588690750,120817379160682
2,19673,0.0,1789588690750,120817379160682
3,19673,0.0,1789588690750,120817379160682
4,19673,0.0,1789588690750,120817379160682
5,19673,0.0,1789588690750,120817379160682
6,19673,0.0,1789588690750,120817379160682
7,19673,0.0,1789588690750,120817379160682
0,19774,0.0,1789588690851,120817381572990
1,19774,10.0,1789588690851,120817381572990
2,19774,0.0,1789588690851,120817381572990
3,19774,0.0,1789588690851,120817381572990
4,19774,0.0,1789588690851,120817381572990
5,19774,0.0,1789588690851,120817381572990
6,19774,0.0,1789588690851,120817381572990
7,19774,16.7,1789588690851,120817381572990
0,19874,0.0,1789588690951,120817383986114
1,19874,0.0,1789588690951,120817383986114
2,19874,0.0,1789588690951,120817383986114
3,19874,0.0,1789588690951,120817383986114
4,19874,0.0,1789588690951,120817383986114
5,19874,0.0,1789588690951,120817383986114
6,19874,9.1,1789588690951,120817383986114
7,19874,0.0,1789588690951,120817383986114
0,19975,0.0,1789588691052,120817386398305
1,19975,0.0,1789588691052,120817386398305
2,19975,0.0,1789588691052,120817386398305
3,19975,0.0,1789588691052,120817386398305
4,19975,0.0,1789588691052,120817386398305
5,19975,0.0,1789588691052,120817386398305
6,19975,0.0,1789588691052,120817386398305
7,19975,0.0,1789588691052,120817386398305
0,20075,0.0,1789588691152,120817388809365
1,20075,0.0,1789588691152,120817388809365
2,20075,0.0,1789588691152,120817388809365
3,20075,0.0,1789588691152,120817388809365
4,20075,0.0,1789588691152,120817388809365
5,20075,0.0,1789588691152,120817388809365
6,20075,0.0,1789588691152,120817388809365
7,20075,18.2,1789588691152,120817388809365
0,20176,0.0,1789588691253,120817391220848
1,20176,0.0,1789588691253,120817391220848
2,20176,0.0,1789588691253,120817391220848
3,20176,0.0,1789588691253,120817391220848
4,20176,0.0,1789588691253,120817391220848
5,20176,9.1,1789588691253,120817391220848
6,20176,0.0,1789588691253,120817391220848
7,20176,0.0,1789588691253,120817391220848
0,20276,0.0,1789588691353,120817393631890
1,20276,0.0,1789588691353,120817393631890
2,20276,0.0,1789588691353,120817393631890
3,20276,0.0,1789588691353,120817393631890
4,20276,0.0,1789588691353,120817393631890
5,20276,0.0,1789588691353,120817393631890
6,20276,0.0,1789588691353,120817393631890
7,20276,10.0,1789588691353,120817393631890
0,20376,10.0,1789588691453,120817396043167
1,20376,0.0,1789588691453,120817396043167
2,20376,0.0,1789588691453,120817396043167
3,20376,0.0,1789588691453,120817396043167
4,20376,0.0,1789588691453,120817396043167
5,20376,0.0,1789588691453,120817396043167
6,20376,0.0,1789588691453,120817396043167
7,20376,10.0,1789588691453,120817396043167
0,20477,0.0,1789588691554,120817398454153
1,20477,0.0,1789588691554,120817398454153
2,20477,0.0,1789588691554,120817398454153
3,20477,0.0,1789588691554,120817398454153
4,20477,0.0,1789588691554,120817398454153
5,20477,0.0,1789588691554,120817398454153
6,20477,9.1,1789588691554,120817398454153
7,20477,0.0,1789588691554,120817398454153
0,20577,0.0,1789588691654,120817400865499
1,20577,0.0,1789588691654,120817400865499
2,20577,0.0,1789588691654,120817400865499
3,20577,0.0,1789588691654,120817400865499
4,20577,0.0,1789588691654,120817400865499
5,20577,0.0,1789588691654,120817400865499
6,20577,0.0,1789588691654,120817400865499
7,20577,0.0,1789588691654,120817400865499
0,20678,0.0,1789588691755,120817403278029
1,20678,0.0,1789588691755,120817403278029
2,20678,0.0,1789588691755,120817403278029
3,20678,0.0,1789588691755,120817403278029
4,20678,0.0,1789588691755,120817403278029
5,20678,0.0,1789588691755,120817403278029
6,20678,0.0,1789588691755,120817403278029
7,20678,10.0,1789588691755,120817403278029
0,20778,0.0,1789588691855,120817405689986
1,20778,0.0,1789588691855,120817405689986
2,20778,0.0,1789588691855,120817405689986
3,20778,9.1,1789588691855,120817405689986
4,20778,9.1,1789588691855,120817405689986
5,20778,0.0,1789588691855,120817405689986
6,20778,0.0,1789588691855,120817405689986
7,20778,9.1,1789588691855,120817405689986
0,20879,0.0,1789588691956,120817408101593
1,20879,0.0,1789588691956,120817408101593
2,20879,0.0,1789588691956,120817408101593
3,20879,0.0,1789588691956,120817408101593
4,20879,0.0,1789588691956,120817408101593
5,20879,0.0,1789588691956,120817408101593
6,20879,10.0,1789588691956,120817408101593
7,20879,0.0,1789588691956,120817408101593
0,20979,0.0,1789588692056,120817410514077
1,20979,9.1,1789588692056,120817410514077
2,20979,0.0,1789588692056,120817410514077
3,20979,0.0,1789588692056,120817410514077
4,20979,0.0,1789588692056,120817410514077
5,20979,0.0,1789588692056,120817410514077
6,20979,0.0,1789588692056,120817410514077
7,20979,0.0,1789588692056,120817410514077
0,21080,11.1,1789588692157,120817412926828
1,21080,0.0,1789588692157,120817412926828
2,21080,0.0,1789588692157,120817412926828
3,21080,0.0,1789588692157,120817412926828
4,21080,0.0,1789588692157,120817412926828
5,21080,0.0,1789588692157,120817412926828
6,21080,0.0,1789588692157,120817412926828
7,21080,11.1,1789588692157,120817412926828
0,21181,0.0,1789588692258,120817415340262
1,21181,0.0,1789588692258,120817415340262
2,21181,0.0,1789588692258,120817415340262
3,21181,0.0,1789588692258,120817415340262
4,21181,0.0,1789588692258,120817415340262
5,21181,0.0,1789588692258,120817415340262
6,21181,0.0,1789588692258,120817415340262
7,21181,27.3,1789588692258,120817415340262
0,21281,11.1,1789588692358,120817417752585
1,21281,0.0,1789588692358,120817417752585
2,21281,0.0,1789588692358,120817417752585
3,21281,0.0,1789588692358,120817417752585
4,21281,0.0,1789588692358,120817417752585
5,21281,0.0,1789588692358,120817417752585
6,21281,20.0,1789588692358,120817417752585
7,21281,20.0,1789588692358,120817417752585
0,21382,12.5,1789588692459,120817420165055
1,21382,0.0,1789588692459,120817420165055
2,21382,0.0,1789588692459,120817420165055
3,21382,0.0,1789588692459,120817420165055
4,21382,0.0,1789588692459,120817420165055
5,21382,0.0,1789588692459,120817420165055
6,21382,10.0,1789588692459,120817420165055
7,21382,12.5,1789588692459,120817420165055
0,21482,12.5,1789588692559,120817422578505
1,21482,0.0,1789588692559,120817422578505
2,21482,0.0,1789588692559,120817422578505
3,21482,0.0,1789588692559,120817422578505
4,21482,0.0,1789588692559,120817422578505
5,21482,0.0,1789588692559,120817422578505
6,21482,33.3,1789588692559,120817422578505
7,21482,30.0,1789588692559,120817422578505
0,21583,22.2,1789588692660,120817424990770
1,21583,10.0,1789588692660,120817424990770
2,21583,0.0,1789588692660,120817424990770
3,21583,0.0,1789588692660,120817424990770
4,21583,0.0,1789588692660,120817424990770
5,21583,9.1,1789588692660,120817424990770
6,21583,11.1,1789588692660,120817424990770
7,21583,37.5,1789588692660,120817424990770
0,21683,25.0,1789588692760,120817427403364
1,21683,10.0,1789588692760,120817427403364
2,21683,10.0,1789588692760,120817427403364
3,21683,0.0,1789588692760,120817427403364
4,21683,0.0,1789588692760,120817427403364
5,21683,0.0,1789588692760,120817427403364
6,21683,22.2,1789588692760,120817427403364
7,21683,25.0,1789588692760,120817427403364
0,21784,12.5,1789588692861,120817429815796
1,21784,0.0,1789588692861,120817429815796
2,21784,0.0,1789588692861,120817429815796
3,21784,0.0,1789588692861,120817429815796
4,21784,0.0,1789588692861,120817429815796
5,21784,0.0,1789588692861,120817429815796
6,21784,11.1,1789588692861,120817429815796
7,21784,33.3,1789588692861,120817429815796
0,21884,20.0,1789588692961,120817432228388
1,21884,0.0,1789588692961,120817432228388
2,21884,0.0,1789588692961,120817432228388
3,21884,0.0,1789588692961,120817432228388
4,21884,0.0,1789588692961,120817432228388
5,21884,9.1,1789588692961,120817432228388
6,21884,18.2,1789588692961,120817432228388
7,21884,30.0,1789588692961,120817432228388
0,21985,12.5,1789588693062,120817434641357
1,21985,9.1,1789588693062,120817434641357
2,21985,0.0,1789588693062,120817434641357
3,21985,0.0,1789588693062,120817434641357
4,21985,0.0,1789588693062,120817434641357
5,21985,0.0,1789588693062,120817434641357
6,21985,20.0,1789588693062,120817434641357
7,21985,30.0,1789588693062,120817434641357
0,22085,28.6,1789588693162,120817437054277
1,22085,11.1,1789588693162,120817437054277
2,22085,0.0,1789588693162,120817437054277
3,22085,0.0,1789588693162,120817437054277
4,22085,0.0,1789588693162,120817437054277
5,22085,0.0,1789588693162,120817437054277
6,22085,40.0,1789588693162,120817437054277
7,22085,37.5,1789588693162,120817437054277
0,22186,40.0,1789588693263,120817439467106
1,22186,10.0,1789588693263,120817439467106
2,22186,0.0,1789588693263,120817439467106
3,22186,10.0,1789588693263,120817439467106
4,22186,0.0,1789588693263,120817439467106
5,22186,0.0,1789588693263,120817439467106
6,22186,22.2,1789588693263,120817439467106
7,22186,37.5,1789588693263,120817439467106
0,22286,33.3,1789588693363,120817441881110
1,22286,0.0,1789588693363,120817441881110
2,22286,0.0,1789588693363,120817441881110
3,22286,0.0,1789588693363,120817441881110
4,22286,9.1,1789588693363,120817441881110
5,22286,0.0,1789588693363,120817441881110
6,22286,33.3,1789588693363,120817441881110
7,22286,25.0,1789588693363,120817441881110
0,22387,0.0,1789588693464,120817444292004
1,22387,0.0,1789588693464,120817444292004
2,22387,0.0,1789588693464,120817444292004
3,22387,0.0,1789588693464,120817444292004
4,22387,0.0,1789588693464,120817444292004
5,22387,0.0,1789588693464,120817444292004
6,22387,0.0,1789588693464,120817444292004
7,22387,0.0,1789588693464,120817444292004
0,22487,0.0,1789588693564,120817446700075
1,22487,0.0,1789588693564,120817446700075
2,22487,0.0,1789588693564,120817446700075
3,22487,0.0,1789588693564,120817446700075
4,22487,0.0,1789588693564,120817446700075
5,22487,0.0,1789588693564,120817446700075
6,22487,0.0,1789588693564,120817446700075
7,22487,0.0,1789588693564,120817446700075
0,22588,0.0,1789588693665,120817449108956
1,22588,0.0,1789588693665,120817449108956
2,22588,0.0,1789588693665,120817449108956
3,22588,0.0,1789588693665,120817449108956
4,22588,0.0,1789588693665,120817449108956
5,22588,0.0,1789588693665,120817449108956
6,22588,0.0,1789588693665,120817449108956
7,22588,0.0,1789588693665,120817449108956
0,22688,0.0,1789588693765,120817451517793
1,22688,0.0,1789588693765,120817451517793
2,22688,0.0,1789588693765,120817451517793
3,22688,0.0,1789588693765,120817451517793
4,22688,0.0,1789588693765,120817451517793
5,22688,0.0,1789588693765,120817451517793
6,22688,0.0,1789588693765,120817451517793
7,22688,0.0,1789588693765,120817451517793
0,22788,0.0,1789588693865,120817453928892
1,22788,0.0,1789588693865,120817453928892
2,22788,0.0,1789588693865,120817453928892
3,22788,0.0,1789588693865,120817453928892
4,22788,0.0,1789588693865,120817453928892
5,22788,0.0,1789588693865,120817453928892
6,22788,0.0,1789588693865,120817453928892
7,22788,9.1,1789588693865,120817453928892
0,22889,0.0,1789588693966,120817456338836
1,22889,0.0,1789588693966,120817456338836
2,22889,0.0,1789588693966,120817456338836
3,22889,0.0,1789588693966,120817456338836
4,22889,0.0,1789588693966,120817456338836
5,22889,0.0,1789588693966,120817456338836
6,22889,0.0,1789588693966,120817456338836
7,22889,0.0,1789588693966,120817456338836
0,22989,0.0,1789588694066,120817458747894
1,22989,0.0,1789588694066,120817458747894
2,22989,0.0,1789588694066,120817458747894
3,22989,0.0,1789588694066,120817458747894
4,22989,0.0,1789588694066,120817458747894
5,22989,0.0,1789588694066,120817458747894
6,22989,0.0,1789588694066,120817458747894
7,22989,0.0,1789588694066,120817458747894
0,23090,0.0,1789588694167,120817461156135
1,23090,0.0,1789588694167,120817461156135
2,23090,0.0,1789588694167,120817461156135
3,23090,0.0,1789588694167,120817461156135
4,23090,0.0,1789588694167,120817461156135
5,23090,0.0,1789588694167,120817461156135
6,23090,0.0,1789588694167,120817461156135
7,23090,0.0,1789588694167,120817461156135
0,23190,0.0,1789588694267,120817463566517
1,23190,0.0,1789588694267,120817463566517
2,23190,0.0,1789588694267,120817463566517
3,23190,0.0,1789588694267,120817463566517
4,23190,0.0,1789588694267,120817463566517
5,23190,0.0,1789588694267,120817463566517
6,23190,0.0,1789588694267,120817463566517
7,23190,0.0,1789588694267,120817463566517
0,23290,0.0,1789588694367,120817465975051
1,23290,0.0,1789588694367,120817465975051
2,23290,0.0,1789588694367,120817465975051
3,23290,0.0,1789588694367,120817465975051
4,23290,9.1,1789588694367,120817465975051
5,23290,0.0,1789588694367,120817465975051
6,23290,0.0,1789588694367,120817465975051
7,23290,0.0,1789588694367,120817465975051
0,23391,12.5,1789588694468,120817468386249
1,23391,10.0,1789588694468,120817468386249
2,23391,0.0,1789588694468,120817468386249
3,23391,0.0,1789588694468,120817468386249
4,23391,0.0,1789588694468,120817468386249
5,23391,0.0,1789588694468,120817468386249
6,23391,27.3,1789588694468,120817468386249
7,23391,30.0,1789588694468,120817468386249
0,23491,44.4,1789588694568,120817470799038
1,23491,0.0,1789588694568,120817470799038
2,23491,0.0,1789588694568,120817470799038
3,23491,9.1,1789588694568,120817470799038
4,23491,0.0,1789588694568,120817470799038
5,23491,0.0,1789588694568,120817470799038
6,23491,0.0,1789588694568,120817470799038
7,23491,28.6,1789588694568,120817470799038
0,23592,14.3,1789588694669,120817473212392
1,23592,10.0,1789588694669,120817473212392
2,23592,0.0,1789588694669,120817473212392
3,23592,0.0,1789588694669,120817473212392
4,23592,0.0,1789588694669,120817473212392
5,23592,0.0,1789588694669,120817473212392
6,23592,41.7,1789588694669,120817473212392
7,23592,25.0,1789588694669,120817473212392
0,23692,25.0,1789588694769,120817475624512
1,23692,10.0,1789588694769,120817475624512
2,23692,11.1,1789588694769,120817475624512
3,23692,9.1,1789588694769,120817475624512
4,23692,0.0,1789588694769,120817475624512
5,23692,10.0,1789588694769,120817475624512
6,23692,27.3,1789588694769,120817475624512
7,23692,22.2,1789588694769,120817475624512
0,23793,27.3,1789588694870,120817478037500
1,23793,0.0,1789588694870,120817478037500
2,23793,9.1,1789588694870,120817478037500
3,23793,0.0,1789588694870,120817478037500
4,23793,0.0,1789588694870,120817478037500
5,23793,30.0,1789588694870,120817478037500
6,23793,11.1,1789588694870,120817478037500
7,23793,10.0,1789588694870,120817478037500
0,23893,22.2,1789588694970,120817480449523
1,23893,0.0,1789588694970,120817480449523
2,23893,0.0,1789588694970,120817480449523
3,23893,0.0,1789588694970,120817480449523
4,23893,0.0,1789588694970,120817480449523
5,23893,36.4,1789588694970,120817480449523
6,23893,0.0,1789588694970,120817480449523
7,23893,0.0,1789588694970,120817480449523
0,23994,10.0,1789588695071,120817482862951
1,23994,0.0,1789588695071,120817482862951
2,23994,10.0,1789588695071,120817482862951
3,23994,0.0,1789588695071,120817482862951
4,23994,20.0,1789588695071,120817482862951
5,23994,0.0,1789588695071,120817482862951
6,23994,9.1,1789588695071,120817482862951
7,23994,10.0,1789588695071,120817482862951
0,24095,20.0,1789588695172,120817485276042
1,24095,20.0,1789588695172,120817485276042
2,24095,10.0,1789588695172,120817485276042
3,24095,18.2,1789588695172,120817485276042
4,24095,0.0,1789588695172,120817485276042
5,24095,10.0,1789588695172,120817485276042
6,24095,0.0,1789588695172,120817485276042
7,24095,10.0,1789588695172,120817485276042
0,24195,80.0,1789588695272,120817487691620
1,24195,55.6,1789588695272,120817487691620
2,24195,44.4,1789588695272,120817487691620
3,24195,44.4,1789588695272,120817487691620
4,24195,40.0,1789588695272,120817487691620
5,24195,33.3,1789588695272,120817487691620
6,24195,30.0,1789588695272,120817487691620
7,24195,27.3,1789588695272,120817487691620
0,24296,80.0,1789588695373,120817490105278
1,24296,60.0,1789588695373,120817490105278
2,24296,50.0,1789588695373,120817490105278
3,24296,50.0,1789588695373,120817490105278
4,24296,37.5,1789588695373,120817490105278
5,24296,22.2,1789588695373,120817490105278
6,24296,22.2,1789588695373,120817490105278
7,24296,22.2,1789588695373,120817490105278
0,24397,88.9,1789588695474,120817492538064
1,24397,60.0,1789588695474,120817492538064
2,24397,50.0,1789588695474,120817492538064
3,24397,50.0,1789588695474,120817492538064
4,24397,44.4,1789588695474,120817492538064
5,24397,30.0,1789588695474,120817492538064
6,24397,27.3,1789588695474,120817492538064
7,24397,36.4,1789588695474,120817492538064
0,24498,80.0,1789588695575,120817494954446
1,24498,50.0,1789588695575,120817494954446
2,24498,50.0,1789588695575,120817494954446
3,24498,50.0,1789588695575,120817494954446
4,24498,40.0,1789588695575,120817494954446
5,24498,30.0,1789588695575,120817494954446
6,24498,30.0,1789588695575,120817494954446
7,24498,22.2,1789588695575,120817494954446
0,24599,88.9,1789588695676,120817497377429
1,24599,63.6,1789588695676,120817497377429
2,24599,44.4,1789588695676,120817497377429
3,24599,44.4,1789588695676,120817497377429
4,24599,50.0,1789588695676,120817497377429
5,24599,22.2,1789588695676,120817497377429
6,24599,22.2,1789588695676,120817497377429
7,24599,22.2,1789588695676,120817497377429
0,24700,81.8,1789588695777,120817499794592
1,24700,55.6,1789588695777,120817499794592
2,24700,44.4,1789588695777,120817499794592
3,24700,44.4,1789588695777,120817499794592
4,24700,44.4,1789588695777,120817499794592
5,24700,36.4,1789588695777,120817499794592
6,24700,36.4,1789588695777,120817499794592
7,24700,36.4,1789588695777,120817499794592
0,24800,80.0,1789588695877,120817502209385
1,24800,50.0,1789588695877,120817502209385
2,24800,54.5,1789588695877,120817502209385
3,24800,50.0,1789588695877,120817502209385
4,24800,50.0,1789588695877,120817502209385
5,24800,30.0,1789588695877,120817502209385
6,24800,30.0,1789588695877,120817502209385
7,24800,36.4,1789588695877,120817502209385
0,24901,72.7,1789588695978,120817504625491
1,24901,44.4,1789588695978,120817504625491
2,24901,66.7,1789588695978,120817504625491
3,24901,40.0,1789588695978,120817504625491
4,24901,33.3,1789588695978,120817504625491
5,24901,27.3,1789588695978,120817504625491
6,24901,27.3,1789588695978,120817504625491
7,24901,20.0,1789588695978,120817504625491
0,25001,88.9,1789588696078,120817507039356
1,25001,60.0,1789588696078,120817507039356
2,25001,50.0,1789588696078,120817507039356
3,25001,50.0,1789588696078,120817507039356
4,25001,54.5,1789588696078,120817507039356
5,25001,36.4,1789588696078,120817507039356
6,25001,36.4,1789588696078,120817507039356
7,25001,41.7,1789588696078,120817507039356
0,25102,80.0,1789588696179,120817509456808
1,25102,63.6,1789588696179,120817509456808
2,25102,54.5,1789588696179,120817509456808
3,25102,54.5,1789588696179,120817509456808
4,25102,54.5,1789588696179,120817509456808
5,25102,22.2,1789588696179,120817509456808
6,25102,22.2,1789588696179,120817509456808
7,25102,22.2,1789588696179,120817509456808
0,25203,33.3,1789588696280,120817511869998
1,25203,20.0,1789588696280,120817511869998
2,25203,33.3,1789588696280,120817511869998
3,25203,50.0,1789588696280,120817511869998
4,25203,11.1,1789588696280,120817511869998
5,25203,11.1,1789588696280,120817511869998
6,25203,30.0,1789588696280,120817511869998
7,25203,11.1,1789588696280,120817511869998
0,25303,0.0,1789588696380,120817514282972
1,25303,30.0,1789588696380,120817514282972
2,25303,0.0,1789588696380,120817514282972
3,25303,9.1,1789588696380,120817514282972
4,25303,0.0,1789588696380,120817514282972
5,25303,0.0,1789588696380,120817514282972
6,25303,11.1,1789588696380,120817514282972
7,25303,10.0,1789588696380,120817514282972
0,25404,0.0,1789588696481,120817516695420
1,25404,11.1,1789588696481,120817516695420
2,25404,0.0,1789588696481,120817516695420
3,25404,0.0,1789588696481,120817516695420
4,25404,0.0,1789588696481,120817516695420
5,25404,0.0,1789588696481,120817516695420
6,25404,40.0,1789588696481,120817516695420
7,25404,9.1,1789588696481,120817516695420
0,25504,10.0,1789588696581,120817519109364
1,25504,9.1,1789588696581,120817519109364
2,25504,10.0,1789588696581,120817519109364
3,25504,0.0,1789588696581,120817519109364
4,25504,20.0,1789588696581,120817519109364
5,25504,10.0,1789588696581,120817519109364
6,25504,10.0,1789588696581,120817519109364
7,25504,0.0,1789588696581,120817519109364
0,25605,0.0,1789588696682,120817521522359
1,25605,0.0,1789588696682,120817521522359
2,25605,0.0,1789588696682,120817521522359
3,25605,0.0,1789588696682,120817521522359
4,25605,0.0,1789588696682,120817521522359
5,25605,18.2,1789588696682,120817521522359
6,25605,0.0,1789588696682,120817521522359
7,25605,10.0,1789588696682,120817521522359
0,25705,0.0,1789588696782,120817523935114
1,25705,0.0,1789588696782,120817523935114
2,25705,0.0,1789588696782,120817523935114
3,25705,0.0,1789588696782,120817523935114
4,25705,0.0,1789588696782,120817523935114
5,25705,0.0,1789588696782,120817523935114
6,25705,0.0,1789588696782,120817523935114
7,25705,10.0,1789588696782,120817523935114
0,25806,18.2,1789588696883,120817526348521
1,25806,0.0,1789588696883,120817526348521
2,25806,10.0,1789588696883,120817526348521
3,25806,10.0,1789588696883,120817526348521
4,25806,18.2,1789588696883,120817526348521
5,25806,0.0,1789588696883,120817526348521
6,25806,9.1,1789588696883,120817526348521
7,25806,20.0,1789588696883,120817526348521
0,25906,0.0,1789588696983,120817528760936
1,25906,0.0,1789588696983,120817528760936
2,25906,30.0,1789588696983,120817528760936
3,25906,9.1,1789588696983,120817528760936
4,25906,0.0,1789588696983,120817528760936
5,25906,0.0,1789588696983,120817528760936
6,25906,0.0,1789588696983,120817528760936
7,25906,20.0,1789588696983,120817528760936
0,26007,0.0,1789588697084,120817531174292
1,26007,0.0,1789588697084,120817531174292
2,26007,0.0,1789588697084,120817531174292
3,26007,0.0,1789588697084,120817531174292
4,26007,0.0,1789588697084,120817531174292
5,26007,45.5,1789588697084,120817531174292
6,26007,0.0,1789588697084,120817531174292
7,26007,0.0,1789588697084,120817531174292
0,26108,18.2,1789588697185,120817533586055
1,26108,0.0,1789588697185,120817533586055
2,26108,45.5,1789588697185,120817533586055
3,26108,0.0,1789588697185,120817533586055
4,26108,0.0,1789588697185,120817533586055
5,26108,10.0,1789588697185,120817533586055
6,26108,0.0,1789588697185,120817533586055
7,26108,0.0,1789588697185,120817533586055
0,26208,0.0,1789588697285,120817535999124
1,26208,0.0,1789588697285,120817535999124
2,26208,0.0,1789588697285,120817535999124
3,26208,0.0,1789588697285,120817535999124
4,26208,0.0,1789588697285,120817535999124
5,26208,0.0,1789588697285,120817535999124
6,26208,10.0,1789588697285,120817535999124
7,26208,18.2,1789588697285,120817535999124
0,26309,0.0,1789588697386,120817538411379
1,26309,10.0,1789588697386,120817538411379
2,26309,9.1,1789588697386,120817538411379
3,26309,10.0,1789588697386,120817538411379
4,26309,0.0,1789588697386,120817538411379
5,26309,9.1,1789588697386,120817538411379
6,26309,0.0,1789588697386,120817538411379
7,26309,10.0,1789588697386,120817538411379
0,26409,0.0,1789588697486,120817540822783
1,26409,0.0,1789588697486,120817540822783
2,26409,0.0,1789588697486,120817540822783
3,26409,0.0,1789588697486,120817540822783
4,26409,0.0,1789588697486,120817540822783
5,26409,0.0,1789588697486,120817540822783
6,26409,0.0,1789588697486,120817540822783
7,26409,0.0,1789588697486,120817540822783
0,26509,0.0,1789588697586,120817543231126
1,26509,0.0,1789588697586,120817543231126
2,26509,0.0,1789588697586,120817543231126
3,26509,0.0,1789588697586,120817543231126
4,26509,0.0,1789588697586,120817543231126
5,26509,0.0,1789588697586,120817543231126
6,26509,0.0,1789588697586,120817543231126
7,26509,0.0,1789588697586,120817543231126
0,26610,0.0,1789588697687,120817545638569
1,26610,0.0,1789588697687,120817545638569
2,26610,0.0,1789588697687,120817545638569
3,26610,0.0,1789588697687,120817545638569
4,26610,0.0,1789588697687,120817545638569
5,26610,0.0,1789588697687,120817545638569
6,26610,0.0,1789588697687,120817545638569
7,26610,9.1,1789588697687,120817545638569
0,26710,0.0,1789588697787,120817548046765
1,26710,0.0,1789588697787,120817548046765
2,26710,0.0,1789588697787,120817548046765
3,26710,0.0,1789588697787,120817548046765
4,26710,0.0,1789588697787,120817548046765
5,26710,0.0,1789588697787,120817548046765
6,26710,0.0,1789588697787,120817548046765
7,26710,0.0,1789588697787,120817548046765
0,26810,0.0,1789588697887,120817550454187
1,26810,0.0,1789588697887,120817550454187
2,26810,0.0,1789588697887,120817550454187
3,26810,0.0,1789588697887,120817550454187
4,26810,0.0,1789588697887,120817550454187
5,26810,0.0,1789588697887,120817550454187
6,26810,0.0,1789588697887,120817550454187
7,26810,0.0,1789588697887,120817550454187
0,26911,0.0,1789588697988,120817552861393
1,26911,0.0,1789588697988,120817552861393
2,26911,0.0,1789588697988,120817552861393
3,26911,0.0,1789588697988,120817552861393
4,26911,0.0,1789588697988,120817552861393
5,26911,0.0,1789588697988,120817552861393
6,26911,0.0,1789588697988,120817552861393
7,26911,0.0,1789588697988,120817552861393
0,27011,0.0,1789588698088,120817555269218
1,27011,0.0,1789588698088,120817555269218
2,27011,0.0,1789588698088,120817555269218
3,27011,0.0,1789588698088,120817555269218
4,27011,0.0,1789588698088,120817555269218
5,27011,0.0,1789588698088,120817555269218
6,27011,0.0,1789588698088,120817555269218
7,27011,0.0,1789588698088,120817555269218
0,27111,0.0,1789588698188,120817557676704
1,27111,0.0,1789588698188,120817557676704
2,27111,0.0,1789588698188,120817557676704
3,27111,0.0,1789588698188,120817557676704
4,27111,0.0,1789588698188,120817557676704
5,27111,0.0,1789588698188,120817557676704
6,27111,0.0,1789588698188,120817557676704
7,27111,0.0,1789588698188,120817557676704
0,27212,0.0,1789588698289,120817560085518
1,27212,0.0,1789588698289,120817560085518
2,27212,0.0,1789588698289,120817560085518
3,27212,0.0,1789588698289,120817560085518
4,27212,9.1,1789588698289,120817560085518
5,27212,0.0,1789588698289,120817560085518
6,27212,0.0,1789588698289,120817560085518
7,27212,0.0,1789588698289,120817560085518
0,27312,0.0,1789588698389,120817562492814
1,27312,0.0,1789588698389,120817562492814
2,27312,0.0,1789588698389,120817562492814
3,27312,0.0,1789588698389,120817562492814
4,27312,0.0,1789588698389,120817562492814
5,27312,0.0,1789588698389,120817562492814
6,27312,0.0,1789588698389,120817562492814
7,27312,0.0,1789588698389,120817562492814
0,27412,0.0,1789588698489,120817564899972
1,27412,0.0,1789588698489,120817564899972
2,27412,0.0,1789588698489,120817564899972
3,27412,0.0,1789588698489,120817564899972
4,27412,0.0,1789588698489,120817564899972
5,27412,0.0,1789588698489,120817564899972
6,27412,0.0,1789588698489,120817564899972
7,27412,0.0,1789588698489,120817564899972
0,27513,0.0,1789588698590,120817567307003
1,27513,0.0,1789588698590,120817567307003
2,27513,0.0,1789588698590,120817567307003
3,27513,0.0,1789588698590,120817567307003
4,27513,0.0,1789588698590,120817567307003
5,27513,0.0,1789588698590,120817567307003
6,27513,0.0,1789588698590,120817567307003
7,27513,0.0,1789588698590,120817567307003
0,27613,0.0,1789588698690,120817569713857
1,27613,0.0,1789588698690,120817569713857
2,27613,0.0,1789588698690,120817569713857
3,27613,0.0,1789588698690,120817569713857
4,27613,0.0,1789588698690,120817569713857
5,27613,0.0,1789588698690,120817569713857
6,27613,0.0,1789588698690,120817569713857
7,27613,0.0,1789588698690,120817569713857
0,27713,0.0,1789588698790,120817572123971
1,27713,0.0,1789588698790,120817572123971
2,27713,0.0,1789588698790,120817572123971
3,27713,18.2,1789588698790,120817572123971
4,27713,0.0,1789588698790,120817572123971
5,27713,0.0,1789588698790,120817572123971
6,27713,0.0,1789588698790,120817572123971
7,27713,0.0,1789588698790,120817572123971
0,27814,0.0,1789588698891,120817574533201
1,27814,0.0,1789588698891,120817574533201
2,27814,0.0,1789588698891,120817574533201
3,27814,0.0,1789588698891,120817574533201
4,27814,0.0,1789588698891,120817574533201
5,27814,0.0,1789588698891,120817574533201
6,27814,0.0,1789588698891,120817574533201
7,27814,0.0,1789588698891,120817574533201
0,27914,0.0,1789588698991,120817576941798
1,27914,0.0,1789588698991,120817576941798
2,27914,0.0,1789588698991,120817576941798
3,27914,0.0,1789588698991,120817576941798
4,27914,0.0,1789588698991,120817576941798
5,27914,0.0,1789588698991,120817576941798
6,27914,0.0,1789588698991,120817576941798
7,27914,0.0,1789588698991,120817576941798
0,28014,0.0,1789588699091,120817579349193
1,28014,0.0,1789588699091,120817579349193
2,28014,0.0,1789588699091,120817579349193
3,28014,0.0,1789588699091,120817579349193
4,28014,9.1,1789588699091,120817579349193
5,28014,0.0,1789588699091,120817579349193
6,28014,0.0,1789588699091,120817579349193
7,28014,9.1,1789588699091,120817579349193
0,28115,0.0,1789588699192,120817581756650
1,28115,0.0,1789588699192,120817581756650
2,28115,0.0,1789588699192,120817581756650
3,28115,0.0,1789588699192,120817581756650
4,28115,0.0,1789588699192,120817581756650
5,28115,0.0,1789588699192,120817581756650
6,28115,0.0,1789588699192,120817581756650
7,28115,0.0,1789588699192,120817581756650
0,28215,0.0,1789588699292,120817584163785
1,28215,0.0,1789588699292,120817584163785
2,28215,0.0,1789588699292,120817584163785
3,28215,0.0,1789588699292,120817584163785
4,28215,0.0,1789588699292,120817584163785
5,28215,0.0,1789588699292,120817584163785
6,28215,0.0,1789588699292,120817584163785
7,28215,0.0,1789588699292,120817584163785
0,28315,0.0,1789588699392,120817586573033
1,28315,0.0,1789588699392,120817586573033
2,28315,0.0,1789588699392,120817586573033
3,28315,0.0,1789588699392,120817586573033
4,28315,0.0,1789588699392,120817586573033
5,28315,0.0,1789588699392,120817586573033
6,28315,0.0,1789588699392,120817586573033
7,28315,0.0,1789588699392,120817586573033
0,28416,0.0,1789588699493,120817588985725
1,28416,0.0,1789588699493,120817588985725
2,28416,0.0,1789588699493,120817588985725
3,28416,0.0,1789588699493,120817588985725
4,28416,18.2,1789588699493,120817588985725
5,28416,30.0,1789588699493,120817588985725
6,28416,11.1,1789588699493,120817588985725
7,28416,0.0,1789588699493,120817588985725
0,28516,0.0,1789588699593,120817591398029
1,28516,0.0,1789588699593,120817591398029
2,28516,0.0,1789588699593,120817591398029
3,28516,0.0,1789588699593,120817591398029
4,28516,0.0,1789588699593,120817591398029
5,28516,33.3,1789588699593,120817591398029
6,28516,30.0,1789588699593,120817591398029
7,28516,0.0,1789588699593,120817591398029
0,28617,20.0,1789588699694,120817593812372
1,28617,0.0,1789588699694,120817593812372
2,28617,10.0,1789588699694,120817593812372
3,28617,11.1,1789588699694,120817593812372
4,28617,10.0,1789588699694,120817593812372
5,28617,11.1,1789588699694,120817593812372
6,28617,10.0,1789588699694,120817593812372
7,28617,11.1,1789588699694,120817593812372
0,28718,0.0,1789588699795,120817596225509
1,28718,20.0,1789588699795,120817596225509
2,28718,0.0,1789588699795,120817596225509
3,28718,0.0,1789588699795,120817596225509
4,28718,0.0,1789588699795,120817596225509
5,28718,0.0,1789588699795,120817596225509
6,28718,0.0,1789588699795,120817596225509
7,28718,0.0,1789588699795,120817596225509
0,28818,10.0,1789588699895,120817598638676
1,28818,10.0,1789588699895,120817598638676
2,28818,10.0,1789588699895,120817598638676
3,28818,10.0,1789588699895,120817598638676
4,28818,0.0,1789588699895,120817598638676
5,28818,0.0,1789588699895,120817598638676
6,28818,0.0,1789588699895,120817598638676
7,28818,27.3,1789588699895,120817598638676
0,28919,0.0,1789588699996,120817601050301
1,28919,0.0,1789588699996,120817601050301
2,28919,0.0,1789588699996,120817601050301
3,28919,9.1,1789588699996,120817601050301
4,28919,0.0,1789588699996,120817601050301
5,28919,0.0,1789588699996,120817601050301
6,28919,0.0,1789588699996,120817601050301
7,28919,0.0,1789588699996,120817601050301
0,29019,0.0,1789588700096,120817603460510
1,29019,0.0,1789588700096,120817603460510
2,29019,0.0,1789588700096,120817603460510
3,29019,0.0,1789588700096,120817603460510
4,29019,0.0,1789588700096,120817603460510
5,29019,0.0,1789588700096,120817603460510
6,29019,0.0,1789588700096,120817603460510
7,29019,0.0,1789588700096,120817603460510
0,29119,0.0,1789588700196,120817605869357
1,29119,0.0,1789588700196,120817605869357
2,29119,0.0,1789588700196,120817605869357
3,29119,0.0,1789588700196,120817605869357
4,29119,0.0,1789588700196,120817605869357
5,29119,0.0,1789588700196,120817605869357
6,29119,0.0,1789588700196,120817605869357
7,29119,0.0,1789588700196,120817605869357
0,29220,0.0,1789588700297,120817608277108
1,29220,0.0,1789588700297,120817608277108
2,29220,0.0,1789588700297,120817608277108
3,29220,0.0,1789588700297,120817608277108
4,29220,0.0,1789588700297,120817608277108
5,29220,0.0,1789588700297,120817608277108
6,29220,0.0,1789588700297,120817608277108
7,29220,0.0,1789588700297,120817608277108
0,29320,0.0,1789588700397,120817610684323
1,29320,0.0,1789588700397,120817610684323
2,29320,0.0,1789588700397,120817610684323
3,29320,0.0,1789588700397,120817610684323
4,29320,0.0,1789588700397,120817610684323
5,29320,0.0,1789588700397,120817610684323
6,29320,0.0,1789588700397,120817610684323
7,29320,0.0,1789588700397,120817610684323
0,29420,0.0,1789588700497,120817613091737
1,29420,0.0,1789588700497,120817613091737
2,29420,0.0,1789588700497,120817613091737
3,29420,0.0,1789588700497,120817613091737
4,29420,0.0,1789588700497,120817613091737
5,29420,0.0,1789588700497,120817613091737
6,29420,0.0,1789588700497,120817613091737
7,29420,0.0,1789588700497,120817613091737
0,29521,0.0,1789588700598,120817615498772
1,29521,0.0,1789588700598,120817615498772
2,29521,0.0,1789588700598,120817615498772
3,29521,0.0,1789588700598,120817615498772
4,29521,0.0,1789588700598,120817615498772
5,29521,0.0,1789588700598,120817615498772
6,29521,0.0,1789588700598,120817615498772
7,29521,0.0,1789588700598,120817615498772
0,29621,0.0,1789588700698,120817617905583
1,29621,0.0,1789588700698,120817617905583
2,29621,0.0,1789588700698,120817617905583
3,29621,0.0,1789588700698,120817617905583
4,29621,0.0,1789588700698,120817617905583
5,29621,0.0,1789588700698,120817617905583
6,29621,0.0,1789588700698,120817617905583
7,29621,0.0,1789588700698,120817617905583
0,29721,0.0,1789588700798,120817620316619
1,29721,0.0,1789588700798,120817620316619
2,29721,0.0,1789588700798,120817620316619
3,29721,0.0,1789588700798,120817620316619
4,29721,0.0,1789588700798,120817620316619
5,29721,0.0,1789588700798,120817620316619
6,29721,0.0,1789588700798,120817620316619
7,29721,0.0,1789588700798,120817620316619
0,29822,0.0,1789588700899,120817622725411
1,29822,0.0,1789588700899,120817622725411
2,29822,0.0,1789588700899,120817622725411
3,29822,0.0,1789588700899,120817622725411
4,29822,0.0,1789588700899,120817622725411
5,29822,0.0,1789588700899,120817622725411
6,29822,0.0,1789588700899,120817622725411
7,29822,0.0,1789588700899,120817622725411
0,29922,0.0,1789588700999,120817625133701
1,29922,0.0,1789588700999,120817625133701
2,29922,0.0,1789588700999,120817625133701
3,29922,0.0,1789588700999,120817625133701
4,29922,0.0,1789588700999,120817625133701
5,29922,0.0,1789588700999,120817625133701
6,29922,0.0,1789588700999,120817625133701
7,29922,0.0,1789588700999,120817625133701
0,30022,0.0,1789588701099,120817627540821
1,30022,0.0,1789588701099,120817627540821
2,30022,0.0,1789588701099,120817627540821
3,30022,0.0,1789588701099,120817627540821
4,30022,0.0,1789588701099,120817627540821
5,30022,0.0,1789588701099,120817627540821
6,30022,0.0,1789588701099,120817627540821
7,30022,0.0,1789588701099,120817627540821
0,30123,0.0,1789588701200,120817629947960
1,30123,0.0,1789588701200,120817629947960
2,30123,0.0,1789588701200,120817629947960
3,30123,0.0,1789588701200,120817629947960
4,30123,0.0,1789588701200,120817629947960
5,30123,0.0,1789588701200,120817629947960
6,30123,0.0,1789588701200,120817629947960
7,30123,0.0,1789588701200,120817629947960
0,30223,0.0,1789588701300,120817632355053
1,30223,0.0,1789588701300,120817632355053
2,30223,0.0,1789588701300,120817632355053
3,30223,0.0,1789588701300,120817632355053
4,30223,0.0,1789588701300,120817632355053
5,30223,0.0,1789588701300,120817632355053
6,30223,0.0,1789588701300,120817632355053
7,30223,0.0,1789588701300,120817632355053
0,30323,0.0,1789588701400,120817634762319
1,30323,0.0,1789588701400,120817634762319
2,30323,0.0,1789588701400,120817634762319
3,30323,0.0,1789588701400,120817634762319
4,30323,0.0,1789588701400,120817634762319
5,30323,0.0,1789588701400,120817634762319
6,30323,0.0,1789588701400,120817634762319
7,30323,0.0,1789588701400,120817634762319
0,30424,0.0,1789588701501,120817637169374
1,30424,0.0,1789588701501,120817637169374
2,30424,0.0,1789588701501,120817637169374
3,30424,0.0,1789588701501,120817637169374
4,30424,0.0,1789588701501,120817637169374
5,30424,0.0,1789588701501,120817637169374
6,30424,0.0,1789588701501,120817637169374
7,30424,0.0,1789588701501,120817637169374
0,30524,0.0,1789588701601,120817639576128
1,30524,0.0,1789588701601,120817639576128
2,30524,0.0,1789588701601,120817639576128
3,30524,0.0,1789588701601,120817639576128
4,30524,0.0,1789588701601,120817639576128
5,30524,0.0,1789588701601,120817639576128
6,30524,0.0,1789588701601,120817639576128
7,30524,0.0,1789588701601,120817639576128
0,30624,0.0,1789588701701,120817641982892
1,30624,0.0,1789588701701,120817641982892
2,30624,0.0,1789588701701,120817641982892
3,30624,0.0,1789588701701,120817641982892
4,30624,0.0,1789588701701,120817641982892
5,30624,0.0,1789588701701,120817641982892
6,30624,0.0,1789588701701,120817641982892
7,30624,0.0,1789588701701,120817641982892
0,30724,0.0,1789588701801,120817644389572
1,30724,0.0,1789588701801,120817644389572
2,30724,0.0,1789588701801,120817644389572
3,30724,0.0,1789588701801,120817644389572
4,30724,0.0,1789588701801,120817644389572
5,30724,0.0,1789588701801,120817644389572
6,30724,0.0,1789588701801,120817644389572
7,30724,0.0,1789588701801,120817644389572
0,30825,0.0,1789588701902,120817646797456
1,30825,0.0,1789588701902,120817646797456
2,30825,0.0,1789588701902,120817646797456
3,30825,0.0,1789588701902,120817646797456
4,30825,0.0,1789588701902,120817646797456
5,30825,0.0,1789588701902,120817646797456
6,30825,0.0,1789588701902,120817646797456
7,30825,0.0,1789588701902,120817646797456
0,30925,0.0,1789588702002,120817649211047
1,30925,0.0,1789588702002,120817649211047
2,30925,10.0,1789588702002,120817649211047
3,30925,0.0,1789588702002,120817649211047
4,30925,10.0,1789588702002,120817649211047
5,30925,0.0,1789588702002,120817649211047
6,30925,36.4,1789588702002,120817649211047
7,30925,0.0,1789588702002,120817649211047
0,31026,0.0,1789588702103,120817651622874
1,31026,0.0,1789588702103,120817651622874
2,31026,40.0,1789588702103,120817651622874
3,31026,0.0,1789588702103,120817651622874
4,31026,0.0,1789588702103,120817651622874
5,31026,0.0,1789588702103,120817651622874
6,31026,0.0,1789588702103,120817651622874
7,31026,0.0,1789588702103,120817651622874
0,31126,18.2,1789588702203,120817654035566
1,31126,9.1,1789588702203,120817654035566
2,31126,10.0,1789588702203,120817654035566
3,31126,25.0,1789588702203,120817654035566
4,31126,0.0,1789588702203,120817654035566
5,31126,9.1,1789588702203,120817654035566
6,31126,40.0,1789588702203,120817654035566
7,31126,0.0,1789588702203,120817654035566
0,31227,0.0,1789588702304,120817656448042
1,31227,0.0,1789588702304,120817656448042
2,31227,10.0,1789588702304,120817656448042
3,31227,0.0,1789588702304,120817656448042
4,31227,10.0,1789588702304,120817656448042
5,31227,0.0,1789588702304,120817656448042
6,31227,10.0,1789588702304,120817656448042
7,31227,10.0,1789588702304,120817656448042
0,31327,9.1,1789588702404,120817658861133
1,31327,0.0,1789588702404,120817658861133
2,31327,9.1,1789588702404,120817658861133
3,31327,0.0,1789588702404,120817658861133
4,31327,10.0,1789588702404,120817658861133
5,31327,0.0,1789588702404,120817658861133
6,31327,0.0,1789588702404,120817658861133
7,31327,9.1,1789588702404,120817658861133
0,31428,0.0,1789588702505,120817661274151
1,31428,0.0,1789588702505,120817661274151
2,31428,10.0,1789588702505,120817661274151
3,31428,0.0,1789588702505,120817661274151
4,31428,0.0,1789588702505,120817661274151
5,31428,9.1,1789588702505,120817661274151
6,31428,0.0,1789588702505,120817661274151
7,31428,10.0,1789588702505,120817661274151
0,31528,0.0,1789588702605,120817663683623
1,31528,0.0,1789588702605,120817663683623
2,31528,0.0,1789588702605,120817663683623
3,31528,0.0,1789588702605,120817663683623
4,31528,0.0,1789588702605,120817663683623
5,31528,0.0,1789588702605,120817663683623
6,31528,0.0,1789588702605,120817663683623
7,31528,0.0,1789588702605,120817663683623
0,31629,0.0,1789588702706,120817666091108
1,31629,0.0,1789588702706,120817666091108
2,31629,0.0,1789588702706,120817666091108
3,31629,0.0,1789588702706,120817666091108
4,31629,0.0,1789588702706,120817666091108
5,31629,0.0,1789588702706,120817666091108
6,31629,0.0,1789588702706,120817666091108
7,31629,0.0,1789588702706,120817666091108
0,31729,0.0,1789588702806,120817668500335
1,31729,0.0,1789588702806,120817668500335
2,31729,0.0,1789588702806,120817668500335
3,31729,0.0,1789588702806,120817668500335
4,31729,0.0,1789588702806,120817668500335
5,31729,0.0,1789588702806,120817668500335
6,31729,0.0,1789588702806,120817668500335
7,31729,0.0,1789588702806,120817668500335
0,31829,0.0,1789588702906,120817670911487
1,31829,9.1,1789588702906,120817670911487
2,31829,0.0,1789588702906,120817670911487
3,31829,0.0,1789588702906,120817670911487
4,31829,0.0,1789588702906,120817670911487
5,31829,0.0,1789588702906,120817670911487
6,31829,10.0,1789588702906,120817670911487
7,31829,0.0,1789588702906,120817670911487
0,31930,0.0,1789588703007,120817673320188
1,31930,0.0,1789588703007,120817673320188
2,31930,0.0,1789588703007,120817673320188
3,31930,0.0,1789588703007,120817673320188
4,31930,0.0,1789588703007,120817673320188
5,31930,0.0,1789588703007,120817673320188
6,31930,0.0,1789588703007,120817673320188
7,31930,0.0,1789588703007,120817673320188
0,32030,0.0,1789588703107,120817675728497
1,32030,0.0,1789588703107,120817675728497
2,32030,0.0,1789588703107,120817675728497
3,32030,0.0,1789588703107,120817675728497
4,32030,0.0,1789588703107,120817675728497
5,32030,0.0,1789588703107,120817675728497
6,32030,0.0,1789588703107,120817675728497
7,32030,0.0,1789588703107,120817675728497
0,32131,0.0,1789588703208,120817678138830
1,32131,0.0,1789588703208,120817678138830
2,32131,0.0,1789588703208,120817678138830
3,32131,0.0,1789588703208,120817678138830
4,32131,0.0,1789588703208,120817678138830
5,32131,0.0,1789588703208,120817678138830
6,32131,0.0,1789588703208,120817678138830
7,32131,0.0,1789588703208,120817678138830
0,32231,0.0,1789588703308,120817680547094
1,32231,0.0,1789588703308,120817680547094
2,32231,0.0,1789588703308,120817680547094
3,32231,0.0,1789588703308,120817680547094
4,32231,0.0,1789588703308,120817680547094
5,32231,0.0,1789588703308,120817680547094
6,32231,0.0,1789588703308,120817680547094
7,32231,0.0,1789588703308,120817680547094
0,32331,0.0,1789588703408,120817682954102
1,32331,0.0,1789588703408,120817682954102
2,32331,0.0,1789588703408,120817682954102
3,32331,0.0,1789588703408,120817682954102
4,32331,0.0,1789588703408,120817682954102
5,32331,0.0,1789588703408,120817682954102
6,32331,0.0,1789588703408,120817682954102
7,32331,0.0,1789588703408,120817682954102
0,32432,0.0,1789588703509,120817685361024
1,32432,0.0,1789588703509,120817685361024
2,32432,0.0,1789588703509,120817685361024
3,32432,0.0,1789588703509,120817685361024
4,32432,0.0,1789588703509,120817685361024
5,32432,0.0,1789588703509,120817685361024
6,32432,0.0,1789588703509,120817685361024
7,32432,0.0,1789588703509,120817685361024
0,32532,0.0,1789588703609,120817687769773
1,32532,0.0,1789588703609,120817687769773
2,32532,9.1,1789588703609,120817687769773
3,32532,0.0,1789588703609,120817687769773
4,32532,0.0,1789588703609,120817687769773
5,32532,0.0,1789588703609,120817687769773
6,32532,0.0,1789588703609,120817687769773
7,32532,0.0,1789588703609,120817687769773
0,32632,0.0,1789588703709,120817690177995
1,32632,0.0,1789588703709,120817690177995
2,32632,0.0,1789588703709,120817690177995
3,32632,0.0,1789588703709,120817690177995
4,32632,0.0,1789588703709,120817690177995
5,32632,0.0,1789588703709,120817690177995
6,32632,0.0,1789588703709,120817690177995
7,32632,0.0,1789588703709,120817690177995
0,32733,0.0,1789588703810,120817692585009
1,32733,0.0,1789588703810,120817692585009
2,32733,0.0,1789588703810,120817692585009
3,32733,0.0,1789588703810,120817692585009
4,32733,0.0,1789588703810,120817692585009
5,32733,0.0,1789588703810,120817692585009
6,32733,0.0,1789588703810,120817692585009
7,32733,0.0,1789588703810,120817692585009
0,32833,0.0,1789588703910,120817694992052
1,32833,0.0,1789588703910,120817694992052
2,32833,0.0,1789588703910,120817694992052
3,32833,0.0,1789588703910,120817694992052
4,32833,0.0,1789588703910,120817694992052
5,32833,0.0,1789588703910,120817694992052
6,32833,0.0,1789588703910,120817694992052
7,32833,0.0,1789588703910,120817694992052
0,32933,0.0,1789588704010,120817697398778
1,32933,0.0,1789588704010,120817697398778
2,32933,0.0,1789588704010,120817697398778
3,32933,0.0,1789588704010,120817697398778
4,32933,0.0,1789588704010,120817697398778
5,32933,0.0,1789588704010,120817697398778
6,32933,0.0,1789588704010,120817697398778
7,32933,0.0,1789588704010,120817697398778
0,33033,0.0,1789588704110,120817699805381
1,33033,0.0,1789588704110,120817699805381
2,33033,0.0,1789588704110,120817699805381
3,33033,0.0,1789588704110,120817699805381
4,33033,0.0,1789588704110,120817699805381
5,33033,0.0,1789588704110,120817699805381
6,33033,0.0,1789588704110,120817699805381
7,33033,0.0,1789588704110,120817699805381
0,33134,0.0,1789588704211,120817702212410
1,33134,0.0,1789588704211,120817702212410
2,33134,0.0,1789588704211,120817702212410
3,33134,0.0,1789588704211,120817702212410
4,33134,0.0,1789588704211,120817702212410
5,33134,0.0,1789588704211,120817702212410
6,33134,0.0,1789588704211,120817702212410
7,33134,0.0,1789588704211,120817702212410
0,33234,0.0,1789588704311,120817704620332
1,33234,0.0,1789588704311,120817704620332
2,33234,0.0,1789588704311,120817704620332
3,33234,0.0,1789588704311,120817704620332
4,33234,0.0,1789588704311,120817704620332
5,33234,0.0,1789588704311,120817704620332
6,33234,0.0,1789588704311,120817704620332
7,33234,0.0,1789588704311,120817704620332
0,33334,0.0,1789588704411,120817707028691
1,33334,0.0,1789588704411,120817707028691
2,33334,0.0,1789588704411,120817707028691
3,33334,9.1,1789588704411,120817707028691
4,33334,0.0,1789588704411,120817707028691
5,33334,0.0,1789588704411,120817707028691
6,33334,0.0,1789588704411,120817707028691
7,33334,0.0,1789588704411,120817707028691
0,33435,0.0,1789588704512,120817709440011
1,33435,0.0,1789588704512,120817709440011
2,33435,0.0,1789588704512,120817709440011
3,33435,0.0,1789588704512,120817709440011
4,33435,10.0,1789588704512,120817709440011
5,33435,30.0,1789588704512,120817709440011
6,33435,0.0,1789588704512,120817709440011
7,33435,9.1,1789588704512,120817709440011
0,33535,0.0,1789588704612,120817711850363
1,33535,0.0,1789588704612,120817711850363
2,33535,0.0,1789588704612,120817711850363
3,33535,0.0,1789588704612,120817711850363
4,33535,0.0,1789588704612,120817711850363
5,33535,10.0,1789588704612,120817711850363
6,33535,40.0,1789588704612,120817711850363
7,33535,0.0,1789588704612,120817711850363
0,33636,10.0,1789588704713,120817714261359
1,33636,0.0,1789588704713,120817714261359
2,33636,0.0,1789588704713,120817714261359
3,33636,0.0,1789588704713,120817714261359
4,33636,0.0,1789588704713,120817714261359
5,33636,44.4,1789588704713,120817714261359
6,33636,18.2,1789588704713,120817714261359
7,33636,9.1,1789588704713,120817714261359
0,33736,10.0,1789588704813,120817716674844
1,33736,0.0,1789588704813,120817716674844
2,33736,0.0,1789588704813,120817716674844
3,33736,0.0,1789588704813,120817716674844
4,33736,10.0,1789588704813,120817716674844
5,33736,0.0,1789588704813,120817716674844
6,33736,0.0,1789588704813,120817716674844
7,33736,0.0,1789588704813,120817716674844
0,33837,0.0,1789588704914,120817719088084
1,33837,0.0,1789588704914,120817719088084
2,33837,0.0,1789588704914,120817719088084
3,33837,9.1,1789588704914,120817719088084
4,33837,10.0,1789588704914,120817719088084
5,33837,0.0,1789588704914,120817719088084
6,33837,11.1,1789588704914,120817719088084
7,33837,10.0,1789588704914,120817719088084
0,33937,10.0,1789588705014,120817721500746
1,33937,0.0,1789588705014,120817721500746
2,33937,18.2,1789588705014,120817721500746
3,33937,0.0,1789588705014,120817721500746
4,33937,10.0,1789588705014,120817721500746
5,33937,10.0,1789588705014,120817721500746
6,33937,0.0,1789588705014,120817721500746
7,33937,18.2,1789588705014,120817721500746
0,34038,0.0,1789588705115,120817723910459
1,34038,0.0,1789588705115,120817723910459
2,34038,0.0,1789588705115,120817723910459
3,34038,0.0,1789588705115,120817723910459
4,34038,0.0,1789588705115,120817723910459
5,34038,0.0,1789588705115,120817723910459
6,34038,0.0,1789588705115,120817723910459
7,34038,0.0,1789588705115,120817723910459
0,34138,0.0,1789588705215,120817726319083
1,34138,0.0,1789588705215,120817726319083
2,34138,0.0,1789588705215,120817726319083
3,34138,0.0,1789588705215,120817726319083
4,34138,0.0,1789588705215,120817726319083
5,34138,0.0,1789588705215,120817726319083
6,34138,0.0,1789588705215,120817726319083
7,34138,0.0,1789588705215,120817726319083
0,34238,0.0,1789588705315,120817728727160
1,34238,0.0,1789588705315,120817728727160
2,34238,0.0,1789588705315,120817728727160
3,34238,0.0,1789588705315,120817728727160
4,34238,0.0,1789588705315,120817728727160
5,34238,0.0,1789588705315,120817728727160
6,34238,0.0,1789588705315,120817728727160
7,34238,0.0,1789588705315,120817728727160
0,34339,0.0,1789588705416,120817731135210
1,34339,0.0,1789588705416,120817731135210
2,34339,0.0,1789588705416,120817731135210
3,34339,0.0,1789588705416,120817731135210
4,34339,0.0,1789588705416,120817731135210
5,34339,0.0,1789588705416,120817731135210
6,34339,0.0,1789588705416,120817731135210
7,34339,0.0,1789588705416,120817731135210
0,34439,0.0,1789588705516,120817733542477
1,34439,0.0,1789588705516,120817733542477
2,34439,0.0,1789588705516,120817733542477
3,34439,0.0,1789588705516,120817733542477
4,34439,0.0,1789588705516,120817733542477
5,34439,0.0,1789588705516,120817733542477
6,34439,0.0,1789588705516,120817733542477
7,34439,0.0,1789588705516,120817733542477
0,34539,0.0,1789588705616,120817735950757
1,34539,0.0,1789588705616,120817735950757
2,34539,0.0,1789588705616,120817735950757
3,34539,0.0,1789588705616,120817735950757
4,34539,0.0,1789588705616,120817735950757
5,34539,0.0,1789588705616,120817735950757
6,34539,0.0,1789588705616,120817735950757
7,34539,0.0,1789588705616,120817735950757
0,34640,0.0,1789588705717,120817738357606
1,34640,0.0,1789588705717,120817738357606
2,34640,0.0,1789588705717,120817738357606
3,34640,0.0,1789588705717,120817738357606
4,34640,0.0,1789588705717,120817738357606
5,34640,0.0,1789588705717,120817738357606
6,34640,0.0,1789588705717,120817738357606
7,34640,0.0,1789588705717,120817738357606
0,34740,0.0,1789588705817,120817740764414
1,34740,0.0,1789588705817,120817740764414
2,34740,0.0,1789588705817,120817740764414
3,34740,0.0,1789588705817,120817740764414
4,34740,0.0,1789588705817,120817740764414
5,34740,0.0,1789588705817,120817740764414
6,34740,0.0,1789588705817,120817740764414
7,34740,0.0,1789588705817,120817740764414
0,34840,0.0,1789588705917,120817743174712
1,34840,0.0,1789588705917,120817743174712
2,34840,0.0,1789588705917,120817743174712
3,34840,0.0,1789588705917,120817743174712
4,34840,0.0,1789588705917,120817743174712
5,34840,0.0,1789588705917,120817743174712
6,34840,0.0,1789588705917,120817743174712
7,34840,0.0,1789588705917,120817743174712
0,34941,0.0,1789588706018,120817745584078
1,34941,0.0,1789588706018,120817745584078
2,34941,0.0,1789588706018,120817745584078
3,34941,0.0,1789588706018,120817745584078
4,34941,0.0,1789588706018,120817745584078
5,34941,0.0,1789588706018,120817745584078
6,34941,0.0,1789588706018,120817745584078
7,34941,0.0,1789588706018,120817745584078
0,35041,0.0,1789588706118,120817747991712
1,35041,0.0,1789588706118,120817747991712
2,35041,0.0,1789588706118,120817747991712
3,35041,0.0,1789588706118,120817747991712
4,35041,0.0,1789588706118,120817747991712
5,35041,0.0,1789588706118,120817747991712
6,35041,0.0,1789588706118,120817747991712
7,35041,0.0,1789588706118,120817747991712
0,35141,0.0,1789588706218,120817750398702
1,35141,0.0,1789588706218,120817750398702
2,35141,0.0,1789588706218,120817750398702
3,35141,0.0,1789588706218,120817750398702
4,35141,0.0,1789588706218,120817750398702
5,35141,0.0,1789588706218,120817750398702
6,35141,0.0,1789588706218,120817750398702
7,35141,0.0,1789588706218,120817750398702
0,35242,0.0,1789588706319,120817752805865
1,35242,0.0,1789588706319,120817752805865
2,35242,0.0,1789588706319,120817752805865
3,35242,0.0,1789588706319,120817752805865
4,35242,0.0,1789588706319,120817752805865
5,35242,0.0,1789588706319,120817752805865
6,35242,0.0,1789588706319,120817752805865
7,35242,0.0,1789588706319,120817752805865
0,35342,0.0,1789588706419,120817755212935
1,35342,0.0,1789588706419,120817755212935
2,35342,0.0,1789588706419,120817755212935
3,35342,0.0,1789588706419,120817755212935
4,35342,0.0,1789588706419,120817755212935
5,35342,0.0,1789588706419,120817755212935
6,35342,0.0,1789588706419,120817755212935
7,35342,0.0,1789588706419,120817755212935
0,35442,0.0,1789588706519,120817757620187
1,35442,0.0,1789588706519,120817757620187
2,35442,0.0,1789588706519,120817757620187
3,35442,0.0,1789588706519,120817757620187
4,35442,0.0,1789588706519,120817757620187
5,35442,0.0,1789588706519,120817757620187
6,35442,0.0,1789588706519,120817757620187
7,35442,0.0,1789588706519,120817757620187
0,35543,0.0,1789588706620,120817760027131
1,35543,0.0,1789588706620,120817760027131
2,35543,0.0,1789588706620,120817760027131
3,35543,0.0,1789588706620,120817760027131
4,35543,0.0,1789588706620,120817760027131
5,35543,0.0,1789588706620,120817760027131
6,35543,0.0,1789588706620,120817760027131
7,35543,0.0,1789588706620,120817760027131
0,35643,0.0,1789588706720,120817762433997
1,35643,0.0,1789588706720,120817762433997
2,35643,0.0,1789588706720,120817762433997
3,35643,0.0,1789588706720,120817762433997
4,35643,0.0,1789588706720,120817762433997
5,35643,0.0,1789588706720,120817762433997
6,35643,0.0,1789588706720,120817762433997
7,35643,0.0,1789588706720,120817762433997
0,35743,0.0,1789588706820,120817764844222
1,35743,0.0,1789588706820,120817764844222
2,35743,0.0,1789588706820,120817764844222
3,35743,0.0,1789588706820,120817764844222
4,35743,0.0,1789588706820,120817764844222
5,35743,0.0,1789588706820,120817764844222
6,35743,0.0,1789588706820,120817764844222
7,35743,0.0,1789588706820,120817764844222
0,35844,0.0,1789588706921,120817767253866
1,35844,0.0,1789588706921,120817767253866
2,35844,0.0,1789588706921,120817767253866
3,35844,0.0,1789588706921,120817767253866
4,35844,9.1,1789588706921,120817767253866
5,35844,0.0,1789588706921,120817767253866
6,35844,0.0,1789588706921,120817767253866
7,35844,0.0,1789588706921,120817767253866
0,35944,0.0,1789588707021,120817769665203
1,35944,0.0,1789588707021,120817769665203
2,35944,0.0,1789588707021,120817769665203
3,35944,0.0,1789588707021,120817769665203
4,35944,0.0,1789588707021,120817769665203
5,35944,18.2,1789588707021,120817769665203
6,35944,0.0,1789588707021,120817769665203
7,35944,0.0,1789588707021,120817769665203
0,36045,0.0,1789588707122,120817772077374
1,36045,0.0,1789588707122,120817772077374
2,36045,0.0,1789588707122,120817772077374
3,36045,0.0,1789588707122,120817772077374
4,36045,0.0,1789588707122,120817772077374
5,36045,20.0,1789588707122,120817772077374
6,36045,22.2,1789588707122,120817772077374
7,36045,0.0,1789588707122,120817772077374
0,36145,0.0,1789588707222,120817774488532
1,36145,0.0,1789588707222,120817774488532
2,36145,0.0,1789588707222,120817774488532
3,36145,0.0,1789588707222,120817774488532
4,36145,0.0,1789588707222,120817774488532
5,36145,33.3,1789588707222,120817774488532
6,36145,20.0,1789588707222,120817774488532
7,36145,0.0,1789588707222,120817774488532
0,36246,10.0,1789588707323,120817776901074
1,36246,10.0,1789588707323,120817776901074
2,36246,10.0,1789588707323,120817776901074
3,36246,0.0,1789588707323,120817776901074
4,36246,0.0,1789588707323,120817776901074
5,36246,18.2,1789588707323,120817776901074
6,36246,10.0,1789588707323,120817776901074
7,36246,9.1,1789588707323,120817776901074
0,36346,0.0,1789588707423,120817779315744
1,36346,0.0,1789588707423,120817779315744
2,36346,0.0,1789588707423,120817779315744
3,36346,9.1,1789588707423,120817779315744
4,36346,10.0,1789588707423,120817779315744
5,36346,0.0,1789588707423,120817779315744
6,36346,10.0,1789588707423,120817779315744
7,36346,0.0,1789588707423,120817779315744
0,36447,0.0,1789588707524,120817781728052
1,36447,0.0,1789588707524,120817781728052
2,36447,0.0,1789588707524,120817781728052
3,36447,0.0,1789588707524,120817781728052
4,36447,10.0,1789588707524,120817781728052
5,36447,0.0,1789588707524,120817781728052
6,36447,9.1,1789588707524,120817781728052
7,36447,0.0,1789588707524,120817781728052
0,36547,0.0,1789588707624,120817784139554
1,36547,0.0,1789588707624,120817784139554
2,36547,0.0,1789588707624,120817784139554
3,36547,0.0,1789588707624,120817784139554
4,36547,0.0,1789588707624,120817784139554
5,36547,0.0,1789588707624,120817784139554
6,36547,0.0,1789588707624,120817784139554
7,36547,10.0,1789588707624,120817784139554
0,36648,0.0,1789588707725,120817786550278
1,36648,0.0,1789588707725,120817786550278
2,36648,0.0,1789588707725,120817786550278
3,36648,0.0,1789588707725,120817786550278
4,36648,0.0,1789588707725,120817786550278
5,36648,0.0,1789588707725,120817786550278
6,36648,0.0,1789588707725,120817786550278
7,36648,0.0,1789588707725,120817786550278
0,36748,0.0,1789588707825,120817788962284
1,36748,0.0,1789588707825,120817788962284
2,36748,0.0,1789588707825,120817788962284
3,36748,0.0,1789588707825,120817788962284
4,36748,0.0,1789588707825,120817788962284
5,36748,0.0,1789588707825,120817788962284
6,36748,9.1,1789588707825,120817788962284
7,36748,0.0,1789588707825,120817788962284
0,36849,0.0,1789588707926,120817791372854
1,36849,0.0,1789588707926,120817791372854
2,36849,0.0,1789588707926,120817791372854
3,36849,0.0,1789588707926,120817791372854
4,36849,0.0,1789588707926,120817791372854
5,36849,0.0,1789588707926,120817791372854
6,36849,0.0,1789588707926,120817791372854
7,36849,10.0,1789588707926,120817791372854
0,36949,0.0,1789588708026,120817793784001
1,36949,0.0,1789588708026,120817793784001
2,36949,0.0,1789588708026,120817793784001
3,36949,0.0,1789588708026,120817793784001
4,36949,0.0,1789588708026,120817793784001
5,36949,0.0,1789588708026,120817793784001
6,36949,0.0,1789588708026,120817793784001
7,36949,0.0,1789588708026,120817793784001
0,37050,0.0,1789588708127,120817796196193
1,37050,0.0,1789588708127,120817796196193
2,37050,0.0,1789588708127,120817796196193
3,37050,0.0,1789588708127,120817796196193
4,37050,0.0,1789588708127,120817796196193
5,37050,0.0,1789588708127,120817796196193
6,37050,0.0,1789588708127,120817796196193
7,37050,0.0,1789588708127,120817796196193
0,37150,0.0,1789588708227,120817798607118
1,37150,0.0,1789588708227,120817798607118
2,37150,0.0,1789588708227,120817798607118
3,37150,0.0,1789588708227,120817798607118
4,37150,0.0,1789588708227,120817798607118
5,37150,0.0,1789588708227,120817798607118
6,37150,0.0,1789588708227,120817798607118
7,37150,10.0,1789588708227,120817798607118
0,37251,0.0,1789588708328,120817801018215
1,37251,0.0,1789588708328,120817801018215
2,37251,0.0,1789588708328,120817801018215
3,37251,0.0,1789588708328,120817801018215
4,37251,0.0,1789588708328,120817801018215
5,37251,0.0,1789588708328,120817801018215
6,37251,0.0,1789588708328,120817801018215
7,37251,16.7,1789588708328,120817801018215
0,37351,10.0,1789588708428,120817803430636
1,37351,10.0,1789588708428,120817803430636
2,37351,10.0,1789588708428,120817803430636
3,37351,0.0,1789588708428,120817803430636
4,37351,20.0,1789588708428,120817803430636
5,37351,0.0,1789588708428,120817803430636
6,37351,30.0,1789588708428,120817803430636
7,37351,10.0,1789588708428,120817803430636
0,37452,0.0,1789588708529,120817805842262
1,37452,0.0,1789588708529,120817805842262
2,37452,0.0,1789588708529,120817805842262
3,37452,0.0,1789588708529,120817805842262
4,37452,0.0,1789588708529,120817805842262
5,37452,54.5,1789588708529,120817805842262
6,37452,11.1,1789588708529,120817805842262
7,37452,0.0,1789588708529,120817805842262
0,37552,10.0,1789588708629,120817808253314
1,37552,18.2,1789588708629,120817808253314
2,37552,18.2,1789588708629,120817808253314
3,37552,0.0,1789588708629,120817808253314
4,37552,0.0,1789588708629,120817808253314
5,37552,0.0,1789588708629,120817808253314
6,37552,30.0,1789588708629,120817808253314
7,37552,16.7,1789588708629,120817808253314
0,37650,0.0,1789588708727,120817810610286
1,37650,0.0,1789588708727,120817810610286
2,37650,0.0,1789588708727,120817810610286
3,37650,0.0,1789588708727,120817810610286
4,37650,18.2,1789588708727,120817810610286
5,37650,11.1,1789588708727,120817810610286
6,37650,0.0,1789588708727,120817810610286
7,37650,0.0,1789588708727,120817810610286
