cpu,t_ms,busy_pct,epoch_ms,rdtime_ticks
0,100,0.0,1789587081048,120778746760878
1,100,0.0,1789587081048,120778746760878
2,100,0.0,1789587081048,120778746760878
3,100,0.0,1789587081048,120778746760878
4,100,0.0,1789587081048,120778746760878
5,100,0.0,1789587081048,120778746760878
6,100,0.0,1789587081048,120778746760878
7,100,0.0,1789587081048,120778746760878
0,201,0.0,1789587081149,120778749173746
1,201,0.0,1789587081149,120778749173746
2,201,0.0,1789587081149,120778749173746
3,201,0.0,1789587081149,120778749173746
4,201,0.0,1789587081149,120778749173746
5,201,0.0,1789587081149,120778749173746
6,201,0.0,1789587081149,120778749173746
7,201,0.0,1789587081149,120778749173746
0,301,0.0,1789587081249,120778751582026
1,301,0.0,1789587081249,120778751582026
2,301,0.0,1789587081249,120778751582026
3,301,0.0,1789587081249,120778751582026
4,301,0.0,1789587081249,120778751582026
5,301,0.0,1789587081249,120778751582026
6,301,0.0,1789587081249,120778751582026
7,301,0.0,1789587081249,120778751582026
0,401,0.0,1789587081349,120778753989388
1,401,0.0,1789587081349,120778753989388
2,401,0.0,1789587081349,120778753989388
3,401,0.0,1789587081349,120778753989388
4,401,0.0,1789587081349,120778753989388
5,401,0.0,1789587081349,120778753989388
6,401,0.0,1789587081349,120778753989388
7,401,0.0,1789587081349,120778753989388
0,502,0.0,1789587081450,120778756396283
1,502,0.0,1789587081450,120778756396283
2,502,0.0,1789587081450,120778756396283
3,502,0.0,1789587081450,120778756396283
4,502,0.0,1789587081450,120778756396283
5,502,0.0,1789587081450,120778756396283
6,502,0.0,1789587081450,120778756396283
7,502,0.0,1789587081450,120778756396283
0,602,18.2,1789587081550,120778758807466
1,602,36.4,1789587081550,120778758807466
2,602,0.0,1789587081550,120778758807466
3,602,0.0,1789587081550,120778758807466
4,602,0.0,1789587081550,120778758807466
5,602,0.0,1789587081550,120778758807466
6,602,20.0,1789587081550,120778758807466
7,602,0.0,1789587081550,120778758807466
0,703,0.0,1789587081651,120778761219071
1,703,20.0,1789587081651,120778761219071
2,703,0.0,1789587081651,120778761219071
3,703,0.0,1789587081651,120778761219071
4,703,45.5,1789587081651,120778761219071
5,703,0.0,1789587081651,120778761219071
6,703,0.0,1789587081651,120778761219071
7,703,0.0,1789587081651,120778761219071
0,803,0.0,1789587081751,120778763632764
1,803,30.0,1789587081751,120778763632764
2,803,25.0,1789587081751,120778763632764
3,803,0.0,1789587081751,120778763632764
4,803,10.0,1789587081751,120778763632764
5,803,18.2,1789587081751,120778763632764
6,803,10.0,1789587081751,120778763632764
7,803,10.0,1789587081751,120778763632764
0,904,10.0,1789587081852,120778766044526
1,904,9.1,1789587081852,120778766044526
2,904,0.0,1789587081852,120778766044526
3,904,20.0,1789587081852,120778766044526
4,904,0.0,1789587081852,120778766044526
5,904,9.1,1789587081852,120778766044526
6,904,0.0,1789587081852,120778766044526
7,904,10.0,1789587081852,120778766044526
0,1004,0.0,1789587081952,120778768456670
1,1004,0.0,1789587081952,120778768456670
2,1004,0.0,1789587081952,120778768456670
3,1004,0.0,1789587081952,120778768456670
4,1004,0.0,1789587081952,120778768456670
5,1004,0.0,1789587081952,120778768456670
6,1004,0.0,1789587081952,120778768456670
7,1004,0.0,1789587081952,120778768456670
0,1105,0.0,1789587082053,120778770865923
1,1105,0.0,1789587082053,120778770865923
2,1105,0.0,1789587082053,120778770865923
3,1105,0.0,1789587082053,120778770865923
4,1105,0.0,1789587082053,120778770865923
5,1105,0.0,1789587082053,120778770865923
6,1105,0.0,1789587082053,120778770865923
7,1105,0.0,1789587082053,120778770865923
0,1205,0.0,1789587082153,120778773274571
1,1205,0.0,1789587082153,120778773274571
2,1205,0.0,1789587082153,120778773274571
3,1205,0.0,1789587082153,120778773274571
4,1205,0.0,1789587082153,120778773274571
5,1205,0.0,1789587082153,120778773274571
6,1205,0.0,1789587082153,120778773274571
7,1205,9.1,1789587082153,120778773274571
0,1305,0.0,1789587082253,120778775683011
1,1305,0.0,1789587082253,120778775683011
2,1305,0.0,1789587082253,120778775683011
3,1305,0.0,1789587082253,120778775683011
4,1305,0.0,1789587082253,120778775683011
5,1305,0.0,1789587082253,120778775683011
6,1305,0.0,1789587082253,120778775683011
7,1305,0.0,1789587082253,120778775683011
0,1406,0.0,1789587082354,120778778093093
1,1406,0.0,1789587082354,120778778093093
2,1406,0.0,1789587082354,120778778093093
3,1406,0.0,1789587082354,120778778093093
4,1406,0.0,1789587082354,120778778093093
5,1406,0.0,1789587082354,120778778093093
6,1406,0.0,1789587082354,120778778093093
7,1406,0.0,1789587082354,120778778093093
0,1506,0.0,1789587082454,120778780500779
1,1506,0.0,1789587082454,120778780500779
2,1506,0.0,1789587082454,120778780500779
3,1506,0.0,1789587082454,120778780500779
4,1506,0.0,1789587082454,120778780500779
5,1506,0.0,1789587082454,120778780500779
6,1506,0.0,1789587082454,120778780500779
7,1506,0.0,1789587082454,120778780500779
0,1606,0.0,1789587082554,120778782908157
1,1606,0.0,1789587082554,120778782908157
2,1606,0.0,1789587082554,120778782908157
3,1606,0.0,1789587082554,120778782908157
4,1606,0.0,1789587082554,120778782908157
5,1606,0.0,1789587082554,120778782908157
6,1606,0.0,1789587082554,120778782908157
7,1606,0.0,1789587082554,120778782908157
0,1707,0.0,1789587082655,120778785315359
1,1707,0.0,1789587082655,120778785315359
2,1707,0.0,1789587082655,120778785315359
3,1707,0.0,1789587082655,120778785315359
4,1707,0.0,1789587082655,120778785315359
5,1707,0.0,1789587082655,120778785315359
6,1707,0.0,1789587082655,120778785315359
7,1707,0.0,1789587082655,120778785315359
0,1807,0.0,1789587082755,120778787723803
1,1807,0.0,1789587082755,120778787723803
2,1807,0.0,1789587082755,120778787723803
3,1807,0.0,1789587082755,120778787723803
4,1807,0.0,1789587082755,120778787723803
5,1807,0.0,1789587082755,120778787723803
6,1807,0.0,1789587082755,120778787723803
7,1807,0.0,1789587082755,120778787723803
0,1907,0.0,1789587082855,120778790133233
1,1907,0.0,1789587082855,120778790133233
2,1907,9.1,1789587082855,120778790133233
3,1907,0.0,1789587082855,120778790133233
4,1907,0.0,1789587082855,120778790133233
5,1907,10.0,1789587082855,120778790133233
6,1907,0.0,1789587082855,120778790133233
7,1907,0.0,1789587082855,120778790133233
0,2008,0.0,1789587082956,120778792541810
1,2008,0.0,1789587082956,120778792541810
2,2008,0.0,1789587082956,120778792541810
3,2008,0.0,1789587082956,120778792541810
4,2008,0.0,1789587082956,120778792541810
5,2008,0.0,1789587082956,120778792541810
6,2008,0.0,1789587082956,120778792541810
7,2008,0.0,1789587082956,120778792541810
0,2108,0.0,1789587083056,120778794949601
1,2108,0.0,1789587083056,120778794949601
2,2108,0.0,1789587083056,120778794949601
3,2108,0.0,1789587083056,120778794949601
4,2108,0.0,1789587083056,120778794949601
5,2108,0.0,1789587083056,120778794949601
6,2108,0.0,1789587083056,120778794949601
7,2108,0.0,1789587083056,120778794949601
0,2209,0.0,1789587083157,120778797361320
1,2209,0.0,1789587083157,120778797361320
2,2209,0.0,1789587083157,120778797361320
3,2209,0.0,1789587083157,120778797361320
4,2209,0.0,1789587083157,120778797361320
5,2209,0.0,1789587083157,120778797361320
6,2209,0.0,1789587083157,120778797361320
7,2209,0.0,1789587083157,120778797361320
0,2309,0.0,1789587083257,120778799773074
1,2309,0.0,1789587083257,120778799773074
2,2309,0.0,1789587083257,120778799773074
3,2309,0.0,1789587083257,120778799773074
4,2309,0.0,1789587083257,120778799773074
5,2309,0.0,1789587083257,120778799773074
6,2309,0.0,1789587083257,120778799773074
7,2309,0.0,1789587083257,120778799773074
0,2409,0.0,1789587083357,120778802182230
1,2409,0.0,1789587083357,120778802182230
2,2409,0.0,1789587083357,120778802182230
3,2409,0.0,1789587083357,120778802182230
4,2409,0.0,1789587083357,120778802182230
5,2409,0.0,1789587083357,120778802182230
6,2409,0.0,1789587083357,120778802182230
7,2409,0.0,1789587083357,120778802182230
0,2510,0.0,1789587083458,120778804590171
1,2510,0.0,1789587083458,120778804590171
2,2510,0.0,1789587083458,120778804590171
3,2510,0.0,1789587083458,120778804590171
4,2510,0.0,1789587083458,120778804590171
5,2510,0.0,1789587083458,120778804590171
6,2510,0.0,1789587083458,120778804590171
7,2510,0.0,1789587083458,120778804590171
0,2610,0.0,1789587083558,120778806997393
1,2610,0.0,1789587083558,120778806997393
2,2610,0.0,1789587083558,120778806997393
3,2610,0.0,1789587083558,120778806997393
4,2610,0.0,1789587083558,120778806997393
5,2610,0.0,1789587083558,120778806997393
6,2610,0.0,1789587083558,120778806997393
7,2610,0.0,1789587083558,120778806997393
0,2710,0.0,1789587083658,120778809406396
1,2710,0.0,1789587083658,120778809406396
2,2710,0.0,1789587083658,120778809406396
3,2710,0.0,1789587083658,120778809406396
4,2710,0.0,1789587083658,120778809406396
5,2710,0.0,1789587083658,120778809406396
6,2710,0.0,1789587083658,120778809406396
7,2710,0.0,1789587083658,120778809406396
0,2811,0.0,1789587083759,120778811814669
1,2811,0.0,1789587083759,120778811814669
2,2811,0.0,1789587083759,120778811814669
3,2811,0.0,1789587083759,120778811814669
4,2811,0.0,1789587083759,120778811814669
5,2811,0.0,1789587083759,120778811814669
6,2811,0.0,1789587083759,120778811814669
7,2811,0.0,1789587083759,120778811814669
0,2911,0.0,1789587083859,120778814223083
1,2911,0.0,1789587083859,120778814223083
2,2911,0.0,1789587083859,120778814223083
3,2911,0.0,1789587083859,120778814223083
4,2911,0.0,1789587083859,120778814223083
5,2911,0.0,1789587083859,120778814223083
6,2911,0.0,1789587083859,120778814223083
7,2911,0.0,1789587083859,120778814223083
0,3011,0.0,1789587083959,120778816631291
1,3011,0.0,1789587083959,120778816631291
2,3011,0.0,1789587083959,120778816631291
3,3011,0.0,1789587083959,120778816631291
4,3011,0.0,1789587083959,120778816631291
5,3011,0.0,1789587083959,120778816631291
6,3011,0.0,1789587083959,120778816631291
7,3011,0.0,1789587083959,120778816631291
0,3112,0.0,1789587084060,120778819039298
1,3112,0.0,1789587084060,120778819039298
2,3112,0.0,1789587084060,120778819039298
3,3112,0.0,1789587084060,120778819039298
4,3112,0.0,1789587084060,120778819039298
5,3112,0.0,1789587084060,120778819039298
6,3112,0.0,1789587084060,120778819039298
7,3112,0.0,1789587084060,120778819039298
0,3212,0.0,1789587084160,120778821447240
1,3212,0.0,1789587084160,120778821447240
2,3212,0.0,1789587084160,120778821447240
3,3212,0.0,1789587084160,120778821447240
4,3212,0.0,1789587084160,120778821447240
5,3212,0.0,1789587084160,120778821447240
6,3212,0.0,1789587084160,120778821447240
7,3212,0.0,1789587084160,120778821447240
0,3312,0.0,1789587084260,120778823855435
1,3312,0.0,1789587084260,120778823855435
2,3312,0.0,1789587084260,120778823855435
3,3312,0.0,1789587084260,120778823855435
4,3312,0.0,1789587084260,120778823855435
5,3312,0.0,1789587084260,120778823855435
6,3312,0.0,1789587084260,120778823855435
7,3312,0.0,1789587084260,120778823855435
0,3413,0.0,1789587084361,120778826263676
1,3413,0.0,1789587084361,120778826263676
2,3413,0.0,1789587084361,120778826263676
3,3413,0.0,1789587084361,120778826263676
4,3413,0.0,1789587084361,120778826263676
5,3413,0.0,1789587084361,120778826263676
6,3413,0.0,1789587084361,120778826263676
7,3413,0.0,1789587084361,120778826263676
0,3513,0.0,1789587084461,120778828671598
1,3513,0.0,1789587084461,120778828671598
2,3513,0.0,1789587084461,120778828671598
3,3513,0.0,1789587084461,120778828671598
4,3513,0.0,1789587084461,120778828671598
5,3513,0.0,1789587084461,120778828671598
6,3513,0.0,1789587084461,120778828671598
7,3513,0.0,1789587084461,120778828671598
0,3613,0.0,1789587084561,120778831079456
1,3613,0.0,1789587084561,120778831079456
2,3613,0.0,1789587084561,120778831079456
3,3613,0.0,1789587084561,120778831079456
4,3613,0.0,1789587084561,120778831079456
5,3613,0.0,1789587084561,120778831079456
6,3613,0.0,1789587084561,120778831079456
7,3613,0.0,1789587084561,120778831079456
0,3714,0.0,1789587084662,120778833487362
1,3714,0.0,1789587084662,120778833487362
2,3714,0.0,1789587084662,120778833487362
3,3714,0.0,1789587084662,120778833487362
4,3714,0.0,1789587084662,120778833487362
5,3714,0.0,1789587084662,120778833487362
6,3714,0.0,1789587084662,120778833487362
7,3714,0.0,1789587084662,120778833487362
0,3814,0.0,1789587084762,120778835896522
1,3814,0.0,1789587084762,120778835896522
2,3814,0.0,1789587084762,120778835896522
3,3814,0.0,1789587084762,120778835896522
4,3814,0.0,1789587084762,120778835896522
5,3814,0.0,1789587084762,120778835896522
6,3814,0.0,1789587084762,120778835896522
7,3814,0.0,1789587084762,120778835896522
0,3915,0.0,1789587084863,120778838308693
1,3915,0.0,1789587084863,120778838308693
2,3915,10.0,1789587084863,120778838308693
3,3915,0.0,1789587084863,120778838308693
4,3915,0.0,1789587084863,120778838308693
5,3915,0.0,1789587084863,120778838308693
6,3915,0.0,1789587084863,120778838308693
7,3915,0.0,1789587084863,120778838308693
0,4015,0.0,1789587084963,120778840719213
1,4015,0.0,1789587084963,120778840719213
2,4015,9.1,1789587084963,120778840719213
3,4015,0.0,1789587084963,120778840719213
4,4015,0.0,1789587084963,120778840719213
5,4015,0.0,1789587084963,120778840719213
6,4015,0.0,1789587084963,120778840719213
7,4015,0.0,1789587084963,120778840719213
0,4115,0.0,1789587085063,120778843128250
1,4115,0.0,1789587085063,120778843128250
2,4115,0.0,1789587085063,120778843128250
3,4115,0.0,1789587085063,120778843128250
4,4115,0.0,1789587085063,120778843128250
5,4115,0.0,1789587085063,120778843128250
6,4115,0.0,1789587085063,120778843128250
7,4115,0.0,1789587085063,120778843128250
0,4216,0.0,1789587085164,120778845536930
1,4216,0.0,1789587085164,120778845536930
2,4216,0.0,1789587085164,120778845536930
3,4216,0.0,1789587085164,120778845536930
4,4216,0.0,1789587085164,120778845536930
5,4216,0.0,1789587085164,120778845536930
6,4216,0.0,1789587085164,120778845536930
7,4216,0.0,1789587085164,120778845536930
0,4316,0.0,1789587085264,120778847945239
1,4316,0.0,1789587085264,120778847945239
2,4316,0.0,1789587085264,120778847945239
3,4316,0.0,1789587085264,120778847945239
4,4316,0.0,1789587085264,120778847945239
5,4316,0.0,1789587085264,120778847945239
6,4316,0.0,1789587085264,120778847945239
7,4316,0.0,1789587085264,120778847945239
0,4417,0.0,1789587085365,120778850352985
1,4417,0.0,1789587085365,120778850352985
2,4417,0.0,1789587085365,120778850352985
3,4417,0.0,1789587085365,120778850352985
4,4417,0.0,1789587085365,120778850352985
5,4417,0.0,1789587085365,120778850352985
6,4417,0.0,1789587085365,120778850352985
7,4417,0.0,1789587085365,120778850352985
0,4517,0.0,1789587085465,120778852761470
1,4517,0.0,1789587085465,120778852761470
2,4517,0.0,1789587085465,120778852761470
3,4517,0.0,1789587085465,120778852761470
4,4517,0.0,1789587085465,120778852761470
5,4517,0.0,1789587085465,120778852761470
6,4517,0.0,1789587085465,120778852761470
7,4517,0.0,1789587085465,120778852761470
0,4617,0.0,1789587085565,120778855169814
1,4617,0.0,1789587085565,120778855169814
2,4617,0.0,1789587085565,120778855169814
3,4617,0.0,1789587085565,120778855169814
4,4617,0.0,1789587085565,120778855169814
5,4617,0.0,1789587085565,120778855169814
6,4617,0.0,1789587085565,120778855169814
7,4617,0.0,1789587085565,120778855169814
0,4718,0.0,1789587085666,120778857577909
1,4718,0.0,1789587085666,120778857577909
2,4718,0.0,1789587085666,120778857577909
3,4718,0.0,1789587085666,120778857577909
4,4718,0.0,1789587085666,120778857577909
5,4718,0.0,1789587085666,120778857577909
6,4718,0.0,1789587085666,120778857577909
7,4718,0.0,1789587085666,120778857577909
0,4818,0.0,1789587085766,120778859986197
1,4818,0.0,1789587085766,120778859986197
2,4818,0.0,1789587085766,120778859986197
3,4818,0.0,1789587085766,120778859986197
4,4818,0.0,1789587085766,120778859986197
5,4818,0.0,1789587085766,120778859986197
6,4818,0.0,1789587085766,120778859986197
7,4818,0.0,1789587085766,120778859986197
0,4918,0.0,1789587085866,120778862394730
1,4918,0.0,1789587085866,120778862394730
2,4918,0.0,1789587085866,120778862394730
3,4918,0.0,1789587085866,120778862394730
4,4918,0.0,1789587085866,120778862394730
5,4918,0.0,1789587085866,120778862394730
6,4918,0.0,1789587085866,120778862394730
7,4918,0.0,1789587085866,120778862394730
0,5019,0.0,1789587085967,120778864803167
1,5019,0.0,1789587085967,120778864803167
2,5019,0.0,1789587085967,120778864803167
3,5019,0.0,1789587085967,120778864803167
4,5019,0.0,1789587085967,120778864803167
5,5019,0.0,1789587085967,120778864803167
6,5019,0.0,1789587085967,120778864803167
7,5019,0.0,1789587085967,120778864803167
0,5119,0.0,1789587086067,120778867212244
1,5119,0.0,1789587086067,120778867212244
2,5119,0.0,1789587086067,120778867212244
3,5119,0.0,1789587086067,120778867212244
4,5119,0.0,1789587086067,120778867212244
5,5119,0.0,1789587086067,120778867212244
6,5119,0.0,1789587086067,120778867212244
7,5119,0.0,1789587086067,120778867212244
0,5220,0.0,1789587086168,120778869624299
1,5220,0.0,1789587086168,120778869624299
2,5220,0.0,1789587086168,120778869624299
3,5220,0.0,1789587086168,120778869624299
4,5220,0.0,1789587086168,120778869624299
5,5220,10.0,1789587086168,120778869624299
6,5220,0.0,1789587086168,120778869624299
7,5220,0.0,1789587086168,120778869624299
0,5320,0.0,1789587086268,120778872036158
1,5320,0.0,1789587086268,120778872036158
2,5320,0.0,1789587086268,120778872036158
3,5320,0.0,1789587086268,120778872036158
4,5320,0.0,1789587086268,120778872036158
5,5320,0.0,1789587086268,120778872036158
6,5320,0.0,1789587086268,120778872036158
7,5320,0.0,1789587086268,120778872036158
0,5420,0.0,1789587086368,120778874446000
1,5420,0.0,1789587086368,120778874446000
2,5420,0.0,1789587086368,120778874446000
3,5420,0.0,1789587086368,120778874446000
4,5420,0.0,1789587086368,120778874446000
5,5420,0.0,1789587086368,120778874446000
6,5420,0.0,1789587086368,120778874446000
7,5420,0.0,1789587086368,120778874446000
0,5521,0.0,1789587086469,120778876854696
1,5521,0.0,1789587086469,120778876854696
2,5521,0.0,1789587086469,120778876854696
3,5521,0.0,1789587086469,120778876854696
4,5521,0.0,1789587086469,120778876854696
5,5521,0.0,1789587086469,120778876854696
6,5521,0.0,1789587086469,120778876854696
7,5521,0.0,1789587086469,120778876854696
0,5621,0.0,1789587086569,120778879263253
1,5621,0.0,1789587086569,120778879263253
2,5621,0.0,1789587086569,120778879263253
3,5621,0.0,1789587086569,120778879263253
4,5621,0.0,1789587086569,120778879263253
5,5621,0.0,1789587086569,120778879263253
6,5621,0.0,1789587086569,120778879263253
7,5621,0.0,1789587086569,120778879263253
0,5721,0.0,1789587086669,120778881671473
1,5721,0.0,1789587086669,120778881671473
2,5721,0.0,1789587086669,120778881671473
3,5721,0.0,1789587086669,120778881671473
4,5721,0.0,1789587086669,120778881671473
5,5721,0.0,1789587086669,120778881671473
6,5721,0.0,1789587086669,120778881671473
7,5721,0.0,1789587086669,120778881671473
0,5822,0.0,1789587086770,120778884080385
1,5822,0.0,1789587086770,120778884080385
2,5822,0.0,1789587086770,120778884080385
3,5822,0.0,1789587086770,120778884080385
4,5822,0.0,1789587086770,120778884080385
5,5822,0.0,1789587086770,120778884080385
6,5822,0.0,1789587086770,120778884080385
7,5822,0.0,1789587086770,120778884080385
0,5922,0.0,1789587086870,120778886491422
1,5922,0.0,1789587086870,120778886491422
2,5922,0.0,1789587086870,120778886491422
3,5922,0.0,1789587086870,120778886491422
4,5922,0.0,1789587086870,120778886491422
5,5922,0.0,1789587086870,120778886491422
6,5922,0.0,1789587086870,120778886491422
7,5922,0.0,1789587086870,120778886491422
0,6023,0.0,1789587086971,120778888901281
1,6023,0.0,1789587086971,120778888901281
2,6023,0.0,1789587086971,120778888901281
3,6023,0.0,1789587086971,120778888901281
4,6023,0.0,1789587086971,120778888901281
5,6023,0.0,1789587086971,120778888901281
6,6023,0.0,1789587086971,120778888901281
7,6023,0.0,1789587086971,120778888901281
0,6123,10.0,1789587087071,120778891313277
1,6123,0.0,1789587087071,120778891313277
2,6123,9.1,1789587087071,120778891313277
3,6123,0.0,1789587087071,120778891313277
4,6123,0.0,1789587087071,120778891313277
5,6123,0.0,1789587087071,120778891313277
6,6123,0.0,1789587087071,120778891313277
7,6123,0.0,1789587087071,120778891313277
0,6224,0.0,1789587087172,120778893725132
1,6224,0.0,1789587087172,120778893725132
2,6224,0.0,1789587087172,120778893725132
3,6224,0.0,1789587087172,120778893725132
4,6224,0.0,1789587087172,120778893725132
5,6224,0.0,1789587087172,120778893725132
6,6224,0.0,1789587087172,120778893725132
7,6224,0.0,1789587087172,120778893725132
0,6324,0.0,1789587087272,120778896134579
1,6324,0.0,1789587087272,120778896134579
2,6324,0.0,1789587087272,120778896134579
3,6324,0.0,1789587087272,120778896134579
4,6324,0.0,1789587087272,120778896134579
5,6324,0.0,1789587087272,120778896134579
6,6324,0.0,1789587087272,120778896134579
7,6324,0.0,1789587087272,120778896134579
0,6425,0.0,1789587087373,120778898544410
1,6425,0.0,1789587087373,120778898544410
2,6425,0.0,1789587087373,120778898544410
3,6425,0.0,1789587087373,120778898544410
4,6425,0.0,1789587087373,120778898544410
5,6425,0.0,1789587087373,120778898544410
6,6425,0.0,1789587087373,120778898544410
7,6425,0.0,1789587087373,120778898544410
0,6525,0.0,1789587087473,120778900952813
1,6525,0.0,1789587087473,120778900952813
2,6525,0.0,1789587087473,120778900952813
3,6525,0.0,1789587087473,120778900952813
4,6525,0.0,1789587087473,120778900952813
5,6525,0.0,1789587087473,120778900952813
6,6525,0.0,1789587087473,120778900952813
7,6525,0.0,1789587087473,120778900952813
0,6625,0.0,1789587087573,120778903361167
1,6625,0.0,1789587087573,120778903361167
2,6625,0.0,1789587087573,120778903361167
3,6625,0.0,1789587087573,120778903361167
4,6625,0.0,1789587087573,120778903361167
5,6625,0.0,1789587087573,120778903361167
6,6625,0.0,1789587087573,120778903361167
7,6625,0.0,1789587087573,120778903361167
0,6726,0.0,1789587087674,120778905769342
1,6726,0.0,1789587087674,120778905769342
2,6726,0.0,1789587087674,120778905769342
3,6726,0.0,1789587087674,120778905769342
4,6726,0.0,1789587087674,120778905769342
5,6726,0.0,1789587087674,120778905769342
6,6726,0.0,1789587087674,120778905769342
7,6726,0.0,1789587087674,120778905769342
0,6826,0.0,1789587087774,120778908177111
1,6826,0.0,1789587087774,120778908177111
2,6826,0.0,1789587087774,120778908177111
3,6826,0.0,1789587087774,120778908177111
4,6826,0.0,1789587087774,120778908177111
5,6826,0.0,1789587087774,120778908177111
6,6826,0.0,1789587087774,120778908177111
7,6826,0.0,1789587087774,120778908177111
0,6926,0.0,1789587087874,120778910585769
1,6926,0.0,1789587087874,120778910585769
2,6926,0.0,1789587087874,120778910585769
3,6926,0.0,1789587087874,120778910585769
4,6926,0.0,1789587087874,120778910585769
5,6926,0.0,1789587087874,120778910585769
6,6926,0.0,1789587087874,120778910585769
7,6926,0.0,1789587087874,120778910585769
0,7027,0.0,1789587087975,120778912994291
1,7027,0.0,1789587087975,120778912994291
2,7027,0.0,1789587087975,120778912994291
3,7027,0.0,1789587087975,120778912994291
4,7027,0.0,1789587087975,120778912994291
5,7027,0.0,1789587087975,120778912994291
6,7027,0.0,1789587087975,120778912994291
7,7027,0.0,1789587087975,120778912994291
0,7127,0.0,1789587088075,120778915403352
1,7127,0.0,1789587088075,120778915403352
2,7127,0.0,1789587088075,120778915403352
3,7127,0.0,1789587088075,120778915403352
4,7127,0.0,1789587088075,120778915403352
5,7127,0.0,1789587088075,120778915403352
6,7127,0.0,1789587088075,120778915403352
7,7127,0.0,1789587088075,120778915403352
0,7227,0.0,1789587088175,120778917811717
1,7227,0.0,1789587088175,120778917811717
2,7227,0.0,1789587088175,120778917811717
3,7227,0.0,1789587088175,120778917811717
4,7227,0.0,1789587088175,120778917811717
5,7227,0.0,1789587088175,120778917811717
6,7227,0.0,1789587088175,120778917811717
7,7227,0.0,1789587088175,120778917811717
0,7328,0.0,1789587088276,120778920221500
1,7328,0.0,1789587088276,120778920221500
2,7328,0.0,1789587088276,120778920221500
3,7328,0.0,1789587088276,120778920221500
4,7328,0.0,1789587088276,120778920221500
5,7328,0.0,1789587088276,120778920221500
6,7328,0.0,1789587088276,120778920221500
7,7328,0.0,1789587088276,120778920221500
0,7428,0.0,1789587088376,120778922633916
1,7428,10.0,1789587088376,120778922633916
2,7428,0.0,1789587088376,120778922633916
3,7428,0.0,1789587088376,120778922633916
4,7428,0.0,1789587088376,120778922633916
5,7428,0.0,1789587088376,120778922633916
6,7428,0.0,1789587088376,120778922633916
7,7428,0.0,1789587088376,120778922633916
0,7529,0.0,1789587088477,120778925043228
1,7529,0.0,1789587088477,120778925043228
2,7529,0.0,1789587088477,120778925043228
3,7529,0.0,1789587088477,120778925043228
4,7529,0.0,1789587088477,120778925043228
5,7529,0.0,1789587088477,120778925043228
6,7529,0.0,1789587088477,120778925043228
7,7529,0.0,1789587088477,120778925043228
0,7629,0.0,1789587088577,120778927452093
1,7629,0.0,1789587088577,120778927452093
2,7629,0.0,1789587088577,120778927452093
3,7629,0.0,1789587088577,120778927452093
4,7629,0.0,1789587088577,120778927452093
5,7629,0.0,1789587088577,120778927452093
6,7629,0.0,1789587088577,120778927452093
7,7629,0.0,1789587088577,120778927452093
0,7729,0.0,1789587088677,120778929859547
1,7729,0.0,1789587088677,120778929859547
2,7729,0.0,1789587088677,120778929859547
3,7729,0.0,1789587088677,120778929859547
4,7729,0.0,1789587088677,120778929859547
5,7729,0.0,1789587088677,120778929859547
6,7729,0.0,1789587088677,120778929859547
7,7729,0.0,1789587088677,120778929859547
0,7830,0.0,1789587088778,120778932267211
1,7830,0.0,1789587088778,120778932267211
2,7830,0.0,1789587088778,120778932267211
3,7830,0.0,1789587088778,120778932267211
4,7830,0.0,1789587088778,120778932267211
5,7830,0.0,1789587088778,120778932267211
6,7830,0.0,1789587088778,120778932267211
7,7830,0.0,1789587088778,120778932267211
0,7930,0.0,1789587088878,120778934677432
1,7930,0.0,1789587088878,120778934677432
2,7930,10.0,1789587088878,120778934677432
3,7930,0.0,1789587088878,120778934677432
4,7930,0.0,1789587088878,120778934677432
5,7930,0.0,1789587088878,120778934677432
6,7930,0.0,1789587088878,120778934677432
7,7930,0.0,1789587088878,120778934677432
0,8030,0.0,1789587088978,120778937086379
1,8030,0.0,1789587088978,120778937086379
2,8030,0.0,1789587088978,120778937086379
3,8030,0.0,1789587088978,120778937086379
4,8030,0.0,1789587088978,120778937086379
5,8030,0.0,1789587088978,120778937086379
6,8030,0.0,1789587088978,120778937086379
7,8030,0.0,1789587088978,120778937086379
0,8131,0.0,1789587089079,120778939493628
1,8131,0.0,1789587089079,120778939493628
2,8131,0.0,1789587089079,120778939493628
3,8131,0.0,1789587089079,120778939493628
4,8131,0.0,1789587089079,120778939493628
5,8131,0.0,1789587089079,120778939493628
6,8131,0.0,1789587089079,120778939493628
7,8131,0.0,1789587089079,120778939493628
0,8231,0.0,1789587089179,120778941904194
1,8231,0.0,1789587089179,120778941904194
2,8231,0.0,1789587089179,120778941904194
3,8231,0.0,1789587089179,120778941904194
4,8231,0.0,1789587089179,120778941904194
5,8231,0.0,1789587089179,120778941904194
6,8231,0.0,1789587089179,120778941904194
7,8231,0.0,1789587089179,120778941904194
0,8332,0.0,1789587089280,120778944313090
1,8332,0.0,1789587089280,120778944313090
2,8332,0.0,1789587089280,120778944313090
3,8332,0.0,1789587089280,120778944313090
4,8332,0.0,1789587089280,120778944313090
5,8332,0.0,1789587089280,120778944313090
6,8332,0.0,1789587089280,120778944313090
7,8332,0.0,1789587089280,120778944313090
0,8432,0.0,1789587089380,120778946720720
1,8432,0.0,1789587089380,120778946720720
2,8432,0.0,1789587089380,120778946720720
3,8432,0.0,1789587089380,120778946720720
4,8432,0.0,1789587089380,120778946720720
5,8432,0.0,1789587089380,120778946720720
6,8432,0.0,1789587089380,120778946720720
7,8432,0.0,1789587089380,120778946720720
0,8532,0.0,1789587089480,120778949129141
1,8532,0.0,1789587089480,120778949129141
2,8532,0.0,1789587089480,120778949129141
3,8532,0.0,1789587089480,120778949129141
4,8532,0.0,1789587089480,120778949129141
5,8532,0.0,1789587089480,120778949129141
6,8532,0.0,1789587089480,120778949129141
7,8532,0.0,1789587089480,120778949129141
0,8633,0.0,1789587089581,120778951537176
1,8633,0.0,1789587089581,120778951537176
2,8633,0.0,1789587089581,120778951537176
3,8633,0.0,1789587089581,120778951537176
4,8633,0.0,1789587089581,120778951537176
5,8633,0.0,1789587089581,120778951537176
6,8633,0.0,1789587089581,120778951537176
7,8633,0.0,1789587089581,120778951537176
0,8733,0.0,1789587089681,120778953944402
1,8733,0.0,1789587089681,120778953944402
2,8733,0.0,1789587089681,120778953944402
3,8733,0.0,1789587089681,120778953944402
4,8733,0.0,1789587089681,120778953944402
5,8733,0.0,1789587089681,120778953944402
6,8733,0.0,1789587089681,120778953944402
7,8733,0.0,1789587089681,120778953944402
0,8833,0.0,1789587089781,120778956351359
1,8833,0.0,1789587089781,120778956351359
2,8833,0.0,1789587089781,120778956351359
3,8833,0.0,1789587089781,120778956351359
4,8833,0.0,1789587089781,120778956351359
5,8833,0.0,1789587089781,120778956351359
6,8833,0.0,1789587089781,120778956351359
7,8833,0.0,1789587089781,120778956351359
0,8934,0.0,1789587089882,120778958759981
1,8934,0.0,1789587089882,120778958759981
2,8934,0.0,1789587089882,120778958759981
3,8934,0.0,1789587089882,120778958759981
4,8934,0.0,1789587089882,120778958759981
5,8934,0.0,1789587089882,120778958759981
6,8934,0.0,1789587089882,120778958759981
7,8934,0.0,1789587089882,120778958759981
0,9034,0.0,1789587089982,120778961167145
1,9034,0.0,1789587089982,120778961167145
2,9034,0.0,1789587089982,120778961167145
3,9034,0.0,1789587089982,120778961167145
4,9034,0.0,1789587089982,120778961167145
5,9034,0.0,1789587089982,120778961167145
6,9034,0.0,1789587089982,120778961167145
7,9034,0.0,1789587089982,120778961167145
0,9134,0.0,1789587090082,120778963573818
1,9134,0.0,1789587090082,120778963573818
2,9134,0.0,1789587090082,120778963573818
3,9134,0.0,1789587090082,120778963573818
4,9134,0.0,1789587090082,120778963573818
5,9134,0.0,1789587090082,120778963573818
6,9134,0.0,1789587090082,120778963573818
7,9134,0.0,1789587090082,120778963573818
0,9234,0.0,1789587090182,120778965980585
1,9234,0.0,1789587090182,120778965980585
2,9234,0.0,1789587090182,120778965980585
3,9234,0.0,1789587090182,120778965980585
4,9234,0.0,1789587090182,120778965980585
5,9234,0.0,1789587090182,120778965980585
6,9234,0.0,1789587090182,120778965980585
7,9234,0.0,1789587090182,120778965980585
0,9335,0.0,1789587090283,120778968387385
1,9335,0.0,1789587090283,120778968387385
2,9335,0.0,1789587090283,120778968387385
3,9335,0.0,1789587090283,120778968387385
4,9335,0.0,1789587090283,120778968387385
5,9335,0.0,1789587090283,120778968387385
6,9335,0.0,1789587090283,120778968387385
7,9335,0.0,1789587090283,120778968387385
0,9435,0.0,1789587090383,120778970794924
1,9435,0.0,1789587090383,120778970794924
2,9435,0.0,1789587090383,120778970794924
3,9435,0.0,1789587090383,120778970794924
4,9435,0.0,1789587090383,120778970794924
5,9435,0.0,1789587090383,120778970794924
6,9435,0.0,1789587090383,120778970794924
7,9435,0.0,1789587090383,120778970794924
0,9535,0.0,1789587090483,120778973201943
1,9535,0.0,1789587090483,120778973201943
2,9535,0.0,1789587090483,120778973201943
3,9535,0.0,1789587090483,120778973201943
4,9535,0.0,1789587090483,120778973201943
5,9535,0.0,1789587090483,120778973201943
6,9535,0.0,1789587090483,120778973201943
7,9535,0.0,1789587090483,120778973201943
0,9636,0.0,1789587090584,120778975608744
1,9636,0.0,1789587090584,120778975608744
2,9636,0.0,1789587090584,120778975608744
3,9636,0.0,1789587090584,120778975608744
4,9636,0.0,1789587090584,120778975608744
5,9636,0.0,1789587090584,120778975608744
6,9636,0.0,1789587090584,120778975608744
7,9636,0.0,1789587090584,120778975608744
0,9736,0.0,1789587090684,120778978015480
1,9736,0.0,1789587090684,120778978015480
2,9736,0.0,1789587090684,120778978015480
3,9736,0.0,1789587090684,120778978015480
4,9736,0.0,1789587090684,120778978015480
5,9736,0.0,1789587090684,120778978015480
6,9736,0.0,1789587090684,120778978015480
7,9736,0.0,1789587090684,120778978015480
0,9836,0.0,1789587090784,120778980424168
1,9836,0.0,1789587090784,120778980424168
2,9836,0.0,1789587090784,120778980424168
3,9836,0.0,1789587090784,120778980424168
4,9836,0.0,1789587090784,120778980424168
5,9836,0.0,1789587090784,120778980424168
6,9836,0.0,1789587090784,120778980424168
7,9836,0.0,1789587090784,120778980424168
0,9937,0.0,1789587090885,120778982834751
1,9937,0.0,1789587090885,120778982834751
2,9937,0.0,1789587090885,120778982834751
3,9937,0.0,1789587090885,120778982834751
4,9937,0.0,1789587090885,120778982834751
5,9937,0.0,1789587090885,120778982834751
6,9937,0.0,1789587090885,120778982834751
7,9937,0.0,1789587090885,120778982834751
0,10037,0.0,1789587090985,120778985243574
1,10037,0.0,1789587090985,120778985243574
2,10037,0.0,1789587090985,120778985243574
3,10037,0.0,1789587090985,120778985243574
4,10037,0.0,1789587090985,120778985243574
5,10037,0.0,1789587090985,120778985243574
6,10037,0.0,1789587090985,120778985243574
7,10037,0.0,1789587090985,120778985243574
0,10137,0.0,1789587091085,120778987652166
1,10137,0.0,1789587091085,120778987652166
2,10137,0.0,1789587091085,120778987652166
3,10137,0.0,1789587091085,120778987652166
4,10137,0.0,1789587091085,120778987652166
5,10137,0.0,1789587091085,120778987652166
6,10137,0.0,1789587091085,120778987652166
7,10137,0.0,1789587091085,120778987652166
0,10238,0.0,1789587091186,120778990059469
1,10238,0.0,1789587091186,120778990059469
2,10238,0.0,1789587091186,120778990059469
3,10238,0.0,1789587091186,120778990059469
4,10238,0.0,1789587091186,120778990059469
5,10238,0.0,1789587091186,120778990059469
6,10238,0.0,1789587091186,120778990059469
7,10238,0.0,1789587091186,120778990059469
0,10338,0.0,1789587091286,120778992466458
1,10338,0.0,1789587091286,120778992466458
2,10338,0.0,1789587091286,120778992466458
3,10338,0.0,1789587091286,120778992466458
4,10338,0.0,1789587091286,120778992466458
5,10338,0.0,1789587091286,120778992466458
6,10338,0.0,1789587091286,120778992466458
7,10338,0.0,1789587091286,120778992466458
0,10438,0.0,1789587091386,120778994875496
1,10438,0.0,1789587091386,120778994875496
2,10438,0.0,1789587091386,120778994875496
3,10438,0.0,1789587091386,120778994875496
4,10438,0.0,1789587091386,120778994875496
5,10438,0.0,1789587091386,120778994875496
6,10438,0.0,1789587091386,120778994875496
7,10438,0.0,1789587091386,120778994875496
0,10539,0.0,1789587091487,120778997283678
1,10539,0.0,1789587091487,120778997283678
2,10539,0.0,1789587091487,120778997283678
3,10539,0.0,1789587091487,120778997283678
4,10539,0.0,1789587091487,120778997283678
5,10539,0.0,1789587091487,120778997283678
6,10539,0.0,1789587091487,120778997283678
7,10539,0.0,1789587091487,120778997283678
0,10639,0.0,1789587091587,120778999691906
1,10639,0.0,1789587091587,120778999691906
2,10639,9.1,1789587091587,120778999691906
3,10639,0.0,1789587091587,120778999691906
4,10639,0.0,1789587091587,120778999691906
5,10639,0.0,1789587091587,120778999691906
6,10639,0.0,1789587091587,120778999691906
7,10639,0.0,1789587091587,120778999691906
0,10739,0.0,1789587091687,120779002099396
1,10739,0.0,1789587091687,120779002099396
2,10739,0.0,1789587091687,120779002099396
3,10739,0.0,1789587091687,120779002099396
4,10739,0.0,1789587091687,120779002099396
5,10739,0.0,1789587091687,120779002099396
6,10739,0.0,1789587091687,120779002099396
7,10739,0.0,1789587091687,120779002099396
0,10840,0.0,1789587091788,120779004506533
1,10840,0.0,1789587091788,120779004506533
2,10840,0.0,1789587091788,120779004506533
3,10840,0.0,1789587091788,120779004506533
4,10840,0.0,1789587091788,120779004506533
5,10840,0.0,1789587091788,120779004506533
6,10840,0.0,1789587091788,120779004506533
7,10840,9.1,1789587091788,120779004506533
0,10940,0.0,1789587091888,120779006913730
1,10940,0.0,1789587091888,120779006913730
2,10940,0.0,1789587091888,120779006913730
3,10940,0.0,1789587091888,120779006913730
4,10940,0.0,1789587091888,120779006913730
5,10940,0.0,1789587091888,120779006913730
6,10940,0.0,1789587091888,120779006913730
7,10940,0.0,1789587091888,120779006913730
0,11040,0.0,1789587091988,120779009320827
1,11040,0.0,1789587091988,120779009320827
2,11040,0.0,1789587091988,120779009320827
3,11040,0.0,1789587091988,120779009320827
4,11040,0.0,1789587091988,120779009320827
5,11040,0.0,1789587091988,120779009320827
6,11040,0.0,1789587091988,120779009320827
7,11040,9.1,1789587091988,120779009320827
0,11141,0.0,1789587092089,120779011727754
1,11141,0.0,1789587092089,120779011727754
2,11141,0.0,1789587092089,120779011727754
3,11141,0.0,1789587092089,120779011727754
4,11141,0.0,1789587092089,120779011727754
5,11141,0.0,1789587092089,120779011727754
6,11141,0.0,1789587092089,120779011727754
7,11141,0.0,1789587092089,120779011727754
0,11241,9.1,1789587092189,120779014138188
1,11241,0.0,1789587092189,120779014138188
2,11241,0.0,1789587092189,120779014138188
3,11241,0.0,1789587092189,120779014138188
4,11241,0.0,1789587092189,120779014138188
5,11241,0.0,1789587092189,120779014138188
6,11241,9.1,1789587092189,120779014138188
7,11241,9.1,1789587092189,120779014138188
0,11341,0.0,1789587092289,120779016547421
1,11341,0.0,1789587092289,120779016547421
2,11341,0.0,1789587092289,120779016547421
3,11341,0.0,1789587092289,120779016547421
4,11341,0.0,1789587092289,120779016547421
5,11341,0.0,1789587092289,120779016547421
6,11341,0.0,1789587092289,120779016547421
7,11341,0.0,1789587092289,120779016547421
0,11442,0.0,1789587092390,120779018955948
1,11442,0.0,1789587092390,120779018955948
2,11442,0.0,1789587092390,120779018955948
3,11442,0.0,1789587092390,120779018955948
4,11442,0.0,1789587092390,120779018955948
5,11442,0.0,1789587092390,120779018955948
6,11442,0.0,1789587092390,120779018955948
7,11442,0.0,1789587092390,120779018955948
0,11542,0.0,1789587092490,120779021363443
1,11542,0.0,1789587092490,120779021363443
2,11542,0.0,1789587092490,120779021363443
3,11542,0.0,1789587092490,120779021363443
4,11542,0.0,1789587092490,120779021363443
5,11542,0.0,1789587092490,120779021363443
6,11542,0.0,1789587092490,120779021363443
7,11542,0.0,1789587092490,120779021363443
0,11642,0.0,1789587092590,120779023770662
1,11642,0.0,1789587092590,120779023770662
2,11642,0.0,1789587092590,120779023770662
3,11642,0.0,1789587092590,120779023770662
4,11642,0.0,1789587092590,120779023770662
5,11642,0.0,1789587092590,120779023770662
6,11642,0.0,1789587092590,120779023770662
7,11642,9.1,1789587092590,120779023770662
0,11743,0.0,1789587092691,120779026177527
1,11743,0.0,1789587092691,120779026177527
2,11743,0.0,1789587092691,120779026177527
3,11743,0.0,1789587092691,120779026177527
4,11743,0.0,1789587092691,120779026177527
5,11743,0.0,1789587092691,120779026177527
6,11743,0.0,1789587092691,120779026177527
7,11743,0.0,1789587092691,120779026177527
0,11843,0.0,1789587092791,120779028585206
1,11843,0.0,1789587092791,120779028585206
2,11843,0.0,1789587092791,120779028585206
3,11843,0.0,1789587092791,120779028585206
4,11843,0.0,1789587092791,120779028585206
5,11843,0.0,1789587092791,120779028585206
6,11843,0.0,1789587092791,120779028585206
7,11843,0.0,1789587092791,120779028585206
0,11943,0.0,1789587092891,120779030995787
1,11943,0.0,1789587092891,120779030995787
2,11943,10.0,1789587092891,120779030995787
3,11943,0.0,1789587092891,120779030995787
4,11943,0.0,1789587092891,120779030995787
5,11943,0.0,1789587092891,120779030995787
6,11943,0.0,1789587092891,120779030995787
7,11943,0.0,1789587092891,120779030995787
0,12044,0.0,1789587092992,120779033404500
1,12044,0.0,1789587092992,120779033404500
2,12044,0.0,1789587092992,120779033404500
3,12044,0.0,1789587092992,120779033404500
4,12044,0.0,1789587092992,120779033404500
5,12044,0.0,1789587092992,120779033404500
6,12044,0.0,1789587092992,120779033404500
7,12044,0.0,1789587092992,120779033404500
0,12144,0.0,1789587093092,120779035811814
1,12144,0.0,1789587093092,120779035811814
2,12144,0.0,1789587093092,120779035811814
3,12144,0.0,1789587093092,120779035811814
4,12144,0.0,1789587093092,120779035811814
5,12144,0.0,1789587093092,120779035811814
6,12144,0.0,1789587093092,120779035811814
7,12144,0.0,1789587093092,120779035811814
0,12244,0.0,1789587093192,120779038218909
1,12244,0.0,1789587093192,120779038218909
2,12244,0.0,1789587093192,120779038218909
3,12244,0.0,1789587093192,120779038218909
4,12244,0.0,1789587093192,120779038218909
5,12244,0.0,1789587093192,120779038218909
6,12244,0.0,1789587093192,120779038218909
7,12244,0.0,1789587093192,120779038218909
0,12345,0.0,1789587093293,120779040625692
1,12345,0.0,1789587093293,120779040625692
2,12345,0.0,1789587093293,120779040625692
3,12345,0.0,1789587093293,120779040625692
4,12345,0.0,1789587093293,120779040625692
5,12345,0.0,1789587093293,120779040625692
6,12345,0.0,1789587093293,120779040625692
7,12345,9.1,1789587093293,120779040625692
0,12445,0.0,1789587093393,120779043034638
1,12445,0.0,1789587093393,120779043034638
2,12445,0.0,1789587093393,120779043034638
3,12445,0.0,1789587093393,120779043034638
4,12445,0.0,1789587093393,120779043034638
5,12445,0.0,1789587093393,120779043034638
6,12445,0.0,1789587093393,120779043034638
7,12445,0.0,1789587093393,120779043034638
0,12545,0.0,1789587093493,120779045444758
1,12545,0.0,1789587093493,120779045444758
2,12545,0.0,1789587093493,120779045444758
3,12545,0.0,1789587093493,120779045444758
4,12545,0.0,1789587093493,120779045444758
5,12545,0.0,1789587093493,120779045444758
6,12545,0.0,1789587093493,120779045444758
7,12545,0.0,1789587093493,120779045444758
0,12646,0.0,1789587093594,120779047854543
1,12646,0.0,1789587093594,120779047854543
2,12646,0.0,1789587093594,120779047854543
3,12646,0.0,1789587093594,120779047854543
4,12646,0.0,1789587093594,120779047854543
5,12646,0.0,1789587093594,120779047854543
6,12646,0.0,1789587093594,120779047854543
7,12646,0.0,1789587093594,120779047854543
0,12746,0.0,1789587093694,120779050263080
1,12746,0.0,1789587093694,120779050263080
2,12746,0.0,1789587093694,120779050263080
3,12746,0.0,1789587093694,120779050263080
4,12746,0.0,1789587093694,120779050263080
5,12746,0.0,1789587093694,120779050263080
6,12746,0.0,1789587093694,120779050263080
7,12746,9.1,1789587093694,120779050263080
0,12847,0.0,1789587093795,120779052671639
1,12847,0.0,1789587093795,120779052671639
2,12847,0.0,1789587093795,120779052671639
3,12847,0.0,1789587093795,120779052671639
4,12847,0.0,1789587093795,120779052671639
5,12847,0.0,1789587093795,120779052671639
6,12847,0.0,1789587093795,120779052671639
7,12847,0.0,1789587093795,120779052671639
0,12947,0.0,1789587093895,120779055081079
1,12947,0.0,1789587093895,120779055081079
2,12947,0.0,1789587093895,120779055081079
3,12947,0.0,1789587093895,120779055081079
4,12947,0.0,1789587093895,120779055081079
5,12947,0.0,1789587093895,120779055081079
6,12947,0.0,1789587093895,120779055081079
7,12947,0.0,1789587093895,120779055081079
0,13047,0.0,1789587093995,120779057489711
1,13047,0.0,1789587093995,120779057489711
2,13047,0.0,1789587093995,120779057489711
3,13047,0.0,1789587093995,120779057489711
4,13047,0.0,1789587093995,120779057489711
5,13047,0.0,1789587093995,120779057489711
6,13047,0.0,1789587093995,120779057489711
7,13047,9.1,1789587093995,120779057489711
0,13148,0.0,1789587094096,120779059898284
1,13148,0.0,1789587094096,120779059898284
2,13148,0.0,1789587094096,120779059898284
3,13148,0.0,1789587094096,120779059898284
4,13148,0.0,1789587094096,120779059898284
5,13148,0.0,1789587094096,120779059898284
6,13148,0.0,1789587094096,120779059898284
7,13148,0.0,1789587094096,120779059898284
0,13248,0.0,1789587094196,120779062305649
1,13248,0.0,1789587094196,120779062305649
2,13248,0.0,1789587094196,120779062305649
3,13248,0.0,1789587094196,120779062305649
4,13248,0.0,1789587094196,120779062305649
5,13248,0.0,1789587094196,120779062305649
6,13248,0.0,1789587094196,120779062305649
7,13248,0.0,1789587094196,120779062305649
0,13348,0.0,1789587094296,120779064712391
1,13348,0.0,1789587094296,120779064712391
2,13348,0.0,1789587094296,120779064712391
3,13348,0.0,1789587094296,120779064712391
4,13348,0.0,1789587094296,120779064712391
5,13348,0.0,1789587094296,120779064712391
6,13348,0.0,1789587094296,120779064712391
7,13348,0.0,1789587094296,120779064712391
0,13449,0.0,1789587094397,120779067119118
1,13449,0.0,1789587094397,120779067119118
2,13449,0.0,1789587094397,120779067119118
3,13449,0.0,1789587094397,120779067119118
4,13449,0.0,1789587094397,120779067119118
5,13449,0.0,1789587094397,120779067119118
6,13449,0.0,1789587094397,120779067119118
7,13449,0.0,1789587094397,120779067119118
0,13549,0.0,1789587094497,120779069526084
1,13549,0.0,1789587094497,120779069526084
2,13549,0.0,1789587094497,120779069526084
3,13549,0.0,1789587094497,120779069526084
4,13549,0.0,1789587094497,120779069526084
5,13549,0.0,1789587094497,120779069526084
6,13549,0.0,1789587094497,120779069526084
7,13549,0.0,1789587094497,120779069526084
0,13649,0.0,1789587094597,120779071933053
1,13649,0.0,1789587094597,120779071933053
2,13649,0.0,1789587094597,120779071933053
3,13649,0.0,1789587094597,120779071933053
4,13649,0.0,1789587094597,120779071933053
5,13649,0.0,1789587094597,120779071933053
6,13649,0.0,1789587094597,120779071933053
7,13649,0.0,1789587094597,120779071933053
0,13749,0.0,1789587094697,120779074339858
1,13749,0.0,1789587094697,120779074339858
2,13749,0.0,1789587094697,120779074339858
3,13749,0.0,1789587094697,120779074339858
4,13749,0.0,1789587094697,120779074339858
5,13749,0.0,1789587094697,120779074339858
6,13749,0.0,1789587094697,120779074339858
7,13749,0.0,1789587094697,120779074339858
0,13850,0.0,1789587094798,120779076747867
1,13850,0.0,1789587094798,120779076747867
2,13850,0.0,1789587094798,120779076747867
3,13850,0.0,1789587094798,120779076747867
4,13850,0.0,1789587094798,120779076747867
5,13850,0.0,1789587094798,120779076747867
6,13850,0.0,1789587094798,120779076747867
7,13850,0.0,1789587094798,120779076747867
0,13950,0.0,1789587094898,120779079157706
1,13950,0.0,1789587094898,120779079157706
2,13950,9.1,1789587094898,120779079157706
3,13950,0.0,1789587094898,120779079157706
4,13950,0.0,1789587094898,120779079157706
5,13950,0.0,1789587094898,120779079157706
6,13950,0.0,1789587094898,120779079157706
7,13950,9.1,1789587094898,120779079157706
0,14051,0.0,1789587094999,120779081566501
1,14051,0.0,1789587094999,120779081566501
2,14051,0.0,1789587094999,120779081566501
3,14051,0.0,1789587094999,120779081566501
4,14051,0.0,1789587094999,120779081566501
5,14051,0.0,1789587094999,120779081566501
6,14051,0.0,1789587094999,120779081566501
7,14051,0.0,1789587094999,120779081566501
0,14151,0.0,1789587095099,120779083973943
1,14151,0.0,1789587095099,120779083973943
2,14151,0.0,1789587095099,120779083973943
3,14151,0.0,1789587095099,120779083973943
4,14151,0.0,1789587095099,120779083973943
5,14151,0.0,1789587095099,120779083973943
6,14151,0.0,1789587095099,120779083973943
7,14151,0.0,1789587095099,120779083973943
0,14251,0.0,1789587095199,120779086385757
1,14251,0.0,1789587095199,120779086385757
2,14251,0.0,1789587095199,120779086385757
3,14251,0.0,1789587095199,120779086385757
4,14251,0.0,1789587095199,120779086385757
5,14251,9.1,1789587095199,120779086385757
6,14251,0.0,1789587095199,120779086385757
7,14251,9.1,1789587095199,120779086385757
0,14352,0.0,1789587095300,120779088794839
1,14352,0.0,1789587095300,120779088794839
2,14352,0.0,1789587095300,120779088794839
3,14352,0.0,1789587095300,120779088794839
4,14352,0.0,1789587095300,120779088794839
5,14352,0.0,1789587095300,120779088794839
6,14352,0.0,1789587095300,120779088794839
7,14352,9.1,1789587095300,120779088794839
0,14452,0.0,1789587095400,120779091202037
1,14452,0.0,1789587095400,120779091202037
2,14452,0.0,1789587095400,120779091202037
3,14452,0.0,1789587095400,120779091202037
4,14452,0.0,1789587095400,120779091202037
5,14452,0.0,1789587095400,120779091202037
6,14452,0.0,1789587095400,120779091202037
7,14452,0.0,1789587095400,120779091202037
0,14552,0.0,1789587095500,120779093609317
1,14552,0.0,1789587095500,120779093609317
2,14552,0.0,1789587095500,120779093609317
3,14552,0.0,1789587095500,120779093609317
4,14552,0.0,1789587095500,120779093609317
5,14552,0.0,1789587095500,120779093609317
6,14552,0.0,1789587095500,120779093609317
7,14552,0.0,1789587095500,120779093609317
0,14653,0.0,1789587095601,120779096016958
1,14653,0.0,1789587095601,120779096016958
2,14653,0.0,1789587095601,120779096016958
3,14653,0.0,1789587095601,120779096016958
4,14653,0.0,1789587095601,120779096016958
5,14653,0.0,1789587095601,120779096016958
6,14653,0.0,1789587095601,120779096016958
7,14653,0.0,1789587095601,120779096016958
0,14753,0.0,1789587095701,120779098424024
1,14753,0.0,1789587095701,120779098424024
2,14753,0.0,1789587095701,120779098424024
3,14753,0.0,1789587095701,120779098424024
4,14753,0.0,1789587095701,120779098424024
5,14753,0.0,1789587095701,120779098424024
6,14753,0.0,1789587095701,120779098424024
7,14753,0.0,1789587095701,120779098424024
0,14853,0.0,1789587095801,120779100831031
1,14853,0.0,1789587095801,120779100831031
2,14853,0.0,1789587095801,120779100831031
3,14853,0.0,1789587095801,120779100831031
4,14853,0.0,1789587095801,120779100831031
5,14853,0.0,1789587095801,120779100831031
6,14853,0.0,1789587095801,120779100831031
7,14853,0.0,1789587095801,120779100831031
0,14954,0.0,1789587095902,120779103238290
1,14954,0.0,1789587095902,120779103238290
2,14954,0.0,1789587095902,120779103238290
3,14954,0.0,1789587095902,120779103238290
4,14954,0.0,1789587095902,120779103238290
5,14954,0.0,1789587095902,120779103238290
6,14954,0.0,1789587095902,120779103238290
7,14954,9.1,1789587095902,120779103238290
0,15054,0.0,1789587096002,120779105646504
1,15054,0.0,1789587096002,120779105646504
2,15054,0.0,1789587096002,120779105646504
3,15054,0.0,1789587096002,120779105646504
4,15054,0.0,1789587096002,120779105646504
5,15054,0.0,1789587096002,120779105646504
6,15054,0.0,1789587096002,120779105646504
7,15054,0.0,1789587096002,120779105646504
0,15154,0.0,1789587096102,120779108053695
1,15154,0.0,1789587096102,120779108053695
2,15154,0.0,1789587096102,120779108053695
3,15154,0.0,1789587096102,120779108053695
4,15154,0.0,1789587096102,120779108053695
5,15154,0.0,1789587096102,120779108053695
6,15154,0.0,1789587096102,120779108053695
7,15154,9.1,1789587096102,120779108053695
0,15255,0.0,1789587096203,120779110461589
1,15255,0.0,1789587096203,120779110461589
2,15255,0.0,1789587096203,120779110461589
3,15255,0.0,1789587096203,120779110461589
4,15255,0.0,1789587096203,120779110461589
5,15255,0.0,1789587096203,120779110461589
6,15255,0.0,1789587096203,120779110461589
7,15255,0.0,1789587096203,120779110461589
0,15355,0.0,1789587096303,120779112868960
1,15355,0.0,1789587096303,120779112868960
2,15355,0.0,1789587096303,120779112868960
3,15355,0.0,1789587096303,120779112868960
4,15355,0.0,1789587096303,120779112868960
5,15355,0.0,1789587096303,120779112868960
6,15355,0.0,1789587096303,120779112868960
7,15355,0.0,1789587096303,120779112868960
0,15455,0.0,1789587096403,120779115275857
1,15455,0.0,1789587096403,120779115275857
2,15455,0.0,1789587096403,120779115275857
3,15455,0.0,1789587096403,120779115275857
4,15455,0.0,1789587096403,120779115275857
5,15455,0.0,1789587096403,120779115275857
6,15455,0.0,1789587096403,120779115275857
7,15455,0.0,1789587096403,120779115275857
0,15555,0.0,1789587096503,120779117683826
1,15555,0.0,1789587096503,120779117683826
2,15555,0.0,1789587096503,120779117683826
3,15555,0.0,1789587096503,120779117683826
4,15555,0.0,1789587096503,120779117683826
5,15555,0.0,1789587096503,120779117683826
6,15555,0.0,1789587096503,120779117683826
7,15555,0.0,1789587096503,120779117683826
0,15656,0.0,1789587096604,120779120092300
1,15656,0.0,1789587096604,120779120092300
2,15656,0.0,1789587096604,120779120092300
3,15656,0.0,1789587096604,120779120092300
4,15656,0.0,1789587096604,120779120092300
5,15656,0.0,1789587096604,120779120092300
6,15656,0.0,1789587096604,120779120092300
7,15656,0.0,1789587096604,120779120092300
0,15756,0.0,1789587096704,120779122500029
1,15756,0.0,1789587096704,120779122500029
2,15756,0.0,1789587096704,120779122500029
3,15756,0.0,1789587096704,120779122500029
4,15756,0.0,1789587096704,120779122500029
5,15756,0.0,1789587096704,120779122500029
6,15756,0.0,1789587096704,120779122500029
7,15756,0.0,1789587096704,120779122500029
0,15856,0.0,1789587096804,120779124907140
1,15856,0.0,1789587096804,120779124907140
2,15856,0.0,1789587096804,120779124907140
3,15856,0.0,1789587096804,120779124907140
4,15856,0.0,1789587096804,120779124907140
5,15856,0.0,1789587096804,120779124907140
6,15856,0.0,1789587096804,120779124907140
7,15856,0.0,1789587096804,120779124907140
0,15957,0.0,1789587096905,120779127317102
1,15957,0.0,1789587096905,120779127317102
2,15957,9.1,1789587096905,120779127317102
3,15957,0.0,1789587096905,120779127317102
4,15957,0.0,1789587096905,120779127317102
5,15957,0.0,1789587096905,120779127317102
6,15957,0.0,1789587096905,120779127317102
7,15957,9.1,1789587096905,120779127317102
0,16057,0.0,1789587097005,120779129725976
1,16057,0.0,1789587097005,120779129725976
2,16057,0.0,1789587097005,120779129725976
3,16057,0.0,1789587097005,120779129725976
4,16057,0.0,1789587097005,120779129725976
5,16057,0.0,1789587097005,120779129725976
6,16057,0.0,1789587097005,120779129725976
7,16057,0.0,1789587097005,120779129725976
0,16158,0.0,1789587097106,120779132133636
1,16158,0.0,1789587097106,120779132133636
2,16158,0.0,1789587097106,120779132133636
3,16158,0.0,1789587097106,120779132133636
4,16158,0.0,1789587097106,120779132133636
5,16158,0.0,1789587097106,120779132133636
6,16158,0.0,1789587097106,120779132133636
7,16158,0.0,1789587097106,120779132133636
0,16258,0.0,1789587097206,120779134542163
1,16258,0.0,1789587097206,120779134542163
2,16258,0.0,1789587097206,120779134542163
3,16258,0.0,1789587097206,120779134542163
4,16258,0.0,1789587097206,120779134542163
5,16258,0.0,1789587097206,120779134542163
6,16258,0.0,1789587097206,120779134542163
7,16258,0.0,1789587097206,120779134542163
0,16358,0.0,1789587097306,120779136949007
1,16358,0.0,1789587097306,120779136949007
2,16358,0.0,1789587097306,120779136949007
3,16358,0.0,1789587097306,120779136949007
4,16358,0.0,1789587097306,120779136949007
5,16358,0.0,1789587097306,120779136949007
6,16358,0.0,1789587097306,120779136949007
7,16358,0.0,1789587097306,120779136949007
0,16458,0.0,1789587097406,120779139355964
1,16458,0.0,1789587097406,120779139355964
2,16458,0.0,1789587097406,120779139355964
3,16458,0.0,1789587097406,120779139355964
4,16458,0.0,1789587097406,120779139355964
5,16458,0.0,1789587097406,120779139355964
6,16458,0.0,1789587097406,120779139355964
7,16458,0.0,1789587097406,120779139355964
0,16559,0.0,1789587097507,120779141762945
1,16559,0.0,1789587097507,120779141762945
2,16559,0.0,1789587097507,120779141762945
3,16559,0.0,1789587097507,120779141762945
4,16559,0.0,1789587097507,120779141762945
5,16559,0.0,1789587097507,120779141762945
6,16559,0.0,1789587097507,120779141762945
7,16559,0.0,1789587097507,120779141762945
0,16659,0.0,1789587097607,120779144170777
1,16659,0.0,1789587097607,120779144170777
2,16659,0.0,1789587097607,120779144170777
3,16659,0.0,1789587097607,120779144170777
4,16659,0.0,1789587097607,120779144170777
5,16659,0.0,1789587097607,120779144170777
6,16659,0.0,1789587097607,120779144170777
7,16659,9.1,1789587097607,120779144170777
0,16759,0.0,1789587097707,120779146578119
1,16759,0.0,1789587097707,120779146578119
2,16759,0.0,1789587097707,120779146578119
3,16759,0.0,1789587097707,120779146578119
4,16759,0.0,1789587097707,120779146578119
5,16759,0.0,1789587097707,120779146578119
6,16759,0.0,1789587097707,120779146578119
7,16759,0.0,1789587097707,120779146578119
0,16860,0.0,1789587097808,120779148985121
1,16860,0.0,1789587097808,120779148985121
2,16860,0.0,1789587097808,120779148985121
3,16860,0.0,1789587097808,120779148985121
4,16860,0.0,1789587097808,120779148985121
5,16860,0.0,1789587097808,120779148985121
6,16860,0.0,1789587097808,120779148985121
7,16860,0.0,1789587097808,120779148985121
0,16960,0.0,1789587097908,120779151392019
1,16960,0.0,1789587097908,120779151392019
2,16960,0.0,1789587097908,120779151392019
3,16960,0.0,1789587097908,120779151392019
4,16960,0.0,1789587097908,120779151392019
5,16960,0.0,1789587097908,120779151392019
6,16960,0.0,1789587097908,120779151392019
7,16960,10.0,1789587097908,120779151392019
0,17060,0.0,1789587098008,120779153798910
1,17060,0.0,1789587098008,120779153798910
2,17060,0.0,1789587098008,120779153798910
3,17060,0.0,1789587098008,120779153798910
4,17060,0.0,1789587098008,120779153798910
5,17060,0.0,1789587098008,120779153798910
6,17060,0.0,1789587098008,120779153798910
7,17060,0.0,1789587098008,120779153798910
0,17161,0.0,1789587098109,120779156205709
1,17161,0.0,1789587098109,120779156205709
2,17161,0.0,1789587098109,120779156205709
3,17161,0.0,1789587098109,120779156205709
4,17161,0.0,1789587098109,120779156205709
5,17161,0.0,1789587098109,120779156205709
6,17161,0.0,1789587098109,120779156205709
7,17161,0.0,1789587098109,120779156205709
0,17261,0.0,1789587098209,120779158616036
1,17261,0.0,1789587098209,120779158616036
2,17261,0.0,1789587098209,120779158616036
3,17261,0.0,1789587098209,120779158616036
4,17261,9.1,1789587098209,120779158616036
5,17261,0.0,1789587098209,120779158616036
6,17261,0.0,1789587098209,120779158616036
7,17261,0.0,1789587098209,120779158616036
0,17361,0.0,1789587098309,120779161024743
1,17361,0.0,1789587098309,120779161024743
2,17361,0.0,1789587098309,120779161024743
3,17361,0.0,1789587098309,120779161024743
4,17361,0.0,1789587098309,120779161024743
5,17361,0.0,1789587098309,120779161024743
6,17361,0.0,1789587098309,120779161024743
7,17361,0.0,1789587098309,120779161024743
0,17462,0.0,1789587098410,120779163431953
1,17462,0.0,1789587098410,120779163431953
2,17462,0.0,1789587098410,120779163431953
3,17462,0.0,1789587098410,120779163431953
4,17462,0.0,1789587098410,120779163431953
5,17462,0.0,1789587098410,120779163431953
6,17462,0.0,1789587098410,120779163431953
7,17462,0.0,1789587098410,120779163431953
0,17562,0.0,1789587098510,120779165842304
1,17562,0.0,1789587098510,120779165842304
2,17562,0.0,1789587098510,120779165842304
3,17562,9.1,1789587098510,120779165842304
4,17562,0.0,1789587098510,120779165842304
5,17562,0.0,1789587098510,120779165842304
6,17562,0.0,1789587098510,120779165842304
7,17562,0.0,1789587098510,120779165842304
0,17663,0.0,1789587098611,120779168252765
1,17663,0.0,1789587098611,120779168252765
2,17663,0.0,1789587098611,120779168252765
3,17663,0.0,1789587098611,120779168252765
4,17663,0.0,1789587098611,120779168252765
5,17663,0.0,1789587098611,120779168252765
6,17663,0.0,1789587098611,120779168252765
7,17663,0.0,1789587098611,120779168252765
0,17763,0.0,1789587098711,120779170661188
1,17763,0.0,1789587098711,120779170661188
2,17763,0.0,1789587098711,120779170661188
3,17763,0.0,1789587098711,120779170661188
4,17763,0.0,1789587098711,120779170661188
5,17763,0.0,1789587098711,120779170661188
6,17763,0.0,1789587098711,120779170661188
7,17763,0.0,1789587098711,120779170661188
0,17863,0.0,1789587098811,120779173069656
1,17863,0.0,1789587098811,120779173069656
2,17863,0.0,1789587098811,120779173069656
3,17863,0.0,1789587098811,120779173069656
4,17863,0.0,1789587098811,120779173069656
5,17863,0.0,1789587098811,120779173069656
6,17863,0.0,1789587098811,120779173069656
7,17863,0.0,1789587098811,120779173069656
0,17964,0.0,1789587098912,120779175479095
1,17964,0.0,1789587098912,120779175479095
2,17964,0.0,1789587098912,120779175479095
3,17964,0.0,1789587098912,120779175479095
4,17964,0.0,1789587098912,120779175479095
5,17964,0.0,1789587098912,120779175479095
6,17964,0.0,1789587098912,120779175479095
7,17964,0.0,1789587098912,120779175479095
0,18064,0.0,1789587099012,120779177887176
1,18064,0.0,1789587099012,120779177887176
2,18064,0.0,1789587099012,120779177887176
3,18064,0.0,1789587099012,120779177887176
4,18064,0.0,1789587099012,120779177887176
5,18064,0.0,1789587099012,120779177887176
6,18064,0.0,1789587099012,120779177887176
7,18064,0.0,1789587099012,120779177887176
0,18164,0.0,1789587099112,120779180294592
1,18164,0.0,1789587099112,120779180294592
2,18164,0.0,1789587099112,120779180294592
3,18164,0.0,1789587099112,120779180294592
4,18164,0.0,1789587099112,120779180294592
5,18164,0.0,1789587099112,120779180294592
6,18164,0.0,1789587099112,120779180294592
7,18164,10.0,1789587099112,120779180294592
0,18265,0.0,1789587099213,120779182702045
1,18265,0.0,1789587099213,120779182702045
2,18265,0.0,1789587099213,120779182702045
3,18265,0.0,1789587099213,120779182702045
4,18265,0.0,1789587099213,120779182702045
5,18265,0.0,1789587099213,120779182702045
6,18265,0.0,1789587099213,120779182702045
7,18265,0.0,1789587099213,120779182702045
0,18365,0.0,1789587099313,120779185109088
1,18365,0.0,1789587099313,120779185109088
2,18365,0.0,1789587099313,120779185109088
3,18365,0.0,1789587099313,120779185109088
4,18365,0.0,1789587099313,120779185109088
5,18365,0.0,1789587099313,120779185109088
6,18365,0.0,1789587099313,120779185109088
7,18365,0.0,1789587099313,120779185109088
0,18465,0.0,1789587099413,120779187515934
1,18465,0.0,1789587099413,120779187515934
2,18465,0.0,1789587099413,120779187515934
3,18465,0.0,1789587099413,120779187515934
4,18465,0.0,1789587099413,120779187515934
5,18465,0.0,1789587099413,120779187515934
6,18465,0.0,1789587099413,120779187515934
7,18465,0.0,1789587099413,120779187515934
0,18565,0.0,1789587099513,120779189922747
1,18565,0.0,1789587099513,120779189922747
2,18565,0.0,1789587099513,120779189922747
3,18565,0.0,1789587099513,120779189922747
4,18565,0.0,1789587099513,120779189922747
5,18565,0.0,1789587099513,120779189922747
6,18565,0.0,1789587099513,120779189922747
7,18565,0.0,1789587099513,120779189922747
0,18666,0.0,1789587099614,120779192329773
1,18666,0.0,1789587099614,120779192329773
2,18666,0.0,1789587099614,120779192329773
3,18666,0.0,1789587099614,120779192329773
4,18666,0.0,1789587099614,120779192329773
5,18666,0.0,1789587099614,120779192329773
6,18666,0.0,1789587099614,120779192329773
7,18666,0.0,1789587099614,120779192329773
0,18766,0.0,1789587099714,120779194738032
1,18766,0.0,1789587099714,120779194738032
2,18766,0.0,1789587099714,120779194738032
3,18766,0.0,1789587099714,120779194738032
4,18766,0.0,1789587099714,120779194738032
5,18766,0.0,1789587099714,120779194738032
6,18766,0.0,1789587099714,120779194738032
7,18766,0.0,1789587099714,120779194738032
0,18866,0.0,1789587099814,120779197145269
1,18866,0.0,1789587099814,120779197145269
2,18866,0.0,1789587099814,120779197145269
3,18866,0.0,1789587099814,120779197145269
4,18866,0.0,1789587099814,120779197145269
5,18866,0.0,1789587099814,120779197145269
6,18866,0.0,1789587099814,120779197145269
7,18866,0.0,1789587099814,120779197145269
0,18967,0.0,1789587099915,120779199552413
1,18967,0.0,1789587099915,120779199552413
2,18967,0.0,1789587099915,120779199552413
3,18967,0.0,1789587099915,120779199552413
4,18967,0.0,1789587099915,120779199552413
5,18967,0.0,1789587099915,120779199552413
6,18967,0.0,1789587099915,120779199552413
7,18967,0.0,1789587099915,120779199552413
0,19067,0.0,1789587100015,120779201960020
1,19067,0.0,1789587100015,120779201960020
2,19067,0.0,1789587100015,120779201960020
3,19067,0.0,1789587100015,120779201960020
4,19067,0.0,1789587100015,120779201960020
5,19067,0.0,1789587100015,120779201960020
6,19067,0.0,1789587100015,120779201960020
7,19067,0.0,1789587100015,120779201960020
0,19167,0.0,1789587100115,120779204366836
1,19167,0.0,1789587100115,120779204366836
2,19167,0.0,1789587100115,120779204366836
3,19167,0.0,1789587100115,120779204366836
4,19167,0.0,1789587100115,120779204366836
5,19167,0.0,1789587100115,120779204366836
6,19167,0.0,1789587100115,120779204366836
7,19167,0.0,1789587100115,120779204366836
0,19268,0.0,1789587100216,120779206773613
1,19268,0.0,1789587100216,120779206773613
2,19268,0.0,1789587100216,120779206773613
3,19268,0.0,1789587100216,120779206773613
4,19268,0.0,1789587100216,120779206773613
5,19268,0.0,1789587100216,120779206773613
6,19268,0.0,1789587100216,120779206773613
7,19268,0.0,1789587100216,120779206773613
0,19368,0.0,1789587100316,120779209180365
1,19368,0.0,1789587100316,120779209180365
2,19368,0.0,1789587100316,120779209180365
3,19368,0.0,1789587100316,120779209180365
4,19368,0.0,1789587100316,120779209180365
5,19368,0.0,1789587100316,120779209180365
6,19368,0.0,1789587100316,120779209180365
7,19368,0.0,1789587100316,120779209180365
0,19468,0.0,1789587100416,120779211587082
1,19468,0.0,1789587100416,120779211587082
2,19468,0.0,1789587100416,120779211587082
3,19468,0.0,1789587100416,120779211587082
4,19468,0.0,1789587100416,120779211587082
5,19468,0.0,1789587100416,120779211587082
6,19468,0.0,1789587100416,120779211587082
7,19468,0.0,1789587100416,120779211587082
0,19568,0.0,1789587100516,120779213993706
1,19568,0.0,1789587100516,120779213993706
2,19568,0.0,1789587100516,120779213993706
3,19568,0.0,1789587100516,120779213993706
4,19568,0.0,1789587100516,120779213993706
5,19568,0.0,1789587100516,120779213993706
6,19568,0.0,1789587100516,120779213993706
7,19568,0.0,1789587100516,120779213993706
0,19669,0.0,1789587100617,120779216400587
1,19669,0.0,1789587100617,120779216400587
2,19669,0.0,1789587100617,120779216400587
3,19669,0.0,1789587100617,120779216400587
4,19669,0.0,1789587100617,120779216400587
5,19669,0.0,1789587100617,120779216400587
6,19669,0.0,1789587100617,120779216400587
7,19669,0.0,1789587100617,120779216400587
0,19769,0.0,1789587100717,120779218809287
1,19769,0.0,1789587100717,120779218809287
2,19769,0.0,1789587100717,120779218809287
3,19769,0.0,1789587100717,120779218809287
4,19769,0.0,1789587100717,120779218809287
5,19769,0.0,1789587100717,120779218809287
6,19769,0.0,1789587100717,120779218809287
7,19769,0.0,1789587100717,120779218809287
0,19869,0.0,1789587100817,120779221216861
1,19869,0.0,1789587100817,120779221216861
2,19869,0.0,1789587100817,120779221216861
3,19869,0.0,1789587100817,120779221216861
4,19869,0.0,1789587100817,120779221216861
5,19869,0.0,1789587100817,120779221216861
6,19869,0.0,1789587100817,120779221216861
7,19869,0.0,1789587100817,120779221216861
0,19970,0.0,1789587100918,120779223626471
1,19970,0.0,1789587100918,120779223626471
2,19970,0.0,1789587100918,120779223626471
3,19970,0.0,1789587100918,120779223626471
4,19970,0.0,1789587100918,120779223626471
5,19970,0.0,1789587100918,120779223626471
6,19970,0.0,1789587100918,120779223626471
7,19970,0.0,1789587100918,120779223626471
0,20070,9.1,1789587101018,120779226035837
1,20070,0.0,1789587101018,120779226035837
2,20070,0.0,1789587101018,120779226035837
3,20070,0.0,1789587101018,120779226035837
4,20070,0.0,1789587101018,120779226035837
5,20070,0.0,1789587101018,120779226035837
6,20070,0.0,1789587101018,120779226035837
7,20070,9.1,1789587101018,120779226035837
0,20170,0.0,1789587101118,120779228443525
1,20170,0.0,1789587101118,120779228443525
2,20170,0.0,1789587101118,120779228443525
3,20170,0.0,1789587101118,120779228443525
4,20170,0.0,1789587101118,120779228443525
5,20170,0.0,1789587101118,120779228443525
6,20170,0.0,1789587101118,120779228443525
7,20170,0.0,1789587101118,120779228443525
0,20271,0.0,1789587101219,120779230854952
1,20271,0.0,1789587101219,120779230854952
2,20271,0.0,1789587101219,120779230854952
3,20271,0.0,1789587101219,120779230854952
4,20271,0.0,1789587101219,120779230854952
5,20271,0.0,1789587101219,120779230854952
6,20271,0.0,1789587101219,120779230854952
7,20271,0.0,1789587101219,120779230854952
0,20371,0.0,1789587101319,120779233263942
1,20371,0.0,1789587101319,120779233263942
2,20371,9.1,1789587101319,120779233263942
3,20371,0.0,1789587101319,120779233263942
4,20371,0.0,1789587101319,120779233263942
5,20371,0.0,1789587101319,120779233263942
6,20371,0.0,1789587101319,120779233263942
7,20371,0.0,1789587101319,120779233263942
0,20472,0.0,1789587101420,120779235671208
1,20472,0.0,1789587101420,120779235671208
2,20472,0.0,1789587101420,120779235671208
3,20472,0.0,1789587101420,120779235671208
4,20472,0.0,1789587101420,120779235671208
5,20472,0.0,1789587101420,120779235671208
6,20472,0.0,1789587101420,120779235671208
7,20472,0.0,1789587101420,120779235671208
0,20572,0.0,1789587101520,120779238078131
1,20572,0.0,1789587101520,120779238078131
2,20572,0.0,1789587101520,120779238078131
3,20572,0.0,1789587101520,120779238078131
4,20572,0.0,1789587101520,120779238078131
5,20572,0.0,1789587101520,120779238078131
6,20572,0.0,1789587101520,120779238078131
7,20572,0.0,1789587101520,120779238078131
0,20672,0.0,1789587101620,120779240487523
1,20672,0.0,1789587101620,120779240487523
2,20672,0.0,1789587101620,120779240487523
3,20672,0.0,1789587101620,120779240487523
4,20672,0.0,1789587101620,120779240487523
5,20672,0.0,1789587101620,120779240487523
6,20672,0.0,1789587101620,120779240487523
7,20672,0.0,1789587101620,120779240487523
0,20773,0.0,1789587101721,120779242896236
1,20773,0.0,1789587101721,120779242896236
2,20773,0.0,1789587101721,120779242896236
3,20773,0.0,1789587101721,120779242896236
4,20773,0.0,1789587101721,120779242896236
5,20773,0.0,1789587101721,120779242896236
6,20773,0.0,1789587101721,120779242896236
7,20773,0.0,1789587101721,120779242896236
0,20873,0.0,1789587101821,120779245303976
1,20873,0.0,1789587101821,120779245303976
2,20873,0.0,1789587101821,120779245303976
3,20873,0.0,1789587101821,120779245303976
4,20873,0.0,1789587101821,120779245303976
5,20873,0.0,1789587101821,120779245303976
6,20873,0.0,1789587101821,120779245303976
7,20873,9.1,1789587101821,120779245303976
0,20973,0.0,1789587101921,120779247711364
1,20973,0.0,1789587101921,120779247711364
2,20973,0.0,1789587101921,120779247711364
3,20973,0.0,1789587101921,120779247711364
4,20973,0.0,1789587101921,120779247711364
5,20973,0.0,1789587101921,120779247711364
6,20973,0.0,1789587101921,120779247711364
7,20973,0.0,1789587101921,120779247711364
0,21074,0.0,1789587102022,120779250118339
1,21074,0.0,1789587102022,120779250118339
2,21074,0.0,1789587102022,120779250118339
3,21074,0.0,1789587102022,120779250118339
4,21074,0.0,1789587102022,120779250118339
5,21074,0.0,1789587102022,120779250118339
6,21074,0.0,1789587102022,120779250118339
7,21074,0.0,1789587102022,120779250118339
0,21174,0.0,1789587102122,120779252526548
1,21174,0.0,1789587102122,120779252526548
2,21174,0.0,1789587102122,120779252526548
3,21174,0.0,1789587102122,120779252526548
4,21174,0.0,1789587102122,120779252526548
5,21174,0.0,1789587102122,120779252526548
6,21174,0.0,1789587102122,120779252526548
7,21174,0.0,1789587102122,120779252526548
0,21274,0.0,1789587102222,120779254933535
1,21274,0.0,1789587102222,120779254933535
2,21274,0.0,1789587102222,120779254933535
3,21274,0.0,1789587102222,120779254933535
4,21274,0.0,1789587102222,120779254933535
5,21274,0.0,1789587102222,120779254933535
6,21274,0.0,1789587102222,120779254933535
7,21274,0.0,1789587102222,120779254933535
0,21375,0.0,1789587102323,120779257340231
1,21375,0.0,1789587102323,120779257340231
2,21375,0.0,1789587102323,120779257340231
3,21375,0.0,1789587102323,120779257340231
4,21375,0.0,1789587102323,120779257340231
5,21375,0.0,1789587102323,120779257340231
6,21375,0.0,1789587102323,120779257340231
7,21375,0.0,1789587102323,120779257340231
0,21475,0.0,1789587102423,120779259746888
1,21475,0.0,1789587102423,120779259746888
2,21475,0.0,1789587102423,120779259746888
3,21475,0.0,1789587102423,120779259746888
4,21475,0.0,1789587102423,120779259746888
5,21475,0.0,1789587102423,120779259746888
6,21475,0.0,1789587102423,120779259746888
7,21475,0.0,1789587102423,120779259746888
0,21575,0.0,1789587102523,120779262153706
1,21575,0.0,1789587102523,120779262153706
2,21575,0.0,1789587102523,120779262153706
3,21575,0.0,1789587102523,120779262153706
4,21575,0.0,1789587102523,120779262153706
5,21575,0.0,1789587102523,120779262153706
6,21575,0.0,1789587102523,120779262153706
7,21575,9.1,1789587102523,120779262153706
0,21675,0.0,1789587102623,120779264560457
1,21675,0.0,1789587102623,120779264560457
2,21675,0.0,1789587102623,120779264560457
3,21675,0.0,1789587102623,120779264560457
4,21675,0.0,1789587102623,120779264560457
5,21675,0.0,1789587102623,120779264560457
6,21675,0.0,1789587102623,120779264560457
7,21675,0.0,1789587102623,120779264560457
0,21776,0.0,1789587102724,120779266967994
1,21776,0.0,1789587102724,120779266967994
2,21776,0.0,1789587102724,120779266967994
3,21776,0.0,1789587102724,120779266967994
4,21776,0.0,1789587102724,120779266967994
5,21776,0.0,1789587102724,120779266967994
6,21776,0.0,1789587102724,120779266967994
7,21776,0.0,1789587102724,120779266967994
0,21876,0.0,1789587102824,120779269375376
1,21876,0.0,1789587102824,120779269375376
2,21876,0.0,1789587102824,120779269375376
3,21876,0.0,1789587102824,120779269375376
4,21876,0.0,1789587102824,120779269375376
5,21876,0.0,1789587102824,120779269375376
6,21876,0.0,1789587102824,120779269375376
7,21876,0.0,1789587102824,120779269375376
0,21976,0.0,1789587102924,120779271782566
1,21976,0.0,1789587102924,120779271782566
2,21976,0.0,1789587102924,120779271782566
3,21976,0.0,1789587102924,120779271782566
4,21976,0.0,1789587102924,120779271782566
5,21976,0.0,1789587102924,120779271782566
6,21976,0.0,1789587102924,120779271782566
7,21976,9.1,1789587102924,120779271782566
0,22077,0.0,1789587103025,120779274191590
1,22077,10.0,1789587103025,120779274191590
2,22077,0.0,1789587103025,120779274191590
3,22077,0.0,1789587103025,120779274191590
4,22077,0.0,1789587103025,120779274191590
5,22077,0.0,1789587103025,120779274191590
6,22077,0.0,1789587103025,120779274191590
7,22077,0.0,1789587103025,120779274191590
0,22177,0.0,1789587103125,120779276599680
1,22177,0.0,1789587103125,120779276599680
2,22177,0.0,1789587103125,120779276599680
3,22177,0.0,1789587103125,120779276599680
4,22177,0.0,1789587103125,120779276599680
5,22177,0.0,1789587103125,120779276599680
6,22177,0.0,1789587103125,120779276599680
7,22177,18.2,1789587103125,120779276599680
0,22277,0.0,1789587103225,120779279006674
1,22277,0.0,1789587103225,120779279006674
2,22277,0.0,1789587103225,120779279006674
3,22277,0.0,1789587103225,120779279006674
4,22277,0.0,1789587103225,120779279006674
5,22277,0.0,1789587103225,120779279006674
6,22277,0.0,1789587103225,120779279006674
7,22277,9.1,1789587103225,120779279006674
0,22378,0.0,1789587103326,120779281414793
1,22378,0.0,1789587103326,120779281414793
2,22378,0.0,1789587103326,120779281414793
3,22378,0.0,1789587103326,120779281414793
4,22378,0.0,1789587103326,120779281414793
5,22378,0.0,1789587103326,120779281414793
6,22378,0.0,1789587103326,120779281414793
7,22378,0.0,1789587103326,120779281414793
0,22478,0.0,1789587103426,120779283821575
1,22478,0.0,1789587103426,120779283821575
2,22478,0.0,1789587103426,120779283821575
3,22478,0.0,1789587103426,120779283821575
4,22478,0.0,1789587103426,120779283821575
5,22478,0.0,1789587103426,120779283821575
6,22478,0.0,1789587103426,120779283821575
7,22478,0.0,1789587103426,120779283821575
0,22578,0.0,1789587103526,120779286230469
1,22578,0.0,1789587103526,120779286230469
2,22578,0.0,1789587103526,120779286230469
3,22578,0.0,1789587103526,120779286230469
4,22578,0.0,1789587103526,120779286230469
5,22578,0.0,1789587103526,120779286230469
6,22578,0.0,1789587103526,120779286230469
7,22578,9.1,1789587103526,120779286230469
0,22679,0.0,1789587103627,120779288640946
1,22679,0.0,1789587103627,120779288640946
2,22679,0.0,1789587103627,120779288640946
3,22679,0.0,1789587103627,120779288640946
4,22679,0.0,1789587103627,120779288640946
5,22679,0.0,1789587103627,120779288640946
6,22679,0.0,1789587103627,120779288640946
7,22679,0.0,1789587103627,120779288640946
0,22779,0.0,1789587103727,120779291050524
1,22779,0.0,1789587103727,120779291050524
2,22779,0.0,1789587103727,120779291050524
3,22779,0.0,1789587103727,120779291050524
4,22779,0.0,1789587103727,120779291050524
5,22779,0.0,1789587103727,120779291050524
6,22779,0.0,1789587103727,120779291050524
7,22779,0.0,1789587103727,120779291050524
0,22879,0.0,1789587103827,120779293458377
1,22879,0.0,1789587103827,120779293458377
2,22879,0.0,1789587103827,120779293458377
3,22879,0.0,1789587103827,120779293458377
4,22879,0.0,1789587103827,120779293458377
5,22879,0.0,1789587103827,120779293458377
6,22879,0.0,1789587103827,120779293458377
7,22879,0.0,1789587103827,120779293458377
0,22980,0.0,1789587103928,120779295865649
1,22980,0.0,1789587103928,120779295865649
2,22980,0.0,1789587103928,120779295865649
3,22980,0.0,1789587103928,120779295865649
4,22980,0.0,1789587103928,120779295865649
5,22980,0.0,1789587103928,120779295865649
6,22980,0.0,1789587103928,120779295865649
7,22980,0.0,1789587103928,120779295865649
0,23080,0.0,1789587104028,120779298272612
1,23080,0.0,1789587104028,120779298272612
2,23080,0.0,1789587104028,120779298272612
3,23080,0.0,1789587104028,120779298272612
4,23080,0.0,1789587104028,120779298272612
5,23080,0.0,1789587104028,120779298272612
6,23080,0.0,1789587104028,120779298272612
7,23080,9.1,1789587104028,120779298272612
0,23180,0.0,1789587104128,120779300679656
1,23180,0.0,1789587104128,120779300679656
2,23180,0.0,1789587104128,120779300679656
3,23180,0.0,1789587104128,120779300679656
4,23180,0.0,1789587104128,120779300679656
5,23180,0.0,1789587104128,120779300679656
6,23180,0.0,1789587104128,120779300679656
7,23180,0.0,1789587104128,120779300679656
0,23281,0.0,1789587104229,120779303089809
1,23281,0.0,1789587104229,120779303089809
2,23281,0.0,1789587104229,120779303089809
3,23281,0.0,1789587104229,120779303089809
4,23281,0.0,1789587104229,120779303089809
5,23281,0.0,1789587104229,120779303089809
6,23281,0.0,1789587104229,120779303089809
7,23281,0.0,1789587104229,120779303089809
0,23381,0.0,1789587104329,120779305498617
1,23381,0.0,1789587104329,120779305498617
2,23381,0.0,1789587104329,120779305498617
3,23381,0.0,1789587104329,120779305498617
4,23381,0.0,1789587104329,120779305498617
5,23381,0.0,1789587104329,120779305498617
6,23381,0.0,1789587104329,120779305498617
7,23381,0.0,1789587104329,120779305498617
0,23481,0.0,1789587104429,120779307905820
1,23481,0.0,1789587104429,120779307905820
2,23481,0.0,1789587104429,120779307905820
3,23481,0.0,1789587104429,120779307905820
4,23481,0.0,1789587104429,120779307905820
5,23481,0.0,1789587104429,120779307905820
6,23481,0.0,1789587104429,120779307905820
7,23481,0.0,1789587104429,120779307905820
0,23582,0.0,1789587104530,120779310313790
1,23582,0.0,1789587104530,120779310313790
2,23582,0.0,1789587104530,120779310313790
3,23582,0.0,1789587104530,120779310313790
4,23582,0.0,1789587104530,120779310313790
5,23582,0.0,1789587104530,120779310313790
6,23582,0.0,1789587104530,120779310313790
7,23582,0.0,1789587104530,120779310313790
0,23682,0.0,1789587104630,120779312720664
1,23682,0.0,1789587104630,120779312720664
2,23682,0.0,1789587104630,120779312720664
3,23682,0.0,1789587104630,120779312720664
4,23682,0.0,1789587104630,120779312720664
5,23682,0.0,1789587104630,120779312720664
6,23682,0.0,1789587104630,120779312720664
7,23682,0.0,1789587104630,120779312720664
0,23782,0.0,1789587104730,120779315127487
1,23782,0.0,1789587104730,120779315127487
2,23782,0.0,1789587104730,120779315127487
3,23782,0.0,1789587104730,120779315127487
4,23782,0.0,1789587104730,120779315127487
5,23782,0.0,1789587104730,120779315127487
6,23782,0.0,1789587104730,120779315127487
7,23782,0.0,1789587104730,120779315127487
0,23883,0.0,1789587104831,120779317536343
1,23883,0.0,1789587104831,120779317536343
2,23883,0.0,1789587104831,120779317536343
3,23883,0.0,1789587104831,120779317536343
4,23883,0.0,1789587104831,120779317536343
5,23883,0.0,1789587104831,120779317536343
6,23883,0.0,1789587104831,120779317536343
7,23883,0.0,1789587104831,120779317536343
0,23983,0.0,1789587104931,120779319944977
1,23983,0.0,1789587104931,120779319944977
2,23983,9.1,1789587104931,120779319944977
3,23983,0.0,1789587104931,120779319944977
4,23983,0.0,1789587104931,120779319944977
5,23983,0.0,1789587104931,120779319944977
6,23983,0.0,1789587104931,120779319944977
7,23983,9.1,1789587104931,120779319944977
0,24083,0.0,1789587105031,120779322353882
1,24083,9.1,1789587105031,120779322353882
2,24083,0.0,1789587105031,120779322353882
3,24083,0.0,1789587105031,120779322353882
4,24083,0.0,1789587105031,120779322353882
5,24083,0.0,1789587105031,120779322353882
6,24083,0.0,1789587105031,120779322353882
7,24083,0.0,1789587105031,120779322353882
0,24184,0.0,1789587105132,120779324761855
1,24184,0.0,1789587105132,120779324761855
2,24184,0.0,1789587105132,120779324761855
3,24184,0.0,1789587105132,120779324761855
4,24184,0.0,1789587105132,120779324761855
5,24184,0.0,1789587105132,120779324761855
6,24184,0.0,1789587105132,120779324761855
7,24184,0.0,1789587105132,120779324761855
0,24284,0.0,1789587105232,120779327168729
1,24284,0.0,1789587105232,120779327168729
2,24284,0.0,1789587105232,120779327168729
3,24284,0.0,1789587105232,120779327168729
4,24284,0.0,1789587105232,120779327168729
5,24284,0.0,1789587105232,120779327168729
6,24284,0.0,1789587105232,120779327168729
7,24284,0.0,1789587105232,120779327168729
0,24384,0.0,1789587105332,120779329575633
1,24384,0.0,1789587105332,120779329575633
2,24384,0.0,1789587105332,120779329575633
3,24384,0.0,1789587105332,120779329575633
4,24384,0.0,1789587105332,120779329575633
5,24384,0.0,1789587105332,120779329575633
6,24384,0.0,1789587105332,120779329575633
7,24384,9.1,1789587105332,120779329575633
0,24485,0.0,1789587105433,120779331982304
1,24485,0.0,1789587105433,120779331982304
2,24485,0.0,1789587105433,120779331982304
3,24485,0.0,1789587105433,120779331982304
4,24485,0.0,1789587105433,120779331982304
5,24485,0.0,1789587105433,120779331982304
6,24485,0.0,1789587105433,120779331982304
7,24485,0.0,1789587105433,120779331982304
0,24585,0.0,1789587105533,120779334389054
1,24585,0.0,1789587105533,120779334389054
2,24585,0.0,1789587105533,120779334389054
3,24585,0.0,1789587105533,120779334389054
4,24585,0.0,1789587105533,120779334389054
5,24585,0.0,1789587105533,120779334389054
6,24585,0.0,1789587105533,120779334389054
7,24585,9.1,1789587105533,120779334389054
0,24685,0.0,1789587105633,120779336796128
1,24685,0.0,1789587105633,120779336796128
2,24685,0.0,1789587105633,120779336796128
3,24685,0.0,1789587105633,120779336796128
4,24685,0.0,1789587105633,120779336796128
5,24685,0.0,1789587105633,120779336796128
6,24685,0.0,1789587105633,120779336796128
7,24685,0.0,1789587105633,120779336796128
0,24786,0.0,1789587105734,120779339203029
1,24786,0.0,1789587105734,120779339203029
2,24786,0.0,1789587105734,120779339203029
3,24786,0.0,1789587105734,120779339203029
4,24786,0.0,1789587105734,120779339203029
5,24786,0.0,1789587105734,120779339203029
6,24786,0.0,1789587105734,120779339203029
7,24786,9.1,1789587105734,120779339203029
0,24886,0.0,1789587105834,120779341611474
1,24886,0.0,1789587105834,120779341611474
2,24886,0.0,1789587105834,120779341611474
3,24886,0.0,1789587105834,120779341611474
4,24886,0.0,1789587105834,120779341611474
5,24886,0.0,1789587105834,120779341611474
6,24886,0.0,1789587105834,120779341611474
7,24886,0.0,1789587105834,120779341611474
0,24986,0.0,1789587105934,120779344018710
1,24986,0.0,1789587105934,120779344018710
2,24986,0.0,1789587105934,120779344018710
3,24986,0.0,1789587105934,120779344018710
4,24986,0.0,1789587105934,120779344018710
5,24986,0.0,1789587105934,120779344018710
6,24986,0.0,1789587105934,120779344018710
7,24986,0.0,1789587105934,120779344018710
0,25086,0.0,1789587106034,120779346425446
1,25086,0.0,1789587106034,120779346425446
2,25086,0.0,1789587106034,120779346425446
3,25086,0.0,1789587106034,120779346425446
4,25086,0.0,1789587106034,120779346425446
5,25086,0.0,1789587106034,120779346425446
6,25086,0.0,1789587106034,120779346425446
7,25086,0.0,1789587106034,120779346425446
0,25187,0.0,1789587106135,120779348832259
1,25187,0.0,1789587106135,120779348832259
2,25187,0.0,1789587106135,120779348832259
3,25187,0.0,1789587106135,120779348832259
4,25187,0.0,1789587106135,120779348832259
5,25187,0.0,1789587106135,120779348832259
6,25187,0.0,1789587106135,120779348832259
7,25187,9.1,1789587106135,120779348832259
0,25287,0.0,1789587106235,120779351239656
1,25287,0.0,1789587106235,120779351239656
2,25287,0.0,1789587106235,120779351239656
3,25287,0.0,1789587106235,120779351239656
4,25287,0.0,1789587106235,120779351239656
5,25287,0.0,1789587106235,120779351239656
6,25287,0.0,1789587106235,120779351239656
7,25287,0.0,1789587106235,120779351239656
0,25387,0.0,1789587106335,120779353646451
1,25387,0.0,1789587106335,120779353646451
2,25387,0.0,1789587106335,120779353646451
3,25387,0.0,1789587106335,120779353646451
4,25387,0.0,1789587106335,120779353646451
5,25387,0.0,1789587106335,120779353646451
6,25387,0.0,1789587106335,120779353646451
7,25387,0.0,1789587106335,120779353646451
0,25488,0.0,1789587106436,120779356053005
1,25488,0.0,1789587106436,120779356053005
2,25488,0.0,1789587106436,120779356053005
3,25488,0.0,1789587106436,120779356053005
4,25488,0.0,1789587106436,120779356053005
5,25488,0.0,1789587106436,120779356053005
6,25488,0.0,1789587106436,120779356053005
7,25488,0.0,1789587106436,120779356053005
0,25588,0.0,1789587106536,120779358459532
1,25588,0.0,1789587106536,120779358459532
2,25588,0.0,1789587106536,120779358459532
3,25588,0.0,1789587106536,120779358459532
4,25588,0.0,1789587106536,120779358459532
5,25588,0.0,1789587106536,120779358459532
6,25588,0.0,1789587106536,120779358459532
7,25588,0.0,1789587106536,120779358459532
0,25688,0.0,1789587106636,120779360866179
1,25688,0.0,1789587106636,120779360866179
2,25688,0.0,1789587106636,120779360866179
3,25688,0.0,1789587106636,120779360866179
4,25688,0.0,1789587106636,120779360866179
5,25688,0.0,1789587106636,120779360866179
6,25688,0.0,1789587106636,120779360866179
7,25688,0.0,1789587106636,120779360866179
0,25789,0.0,1789587106737,120779363276056
1,25789,0.0,1789587106737,120779363276056
2,25789,0.0,1789587106737,120779363276056
3,25789,0.0,1789587106737,120779363276056
4,25789,0.0,1789587106737,120779363276056
5,25789,0.0,1789587106737,120779363276056
6,25789,0.0,1789587106737,120779363276056
7,25789,0.0,1789587106737,120779363276056
0,25889,0.0,1789587106837,120779365685011
1,25889,0.0,1789587106837,120779365685011
2,25889,0.0,1789587106837,120779365685011
3,25889,0.0,1789587106837,120779365685011
4,25889,0.0,1789587106837,120779365685011
5,25889,0.0,1789587106837,120779365685011
6,25889,0.0,1789587106837,120779365685011
7,25889,0.0,1789587106837,120779365685011
0,25989,0.0,1789587106937,120779368092742
1,25989,0.0,1789587106937,120779368092742
2,25989,0.0,1789587106937,120779368092742
3,25989,0.0,1789587106937,120779368092742
4,25989,0.0,1789587106937,120779368092742
5,25989,0.0,1789587106937,120779368092742
6,25989,0.0,1789587106937,120779368092742
7,25989,0.0,1789587106937,120779368092742
0,26090,33.3,1789587107038,120779370504289
1,26090,0.0,1789587107038,120779370504289
2,26090,0.0,1789587107038,120779370504289
3,26090,0.0,1789587107038,120779370504289
4,26090,0.0,1789587107038,120779370504289
5,26090,0.0,1789587107038,120779370504289
6,26090,11.1,1789587107038,120779370504289
7,26090,0.0,1789587107038,120779370504289
0,26190,10.0,1789587107138,120779372915948
1,26190,0.0,1789587107138,120779372915948
2,26190,0.0,1789587107138,120779372915948
3,26190,40.0,1789587107138,120779372915948
4,26190,0.0,1789587107138,120779372915948
5,26190,0.0,1789587107138,120779372915948
6,26190,0.0,1789587107138,120779372915948
7,26190,9.1,1789587107138,120779372915948
0,26291,45.5,1789587107239,120779375327826
1,26291,9.1,1789587107239,120779375327826
2,26291,20.0,1789587107239,120779375327826
3,26291,18.2,1789587107239,120779375327826
4,26291,9.1,1789587107239,120779375327826
5,26291,9.1,1789587107239,120779375327826
6,26291,9.1,1789587107239,120779375327826
7,26291,10.0,1789587107239,120779375327826
0,26391,10.0,1789587107339,120779377740520
1,26391,0.0,1789587107339,120779377740520
2,26391,0.0,1789587107339,120779377740520
3,26391,0.0,1789587107339,120779377740520
4,26391,0.0,1789587107339,120779377740520
5,26391,10.0,1789587107339,120779377740520
6,26391,0.0,1789587107339,120779377740520
7,26391,0.0,1789587107339,120779377740520
0,26492,10.0,1789587107440,120779380153298
1,26492,10.0,1789587107440,120779380153298
2,26492,0.0,1789587107440,120779380153298
3,26492,10.0,1789587107440,120779380153298
4,26492,50.0,1789587107440,120779380153298
5,26492,0.0,1789587107440,120779380153298
6,26492,20.0,1789587107440,120779380153298
7,26492,0.0,1789587107440,120779380153298
0,26592,0.0,1789587107540,120779382565546
1,26592,0.0,1789587107540,120779382565546
2,26592,0.0,1789587107540,120779382565546
3,26592,40.0,1789587107540,120779382565546
4,26592,9.1,1789587107540,120779382565546
5,26592,0.0,1789587107540,120779382565546
6,26592,0.0,1789587107540,120779382565546
7,26592,10.0,1789587107540,120779382565546
0,26693,0.0,1789587107641,120779384976901
1,26693,9.1,1789587107641,120779384976901
2,26693,10.0,1789587107641,120779384976901
3,26693,10.0,1789587107641,120779384976901
4,26693,33.3,1789587107641,120779384976901
5,26693,0.0,1789587107641,120779384976901
6,26693,0.0,1789587107641,120779384976901
7,26693,18.2,1789587107641,120779384976901
0,26793,0.0,1789587107741,120779387389845
1,26793,0.0,1789587107741,120779387389845
2,26793,10.0,1789587107741,120779387389845
3,26793,10.0,1789587107741,120779387389845
4,26793,10.0,1789587107741,120779387389845
5,26793,9.1,1789587107741,120779387389845
6,26793,0.0,1789587107741,120779387389845
7,26793,0.0,1789587107741,120779387389845
0,26894,10.0,1789587107842,120779389802818
1,26894,0.0,1789587107842,120779389802818
2,26894,0.0,1789587107842,120779389802818
3,26894,10.0,1789587107842,120779389802818
4,26894,0.0,1789587107842,120779389802818
5,26894,0.0,1789587107842,120779389802818
6,26894,0.0,1789587107842,120779389802818
7,26894,0.0,1789587107842,120779389802818
0,26994,22.2,1789587107942,120779392215624
1,26994,30.0,1789587107942,120779392215624
2,26994,0.0,1789587107942,120779392215624
3,26994,22.2,1789587107942,120779392215624
4,26994,9.1,1789587107942,120779392215624
5,26994,0.0,1789587107942,120779392215624
6,26994,0.0,1789587107942,120779392215624
7,26994,45.5,1789587107942,120779392215624
0,27095,0.0,1789587108043,120779394629351
1,27095,11.1,1789587108043,120779394629351
2,27095,0.0,1789587108043,120779394629351
3,27095,18.2,1789587108043,120779394629351
4,27095,0.0,1789587108043,120779394629351
5,27095,0.0,1789587108043,120779394629351
6,27095,0.0,1789587108043,120779394629351
7,27095,12.5,1789587108043,120779394629351
0,27195,0.0,1789587108143,120779397041631
1,27195,20.0,1789587108143,120779397041631
2,27195,0.0,1789587108143,120779397041631
3,27195,11.1,1789587108143,120779397041631
4,27195,0.0,1789587108143,120779397041631
5,27195,0.0,1789587108143,120779397041631
6,27195,0.0,1789587108143,120779397041631
7,27195,22.2,1789587108143,120779397041631
0,27296,11.1,1789587108244,120779399455362
1,27296,11.1,1789587108244,120779399455362
2,27296,0.0,1789587108244,120779399455362
3,27296,33.3,1789587108244,120779399455362
4,27296,9.1,1789587108244,120779399455362
5,27296,0.0,1789587108244,120779399455362
6,27296,0.0,1789587108244,120779399455362
7,27296,37.5,1789587108244,120779399455362
0,27397,0.0,1789587108345,120779401868818
1,27397,0.0,1789587108345,120779401868818
2,27397,0.0,1789587108345,120779401868818
3,27397,11.1,1789587108345,120779401868818
4,27397,0.0,1789587108345,120779401868818
5,27397,0.0,1789587108345,120779401868818
6,27397,20.0,1789587108345,120779401868818
7,27397,30.0,1789587108345,120779401868818
0,27497,0.0,1789587108445,120779404282289
1,27497,0.0,1789587108445,120779404282289
2,27497,0.0,1789587108445,120779404282289
3,27497,0.0,1789587108445,120779404282289
4,27497,0.0,1789587108445,120779404282289
5,27497,0.0,1789587108445,120779404282289
6,27497,11.1,1789587108445,120779404282289
7,27497,30.0,1789587108445,120779404282289
0,27598,0.0,1789587108546,120779406694758
1,27598,0.0,1789587108546,120779406694758
2,27598,0.0,1789587108546,120779406694758
3,27598,10.0,1789587108546,120779406694758
4,27598,0.0,1789587108546,120779406694758
5,27598,0.0,1789587108546,120779406694758
6,27598,10.0,1789587108546,120779406694758
7,27598,22.2,1789587108546,120779406694758
0,27698,0.0,1789587108646,120779409107053
1,27698,9.1,1789587108646,120779409107053
2,27698,0.0,1789587108646,120779409107053
3,27698,10.0,1789587108646,120779409107053
4,27698,0.0,1789587108646,120779409107053
5,27698,0.0,1789587108646,120779409107053
6,27698,0.0,1789587108646,120779409107053
7,27698,22.2,1789587108646,120779409107053
0,27799,11.1,1789587108747,120779411519658
1,27799,0.0,1789587108747,120779411519658
2,27799,0.0,1789587108747,120779411519658
3,27799,10.0,1789587108747,120779411519658
4,27799,0.0,1789587108747,120779411519658
5,27799,0.0,1789587108747,120779411519658
6,27799,20.0,1789587108747,120779411519658
7,27799,22.2,1789587108747,120779411519658
0,27899,0.0,1789587108847,120779413932134
1,27899,0.0,1789587108847,120779413932134
2,27899,0.0,1789587108847,120779413932134
3,27899,10.0,1789587108847,120779413932134
4,27899,0.0,1789587108847,120779413932134
5,27899,0.0,1789587108847,120779413932134
6,27899,11.1,1789587108847,120779413932134
7,27899,14.3,1789587108847,120779413932134
0,28000,11.1,1789587108948,120779416344507
1,28000,0.0,1789587108948,120779416344507
2,28000,0.0,1789587108948,120779416344507
3,28000,20.0,1789587108948,120779416344507
4,28000,9.1,1789587108948,120779416344507
5,28000,0.0,1789587108948,120779416344507
6,28000,20.0,1789587108948,120779416344507
7,28000,25.0,1789587108948,120779416344507
0,28100,11.1,1789587109048,120779418757052
1,28100,11.1,1789587109048,120779418757052
2,28100,0.0,1789587109048,120779418757052
3,28100,20.0,1789587109048,120779418757052
4,28100,0.0,1789587109048,120779418757052
5,28100,0.0,1789587109048,120779418757052
6,28100,0.0,1789587109048,120779418757052
7,28100,33.3,1789587109048,120779418757052
0,28201,11.1,1789587109149,120779421169517
1,28201,10.0,1789587109149,120779421169517
2,28201,0.0,1789587109149,120779421169517
3,28201,27.3,1789587109149,120779421169517
4,28201,9.1,1789587109149,120779421169517
5,28201,0.0,1789587109149,120779421169517
6,28201,20.0,1789587109149,120779421169517
7,28201,30.0,1789587109149,120779421169517
0,28301,0.0,1789587109249,120779423581840
1,28301,0.0,1789587109249,120779423581840
2,28301,0.0,1789587109249,120779423581840
3,28301,0.0,1789587109249,120779423581840
4,28301,0.0,1789587109249,120779423581840
5,28301,0.0,1789587109249,120779423581840
6,28301,11.1,1789587109249,120779423581840
7,28301,37.5,1789587109249,120779423581840
0,28402,0.0,1789587109350,120779425993922
1,28402,0.0,1789587109350,120779425993922
2,28402,0.0,1789587109350,120779425993922
3,28402,27.3,1789587109350,120779425993922
4,28402,0.0,1789587109350,120779425993922
5,28402,0.0,1789587109350,120779425993922
6,28402,27.3,1789587109350,120779425993922
7,28402,30.0,1789587109350,120779425993922
0,28502,0.0,1789587109450,120779428407160
1,28502,10.0,1789587109450,120779428407160
2,28502,0.0,1789587109450,120779428407160
3,28502,10.0,1789587109450,120779428407160
4,28502,0.0,1789587109450,120779428407160
5,28502,0.0,1789587109450,120779428407160
6,28502,20.0,1789587109450,120779428407160
7,28502,12.5,1789587109450,120779428407160
0,28603,0.0,1789587109551,120779430820092
1,28603,10.0,1789587109551,120779430820092
2,28603,0.0,1789587109551,120779430820092
3,28603,0.0,1789587109551,120779430820092
4,28603,0.0,1789587109551,120779430820092
5,28603,0.0,1789587109551,120779430820092
6,28603,10.0,1789587109551,120779430820092
7,28603,20.0,1789587109551,120779430820092
0,28703,0.0,1789587109651,120779433232458
1,28703,0.0,1789587109651,120779433232458
2,28703,9.1,1789587109651,120779433232458
3,28703,10.0,1789587109651,120779433232458
4,28703,0.0,1789587109651,120779433232458
5,28703,0.0,1789587109651,120779433232458
6,28703,9.1,1789587109651,120779433232458
7,28703,20.0,1789587109651,120779433232458
0,28804,11.1,1789587109752,120779435644597
1,28804,0.0,1789587109752,120779435644597
2,28804,0.0,1789587109752,120779435644597
3,28804,0.0,1789587109752,120779435644597
4,28804,0.0,1789587109752,120779435644597
5,28804,0.0,1789587109752,120779435644597
6,28804,27.3,1789587109752,120779435644597
7,28804,25.0,1789587109752,120779435644597
0,28904,0.0,1789587109852,120779438056650
1,28904,0.0,1789587109852,120779438056650
2,28904,0.0,1789587109852,120779438056650
3,28904,10.0,1789587109852,120779438056650
4,28904,0.0,1789587109852,120779438056650
5,28904,0.0,1789587109852,120779438056650
6,28904,11.1,1789587109852,120779438056650
7,28904,12.5,1789587109852,120779438056650
0,29005,10.0,1789587109953,120779440469136
1,29005,18.2,1789587109953,120779440469136
2,29005,0.0,1789587109953,120779440469136
3,29005,0.0,1789587109953,120779440469136
4,29005,9.1,1789587109953,120779440469136
5,29005,0.0,1789587109953,120779440469136
6,29005,36.4,1789587109953,120779440469136
7,29005,11.1,1789587109953,120779440469136
0,29105,0.0,1789587110053,120779442881353
1,29105,10.0,1789587110053,120779442881353
2,29105,0.0,1789587110053,120779442881353
3,29105,0.0,1789587110053,120779442881353
4,29105,11.1,1789587110053,120779442881353
5,29105,0.0,1789587110053,120779442881353
6,29105,10.0,1789587110053,120779442881353
7,29105,20.0,1789587110053,120779442881353
0,29206,0.0,1789587110154,120779445293436
1,29206,10.0,1789587110154,120779445293436
2,29206,0.0,1789587110154,120779445293436
3,29206,0.0,1789587110154,120779445293436
4,29206,9.1,1789587110154,120779445293436
5,29206,0.0,1789587110154,120779445293436
6,29206,33.3,1789587110154,120779445293436
7,29206,0.0,1789587110154,120779445293436
0,29307,0.0,1789587110255,120779447705607
1,29307,20.0,1789587110255,120779447705607
2,29307,0.0,1789587110255,120779447705607
3,29307,0.0,1789587110255,120779447705607
4,29307,0.0,1789587110255,120779447705607
5,29307,0.0,1789587110255,120779447705607
6,29307,11.1,1789587110255,120779447705607
7,29307,22.2,1789587110255,120779447705607
0,29407,0.0,1789587110355,120779450119123
1,29407,11.1,1789587110355,120779450119123
2,29407,0.0,1789587110355,120779450119123
3,29407,0.0,1789587110355,120779450119123
4,29407,0.0,1789587110355,120779450119123
5,29407,0.0,1789587110355,120779450119123
6,29407,30.0,1789587110355,120779450119123
7,29407,33.3,1789587110355,120779450119123
0,29508,11.1,1789587110456,120779452531284
1,29508,18.2,1789587110456,120779452531284
2,29508,0.0,1789587110456,120779452531284
3,29508,0.0,1789587110456,120779452531284
4,29508,18.2,1789587110456,120779452531284
5,29508,0.0,1789587110456,120779452531284
6,29508,20.0,1789587110456,120779452531284
7,29508,44.4,1789587110456,120779452531284
0,29608,0.0,1789587110556,120779454943408
1,29608,20.0,1789587110556,120779454943408
2,29608,0.0,1789587110556,120779454943408
3,29608,0.0,1789587110556,120779454943408
4,29608,0.0,1789587110556,120779454943408
5,29608,0.0,1789587110556,120779454943408
6,29608,11.1,1789587110556,120779454943408
7,29608,25.0,1789587110556,120779454943408
0,29709,11.1,1789587110657,120779457356927
1,29709,11.1,1789587110657,120779457356927
2,29709,0.0,1789587110657,120779457356927
3,29709,0.0,1789587110657,120779457356927
4,29709,11.1,1789587110657,120779457356927
5,29709,0.0,1789587110657,120779457356927
6,29709,27.3,1789587110657,120779457356927
7,29709,22.2,1789587110657,120779457356927
0,29809,0.0,1789587110757,120779459769058
1,29809,10.0,1789587110757,120779459769058
2,29809,0.0,1789587110757,120779459769058
3,29809,0.0,1789587110757,120779459769058
4,29809,18.2,1789587110757,120779459769058
5,29809,0.0,1789587110757,120779459769058
6,29809,11.1,1789587110757,120779459769058
7,29809,25.0,1789587110757,120779459769058
0,29910,0.0,1789587110858,120779462180447
1,29910,0.0,1789587110858,120779462180447
2,29910,0.0,1789587110858,120779462180447
3,29910,0.0,1789587110858,120779462180447
4,29910,10.0,1789587110858,120779462180447
5,29910,0.0,1789587110858,120779462180447
6,29910,0.0,1789587110858,120779462180447
7,29910,0.0,1789587110858,120779462180447
0,30010,0.0,1789587110958,120779464592533
1,30010,10.0,1789587110958,120779464592533
2,30010,0.0,1789587110958,120779464592533
3,30010,0.0,1789587110958,120779464592533
4,30010,20.0,1789587110958,120779464592533
5,30010,0.0,1789587110958,120779464592533
6,30010,11.1,1789587110958,120779464592533
7,30010,14.3,1789587110958,120779464592533
0,30111,10.0,1789587111059,120779467005028
1,30111,0.0,1789587111059,120779467005028
2,30111,0.0,1789587111059,120779467005028
3,30111,10.0,1789587111059,120779467005028
4,30111,0.0,1789587111059,120779467005028
5,30111,0.0,1789587111059,120779467005028
6,30111,10.0,1789587111059,120779467005028
7,30111,11.1,1789587111059,120779467005028
0,30211,0.0,1789587111159,120779469418238
1,30211,18.2,1789587111159,120779469418238
2,30211,9.1,1789587111159,120779469418238
3,30211,0.0,1789587111159,120779469418238
4,30211,10.0,1789587111159,120779469418238
5,30211,0.0,1789587111159,120779469418238
6,30211,11.1,1789587111159,120779469418238
7,30211,40.0,1789587111159,120779469418238
0,30312,0.0,1789587111260,120779471830377
1,30312,10.0,1789587111260,120779471830377
2,30312,0.0,1789587111260,120779471830377
3,30312,0.0,1789587111260,120779471830377
4,30312,9.1,1789587111260,120779471830377
5,30312,0.0,1789587111260,120779471830377
6,30312,10.0,1789587111260,120779471830377
7,30312,30.0,1789587111260,120779471830377
0,30412,0.0,1789587111360,120779474241677
1,30412,10.0,1789587111360,120779474241677
2,30412,0.0,1789587111360,120779474241677
3,30412,0.0,1789587111360,120779474241677
4,30412,0.0,1789587111360,120779474241677
5,30412,0.0,1789587111360,120779474241677
6,30412,0.0,1789587111360,120779474241677
7,30412,0.0,1789587111360,120779474241677
0,30513,30.0,1789587111461,120779476654793
1,30513,10.0,1789587111461,120779476654793
2,30513,0.0,1789587111461,120779476654793
3,30513,16.7,1789587111461,120779476654793
4,30513,0.0,1789587111461,120779476654793
5,30513,20.0,1789587111461,120779476654793
6,30513,10.0,1789587111461,120779476654793
7,30513,10.0,1789587111461,120779476654793
0,30613,20.0,1789587111561,120779479066455
1,30613,0.0,1789587111561,120779479066455
2,30613,0.0,1789587111561,120779479066455
3,30613,0.0,1789587111561,120779479066455
4,30613,0.0,1789587111561,120779479066455
5,30613,0.0,1789587111561,120779479066455
6,30613,0.0,1789587111561,120779479066455
7,30613,44.4,1789587111561,120779479066455
0,30714,22.2,1789587111662,120779481477725
1,30714,9.1,1789587111662,120779481477725
2,30714,0.0,1789587111662,120779481477725
3,30714,0.0,1789587111662,120779481477725
4,30714,0.0,1789587111662,120779481477725
5,30714,0.0,1789587111662,120779481477725
6,30714,20.0,1789587111662,120779481477725
7,30714,9.1,1789587111662,120779481477725
0,30814,10.0,1789587111762,120779483891042
1,30814,10.0,1789587111762,120779483891042
2,30814,0.0,1789587111762,120779483891042
3,30814,0.0,1789587111762,120779483891042
4,30814,10.0,1789587111762,120779483891042
5,30814,0.0,1789587111762,120779483891042
6,30814,0.0,1789587111762,120779483891042
7,30814,0.0,1789587111762,120779483891042
0,30915,60.0,1789587111863,120779486305308
1,30915,22.2,1789587111863,120779486305308
2,30915,30.0,1789587111863,120779486305308
3,30915,20.0,1789587111863,120779486305308
4,30915,50.0,1789587111863,120779486305308
5,30915,20.0,1789587111863,120779486305308
6,30915,11.1,1789587111863,120779486305308
7,30915,27.3,1789587111863,120779486305308
0,31016,75.0,1789587111964,120779488726126
1,31016,22.2,1789587111964,120779488726126
2,31016,58.3,1789587111964,120779488726126
3,31016,20.0,1789587111964,120779488726126
4,31016,75.0,1789587111964,120779488726126
5,31016,30.0,1789587111964,120779488726126
6,31016,33.3,1789587111964,120779488726126
7,31016,36.4,1789587111964,120779488726126
0,31116,88.9,1789587112064,120779491139467
1,31116,33.3,1789587112064,120779491139467
2,31116,30.0,1789587112064,120779491139467
3,31116,20.0,1789587112064,120779491139467
4,31116,77.8,1789587112064,120779491139467
5,31116,33.3,1789587112064,120779491139467
6,31116,33.3,1789587112064,120779491139467
7,31116,33.3,1789587112064,120779491139467
0,31217,90.0,1789587112165,120779493558387
1,31217,36.4,1789587112165,120779493558387
2,31217,22.2,1789587112165,120779493558387
3,31217,10.0,1789587112165,120779493558387
4,31217,72.7,1789587112165,120779493558387
5,31217,30.0,1789587112165,120779493558387
6,31217,36.4,1789587112165,120779493558387
7,31217,33.3,1789587112165,120779493558387
0,31318,90.0,1789587112266,120779495972968
1,31318,40.0,1789587112266,120779495972968
2,31318,30.0,1789587112266,120779495972968
3,31318,11.1,1789587112266,120779495972968
4,31318,70.0,1789587112266,120779495972968
5,31318,22.2,1789587112266,120779495972968
6,31318,33.3,1789587112266,120779495972968
7,31318,30.0,1789587112266,120779495972968
0,31419,50.0,1789587112367,120779498410117
1,31419,27.3,1789587112367,120779498410117
2,31419,36.4,1789587112367,120779498410117
3,31419,10.0,1789587112367,120779498410117
4,31419,20.0,1789587112367,120779498410117
5,31419,27.3,1789587112367,120779498410117
6,31419,10.0,1789587112367,120779498410117
7,31419,11.1,1789587112367,120779498410117
0,31520,30.0,1789587112468,120779500823345
1,31520,0.0,1789587112468,120779500823345
2,31520,11.1,1789587112468,120779500823345
3,31520,0.0,1789587112468,120779500823345
4,31520,0.0,1789587112468,120779500823345
5,31520,0.0,1789587112468,120779500823345
6,31520,0.0,1789587112468,120779500823345
7,31520,0.0,1789587112468,120779500823345
0,31620,11.1,1789587112568,120779503235786
1,31620,0.0,1789587112568,120779503235786
2,31620,40.0,1789587112568,120779503235786
3,31620,0.0,1789587112568,120779503235786
4,31620,0.0,1789587112568,120779503235786
5,31620,0.0,1789587112568,120779503235786
6,31620,0.0,1789587112568,120779503235786
7,31620,9.1,1789587112568,120779503235786
0,31721,25.0,1789587112669,120779505648716
1,31721,10.0,1789587112669,120779505648716
2,31721,10.0,1789587112669,120779505648716
3,31721,10.0,1789587112669,120779505648716
4,31721,9.1,1789587112669,120779505648716
5,31721,10.0,1789587112669,120779505648716
6,31721,10.0,1789587112669,120779505648716
7,31721,10.0,1789587112669,120779505648716
0,31821,0.0,1789587112769,120779508062143
1,31821,0.0,1789587112769,120779508062143
2,31821,0.0,1789587112769,120779508062143
3,31821,0.0,1789587112769,120779508062143
4,31821,18.2,1789587112769,120779508062143
5,31821,0.0,1789587112769,120779508062143
6,31821,0.0,1789587112769,120779508062143
7,31821,10.0,1789587112769,120779508062143
0,31922,33.3,1789587112870,120779510475866
1,31922,10.0,1789587112870,120779510475866
2,31922,9.1,1789587112870,120779510475866
3,31922,0.0,1789587112870,120779510475866
4,31922,0.0,1789587112870,120779510475866
5,31922,20.0,1789587112870,120779510475866
6,31922,0.0,1789587112870,120779510475866
7,31922,10.0,1789587112870,120779510475866
0,32023,0.0,1789587112971,120779512888833
1,32023,0.0,1789587112971,120779512888833
2,32023,33.3,1789587112971,120779512888833
3,32023,0.0,1789587112971,120779512888833
4,32023,0.0,1789587112971,120779512888833
5,32023,0.0,1789587112971,120779512888833
6,32023,0.0,1789587112971,120779512888833
7,32023,0.0,1789587112971,120779512888833
0,32123,45.5,1789587113071,120779515303198
1,32123,0.0,1789587113071,120779515303198
2,32123,18.2,1789587113071,120779515303198
3,32123,0.0,1789587113071,120779515303198
4,32123,0.0,1789587113071,120779515303198
5,32123,0.0,1789587113071,120779515303198
6,32123,0.0,1789587113071,120779515303198
7,32123,16.7,1789587113071,120779515303198
0,32224,11.1,1789587113172,120779517716508
1,32224,12.5,1789587113172,120779517716508
2,32224,10.0,1789587113172,120779517716508
3,32224,10.0,1789587113172,120779517716508
4,32224,20.0,1789587113172,120779517716508
5,32224,0.0,1789587113172,120779517716508
6,32224,18.2,1789587113172,120779517716508
7,32224,11.1,1789587113172,120779517716508
0,32324,10.0,1789587113272,120779520130220
1,32324,9.1,1789587113272,120779520130220
2,32324,11.1,1789587113272,120779520130220
3,32324,10.0,1789587113272,120779520130220
4,32324,10.0,1789587113272,120779520130220
5,32324,10.0,1789587113272,120779520130220
6,32324,0.0,1789587113272,120779520130220
7,32324,18.2,1789587113272,120779520130220
0,32425,0.0,1789587113373,120779522541277
1,32425,0.0,1789587113373,120779522541277
2,32425,0.0,1789587113373,120779522541277
3,32425,0.0,1789587113373,120779522541277
4,32425,0.0,1789587113373,120779522541277
5,32425,0.0,1789587113373,120779522541277
6,32425,0.0,1789587113373,120779522541277
7,32425,0.0,1789587113373,120779522541277
0,32525,0.0,1789587113473,120779524949645
1,32525,0.0,1789587113473,120779524949645
2,32525,0.0,1789587113473,120779524949645
3,32525,0.0,1789587113473,120779524949645
4,32525,0.0,1789587113473,120779524949645
5,32525,0.0,1789587113473,120779524949645
6,32525,0.0,1789587113473,120779524949645
7,32525,10.0,1789587113473,120779524949645
0,32625,0.0,1789587113573,120779527356990
1,32625,0.0,1789587113573,120779527356990
2,32625,0.0,1789587113573,120779527356990
3,32625,0.0,1789587113573,120779527356990
4,32625,0.0,1789587113573,120779527356990
5,32625,0.0,1789587113573,120779527356990
6,32625,0.0,1789587113573,120779527356990
7,32625,0.0,1789587113573,120779527356990
0,32726,0.0,1789587113674,120779529764098
1,32726,0.0,1789587113674,120779529764098
2,32726,0.0,1789587113674,120779529764098
3,32726,0.0,1789587113674,120779529764098
4,32726,0.0,1789587113674,120779529764098
5,32726,0.0,1789587113674,120779529764098
6,32726,0.0,1789587113674,120779529764098
7,32726,0.0,1789587113674,120779529764098
0,32826,0.0,1789587113774,120779532171165
1,32826,0.0,1789587113774,120779532171165
2,32826,0.0,1789587113774,120779532171165
3,32826,0.0,1789587113774,120779532171165
4,32826,0.0,1789587113774,120779532171165
5,32826,0.0,1789587113774,120779532171165
6,32826,0.0,1789587113774,120779532171165
7,32826,0.0,1789587113774,120779532171165
0,32926,0.0,1789587113874,120779534580879
1,32926,0.0,1789587113874,120779534580879
2,32926,0.0,1789587113874,120779534580879
3,32926,9.1,1789587113874,120779534580879
4,32926,0.0,1789587113874,120779534580879
5,32926,0.0,1789587113874,120779534580879
6,32926,0.0,1789587113874,120779534580879
7,32926,0.0,1789587113874,120779534580879
0,33027,0.0,1789587113975,120779536989814
1,33027,0.0,1789587113975,120779536989814
2,33027,0.0,1789587113975,120779536989814
3,33027,0.0,1789587113975,120779536989814
4,33027,0.0,1789587113975,120779536989814
5,33027,0.0,1789587113975,120779536989814
6,33027,0.0,1789587113975,120779536989814
7,33027,0.0,1789587113975,120779536989814
0,33127,0.0,1789587114075,120779539397872
1,33127,0.0,1789587114075,120779539397872
2,33127,0.0,1789587114075,120779539397872
3,33127,0.0,1789587114075,120779539397872
4,33127,0.0,1789587114075,120779539397872
5,33127,0.0,1789587114075,120779539397872
6,33127,0.0,1789587114075,120779539397872
7,33127,0.0,1789587114075,120779539397872
0,33227,0.0,1789587114175,120779541804715
1,33227,0.0,1789587114175,120779541804715
2,33227,0.0,1789587114175,120779541804715
3,33227,0.0,1789587114175,120779541804715
4,33227,0.0,1789587114175,120779541804715
5,33227,0.0,1789587114175,120779541804715
6,33227,0.0,1789587114175,120779541804715
7,33227,0.0,1789587114175,120779541804715
0,33328,0.0,1789587114276,120779544215575
1,33328,0.0,1789587114276,120779544215575
2,33328,0.0,1789587114276,120779544215575
3,33328,0.0,1789587114276,120779544215575
4,33328,0.0,1789587114276,120779544215575
5,33328,0.0,1789587114276,120779544215575
6,33328,0.0,1789587114276,120779544215575
7,33328,0.0,1789587114276,120779544215575
0,33428,0.0,1789587114376,120779546623974
1,33428,0.0,1789587114376,120779546623974
2,33428,0.0,1789587114376,120779546623974
3,33428,0.0,1789587114376,120779546623974
4,33428,0.0,1789587114376,120779546623974
5,33428,0.0,1789587114376,120779546623974
6,33428,0.0,1789587114376,120779546623974
7,33428,0.0,1789587114376,120779546623974
0,33528,0.0,1789587114476,120779549031214
1,33528,0.0,1789587114476,120779549031214
2,33528,0.0,1789587114476,120779549031214
3,33528,0.0,1789587114476,120779549031214
4,33528,0.0,1789587114476,120779549031214
5,33528,0.0,1789587114476,120779549031214
6,33528,0.0,1789587114476,120779549031214
7,33528,0.0,1789587114476,120779549031214
0,33629,0.0,1789587114577,120779551438184
1,33629,0.0,1789587114577,120779551438184
2,33629,0.0,1789587114577,120779551438184
3,33629,0.0,1789587114577,120779551438184
4,33629,0.0,1789587114577,120779551438184
5,33629,0.0,1789587114577,120779551438184
6,33629,0.0,1789587114577,120779551438184
7,33629,0.0,1789587114577,120779551438184
0,33729,0.0,1789587114677,120779553845836
1,33729,0.0,1789587114677,120779553845836
2,33729,0.0,1789587114677,120779553845836
3,33729,0.0,1789587114677,120779553845836
4,33729,0.0,1789587114677,120779553845836
5,33729,0.0,1789587114677,120779553845836
6,33729,0.0,1789587114677,120779553845836
7,33729,0.0,1789587114677,120779553845836
0,33829,0.0,1789587114777,120779556253045
1,33829,0.0,1789587114777,120779556253045
2,33829,0.0,1789587114777,120779556253045
3,33829,0.0,1789587114777,120779556253045
4,33829,0.0,1789587114777,120779556253045
5,33829,0.0,1789587114777,120779556253045
6,33829,0.0,1789587114777,120779556253045
7,33829,0.0,1789587114777,120779556253045
0,33930,0.0,1789587114878,120779558660065
1,33930,0.0,1789587114878,120779558660065
2,33930,0.0,1789587114878,120779558660065
3,33930,0.0,1789587114878,120779558660065
4,33930,0.0,1789587114878,120779558660065
5,33930,0.0,1789587114878,120779558660065
6,33930,0.0,1789587114878,120779558660065
7,33930,0.0,1789587114878,120779558660065
0,34030,0.0,1789587114978,120779561067571
1,34030,0.0,1789587114978,120779561067571
2,34030,0.0,1789587114978,120779561067571
3,34030,0.0,1789587114978,120779561067571
4,34030,0.0,1789587114978,120779561067571
5,34030,0.0,1789587114978,120779561067571
6,34030,0.0,1789587114978,120779561067571
7,34030,0.0,1789587114978,120779561067571
0,34130,0.0,1789587115078,120779563474980
1,34130,0.0,1789587115078,120779563474980
2,34130,0.0,1789587115078,120779563474980
3,34130,0.0,1789587115078,120779563474980
4,34130,0.0,1789587115078,120779563474980
5,34130,0.0,1789587115078,120779563474980
6,34130,0.0,1789587115078,120779563474980
7,34130,0.0,1789587115078,120779563474980
0,34231,0.0,1789587115179,120779565884224
1,34231,10.0,1789587115179,120779565884224
2,34231,0.0,1789587115179,120779565884224
3,34231,0.0,1789587115179,120779565884224
4,34231,0.0,1789587115179,120779565884224
5,34231,0.0,1789587115179,120779565884224
6,34231,0.0,1789587115179,120779565884224
7,34231,9.1,1789587115179,120779565884224
0,34331,0.0,1789587115279,120779568292977
1,34331,0.0,1789587115279,120779568292977
2,34331,9.1,1789587115279,120779568292977
3,34331,0.0,1789587115279,120779568292977
4,34331,0.0,1789587115279,120779568292977
5,34331,0.0,1789587115279,120779568292977
6,34331,0.0,1789587115279,120779568292977
7,34331,0.0,1789587115279,120779568292977
0,34431,30.0,1789587115379,120779570703295
1,34431,0.0,1789587115379,120779570703295
2,34431,0.0,1789587115379,120779570703295
3,34431,0.0,1789587115379,120779570703295
4,34431,0.0,1789587115379,120779570703295
5,34431,0.0,1789587115379,120779570703295
6,34431,0.0,1789587115379,120779570703295
7,34431,0.0,1789587115379,120779570703295
0,34532,10.0,1789587115480,120779573114788
1,34532,0.0,1789587115480,120779573114788
2,34532,0.0,1789587115480,120779573114788
3,34532,33.3,1789587115480,120779573114788
4,34532,0.0,1789587115480,120779573114788
5,34532,0.0,1789587115480,120779573114788
6,34532,9.1,1789587115480,120779573114788
7,34532,0.0,1789587115480,120779573114788
0,34632,40.0,1789587115580,120779575527231
1,34632,0.0,1789587115580,120779575527231
2,34632,0.0,1789587115580,120779575527231
3,34632,18.2,1789587115580,120779575527231
4,34632,0.0,1789587115580,120779575527231
5,34632,0.0,1789587115580,120779575527231
6,34632,0.0,1789587115580,120779575527231
7,34632,0.0,1789587115580,120779575527231
0,34733,0.0,1789587115681,120779577940365
1,34733,0.0,1789587115681,120779577940365
2,34733,0.0,1789587115681,120779577940365
3,34733,0.0,1789587115681,120779577940365
4,34733,11.1,1789587115681,120779577940365
5,34733,10.0,1789587115681,120779577940365
6,34733,0.0,1789587115681,120779577940365
7,34733,18.2,1789587115681,120779577940365
0,34834,0.0,1789587115782,120779580353380
1,34834,0.0,1789587115782,120779580353380
2,34834,0.0,1789587115782,120779580353380
3,34834,20.0,1789587115782,120779580353380
4,34834,0.0,1789587115782,120779580353380
5,34834,10.0,1789587115782,120779580353380
6,34834,0.0,1789587115782,120779580353380
7,34834,10.0,1789587115782,120779580353380
0,34934,0.0,1789587115882,120779582765288
1,34934,0.0,1789587115882,120779582765288
2,34934,0.0,1789587115882,120779582765288
3,34934,0.0,1789587115882,120779582765288
4,34934,9.1,1789587115882,120779582765288
5,34934,10.0,1789587115882,120779582765288
6,34934,0.0,1789587115882,120779582765288
7,34934,0.0,1789587115882,120779582765288
0,35034,0.0,1789587115982,120779585174262
1,35034,0.0,1789587115982,120779585174262
2,35034,0.0,1789587115982,120779585174262
3,35034,0.0,1789587115982,120779585174262
4,35034,0.0,1789587115982,120779585174262
5,35034,0.0,1789587115982,120779585174262
6,35034,0.0,1789587115982,120779585174262
7,35034,0.0,1789587115982,120779585174262
0,35135,0.0,1789587116083,120779587581740
1,35135,0.0,1789587116083,120779587581740
2,35135,0.0,1789587116083,120779587581740
3,35135,0.0,1789587116083,120779587581740
4,35135,0.0,1789587116083,120779587581740
5,35135,0.0,1789587116083,120779587581740
6,35135,0.0,1789587116083,120779587581740
7,35135,0.0,1789587116083,120779587581740
0,35235,0.0,1789587116183,120779589992498
1,35235,0.0,1789587116183,120779589992498
2,35235,0.0,1789587116183,120779589992498
3,35235,0.0,1789587116183,120779589992498
4,35235,0.0,1789587116183,120779589992498
5,35235,9.1,1789587116183,120779589992498
6,35235,0.0,1789587116183,120779589992498
7,35235,0.0,1789587116183,120779589992498
0,35336,0.0,1789587116284,120779592401925
1,35336,0.0,1789587116284,120779592401925
2,35336,0.0,1789587116284,120779592401925
3,35336,0.0,1789587116284,120779592401925
4,35336,0.0,1789587116284,120779592401925
5,35336,0.0,1789587116284,120779592401925
6,35336,0.0,1789587116284,120779592401925
7,35336,0.0,1789587116284,120779592401925
0,35436,0.0,1789587116384,120779594809262
1,35436,0.0,1789587116384,120779594809262
2,35436,0.0,1789587116384,120779594809262
3,35436,0.0,1789587116384,120779594809262
4,35436,0.0,1789587116384,120779594809262
5,35436,0.0,1789587116384,120779594809262
6,35436,0.0,1789587116384,120779594809262
7,35436,0.0,1789587116384,120779594809262
0,35536,0.0,1789587116484,120779597216306
1,35536,0.0,1789587116484,120779597216306
2,35536,0.0,1789587116484,120779597216306
3,35536,0.0,1789587116484,120779597216306
4,35536,0.0,1789587116484,120779597216306
5,35536,0.0,1789587116484,120779597216306
6,35536,0.0,1789587116484,120779597216306
7,35536,0.0,1789587116484,120779597216306
0,35636,0.0,1789587116584,120779599623343
1,35636,0.0,1789587116584,120779599623343
2,35636,0.0,1789587116584,120779599623343
3,35636,0.0,1789587116584,120779599623343
4,35636,0.0,1789587116584,120779599623343
5,35636,0.0,1789587116584,120779599623343
6,35636,0.0,1789587116584,120779599623343
7,35636,0.0,1789587116584,120779599623343
0,35737,0.0,1789587116685,120779602030181
1,35737,0.0,1789587116685,120779602030181
2,35737,0.0,1789587116685,120779602030181
3,35737,0.0,1789587116685,120779602030181
4,35737,0.0,1789587116685,120779602030181
5,35737,0.0,1789587116685,120779602030181
6,35737,0.0,1789587116685,120779602030181
7,35737,0.0,1789587116685,120779602030181
0,35837,0.0,1789587116785,120779604438274
1,35837,0.0,1789587116785,120779604438274
2,35837,0.0,1789587116785,120779604438274
3,35837,0.0,1789587116785,120779604438274
4,35837,0.0,1789587116785,120779604438274
5,35837,0.0,1789587116785,120779604438274
6,35837,0.0,1789587116785,120779604438274
7,35837,0.0,1789587116785,120779604438274
0,35937,0.0,1789587116885,120779606845406
1,35937,0.0,1789587116885,120779606845406
2,35937,0.0,1789587116885,120779606845406
3,35937,0.0,1789587116885,120779606845406
4,35937,0.0,1789587116885,120779606845406
5,35937,0.0,1789587116885,120779606845406
6,35937,0.0,1789587116885,120779606845406
7,35937,0.0,1789587116885,120779606845406
0,36038,0.0,1789587116986,120779609255388
1,36038,0.0,1789587116986,120779609255388
2,36038,0.0,1789587116986,120779609255388
3,36038,0.0,1789587116986,120779609255388
4,36038,0.0,1789587116986,120779609255388
5,36038,0.0,1789587116986,120779609255388
6,36038,0.0,1789587116986,120779609255388
7,36038,0.0,1789587116986,120779609255388
0,36138,0.0,1789587117086,120779611664418
1,36138,0.0,1789587117086,120779611664418
2,36138,0.0,1789587117086,120779611664418
3,36138,0.0,1789587117086,120779611664418
4,36138,0.0,1789587117086,120779611664418
5,36138,0.0,1789587117086,120779611664418
6,36138,0.0,1789587117086,120779611664418
7,36138,0.0,1789587117086,120779611664418
0,36239,0.0,1789587117187,120779614074300
1,36239,10.0,1789587117187,120779614074300
2,36239,0.0,1789587117187,120779614074300
3,36239,0.0,1789587117187,120779614074300
4,36239,0.0,1789587117187,120779614074300
5,36239,0.0,1789587117187,120779614074300
6,36239,0.0,1789587117187,120779614074300
7,36239,0.0,1789587117187,120779614074300
0,36339,0.0,1789587117287,120779616485575
1,36339,0.0,1789587117287,120779616485575
2,36339,9.1,1789587117287,120779616485575
3,36339,9.1,1789587117287,120779616485575
4,36339,0.0,1789587117287,120779616485575
5,36339,0.0,1789587117287,120779616485575
6,36339,0.0,1789587117287,120779616485575
7,36339,0.0,1789587117287,120779616485575
0,36439,0.0,1789587117387,120779618894555
1,36439,0.0,1789587117387,120779618894555
2,36439,0.0,1789587117387,120779618894555
3,36439,0.0,1789587117387,120779618894555
4,36439,0.0,1789587117387,120779618894555
5,36439,0.0,1789587117387,120779618894555
6,36439,0.0,1789587117387,120779618894555
7,36439,0.0,1789587117387,120779618894555
0,36540,0.0,1789587117488,120779621306106
1,36540,0.0,1789587117488,120779621306106
2,36540,0.0,1789587117488,120779621306106
3,36540,0.0,1789587117488,120779621306106
4,36540,0.0,1789587117488,120779621306106
5,36540,0.0,1789587117488,120779621306106
6,36540,0.0,1789587117488,120779621306106
7,36540,18.2,1789587117488,120779621306106
0,36640,0.0,1789587117588,120779623716674
1,36640,0.0,1789587117588,120779623716674
2,36640,0.0,1789587117588,120779623716674
3,36640,0.0,1789587117588,120779623716674
4,36640,0.0,1789587117588,120779623716674
5,36640,0.0,1789587117588,120779623716674
6,36640,0.0,1789587117588,120779623716674
7,36640,10.0,1789587117588,120779623716674
0,36741,0.0,1789587117689,120779626125237
1,36741,0.0,1789587117689,120779626125237
2,36741,0.0,1789587117689,120779626125237
3,36741,0.0,1789587117689,120779626125237
4,36741,0.0,1789587117689,120779626125237
5,36741,0.0,1789587117689,120779626125237
6,36741,0.0,1789587117689,120779626125237
7,36741,0.0,1789587117689,120779626125237
0,36841,0.0,1789587117789,120779628532660
1,36841,0.0,1789587117789,120779628532660
2,36841,0.0,1789587117789,120779628532660
3,36841,0.0,1789587117789,120779628532660
4,36841,0.0,1789587117789,120779628532660
5,36841,0.0,1789587117789,120779628532660
6,36841,0.0,1789587117789,120779628532660
7,36841,0.0,1789587117789,120779628532660
0,36942,0.0,1789587117890,120779630943329
1,36942,0.0,1789587117890,120779630943329
2,36942,0.0,1789587117890,120779630943329
3,36942,0.0,1789587117890,120779630943329
4,36942,18.2,1789587117890,120779630943329
5,36942,30.0,1789587117890,120779630943329
6,36942,0.0,1789587117890,120779630943329
7,36942,9.1,1789587117890,120779630943329
0,37042,0.0,1789587117990,120779633356401
1,37042,40.0,1789587117990,120779633356401
2,37042,0.0,1789587117990,120779633356401
3,37042,0.0,1789587117990,120779633356401
4,37042,0.0,1789587117990,120779633356401
5,37042,0.0,1789587117990,120779633356401
6,37042,0.0,1789587117990,120779633356401
7,37042,0.0,1789587117990,120779633356401
0,37143,0.0,1789587118091,120779635767751
1,37143,18.2,1789587118091,120779635767751
2,37143,0.0,1789587118091,120779635767751
3,37143,0.0,1789587118091,120779635767751
4,37143,0.0,1789587118091,120779635767751
5,37143,40.0,1789587118091,120779635767751
6,37143,0.0,1789587118091,120779635767751
7,37143,0.0,1789587118091,120779635767751
0,37243,10.0,1789587118191,120779638181867
1,37243,0.0,1789587118191,120779638181867
2,37243,0.0,1789587118191,120779638181867
3,37243,0.0,1789587118191,120779638181867
4,37243,11.1,1789587118191,120779638181867
5,37243,0.0,1789587118191,120779638181867
6,37243,0.0,1789587118191,120779638181867
7,37243,18.2,1789587118191,120779638181867
0,37344,10.0,1789587118292,120779640594937
1,37344,18.2,1789587118292,120779640594937
2,37344,20.0,1789587118292,120779640594937
3,37344,0.0,1789587118292,120779640594937
4,37344,0.0,1789587118292,120779640594937
5,37344,9.1,1789587118292,120779640594937
6,37344,18.2,1789587118292,120779640594937
7,37344,20.0,1789587118292,120779640594937
0,37444,0.0,1789587118392,120779643007093
1,37444,0.0,1789587118392,120779643007093
2,37444,0.0,1789587118392,120779643007093
3,37444,0.0,1789587118392,120779643007093
4,37444,0.0,1789587118392,120779643007093
5,37444,0.0,1789587118392,120779643007093
6,37444,0.0,1789587118392,120779643007093
7,37444,0.0,1789587118392,120779643007093
0,37545,0.0,1789587118493,120779645416245
1,37545,0.0,1789587118493,120779645416245
2,37545,0.0,1789587118493,120779645416245
3,37545,0.0,1789587118493,120779645416245
4,37545,0.0,1789587118493,120779645416245
5,37545,0.0,1789587118493,120779645416245
6,37545,0.0,1789587118493,120779645416245
7,37545,0.0,1789587118493,120779645416245
0,37645,0.0,1789587118593,120779647824521
1,37645,0.0,1789587118593,120779647824521
2,37645,0.0,1789587118593,120779647824521
3,37645,0.0,1789587118593,120779647824521
4,37645,0.0,1789587118593,120779647824521
5,37645,0.0,1789587118593,120779647824521
6,37645,0.0,1789587118593,120779647824521
7,37645,0.0,1789587118593,120779647824521
0,37745,0.0,1789587118693,120779650232722
1,37745,0.0,1789587118693,120779650232722
2,37745,0.0,1789587118693,120779650232722
3,37745,0.0,1789587118693,120779650232722
4,37745,0.0,1789587118693,120779650232722
5,37745,0.0,1789587118693,120779650232722
6,37745,0.0,1789587118693,120779650232722
7,37745,0.0,1789587118693,120779650232722
0,37846,0.0,1789587118794,120779652640685
1,37846,0.0,1789587118794,120779652640685
2,37846,0.0,1789587118794,120779652640685
3,37846,0.0,1789587118794,120779652640685
4,37846,0.0,1789587118794,120779652640685
5,37846,0.0,1789587118794,120779652640685
6,37846,0.0,1789587118794,120779652640685
7,37846,0.0,1789587118794,120779652640685
0,37946,0.0,1789587118894,120779655049001
1,37946,0.0,1789587118894,120779655049001
2,37946,0.0,1789587118894,120779655049001
3,37946,0.0,1789587118894,120779655049001
4,37946,0.0,1789587118894,120779655049001
5,37946,0.0,1789587118894,120779655049001
6,37946,0.0,1789587118894,120779655049001
7,37946,0.0,1789587118894,120779655049001
0,38046,0.0,1789587118994,120779657458969
1,38046,0.0,1789587118994,120779657458969
2,38046,0.0,1789587118994,120779657458969
3,38046,0.0,1789587118994,120779657458969
4,38046,0.0,1789587118994,120779657458969
5,38046,0.0,1789587118994,120779657458969
6,38046,0.0,1789587118994,120779657458969
7,38046,0.0,1789587118994,120779657458969
0,38147,0.0,1789587119095,120779659868730
1,38147,0.0,1789587119095,120779659868730
2,38147,0.0,1789587119095,120779659868730
3,38147,0.0,1789587119095,120779659868730
4,38147,0.0,1789587119095,120779659868730
5,38147,0.0,1789587119095,120779659868730
6,38147,0.0,1789587119095,120779659868730
7,38147,0.0,1789587119095,120779659868730
0,38247,10.0,1789587119195,120779662281351
1,38247,0.0,1789587119195,120779662281351
2,38247,0.0,1789587119195,120779662281351
3,38247,9.1,1789587119195,120779662281351
4,38247,0.0,1789587119195,120779662281351
5,38247,0.0,1789587119195,120779662281351
6,38247,9.1,1789587119195,120779662281351
7,38247,0.0,1789587119195,120779662281351
0,38348,0.0,1789587119296,120779664690997
1,38348,0.0,1789587119296,120779664690997
2,38348,0.0,1789587119296,120779664690997
3,38348,0.0,1789587119296,120779664690997
4,38348,0.0,1789587119296,120779664690997
5,38348,0.0,1789587119296,120779664690997
6,38348,0.0,1789587119296,120779664690997
7,38348,0.0,1789587119296,120779664690997
0,38448,0.0,1789587119396,120779667099131
1,38448,0.0,1789587119396,120779667099131
2,38448,0.0,1789587119396,120779667099131
3,38448,0.0,1789587119396,120779667099131
4,38448,0.0,1789587119396,120779667099131
5,38448,0.0,1789587119396,120779667099131
6,38448,0.0,1789587119396,120779667099131
7,38448,0.0,1789587119396,120779667099131
0,38548,0.0,1789587119496,120779669507325
1,38548,0.0,1789587119496,120779669507325
2,38548,0.0,1789587119496,120779669507325
3,38548,0.0,1789587119496,120779669507325
4,38548,0.0,1789587119496,120779669507325
5,38548,0.0,1789587119496,120779669507325
6,38548,0.0,1789587119496,120779669507325
7,38548,0.0,1789587119496,120779669507325
0,38649,0.0,1789587119597,120779671915716
1,38649,0.0,1789587119597,120779671915716
2,38649,0.0,1789587119597,120779671915716
3,38649,0.0,1789587119597,120779671915716
4,38649,0.0,1789587119597,120779671915716
5,38649,0.0,1789587119597,120779671915716
6,38649,0.0,1789587119597,120779671915716
7,38649,0.0,1789587119597,120779671915716
0,38749,0.0,1789587119697,120779674324208
1,38749,0.0,1789587119697,120779674324208
2,38749,0.0,1789587119697,120779674324208
3,38749,0.0,1789587119697,120779674324208
4,38749,0.0,1789587119697,120779674324208
5,38749,0.0,1789587119697,120779674324208
6,38749,0.0,1789587119697,120779674324208
7,38749,0.0,1789587119697,120779674324208
0,38849,0.0,1789587119797,120779676732449
1,38849,0.0,1789587119797,120779676732449
2,38849,0.0,1789587119797,120779676732449
3,38849,0.0,1789587119797,120779676732449
4,38849,0.0,1789587119797,120779676732449
5,38849,0.0,1789587119797,120779676732449
6,38849,0.0,1789587119797,120779676732449
7,38849,9.1,1789587119797,120779676732449
0,38950,0.0,1789587119898,120779679140651
1,38950,0.0,1789587119898,120779679140651
2,38950,0.0,1789587119898,120779679140651
3,38950,0.0,1789587119898,120779679140651
4,38950,0.0,1789587119898,120779679140651
5,38950,0.0,1789587119898,120779679140651
6,38950,0.0,1789587119898,120779679140651
7,38950,0.0,1789587119898,120779679140651
0,39050,0.0,1789587119998,120779681548750
1,39050,0.0,1789587119998,120779681548750
2,39050,0.0,1789587119998,120779681548750
3,39050,0.0,1789587119998,120779681548750
4,39050,0.0,1789587119998,120779681548750
5,39050,0.0,1789587119998,120779681548750
6,39050,0.0,1789587119998,120779681548750
7,39050,0.0,1789587119998,120779681548750
0,39150,0.0,1789587120098,120779683956587
1,39150,0.0,1789587120098,120779683956587
2,39150,0.0,1789587120098,120779683956587
3,39150,0.0,1789587120098,120779683956587
4,39150,0.0,1789587120098,120779683956587
5,39150,0.0,1789587120098,120779683956587
6,39150,0.0,1789587120098,120779683956587
7,39150,0.0,1789587120098,120779683956587
0,39251,0.0,1789587120199,120779686364686
1,39251,0.0,1789587120199,120779686364686
2,39251,0.0,1789587120199,120779686364686
3,39251,0.0,1789587120199,120779686364686
4,39251,0.0,1789587120199,120779686364686
5,39251,0.0,1789587120199,120779686364686
6,39251,0.0,1789587120199,120779686364686
7,39251,0.0,1789587120199,120779686364686
0,39351,0.0,1789587120299,120779688772652
1,39351,0.0,1789587120299,120779688772652
2,39351,0.0,1789587120299,120779688772652
3,39351,0.0,1789587120299,120779688772652
4,39351,0.0,1789587120299,120779688772652
5,39351,0.0,1789587120299,120779688772652
6,39351,0.0,1789587120299,120779688772652
7,39351,0.0,1789587120299,120779688772652
0,39452,0.0,1789587120400,120779691184779
1,39452,30.0,1789587120400,120779691184779
2,39452,0.0,1789587120400,120779691184779
3,39452,0.0,1789587120400,120779691184779
4,39452,0.0,1789587120400,120779691184779
5,39452,0.0,1789587120400,120779691184779
6,39452,0.0,1789587120400,120779691184779
7,39452,10.0,1789587120400,120779691184779
0,39552,0.0,1789587120500,120779693595648
1,39552,10.0,1789587120500,120779693595648
2,39552,0.0,1789587120500,120779693595648
3,39552,33.3,1789587120500,120779693595648
4,39552,0.0,1789587120500,120779693595648
5,39552,0.0,1789587120500,120779693595648
6,39552,0.0,1789587120500,120779693595648
7,39552,0.0,1789587120500,120779693595648
0,39653,9.1,1789587120601,120779696007257
1,39653,40.0,1789587120601,120779696007257
2,39653,0.0,1789587120601,120779696007257
3,39653,10.0,1789587120601,120779696007257
4,39653,18.2,1789587120601,120779696007257
5,39653,0.0,1789587120601,120779696007257
6,39653,0.0,1789587120601,120779696007257
7,39653,10.0,1789587120601,120779696007257
0,39753,0.0,1789587120701,120779698421019
1,39753,0.0,1789587120701,120779698421019
2,39753,0.0,1789587120701,120779698421019
3,39753,11.1,1789587120701,120779698421019
4,39753,0.0,1789587120701,120779698421019
5,39753,9.1,1789587120701,120779698421019
6,39753,10.0,1789587120701,120779698421019
7,39753,9.1,1789587120701,120779698421019
0,39854,20.0,1789587120802,120779700834143
1,39854,9.1,1789587120802,120779700834143
2,39854,0.0,1789587120802,120779700834143
3,39854,10.0,1789587120802,120779700834143
4,39854,9.1,1789587120802,120779700834143
5,39854,0.0,1789587120802,120779700834143
6,39854,10.0,1789587120802,120779700834143
7,39854,20.0,1789587120802,120779700834143
0,39954,0.0,1789587120902,120779703245519
1,39954,0.0,1789587120902,120779703245519
2,39954,0.0,1789587120902,120779703245519
3,39954,0.0,1789587120902,120779703245519
4,39954,0.0,1789587120902,120779703245519
5,39954,0.0,1789587120902,120779703245519
6,39954,0.0,1789587120902,120779703245519
7,39954,0.0,1789587120902,120779703245519
0,40054,0.0,1789587121002,120779705654079
1,40054,0.0,1789587121002,120779705654079
2,40054,0.0,1789587121002,120779705654079
3,40054,0.0,1789587121002,120779705654079
4,40054,0.0,1789587121002,120779705654079
5,40054,0.0,1789587121002,120779705654079
6,40054,0.0,1789587121002,120779705654079
7,40054,0.0,1789587121002,120779705654079
0,40155,0.0,1789587121103,120779708063135
1,40155,0.0,1789587121103,120779708063135
2,40155,0.0,1789587121103,120779708063135
3,40155,0.0,1789587121103,120779708063135
4,40155,0.0,1789587121103,120779708063135
5,40155,0.0,1789587121103,120779708063135
6,40155,0.0,1789587121103,120779708063135
7,40155,0.0,1789587121103,120779708063135
0,40255,0.0,1789587121203,120779710473785
1,40255,0.0,1789587121203,120779710473785
2,40255,9.1,1789587121203,120779710473785
3,40255,0.0,1789587121203,120779710473785
4,40255,0.0,1789587121203,120779710473785
5,40255,0.0,1789587121203,120779710473785
6,40255,0.0,1789587121203,120779710473785
7,40255,0.0,1789587121203,120779710473785
0,40356,0.0,1789587121304,120779712882190
1,40356,0.0,1789587121304,120779712882190
2,40356,0.0,1789587121304,120779712882190
3,40356,0.0,1789587121304,120779712882190
4,40356,0.0,1789587121304,120779712882190
5,40356,0.0,1789587121304,120779712882190
6,40356,0.0,1789587121304,120779712882190
7,40356,9.1,1789587121304,120779712882190
0,40456,0.0,1789587121404,120779715290970
1,40456,0.0,1789587121404,120779715290970
2,40456,0.0,1789587121404,120779715290970
3,40456,0.0,1789587121404,120779715290970
4,40456,0.0,1789587121404,120779715290970
5,40456,0.0,1789587121404,120779715290970
6,40456,0.0,1789587121404,120779715290970
7,40456,0.0,1789587121404,120779715290970
0,40556,0.0,1789587121504,120779717699016
1,40556,0.0,1789587121504,120779717699016
2,40556,0.0,1789587121504,120779717699016
3,40556,0.0,1789587121504,120779717699016
4,40556,0.0,1789587121504,120779717699016
5,40556,0.0,1789587121504,120779717699016
6,40556,0.0,1789587121504,120779717699016
7,40556,0.0,1789587121504,120779717699016
0,40657,0.0,1789587121605,120779720107932
1,40657,0.0,1789587121605,120779720107932
2,40657,0.0,1789587121605,120779720107932
3,40657,0.0,1789587121605,120779720107932
4,40657,0.0,1789587121605,120779720107932
5,40657,0.0,1789587121605,120779720107932
6,40657,0.0,1789587121605,120779720107932
7,40657,0.0,1789587121605,120779720107932
0,40757,0.0,1789587121705,120779722515955
1,40757,0.0,1789587121705,120779722515955
2,40757,0.0,1789587121705,120779722515955
3,40757,0.0,1789587121705,120779722515955
4,40757,0.0,1789587121705,120779722515955
5,40757,0.0,1789587121705,120779722515955
6,40757,0.0,1789587121705,120779722515955
7,40757,0.0,1789587121705,120779722515955
0,40857,0.0,1789587121805,120779724922944
1,40857,0.0,1789587121805,120779724922944
2,40857,0.0,1789587121805,120779724922944
3,40857,0.0,1789587121805,120779724922944
4,40857,0.0,1789587121805,120779724922944
5,40857,0.0,1789587121805,120779724922944
6,40857,0.0,1789587121805,120779724922944
7,40857,0.0,1789587121805,120779724922944
0,40958,0.0,1789587121906,120779727329808
1,40958,0.0,1789587121906,120779727329808
2,40958,0.0,1789587121906,120779727329808
3,40958,0.0,1789587121906,120779727329808
4,40958,0.0,1789587121906,120779727329808
5,40958,0.0,1789587121906,120779727329808
6,40958,0.0,1789587121906,120779727329808
7,40958,0.0,1789587121906,120779727329808
0,41058,0.0,1789587122006,120779729736535
1,41058,0.0,1789587122006,120779729736535
2,41058,0.0,1789587122006,120779729736535
3,41058,0.0,1789587122006,120779729736535
4,41058,0.0,1789587122006,120779729736535
5,41058,0.0,1789587122006,120779729736535
6,41058,0.0,1789587122006,120779729736535
7,41058,0.0,1789587122006,120779729736535
0,41158,0.0,1789587122106,120779732144580
1,41158,0.0,1789587122106,120779732144580
2,41158,0.0,1789587122106,120779732144580
3,41158,0.0,1789587122106,120779732144580
4,41158,0.0,1789587122106,120779732144580
5,41158,0.0,1789587122106,120779732144580
6,41158,0.0,1789587122106,120779732144580
7,41158,0.0,1789587122106,120779732144580
0,41259,0.0,1789587122207,120779734555872
1,41259,9.1,1789587122207,120779734555872
2,41259,0.0,1789587122207,120779734555872
3,41259,0.0,1789587122207,120779734555872
4,41259,0.0,1789587122207,120779734555872
5,41259,9.1,1789587122207,120779734555872
6,41259,0.0,1789587122207,120779734555872
7,41259,0.0,1789587122207,120779734555872
0,41359,0.0,1789587122307,120779736965578
1,41359,0.0,1789587122307,120779736965578
2,41359,0.0,1789587122307,120779736965578
3,41359,0.0,1789587122307,120779736965578
4,41359,0.0,1789587122307,120779736965578
5,41359,0.0,1789587122307,120779736965578
6,41359,0.0,1789587122307,120779736965578
7,41359,0.0,1789587122307,120779736965578
0,41459,0.0,1789587122407,120779739373331
1,41459,0.0,1789587122407,120779739373331
2,41459,0.0,1789587122407,120779739373331
3,41459,0.0,1789587122407,120779739373331
4,41459,0.0,1789587122407,120779739373331
5,41459,0.0,1789587122407,120779739373331
6,41459,0.0,1789587122407,120779739373331
7,41459,0.0,1789587122407,120779739373331
0,41560,0.0,1789587122508,120779741781109
1,41560,0.0,1789587122508,120779741781109
2,41560,0.0,1789587122508,120779741781109
3,41560,0.0,1789587122508,120779741781109
4,41560,0.0,1789587122508,120779741781109
5,41560,0.0,1789587122508,120779741781109
6,41560,0.0,1789587122508,120779741781109
7,41560,0.0,1789587122508,120779741781109
0,41660,0.0,1789587122608,120779744189251
1,41660,0.0,1789587122608,120779744189251
2,41660,0.0,1789587122608,120779744189251
3,41660,0.0,1789587122608,120779744189251
4,41660,0.0,1789587122608,120779744189251
5,41660,0.0,1789587122608,120779744189251
6,41660,0.0,1789587122608,120779744189251
7,41660,0.0,1789587122608,120779744189251
0,41760,0.0,1789587122708,120779746596636
1,41760,0.0,1789587122708,120779746596636
2,41760,0.0,1789587122708,120779746596636
3,41760,0.0,1789587122708,120779746596636
4,41760,0.0,1789587122708,120779746596636
5,41760,0.0,1789587122708,120779746596636
6,41760,0.0,1789587122708,120779746596636
7,41760,0.0,1789587122708,120779746596636
0,41861,0.0,1789587122809,120779749004365
1,41861,0.0,1789587122809,120779749004365
2,41861,0.0,1789587122809,120779749004365
3,41861,0.0,1789587122809,120779749004365
4,41861,0.0,1789587122809,120779749004365
5,41861,0.0,1789587122809,120779749004365
6,41861,0.0,1789587122809,120779749004365
7,41861,0.0,1789587122809,120779749004365
0,41961,0.0,1789587122909,120779751416569
1,41961,30.0,1789587122909,120779751416569
2,41961,0.0,1789587122909,120779751416569
3,41961,0.0,1789587122909,120779751416569
4,41961,0.0,1789587122909,120779751416569
5,41961,0.0,1789587122909,120779751416569
6,41961,0.0,1789587122909,120779751416569
7,41961,11.1,1789587122909,120779751416569
0,42062,0.0,1789587123010,120779753828248
1,42062,20.0,1789587123010,120779753828248
2,42062,0.0,1789587123010,120779753828248
3,42062,0.0,1789587123010,120779753828248
4,42062,44.4,1789587123010,120779753828248
5,42062,0.0,1789587123010,120779753828248
6,42062,0.0,1789587123010,120779753828248
7,42062,9.1,1789587123010,120779753828248
0,42162,0.0,1789587123110,120779756240444
1,42162,30.0,1789587123110,120779756240444
2,42162,0.0,1789587123110,120779756240444
3,42162,0.0,1789587123110,120779756240444
4,42162,0.0,1789587123110,120779756240444
5,42162,0.0,1789587123110,120779756240444
6,42162,0.0,1789587123110,120779756240444
7,42162,11.1,1789587123110,120779756240444
0,42263,10.0,1789587123211,120779758653622
1,42263,0.0,1789587123211,120779758653622
2,42263,0.0,1789587123211,120779758653622
3,42263,9.1,1789587123211,120779758653622
4,42263,10.0,1789587123211,120779758653622
5,42263,11.1,1789587123211,120779758653622
6,42263,9.1,1789587123211,120779758653622
7,42263,11.1,1789587123211,120779758653622
0,42363,0.0,1789587123311,120779761067655
1,42363,9.1,1789587123311,120779761067655
2,42363,0.0,1789587123311,120779761067655
3,42363,10.0,1789587123311,120779761067655
4,42363,18.2,1789587123311,120779761067655
5,42363,9.1,1789587123311,120779761067655
6,42363,0.0,1789587123311,120779761067655
7,42363,0.0,1789587123311,120779761067655
0,42464,9.1,1789587123412,120779763479487
1,42464,10.0,1789587123412,120779763479487
2,42464,0.0,1789587123412,120779763479487
3,42464,0.0,1789587123412,120779763479487
4,42464,0.0,1789587123412,120779763479487
5,42464,0.0,1789587123412,120779763479487
6,42464,0.0,1789587123412,120779763479487
7,42464,0.0,1789587123412,120779763479487
0,42564,0.0,1789587123512,120779765889967
1,42564,0.0,1789587123512,120779765889967
2,42564,0.0,1789587123512,120779765889967
3,42564,0.0,1789587123512,120779765889967
4,42564,0.0,1789587123512,120779765889967
5,42564,0.0,1789587123512,120779765889967
6,42564,0.0,1789587123512,120779765889967
7,42564,0.0,1789587123512,120779765889967
0,42665,0.0,1789587123613,120779768299185
1,42665,0.0,1789587123613,120779768299185
2,42665,0.0,1789587123613,120779768299185
3,42665,0.0,1789587123613,120779768299185
4,42665,0.0,1789587123613,120779768299185
5,42665,0.0,1789587123613,120779768299185
6,42665,0.0,1789587123613,120779768299185
7,42665,0.0,1789587123613,120779768299185
0,42765,0.0,1789587123713,120779770709668
1,42765,0.0,1789587123713,120779770709668
2,42765,0.0,1789587123713,120779770709668
3,42765,9.1,1789587123713,120779770709668
4,42765,0.0,1789587123713,120779770709668
5,42765,0.0,1789587123713,120779770709668
6,42765,0.0,1789587123713,120779770709668
7,42765,0.0,1789587123713,120779770709668
0,42866,0.0,1789587123814,120779773120889
1,42866,0.0,1789587123814,120779773120889
2,42866,0.0,1789587123814,120779773120889
3,42866,0.0,1789587123814,120779773120889
4,42866,0.0,1789587123814,120779773120889
5,42866,0.0,1789587123814,120779773120889
6,42866,0.0,1789587123814,120779773120889
7,42866,9.1,1789587123814,120779773120889
0,42966,0.0,1789587123914,120779775531824
1,42966,0.0,1789587123914,120779775531824
2,42966,0.0,1789587123914,120779775531824
3,42966,0.0,1789587123914,120779775531824
4,42966,0.0,1789587123914,120779775531824
5,42966,0.0,1789587123914,120779775531824
6,42966,0.0,1789587123914,120779775531824
7,42966,0.0,1789587123914,120779775531824
0,43067,10.0,1789587124015,120779777943324
1,43067,10.0,1789587124015,120779777943324
2,43067,0.0,1789587124015,120779777943324
3,43067,0.0,1789587124015,120779777943324
4,43067,0.0,1789587124015,120779777943324
5,43067,0.0,1789587124015,120779777943324
6,43067,0.0,1789587124015,120779777943324
7,43067,0.0,1789587124015,120779777943324
0,43167,0.0,1789587124115,120779780357928
1,43167,0.0,1789587124115,120779780357928
2,43167,27.3,1789587124115,120779780357928
3,43167,10.0,1789587124115,120779780357928
4,43167,0.0,1789587124115,120779780357928
5,43167,30.0,1789587124115,120779780357928
6,43167,0.0,1789587124115,120779780357928
7,43167,27.3,1789587124115,120779780357928
0,43268,0.0,1789587124216,120779782770869
1,43268,9.1,1789587124216,120779782770869
2,43268,30.0,1789587124216,120779782770869
3,43268,0.0,1789587124216,120779782770869
4,43268,0.0,1789587124216,120779782770869
5,43268,30.0,1789587124216,120779782770869
6,43268,0.0,1789587124216,120779782770869
7,43268,0.0,1789587124216,120779782770869
0,43368,0.0,1789587124316,120779785184396
1,43368,9.1,1789587124316,120779785184396
2,43368,10.0,1789587124316,120779785184396
3,43368,11.1,1789587124316,120779785184396
4,43368,20.0,1789587124316,120779785184396
5,43368,11.1,1789587124316,120779785184396
6,43368,9.1,1789587124316,120779785184396
7,43368,10.0,1789587124316,120779785184396
0,43431,0.0,1789587124379,120779786680920
1,43431,0.0,1789587124379,120779786680920
2,43431,14.3,1789587124379,120779786680920
3,43431,0.0,1789587124379,120779786680920
4,43431,0.0,1789587124379,120779786680920
5,43431,0.0,1789587124379,120779786680920
6,43431,0.0,1789587124379,120779786680920
7,43431,0.0,1789587124379,120779786680920
