cpu,t_ms,busy_pct,epoch_ms,rdtime_ticks
0,101,0.0,1789195589552,111383058019142
1,101,66.7,1789195589552,111383058019142
2,101,14.3,1789195589552,111383058019142
3,101,0.0,1789195589552,111383058019142
4,101,0.0,1789195589552,111383058019142
5,101,70.0,1789195589552,111383058019142
6,101,18.2,1789195589552,111383058019142
7,101,80.0,1789195589552,111383058019142
0,201,0.0,1789195589652,111383060431759
1,201,70.0,1789195589652,111383060431759
2,201,36.4,1789195589652,111383060431759
3,201,0.0,1789195589652,111383060431759
4,201,0.0,1789195589652,111383060431759
5,201,72.7,1789195589652,111383060431759
6,201,20.0,1789195589652,111383060431759
7,201,87.5,1789195589652,111383060431759
0,302,0.0,1789195589753,111383062842474
1,302,63.6,1789195589753,111383062842474
2,302,33.3,1789195589753,111383062842474
3,302,0.0,1789195589753,111383062842474
4,302,0.0,1789195589753,111383062842474
5,302,70.0,1789195589753,111383062842474
6,302,0.0,1789195589753,111383062842474
7,302,80.0,1789195589753,111383062842474
0,402,0.0,1789195589853,111383065253330
1,402,70.0,1789195589853,111383065253330
2,402,30.0,1789195589853,111383065253330
3,402,0.0,1789195589853,111383065253330
4,402,0.0,1789195589853,111383065253330
5,402,66.7,1789195589853,111383065253330
6,402,25.0,1789195589853,111383065253330
7,402,80.0,1789195589853,111383065253330
0,502,0.0,1789195589953,111383067664069
1,502,60.0,1789195589953,111383067664069
2,502,33.3,1789195589953,111383067664069
3,502,0.0,1789195589953,111383067664069
4,502,0.0,1789195589953,111383067664069
5,502,70.0,1789195589953,111383067664069
6,502,11.1,1789195589953,111383067664069
7,502,77.8,1789195589953,111383067664069
0,603,45.5,1789195590054,111383070075563
1,603,77.8,1789195590054,111383070075563
2,603,11.1,1789195590054,111383070075563
3,603,27.3,1789195590054,111383070075563
4,603,22.2,1789195590054,111383070075563
5,603,72.7,1789195590054,111383070075563
6,603,20.0,1789195590054,111383070075563
7,603,88.9,1789195590054,111383070075563
0,703,11.1,1789195590154,111383072487218
1,703,72.7,1789195590154,111383072487218
2,703,0.0,1789195590154,111383072487218
3,703,0.0,1789195590154,111383072487218
4,703,55.6,1789195590154,111383072487218
5,703,66.7,1789195590154,111383072487218
6,703,18.2,1789195590154,111383072487218
7,703,100.0,1789195590154,111383072487218
0,804,45.5,1789195590255,111383074900025
1,804,77.8,1789195590255,111383074900025
2,804,0.0,1789195590255,111383074900025
3,804,0.0,1789195590255,111383074900025
4,804,20.0,1789195590255,111383074900025
5,804,66.7,1789195590255,111383074900025
6,804,20.0,1789195590255,111383074900025
7,804,80.0,1789195590255,111383074900025
0,904,10.0,1789195590355,111383077313322
1,904,75.0,1789195590355,111383077313322
2,904,20.0,1789195590355,111383077313322
3,904,20.0,1789195590355,111383077313322
4,904,20.0,1789195590355,111383077313322
5,904,81.8,1789195590355,111383077313322
6,904,0.0,1789195590355,111383077313322
7,904,77.8,1789195590355,111383077313322
0,1005,18.2,1789195590456,111383079725464
1,1005,66.7,1789195590456,111383079725464
2,1005,20.0,1789195590456,111383079725464
3,1005,20.0,1789195590456,111383079725464
4,1005,27.3,1789195590456,111383079725464
5,1005,66.7,1789195590456,111383079725464
6,1005,10.0,1789195590456,111383079725464
7,1005,83.3,1789195590456,111383079725464
0,1105,0.0,1789195590556,111383082136884
1,1105,75.0,1789195590556,111383082136884
2,1105,0.0,1789195590556,111383082136884
3,1105,0.0,1789195590556,111383082136884
4,1105,0.0,1789195590556,111383082136884
5,1105,70.0,1789195590556,111383082136884
6,1105,41.7,1789195590556,111383082136884
7,1105,77.8,1789195590556,111383082136884
0,1206,0.0,1789195590657,111383084547842
1,1206,66.7,1789195590657,111383084547842
2,1206,0.0,1789195590657,111383084547842
3,1206,22.2,1789195590657,111383084547842
4,1206,0.0,1789195590657,111383084547842
5,1206,66.7,1789195590657,111383084547842
6,1206,0.0,1789195590657,111383084547842
7,1206,80.0,1789195590657,111383084547842
0,1306,0.0,1789195590757,111383086958568
1,1306,66.7,1789195590757,111383086958568
2,1306,0.0,1789195590757,111383086958568
3,1306,25.0,1789195590757,111383086958568
4,1306,0.0,1789195590757,111383086958568
5,1306,66.7,1789195590757,111383086958568
6,1306,18.2,1789195590757,111383086958568
7,1306,87.5,1789195590757,111383086958568
0,1407,0.0,1789195590858,111383089370331
1,1407,63.6,1789195590858,111383089370331
2,1407,0.0,1789195590858,111383089370331
3,1407,30.0,1789195590858,111383089370331
4,1407,0.0,1789195590858,111383089370331
5,1407,63.6,1789195590858,111383089370331
6,1407,10.0,1789195590858,111383089370331
7,1407,77.8,1789195590858,111383089370331
0,1507,0.0,1789195590958,111383091781186
1,1507,66.7,1789195590958,111383091781186
2,1507,0.0,1789195590958,111383091781186
3,1507,25.0,1789195590958,111383091781186
4,1507,0.0,1789195590958,111383091781186
5,1507,70.0,1789195590958,111383091781186
6,1507,11.1,1789195590958,111383091781186
7,1507,80.0,1789195590958,111383091781186
0,1608,0.0,1789195591059,111383094191998
1,1608,60.0,1789195591059,111383094191998
2,1608,0.0,1789195591059,111383094191998
3,1608,22.2,1789195591059,111383094191998
4,1608,0.0,1789195591059,111383094191998
5,1608,62.5,1789195591059,111383094191998
6,1608,18.2,1789195591059,111383094191998
7,1608,80.0,1789195591059,111383094191998
0,1708,0.0,1789195591159,111383096602305
1,1708,66.7,1789195591159,111383096602305
2,1708,0.0,1789195591159,111383096602305
3,1708,14.3,1789195591159,111383096602305
4,1708,0.0,1789195591159,111383096602305
5,1708,66.7,1789195591159,111383096602305
6,1708,0.0,1789195591159,111383096602305
7,1708,80.0,1789195591159,111383096602305
0,1809,0.0,1789195591260,111383099014770
1,1809,60.0,1789195591260,111383099014770
2,1809,0.0,1789195591260,111383099014770
3,1809,22.2,1789195591260,111383099014770
4,1809,0.0,1789195591260,111383099014770
5,1809,70.0,1789195591260,111383099014770
6,1809,18.2,1789195591260,111383099014770
7,1809,80.0,1789195591260,111383099014770
0,1909,0.0,1789195591360,111383101426306
1,1909,70.0,1789195591360,111383101426306
2,1909,0.0,1789195591360,111383101426306
3,1909,33.3,1789195591360,111383101426306
4,1909,0.0,1789195591360,111383101426306
5,1909,70.0,1789195591360,111383101426306
6,1909,10.0,1789195591360,111383101426306
7,1909,88.9,1789195591360,111383101426306
0,2010,0.0,1789195591461,111383103836977
1,2010,60.0,1789195591461,111383103836977
2,2010,0.0,1789195591461,111383103836977
3,2010,33.3,1789195591461,111383103836977
4,2010,0.0,1789195591461,111383103836977
5,2010,66.7,1789195591461,111383103836977
6,2010,10.0,1789195591461,111383103836977
7,2010,81.8,1789195591461,111383103836977
0,2110,0.0,1789195591561,111383106247551
1,2110,66.7,1789195591561,111383106247551
2,2110,0.0,1789195591561,111383106247551
3,2110,30.0,1789195591561,111383106247551
4,2110,0.0,1789195591561,111383106247551
5,2110,70.0,1789195591561,111383106247551
6,2110,11.1,1789195591561,111383106247551
7,2110,80.0,1789195591561,111383106247551
0,2211,0.0,1789195591662,111383108658286
1,2211,63.6,1789195591662,111383108658286
2,2211,9.1,1789195591662,111383108658286
3,2211,40.0,1789195591662,111383108658286
4,2211,0.0,1789195591662,111383108658286
5,2211,60.0,1789195591662,111383108658286
6,2211,18.2,1789195591662,111383108658286
7,2211,75.0,1789195591662,111383108658286
0,2311,0.0,1789195591762,111383111068959
1,2311,62.5,1789195591762,111383111068959
2,2311,0.0,1789195591762,111383111068959
3,2311,22.2,1789195591762,111383111068959
4,2311,0.0,1789195591762,111383111068959
5,2311,70.0,1789195591762,111383111068959
6,2311,10.0,1789195591762,111383111068959
7,2311,77.8,1789195591762,111383111068959
0,2411,0.0,1789195591862,111383113480048
1,2411,66.7,1789195591862,111383113480048
2,2411,0.0,1789195591862,111383113480048
3,2411,25.0,1789195591862,111383113480048
4,2411,0.0,1789195591862,111383113480048
5,2411,72.7,1789195591862,111383113480048
6,2411,0.0,1789195591862,111383113480048
7,2411,81.8,1789195591862,111383113480048
0,2512,0.0,1789195591963,111383115891843
1,2512,70.0,1789195591963,111383115891843
2,2512,0.0,1789195591963,111383115891843
3,2512,36.4,1789195591963,111383115891843
4,2512,0.0,1789195591963,111383115891843
5,2512,66.7,1789195591963,111383115891843
6,2512,20.0,1789195591963,111383115891843
7,2512,90.0,1789195591963,111383115891843
0,2612,0.0,1789195592063,111383118303112
1,2612,60.0,1789195592063,111383118303112
2,2612,0.0,1789195592063,111383118303112
3,2612,0.0,1789195592063,111383118303112
4,2612,0.0,1789195592063,111383118303112
5,2612,70.0,1789195592063,111383118303112
6,2612,10.0,1789195592063,111383118303112
7,2612,81.8,1789195592063,111383118303112
0,2713,0.0,1789195592164,111383120713654
1,2713,66.7,1789195592164,111383120713654
2,2713,0.0,1789195592164,111383120713654
3,2713,22.2,1789195592164,111383120713654
4,2713,0.0,1789195592164,111383120713654
5,2713,66.7,1789195592164,111383120713654
6,2713,10.0,1789195592164,111383120713654
7,2713,80.0,1789195592164,111383120713654
0,2813,0.0,1789195592264,111383123124247
1,2813,66.7,1789195592264,111383123124247
2,2813,0.0,1789195592264,111383123124247
3,2813,14.3,1789195592264,111383123124247
4,2813,0.0,1789195592264,111383123124247
5,2813,63.6,1789195592264,111383123124247
6,2813,18.2,1789195592264,111383123124247
7,2813,81.8,1789195592264,111383123124247
0,2914,0.0,1789195592365,111383125534800
1,2914,62.5,1789195592365,111383125534800
2,2914,0.0,1789195592365,111383125534800
3,2914,22.2,1789195592365,111383125534800
4,2914,0.0,1789195592365,111383125534800
5,2914,66.7,1789195592365,111383125534800
6,2914,18.2,1789195592365,111383125534800
7,2914,77.8,1789195592365,111383125534800
0,3014,0.0,1789195592465,111383127945518
1,3014,60.0,1789195592465,111383127945518
2,3014,0.0,1789195592465,111383127945518
3,3014,25.0,1789195592465,111383127945518
4,3014,0.0,1789195592465,111383127945518
5,3014,70.0,1789195592465,111383127945518
6,3014,10.0,1789195592465,111383127945518
7,3014,81.8,1789195592465,111383127945518
0,3115,0.0,1789195592566,111383130356228
1,3115,66.7,1789195592566,111383130356228
2,3115,0.0,1789195592566,111383130356228
3,3115,33.3,1789195592566,111383130356228
4,3115,0.0,1789195592566,111383130356228
5,3115,70.0,1789195592566,111383130356228
6,3115,10.0,1789195592566,111383130356228
7,3115,90.9,1789195592566,111383130356228
0,3215,0.0,1789195592666,111383132767251
1,3215,63.6,1789195592666,111383132767251
2,3215,0.0,1789195592666,111383132767251
3,3215,30.0,1789195592666,111383132767251
4,3215,0.0,1789195592666,111383132767251
5,3215,66.7,1789195592666,111383132767251
6,3215,20.0,1789195592666,111383132767251
7,3215,77.8,1789195592666,111383132767251
0,3316,0.0,1789195592767,111383135177754
1,3316,72.7,1789195592767,111383135177754
2,3316,0.0,1789195592767,111383135177754
3,3316,33.3,1789195592767,111383135177754
4,3316,0.0,1789195592767,111383135177754
5,3316,70.0,1789195592767,111383135177754
6,3316,0.0,1789195592767,111383135177754
7,3316,75.0,1789195592767,111383135177754
0,3416,0.0,1789195592867,111383137589380
1,3416,60.0,1789195592867,111383137589380
2,3416,0.0,1789195592867,111383137589380
3,3416,30.0,1789195592867,111383137589380
4,3416,0.0,1789195592867,111383137589380
5,3416,66.7,1789195592867,111383137589380
6,3416,18.2,1789195592867,111383137589380
7,3416,81.8,1789195592867,111383137589380
0,3516,9.1,1789195592967,111383140000046
1,3516,66.7,1789195592967,111383140000046
2,3516,0.0,1789195592967,111383140000046
3,3516,33.3,1789195592967,111383140000046
4,3516,0.0,1789195592967,111383140000046
5,3516,60.0,1789195592967,111383140000046
6,3516,10.0,1789195592967,111383140000046
7,3516,81.8,1789195592967,111383140000046
0,3617,0.0,1789195593068,111383142411467
1,3617,63.6,1789195593068,111383142411467
2,3617,0.0,1789195593068,111383142411467
3,3617,30.0,1789195593068,111383142411467
4,3617,0.0,1789195593068,111383142411467
5,3617,70.0,1789195593068,111383142411467
6,3617,11.1,1789195593068,111383142411467
7,3617,77.8,1789195593068,111383142411467
0,3717,0.0,1789195593168,111383144822239
1,3717,66.7,1789195593168,111383144822239
2,3717,0.0,1789195593168,111383144822239
3,3717,25.0,1789195593168,111383144822239
4,3717,0.0,1789195593168,111383144822239
5,3717,72.7,1789195593168,111383144822239
6,3717,10.0,1789195593168,111383144822239
7,3717,80.0,1789195593168,111383144822239
0,3818,0.0,1789195593269,111383147237782
1,3818,60.0,1789195593269,111383147237782
2,3818,0.0,1789195593269,111383147237782
3,3818,22.2,1789195593269,111383147237782
4,3818,0.0,1789195593269,111383147237782
5,3818,62.5,1789195593269,111383147237782
6,3818,18.2,1789195593269,111383147237782
7,3818,87.5,1789195593269,111383147237782
0,3919,0.0,1789195593370,111383149649695
1,3919,70.0,1789195593370,111383149649695
2,3919,0.0,1789195593370,111383149649695
3,3919,25.0,1789195593370,111383149649695
4,3919,0.0,1789195593370,111383149649695
5,3919,70.0,1789195593370,111383149649695
6,3919,10.0,1789195593370,111383149649695
7,3919,80.0,1789195593370,111383149649695
0,4019,0.0,1789195593470,111383152060939
1,4019,55.6,1789195593470,111383152060939
2,4019,0.0,1789195593470,111383152060939
3,4019,33.3,1789195593470,111383152060939
4,4019,0.0,1789195593470,111383152060939
5,4019,70.0,1789195593470,111383152060939
6,4019,10.0,1789195593470,111383152060939
7,4019,80.0,1789195593470,111383152060939
0,4119,0.0,1789195593570,111383154471912
1,4119,66.7,1789195593570,111383154471912
2,4119,0.0,1789195593570,111383154471912
3,4119,22.2,1789195593570,111383154471912
4,4119,0.0,1789195593570,111383154471912
5,4119,60.0,1789195593570,111383154471912
6,4119,20.0,1789195593570,111383154471912
7,4119,81.8,1789195593570,111383154471912
0,4220,0.0,1789195593671,111383156883817
1,4220,55.6,1789195593671,111383156883817
2,4220,0.0,1789195593671,111383156883817
3,4220,40.0,1789195593671,111383156883817
4,4220,0.0,1789195593671,111383156883817
5,4220,70.0,1789195593671,111383156883817
6,4220,10.0,1789195593671,111383156883817
7,4220,77.8,1789195593671,111383156883817
0,4320,0.0,1789195593771,111383159294453
1,4320,70.0,1789195593771,111383159294453
2,4320,0.0,1789195593771,111383159294453
3,4320,22.2,1789195593771,111383159294453
4,4320,0.0,1789195593771,111383159294453
5,4320,66.7,1789195593771,111383159294453
6,4320,10.0,1789195593771,111383159294453
7,4320,85.7,1789195593771,111383159294453
0,4421,0.0,1789195593872,111383161705270
1,4421,63.6,1789195593872,111383161705270
2,4421,0.0,1789195593872,111383161705270
3,4421,33.3,1789195593872,111383161705270
4,4421,0.0,1789195593872,111383161705270
5,4421,66.7,1789195593872,111383161705270
6,4421,10.0,1789195593872,111383161705270
7,4421,80.0,1789195593872,111383161705270
0,4521,0.0,1789195593972,111383164115919
1,4521,62.5,1789195593972,111383164115919
2,4521,0.0,1789195593972,111383164115919
3,4521,30.0,1789195593972,111383164115919
4,4521,0.0,1789195593972,111383164115919
5,4521,70.0,1789195593972,111383164115919
6,4521,18.2,1789195593972,111383164115919
7,4521,75.0,1789195593972,111383164115919
0,4622,0.0,1789195594073,111383166526502
1,4622,63.6,1789195594073,111383166526502
2,4622,0.0,1789195594073,111383166526502
3,4622,25.0,1789195594073,111383166526502
4,4622,0.0,1789195594073,111383166526502
5,4622,62.5,1789195594073,111383166526502
6,4622,10.0,1789195594073,111383166526502
7,4622,81.8,1789195594073,111383166526502
0,4722,0.0,1789195594173,111383168937277
1,4722,62.5,1789195594173,111383168937277
2,4722,0.0,1789195594173,111383168937277
3,4722,25.0,1789195594173,111383168937277
4,4722,0.0,1789195594173,111383168937277
5,4722,70.0,1789195594173,111383168937277
6,4722,11.1,1789195594173,111383168937277
7,4722,77.8,1789195594173,111383168937277
0,4823,0.0,1789195594274,111383171348387
1,4823,63.6,1789195594274,111383171348387
2,4823,0.0,1789195594274,111383171348387
3,4823,22.2,1789195594274,111383171348387
4,4823,0.0,1789195594274,111383171348387
5,4823,55.6,1789195594274,111383171348387
6,4823,10.0,1789195594274,111383171348387
7,4823,81.8,1789195594274,111383171348387
0,4923,0.0,1789195594374,111383173759584
1,4923,62.5,1789195594374,111383173759584
2,4923,0.0,1789195594374,111383173759584
3,4923,0.0,1789195594374,111383173759584
4,4923,0.0,1789195594374,111383173759584
5,4923,70.0,1789195594374,111383173759584
6,4923,18.2,1789195594374,111383173759584
7,4923,88.9,1789195594374,111383173759584
0,5024,0.0,1789195594475,111383176170574
1,5024,60.0,1789195594475,111383176170574
2,5024,0.0,1789195594475,111383176170574
3,5024,22.2,1789195594475,111383176170574
4,5024,0.0,1789195594475,111383176170574
5,5024,62.5,1789195594475,111383176170574
6,5024,11.1,1789195594475,111383176170574
7,5024,81.8,1789195594475,111383176170574
0,5124,9.1,1789195594575,111383178583213
1,5124,72.7,1789195594575,111383178583213
2,5124,0.0,1789195594575,111383178583213
3,5124,14.3,1789195594575,111383178583213
4,5124,0.0,1789195594575,111383178583213
5,5124,70.0,1789195594575,111383178583213
6,5124,10.0,1789195594575,111383178583213
7,5124,83.3,1789195594575,111383178583213
0,5225,0.0,1789195594676,111383180994199
1,5225,63.6,1789195594676,111383180994199
2,5225,0.0,1789195594676,111383180994199
3,5225,22.2,1789195594676,111383180994199
4,5225,0.0,1789195594676,111383180994199
5,5225,70.0,1789195594676,111383180994199
6,5225,10.0,1789195594676,111383180994199
7,5225,80.0,1789195594676,111383180994199
0,5325,0.0,1789195594776,111383183405567
1,5325,62.5,1789195594776,111383183405567
2,5325,0.0,1789195594776,111383183405567
3,5325,25.0,1789195594776,111383183405567
4,5325,0.0,1789195594776,111383183405567
5,5325,70.0,1789195594776,111383183405567
6,5325,10.0,1789195594776,111383183405567
7,5325,71.4,1789195594776,111383183405567
0,5426,0.0,1789195594877,111383185816398
1,5426,60.0,1789195594877,111383185816398
2,5426,0.0,1789195594877,111383185816398
3,5426,25.0,1789195594877,111383185816398
4,5426,0.0,1789195594877,111383185816398
5,5426,57.1,1789195594877,111383185816398
6,5426,10.0,1789195594877,111383185816398
7,5426,75.0,1789195594877,111383185816398
0,5526,0.0,1789195594977,111383188227347
1,5526,62.5,1789195594977,111383188227347
2,5526,0.0,1789195594977,111383188227347
3,5526,12.5,1789195594977,111383188227347
4,5526,0.0,1789195594977,111383188227347
5,5526,66.7,1789195594977,111383188227347
6,5526,18.2,1789195594977,111383188227347
7,5526,81.8,1789195594977,111383188227347
0,5626,0.0,1789195595077,111383190639561
1,5626,55.6,1789195595077,111383190639561
2,5626,0.0,1789195595077,111383190639561
3,5626,25.0,1789195595077,111383190639561
4,5626,0.0,1789195595077,111383190639561
5,5626,62.5,1789195595077,111383190639561
6,5626,10.0,1789195595077,111383190639561
7,5626,88.9,1789195595077,111383190639561
0,5727,0.0,1789195595178,111383193051220
1,5727,66.7,1789195595178,111383193051220
2,5727,0.0,1789195595178,111383193051220
3,5727,30.0,1789195595178,111383193051220
4,5727,0.0,1789195595178,111383193051220
5,5727,66.7,1789195595178,111383193051220
6,5727,11.1,1789195595178,111383193051220
7,5727,77.8,1789195595178,111383193051220
0,5827,0.0,1789195595278,111383195462269
1,5827,55.6,1789195595278,111383195462269
2,5827,0.0,1789195595278,111383195462269
3,5827,14.3,1789195595278,111383195462269
4,5827,0.0,1789195595278,111383195462269
5,5827,66.7,1789195595278,111383195462269
6,5827,18.2,1789195595278,111383195462269
7,5827,80.0,1789195595278,111383195462269
0,5928,0.0,1789195595379,111383197874684
1,5928,66.7,1789195595379,111383197874684
2,5928,0.0,1789195595379,111383197874684
3,5928,30.0,1789195595379,111383197874684
4,5928,0.0,1789195595379,111383197874684
5,5928,66.7,1789195595379,111383197874684
6,5928,10.0,1789195595379,111383197874684
7,5928,77.8,1789195595379,111383197874684
0,6028,9.1,1789195595479,111383200285957
1,6028,63.6,1789195595479,111383200285957
2,6028,0.0,1789195595479,111383200285957
3,6028,45.5,1789195595479,111383200285957
4,6028,0.0,1789195595479,111383200285957
5,6028,60.0,1789195595479,111383200285957
6,6028,0.0,1789195595479,111383200285957
7,6028,75.0,1789195595479,111383200285957
0,6129,0.0,1789195595580,111383202697073
1,6129,66.7,1789195595580,111383202697073
2,6129,9.1,1789195595580,111383202697073
3,6129,22.2,1789195595580,111383202697073
4,6129,0.0,1789195595580,111383202697073
5,6129,70.0,1789195595580,111383202697073
6,6129,25.0,1789195595580,111383202697073
7,6129,77.8,1789195595580,111383202697073
0,6229,0.0,1789195595680,111383205108121
1,6229,55.6,1789195595680,111383205108121
2,6229,0.0,1789195595680,111383205108121
3,6229,25.0,1789195595680,111383205108121
4,6229,0.0,1789195595680,111383205108121
5,6229,70.0,1789195595680,111383205108121
6,6229,0.0,1789195595680,111383205108121
7,6229,80.0,1789195595680,111383205108121
0,6330,0.0,1789195595781,111383207519604
1,6330,70.0,1789195595781,111383207519604
2,6330,0.0,1789195595781,111383207519604
3,6330,33.3,1789195595781,111383207519604
4,6330,0.0,1789195595781,111383207519604
5,6330,72.7,1789195595781,111383207519604
6,6330,10.0,1789195595781,111383207519604
7,6330,88.9,1789195595781,111383207519604
0,6430,0.0,1789195595881,111383209930479
1,6430,63.6,1789195595881,111383209930479
2,6430,0.0,1789195595881,111383209930479
3,6430,30.0,1789195595881,111383209930479
4,6430,0.0,1789195595881,111383209930479
5,6430,57.1,1789195595881,111383209930479
6,6430,10.0,1789195595881,111383209930479
7,6430,75.0,1789195595881,111383209930479
0,6531,0.0,1789195595982,111383212342160
1,6531,66.7,1789195595982,111383212342160
2,6531,0.0,1789195595982,111383212342160
3,6531,40.0,1789195595982,111383212342160
4,6531,0.0,1789195595982,111383212342160
5,6531,70.0,1789195595982,111383212342160
6,6531,10.0,1789195595982,111383212342160
7,6531,80.0,1789195595982,111383212342160
0,6631,0.0,1789195596082,111383214755025
1,6631,63.6,1789195596082,111383214755025
2,6631,0.0,1789195596082,111383214755025
3,6631,9.1,1789195596082,111383214755025
4,6631,50.0,1789195596082,111383214755025
5,6631,72.7,1789195596082,111383214755025
6,6631,11.1,1789195596082,111383214755025
7,6631,100.0,1789195596082,111383214755025
0,6732,0.0,1789195596183,111383217167056
1,6732,40.0,1789195596183,111383217167056
2,6732,0.0,1789195596183,111383217167056
3,6732,0.0,1789195596183,111383217167056
4,6732,62.5,1789195596183,111383217167056
5,6732,70.0,1789195596183,111383217167056
6,6732,10.0,1789195596183,111383217167056
7,6732,100.0,1789195596183,111383217167056
0,6832,9.1,1789195596283,111383219580450
1,6832,40.0,1789195596283,111383219580450
2,6832,0.0,1789195596283,111383219580450
3,6832,0.0,1789195596283,111383219580450
4,6832,57.1,1789195596283,111383219580450
5,6832,70.0,1789195596283,111383219580450
6,6832,10.0,1789195596283,111383219580450
7,6832,90.0,1789195596283,111383219580450
0,6933,0.0,1789195596384,111383221993354
1,6933,44.4,1789195596384,111383221993354
2,6933,0.0,1789195596384,111383221993354
3,6933,0.0,1789195596384,111383221993354
4,6933,70.0,1789195596384,111383221993354
5,6933,70.0,1789195596384,111383221993354
6,6933,10.0,1789195596384,111383221993354
7,6933,100.0,1789195596384,111383221993354
0,7033,0.0,1789195596484,111383224405641
1,7033,40.0,1789195596484,111383224405641
2,7033,0.0,1789195596484,111383224405641
3,7033,0.0,1789195596484,111383224405641
4,7033,70.0,1789195596484,111383224405641
5,7033,63.6,1789195596484,111383224405641
6,7033,11.1,1789195596484,111383224405641
7,7033,90.0,1789195596484,111383224405641
0,7134,0.0,1789195596585,111383226817596
1,7134,33.3,1789195596585,111383226817596
2,7134,0.0,1789195596585,111383226817596
3,7134,0.0,1789195596585,111383226817596
4,7134,66.7,1789195596585,111383226817596
5,7134,62.5,1789195596585,111383226817596
6,7134,18.2,1789195596585,111383226817596
7,7134,88.9,1789195596585,111383226817596
0,7234,0.0,1789195596685,111383229229330
1,7234,28.6,1789195596685,111383229229330
2,7234,0.0,1789195596685,111383229229330
3,7234,0.0,1789195596685,111383229229330
4,7234,62.5,1789195596685,111383229229330
5,7234,70.0,1789195596685,111383229229330
6,7234,18.2,1789195596685,111383229229330
7,7234,88.9,1789195596685,111383229229330
0,7335,0.0,1789195596786,111383231639863
1,7335,40.0,1789195596786,111383231639863
2,7335,0.0,1789195596786,111383231639863
3,7335,0.0,1789195596786,111383231639863
4,7335,62.5,1789195596786,111383231639863
5,7335,72.7,1789195596786,111383231639863
6,7335,10.0,1789195596786,111383231639863
7,7335,100.0,1789195596786,111383231639863
0,7435,0.0,1789195596886,111383234050734
1,7435,37.5,1789195596886,111383234050734
2,7435,0.0,1789195596886,111383234050734
3,7435,0.0,1789195596886,111383234050734
4,7435,63.6,1789195596886,111383234050734
5,7435,60.0,1789195596886,111383234050734
6,7435,11.1,1789195596886,111383234050734
7,7435,88.9,1789195596886,111383234050734
0,7536,0.0,1789195596987,111383236462696
1,7536,25.0,1789195596987,111383236462696
2,7536,9.1,1789195596987,111383236462696
3,7536,0.0,1789195596987,111383236462696
4,7536,57.1,1789195596987,111383236462696
5,7536,70.0,1789195596987,111383236462696
6,7536,10.0,1789195596987,111383236462696
7,7536,88.9,1789195596987,111383236462696
0,7636,0.0,1789195597087,111383238875868
1,7636,25.0,1789195597087,111383238875868
2,7636,0.0,1789195597087,111383238875868
3,7636,0.0,1789195597087,111383238875868
4,7636,72.7,1789195597087,111383238875868
5,7636,70.0,1789195597087,111383238875868
6,7636,18.2,1789195597087,111383238875868
7,7636,90.0,1789195597087,111383238875868
0,7737,0.0,1789195597188,111383241286828
1,7737,54.5,1789195597188,111383241286828
2,7737,0.0,1789195597188,111383241286828
3,7737,0.0,1789195597188,111383241286828
4,7737,57.1,1789195597188,111383241286828
5,7737,70.0,1789195597188,111383241286828
6,7737,10.0,1789195597188,111383241286828
7,7737,90.0,1789195597188,111383241286828
0,7837,0.0,1789195597288,111383243697685
1,7837,33.3,1789195597288,111383243697685
2,7837,0.0,1789195597288,111383243697685
3,7837,0.0,1789195597288,111383243697685
4,7837,66.7,1789195597288,111383243697685
5,7837,70.0,1789195597288,111383243697685
6,7837,20.0,1789195597288,111383243697685
7,7837,100.0,1789195597288,111383243697685
0,7938,0.0,1789195597389,111383246109100
1,7938,50.0,1789195597389,111383246109100
2,7938,0.0,1789195597389,111383246109100
3,7938,0.0,1789195597389,111383246109100
4,7938,62.5,1789195597389,111383246109100
5,7938,70.0,1789195597389,111383246109100
6,7938,10.0,1789195597389,111383246109100
7,7938,90.9,1789195597389,111383246109100
0,8038,0.0,1789195597489,111383248519787
1,8038,33.3,1789195597489,111383248519787
2,8038,0.0,1789195597489,111383248519787
3,8038,0.0,1789195597489,111383248519787
4,8038,66.7,1789195597489,111383248519787
5,8038,66.7,1789195597489,111383248519787
6,8038,18.2,1789195597489,111383248519787
7,8038,90.0,1789195597489,111383248519787
0,8139,0.0,1789195597590,111383250930830
1,8139,40.0,1789195597590,111383250930830
2,8139,0.0,1789195597590,111383250930830
3,8139,0.0,1789195597590,111383250930830
4,8139,66.7,1789195597590,111383250930830
5,8139,62.5,1789195597590,111383250930830
6,8139,0.0,1789195597590,111383250930830
7,8139,100.0,1789195597590,111383250930830
0,8239,0.0,1789195597690,111383253341743
1,8239,50.0,1789195597690,111383253341743
2,8239,0.0,1789195597690,111383253341743
3,8239,0.0,1789195597690,111383253341743
4,8239,72.7,1789195597690,111383253341743
5,8239,62.5,1789195597690,111383253341743
6,8239,20.0,1789195597690,111383253341743
7,8239,85.7,1789195597690,111383253341743
0,8340,0.0,1789195597791,111383255753264
1,8340,14.3,1789195597791,111383255753264
2,8340,0.0,1789195597791,111383255753264
3,8340,0.0,1789195597791,111383255753264
4,8340,62.5,1789195597791,111383255753264
5,8340,75.0,1789195597791,111383255753264
6,8340,10.0,1789195597791,111383255753264
7,8340,90.0,1789195597791,111383255753264
0,8440,0.0,1789195597891,111383258165100
1,8440,37.5,1789195597891,111383258165100
2,8440,0.0,1789195597891,111383258165100
3,8440,0.0,1789195597891,111383258165100
4,8440,66.7,1789195597891,111383258165100
5,8440,66.7,1789195597891,111383258165100
6,8440,20.0,1789195597891,111383258165100
7,8440,90.0,1789195597891,111383258165100
0,8541,9.1,1789195597992,111383260575668
1,8541,45.5,1789195597992,111383260575668
2,8541,0.0,1789195597992,111383260575668
3,8541,0.0,1789195597992,111383260575668
4,8541,66.7,1789195597992,111383260575668
5,8541,72.7,1789195597992,111383260575668
6,8541,18.2,1789195597992,111383260575668
7,8541,88.9,1789195597992,111383260575668
0,8641,0.0,1789195598092,111383262986330
1,8641,25.0,1789195598092,111383262986330
2,8641,0.0,1789195598092,111383262986330
3,8641,0.0,1789195598092,111383262986330
4,8641,57.1,1789195598092,111383262986330
5,8641,69.2,1789195598092,111383262986330
6,8641,0.0,1789195598092,111383262986330
7,8641,100.0,1789195598092,111383262986330
0,8741,0.0,1789195598192,111383265397063
1,8741,28.6,1789195598192,111383265397063
2,8741,0.0,1789195598192,111383265397063
3,8741,0.0,1789195598192,111383265397063
4,8741,75.0,1789195598192,111383265397063
5,8741,62.5,1789195598192,111383265397063
6,8741,10.0,1789195598192,111383265397063
7,8741,90.0,1789195598192,111383265397063
0,8842,0.0,1789195598293,111383267808870
1,8842,33.3,1789195598293,111383267808870
2,8842,0.0,1789195598293,111383267808870
3,8842,0.0,1789195598293,111383267808870
4,8842,72.7,1789195598293,111383267808870
5,8842,50.0,1789195598293,111383267808870
6,8842,20.0,1789195598293,111383267808870
7,8842,88.9,1789195598293,111383267808870
0,8942,0.0,1789195598393,111383270220077
1,8942,37.5,1789195598393,111383270220077
2,8942,0.0,1789195598393,111383270220077
3,8942,0.0,1789195598393,111383270220077
4,8942,72.7,1789195598393,111383270220077
5,8942,66.7,1789195598393,111383270220077
6,8942,10.0,1789195598393,111383270220077
7,8942,100.0,1789195598393,111383270220077
0,9043,0.0,1789195598494,111383272631204
1,9043,40.0,1789195598494,111383272631204
2,9043,0.0,1789195598494,111383272631204
3,9043,0.0,1789195598494,111383272631204
4,9043,66.7,1789195598494,111383272631204
5,9043,66.7,1789195598494,111383272631204
6,9043,11.1,1789195598494,111383272631204
7,9043,88.9,1789195598494,111383272631204
0,9143,0.0,1789195598594,111383275042009
1,9143,25.0,1789195598594,111383275042009
2,9143,0.0,1789195598594,111383275042009
3,9143,0.0,1789195598594,111383275042009
4,9143,66.7,1789195598594,111383275042009
5,9143,60.0,1789195598594,111383275042009
6,9143,10.0,1789195598594,111383275042009
7,9143,90.0,1789195598594,111383275042009
0,9244,0.0,1789195598695,111383277452660
1,9244,37.5,1789195598695,111383277452660
2,9244,0.0,1789195598695,111383277452660
3,9244,0.0,1789195598695,111383277452660
4,9244,70.0,1789195598695,111383277452660
5,9244,70.0,1789195598695,111383277452660
6,9244,10.0,1789195598695,111383277452660
7,9244,90.9,1789195598695,111383277452660
0,9344,0.0,1789195598795,111383279863011
1,9344,33.3,1789195598795,111383279863011
2,9344,0.0,1789195598795,111383279863011
3,9344,0.0,1789195598795,111383279863011
4,9344,70.0,1789195598795,111383279863011
5,9344,57.1,1789195598795,111383279863011
6,9344,18.2,1789195598795,111383279863011
7,9344,100.0,1789195598795,111383279863011
0,9445,0.0,1789195598896,111383282273609
1,9445,44.4,1789195598896,111383282273609
2,9445,0.0,1789195598896,111383282273609
3,9445,0.0,1789195598896,111383282273609
4,9445,66.7,1789195598896,111383282273609
5,9445,66.7,1789195598896,111383282273609
6,9445,11.1,1789195598896,111383282273609
7,9445,85.7,1789195598896,111383282273609
0,9545,0.0,1789195598996,111383284685601
1,9545,45.5,1789195598996,111383284685601
2,9545,0.0,1789195598996,111383284685601
3,9545,0.0,1789195598996,111383284685601
4,9545,70.0,1789195598996,111383284685601
5,9545,62.5,1789195598996,111383284685601
6,9545,10.0,1789195598996,111383284685601
7,9545,90.9,1789195598996,111383284685601
0,9646,0.0,1789195599097,111383287097246
1,9646,33.3,1789195599097,111383287097246
2,9646,0.0,1789195599097,111383287097246
3,9646,0.0,1789195599097,111383287097246
4,9646,72.7,1789195599097,111383287097246
5,9646,50.0,1789195599097,111383287097246
6,9646,20.0,1789195599097,111383287097246
7,9646,88.9,1789195599097,111383287097246
0,9746,0.0,1789195599197,111383289507984
1,9746,50.0,1789195599197,111383289507984
2,9746,0.0,1789195599197,111383289507984
3,9746,0.0,1789195599197,111383289507984
4,9746,66.7,1789195599197,111383289507984
5,9746,70.0,1789195599197,111383289507984
6,9746,10.0,1789195599197,111383289507984
7,9746,85.7,1789195599197,111383289507984
0,9847,0.0,1789195599298,111383291918749
1,9847,40.0,1789195599298,111383291918749
2,9847,0.0,1789195599298,111383291918749
3,9847,0.0,1789195599298,111383291918749
4,9847,70.0,1789195599298,111383291918749
5,9847,57.1,1789195599298,111383291918749
6,9847,18.2,1789195599298,111383291918749
7,9847,100.0,1789195599298,111383291918749
0,9947,0.0,1789195599398,111383294329953
1,9947,37.5,1789195599398,111383294329953
2,9947,0.0,1789195599398,111383294329953
3,9947,0.0,1789195599398,111383294329953
4,9947,66.7,1789195599398,111383294329953
5,9947,70.0,1789195599398,111383294329953
6,9947,10.0,1789195599398,111383294329953
7,9947,87.5,1789195599398,111383294329953
0,10047,0.0,1789195599498,111383296742280
1,10047,45.5,1789195599498,111383296742280
2,10047,0.0,1789195599498,111383296742280
3,10047,0.0,1789195599498,111383296742280
4,10047,63.6,1789195599498,111383296742280
5,10047,62.5,1789195599498,111383296742280
6,10047,20.0,1789195599498,111383296742280
7,10047,88.9,1789195599498,111383296742280
0,10148,0.0,1789195599599,111383299154754
1,10148,33.3,1789195599599,111383299154754
2,10148,0.0,1789195599599,111383299154754
3,10148,0.0,1789195599599,111383299154754
4,10148,66.7,1789195599599,111383299154754
5,10148,63.6,1789195599599,111383299154754
6,10148,10.0,1789195599599,111383299154754
7,10148,88.9,1789195599599,111383299154754
0,10248,9.1,1789195599699,111383301565423
1,10248,28.6,1789195599699,111383301565423
2,10248,0.0,1789195599699,111383301565423
3,10248,0.0,1789195599699,111383301565423
4,10248,72.7,1789195599699,111383301565423
5,10248,62.5,1789195599699,111383301565423
6,10248,10.0,1789195599699,111383301565423
7,10248,100.0,1789195599699,111383301565423
0,10349,0.0,1789195599800,111383303976460
1,10349,40.0,1789195599800,111383303976460
2,10349,0.0,1789195599800,111383303976460
3,10349,0.0,1789195599800,111383303976460
4,10349,72.7,1789195599800,111383303976460
5,10349,70.0,1789195599800,111383303976460
6,10349,10.0,1789195599800,111383303976460
7,10349,88.9,1789195599800,111383303976460
0,10449,0.0,1789195599900,111383306387597
1,10449,28.6,1789195599900,111383306387597
2,10449,0.0,1789195599900,111383306387597
3,10449,0.0,1789195599900,111383306387597
4,10449,62.5,1789195599900,111383306387597
5,10449,72.7,1789195599900,111383306387597
6,10449,11.1,1789195599900,111383306387597
7,10449,90.9,1789195599900,111383306387597
0,10550,0.0,1789195600001,111383308798197
1,10550,40.0,1789195600001,111383308798197
2,10550,0.0,1789195600001,111383308798197
3,10550,0.0,1789195600001,111383308798197
4,10550,62.5,1789195600001,111383308798197
5,10550,72.7,1789195600001,111383308798197
6,10550,10.0,1789195600001,111383308798197
7,10550,88.9,1789195600001,111383308798197
0,10650,0.0,1789195600101,111383311209260
1,10650,14.3,1789195600101,111383311209260
2,10650,0.0,1789195600101,111383311209260
3,10650,0.0,1789195600101,111383311209260
4,10650,70.0,1789195600101,111383311209260
5,10650,42.9,1789195600101,111383311209260
6,10650,18.2,1789195600101,111383311209260
7,10650,100.0,1789195600101,111383311209260
0,10751,0.0,1789195600202,111383313620449
1,10751,37.5,1789195600202,111383313620449
2,10751,0.0,1789195600202,111383313620449
3,10751,0.0,1789195600202,111383313620449
4,10751,66.7,1789195600202,111383313620449
5,10751,72.7,1789195600202,111383313620449
6,10751,11.1,1789195600202,111383313620449
7,10751,90.0,1789195600202,111383313620449
0,10851,0.0,1789195600302,111383316031559
1,10851,33.3,1789195600302,111383316031559
2,10851,0.0,1789195600302,111383316031559
3,10851,0.0,1789195600302,111383316031559
4,10851,55.6,1789195600302,111383316031559
5,10851,72.7,1789195600302,111383316031559
6,10851,25.0,1789195600302,111383316031559
7,10851,88.9,1789195600302,111383316031559
0,10952,0.0,1789195600403,111383318442205
1,10952,44.4,1789195600403,111383318442205
2,10952,0.0,1789195600403,111383318442205
3,10952,0.0,1789195600403,111383318442205
4,10952,62.5,1789195600403,111383318442205
5,10952,62.5,1789195600403,111383318442205
6,10952,0.0,1789195600403,111383318442205
7,10952,88.9,1789195600403,111383318442205
0,11052,0.0,1789195600503,111383320853427
1,11052,45.5,1789195600503,111383320853427
2,11052,0.0,1789195600503,111383320853427
3,11052,0.0,1789195600503,111383320853427
4,11052,70.0,1789195600503,111383320853427
5,11052,72.7,1789195600503,111383320853427
6,11052,10.0,1789195600503,111383320853427
7,11052,100.0,1789195600503,111383320853427
0,11153,0.0,1789195600604,111383323264291
1,11153,28.6,1789195600604,111383323264291
2,11153,0.0,1789195600604,111383323264291
3,11153,0.0,1789195600604,111383323264291
4,11153,57.1,1789195600604,111383323264291
5,11153,72.7,1789195600604,111383323264291
6,11153,18.2,1789195600604,111383323264291
7,11153,88.9,1789195600604,111383323264291
0,11253,0.0,1789195600704,111383325676295
1,11253,40.0,1789195600704,111383325676295
2,11253,0.0,1789195600704,111383325676295
3,11253,0.0,1789195600704,111383325676295
4,11253,72.7,1789195600704,111383325676295
5,11253,60.0,1789195600704,111383325676295
6,11253,11.1,1789195600704,111383325676295
7,11253,87.5,1789195600704,111383325676295
0,11354,0.0,1789195600805,111383328087148
1,11354,40.0,1789195600805,111383328087148
2,11354,0.0,1789195600805,111383328087148
3,11354,0.0,1789195600805,111383328087148
4,11354,72.7,1789195600805,111383328087148
5,11354,50.0,1789195600805,111383328087148
6,11354,18.2,1789195600805,111383328087148
7,11354,88.9,1789195600805,111383328087148
0,11454,0.0,1789195600905,111383330497971
1,11454,44.4,1789195600905,111383330497971
2,11454,0.0,1789195600905,111383330497971
3,11454,0.0,1789195600905,111383330497971
4,11454,70.0,1789195600905,111383330497971
5,11454,66.7,1789195600905,111383330497971
6,11454,0.0,1789195600905,111383330497971
7,11454,88.9,1789195600905,111383330497971
0,11554,0.0,1789195601005,111383332908544
1,11554,40.0,1789195601005,111383332908544
2,11554,0.0,1789195601005,111383332908544
3,11554,0.0,1789195601005,111383332908544
4,11554,70.0,1789195601005,111383332908544
5,11554,75.0,1789195601005,111383332908544
6,11554,18.2,1789195601005,111383332908544
7,11554,100.0,1789195601005,111383332908544
0,11655,0.0,1789195601106,111383335319360
1,11655,50.0,1789195601106,111383335319360
2,11655,0.0,1789195601106,111383335319360
3,11655,0.0,1789195601106,111383335319360
4,11655,63.6,1789195601106,111383335319360
5,11655,70.0,1789195601106,111383335319360
6,11655,10.0,1789195601106,111383335319360
7,11655,90.9,1789195601106,111383335319360
0,11755,0.0,1789195601206,111383337730154
1,11755,28.6,1789195601206,111383337730154
2,11755,0.0,1789195601206,111383337730154
3,11755,0.0,1789195601206,111383337730154
4,11755,62.5,1789195601206,111383337730154
5,11755,63.6,1789195601206,111383337730154
6,11755,10.0,1789195601206,111383337730154
7,11755,90.0,1789195601206,111383337730154
0,11856,0.0,1789195601307,111383340141448
1,11856,33.3,1789195601307,111383340141448
2,11856,0.0,1789195601307,111383340141448
3,11856,0.0,1789195601307,111383340141448
4,11856,76.9,1789195601307,111383340141448
5,11856,62.5,1789195601307,111383340141448
6,11856,10.0,1789195601307,111383340141448
7,11856,90.9,1789195601307,111383340141448
0,11956,10.0,1789195601407,111383342554241
1,11956,33.3,1789195601407,111383342554241
2,11956,0.0,1789195601407,111383342554241
3,11956,0.0,1789195601407,111383342554241
4,11956,70.0,1789195601407,111383342554241
5,11956,70.0,1789195601407,111383342554241
6,11956,20.0,1789195601407,111383342554241
7,11956,100.0,1789195601407,111383342554241
0,12057,0.0,1789195601508,111383344965585
1,12057,44.4,1789195601508,111383344965585
2,12057,0.0,1789195601508,111383344965585
3,12057,0.0,1789195601508,111383344965585
4,12057,72.7,1789195601508,111383344965585
5,12057,62.5,1789195601508,111383344965585
6,12057,11.1,1789195601508,111383344965585
7,12057,90.0,1789195601508,111383344965585
0,12157,0.0,1789195601608,111383347376268
1,12157,45.5,1789195601608,111383347376268
2,12157,9.1,1789195601608,111383347376268
3,12157,0.0,1789195601608,111383347376268
4,12157,70.0,1789195601608,111383347376268
5,12157,66.7,1789195601608,111383347376268
6,12157,18.2,1789195601608,111383347376268
7,12157,90.0,1789195601608,111383347376268
0,12258,0.0,1789195601709,111383349786818
1,12258,37.5,1789195601709,111383349786818
2,12258,0.0,1789195601709,111383349786818
3,12258,0.0,1789195601709,111383349786818
4,12258,66.7,1789195601709,111383349786818
5,12258,72.7,1789195601709,111383349786818
6,12258,10.0,1789195601709,111383349786818
7,12258,88.9,1789195601709,111383349786818
0,12358,0.0,1789195601809,111383352197577
1,12358,40.0,1789195601809,111383352197577
2,12358,0.0,1789195601809,111383352197577
3,12358,0.0,1789195601809,111383352197577
4,12358,60.0,1789195601809,111383352197577
5,12358,63.6,1789195601809,111383352197577
6,12358,10.0,1789195601809,111383352197577
7,12358,90.0,1789195601809,111383352197577
0,12459,0.0,1789195601910,111383354609209
1,12459,50.0,1789195601910,111383354609209
2,12459,0.0,1789195601910,111383354609209
3,12459,0.0,1789195601910,111383354609209
4,12459,50.0,1789195601910,111383354609209
5,12459,75.0,1789195601910,111383354609209
6,12459,18.2,1789195601910,111383354609209
7,12459,100.0,1789195601910,111383354609209
0,12559,0.0,1789195602010,111383357021104
1,12559,37.5,1789195602010,111383357021104
2,12559,0.0,1789195602010,111383357021104
3,12559,0.0,1789195602010,111383357021104
4,12559,62.5,1789195602010,111383357021104
5,12559,75.0,1789195602010,111383357021104
6,12559,11.1,1789195602010,111383357021104
7,12559,90.0,1789195602010,111383357021104
0,12660,0.0,1789195602111,111383359433049
1,12660,44.4,1789195602111,111383359433049
2,12660,0.0,1789195602111,111383359433049
3,12660,0.0,1789195602111,111383359433049
4,12660,72.7,1789195602111,111383359433049
5,12660,66.7,1789195602111,111383359433049
6,12660,20.0,1789195602111,111383359433049
7,12660,100.0,1789195602111,111383359433049
0,12760,11.1,1789195602211,111383361846564
1,12760,54.5,1789195602211,111383361846564
2,12760,0.0,1789195602211,111383361846564
3,12760,0.0,1789195602211,111383361846564
4,12760,72.7,1789195602211,111383361846564
5,12760,70.0,1789195602211,111383361846564
6,12760,0.0,1789195602211,111383361846564
7,12760,27.3,1789195602211,111383361846564
0,12861,11.1,1789195602312,111383364258856
1,12861,20.0,1789195602312,111383364258856
2,12861,0.0,1789195602312,111383364258856
3,12861,0.0,1789195602312,111383364258856
4,12861,66.7,1789195602312,111383364258856
5,12861,70.0,1789195602312,111383364258856
6,12861,22.2,1789195602312,111383364258856
7,12861,55.6,1789195602312,111383364258856
0,12961,0.0,1789195602412,111383366670653
1,12961,0.0,1789195602412,111383366670653
2,12961,0.0,1789195602412,111383366670653
3,12961,0.0,1789195602412,111383366670653
4,12961,70.0,1789195602412,111383366670653
5,12961,60.0,1789195602412,111383366670653
6,12961,60.0,1789195602412,111383366670653
7,12961,100.0,1789195602412,111383366670653
0,13062,0.0,1789195602513,111383369082195
1,13062,0.0,1789195602513,111383369082195
2,13062,0.0,1789195602513,111383369082195
3,13062,0.0,1789195602513,111383369082195
4,13062,70.0,1789195602513,111383369082195
5,13062,62.5,1789195602513,111383369082195
6,13062,44.4,1789195602513,111383369082195
7,13062,100.0,1789195602513,111383369082195
0,13162,0.0,1789195602613,111383371493405
1,13162,27.3,1789195602613,111383371493405
2,13162,0.0,1789195602613,111383371493405
3,13162,0.0,1789195602613,111383371493405
4,13162,60.0,1789195602613,111383371493405
5,13162,70.0,1789195602613,111383371493405
6,13162,20.0,1789195602613,111383371493405
7,13162,81.8,1789195602613,111383371493405
0,13263,0.0,1789195602714,111383373905117
1,13263,62.5,1789195602714,111383373905117
2,13263,0.0,1789195602714,111383373905117
3,13263,0.0,1789195602714,111383373905117
4,13263,66.7,1789195602714,111383373905117
5,13263,33.3,1789195602714,111383373905117
6,13263,0.0,1789195602714,111383373905117
7,13263,87.5,1789195602714,111383373905117
0,13363,0.0,1789195602814,111383376316207
1,13363,70.0,1789195602814,111383376316207
2,13363,0.0,1789195602814,111383376316207
3,13363,0.0,1789195602814,111383376316207
4,13363,62.5,1789195602814,111383376316207
5,13363,30.0,1789195602814,111383376316207
6,13363,20.0,1789195602814,111383376316207
7,13363,80.0,1789195602814,111383376316207
0,13464,0.0,1789195602915,111383378727076
1,13464,66.7,1789195602915,111383378727076
2,13464,0.0,1789195602915,111383378727076
3,13464,0.0,1789195602915,111383378727076
4,13464,63.6,1789195602915,111383378727076
5,13464,33.3,1789195602915,111383378727076
6,13464,18.2,1789195602915,111383378727076
7,13464,80.0,1789195602915,111383378727076
0,13564,0.0,1789195603015,111383381138881
1,13564,60.0,1789195603015,111383381138881
2,13564,0.0,1789195603015,111383381138881
3,13564,0.0,1789195603015,111383381138881
4,13564,70.0,1789195603015,111383381138881
5,13564,40.0,1789195603015,111383381138881
6,13564,10.0,1789195603015,111383381138881
7,13564,80.0,1789195603015,111383381138881
0,13665,0.0,1789195603116,111383383550758
1,13665,62.5,1789195603116,111383383550758
2,13665,0.0,1789195603116,111383383550758
3,13665,0.0,1789195603116,111383383550758
4,13665,60.0,1789195603116,111383383550758
5,13665,33.3,1789195603116,111383383550758
6,13665,18.2,1789195603116,111383383550758
7,13665,75.0,1789195603116,111383383550758
0,13765,0.0,1789195603216,111383385961711
1,13765,62.5,1789195603216,111383385961711
2,13765,0.0,1789195603216,111383385961711
3,13765,0.0,1789195603216,111383385961711
4,13765,72.7,1789195603216,111383385961711
5,13765,22.2,1789195603216,111383385961711
6,13765,20.0,1789195603216,111383385961711
7,13765,88.9,1789195603216,111383385961711
0,13865,0.0,1789195603316,111383388372570
1,13865,66.7,1789195603316,111383388372570
2,13865,0.0,1789195603316,111383388372570
3,13865,0.0,1789195603316,111383388372570
4,13865,60.0,1789195603316,111383388372570
5,13865,33.3,1789195603316,111383388372570
6,13865,10.0,1789195603316,111383388372570
7,13865,75.0,1789195603316,111383388372570
0,13966,0.0,1789195603417,111383390783966
1,13966,66.7,1789195603417,111383390783966
2,13966,0.0,1789195603417,111383390783966
3,13966,0.0,1789195603417,111383390783966
4,13966,72.7,1789195603417,111383390783966
5,13966,25.0,1789195603417,111383390783966
6,13966,18.2,1789195603417,111383390783966
7,13966,81.8,1789195603417,111383390783966
0,14066,0.0,1789195603517,111383393195318
1,14066,60.0,1789195603517,111383393195318
2,14066,0.0,1789195603517,111383393195318
3,14066,0.0,1789195603517,111383393195318
4,14066,60.0,1789195603517,111383393195318
5,14066,25.0,1789195603517,111383393195318
6,14066,0.0,1789195603517,111383393195318
7,14066,90.9,1789195603517,111383393195318
0,14167,0.0,1789195603618,111383395606279
1,14167,72.7,1789195603618,111383395606279
2,14167,0.0,1789195603618,111383395606279
3,14167,0.0,1789195603618,111383395606279
4,14167,70.0,1789195603618,111383395606279
5,14167,45.5,1789195603618,111383395606279
6,14167,18.2,1789195603618,111383395606279
7,14167,100.0,1789195603618,111383395606279
0,14267,0.0,1789195603718,111383398017451
1,14267,66.7,1789195603718,111383398017451
2,14267,0.0,1789195603718,111383398017451
3,14267,0.0,1789195603718,111383398017451
4,14267,66.7,1789195603718,111383398017451
5,14267,22.2,1789195603718,111383398017451
6,14267,10.0,1789195603718,111383398017451
7,14267,100.0,1789195603718,111383398017451
0,14368,0.0,1789195603819,111383400428368
1,14368,60.0,1789195603819,111383400428368
2,14368,0.0,1789195603819,111383400428368
3,14368,0.0,1789195603819,111383400428368
4,14368,66.7,1789195603819,111383400428368
5,14368,33.3,1789195603819,111383400428368
6,14368,20.0,1789195603819,111383400428368
7,14368,100.0,1789195603819,111383400428368
0,14468,9.1,1789195603919,111383402840549
1,14468,70.0,1789195603919,111383402840549
2,14468,0.0,1789195603919,111383402840549
3,14468,0.0,1789195603919,111383402840549
4,14468,70.0,1789195603919,111383402840549
5,14468,40.0,1789195603919,111383402840549
6,14468,0.0,1789195603919,111383402840549
7,14468,100.0,1789195603919,111383402840549
0,14569,0.0,1789195604020,111383405251422
1,14569,70.0,1789195604020,111383405251422
2,14569,0.0,1789195604020,111383405251422
3,14569,0.0,1789195604020,111383405251422
4,14569,66.7,1789195604020,111383405251422
5,14569,40.0,1789195604020,111383405251422
6,14569,0.0,1789195604020,111383405251422
7,14569,100.0,1789195604020,111383405251422
0,14669,0.0,1789195604120,111383407662368
1,14669,60.0,1789195604120,111383407662368
2,14669,0.0,1789195604120,111383407662368
3,14669,0.0,1789195604120,111383407662368
4,14669,66.7,1789195604120,111383407662368
5,14669,25.0,1789195604120,111383407662368
6,14669,18.2,1789195604120,111383407662368
7,14669,100.0,1789195604120,111383407662368
0,14770,0.0,1789195604221,111383410073245
1,14770,62.5,1789195604221,111383410073245
2,14770,0.0,1789195604221,111383410073245
3,14770,0.0,1789195604221,111383410073245
4,14770,66.7,1789195604221,111383410073245
5,14770,41.7,1789195604221,111383410073245
6,14770,10.0,1789195604221,111383410073245
7,14770,100.0,1789195604221,111383410073245
0,14870,0.0,1789195604321,111383412484872
1,14870,66.7,1789195604321,111383412484872
2,14870,0.0,1789195604321,111383412484872
3,14870,0.0,1789195604321,111383412484872
4,14870,66.7,1789195604321,111383412484872
5,14870,14.3,1789195604321,111383412484872
6,14870,10.0,1789195604321,111383412484872
7,14870,100.0,1789195604321,111383412484872
0,14971,0.0,1789195604422,111383414895841
1,14971,63.6,1789195604422,111383414895841
2,14971,0.0,1789195604422,111383414895841
3,14971,0.0,1789195604422,111383414895841
4,14971,66.7,1789195604422,111383414895841
5,14971,40.0,1789195604422,111383414895841
6,14971,10.0,1789195604422,111383414895841
7,14971,100.0,1789195604422,111383414895841
0,15071,0.0,1789195604522,111383417307121
1,15071,72.7,1789195604522,111383417307121
2,15071,0.0,1789195604522,111383417307121
3,15071,0.0,1789195604522,111383417307121
4,15071,60.0,1789195604522,111383417307121
5,15071,40.0,1789195604522,111383417307121
6,15071,0.0,1789195604522,111383417307121
7,15071,100.0,1789195604522,111383417307121
0,15172,0.0,1789195604623,111383419718247
1,15172,70.0,1789195604623,111383419718247
2,15172,0.0,1789195604623,111383419718247
3,15172,0.0,1789195604623,111383419718247
4,15172,66.7,1789195604623,111383419718247
5,15172,0.0,1789195604623,111383419718247
6,15172,18.2,1789195604623,111383419718247
7,15172,100.0,1789195604623,111383419718247
0,15272,0.0,1789195604723,111383422130073
1,15272,66.7,1789195604723,111383422130073
2,15272,0.0,1789195604723,111383422130073
3,15272,0.0,1789195604723,111383422130073
4,15272,62.5,1789195604723,111383422130073
5,15272,25.0,1789195604723,111383422130073
6,15272,10.0,1789195604723,111383422130073
7,15272,100.0,1789195604723,111383422130073
0,15373,0.0,1789195604824,111383424541034
1,15373,63.6,1789195604824,111383424541034
2,15373,0.0,1789195604824,111383424541034
3,15373,0.0,1789195604824,111383424541034
4,15373,60.0,1789195604824,111383424541034
5,15373,40.0,1789195604824,111383424541034
6,15373,10.0,1789195604824,111383424541034
7,15373,90.0,1789195604824,111383424541034
0,15473,0.0,1789195604924,111383426952370
1,15473,66.7,1789195604924,111383426952370
2,15473,0.0,1789195604924,111383426952370
3,15473,0.0,1789195604924,111383426952370
4,15473,66.7,1789195604924,111383426952370
5,15473,40.0,1789195604924,111383426952370
6,15473,20.0,1789195604924,111383426952370
7,15473,81.8,1789195604924,111383426952370
0,15574,10.0,1789195605025,111383429365686
1,15574,62.5,1789195605025,111383429365686
2,15574,0.0,1789195605025,111383429365686
3,15574,0.0,1789195605025,111383429365686
4,15574,70.0,1789195605025,111383429365686
5,15574,12.5,1789195605025,111383429365686
6,15574,10.0,1789195605025,111383429365686
7,15574,75.0,1789195605025,111383429365686
0,15674,0.0,1789195605125,111383431777717
1,15674,66.7,1789195605125,111383431777717
2,15674,0.0,1789195605125,111383431777717
3,15674,0.0,1789195605125,111383431777717
4,15674,60.0,1789195605125,111383431777717
5,15674,33.3,1789195605125,111383431777717
6,15674,18.2,1789195605125,111383431777717
7,15674,87.5,1789195605125,111383431777717
0,15775,0.0,1789195605226,111383434188915
1,15775,63.6,1789195605226,111383434188915
2,15775,9.1,1789195605226,111383434188915
3,15775,10.0,1789195605226,111383434188915
4,15775,66.7,1789195605226,111383434188915
5,15775,0.0,1789195605226,111383434188915
6,15775,0.0,1789195605226,111383434188915
7,15775,77.8,1789195605226,111383434188915
0,15875,0.0,1789195605326,111383436599718
1,15875,70.0,1789195605326,111383436599718
2,15875,0.0,1789195605326,111383436599718
3,15875,36.4,1789195605326,111383436599718
4,15875,70.0,1789195605326,111383436599718
5,15875,0.0,1789195605326,111383436599718
6,15875,10.0,1789195605326,111383436599718
7,15875,81.8,1789195605326,111383436599718
0,15975,0.0,1789195605426,111383439010881
1,15975,60.0,1789195605426,111383439010881
2,15975,0.0,1789195605426,111383439010881
3,15975,0.0,1789195605426,111383439010881
4,15975,70.0,1789195605426,111383439010881
5,15975,10.0,1789195605426,111383439010881
6,15975,10.0,1789195605426,111383439010881
7,15975,81.8,1789195605426,111383439010881
0,16076,0.0,1789195605527,111383441423492
1,16076,55.6,1789195605527,111383441423492
2,16076,0.0,1789195605527,111383441423492
3,16076,22.2,1789195605527,111383441423492
4,16076,66.7,1789195605527,111383441423492
5,16076,0.0,1789195605527,111383441423492
6,16076,10.0,1789195605527,111383441423492
7,16076,77.8,1789195605527,111383441423492
0,16176,0.0,1789195605627,111383443834101
1,16176,70.0,1789195605627,111383443834101
2,16176,0.0,1789195605627,111383443834101
3,16176,33.3,1789195605627,111383443834101
4,16176,62.5,1789195605627,111383443834101
5,16176,0.0,1789195605627,111383443834101
6,16176,18.2,1789195605627,111383443834101
7,16176,80.0,1789195605627,111383443834101
0,16277,0.0,1789195605728,111383446244788
1,16277,60.0,1789195605728,111383446244788
2,16277,0.0,1789195605728,111383446244788
3,16277,12.5,1789195605728,111383446244788
4,16277,60.0,1789195605728,111383446244788
5,16277,0.0,1789195605728,111383446244788
6,16277,0.0,1789195605728,111383446244788
7,16277,70.0,1789195605728,111383446244788
0,16377,0.0,1789195605828,111383448655336
1,16377,55.6,1789195605828,111383448655336
2,16377,0.0,1789195605828,111383448655336
3,16377,33.3,1789195605828,111383448655336
4,16377,70.0,1789195605828,111383448655336
5,16377,0.0,1789195605828,111383448655336
6,16377,18.2,1789195605828,111383448655336
7,16377,80.0,1789195605828,111383448655336
0,16478,0.0,1789195605929,111383451066058
1,16478,70.0,1789195605929,111383451066058
2,16478,0.0,1789195605929,111383451066058
3,16478,30.0,1789195605929,111383451066058
4,16478,66.7,1789195605929,111383451066058
5,16478,0.0,1789195605929,111383451066058
6,16478,0.0,1789195605929,111383451066058
7,16478,81.8,1789195605929,111383451066058
0,16578,0.0,1789195606029,111383453476828
1,16578,63.6,1789195606029,111383453476828
2,16578,0.0,1789195606029,111383453476828
3,16578,25.0,1789195606029,111383453476828
4,16578,70.0,1789195606029,111383453476828
5,16578,0.0,1789195606029,111383453476828
6,16578,20.0,1789195606029,111383453476828
7,16578,80.0,1789195606029,111383453476828
0,16679,0.0,1789195606130,111383455887473
1,16679,62.5,1789195606130,111383455887473
2,16679,0.0,1789195606130,111383455887473
3,16679,30.0,1789195606130,111383455887473
4,16679,70.0,1789195606130,111383455887473
5,16679,0.0,1789195606130,111383455887473
6,16679,0.0,1789195606130,111383455887473
7,16679,81.8,1789195606130,111383455887473
0,16779,0.0,1789195606230,111383458298158
1,16779,63.6,1789195606230,111383458298158
2,16779,0.0,1789195606230,111383458298158
3,16779,33.3,1789195606230,111383458298158
4,16779,66.7,1789195606230,111383458298158
5,16779,0.0,1789195606230,111383458298158
6,16779,18.2,1789195606230,111383458298158
7,16779,81.8,1789195606230,111383458298158
0,16880,0.0,1789195606331,111383460708789
1,16880,60.0,1789195606331,111383460708789
2,16880,0.0,1789195606331,111383460708789
3,16880,14.3,1789195606331,111383460708789
4,16880,63.6,1789195606331,111383460708789
5,16880,0.0,1789195606331,111383460708789
6,16880,10.0,1789195606331,111383460708789
7,16880,75.0,1789195606331,111383460708789
0,16980,0.0,1789195606431,111383463120498
1,16980,57.1,1789195606431,111383463120498
2,16980,0.0,1789195606431,111383463120498
3,16980,22.2,1789195606431,111383463120498
4,16980,66.7,1789195606431,111383463120498
5,16980,0.0,1789195606431,111383463120498
6,16980,10.0,1789195606431,111383463120498
7,16980,75.0,1789195606431,111383463120498
0,17080,9.1,1789195606531,111383465531346
1,17080,60.0,1789195606531,111383465531346
2,17080,0.0,1789195606531,111383465531346
3,17080,25.0,1789195606531,111383465531346
4,17080,66.7,1789195606531,111383465531346
5,17080,0.0,1789195606531,111383465531346
6,17080,10.0,1789195606531,111383465531346
7,17080,81.8,1789195606531,111383465531346
0,17181,0.0,1789195606632,111383467941908
1,17181,70.0,1789195606632,111383467941908
2,17181,0.0,1789195606632,111383467941908
3,17181,30.0,1789195606632,111383467941908
4,17181,70.0,1789195606632,111383467941908
5,17181,0.0,1789195606632,111383467941908
6,17181,10.0,1789195606632,111383467941908
7,17181,77.8,1789195606632,111383467941908
0,17281,0.0,1789195606732,111383470353205
1,17281,60.0,1789195606732,111383470353205
2,17281,0.0,1789195606732,111383470353205
3,17281,33.3,1789195606732,111383470353205
4,17281,66.7,1789195606732,111383470353205
5,17281,0.0,1789195606732,111383470353205
6,17281,30.0,1789195606732,111383470353205
7,17281,80.0,1789195606732,111383470353205
0,17382,0.0,1789195606833,111383472763858
1,17382,66.7,1789195606833,111383472763858
2,17382,9.1,1789195606833,111383472763858
3,17382,30.0,1789195606833,111383472763858
4,17382,60.0,1789195606833,111383472763858
5,17382,0.0,1789195606833,111383472763858
6,17382,10.0,1789195606833,111383472763858
7,17382,71.4,1789195606833,111383472763858
0,17482,0.0,1789195606933,111383475174482
1,17482,63.6,1789195606933,111383475174482
2,17482,0.0,1789195606933,111383475174482
3,17482,40.0,1789195606933,111383475174482
4,17482,72.7,1789195606933,111383475174482
5,17482,0.0,1789195606933,111383475174482
6,17482,11.1,1789195606933,111383475174482
7,17482,81.8,1789195606933,111383475174482
0,17583,0.0,1789195607034,111383477585111
1,17583,70.0,1789195607034,111383477585111
2,17583,0.0,1789195607034,111383477585111
3,17583,30.0,1789195607034,111383477585111
4,17583,66.7,1789195607034,111383477585111
5,17583,0.0,1789195607034,111383477585111
6,17583,10.0,1789195607034,111383477585111
7,17583,87.5,1789195607034,111383477585111
0,17683,0.0,1789195607134,111383479995746
1,17683,60.0,1789195607134,111383479995746
2,17683,0.0,1789195607134,111383479995746
3,17683,40.0,1789195607134,111383479995746
4,17683,66.7,1789195607134,111383479995746
5,17683,0.0,1789195607134,111383479995746
6,17683,10.0,1789195607134,111383479995746
7,17683,75.0,1789195607134,111383479995746
0,17784,0.0,1789195607235,111383482406486
1,17784,66.7,1789195607235,111383482406486
2,17784,0.0,1789195607235,111383482406486
3,17784,14.3,1789195607235,111383482406486
4,17784,66.7,1789195607235,111383482406486
5,17784,0.0,1789195607235,111383482406486
6,17784,10.0,1789195607235,111383482406486
7,17784,80.0,1789195607235,111383482406486
0,17884,0.0,1789195607335,111383484817917
1,17884,55.6,1789195607335,111383484817917
2,17884,0.0,1789195607335,111383484817917
3,17884,12.5,1789195607335,111383484817917
4,17884,70.0,1789195607335,111383484817917
5,17884,0.0,1789195607335,111383484817917
6,17884,18.2,1789195607335,111383484817917
7,17884,83.3,1789195607335,111383484817917
0,17985,0.0,1789195607436,111383487229079
1,17985,63.6,1789195607436,111383487229079
2,17985,0.0,1789195607436,111383487229079
3,17985,33.3,1789195607436,111383487229079
4,17985,72.7,1789195607436,111383487229079
5,17985,10.0,1789195607436,111383487229079
6,17985,11.1,1789195607436,111383487229079
7,17985,80.0,1789195607436,111383487229079
0,18085,0.0,1789195607536,111383489640164
1,18085,66.7,1789195607536,111383489640164
2,18085,0.0,1789195607536,111383489640164
3,18085,36.4,1789195607536,111383489640164
4,18085,60.0,1789195607536,111383489640164
5,18085,0.0,1789195607536,111383489640164
6,18085,18.2,1789195607536,111383489640164
7,18085,81.8,1789195607536,111383489640164
0,18185,0.0,1789195607636,111383492050956
1,18185,62.5,1789195607636,111383492050956
2,18185,0.0,1789195607636,111383492050956
3,18185,25.0,1789195607636,111383492050956
4,18185,62.5,1789195607636,111383492050956
5,18185,0.0,1789195607636,111383492050956
6,18185,11.1,1789195607636,111383492050956
7,18185,77.8,1789195607636,111383492050956
0,18286,0.0,1789195607737,111383494461636
1,18286,63.6,1789195607737,111383494461636
2,18286,0.0,1789195607737,111383494461636
3,18286,30.0,1789195607737,111383494461636
4,18286,70.0,1789195607737,111383494461636
5,18286,0.0,1789195607737,111383494461636
6,18286,10.0,1789195607737,111383494461636
7,18286,80.0,1789195607737,111383494461636
0,18386,0.0,1789195607837,111383496872227
1,18386,70.0,1789195607837,111383496872227
2,18386,0.0,1789195607837,111383496872227
3,18386,33.3,1789195607837,111383496872227
4,18386,72.7,1789195607837,111383496872227
5,18386,0.0,1789195607837,111383496872227
6,18386,18.2,1789195607837,111383496872227
7,18386,83.3,1789195607837,111383496872227
0,18487,0.0,1789195607938,111383499283686
1,18487,55.6,1789195607938,111383499283686
2,18487,0.0,1789195607938,111383499283686
3,18487,14.3,1789195607938,111383499283686
4,18487,66.7,1789195607938,111383499283686
5,18487,0.0,1789195607938,111383499283686
6,18487,11.1,1789195607938,111383499283686
7,18487,80.0,1789195607938,111383499283686
0,18587,0.0,1789195608038,111383501695270
1,18587,63.6,1789195608038,111383501695270
2,18587,0.0,1789195608038,111383501695270
3,18587,50.0,1789195608038,111383501695270
4,18587,60.0,1789195608038,111383501695270
5,18587,0.0,1789195608038,111383501695270
6,18587,18.2,1789195608038,111383501695270
7,18587,88.9,1789195608038,111383501695270
0,18688,0.0,1789195608139,111383504106727
1,18688,70.0,1789195608139,111383504106727
2,18688,0.0,1789195608139,111383504106727
3,18688,25.0,1789195608139,111383504106727
4,18688,77.8,1789195608139,111383504106727
5,18688,0.0,1789195608139,111383504106727
6,18688,30.0,1789195608139,111383504106727
7,18688,100.0,1789195608139,111383504106727
0,18788,9.1,1789195608239,111383506518894
1,18788,63.6,1789195608239,111383506518894
2,18788,0.0,1789195608239,111383506518894
3,18788,30.0,1789195608239,111383506518894
4,18788,70.0,1789195608239,111383506518894
5,18788,0.0,1789195608239,111383506518894
6,18788,0.0,1789195608239,111383506518894
7,18788,90.9,1789195608239,111383506518894
0,18889,0.0,1789195608340,111383508929619
1,18889,66.7,1789195608340,111383508929619
2,18889,0.0,1789195608340,111383508929619
3,18889,25.0,1789195608340,111383508929619
4,18889,63.6,1789195608340,111383508929619
5,18889,0.0,1789195608340,111383508929619
6,18889,18.2,1789195608340,111383508929619
7,18889,75.0,1789195608340,111383508929619
0,18989,0.0,1789195608440,111383511340324
1,18989,55.6,1789195608440,111383511340324
2,18989,0.0,1789195608440,111383511340324
3,18989,12.5,1789195608440,111383511340324
4,18989,66.7,1789195608440,111383511340324
5,18989,0.0,1789195608440,111383511340324
6,18989,10.0,1789195608440,111383511340324
7,18989,80.0,1789195608440,111383511340324
0,19090,0.0,1789195608541,111383513751089
1,19090,60.0,1789195608541,111383513751089
2,19090,0.0,1789195608541,111383513751089
3,19090,33.3,1789195608541,111383513751089
4,19090,75.0,1789195608541,111383513751089
5,19090,0.0,1789195608541,111383513751089
6,19090,10.0,1789195608541,111383513751089
7,19090,80.0,1789195608541,111383513751089
0,19190,0.0,1789195608641,111383516161796
1,19190,70.0,1789195608641,111383516161796
2,19190,0.0,1789195608641,111383516161796
3,19190,22.2,1789195608641,111383516161796
4,19190,66.7,1789195608641,111383516161796
5,19190,0.0,1789195608641,111383516161796
6,19190,10.0,1789195608641,111383516161796
7,19190,81.8,1789195608641,111383516161796
0,19291,0.0,1789195608742,111383518572617
1,19291,60.0,1789195608742,111383518572617
2,19291,0.0,1789195608742,111383518572617
3,19291,33.3,1789195608742,111383518572617
4,19291,60.0,1789195608742,111383518572617
5,19291,0.0,1789195608742,111383518572617
6,19291,11.1,1789195608742,111383518572617
7,19291,80.0,1789195608742,111383518572617
0,19391,0.0,1789195608842,111383520983279
1,19391,62.5,1789195608842,111383520983279
2,19391,0.0,1789195608842,111383520983279
3,19391,22.2,1789195608842,111383520983279
4,19391,66.7,1789195608842,111383520983279
5,19391,0.0,1789195608842,111383520983279
6,19391,10.0,1789195608842,111383520983279
7,19391,75.0,1789195608842,111383520983279
0,19491,0.0,1789195608942,111383523393945
1,19491,55.6,1789195608942,111383523393945
2,19491,0.0,1789195608942,111383523393945
3,19491,25.0,1789195608942,111383523393945
4,19491,66.7,1789195608942,111383523393945
5,19491,0.0,1789195608942,111383523393945
6,19491,10.0,1789195608942,111383523393945
7,19491,75.0,1789195608942,111383523393945
0,19592,0.0,1789195609043,111383525805396
1,19592,60.0,1789195609043,111383525805396
2,19592,0.0,1789195609043,111383525805396
3,19592,22.2,1789195609043,111383525805396
4,19592,66.7,1789195609043,111383525805396
5,19592,0.0,1789195609043,111383525805396
6,19592,10.0,1789195609043,111383525805396
7,19592,81.8,1789195609043,111383525805396
0,19692,9.1,1789195609143,111383528216771
1,19692,70.0,1789195609143,111383528216771
2,19692,0.0,1789195609143,111383528216771
3,19692,33.3,1789195609143,111383528216771
4,19692,66.7,1789195609143,111383528216771
5,19692,0.0,1789195609143,111383528216771
6,19692,10.0,1789195609143,111383528216771
7,19692,77.8,1789195609143,111383528216771
0,19793,0.0,1789195609244,111383530627270
1,19793,63.6,1789195609244,111383530627270
2,19793,0.0,1789195609244,111383530627270
3,19793,12.5,1789195609244,111383530627270
4,19793,60.0,1789195609244,111383530627270
5,19793,0.0,1789195609244,111383530627270
6,19793,10.0,1789195609244,111383530627270
7,19793,81.8,1789195609244,111383530627270
0,19893,0.0,1789195609344,111383533037672
1,19893,70.0,1789195609344,111383533037672
2,19893,0.0,1789195609344,111383533037672
3,19893,14.3,1789195609344,111383533037672
4,19893,70.0,1789195609344,111383533037672
5,19893,0.0,1789195609344,111383533037672
6,19893,10.0,1789195609344,111383533037672
7,19893,81.8,1789195609344,111383533037672
0,19994,0.0,1789195609445,111383535448271
1,19994,60.0,1789195609445,111383535448271
2,19994,0.0,1789195609445,111383535448271
3,19994,36.4,1789195609445,111383535448271
4,19994,70.0,1789195609445,111383535448271
5,19994,10.0,1789195609445,111383535448271
6,19994,18.2,1789195609445,111383535448271
7,19994,77.8,1789195609445,111383535448271
0,20094,0.0,1789195609545,111383537859171
1,20094,55.6,1789195609545,111383537859171
2,20094,0.0,1789195609545,111383537859171
3,20094,14.3,1789195609545,111383537859171
4,20094,70.0,1789195609545,111383537859171
5,20094,0.0,1789195609545,111383537859171
6,20094,10.0,1789195609545,111383537859171
7,20094,72.7,1789195609545,111383537859171
0,20195,0.0,1789195609646,111383540269757
1,20195,70.0,1789195609646,111383540269757
2,20195,0.0,1789195609646,111383540269757
3,20195,30.0,1789195609646,111383540269757
4,20195,57.1,1789195609646,111383540269757
5,20195,0.0,1789195609646,111383540269757
6,20195,11.1,1789195609646,111383540269757
7,20195,77.8,1789195609646,111383540269757
0,20295,0.0,1789195609746,111383542680396
1,20295,60.0,1789195609746,111383542680396
2,20295,0.0,1789195609746,111383542680396
3,20295,25.0,1789195609746,111383542680396
4,20295,60.0,1789195609746,111383542680396
5,20295,0.0,1789195609746,111383542680396
6,20295,10.0,1789195609746,111383542680396
7,20295,77.8,1789195609746,111383542680396
0,20396,0.0,1789195609847,111383545090962
1,20396,66.7,1789195609847,111383545090962
2,20396,0.0,1789195609847,111383545090962
3,20396,36.4,1789195609847,111383545090962
4,20396,70.0,1789195609847,111383545090962
5,20396,0.0,1789195609847,111383545090962
6,20396,10.0,1789195609847,111383545090962
7,20396,80.0,1789195609847,111383545090962
0,20496,0.0,1789195609947,111383547502371
1,20496,60.0,1789195609947,111383547502371
2,20496,0.0,1789195609947,111383547502371
3,20496,14.3,1789195609947,111383547502371
4,20496,66.7,1789195609947,111383547502371
5,20496,0.0,1789195609947,111383547502371
6,20496,10.0,1789195609947,111383547502371
7,20496,77.8,1789195609947,111383547502371
0,20596,0.0,1789195610047,111383549913874
1,20596,60.0,1789195610047,111383549913874
2,20596,0.0,1789195610047,111383549913874
3,20596,12.5,1789195610047,111383549913874
4,20596,70.0,1789195610047,111383549913874
5,20596,0.0,1789195610047,111383549913874
6,20596,18.2,1789195610047,111383549913874
7,20596,80.0,1789195610047,111383549913874
0,20697,0.0,1789195610148,111383552326085
1,20697,70.0,1789195610148,111383552326085
2,20697,9.1,1789195610148,111383552326085
3,20697,25.0,1789195610148,111383552326085
4,20697,60.0,1789195610148,111383552326085
5,20697,0.0,1789195610148,111383552326085
6,20697,20.0,1789195610148,111383552326085
7,20697,81.8,1789195610148,111383552326085
0,20797,0.0,1789195610248,111383554737239
1,20797,55.6,1789195610248,111383554737239
2,20797,0.0,1789195610248,111383554737239
3,20797,22.2,1789195610248,111383554737239
4,20797,66.7,1789195610248,111383554737239
5,20797,0.0,1789195610248,111383554737239
6,20797,10.0,1789195610248,111383554737239
7,20797,80.0,1789195610248,111383554737239
0,20898,0.0,1789195610349,111383557148979
1,20898,66.7,1789195610349,111383557148979
2,20898,0.0,1789195610349,111383557148979
3,20898,25.0,1789195610349,111383557148979
4,20898,70.0,1789195610349,111383557148979
5,20898,0.0,1789195610349,111383557148979
6,20898,18.2,1789195610349,111383557148979
7,20898,81.8,1789195610349,111383557148979
0,20998,0.0,1789195610449,111383559559846
1,20998,70.0,1789195610449,111383559559846
2,20998,0.0,1789195610449,111383559559846
3,20998,22.2,1789195610449,111383559559846
4,20998,72.7,1789195610449,111383559559846
5,20998,0.0,1789195610449,111383559559846
6,20998,0.0,1789195610449,111383559559846
7,20998,81.8,1789195610449,111383559559846
0,21099,0.0,1789195610550,111383561970583
1,21099,55.6,1789195610550,111383561970583
2,21099,0.0,1789195610550,111383561970583
3,21099,0.0,1789195610550,111383561970583
4,21099,70.0,1789195610550,111383561970583
5,21099,0.0,1789195610550,111383561970583
6,21099,10.0,1789195610550,111383561970583
7,21099,80.0,1789195610550,111383561970583
0,21199,0.0,1789195610650,111383564381462
1,21199,70.0,1789195610650,111383564381462
2,21199,0.0,1789195610650,111383564381462
3,21199,41.7,1789195610650,111383564381462
4,21199,60.0,1789195610650,111383564381462
5,21199,0.0,1789195610650,111383564381462
6,21199,10.0,1789195610650,111383564381462
7,21199,81.8,1789195610650,111383564381462
0,21300,0.0,1789195610751,111383566792092
1,21300,63.6,1789195610751,111383566792092
2,21300,0.0,1789195610751,111383566792092
3,21300,25.0,1789195610751,111383566792092
4,21300,70.0,1789195610751,111383566792092
5,21300,0.0,1789195610751,111383566792092
6,21300,18.2,1789195610751,111383566792092
7,21300,81.8,1789195610751,111383566792092
0,21400,0.0,1789195610851,111383569202761
1,21400,63.6,1789195610851,111383569202761
2,21400,0.0,1789195610851,111383569202761
3,21400,30.0,1789195610851,111383569202761
4,21400,70.0,1789195610851,111383569202761
5,21400,0.0,1789195610851,111383569202761
6,21400,10.0,1789195610851,111383569202761
7,21400,80.0,1789195610851,111383569202761
0,21501,0.0,1789195610952,111383571613451
1,21501,66.7,1789195610952,111383571613451
2,21501,0.0,1789195610952,111383571613451
3,21501,25.0,1789195610952,111383571613451
4,21501,70.0,1789195610952,111383571613451
5,21501,0.0,1789195610952,111383571613451
6,21501,10.0,1789195610952,111383571613451
7,21501,80.0,1789195610952,111383571613451
0,21601,0.0,1789195611052,111383574024655
1,21601,60.0,1789195611052,111383574024655
2,21601,0.0,1789195611052,111383574024655
3,21601,22.2,1789195611052,111383574024655
4,21601,62.5,1789195611052,111383574024655
5,21601,0.0,1789195611052,111383574024655
6,21601,10.0,1789195611052,111383574024655
7,21601,77.8,1789195611052,111383574024655
0,21702,0.0,1789195611153,111383576435487
1,21702,66.7,1789195611153,111383576435487
2,21702,0.0,1789195611153,111383576435487
3,21702,40.0,1789195611153,111383576435487
4,21702,66.7,1789195611153,111383576435487
5,21702,0.0,1789195611153,111383576435487
6,21702,18.2,1789195611153,111383576435487
7,21702,81.8,1789195611153,111383576435487
0,21802,0.0,1789195611253,111383578846236
1,21802,63.6,1789195611253,111383578846236
2,21802,0.0,1789195611253,111383578846236
3,21802,22.2,1789195611253,111383578846236
4,21802,66.7,1789195611253,111383578846236
5,21802,0.0,1789195611253,111383578846236
6,21802,10.0,1789195611253,111383578846236
7,21802,72.7,1789195611253,111383578846236
0,21902,0.0,1789195611353,111383581257005
1,21902,55.6,1789195611353,111383581257005
2,21902,0.0,1789195611353,111383581257005
3,21902,14.3,1789195611353,111383581257005
4,21902,66.7,1789195611353,111383581257005
5,21902,0.0,1789195611353,111383581257005
6,21902,0.0,1789195611353,111383581257005
7,21902,77.8,1789195611353,111383581257005
0,22003,0.0,1789195611454,111383583667682
1,22003,66.7,1789195611454,111383583667682
2,22003,9.1,1789195611454,111383583667682
3,22003,30.0,1789195611454,111383583667682
4,22003,66.7,1789195611454,111383583667682
5,22003,10.0,1789195611454,111383583667682
6,22003,10.0,1789195611454,111383583667682
7,22003,75.0,1789195611454,111383583667682
0,22103,0.0,1789195611554,111383586079179
1,22103,55.6,1789195611554,111383586079179
2,22103,0.0,1789195611554,111383586079179
3,22103,14.3,1789195611554,111383586079179
4,22103,60.0,1789195611554,111383586079179
5,22103,0.0,1789195611554,111383586079179
6,22103,10.0,1789195611554,111383586079179
7,22103,77.8,1789195611554,111383586079179
0,22204,0.0,1789195611655,111383588489896
1,22204,55.6,1789195611655,111383588489896
2,22204,0.0,1789195611655,111383588489896
3,22204,22.2,1789195611655,111383588489896
4,22204,72.7,1789195611655,111383588489896
5,22204,0.0,1789195611655,111383588489896
6,22204,18.2,1789195611655,111383588489896
7,22204,80.0,1789195611655,111383588489896
0,22304,0.0,1789195611755,111383590901794
1,22304,70.0,1789195611755,111383590901794
2,22304,0.0,1789195611755,111383590901794
3,22304,14.3,1789195611755,111383590901794
4,22304,66.7,1789195611755,111383590901794
5,22304,0.0,1789195611755,111383590901794
6,22304,10.0,1789195611755,111383590901794
7,22304,81.8,1789195611755,111383590901794
0,22405,0.0,1789195611856,111383593312514
1,22405,55.6,1789195611856,111383593312514
2,22405,0.0,1789195611856,111383593312514
3,22405,41.7,1789195611856,111383593312514
4,22405,66.7,1789195611856,111383593312514
5,22405,0.0,1789195611856,111383593312514
6,22405,10.0,1789195611856,111383593312514
7,22405,71.4,1789195611856,111383593312514
0,22505,0.0,1789195611956,111383595723022
1,22505,66.7,1789195611956,111383595723022
2,22505,0.0,1789195611956,111383595723022
3,22505,14.3,1789195611956,111383595723022
4,22505,70.0,1789195611956,111383595723022
5,22505,0.0,1789195611956,111383595723022
6,22505,10.0,1789195611956,111383595723022
7,22505,80.0,1789195611956,111383595723022
0,22606,0.0,1789195612057,111383598133537
1,22606,60.0,1789195612057,111383598133537
2,22606,0.0,1789195612057,111383598133537
3,22606,36.4,1789195612057,111383598133537
4,22606,60.0,1789195612057,111383598133537
5,22606,0.0,1789195612057,111383598133537
6,22606,10.0,1789195612057,111383598133537
7,22606,81.8,1789195612057,111383598133537
0,22706,0.0,1789195612157,111383600544143
1,22706,60.0,1789195612157,111383600544143
2,22706,0.0,1789195612157,111383600544143
3,22706,25.0,1789195612157,111383600544143
4,22706,62.5,1789195612157,111383600544143
5,22706,0.0,1789195612157,111383600544143
6,22706,10.0,1789195612157,111383600544143
7,22706,80.0,1789195612157,111383600544143
0,22807,0.0,1789195612258,111383602954997
1,22807,66.7,1789195612258,111383602954997
2,22807,0.0,1789195612258,111383602954997
3,22807,22.2,1789195612258,111383602954997
4,22807,66.7,1789195612258,111383602954997
5,22807,0.0,1789195612258,111383602954997
6,22807,11.1,1789195612258,111383602954997
7,22807,83.3,1789195612258,111383602954997
0,22907,0.0,1789195612358,111383605365909
1,22907,63.6,1789195612358,111383605365909
2,22907,0.0,1789195612358,111383605365909
3,22907,33.3,1789195612358,111383605365909
4,22907,66.7,1789195612358,111383605365909
5,22907,0.0,1789195612358,111383605365909
6,22907,10.0,1789195612358,111383605365909
7,22907,75.0,1789195612358,111383605365909
0,23007,0.0,1789195612458,111383607776427
1,23007,66.7,1789195612458,111383607776427
2,23007,0.0,1789195612458,111383607776427
3,23007,22.2,1789195612458,111383607776427
4,23007,63.6,1789195612458,111383607776427
5,23007,0.0,1789195612458,111383607776427
6,23007,10.0,1789195612458,111383607776427
7,23007,83.3,1789195612458,111383607776427
0,23108,0.0,1789195612559,111383610188111
1,23108,55.6,1789195612559,111383610188111
2,23108,0.0,1789195612559,111383610188111
3,23108,40.0,1789195612559,111383610188111
4,23108,70.0,1789195612559,111383610188111
5,23108,0.0,1789195612559,111383610188111
6,23108,18.2,1789195612559,111383610188111
7,23108,75.0,1789195612559,111383610188111
0,23208,0.0,1789195612659,111383612599837
1,23208,63.6,1789195612659,111383612599837
2,23208,0.0,1789195612659,111383612599837
3,23208,30.0,1789195612659,111383612599837
4,23208,70.0,1789195612659,111383612599837
5,23208,0.0,1789195612659,111383612599837
6,23208,10.0,1789195612659,111383612599837
7,23208,77.8,1789195612659,111383612599837
0,23309,0.0,1789195612760,111383615012205
1,23309,70.0,1789195612760,111383615012205
2,23309,0.0,1789195612760,111383615012205
3,23309,25.0,1789195612760,111383615012205
4,23309,66.7,1789195612760,111383615012205
5,23309,0.0,1789195612760,111383615012205
6,23309,11.1,1789195612760,111383615012205
7,23309,70.0,1789195612760,111383615012205
0,23409,0.0,1789195612860,111383617423080
1,23409,60.0,1789195612860,111383617423080
2,23409,0.0,1789195612860,111383617423080
3,23409,30.0,1789195612860,111383617423080
4,23409,66.7,1789195612860,111383617423080
5,23409,0.0,1789195612860,111383617423080
6,23409,18.2,1789195612860,111383617423080
7,23409,75.0,1789195612860,111383617423080
0,23510,0.0,1789195612961,111383619834201
1,23510,60.0,1789195612961,111383619834201
2,23510,0.0,1789195612961,111383619834201
3,23510,33.3,1789195612961,111383619834201
4,23510,60.0,1789195612961,111383619834201
5,23510,0.0,1789195612961,111383619834201
6,23510,11.1,1789195612961,111383619834201
7,23510,80.0,1789195612961,111383619834201
0,23610,0.0,1789195613061,111383622245022
1,23610,66.7,1789195613061,111383622245022
2,23610,0.0,1789195613061,111383622245022
3,23610,12.5,1789195613061,111383622245022
4,23610,75.0,1789195613061,111383622245022
5,23610,0.0,1789195613061,111383622245022
6,23610,10.0,1789195613061,111383622245022
7,23610,83.3,1789195613061,111383622245022
0,23711,0.0,1789195613162,111383624655887
1,23711,60.0,1789195613162,111383624655887
2,23711,0.0,1789195613162,111383624655887
3,23711,25.0,1789195613162,111383624655887
4,23711,66.7,1789195613162,111383624655887
5,23711,0.0,1789195613162,111383624655887
6,23711,10.0,1789195613162,111383624655887
7,23711,77.8,1789195613162,111383624655887
0,23811,0.0,1789195613262,111383627067201
1,23811,62.5,1789195613262,111383627067201
2,23811,0.0,1789195613262,111383627067201
3,23811,30.0,1789195613262,111383627067201
4,23811,70.0,1789195613262,111383627067201
5,23811,0.0,1789195613262,111383627067201
6,23811,18.2,1789195613262,111383627067201
7,23811,80.0,1789195613262,111383627067201
0,23912,0.0,1789195613363,111383629479628
1,23912,60.0,1789195613363,111383629479628
2,23912,0.0,1789195613363,111383629479628
3,23912,25.0,1789195613363,111383629479628
4,23912,66.7,1789195613363,111383629479628
5,23912,0.0,1789195613363,111383629479628
6,23912,10.0,1789195613363,111383629479628
7,23912,81.8,1789195613363,111383629479628
0,24012,0.0,1789195613463,111383631890576
1,24012,63.6,1789195613463,111383631890576
2,24012,0.0,1789195613463,111383631890576
3,24012,22.2,1789195613463,111383631890576
4,24012,60.0,1789195613463,111383631890576
5,24012,0.0,1789195613463,111383631890576
6,24012,0.0,1789195613463,111383631890576
7,24012,81.8,1789195613463,111383631890576
0,24113,0.0,1789195613564,111383634301082
1,24113,62.5,1789195613564,111383634301082
2,24113,0.0,1789195613564,111383634301082
3,24113,40.0,1789195613564,111383634301082
4,24113,62.5,1789195613564,111383634301082
5,24113,0.0,1789195613564,111383634301082
6,24113,10.0,1789195613564,111383634301082
7,24113,77.8,1789195613564,111383634301082
0,24213,0.0,1789195613664,111383636711678
1,24213,63.6,1789195613664,111383636711678
2,24213,0.0,1789195613664,111383636711678
3,24213,12.5,1789195613664,111383636711678
4,24213,66.7,1789195613664,111383636711678
5,24213,0.0,1789195613664,111383636711678
6,24213,18.2,1789195613664,111383636711678
7,24213,77.8,1789195613664,111383636711678
0,24314,0.0,1789195613765,111383639122381
1,24314,63.6,1789195613765,111383639122381
2,24314,0.0,1789195613765,111383639122381
3,24314,25.0,1789195613765,111383639122381
4,24314,70.0,1789195613765,111383639122381
5,24314,0.0,1789195613765,111383639122381
6,24314,0.0,1789195613765,111383639122381
7,24314,81.8,1789195613765,111383639122381
0,24414,0.0,1789195613865,111383641533096
1,24414,70.0,1789195613865,111383641533096
2,24414,0.0,1789195613865,111383641533096
3,24414,22.2,1789195613865,111383641533096
4,24414,66.7,1789195613865,111383641533096
5,24414,0.0,1789195613865,111383641533096
6,24414,20.0,1789195613865,111383641533096
7,24414,80.0,1789195613865,111383641533096
0,24514,0.0,1789195613965,111383643944195
1,24514,60.0,1789195613965,111383643944195
2,24514,0.0,1789195613965,111383643944195
3,24514,25.0,1789195613965,111383643944195
4,24514,66.7,1789195613965,111383643944195
5,24514,0.0,1789195613965,111383643944195
6,24514,10.0,1789195613965,111383643944195
7,24514,81.8,1789195613965,111383643944195
0,24615,10.0,1789195614066,111383646355674
1,24615,66.7,1789195614066,111383646355674
2,24615,0.0,1789195614066,111383646355674
3,24615,14.3,1789195614066,111383646355674
4,24615,70.0,1789195614066,111383646355674
5,24615,0.0,1789195614066,111383646355674
6,24615,10.0,1789195614066,111383646355674
7,24615,90.0,1789195614066,111383646355674
0,24715,0.0,1789195614166,111383648766676
1,24715,63.6,1789195614166,111383648766676
2,24715,0.0,1789195614166,111383648766676
3,24715,33.3,1789195614166,111383648766676
4,24715,62.5,1789195614166,111383648766676
5,24715,0.0,1789195614166,111383648766676
6,24715,18.2,1789195614166,111383648766676
7,24715,100.0,1789195614166,111383648766676
0,24816,0.0,1789195614267,111383651177377
1,24816,60.0,1789195614267,111383651177377
2,24816,0.0,1789195614267,111383651177377
3,24816,22.2,1789195614267,111383651177377
4,24816,72.7,1789195614267,111383651177377
5,24816,0.0,1789195614267,111383651177377
6,24816,0.0,1789195614267,111383651177377
7,24816,80.0,1789195614267,111383651177377
0,24916,9.1,1789195614367,111383653589476
1,24916,60.0,1789195614367,111383653589476
2,24916,0.0,1789195614367,111383653589476
3,24916,33.3,1789195614367,111383653589476
4,24916,66.7,1789195614367,111383653589476
5,24916,0.0,1789195614367,111383653589476
6,24916,18.2,1789195614367,111383653589476
7,24916,81.8,1789195614367,111383653589476
0,25017,0.0,1789195614468,111383656000197
1,25017,72.7,1789195614468,111383656000197
2,25017,0.0,1789195614468,111383656000197
3,25017,12.5,1789195614468,111383656000197
4,25017,66.7,1789195614468,111383656000197
5,25017,0.0,1789195614468,111383656000197
6,25017,10.0,1789195614468,111383656000197
7,25017,77.8,1789195614468,111383656000197
0,25117,0.0,1789195614568,111383658410962
1,25117,55.6,1789195614568,111383658410962
2,25117,0.0,1789195614568,111383658410962
3,25117,33.3,1789195614568,111383658410962
4,25117,63.6,1789195614568,111383658410962
5,25117,0.0,1789195614568,111383658410962
6,25117,10.0,1789195614568,111383658410962
7,25117,75.0,1789195614568,111383658410962
0,25218,10.0,1789195614669,111383660823728
1,25218,77.8,1789195614669,111383660823728
2,25218,0.0,1789195614669,111383660823728
3,25218,55.6,1789195614669,111383660823728
4,25218,66.7,1789195614669,111383660823728
5,25218,0.0,1789195614669,111383660823728
6,25218,10.0,1789195614669,111383660823728
7,25218,45.5,1789195614669,111383660823728
0,25318,28.6,1789195614769,111383663235581
1,25318,80.0,1789195614769,111383663235581
2,25318,0.0,1789195614769,111383663235581
3,25318,60.0,1789195614769,111383663235581
4,25318,70.0,1789195614769,111383663235581
5,25318,0.0,1789195614769,111383663235581
6,25318,20.0,1789195614769,111383663235581
7,25318,12.5,1789195614769,111383663235581
0,25419,22.2,1789195614870,111383665647272
1,25419,77.8,1789195614870,111383665647272
2,25419,0.0,1789195614870,111383665647272
3,25419,66.7,1789195614870,111383665647272
4,25419,63.6,1789195614870,111383665647272
5,25419,0.0,1789195614870,111383665647272
6,25419,10.0,1789195614870,111383665647272
7,25419,0.0,1789195614870,111383665647272
0,25519,40.0,1789195614970,111383668058811
1,25519,77.8,1789195614970,111383668058811
2,25519,0.0,1789195614970,111383668058811
3,25519,63.6,1789195614970,111383668058811
4,25519,70.0,1789195614970,111383668058811
5,25519,0.0,1789195614970,111383668058811
6,25519,10.0,1789195614970,111383668058811
7,25519,0.0,1789195614970,111383668058811
0,25620,40.0,1789195615071,111383670475303
1,25620,77.8,1789195615071,111383670475303
2,25620,0.0,1789195615071,111383670475303
3,25620,66.7,1789195615071,111383670475303
4,25620,66.7,1789195615071,111383670475303
5,25620,0.0,1789195615071,111383670475303
6,25620,10.0,1789195615071,111383670475303
7,25620,0.0,1789195615071,111383670475303
0,25720,10.0,1789195615171,111383672887342
1,25720,66.7,1789195615171,111383672887342
2,25720,0.0,1789195615171,111383672887342
3,25720,55.6,1789195615171,111383672887342
4,25720,60.0,1789195615171,111383672887342
5,25720,0.0,1789195615171,111383672887342
6,25720,22.2,1789195615171,111383672887342
7,25720,0.0,1789195615171,111383672887342
0,25821,0.0,1789195615272,111383675298801
1,25821,80.0,1789195615272,111383675298801
2,25821,27.3,1789195615272,111383675298801
3,25821,66.7,1789195615272,111383675298801
4,25821,11.1,1789195615272,111383675298801
5,25821,0.0,1789195615272,111383675298801
6,25821,72.7,1789195615272,111383675298801
7,25821,0.0,1789195615272,111383675298801
0,25921,0.0,1789195615372,111383677709667
1,25921,77.8,1789195615372,111383677709667
2,25921,40.0,1789195615372,111383677709667
3,25921,60.0,1789195615372,111383677709667
4,25921,20.0,1789195615372,111383677709667
5,25921,0.0,1789195615372,111383677709667
6,25921,72.7,1789195615372,111383677709667
7,25921,0.0,1789195615372,111383677709667
0,26022,0.0,1789195615473,111383680120459
1,26022,81.8,1789195615473,111383680120459
2,26022,45.5,1789195615473,111383680120459
3,26022,72.7,1789195615473,111383680120459
4,26022,10.0,1789195615473,111383680120459
5,26022,10.0,1789195615473,111383680120459
6,26022,55.6,1789195615473,111383680120459
7,26022,0.0,1789195615473,111383680120459
0,26122,0.0,1789195615573,111383682531265
1,26122,75.0,1789195615573,111383682531265
2,26122,22.2,1789195615573,111383682531265
3,26122,60.0,1789195615573,111383682531265
4,26122,10.0,1789195615573,111383682531265
5,26122,0.0,1789195615573,111383682531265
6,26122,70.0,1789195615573,111383682531265
7,26122,0.0,1789195615573,111383682531265
0,26223,0.0,1789195615674,111383684942139
1,26223,80.0,1789195615674,111383684942139
2,26223,33.3,1789195615674,111383684942139
3,26223,57.1,1789195615674,111383684942139
4,26223,18.2,1789195615674,111383684942139
5,26223,0.0,1789195615674,111383684942139
6,26223,70.0,1789195615674,111383684942139
7,26223,0.0,1789195615674,111383684942139
0,26323,0.0,1789195615774,111383687352831
1,26323,75.0,1789195615774,111383687352831
2,26323,33.3,1789195615774,111383687352831
3,26323,60.0,1789195615774,111383687352831
4,26323,10.0,1789195615774,111383687352831
5,26323,0.0,1789195615774,111383687352831
6,26323,55.6,1789195615774,111383687352831
7,26323,0.0,1789195615774,111383687352831
0,26424,0.0,1789195615875,111383689763774
1,26424,80.0,1789195615875,111383689763774
2,26424,30.0,1789195615875,111383689763774
3,26424,70.0,1789195615875,111383689763774
4,26424,10.0,1789195615875,111383689763774
5,26424,0.0,1789195615875,111383689763774
6,26424,70.0,1789195615875,111383689763774
7,26424,0.0,1789195615875,111383689763774
0,26524,20.0,1789195615975,111383692177835
1,26524,85.7,1789195615975,111383692177835
2,26524,55.6,1789195615975,111383692177835
3,26524,60.0,1789195615975,111383692177835
4,26524,10.0,1789195615975,111383692177835
5,26524,0.0,1789195615975,111383692177835
6,26524,30.0,1789195615975,111383692177835
7,26524,36.4,1789195615975,111383692177835
0,26625,66.7,1789195616076,111383694595263
1,26625,90.0,1789195616076,111383694595263
2,26625,28.6,1789195616076,111383694595263
3,26625,70.0,1789195616076,111383694595263
4,26625,11.1,1789195616076,111383694595263
5,26625,40.0,1789195616076,111383694595263
6,26625,0.0,1789195616076,111383694595263
7,26625,0.0,1789195616076,111383694595263
0,26725,66.7,1789195616176,111383697007543
1,26725,90.0,1789195616176,111383697007543
2,26725,20.0,1789195616176,111383697007543
3,26725,70.0,1789195616176,111383697007543
4,26725,20.0,1789195616176,111383697007543
5,26725,40.0,1789195616176,111383697007543
6,26725,0.0,1789195616176,111383697007543
7,26725,40.0,1789195616176,111383697007543
0,26826,62.5,1789195616277,111383699426356
1,26826,77.8,1789195616277,111383699426356
2,26826,11.1,1789195616277,111383699426356
3,26826,0.0,1789195616277,111383699426356
4,26826,20.0,1789195616277,111383699426356
5,26826,88.9,1789195616277,111383699426356
6,26826,0.0,1789195616277,111383699426356
7,26826,10.0,1789195616277,111383699426356
0,26927,25.0,1789195616378,111383701840473
1,26927,77.8,1789195616378,111383701840473
2,26927,22.2,1789195616378,111383701840473
3,26927,33.3,1789195616378,111383701840473
4,26927,33.3,1789195616378,111383701840473
5,26927,66.7,1789195616378,111383701840473
6,26927,40.0,1789195616378,111383701840473
7,26927,27.3,1789195616378,111383701840473
0,27027,0.0,1789195616478,111383704252418
1,27027,77.8,1789195616478,111383704252418
2,27027,66.7,1789195616478,111383704252418
3,27027,12.5,1789195616478,111383704252418
4,27027,11.1,1789195616478,111383704252418
5,27027,66.7,1789195616478,111383704252418
6,27027,0.0,1789195616478,111383704252418
7,27027,40.0,1789195616478,111383704252418
0,27128,0.0,1789195616579,111383706664752
1,27128,75.0,1789195616579,111383706664752
2,27128,72.7,1789195616579,111383706664752
3,27128,45.5,1789195616579,111383706664752
4,27128,18.2,1789195616579,111383706664752
5,27128,57.1,1789195616579,111383706664752
6,27128,10.0,1789195616579,111383706664752
7,27128,0.0,1789195616579,111383706664752
0,27228,20.0,1789195616679,111383709078622
1,27228,81.8,1789195616679,111383709078622
2,27228,72.7,1789195616679,111383709078622
3,27228,22.2,1789195616679,111383709078622
4,27228,40.0,1789195616679,111383709078622
5,27228,50.0,1789195616679,111383709078622
6,27228,33.3,1789195616679,111383709078622
7,27228,18.2,1789195616679,111383709078622
0,27329,0.0,1789195616780,111383711492769
1,27329,57.1,1789195616780,111383711492769
2,27329,66.7,1789195616780,111383711492769
3,27329,18.2,1789195616780,111383711492769
4,27329,10.0,1789195616780,111383711492769
5,27329,0.0,1789195616780,111383711492769
6,27329,81.8,1789195616780,111383711492769
7,27329,11.1,1789195616780,111383711492769
0,27430,44.4,1789195616881,111383713907002
1,27430,55.6,1789195616881,111383713907002
2,27430,37.5,1789195616881,111383713907002
3,27430,66.7,1789195616881,111383713907002
4,27430,30.0,1789195616881,111383713907002
5,27430,30.0,1789195616881,111383713907002
6,27430,50.0,1789195616881,111383713907002
7,27430,77.8,1789195616881,111383713907002
0,27530,75.0,1789195616981,111383716321096
1,27530,80.0,1789195616981,111383716321096
2,27530,25.0,1789195616981,111383716321096
3,27530,70.0,1789195616981,111383716321096
4,27530,11.1,1789195616981,111383716321096
5,27530,37.5,1789195616981,111383716321096
6,27530,40.0,1789195616981,111383716321096
7,27530,40.0,1789195616981,111383716321096
0,27631,80.0,1789195617082,111383718751624
1,27631,11.1,1789195617082,111383718751624
2,27631,33.3,1789195617082,111383718751624
3,27631,63.6,1789195617082,111383718751624
4,27631,33.3,1789195617082,111383718751624
5,27631,77.8,1789195617082,111383718751624
6,27631,50.0,1789195617082,111383718751624
7,27631,50.0,1789195617082,111383718751624
0,27732,25.0,1789195617183,111383721166125
1,27732,0.0,1789195617183,111383721166125
2,27732,33.3,1789195617183,111383721166125
3,27732,44.4,1789195617183,111383721166125
4,27732,77.8,1789195617183,111383721166125
5,27732,75.0,1789195617183,111383721166125
6,27732,55.6,1789195617183,111383721166125
7,27732,45.5,1789195617183,111383721166125
0,27833,100.0,1789195617284,111383723592461
1,27833,30.0,1789195617284,111383723592461
2,27833,44.4,1789195617284,111383723592461
3,27833,20.0,1789195617284,111383723592461
4,27833,62.5,1789195617284,111383723592461
5,27833,80.0,1789195617284,111383723592461
6,27833,37.5,1789195617284,111383723592461
7,27833,60.0,1789195617284,111383723592461
0,27934,87.5,1789195617385,111383726008073
1,27934,22.2,1789195617385,111383726008073
2,27934,50.0,1789195617385,111383726008073
3,27934,0.0,1789195617385,111383726008073
4,27934,66.7,1789195617385,111383726008073
5,27934,66.7,1789195617385,111383726008073
6,27934,60.0,1789195617385,111383726008073
7,27934,77.8,1789195617385,111383726008073
0,28035,88.9,1789195617486,111383728425816
1,28035,10.0,1789195617486,111383728425816
2,28035,36.4,1789195617486,111383728425816
3,28035,10.0,1789195617486,111383728425816
4,28035,45.5,1789195617486,111383728425816
5,28035,90.9,1789195617486,111383728425816
6,28035,33.3,1789195617486,111383728425816
7,28035,66.7,1789195617486,111383728425816
0,28136,12.5,1789195617587,111383730851464
1,28136,40.0,1789195617587,111383730851464
2,28136,42.9,1789195617587,111383730851464
3,28136,62.5,1789195617587,111383730851464
4,28136,33.3,1789195617587,111383730851464
5,28136,88.9,1789195617587,111383730851464
6,28136,50.0,1789195617587,111383730851464
7,28136,55.6,1789195617587,111383730851464
0,28236,80.0,1789195617687,111383733271682
1,28236,0.0,1789195617687,111383733271682
2,28236,22.2,1789195617687,111383733271682
3,28236,80.0,1789195617687,111383733271682
4,28236,40.0,1789195617687,111383733271682
5,28236,50.0,1789195617687,111383733271682
6,28236,40.0,1789195617687,111383733271682
7,28236,50.0,1789195617687,111383733271682
0,28337,50.0,1789195617788,111383735687614
1,28337,18.2,1789195617788,111383735687614
2,28337,44.4,1789195617788,111383735687614
3,28337,62.5,1789195617788,111383735687614
4,28337,66.7,1789195617788,111383735687614
5,28337,50.0,1789195617788,111383735687614
6,28337,50.0,1789195617788,111383735687614
7,28337,80.0,1789195617788,111383735687614
0,28438,25.0,1789195617889,111383738104657
1,28438,18.2,1789195617889,111383738104657
2,28438,37.5,1789195617889,111383738104657
3,28438,80.0,1789195617889,111383738104657
4,28438,57.1,1789195617889,111383738104657
5,28438,60.0,1789195617889,111383738104657
6,28438,50.0,1789195617889,111383738104657
7,28438,77.8,1789195617889,111383738104657
0,28539,37.5,1789195617990,111383740522191
1,28539,12.5,1789195617990,111383740522191
2,28539,28.6,1789195617990,111383740522191
3,28539,80.0,1789195617990,111383740522191
4,28539,62.5,1789195617990,111383740522191
5,28539,60.0,1789195617990,111383740522191
6,28539,50.0,1789195617990,111383740522191
7,28539,55.6,1789195617990,111383740522191
0,28639,10.0,1789195618090,111383742934884
1,28639,70.0,1789195618090,111383742934884
2,28639,10.0,1789195618090,111383742934884
3,28639,88.9,1789195618090,111383742934884
4,28639,30.0,1789195618090,111383742934884
5,28639,44.4,1789195618090,111383742934884
6,28639,40.0,1789195618090,111383742934884
7,28639,63.6,1789195618090,111383742934884
0,28740,0.0,1789195618191,111383745346222
1,28740,9.1,1789195618191,111383745346222
2,28740,40.0,1789195618191,111383745346222
3,28740,100.0,1789195618191,111383745346222
4,28740,20.0,1789195618191,111383745346222
5,28740,75.0,1789195618191,111383745346222
6,28740,25.0,1789195618191,111383745346222
7,28740,57.1,1789195618191,111383745346222
0,28840,10.0,1789195618291,111383747758935
1,28840,37.5,1789195618291,111383747758935
2,28840,10.0,1789195618291,111383747758935
3,28840,90.0,1789195618291,111383747758935
4,28840,11.1,1789195618291,111383747758935
5,28840,70.0,1789195618291,111383747758935
6,28840,28.6,1789195618291,111383747758935
7,28840,70.0,1789195618291,111383747758935
0,28941,63.6,1789195618392,111383750170816
1,28941,10.0,1789195618392,111383750170816
2,28941,0.0,1789195618392,111383750170816
3,28941,88.9,1789195618392,111383750170816
4,28941,27.3,1789195618392,111383750170816
5,28941,33.3,1789195618392,111383750170816
6,28941,70.0,1789195618392,111383750170816
7,28941,22.2,1789195618392,111383750170816
0,29041,70.0,1789195618492,111383752582679
1,29041,36.4,1789195618492,111383752582679
2,29041,20.0,1789195618492,111383752582679
3,29041,88.9,1789195618492,111383752582679
4,29041,44.4,1789195618492,111383752582679
5,29041,10.0,1789195618492,111383752582679
6,29041,42.9,1789195618492,111383752582679
7,29041,30.0,1789195618492,111383752582679
0,29142,60.0,1789195618593,111383754995459
1,29142,0.0,1789195618593,111383754995459
2,29142,50.0,1789195618593,111383754995459
3,29142,81.8,1789195618593,111383754995459
4,29142,77.8,1789195618593,111383754995459
5,29142,70.0,1789195618593,111383754995459
6,29142,27.3,1789195618593,111383754995459
7,29142,77.8,1789195618593,111383754995459
0,29242,66.7,1789195618693,111383757410806
1,29242,11.1,1789195618693,111383757410806
2,29242,50.0,1789195618693,111383757410806
3,29242,37.5,1789195618693,111383757410806
4,29242,81.8,1789195618693,111383757410806
5,29242,22.2,1789195618693,111383757410806
6,29242,66.7,1789195618693,111383757410806
7,29242,80.0,1789195618693,111383757410806
0,29343,66.7,1789195618794,111383759831581
1,29343,20.0,1789195618794,111383759831581
2,29343,60.0,1789195618794,111383759831581
3,29343,40.0,1789195618794,111383759831581
4,29343,77.8,1789195618794,111383759831581
5,29343,72.7,1789195618794,111383759831581
6,29343,18.2,1789195618794,111383759831581
7,29343,66.7,1789195618794,111383759831581
0,29444,60.0,1789195618895,111383762244140
1,29444,22.2,1789195618895,111383762244140
2,29444,44.4,1789195618895,111383762244140
3,29444,80.0,1789195618895,111383762244140
4,29444,75.0,1789195618895,111383762244140
5,29444,45.5,1789195618895,111383762244140
6,29444,58.3,1789195618895,111383762244140
7,29444,11.1,1789195618895,111383762244140
0,29544,63.6,1789195618995,111383764662141
1,29544,90.9,1789195618995,111383764662141
2,29544,55.6,1789195618995,111383764662141
3,29544,66.7,1789195618995,111383764662141
4,29544,60.0,1789195618995,111383764662141
5,29544,25.0,1789195618995,111383764662141
6,29544,33.3,1789195618995,111383764662141
7,29544,70.0,1789195618995,111383764662141
0,29646,81.8,1789195619097,111383767089932
1,29646,60.0,1789195619097,111383767089932
2,29646,22.2,1789195619097,111383767089932
3,29646,50.0,1789195619097,111383767089932
4,29646,72.7,1789195619097,111383767089932
5,29646,54.5,1789195619097,111383767089932
6,29646,54.5,1789195619097,111383767089932
7,29646,20.0,1789195619097,111383767089932
0,29746,90.0,1789195619197,111383769508209
1,29746,33.3,1789195619197,111383769508209
2,29746,27.3,1789195619197,111383769508209
3,29746,88.9,1789195619197,111383769508209
4,29746,44.4,1789195619197,111383769508209
5,29746,81.8,1789195619197,111383769508209
6,29746,80.0,1789195619197,111383769508209
7,29746,9.1,1789195619197,111383769508209
0,29847,25.0,1789195619298,111383771928223
1,29847,30.0,1789195619298,111383771928223
2,29847,40.0,1789195619298,111383771928223
3,29847,90.0,1789195619298,111383771928223
4,29847,44.4,1789195619298,111383771928223
5,29847,70.0,1789195619298,111383771928223
6,29847,50.0,1789195619298,111383771928223
7,29847,30.0,1789195619298,111383771928223
0,29948,58.3,1789195619399,111383774340092
1,29948,33.3,1789195619399,111383774340092
2,29948,0.0,1789195619399,111383774340092
3,29948,100.0,1789195619399,111383774340092
4,29948,66.7,1789195619399,111383774340092
5,29948,66.7,1789195619399,111383774340092
6,29948,0.0,1789195619399,111383774340092
7,29948,0.0,1789195619399,111383774340092
0,30048,28.6,1789195619499,111383776756867
1,30048,10.0,1789195619499,111383776756867
2,30048,54.5,1789195619499,111383776756867
3,30048,90.9,1789195619499,111383776756867
4,30048,66.7,1789195619499,111383776756867
5,30048,70.0,1789195619499,111383776756867
6,30048,0.0,1789195619499,111383776756867
7,30048,18.2,1789195619499,111383776756867
0,30150,33.3,1789195619601,111383779190909
1,30150,9.1,1789195619601,111383779190909
2,30150,20.0,1789195619601,111383779190909
3,30150,77.8,1789195619601,111383779190909
4,30150,50.0,1789195619601,111383779190909
5,30150,63.6,1789195619601,111383779190909
6,30150,62.5,1789195619601,111383779190909
7,30150,11.1,1789195619601,111383779190909
0,30250,20.0,1789195619701,111383781603189
1,30250,62.5,1789195619701,111383781603189
2,30250,18.2,1789195619701,111383781603189
3,30250,25.0,1789195619701,111383781603189
4,30250,10.0,1789195619701,111383781603189
5,30250,72.7,1789195619701,111383781603189
6,30250,80.0,1789195619701,111383781603189
7,30250,18.2,1789195619701,111383781603189
0,30351,11.1,1789195619802,111383784028149
1,30351,70.0,1789195619802,111383784028149
2,30351,60.0,1789195619802,111383784028149
3,30351,66.7,1789195619802,111383784028149
4,30351,44.4,1789195619802,111383784028149
5,30351,55.6,1789195619802,111383784028149
6,30351,22.2,1789195619802,111383784028149
7,30351,10.0,1789195619802,111383784028149
0,30452,45.5,1789195619903,111383786449324
1,30452,63.6,1789195619903,111383786449324
2,30452,72.7,1789195619903,111383786449324
3,30452,88.9,1789195619903,111383786449324
4,30452,9.1,1789195619903,111383786449324
5,30452,0.0,1789195619903,111383786449324
6,30452,45.5,1789195619903,111383786449324
7,30452,10.0,1789195619903,111383786449324
0,30553,37.5,1789195620004,111383788862090
1,30553,72.7,1789195620004,111383788862090
2,30553,66.7,1789195620004,111383788862090
3,30553,88.9,1789195620004,111383788862090
4,30553,40.0,1789195620004,111383788862090
5,30553,0.0,1789195620004,111383788862090
6,30553,0.0,1789195620004,111383788862090
7,30553,20.0,1789195620004,111383788862090
0,30654,50.0,1789195620105,111383791278812
1,30654,25.0,1789195620105,111383791278812
2,30654,77.8,1789195620105,111383791278812
3,30654,100.0,1789195620105,111383791278812
4,30654,11.1,1789195620105,111383791278812
5,30654,54.5,1789195620105,111383791278812
6,30654,11.1,1789195620105,111383791278812
7,30654,27.3,1789195620105,111383791278812
0,30754,37.5,1789195620205,111383793696189
1,30754,0.0,1789195620205,111383793696189
2,30754,70.0,1789195620205,111383793696189
3,30754,100.0,1789195620205,111383793696189
4,30754,10.0,1789195620205,111383793696189
5,30754,66.7,1789195620205,111383793696189
6,30754,10.0,1789195620205,111383793696189
7,30754,10.0,1789195620205,111383793696189
0,30855,40.0,1789195620306,111383796108259
1,30855,0.0,1789195620306,111383796108259
2,30855,66.7,1789195620306,111383796108259
3,30855,80.0,1789195620306,111383796108259
4,30855,0.0,1789195620306,111383796108259
5,30855,62.5,1789195620306,111383796108259
6,30855,0.0,1789195620306,111383796108259
7,30855,0.0,1789195620306,111383796108259
0,30955,30.0,1789195620406,111383798521878
1,30955,0.0,1789195620406,111383798521878
2,30955,66.7,1789195620406,111383798521878
3,30955,87.5,1789195620406,111383798521878
4,30955,0.0,1789195620406,111383798521878
5,30955,62.5,1789195620406,111383798521878
6,30955,0.0,1789195620406,111383798521878
7,30955,18.2,1789195620406,111383798521878
0,31056,25.0,1789195620507,111383800933367
1,31056,0.0,1789195620507,111383800933367
2,31056,70.0,1789195620507,111383800933367
3,31056,81.8,1789195620507,111383800933367
4,31056,0.0,1789195620507,111383800933367
5,31056,63.6,1789195620507,111383800933367
6,31056,0.0,1789195620507,111383800933367
7,31056,10.0,1789195620507,111383800933367
0,31156,0.0,1789195620607,111383803346033
1,31156,0.0,1789195620607,111383803346033
2,31156,66.7,1789195620607,111383803346033
3,31156,71.4,1789195620607,111383803346033
4,31156,40.0,1789195620607,111383803346033
5,31156,66.7,1789195620607,111383803346033
6,31156,0.0,1789195620607,111383803346033
7,31156,10.0,1789195620607,111383803346033
0,31257,0.0,1789195620708,111383805757289
1,31257,0.0,1789195620708,111383805757289
2,31257,50.0,1789195620708,111383805757289
3,31257,80.0,1789195620708,111383805757289
4,31257,25.0,1789195620708,111383805757289
5,31257,66.7,1789195620708,111383805757289
6,31257,0.0,1789195620708,111383805757289
7,31257,20.0,1789195620708,111383805757289
0,31357,0.0,1789195620808,111383808168623
1,31357,0.0,1789195620808,111383808168623
2,31357,66.7,1789195620808,111383808168623
3,31357,77.8,1789195620808,111383808168623
4,31357,36.4,1789195620808,111383808168623
5,31357,66.7,1789195620808,111383808168623
6,31357,0.0,1789195620808,111383808168623
7,31357,0.0,1789195620808,111383808168623
0,31458,0.0,1789195620909,111383810580081
1,31458,0.0,1789195620909,111383810580081
2,31458,70.0,1789195620909,111383810580081
3,31458,77.8,1789195620909,111383810580081
4,31458,25.0,1789195620909,111383810580081
5,31458,60.0,1789195620909,111383810580081
6,31458,0.0,1789195620909,111383810580081
7,31458,20.0,1789195620909,111383810580081
0,31558,0.0,1789195621009,111383812991386
1,31558,0.0,1789195621009,111383812991386
2,31558,66.7,1789195621009,111383812991386
3,31558,80.0,1789195621009,111383812991386
4,31558,30.0,1789195621009,111383812991386
5,31558,66.7,1789195621009,111383812991386
6,31558,0.0,1789195621009,111383812991386
7,31558,10.0,1789195621009,111383812991386
0,31659,0.0,1789195621110,111383815402637
1,31659,0.0,1789195621110,111383815402637
2,31659,72.7,1789195621110,111383815402637
3,31659,77.8,1789195621110,111383815402637
4,31659,33.3,1789195621110,111383815402637
5,31659,63.6,1789195621110,111383815402637
6,31659,0.0,1789195621110,111383815402637
7,31659,10.0,1789195621110,111383815402637
0,31759,0.0,1789195621210,111383817814925
1,31759,0.0,1789195621210,111383817814925
2,31759,66.7,1789195621210,111383817814925
3,31759,80.0,1789195621210,111383817814925
4,31759,22.2,1789195621210,111383817814925
5,31759,62.5,1789195621210,111383817814925
6,31759,0.0,1789195621210,111383817814925
7,31759,10.0,1789195621210,111383817814925
0,31860,0.0,1789195621311,111383820225930
1,31860,0.0,1789195621311,111383820225930
2,31860,70.0,1789195621311,111383820225930
3,31860,87.5,1789195621311,111383820225930
4,31860,25.0,1789195621311,111383820225930
5,31860,60.0,1789195621311,111383820225930
6,31860,0.0,1789195621311,111383820225930
7,31860,20.0,1789195621311,111383820225930
0,31960,9.1,1789195621411,111383822637702
1,31960,0.0,1789195621411,111383822637702
2,31960,70.0,1789195621411,111383822637702
3,31960,81.8,1789195621411,111383822637702
4,31960,25.0,1789195621411,111383822637702
5,31960,70.0,1789195621411,111383822637702
6,31960,0.0,1789195621411,111383822637702
7,31960,0.0,1789195621411,111383822637702
0,32061,0.0,1789195621512,111383825048113
1,32061,0.0,1789195621512,111383825048113
2,32061,75.0,1789195621512,111383825048113
3,32061,77.8,1789195621512,111383825048113
4,32061,30.0,1789195621512,111383825048113
5,32061,60.0,1789195621512,111383825048113
6,32061,0.0,1789195621512,111383825048113
7,32061,10.0,1789195621512,111383825048113
0,32161,0.0,1789195621612,111383827459429
1,32161,0.0,1789195621612,111383827459429
2,32161,60.0,1789195621612,111383827459429
3,32161,80.0,1789195621612,111383827459429
4,32161,25.0,1789195621612,111383827459429
5,32161,66.7,1789195621612,111383827459429
6,32161,0.0,1789195621612,111383827459429
7,32161,18.2,1789195621612,111383827459429
0,32262,0.0,1789195621713,111383829870560
1,32262,0.0,1789195621713,111383829870560
2,32262,70.0,1789195621713,111383829870560
3,32262,77.8,1789195621713,111383829870560
4,32262,36.4,1789195621713,111383829870560
5,32262,63.6,1789195621713,111383829870560
6,32262,0.0,1789195621713,111383829870560
7,32262,10.0,1789195621713,111383829870560
0,32362,0.0,1789195621813,111383832282430
1,32362,0.0,1789195621813,111383832282430
2,32362,70.0,1789195621813,111383832282430
3,32362,77.8,1789195621813,111383832282430
4,32362,0.0,1789195621813,111383832282430
5,32362,70.0,1789195621813,111383832282430
6,32362,0.0,1789195621813,111383832282430
7,32362,10.0,1789195621813,111383832282430
0,32462,0.0,1789195621913,111383834693605
1,32462,0.0,1789195621913,111383834693605
2,32462,66.7,1789195621913,111383834693605
3,32462,77.8,1789195621913,111383834693605
4,32462,41.7,1789195621913,111383834693605
5,32462,60.0,1789195621913,111383834693605
6,32462,0.0,1789195621913,111383834693605
7,32462,10.0,1789195621913,111383834693605
0,32563,0.0,1789195622014,111383837104788
1,32563,0.0,1789195622014,111383837104788
2,32563,66.7,1789195622014,111383837104788
3,32563,80.0,1789195622014,111383837104788
4,32563,33.3,1789195622014,111383837104788
5,32563,70.0,1789195622014,111383837104788
6,32563,0.0,1789195622014,111383837104788
7,32563,20.0,1789195622014,111383837104788
0,32663,0.0,1789195622114,111383839515896
1,32663,0.0,1789195622114,111383839515896
2,32663,72.7,1789195622114,111383839515896
3,32663,75.0,1789195622114,111383839515896
4,32663,14.3,1789195622114,111383839515896
5,32663,55.6,1789195622114,111383839515896
6,32663,0.0,1789195622114,111383839515896
7,32663,0.0,1789195622114,111383839515896
0,32764,0.0,1789195622215,111383841927995
1,32764,0.0,1789195622215,111383841927995
2,32764,66.7,1789195622215,111383841927995
3,32764,87.5,1789195622215,111383841927995
4,32764,36.4,1789195622215,111383841927995
5,32764,63.6,1789195622215,111383841927995
6,32764,0.0,1789195622215,111383841927995
7,32764,18.2,1789195622215,111383841927995
0,32864,9.1,1789195622315,111383844339846
1,32864,18.2,1789195622315,111383844339846
2,32864,66.7,1789195622315,111383844339846
3,32864,70.0,1789195622315,111383844339846
4,32864,70.0,1789195622315,111383844339846
5,32864,40.0,1789195622315,111383844339846
6,32864,40.0,1789195622315,111383844339846
7,32864,10.0,1789195622315,111383844339846
0,32965,0.0,1789195622416,111383846752562
1,32965,50.0,1789195622416,111383846752562
2,32965,70.0,1789195622416,111383846752562
3,32965,80.0,1789195622416,111383846752562
4,32965,77.8,1789195622416,111383846752562
5,32965,0.0,1789195622416,111383846752562
6,32965,0.0,1789195622416,111383846752562
7,32965,10.0,1789195622416,111383846752562
0,33066,11.1,1789195622517,111383849178785
1,33066,10.0,1789195622517,111383849178785
2,33066,66.7,1789195622517,111383849178785
3,33066,77.8,1789195622517,111383849178785
4,33066,66.7,1789195622517,111383849178785
5,33066,33.3,1789195622517,111383849178785
6,33066,44.4,1789195622517,111383849178785
7,33066,10.0,1789195622517,111383849178785
0,33167,45.5,1789195622618,111383851590688
1,33167,0.0,1789195622618,111383851590688
2,33167,30.0,1789195622618,111383851590688
3,33167,88.9,1789195622618,111383851590688
4,33167,70.0,1789195622618,111383851590688
5,33167,0.0,1789195622618,111383851590688
6,33167,66.7,1789195622618,111383851590688
7,33167,20.0,1789195622618,111383851590688
0,33267,54.5,1789195622718,111383854006892
1,33267,0.0,1789195622718,111383854006892
2,33267,20.0,1789195622718,111383854006892
3,33267,90.0,1789195622718,111383854006892
4,33267,66.7,1789195622718,111383854006892
5,33267,10.0,1789195622718,111383854006892
6,33267,70.0,1789195622718,111383854006892
7,33267,18.2,1789195622718,111383854006892
0,33369,50.0,1789195622820,111383856443156
1,33369,0.0,1789195622820,111383856443156
2,33369,30.0,1789195622820,111383856443156
3,33369,90.9,1789195622820,111383856443156
4,33369,75.0,1789195622820,111383856443156
5,33369,0.0,1789195622820,111383856443156
6,33369,72.7,1789195622820,111383856443156
7,33369,11.1,1789195622820,111383856443156
0,33469,37.5,1789195622920,111383858854989
1,33469,45.5,1789195622920,111383858854989
2,33469,0.0,1789195622920,111383858854989
3,33469,100.0,1789195622920,111383858854989
4,33469,66.7,1789195622920,111383858854989
5,33469,27.3,1789195622920,111383858854989
6,33469,66.7,1789195622920,111383858854989
7,33469,10.0,1789195622920,111383858854989
0,33570,50.0,1789195623021,111383861266650
1,33570,10.0,1789195623021,111383861266650
2,33570,50.0,1789195623021,111383861266650
3,33570,90.0,1789195623021,111383861266650
4,33570,62.5,1789195623021,111383861266650
5,33570,0.0,1789195623021,111383861266650
6,33570,70.0,1789195623021,111383861266650
7,33570,27.3,1789195623021,111383861266650
0,33670,0.0,1789195623121,111383863678506
1,33670,60.0,1789195623121,111383863678506
2,33670,20.0,1789195623121,111383863678506
3,33670,90.0,1789195623121,111383863678506
4,33670,72.7,1789195623121,111383863678506
5,33670,11.1,1789195623121,111383863678506
6,33670,66.7,1789195623121,111383863678506
7,33670,0.0,1789195623121,111383863678506
0,33771,44.4,1789195623222,111383866090280
1,33771,10.0,1789195623222,111383866090280
2,33771,20.0,1789195623222,111383866090280
3,33771,100.0,1789195623222,111383866090280
4,33771,62.5,1789195623222,111383866090280
5,33771,10.0,1789195623222,111383866090280
6,33771,66.7,1789195623222,111383866090280
7,33771,20.0,1789195623222,111383866090280
0,33803,0.0,1789195623254,111383866860997
1,33803,33.3,1789195623254,111383866860997
2,33803,0.0,1789195623254,111383866860997
3,33803,75.0,1789195623254,111383866860997
4,33803,66.7,1789195623254,111383866860997
5,33803,33.3,1789195623254,111383866860997
6,33803,75.0,1789195623254,111383866860997
7,33803,33.3,1789195623254,111383866860997
