cpu,t_ms,busy_pct,epoch_ms,rdtime_ticks
0,100,9.1,1789525856415,119309370825500
1,100,9.1,1789525856415,119309370825500
2,100,0.0,1789525856415,119309370825500
3,100,0.0,1789525856415,119309370825500
4,100,0.0,1789525856415,119309370825500
5,100,0.0,1789525856415,119309370825500
6,100,0.0,1789525856415,119309370825500
7,100,0.0,1789525856415,119309370825500
0,201,0.0,1789525856516,119309373237198
1,201,0.0,1789525856516,119309373237198
2,201,0.0,1789525856516,119309373237198
3,201,0.0,1789525856516,119309373237198
4,201,0.0,1789525856516,119309373237198
5,201,0.0,1789525856516,119309373237198
6,201,0.0,1789525856516,119309373237198
7,201,0.0,1789525856516,119309373237198
0,301,0.0,1789525856616,119309375647295
1,301,0.0,1789525856616,119309375647295
2,301,0.0,1789525856616,119309375647295
3,301,0.0,1789525856616,119309375647295
4,301,0.0,1789525856616,119309375647295
5,301,0.0,1789525856616,119309375647295
6,301,0.0,1789525856616,119309375647295
7,301,10.0,1789525856616,119309375647295
0,402,0.0,1789525856717,119309378056553
1,402,0.0,1789525856717,119309378056553
2,402,0.0,1789525856717,119309378056553
3,402,0.0,1789525856717,119309378056553
4,402,0.0,1789525856717,119309378056553
5,402,0.0,1789525856717,119309378056553
6,402,0.0,1789525856717,119309378056553
7,402,0.0,1789525856717,119309378056553
0,502,0.0,1789525856817,119309380464659
1,502,0.0,1789525856817,119309380464659
2,502,0.0,1789525856817,119309380464659
3,502,0.0,1789525856817,119309380464659
4,502,0.0,1789525856817,119309380464659
5,502,0.0,1789525856817,119309380464659
6,502,0.0,1789525856817,119309380464659
7,502,0.0,1789525856817,119309380464659
0,602,18.2,1789525856917,119309382877054
1,602,10.0,1789525856917,119309382877054
2,602,20.0,1789525856917,119309382877054
3,602,36.4,1789525856917,119309382877054
4,602,9.1,1789525856917,119309382877054
5,602,10.0,1789525856917,119309382877054
6,602,0.0,1789525856917,119309382877054
7,602,18.2,1789525856917,119309382877054
0,703,0.0,1789525857018,119309385289227
1,703,0.0,1789525857018,119309385289227
2,703,0.0,1789525857018,119309385289227
3,703,22.2,1789525857018,119309385289227
4,703,40.0,1789525857018,119309385289227
5,703,0.0,1789525857018,119309385289227
6,703,0.0,1789525857018,119309385289227
7,703,0.0,1789525857018,119309385289227
0,803,0.0,1789525857118,119309387701695
1,803,0.0,1789525857118,119309387701695
2,803,10.0,1789525857118,119309387701695
3,803,36.4,1789525857118,119309387701695
4,803,10.0,1789525857118,119309387701695
5,803,0.0,1789525857118,119309387701695
6,803,10.0,1789525857118,119309387701695
7,803,20.0,1789525857118,119309387701695
0,904,0.0,1789525857219,119309390116700
1,904,10.0,1789525857219,119309390116700
2,904,10.0,1789525857219,119309390116700
3,904,0.0,1789525857219,119309390116700
4,904,10.0,1789525857219,119309390116700
5,904,0.0,1789525857219,119309390116700
6,904,11.1,1789525857219,119309390116700
7,904,0.0,1789525857219,119309390116700
0,1005,0.0,1789525857320,119309392530627
1,1005,0.0,1789525857320,119309392530627
2,1005,0.0,1789525857320,119309392530627
3,1005,0.0,1789525857320,119309392530627
4,1005,0.0,1789525857320,119309392530627
5,1005,0.0,1789525857320,119309392530627
6,1005,100.0,1789525857320,119309392530627
7,1005,0.0,1789525857320,119309392530627
0,1105,9.1,1789525857420,119309394944393
1,1105,0.0,1789525857420,119309394944393
2,1105,0.0,1789525857420,119309394944393
3,1105,0.0,1789525857420,119309394944393
4,1105,0.0,1789525857420,119309394944393
5,1105,0.0,1789525857420,119309394944393
6,1105,100.0,1789525857420,119309394944393
7,1105,0.0,1789525857420,119309394944393
0,1206,0.0,1789525857521,119309397358124
1,1206,0.0,1789525857521,119309397358124
2,1206,0.0,1789525857521,119309397358124
3,1206,0.0,1789525857521,119309397358124
4,1206,0.0,1789525857521,119309397358124
5,1206,0.0,1789525857521,119309397358124
6,1206,100.0,1789525857521,119309397358124
7,1206,0.0,1789525857521,119309397358124
0,1306,0.0,1789525857621,119309399770209
1,1306,0.0,1789525857621,119309399770209
2,1306,0.0,1789525857621,119309399770209
3,1306,0.0,1789525857621,119309399770209
4,1306,0.0,1789525857621,119309399770209
5,1306,0.0,1789525857621,119309399770209
6,1306,100.0,1789525857621,119309399770209
7,1306,0.0,1789525857621,119309399770209
0,1407,0.0,1789525857722,119309402183704
1,1407,0.0,1789525857722,119309402183704
2,1407,0.0,1789525857722,119309402183704
3,1407,0.0,1789525857722,119309402183704
4,1407,0.0,1789525857722,119309402183704
5,1407,0.0,1789525857722,119309402183704
6,1407,100.0,1789525857722,119309402183704
7,1407,0.0,1789525857722,119309402183704
0,1507,0.0,1789525857822,119309404595574
1,1507,0.0,1789525857822,119309404595574
2,1507,0.0,1789525857822,119309404595574
3,1507,0.0,1789525857822,119309404595574
4,1507,0.0,1789525857822,119309404595574
5,1507,0.0,1789525857822,119309404595574
6,1507,100.0,1789525857822,119309404595574
7,1507,0.0,1789525857822,119309404595574
0,1608,0.0,1789525857923,119309407007393
1,1608,0.0,1789525857923,119309407007393
2,1608,0.0,1789525857923,119309407007393
3,1608,0.0,1789525857923,119309407007393
4,1608,0.0,1789525857923,119309407007393
5,1608,0.0,1789525857923,119309407007393
6,1608,100.0,1789525857923,119309407007393
7,1608,0.0,1789525857923,119309407007393
0,1708,0.0,1789525858023,119309409420184
1,1708,0.0,1789525858023,119309409420184
2,1708,0.0,1789525858023,119309409420184
3,1708,0.0,1789525858023,119309409420184
4,1708,0.0,1789525858023,119309409420184
5,1708,0.0,1789525858023,119309409420184
6,1708,100.0,1789525858023,119309409420184
7,1708,9.1,1789525858023,119309409420184
0,1809,0.0,1789525858124,119309411831792
1,1809,0.0,1789525858124,119309411831792
2,1809,0.0,1789525858124,119309411831792
3,1809,0.0,1789525858124,119309411831792
4,1809,0.0,1789525858124,119309411831792
5,1809,0.0,1789525858124,119309411831792
6,1809,100.0,1789525858124,119309411831792
7,1809,0.0,1789525858124,119309411831792
0,1909,0.0,1789525858224,119309414243421
1,1909,0.0,1789525858224,119309414243421
2,1909,0.0,1789525858224,119309414243421
3,1909,0.0,1789525858224,119309414243421
4,1909,0.0,1789525858224,119309414243421
5,1909,0.0,1789525858224,119309414243421
6,1909,100.0,1789525858224,119309414243421
7,1909,0.0,1789525858224,119309414243421
0,2010,0.0,1789525858325,119309416657222
1,2010,0.0,1789525858325,119309416657222
2,2010,0.0,1789525858325,119309416657222
3,2010,0.0,1789525858325,119309416657222
4,2010,0.0,1789525858325,119309416657222
5,2010,0.0,1789525858325,119309416657222
6,2010,100.0,1789525858325,119309416657222
7,2010,0.0,1789525858325,119309416657222
0,2110,0.0,1789525858425,119309419070768
1,2110,0.0,1789525858425,119309419070768
2,2110,0.0,1789525858425,119309419070768
3,2110,0.0,1789525858425,119309419070768
4,2110,66.7,1789525858425,119309419070768
5,2110,0.0,1789525858425,119309419070768
6,2110,22.2,1789525858425,119309419070768
7,2110,0.0,1789525858425,119309419070768
0,2211,0.0,1789525858526,119309421483743
1,2211,0.0,1789525858526,119309421483743
2,2211,0.0,1789525858526,119309421483743
3,2211,0.0,1789525858526,119309421483743
4,2211,100.0,1789525858526,119309421483743
5,2211,0.0,1789525858526,119309421483743
6,2211,0.0,1789525858526,119309421483743
7,2211,0.0,1789525858526,119309421483743
0,2312,0.0,1789525858627,119309423898386
1,2312,0.0,1789525858627,119309423898386
2,2312,0.0,1789525858627,119309423898386
3,2312,0.0,1789525858627,119309423898386
4,2312,100.0,1789525858627,119309423898386
5,2312,0.0,1789525858627,119309423898386
6,2312,0.0,1789525858627,119309423898386
7,2312,0.0,1789525858627,119309423898386
0,2412,9.1,1789525858727,119309426312759
1,2412,0.0,1789525858727,119309426312759
2,2412,0.0,1789525858727,119309426312759
3,2412,0.0,1789525858727,119309426312759
4,2412,90.9,1789525858727,119309426312759
5,2412,0.0,1789525858727,119309426312759
6,2412,0.0,1789525858727,119309426312759
7,2412,9.1,1789525858727,119309426312759
0,2513,0.0,1789525858828,119309428725539
1,2513,0.0,1789525858828,119309428725539
2,2513,0.0,1789525858828,119309428725539
3,2513,0.0,1789525858828,119309428725539
4,2513,100.0,1789525858828,119309428725539
5,2513,0.0,1789525858828,119309428725539
6,2513,0.0,1789525858828,119309428725539
7,2513,0.0,1789525858828,119309428725539
0,2613,0.0,1789525858928,119309431139932
1,2613,0.0,1789525858928,119309431139932
2,2613,0.0,1789525858928,119309431139932
3,2613,0.0,1789525858928,119309431139932
4,2613,100.0,1789525858928,119309431139932
5,2613,0.0,1789525858928,119309431139932
6,2613,0.0,1789525858928,119309431139932
7,2613,0.0,1789525858928,119309431139932
0,2714,0.0,1789525859029,119309433553710
1,2714,0.0,1789525859029,119309433553710
2,2714,9.1,1789525859029,119309433553710
3,2714,33.3,1789525859029,119309433553710
4,2714,100.0,1789525859029,119309433553710
5,2714,0.0,1789525859029,119309433553710
6,2714,0.0,1789525859029,119309433553710
7,2714,0.0,1789525859029,119309433553710
0,2814,20.0,1789525859129,119309435967501
1,2814,11.1,1789525859129,119309435967501
2,2814,20.0,1789525859129,119309435967501
3,2814,0.0,1789525859129,119309435967501
4,2814,0.0,1789525859129,119309435967501
5,2814,20.0,1789525859129,119309435967501
6,2814,20.0,1789525859129,119309435967501
7,2814,18.2,1789525859129,119309435967501
0,2915,10.0,1789525859230,119309438387910
1,2915,9.1,1789525859230,119309438387910
2,2915,0.0,1789525859230,119309438387910
3,2915,0.0,1789525859230,119309438387910
4,2915,72.7,1789525859230,119309438387910
5,2915,80.0,1789525859230,119309438387910
6,2915,72.7,1789525859230,119309438387910
7,2915,0.0,1789525859230,119309438387910
0,3016,0.0,1789525859331,119309440809547
1,3016,0.0,1789525859331,119309440809547
2,3016,0.0,1789525859331,119309440809547
3,3016,0.0,1789525859331,119309440809547
4,3016,100.0,1789525859331,119309440809547
5,3016,100.0,1789525859331,119309440809547
6,3016,100.0,1789525859331,119309440809547
7,3016,0.0,1789525859331,119309440809547
0,3117,8.3,1789525859432,119309443225142
1,3117,0.0,1789525859432,119309443225142
2,3117,0.0,1789525859432,119309443225142
3,3117,0.0,1789525859432,119309443225142
4,3117,100.0,1789525859432,119309443225142
5,3117,100.0,1789525859432,119309443225142
6,3117,100.0,1789525859432,119309443225142
7,3117,0.0,1789525859432,119309443225142
0,3217,0.0,1789525859532,119309445638738
1,3217,0.0,1789525859532,119309445638738
2,3217,0.0,1789525859532,119309445638738
3,3217,0.0,1789525859532,119309445638738
4,3217,100.0,1789525859532,119309445638738
5,3217,100.0,1789525859532,119309445638738
6,3217,100.0,1789525859532,119309445638738
7,3217,0.0,1789525859532,119309445638738
0,3318,0.0,1789525859633,119309448054374
1,3318,10.0,1789525859633,119309448054374
2,3318,0.0,1789525859633,119309448054374
3,3318,25.0,1789525859633,119309448054374
4,3318,100.0,1789525859633,119309448054374
5,3318,90.9,1789525859633,119309448054374
6,3318,100.0,1789525859633,119309448054374
7,3318,0.0,1789525859633,119309448054374
0,3419,22.2,1789525859734,119309450469576
1,3419,0.0,1789525859734,119309450469576
2,3419,20.0,1789525859734,119309450469576
3,3419,11.1,1789525859734,119309450469576
4,3419,100.0,1789525859734,119309450469576
5,3419,22.2,1789525859734,119309450469576
6,3419,20.0,1789525859734,119309450469576
7,3419,0.0,1789525859734,119309450469576
0,3519,10.0,1789525859834,119309452887622
1,3519,11.1,1789525859834,119309452887622
2,3519,0.0,1789525859834,119309452887622
3,3519,0.0,1789525859834,119309452887622
4,3519,75.0,1789525859834,119309452887622
5,3519,40.0,1789525859834,119309452887622
6,3519,40.0,1789525859834,119309452887622
7,3519,40.0,1789525859834,119309452887622
0,3620,9.1,1789525859935,119309455302673
1,3620,9.1,1789525859935,119309455302673
2,3620,0.0,1789525859935,119309455302673
3,3620,0.0,1789525859935,119309455302673
4,3620,100.0,1789525859935,119309455302673
5,3620,80.0,1789525859935,119309455302673
6,3620,90.0,1789525859935,119309455302673
7,3620,90.0,1789525859935,119309455302673
0,3721,0.0,1789525860036,119309457720461
1,3721,0.0,1789525860036,119309457720461
2,3721,0.0,1789525860036,119309457720461
3,3721,9.1,1789525860036,119309457720461
4,3721,90.0,1789525860036,119309457720461
5,3721,90.0,1789525860036,119309457720461
6,3721,81.8,1789525860036,119309457720461
7,3721,80.0,1789525860036,119309457720461
0,3821,0.0,1789525860136,119309460133637
1,3821,0.0,1789525860136,119309460133637
2,3821,0.0,1789525860136,119309460133637
3,3821,0.0,1789525860136,119309460133637
4,3821,100.0,1789525860136,119309460133637
5,3821,77.8,1789525860136,119309460133637
6,3821,87.5,1789525860136,119309460133637
7,3821,88.9,1789525860136,119309460133637
0,3922,77.8,1789525860237,119309462554437
1,3922,0.0,1789525860237,119309462554437
2,3922,0.0,1789525860237,119309462554437
3,3922,0.0,1789525860237,119309462554437
4,3922,100.0,1789525860237,119309462554437
5,3922,90.0,1789525860237,119309462554437
6,3922,81.8,1789525860237,119309462554437
7,3922,81.8,1789525860237,119309462554437
0,4023,100.0,1789525860338,119309464979313
1,4023,0.0,1789525860338,119309464979313
2,4023,0.0,1789525860338,119309464979313
3,4023,0.0,1789525860338,119309464979313
4,4023,90.0,1789525860338,119309464979313
5,4023,80.0,1789525860338,119309464979313
6,4023,90.9,1789525860338,119309464979313
7,4023,90.0,1789525860338,119309464979313
0,4124,100.0,1789525860439,119309467394862
1,4124,0.0,1789525860439,119309467394862
2,4124,0.0,1789525860439,119309467394862
3,4124,0.0,1789525860439,119309467394862
4,4124,100.0,1789525860439,119309467394862
5,4124,88.9,1789525860439,119309467394862
6,4124,80.0,1789525860439,119309467394862
7,4124,81.8,1789525860439,119309467394862
0,4225,100.0,1789525860540,119309469808409
1,4225,10.0,1789525860540,119309469808409
2,4225,0.0,1789525860540,119309469808409
3,4225,0.0,1789525860540,119309469808409
4,4225,100.0,1789525860540,119309469808409
5,4225,81.8,1789525860540,119309469808409
6,4225,88.9,1789525860540,119309469808409
7,4225,90.0,1789525860540,119309469808409
0,4325,55.6,1789525860640,119309472221510
1,4325,0.0,1789525860640,119309472221510
2,4325,0.0,1789525860640,119309472221510
3,4325,20.0,1789525860640,119309472221510
4,4325,90.9,1789525860640,119309472221510
5,4325,88.9,1789525860640,119309472221510
6,4325,80.0,1789525860640,119309472221510
7,4325,80.0,1789525860640,119309472221510
0,4426,0.0,1789525860741,119309474646853
1,4426,0.0,1789525860741,119309474646853
2,4426,0.0,1789525860741,119309474646853
3,4426,0.0,1789525860741,119309474646853
4,4426,100.0,1789525860741,119309474646853
5,4426,83.3,1789525860741,119309474646853
6,4426,81.8,1789525860741,119309474646853
7,4426,90.0,1789525860741,119309474646853
0,4527,0.0,1789525860842,119309477059524
1,4527,0.0,1789525860842,119309477059524
2,4527,0.0,1789525860842,119309477059524
3,4527,0.0,1789525860842,119309477059524
4,4527,100.0,1789525860842,119309477059524
5,4527,90.0,1789525860842,119309477059524
6,4527,90.0,1789525860842,119309477059524
7,4527,81.8,1789525860842,119309477059524
0,4627,0.0,1789525860942,119309479472592
1,4627,0.0,1789525860942,119309479472592
2,4627,9.1,1789525860942,119309479472592
3,4627,0.0,1789525860942,119309479472592
4,4627,100.0,1789525860942,119309479472592
5,4627,88.9,1789525860942,119309479472592
6,4627,90.0,1789525860942,119309479472592
7,4627,88.9,1789525860942,119309479472592
0,4728,0.0,1789525861043,119309481885574
1,4728,0.0,1789525861043,119309481885574
2,4728,0.0,1789525861043,119309481885574
3,4728,10.0,1789525861043,119309481885574
4,4728,100.0,1789525861043,119309481885574
5,4728,90.0,1789525861043,119309481885574
6,4728,80.0,1789525861043,119309481885574
7,4728,88.9,1789525861043,119309481885574
0,4828,0.0,1789525861143,119309484300184
1,4828,0.0,1789525861143,119309484300184
2,4828,0.0,1789525861143,119309484300184
3,4828,0.0,1789525861143,119309484300184
4,4828,100.0,1789525861143,119309484300184
5,4828,80.0,1789525861143,119309484300184
6,4828,90.0,1789525861143,119309484300184
7,4828,83.3,1789525861143,119309484300184
0,4929,9.1,1789525861244,119309486715859
1,4929,0.0,1789525861244,119309486715859
2,4929,0.0,1789525861244,119309486715859
3,4929,0.0,1789525861244,119309486715859
4,4929,90.0,1789525861244,119309486715859
5,4929,88.9,1789525861244,119309486715859
6,4929,80.0,1789525861244,119309486715859
7,4929,88.9,1789525861244,119309486715859
0,5030,0.0,1789525861345,119309489132732
1,5030,0.0,1789525861345,119309489132732
2,5030,0.0,1789525861345,119309489132732
3,5030,0.0,1789525861345,119309489132732
4,5030,100.0,1789525861345,119309489132732
5,5030,88.9,1789525861345,119309489132732
6,5030,87.5,1789525861345,119309489132732
7,5030,88.9,1789525861345,119309489132732
0,5131,0.0,1789525861446,119309491551998
1,5131,0.0,1789525861446,119309491551998
2,5131,0.0,1789525861446,119309491551998
3,5131,0.0,1789525861446,119309491551998
4,5131,100.0,1789525861446,119309491551998
5,5131,80.0,1789525861446,119309491551998
6,5131,90.0,1789525861446,119309491551998
7,5131,77.8,1789525861446,119309491551998
0,5231,0.0,1789525861546,119309493970668
1,5231,0.0,1789525861546,119309493970668
2,5231,0.0,1789525861546,119309493970668
3,5231,0.0,1789525861546,119309493970668
4,5231,100.0,1789525861546,119309493970668
5,5231,90.0,1789525861546,119309493970668
6,5231,80.0,1789525861546,119309493970668
7,5231,90.0,1789525861546,119309493970668
0,5332,0.0,1789525861647,119309496383919
1,5332,0.0,1789525861647,119309496383919
2,5332,0.0,1789525861647,119309496383919
3,5332,0.0,1789525861647,119309496383919
4,5332,100.0,1789525861647,119309496383919
5,5332,88.9,1789525861647,119309496383919
6,5332,88.9,1789525861647,119309496383919
7,5332,80.0,1789525861647,119309496383919
0,5433,0.0,1789525861748,119309498810892
1,5433,0.0,1789525861748,119309498810892
2,5433,0.0,1789525861748,119309498810892
3,5433,0.0,1789525861748,119309498810892
4,5433,90.0,1789525861748,119309498810892
5,5433,77.8,1789525861748,119309498810892
6,5433,77.8,1789525861748,119309498810892
7,5433,85.7,1789525861748,119309498810892
0,5534,0.0,1789525861849,119309501224156
1,5534,0.0,1789525861849,119309501224156
2,5534,0.0,1789525861849,119309501224156
3,5534,0.0,1789525861849,119309501224156
4,5534,100.0,1789525861849,119309501224156
5,5534,90.0,1789525861849,119309501224156
6,5534,90.0,1789525861849,119309501224156
7,5534,90.0,1789525861849,119309501224156
0,5634,0.0,1789525861949,119309503637276
1,5634,0.0,1789525861949,119309503637276
2,5634,0.0,1789525861949,119309503637276
3,5634,10.0,1789525861949,119309503637276
4,5634,100.0,1789525861949,119309503637276
5,5634,88.9,1789525861949,119309503637276
6,5634,88.9,1789525861949,119309503637276
7,5634,81.8,1789525861949,119309503637276
0,5735,0.0,1789525862050,119309506050315
1,5735,0.0,1789525862050,119309506050315
2,5735,9.1,1789525862050,119309506050315
3,5735,0.0,1789525862050,119309506050315
4,5735,100.0,1789525862050,119309506050315
5,5735,88.9,1789525862050,119309506050315
6,5735,81.8,1789525862050,119309506050315
7,5735,88.9,1789525862050,119309506050315
0,5836,0.0,1789525862151,119309508481797
1,5836,0.0,1789525862151,119309508481797
2,5836,0.0,1789525862151,119309508481797
3,5836,0.0,1789525862151,119309508481797
4,5836,100.0,1789525862151,119309508481797
5,5836,90.9,1789525862151,119309508481797
6,5836,88.9,1789525862151,119309508481797
7,5836,80.0,1789525862151,119309508481797
0,5936,0.0,1789525862251,119309510894850
1,5936,0.0,1789525862251,119309510894850
2,5936,0.0,1789525862251,119309510894850
3,5936,0.0,1789525862251,119309510894850
4,5936,100.0,1789525862251,119309510894850
5,5936,81.8,1789525862251,119309510894850
6,5936,88.9,1789525862251,119309510894850
7,5936,88.9,1789525862251,119309510894850
0,6037,0.0,1789525862352,119309513308085
1,6037,0.0,1789525862352,119309513308085
2,6037,0.0,1789525862352,119309513308085
3,6037,0.0,1789525862352,119309513308085
4,6037,90.0,1789525862352,119309513308085
5,6037,88.9,1789525862352,119309513308085
6,6037,80.0,1789525862352,119309513308085
7,6037,88.9,1789525862352,119309513308085
0,6138,0.0,1789525862453,119309515721060
1,6138,0.0,1789525862453,119309515721060
2,6138,0.0,1789525862453,119309515721060
3,6138,0.0,1789525862453,119309515721060
4,6138,100.0,1789525862453,119309515721060
5,6138,90.0,1789525862453,119309515721060
6,6138,90.0,1789525862453,119309515721060
7,6138,80.0,1789525862453,119309515721060
0,6238,0.0,1789525862553,119309518134024
1,6238,0.0,1789525862553,119309518134024
2,6238,0.0,1789525862553,119309518134024
3,6238,0.0,1789525862553,119309518134024
4,6238,100.0,1789525862553,119309518134024
5,6238,81.8,1789525862553,119309518134024
6,6238,90.0,1789525862553,119309518134024
7,6238,88.9,1789525862553,119309518134024
0,6340,0.0,1789525862655,119309520569228
1,6340,0.0,1789525862655,119309520569228
2,6340,0.0,1789525862655,119309520569228
3,6340,11.1,1789525862655,119309520569228
4,6340,100.0,1789525862655,119309520569228
5,6340,88.9,1789525862655,119309520569228
6,6340,80.0,1789525862655,119309520569228
7,6340,80.0,1789525862655,119309520569228
0,6440,9.1,1789525862755,119309522983644
1,6440,0.0,1789525862755,119309522983644
2,6440,0.0,1789525862755,119309522983644
3,6440,0.0,1789525862755,119309522983644
4,6440,100.0,1789525862755,119309522983644
5,6440,88.9,1789525862755,119309522983644
6,6440,90.0,1789525862755,119309522983644
7,6440,90.0,1789525862755,119309522983644
0,6541,0.0,1789525862856,119309525402027
1,6541,0.0,1789525862856,119309525402027
2,6541,0.0,1789525862856,119309525402027
3,6541,0.0,1789525862856,119309525402027
4,6541,100.0,1789525862856,119309525402027
5,6541,81.8,1789525862856,119309525402027
6,6541,81.8,1789525862856,119309525402027
7,6541,90.0,1789525862856,119309525402027
0,6642,0.0,1789525862957,119309527830806
1,6642,0.0,1789525862957,119309527830806
2,6642,0.0,1789525862957,119309527830806
3,6642,0.0,1789525862957,119309527830806
4,6642,90.9,1789525862957,119309527830806
5,6642,88.9,1789525862957,119309527830806
6,6642,88.9,1789525862957,119309527830806
7,6642,80.0,1789525862957,119309527830806
0,6743,10.0,1789525863058,119309530244083
1,6743,0.0,1789525863058,119309530244083
2,6743,0.0,1789525863058,119309530244083
3,6743,0.0,1789525863058,119309530244083
4,6743,100.0,1789525863058,119309530244083
5,6743,85.7,1789525863058,119309530244083
6,6743,75.0,1789525863058,119309530244083
7,6743,85.7,1789525863058,119309530244083
0,6843,0.0,1789525863158,119309532657649
1,6843,0.0,1789525863158,119309532657649
2,6843,0.0,1789525863158,119309532657649
3,6843,0.0,1789525863158,119309532657649
4,6843,100.0,1789525863158,119309532657649
5,6843,77.8,1789525863158,119309532657649
6,6843,85.7,1789525863158,119309532657649
7,6843,75.0,1789525863158,119309532657649
0,6945,55.6,1789525863260,119309535091286
1,6945,40.0,1789525863260,119309535091286
2,6945,0.0,1789525863260,119309535091286
3,6945,22.2,1789525863260,119309535091286
4,6945,88.9,1789525863260,119309535091286
5,6945,66.7,1789525863260,119309535091286
6,6945,66.7,1789525863260,119309535091286
7,6945,70.0,1789525863260,119309535091286
0,7045,63.6,1789525863360,119309537509055
1,7045,40.0,1789525863360,119309537509055
2,7045,50.0,1789525863360,119309537509055
3,7045,30.0,1789525863360,119309537509055
4,7045,90.9,1789525863360,119309537509055
5,7045,81.8,1789525863360,119309537509055
6,7045,72.7,1789525863360,119309537509055
7,7045,80.0,1789525863360,119309537509055
0,7147,77.8,1789525863462,119309539936260
1,7147,66.7,1789525863462,119309539936260
2,7147,85.7,1789525863462,119309539936260
3,7147,70.0,1789525863462,119309539936260
4,7147,100.0,1789525863462,119309539936260
5,7147,88.9,1789525863462,119309539936260
6,7147,90.9,1789525863462,119309539936260
7,7147,90.0,1789525863462,119309539936260
0,7247,66.7,1789525863562,119309542350204
1,7247,70.0,1789525863562,119309542350204
2,7247,81.8,1789525863562,119309542350204
3,7247,80.0,1789525863562,119309542350204
4,7247,90.0,1789525863562,119309542350204
5,7247,75.0,1789525863562,119309542350204
6,7247,87.5,1789525863562,119309542350204
7,7247,77.8,1789525863562,119309542350204
0,7348,70.0,1789525863663,119309544766238
1,7348,62.5,1789525863663,119309544766238
2,7348,57.1,1789525863663,119309544766238
3,7348,88.9,1789525863663,119309544766238
4,7348,100.0,1789525863663,119309544766238
5,7348,87.5,1789525863663,119309544766238
6,7348,85.7,1789525863663,119309544766238
7,7348,87.5,1789525863663,119309544766238
0,7448,75.0,1789525863763,119309547181521
1,7448,66.7,1789525863763,119309547181521
2,7448,60.0,1789525863763,119309547181521
3,7448,70.0,1789525863763,119309547181521
4,7448,100.0,1789525863763,119309547181521
5,7448,90.9,1789525863763,119309547181521
6,7448,81.8,1789525863763,119309547181521
7,7448,90.0,1789525863763,119309547181521
0,7549,62.5,1789525863864,119309549599808
1,7549,77.8,1789525863864,119309549599808
2,7549,70.0,1789525863864,119309549599808
3,7549,62.5,1789525863864,119309549599808
4,7549,100.0,1789525863864,119309549599808
5,7549,90.0,1789525863864,119309549599808
6,7549,88.9,1789525863864,119309549599808
7,7549,88.9,1789525863864,119309549599808
0,7650,72.7,1789525863965,119309552016659
1,7650,66.7,1789525863965,119309552016659
2,7650,66.7,1789525863965,119309552016659
3,7650,80.0,1789525863965,119309552016659
4,7650,100.0,1789525863965,119309552016659
5,7650,87.5,1789525863965,119309552016659
6,7650,88.9,1789525863965,119309552016659
7,7650,88.9,1789525863965,119309552016659
0,7751,72.7,1789525864066,119309554437814
1,7751,63.6,1789525864066,119309554437814
2,7751,70.0,1789525864066,119309554437814
3,7751,87.5,1789525864066,119309554437814
4,7751,90.9,1789525864066,119309554437814
5,7751,90.9,1789525864066,119309554437814
6,7751,90.9,1789525864066,119309554437814
7,7751,81.8,1789525864066,119309554437814
0,7851,77.8,1789525864166,119309556852161
1,7851,77.8,1789525864166,119309556852161
2,7851,70.0,1789525864166,119309556852161
3,7851,60.0,1789525864166,119309556852161
4,7851,100.0,1789525864166,119309556852161
5,7851,80.0,1789525864166,119309556852161
6,7851,80.0,1789525864166,119309556852161
7,7851,90.0,1789525864166,119309556852161
0,7952,75.0,1789525864267,119309559267076
1,7952,70.0,1789525864267,119309559267076
2,7952,70.0,1789525864267,119309559267076
3,7952,60.0,1789525864267,119309559267076
4,7952,100.0,1789525864267,119309559267076
5,7952,87.5,1789525864267,119309559267076
6,7952,87.5,1789525864267,119309559267076
7,7952,88.9,1789525864267,119309559267076
0,8054,72.7,1789525864369,119309561705742
1,8054,70.0,1789525864369,119309561705742
2,8054,100.0,1789525864369,119309561705742
3,8054,66.7,1789525864369,119309561705742
4,8054,100.0,1789525864369,119309561705742
5,8054,88.9,1789525864369,119309561705742
6,8054,88.9,1789525864369,119309561705742
7,8054,87.5,1789525864369,119309561705742
0,8154,70.0,1789525864469,119309564119264
1,8154,66.7,1789525864469,119309564119264
2,8154,77.8,1789525864469,119309564119264
3,8154,70.0,1789525864469,119309564119264
4,8154,100.0,1789525864469,119309564119264
5,8154,88.9,1789525864469,119309564119264
6,8154,80.0,1789525864469,119309564119264
7,8154,81.8,1789525864469,119309564119264
0,8255,62.5,1789525864570,119309566533706
1,8255,77.8,1789525864570,119309566533706
2,8255,62.5,1789525864570,119309566533706
3,8255,55.6,1789525864570,119309566533706
4,8255,90.9,1789525864570,119309566533706
5,8255,90.0,1789525864570,119309566533706
6,8255,90.0,1789525864570,119309566533706
7,8255,90.0,1789525864570,119309566533706
0,8355,77.8,1789525864670,119309568947315
1,8355,70.0,1789525864670,119309568947315
2,8355,55.6,1789525864670,119309568947315
3,8355,80.0,1789525864670,119309568947315
4,8355,87.5,1789525864670,119309568947315
5,8355,80.0,1789525864670,119309568947315
6,8355,87.5,1789525864670,119309568947315
7,8355,77.8,1789525864670,119309568947315
0,8456,77.8,1789525864771,119309571363568
1,8456,55.6,1789525864771,119309571363568
2,8456,60.0,1789525864771,119309571363568
3,8456,90.0,1789525864771,119309571363568
4,8456,100.0,1789525864771,119309571363568
5,8456,90.0,1789525864771,119309571363568
6,8456,90.9,1789525864771,119309571363568
7,8456,90.0,1789525864771,119309571363568
0,8557,70.0,1789525864872,119309573778061
1,8557,70.0,1789525864872,119309573778061
2,8557,90.0,1789525864872,119309573778061
3,8557,55.6,1789525864872,119309573778061
4,8557,100.0,1789525864872,119309573778061
5,8557,80.0,1789525864872,119309573778061
6,8557,87.5,1789525864872,119309573778061
7,8557,81.8,1789525864872,119309573778061
0,8657,70.0,1789525864972,119309576192323
1,8657,66.7,1789525864972,119309576192323
2,8657,90.0,1789525864972,119309576192323
3,8657,55.6,1789525864972,119309576192323
4,8657,90.0,1789525864972,119309576192323
5,8657,88.9,1789525864972,119309576192323
6,8657,77.8,1789525864972,119309576192323
7,8657,88.9,1789525864972,119309576192323
0,8758,62.5,1789525865073,119309578605804
1,8758,60.0,1789525865073,119309578605804
2,8758,70.0,1789525865073,119309578605804
3,8758,77.8,1789525865073,119309578605804
4,8758,100.0,1789525865073,119309578605804
5,8758,90.0,1789525865073,119309578605804
6,8758,88.9,1789525865073,119309578605804
7,8758,88.9,1789525865073,119309578605804
0,8858,77.8,1789525865173,119309581021200
1,8858,75.0,1789525865173,119309581021200
2,8858,66.7,1789525865173,119309581021200
3,8858,55.6,1789525865173,119309581021200
4,8858,100.0,1789525865173,119309581021200
5,8858,88.9,1789525865173,119309581021200
6,8858,90.0,1789525865173,119309581021200
7,8858,90.0,1789525865173,119309581021200
0,8959,62.5,1789525865274,119309583435318
1,8959,55.6,1789525865274,119309583435318
2,8959,100.0,1789525865274,119309583435318
3,8959,55.6,1789525865274,119309583435318
4,8959,100.0,1789525865274,119309583435318
5,8959,88.9,1789525865274,119309583435318
6,8959,90.0,1789525865274,119309583435318
7,8959,80.0,1789525865274,119309583435318
0,9060,77.8,1789525865375,119309585850178
1,9060,60.0,1789525865375,119309585850178
2,9060,88.9,1789525865375,119309585850178
3,9060,55.6,1789525865375,119309585850178
4,9060,90.0,1789525865375,119309585850178
5,9060,83.3,1789525865375,119309585850178
6,9060,83.3,1789525865375,119309585850178
7,9060,90.9,1789525865375,119309585850178
0,9160,77.8,1789525865475,119309588264751
1,9160,60.0,1789525865475,119309588264751
2,9160,81.8,1789525865475,119309588264751
3,9160,60.0,1789525865475,119309588264751
4,9160,100.0,1789525865475,119309588264751
5,9160,88.9,1789525865475,119309588264751
6,9160,90.0,1789525865475,119309588264751
7,9160,88.9,1789525865475,119309588264751
0,9261,77.8,1789525865576,119309590681386
1,9261,66.7,1789525865576,119309590681386
2,9261,80.0,1789525865576,119309590681386
3,9261,50.0,1789525865576,119309590681386
4,9261,100.0,1789525865576,119309590681386
5,9261,88.9,1789525865576,119309590681386
6,9261,88.9,1789525865576,119309590681386
7,9261,88.9,1789525865576,119309590681386
0,9362,70.0,1789525865677,119309593096022
1,9362,80.0,1789525865677,119309593096022
2,9362,77.8,1789525865677,119309593096022
3,9362,66.7,1789525865677,119309593096022
4,9362,100.0,1789525865677,119309593096022
5,9362,90.0,1789525865677,119309593096022
6,9362,90.0,1789525865677,119309593096022
7,9362,81.8,1789525865677,119309593096022
0,9463,71.4,1789525865778,119309595538387
1,9463,77.8,1789525865778,119309595538387
2,9463,72.7,1789525865778,119309595538387
3,9463,60.0,1789525865778,119309595538387
4,9463,90.0,1789525865778,119309595538387
5,9463,81.8,1789525865778,119309595538387
6,9463,77.8,1789525865778,119309595538387
7,9463,90.0,1789525865778,119309595538387
0,9564,66.7,1789525865879,119309597955489
1,9564,80.0,1789525865879,119309597955489
2,9564,66.7,1789525865879,119309597955489
3,9564,55.6,1789525865879,119309597955489
4,9564,100.0,1789525865879,119309597955489
5,9564,87.5,1789525865879,119309597955489
6,9564,87.5,1789525865879,119309597955489
7,9564,87.5,1789525865879,119309597955489
0,9665,100.0,1789525865980,119309600369124
1,9665,90.0,1789525865980,119309600369124
2,9665,90.0,1789525865980,119309600369124
3,9665,90.0,1789525865980,119309600369124
4,9665,62.5,1789525865980,119309600369124
5,9665,60.0,1789525865980,119309600369124
6,9665,77.8,1789525865980,119309600369124
7,9665,70.0,1789525865980,119309600369124
0,9765,100.0,1789525866080,119309602783102
1,9765,81.8,1789525866080,119309602783102
2,9765,81.8,1789525866080,119309602783102
3,9765,83.3,1789525866080,119309602783102
4,9765,66.7,1789525866080,119309602783102
5,9765,70.0,1789525866080,119309602783102
6,9765,70.0,1789525866080,119309602783102
7,9765,80.0,1789525866080,119309602783102
0,9866,100.0,1789525866181,119309605196918
1,9866,90.0,1789525866181,119309605196918
2,9866,90.0,1789525866181,119309605196918
3,9866,88.9,1789525866181,119309605196918
4,9866,60.0,1789525866181,119309605196918
5,9866,70.0,1789525866181,119309605196918
6,9866,88.9,1789525866181,119309605196918
7,9866,66.7,1789525866181,119309605196918
0,9966,90.0,1789525866281,119309607610838
1,9966,81.8,1789525866281,119309607610838
2,9966,88.9,1789525866281,119309607610838
3,9966,80.0,1789525866281,119309607610838
4,9966,77.8,1789525866281,119309607610838
5,9966,62.5,1789525866281,119309607610838
6,9966,70.0,1789525866281,119309607610838
7,9966,70.0,1789525866281,119309607610838
0,10067,100.0,1789525866382,119309610025668
1,10067,88.9,1789525866382,119309610025668
2,10067,81.8,1789525866382,119309610025668
3,10067,88.9,1789525866382,119309610025668
4,10067,62.5,1789525866382,119309610025668
5,10067,60.0,1789525866382,119309610025668
6,10067,77.8,1789525866382,119309610025668
7,10067,70.0,1789525866382,119309610025668
0,10168,100.0,1789525866483,119309612439449
1,10168,87.5,1789525866483,119309612439449
2,10168,87.5,1789525866483,119309612439449
3,10168,88.9,1789525866483,119309612439449
4,10168,70.0,1789525866483,119309612439449
5,10168,62.5,1789525866483,119309612439449
6,10168,70.0,1789525866483,119309612439449
7,10168,66.7,1789525866483,119309612439449
0,10268,100.0,1789525866583,119309614854338
1,10268,80.0,1789525866583,119309614854338
2,10268,80.0,1789525866583,119309614854338
3,10268,80.0,1789525866583,119309614854338
4,10268,70.0,1789525866583,119309614854338
5,10268,66.7,1789525866583,119309614854338
6,10268,77.8,1789525866583,119309614854338
7,10268,66.7,1789525866583,119309614854338
0,10369,90.0,1789525866684,119309617268740
1,10369,88.9,1789525866684,119309617268740
2,10369,87.5,1789525866684,119309617268740
3,10369,88.9,1789525866684,119309617268740
4,10369,60.0,1789525866684,119309617268740
5,10369,70.0,1789525866684,119309617268740
6,10369,66.7,1789525866684,119309617268740
7,10369,72.7,1789525866684,119309617268740
0,10469,100.0,1789525866784,119309619683499
1,10469,80.0,1789525866784,119309619683499
2,10469,81.8,1789525866784,119309619683499
3,10469,80.0,1789525866784,119309619683499
4,10469,62.5,1789525866784,119309619683499
5,10469,55.6,1789525866784,119309619683499
6,10469,60.0,1789525866784,119309619683499
7,10469,87.5,1789525866784,119309619683499
0,10570,100.0,1789525866885,119309622098929
1,10570,90.0,1789525866885,119309622098929
2,10570,90.0,1789525866885,119309622098929
3,10570,88.9,1789525866885,119309622098929
4,10570,70.0,1789525866885,119309622098929
5,10570,66.7,1789525866885,119309622098929
6,10570,62.5,1789525866885,119309622098929
7,10570,62.5,1789525866885,119309622098929
0,10671,90.9,1789525866986,119309624513217
1,10671,80.0,1789525866986,119309624513217
2,10671,90.0,1789525866986,119309624513217
3,10671,77.8,1789525866986,119309624513217
4,10671,87.5,1789525866986,119309624513217
5,10671,62.5,1789525866986,119309624513217
6,10671,60.0,1789525866986,119309624513217
7,10671,62.5,1789525866986,119309624513217
0,10771,100.0,1789525867086,119309626926967
1,10771,88.9,1789525867086,119309626926967
2,10771,77.8,1789525867086,119309626926967
3,10771,88.9,1789525867086,119309626926967
4,10771,66.7,1789525867086,119309626926967
5,10771,75.0,1789525867086,119309626926967
6,10771,80.0,1789525867086,119309626926967
7,10771,66.7,1789525867086,119309626926967
0,10872,100.0,1789525867187,119309629340653
1,10872,88.9,1789525867187,119309629340653
2,10872,88.9,1789525867187,119309629340653
3,10872,80.0,1789525867187,119309629340653
4,10872,66.7,1789525867187,119309629340653
5,10872,75.0,1789525867187,119309629340653
6,10872,77.8,1789525867187,119309629340653
7,10872,66.7,1789525867187,119309629340653
0,10973,100.0,1789525867288,119309631766428
1,10973,80.0,1789525867288,119309631766428
2,10973,80.0,1789525867288,119309631766428
3,10973,90.0,1789525867288,119309631766428
4,10973,70.0,1789525867288,119309631766428
5,10973,55.6,1789525867288,119309631766428
6,10973,88.9,1789525867288,119309631766428
7,10973,60.0,1789525867288,119309631766428
0,11074,90.9,1789525867389,119309634203223
1,11074,90.9,1789525867389,119309634203223
2,11074,90.0,1789525867389,119309634203223
3,11074,90.0,1789525867389,119309634203223
4,11074,55.6,1789525867389,119309634203223
5,11074,80.0,1789525867389,119309634203223
6,11074,70.0,1789525867389,119309634203223
7,11074,62.5,1789525867389,119309634203223
0,11175,100.0,1789525867490,119309636617405
1,11175,88.9,1789525867490,119309636617405
2,11175,88.9,1789525867490,119309636617405
3,11175,81.8,1789525867490,119309636617405
4,11175,62.5,1789525867490,119309636617405
5,11175,50.0,1789525867490,119309636617405
6,11175,60.0,1789525867490,119309636617405
7,11175,81.8,1789525867490,119309636617405
0,11277,100.0,1789525867592,119309639070511
1,11277,83.3,1789525867592,119309639070511
2,11277,83.3,1789525867592,119309639070511
3,11277,90.9,1789525867592,119309639070511
4,11277,70.0,1789525867592,119309639070511
5,11277,90.0,1789525867592,119309639070511
6,11277,62.5,1789525867592,119309639070511
7,11277,66.7,1789525867592,119309639070511
0,11378,90.0,1789525867693,119309641486352
1,11378,90.0,1789525867693,119309641486352
2,11378,90.0,1789525867693,119309641486352
3,11378,80.0,1789525867693,119309641486352
4,11378,66.7,1789525867693,119309641486352
5,11378,60.0,1789525867693,119309641486352
6,11378,72.7,1789525867693,119309641486352
7,11378,70.0,1789525867693,119309641486352
0,11479,100.0,1789525867794,119309643903659
1,11479,90.0,1789525867794,119309643903659
2,11479,90.9,1789525867794,119309643903659
3,11479,88.9,1789525867794,119309643903659
4,11479,66.7,1789525867794,119309643903659
5,11479,66.7,1789525867794,119309643903659
6,11479,71.4,1789525867794,119309643903659
7,11479,77.8,1789525867794,119309643903659
0,11579,100.0,1789525867894,119309646317472
1,11579,77.8,1789525867894,119309646317472
2,11579,88.9,1789525867894,119309646317472
3,11579,80.0,1789525867894,119309646317472
4,11579,62.5,1789525867894,119309646317472
5,11579,77.8,1789525867894,119309646317472
6,11579,55.6,1789525867894,119309646317472
7,11579,66.7,1789525867894,119309646317472
0,11680,100.0,1789525867995,119309648741318
1,11680,88.9,1789525867995,119309648741318
2,11680,80.0,1789525867995,119309648741318
3,11680,90.0,1789525867995,119309648741318
4,11680,66.7,1789525867995,119309648741318
5,11680,81.8,1789525867995,119309648741318
6,11680,66.7,1789525867995,119309648741318
7,11680,70.0,1789525867995,119309648741318
0,11781,90.0,1789525868096,119309651154621
1,11781,90.0,1789525868096,119309651154621
2,11781,88.9,1789525868096,119309651154621
3,11781,88.9,1789525868096,119309651154621
4,11781,62.5,1789525868096,119309651154621
5,11781,80.0,1789525868096,119309651154621
6,11781,70.0,1789525868096,119309651154621
7,11781,66.7,1789525868096,119309651154621
0,11882,100.0,1789525868197,119309653574379
1,11882,77.8,1789525868197,119309653574379
2,11882,77.8,1789525868197,119309653574379
3,11882,80.0,1789525868197,119309653574379
4,11882,66.7,1789525868197,119309653574379
5,11882,75.0,1789525868197,119309653574379
6,11882,62.5,1789525868197,119309653574379
7,11882,77.8,1789525868197,119309653574379
0,11982,100.0,1789525868297,119309655988083
1,11982,88.9,1789525868297,119309655988083
2,11982,90.0,1789525868297,119309655988083
3,11982,88.9,1789525868297,119309655988083
4,11982,70.0,1789525868297,119309655988083
5,11982,60.0,1789525868297,119309655988083
6,11982,55.6,1789525868297,119309655988083
7,11982,66.7,1789525868297,119309655988083
0,12083,100.0,1789525868398,119309658401887
1,12083,90.9,1789525868398,119309658401887
2,12083,90.0,1789525868398,119309658401887
3,12083,88.9,1789525868398,119309658401887
4,12083,62.5,1789525868398,119309658401887
5,12083,66.7,1789525868398,119309658401887
6,12083,81.8,1789525868398,119309658401887
7,12083,70.0,1789525868398,119309658401887
0,12183,100.0,1789525868498,119309660815677
1,12183,80.0,1789525868498,119309660815677
2,12183,80.0,1789525868498,119309660815677
3,12183,81.8,1789525868498,119309660815677
4,12183,66.7,1789525868498,119309660815677
5,12183,55.6,1789525868498,119309660815677
6,12183,88.9,1789525868498,119309660815677
7,12183,66.7,1789525868498,119309660815677
0,12285,91.7,1789525868600,119309663252340
1,12285,90.0,1789525868600,119309663252340
2,12285,90.0,1789525868600,119309663252340
3,12285,90.0,1789525868600,119309663252340
4,12285,70.0,1789525868600,119309663252340
5,12285,55.6,1789525868600,119309663252340
6,12285,88.9,1789525868600,119309663252340
7,12285,62.5,1789525868600,119309663252340
0,12386,100.0,1789525868701,119309665681231
1,12386,81.8,1789525868701,119309665681231
2,12386,81.8,1789525868701,119309665681231
3,12386,81.8,1789525868701,119309665681231
4,12386,66.7,1789525868701,119309665681231
5,12386,62.5,1789525868701,119309665681231
6,12386,75.0,1789525868701,119309665681231
7,12386,60.0,1789525868701,119309665681231
0,12487,100.0,1789525868802,119309668098818
1,12487,90.0,1789525868802,119309668098818
2,12487,88.9,1789525868802,119309668098818
3,12487,90.0,1789525868802,119309668098818
4,12487,57.1,1789525868802,119309668098818
5,12487,72.7,1789525868802,119309668098818
6,12487,77.8,1789525868802,119309668098818
7,12487,55.6,1789525868802,119309668098818
0,12587,90.0,1789525868902,119309670513774
1,12587,75.0,1789525868902,119309670513774
2,12587,77.8,1789525868902,119309670513774
3,12587,77.8,1789525868902,119309670513774
4,12587,77.8,1789525868902,119309670513774
5,12587,66.7,1789525868902,119309670513774
6,12587,90.0,1789525868902,119309670513774
7,12587,55.6,1789525868902,119309670513774
0,12688,100.0,1789525869003,119309672930033
1,12688,90.0,1789525869003,119309672930033
2,12688,88.9,1789525869003,119309672930033
3,12688,88.9,1789525869003,119309672930033
4,12688,77.8,1789525869003,119309672930033
5,12688,62.5,1789525869003,119309672930033
6,12688,62.5,1789525869003,119309672930033
7,12688,62.5,1789525869003,119309672930033
0,12789,100.0,1789525869104,119309675345400
1,12789,88.9,1789525869104,119309675345400
2,12789,80.0,1789525869104,119309675345400
3,12789,80.0,1789525869104,119309675345400
4,12789,70.0,1789525869104,119309675345400
5,12789,70.0,1789525869104,119309675345400
6,12789,90.0,1789525869104,119309675345400
7,12789,60.0,1789525869104,119309675345400
0,12889,90.0,1789525869204,119309677764296
1,12889,90.0,1789525869204,119309677764296
2,12889,90.0,1789525869204,119309677764296
3,12889,90.0,1789525869204,119309677764296
4,12889,60.0,1789525869204,119309677764296
5,12889,60.0,1789525869204,119309677764296
6,12889,81.8,1789525869204,119309677764296
7,12889,66.7,1789525869204,119309677764296
0,12990,100.0,1789525869305,119309680185338
1,12990,81.8,1789525869305,119309680185338
2,12990,81.8,1789525869305,119309680185338
3,12990,90.0,1789525869305,119309680185338
4,12990,66.7,1789525869305,119309680185338
5,12990,66.7,1789525869305,119309680185338
6,12990,88.9,1789525869305,119309680185338
7,12990,60.0,1789525869305,119309680185338
0,13091,100.0,1789525869406,119309682599026
1,13091,90.0,1789525869406,119309682599026
2,13091,88.9,1789525869406,119309682599026
3,13091,81.8,1789525869406,119309682599026
4,13091,66.7,1789525869406,119309682599026
5,13091,66.7,1789525869406,119309682599026
6,13091,81.8,1789525869406,119309682599026
7,13091,70.0,1789525869406,119309682599026
0,13192,87.5,1789525869507,119309685028709
1,13192,54.5,1789525869507,119309685028709
2,13192,72.7,1789525869507,119309685028709
3,13192,60.0,1789525869507,119309685028709
4,13192,88.9,1789525869507,119309685028709
5,13192,81.8,1789525869507,119309685028709
6,13192,90.0,1789525869507,119309685028709
7,13192,70.0,1789525869507,119309685028709
0,13293,66.7,1789525869608,119309687442250
1,13293,62.5,1789525869608,119309687442250
2,13293,90.9,1789525869608,119309687442250
3,13293,70.0,1789525869608,119309687442250
4,13293,90.0,1789525869608,119309687442250
5,13293,90.0,1789525869608,119309687442250
6,13293,90.0,1789525869608,119309687442250
7,13293,90.0,1789525869608,119309687442250
0,13393,66.7,1789525869708,119309689856350
1,13393,60.0,1789525869708,119309689856350
2,13393,88.9,1789525869708,119309689856350
3,13393,55.6,1789525869708,119309689856350
4,13393,100.0,1789525869708,119309689856350
5,13393,80.0,1789525869708,119309689856350
6,13393,77.8,1789525869708,119309689856350
7,13393,88.9,1789525869708,119309689856350
0,13494,60.0,1789525869809,119309692270589
1,13494,70.0,1789525869809,119309692270589
2,13494,70.0,1789525869809,119309692270589
3,13494,66.7,1789525869809,119309692270589
4,13494,100.0,1789525869809,119309692270589
5,13494,90.0,1789525869809,119309692270589
6,13494,90.9,1789525869809,119309692270589
7,13494,81.8,1789525869809,119309692270589
0,13594,75.0,1789525869909,119309694683851
1,13594,77.8,1789525869909,119309694683851
2,13594,81.8,1789525869909,119309694683851
3,13594,66.7,1789525869909,119309694683851
4,13594,88.9,1789525869909,119309694683851
5,13594,88.9,1789525869909,119309694683851
6,13594,80.0,1789525869909,119309694683851
7,13594,87.5,1789525869909,119309694683851
0,13695,63.6,1789525870010,119309697098707
1,13695,72.7,1789525870010,119309697098707
2,13695,80.0,1789525870010,119309697098707
3,13695,63.6,1789525870010,119309697098707
4,13695,100.0,1789525870010,119309697098707
5,13695,90.0,1789525870010,119309697098707
6,13695,90.0,1789525870010,119309697098707
7,13695,81.8,1789525870010,119309697098707
0,13796,75.0,1789525870111,119309699512407
1,13796,66.7,1789525870111,119309699512407
2,13796,77.8,1789525870111,119309699512407
3,13796,66.7,1789525870111,119309699512407
4,13796,90.9,1789525870111,119309699512407
5,13796,80.0,1789525870111,119309699512407
6,13796,88.9,1789525870111,119309699512407
7,13796,90.0,1789525870111,119309699512407
0,13896,66.7,1789525870211,119309701927156
1,13896,72.7,1789525870211,119309701927156
2,13896,72.7,1789525870211,119309701927156
3,13896,66.7,1789525870211,119309701927156
4,13896,100.0,1789525870211,119309701927156
5,13896,90.0,1789525870211,119309701927156
6,13896,90.9,1789525870211,119309701927156
7,13896,90.0,1789525870211,119309701927156
0,13997,66.7,1789525870312,119309704340760
1,13997,55.6,1789525870312,119309704340760
2,13997,90.0,1789525870312,119309704340760
3,13997,55.6,1789525870312,119309704340760
4,13997,100.0,1789525870312,119309704340760
5,13997,88.9,1789525870312,119309704340760
6,13997,90.0,1789525870312,119309704340760
7,13997,81.8,1789525870312,119309704340760
0,14098,66.7,1789525870413,119309706778783
1,14098,55.6,1789525870413,119309706778783
2,14098,100.0,1789525870413,119309706778783
3,14098,62.5,1789525870413,119309706778783
4,14098,100.0,1789525870413,119309706778783
5,14098,87.5,1789525870413,119309706778783
6,14098,77.8,1789525870413,119309706778783
7,14098,87.5,1789525870413,119309706778783
0,14199,77.8,1789525870514,119309709198443
1,14199,66.7,1789525870514,119309709198443
2,14199,80.0,1789525870514,119309709198443
3,14199,70.0,1789525870514,119309709198443
4,14199,88.9,1789525870514,119309709198443
5,14199,81.8,1789525870514,119309709198443
6,14199,88.9,1789525870514,119309709198443
7,14199,90.9,1789525870514,119309709198443
0,14300,66.7,1789525870615,119309711612966
1,14300,55.6,1789525870615,119309711612966
2,14300,88.9,1789525870615,119309711612966
3,14300,66.7,1789525870615,119309711612966
4,14300,100.0,1789525870615,119309711612966
5,14300,88.9,1789525870615,119309711612966
6,14300,88.9,1789525870615,119309711612966
7,14300,88.9,1789525870615,119309711612966
0,14400,72.7,1789525870715,119309714028618
1,14400,60.0,1789525870715,119309714028618
2,14400,81.8,1789525870715,119309714028618
3,14400,72.7,1789525870715,119309714028618
4,14400,81.8,1789525870715,119309714028618
5,14400,70.0,1789525870715,119309714028618
6,14400,81.8,1789525870715,119309714028618
7,14400,72.7,1789525870715,119309714028618
0,14502,66.7,1789525870817,119309716454297
1,14502,60.0,1789525870817,119309716454297
2,14502,60.0,1789525870817,119309716454297
3,14502,100.0,1789525870817,119309716454297
4,14502,100.0,1789525870817,119309716454297
5,14502,90.0,1789525870817,119309716454297
6,14502,88.9,1789525870817,119309716454297
7,14502,88.9,1789525870817,119309716454297
0,14602,80.0,1789525870917,119309718867523
1,14602,60.0,1789525870917,119309718867523
2,14602,88.9,1789525870917,119309718867523
3,14602,63.6,1789525870917,119309718867523
4,14602,100.0,1789525870917,119309718867523
5,14602,88.9,1789525870917,119309718867523
6,14602,81.8,1789525870917,119309718867523
7,14602,90.0,1789525870917,119309718867523
0,14703,70.0,1789525871018,119309721280878
1,14703,62.5,1789525871018,119309721280878
2,14703,72.7,1789525871018,119309721280878
3,14703,77.8,1789525871018,119309721280878
4,14703,88.9,1789525871018,119309721280878
5,14703,77.8,1789525871018,119309721280878
6,14703,88.9,1789525871018,119309721280878
7,14703,90.0,1789525871018,119309721280878
0,14803,75.0,1789525871118,119309723695347
1,14803,60.0,1789525871118,119309723695347
2,14803,90.0,1789525871118,119309723695347
3,14803,66.7,1789525871118,119309723695347
4,14803,100.0,1789525871118,119309723695347
5,14803,88.9,1789525871118,119309723695347
6,14803,87.5,1789525871118,119309723695347
7,14803,88.9,1789525871118,119309723695347
0,14904,66.7,1789525871219,119309726109276
1,14904,55.6,1789525871219,119309726109276
2,14904,88.9,1789525871219,119309726109276
3,14904,55.6,1789525871219,119309726109276
4,14904,90.0,1789525871219,119309726109276
5,14904,87.5,1789525871219,119309726109276
6,14904,77.8,1789525871219,119309726109276
7,14904,75.0,1789525871219,119309726109276
0,15005,70.0,1789525871320,119309728525589
1,15005,70.0,1789525871320,119309728525589
2,15005,80.0,1789525871320,119309728525589
3,15005,72.7,1789525871320,119309728525589
4,15005,100.0,1789525871320,119309728525589
5,15005,77.8,1789525871320,119309728525589
6,15005,87.5,1789525871320,119309728525589
7,15005,90.0,1789525871320,119309728525589
0,15106,75.0,1789525871421,119309730953403
1,15106,55.6,1789525871421,119309730953403
2,15106,71.4,1789525871421,119309730953403
3,15106,77.8,1789525871421,119309730953403
4,15106,100.0,1789525871421,119309730953403
5,15106,90.0,1789525871421,119309730953403
6,15106,90.0,1789525871421,119309730953403
7,15106,88.9,1789525871421,119309730953403
0,15206,62.5,1789525871521,119309733367221
1,15206,66.7,1789525871521,119309733367221
2,15206,70.0,1789525871521,119309733367221
3,15206,66.7,1789525871521,119309733367221
4,15206,90.9,1789525871521,119309733367221
5,15206,90.0,1789525871521,119309733367221
6,15206,80.0,1789525871521,119309733367221
7,15206,90.0,1789525871521,119309733367221
0,15307,70.0,1789525871622,119309735781731
1,15307,70.0,1789525871622,119309735781731
2,15307,80.0,1789525871622,119309735781731
3,15307,80.0,1789525871622,119309735781731
4,15307,100.0,1789525871622,119309735781731
5,15307,90.0,1789525871622,119309735781731
6,15307,90.9,1789525871622,119309735781731
7,15307,90.0,1789525871622,119309735781731
0,15408,70.0,1789525871723,119309738200849
1,15408,63.6,1789525871723,119309738200849
2,15408,80.0,1789525871723,119309738200849
3,15408,70.0,1789525871723,119309738200849
4,15408,100.0,1789525871723,119309738200849
5,15408,81.8,1789525871723,119309738200849
6,15408,88.9,1789525871723,119309738200849
7,15408,80.0,1789525871723,119309738200849
0,15508,77.8,1789525871823,119309740614757
1,15508,70.0,1789525871823,119309740614757
2,15508,90.9,1789525871823,119309740614757
3,15508,63.6,1789525871823,119309740614757
4,15508,100.0,1789525871823,119309740614757
5,15508,90.0,1789525871823,119309740614757
6,15508,81.8,1789525871823,119309740614757
7,15508,90.0,1789525871823,119309740614757
0,15609,55.6,1789525871924,119309743028488
1,15609,66.7,1789525871924,119309743028488
2,15609,55.6,1789525871924,119309743028488
3,15609,87.5,1789525871924,119309743028488
4,15609,90.0,1789525871924,119309743028488
5,15609,88.9,1789525871924,119309743028488
6,15609,90.0,1789525871924,119309743028488
7,15609,80.0,1789525871924,119309743028488
0,15710,70.0,1789525872025,119309745445692
1,15710,60.0,1789525872025,119309745445692
2,15710,60.0,1789525872025,119309745445692
3,15710,70.0,1789525872025,119309745445692
4,15710,100.0,1789525872025,119309745445692
5,15710,80.0,1789525872025,119309745445692
6,15710,90.0,1789525872025,119309745445692
7,15710,90.0,1789525872025,119309745445692
0,15810,77.8,1789525872125,119309747859364
1,15810,62.5,1789525872125,119309747859364
2,15810,62.5,1789525872125,119309747859364
3,15810,90.0,1789525872125,119309747859364
4,15810,90.0,1789525872125,119309747859364
5,15810,87.5,1789525872125,119309747859364
6,15810,77.8,1789525872125,119309747859364
7,15810,85.7,1789525872125,119309747859364
0,15911,77.8,1789525872226,119309750274041
1,15911,70.0,1789525872226,119309750274041
2,15911,80.0,1789525872226,119309750274041
3,15911,72.7,1789525872226,119309750274041
4,15911,100.0,1789525872226,119309750274041
5,15911,90.0,1789525872226,119309750274041
6,15911,90.0,1789525872226,119309750274041
7,15911,91.7,1789525872226,119309750274041
0,16012,70.0,1789525872327,119309752709178
1,16012,60.0,1789525872327,119309752709178
2,16012,90.9,1789525872327,119309752709178
3,16012,55.6,1789525872327,119309752709178
4,16012,100.0,1789525872327,119309752709178
5,16012,81.8,1789525872327,119309752709178
6,16012,90.0,1789525872327,119309752709178
7,16012,80.0,1789525872327,119309752709178
0,16113,81.8,1789525872428,119309755122750
1,16113,80.0,1789525872428,119309755122750
2,16113,54.5,1789525872428,119309755122750
3,16113,66.7,1789525872428,119309755122750
4,16113,90.9,1789525872428,119309755122750
5,16113,88.9,1789525872428,119309755122750
6,16113,88.9,1789525872428,119309755122750
7,16113,90.0,1789525872428,119309755122750
0,16213,77.8,1789525872528,119309757535803
1,16213,88.9,1789525872528,119309757535803
2,16213,62.5,1789525872528,119309757535803
3,16213,55.6,1789525872528,119309757535803
4,16213,100.0,1789525872528,119309757535803
5,16213,90.0,1789525872528,119309757535803
6,16213,83.3,1789525872528,119309757535803
7,16213,90.0,1789525872528,119309757535803
0,16314,72.7,1789525872629,119309759949133
1,16314,77.8,1789525872629,119309759949133
2,16314,66.7,1789525872629,119309759949133
3,16314,44.4,1789525872629,119309759949133
4,16314,100.0,1789525872629,119309759949133
5,16314,77.8,1789525872629,119309759949133
6,16314,87.5,1789525872629,119309759949133
7,16314,87.5,1789525872629,119309759949133
0,16414,75.0,1789525872729,119309762362390
1,16414,50.0,1789525872729,119309762362390
2,16414,77.8,1789525872729,119309762362390
3,16414,62.5,1789525872729,119309762362390
4,16414,90.0,1789525872729,119309762362390
5,16414,88.9,1789525872729,119309762362390
6,16414,88.9,1789525872729,119309762362390
7,16414,77.8,1789525872729,119309762362390
0,16515,66.7,1789525872830,119309764775693
1,16515,66.7,1789525872830,119309764775693
2,16515,80.0,1789525872830,119309764775693
3,16515,55.6,1789525872830,119309764775693
4,16515,100.0,1789525872830,119309764775693
5,16515,90.0,1789525872830,119309764775693
6,16515,90.0,1789525872830,119309764775693
7,16515,90.0,1789525872830,119309764775693
0,16615,66.7,1789525872930,119309767188814
1,16615,55.6,1789525872930,119309767188814
2,16615,71.4,1789525872930,119309767188814
3,16615,87.5,1789525872930,119309767188814
4,16615,100.0,1789525872930,119309767188814
5,16615,81.8,1789525872930,119309767188814
6,16615,80.0,1789525872930,119309767188814
7,16615,90.0,1789525872930,119309767188814
0,16716,66.7,1789525873031,119309769604284
1,16716,70.0,1789525873031,119309769604284
2,16716,90.9,1789525873031,119309769604284
3,16716,60.0,1789525873031,119309769604284
4,16716,90.9,1789525873031,119309769604284
5,16716,88.9,1789525873031,119309769604284
6,16716,88.9,1789525873031,119309769604284
7,16716,81.8,1789525873031,119309769604284
0,16817,80.0,1789525873132,119309772017672
1,16817,63.6,1789525873132,119309772017672
2,16817,90.0,1789525873132,119309772017672
3,16817,60.0,1789525873132,119309772017672
4,16817,100.0,1789525873132,119309772017672
5,16817,90.0,1789525873132,119309772017672
6,16817,90.0,1789525873132,119309772017672
7,16817,90.0,1789525873132,119309772017672
0,16917,70.0,1789525873232,119309774431627
1,16917,57.1,1789525873232,119309774431627
2,16917,77.8,1789525873232,119309774431627
3,16917,60.0,1789525873232,119309774431627
4,16917,88.9,1789525873232,119309774431627
5,16917,77.8,1789525873232,119309774431627
6,16917,81.8,1789525873232,119309774431627
7,16917,87.5,1789525873232,119309774431627
0,17018,55.6,1789525873333,119309776850703
1,17018,70.0,1789525873333,119309776850703
2,17018,66.7,1789525873333,119309776850703
3,17018,77.8,1789525873333,119309776850703
4,17018,100.0,1789525873333,119309776850703
5,17018,88.9,1789525873333,119309776850703
6,17018,88.9,1789525873333,119309776850703
7,17018,88.9,1789525873333,119309776850703
0,17119,66.7,1789525873434,119309779265731
1,17119,90.0,1789525873434,119309779265731
2,17119,66.7,1789525873434,119309779265731
3,17119,55.6,1789525873434,119309779265731
4,17119,100.0,1789525873434,119309779265731
5,17119,88.9,1789525873434,119309779265731
6,17119,90.9,1789525873434,119309779265731
7,17119,81.8,1789525873434,119309779265731
0,17219,75.0,1789525873534,119309781683169
1,17219,62.5,1789525873534,119309781683169
2,17219,66.7,1789525873534,119309781683169
3,17219,80.0,1789525873534,119309781683169
4,17219,90.9,1789525873534,119309781683169
5,17219,88.9,1789525873534,119309781683169
6,17219,88.9,1789525873534,119309781683169
7,17219,88.9,1789525873534,119309781683169
0,17320,60.0,1789525873635,119309784098718
1,17320,70.0,1789525873635,119309784098718
2,17320,70.0,1789525873635,119309784098718
3,17320,87.5,1789525873635,119309784098718
4,17320,100.0,1789525873635,119309784098718
5,17320,88.9,1789525873635,119309784098718
6,17320,88.9,1789525873635,119309784098718
7,17320,90.0,1789525873635,119309784098718
0,17421,66.7,1789525873736,119309786524209
1,17421,66.7,1789525873736,119309786524209
2,17421,60.0,1789525873736,119309786524209
3,17421,81.8,1789525873736,119309786524209
4,17421,100.0,1789525873736,119309786524209
5,17421,80.0,1789525873736,119309786524209
6,17421,80.0,1789525873736,119309786524209
7,17421,88.9,1789525873736,119309786524209
0,17522,66.7,1789525873837,119309788938512
1,17522,66.7,1789525873837,119309788938512
2,17522,62.5,1789525873837,119309788938512
3,17522,77.8,1789525873837,119309788938512
4,17522,100.0,1789525873837,119309788938512
5,17522,88.9,1789525873837,119309788938512
6,17522,90.0,1789525873837,119309788938512
7,17522,80.0,1789525873837,119309788938512
0,17622,62.5,1789525873937,119309791351815
1,17622,70.0,1789525873937,119309791351815
2,17622,66.7,1789525873937,119309791351815
3,17622,80.0,1789525873937,119309791351815
4,17622,100.0,1789525873937,119309791351815
5,17622,90.0,1789525873937,119309791351815
6,17622,90.0,1789525873937,119309791351815
7,17622,90.9,1789525873937,119309791351815
0,17723,71.4,1789525874038,119309793766571
1,17723,60.0,1789525874038,119309793766571
2,17723,66.7,1789525874038,119309793766571
3,17723,81.8,1789525874038,119309793766571
4,17723,100.0,1789525874038,119309793766571
5,17723,90.9,1789525874038,119309793766571
6,17723,90.0,1789525874038,119309793766571
7,17723,90.0,1789525874038,119309793766571
0,17824,70.0,1789525874139,119309796191452
1,17824,55.6,1789525874139,119309796191452
2,17824,66.7,1789525874139,119309796191452
3,17824,90.0,1789525874139,119309796191452
4,17824,90.0,1789525874139,119309796191452
5,17824,90.0,1789525874139,119309796191452
6,17824,90.0,1789525874139,119309796191452
7,17824,90.0,1789525874139,119309796191452
0,17925,70.0,1789525874240,119309798626705
1,17925,60.0,1789525874240,119309798626705
2,17925,60.0,1789525874240,119309798626705
3,17925,90.0,1789525874240,119309798626705
4,17925,100.0,1789525874240,119309798626705
5,17925,90.9,1789525874240,119309798626705
6,17925,81.8,1789525874240,119309798626705
7,17925,81.8,1789525874240,119309798626705
0,18026,70.0,1789525874341,119309801040187
1,18026,66.7,1789525874341,119309801040187
2,18026,70.0,1789525874341,119309801040187
3,18026,88.9,1789525874341,119309801040187
4,18026,100.0,1789525874341,119309801040187
5,18026,90.0,1789525874341,119309801040187
6,18026,90.0,1789525874341,119309801040187
7,18026,90.0,1789525874341,119309801040187
0,18127,66.7,1789525874442,119309803453994
1,18127,80.0,1789525874442,119309803453994
2,18127,62.5,1789525874442,119309803453994
3,18127,55.6,1789525874442,119309803453994
4,18127,100.0,1789525874442,119309803453994
5,18127,83.3,1789525874442,119309803453994
6,18127,85.7,1789525874442,119309803453994
7,18127,85.7,1789525874442,119309803453994
0,18227,66.7,1789525874542,119309805868167
1,18227,60.0,1789525874542,119309805868167
2,18227,60.0,1789525874542,119309805868167
3,18227,90.9,1789525874542,119309805868167
4,18227,100.0,1789525874542,119309805868167
5,18227,80.0,1789525874542,119309805868167
6,18227,88.9,1789525874542,119309805868167
7,18227,87.5,1789525874542,119309805868167
0,18328,62.5,1789525874643,119309808281916
1,18328,55.6,1789525874643,119309808281916
2,18328,66.7,1789525874643,119309808281916
3,18328,88.9,1789525874643,119309808281916
4,18328,90.9,1789525874643,119309808281916
5,18328,87.5,1789525874643,119309808281916
6,18328,88.9,1789525874643,119309808281916
7,18328,77.8,1789525874643,119309808281916
0,18428,63.6,1789525874743,119309810697765
1,18428,66.7,1789525874743,119309810697765
2,18428,72.7,1789525874743,119309810697765
3,18428,80.0,1789525874743,119309810697765
4,18428,100.0,1789525874743,119309810697765
5,18428,90.0,1789525874743,119309810697765
6,18428,81.8,1789525874743,119309810697765
7,18428,90.0,1789525874743,119309810697765
0,18529,66.7,1789525874844,119309813117099
1,18529,60.0,1789525874844,119309813117099
2,18529,66.7,1789525874844,119309813117099
3,18529,90.0,1789525874844,119309813117099
4,18529,100.0,1789525874844,119309813117099
5,18529,90.0,1789525874844,119309813117099
6,18529,88.9,1789525874844,119309813117099
7,18529,90.0,1789525874844,119309813117099
0,18630,57.1,1789525874945,119309815539394
1,18630,55.6,1789525874945,119309815539394
2,18630,66.7,1789525874945,119309815539394
3,18630,81.8,1789525874945,119309815539394
4,18630,100.0,1789525874945,119309815539394
5,18630,90.0,1789525874945,119309815539394
6,18630,90.0,1789525874945,119309815539394
7,18630,90.9,1789525874945,119309815539394
0,18731,66.7,1789525875046,119309817959886
1,18731,60.0,1789525875046,119309817959886
2,18731,66.7,1789525875046,119309817959886
3,18731,90.0,1789525875046,119309817959886
4,18731,90.9,1789525875046,119309817959886
5,18731,80.0,1789525875046,119309817959886
6,18731,80.0,1789525875046,119309817959886
7,18731,80.0,1789525875046,119309817959886
0,18832,70.0,1789525875147,119309820373513
1,18832,66.7,1789525875147,119309820373513
2,18832,55.6,1789525875147,119309820373513
3,18832,77.8,1789525875147,119309820373513
4,18832,100.0,1789525875147,119309820373513
5,18832,87.5,1789525875147,119309820373513
6,18832,88.9,1789525875147,119309820373513
7,18832,88.9,1789525875147,119309820373513
0,18932,100.0,1789525875247,119309822787575
1,18932,66.7,1789525875247,119309822787575
2,18932,60.0,1789525875247,119309822787575
3,18932,60.0,1789525875247,119309822787575
4,18932,100.0,1789525875247,119309822787575
5,18932,90.9,1789525875247,119309822787575
6,18932,90.0,1789525875247,119309822787575
7,18932,90.9,1789525875247,119309822787575
0,19033,90.0,1789525875348,119309825210473
1,19033,60.0,1789525875348,119309825210473
2,19033,66.7,1789525875348,119309825210473
3,19033,55.6,1789525875348,119309825210473
4,19033,90.0,1789525875348,119309825210473
5,19033,90.0,1789525875348,119309825210473
6,19033,80.0,1789525875348,119309825210473
7,19033,80.0,1789525875348,119309825210473
0,19134,62.5,1789525875449,119309827623453
1,19134,66.7,1789525875449,119309827623453
2,19134,75.0,1789525875449,119309827623453
3,19134,66.7,1789525875449,119309827623453
4,19134,100.0,1789525875449,119309827623453
5,19134,90.0,1789525875449,119309827623453
6,19134,90.0,1789525875449,119309827623453
7,19134,88.9,1789525875449,119309827623453
0,19234,66.7,1789525875549,119309830041523
1,19234,55.6,1789525875549,119309830041523
2,19234,90.0,1789525875549,119309830041523
3,19234,62.5,1789525875549,119309830041523
4,19234,100.0,1789525875549,119309830041523
5,19234,88.9,1789525875549,119309830041523
6,19234,88.9,1789525875549,119309830041523
7,19234,90.0,1789525875549,119309830041523
0,19335,60.0,1789525875650,119309832454704
1,19335,55.6,1789525875650,119309832454704
2,19335,90.0,1789525875650,119309832454704
3,19335,63.6,1789525875650,119309832454704
4,19335,100.0,1789525875650,119309832454704
5,19335,81.8,1789525875650,119309832454704
6,19335,81.8,1789525875650,119309832454704
7,19335,81.8,1789525875650,119309832454704
0,19436,71.4,1789525875751,119309834868706
1,19436,62.5,1789525875751,119309834868706
2,19436,70.0,1789525875751,119309834868706
3,19436,80.0,1789525875751,119309834868706
4,19436,90.9,1789525875751,119309834868706
5,19436,90.9,1789525875751,119309834868706
6,19436,90.9,1789525875751,119309834868706
7,19436,90.0,1789525875751,119309834868706
0,19536,50.0,1789525875851,119309837287493
1,19536,66.7,1789525875851,119309837287493
2,19536,66.7,1789525875851,119309837287493
3,19536,77.8,1789525875851,119309837287493
4,19536,100.0,1789525875851,119309837287493
5,19536,87.5,1789525875851,119309837287493
6,19536,87.5,1789525875851,119309837287493
7,19536,87.5,1789525875851,119309837287493
0,19637,66.7,1789525875952,119309839703059
1,19637,66.7,1789525875952,119309839703059
2,19637,90.9,1789525875952,119309839703059
3,19637,60.0,1789525875952,119309839703059
4,19637,90.0,1789525875952,119309839703059
5,19637,90.0,1789525875952,119309839703059
6,19637,90.0,1789525875952,119309839703059
7,19637,80.0,1789525875952,119309839703059
0,19738,70.0,1789525876053,119309842116784
1,19738,63.6,1789525876053,119309842116784
2,19738,80.0,1789525876053,119309842116784
3,19738,70.0,1789525876053,119309842116784
4,19738,100.0,1789525876053,119309842116784
5,19738,77.8,1789525876053,119309842116784
6,19738,80.0,1789525876053,119309842116784
7,19738,88.9,1789525876053,119309842116784
0,19838,70.0,1789525876153,119309844531015
1,19838,80.0,1789525876153,119309844531015
2,19838,80.0,1789525876153,119309844531015
3,19838,70.0,1789525876153,119309844531015
4,19838,100.0,1789525876153,119309844531015
5,19838,90.9,1789525876153,119309844531015
6,19838,90.0,1789525876153,119309844531015
7,19838,90.0,1789525876153,119309844531015
0,19939,70.0,1789525876254,119309846962262
1,19939,70.0,1789525876254,119309846962262
2,19939,75.0,1789525876254,119309846962262
3,19939,60.0,1789525876254,119309846962262
4,19939,90.0,1789525876254,119309846962262
5,19939,88.9,1789525876254,119309846962262
6,19939,88.9,1789525876254,119309846962262
7,19939,81.8,1789525876254,119309846962262
0,20040,75.0,1789525876355,119309849376968
1,20040,55.6,1789525876355,119309849376968
2,20040,87.5,1789525876355,119309849376968
3,20040,66.7,1789525876355,119309849376968
4,20040,100.0,1789525876355,119309849376968
5,20040,88.9,1789525876355,119309849376968
6,20040,88.9,1789525876355,119309849376968
7,20040,90.0,1789525876355,119309849376968
0,20141,72.7,1789525876456,119309851790384
1,20141,66.7,1789525876456,119309851790384
2,20141,87.5,1789525876456,119309851790384
3,20141,50.0,1789525876456,119309851790384
4,20141,100.0,1789525876456,119309851790384
5,20141,80.0,1789525876456,119309851790384
6,20141,90.0,1789525876456,119309851790384
7,20141,88.9,1789525876456,119309851790384
0,20241,75.0,1789525876556,119309854203927
1,20241,70.0,1789525876556,119309854203927
2,20241,90.0,1789525876556,119309854203927
3,20241,66.7,1789525876556,119309854203927
4,20241,90.9,1789525876556,119309854203927
5,20241,90.0,1789525876556,119309854203927
6,20241,81.8,1789525876556,119309854203927
7,20241,81.8,1789525876556,119309854203927
0,20342,66.7,1789525876657,119309856622636
1,20342,60.0,1789525876657,119309856622636
2,20342,83.3,1789525876657,119309856622636
3,20342,70.0,1789525876657,119309856622636
4,20342,100.0,1789525876657,119309856622636
5,20342,88.9,1789525876657,119309856622636
6,20342,88.9,1789525876657,119309856622636
7,20342,87.5,1789525876657,119309856622636
0,20443,66.7,1789525876758,119309859036466
1,20443,60.0,1789525876758,119309859036466
2,20443,90.0,1789525876758,119309859036466
3,20443,63.6,1789525876758,119309859036466
4,20443,90.0,1789525876758,119309859036466
5,20443,77.8,1789525876758,119309859036466
6,20443,88.9,1789525876758,119309859036466
7,20443,77.8,1789525876758,119309859036466
0,20543,70.0,1789525876858,119309861450054
1,20543,70.0,1789525876858,119309861450054
2,20543,77.8,1789525876858,119309861450054
3,20543,66.7,1789525876858,119309861450054
4,20543,100.0,1789525876858,119309861450054
5,20543,90.0,1789525876858,119309861450054
6,20543,88.9,1789525876858,119309861450054
7,20543,90.0,1789525876858,119309861450054
0,20644,75.0,1789525876959,119309863864886
1,20644,90.0,1789525876959,119309863864886
2,20644,66.7,1789525876959,119309863864886
3,20644,70.0,1789525876959,119309863864886
4,20644,90.0,1789525876959,119309863864886
5,20644,81.8,1789525876959,119309863864886
6,20644,83.3,1789525876959,119309863864886
7,20644,81.8,1789525876959,119309863864886
0,20744,60.0,1789525877059,119309866279124
1,20744,60.0,1789525877059,119309866279124
2,20744,55.6,1789525877059,119309866279124
3,20744,90.9,1789525877059,119309866279124
4,20744,100.0,1789525877059,119309866279124
5,20744,88.9,1789525877059,119309866279124
6,20744,88.9,1789525877059,119309866279124
7,20744,88.9,1789525877059,119309866279124
0,20845,90.0,1789525877160,119309868700725
1,20845,50.0,1789525877160,119309868700725
2,20845,30.0,1789525877160,119309868700725
3,20845,44.4,1789525877160,119309868700725
4,20845,90.0,1789525877160,119309868700725
5,20845,90.0,1789525877160,119309868700725
6,20845,88.9,1789525877160,119309868700725
7,20845,80.0,1789525877160,119309868700725
0,20946,70.0,1789525877261,119309871114025
1,20946,77.8,1789525877261,119309871114025
2,20946,66.7,1789525877261,119309871114025
3,20946,77.8,1789525877261,119309871114025
4,20946,100.0,1789525877261,119309871114025
5,20946,80.0,1789525877261,119309871114025
6,20946,80.0,1789525877261,119309871114025
7,20946,90.0,1789525877261,119309871114025
0,21046,62.5,1789525877361,119309873527665
1,21046,66.7,1789525877361,119309873527665
2,21046,55.6,1789525877361,119309873527665
3,21046,90.9,1789525877361,119309873527665
4,21046,100.0,1789525877361,119309873527665
5,21046,87.5,1789525877361,119309873527665
6,21046,87.5,1789525877361,119309873527665
7,21046,77.8,1789525877361,119309873527665
0,21147,75.0,1789525877462,119309875945568
1,21147,70.0,1789525877462,119309875945568
2,21147,80.0,1789525877462,119309875945568
3,21147,66.7,1789525877462,119309875945568
4,21147,90.0,1789525877462,119309875945568
5,21147,90.0,1789525877462,119309875945568
6,21147,81.8,1789525877462,119309875945568
7,21147,90.0,1789525877462,119309875945568
0,21248,66.7,1789525877563,119309878358805
1,21248,70.0,1789525877563,119309878358805
2,21248,90.9,1789525877563,119309878358805
3,21248,63.6,1789525877563,119309878358805
4,21248,100.0,1789525877563,119309878358805
5,21248,83.3,1789525877563,119309878358805
6,21248,90.9,1789525877563,119309878358805
7,21248,90.9,1789525877563,119309878358805
0,21348,70.0,1789525877663,119309880775548
1,21348,50.0,1789525877663,119309880775548
2,21348,75.0,1789525877663,119309880775548
3,21348,70.0,1789525877663,119309880775548
4,21348,100.0,1789525877663,119309880775548
5,21348,90.0,1789525877663,119309880775548
6,21348,90.9,1789525877663,119309880775548
7,21348,81.8,1789525877663,119309880775548
0,21449,66.7,1789525877764,119309883189856
1,21449,66.7,1789525877764,119309883189856
2,21449,88.9,1789525877764,119309883189856
3,21449,62.5,1789525877764,119309883189856
4,21449,100.0,1789525877764,119309883189856
5,21449,90.0,1789525877764,119309883189856
6,21449,88.9,1789525877764,119309883189856
7,21449,88.9,1789525877764,119309883189856
0,21550,70.0,1789525877865,119309885609136
1,21550,62.5,1789525877865,119309885609136
2,21550,90.0,1789525877865,119309885609136
3,21550,55.6,1789525877865,119309885609136
4,21550,100.0,1789525877865,119309885609136
5,21550,87.5,1789525877865,119309885609136
6,21550,80.0,1789525877865,119309885609136
7,21550,87.5,1789525877865,119309885609136
0,21650,77.8,1789525877965,119309888023360
1,21650,62.5,1789525877965,119309888023360
2,21650,77.8,1789525877965,119309888023360
3,21650,60.0,1789525877965,119309888023360
4,21650,90.9,1789525877965,119309888023360
5,21650,88.9,1789525877965,119309888023360
6,21650,88.9,1789525877965,119309888023360
7,21650,87.5,1789525877965,119309888023360
0,21751,66.7,1789525878066,119309890438226
1,21751,72.7,1789525878066,119309890438226
2,21751,70.0,1789525878066,119309890438226
3,21751,70.0,1789525878066,119309890438226
4,21751,100.0,1789525878066,119309890438226
5,21751,88.9,1789525878066,119309890438226
6,21751,88.9,1789525878066,119309890438226
7,21751,81.8,1789525878066,119309890438226
0,21852,72.7,1789525878167,119309892852122
1,21852,90.0,1789525878167,119309892852122
2,21852,70.0,1789525878167,119309892852122
3,21852,72.7,1789525878167,119309892852122
4,21852,100.0,1789525878167,119309892852122
5,21852,81.8,1789525878167,119309892852122
6,21852,80.0,1789525878167,119309892852122
7,21852,90.0,1789525878167,119309892852122
0,21952,70.0,1789525878267,119309895267704
1,21952,60.0,1789525878267,119309895267704
2,21952,83.3,1789525878267,119309895267704
3,21952,70.0,1789525878267,119309895267704
4,21952,100.0,1789525878267,119309895267704
5,21952,88.9,1789525878267,119309895267704
6,21952,90.9,1789525878267,119309895267704
7,21952,90.9,1789525878267,119309895267704
0,22054,70.0,1789525878369,119309897700227
1,22054,60.0,1789525878369,119309897700227
2,22054,100.0,1789525878369,119309897700227
3,22054,66.7,1789525878369,119309897700227
4,22054,88.9,1789525878369,119309897700227
5,22054,90.0,1789525878369,119309897700227
6,22054,88.9,1789525878369,119309897700227
7,22054,88.9,1789525878369,119309897700227
0,22154,62.5,1789525878469,119309900114503
1,22154,60.0,1789525878469,119309900114503
2,22154,90.9,1789525878469,119309900114503
3,22154,66.7,1789525878469,119309900114503
4,22154,100.0,1789525878469,119309900114503
5,22154,88.9,1789525878469,119309900114503
6,22154,87.5,1789525878469,119309900114503
7,22154,80.0,1789525878469,119309900114503
0,22255,66.7,1789525878570,119309902528492
1,22255,62.5,1789525878570,119309902528492
2,22255,80.0,1789525878570,119309902528492
3,22255,70.0,1789525878570,119309902528492
4,22255,100.0,1789525878570,119309902528492
5,22255,80.0,1789525878570,119309902528492
6,22255,88.9,1789525878570,119309902528492
7,22255,88.9,1789525878570,119309902528492
0,22355,70.0,1789525878670,119309904943090
1,22355,77.8,1789525878670,119309904943090
2,22355,77.8,1789525878670,119309904943090
3,22355,66.7,1789525878670,119309904943090
4,22355,88.9,1789525878670,119309904943090
5,22355,90.0,1789525878670,119309904943090
6,22355,81.8,1789525878670,119309904943090
7,22355,90.0,1789525878670,119309904943090
0,22456,66.7,1789525878771,119309907362443
1,22456,63.6,1789525878771,119309907362443
2,22456,60.0,1789525878771,119309907362443
3,22456,72.7,1789525878771,119309907362443
4,22456,100.0,1789525878771,119309907362443
5,22456,90.0,1789525878771,119309907362443
6,22456,90.9,1789525878771,119309907362443
7,22456,81.8,1789525878771,119309907362443
0,22558,77.8,1789525878873,119309909809960
1,22558,66.7,1789525878873,119309909809960
2,22558,88.9,1789525878873,119309909809960
3,22558,60.0,1789525878873,119309909809960
4,22558,100.0,1789525878873,119309909809960
5,22558,90.0,1789525878873,119309909809960
6,22558,88.9,1789525878873,119309909809960
7,22558,88.9,1789525878873,119309909809960
0,22659,70.0,1789525878974,119309912223598
1,22659,70.0,1789525878974,119309912223598
2,22659,72.7,1789525878974,119309912223598
3,22659,55.6,1789525878974,119309912223598
4,22659,100.0,1789525878974,119309912223598
5,22659,88.9,1789525878974,119309912223598
6,22659,90.0,1789525878974,119309912223598
7,22659,90.0,1789525878974,119309912223598
0,22760,77.8,1789525879075,119309914646741
1,22760,60.0,1789525879075,119309914646741
2,22760,77.8,1789525879075,119309914646741
3,22760,80.0,1789525879075,119309914646741
4,22760,100.0,1789525879075,119309914646741
5,22760,88.9,1789525879075,119309914646741
6,22760,80.0,1789525879075,119309914646741
7,22760,87.5,1789525879075,119309914646741
0,22860,77.8,1789525879175,119309917061816
1,22860,75.0,1789525879175,119309917061816
2,22860,66.7,1789525879175,119309917061816
3,22860,44.4,1789525879175,119309917061816
4,22860,100.0,1789525879175,119309917061816
5,22860,90.9,1789525879175,119309917061816
6,22860,90.0,1789525879175,119309917061816
7,22860,83.3,1789525879175,119309917061816
0,22961,70.0,1789525879276,119309919483377
1,22961,70.0,1789525879276,119309919483377
2,22961,60.0,1789525879276,119309919483377
3,22961,77.8,1789525879276,119309919483377
4,22961,90.0,1789525879276,119309919483377
5,22961,88.9,1789525879276,119309919483377
6,22961,88.9,1789525879276,119309919483377
7,22961,88.9,1789525879276,119309919483377
0,23062,75.0,1789525879377,119309921897270
1,23062,63.6,1789525879377,119309921897270
2,23062,62.5,1789525879377,119309921897270
3,23062,70.0,1789525879377,119309921897270
4,23062,100.0,1789525879377,119309921897270
5,23062,77.8,1789525879377,119309921897270
6,23062,88.9,1789525879377,119309921897270
7,23062,88.9,1789525879377,119309921897270
0,23163,77.8,1789525879478,119309924327286
1,23163,66.7,1789525879478,119309924327286
2,23163,90.0,1789525879478,119309924327286
3,23163,60.0,1789525879478,119309924327286
4,23163,100.0,1789525879478,119309924327286
5,23163,90.0,1789525879478,119309924327286
6,23163,88.9,1789525879478,119309924327286
7,23163,88.9,1789525879478,119309924327286
0,23264,66.7,1789525879579,119309926742807
1,23264,70.0,1789525879579,119309926742807
2,23264,70.0,1789525879579,119309926742807
3,23264,80.0,1789525879579,119309926742807
4,23264,100.0,1789525879579,119309926742807
5,23264,90.0,1789525879579,119309926742807
6,23264,80.0,1789525879579,119309926742807
7,23264,80.0,1789525879579,119309926742807
0,23364,70.0,1789525879679,119309929157396
1,23364,66.7,1789525879679,119309929157396
2,23364,72.7,1789525879679,119309929157396
3,23364,66.7,1789525879679,119309929157396
4,23364,100.0,1789525879679,119309929157396
5,23364,90.0,1789525879679,119309929157396
6,23364,90.0,1789525879679,119309929157396
7,23364,90.0,1789525879679,119309929157396
0,23465,80.0,1789525879780,119309931572578
1,23465,70.0,1789525879780,119309931572578
2,23465,75.0,1789525879780,119309931572578
3,23465,60.0,1789525879780,119309931572578
4,23465,100.0,1789525879780,119309931572578
5,23465,75.0,1789525879780,119309931572578
6,23465,87.5,1789525879780,119309931572578
7,23465,77.8,1789525879780,119309931572578
0,23565,100.0,1789525879880,119309933985482
1,23565,70.0,1789525879880,119309933985482
2,23565,81.8,1789525879880,119309933985482
3,23565,80.0,1789525879880,119309933985482
4,23565,70.0,1789525879880,119309933985482
5,23565,70.0,1789525879880,119309933985482
6,23565,27.3,1789525879880,119309933985482
7,23565,0.0,1789525879880,119309933985482
0,23666,90.0,1789525879981,119309936399222
1,23666,72.7,1789525879981,119309936399222
2,23666,72.7,1789525879981,119309936399222
3,23666,77.8,1789525879981,119309936399222
4,23666,0.0,1789525879981,119309936399222
5,23666,54.5,1789525879981,119309936399222
6,23666,10.0,1789525879981,119309936399222
7,23666,20.0,1789525879981,119309936399222
0,23767,100.0,1789525880082,119309938812727
1,23767,90.9,1789525880082,119309938812727
2,23767,90.9,1789525880082,119309938812727
3,23767,90.9,1789525880082,119309938812727
4,23767,40.0,1789525880082,119309938812727
5,23767,0.0,1789525880082,119309938812727
6,23767,20.0,1789525880082,119309938812727
7,23767,40.0,1789525880082,119309938812727
0,23867,100.0,1789525880182,119309941235126
1,23867,88.9,1789525880182,119309941235126
2,23867,87.5,1789525880182,119309941235126
3,23867,77.8,1789525880182,119309941235126
4,23867,10.0,1789525880182,119309941235126
5,23867,0.0,1789525880182,119309941235126
6,23867,20.0,1789525880182,119309941235126
7,23867,0.0,1789525880182,119309941235126
0,23968,100.0,1789525880283,119309943649938
1,23968,88.9,1789525880283,119309943649938
2,23968,83.3,1789525880283,119309943649938
3,23968,90.0,1789525880283,119309943649938
4,23968,0.0,1789525880283,119309943649938
5,23968,0.0,1789525880283,119309943649938
6,23968,20.0,1789525880283,119309943649938
7,23968,0.0,1789525880283,119309943649938
0,24069,100.0,1789525880384,119309946063804
1,24069,88.9,1789525880384,119309946063804
2,24069,87.5,1789525880384,119309946063804
3,24069,77.8,1789525880384,119309946063804
4,24069,0.0,1789525880384,119309946063804
5,24069,0.0,1789525880384,119309946063804
6,24069,20.0,1789525880384,119309946063804
7,24069,0.0,1789525880384,119309946063804
0,24169,100.0,1789525880484,119309948477301
1,24169,80.0,1789525880484,119309948477301
2,24169,80.0,1789525880484,119309948477301
3,24169,88.9,1789525880484,119309948477301
4,24169,0.0,1789525880484,119309948477301
5,24169,0.0,1789525880484,119309948477301
6,24169,20.0,1789525880484,119309948477301
7,24169,9.1,1789525880484,119309948477301
0,24270,100.0,1789525880585,119309950890702
1,24270,90.0,1789525880585,119309950890702
2,24270,88.9,1789525880585,119309950890702
3,24270,90.0,1789525880585,119309950890702
4,24270,0.0,1789525880585,119309950890702
5,24270,0.0,1789525880585,119309950890702
6,24270,20.0,1789525880585,119309950890702
7,24270,0.0,1789525880585,119309950890702
0,24370,100.0,1789525880685,119309953304329
1,24370,88.9,1789525880685,119309953304329
2,24370,88.9,1789525880685,119309953304329
3,24370,80.0,1789525880685,119309953304329
4,24370,0.0,1789525880685,119309953304329
5,24370,0.0,1789525880685,119309953304329
6,24370,20.0,1789525880685,119309953304329
7,24370,0.0,1789525880685,119309953304329
0,24471,100.0,1789525880786,119309955719059
1,24471,80.0,1789525880786,119309955719059
2,24471,80.0,1789525880786,119309955719059
3,24471,81.8,1789525880786,119309955719059
4,24471,0.0,1789525880786,119309955719059
5,24471,0.0,1789525880786,119309955719059
6,24471,20.0,1789525880786,119309955719059
7,24471,0.0,1789525880786,119309955719059
0,24572,90.9,1789525880887,119309958132251
1,24572,90.9,1789525880887,119309958132251
2,24572,81.8,1789525880887,119309958132251
3,24572,88.9,1789525880887,119309958132251
4,24572,0.0,1789525880887,119309958132251
5,24572,0.0,1789525880887,119309958132251
6,24572,20.0,1789525880887,119309958132251
7,24572,0.0,1789525880887,119309958132251
0,24672,100.0,1789525880987,119309960547442
1,24672,80.0,1789525880987,119309960547442
2,24672,88.9,1789525880987,119309960547442
3,24672,81.8,1789525880987,119309960547442
4,24672,0.0,1789525880987,119309960547442
5,24672,0.0,1789525880987,119309960547442
6,24672,20.0,1789525880987,119309960547442
7,24672,9.1,1789525880987,119309960547442
0,24773,100.0,1789525881088,119309962961024
1,24773,88.9,1789525881088,119309962961024
2,24773,80.0,1789525881088,119309962961024
3,24773,88.9,1789525881088,119309962961024
4,24773,0.0,1789525881088,119309962961024
5,24773,0.0,1789525881088,119309962961024
6,24773,20.0,1789525881088,119309962961024
7,24773,0.0,1789525881088,119309962961024
0,24873,100.0,1789525881188,119309965374396
1,24873,87.5,1789525881188,119309965374396
2,24873,87.5,1789525881188,119309965374396
3,24873,87.5,1789525881188,119309965374396
4,24873,0.0,1789525881188,119309965374396
5,24873,0.0,1789525881188,119309965374396
6,24873,18.2,1789525881188,119309965374396
7,24873,9.1,1789525881188,119309965374396
0,24974,100.0,1789525881289,119309967787845
1,24974,88.9,1789525881289,119309967787845
2,24974,88.9,1789525881289,119309967787845
3,24974,80.0,1789525881289,119309967787845
4,24974,0.0,1789525881289,119309967787845
5,24974,0.0,1789525881289,119309967787845
6,24974,20.0,1789525881289,119309967787845
7,24974,0.0,1789525881289,119309967787845
0,25074,100.0,1789525881389,119309970201172
1,25074,90.0,1789525881389,119309970201172
2,25074,81.8,1789525881389,119309970201172
3,25074,90.0,1789525881389,119309970201172
4,25074,0.0,1789525881389,119309970201172
5,25074,0.0,1789525881389,119309970201172
6,25074,20.0,1789525881389,119309970201172
7,25074,0.0,1789525881389,119309970201172
0,25175,100.0,1789525881490,119309972614980
1,25175,80.0,1789525881490,119309972614980
2,25175,88.9,1789525881490,119309972614980
3,25175,90.0,1789525881490,119309972614980
4,25175,0.0,1789525881490,119309972614980
5,25175,0.0,1789525881490,119309972614980
6,25175,11.1,1789525881490,119309972614980
7,25175,0.0,1789525881490,119309972614980
0,25276,100.0,1789525881591,119309975028183
1,25276,88.9,1789525881591,119309975028183
2,25276,88.9,1789525881591,119309975028183
3,25276,80.0,1789525881591,119309975028183
4,25276,0.0,1789525881591,119309975028183
5,25276,0.0,1789525881591,119309975028183
6,25276,20.0,1789525881591,119309975028183
7,25276,0.0,1789525881591,119309975028183
0,25376,100.0,1789525881691,119309977442576
1,25376,90.9,1789525881691,119309977442576
2,25376,81.8,1789525881691,119309977442576
3,25376,88.9,1789525881691,119309977442576
4,25376,0.0,1789525881691,119309977442576
5,25376,0.0,1789525881691,119309977442576
6,25376,20.0,1789525881691,119309977442576
7,25376,0.0,1789525881691,119309977442576
0,25477,100.0,1789525881792,119309979855902
1,25477,88.9,1789525881792,119309979855902
2,25477,90.0,1789525881792,119309979855902
3,25477,90.0,1789525881792,119309979855902
4,25477,0.0,1789525881792,119309979855902
5,25477,0.0,1789525881792,119309979855902
6,25477,20.0,1789525881792,119309979855902
7,25477,0.0,1789525881792,119309979855902
0,25577,100.0,1789525881892,119309982271125
1,25577,87.5,1789525881892,119309982271125
2,25577,87.5,1789525881892,119309982271125
3,25577,80.0,1789525881892,119309982271125
4,25577,0.0,1789525881892,119309982271125
5,25577,0.0,1789525881892,119309982271125
6,25577,20.0,1789525881892,119309982271125
7,25577,0.0,1789525881892,119309982271125
0,25678,90.0,1789525881993,119309984684885
1,25678,90.0,1789525881993,119309984684885
2,25678,81.8,1789525881993,119309984684885
3,25678,88.9,1789525881993,119309984684885
4,25678,0.0,1789525881993,119309984684885
5,25678,0.0,1789525881993,119309984684885
6,25678,20.0,1789525881993,119309984684885
7,25678,9.1,1789525881993,119309984684885
0,25778,100.0,1789525882093,119309987098561
1,25778,80.0,1789525882093,119309987098561
2,25778,88.9,1789525882093,119309987098561
3,25778,88.9,1789525882093,119309987098561
4,25778,0.0,1789525882093,119309987098561
5,25778,0.0,1789525882093,119309987098561
6,25778,18.2,1789525882093,119309987098561
7,25778,0.0,1789525882093,119309987098561
0,25879,100.0,1789525882194,119309989513104
1,25879,90.9,1789525882194,119309989513104
2,25879,88.9,1789525882194,119309989513104
3,25879,80.0,1789525882194,119309989513104
4,25879,0.0,1789525882194,119309989513104
5,25879,0.0,1789525882194,119309989513104
6,25879,20.0,1789525882194,119309989513104
7,25879,0.0,1789525882194,119309989513104
0,25980,100.0,1789525882295,119309991926942
1,25980,87.5,1789525882295,119309991926942
2,25980,80.0,1789525882295,119309991926942
3,25980,88.9,1789525882295,119309991926942
4,25980,0.0,1789525882295,119309991926942
5,25980,0.0,1789525882295,119309991926942
6,25980,11.1,1789525882295,119309991926942
7,25980,0.0,1789525882295,119309991926942
0,26080,100.0,1789525882395,119309994340779
1,26080,90.9,1789525882395,119309994340779
2,26080,90.9,1789525882395,119309994340779
3,26080,90.0,1789525882395,119309994340779
4,26080,0.0,1789525882395,119309994340779
5,26080,0.0,1789525882395,119309994340779
6,26080,20.0,1789525882395,119309994340779
7,26080,0.0,1789525882395,119309994340779
0,26181,100.0,1789525882496,119309996754474
1,26181,90.0,1789525882496,119309996754474
2,26181,88.9,1789525882496,119309996754474
3,26181,80.0,1789525882496,119309996754474
4,26181,0.0,1789525882496,119309996754474
5,26181,0.0,1789525882496,119309996754474
6,26181,20.0,1789525882496,119309996754474
7,26181,0.0,1789525882496,119309996754474
0,26281,100.0,1789525882596,119309999169161
1,26281,90.0,1789525882596,119309999169161
2,26281,81.8,1789525882596,119309999169161
3,26281,90.9,1789525882596,119309999169161
4,26281,0.0,1789525882596,119309999169161
5,26281,0.0,1789525882596,119309999169161
6,26281,27.3,1789525882596,119309999169161
7,26281,10.0,1789525882596,119309999169161
0,26382,100.0,1789525882697,119310001582961
1,26382,81.8,1789525882697,119310001582961
2,26382,90.9,1789525882697,119310001582961
3,26382,81.8,1789525882697,119310001582961
4,26382,0.0,1789525882697,119310001582961
5,26382,0.0,1789525882697,119310001582961
6,26382,11.1,1789525882697,119310001582961
7,26382,0.0,1789525882697,119310001582961
0,26483,100.0,1789525882798,119310003996739
1,26483,90.0,1789525882798,119310003996739
2,26483,80.0,1789525882798,119310003996739
3,26483,90.0,1789525882798,119310003996739
4,26483,0.0,1789525882798,119310003996739
5,26483,0.0,1789525882798,119310003996739
6,26483,27.3,1789525882798,119310003996739
7,26483,0.0,1789525882798,119310003996739
0,26583,100.0,1789525882898,119310006410689
1,26583,85.7,1789525882898,119310006410689
2,26583,85.7,1789525882898,119310006410689
3,26583,87.5,1789525882898,119310006410689
4,26583,0.0,1789525882898,119310006410689
5,26583,0.0,1789525882898,119310006410689
6,26583,20.0,1789525882898,119310006410689
7,26583,0.0,1789525882898,119310006410689
0,26684,100.0,1789525882999,119310008824178
1,26684,90.0,1789525882999,119310008824178
2,26684,90.0,1789525882999,119310008824178
3,26684,80.0,1789525882999,119310008824178
4,26684,0.0,1789525882999,119310008824178
5,26684,0.0,1789525882999,119310008824178
6,26684,20.0,1789525882999,119310008824178
7,26684,0.0,1789525882999,119310008824178
0,26784,100.0,1789525883099,119310011240272
1,26784,81.8,1789525883099,119310011240272
2,26784,80.0,1789525883099,119310011240272
3,26784,88.9,1789525883099,119310011240272
4,26784,0.0,1789525883099,119310011240272
5,26784,0.0,1789525883099,119310011240272
6,26784,18.2,1789525883099,119310011240272
7,26784,0.0,1789525883099,119310011240272
0,26885,100.0,1789525883200,119310013653913
1,26885,90.0,1789525883200,119310013653913
2,26885,90.0,1789525883200,119310013653913
3,26885,81.8,1789525883200,119310013653913
4,26885,0.0,1789525883200,119310013653913
5,26885,0.0,1789525883200,119310013653913
6,26885,33.3,1789525883200,119310013653913
7,26885,9.1,1789525883200,119310013653913
0,26986,100.0,1789525883301,119310016066883
1,26986,87.5,1789525883301,119310016066883
2,26986,80.0,1789525883301,119310016066883
3,26986,88.9,1789525883301,119310016066883
4,26986,0.0,1789525883301,119310016066883
5,26986,0.0,1789525883301,119310016066883
6,26986,100.0,1789525883301,119310016066883
7,26986,0.0,1789525883301,119310016066883
0,27086,90.9,1789525883401,119310018483078
1,27086,20.0,1789525883401,119310018483078
2,27086,20.0,1789525883401,119310018483078
3,27086,25.0,1789525883401,119310018483078
4,27086,0.0,1789525883401,119310018483078
5,27086,0.0,1789525883401,119310018483078
6,27086,20.0,1789525883401,119310018483078
7,27086,0.0,1789525883401,119310018483078
0,27187,100.0,1789525883502,119310020897107
1,27187,0.0,1789525883502,119310020897107
2,27187,54.5,1789525883502,119310020897107
3,27187,0.0,1789525883502,119310020897107
4,27187,0.0,1789525883502,119310020897107
5,27187,0.0,1789525883502,119310020897107
6,27187,10.0,1789525883502,119310020897107
7,27187,0.0,1789525883502,119310020897107
0,27287,100.0,1789525883602,119310023309553
1,27287,0.0,1789525883602,119310023309553
2,27287,0.0,1789525883602,119310023309553
3,27287,0.0,1789525883602,119310023309553
4,27287,0.0,1789525883602,119310023309553
5,27287,0.0,1789525883602,119310023309553
6,27287,0.0,1789525883602,119310023309553
7,27287,0.0,1789525883602,119310023309553
0,27388,100.0,1789525883703,119310025721443
1,27388,0.0,1789525883703,119310025721443
2,27388,0.0,1789525883703,119310025721443
3,27388,0.0,1789525883703,119310025721443
4,27388,0.0,1789525883703,119310025721443
5,27388,0.0,1789525883703,119310025721443
6,27388,0.0,1789525883703,119310025721443
7,27388,0.0,1789525883703,119310025721443
0,27488,100.0,1789525883803,119310028134643
1,27488,0.0,1789525883803,119310028134643
2,27488,0.0,1789525883803,119310028134643
3,27488,0.0,1789525883803,119310028134643
4,27488,0.0,1789525883803,119310028134643
5,27488,0.0,1789525883803,119310028134643
6,27488,0.0,1789525883803,119310028134643
7,27488,9.1,1789525883803,119310028134643
0,27589,100.0,1789525883904,119310030546117
1,27589,0.0,1789525883904,119310030546117
2,27589,0.0,1789525883904,119310030546117
3,27589,0.0,1789525883904,119310030546117
4,27589,9.1,1789525883904,119310030546117
5,27589,0.0,1789525883904,119310030546117
6,27589,0.0,1789525883904,119310030546117
7,27589,0.0,1789525883904,119310030546117
0,27689,100.0,1789525884004,119310032958442
1,27689,0.0,1789525884004,119310032958442
2,27689,0.0,1789525884004,119310032958442
3,27689,0.0,1789525884004,119310032958442
4,27689,0.0,1789525884004,119310032958442
5,27689,0.0,1789525884004,119310032958442
6,27689,0.0,1789525884004,119310032958442
7,27689,0.0,1789525884004,119310032958442
0,27790,100.0,1789525884105,119310035370402
1,27790,0.0,1789525884105,119310035370402
2,27790,0.0,1789525884105,119310035370402
3,27790,0.0,1789525884105,119310035370402
4,27790,0.0,1789525884105,119310035370402
5,27790,0.0,1789525884105,119310035370402
6,27790,0.0,1789525884105,119310035370402
7,27790,0.0,1789525884105,119310035370402
0,27890,100.0,1789525884205,119310037782131
1,27890,0.0,1789525884205,119310037782131
2,27890,0.0,1789525884205,119310037782131
3,27890,0.0,1789525884205,119310037782131
4,27890,0.0,1789525884205,119310037782131
5,27890,0.0,1789525884205,119310037782131
6,27890,0.0,1789525884205,119310037782131
7,27890,0.0,1789525884205,119310037782131
0,27991,100.0,1789525884306,119310040193940
1,27991,0.0,1789525884306,119310040193940
2,27991,0.0,1789525884306,119310040193940
3,27991,0.0,1789525884306,119310040193940
4,27991,0.0,1789525884306,119310040193940
5,27991,0.0,1789525884306,119310040193940
6,27991,0.0,1789525884306,119310040193940
7,27991,0.0,1789525884306,119310040193940
0,28091,100.0,1789525884406,119310042606830
1,28091,0.0,1789525884406,119310042606830
2,28091,0.0,1789525884406,119310042606830
3,28091,0.0,1789525884406,119310042606830
4,28091,0.0,1789525884406,119310042606830
5,28091,0.0,1789525884406,119310042606830
6,28091,0.0,1789525884406,119310042606830
7,28091,0.0,1789525884406,119310042606830
0,28192,100.0,1789525884507,119310045018689
1,28192,0.0,1789525884507,119310045018689
2,28192,0.0,1789525884507,119310045018689
3,28192,0.0,1789525884507,119310045018689
4,28192,0.0,1789525884507,119310045018689
5,28192,0.0,1789525884507,119310045018689
6,28192,0.0,1789525884507,119310045018689
7,28192,0.0,1789525884507,119310045018689
0,28292,100.0,1789525884607,119310047432744
1,28292,0.0,1789525884607,119310047432744
2,28292,0.0,1789525884607,119310047432744
3,28292,0.0,1789525884607,119310047432744
4,28292,0.0,1789525884607,119310047432744
5,28292,0.0,1789525884607,119310047432744
6,28292,0.0,1789525884607,119310047432744
7,28292,0.0,1789525884607,119310047432744
0,28393,10.0,1789525884708,119310049844814
1,28393,0.0,1789525884708,119310049844814
2,28393,0.0,1789525884708,119310049844814
3,28393,0.0,1789525884708,119310049844814
4,28393,0.0,1789525884708,119310049844814
5,28393,0.0,1789525884708,119310049844814
6,28393,0.0,1789525884708,119310049844814
7,28393,0.0,1789525884708,119310049844814
0,28493,22.2,1789525884808,119310052258058
1,28493,60.0,1789525884808,119310052258058
2,28493,0.0,1789525884808,119310052258058
3,28493,10.0,1789525884808,119310052258058
4,28493,9.1,1789525884808,119310052258058
5,28493,20.0,1789525884808,119310052258058
6,28493,10.0,1789525884808,119310052258058
7,28493,27.3,1789525884808,119310052258058
0,28594,0.0,1789525884909,119310054671882
1,28594,0.0,1789525884909,119310054671882
2,28594,30.0,1789525884909,119310054671882
3,28594,0.0,1789525884909,119310054671882
4,28594,0.0,1789525884909,119310054671882
5,28594,9.1,1789525884909,119310054671882
6,28594,20.0,1789525884909,119310054671882
7,28594,0.0,1789525884909,119310054671882
0,28695,0.0,1789525885010,119310057084383
1,28695,0.0,1789525885010,119310057084383
2,28695,20.0,1789525885010,119310057084383
3,28695,0.0,1789525885010,119310057084383
4,28695,0.0,1789525885010,119310057084383
5,28695,0.0,1789525885010,119310057084383
6,28695,40.0,1789525885010,119310057084383
7,28695,0.0,1789525885010,119310057084383
0,28795,18.2,1789525885110,119310059497591
1,28795,11.1,1789525885110,119310059497591
2,28795,10.0,1789525885110,119310059497591
3,28795,0.0,1789525885110,119310059497591
4,28795,0.0,1789525885110,119310059497591
5,28795,10.0,1789525885110,119310059497591
6,28795,10.0,1789525885110,119310059497591
7,28795,20.0,1789525885110,119310059497591
0,28896,0.0,1789525885211,119310061911814
1,28896,0.0,1789525885211,119310061911814
2,28896,0.0,1789525885211,119310061911814
3,28896,60.0,1789525885211,119310061911814
4,28896,0.0,1789525885211,119310061911814
5,28896,10.0,1789525885211,119310061911814
6,28896,0.0,1789525885211,119310061911814
7,28896,0.0,1789525885211,119310061911814
0,28996,0.0,1789525885311,119310064325080
1,28996,0.0,1789525885311,119310064325080
2,28996,0.0,1789525885311,119310064325080
3,28996,100.0,1789525885311,119310064325080
4,28996,0.0,1789525885311,119310064325080
5,28996,0.0,1789525885311,119310064325080
6,28996,0.0,1789525885311,119310064325080
7,28996,0.0,1789525885311,119310064325080
0,29097,0.0,1789525885412,119310066737096
1,29097,0.0,1789525885412,119310066737096
2,29097,0.0,1789525885412,119310066737096
3,29097,100.0,1789525885412,119310066737096
4,29097,0.0,1789525885412,119310066737096
5,29097,0.0,1789525885412,119310066737096
6,29097,0.0,1789525885412,119310066737096
7,29097,0.0,1789525885412,119310066737096
0,29197,0.0,1789525885512,119310069149200
1,29197,0.0,1789525885512,119310069149200
2,29197,0.0,1789525885512,119310069149200
3,29197,100.0,1789525885512,119310069149200
4,29197,0.0,1789525885512,119310069149200
5,29197,0.0,1789525885512,119310069149200
6,29197,0.0,1789525885512,119310069149200
7,29197,0.0,1789525885512,119310069149200
0,29298,0.0,1789525885613,119310071560787
1,29298,0.0,1789525885613,119310071560787
2,29298,0.0,1789525885613,119310071560787
3,29298,100.0,1789525885613,119310071560787
4,29298,0.0,1789525885613,119310071560787
5,29298,0.0,1789525885613,119310071560787
6,29298,0.0,1789525885613,119310071560787
7,29298,0.0,1789525885613,119310071560787
0,29398,0.0,1789525885713,119310073970748
1,29398,0.0,1789525885713,119310073970748
2,29398,0.0,1789525885713,119310073970748
3,29398,100.0,1789525885713,119310073970748
4,29398,0.0,1789525885713,119310073970748
5,29398,0.0,1789525885713,119310073970748
6,29398,0.0,1789525885713,119310073970748
7,29398,0.0,1789525885713,119310073970748
0,29499,0.0,1789525885814,119310076380649
1,29499,0.0,1789525885814,119310076380649
2,29499,0.0,1789525885814,119310076380649
3,29499,100.0,1789525885814,119310076380649
4,29499,0.0,1789525885814,119310076380649
5,29499,0.0,1789525885814,119310076380649
6,29499,0.0,1789525885814,119310076380649
7,29499,0.0,1789525885814,119310076380649
0,29599,0.0,1789525885914,119310078790714
1,29599,0.0,1789525885914,119310078790714
2,29599,0.0,1789525885914,119310078790714
3,29599,100.0,1789525885914,119310078790714
4,29599,0.0,1789525885914,119310078790714
5,29599,0.0,1789525885914,119310078790714
6,29599,0.0,1789525885914,119310078790714
7,29599,0.0,1789525885914,119310078790714
0,29699,0.0,1789525886014,119310081200675
1,29699,0.0,1789525886014,119310081200675
2,29699,0.0,1789525886014,119310081200675
3,29699,100.0,1789525886014,119310081200675
4,29699,0.0,1789525886014,119310081200675
5,29699,0.0,1789525886014,119310081200675
6,29699,0.0,1789525886014,119310081200675
7,29699,0.0,1789525886014,119310081200675
0,29800,0.0,1789525886115,119310083610600
1,29800,0.0,1789525886115,119310083610600
2,29800,0.0,1789525886115,119310083610600
3,29800,100.0,1789525886115,119310083610600
4,29800,0.0,1789525886115,119310083610600
5,29800,0.0,1789525886115,119310083610600
6,29800,0.0,1789525886115,119310083610600
7,29800,0.0,1789525886115,119310083610600
0,29900,0.0,1789525886215,119310086021298
1,29900,0.0,1789525886215,119310086021298
2,29900,0.0,1789525886215,119310086021298
3,29900,100.0,1789525886215,119310086021298
4,29900,0.0,1789525886215,119310086021298
5,29900,0.0,1789525886215,119310086021298
6,29900,0.0,1789525886215,119310086021298
7,29900,9.1,1789525886215,119310086021298
0,30001,0.0,1789525886316,119310088434311
1,30001,0.0,1789525886316,119310088434311
2,30001,0.0,1789525886316,119310088434311
3,30001,100.0,1789525886316,119310088434311
4,30001,0.0,1789525886316,119310088434311
5,30001,0.0,1789525886316,119310088434311
6,30001,0.0,1789525886316,119310088434311
7,30001,0.0,1789525886316,119310088434311
0,30101,88.9,1789525886416,119310090848095
1,30101,0.0,1789525886416,119310090848095
2,30101,0.0,1789525886416,119310090848095
3,30101,0.0,1789525886416,119310090848095
4,30101,0.0,1789525886416,119310090848095
5,30101,0.0,1789525886416,119310090848095
6,30101,0.0,1789525886416,119310090848095
7,30101,0.0,1789525886416,119310090848095
0,30202,100.0,1789525886517,119310093261538
1,30202,0.0,1789525886517,119310093261538
2,30202,0.0,1789525886517,119310093261538
3,30202,0.0,1789525886517,119310093261538
4,30202,0.0,1789525886517,119310093261538
5,30202,0.0,1789525886517,119310093261538
6,30202,0.0,1789525886517,119310093261538
7,30202,0.0,1789525886517,119310093261538
0,30303,100.0,1789525886618,119310095676082
1,30303,0.0,1789525886618,119310095676082
2,30303,0.0,1789525886618,119310095676082
3,30303,0.0,1789525886618,119310095676082
4,30303,0.0,1789525886618,119310095676082
5,30303,0.0,1789525886618,119310095676082
6,30303,0.0,1789525886618,119310095676082
7,30303,9.1,1789525886618,119310095676082
0,30403,100.0,1789525886718,119310098090001
1,30403,0.0,1789525886718,119310098090001
2,30403,0.0,1789525886718,119310098090001
3,30403,0.0,1789525886718,119310098090001
4,30403,0.0,1789525886718,119310098090001
5,30403,0.0,1789525886718,119310098090001
6,30403,0.0,1789525886718,119310098090001
7,30403,0.0,1789525886718,119310098090001
0,30504,100.0,1789525886819,119310100511945
1,30504,0.0,1789525886819,119310100511945
2,30504,0.0,1789525886819,119310100511945
3,30504,0.0,1789525886819,119310100511945
4,30504,0.0,1789525886819,119310100511945
5,30504,0.0,1789525886819,119310100511945
6,30504,0.0,1789525886819,119310100511945
7,30504,0.0,1789525886819,119310100511945
0,30605,100.0,1789525886920,119310102924746
1,30605,9.1,1789525886920,119310102924746
2,30605,0.0,1789525886920,119310102924746
3,30605,9.1,1789525886920,119310102924746
4,30605,0.0,1789525886920,119310102924746
5,30605,0.0,1789525886920,119310102924746
6,30605,0.0,1789525886920,119310102924746
7,30605,0.0,1789525886920,119310102924746
0,30705,80.0,1789525887020,119310105337833
1,30705,0.0,1789525887020,119310105337833
2,30705,10.0,1789525887020,119310105337833
3,30705,0.0,1789525887020,119310105337833
4,30705,0.0,1789525887020,119310105337833
5,30705,9.1,1789525887020,119310105337833
6,30705,0.0,1789525887020,119310105337833
7,30705,9.1,1789525887020,119310105337833
0,30806,11.1,1789525887121,119310107751036
1,30806,10.0,1789525887121,119310107751036
2,30806,0.0,1789525887121,119310107751036
3,30806,10.0,1789525887121,119310107751036
4,30806,18.2,1789525887121,119310107751036
5,30806,20.0,1789525887121,119310107751036
6,30806,20.0,1789525887121,119310107751036
7,30806,20.0,1789525887121,119310107751036
0,30813,0.0,1789525887128,119310107922837
1,30813,0.0,1789525887128,119310107922837
2,30813,0.0,1789525887128,119310107922837
3,30813,0.0,1789525887128,119310107922837
4,30813,0.0,1789525887128,119310107922837
5,30813,0.0,1789525887128,119310107922837
6,30813,100.0,1789525887128,119310107922837
7,30813,0.0,1789525887128,119310107922837
