seed,cruise_speed,sim_dt,decimation,control_dt_ms,sched_latency_ms,percep_latency_ms,percep_delay_steps,percep_hold_ms,percep_refresh,walk_speed,hold_steps,eff_cmd_hz,moment_scale,gust,motor_tau,pipeline_zoh,gates_passed,steps,K,outcome,crash_type,ctrl_trace,prop_density,course,person_h,layout_seed
1000,1.8,0.01,1,10.0,0.0,56.8,6,0.0,1,0.0,1,96.24,0.0055,0.0,0.0,0,2,493,4,crash,clip,xpu_a_cpsat_hard.csv,0.3,a,2.4,
1001,1.8,0.01,1,10.0,0.0,56.8,6,0.0,1,0.0,1,96.24,0.0055,0.0,0.0,0,4,803,4,success,,xpu_a_cpsat_hard.csv,0.3,a,2.4,
1002,1.8,0.01,1,10.0,0.0,56.8,6,0.0,1,0.0,1,96.24,0.0055,0.0,0.0,0,1,183,4,crash,clip,xpu_a_cpsat_hard.csv,0.3,a,2.4,
1003,1.8,0.01,1,10.0,0.0,56.8,6,0.0,1,0.0,1,96.24,0.0055,0.0,0.0,0,1,292,4,crash,clip,xpu_a_cpsat_hard.csv,0.3,a,2.4,
1004,1.8,0.01,1,10.0,0.0,56.8,6,0.0,1,0.0,1,96.24,0.0055,0.0,0.0,0,3,662,4,crash,clip,xpu_a_cpsat_hard.csv,0.3,a,2.4,
1005,1.8,0.01,1,10.0,0.0,56.8,6,0.0,1,0.0,1,96.24,0.0055,0.0,0.0,0,1,279,4,crash,clip,xpu_a_cpsat_hard.csv,0.3,a,2.4,
1006,1.8,0.01,1,10.0,0.0,56.8,6,0.0,1,0.0,1,96.24,0.0055,0.0,0.0,0,2,604,4,crash,clip,xpu_a_cpsat_hard.csv,0.3,a,2.4,
1007,1.8,0.01,1,10.0,0.0,56.8,6,0.0,1,0.0,1,96.24,0.0055,0.0,0.0,0,3,757,4,crash,clip,xpu_a_cpsat_hard.csv,0.3,a,2.4,
1008,1.8,0.01,1,10.0,0.0,56.8,6,0.0,1,0.0,1,96.24,0.0055,0.0,0.0,0,3,1374,4,crash,clip,xpu_a_cpsat_hard.csv,0.3,a,2.4,
1009,1.8,0.01,1,10.0,0.0,56.8,6,0.0,1,0.0,1,96.24,0.0055,0.0,0.0,0,0,81,4,crash,clip,xpu_a_cpsat_hard.csv,0.3,a,2.4,
1010,1.8,0.01,1,10.0,0.0,56.8,6,0.0,1,0.0,1,96.24,0.0055,0.0,0.0,0,1,266,4,crash,clip,xpu_a_cpsat_hard.csv,0.3,a,2.4,
1011,1.8,0.01,1,10.0,0.0,56.8,6,0.0,1,0.0,1,96.24,0.0055,0.0,0.0,0,1,195,4,crash,clip,xpu_a_cpsat_hard.csv,0.3,a,2.4,
1000,1.4,0.01,1,10.0,0.0,56.8,6,0.0,1,0.0,1,96.24,0.0055,0.0,0.0,0,2,624,4,crash,clip,xpu_a_cpsat_hard.csv,0.3,a,2.4,
1001,1.4,0.01,1,10.0,0.0,56.8,6,0.0,1,0.0,1,96.24,0.0055,0.0,0.0,0,2,722,4,crash,clip,xpu_a_cpsat_hard.csv,0.3,a,2.4,
1002,1.4,0.01,1,10.0,0.0,56.8,6,0.0,1,0.0,1,96.24,0.0055,0.0,0.0,0,1,442,4,crash,clip,xpu_a_cpsat_hard.csv,0.3,a,2.4,
1003,1.4,0.01,1,10.0,0.0,56.8,6,0.0,1,0.0,1,96.24,0.0055,0.0,0.0,0,2,892,4,crash,clip,xpu_a_cpsat_hard.csv,0.3,a,2.4,
1004,1.4,0.01,1,10.0,0.0,56.8,6,0.0,1,0.0,1,96.24,0.0055,0.0,0.0,0,2,759,4,crash,clip,xpu_a_cpsat_hard.csv,0.3,a,2.4,
1005,1.4,0.01,1,10.0,0.0,56.8,6,0.0,1,0.0,1,96.24,0.0055,0.0,0.0,0,1,521,4,crash,clip,xpu_a_cpsat_hard.csv,0.3,a,2.4,
1006,1.4,0.01,1,10.0,0.0,56.8,6,0.0,1,0.0,1,96.24,0.0055,0.0,0.0,0,3,1128,4,crash,clip,xpu_a_cpsat_hard.csv,0.3,a,2.4,
1007,1.4,0.01,1,10.0,0.0,56.8,6,0.0,1,0.0,1,96.24,0.0055,0.0,0.0,0,2,632,4,crash,clip,xpu_a_cpsat_hard.csv,0.3,a,2.4,
1008,1.4,0.01,1,10.0,0.0,56.8,6,0.0,1,0.0,1,96.24,0.0055,0.0,0.0,0,1,329,4,crash,clip,xpu_a_cpsat_hard.csv,0.3,a,2.4,
1009,1.4,0.01,1,10.0,0.0,56.8,6,0.0,1,0.0,1,96.24,0.0055,0.0,0.0,0,3,780,4,crash,clip,xpu_a_cpsat_hard.csv,0.3,a,2.4,
1010,1.4,0.01,1,10.0,0.0,56.8,6,0.0,1,0.0,1,96.24,0.0055,0.0,0.0,0,1,814,4,crash,clip,xpu_a_cpsat_hard.csv,0.3,a,2.4,
1011,1.4,0.01,1,10.0,0.0,56.8,6,0.0,1,0.0,1,96.24,0.0055,0.0,0.0,0,1,345,4,crash,clip,xpu_a_cpsat_hard.csv,0.3,a,2.4,
1000,1.0,0.01,1,10.0,0.0,56.8,6,0.0,1,0.0,1,96.24,0.0055,0.0,0.0,0,4,1470,4,success,,xpu_a_cpsat_hard.csv,0.3,a,2.4,
1001,1.0,0.01,1,10.0,0.0,56.8,6,0.0,1,0.0,1,96.24,0.0055,0.0,0.0,0,1,539,4,crash,clip,xpu_a_cpsat_hard.csv,0.3,a,2.4,
1002,1.0,0.01,1,10.0,0.0,56.8,6,0.0,1,0.0,1,96.24,0.0055,0.0,0.0,0,1,484,4,crash,clip,xpu_a_cpsat_hard.csv,0.3,a,2.4,
1003,1.0,0.01,1,10.0,0.0,56.8,6,0.0,1,0.0,1,96.24,0.0055,0.0,0.0,0,2,1052,4,crash,clip,xpu_a_cpsat_hard.csv,0.3,a,2.4,
1004,1.0,0.01,1,10.0,0.0,56.8,6,0.0,1,0.0,1,96.24,0.0055,0.0,0.0,0,0,814,4,crash,clip,xpu_a_cpsat_hard.csv,0.3,a,2.4,
1005,1.0,0.01,1,10.0,0.0,56.8,6,0.0,1,0.0,1,96.24,0.0055,0.0,0.0,0,1,520,4,crash,clip,xpu_a_cpsat_hard.csv,0.3,a,2.4,
1006,1.0,0.01,1,10.0,0.0,56.8,6,0.0,1,0.0,1,96.24,0.0055,0.0,0.0,0,3,1152,4,crash,clip,xpu_a_cpsat_hard.csv,0.3,a,2.4,
1007,1.0,0.01,1,10.0,0.0,56.8,6,0.0,1,0.0,1,96.24,0.0055,0.0,0.0,0,4,1510,4,success,,xpu_a_cpsat_hard.csv,0.3,a,2.4,
1008,1.0,0.01,1,10.0,0.0,56.8,6,0.0,1,0.0,1,96.24,0.0055,0.0,0.0,0,1,453,4,crash,clip,xpu_a_cpsat_hard.csv,0.3,a,2.4,
1009,1.0,0.01,1,10.0,0.0,56.8,6,0.0,1,0.0,1,96.24,0.0055,0.0,0.0,0,1,1081,4,crash,clip,xpu_a_cpsat_hard.csv,0.3,a,2.4,
1010,1.0,0.01,1,10.0,0.0,56.8,6,0.0,1,0.0,1,96.24,0.0055,0.0,0.0,0,1,740,4,crash,clip,xpu_a_cpsat_hard.csv,0.3,a,2.4,
1011,1.0,0.01,1,10.0,0.0,56.8,6,0.0,1,0.0,1,96.24,0.0055,0.0,0.0,0,2,1513,4,crash,clip,xpu_a_cpsat_hard.csv,0.3,a,2.4,
1000,1.6,0.01,1,10.0,0.0,56.8,6,0.0,1,0.0,1,96.24,0.0055,0.0,0.0,0,2,550,4,crash,clip,xpu_a_cpsat_hard.csv,0.3,a,2.4,
1001,1.6,0.01,1,10.0,0.0,56.8,6,0.0,1,0.0,1,96.24,0.0055,0.0,0.0,0,2,549,4,crash,clip,xpu_a_cpsat_hard.csv,0.3,a,2.4,
1002,1.6,0.01,1,10.0,0.0,56.8,6,0.0,1,0.0,1,96.24,0.0055,0.0,0.0,0,1,209,4,crash,clip,xpu_a_cpsat_hard.csv,0.3,a,2.4,
1003,1.6,0.01,1,10.0,0.0,56.8,6,0.0,1,0.0,1,96.24,0.0055,0.0,0.0,0,2,584,4,crash,clip,xpu_a_cpsat_hard.csv,0.3,a,2.4,
1004,1.6,0.01,1,10.0,0.0,56.8,6,0.0,1,0.0,1,96.24,0.0055,0.0,0.0,0,2,441,4,crash,clip,xpu_a_cpsat_hard.csv,0.3,a,2.4,
1005,1.6,0.01,1,10.0,0.0,56.8,6,0.0,1,0.0,1,96.24,0.0055,0.0,0.0,0,3,766,4,crash,clip,xpu_a_cpsat_hard.csv,0.3,a,2.4,
1006,1.6,0.01,1,10.0,0.0,56.8,6,0.0,1,0.0,1,96.24,0.0055,0.0,0.0,0,3,826,4,crash,clip,xpu_a_cpsat_hard.csv,0.3,a,2.4,
1007,1.6,0.01,1,10.0,0.0,56.8,6,0.0,1,0.0,1,96.24,0.0055,0.0,0.0,0,2,568,4,crash,clip,xpu_a_cpsat_hard.csv,0.3,a,2.4,
1008,1.6,0.01,1,10.0,0.0,56.8,6,0.0,1,0.0,1,96.24,0.0055,0.0,0.0,0,1,278,4,crash,clip,xpu_a_cpsat_hard.csv,0.3,a,2.4,
1009,1.6,0.01,1,10.0,0.0,56.8,6,0.0,1,0.0,1,96.24,0.0055,0.0,0.0,0,2,540,4,crash,clip,xpu_a_cpsat_hard.csv,0.3,a,2.4,
1010,1.6,0.01,1,10.0,0.0,56.8,6,0.0,1,0.0,1,96.24,0.0055,0.0,0.0,0,1,268,4,crash,clip,xpu_a_cpsat_hard.csv,0.3,a,2.4,
1011,1.6,0.01,1,10.0,0.0,56.8,6,0.0,1,0.0,1,96.24,0.0055,0.0,0.0,0,1,321,4,crash,clip,xpu_a_cpsat_hard.csv,0.3,a,2.4,
1000,1.2,0.01,1,10.0,0.0,56.8,6,0.0,1,0.0,1,96.24,0.0055,0.0,0.0,0,3,942,4,crash,clip,xpu_a_cpsat_hard.csv,0.3,a,2.4,
1001,1.2,0.01,1,10.0,0.0,56.8,6,0.0,1,0.0,1,96.24,0.0055,0.0,0.0,0,2,1256,4,crash,clip,xpu_a_cpsat_hard.csv,0.3,a,2.4,
1002,1.2,0.01,1,10.0,0.0,56.8,6,0.0,1,0.0,1,96.24,0.0055,0.0,0.0,0,1,333,4,crash,clip,xpu_a_cpsat_hard.csv,0.3,a,2.4,
1003,1.2,0.01,1,10.0,0.0,56.8,6,0.0,1,0.0,1,96.24,0.0055,0.0,0.0,0,4,1246,4,success,,xpu_a_cpsat_hard.csv,0.3,a,2.4,
1004,1.2,0.01,1,10.0,0.0,56.8,6,0.0,1,0.0,1,96.24,0.0055,0.0,0.0,0,2,829,4,crash,clip,xpu_a_cpsat_hard.csv,0.3,a,2.4,
1005,1.2,0.01,1,10.0,0.0,56.8,6,0.0,1,0.0,1,96.24,0.0055,0.0,0.0,0,1,602,4,crash,clip,xpu_a_cpsat_hard.csv,0.3,a,2.4,
1006,1.2,0.01,1,10.0,0.0,56.8,6,0.0,1,0.0,1,96.24,0.0055,0.0,0.0,0,3,1014,4,crash,clip,xpu_a_cpsat_hard.csv,0.3,a,2.4,
1007,1.2,0.01,1,10.0,0.0,56.8,6,0.0,1,0.0,1,96.24,0.0055,0.0,0.0,0,3,1049,4,crash,clip,xpu_a_cpsat_hard.csv,0.3,a,2.4,
1008,1.2,0.01,1,10.0,0.0,56.8,6,0.0,1,0.0,1,96.24,0.0055,0.0,0.0,0,4,1223,4,success,,xpu_a_cpsat_hard.csv,0.3,a,2.4,
1009,1.2,0.01,1,10.0,0.0,56.8,6,0.0,1,0.0,1,96.24,0.0055,0.0,0.0,0,1,267,4,crash,clip,xpu_a_cpsat_hard.csv,0.3,a,2.4,
1010,1.2,0.01,1,10.0,0.0,56.8,6,0.0,1,0.0,1,96.24,0.0055,0.0,0.0,0,1,632,4,crash,clip,xpu_a_cpsat_hard.csv,0.3,a,2.4,
1011,1.2,0.01,1,10.0,0.0,56.8,6,0.0,1,0.0,1,96.24,0.0055,0.0,0.0,0,4,1222,4,success,,xpu_a_cpsat_hard.csv,0.3,a,2.4,
1000,1.8,0.01,1,10.0,0.0,242.0,24,0.0,1,0.0,1,39.15,0.0055,0.0,0.0,0,2,506,4,crash,clip,ros_vanilla445.csv,0.3,a,2.4,
1001,1.8,0.01,1,10.0,0.0,242.0,24,0.0,1,0.0,1,39.15,0.0055,0.0,0.0,0,1,189,4,crash,clip,ros_vanilla445.csv,0.3,a,2.4,
1002,1.8,0.01,1,10.0,0.0,242.0,24,0.0,1,0.0,1,39.15,0.0055,0.0,0.0,0,1,187,4,crash,clip,ros_vanilla445.csv,0.3,a,2.4,
1003,1.8,0.01,1,10.0,0.0,242.0,24,0.0,1,0.0,1,39.15,0.0055,0.0,0.0,0,2,875,4,crash,clip,ros_vanilla445.csv,0.3,a,2.4,
1004,1.8,0.01,1,10.0,0.0,242.0,24,0.0,1,0.0,1,39.15,0.0055,0.0,0.0,0,1,331,4,crash,clip,ros_vanilla445.csv,0.3,a,2.4,
1005,1.8,0.01,1,10.0,0.0,242.0,24,0.0,1,0.0,1,39.15,0.0055,0.0,0.0,0,2,425,4,crash,clip,ros_vanilla445.csv,0.3,a,2.4,
1006,1.8,0.01,1,10.0,0.0,242.0,24,0.0,1,0.0,1,39.15,0.0055,0.0,0.0,0,1,373,4,crash,clip,ros_vanilla445.csv,0.3,a,2.4,
1007,1.8,0.01,1,10.0,0.0,242.0,24,0.0,1,0.0,1,39.15,0.0055,0.0,0.0,0,1,297,4,crash,clip,ros_vanilla445.csv,0.3,a,2.4,
1008,1.8,0.01,1,10.0,0.0,242.0,24,0.0,1,0.0,1,39.15,0.0055,0.0,0.0,0,0,537,4,crash,clip,ros_vanilla445.csv,0.3,a,2.4,
1009,1.8,0.01,1,10.0,0.0,242.0,24,0.0,1,0.0,1,39.15,0.0055,0.0,0.0,0,2,467,4,crash,clip,ros_vanilla445.csv,0.3,a,2.4,
1010,1.8,0.01,1,10.0,0.0,242.0,24,0.0,1,0.0,1,39.15,0.0055,0.0,0.0,0,4,831,4,success,,ros_vanilla445.csv,0.3,a,2.4,
1011,1.8,0.01,1,10.0,0.0,242.0,24,0.0,1,0.0,1,39.15,0.0055,0.0,0.0,0,1,325,4,crash,clip,ros_vanilla445.csv,0.3,a,2.4,
1000,1.4,0.01,1,10.0,0.0,242.0,24,0.0,1,0.0,1,39.15,0.0055,0.0,0.0,0,3,995,4,crash,clip,ros_vanilla445.csv,0.3,a,2.4,
1001,1.4,0.01,1,10.0,0.0,242.0,24,0.0,1,0.0,1,39.15,0.0055,0.0,0.0,0,4,1057,4,success,,ros_vanilla445.csv,0.3,a,2.4,
1002,1.4,0.01,1,10.0,0.0,242.0,24,0.0,1,0.0,1,39.15,0.0055,0.0,0.0,0,2,605,4,crash,clip,ros_vanilla445.csv,0.3,a,2.4,
1003,1.4,0.01,1,10.0,0.0,242.0,24,0.0,1,0.0,1,39.15,0.0055,0.0,0.0,0,4,1121,4,success,,ros_vanilla445.csv,0.3,a,2.4,
1004,1.4,0.01,1,10.0,0.0,242.0,24,0.0,1,0.0,1,39.15,0.0055,0.0,0.0,0,1,434,4,crash,clip,ros_vanilla445.csv,0.3,a,2.4,
1005,1.4,0.01,1,10.0,0.0,242.0,24,0.0,1,0.0,1,39.15,0.0055,0.0,0.0,0,2,854,4,crash,clip,ros_vanilla445.csv,0.3,a,2.4,
1006,1.4,0.01,1,10.0,0.0,242.0,24,0.0,1,0.0,1,39.15,0.0055,0.0,0.0,0,1,447,4,crash,clip,ros_vanilla445.csv,0.3,a,2.4,
1007,1.4,0.01,1,10.0,0.0,242.0,24,0.0,1,0.0,1,39.15,0.0055,0.0,0.0,0,1,383,4,crash,clip,ros_vanilla445.csv,0.3,a,2.4,
1008,1.4,0.01,1,10.0,0.0,242.0,24,0.0,1,0.0,1,39.15,0.0055,0.0,0.0,0,1,223,4,crash,clip,ros_vanilla445.csv,0.3,a,2.4,
1009,1.4,0.01,1,10.0,0.0,242.0,24,0.0,1,0.0,1,39.15,0.0055,0.0,0.0,0,1,282,4,crash,clip,ros_vanilla445.csv,0.3,a,2.4,
1010,1.4,0.01,1,10.0,0.0,242.0,24,0.0,1,0.0,1,39.15,0.0055,0.0,0.0,0,2,668,4,crash,clip,ros_vanilla445.csv,0.3,a,2.4,
1011,1.4,0.01,1,10.0,0.0,242.0,24,0.0,1,0.0,1,39.15,0.0055,0.0,0.0,0,2,636,4,crash,clip,ros_vanilla445.csv,0.3,a,2.4,
1000,1.0,0.01,1,10.0,0.0,242.0,24,0.0,1,0.0,1,39.15,0.0055,0.0,0.0,0,1,472,4,crash,clip,ros_vanilla445.csv,0.3,a,2.4,
1001,1.0,0.01,1,10.0,0.0,242.0,24,0.0,1,0.0,1,39.15,0.0055,0.0,0.0,0,1,683,4,crash,clip,ros_vanilla445.csv,0.3,a,2.4,
1002,1.0,0.01,1,10.0,0.0,242.0,24,0.0,1,0.0,1,39.15,0.0055,0.0,0.0,0,0,462,4,crash,clip,ros_vanilla445.csv,0.3,a,2.4,
1003,1.0,0.01,1,10.0,0.0,242.0,24,0.0,1,0.0,1,39.15,0.0055,0.0,0.0,0,0,463,4,crash,clip,ros_vanilla445.csv,0.3,a,2.4,
1004,1.0,0.01,1,10.0,0.0,242.0,24,0.0,1,0.0,1,39.15,0.0055,0.0,0.0,0,0,1800,4,timeout,,ros_vanilla445.csv,0.3,a,2.4,
1005,1.0,0.01,1,10.0,0.0,242.0,24,0.0,1,0.0,1,39.15,0.0055,0.0,0.0,0,1,662,4,crash,clip,ros_vanilla445.csv,0.3,a,2.4,
1006,1.0,0.01,1,10.0,0.0,242.0,24,0.0,1,0.0,1,39.15,0.0055,0.0,0.0,0,1,388,4,crash,clip,ros_vanilla445.csv,0.3,a,2.4,
1007,1.0,0.01,1,10.0,0.0,242.0,24,0.0,1,0.0,1,39.15,0.0055,0.0,0.0,0,0,1200,4,crash,clip,ros_vanilla445.csv,0.3,a,2.4,
1008,1.0,0.01,1,10.0,0.0,242.0,24,0.0,1,0.0,1,39.15,0.0055,0.0,0.0,0,0,1517,4,crash,clip,ros_vanilla445.csv,0.3,a,2.4,
1009,1.0,0.01,1,10.0,0.0,242.0,24,0.0,1,0.0,1,39.15,0.0055,0.0,0.0,0,1,434,4,crash,clip,ros_vanilla445.csv,0.3,a,2.4,
1010,1.0,0.01,1,10.0,0.0,242.0,24,0.0,1,0.0,1,39.15,0.0055,0.0,0.0,0,1,424,4,crash,clip,ros_vanilla445.csv,0.3,a,2.4,
1011,1.0,0.01,1,10.0,0.0,242.0,24,0.0,1,0.0,1,39.15,0.0055,0.0,0.0,0,1,550,4,crash,clip,ros_vanilla445.csv,0.3,a,2.4,
1000,1.6,0.01,1,10.0,0.0,242.0,24,0.0,1,0.0,1,39.15,0.0055,0.0,0.0,0,4,935,4,success,,ros_vanilla445.csv,0.3,a,2.4,
1001,1.6,0.01,1,10.0,0.0,242.0,24,0.0,1,0.0,1,39.15,0.0055,0.0,0.0,0,2,554,4,crash,clip,ros_vanilla445.csv,0.3,a,2.4,
1002,1.6,0.01,1,10.0,0.0,242.0,24,0.0,1,0.0,1,39.15,0.0055,0.0,0.0,0,0,1800,4,timeout,,ros_vanilla445.csv,0.3,a,2.4,
1003,1.6,0.01,1,10.0,0.0,242.0,24,0.0,1,0.0,1,39.15,0.0055,0.0,0.0,0,3,756,4,crash,clip,ros_vanilla445.csv,0.3,a,2.4,
1004,1.6,0.01,1,10.0,0.0,242.0,24,0.0,1,0.0,1,39.15,0.0055,0.0,0.0,0,1,440,4,crash,clip,ros_vanilla445.csv,0.3,a,2.4,
1005,1.6,0.01,1,10.0,0.0,242.0,24,0.0,1,0.0,1,39.15,0.0055,0.0,0.0,0,1,307,4,crash,clip,ros_vanilla445.csv,0.3,a,2.4,
1006,1.6,0.01,1,10.0,0.0,242.0,24,0.0,1,0.0,1,39.15,0.0055,0.0,0.0,0,1,250,4,crash,clip,ros_vanilla445.csv,0.3,a,2.4,
1007,1.6,0.01,1,10.0,0.0,242.0,24,0.0,1,0.0,1,39.15,0.0055,0.0,0.0,0,1,1340,4,crash,clip,ros_vanilla445.csv,0.3,a,2.4,
1008,1.6,0.01,1,10.0,0.0,242.0,24,0.0,1,0.0,1,39.15,0.0055,0.0,0.0,0,0,231,4,crash,clip,ros_vanilla445.csv,0.3,a,2.4,
1009,1.6,0.01,1,10.0,0.0,242.0,24,0.0,1,0.0,1,39.15,0.0055,0.0,0.0,0,2,577,4,crash,clip,ros_vanilla445.csv,0.3,a,2.4,
1010,1.6,0.01,1,10.0,0.0,242.0,24,0.0,1,0.0,1,39.15,0.0055,0.0,0.0,0,3,721,4,crash,clip,ros_vanilla445.csv,0.3,a,2.4,
1011,1.6,0.01,1,10.0,0.0,242.0,24,0.0,1,0.0,1,39.15,0.0055,0.0,0.0,0,2,519,4,crash,clip,ros_vanilla445.csv,0.3,a,2.4,
1000,1.2,0.01,1,10.0,0.0,242.0,24,0.0,1,0.0,1,39.15,0.0055,0.0,0.0,0,1,547,4,crash,clip,ros_vanilla445.csv,0.3,a,2.4,
1001,1.2,0.01,1,10.0,0.0,242.0,24,0.0,1,0.0,1,39.15,0.0055,0.0,0.0,0,1,671,4,crash,clip,ros_vanilla445.csv,0.3,a,2.4,
1002,1.2,0.01,1,10.0,0.0,242.0,24,0.0,1,0.0,1,39.15,0.0055,0.0,0.0,0,1,348,4,crash,clip,ros_vanilla445.csv,0.3,a,2.4,
1003,1.2,0.01,1,10.0,0.0,242.0,24,0.0,1,0.0,1,39.15,0.0055,0.0,0.0,0,1,587,4,crash,clip,ros_vanilla445.csv,0.3,a,2.4,
1004,1.2,0.01,1,10.0,0.0,242.0,24,0.0,1,0.0,1,39.15,0.0055,0.0,0.0,0,1,529,4,crash,clip,ros_vanilla445.csv,0.3,a,2.4,
1005,1.2,0.01,1,10.0,0.0,242.0,24,0.0,1,0.0,1,39.15,0.0055,0.0,0.0,0,1,385,4,crash,clip,ros_vanilla445.csv,0.3,a,2.4,
1006,1.2,0.01,1,10.0,0.0,242.0,24,0.0,1,0.0,1,39.15,0.0055,0.0,0.0,0,0,212,4,crash,clip,ros_vanilla445.csv,0.3,a,2.4,
1007,1.2,0.01,1,10.0,0.0,242.0,24,0.0,1,0.0,1,39.15,0.0055,0.0,0.0,0,1,431,4,crash,clip,ros_vanilla445.csv,0.3,a,2.4,
1008,1.2,0.01,1,10.0,0.0,242.0,24,0.0,1,0.0,1,39.15,0.0055,0.0,0.0,0,2,592,4,crash,clip,ros_vanilla445.csv,0.3,a,2.4,
1009,1.2,0.01,1,10.0,0.0,242.0,24,0.0,1,0.0,1,39.15,0.0055,0.0,0.0,0,1,555,4,crash,clip,ros_vanilla445.csv,0.3,a,2.4,
1010,1.2,0.01,1,10.0,0.0,242.0,24,0.0,1,0.0,1,39.15,0.0055,0.0,0.0,0,1,524,4,crash,clip,ros_vanilla445.csv,0.3,a,2.4,
1011,1.2,0.01,1,10.0,0.0,242.0,24,0.0,1,0.0,1,39.15,0.0055,0.0,0.0,0,1,547,4,crash,clip,ros_vanilla445.csv,0.3,a,2.4,
1000,1.8,0.01,1,10.0,0.0,42.0,4,0.0,1,0.0,1,39.06,0.0055,0.0,0.0,0,1,271,4,crash,clip,ros_vanilla4_q145.csv,0.3,a,2.4,
1001,1.8,0.01,1,10.0,0.0,42.0,4,0.0,1,0.0,1,39.06,0.0055,0.0,0.0,0,2,422,4,crash,clip,ros_vanilla4_q145.csv,0.3,a,2.4,
1002,1.8,0.01,1,10.0,0.0,42.0,4,0.0,1,0.0,1,39.06,0.0055,0.0,0.0,0,1,277,4,crash,clip,ros_vanilla4_q145.csv,0.3,a,2.4,
1003,1.8,0.01,1,10.0,0.0,42.0,4,0.0,1,0.0,1,39.06,0.0055,0.0,0.0,0,1,547,4,crash,clip,ros_vanilla4_q145.csv,0.3,a,2.4,
1004,1.8,0.01,1,10.0,0.0,42.0,4,0.0,1,0.0,1,39.06,0.0055,0.0,0.0,0,1,330,4,crash,clip,ros_vanilla4_q145.csv,0.3,a,2.4,
1005,1.8,0.01,1,10.0,0.0,42.0,4,0.0,1,0.0,1,39.06,0.0055,0.0,0.0,0,1,731,4,crash,clip,ros_vanilla4_q145.csv,0.3,a,2.4,
1006,1.8,0.01,1,10.0,0.0,42.0,4,0.0,1,0.0,1,39.06,0.0055,0.0,0.0,0,1,455,4,crash,clip,ros_vanilla4_q145.csv,0.3,a,2.4,
1007,1.8,0.01,1,10.0,0.0,42.0,4,0.0,1,0.0,1,39.06,0.0055,0.0,0.0,0,1,268,4,crash,clip,ros_vanilla4_q145.csv,0.3,a,2.4,
1008,1.8,0.01,1,10.0,0.0,42.0,4,0.0,1,0.0,1,39.06,0.0055,0.0,0.0,0,1,345,4,crash,clip,ros_vanilla4_q145.csv,0.3,a,2.4,
1009,1.8,0.01,1,10.0,0.0,42.0,4,0.0,1,0.0,1,39.06,0.0055,0.0,0.0,0,1,171,4,crash,clip,ros_vanilla4_q145.csv,0.3,a,2.4,
1010,1.8,0.01,1,10.0,0.0,42.0,4,0.0,1,0.0,1,39.06,0.0055,0.0,0.0,0,1,274,4,crash,clip,ros_vanilla4_q145.csv,0.3,a,2.4,
1011,1.8,0.01,1,10.0,0.0,42.0,4,0.0,1,0.0,1,39.06,0.0055,0.0,0.0,0,1,269,4,crash,clip,ros_vanilla4_q145.csv,0.3,a,2.4,
1000,1.4,0.01,1,10.0,0.0,42.0,4,0.0,1,0.0,1,39.06,0.0055,0.0,0.0,0,2,649,4,crash,clip,ros_vanilla4_q145.csv,0.3,a,2.4,
1001,1.4,0.01,1,10.0,0.0,42.0,4,0.0,1,0.0,1,39.06,0.0055,0.0,0.0,0,4,1062,4,success,,ros_vanilla4_q145.csv,0.3,a,2.4,
1002,1.4,0.01,1,10.0,0.0,42.0,4,0.0,1,0.0,1,39.06,0.0055,0.0,0.0,0,1,1037,4,crash,clip,ros_vanilla4_q145.csv,0.3,a,2.4,
1003,1.4,0.01,1,10.0,0.0,42.0,4,0.0,1,0.0,1,39.06,0.0055,0.0,0.0,0,1,440,4,crash,clip,ros_vanilla4_q145.csv,0.3,a,2.4,
1004,1.4,0.01,1,10.0,0.0,42.0,4,0.0,1,0.0,1,39.06,0.0055,0.0,0.0,0,1,437,4,crash,clip,ros_vanilla4_q145.csv,0.3,a,2.4,
1005,1.4,0.01,1,10.0,0.0,42.0,4,0.0,1,0.0,1,39.06,0.0055,0.0,0.0,0,1,227,4,crash,clip,ros_vanilla4_q145.csv,0.3,a,2.4,
1006,1.4,0.01,1,10.0,0.0,42.0,4,0.0,1,0.0,1,39.06,0.0055,0.0,0.0,0,1,717,4,crash,clip,ros_vanilla4_q145.csv,0.3,a,2.4,
1007,1.4,0.01,1,10.0,0.0,42.0,4,0.0,1,0.0,1,39.06,0.0055,0.0,0.0,0,1,267,4,crash,clip,ros_vanilla4_q145.csv,0.3,a,2.4,
1008,1.4,0.01,1,10.0,0.0,42.0,4,0.0,1,0.0,1,39.06,0.0055,0.0,0.0,0,1,795,4,crash,clip,ros_vanilla4_q145.csv,0.3,a,2.4,
1009,1.4,0.01,1,10.0,0.0,42.0,4,0.0,1,0.0,1,39.06,0.0055,0.0,0.0,0,4,1042,4,success,,ros_vanilla4_q145.csv,0.3,a,2.4,
1010,1.4,0.01,1,10.0,0.0,42.0,4,0.0,1,0.0,1,39.06,0.0055,0.0,0.0,0,1,369,4,crash,clip,ros_vanilla4_q145.csv,0.3,a,2.4,
1011,1.4,0.01,1,10.0,0.0,42.0,4,0.0,1,0.0,1,39.06,0.0055,0.0,0.0,0,1,352,4,crash,clip,ros_vanilla4_q145.csv,0.3,a,2.4,
1000,1.0,0.01,1,10.0,0.0,42.0,4,0.0,1,0.0,1,39.06,0.0055,0.0,0.0,0,4,1475,4,success,,ros_vanilla4_q145.csv,0.3,a,2.4,
1001,1.0,0.01,1,10.0,0.0,42.0,4,0.0,1,0.0,1,39.06,0.0055,0.0,0.0,0,4,1441,4,success,,ros_vanilla4_q145.csv,0.3,a,2.4,
1002,1.0,0.01,1,10.0,0.0,42.0,4,0.0,1,0.0,1,39.06,0.0055,0.0,0.0,0,2,735,4,crash,clip,ros_vanilla4_q145.csv,0.3,a,2.4,
1003,1.0,0.01,1,10.0,0.0,42.0,4,0.0,1,0.0,1,39.06,0.0055,0.0,0.0,0,2,1068,4,crash,clip,ros_vanilla4_q145.csv,0.3,a,2.4,
1004,1.0,0.01,1,10.0,0.0,42.0,4,0.0,1,0.0,1,39.06,0.0055,0.0,0.0,0,1,591,4,crash,clip,ros_vanilla4_q145.csv,0.3,a,2.4,
1005,1.0,0.01,1,10.0,0.0,42.0,4,0.0,1,0.0,1,39.06,0.0055,0.0,0.0,0,1,260,4,crash,clip,ros_vanilla4_q145.csv,0.3,a,2.4,
1006,1.0,0.01,1,10.0,0.0,42.0,4,0.0,1,0.0,1,39.06,0.0055,0.0,0.0,0,2,777,4,crash,clip,ros_vanilla4_q145.csv,0.3,a,2.4,
1007,1.0,0.01,1,10.0,0.0,42.0,4,0.0,1,0.0,1,39.06,0.0055,0.0,0.0,0,2,950,4,crash,clip,ros_vanilla4_q145.csv,0.3,a,2.4,
1008,1.0,0.01,1,10.0,0.0,42.0,4,0.0,1,0.0,1,39.06,0.0055,0.0,0.0,0,2,646,4,crash,clip,ros_vanilla4_q145.csv,0.3,a,2.4,
1009,1.0,0.01,1,10.0,0.0,42.0,4,0.0,1,0.0,1,39.06,0.0055,0.0,0.0,0,3,1049,4,crash,clip,ros_vanilla4_q145.csv,0.3,a,2.4,
1010,1.0,0.01,1,10.0,0.0,42.0,4,0.0,1,0.0,1,39.06,0.0055,0.0,0.0,0,1,526,4,crash,clip,ros_vanilla4_q145.csv,0.3,a,2.4,
1011,1.0,0.01,1,10.0,0.0,42.0,4,0.0,1,0.0,1,39.06,0.0055,0.0,0.0,0,1,578,4,crash,clip,ros_vanilla4_q145.csv,0.3,a,2.4,
1000,1.8,0.01,1,10.0,0.0,748.0,75,0.0,1,0.0,1,75.31,0.0055,0.0,0.0,0,0,192,4,crash,ground,xpu_a_greedy.csv,0.3,a,2.4,
1001,1.8,0.01,1,10.0,0.0,748.0,75,0.0,1,0.0,1,75.31,0.0055,0.0,0.0,0,0,190,4,crash,ground,xpu_a_greedy.csv,0.3,a,2.4,
1002,1.8,0.01,1,10.0,0.0,748.0,75,0.0,1,0.0,1,75.31,0.0055,0.0,0.0,0,0,191,4,crash,ground,xpu_a_greedy.csv,0.3,a,2.4,
1003,1.8,0.01,1,10.0,0.0,748.0,75,0.0,1,0.0,1,75.31,0.0055,0.0,0.0,0,0,190,4,crash,ground,xpu_a_greedy.csv,0.3,a,2.4,
1004,1.8,0.01,1,10.0,0.0,748.0,75,0.0,1,0.0,1,75.31,0.0055,0.0,0.0,0,0,190,4,crash,ground,xpu_a_greedy.csv,0.3,a,2.4,
1005,1.8,0.01,1,10.0,0.0,748.0,75,0.0,1,0.0,1,75.31,0.0055,0.0,0.0,0,0,190,4,crash,ground,xpu_a_greedy.csv,0.3,a,2.4,
1006,1.8,0.01,1,10.0,0.0,748.0,75,0.0,1,0.0,1,75.31,0.0055,0.0,0.0,0,0,190,4,crash,ground,xpu_a_greedy.csv,0.3,a,2.4,
1007,1.8,0.01,1,10.0,0.0,748.0,75,0.0,1,0.0,1,75.31,0.0055,0.0,0.0,0,0,190,4,crash,ground,xpu_a_greedy.csv,0.3,a,2.4,
1008,1.8,0.01,1,10.0,0.0,748.0,75,0.0,1,0.0,1,75.31,0.0055,0.0,0.0,0,0,191,4,crash,ground,xpu_a_greedy.csv,0.3,a,2.4,
1009,1.8,0.01,1,10.0,0.0,748.0,75,0.0,1,0.0,1,75.31,0.0055,0.0,0.0,0,0,192,4,crash,ground,xpu_a_greedy.csv,0.3,a,2.4,
1010,1.8,0.01,1,10.0,0.0,748.0,75,0.0,1,0.0,1,75.31,0.0055,0.0,0.0,0,0,190,4,crash,ground,xpu_a_greedy.csv,0.3,a,2.4,
1011,1.8,0.01,1,10.0,0.0,748.0,75,0.0,1,0.0,1,75.31,0.0055,0.0,0.0,0,0,189,4,crash,ground,xpu_a_greedy.csv,0.3,a,2.4,
1000,1.4,0.01,1,10.0,0.0,748.0,75,0.0,1,0.0,1,75.31,0.0055,0.0,0.0,0,0,195,4,crash,ground,xpu_a_greedy.csv,0.3,a,2.4,
1001,1.4,0.01,1,10.0,0.0,748.0,75,0.0,1,0.0,1,75.31,0.0055,0.0,0.0,0,0,193,4,crash,ground,xpu_a_greedy.csv,0.3,a,2.4,
1002,1.4,0.01,1,10.0,0.0,748.0,75,0.0,1,0.0,1,75.31,0.0055,0.0,0.0,0,0,196,4,crash,ground,xpu_a_greedy.csv,0.3,a,2.4,
1003,1.4,0.01,1,10.0,0.0,748.0,75,0.0,1,0.0,1,75.31,0.0055,0.0,0.0,0,0,194,4,crash,ground,xpu_a_greedy.csv,0.3,a,2.4,
1004,1.4,0.01,1,10.0,0.0,748.0,75,0.0,1,0.0,1,75.31,0.0055,0.0,0.0,0,0,194,4,crash,ground,xpu_a_greedy.csv,0.3,a,2.4,
1005,1.4,0.01,1,10.0,0.0,748.0,75,0.0,1,0.0,1,75.31,0.0055,0.0,0.0,0,0,194,4,crash,ground,xpu_a_greedy.csv,0.3,a,2.4,
1006,1.4,0.01,1,10.0,0.0,748.0,75,0.0,1,0.0,1,75.31,0.0055,0.0,0.0,0,0,193,4,crash,ground,xpu_a_greedy.csv,0.3,a,2.4,
1007,1.4,0.01,1,10.0,0.0,748.0,75,0.0,1,0.0,1,75.31,0.0055,0.0,0.0,0,0,194,4,crash,ground,xpu_a_greedy.csv,0.3,a,2.4,
1008,1.4,0.01,1,10.0,0.0,748.0,75,0.0,1,0.0,1,75.31,0.0055,0.0,0.0,0,0,195,4,crash,ground,xpu_a_greedy.csv,0.3,a,2.4,
1009,1.4,0.01,1,10.0,0.0,748.0,75,0.0,1,0.0,1,75.31,0.0055,0.0,0.0,0,0,195,4,crash,ground,xpu_a_greedy.csv,0.3,a,2.4,
1010,1.4,0.01,1,10.0,0.0,748.0,75,0.0,1,0.0,1,75.31,0.0055,0.0,0.0,0,0,194,4,crash,ground,xpu_a_greedy.csv,0.3,a,2.4,
1011,1.4,0.01,1,10.0,0.0,748.0,75,0.0,1,0.0,1,75.31,0.0055,0.0,0.0,0,0,194,4,crash,ground,xpu_a_greedy.csv,0.3,a,2.4,
1000,1.8,0.01,1,10.0,0.0,242.0,24,0.0,1,0.0,1,100.0,0.0055,0.0,0.0,0,1,261,4,crash,clip,ros_vanilla4tm45.csv,0.3,a,2.4,
1001,1.8,0.01,1,10.0,0.0,242.0,24,0.0,1,0.0,1,100.0,0.0055,0.0,0.0,0,2,409,4,crash,clip,ros_vanilla4tm45.csv,0.3,a,2.4,
1002,1.8,0.01,1,10.0,0.0,242.0,24,0.0,1,0.0,1,100.0,0.0055,0.0,0.0,0,1,201,4,crash,clip,ros_vanilla4tm45.csv,0.3,a,2.4,
1003,1.8,0.01,1,10.0,0.0,242.0,24,0.0,1,0.0,1,100.0,0.0055,0.0,0.0,0,0,146,4,crash,clip,ros_vanilla4tm45.csv,0.3,a,2.4,
1004,1.8,0.01,1,10.0,0.0,242.0,24,0.0,1,0.0,1,100.0,0.0055,0.0,0.0,0,4,852,4,success,,ros_vanilla4tm45.csv,0.3,a,2.4,
1005,1.8,0.01,1,10.0,0.0,242.0,24,0.0,1,0.0,1,100.0,0.0055,0.0,0.0,0,1,327,4,crash,clip,ros_vanilla4tm45.csv,0.3,a,2.4,
1006,1.8,0.01,1,10.0,0.0,242.0,24,0.0,1,0.0,1,100.0,0.0055,0.0,0.0,0,1,296,4,crash,clip,ros_vanilla4tm45.csv,0.3,a,2.4,
1007,1.8,0.01,1,10.0,0.0,242.0,24,0.0,1,0.0,1,100.0,0.0055,0.0,0.0,0,1,313,4,crash,clip,ros_vanilla4tm45.csv,0.3,a,2.4,
1008,1.8,0.01,1,10.0,0.0,242.0,24,0.0,1,0.0,1,100.0,0.0055,0.0,0.0,0,0,229,4,crash,clip,ros_vanilla4tm45.csv,0.3,a,2.4,
1009,1.8,0.01,1,10.0,0.0,242.0,24,0.0,1,0.0,1,100.0,0.0055,0.0,0.0,0,2,489,4,crash,clip,ros_vanilla4tm45.csv,0.3,a,2.4,
1010,1.8,0.01,1,10.0,0.0,242.0,24,0.0,1,0.0,1,100.0,0.0055,0.0,0.0,0,2,519,4,crash,clip,ros_vanilla4tm45.csv,0.3,a,2.4,
1011,1.8,0.01,1,10.0,0.0,242.0,24,0.0,1,0.0,1,100.0,0.0055,0.0,0.0,0,1,195,4,crash,clip,ros_vanilla4tm45.csv,0.3,a,2.4,
1000,1.0,0.01,1,10.0,0.0,748.0,75,0.0,1,0.0,1,75.31,0.0055,0.0,0.0,0,0,200,4,crash,ground,xpu_a_greedy.csv,0.3,a,2.4,
1001,1.0,0.01,1,10.0,0.0,748.0,75,0.0,1,0.0,1,75.31,0.0055,0.0,0.0,0,0,198,4,crash,ground,xpu_a_greedy.csv,0.3,a,2.4,
1002,1.0,0.01,1,10.0,0.0,748.0,75,0.0,1,0.0,1,75.31,0.0055,0.0,0.0,0,0,200,4,crash,ground,xpu_a_greedy.csv,0.3,a,2.4,
1003,1.0,0.01,1,10.0,0.0,748.0,75,0.0,1,0.0,1,75.31,0.0055,0.0,0.0,0,0,199,4,crash,ground,xpu_a_greedy.csv,0.3,a,2.4,
1004,1.0,0.01,1,10.0,0.0,748.0,75,0.0,1,0.0,1,75.31,0.0055,0.0,0.0,0,0,199,4,crash,ground,xpu_a_greedy.csv,0.3,a,2.4,
1005,1.0,0.01,1,10.0,0.0,748.0,75,0.0,1,0.0,1,75.31,0.0055,0.0,0.0,0,0,199,4,crash,ground,xpu_a_greedy.csv,0.3,a,2.4,
1006,1.0,0.01,1,10.0,0.0,748.0,75,0.0,1,0.0,1,75.31,0.0055,0.0,0.0,0,0,197,4,crash,ground,xpu_a_greedy.csv,0.3,a,2.4,
1007,1.0,0.01,1,10.0,0.0,748.0,75,0.0,1,0.0,1,75.31,0.0055,0.0,0.0,0,0,198,4,crash,ground,xpu_a_greedy.csv,0.3,a,2.4,
1008,1.0,0.01,1,10.0,0.0,748.0,75,0.0,1,0.0,1,75.31,0.0055,0.0,0.0,0,0,204,4,crash,ground,xpu_a_greedy.csv,0.3,a,2.4,
1009,1.0,0.01,1,10.0,0.0,748.0,75,0.0,1,0.0,1,75.31,0.0055,0.0,0.0,0,0,200,4,crash,ground,xpu_a_greedy.csv,0.3,a,2.4,
1010,1.0,0.01,1,10.0,0.0,748.0,75,0.0,1,0.0,1,75.31,0.0055,0.0,0.0,0,0,198,4,crash,ground,xpu_a_greedy.csv,0.3,a,2.4,
1011,1.0,0.01,1,10.0,0.0,748.0,75,0.0,1,0.0,1,75.31,0.0055,0.0,0.0,0,0,197,4,crash,ground,xpu_a_greedy.csv,0.3,a,2.4,
1000,1.4,0.01,1,10.0,0.0,242.0,24,0.0,1,0.0,1,100.0,0.0055,0.0,0.0,0,1,326,4,crash,clip,ros_vanilla4tm45.csv,0.3,a,2.4,
1001,1.4,0.01,1,10.0,0.0,242.0,24,0.0,1,0.0,1,100.0,0.0055,0.0,0.0,0,3,910,4,crash,clip,ros_vanilla4tm45.csv,0.3,a,2.4,
1002,1.4,0.01,1,10.0,0.0,242.0,24,0.0,1,0.0,1,100.0,0.0055,0.0,0.0,0,0,754,4,crash,clip,ros_vanilla4tm45.csv,0.3,a,2.4,
1003,1.4,0.01,1,10.0,0.0,242.0,24,0.0,1,0.0,1,100.0,0.0055,0.0,0.0,0,3,980,4,crash,clip,ros_vanilla4tm45.csv,0.3,a,2.4,
1004,1.4,0.01,1,10.0,0.0,242.0,24,0.0,1,0.0,1,100.0,0.0055,0.0,0.0,0,2,759,4,crash,clip,ros_vanilla4tm45.csv,0.3,a,2.4,
1005,1.4,0.01,1,10.0,0.0,242.0,24,0.0,1,0.0,1,100.0,0.0055,0.0,0.0,0,2,699,4,crash,clip,ros_vanilla4tm45.csv,0.3,a,2.4,
1006,1.4,0.01,1,10.0,0.0,242.0,24,0.0,1,0.0,1,100.0,0.0055,0.0,0.0,0,1,384,4,crash,clip,ros_vanilla4tm45.csv,0.3,a,2.4,
1007,1.4,0.01,1,10.0,0.0,242.0,24,0.0,1,0.0,1,100.0,0.0055,0.0,0.0,0,4,1040,4,success,,ros_vanilla4tm45.csv,0.3,a,2.4,
1008,1.4,0.01,1,10.0,0.0,242.0,24,0.0,1,0.0,1,100.0,0.0055,0.0,0.0,0,2,475,4,crash,clip,ros_vanilla4tm45.csv,0.3,a,2.4,
1009,1.4,0.01,1,10.0,0.0,242.0,24,0.0,1,0.0,1,100.0,0.0055,0.0,0.0,0,4,1013,4,success,,ros_vanilla4tm45.csv,0.3,a,2.4,
1010,1.4,0.01,1,10.0,0.0,242.0,24,0.0,1,0.0,1,100.0,0.0055,0.0,0.0,0,1,362,4,crash,clip,ros_vanilla4tm45.csv,0.3,a,2.4,
1011,1.4,0.01,1,10.0,0.0,242.0,24,0.0,1,0.0,1,100.0,0.0055,0.0,0.0,0,1,351,4,crash,clip,ros_vanilla4tm45.csv,0.3,a,2.4,
1000,1.0,0.01,1,10.0,0.0,242.0,24,0.0,1,0.0,1,100.0,0.0055,0.0,0.0,0,1,444,4,crash,clip,ros_vanilla4tm45.csv,0.3,a,2.4,
1001,1.0,0.01,1,10.0,0.0,242.0,24,0.0,1,0.0,1,100.0,0.0055,0.0,0.0,0,1,674,4,crash,clip,ros_vanilla4tm45.csv,0.3,a,2.4,
1002,1.0,0.01,1,10.0,0.0,242.0,24,0.0,1,0.0,1,100.0,0.0055,0.0,0.0,0,1,560,4,crash,clip,ros_vanilla4tm45.csv,0.3,a,2.4,
1003,1.0,0.01,1,10.0,0.0,242.0,24,0.0,1,0.0,1,100.0,0.0055,0.0,0.0,0,0,228,4,crash,clip,ros_vanilla4tm45.csv,0.3,a,2.4,
1004,1.0,0.01,1,10.0,0.0,242.0,24,0.0,1,0.0,1,100.0,0.0055,0.0,0.0,0,1,521,4,crash,clip,ros_vanilla4tm45.csv,0.3,a,2.4,
1005,1.0,0.01,1,10.0,0.0,242.0,24,0.0,1,0.0,1,100.0,0.0055,0.0,0.0,0,1,258,4,crash,clip,ros_vanilla4tm45.csv,0.3,a,2.4,
1006,1.0,0.01,1,10.0,0.0,242.0,24,0.0,1,0.0,1,100.0,0.0055,0.0,0.0,0,1,784,4,crash,clip,ros_vanilla4tm45.csv,0.3,a,2.4,
1007,1.0,0.01,1,10.0,0.0,242.0,24,0.0,1,0.0,1,100.0,0.0055,0.0,0.0,0,2,803,4,crash,clip,ros_vanilla4tm45.csv,0.3,a,2.4,
1008,1.0,0.01,1,10.0,0.0,242.0,24,0.0,1,0.0,1,100.0,0.0055,0.0,0.0,0,1,498,4,crash,clip,ros_vanilla4tm45.csv,0.3,a,2.4,
1009,1.0,0.01,1,10.0,0.0,242.0,24,0.0,1,0.0,1,100.0,0.0055,0.0,0.0,0,0,564,4,crash,clip,ros_vanilla4tm45.csv,0.3,a,2.4,
1010,1.0,0.01,1,10.0,0.0,242.0,24,0.0,1,0.0,1,100.0,0.0055,0.0,0.0,0,1,750,4,crash,clip,ros_vanilla4tm45.csv,0.3,a,2.4,
1011,1.0,0.01,1,10.0,0.0,242.0,24,0.0,1,0.0,1,100.0,0.0055,0.0,0.0,0,1,532,4,crash,clip,ros_vanilla4tm45.csv,0.3,a,2.4,
1000,1.6,0.01,1,10.0,0.0,242.0,24,0.0,1,0.0,1,100.0,0.0055,0.0,0.0,0,2,585,4,crash,clip,ros_vanilla4tm45.csv,0.3,a,2.4,
1001,1.6,0.01,1,10.0,0.0,242.0,24,0.0,1,0.0,1,100.0,0.0055,0.0,0.0,0,1,203,4,crash,clip,ros_vanilla4tm45.csv,0.3,a,2.4,
1002,1.6,0.01,1,10.0,0.0,242.0,24,0.0,1,0.0,1,100.0,0.0055,0.0,0.0,0,0,223,4,crash,clip,ros_vanilla4tm45.csv,0.3,a,2.4,
1003,1.6,0.01,1,10.0,0.0,242.0,24,0.0,1,0.0,1,100.0,0.0055,0.0,0.0,0,4,932,4,success,,ros_vanilla4tm45.csv,0.3,a,2.4,
1004,1.6,0.01,1,10.0,0.0,242.0,24,0.0,1,0.0,1,100.0,0.0055,0.0,0.0,0,1,437,4,crash,clip,ros_vanilla4tm45.csv,0.3,a,2.4,
1005,1.6,0.01,1,10.0,0.0,242.0,24,0.0,1,0.0,1,100.0,0.0055,0.0,0.0,0,0,379,4,crash,clip,ros_vanilla4tm45.csv,0.3,a,2.4,
1006,1.6,0.01,1,10.0,0.0,242.0,24,0.0,1,0.0,1,100.0,0.0055,0.0,0.0,0,3,832,4,crash,clip,ros_vanilla4tm45.csv,0.3,a,2.4,
1007,1.6,0.01,1,10.0,0.0,242.0,24,0.0,1,0.0,1,100.0,0.0055,0.0,0.0,0,4,915,4,success,,ros_vanilla4tm45.csv,0.3,a,2.4,
1008,1.6,0.01,1,10.0,0.0,242.0,24,0.0,1,0.0,1,100.0,0.0055,0.0,0.0,0,3,765,4,crash,clip,ros_vanilla4tm45.csv,0.3,a,2.4,
1009,1.6,0.01,1,10.0,0.0,242.0,24,0.0,1,0.0,1,100.0,0.0055,0.0,0.0,0,1,258,4,crash,clip,ros_vanilla4tm45.csv,0.3,a,2.4,
1010,1.6,0.01,1,10.0,0.0,242.0,24,0.0,1,0.0,1,100.0,0.0055,0.0,0.0,0,4,893,4,success,,ros_vanilla4tm45.csv,0.3,a,2.4,
1011,1.6,0.01,1,10.0,0.0,242.0,24,0.0,1,0.0,1,100.0,0.0055,0.0,0.0,0,1,322,4,crash,clip,ros_vanilla4tm45.csv,0.3,a,2.4,
1000,1.2,0.01,1,10.0,0.0,242.0,24,0.0,1,0.0,1,100.0,0.0055,0.0,0.0,0,1,375,4,crash,clip,ros_vanilla4tm45.csv,0.3,a,2.4,
1001,1.2,0.01,1,10.0,0.0,242.0,24,0.0,1,0.0,1,100.0,0.0055,0.0,0.0,0,1,395,4,crash,clip,ros_vanilla4tm45.csv,0.3,a,2.4,
1002,1.2,0.01,1,10.0,0.0,242.0,24,0.0,1,0.0,1,100.0,0.0055,0.0,0.0,0,1,285,4,crash,clip,ros_vanilla4tm45.csv,0.3,a,2.4,
1003,1.2,0.01,1,10.0,0.0,242.0,24,0.0,1,0.0,1,100.0,0.0055,0.0,0.0,0,1,572,4,crash,clip,ros_vanilla4tm45.csv,0.3,a,2.4,
1004,1.2,0.01,1,10.0,0.0,242.0,24,0.0,1,0.0,1,100.0,0.0055,0.0,0.0,0,2,829,4,crash,clip,ros_vanilla4tm45.csv,0.3,a,2.4,
1005,1.2,0.01,1,10.0,0.0,242.0,24,0.0,1,0.0,1,100.0,0.0055,0.0,0.0,0,1,417,4,crash,clip,ros_vanilla4tm45.csv,0.3,a,2.4,
1006,1.2,0.01,1,10.0,0.0,242.0,24,0.0,1,0.0,1,100.0,0.0055,0.0,0.0,0,2,840,4,crash,clip,ros_vanilla4tm45.csv,0.3,a,2.4,
1007,1.2,0.01,1,10.0,0.0,242.0,24,0.0,1,0.0,1,100.0,0.0055,0.0,0.0,0,1,450,4,crash,clip,ros_vanilla4tm45.csv,0.3,a,2.4,
1008,1.2,0.01,1,10.0,0.0,242.0,24,0.0,1,0.0,1,100.0,0.0055,0.0,0.0,0,2,797,4,crash,clip,ros_vanilla4tm45.csv,0.3,a,2.4,
1009,1.2,0.01,1,10.0,0.0,242.0,24,0.0,1,0.0,1,100.0,0.0055,0.0,0.0,0,1,389,4,crash,clip,ros_vanilla4tm45.csv,0.3,a,2.4,
1010,1.2,0.01,1,10.0,0.0,242.0,24,0.0,1,0.0,1,100.0,0.0055,0.0,0.0,0,1,429,4,crash,clip,ros_vanilla4tm45.csv,0.3,a,2.4,
1011,1.2,0.01,1,10.0,0.0,242.0,24,0.0,1,0.0,1,100.0,0.0055,0.0,0.0,0,2,820,4,crash,clip,ros_vanilla4tm45.csv,0.3,a,2.4,
1000,1.8,0.01,1,10.0,0.0,55.8,6,0.0,1,0.0,1,100.0,0.0055,0.0,0.0,0,2,493,4,crash,clip,ros_p345.csv,0.3,a,2.4,
1001,1.8,0.01,1,10.0,0.0,55.8,6,0.0,1,0.0,1,100.0,0.0055,0.0,0.0,0,4,801,4,success,,ros_p345.csv,0.3,a,2.4,
1002,1.8,0.01,1,10.0,0.0,55.8,6,0.0,1,0.0,1,100.0,0.0055,0.0,0.0,0,1,180,4,crash,clip,ros_p345.csv,0.3,a,2.4,
1003,1.8,0.01,1,10.0,0.0,55.8,6,0.0,1,0.0,1,100.0,0.0055,0.0,0.0,0,4,826,4,success,,ros_p345.csv,0.3,a,2.4,
1004,1.8,0.01,1,10.0,0.0,55.8,6,0.0,1,0.0,1,100.0,0.0055,0.0,0.0,0,2,536,4,crash,clip,ros_p345.csv,0.3,a,2.4,
1005,1.8,0.01,1,10.0,0.0,55.8,6,0.0,1,0.0,1,100.0,0.0055,0.0,0.0,0,3,602,4,crash,clip,ros_p345.csv,0.3,a,2.4,
1006,1.8,0.01,1,10.0,0.0,55.8,6,0.0,1,0.0,1,100.0,0.0055,0.0,0.0,0,2,546,4,crash,clip,ros_p345.csv,0.3,a,2.4,
1007,1.8,0.01,1,10.0,0.0,55.8,6,0.0,1,0.0,1,100.0,0.0055,0.0,0.0,0,1,328,4,crash,clip,ros_p345.csv,0.3,a,2.4,
1008,1.8,0.01,1,10.0,0.0,55.8,6,0.0,1,0.0,1,100.0,0.0055,0.0,0.0,0,1,347,4,crash,clip,ros_p345.csv,0.3,a,2.4,
1009,1.8,0.01,1,10.0,0.0,55.8,6,0.0,1,0.0,1,100.0,0.0055,0.0,0.0,0,1,258,4,crash,clip,ros_p345.csv,0.3,a,2.4,
1010,1.8,0.01,1,10.0,0.0,55.8,6,0.0,1,0.0,1,100.0,0.0055,0.0,0.0,0,4,798,4,success,,ros_p345.csv,0.3,a,2.4,
1011,1.8,0.01,1,10.0,0.0,55.8,6,0.0,1,0.0,1,100.0,0.0055,0.0,0.0,0,1,300,4,crash,clip,ros_p345.csv,0.3,a,2.4,
1000,1.4,0.01,1,10.0,0.0,55.8,6,0.0,1,0.0,1,100.0,0.0055,0.0,0.0,0,2,662,4,crash,clip,ros_p345.csv,0.3,a,2.4,
1001,1.4,0.01,1,10.0,0.0,55.8,6,0.0,1,0.0,1,100.0,0.0055,0.0,0.0,0,4,1014,4,success,,ros_p345.csv,0.3,a,2.4,
1002,1.4,0.01,1,10.0,0.0,55.8,6,0.0,1,0.0,1,100.0,0.0055,0.0,0.0,0,2,589,4,crash,clip,ros_p345.csv,0.3,a,2.4,
1003,1.4,0.01,1,10.0,0.0,55.8,6,0.0,1,0.0,1,100.0,0.0055,0.0,0.0,0,3,869,4,crash,clip,ros_p345.csv,0.3,a,2.4,
1004,1.4,0.01,1,10.0,0.0,55.8,6,0.0,1,0.0,1,100.0,0.0055,0.0,0.0,0,1,471,4,crash,clip,ros_p345.csv,0.3,a,2.4,
1005,1.4,0.01,1,10.0,0.0,55.8,6,0.0,1,0.0,1,100.0,0.0055,0.0,0.0,0,2,698,4,crash,clip,ros_p345.csv,0.3,a,2.4,
1006,1.4,0.01,1,10.0,0.0,55.8,6,0.0,1,0.0,1,100.0,0.0055,0.0,0.0,0,3,920,4,crash,clip,ros_p345.csv,0.3,a,2.4,
1007,1.4,0.01,1,10.0,0.0,55.8,6,0.0,1,0.0,1,100.0,0.0055,0.0,0.0,0,1,370,4,crash,clip,ros_p345.csv,0.3,a,2.4,
1008,1.4,0.01,1,10.0,0.0,55.8,6,0.0,1,0.0,1,100.0,0.0055,0.0,0.0,0,1,365,4,crash,clip,ros_p345.csv,0.3,a,2.4,
1009,1.4,0.01,1,10.0,0.0,55.8,6,0.0,1,0.0,1,100.0,0.0055,0.0,0.0,0,1,325,4,crash,clip,ros_p345.csv,0.3,a,2.4,
1010,1.4,0.01,1,10.0,0.0,55.8,6,0.0,1,0.0,1,100.0,0.0055,0.0,0.0,0,3,983,4,crash,clip,ros_p345.csv,0.3,a,2.4,
1011,1.4,0.01,1,10.0,0.0,55.8,6,0.0,1,0.0,1,100.0,0.0055,0.0,0.0,0,1,411,4,crash,clip,ros_p345.csv,0.3,a,2.4,
1000,1.0,0.01,1,10.0,0.0,55.8,6,0.0,1,0.0,1,100.0,0.0055,0.0,0.0,0,4,1434,4,success,,ros_p345.csv,0.3,a,2.4,
1001,1.0,0.01,1,10.0,0.0,55.8,6,0.0,1,0.0,1,100.0,0.0055,0.0,0.0,0,2,1041,4,crash,clip,ros_p345.csv,0.3,a,2.4,
1002,1.0,0.01,1,10.0,0.0,55.8,6,0.0,1,0.0,1,100.0,0.0055,0.0,0.0,0,2,726,4,crash,clip,ros_p345.csv,0.3,a,2.4,
1003,1.0,0.01,1,10.0,0.0,55.8,6,0.0,1,0.0,1,100.0,0.0055,0.0,0.0,0,1,718,4,crash,clip,ros_p345.csv,0.3,a,2.4,
1004,1.0,0.01,1,10.0,0.0,55.8,6,0.0,1,0.0,1,100.0,0.0055,0.0,0.0,0,1,609,4,crash,clip,ros_p345.csv,0.3,a,2.4,
1005,1.0,0.01,1,10.0,0.0,55.8,6,0.0,1,0.0,1,100.0,0.0055,0.0,0.0,0,1,261,4,crash,clip,ros_p345.csv,0.3,a,2.4,
1006,1.0,0.01,1,10.0,0.0,55.8,6,0.0,1,0.0,1,100.0,0.0055,0.0,0.0,0,3,1212,4,crash,clip,ros_p345.csv,0.3,a,2.4,
1007,1.0,0.01,1,10.0,0.0,55.8,6,0.0,1,0.0,1,100.0,0.0055,0.0,0.0,0,3,1129,4,crash,clip,ros_p345.csv,0.3,a,2.4,
1008,1.0,0.01,1,10.0,0.0,55.8,6,0.0,1,0.0,1,100.0,0.0055,0.0,0.0,0,2,629,4,crash,clip,ros_p345.csv,0.3,a,2.4,
1009,1.0,0.01,1,10.0,0.0,55.8,6,0.0,1,0.0,1,100.0,0.0055,0.0,0.0,0,1,910,4,crash,clip,ros_p345.csv,0.3,a,2.4,
1010,1.0,0.01,1,10.0,0.0,55.8,6,0.0,1,0.0,1,100.0,0.0055,0.0,0.0,0,4,1468,4,success,,ros_p345.csv,0.3,a,2.4,
1011,1.0,0.01,1,10.0,0.0,55.8,6,0.0,1,0.0,1,100.0,0.0055,0.0,0.0,0,0,712,4,crash,clip,ros_p345.csv,0.3,a,2.4,
1000,1.6,0.01,1,10.0,0.0,55.8,6,0.0,1,0.0,1,100.0,0.0055,0.0,0.0,0,2,549,4,crash,clip,ros_p345.csv,0.3,a,2.4,
1001,1.6,0.01,1,10.0,0.0,55.8,6,0.0,1,0.0,1,100.0,0.0055,0.0,0.0,0,1,319,4,crash,clip,ros_p345.csv,0.3,a,2.4,
1002,1.6,0.01,1,10.0,0.0,55.8,6,0.0,1,0.0,1,100.0,0.0055,0.0,0.0,0,1,210,4,crash,clip,ros_p345.csv,0.3,a,2.4,
1003,1.6,0.01,1,10.0,0.0,55.8,6,0.0,1,0.0,1,100.0,0.0055,0.0,0.0,0,4,926,4,success,,ros_p345.csv,0.3,a,2.4,
1004,1.6,0.01,1,10.0,0.0,55.8,6,0.0,1,0.0,1,100.0,0.0055,0.0,0.0,0,1,438,4,crash,clip,ros_p345.csv,0.3,a,2.4,
1005,1.6,0.01,1,10.0,0.0,55.8,6,0.0,1,0.0,1,100.0,0.0055,0.0,0.0,0,2,645,4,crash,clip,ros_p345.csv,0.3,a,2.4,
1006,1.6,0.01,1,10.0,0.0,55.8,6,0.0,1,0.0,1,100.0,0.0055,0.0,0.0,0,1,344,4,crash,clip,ros_p345.csv,0.3,a,2.4,
1007,1.6,0.01,1,10.0,0.0,55.8,6,0.0,1,0.0,1,100.0,0.0055,0.0,0.0,0,2,566,4,crash,clip,ros_p345.csv,0.3,a,2.4,
1008,1.6,0.01,1,10.0,0.0,55.8,6,0.0,1,0.0,1,100.0,0.0055,0.0,0.0,0,3,792,4,crash,clip,ros_p345.csv,0.3,a,2.4,
1009,1.6,0.01,1,10.0,0.0,55.8,6,0.0,1,0.0,1,100.0,0.0055,0.0,0.0,0,2,536,4,crash,clip,ros_p345.csv,0.3,a,2.4,
1010,1.6,0.01,1,10.0,0.0,55.8,6,0.0,1,0.0,1,100.0,0.0055,0.0,0.0,0,2,563,4,crash,clip,ros_p345.csv,0.3,a,2.4,
1011,1.6,0.01,1,10.0,0.0,55.8,6,0.0,1,0.0,1,100.0,0.0055,0.0,0.0,0,1,338,4,crash,clip,ros_p345.csv,0.3,a,2.4,
1000,1.6,0.01,1,10.0,0.0,55.8,6,0.0,1,0.0,1,100.0,0.0055,0.0,0.0,0,2,550,4,crash,clip,ros_p345.csv,0.3,a,2.4,
1001,1.6,0.01,1,10.0,0.0,55.8,6,0.0,1,0.0,1,100.0,0.0055,0.0,0.0,0,4,896,4,success,,ros_p345.csv,0.3,a,2.4,
1002,1.6,0.01,1,10.0,0.0,55.8,6,0.0,1,0.0,1,100.0,0.0055,0.0,0.0,0,1,211,4,crash,clip,ros_p345.csv,0.3,a,2.4,
1003,1.6,0.01,1,10.0,0.0,55.8,6,0.0,1,0.0,1,100.0,0.0055,0.0,0.0,0,3,833,4,crash,clip,ros_p345.csv,0.3,a,2.4,
1004,1.6,0.01,1,10.0,0.0,55.8,6,0.0,1,0.0,1,100.0,0.0055,0.0,0.0,0,1,381,4,crash,clip,ros_p345.csv,0.3,a,2.4,
1005,1.6,0.01,1,10.0,0.0,55.8,6,0.0,1,0.0,1,100.0,0.0055,0.0,0.0,0,0,711,4,crash,clip,ros_p345.csv,0.3,a,2.4,
1006,1.6,0.01,1,10.0,0.0,55.8,6,0.0,1,0.0,1,100.0,0.0055,0.0,0.0,0,1,322,4,crash,clip,ros_p345.csv,0.3,a,2.4,
1007,1.6,0.01,1,10.0,0.0,55.8,6,0.0,1,0.0,1,100.0,0.0055,0.0,0.0,0,4,912,4,success,,ros_p345.csv,0.3,a,2.4,
1008,1.6,0.01,1,10.0,0.0,55.8,6,0.0,1,0.0,1,100.0,0.0055,0.0,0.0,0,1,348,4,crash,clip,ros_p345.csv,0.3,a,2.4,
1009,1.6,0.01,1,10.0,0.0,55.8,6,0.0,1,0.0,1,100.0,0.0055,0.0,0.0,0,2,534,4,crash,clip,ros_p345.csv,0.3,a,2.4,
1010,1.6,0.01,1,10.0,0.0,55.8,6,0.0,1,0.0,1,100.0,0.0055,0.0,0.0,0,1,327,4,crash,clip,ros_p345.csv,0.3,a,2.4,
1011,1.6,0.01,1,10.0,0.0,55.8,6,0.0,1,0.0,1,100.0,0.0055,0.0,0.0,0,1,320,4,crash,clip,ros_p345.csv,0.3,a,2.4,
1000,1.2,0.01,1,10.0,0.0,55.8,6,0.0,1,0.0,1,100.0,0.0055,0.0,0.0,0,2,720,4,crash,clip,ros_p345.csv,0.3,a,2.4,
1001,1.2,0.01,1,10.0,0.0,55.8,6,0.0,1,0.0,1,100.0,0.0055,0.0,0.0,0,1,406,4,crash,clip,ros_p345.csv,0.3,a,2.4,
1002,1.2,0.01,1,10.0,0.0,55.8,6,0.0,1,0.0,1,100.0,0.0055,0.0,0.0,0,1,358,4,crash,clip,ros_p345.csv,0.3,a,2.4,
1003,1.2,0.01,1,10.0,0.0,55.8,6,0.0,1,0.0,1,100.0,0.0055,0.0,0.0,0,4,1230,4,success,,ros_p345.csv,0.3,a,2.4,
1004,1.2,0.01,1,10.0,0.0,55.8,6,0.0,1,0.0,1,100.0,0.0055,0.0,0.0,0,4,1226,4,success,,ros_p345.csv,0.3,a,2.4,
1005,1.2,0.01,1,10.0,0.0,55.8,6,0.0,1,0.0,1,100.0,0.0055,0.0,0.0,0,1,441,4,crash,clip,ros_p345.csv,0.3,a,2.4,
1006,1.2,0.01,1,10.0,0.0,55.8,6,0.0,1,0.0,1,100.0,0.0055,0.0,0.0,0,1,437,4,crash,clip,ros_p345.csv,0.3,a,2.4,
1007,1.2,0.01,1,10.0,0.0,55.8,6,0.0,1,0.0,1,100.0,0.0055,0.0,0.0,0,3,1210,4,crash,clip,ros_p345.csv,0.3,a,2.4,
1008,1.2,0.01,1,10.0,0.0,55.8,6,0.0,1,0.0,1,100.0,0.0055,0.0,0.0,0,2,572,4,crash,clip,ros_p345.csv,0.3,a,2.4,
1009,1.2,0.01,1,10.0,0.0,55.8,6,0.0,1,0.0,1,100.0,0.0055,0.0,0.0,0,4,1190,4,success,,ros_p345.csv,0.3,a,2.4,
1010,1.2,0.01,1,10.0,0.0,55.8,6,0.0,1,0.0,1,100.0,0.0055,0.0,0.0,0,1,515,4,crash,clip,ros_p345.csv,0.3,a,2.4,
1011,1.2,0.01,1,10.0,0.0,55.8,6,0.0,1,0.0,1,100.0,0.0055,0.0,0.0,0,3,954,4,crash,clip,ros_p345.csv,0.3,a,2.4,
1000,1.2,0.01,1,10.0,0.0,55.8,6,0.0,1,0.0,1,100.0,0.0055,0.0,0.0,0,2,720,4,crash,clip,ros_p345.csv,0.3,a,2.4,
1001,1.2,0.01,1,10.0,0.0,55.8,6,0.0,1,0.0,1,100.0,0.0055,0.0,0.0,0,1,404,4,crash,clip,ros_p345.csv,0.3,a,2.4,
1002,1.2,0.01,1,10.0,0.0,55.8,6,0.0,1,0.0,1,100.0,0.0055,0.0,0.0,0,1,283,4,crash,clip,ros_p345.csv,0.3,a,2.4,
1003,1.2,0.01,1,10.0,0.0,55.8,6,0.0,1,0.0,1,100.0,0.0055,0.0,0.0,0,1,322,4,crash,clip,ros_p345.csv,0.3,a,2.4,
1004,1.2,0.01,1,10.0,0.0,55.8,6,0.0,1,0.0,1,100.0,0.0055,0.0,0.0,0,1,522,4,crash,clip,ros_p345.csv,0.3,a,2.4,
1005,1.2,0.01,1,10.0,0.0,55.8,6,0.0,1,0.0,1,100.0,0.0055,0.0,0.0,0,2,950,4,crash,clip,ros_p345.csv,0.3,a,2.4,
1006,1.2,0.01,1,10.0,0.0,55.8,6,0.0,1,0.0,1,100.0,0.0055,0.0,0.0,0,4,1224,4,success,,ros_p345.csv,0.3,a,2.4,
1007,1.2,0.01,1,10.0,0.0,55.8,6,0.0,1,0.0,1,100.0,0.0055,0.0,0.0,0,4,1198,4,success,,ros_p345.csv,0.3,a,2.4,
1008,1.2,0.01,1,10.0,0.0,55.8,6,0.0,1,0.0,1,100.0,0.0055,0.0,0.0,0,1,434,4,crash,clip,ros_p345.csv,0.3,a,2.4,
1009,1.2,0.01,1,10.0,0.0,55.8,6,0.0,1,0.0,1,100.0,0.0055,0.0,0.0,0,1,307,4,crash,clip,ros_p345.csv,0.3,a,2.4,
1010,1.2,0.01,1,10.0,0.0,55.8,6,0.0,1,0.0,1,100.0,0.0055,0.0,0.0,0,3,1094,4,crash,clip,ros_p345.csv,0.3,a,2.4,
1011,1.2,0.01,1,10.0,0.0,55.8,6,0.0,1,0.0,1,100.0,0.0055,0.0,0.0,0,1,418,4,crash,clip,ros_p345.csv,0.3,a,2.4,
1000,1.8,0.01,1,10.0,0.0,31.1,3,0.0,1,0.0,1,100.0,0.0055,0.0,0.0,0,2,493,4,crash,clip,ros_p3_q145.csv,0.3,a,2.4,
1001,1.8,0.01,1,10.0,0.0,31.1,3,0.0,1,0.0,1,100.0,0.0055,0.0,0.0,0,3,729,4,crash,clip,ros_p3_q145.csv,0.3,a,2.4,
1002,1.8,0.01,1,10.0,0.0,31.1,3,0.0,1,0.0,1,100.0,0.0055,0.0,0.0,0,1,179,4,crash,clip,ros_p3_q145.csv,0.3,a,2.4,
1003,1.8,0.01,1,10.0,0.0,31.1,3,0.0,1,0.0,1,100.0,0.0055,0.0,0.0,0,1,336,4,crash,clip,ros_p3_q145.csv,0.3,a,2.4,
1004,1.8,0.01,1,10.0,0.0,31.1,3,0.0,1,0.0,1,100.0,0.0055,0.0,0.0,0,3,661,4,crash,clip,ros_p3_q145.csv,0.3,a,2.4,
1005,1.8,0.01,1,10.0,0.0,31.1,3,0.0,1,0.0,1,100.0,0.0055,0.0,0.0,0,4,808,4,success,,ros_p3_q145.csv,0.3,a,2.4,
1006,1.8,0.01,1,10.0,0.0,31.1,3,0.0,1,0.0,1,100.0,0.0055,0.0,0.0,0,2,604,4,crash,clip,ros_p3_q145.csv,0.3,a,2.4,
1007,1.8,0.01,1,10.0,0.0,31.1,3,0.0,1,0.0,1,100.0,0.0055,0.0,0.0,0,3,748,4,crash,clip,ros_p3_q145.csv,0.3,a,2.4,
1008,1.8,0.01,1,10.0,0.0,31.1,3,0.0,1,0.0,1,100.0,0.0055,0.0,0.0,0,1,290,4,crash,clip,ros_p3_q145.csv,0.3,a,2.4,
1009,1.8,0.01,1,10.0,0.0,31.1,3,0.0,1,0.0,1,100.0,0.0055,0.0,0.0,0,1,282,4,crash,clip,ros_p3_q145.csv,0.3,a,2.4,
1010,1.8,0.01,1,10.0,0.0,31.1,3,0.0,1,0.0,1,100.0,0.0055,0.0,0.0,0,2,507,4,crash,clip,ros_p3_q145.csv,0.3,a,2.4,
1011,1.8,0.01,1,10.0,0.0,31.1,3,0.0,1,0.0,1,100.0,0.0055,0.0,0.0,0,0,119,4,crash,clip,ros_p3_q145.csv,0.3,a,2.4,
1000,1.8,0.01,1,10.0,0.0,31.1,3,0.0,1,0.0,1,100.0,0.0055,0.0,0.0,0,2,493,4,crash,clip,ros_p3_q145.csv,0.3,a,2.4,
1001,1.8,0.01,1,10.0,0.0,31.1,3,0.0,1,0.0,1,100.0,0.0055,0.0,0.0,0,4,801,4,success,,ros_p3_q145.csv,0.3,a,2.4,
1002,1.8,0.01,1,10.0,0.0,31.1,3,0.0,1,0.0,1,100.0,0.0055,0.0,0.0,0,1,182,4,crash,clip,ros_p3_q145.csv,0.3,a,2.4,
1003,1.8,0.01,1,10.0,0.0,31.1,3,0.0,1,0.0,1,100.0,0.0055,0.0,0.0,0,1,306,4,crash,clip,ros_p3_q145.csv,0.3,a,2.4,
1004,1.8,0.01,1,10.0,0.0,31.1,3,0.0,1,0.0,1,100.0,0.0055,0.0,0.0,0,2,531,4,crash,clip,ros_p3_q145.csv,0.3,a,2.4,
1005,1.8,0.01,1,10.0,0.0,31.1,3,0.0,1,0.0,1,100.0,0.0055,0.0,0.0,0,1,289,4,crash,clip,ros_p3_q145.csv,0.3,a,2.4,
1006,1.8,0.01,1,10.0,0.0,31.1,3,0.0,1,0.0,1,100.0,0.0055,0.0,0.0,0,1,330,4,crash,clip,ros_p3_q145.csv,0.3,a,2.4,
1007,1.8,0.01,1,10.0,0.0,31.1,3,0.0,1,0.0,1,100.0,0.0055,0.0,0.0,0,1,321,4,crash,clip,ros_p3_q145.csv,0.3,a,2.4,
1008,1.8,0.01,1,10.0,0.0,31.1,3,0.0,1,0.0,1,100.0,0.0055,0.0,0.0,0,1,294,4,crash,clip,ros_p3_q145.csv,0.3,a,2.4,
1009,1.8,0.01,1,10.0,0.0,31.1,3,0.0,1,0.0,1,100.0,0.0055,0.0,0.0,0,2,394,4,crash,clip,ros_p3_q145.csv,0.3,a,2.4,
1010,1.8,0.01,1,10.0,0.0,31.1,3,0.0,1,0.0,1,100.0,0.0055,0.0,0.0,0,3,753,4,crash,clip,ros_p3_q145.csv,0.3,a,2.4,
1011,1.8,0.01,1,10.0,0.0,31.1,3,0.0,1,0.0,1,100.0,0.0055,0.0,0.0,0,1,301,4,crash,clip,ros_p3_q145.csv,0.3,a,2.4,
1000,1.4,0.01,1,10.0,0.0,31.1,3,0.0,1,0.0,1,100.0,0.0055,0.0,0.0,0,2,937,4,crash,clip,ros_p3_q145.csv,0.3,a,2.4,
1001,1.4,0.01,1,10.0,0.0,31.1,3,0.0,1,0.0,1,100.0,0.0055,0.0,0.0,0,2,512,4,crash,clip,ros_p3_q145.csv,0.3,a,2.4,
1002,1.4,0.01,1,10.0,0.0,31.1,3,0.0,1,0.0,1,100.0,0.0055,0.0,0.0,0,1,255,4,crash,clip,ros_p3_q145.csv,0.3,a,2.4,
1003,1.4,0.01,1,10.0,0.0,31.1,3,0.0,1,0.0,1,100.0,0.0055,0.0,0.0,0,0,181,4,crash,clip,ros_p3_q145.csv,0.3,a,2.4,
1004,1.4,0.01,1,10.0,0.0,31.1,3,0.0,1,0.0,1,100.0,0.0055,0.0,0.0,0,1,470,4,crash,clip,ros_p3_q145.csv,0.3,a,2.4,
1005,1.4,0.01,1,10.0,0.0,31.1,3,0.0,1,0.0,1,100.0,0.0055,0.0,0.0,0,3,902,4,crash,clip,ros_p3_q145.csv,0.3,a,2.4,
1006,1.4,0.01,1,10.0,0.0,31.1,3,0.0,1,0.0,1,100.0,0.0055,0.0,0.0,0,2,636,4,crash,clip,ros_p3_q145.csv,0.3,a,2.4,
1007,1.4,0.01,1,10.0,0.0,31.1,3,0.0,1,0.0,1,100.0,0.0055,0.0,0.0,0,4,1043,4,success,,ros_p3_q145.csv,0.3,a,2.4,
1008,1.4,0.01,1,10.0,0.0,31.1,3,0.0,1,0.0,1,100.0,0.0055,0.0,0.0,0,1,294,4,crash,clip,ros_p3_q145.csv,0.3,a,2.4,
1009,1.4,0.01,1,10.0,0.0,31.1,3,0.0,1,0.0,1,100.0,0.0055,0.0,0.0,0,1,371,4,crash,clip,ros_p3_q145.csv,0.3,a,2.4,
1010,1.4,0.01,1,10.0,0.0,31.1,3,0.0,1,0.0,1,100.0,0.0055,0.0,0.0,0,3,934,4,crash,clip,ros_p3_q145.csv,0.3,a,2.4,
1011,1.4,0.01,1,10.0,0.0,31.1,3,0.0,1,0.0,1,100.0,0.0055,0.0,0.0,0,1,347,4,crash,clip,ros_p3_q145.csv,0.3,a,2.4,
1000,1.4,0.01,1,10.0,0.0,31.1,3,0.0,1,0.0,1,100.0,0.0055,0.0,0.0,0,2,990,4,crash,clip,ros_p3_q145.csv,0.3,a,2.4,
1001,1.4,0.01,1,10.0,0.0,31.1,3,0.0,1,0.0,1,100.0,0.0055,0.0,0.0,0,4,1033,4,success,,ros_p3_q145.csv,0.3,a,2.4,
1002,1.4,0.01,1,10.0,0.0,31.1,3,0.0,1,0.0,1,100.0,0.0055,0.0,0.0,0,2,589,4,crash,clip,ros_p3_q145.csv,0.3,a,2.4,
1003,1.4,0.01,1,10.0,0.0,31.1,3,0.0,1,0.0,1,100.0,0.0055,0.0,0.0,0,4,1051,4,success,,ros_p3_q145.csv,0.3,a,2.4,
1004,1.4,0.01,1,10.0,0.0,31.1,3,0.0,1,0.0,1,100.0,0.0055,0.0,0.0,0,2,677,4,crash,clip,ros_p3_q145.csv,0.3,a,2.4,
1005,1.4,0.01,1,10.0,0.0,31.1,3,0.0,1,0.0,1,100.0,0.0055,0.0,0.0,0,2,803,4,crash,clip,ros_p3_q145.csv,0.3,a,2.4,
1006,1.4,0.01,1,10.0,0.0,31.1,3,0.0,1,0.0,1,100.0,0.0055,0.0,0.0,0,1,658,4,crash,clip,ros_p3_q145.csv,0.3,a,2.4,
1007,1.4,0.01,1,10.0,0.0,31.1,3,0.0,1,0.0,1,100.0,0.0055,0.0,0.0,0,4,1049,4,success,,ros_p3_q145.csv,0.3,a,2.4,
1008,1.4,0.01,1,10.0,0.0,31.1,3,0.0,1,0.0,1,100.0,0.0055,0.0,0.0,0,1,394,4,crash,clip,ros_p3_q145.csv,0.3,a,2.4,
1009,1.4,0.01,1,10.0,0.0,31.1,3,0.0,1,0.0,1,100.0,0.0055,0.0,0.0,0,3,1103,4,crash,clip,ros_p3_q145.csv,0.3,a,2.4,
1010,1.4,0.01,1,10.0,0.0,31.1,3,0.0,1,0.0,1,100.0,0.0055,0.0,0.0,0,3,1140,4,crash,clip,ros_p3_q145.csv,0.3,a,2.4,
1011,1.4,0.01,1,10.0,0.0,31.1,3,0.0,1,0.0,1,100.0,0.0055,0.0,0.0,0,1,344,4,crash,clip,ros_p3_q145.csv,0.3,a,2.4,
1000,1.0,0.01,1,10.0,0.0,31.1,3,0.0,1,0.0,1,100.0,0.0055,0.0,0.0,0,1,658,4,crash,clip,ros_p3_q145.csv,0.3,a,2.4,
1001,1.0,0.01,1,10.0,0.0,31.1,3,0.0,1,0.0,1,100.0,0.0055,0.0,0.0,0,2,702,4,crash,clip,ros_p3_q145.csv,0.3,a,2.4,
1002,1.0,0.01,1,10.0,0.0,31.1,3,0.0,1,0.0,1,100.0,0.0055,0.0,0.0,0,2,721,4,crash,clip,ros_p3_q145.csv,0.3,a,2.4,
1003,1.0,0.01,1,10.0,0.0,31.1,3,0.0,1,0.0,1,100.0,0.0055,0.0,0.0,0,2,1800,4,timeout,,ros_p3_q145.csv,0.3,a,2.4,
1004,1.0,0.01,1,10.0,0.0,31.1,3,0.0,1,0.0,1,100.0,0.0055,0.0,0.0,0,4,1464,4,success,,ros_p3_q145.csv,0.3,a,2.4,
1005,1.0,0.01,1,10.0,0.0,31.1,3,0.0,1,0.0,1,100.0,0.0055,0.0,0.0,0,1,714,4,crash,clip,ros_p3_q145.csv,0.3,a,2.4,
1006,1.0,0.01,1,10.0,0.0,31.1,3,0.0,1,0.0,1,100.0,0.0055,0.0,0.0,0,2,1043,4,crash,clip,ros_p3_q145.csv,0.3,a,2.4,
1007,1.0,0.01,1,10.0,0.0,31.1,3,0.0,1,0.0,1,100.0,0.0055,0.0,0.0,0,1,819,4,crash,clip,ros_p3_q145.csv,0.3,a,2.4,
1008,1.0,0.01,1,10.0,0.0,31.1,3,0.0,1,0.0,1,100.0,0.0055,0.0,0.0,0,1,1111,4,crash,clip,ros_p3_q145.csv,0.3,a,2.4,
1009,1.0,0.01,1,10.0,0.0,31.1,3,0.0,1,0.0,1,100.0,0.0055,0.0,0.0,0,4,1382,4,success,,ros_p3_q145.csv,0.3,a,2.4,
1010,1.0,0.01,1,10.0,0.0,31.1,3,0.0,1,0.0,1,100.0,0.0055,0.0,0.0,0,2,1507,4,crash,clip,ros_p3_q145.csv,0.3,a,2.4,
1011,1.0,0.01,1,10.0,0.0,31.1,3,0.0,1,0.0,1,100.0,0.0055,0.0,0.0,0,0,271,4,crash,clip,ros_p3_q145.csv,0.3,a,2.4,
1000,1.0,0.01,1,10.0,0.0,31.1,3,0.0,1,0.0,1,100.0,0.0055,0.0,0.0,0,1,658,4,crash,clip,ros_p3_q145.csv,0.3,a,2.4,
1001,1.0,0.01,1,10.0,0.0,31.1,3,0.0,1,0.0,1,100.0,0.0055,0.0,0.0,0,2,701,4,crash,clip,ros_p3_q145.csv,0.3,a,2.4,
1002,1.0,0.01,1,10.0,0.0,31.1,3,0.0,1,0.0,1,100.0,0.0055,0.0,0.0,0,1,530,4,crash,clip,ros_p3_q145.csv,0.3,a,2.4,
1003,1.0,0.01,1,10.0,0.0,31.1,3,0.0,1,0.0,1,100.0,0.0055,0.0,0.0,0,1,667,4,crash,clip,ros_p3_q145.csv,0.3,a,2.4,
1004,1.0,0.01,1,10.0,0.0,31.1,3,0.0,1,0.0,1,100.0,0.0055,0.0,0.0,0,1,586,4,crash,clip,ros_p3_q145.csv,0.3,a,2.4,
1005,1.0,0.01,1,10.0,0.0,31.1,3,0.0,1,0.0,1,100.0,0.0055,0.0,0.0,0,2,1733,4,crash,clip,ros_p3_q145.csv,0.3,a,2.4,
1006,1.0,0.01,1,10.0,0.0,31.1,3,0.0,1,0.0,1,100.0,0.0055,0.0,0.0,0,2,1800,4,timeout,,ros_p3_q145.csv,0.3,a,2.4,
1007,1.0,0.01,1,10.0,0.0,31.1,3,0.0,1,0.0,1,100.0,0.0055,0.0,0.0,0,3,1136,4,crash,clip,ros_p3_q145.csv,0.3,a,2.4,
1008,1.0,0.01,1,10.0,0.0,31.1,3,0.0,1,0.0,1,100.0,0.0055,0.0,0.0,0,4,1507,4,success,,ros_p3_q145.csv,0.3,a,2.4,
1009,1.0,0.01,1,10.0,0.0,31.1,3,0.0,1,0.0,1,100.0,0.0055,0.0,0.0,0,1,336,4,crash,clip,ros_p3_q145.csv,0.3,a,2.4,
1010,1.0,0.01,1,10.0,0.0,31.1,3,0.0,1,0.0,1,100.0,0.0055,0.0,0.0,0,1,603,4,crash,clip,ros_p3_q145.csv,0.3,a,2.4,
1011,1.0,0.01,1,10.0,0.0,31.1,3,0.0,1,0.0,1,100.0,0.0055,0.0,0.0,0,3,1174,4,crash,clip,ros_p3_q145.csv,0.3,a,2.4,
1000,1.6,0.01,1,10.0,0.0,31.1,3,0.0,1,0.0,1,100.0,0.0055,0.0,0.0,0,2,550,4,crash,clip,ros_p3_q145.csv,0.3,a,2.4,
1001,1.6,0.01,1,10.0,0.0,31.1,3,0.0,1,0.0,1,100.0,0.0055,0.0,0.0,0,2,548,4,crash,clip,ros_p3_q145.csv,0.3,a,2.4,
1002,1.6,0.01,1,10.0,0.0,31.1,3,0.0,1,0.0,1,100.0,0.0055,0.0,0.0,0,1,348,4,crash,clip,ros_p3_q145.csv,0.3,a,2.4,
1003,1.6,0.01,1,10.0,0.0,31.1,3,0.0,1,0.0,1,100.0,0.0055,0.0,0.0,0,3,831,4,crash,clip,ros_p3_q145.csv,0.3,a,2.4,
1004,1.6,0.01,1,10.0,0.0,31.1,3,0.0,1,0.0,1,100.0,0.0055,0.0,0.0,0,1,390,4,crash,clip,ros_p3_q145.csv,0.3,a,2.4,
1005,1.6,0.01,1,10.0,0.0,31.1,3,0.0,1,0.0,1,100.0,0.0055,0.0,0.0,0,2,651,4,crash,clip,ros_p3_q145.csv,0.3,a,2.4,
1006,1.6,0.01,1,10.0,0.0,31.1,3,0.0,1,0.0,1,100.0,0.0055,0.0,0.0,0,1,744,4,crash,clip,ros_p3_q145.csv,0.3,a,2.4,
1007,1.6,0.01,1,10.0,0.0,31.1,3,0.0,1,0.0,1,100.0,0.0055,0.0,0.0,0,1,362,4,crash,clip,ros_p3_q145.csv,0.3,a,2.4,
1008,1.6,0.01,1,10.0,0.0,31.1,3,0.0,1,0.0,1,100.0,0.0055,0.0,0.0,0,1,266,4,crash,clip,ros_p3_q145.csv,0.3,a,2.4,
1009,1.6,0.01,1,10.0,0.0,31.1,3,0.0,1,0.0,1,100.0,0.0055,0.0,0.0,0,1,307,4,crash,clip,ros_p3_q145.csv,0.3,a,2.4,
1010,1.6,0.01,1,10.0,0.0,31.1,3,0.0,1,0.0,1,100.0,0.0055,0.0,0.0,0,1,315,4,crash,clip,ros_p3_q145.csv,0.3,a,2.4,
1011,1.6,0.01,1,10.0,0.0,31.1,3,0.0,1,0.0,1,100.0,0.0055,0.0,0.0,0,1,310,4,crash,clip,ros_p3_q145.csv,0.3,a,2.4,
1000,1.6,0.01,1,10.0,0.0,31.1,3,0.0,1,0.0,1,100.0,0.0055,0.0,0.0,0,2,585,4,crash,clip,ros_p3_q145.csv,0.3,a,2.4,
1001,1.6,0.01,1,10.0,0.0,31.1,3,0.0,1,0.0,1,100.0,0.0055,0.0,0.0,0,4,896,4,success,,ros_p3_q145.csv,0.3,a,2.4,
1002,1.6,0.01,1,10.0,0.0,31.1,3,0.0,1,0.0,1,100.0,0.0055,0.0,0.0,0,3,778,4,crash,clip,ros_p3_q145.csv,0.3,a,2.4,
1003,1.6,0.01,1,10.0,0.0,31.1,3,0.0,1,0.0,1,100.0,0.0055,0.0,0.0,0,4,935,4,success,,ros_p3_q145.csv,0.3,a,2.4,
1004,1.6,0.01,1,10.0,0.0,31.1,3,0.0,1,0.0,1,100.0,0.0055,0.0,0.0,0,1,389,4,crash,clip,ros_p3_q145.csv,0.3,a,2.4,
1005,1.6,0.01,1,10.0,0.0,31.1,3,0.0,1,0.0,1,100.0,0.0055,0.0,0.0,0,1,359,4,crash,clip,ros_p3_q145.csv,0.3,a,2.4,
1006,1.6,0.01,1,10.0,0.0,31.1,3,0.0,1,0.0,1,100.0,0.0055,0.0,0.0,0,2,585,4,crash,clip,ros_p3_q145.csv,0.3,a,2.4,
1007,1.6,0.01,1,10.0,0.0,31.1,3,0.0,1,0.0,1,100.0,0.0055,0.0,0.0,0,4,913,4,success,,ros_p3_q145.csv,0.3,a,2.4,
1008,1.6,0.01,1,10.0,0.0,31.1,3,0.0,1,0.0,1,100.0,0.0055,0.0,0.0,0,2,494,4,crash,clip,ros_p3_q145.csv,0.3,a,2.4,
1009,1.6,0.01,1,10.0,0.0,31.1,3,0.0,1,0.0,1,100.0,0.0055,0.0,0.0,0,0,90,4,crash,clip,ros_p3_q145.csv,0.3,a,2.4,
1010,1.6,0.01,1,10.0,0.0,31.1,3,0.0,1,0.0,1,100.0,0.0055,0.0,0.0,0,4,899,4,success,,ros_p3_q145.csv,0.3,a,2.4,
1011,1.6,0.01,1,10.0,0.0,31.1,3,0.0,1,0.0,1,100.0,0.0055,0.0,0.0,0,1,320,4,crash,clip,ros_p3_q145.csv,0.3,a,2.4,
1000,1.2,0.01,1,10.0,0.0,31.1,3,0.0,1,0.0,1,100.0,0.0055,0.0,0.0,0,3,942,4,crash,clip,ros_p3_q145.csv,0.3,a,2.4,
1001,1.2,0.01,1,10.0,0.0,31.1,3,0.0,1,0.0,1,100.0,0.0055,0.0,0.0,0,2,1269,4,crash,clip,ros_p3_q145.csv,0.3,a,2.4,
1002,1.2,0.01,1,10.0,0.0,31.1,3,0.0,1,0.0,1,100.0,0.0055,0.0,0.0,0,2,649,4,crash,clip,ros_p3_q145.csv,0.3,a,2.4,
1003,1.2,0.01,1,10.0,0.0,31.1,3,0.0,1,0.0,1,100.0,0.0055,0.0,0.0,0,4,1224,4,success,,ros_p3_q145.csv,0.3,a,2.4,
1004,1.2,0.01,1,10.0,0.0,31.1,3,0.0,1,0.0,1,100.0,0.0055,0.0,0.0,0,3,1166,4,crash,clip,ros_p3_q145.csv,0.3,a,2.4,
1005,1.2,0.01,1,10.0,0.0,31.1,3,0.0,1,0.0,1,100.0,0.0055,0.0,0.0,0,3,1075,4,crash,clip,ros_p3_q145.csv,0.3,a,2.4,
1006,1.2,0.01,1,10.0,0.0,31.1,3,0.0,1,0.0,1,100.0,0.0055,0.0,0.0,0,3,1234,4,crash,clip,ros_p3_q145.csv,0.3,a,2.4,
1007,1.2,0.01,1,10.0,0.0,31.1,3,0.0,1,0.0,1,100.0,0.0055,0.0,0.0,0,2,769,4,crash,clip,ros_p3_q145.csv,0.3,a,2.4,
1008,1.2,0.01,1,10.0,0.0,31.1,3,0.0,1,0.0,1,100.0,0.0055,0.0,0.0,0,1,399,4,crash,clip,ros_p3_q145.csv,0.3,a,2.4,
1009,1.2,0.01,1,10.0,0.0,31.1,3,0.0,1,0.0,1,100.0,0.0055,0.0,0.0,0,0,313,4,crash,clip,ros_p3_q145.csv,0.3,a,2.4,
1010,1.2,0.01,1,10.0,0.0,31.1,3,0.0,1,0.0,1,100.0,0.0055,0.0,0.0,0,1,604,4,crash,clip,ros_p3_q145.csv,0.3,a,2.4,
1011,1.2,0.01,1,10.0,0.0,31.1,3,0.0,1,0.0,1,100.0,0.0055,0.0,0.0,0,1,373,4,crash,clip,ros_p3_q145.csv,0.3,a,2.4,
1000,1.8,0.01,1,10.0,0.0,55.9,6,11.1,2,0.0,1,89.29,0.0055,0.0,0.0,0,2,493,4,crash,clip,xpu_a90_cpsat.csv,0.3,a,2.4,
1001,1.8,0.01,1,10.0,0.0,55.9,6,11.1,2,0.0,1,89.29,0.0055,0.0,0.0,0,3,732,4,crash,clip,xpu_a90_cpsat.csv,0.3,a,2.4,
1002,1.8,0.01,1,10.0,0.0,55.9,6,11.1,2,0.0,1,89.29,0.0055,0.0,0.0,0,1,201,4,crash,clip,xpu_a90_cpsat.csv,0.3,a,2.4,
1003,1.8,0.01,1,10.0,0.0,55.9,6,11.1,2,0.0,1,89.29,0.0055,0.0,0.0,0,2,525,4,crash,clip,xpu_a90_cpsat.csv,0.3,a,2.4,
1004,1.8,0.01,1,10.0,0.0,55.9,6,11.1,2,0.0,1,89.29,0.0055,0.0,0.0,0,3,731,4,crash,clip,xpu_a90_cpsat.csv,0.3,a,2.4,
1005,1.8,0.01,1,10.0,0.0,55.9,6,11.1,2,0.0,1,89.29,0.0055,0.0,0.0,0,2,512,4,crash,clip,xpu_a90_cpsat.csv,0.3,a,2.4,
1006,1.8,0.01,1,10.0,0.0,55.9,6,11.1,2,0.0,1,89.29,0.0055,0.0,0.0,0,2,604,4,crash,clip,xpu_a90_cpsat.csv,0.3,a,2.4,
1007,1.8,0.01,1,10.0,0.0,55.9,6,11.1,2,0.0,1,89.29,0.0055,0.0,0.0,0,4,817,4,success,,xpu_a90_cpsat.csv,0.3,a,2.4,
1008,1.8,0.01,1,10.0,0.0,55.9,6,11.1,2,0.0,1,89.29,0.0055,0.0,0.0,0,1,288,4,crash,clip,xpu_a90_cpsat.csv,0.3,a,2.4,
1009,1.8,0.01,1,10.0,0.0,55.9,6,11.1,2,0.0,1,89.29,0.0055,0.0,0.0,0,1,272,4,crash,clip,xpu_a90_cpsat.csv,0.3,a,2.4,
1010,1.8,0.01,1,10.0,0.0,55.9,6,11.1,2,0.0,1,89.29,0.0055,0.0,0.0,0,1,278,4,crash,clip,xpu_a90_cpsat.csv,0.3,a,2.4,
1011,1.8,0.01,1,10.0,0.0,55.9,6,11.1,2,0.0,1,89.29,0.0055,0.0,0.0,0,1,300,4,crash,clip,xpu_a90_cpsat.csv,0.3,a,2.4,
1000,1.2,0.01,1,10.0,0.0,31.1,3,0.0,1,0.0,1,100.0,0.0055,0.0,0.0,0,3,942,4,crash,clip,ros_p3_q145.csv,0.3,a,2.4,
1001,1.2,0.01,1,10.0,0.0,31.1,3,0.0,1,0.0,1,100.0,0.0055,0.0,0.0,0,2,1515,4,crash,clip,ros_p3_q145.csv,0.3,a,2.4,
1002,1.2,0.01,1,10.0,0.0,31.1,3,0.0,1,0.0,1,100.0,0.0055,0.0,0.0,0,1,347,4,crash,clip,ros_p3_q145.csv,0.3,a,2.4,
1003,1.2,0.01,1,10.0,0.0,31.1,3,0.0,1,0.0,1,100.0,0.0055,0.0,0.0,0,2,647,4,crash,clip,ros_p3_q145.csv,0.3,a,2.4,
1004,1.2,0.01,1,10.0,0.0,31.1,3,0.0,1,0.0,1,100.0,0.0055,0.0,0.0,0,2,828,4,crash,clip,ros_p3_q145.csv,0.3,a,2.4,
1005,1.2,0.01,1,10.0,0.0,31.1,3,0.0,1,0.0,1,100.0,0.0055,0.0,0.0,0,3,1040,4,crash,clip,ros_p3_q145.csv,0.3,a,2.4,
1006,1.2,0.01,1,10.0,0.0,31.1,3,0.0,1,0.0,1,100.0,0.0055,0.0,0.0,0,2,747,4,crash,clip,ros_p3_q145.csv,0.3,a,2.4,
1007,1.2,0.01,1,10.0,0.0,31.1,3,0.0,1,0.0,1,100.0,0.0055,0.0,0.0,0,4,1198,4,success,,ros_p3_q145.csv,0.3,a,2.4,
1008,1.2,0.01,1,10.0,0.0,31.1,3,0.0,1,0.0,1,100.0,0.0055,0.0,0.0,0,2,571,4,crash,clip,ros_p3_q145.csv,0.3,a,2.4,
1009,1.2,0.01,1,10.0,0.0,31.1,3,0.0,1,0.0,1,100.0,0.0055,0.0,0.0,0,1,1053,4,crash,clip,ros_p3_q145.csv,0.3,a,2.4,
1010,1.2,0.01,1,10.0,0.0,31.1,3,0.0,1,0.0,1,100.0,0.0055,0.0,0.0,0,1,466,4,crash,clip,ros_p3_q145.csv,0.3,a,2.4,
1011,1.2,0.01,1,10.0,0.0,31.1,3,0.0,1,0.0,1,100.0,0.0055,0.0,0.0,0,4,1200,4,success,,ros_p3_q145.csv,0.3,a,2.4,
1000,1.4,0.01,1,10.0,0.0,55.9,6,11.1,2,0.0,1,89.29,0.0055,0.0,0.0,0,2,623,4,crash,clip,xpu_a90_cpsat.csv,0.3,a,2.4,
1001,1.4,0.01,1,10.0,0.0,55.9,6,11.1,2,0.0,1,89.29,0.0055,0.0,0.0,0,4,1018,4,success,,xpu_a90_cpsat.csv,0.3,a,2.4,
1002,1.4,0.01,1,10.0,0.0,55.9,6,11.1,2,0.0,1,89.29,0.0055,0.0,0.0,0,1,702,4,crash,clip,xpu_a90_cpsat.csv,0.3,a,2.4,
1003,1.4,0.01,1,10.0,0.0,55.9,6,11.1,2,0.0,1,89.29,0.0055,0.0,0.0,0,1,403,4,crash,clip,xpu_a90_cpsat.csv,0.3,a,2.4,
1004,1.4,0.01,1,10.0,0.0,55.9,6,11.1,2,0.0,1,89.29,0.0055,0.0,0.0,0,2,768,4,crash,clip,xpu_a90_cpsat.csv,0.3,a,2.4,
1005,1.4,0.01,1,10.0,0.0,55.9,6,11.1,2,0.0,1,89.29,0.0055,0.0,0.0,0,1,804,4,crash,clip,xpu_a90_cpsat.csv,0.3,a,2.4,
1006,1.4,0.01,1,10.0,0.0,55.9,6,11.1,2,0.0,1,89.29,0.0055,0.0,0.0,0,1,644,4,crash,clip,xpu_a90_cpsat.csv,0.3,a,2.4,
1007,1.4,0.01,1,10.0,0.0,55.9,6,11.1,2,0.0,1,89.29,0.0055,0.0,0.0,0,3,969,4,crash,clip,xpu_a90_cpsat.csv,0.3,a,2.4,
1008,1.4,0.01,1,10.0,0.0,55.9,6,11.1,2,0.0,1,89.29,0.0055,0.0,0.0,0,1,292,4,crash,clip,xpu_a90_cpsat.csv,0.3,a,2.4,
1009,1.4,0.01,1,10.0,0.0,55.9,6,11.1,2,0.0,1,89.29,0.0055,0.0,0.0,0,1,332,4,crash,clip,xpu_a90_cpsat.csv,0.3,a,2.4,
1010,1.4,0.01,1,10.0,0.0,55.9,6,11.1,2,0.0,1,89.29,0.0055,0.0,0.0,0,3,1000,4,crash,clip,xpu_a90_cpsat.csv,0.3,a,2.4,
1011,1.4,0.01,1,10.0,0.0,55.9,6,11.1,2,0.0,1,89.29,0.0055,0.0,0.0,0,1,237,4,crash,clip,xpu_a90_cpsat.csv,0.3,a,2.4,
1000,1.0,0.01,1,10.0,0.0,55.9,6,11.1,2,0.0,1,89.29,0.0055,0.0,0.0,0,1,667,4,crash,clip,xpu_a90_cpsat.csv,0.3,a,2.4,
1001,1.0,0.01,1,10.0,0.0,55.9,6,11.1,2,0.0,1,89.29,0.0055,0.0,0.0,0,4,1409,4,success,,xpu_a90_cpsat.csv,0.3,a,2.4,
1002,1.0,0.01,1,10.0,0.0,55.9,6,11.1,2,0.0,1,89.29,0.0055,0.0,0.0,0,3,1221,4,crash,clip,xpu_a90_cpsat.csv,0.3,a,2.4,
1003,1.0,0.01,1,10.0,0.0,55.9,6,11.1,2,0.0,1,89.29,0.0055,0.0,0.0,0,1,704,4,crash,clip,xpu_a90_cpsat.csv,0.3,a,2.4,
1004,1.0,0.01,1,10.0,0.0,55.9,6,11.1,2,0.0,1,89.29,0.0055,0.0,0.0,0,1,583,4,crash,clip,xpu_a90_cpsat.csv,0.3,a,2.4,
1005,1.0,0.01,1,10.0,0.0,55.9,6,11.1,2,0.0,1,89.29,0.0055,0.0,0.0,0,1,752,4,crash,clip,xpu_a90_cpsat.csv,0.3,a,2.4,
1006,1.0,0.01,1,10.0,0.0,55.9,6,11.1,2,0.0,1,89.29,0.0055,0.0,0.0,0,3,1213,4,crash,clip,xpu_a90_cpsat.csv,0.3,a,2.4,
1007,1.0,0.01,1,10.0,0.0,55.9,6,11.1,2,0.0,1,89.29,0.0055,0.0,0.0,0,4,1443,4,success,,xpu_a90_cpsat.csv,0.3,a,2.4,
1008,1.0,0.01,1,10.0,0.0,55.9,6,11.1,2,0.0,1,89.29,0.0055,0.0,0.0,0,1,491,4,crash,clip,xpu_a90_cpsat.csv,0.3,a,2.4,
1009,1.0,0.01,1,10.0,0.0,55.9,6,11.1,2,0.0,1,89.29,0.0055,0.0,0.0,0,0,513,4,crash,clip,xpu_a90_cpsat.csv,0.3,a,2.4,
1010,1.0,0.01,1,10.0,0.0,55.9,6,11.1,2,0.0,1,89.29,0.0055,0.0,0.0,0,1,525,4,crash,clip,xpu_a90_cpsat.csv,0.3,a,2.4,
1011,1.0,0.01,1,10.0,0.0,55.9,6,11.1,2,0.0,1,89.29,0.0055,0.0,0.0,0,4,1427,4,success,,xpu_a90_cpsat.csv,0.3,a,2.4,
1000,1.6,0.01,1,10.0,0.0,55.9,6,11.1,2,0.0,1,89.29,0.0055,0.0,0.0,0,2,548,4,crash,clip,xpu_a90_cpsat.csv,0.3,a,2.4,
1001,1.6,0.01,1,10.0,0.0,55.9,6,11.1,2,0.0,1,89.29,0.0055,0.0,0.0,0,1,314,4,crash,clip,xpu_a90_cpsat.csv,0.3,a,2.4,
1002,1.6,0.01,1,10.0,0.0,55.9,6,11.1,2,0.0,1,89.29,0.0055,0.0,0.0,0,1,221,4,crash,clip,xpu_a90_cpsat.csv,0.3,a,2.4,
1003,1.6,0.01,1,10.0,0.0,55.9,6,11.1,2,0.0,1,89.29,0.0055,0.0,0.0,0,1,373,4,crash,clip,xpu_a90_cpsat.csv,0.3,a,2.4,
1004,1.6,0.01,1,10.0,0.0,55.9,6,11.1,2,0.0,1,89.29,0.0055,0.0,0.0,0,3,706,4,crash,clip,xpu_a90_cpsat.csv,0.3,a,2.4,
1005,1.6,0.01,1,10.0,0.0,55.9,6,11.1,2,0.0,1,89.29,0.0055,0.0,0.0,0,4,906,4,success,,xpu_a90_cpsat.csv,0.3,a,2.4,
1006,1.6,0.01,1,10.0,0.0,55.9,6,11.1,2,0.0,1,89.29,0.0055,0.0,0.0,0,2,606,4,crash,clip,xpu_a90_cpsat.csv,0.3,a,2.4,
1007,1.6,0.01,1,10.0,0.0,55.9,6,11.1,2,0.0,1,89.29,0.0055,0.0,0.0,0,4,914,4,success,,xpu_a90_cpsat.csv,0.3,a,2.4,
1008,1.6,0.01,1,10.0,0.0,55.9,6,11.1,2,0.0,1,89.29,0.0055,0.0,0.0,0,2,553,4,crash,clip,xpu_a90_cpsat.csv,0.3,a,2.4,
1009,1.6,0.01,1,10.0,0.0,55.9,6,11.1,2,0.0,1,89.29,0.0055,0.0,0.0,0,2,537,4,crash,clip,xpu_a90_cpsat.csv,0.3,a,2.4,
1010,1.6,0.01,1,10.0,0.0,55.9,6,11.1,2,0.0,1,89.29,0.0055,0.0,0.0,0,1,371,4,crash,clip,xpu_a90_cpsat.csv,0.3,a,2.4,
1011,1.6,0.01,1,10.0,0.0,55.9,6,11.1,2,0.0,1,89.29,0.0055,0.0,0.0,0,2,541,4,crash,clip,xpu_a90_cpsat.csv,0.3,a,2.4,
1000,1.2,0.01,1,10.0,0.0,55.9,6,11.1,2,0.0,1,89.29,0.0055,0.0,0.0,0,2,720,4,crash,clip,xpu_a90_cpsat.csv,0.3,a,2.4,
1001,1.2,0.01,1,10.0,0.0,55.9,6,11.1,2,0.0,1,89.29,0.0055,0.0,0.0,0,1,403,4,crash,clip,xpu_a90_cpsat.csv,0.3,a,2.4,
1002,1.2,0.01,1,10.0,0.0,55.9,6,11.1,2,0.0,1,89.29,0.0055,0.0,0.0,0,1,282,4,crash,clip,xpu_a90_cpsat.csv,0.3,a,2.4,
1003,1.2,0.01,1,10.0,0.0,55.9,6,11.1,2,0.0,1,89.29,0.0055,0.0,0.0,0,1,496,4,crash,clip,xpu_a90_cpsat.csv,0.3,a,2.4,
1004,1.2,0.01,1,10.0,0.0,55.9,6,11.1,2,0.0,1,89.29,0.0055,0.0,0.0,0,1,524,4,crash,clip,xpu_a90_cpsat.csv,0.3,a,2.4,
1005,1.2,0.01,1,10.0,0.0,55.9,6,11.1,2,0.0,1,89.29,0.0055,0.0,0.0,0,1,236,4,crash,clip,xpu_a90_cpsat.csv,0.3,a,2.4,
1006,1.2,0.01,1,10.0,0.0,55.9,6,11.1,2,0.0,1,89.29,0.0055,0.0,0.0,0,1,453,4,crash,clip,xpu_a90_cpsat.csv,0.3,a,2.4,
1007,1.2,0.01,1,10.0,0.0,55.9,6,11.1,2,0.0,1,89.29,0.0055,0.0,0.0,0,1,407,4,crash,clip,xpu_a90_cpsat.csv,0.3,a,2.4,
1008,1.2,0.01,1,10.0,0.0,55.9,6,11.1,2,0.0,1,89.29,0.0055,0.0,0.0,0,2,577,4,crash,clip,xpu_a90_cpsat.csv,0.3,a,2.4,
1009,1.2,0.01,1,10.0,0.0,55.9,6,11.1,2,0.0,1,89.29,0.0055,0.0,0.0,0,1,300,4,crash,clip,xpu_a90_cpsat.csv,0.3,a,2.4,
1010,1.2,0.01,1,10.0,0.0,55.9,6,11.1,2,0.0,1,89.29,0.0055,0.0,0.0,0,2,568,4,crash,ground,xpu_a90_cpsat.csv,0.3,a,2.4,
1011,1.2,0.01,1,10.0,0.0,55.9,6,11.1,2,0.0,1,89.29,0.0055,0.0,0.0,0,2,837,4,crash,clip,xpu_a90_cpsat.csv,0.3,a,2.4,
1000,1.8,0.01,1,10.0,0.0,56.2,6,30.3,4,0.0,1,100.0,0.0055,0.0,0.0,0,2,525,4,crash,clip,ros_p390.csv,0.3,a,2.4,
1001,1.8,0.01,1,10.0,0.0,56.2,6,30.3,4,0.0,1,100.0,0.0055,0.0,0.0,0,2,526,4,crash,clip,ros_p390.csv,0.3,a,2.4,
1002,1.8,0.01,1,10.0,0.0,56.2,6,30.3,4,0.0,1,100.0,0.0055,0.0,0.0,0,1,201,4,crash,clip,ros_p390.csv,0.3,a,2.4,
1003,1.8,0.01,1,10.0,0.0,56.2,6,30.3,4,0.0,1,100.0,0.0055,0.0,0.0,0,1,210,4,crash,clip,ros_p390.csv,0.3,a,2.4,
1004,1.8,0.01,1,10.0,0.0,56.2,6,30.3,4,0.0,1,100.0,0.0055,0.0,0.0,0,2,503,4,crash,clip,ros_p390.csv,0.3,a,2.4,
1005,1.8,0.01,1,10.0,0.0,56.2,6,30.3,4,0.0,1,100.0,0.0055,0.0,0.0,0,1,196,4,crash,clip,ros_p390.csv,0.3,a,2.4,
1006,1.8,0.01,1,10.0,0.0,56.2,6,30.3,4,0.0,1,100.0,0.0055,0.0,0.0,0,1,339,4,crash,clip,ros_p390.csv,0.3,a,2.4,
1007,1.8,0.01,1,10.0,0.0,56.2,6,30.3,4,0.0,1,100.0,0.0055,0.0,0.0,0,4,818,4,success,,ros_p390.csv,0.3,a,2.4,
1008,1.8,0.01,1,10.0,0.0,56.2,6,30.3,4,0.0,1,100.0,0.0055,0.0,0.0,0,1,284,4,crash,clip,ros_p390.csv,0.3,a,2.4,
1009,1.8,0.01,1,10.0,0.0,56.2,6,30.3,4,0.0,1,100.0,0.0055,0.0,0.0,0,1,256,4,crash,clip,ros_p390.csv,0.3,a,2.4,
1010,1.8,0.01,1,10.0,0.0,56.2,6,30.3,4,0.0,1,100.0,0.0055,0.0,0.0,0,2,406,4,crash,clip,ros_p390.csv,0.3,a,2.4,
1011,1.8,0.01,1,10.0,0.0,56.2,6,30.3,4,0.0,1,100.0,0.0055,0.0,0.0,0,1,305,4,crash,clip,ros_p390.csv,0.3,a,2.4,
1000,1.4,0.01,1,10.0,0.0,56.2,6,30.3,4,0.0,1,100.0,0.0055,0.0,0.0,0,2,662,4,crash,clip,ros_p390.csv,0.3,a,2.4,
1001,1.4,0.01,1,10.0,0.0,56.2,6,30.3,4,0.0,1,100.0,0.0055,0.0,0.0,0,3,904,4,crash,clip,ros_p390.csv,0.3,a,2.4,
1002,1.4,0.01,1,10.0,0.0,56.2,6,30.3,4,0.0,1,100.0,0.0055,0.0,0.0,0,1,248,4,crash,clip,ros_p390.csv,0.3,a,2.4,
1003,1.4,0.01,1,10.0,0.0,56.2,6,30.3,4,0.0,1,100.0,0.0055,0.0,0.0,0,1,434,4,crash,clip,ros_p390.csv,0.3,a,2.4,
1004,1.4,0.01,1,10.0,0.0,56.2,6,30.3,4,0.0,1,100.0,0.0055,0.0,0.0,0,2,762,4,crash,clip,ros_p390.csv,0.3,a,2.4,
1005,1.4,0.01,1,10.0,0.0,56.2,6,30.3,4,0.0,1,100.0,0.0055,0.0,0.0,0,1,402,4,crash,clip,ros_p390.csv,0.3,a,2.4,
1006,1.4,0.01,1,10.0,0.0,56.2,6,30.3,4,0.0,1,100.0,0.0055,0.0,0.0,0,3,924,4,crash,clip,ros_p390.csv,0.3,a,2.4,
1007,1.4,0.01,1,10.0,0.0,56.2,6,30.3,4,0.0,1,100.0,0.0055,0.0,0.0,0,4,1041,4,success,,ros_p390.csv,0.3,a,2.4,
1008,1.4,0.01,1,10.0,0.0,56.2,6,30.3,4,0.0,1,100.0,0.0055,0.0,0.0,0,1,389,4,crash,clip,ros_p390.csv,0.3,a,2.4,
1009,1.4,0.01,1,10.0,0.0,56.2,6,30.3,4,0.0,1,100.0,0.0055,0.0,0.0,0,1,410,4,crash,clip,ros_p390.csv,0.3,a,2.4,
1010,1.4,0.01,1,10.0,0.0,56.2,6,30.3,4,0.0,1,100.0,0.0055,0.0,0.0,0,1,331,4,crash,clip,ros_p390.csv,0.3,a,2.4,
1011,1.4,0.01,1,10.0,0.0,56.2,6,30.3,4,0.0,1,100.0,0.0055,0.0,0.0,0,2,750,4,crash,clip,ros_p390.csv,0.3,a,2.4,
1000,1.0,0.01,1,10.0,0.0,56.2,6,30.3,4,0.0,1,100.0,0.0055,0.0,0.0,0,1,635,4,crash,clip,ros_p390.csv,0.3,a,2.4,
1001,1.0,0.01,1,10.0,0.0,56.2,6,30.3,4,0.0,1,100.0,0.0055,0.0,0.0,0,3,1237,4,crash,clip,ros_p390.csv,0.3,a,2.4,
1002,1.0,0.01,1,10.0,0.0,56.2,6,30.3,4,0.0,1,100.0,0.0055,0.0,0.0,0,2,720,4,crash,clip,ros_p390.csv,0.3,a,2.4,
1003,1.0,0.01,1,10.0,0.0,56.2,6,30.3,4,0.0,1,100.0,0.0055,0.0,0.0,0,2,1800,4,timeout,,ros_p390.csv,0.3,a,2.4,
1004,1.0,0.01,1,10.0,0.0,56.2,6,30.3,4,0.0,1,100.0,0.0055,0.0,0.0,0,1,534,4,crash,clip,ros_p390.csv,0.3,a,2.4,
1005,1.0,0.01,1,10.0,0.0,56.2,6,30.3,4,0.0,1,100.0,0.0055,0.0,0.0,0,1,263,4,crash,clip,ros_p390.csv,0.3,a,2.4,
1006,1.0,0.01,1,10.0,0.0,56.2,6,30.3,4,0.0,1,100.0,0.0055,0.0,0.0,0,2,1148,4,crash,clip,ros_p390.csv,0.3,a,2.4,
1007,1.0,0.01,1,10.0,0.0,56.2,6,30.3,4,0.0,1,100.0,0.0055,0.0,0.0,0,1,506,4,crash,clip,ros_p390.csv,0.3,a,2.4,
1008,1.0,0.01,1,10.0,0.0,56.2,6,30.3,4,0.0,1,100.0,0.0055,0.0,0.0,0,1,507,4,crash,clip,ros_p390.csv,0.3,a,2.4,
1009,1.0,0.01,1,10.0,0.0,56.2,6,30.3,4,0.0,1,100.0,0.0055,0.0,0.0,0,0,429,4,crash,clip,ros_p390.csv,0.3,a,2.4,
1010,1.0,0.01,1,10.0,0.0,56.2,6,30.3,4,0.0,1,100.0,0.0055,0.0,0.0,0,2,1405,4,crash,clip,ros_p390.csv,0.3,a,2.4,
1011,1.0,0.01,1,10.0,0.0,56.2,6,30.3,4,0.0,1,100.0,0.0055,0.0,0.0,0,1,1000,4,crash,clip,ros_p390.csv,0.3,a,2.4,
1000,1.6,0.01,1,10.0,0.0,56.2,6,30.3,4,0.0,1,100.0,0.0055,0.0,0.0,0,2,585,4,crash,clip,ros_p390.csv,0.3,a,2.4,
1001,1.6,0.01,1,10.0,0.0,56.2,6,30.3,4,0.0,1,100.0,0.0055,0.0,0.0,0,2,592,4,crash,clip,ros_p390.csv,0.3,a,2.4,
1002,1.6,0.01,1,10.0,0.0,56.2,6,30.3,4,0.0,1,100.0,0.0055,0.0,0.0,0,1,221,4,crash,clip,ros_p390.csv,0.3,a,2.4,
1003,1.6,0.01,1,10.0,0.0,56.2,6,30.3,4,0.0,1,100.0,0.0055,0.0,0.0,0,1,373,4,crash,clip,ros_p390.csv,0.3,a,2.4,
1004,1.6,0.01,1,10.0,0.0,56.2,6,30.3,4,0.0,1,100.0,0.0055,0.0,0.0,0,1,324,4,crash,clip,ros_p390.csv,0.3,a,2.4,
1005,1.6,0.01,1,10.0,0.0,56.2,6,30.3,4,0.0,1,100.0,0.0055,0.0,0.0,0,1,350,4,crash,clip,ros_p390.csv,0.3,a,2.4,
1006,1.6,0.01,1,10.0,0.0,56.2,6,30.3,4,0.0,1,100.0,0.0055,0.0,0.0,0,3,1586,4,crash,clip,ros_p390.csv,0.3,a,2.4,
1007,1.6,0.01,1,10.0,0.0,56.2,6,30.3,4,0.0,1,100.0,0.0055,0.0,0.0,0,1,353,4,crash,clip,ros_p390.csv,0.3,a,2.4,
1008,1.6,0.01,1,10.0,0.0,56.2,6,30.3,4,0.0,1,100.0,0.0055,0.0,0.0,0,2,489,4,crash,clip,ros_p390.csv,0.3,a,2.4,
1009,1.6,0.01,1,10.0,0.0,56.2,6,30.3,4,0.0,1,100.0,0.0055,0.0,0.0,0,2,537,4,crash,clip,ros_p390.csv,0.3,a,2.4,
1010,1.6,0.01,1,10.0,0.0,56.2,6,30.3,4,0.0,1,100.0,0.0055,0.0,0.0,0,2,606,4,crash,clip,ros_p390.csv,0.3,a,2.4,
1011,1.6,0.01,1,10.0,0.0,56.2,6,30.3,4,0.0,1,100.0,0.0055,0.0,0.0,0,1,320,4,crash,clip,ros_p390.csv,0.3,a,2.4,
1000,1.2,0.01,1,10.0,0.0,56.2,6,30.3,4,0.0,1,100.0,0.0055,0.0,0.0,0,2,723,4,crash,clip,ros_p390.csv,0.3,a,2.4,
1001,1.2,0.01,1,10.0,0.0,56.2,6,30.3,4,0.0,1,100.0,0.0055,0.0,0.0,0,2,942,4,crash,clip,ros_p390.csv,0.3,a,2.4,
1002,1.2,0.01,1,10.0,0.0,56.2,6,30.3,4,0.0,1,100.0,0.0055,0.0,0.0,0,2,745,4,crash,clip,ros_p390.csv,0.3,a,2.4,
1003,1.2,0.01,1,10.0,0.0,56.2,6,30.3,4,0.0,1,100.0,0.0055,0.0,0.0,0,1,655,4,crash,clip,ros_p390.csv,0.3,a,2.4,
1004,1.2,0.01,1,10.0,0.0,56.2,6,30.3,4,0.0,1,100.0,0.0055,0.0,0.0,0,1,518,4,crash,clip,ros_p390.csv,0.3,a,2.4,
1005,1.2,0.01,1,10.0,0.0,56.2,6,30.3,4,0.0,1,100.0,0.0055,0.0,0.0,0,1,446,4,crash,clip,ros_p390.csv,0.3,a,2.4,
1006,1.2,0.01,1,10.0,0.0,56.2,6,30.3,4,0.0,1,100.0,0.0055,0.0,0.0,0,1,440,4,crash,clip,ros_p390.csv,0.3,a,2.4,
1007,1.2,0.01,1,10.0,0.0,56.2,6,30.3,4,0.0,1,100.0,0.0055,0.0,0.0,0,4,1198,4,success,,ros_p390.csv,0.3,a,2.4,
1008,1.2,0.01,1,10.0,0.0,56.2,6,30.3,4,0.0,1,100.0,0.0055,0.0,0.0,0,1,434,4,crash,clip,ros_p390.csv,0.3,a,2.4,
1009,1.2,0.01,1,10.0,0.0,56.2,6,30.3,4,0.0,1,100.0,0.0055,0.0,0.0,0,1,391,4,crash,clip,ros_p390.csv,0.3,a,2.4,
1010,1.2,0.01,1,10.0,0.0,56.2,6,30.3,4,0.0,1,100.0,0.0055,0.0,0.0,0,2,545,4,crash,clip,ros_p390.csv,0.3,a,2.4,
1011,1.2,0.01,1,10.0,0.0,56.2,6,30.3,4,0.0,1,100.0,0.0055,0.0,0.0,0,1,516,4,crash,clip,ros_p390.csv,0.3,a,2.4,
1000,1.8,0.01,1,10.0,0.0,136.5,14,30.3,4,0.0,1,100.0,0.0055,0.0,0.0,0,2,525,4,crash,clip,ros_vanilla4tm90.csv,0.3,a,2.4,
1001,1.8,0.01,1,10.0,0.0,136.5,14,30.3,4,0.0,1,100.0,0.0055,0.0,0.0,0,1,186,4,crash,clip,ros_vanilla4tm90.csv,0.3,a,2.4,
1002,1.8,0.01,1,10.0,0.0,136.5,14,30.3,4,0.0,1,100.0,0.0055,0.0,0.0,0,1,200,4,crash,clip,ros_vanilla4tm90.csv,0.3,a,2.4,
1003,1.8,0.01,1,10.0,0.0,136.5,14,30.3,4,0.0,1,100.0,0.0055,0.0,0.0,0,2,499,4,crash,clip,ros_vanilla4tm90.csv,0.3,a,2.4,
1004,1.8,0.01,1,10.0,0.0,136.5,14,30.3,4,0.0,1,100.0,0.0055,0.0,0.0,0,4,846,4,success,,ros_vanilla4tm90.csv,0.3,a,2.4,
1005,1.8,0.01,1,10.0,0.0,136.5,14,30.3,4,0.0,1,100.0,0.0055,0.0,0.0,0,2,414,4,crash,clip,ros_vanilla4tm90.csv,0.3,a,2.4,
1006,1.8,0.01,1,10.0,0.0,136.5,14,30.3,4,0.0,1,100.0,0.0055,0.0,0.0,0,2,604,4,crash,clip,ros_vanilla4tm90.csv,0.3,a,2.4,
1007,1.8,0.01,1,10.0,0.0,136.5,14,30.3,4,0.0,1,100.0,0.0055,0.0,0.0,0,1,293,4,crash,clip,ros_vanilla4tm90.csv,0.3,a,2.4,
1008,1.8,0.01,1,10.0,0.0,136.5,14,30.3,4,0.0,1,100.0,0.0055,0.0,0.0,0,0,256,4,crash,clip,ros_vanilla4tm90.csv,0.3,a,2.4,
1009,1.8,0.01,1,10.0,0.0,136.5,14,30.3,4,0.0,1,100.0,0.0055,0.0,0.0,0,2,447,4,crash,clip,ros_vanilla4tm90.csv,0.3,a,2.4,
1010,1.8,0.01,1,10.0,0.0,136.5,14,30.3,4,0.0,1,100.0,0.0055,0.0,0.0,0,1,259,4,crash,clip,ros_vanilla4tm90.csv,0.3,a,2.4,
1011,1.8,0.01,1,10.0,0.0,136.5,14,30.3,4,0.0,1,100.0,0.0055,0.0,0.0,0,1,302,4,crash,clip,ros_vanilla4tm90.csv,0.3,a,2.4,
1000,1.4,0.01,1,10.0,0.0,136.5,14,30.3,4,0.0,1,100.0,0.0055,0.0,0.0,0,2,624,4,crash,clip,ros_vanilla4tm90.csv,0.3,a,2.4,
1001,1.4,0.01,1,10.0,0.0,136.5,14,30.3,4,0.0,1,100.0,0.0055,0.0,0.0,0,2,513,4,crash,clip,ros_vanilla4tm90.csv,0.3,a,2.4,
1002,1.4,0.01,1,10.0,0.0,136.5,14,30.3,4,0.0,1,100.0,0.0055,0.0,0.0,0,1,247,4,crash,clip,ros_vanilla4tm90.csv,0.3,a,2.4,
1003,1.4,0.01,1,10.0,0.0,136.5,14,30.3,4,0.0,1,100.0,0.0055,0.0,0.0,0,1,336,4,crash,clip,ros_vanilla4tm90.csv,0.3,a,2.4,
1004,1.4,0.01,1,10.0,0.0,136.5,14,30.3,4,0.0,1,100.0,0.0055,0.0,0.0,0,2,762,4,crash,clip,ros_vanilla4tm90.csv,0.3,a,2.4,
1005,1.4,0.01,1,10.0,0.0,136.5,14,30.3,4,0.0,1,100.0,0.0055,0.0,0.0,0,1,803,4,crash,clip,ros_vanilla4tm90.csv,0.3,a,2.4,
1006,1.4,0.01,1,10.0,0.0,136.5,14,30.3,4,0.0,1,100.0,0.0055,0.0,0.0,0,3,929,4,crash,clip,ros_vanilla4tm90.csv,0.3,a,2.4,
1007,1.4,0.01,1,10.0,0.0,136.5,14,30.3,4,0.0,1,100.0,0.0055,0.0,0.0,0,1,356,4,crash,clip,ros_vanilla4tm90.csv,0.3,a,2.4,
1008,1.4,0.01,1,10.0,0.0,136.5,14,30.3,4,0.0,1,100.0,0.0055,0.0,0.0,0,0,660,4,crash,clip,ros_vanilla4tm90.csv,0.3,a,2.4,
1009,1.4,0.01,1,10.0,0.0,136.5,14,30.3,4,0.0,1,100.0,0.0055,0.0,0.0,0,1,360,4,crash,clip,ros_vanilla4tm90.csv,0.3,a,2.4,
1010,1.4,0.01,1,10.0,0.0,136.5,14,30.3,4,0.0,1,100.0,0.0055,0.0,0.0,0,2,508,4,crash,clip,ros_vanilla4tm90.csv,0.3,a,2.4,
1011,1.4,0.01,1,10.0,0.0,136.5,14,30.3,4,0.0,1,100.0,0.0055,0.0,0.0,0,1,347,4,crash,clip,ros_vanilla4tm90.csv,0.3,a,2.4,
1000,1.0,0.01,1,10.0,0.0,136.5,14,30.3,4,0.0,1,100.0,0.0055,0.0,0.0,0,4,1445,4,success,,ros_vanilla4tm90.csv,0.3,a,2.4,
1001,1.0,0.01,1,10.0,0.0,136.5,14,30.3,4,0.0,1,100.0,0.0055,0.0,0.0,0,2,1720,4,crash,clip,ros_vanilla4tm90.csv,0.3,a,2.4,
1002,1.0,0.01,1,10.0,0.0,136.5,14,30.3,4,0.0,1,100.0,0.0055,0.0,0.0,0,1,497,4,crash,clip,ros_vanilla4tm90.csv,0.3,a,2.4,
1003,1.0,0.01,1,10.0,0.0,136.5,14,30.3,4,0.0,1,100.0,0.0055,0.0,0.0,0,1,548,4,crash,clip,ros_vanilla4tm90.csv,0.3,a,2.4,
1004,1.0,0.01,1,10.0,0.0,136.5,14,30.3,4,0.0,1,100.0,0.0055,0.0,0.0,0,1,611,4,crash,clip,ros_vanilla4tm90.csv,0.3,a,2.4,
1005,1.0,0.01,1,10.0,0.0,136.5,14,30.3,4,0.0,1,100.0,0.0055,0.0,0.0,0,1,321,4,crash,clip,ros_vanilla4tm90.csv,0.3,a,2.4,
1006,1.0,0.01,1,10.0,0.0,136.5,14,30.3,4,0.0,1,100.0,0.0055,0.0,0.0,0,3,1694,4,crash,clip,ros_vanilla4tm90.csv,0.3,a,2.4,
1007,1.0,0.01,1,10.0,0.0,136.5,14,30.3,4,0.0,1,100.0,0.0055,0.0,0.0,0,2,1148,4,crash,clip,ros_vanilla4tm90.csv,0.3,a,2.4,
1008,1.0,0.01,1,10.0,0.0,136.5,14,30.3,4,0.0,1,100.0,0.0055,0.0,0.0,0,1,489,4,crash,clip,ros_vanilla4tm90.csv,0.3,a,2.4,
1009,1.0,0.01,1,10.0,0.0,136.5,14,30.3,4,0.0,1,100.0,0.0055,0.0,0.0,0,1,1153,4,crash,clip,ros_vanilla4tm90.csv,0.3,a,2.4,
1010,1.0,0.01,1,10.0,0.0,136.5,14,30.3,4,0.0,1,100.0,0.0055,0.0,0.0,0,1,617,4,crash,clip,ros_vanilla4tm90.csv,0.3,a,2.4,
1011,1.0,0.01,1,10.0,0.0,136.5,14,30.3,4,0.0,1,100.0,0.0055,0.0,0.0,0,1,368,4,crash,clip,ros_vanilla4tm90.csv,0.3,a,2.4,
1000,1.6,0.01,1,10.0,0.0,136.5,14,30.3,4,0.0,1,100.0,0.0055,0.0,0.0,0,2,584,4,crash,clip,ros_vanilla4tm90.csv,0.3,a,2.4,
1001,1.6,0.01,1,10.0,0.0,136.5,14,30.3,4,0.0,1,100.0,0.0055,0.0,0.0,0,1,326,4,crash,clip,ros_vanilla4tm90.csv,0.3,a,2.4,
1002,1.6,0.01,1,10.0,0.0,136.5,14,30.3,4,0.0,1,100.0,0.0055,0.0,0.0,0,0,245,4,crash,clip,ros_vanilla4tm90.csv,0.3,a,2.4,
1003,1.6,0.01,1,10.0,0.0,136.5,14,30.3,4,0.0,1,100.0,0.0055,0.0,0.0,0,3,861,4,crash,clip,ros_vanilla4tm90.csv,0.3,a,2.4,
1004,1.6,0.01,1,10.0,0.0,136.5,14,30.3,4,0.0,1,100.0,0.0055,0.0,0.0,0,1,438,4,crash,clip,ros_vanilla4tm90.csv,0.3,a,2.4,
1005,1.6,0.01,1,10.0,0.0,136.5,14,30.3,4,0.0,1,100.0,0.0055,0.0,0.0,0,1,203,4,crash,clip,ros_vanilla4tm90.csv,0.3,a,2.4,
1006,1.6,0.01,1,10.0,0.0,136.5,14,30.3,4,0.0,1,100.0,0.0055,0.0,0.0,0,3,825,4,crash,clip,ros_vanilla4tm90.csv,0.3,a,2.4,
1007,1.6,0.01,1,10.0,0.0,136.5,14,30.3,4,0.0,1,100.0,0.0055,0.0,0.0,0,2,556,4,crash,clip,ros_vanilla4tm90.csv,0.3,a,2.4,
1008,1.6,0.01,1,10.0,0.0,136.5,14,30.3,4,0.0,1,100.0,0.0055,0.0,0.0,0,1,192,4,crash,clip,ros_vanilla4tm90.csv,0.3,a,2.4,
1009,1.6,0.01,1,10.0,0.0,136.5,14,30.3,4,0.0,1,100.0,0.0055,0.0,0.0,0,1,286,4,crash,clip,ros_vanilla4tm90.csv,0.3,a,2.4,
1010,1.6,0.01,1,10.0,0.0,136.5,14,30.3,4,0.0,1,100.0,0.0055,0.0,0.0,0,3,779,4,crash,clip,ros_vanilla4tm90.csv,0.3,a,2.4,
1011,1.6,0.01,1,10.0,0.0,136.5,14,30.3,4,0.0,1,100.0,0.0055,0.0,0.0,0,1,320,4,crash,clip,ros_vanilla4tm90.csv,0.3,a,2.4,
1000,1.2,0.01,1,10.0,0.0,136.5,14,30.3,4,0.0,1,100.0,0.0055,0.0,0.0,0,3,944,4,crash,clip,ros_vanilla4tm90.csv,0.3,a,2.4,
1001,1.2,0.01,1,10.0,0.0,136.5,14,30.3,4,0.0,1,100.0,0.0055,0.0,0.0,0,1,448,4,crash,clip,ros_vanilla4tm90.csv,0.3,a,2.4,
1002,1.2,0.01,1,10.0,0.0,136.5,14,30.3,4,0.0,1,100.0,0.0055,0.0,0.0,0,1,384,4,crash,clip,ros_vanilla4tm90.csv,0.3,a,2.4,
1003,1.2,0.01,1,10.0,0.0,136.5,14,30.3,4,0.0,1,100.0,0.0055,0.0,0.0,0,3,945,4,crash,clip,ros_vanilla4tm90.csv,0.3,a,2.4,
1004,1.2,0.01,1,10.0,0.0,136.5,14,30.3,4,0.0,1,100.0,0.0055,0.0,0.0,0,2,827,4,crash,clip,ros_vanilla4tm90.csv,0.3,a,2.4,
1005,1.2,0.01,1,10.0,0.0,136.5,14,30.3,4,0.0,1,100.0,0.0055,0.0,0.0,0,2,758,4,crash,clip,ros_vanilla4tm90.csv,0.3,a,2.4,
1006,1.2,0.01,1,10.0,0.0,136.5,14,30.3,4,0.0,1,100.0,0.0055,0.0,0.0,0,2,857,4,crash,clip,ros_vanilla4tm90.csv,0.3,a,2.4,
1007,1.2,0.01,1,10.0,0.0,136.5,14,30.3,4,0.0,1,100.0,0.0055,0.0,0.0,0,1,655,4,crash,clip,ros_vanilla4tm90.csv,0.3,a,2.4,
1008,1.2,0.01,1,10.0,0.0,136.5,14,30.3,4,0.0,1,100.0,0.0055,0.0,0.0,0,2,573,4,crash,clip,ros_vanilla4tm90.csv,0.3,a,2.4,
1009,1.2,0.01,1,10.0,0.0,136.5,14,30.3,4,0.0,1,100.0,0.0055,0.0,0.0,0,4,1152,4,success,,ros_vanilla4tm90.csv,0.3,a,2.4,
1010,1.2,0.01,1,10.0,0.0,136.5,14,30.3,4,0.0,1,100.0,0.0055,0.0,0.0,0,1,412,4,crash,clip,ros_vanilla4tm90.csv,0.3,a,2.4,
1011,1.2,0.01,1,10.0,0.0,136.5,14,30.3,4,0.0,1,100.0,0.0055,0.0,0.0,0,0,528,4,crash,clip,ros_vanilla4tm90.csv,0.3,a,2.4,
1000,1.8,0.01,1,10.0,0.0,59.9,6,8.3,1,0.0,1,96.24,0.0055,0.0,0.0,0,2,493,4,crash,clip,xpu_a_cpsat_hard.csv,0.3,a,2.4,
1001,1.8,0.01,1,10.0,0.0,59.9,6,8.3,1,0.0,1,96.24,0.0055,0.0,0.0,0,4,803,4,success,,xpu_a_cpsat_hard.csv,0.3,a,2.4,
1002,1.8,0.01,1,10.0,0.0,59.9,6,8.3,1,0.0,1,96.24,0.0055,0.0,0.0,0,1,182,4,crash,clip,xpu_a_cpsat_hard.csv,0.3,a,2.4,
1003,1.8,0.01,1,10.0,0.0,59.9,6,8.3,1,0.0,1,96.24,0.0055,0.0,0.0,0,2,545,4,crash,clip,xpu_a_cpsat_hard.csv,0.3,a,2.4,
1004,1.8,0.01,1,10.0,0.0,59.9,6,8.3,1,0.0,1,96.24,0.0055,0.0,0.0,0,2,551,4,crash,clip,xpu_a_cpsat_hard.csv,0.3,a,2.4,
1005,1.8,0.01,1,10.0,0.0,59.9,6,8.3,1,0.0,1,96.24,0.0055,0.0,0.0,0,4,815,4,success,,xpu_a_cpsat_hard.csv,0.3,a,2.4,
1006,1.8,0.01,1,10.0,0.0,59.9,6,8.3,1,0.0,1,96.24,0.0055,0.0,0.0,0,2,604,4,crash,clip,xpu_a_cpsat_hard.csv,0.3,a,2.4,
1007,1.8,0.01,1,10.0,0.0,59.9,6,8.3,1,0.0,1,96.24,0.0055,0.0,0.0,0,1,321,4,crash,clip,xpu_a_cpsat_hard.csv,0.3,a,2.4,
1008,1.8,0.01,1,10.0,0.0,59.9,6,8.3,1,0.0,1,96.24,0.0055,0.0,0.0,0,2,468,4,crash,clip,xpu_a_cpsat_hard.csv,0.3,a,2.4,
1009,1.8,0.01,1,10.0,0.0,59.9,6,8.3,1,0.0,1,96.24,0.0055,0.0,0.0,0,4,783,4,success,,xpu_a_cpsat_hard.csv,0.3,a,2.4,
1010,1.8,0.01,1,10.0,0.0,59.9,6,8.3,1,0.0,1,96.24,0.0055,0.0,0.0,0,2,485,4,crash,clip,xpu_a_cpsat_hard.csv,0.3,a,2.4,
1011,1.8,0.01,1,10.0,0.0,59.9,6,8.3,1,0.0,1,96.24,0.0055,0.0,0.0,0,1,309,4,crash,clip,xpu_a_cpsat_hard.csv,0.3,a,2.4,
1000,1.4,0.01,1,10.0,0.0,59.9,6,8.3,1,0.0,1,96.24,0.0055,0.0,0.0,0,2,938,4,crash,clip,xpu_a_cpsat_hard.csv,0.3,a,2.4,
1001,1.4,0.01,1,10.0,0.0,59.9,6,8.3,1,0.0,1,96.24,0.0055,0.0,0.0,0,4,1021,4,success,,xpu_a_cpsat_hard.csv,0.3,a,2.4,
1002,1.4,0.01,1,10.0,0.0,59.9,6,8.3,1,0.0,1,96.24,0.0055,0.0,0.0,0,2,630,4,crash,clip,xpu_a_cpsat_hard.csv,0.3,a,2.4,
1003,1.4,0.01,1,10.0,0.0,59.9,6,8.3,1,0.0,1,96.24,0.0055,0.0,0.0,0,1,386,4,crash,clip,xpu_a_cpsat_hard.csv,0.3,a,2.4,
1004,1.4,0.01,1,10.0,0.0,59.9,6,8.3,1,0.0,1,96.24,0.0055,0.0,0.0,0,2,694,4,crash,clip,xpu_a_cpsat_hard.csv,0.3,a,2.4,
1005,1.4,0.01,1,10.0,0.0,59.9,6,8.3,1,0.0,1,96.24,0.0055,0.0,0.0,0,2,768,4,crash,clip,xpu_a_cpsat_hard.csv,0.3,a,2.4,
1006,1.4,0.01,1,10.0,0.0,59.9,6,8.3,1,0.0,1,96.24,0.0055,0.0,0.0,0,3,924,4,crash,clip,xpu_a_cpsat_hard.csv,0.3,a,2.4,
1007,1.4,0.01,1,10.0,0.0,59.9,6,8.3,1,0.0,1,96.24,0.0055,0.0,0.0,0,2,685,4,crash,clip,xpu_a_cpsat_hard.csv,0.3,a,2.4,
1008,1.4,0.01,1,10.0,0.0,59.9,6,8.3,1,0.0,1,96.24,0.0055,0.0,0.0,0,1,375,4,crash,clip,xpu_a_cpsat_hard.csv,0.3,a,2.4,
1009,1.4,0.01,1,10.0,0.0,59.9,6,8.3,1,0.0,1,96.24,0.0055,0.0,0.0,0,1,330,4,crash,clip,xpu_a_cpsat_hard.csv,0.3,a,2.4,
1010,1.4,0.01,1,10.0,0.0,59.9,6,8.3,1,0.0,1,96.24,0.0055,0.0,0.0,0,2,510,4,crash,clip,xpu_a_cpsat_hard.csv,0.3,a,2.4,
1011,1.4,0.01,1,10.0,0.0,59.9,6,8.3,1,0.0,1,96.24,0.0055,0.0,0.0,0,3,754,4,crash,clip,xpu_a_cpsat_hard.csv,0.3,a,2.4,
1000,1.0,0.01,1,10.0,0.0,59.9,6,8.3,1,0.0,1,96.24,0.0055,0.0,0.0,0,2,748,4,crash,clip,xpu_a_cpsat_hard.csv,0.3,a,2.4,
1001,1.0,0.01,1,10.0,0.0,59.9,6,8.3,1,0.0,1,96.24,0.0055,0.0,0.0,0,3,1240,4,crash,clip,xpu_a_cpsat_hard.csv,0.3,a,2.4,
1002,1.0,0.01,1,10.0,0.0,59.9,6,8.3,1,0.0,1,96.24,0.0055,0.0,0.0,0,1,497,4,crash,clip,xpu_a_cpsat_hard.csv,0.3,a,2.4,
1003,1.0,0.01,1,10.0,0.0,59.9,6,8.3,1,0.0,1,96.24,0.0055,0.0,0.0,0,1,385,4,crash,clip,xpu_a_cpsat_hard.csv,0.3,a,2.4,
1004,1.0,0.01,1,10.0,0.0,59.9,6,8.3,1,0.0,1,96.24,0.0055,0.0,0.0,0,1,595,4,crash,clip,xpu_a_cpsat_hard.csv,0.3,a,2.4,
1005,1.0,0.01,1,10.0,0.0,59.9,6,8.3,1,0.0,1,96.24,0.0055,0.0,0.0,0,1,260,4,crash,clip,xpu_a_cpsat_hard.csv,0.3,a,2.4,
1006,1.0,0.01,1,10.0,0.0,59.9,6,8.3,1,0.0,1,96.24,0.0055,0.0,0.0,0,3,1219,4,crash,clip,xpu_a_cpsat_hard.csv,0.3,a,2.4,
1007,1.0,0.01,1,10.0,0.0,59.9,6,8.3,1,0.0,1,96.24,0.0055,0.0,0.0,0,2,907,4,crash,clip,xpu_a_cpsat_hard.csv,0.3,a,2.4,
1008,1.0,0.01,1,10.0,0.0,59.9,6,8.3,1,0.0,1,96.24,0.0055,0.0,0.0,0,1,442,4,crash,clip,xpu_a_cpsat_hard.csv,0.3,a,2.4,
1009,1.0,0.01,1,10.0,0.0,59.9,6,8.3,1,0.0,1,96.24,0.0055,0.0,0.0,0,1,317,4,crash,clip,xpu_a_cpsat_hard.csv,0.3,a,2.4,
1010,1.0,0.01,1,10.0,0.0,59.9,6,8.3,1,0.0,1,96.24,0.0055,0.0,0.0,0,1,610,4,crash,clip,xpu_a_cpsat_hard.csv,0.3,a,2.4,
1011,1.0,0.01,1,10.0,0.0,59.9,6,8.3,1,0.0,1,96.24,0.0055,0.0,0.0,0,4,1447,4,success,,xpu_a_cpsat_hard.csv,0.3,a,2.4,
1000,1.6,0.01,1,10.0,0.0,59.9,6,8.3,1,0.0,1,96.24,0.0055,0.0,0.0,0,2,549,4,crash,clip,xpu_a_cpsat_hard.csv,0.3,a,2.4,
1001,1.6,0.01,1,10.0,0.0,59.9,6,8.3,1,0.0,1,96.24,0.0055,0.0,0.0,0,1,584,4,crash,clip,xpu_a_cpsat_hard.csv,0.3,a,2.4,
1002,1.6,0.01,1,10.0,0.0,59.9,6,8.3,1,0.0,1,96.24,0.0055,0.0,0.0,0,1,207,4,crash,clip,xpu_a_cpsat_hard.csv,0.3,a,2.4,
1003,1.6,0.01,1,10.0,0.0,59.9,6,8.3,1,0.0,1,96.24,0.0055,0.0,0.0,0,2,630,4,crash,clip,xpu_a_cpsat_hard.csv,0.3,a,2.4,
1004,1.6,0.01,1,10.0,0.0,59.9,6,8.3,1,0.0,1,96.24,0.0055,0.0,0.0,0,0,158,4,crash,clip,xpu_a_cpsat_hard.csv,0.3,a,2.4,
1005,1.6,0.01,1,10.0,0.0,59.9,6,8.3,1,0.0,1,96.24,0.0055,0.0,0.0,0,1,495,4,crash,clip,xpu_a_cpsat_hard.csv,0.3,a,2.4,
1006,1.6,0.01,1,10.0,0.0,59.9,6,8.3,1,0.0,1,96.24,0.0055,0.0,0.0,0,2,614,4,crash,clip,xpu_a_cpsat_hard.csv,0.3,a,2.4,
1007,1.6,0.01,1,10.0,0.0,59.9,6,8.3,1,0.0,1,96.24,0.0055,0.0,0.0,0,2,615,4,crash,clip,xpu_a_cpsat_hard.csv,0.3,a,2.4,
1008,1.6,0.01,1,10.0,0.0,59.9,6,8.3,1,0.0,1,96.24,0.0055,0.0,0.0,0,2,511,4,crash,clip,xpu_a_cpsat_hard.csv,0.3,a,2.4,
1009,1.6,0.01,1,10.0,0.0,59.9,6,8.3,1,0.0,1,96.24,0.0055,0.0,0.0,0,1,293,4,crash,clip,xpu_a_cpsat_hard.csv,0.3,a,2.4,
1010,1.6,0.01,1,10.0,0.0,59.9,6,8.3,1,0.0,1,96.24,0.0055,0.0,0.0,0,1,1469,4,crash,clip,xpu_a_cpsat_hard.csv,0.3,a,2.4,
1011,1.6,0.01,1,10.0,0.0,59.9,6,8.3,1,0.0,1,96.24,0.0055,0.0,0.0,0,1,321,4,crash,clip,xpu_a_cpsat_hard.csv,0.3,a,2.4,
1000,1.2,0.01,1,10.0,0.0,59.9,6,8.3,1,0.0,1,96.24,0.0055,0.0,0.0,0,2,722,4,crash,clip,xpu_a_cpsat_hard.csv,0.3,a,2.4,
1001,1.2,0.01,1,10.0,0.0,59.9,6,8.3,1,0.0,1,96.24,0.0055,0.0,0.0,0,4,1200,4,success,,xpu_a_cpsat_hard.csv,0.3,a,2.4,
1002,1.2,0.01,1,10.0,0.0,59.9,6,8.3,1,0.0,1,96.24,0.0055,0.0,0.0,0,4,1192,4,success,,xpu_a_cpsat_hard.csv,0.3,a,2.4,
1003,1.2,0.01,1,10.0,0.0,59.9,6,8.3,1,0.0,1,96.24,0.0055,0.0,0.0,0,4,1223,4,success,,xpu_a_cpsat_hard.csv,0.3,a,2.4,
1004,1.2,0.01,1,10.0,0.0,59.9,6,8.3,1,0.0,1,96.24,0.0055,0.0,0.0,0,1,523,4,crash,clip,xpu_a_cpsat_hard.csv,0.3,a,2.4,
1005,1.2,0.01,1,10.0,0.0,59.9,6,8.3,1,0.0,1,96.24,0.0055,0.0,0.0,0,1,238,4,crash,clip,xpu_a_cpsat_hard.csv,0.3,a,2.4,
1006,1.2,0.01,1,10.0,0.0,59.9,6,8.3,1,0.0,1,96.24,0.0055,0.0,0.0,0,1,449,4,crash,clip,xpu_a_cpsat_hard.csv,0.3,a,2.4,
1007,1.2,0.01,1,10.0,0.0,59.9,6,8.3,1,0.0,1,96.24,0.0055,0.0,0.0,0,4,1198,4,success,,xpu_a_cpsat_hard.csv,0.3,a,2.4,
1008,1.2,0.01,1,10.0,0.0,59.9,6,8.3,1,0.0,1,96.24,0.0055,0.0,0.0,0,2,573,4,crash,clip,xpu_a_cpsat_hard.csv,0.3,a,2.4,
1009,1.2,0.01,1,10.0,0.0,59.9,6,8.3,1,0.0,1,96.24,0.0055,0.0,0.0,0,4,1157,4,success,,xpu_a_cpsat_hard.csv,0.3,a,2.4,
1010,1.2,0.01,1,10.0,0.0,59.9,6,8.3,1,0.0,1,96.24,0.0055,0.0,0.0,0,2,742,4,crash,clip,xpu_a_cpsat_hard.csv,0.3,a,2.4,
1011,1.2,0.01,1,10.0,0.0,59.9,6,8.3,1,0.0,1,96.24,0.0055,0.0,0.0,0,1,417,4,crash,clip,xpu_a_cpsat_hard.csv,0.3,a,2.4,
1000,1.8,0.01,1,10.0,0.0,947.5,95,0.0,1,0.0,1,35.78,0.0055,0.0,0.0,0,0,185,4,crash,ground,xpu_a90_greedy.csv,0.3,a,2.4,
1001,1.8,0.01,1,10.0,0.0,947.5,95,0.0,1,0.0,1,35.78,0.0055,0.0,0.0,0,0,183,4,crash,ground,xpu_a90_greedy.csv,0.3,a,2.4,
1002,1.8,0.01,1,10.0,0.0,947.5,95,0.0,1,0.0,1,35.78,0.0055,0.0,0.0,0,0,184,4,crash,ground,xpu_a90_greedy.csv,0.3,a,2.4,
1003,1.8,0.01,1,10.0,0.0,947.5,95,0.0,1,0.0,1,35.78,0.0055,0.0,0.0,0,0,183,4,crash,ground,xpu_a90_greedy.csv,0.3,a,2.4,
1004,1.8,0.01,1,10.0,0.0,947.5,95,0.0,1,0.0,1,35.78,0.0055,0.0,0.0,0,0,182,4,crash,ground,xpu_a90_greedy.csv,0.3,a,2.4,
1005,1.8,0.01,1,10.0,0.0,947.5,95,0.0,1,0.0,1,35.78,0.0055,0.0,0.0,0,0,184,4,crash,ground,xpu_a90_greedy.csv,0.3,a,2.4,
1006,1.8,0.01,1,10.0,0.0,947.5,95,0.0,1,0.0,1,35.78,0.0055,0.0,0.0,0,0,183,4,crash,ground,xpu_a90_greedy.csv,0.3,a,2.4,
1007,1.8,0.01,1,10.0,0.0,947.5,95,0.0,1,0.0,1,35.78,0.0055,0.0,0.0,0,0,183,4,crash,ground,xpu_a90_greedy.csv,0.3,a,2.4,
1008,1.8,0.01,1,10.0,0.0,947.5,95,0.0,1,0.0,1,35.78,0.0055,0.0,0.0,0,0,184,4,crash,ground,xpu_a90_greedy.csv,0.3,a,2.4,
1009,1.8,0.01,1,10.0,0.0,947.5,95,0.0,1,0.0,1,35.78,0.0055,0.0,0.0,0,0,185,4,crash,ground,xpu_a90_greedy.csv,0.3,a,2.4,
1010,1.8,0.01,1,10.0,0.0,947.5,95,0.0,1,0.0,1,35.78,0.0055,0.0,0.0,0,0,183,4,crash,ground,xpu_a90_greedy.csv,0.3,a,2.4,
1011,1.8,0.01,1,10.0,0.0,947.5,95,0.0,1,0.0,1,35.78,0.0055,0.0,0.0,0,0,181,4,crash,ground,xpu_a90_greedy.csv,0.3,a,2.4,
1000,1.4,0.01,1,10.0,0.0,947.5,95,0.0,1,0.0,1,35.78,0.0055,0.0,0.0,0,0,188,4,crash,ground,xpu_a90_greedy.csv,0.3,a,2.4,
1001,1.4,0.01,1,10.0,0.0,947.5,95,0.0,1,0.0,1,35.78,0.0055,0.0,0.0,0,0,186,4,crash,ground,xpu_a90_greedy.csv,0.3,a,2.4,
1002,1.4,0.01,1,10.0,0.0,947.5,95,0.0,1,0.0,1,35.78,0.0055,0.0,0.0,0,0,187,4,crash,ground,xpu_a90_greedy.csv,0.3,a,2.4,
1003,1.4,0.01,1,10.0,0.0,947.5,95,0.0,1,0.0,1,35.78,0.0055,0.0,0.0,0,0,186,4,crash,ground,xpu_a90_greedy.csv,0.3,a,2.4,
1004,1.4,0.01,1,10.0,0.0,947.5,95,0.0,1,0.0,1,35.78,0.0055,0.0,0.0,0,0,185,4,crash,ground,xpu_a90_greedy.csv,0.3,a,2.4,
1005,1.4,0.01,1,10.0,0.0,947.5,95,0.0,1,0.0,1,35.78,0.0055,0.0,0.0,0,0,187,4,crash,ground,xpu_a90_greedy.csv,0.3,a,2.4,
1006,1.4,0.01,1,10.0,0.0,947.5,95,0.0,1,0.0,1,35.78,0.0055,0.0,0.0,0,0,187,4,crash,ground,xpu_a90_greedy.csv,0.3,a,2.4,
1007,1.4,0.01,1,10.0,0.0,947.5,95,0.0,1,0.0,1,35.78,0.0055,0.0,0.0,0,0,186,4,crash,ground,xpu_a90_greedy.csv,0.3,a,2.4,
1008,1.4,0.01,1,10.0,0.0,947.5,95,0.0,1,0.0,1,35.78,0.0055,0.0,0.0,0,0,189,4,crash,ground,xpu_a90_greedy.csv,0.3,a,2.4,
1009,1.4,0.01,1,10.0,0.0,947.5,95,0.0,1,0.0,1,35.78,0.0055,0.0,0.0,0,0,188,4,crash,ground,xpu_a90_greedy.csv,0.3,a,2.4,
1010,1.4,0.01,1,10.0,0.0,947.5,95,0.0,1,0.0,1,35.78,0.0055,0.0,0.0,0,0,187,4,crash,ground,xpu_a90_greedy.csv,0.3,a,2.4,
1011,1.4,0.01,1,10.0,0.0,947.5,95,0.0,1,0.0,1,35.78,0.0055,0.0,0.0,0,0,184,4,crash,ground,xpu_a90_greedy.csv,0.3,a,2.4,
1000,1.0,0.01,1,10.0,0.0,947.5,95,0.0,1,0.0,1,35.78,0.0055,0.0,0.0,0,0,192,4,crash,ground,xpu_a90_greedy.csv,0.3,a,2.4,
1001,1.0,0.01,1,10.0,0.0,947.5,95,0.0,1,0.0,1,35.78,0.0055,0.0,0.0,0,0,190,4,crash,ground,xpu_a90_greedy.csv,0.3,a,2.4,
1002,1.0,0.01,1,10.0,0.0,947.5,95,0.0,1,0.0,1,35.78,0.0055,0.0,0.0,0,0,193,4,crash,ground,xpu_a90_greedy.csv,0.3,a,2.4,
1003,1.0,0.01,1,10.0,0.0,947.5,95,0.0,1,0.0,1,35.78,0.0055,0.0,0.0,0,0,190,4,crash,ground,xpu_a90_greedy.csv,0.3,a,2.4,
1004,1.0,0.01,1,10.0,0.0,947.5,95,0.0,1,0.0,1,35.78,0.0055,0.0,0.0,0,0,189,4,crash,ground,xpu_a90_greedy.csv,0.3,a,2.4,
1005,1.0,0.01,1,10.0,0.0,947.5,95,0.0,1,0.0,1,35.78,0.0055,0.0,0.0,0,0,190,4,crash,ground,xpu_a90_greedy.csv,0.3,a,2.4,
1006,1.0,0.01,1,10.0,0.0,947.5,95,0.0,1,0.0,1,35.78,0.0055,0.0,0.0,0,0,189,4,crash,ground,xpu_a90_greedy.csv,0.3,a,2.4,
1007,1.0,0.01,1,10.0,0.0,947.5,95,0.0,1,0.0,1,35.78,0.0055,0.0,0.0,0,0,190,4,crash,ground,xpu_a90_greedy.csv,0.3,a,2.4,
1008,1.0,0.01,1,10.0,0.0,947.5,95,0.0,1,0.0,1,35.78,0.0055,0.0,0.0,0,0,193,4,crash,ground,xpu_a90_greedy.csv,0.3,a,2.4,
1009,1.0,0.01,1,10.0,0.0,947.5,95,0.0,1,0.0,1,35.78,0.0055,0.0,0.0,0,0,190,4,crash,ground,xpu_a90_greedy.csv,0.3,a,2.4,
1010,1.0,0.01,1,10.0,0.0,947.5,95,0.0,1,0.0,1,35.78,0.0055,0.0,0.0,0,0,190,4,crash,ground,xpu_a90_greedy.csv,0.3,a,2.4,
1011,1.0,0.01,1,10.0,0.0,947.5,95,0.0,1,0.0,1,35.78,0.0055,0.0,0.0,0,0,189,4,crash,ground,xpu_a90_greedy.csv,0.3,a,2.4,
1000,1.6,0.01,1,10.0,0.0,947.5,95,0.0,1,0.0,1,35.78,0.0055,0.0,0.0,0,0,187,4,crash,ground,xpu_a90_greedy.csv,0.3,a,2.4,
1001,1.6,0.01,1,10.0,0.0,947.5,95,0.0,1,0.0,1,35.78,0.0055,0.0,0.0,0,0,184,4,crash,ground,xpu_a90_greedy.csv,0.3,a,2.4,
1002,1.6,0.01,1,10.0,0.0,947.5,95,0.0,1,0.0,1,35.78,0.0055,0.0,0.0,0,0,186,4,crash,ground,xpu_a90_greedy.csv,0.3,a,2.4,
1003,1.6,0.01,1,10.0,0.0,947.5,95,0.0,1,0.0,1,35.78,0.0055,0.0,0.0,0,0,185,4,crash,ground,xpu_a90_greedy.csv,0.3,a,2.4,
1004,1.6,0.01,1,10.0,0.0,947.5,95,0.0,1,0.0,1,35.78,0.0055,0.0,0.0,0,0,184,4,crash,ground,xpu_a90_greedy.csv,0.3,a,2.4,
1005,1.6,0.01,1,10.0,0.0,947.5,95,0.0,1,0.0,1,35.78,0.0055,0.0,0.0,0,0,186,4,crash,ground,xpu_a90_greedy.csv,0.3,a,2.4,
1006,1.6,0.01,1,10.0,0.0,947.5,95,0.0,1,0.0,1,35.78,0.0055,0.0,0.0,0,0,185,4,crash,ground,xpu_a90_greedy.csv,0.3,a,2.4,
1007,1.6,0.01,1,10.0,0.0,947.5,95,0.0,1,0.0,1,35.78,0.0055,0.0,0.0,0,0,185,4,crash,ground,xpu_a90_greedy.csv,0.3,a,2.4,
1008,1.6,0.01,1,10.0,0.0,947.5,95,0.0,1,0.0,1,35.78,0.0055,0.0,0.0,0,0,187,4,crash,ground,xpu_a90_greedy.csv,0.3,a,2.4,
1009,1.6,0.01,1,10.0,0.0,947.5,95,0.0,1,0.0,1,35.78,0.0055,0.0,0.0,0,0,186,4,crash,ground,xpu_a90_greedy.csv,0.3,a,2.4,
1010,1.6,0.01,1,10.0,0.0,947.5,95,0.0,1,0.0,1,35.78,0.0055,0.0,0.0,0,0,185,4,crash,ground,xpu_a90_greedy.csv,0.3,a,2.4,
1011,1.6,0.01,1,10.0,0.0,947.5,95,0.0,1,0.0,1,35.78,0.0055,0.0,0.0,0,0,183,4,crash,ground,xpu_a90_greedy.csv,0.3,a,2.4,
1000,1.2,0.01,1,10.0,0.0,947.5,95,0.0,1,0.0,1,35.78,0.0055,0.0,0.0,0,0,190,4,crash,ground,xpu_a90_greedy.csv,0.3,a,2.4,
1001,1.2,0.01,1,10.0,0.0,947.5,95,0.0,1,0.0,1,35.78,0.0055,0.0,0.0,0,0,187,4,crash,ground,xpu_a90_greedy.csv,0.3,a,2.4,
1002,1.2,0.01,1,10.0,0.0,947.5,95,0.0,1,0.0,1,35.78,0.0055,0.0,0.0,0,0,188,4,crash,ground,xpu_a90_greedy.csv,0.3,a,2.4,
1003,1.2,0.01,1,10.0,0.0,947.5,95,0.0,1,0.0,1,35.78,0.0055,0.0,0.0,0,0,188,4,crash,ground,xpu_a90_greedy.csv,0.3,a,2.4,
1004,1.2,0.01,1,10.0,0.0,947.5,95,0.0,1,0.0,1,35.78,0.0055,0.0,0.0,0,0,187,4,crash,ground,xpu_a90_greedy.csv,0.3,a,2.4,
1005,1.2,0.01,1,10.0,0.0,947.5,95,0.0,1,0.0,1,35.78,0.0055,0.0,0.0,0,0,187,4,crash,ground,xpu_a90_greedy.csv,0.3,a,2.4,
1006,1.2,0.01,1,10.0,0.0,947.5,95,0.0,1,0.0,1,35.78,0.0055,0.0,0.0,0,0,188,4,crash,ground,xpu_a90_greedy.csv,0.3,a,2.4,
1007,1.2,0.01,1,10.0,0.0,947.5,95,0.0,1,0.0,1,35.78,0.0055,0.0,0.0,0,0,188,4,crash,ground,xpu_a90_greedy.csv,0.3,a,2.4,
1008,1.2,0.01,1,10.0,0.0,947.5,95,0.0,1,0.0,1,35.78,0.0055,0.0,0.0,0,0,190,4,crash,ground,xpu_a90_greedy.csv,0.3,a,2.4,
1009,1.2,0.01,1,10.0,0.0,947.5,95,0.0,1,0.0,1,35.78,0.0055,0.0,0.0,0,0,189,4,crash,ground,xpu_a90_greedy.csv,0.3,a,2.4,
1010,1.2,0.01,1,10.0,0.0,947.5,95,0.0,1,0.0,1,35.78,0.0055,0.0,0.0,0,0,188,4,crash,ground,xpu_a90_greedy.csv,0.3,a,2.4,
1011,1.2,0.01,1,10.0,0.0,947.5,95,0.0,1,0.0,1,35.78,0.0055,0.0,0.0,0,0,186,4,crash,ground,xpu_a90_greedy.csv,0.3,a,2.4,
1000,1.8,0.01,1,10.0,0.0,56.8,6,22.2,3,0.0,1,96.24,0.0055,0.0,0.0,0,2,493,4,crash,clip,xpu_a_cpsat_hard.csv,0.3,a,2.4,
1001,1.8,0.01,1,10.0,0.0,56.8,6,22.2,3,0.0,1,96.24,0.0055,0.0,0.0,0,4,801,4,success,,xpu_a_cpsat_hard.csv,0.3,a,2.4,
1002,1.8,0.01,1,10.0,0.0,56.8,6,22.2,3,0.0,1,96.24,0.0055,0.0,0.0,0,1,180,4,crash,clip,xpu_a_cpsat_hard.csv,0.3,a,2.4,
1003,1.8,0.01,1,10.0,0.0,56.8,6,22.2,3,0.0,1,96.24,0.0055,0.0,0.0,0,4,826,4,success,,xpu_a_cpsat_hard.csv,0.3,a,2.4,
1004,1.8,0.01,1,10.0,0.0,56.8,6,22.2,3,0.0,1,96.24,0.0055,0.0,0.0,0,2,535,4,crash,clip,xpu_a_cpsat_hard.csv,0.3,a,2.4,
1005,1.8,0.01,1,10.0,0.0,56.8,6,22.2,3,0.0,1,96.24,0.0055,0.0,0.0,0,1,307,4,crash,clip,xpu_a_cpsat_hard.csv,0.3,a,2.4,
1006,1.8,0.01,1,10.0,0.0,56.8,6,22.2,3,0.0,1,96.24,0.0055,0.0,0.0,0,4,834,4,success,,xpu_a_cpsat_hard.csv,0.3,a,2.4,
1007,1.8,0.01,1,10.0,0.0,56.8,6,22.2,3,0.0,1,96.24,0.0055,0.0,0.0,0,1,353,4,crash,clip,xpu_a_cpsat_hard.csv,0.3,a,2.4,
1008,1.8,0.01,1,10.0,0.0,56.8,6,22.2,3,0.0,1,96.24,0.0055,0.0,0.0,0,1,336,4,crash,clip,xpu_a_cpsat_hard.csv,0.3,a,2.4,
1009,1.8,0.01,1,10.0,0.0,56.8,6,22.2,3,0.0,1,96.24,0.0055,0.0,0.0,0,2,504,4,crash,clip,xpu_a_cpsat_hard.csv,0.3,a,2.4,
1010,1.8,0.01,1,10.0,0.0,56.8,6,22.2,3,0.0,1,96.24,0.0055,0.0,0.0,0,1,305,4,crash,clip,xpu_a_cpsat_hard.csv,0.3,a,2.4,
1011,1.8,0.01,1,10.0,0.0,56.8,6,22.2,3,0.0,1,96.24,0.0055,0.0,0.0,0,1,295,4,crash,clip,xpu_a_cpsat_hard.csv,0.3,a,2.4,
1000,1.4,0.01,1,10.0,0.0,56.8,6,22.2,3,0.0,1,96.24,0.0055,0.0,0.0,0,2,662,4,crash,clip,xpu_a_cpsat_hard.csv,0.3,a,2.4,
1001,1.4,0.01,1,10.0,0.0,56.8,6,22.2,3,0.0,1,96.24,0.0055,0.0,0.0,0,4,1015,4,success,,xpu_a_cpsat_hard.csv,0.3,a,2.4,
1002,1.4,0.01,1,10.0,0.0,56.8,6,22.2,3,0.0,1,96.24,0.0055,0.0,0.0,0,2,590,4,crash,clip,xpu_a_cpsat_hard.csv,0.3,a,2.4,
1003,1.4,0.01,1,10.0,0.0,56.8,6,22.2,3,0.0,1,96.24,0.0055,0.0,0.0,0,4,1054,4,success,,xpu_a_cpsat_hard.csv,0.3,a,2.4,
1004,1.4,0.01,1,10.0,0.0,56.8,6,22.2,3,0.0,1,96.24,0.0055,0.0,0.0,0,1,471,4,crash,clip,xpu_a_cpsat_hard.csv,0.3,a,2.4,
1005,1.4,0.01,1,10.0,0.0,56.8,6,22.2,3,0.0,1,96.24,0.0055,0.0,0.0,0,2,696,4,crash,clip,xpu_a_cpsat_hard.csv,0.3,a,2.4,
1006,1.4,0.01,1,10.0,0.0,56.8,6,22.2,3,0.0,1,96.24,0.0055,0.0,0.0,0,3,922,4,crash,clip,xpu_a_cpsat_hard.csv,0.3,a,2.4,
1007,1.4,0.01,1,10.0,0.0,56.8,6,22.2,3,0.0,1,96.24,0.0055,0.0,0.0,0,1,358,4,crash,clip,xpu_a_cpsat_hard.csv,0.3,a,2.4,
1008,1.4,0.01,1,10.0,0.0,56.8,6,22.2,3,0.0,1,96.24,0.0055,0.0,0.0,0,2,512,4,crash,clip,xpu_a_cpsat_hard.csv,0.3,a,2.4,
1009,1.4,0.01,1,10.0,0.0,56.8,6,22.2,3,0.0,1,96.24,0.0055,0.0,0.0,0,4,993,4,success,,xpu_a_cpsat_hard.csv,0.3,a,2.4,
1010,1.4,0.01,1,10.0,0.0,56.8,6,22.2,3,0.0,1,96.24,0.0055,0.0,0.0,0,3,892,4,crash,clip,xpu_a_cpsat_hard.csv,0.3,a,2.4,
1011,1.4,0.01,1,10.0,0.0,56.8,6,22.2,3,0.0,1,96.24,0.0055,0.0,0.0,0,2,751,4,crash,clip,xpu_a_cpsat_hard.csv,0.3,a,2.4,
1000,1.0,0.01,1,10.0,0.0,56.8,6,22.2,3,0.0,1,96.24,0.0055,0.0,0.0,0,2,1213,4,crash,clip,xpu_a_cpsat_hard.csv,0.3,a,2.4,
1001,1.0,0.01,1,10.0,0.0,56.8,6,22.2,3,0.0,1,96.24,0.0055,0.0,0.0,0,1,475,4,crash,clip,xpu_a_cpsat_hard.csv,0.3,a,2.4,
1002,1.0,0.01,1,10.0,0.0,56.8,6,22.2,3,0.0,1,96.24,0.0055,0.0,0.0,0,1,500,4,crash,clip,xpu_a_cpsat_hard.csv,0.3,a,2.4,
1003,1.0,0.01,1,10.0,0.0,56.8,6,22.2,3,0.0,1,96.24,0.0055,0.0,0.0,0,2,1101,4,crash,clip,xpu_a_cpsat_hard.csv,0.3,a,2.4,
1004,1.0,0.01,1,10.0,0.0,56.8,6,22.2,3,0.0,1,96.24,0.0055,0.0,0.0,0,1,598,4,crash,clip,xpu_a_cpsat_hard.csv,0.3,a,2.4,
1005,1.0,0.01,1,10.0,0.0,56.8,6,22.2,3,0.0,1,96.24,0.0055,0.0,0.0,0,1,264,4,crash,clip,xpu_a_cpsat_hard.csv,0.3,a,2.4,
1006,1.0,0.01,1,10.0,0.0,56.8,6,22.2,3,0.0,1,96.24,0.0055,0.0,0.0,0,1,600,4,crash,clip,xpu_a_cpsat_hard.csv,0.3,a,2.4,
1007,1.0,0.01,1,10.0,0.0,56.8,6,22.2,3,0.0,1,96.24,0.0055,0.0,0.0,0,4,1538,4,success,,xpu_a_cpsat_hard.csv,0.3,a,2.4,
1008,1.0,0.01,1,10.0,0.0,56.8,6,22.2,3,0.0,1,96.24,0.0055,0.0,0.0,0,1,397,4,crash,clip,xpu_a_cpsat_hard.csv,0.3,a,2.4,
1009,1.0,0.01,1,10.0,0.0,56.8,6,22.2,3,0.0,1,96.24,0.0055,0.0,0.0,0,1,328,4,crash,clip,xpu_a_cpsat_hard.csv,0.3,a,2.4,
1010,1.0,0.01,1,10.0,0.0,56.8,6,22.2,3,0.0,1,96.24,0.0055,0.0,0.0,0,1,613,4,crash,clip,xpu_a_cpsat_hard.csv,0.3,a,2.4,
1011,1.0,0.01,1,10.0,0.0,56.8,6,22.2,3,0.0,1,96.24,0.0055,0.0,0.0,0,4,1432,4,success,,xpu_a_cpsat_hard.csv,0.3,a,2.4,
1000,1.6,0.01,1,10.0,0.0,56.8,6,22.2,3,0.0,1,96.24,0.0055,0.0,0.0,0,2,550,4,crash,clip,xpu_a_cpsat_hard.csv,0.3,a,2.4,
1001,1.6,0.01,1,10.0,0.0,56.8,6,22.2,3,0.0,1,96.24,0.0055,0.0,0.0,0,4,896,4,success,,xpu_a_cpsat_hard.csv,0.3,a,2.4,
1002,1.6,0.01,1,10.0,0.0,56.8,6,22.2,3,0.0,1,96.24,0.0055,0.0,0.0,0,1,208,4,crash,clip,xpu_a_cpsat_hard.csv,0.3,a,2.4,
1003,1.6,0.01,1,10.0,0.0,56.8,6,22.2,3,0.0,1,96.24,0.0055,0.0,0.0,0,2,564,4,crash,clip,xpu_a_cpsat_hard.csv,0.3,a,2.4,
1004,1.6,0.01,1,10.0,0.0,56.8,6,22.2,3,0.0,1,96.24,0.0055,0.0,0.0,0,2,570,4,crash,clip,xpu_a_cpsat_hard.csv,0.3,a,2.4,
1005,1.6,0.01,1,10.0,0.0,56.8,6,22.2,3,0.0,1,96.24,0.0055,0.0,0.0,0,2,645,4,crash,clip,xpu_a_cpsat_hard.csv,0.3,a,2.4,
1006,1.6,0.01,1,10.0,0.0,56.8,6,22.2,3,0.0,1,96.24,0.0055,0.0,0.0,0,2,587,4,crash,clip,xpu_a_cpsat_hard.csv,0.3,a,2.4,
1007,1.6,0.01,1,10.0,0.0,56.8,6,22.2,3,0.0,1,96.24,0.0055,0.0,0.0,0,1,349,4,crash,clip,xpu_a_cpsat_hard.csv,0.3,a,2.4,
1008,1.6,0.01,1,10.0,0.0,56.8,6,22.2,3,0.0,1,96.24,0.0055,0.0,0.0,0,1,450,4,crash,clip,xpu_a_cpsat_hard.csv,0.3,a,2.4,
1009,1.6,0.01,1,10.0,0.0,56.8,6,22.2,3,0.0,1,96.24,0.0055,0.0,0.0,0,1,298,4,crash,clip,xpu_a_cpsat_hard.csv,0.3,a,2.4,
1010,1.6,0.01,1,10.0,0.0,56.8,6,22.2,3,0.0,1,96.24,0.0055,0.0,0.0,0,1,355,4,crash,clip,xpu_a_cpsat_hard.csv,0.3,a,2.4,
1011,1.6,0.01,1,10.0,0.0,56.8,6,22.2,3,0.0,1,96.24,0.0055,0.0,0.0,0,1,306,4,crash,clip,xpu_a_cpsat_hard.csv,0.3,a,2.4,
1000,1.2,0.01,1,10.0,0.0,56.8,6,22.2,3,0.0,1,96.24,0.0055,0.0,0.0,0,3,1021,4,crash,clip,xpu_a_cpsat_hard.csv,0.3,a,2.4,
1001,1.2,0.01,1,10.0,0.0,56.8,6,22.2,3,0.0,1,96.24,0.0055,0.0,0.0,0,2,640,4,crash,clip,xpu_a_cpsat_hard.csv,0.3,a,2.4,
1002,1.2,0.01,1,10.0,0.0,56.8,6,22.2,3,0.0,1,96.24,0.0055,0.0,0.0,0,2,612,4,crash,clip,xpu_a_cpsat_hard.csv,0.3,a,2.4,
1003,1.2,0.01,1,10.0,0.0,56.8,6,22.2,3,0.0,1,96.24,0.0055,0.0,0.0,0,3,1270,4,crash,clip,xpu_a_cpsat_hard.csv,0.3,a,2.4,
1004,1.2,0.01,1,10.0,0.0,56.8,6,22.2,3,0.0,1,96.24,0.0055,0.0,0.0,0,1,486,4,crash,clip,xpu_a_cpsat_hard.csv,0.3,a,2.4,
1005,1.2,0.01,1,10.0,0.0,56.8,6,22.2,3,0.0,1,96.24,0.0055,0.0,0.0,0,1,237,4,crash,clip,xpu_a_cpsat_hard.csv,0.3,a,2.4,
1006,1.2,0.01,1,10.0,0.0,56.8,6,22.2,3,0.0,1,96.24,0.0055,0.0,0.0,0,1,456,4,crash,clip,xpu_a_cpsat_hard.csv,0.3,a,2.4,
1007,1.2,0.01,1,10.0,0.0,56.8,6,22.2,3,0.0,1,96.24,0.0055,0.0,0.0,0,4,1236,4,success,,xpu_a_cpsat_hard.csv,0.3,a,2.4,
1008,1.2,0.01,1,10.0,0.0,56.8,6,22.2,3,0.0,1,96.24,0.0055,0.0,0.0,0,1,430,4,crash,clip,xpu_a_cpsat_hard.csv,0.3,a,2.4,
1009,1.2,0.01,1,10.0,0.0,56.8,6,22.2,3,0.0,1,96.24,0.0055,0.0,0.0,0,1,960,4,crash,clip,xpu_a_cpsat_hard.csv,0.3,a,2.4,
1010,1.2,0.01,1,10.0,0.0,56.8,6,22.2,3,0.0,1,96.24,0.0055,0.0,0.0,0,1,471,4,crash,clip,xpu_a_cpsat_hard.csv,0.3,a,2.4,
1011,1.2,0.01,1,10.0,0.0,56.8,6,22.2,3,0.0,1,96.24,0.0055,0.0,0.0,0,0,273,4,crash,clip,xpu_a_cpsat_hard.csv,0.3,a,2.4,
1000,1.8,0.01,1,10.0,0.0,55.8,6,30.3,4,0.0,1,100.0,0.0055,0.0,0.0,0,2,524,4,crash,clip,ros_p345.csv,0.3,a,2.4,
1001,1.8,0.01,1,10.0,0.0,55.8,6,30.3,4,0.0,1,100.0,0.0055,0.0,0.0,0,2,567,4,crash,clip,ros_p345.csv,0.3,a,2.4,
1002,1.8,0.01,1,10.0,0.0,55.8,6,30.3,4,0.0,1,100.0,0.0055,0.0,0.0,0,1,180,4,crash,clip,ros_p345.csv,0.3,a,2.4,
1003,1.8,0.01,1,10.0,0.0,55.8,6,30.3,4,0.0,1,100.0,0.0055,0.0,0.0,0,1,301,4,crash,clip,ros_p345.csv,0.3,a,2.4,
1004,1.8,0.01,1,10.0,0.0,55.8,6,30.3,4,0.0,1,100.0,0.0055,0.0,0.0,0,2,563,4,crash,clip,ros_p345.csv,0.3,a,2.4,
1005,1.8,0.01,1,10.0,0.0,55.8,6,30.3,4,0.0,1,100.0,0.0055,0.0,0.0,0,1,302,4,crash,clip,ros_p345.csv,0.3,a,2.4,
1006,1.8,0.01,1,10.0,0.0,55.8,6,30.3,4,0.0,1,100.0,0.0055,0.0,0.0,0,1,322,4,crash,clip,ros_p345.csv,0.3,a,2.4,
1007,1.8,0.01,1,10.0,0.0,55.8,6,30.3,4,0.0,1,100.0,0.0055,0.0,0.0,0,3,737,4,crash,clip,ros_p345.csv,0.3,a,2.4,
1008,1.8,0.01,1,10.0,0.0,55.8,6,30.3,4,0.0,1,100.0,0.0055,0.0,0.0,0,2,472,4,crash,clip,ros_p345.csv,0.3,a,2.4,
1009,1.8,0.01,1,10.0,0.0,55.8,6,30.3,4,0.0,1,100.0,0.0055,0.0,0.0,0,3,673,4,crash,clip,ros_p345.csv,0.3,a,2.4,
1010,1.8,0.01,1,10.0,0.0,55.8,6,30.3,4,0.0,1,100.0,0.0055,0.0,0.0,0,1,286,4,crash,clip,ros_p345.csv,0.3,a,2.4,
1011,1.8,0.01,1,10.0,0.0,55.8,6,30.3,4,0.0,1,100.0,0.0055,0.0,0.0,0,1,259,4,crash,clip,ros_p345.csv,0.3,a,2.4,
1000,1.4,0.01,1,10.0,0.0,55.8,6,30.3,4,0.0,1,100.0,0.0055,0.0,0.0,0,2,623,4,crash,clip,ros_p345.csv,0.3,a,2.4,
1001,1.4,0.01,1,10.0,0.0,55.8,6,30.3,4,0.0,1,100.0,0.0055,0.0,0.0,0,4,1020,4,success,,ros_p345.csv,0.3,a,2.4,
1002,1.4,0.01,1,10.0,0.0,55.8,6,30.3,4,0.0,1,100.0,0.0055,0.0,0.0,0,2,589,4,crash,clip,ros_p345.csv,0.3,a,2.4,
1003,1.4,0.01,1,10.0,0.0,55.8,6,30.3,4,0.0,1,100.0,0.0055,0.0,0.0,0,3,858,4,crash,clip,ros_p345.csv,0.3,a,2.4,
1004,1.4,0.01,1,10.0,0.0,55.8,6,30.3,4,0.0,1,100.0,0.0055,0.0,0.0,0,1,362,4,crash,clip,ros_p345.csv,0.3,a,2.4,
1005,1.4,0.01,1,10.0,0.0,55.8,6,30.3,4,0.0,1,100.0,0.0055,0.0,0.0,0,1,365,4,crash,clip,ros_p345.csv,0.3,a,2.4,
1006,1.4,0.01,1,10.0,0.0,55.8,6,30.3,4,0.0,1,100.0,0.0055,0.0,0.0,0,2,553,4,crash,clip,ros_p345.csv,0.3,a,2.4,
1007,1.4,0.01,1,10.0,0.0,55.8,6,30.3,4,0.0,1,100.0,0.0055,0.0,0.0,0,1,478,4,crash,clip,ros_p345.csv,0.3,a,2.4,
1008,1.4,0.01,1,10.0,0.0,55.8,6,30.3,4,0.0,1,100.0,0.0055,0.0,0.0,0,2,486,4,crash,clip,ros_p345.csv,0.3,a,2.4,
1009,1.4,0.01,1,10.0,0.0,55.8,6,30.3,4,0.0,1,100.0,0.0055,0.0,0.0,0,4,991,4,success,,ros_p345.csv,0.3,a,2.4,
1010,1.4,0.01,1,10.0,0.0,55.8,6,30.3,4,0.0,1,100.0,0.0055,0.0,0.0,0,2,659,4,crash,clip,ros_p345.csv,0.3,a,2.4,
1011,1.4,0.01,1,10.0,0.0,55.8,6,30.3,4,0.0,1,100.0,0.0055,0.0,0.0,0,0,147,4,crash,clip,ros_p345.csv,0.3,a,2.4,
1000,1.0,0.01,1,10.0,0.0,55.8,6,30.3,4,0.0,1,100.0,0.0055,0.0,0.0,0,4,1507,4,success,,ros_p345.csv,0.3,a,2.4,
1001,1.0,0.01,1,10.0,0.0,55.8,6,30.3,4,0.0,1,100.0,0.0055,0.0,0.0,0,4,1413,4,success,,ros_p345.csv,0.3,a,2.4,
1002,1.0,0.01,1,10.0,0.0,55.8,6,30.3,4,0.0,1,100.0,0.0055,0.0,0.0,0,3,1207,4,crash,clip,ros_p345.csv,0.3,a,2.4,
1003,1.0,0.01,1,10.0,0.0,55.8,6,30.3,4,0.0,1,100.0,0.0055,0.0,0.0,0,1,584,4,crash,clip,ros_p345.csv,0.3,a,2.4,
1004,1.0,0.01,1,10.0,0.0,55.8,6,30.3,4,0.0,1,100.0,0.0055,0.0,0.0,0,1,543,4,crash,clip,ros_p345.csv,0.3,a,2.4,
1005,1.0,0.01,1,10.0,0.0,55.8,6,30.3,4,0.0,1,100.0,0.0055,0.0,0.0,0,3,1212,4,crash,clip,ros_p345.csv,0.3,a,2.4,
1006,1.0,0.01,1,10.0,0.0,55.8,6,30.3,4,0.0,1,100.0,0.0055,0.0,0.0,0,3,1208,4,crash,clip,ros_p345.csv,0.3,a,2.4,
1007,1.0,0.01,1,10.0,0.0,55.8,6,30.3,4,0.0,1,100.0,0.0055,0.0,0.0,0,4,1481,4,success,,ros_p345.csv,0.3,a,2.4,
1008,1.0,0.01,1,10.0,0.0,55.8,6,30.3,4,0.0,1,100.0,0.0055,0.0,0.0,0,1,443,4,crash,clip,ros_p345.csv,0.3,a,2.4,
1009,1.0,0.01,1,10.0,0.0,55.8,6,30.3,4,0.0,1,100.0,0.0055,0.0,0.0,0,0,654,4,crash,clip,ros_p345.csv,0.3,a,2.4,
1010,1.0,0.01,1,10.0,0.0,55.8,6,30.3,4,0.0,1,100.0,0.0055,0.0,0.0,0,1,506,4,crash,clip,ros_p345.csv,0.3,a,2.4,
1011,1.0,0.01,1,10.0,0.0,55.8,6,30.3,4,0.0,1,100.0,0.0055,0.0,0.0,0,2,872,4,crash,clip,ros_p345.csv,0.3,a,2.4,
1000,1.6,0.01,1,10.0,0.0,55.8,6,30.3,4,0.0,1,100.0,0.0055,0.0,0.0,0,2,550,4,crash,clip,ros_p345.csv,0.3,a,2.4,
1001,1.6,0.01,1,10.0,0.0,55.8,6,30.3,4,0.0,1,100.0,0.0055,0.0,0.0,0,2,551,4,crash,clip,ros_p345.csv,0.3,a,2.4,
1002,1.6,0.01,1,10.0,0.0,55.8,6,30.3,4,0.0,1,100.0,0.0055,0.0,0.0,0,1,216,4,crash,clip,ros_p345.csv,0.3,a,2.4,
1003,1.6,0.01,1,10.0,0.0,55.8,6,30.3,4,0.0,1,100.0,0.0055,0.0,0.0,0,1,319,4,crash,clip,ros_p345.csv,0.3,a,2.4,
1004,1.6,0.01,1,10.0,0.0,55.8,6,30.3,4,0.0,1,100.0,0.0055,0.0,0.0,0,2,583,4,crash,clip,ros_p345.csv,0.3,a,2.4,
1005,1.6,0.01,1,10.0,0.0,55.8,6,30.3,4,0.0,1,100.0,0.0055,0.0,0.0,0,1,204,4,crash,clip,ros_p345.csv,0.3,a,2.4,
1006,1.6,0.01,1,10.0,0.0,55.8,6,30.3,4,0.0,1,100.0,0.0055,0.0,0.0,0,2,609,4,crash,clip,ros_p345.csv,0.3,a,2.4,
1007,1.6,0.01,1,10.0,0.0,55.8,6,30.3,4,0.0,1,100.0,0.0055,0.0,0.0,0,1,311,4,crash,clip,ros_p345.csv,0.3,a,2.4,
1008,1.6,0.01,1,10.0,0.0,55.8,6,30.3,4,0.0,1,100.0,0.0055,0.0,0.0,0,1,335,4,crash,clip,ros_p345.csv,0.3,a,2.4,
1009,1.6,0.01,1,10.0,0.0,55.8,6,30.3,4,0.0,1,100.0,0.0055,0.0,0.0,0,2,536,4,crash,clip,ros_p345.csv,0.3,a,2.4,
1010,1.6,0.01,1,10.0,0.0,55.8,6,30.3,4,0.0,1,100.0,0.0055,0.0,0.0,0,2,452,4,crash,clip,ros_p345.csv,0.3,a,2.4,
1011,1.6,0.01,1,10.0,0.0,55.8,6,30.3,4,0.0,1,100.0,0.0055,0.0,0.0,0,3,803,4,crash,clip,ros_p345.csv,0.3,a,2.4,
1000,1.2,0.01,1,10.0,0.0,55.8,6,30.3,4,0.0,1,100.0,0.0055,0.0,0.0,0,2,721,4,crash,clip,ros_p345.csv,0.3,a,2.4,
1001,1.2,0.01,1,10.0,0.0,55.8,6,30.3,4,0.0,1,100.0,0.0055,0.0,0.0,0,3,913,4,crash,clip,ros_p345.csv,0.3,a,2.4,
1002,1.2,0.01,1,10.0,0.0,55.8,6,30.3,4,0.0,1,100.0,0.0055,0.0,0.0,0,1,425,4,crash,clip,ros_p345.csv,0.3,a,2.4,
1003,1.2,0.01,1,10.0,0.0,55.8,6,30.3,4,0.0,1,100.0,0.0055,0.0,0.0,0,1,471,4,crash,clip,ros_p345.csv,0.3,a,2.4,
1004,1.2,0.01,1,10.0,0.0,55.8,6,30.3,4,0.0,1,100.0,0.0055,0.0,0.0,0,2,825,4,crash,clip,ros_p345.csv,0.3,a,2.4,
1005,1.2,0.01,1,10.0,0.0,55.8,6,30.3,4,0.0,1,100.0,0.0055,0.0,0.0,0,3,1086,4,crash,clip,ros_p345.csv,0.3,a,2.4,
1006,1.2,0.01,1,10.0,0.0,55.8,6,30.3,4,0.0,1,100.0,0.0055,0.0,0.0,0,2,841,4,crash,clip,ros_p345.csv,0.3,a,2.4,
1007,1.2,0.01,1,10.0,0.0,55.8,6,30.3,4,0.0,1,100.0,0.0055,0.0,0.0,0,2,917,4,crash,clip,ros_p345.csv,0.3,a,2.4,
1008,1.2,0.01,1,10.0,0.0,55.8,6,30.3,4,0.0,1,100.0,0.0055,0.0,0.0,0,1,381,4,crash,clip,ros_p345.csv,0.3,a,2.4,
1009,1.2,0.01,1,10.0,0.0,55.8,6,30.3,4,0.0,1,100.0,0.0055,0.0,0.0,0,1,345,4,crash,clip,ros_p345.csv,0.3,a,2.4,
1010,1.2,0.01,1,10.0,0.0,55.8,6,30.3,4,0.0,1,100.0,0.0055,0.0,0.0,0,3,1169,4,crash,clip,ros_p345.csv,0.3,a,2.4,
1011,1.2,0.01,1,10.0,0.0,55.8,6,30.3,4,0.0,1,100.0,0.0055,0.0,0.0,0,1,429,4,crash,clip,ros_p345.csv,0.3,a,2.4,
1000,1.8,0.01,1,10.0,0.0,242.0,24,30.3,4,0.0,1,100.0,0.0055,0.0,0.0,0,2,527,4,crash,clip,ros_vanilla4tm45.csv,0.3,a,2.4,
1001,1.8,0.01,1,10.0,0.0,242.0,24,30.3,4,0.0,1,100.0,0.0055,0.0,0.0,0,0,186,4,crash,clip,ros_vanilla4tm45.csv,0.3,a,2.4,
1002,1.8,0.01,1,10.0,0.0,242.0,24,30.3,4,0.0,1,100.0,0.0055,0.0,0.0,0,0,292,4,crash,clip,ros_vanilla4tm45.csv,0.3,a,2.4,
1003,1.8,0.01,1,10.0,0.0,242.0,24,30.3,4,0.0,1,100.0,0.0055,0.0,0.0,0,1,330,4,crash,clip,ros_vanilla4tm45.csv,0.3,a,2.4,
1004,1.8,0.01,1,10.0,0.0,242.0,24,30.3,4,0.0,1,100.0,0.0055,0.0,0.0,0,2,529,4,crash,clip,ros_vanilla4tm45.csv,0.3,a,2.4,
1005,1.8,0.01,1,10.0,0.0,242.0,24,30.3,4,0.0,1,100.0,0.0055,0.0,0.0,0,1,191,4,crash,clip,ros_vanilla4tm45.csv,0.3,a,2.4,
1006,1.8,0.01,1,10.0,0.0,242.0,24,30.3,4,0.0,1,100.0,0.0055,0.0,0.0,0,4,832,4,success,,ros_vanilla4tm45.csv,0.3,a,2.4,
1007,1.8,0.01,1,10.0,0.0,242.0,24,30.3,4,0.0,1,100.0,0.0055,0.0,0.0,0,1,327,4,crash,clip,ros_vanilla4tm45.csv,0.3,a,2.4,
1008,1.8,0.01,1,10.0,0.0,242.0,24,30.3,4,0.0,1,100.0,0.0055,0.0,0.0,0,0,220,4,crash,clip,ros_vanilla4tm45.csv,0.3,a,2.4,
1009,1.8,0.01,1,10.0,0.0,242.0,24,30.3,4,0.0,1,100.0,0.0055,0.0,0.0,0,2,456,4,crash,clip,ros_vanilla4tm45.csv,0.3,a,2.4,
1010,1.8,0.01,1,10.0,0.0,242.0,24,30.3,4,0.0,1,100.0,0.0055,0.0,0.0,0,4,799,4,success,,ros_vanilla4tm45.csv,0.3,a,2.4,
1011,1.8,0.01,1,10.0,0.0,242.0,24,30.3,4,0.0,1,100.0,0.0055,0.0,0.0,0,3,640,4,crash,clip,ros_vanilla4tm45.csv,0.3,a,2.4,
1000,1.4,0.01,1,10.0,0.0,242.0,24,30.3,4,0.0,1,100.0,0.0055,0.0,0.0,0,1,326,4,crash,clip,ros_vanilla4tm45.csv,0.3,a,2.4,
1001,1.4,0.01,1,10.0,0.0,242.0,24,30.3,4,0.0,1,100.0,0.0055,0.0,0.0,0,2,515,4,crash,clip,ros_vanilla4tm45.csv,0.3,a,2.4,
1002,1.4,0.01,1,10.0,0.0,242.0,24,30.3,4,0.0,1,100.0,0.0055,0.0,0.0,0,2,598,4,crash,clip,ros_vanilla4tm45.csv,0.3,a,2.4,
1003,1.4,0.01,1,10.0,0.0,242.0,24,30.3,4,0.0,1,100.0,0.0055,0.0,0.0,0,4,1054,4,success,,ros_vanilla4tm45.csv,0.3,a,2.4,
1004,1.4,0.01,1,10.0,0.0,242.0,24,30.3,4,0.0,1,100.0,0.0055,0.0,0.0,0,2,761,4,crash,clip,ros_vanilla4tm45.csv,0.3,a,2.4,
1005,1.4,0.01,1,10.0,0.0,242.0,24,30.3,4,0.0,1,100.0,0.0055,0.0,0.0,0,2,522,4,crash,clip,ros_vanilla4tm45.csv,0.3,a,2.4,
1006,1.4,0.01,1,10.0,0.0,242.0,24,30.3,4,0.0,1,100.0,0.0055,0.0,0.0,0,2,559,4,crash,clip,ros_vanilla4tm45.csv,0.3,a,2.4,
1007,1.4,0.01,1,10.0,0.0,242.0,24,30.3,4,0.0,1,100.0,0.0055,0.0,0.0,0,2,687,4,crash,clip,ros_vanilla4tm45.csv,0.3,a,2.4,
1008,1.4,0.01,1,10.0,0.0,242.0,24,30.3,4,0.0,1,100.0,0.0055,0.0,0.0,0,1,305,4,crash,clip,ros_vanilla4tm45.csv,0.3,a,2.4,
1009,1.4,0.01,1,10.0,0.0,242.0,24,30.3,4,0.0,1,100.0,0.0055,0.0,0.0,0,1,276,4,crash,clip,ros_vanilla4tm45.csv,0.3,a,2.4,
1010,1.4,0.01,1,10.0,0.0,242.0,24,30.3,4,0.0,1,100.0,0.0055,0.0,0.0,0,1,345,4,crash,clip,ros_vanilla4tm45.csv,0.3,a,2.4,
1011,1.4,0.01,1,10.0,0.0,242.0,24,30.3,4,0.0,1,100.0,0.0055,0.0,0.0,0,1,436,4,crash,clip,ros_vanilla4tm45.csv,0.3,a,2.4,
1000,1.0,0.01,1,10.0,0.0,242.0,24,30.3,4,0.0,1,100.0,0.0055,0.0,0.0,0,3,1306,4,crash,clip,ros_vanilla4tm45.csv,0.3,a,2.4,
1001,1.0,0.01,1,10.0,0.0,242.0,24,30.3,4,0.0,1,100.0,0.0055,0.0,0.0,0,2,922,4,crash,clip,ros_vanilla4tm45.csv,0.3,a,2.4,
1002,1.0,0.01,1,10.0,0.0,242.0,24,30.3,4,0.0,1,100.0,0.0055,0.0,0.0,0,2,722,4,crash,clip,ros_vanilla4tm45.csv,0.3,a,2.4,
1003,1.0,0.01,1,10.0,0.0,242.0,24,30.3,4,0.0,1,100.0,0.0055,0.0,0.0,0,0,193,4,crash,clip,ros_vanilla4tm45.csv,0.3,a,2.4,
1004,1.0,0.01,1,10.0,0.0,242.0,24,30.3,4,0.0,1,100.0,0.0055,0.0,0.0,0,3,1164,4,crash,clip,ros_vanilla4tm45.csv,0.3,a,2.4,
1005,1.0,0.01,1,10.0,0.0,242.0,24,30.3,4,0.0,1,100.0,0.0055,0.0,0.0,0,1,262,4,crash,clip,ros_vanilla4tm45.csv,0.3,a,2.4,
1006,1.0,0.01,1,10.0,0.0,242.0,24,30.3,4,0.0,1,100.0,0.0055,0.0,0.0,0,1,769,4,crash,clip,ros_vanilla4tm45.csv,0.3,a,2.4,
1007,1.0,0.01,1,10.0,0.0,242.0,24,30.3,4,0.0,1,100.0,0.0055,0.0,0.0,0,1,789,4,crash,clip,ros_vanilla4tm45.csv,0.3,a,2.4,
1008,1.0,0.01,1,10.0,0.0,242.0,24,30.3,4,0.0,1,100.0,0.0055,0.0,0.0,0,2,1055,4,crash,clip,ros_vanilla4tm45.csv,0.3,a,2.4,
1009,1.0,0.01,1,10.0,0.0,242.0,24,30.3,4,0.0,1,100.0,0.0055,0.0,0.0,0,1,559,4,crash,clip,ros_vanilla4tm45.csv,0.3,a,2.4,
1010,1.0,0.01,1,10.0,0.0,242.0,24,30.3,4,0.0,1,100.0,0.0055,0.0,0.0,0,1,599,4,crash,clip,ros_vanilla4tm45.csv,0.3,a,2.4,
1011,1.0,0.01,1,10.0,0.0,242.0,24,30.3,4,0.0,1,100.0,0.0055,0.0,0.0,0,1,1187,4,crash,clip,ros_vanilla4tm45.csv,0.3,a,2.4,
1000,1.6,0.01,1,10.0,0.0,242.0,24,30.3,4,0.0,1,100.0,0.0055,0.0,0.0,0,1,290,4,crash,clip,ros_vanilla4tm45.csv,0.3,a,2.4,
1001,1.6,0.01,1,10.0,0.0,242.0,24,30.3,4,0.0,1,100.0,0.0055,0.0,0.0,0,2,661,4,crash,clip,ros_vanilla4tm45.csv,0.3,a,2.4,
1002,1.6,0.01,1,10.0,0.0,242.0,24,30.3,4,0.0,1,100.0,0.0055,0.0,0.0,0,0,276,4,crash,clip,ros_vanilla4tm45.csv,0.3,a,2.4,
1003,1.6,0.01,1,10.0,0.0,242.0,24,30.3,4,0.0,1,100.0,0.0055,0.0,0.0,0,1,231,4,crash,clip,ros_vanilla4tm45.csv,0.3,a,2.4,
1004,1.6,0.01,1,10.0,0.0,242.0,24,30.3,4,0.0,1,100.0,0.0055,0.0,0.0,0,1,345,4,crash,clip,ros_vanilla4tm45.csv,0.3,a,2.4,
1005,1.6,0.01,1,10.0,0.0,242.0,24,30.3,4,0.0,1,100.0,0.0055,0.0,0.0,0,0,228,4,crash,clip,ros_vanilla4tm45.csv,0.3,a,2.4,
1006,1.6,0.01,1,10.0,0.0,242.0,24,30.3,4,0.0,1,100.0,0.0055,0.0,0.0,0,2,635,4,crash,clip,ros_vanilla4tm45.csv,0.3,a,2.4,
1007,1.6,0.01,1,10.0,0.0,242.0,24,30.3,4,0.0,1,100.0,0.0055,0.0,0.0,0,4,922,4,success,,ros_vanilla4tm45.csv,0.3,a,2.4,
1008,1.6,0.01,1,10.0,0.0,242.0,24,30.3,4,0.0,1,100.0,0.0055,0.0,0.0,0,2,798,4,crash,clip,ros_vanilla4tm45.csv,0.3,a,2.4,
1009,1.6,0.01,1,10.0,0.0,242.0,24,30.3,4,0.0,1,100.0,0.0055,0.0,0.0,0,2,541,4,crash,clip,ros_vanilla4tm45.csv,0.3,a,2.4,
1010,1.6,0.01,1,10.0,0.0,242.0,24,30.3,4,0.0,1,100.0,0.0055,0.0,0.0,0,1,342,4,crash,clip,ros_vanilla4tm45.csv,0.3,a,2.4,
1011,1.6,0.01,1,10.0,0.0,242.0,24,30.3,4,0.0,1,100.0,0.0055,0.0,0.0,0,0,123,4,crash,clip,ros_vanilla4tm45.csv,0.3,a,2.4,
1000,1.2,0.01,1,10.0,0.0,242.0,24,30.3,4,0.0,1,100.0,0.0055,0.0,0.0,0,4,1195,4,success,,ros_vanilla4tm45.csv,0.3,a,2.4,
1001,1.2,0.01,1,10.0,0.0,242.0,24,30.3,4,0.0,1,100.0,0.0055,0.0,0.0,0,2,683,4,crash,clip,ros_vanilla4tm45.csv,0.3,a,2.4,
1002,1.2,0.01,1,10.0,0.0,242.0,24,30.3,4,0.0,1,100.0,0.0055,0.0,0.0,0,0,431,4,crash,clip,ros_vanilla4tm45.csv,0.3,a,2.4,
1003,1.2,0.01,1,10.0,0.0,242.0,24,30.3,4,0.0,1,100.0,0.0055,0.0,0.0,0,1,470,4,crash,clip,ros_vanilla4tm45.csv,0.3,a,2.4,
1004,1.2,0.01,1,10.0,0.0,242.0,24,30.3,4,0.0,1,100.0,0.0055,0.0,0.0,0,1,518,4,crash,clip,ros_vanilla4tm45.csv,0.3,a,2.4,
1005,1.2,0.01,1,10.0,0.0,242.0,24,30.3,4,0.0,1,100.0,0.0055,0.0,0.0,0,1,572,4,crash,clip,ros_vanilla4tm45.csv,0.3,a,2.4,
1006,1.2,0.01,1,10.0,0.0,242.0,24,30.3,4,0.0,1,100.0,0.0055,0.0,0.0,0,3,1060,4,crash,clip,ros_vanilla4tm45.csv,0.3,a,2.4,
1007,1.2,0.01,1,10.0,0.0,242.0,24,30.3,4,0.0,1,100.0,0.0055,0.0,0.0,0,2,748,4,crash,clip,ros_vanilla4tm45.csv,0.3,a,2.4,
1008,1.2,0.01,1,10.0,0.0,242.0,24,30.3,4,0.0,1,100.0,0.0055,0.0,0.0,0,0,350,4,crash,clip,ros_vanilla4tm45.csv,0.3,a,2.4,
1009,1.2,0.01,1,10.0,0.0,242.0,24,30.3,4,0.0,1,100.0,0.0055,0.0,0.0,0,1,623,4,crash,clip,ros_vanilla4tm45.csv,0.3,a,2.4,
1010,1.2,0.01,1,10.0,0.0,242.0,24,30.3,4,0.0,1,100.0,0.0055,0.0,0.0,0,2,690,4,crash,clip,ros_vanilla4tm45.csv,0.3,a,2.4,
1011,1.2,0.01,1,10.0,0.0,242.0,24,30.3,4,0.0,1,100.0,0.0055,0.0,0.0,0,1,477,4,crash,clip,ros_vanilla4tm45.csv,0.3,a,2.4,
1000,1.8,0.01,1,10.0,0.0,242.0,24,0.0,1,0.0,1,100.0,0.0055,0.0,0.0,0,2,494,4,crash,clip,ros_vanilla4tm45.csv,0.4,a,2.4,
1001,1.8,0.01,1,10.0,0.0,242.0,24,0.0,1,0.0,1,100.0,0.0055,0.0,0.0,0,2,508,4,crash,clip,ros_vanilla4tm45.csv,0.4,a,2.4,
1002,1.8,0.01,1,10.0,0.0,242.0,24,0.0,1,0.0,1,100.0,0.0055,0.0,0.0,0,0,162,4,crash,clip,ros_vanilla4tm45.csv,0.4,a,2.4,
1003,1.8,0.01,1,10.0,0.0,242.0,24,0.0,1,0.0,1,100.0,0.0055,0.0,0.0,0,3,731,4,crash,clip,ros_vanilla4tm45.csv,0.4,a,2.4,
1004,1.8,0.01,1,10.0,0.0,242.0,24,0.0,1,0.0,1,100.0,0.0055,0.0,0.0,0,2,402,4,crash,clip,ros_vanilla4tm45.csv,0.4,a,2.4,
1005,1.8,0.01,1,10.0,0.0,242.0,24,0.0,1,0.0,1,100.0,0.0055,0.0,0.0,0,3,603,4,crash,clip,ros_vanilla4tm45.csv,0.4,a,2.4,
1006,1.8,0.01,1,10.0,0.0,242.0,24,0.0,1,0.0,1,100.0,0.0055,0.0,0.0,0,1,350,4,crash,clip,ros_vanilla4tm45.csv,0.4,a,2.4,
1007,1.8,0.01,1,10.0,0.0,242.0,24,0.0,1,0.0,1,100.0,0.0055,0.0,0.0,0,1,342,4,crash,clip,ros_vanilla4tm45.csv,0.4,a,2.4,
1008,1.8,0.01,1,10.0,0.0,242.0,24,0.0,1,0.0,1,100.0,0.0055,0.0,0.0,0,0,239,4,crash,clip,ros_vanilla4tm45.csv,0.4,a,2.4,
1009,1.8,0.01,1,10.0,0.0,242.0,24,0.0,1,0.0,1,100.0,0.0055,0.0,0.0,0,2,444,4,crash,clip,ros_vanilla4tm45.csv,0.4,a,2.4,
1010,1.8,0.01,1,10.0,0.0,242.0,24,0.0,1,0.0,1,100.0,0.0055,0.0,0.0,0,4,799,4,success,,ros_vanilla4tm45.csv,0.4,a,2.4,
1011,1.8,0.01,1,10.0,0.0,242.0,24,0.0,1,0.0,1,100.0,0.0055,0.0,0.0,0,2,411,4,crash,clip,ros_vanilla4tm45.csv,0.4,a,2.4,
1000,1.4,0.01,1,10.0,0.0,242.0,24,0.0,1,0.0,1,100.0,0.0055,0.0,0.0,0,2,623,4,crash,clip,ros_vanilla4tm45.csv,0.4,a,2.4,
1001,1.4,0.01,1,10.0,0.0,242.0,24,0.0,1,0.0,1,100.0,0.0055,0.0,0.0,0,4,1037,4,success,,ros_vanilla4tm45.csv,0.4,a,2.4,
1002,1.4,0.01,1,10.0,0.0,242.0,24,0.0,1,0.0,1,100.0,0.0055,0.0,0.0,0,2,589,4,crash,clip,ros_vanilla4tm45.csv,0.4,a,2.4,
1003,1.4,0.01,1,10.0,0.0,242.0,24,0.0,1,0.0,1,100.0,0.0055,0.0,0.0,0,4,1053,4,success,,ros_vanilla4tm45.csv,0.4,a,2.4,
1004,1.4,0.01,1,10.0,0.0,242.0,24,0.0,1,0.0,1,100.0,0.0055,0.0,0.0,0,1,436,4,crash,clip,ros_vanilla4tm45.csv,0.4,a,2.4,
1005,1.4,0.01,1,10.0,0.0,242.0,24,0.0,1,0.0,1,100.0,0.0055,0.0,0.0,0,1,220,4,crash,clip,ros_vanilla4tm45.csv,0.4,a,2.4,
1006,1.4,0.01,1,10.0,0.0,242.0,24,0.0,1,0.0,1,100.0,0.0055,0.0,0.0,0,3,924,4,crash,clip,ros_vanilla4tm45.csv,0.4,a,2.4,
1007,1.4,0.01,1,10.0,0.0,242.0,24,0.0,1,0.0,1,100.0,0.0055,0.0,0.0,0,1,365,4,crash,clip,ros_vanilla4tm45.csv,0.4,a,2.4,
1008,1.4,0.01,1,10.0,0.0,242.0,24,0.0,1,0.0,1,100.0,0.0055,0.0,0.0,0,1,213,4,crash,clip,ros_vanilla4tm45.csv,0.4,a,2.4,
1009,1.4,0.01,1,10.0,0.0,242.0,24,0.0,1,0.0,1,100.0,0.0055,0.0,0.0,0,1,359,4,crash,clip,ros_vanilla4tm45.csv,0.4,a,2.4,
1010,1.4,0.01,1,10.0,0.0,242.0,24,0.0,1,0.0,1,100.0,0.0055,0.0,0.0,0,1,379,4,crash,clip,ros_vanilla4tm45.csv,0.4,a,2.4,
1011,1.4,0.01,1,10.0,0.0,242.0,24,0.0,1,0.0,1,100.0,0.0055,0.0,0.0,0,2,752,4,crash,clip,ros_vanilla4tm45.csv,0.4,a,2.4,
1000,1.0,0.01,1,10.0,0.0,242.0,24,0.0,1,0.0,1,100.0,0.0055,0.0,0.0,0,1,673,4,crash,clip,ros_vanilla4tm45.csv,0.4,a,2.4,
1001,1.0,0.01,1,10.0,0.0,242.0,24,0.0,1,0.0,1,100.0,0.0055,0.0,0.0,0,3,1730,4,crash,clip,ros_vanilla4tm45.csv,0.4,a,2.4,
1002,1.0,0.01,1,10.0,0.0,242.0,24,0.0,1,0.0,1,100.0,0.0055,0.0,0.0,0,1,528,4,crash,clip,ros_vanilla4tm45.csv,0.4,a,2.4,
1003,1.0,0.01,1,10.0,0.0,242.0,24,0.0,1,0.0,1,100.0,0.0055,0.0,0.0,0,1,348,4,crash,clip,ros_vanilla4tm45.csv,0.4,a,2.4,
1004,1.0,0.01,1,10.0,0.0,242.0,24,0.0,1,0.0,1,100.0,0.0055,0.0,0.0,0,1,583,4,crash,clip,ros_vanilla4tm45.csv,0.4,a,2.4,
1005,1.0,0.01,1,10.0,0.0,242.0,24,0.0,1,0.0,1,100.0,0.0055,0.0,0.0,0,2,958,4,crash,clip,ros_vanilla4tm45.csv,0.4,a,2.4,
1006,1.0,0.01,1,10.0,0.0,242.0,24,0.0,1,0.0,1,100.0,0.0055,0.0,0.0,0,1,1238,4,crash,clip,ros_vanilla4tm45.csv,0.4,a,2.4,
1007,1.0,0.01,1,10.0,0.0,242.0,24,0.0,1,0.0,1,100.0,0.0055,0.0,0.0,0,2,994,4,crash,clip,ros_vanilla4tm45.csv,0.4,a,2.4,
1008,1.0,0.01,1,10.0,0.0,242.0,24,0.0,1,0.0,1,100.0,0.0055,0.0,0.0,0,0,585,4,crash,clip,ros_vanilla4tm45.csv,0.4,a,2.4,
1009,1.0,0.01,1,10.0,0.0,242.0,24,0.0,1,0.0,1,100.0,0.0055,0.0,0.0,0,1,330,4,crash,clip,ros_vanilla4tm45.csv,0.4,a,2.4,
1010,1.0,0.01,1,10.0,0.0,242.0,24,0.0,1,0.0,1,100.0,0.0055,0.0,0.0,0,1,525,4,crash,clip,ros_vanilla4tm45.csv,0.4,a,2.4,
1011,1.0,0.01,1,10.0,0.0,242.0,24,0.0,1,0.0,1,100.0,0.0055,0.0,0.0,0,1,476,4,crash,clip,ros_vanilla4tm45.csv,0.4,a,2.4,
1000,1.6,0.01,1,10.0,0.0,242.0,24,0.0,1,0.0,1,100.0,0.0055,0.0,0.0,0,2,585,4,crash,clip,ros_vanilla4tm45.csv,0.4,a,2.4,
1001,1.6,0.01,1,10.0,0.0,242.0,24,0.0,1,0.0,1,100.0,0.0055,0.0,0.0,0,1,203,4,crash,clip,ros_vanilla4tm45.csv,0.4,a,2.4,
1002,1.6,0.01,1,10.0,0.0,242.0,24,0.0,1,0.0,1,100.0,0.0055,0.0,0.0,0,0,222,4,crash,clip,ros_vanilla4tm45.csv,0.4,a,2.4,
1003,1.6,0.01,1,10.0,0.0,242.0,24,0.0,1,0.0,1,100.0,0.0055,0.0,0.0,0,4,927,4,success,,ros_vanilla4tm45.csv,0.4,a,2.4,
1004,1.6,0.01,1,10.0,0.0,242.0,24,0.0,1,0.0,1,100.0,0.0055,0.0,0.0,0,1,358,4,crash,clip,ros_vanilla4tm45.csv,0.4,a,2.4,
1005,1.6,0.01,1,10.0,0.0,242.0,24,0.0,1,0.0,1,100.0,0.0055,0.0,0.0,0,0,345,4,crash,clip,ros_vanilla4tm45.csv,0.4,a,2.4,
1006,1.6,0.01,1,10.0,0.0,242.0,24,0.0,1,0.0,1,100.0,0.0055,0.0,0.0,0,1,362,4,crash,clip,ros_vanilla4tm45.csv,0.4,a,2.4,
1007,1.6,0.01,1,10.0,0.0,242.0,24,0.0,1,0.0,1,100.0,0.0055,0.0,0.0,0,1,359,4,crash,clip,ros_vanilla4tm45.csv,0.4,a,2.4,
1008,1.6,0.01,1,10.0,0.0,242.0,24,0.0,1,0.0,1,100.0,0.0055,0.0,0.0,0,0,227,4,crash,clip,ros_vanilla4tm45.csv,0.4,a,2.4,
1009,1.6,0.01,1,10.0,0.0,242.0,24,0.0,1,0.0,1,100.0,0.0055,0.0,0.0,0,2,499,4,crash,clip,ros_vanilla4tm45.csv,0.4,a,2.4,
1010,1.6,0.01,1,10.0,0.0,242.0,24,0.0,1,0.0,1,100.0,0.0055,0.0,0.0,0,1,287,4,crash,clip,ros_vanilla4tm45.csv,0.4,a,2.4,
1011,1.6,0.01,1,10.0,0.0,242.0,24,0.0,1,0.0,1,100.0,0.0055,0.0,0.0,0,3,687,4,crash,clip,ros_vanilla4tm45.csv,0.4,a,2.4,
1000,1.2,0.01,1,10.0,0.0,242.0,24,0.0,1,0.0,1,100.0,0.0055,0.0,0.0,0,1,375,4,crash,clip,ros_vanilla4tm45.csv,0.4,a,2.4,
1001,1.2,0.01,1,10.0,0.0,242.0,24,0.0,1,0.0,1,100.0,0.0055,0.0,0.0,0,1,401,4,crash,clip,ros_vanilla4tm45.csv,0.4,a,2.4,
1002,1.2,0.01,1,10.0,0.0,242.0,24,0.0,1,0.0,1,100.0,0.0055,0.0,0.0,0,2,636,4,crash,clip,ros_vanilla4tm45.csv,0.4,a,2.4,
1003,1.2,0.01,1,10.0,0.0,242.0,24,0.0,1,0.0,1,100.0,0.0055,0.0,0.0,0,3,948,4,crash,clip,ros_vanilla4tm45.csv,0.4,a,2.4,
1004,1.2,0.01,1,10.0,0.0,242.0,24,0.0,1,0.0,1,100.0,0.0055,0.0,0.0,0,1,489,4,crash,clip,ros_vanilla4tm45.csv,0.4,a,2.4,
1005,1.2,0.01,1,10.0,0.0,242.0,24,0.0,1,0.0,1,100.0,0.0055,0.0,0.0,0,2,1055,4,crash,clip,ros_vanilla4tm45.csv,0.4,a,2.4,
1006,1.2,0.01,1,10.0,0.0,242.0,24,0.0,1,0.0,1,100.0,0.0055,0.0,0.0,0,1,651,4,crash,clip,ros_vanilla4tm45.csv,0.4,a,2.4,
1007,1.2,0.01,1,10.0,0.0,242.0,24,0.0,1,0.0,1,100.0,0.0055,0.0,0.0,0,1,616,4,crash,clip,ros_vanilla4tm45.csv,0.4,a,2.4,
1008,1.2,0.01,1,10.0,0.0,242.0,24,0.0,1,0.0,1,100.0,0.0055,0.0,0.0,0,2,572,4,crash,clip,ros_vanilla4tm45.csv,0.4,a,2.4,
1009,1.2,0.01,1,10.0,0.0,242.0,24,0.0,1,0.0,1,100.0,0.0055,0.0,0.0,0,1,356,4,crash,clip,ros_vanilla4tm45.csv,0.4,a,2.4,
1010,1.2,0.01,1,10.0,0.0,242.0,24,0.0,1,0.0,1,100.0,0.0055,0.0,0.0,0,1,601,4,crash,clip,ros_vanilla4tm45.csv,0.4,a,2.4,
1011,1.2,0.01,1,10.0,0.0,242.0,24,0.0,1,0.0,1,100.0,0.0055,0.0,0.0,0,1,405,4,crash,clip,ros_vanilla4tm45.csv,0.4,a,2.4,
1000,1.8,0.01,1,10.0,0.0,55.8,6,0.0,1,0.0,1,100.0,0.0055,0.0,0.0,0,2,493,4,crash,clip,ros_p345.csv,0.4,a,2.4,
1001,1.8,0.01,1,10.0,0.0,55.8,6,0.0,1,0.0,1,100.0,0.0055,0.0,0.0,0,3,730,4,crash,clip,ros_p345.csv,0.4,a,2.4,
1002,1.8,0.01,1,10.0,0.0,55.8,6,0.0,1,0.0,1,100.0,0.0055,0.0,0.0,0,0,202,4,crash,clip,ros_p345.csv,0.4,a,2.4,
1003,1.8,0.01,1,10.0,0.0,55.8,6,0.0,1,0.0,1,100.0,0.0055,0.0,0.0,0,0,129,4,crash,clip,ros_p345.csv,0.4,a,2.4,
1004,1.8,0.01,1,10.0,0.0,55.8,6,0.0,1,0.0,1,100.0,0.0055,0.0,0.0,0,3,656,4,crash,clip,ros_p345.csv,0.4,a,2.4,
1005,1.8,0.01,1,10.0,0.0,55.8,6,0.0,1,0.0,1,100.0,0.0055,0.0,0.0,0,1,415,4,crash,clip,ros_p345.csv,0.4,a,2.4,
1006,1.8,0.01,1,10.0,0.0,55.8,6,0.0,1,0.0,1,100.0,0.0055,0.0,0.0,0,3,761,4,crash,clip,ros_p345.csv,0.4,a,2.4,
1007,1.8,0.01,1,10.0,0.0,55.8,6,0.0,1,0.0,1,100.0,0.0055,0.0,0.0,0,2,518,4,crash,clip,ros_p345.csv,0.4,a,2.4,
1008,1.8,0.01,1,10.0,0.0,55.8,6,0.0,1,0.0,1,100.0,0.0055,0.0,0.0,0,1,302,4,crash,clip,ros_p345.csv,0.4,a,2.4,
1009,1.8,0.01,1,10.0,0.0,55.8,6,0.0,1,0.0,1,100.0,0.0055,0.0,0.0,0,1,246,4,crash,clip,ros_p345.csv,0.4,a,2.4,
1010,1.8,0.01,1,10.0,0.0,55.8,6,0.0,1,0.0,1,100.0,0.0055,0.0,0.0,0,4,799,4,success,,ros_p345.csv,0.4,a,2.4,
1011,1.8,0.01,1,10.0,0.0,55.8,6,0.0,1,0.0,1,100.0,0.0055,0.0,0.0,0,1,300,4,crash,clip,ros_p345.csv,0.4,a,2.4,
1000,0.8,0.01,1,10.0,0.0,0.0,0,0.0,1,0.0,1,96.24,0.0055,0.0,0.0,0,2,1546,4,crash,clip,xpu_a_cpsat_hard.csv,0.3,a,2.4,
1001,0.8,0.01,1,10.0,0.0,0.0,0,0.0,1,0.0,1,96.24,0.0055,0.0,0.0,0,2,1189,4,crash,clip,xpu_a_cpsat_hard.csv,0.3,a,2.4,
1002,0.8,0.01,1,10.0,0.0,0.0,0,0.0,1,0.0,1,96.24,0.0055,0.0,0.0,0,2,862,4,crash,clip,xpu_a_cpsat_hard.csv,0.3,a,2.4,
1003,0.8,0.01,1,10.0,0.0,0.0,0,0.0,1,0.0,1,96.24,0.0055,0.0,0.0,0,0,473,4,crash,clip,xpu_a_cpsat_hard.csv,0.3,a,2.4,
1004,0.8,0.01,1,10.0,0.0,0.0,0,0.0,1,0.0,1,96.24,0.0055,0.0,0.0,0,1,581,4,crash,clip,xpu_a_cpsat_hard.csv,0.3,a,2.4,
1005,0.8,0.01,1,10.0,0.0,0.0,0,0.0,1,0.0,1,96.24,0.0055,0.0,0.0,0,3,1321,4,crash,clip,xpu_a_cpsat_hard.csv,0.3,a,2.4,
1006,0.8,0.01,1,10.0,0.0,0.0,0,0.0,1,0.0,1,96.24,0.0055,0.0,0.0,0,2,1482,4,crash,clip,xpu_a_cpsat_hard.csv,0.3,a,2.4,
1007,0.8,0.01,1,10.0,0.0,0.0,0,0.0,1,0.0,1,96.24,0.0055,0.0,0.0,0,3,1800,4,timeout,,xpu_a_cpsat_hard.csv,0.3,a,2.4,
1008,0.8,0.01,1,10.0,0.0,0.0,0,0.0,1,0.0,1,96.24,0.0055,0.0,0.0,0,1,701,4,crash,clip,xpu_a_cpsat_hard.csv,0.3,a,2.4,
1009,0.8,0.01,1,10.0,0.0,0.0,0,0.0,1,0.0,1,96.24,0.0055,0.0,0.0,0,2,1175,4,crash,clip,xpu_a_cpsat_hard.csv,0.3,a,2.4,
1010,0.8,0.01,1,10.0,0.0,0.0,0,0.0,1,0.0,1,96.24,0.0055,0.0,0.0,0,1,676,4,crash,clip,xpu_a_cpsat_hard.csv,0.3,a,2.4,
1011,0.8,0.01,1,10.0,0.0,0.0,0,0.0,1,0.0,1,96.24,0.0055,0.0,0.0,0,3,1800,4,timeout,,xpu_a_cpsat_hard.csv,0.3,a,2.4,
1000,1.4,0.01,1,10.0,0.0,55.8,6,0.0,1,0.0,1,100.0,0.0055,0.0,0.0,0,2,624,4,crash,clip,ros_p345.csv,0.4,a,2.4,
1001,1.4,0.01,1,10.0,0.0,55.8,6,0.0,1,0.0,1,100.0,0.0055,0.0,0.0,0,2,695,4,crash,clip,ros_p345.csv,0.4,a,2.4,
1002,1.4,0.01,1,10.0,0.0,55.8,6,0.0,1,0.0,1,100.0,0.0055,0.0,0.0,0,1,247,4,crash,clip,ros_p345.csv,0.4,a,2.4,
1003,1.4,0.01,1,10.0,0.0,55.8,6,0.0,1,0.0,1,100.0,0.0055,0.0,0.0,0,4,1051,4,success,,ros_p345.csv,0.4,a,2.4,
1004,1.4,0.01,1,10.0,0.0,55.8,6,0.0,1,0.0,1,100.0,0.0055,0.0,0.0,0,1,453,4,crash,clip,ros_p345.csv,0.4,a,2.4,
1005,1.4,0.01,1,10.0,0.0,55.8,6,0.0,1,0.0,1,100.0,0.0055,0.0,0.0,0,2,531,4,crash,clip,ros_p345.csv,0.4,a,2.4,
1006,1.4,0.01,1,10.0,0.0,55.8,6,0.0,1,0.0,1,100.0,0.0055,0.0,0.0,0,1,553,4,crash,clip,ros_p345.csv,0.4,a,2.4,
1007,1.4,0.01,1,10.0,0.0,55.8,6,0.0,1,0.0,1,100.0,0.0055,0.0,0.0,0,1,466,4,crash,clip,ros_p345.csv,0.4,a,2.4,
1008,1.4,0.01,1,10.0,0.0,55.8,6,0.0,1,0.0,1,100.0,0.0055,0.0,0.0,0,2,487,4,crash,clip,ros_p345.csv,0.4,a,2.4,
1009,1.4,0.01,1,10.0,0.0,55.8,6,0.0,1,0.0,1,100.0,0.0055,0.0,0.0,0,3,909,4,crash,clip,ros_p345.csv,0.4,a,2.4,
1010,1.4,0.01,1,10.0,0.0,55.8,6,0.0,1,0.0,1,100.0,0.0055,0.0,0.0,0,2,511,4,crash,clip,ros_p345.csv,0.4,a,2.4,
1011,1.4,0.01,1,10.0,0.0,55.8,6,0.0,1,0.0,1,100.0,0.0055,0.0,0.0,0,1,345,4,crash,clip,ros_p345.csv,0.4,a,2.4,
1000,0.8,0.01,1,10.0,0.0,0.0,0,0.0,1,0.0,1,39.15,0.0055,0.0,0.0,0,2,907,4,crash,clip,ros_vanilla445.csv,0.3,a,2.4,
1001,0.8,0.01,1,10.0,0.0,0.0,0,0.0,1,0.0,1,39.15,0.0055,0.0,0.0,0,1,1528,4,crash,clip,ros_vanilla445.csv,0.3,a,2.4,
1002,0.8,0.01,1,10.0,0.0,0.0,0,0.0,1,0.0,1,39.15,0.0055,0.0,0.0,0,2,1154,4,crash,clip,ros_vanilla445.csv,0.3,a,2.4,
1003,0.8,0.01,1,10.0,0.0,0.0,0,0.0,1,0.0,1,39.15,0.0055,0.0,0.0,0,2,1157,4,crash,clip,ros_vanilla445.csv,0.3,a,2.4,
1004,0.8,0.01,1,10.0,0.0,0.0,0,0.0,1,0.0,1,39.15,0.0055,0.0,0.0,0,1,669,4,crash,clip,ros_vanilla445.csv,0.3,a,2.4,
1005,0.8,0.01,1,10.0,0.0,0.0,0,0.0,1,0.0,1,39.15,0.0055,0.0,0.0,0,1,925,4,crash,clip,ros_vanilla445.csv,0.3,a,2.4,
1006,0.8,0.01,1,10.0,0.0,0.0,0,0.0,1,0.0,1,39.15,0.0055,0.0,0.0,0,1,1640,4,crash,clip,ros_vanilla445.csv,0.3,a,2.4,
1007,0.8,0.01,1,10.0,0.0,0.0,0,0.0,1,0.0,1,39.15,0.0055,0.0,0.0,0,3,1800,4,timeout,,ros_vanilla445.csv,0.3,a,2.4,
1008,0.8,0.01,1,10.0,0.0,0.0,0,0.0,1,0.0,1,39.15,0.0055,0.0,0.0,0,1,558,4,crash,clip,ros_vanilla445.csv,0.3,a,2.4,
1009,0.8,0.01,1,10.0,0.0,0.0,0,0.0,1,0.0,1,39.15,0.0055,0.0,0.0,0,4,1772,4,success,,ros_vanilla445.csv,0.3,a,2.4,
1010,0.8,0.01,1,10.0,0.0,0.0,0,0.0,1,0.0,1,39.15,0.0055,0.0,0.0,0,1,683,4,crash,clip,ros_vanilla445.csv,0.3,a,2.4,
1011,0.8,0.01,1,10.0,0.0,0.0,0,0.0,1,0.0,1,39.15,0.0055,0.0,0.0,0,2,916,4,crash,clip,ros_vanilla445.csv,0.3,a,2.4,
1000,1.0,0.01,1,10.0,0.0,55.8,6,0.0,1,0.0,1,100.0,0.0055,0.0,0.0,0,4,1433,4,success,,ros_p345.csv,0.4,a,2.4,
1001,1.0,0.01,1,10.0,0.0,55.8,6,0.0,1,0.0,1,100.0,0.0055,0.0,0.0,0,2,883,4,crash,clip,ros_p345.csv,0.4,a,2.4,
1002,1.0,0.01,1,10.0,0.0,55.8,6,0.0,1,0.0,1,100.0,0.0055,0.0,0.0,0,1,570,4,crash,clip,ros_p345.csv,0.4,a,2.4,
1003,1.0,0.01,1,10.0,0.0,55.8,6,0.0,1,0.0,1,100.0,0.0055,0.0,0.0,0,4,1454,4,success,,ros_p345.csv,0.4,a,2.4,
1004,1.0,0.01,1,10.0,0.0,55.8,6,0.0,1,0.0,1,100.0,0.0055,0.0,0.0,0,4,1489,4,success,,ros_p345.csv,0.4,a,2.4,
1005,1.0,0.01,1,10.0,0.0,55.8,6,0.0,1,0.0,1,100.0,0.0055,0.0,0.0,0,3,1187,4,crash,clip,ros_p345.csv,0.4,a,2.4,
1006,1.0,0.01,1,10.0,0.0,55.8,6,0.0,1,0.0,1,100.0,0.0055,0.0,0.0,0,3,1212,4,crash,clip,ros_p345.csv,0.4,a,2.4,
1007,1.0,0.01,1,10.0,0.0,55.8,6,0.0,1,0.0,1,100.0,0.0055,0.0,0.0,0,2,1613,4,crash,clip,ros_p345.csv,0.4,a,2.4,
1008,1.0,0.01,1,10.0,0.0,55.8,6,0.0,1,0.0,1,100.0,0.0055,0.0,0.0,0,2,629,4,crash,clip,ros_p345.csv,0.4,a,2.4,
1009,1.0,0.01,1,10.0,0.0,55.8,6,0.0,1,0.0,1,100.0,0.0055,0.0,0.0,0,1,1198,4,crash,clip,ros_p345.csv,0.4,a,2.4,
1010,1.0,0.01,1,10.0,0.0,55.8,6,0.0,1,0.0,1,100.0,0.0055,0.0,0.0,0,2,829,4,crash,clip,ros_p345.csv,0.4,a,2.4,
1011,1.0,0.01,1,10.0,0.0,55.8,6,0.0,1,0.0,1,100.0,0.0055,0.0,0.0,0,4,1440,4,success,,ros_p345.csv,0.4,a,2.4,
1000,1.6,0.01,1,10.0,0.0,55.8,6,0.0,1,0.0,1,100.0,0.0055,0.0,0.0,0,2,548,4,crash,clip,ros_p345.csv,0.4,a,2.4,
1001,1.6,0.01,1,10.0,0.0,55.8,6,0.0,1,0.0,1,100.0,0.0055,0.0,0.0,0,1,319,4,crash,clip,ros_p345.csv,0.4,a,2.4,
1002,1.6,0.01,1,10.0,0.0,55.8,6,0.0,1,0.0,1,100.0,0.0055,0.0,0.0,0,1,217,4,crash,clip,ros_p345.csv,0.4,a,2.4,
1003,1.6,0.01,1,10.0,0.0,55.8,6,0.0,1,0.0,1,100.0,0.0055,0.0,0.0,0,2,601,4,crash,clip,ros_p345.csv,0.4,a,2.4,
1004,1.6,0.01,1,10.0,0.0,55.8,6,0.0,1,0.0,1,100.0,0.0055,0.0,0.0,0,2,573,4,crash,clip,ros_p345.csv,0.4,a,2.4,
1005,1.6,0.01,1,10.0,0.0,55.8,6,0.0,1,0.0,1,100.0,0.0055,0.0,0.0,0,1,204,4,crash,clip,ros_p345.csv,0.4,a,2.4,
1006,1.6,0.01,1,10.0,0.0,55.8,6,0.0,1,0.0,1,100.0,0.0055,0.0,0.0,0,2,487,4,crash,clip,ros_p345.csv,0.4,a,2.4,
1007,1.6,0.01,1,10.0,0.0,55.8,6,0.0,1,0.0,1,100.0,0.0055,0.0,0.0,0,1,353,4,crash,clip,ros_p345.csv,0.4,a,2.4,
1008,1.6,0.01,1,10.0,0.0,55.8,6,0.0,1,0.0,1,100.0,0.0055,0.0,0.0,0,1,317,4,crash,clip,ros_p345.csv,0.4,a,2.4,
1009,1.6,0.01,1,10.0,0.0,55.8,6,0.0,1,0.0,1,100.0,0.0055,0.0,0.0,0,2,545,4,crash,clip,ros_p345.csv,0.4,a,2.4,
1010,1.6,0.01,1,10.0,0.0,55.8,6,0.0,1,0.0,1,100.0,0.0055,0.0,0.0,0,4,894,4,success,,ros_p345.csv,0.4,a,2.4,
1011,1.6,0.01,1,10.0,0.0,55.8,6,0.0,1,0.0,1,100.0,0.0055,0.0,0.0,0,1,320,4,crash,clip,ros_p345.csv,0.4,a,2.4,
1000,0.8,0.01,1,10.0,0.0,56.8,6,0.0,1,0.0,1,96.24,0.0055,0.0,0.0,0,3,1800,4,timeout,,xpu_a_cpsat_hard.csv,0.3,a,2.4,
1001,0.8,0.01,1,10.0,0.0,56.8,6,0.0,1,0.0,1,96.24,0.0055,0.0,0.0,0,2,1468,4,crash,clip,xpu_a_cpsat_hard.csv,0.3,a,2.4,
1002,0.8,0.01,1,10.0,0.0,56.8,6,0.0,1,0.0,1,96.24,0.0055,0.0,0.0,0,3,1427,4,crash,clip,xpu_a_cpsat_hard.csv,0.3,a,2.4,
1003,0.8,0.01,1,10.0,0.0,56.8,6,0.0,1,0.0,1,96.24,0.0055,0.0,0.0,0,3,1800,4,timeout,,xpu_a_cpsat_hard.csv,0.3,a,2.4,
1004,0.8,0.01,1,10.0,0.0,56.8,6,0.0,1,0.0,1,96.24,0.0055,0.0,0.0,0,1,657,4,crash,clip,xpu_a_cpsat_hard.csv,0.3,a,2.4,
1005,0.8,0.01,1,10.0,0.0,56.8,6,0.0,1,0.0,1,96.24,0.0055,0.0,0.0,0,1,1383,4,crash,clip,xpu_a_cpsat_hard.csv,0.3,a,2.4,
1006,0.8,0.01,1,10.0,0.0,56.8,6,0.0,1,0.0,1,96.24,0.0055,0.0,0.0,0,3,1339,4,crash,clip,xpu_a_cpsat_hard.csv,0.3,a,2.4,
1007,0.8,0.01,1,10.0,0.0,56.8,6,0.0,1,0.0,1,96.24,0.0055,0.0,0.0,0,2,1800,4,timeout,,xpu_a_cpsat_hard.csv,0.3,a,2.4,
1008,0.8,0.01,1,10.0,0.0,56.8,6,0.0,1,0.0,1,96.24,0.0055,0.0,0.0,0,2,1479,4,crash,clip,xpu_a_cpsat_hard.csv,0.3,a,2.4,
1009,0.8,0.01,1,10.0,0.0,56.8,6,0.0,1,0.0,1,96.24,0.0055,0.0,0.0,0,4,1767,4,success,,xpu_a_cpsat_hard.csv,0.3,a,2.4,
1010,0.8,0.01,1,10.0,0.0,56.8,6,0.0,1,0.0,1,96.24,0.0055,0.0,0.0,0,1,619,4,crash,clip,xpu_a_cpsat_hard.csv,0.3,a,2.4,
1011,0.8,0.01,1,10.0,0.0,56.8,6,0.0,1,0.0,1,96.24,0.0055,0.0,0.0,0,3,1410,4,crash,clip,xpu_a_cpsat_hard.csv,0.3,a,2.4,
1000,1.2,0.01,1,10.0,0.0,55.8,6,0.0,1,0.0,1,100.0,0.0055,0.0,0.0,0,2,720,4,crash,clip,ros_p345.csv,0.4,a,2.4,
1001,1.2,0.01,1,10.0,0.0,55.8,6,0.0,1,0.0,1,100.0,0.0055,0.0,0.0,0,1,406,4,crash,clip,ros_p345.csv,0.4,a,2.4,
1002,1.2,0.01,1,10.0,0.0,55.8,6,0.0,1,0.0,1,100.0,0.0055,0.0,0.0,0,1,343,4,crash,clip,ros_p345.csv,0.4,a,2.4,
1003,1.2,0.01,1,10.0,0.0,55.8,6,0.0,1,0.0,1,100.0,0.0055,0.0,0.0,0,4,1215,4,success,,ros_p345.csv,0.4,a,2.4,
1004,1.2,0.01,1,10.0,0.0,55.8,6,0.0,1,0.0,1,100.0,0.0055,0.0,0.0,0,1,450,4,crash,clip,ros_p345.csv,0.4,a,2.4,
1005,1.2,0.01,1,10.0,0.0,55.8,6,0.0,1,0.0,1,100.0,0.0055,0.0,0.0,0,3,1109,4,crash,clip,ros_p345.csv,0.4,a,2.4,
1006,1.2,0.01,1,10.0,0.0,55.8,6,0.0,1,0.0,1,100.0,0.0055,0.0,0.0,0,4,1428,4,success,,ros_p345.csv,0.4,a,2.4,
1007,1.2,0.01,1,10.0,0.0,55.8,6,0.0,1,0.0,1,100.0,0.0055,0.0,0.0,0,4,1199,4,success,,ros_p345.csv,0.4,a,2.4,
1008,1.2,0.01,1,10.0,0.0,55.8,6,0.0,1,0.0,1,100.0,0.0055,0.0,0.0,0,1,430,4,crash,clip,ros_p345.csv,0.4,a,2.4,
1009,1.2,0.01,1,10.0,0.0,55.8,6,0.0,1,0.0,1,100.0,0.0055,0.0,0.0,0,2,578,4,crash,clip,ros_p345.csv,0.4,a,2.4,
1010,1.2,0.01,1,10.0,0.0,55.8,6,0.0,1,0.0,1,100.0,0.0055,0.0,0.0,0,2,543,4,crash,clip,ros_p345.csv,0.4,a,2.4,
1011,1.2,0.01,1,10.0,0.0,55.8,6,0.0,1,0.0,1,100.0,0.0055,0.0,0.0,0,1,398,4,crash,clip,ros_p345.csv,0.4,a,2.4,
1000,1.8,0.01,1,10.0,0.0,31.1,3,0.0,1,0.0,1,100.0,0.0055,0.0,0.0,0,2,524,4,crash,clip,ros_p3_q145.csv,0.4,a,2.4,
1001,1.8,0.01,1,10.0,0.0,31.1,3,0.0,1,0.0,1,100.0,0.0055,0.0,0.0,0,3,699,4,crash,clip,ros_p3_q145.csv,0.4,a,2.4,
1002,1.8,0.01,1,10.0,0.0,31.1,3,0.0,1,0.0,1,100.0,0.0055,0.0,0.0,0,1,201,4,crash,clip,ros_p3_q145.csv,0.4,a,2.4,
1003,1.8,0.01,1,10.0,0.0,31.1,3,0.0,1,0.0,1,100.0,0.0055,0.0,0.0,0,2,535,4,crash,clip,ros_p3_q145.csv,0.4,a,2.4,
1004,1.8,0.01,1,10.0,0.0,31.1,3,0.0,1,0.0,1,100.0,0.0055,0.0,0.0,0,3,657,4,crash,clip,ros_p3_q145.csv,0.4,a,2.4,
1005,1.8,0.01,1,10.0,0.0,31.1,3,0.0,1,0.0,1,100.0,0.0055,0.0,0.0,0,2,414,4,crash,clip,ros_p3_q145.csv,0.4,a,2.4,
1006,1.8,0.01,1,10.0,0.0,31.1,3,0.0,1,0.0,1,100.0,0.0055,0.0,0.0,0,2,576,4,crash,clip,ros_p3_q145.csv,0.4,a,2.4,
1007,1.8,0.01,1,10.0,0.0,31.1,3,0.0,1,0.0,1,100.0,0.0055,0.0,0.0,0,1,314,4,crash,clip,ros_p3_q145.csv,0.4,a,2.4,
1008,1.8,0.01,1,10.0,0.0,31.1,3,0.0,1,0.0,1,100.0,0.0055,0.0,0.0,0,1,253,4,crash,clip,ros_p3_q145.csv,0.4,a,2.4,
1009,1.8,0.01,1,10.0,0.0,31.1,3,0.0,1,0.0,1,100.0,0.0055,0.0,0.0,0,2,647,4,crash,clip,ros_p3_q145.csv,0.4,a,2.4,
1010,1.8,0.01,1,10.0,0.0,31.1,3,0.0,1,0.0,1,100.0,0.0055,0.0,0.0,0,2,519,4,crash,clip,ros_p3_q145.csv,0.4,a,2.4,
1011,1.8,0.01,1,10.0,0.0,31.1,3,0.0,1,0.0,1,100.0,0.0055,0.0,0.0,0,0,136,4,crash,clip,ros_p3_q145.csv,0.4,a,2.4,
1000,1.4,0.01,1,10.0,0.0,31.1,3,0.0,1,0.0,1,100.0,0.0055,0.0,0.0,0,3,816,4,crash,clip,ros_p3_q145.csv,0.4,a,2.4,
1001,1.4,0.01,1,10.0,0.0,31.1,3,0.0,1,0.0,1,100.0,0.0055,0.0,0.0,0,4,1017,4,success,,ros_p3_q145.csv,0.4,a,2.4,
1002,1.4,0.01,1,10.0,0.0,31.1,3,0.0,1,0.0,1,100.0,0.0055,0.0,0.0,0,2,521,4,crash,clip,ros_p3_q145.csv,0.4,a,2.4,
1003,1.4,0.01,1,10.0,0.0,31.1,3,0.0,1,0.0,1,100.0,0.0055,0.0,0.0,0,1,395,4,crash,clip,ros_p3_q145.csv,0.4,a,2.4,
1004,1.4,0.01,1,10.0,0.0,31.1,3,0.0,1,0.0,1,100.0,0.0055,0.0,0.0,0,1,386,4,crash,clip,ros_p3_q145.csv,0.4,a,2.4,
1005,1.4,0.01,1,10.0,0.0,31.1,3,0.0,1,0.0,1,100.0,0.0055,0.0,0.0,0,2,661,4,crash,clip,ros_p3_q145.csv,0.4,a,2.4,
1006,1.4,0.01,1,10.0,0.0,31.1,3,0.0,1,0.0,1,100.0,0.0055,0.0,0.0,0,1,400,4,crash,clip,ros_p3_q145.csv,0.4,a,2.4,
1007,1.4,0.01,1,10.0,0.0,31.1,3,0.0,1,0.0,1,100.0,0.0055,0.0,0.0,0,2,841,4,crash,clip,ros_p3_q145.csv,0.4,a,2.4,
1008,1.4,0.01,1,10.0,0.0,31.1,3,0.0,1,0.0,1,100.0,0.0055,0.0,0.0,0,2,464,4,crash,clip,ros_p3_q145.csv,0.4,a,2.4,
1009,1.4,0.01,1,10.0,0.0,31.1,3,0.0,1,0.0,1,100.0,0.0055,0.0,0.0,0,2,483,4,crash,clip,ros_p3_q145.csv,0.4,a,2.4,
1010,1.4,0.01,1,10.0,0.0,31.1,3,0.0,1,0.0,1,100.0,0.0055,0.0,0.0,0,3,798,4,crash,clip,ros_p3_q145.csv,0.4,a,2.4,
1011,1.4,0.01,1,10.0,0.0,31.1,3,0.0,1,0.0,1,100.0,0.0055,0.0,0.0,0,1,237,4,crash,clip,ros_p3_q145.csv,0.4,a,2.4,
1000,0.8,0.01,1,10.0,0.0,242.0,24,0.0,1,0.0,1,39.15,0.0055,0.0,0.0,0,0,658,4,crash,clip,ros_vanilla445.csv,0.3,a,2.4,
1001,0.8,0.01,1,10.0,0.0,242.0,24,0.0,1,0.0,1,39.15,0.0055,0.0,0.0,0,1,683,4,crash,clip,ros_vanilla445.csv,0.3,a,2.4,
1002,0.8,0.01,1,10.0,0.0,242.0,24,0.0,1,0.0,1,39.15,0.0055,0.0,0.0,0,0,523,4,crash,clip,ros_vanilla445.csv,0.3,a,2.4,
1003,0.8,0.01,1,10.0,0.0,242.0,24,0.0,1,0.0,1,39.15,0.0055,0.0,0.0,0,0,1800,4,timeout,,ros_vanilla445.csv,0.3,a,2.4,
1004,0.8,0.01,1,10.0,0.0,242.0,24,0.0,1,0.0,1,39.15,0.0055,0.0,0.0,0,0,1800,4,timeout,,ros_vanilla445.csv,0.3,a,2.4,
1005,0.8,0.01,1,10.0,0.0,242.0,24,0.0,1,0.0,1,39.15,0.0055,0.0,0.0,0,0,1458,4,crash,clip,ros_vanilla445.csv,0.3,a,2.4,
1006,0.8,0.01,1,10.0,0.0,242.0,24,0.0,1,0.0,1,39.15,0.0055,0.0,0.0,0,0,1800,4,timeout,,ros_vanilla445.csv,0.3,a,2.4,
1007,0.8,0.01,1,10.0,0.0,242.0,24,0.0,1,0.0,1,39.15,0.0055,0.0,0.0,0,0,532,4,crash,clip,ros_vanilla445.csv,0.3,a,2.4,
1008,0.8,0.01,1,10.0,0.0,242.0,24,0.0,1,0.0,1,39.15,0.0055,0.0,0.0,0,0,476,4,crash,clip,ros_vanilla445.csv,0.3,a,2.4,
1009,0.8,0.01,1,10.0,0.0,242.0,24,0.0,1,0.0,1,39.15,0.0055,0.0,0.0,0,0,1493,4,crash,clip,ros_vanilla445.csv,0.3,a,2.4,
1010,0.8,0.01,1,10.0,0.0,242.0,24,0.0,1,0.0,1,39.15,0.0055,0.0,0.0,0,0,1349,4,crash,clip,ros_vanilla445.csv,0.3,a,2.4,
1011,0.8,0.01,1,10.0,0.0,242.0,24,0.0,1,0.0,1,39.15,0.0055,0.0,0.0,0,0,1800,4,timeout,,ros_vanilla445.csv,0.3,a,2.4,
1000,1.0,0.01,1,10.0,0.0,31.1,3,0.0,1,0.0,1,100.0,0.0055,0.0,0.0,0,4,1429,4,success,,ros_p3_q145.csv,0.4,a,2.4,
1001,1.0,0.01,1,10.0,0.0,31.1,3,0.0,1,0.0,1,100.0,0.0055,0.0,0.0,0,1,480,4,crash,clip,ros_p3_q145.csv,0.4,a,2.4,
1002,1.0,0.01,1,10.0,0.0,31.1,3,0.0,1,0.0,1,100.0,0.0055,0.0,0.0,0,2,742,4,crash,clip,ros_p3_q145.csv,0.4,a,2.4,
1003,1.0,0.01,1,10.0,0.0,31.1,3,0.0,1,0.0,1,100.0,0.0055,0.0,0.0,0,1,1111,4,crash,clip,ros_p3_q145.csv,0.4,a,2.4,
1004,1.0,0.01,1,10.0,0.0,31.1,3,0.0,1,0.0,1,100.0,0.0055,0.0,0.0,0,0,1800,4,timeout,,ros_p3_q145.csv,0.4,a,2.4,
1005,1.0,0.01,1,10.0,0.0,31.1,3,0.0,1,0.0,1,100.0,0.0055,0.0,0.0,0,1,258,4,crash,clip,ros_p3_q145.csv,0.4,a,2.4,
1006,1.0,0.01,1,10.0,0.0,31.1,3,0.0,1,0.0,1,100.0,0.0055,0.0,0.0,0,3,1205,4,crash,clip,ros_p3_q145.csv,0.4,a,2.4,
1007,1.0,0.01,1,10.0,0.0,31.1,3,0.0,1,0.0,1,100.0,0.0055,0.0,0.0,0,4,1439,4,success,,ros_p3_q145.csv,0.4,a,2.4,
1008,1.0,0.01,1,10.0,0.0,31.1,3,0.0,1,0.0,1,100.0,0.0055,0.0,0.0,0,1,478,4,crash,clip,ros_p3_q145.csv,0.4,a,2.4,
1009,1.0,0.01,1,10.0,0.0,31.1,3,0.0,1,0.0,1,100.0,0.0055,0.0,0.0,0,0,1800,4,timeout,,ros_p3_q145.csv,0.4,a,2.4,
1010,1.0,0.01,1,10.0,0.0,31.1,3,0.0,1,0.0,1,100.0,0.0055,0.0,0.0,0,2,952,4,crash,clip,ros_p3_q145.csv,0.4,a,2.4,
1011,1.0,0.01,1,10.0,0.0,31.1,3,0.0,1,0.0,1,100.0,0.0055,0.0,0.0,0,2,1336,4,crash,clip,ros_p3_q145.csv,0.4,a,2.4,
1000,1.6,0.01,1,10.0,0.0,31.1,3,0.0,1,0.0,1,100.0,0.0055,0.0,0.0,0,2,548,4,crash,clip,ros_p3_q145.csv,0.4,a,2.4,
1001,1.6,0.01,1,10.0,0.0,31.1,3,0.0,1,0.0,1,100.0,0.0055,0.0,0.0,0,1,312,4,crash,clip,ros_p3_q145.csv,0.4,a,2.4,
1002,1.6,0.01,1,10.0,0.0,31.1,3,0.0,1,0.0,1,100.0,0.0055,0.0,0.0,0,1,207,4,crash,clip,ros_p3_q145.csv,0.4,a,2.4,
1003,1.6,0.01,1,10.0,0.0,31.1,3,0.0,1,0.0,1,100.0,0.0055,0.0,0.0,0,1,328,4,crash,clip,ros_p3_q145.csv,0.4,a,2.4,
1004,1.6,0.01,1,10.0,0.0,31.1,3,0.0,1,0.0,1,100.0,0.0055,0.0,0.0,0,3,705,4,crash,clip,ros_p3_q145.csv,0.4,a,2.4,
1005,1.6,0.01,1,10.0,0.0,31.1,3,0.0,1,0.0,1,100.0,0.0055,0.0,0.0,0,1,587,4,crash,clip,ros_p3_q145.csv,0.4,a,2.4,
1006,1.6,0.01,1,10.0,0.0,31.1,3,0.0,1,0.0,1,100.0,0.0055,0.0,0.0,0,2,649,4,crash,clip,ros_p3_q145.csv,0.4,a,2.4,
1007,1.6,0.01,1,10.0,0.0,31.1,3,0.0,1,0.0,1,100.0,0.0055,0.0,0.0,0,4,917,4,success,,ros_p3_q145.csv,0.4,a,2.4,
1008,1.6,0.01,1,10.0,0.0,31.1,3,0.0,1,0.0,1,100.0,0.0055,0.0,0.0,0,2,470,4,crash,clip,ros_p3_q145.csv,0.4,a,2.4,
1009,1.6,0.01,1,10.0,0.0,31.1,3,0.0,1,0.0,1,100.0,0.0055,0.0,0.0,0,1,351,4,crash,clip,ros_p3_q145.csv,0.4,a,2.4,
1010,1.6,0.01,1,10.0,0.0,31.1,3,0.0,1,0.0,1,100.0,0.0055,0.0,0.0,0,1,330,4,crash,clip,ros_p3_q145.csv,0.4,a,2.4,
1011,1.6,0.01,1,10.0,0.0,31.1,3,0.0,1,0.0,1,100.0,0.0055,0.0,0.0,0,1,299,4,crash,clip,ros_p3_q145.csv,0.4,a,2.4,
1000,1.2,0.01,1,10.0,0.0,31.1,3,0.0,1,0.0,1,100.0,0.0055,0.0,0.0,0,2,720,4,crash,clip,ros_p3_q145.csv,0.4,a,2.4,
1001,1.2,0.01,1,10.0,0.0,31.1,3,0.0,1,0.0,1,100.0,0.0055,0.0,0.0,0,1,403,4,crash,clip,ros_p3_q145.csv,0.4,a,2.4,
1002,1.2,0.01,1,10.0,0.0,31.1,3,0.0,1,0.0,1,100.0,0.0055,0.0,0.0,0,2,650,4,crash,clip,ros_p3_q145.csv,0.4,a,2.4,
1003,1.2,0.01,1,10.0,0.0,31.1,3,0.0,1,0.0,1,100.0,0.0055,0.0,0.0,0,1,471,4,crash,clip,ros_p3_q145.csv,0.4,a,2.4,
1004,1.2,0.01,1,10.0,0.0,31.1,3,0.0,1,0.0,1,100.0,0.0055,0.0,0.0,0,2,800,4,crash,clip,ros_p3_q145.csv,0.4,a,2.4,
1005,1.2,0.01,1,10.0,0.0,31.1,3,0.0,1,0.0,1,100.0,0.0055,0.0,0.0,0,1,238,4,crash,clip,ros_p3_q145.csv,0.4,a,2.4,
1006,1.2,0.01,1,10.0,0.0,31.1,3,0.0,1,0.0,1,100.0,0.0055,0.0,0.0,0,3,1109,4,crash,clip,ros_p3_q145.csv,0.4,a,2.4,
1007,1.2,0.01,1,10.0,0.0,31.1,3,0.0,1,0.0,1,100.0,0.0055,0.0,0.0,0,4,1201,4,success,,ros_p3_q145.csv,0.4,a,2.4,
1008,1.2,0.01,1,10.0,0.0,31.1,3,0.0,1,0.0,1,100.0,0.0055,0.0,0.0,0,1,385,4,crash,clip,ros_p3_q145.csv,0.4,a,2.4,
1009,1.2,0.01,1,10.0,0.0,31.1,3,0.0,1,0.0,1,100.0,0.0055,0.0,0.0,0,1,301,4,crash,clip,ros_p3_q145.csv,0.4,a,2.4,
1010,1.2,0.01,1,10.0,0.0,31.1,3,0.0,1,0.0,1,100.0,0.0055,0.0,0.0,0,1,555,4,crash,clip,ros_p3_q145.csv,0.4,a,2.4,
1011,1.2,0.01,1,10.0,0.0,31.1,3,0.0,1,0.0,1,100.0,0.0055,0.0,0.0,0,2,823,4,crash,clip,ros_p3_q145.csv,0.4,a,2.4,
1000,1.8,0.01,1,10.0,0.0,56.8,6,0.0,1,0.0,1,96.24,0.0055,0.0,0.0,0,2,493,4,crash,clip,xpu_a_cpsat_hard.csv,0.4,a,2.4,
1001,1.8,0.01,1,10.0,0.0,56.8,6,0.0,1,0.0,1,96.24,0.0055,0.0,0.0,0,3,730,4,crash,clip,xpu_a_cpsat_hard.csv,0.4,a,2.4,
1002,1.8,0.01,1,10.0,0.0,56.8,6,0.0,1,0.0,1,96.24,0.0055,0.0,0.0,0,0,427,4,crash,clip,xpu_a_cpsat_hard.csv,0.4,a,2.4,
1003,1.8,0.01,1,10.0,0.0,56.8,6,0.0,1,0.0,1,96.24,0.0055,0.0,0.0,0,4,843,4,success,,xpu_a_cpsat_hard.csv,0.4,a,2.4,
1004,1.8,0.01,1,10.0,0.0,56.8,6,0.0,1,0.0,1,96.24,0.0055,0.0,0.0,0,4,837,4,success,,xpu_a_cpsat_hard.csv,0.4,a,2.4,
1005,1.8,0.01,1,10.0,0.0,56.8,6,0.0,1,0.0,1,96.24,0.0055,0.0,0.0,0,1,313,4,crash,clip,xpu_a_cpsat_hard.csv,0.4,a,2.4,
1006,1.8,0.01,1,10.0,0.0,56.8,6,0.0,1,0.0,1,96.24,0.0055,0.0,0.0,0,2,605,4,crash,clip,xpu_a_cpsat_hard.csv,0.4,a,2.4,
1007,1.8,0.01,1,10.0,0.0,56.8,6,0.0,1,0.0,1,96.24,0.0055,0.0,0.0,0,1,306,4,crash,clip,xpu_a_cpsat_hard.csv,0.4,a,2.4,
1008,1.8,0.01,1,10.0,0.0,56.8,6,0.0,1,0.0,1,96.24,0.0055,0.0,0.0,0,1,265,4,crash,clip,xpu_a_cpsat_hard.csv,0.4,a,2.4,
1009,1.8,0.01,1,10.0,0.0,56.8,6,0.0,1,0.0,1,96.24,0.0055,0.0,0.0,0,1,263,4,crash,clip,xpu_a_cpsat_hard.csv,0.4,a,2.4,
1010,1.8,0.01,1,10.0,0.0,56.8,6,0.0,1,0.0,1,96.24,0.0055,0.0,0.0,0,1,267,4,crash,clip,xpu_a_cpsat_hard.csv,0.4,a,2.4,
1011,1.8,0.01,1,10.0,0.0,56.8,6,0.0,1,0.0,1,96.24,0.0055,0.0,0.0,0,1,300,4,crash,clip,xpu_a_cpsat_hard.csv,0.4,a,2.4,
1000,1.4,0.01,1,10.0,0.0,56.8,6,0.0,1,0.0,1,96.24,0.0055,0.0,0.0,0,2,662,4,crash,clip,xpu_a_cpsat_hard.csv,0.4,a,2.4,
1001,1.4,0.01,1,10.0,0.0,56.8,6,0.0,1,0.0,1,96.24,0.0055,0.0,0.0,0,4,1014,4,success,,xpu_a_cpsat_hard.csv,0.4,a,2.4,
1002,1.4,0.01,1,10.0,0.0,56.8,6,0.0,1,0.0,1,96.24,0.0055,0.0,0.0,0,2,590,4,crash,clip,xpu_a_cpsat_hard.csv,0.4,a,2.4,
1003,1.4,0.01,1,10.0,0.0,56.8,6,0.0,1,0.0,1,96.24,0.0055,0.0,0.0,0,1,414,4,crash,clip,xpu_a_cpsat_hard.csv,0.4,a,2.4,
1004,1.4,0.01,1,10.0,0.0,56.8,6,0.0,1,0.0,1,96.24,0.0055,0.0,0.0,0,1,473,4,crash,clip,xpu_a_cpsat_hard.csv,0.4,a,2.4,
1005,1.4,0.01,1,10.0,0.0,56.8,6,0.0,1,0.0,1,96.24,0.0055,0.0,0.0,0,2,697,4,crash,clip,xpu_a_cpsat_hard.csv,0.4,a,2.4,
1006,1.4,0.01,1,10.0,0.0,56.8,6,0.0,1,0.0,1,96.24,0.0055,0.0,0.0,0,3,921,4,crash,clip,xpu_a_cpsat_hard.csv,0.4,a,2.4,
1007,1.4,0.01,1,10.0,0.0,56.8,6,0.0,1,0.0,1,96.24,0.0055,0.0,0.0,0,1,373,4,crash,clip,xpu_a_cpsat_hard.csv,0.4,a,2.4,
1008,1.4,0.01,1,10.0,0.0,56.8,6,0.0,1,0.0,1,96.24,0.0055,0.0,0.0,0,1,1800,4,timeout,,xpu_a_cpsat_hard.csv,0.4,a,2.4,
1009,1.4,0.01,1,10.0,0.0,56.8,6,0.0,1,0.0,1,96.24,0.0055,0.0,0.0,0,4,991,4,success,,xpu_a_cpsat_hard.csv,0.4,a,2.4,
1010,1.4,0.01,1,10.0,0.0,56.8,6,0.0,1,0.0,1,96.24,0.0055,0.0,0.0,0,1,385,4,crash,clip,xpu_a_cpsat_hard.csv,0.4,a,2.4,
1011,1.4,0.01,1,10.0,0.0,56.8,6,0.0,1,0.0,1,96.24,0.0055,0.0,0.0,0,2,748,4,crash,clip,xpu_a_cpsat_hard.csv,0.4,a,2.4,
1000,1.0,0.01,1,10.0,0.0,56.8,6,0.0,1,0.0,1,96.24,0.0055,0.0,0.0,0,1,616,4,crash,clip,xpu_a_cpsat_hard.csv,0.4,a,2.4,
1001,1.0,0.01,1,10.0,0.0,56.8,6,0.0,1,0.0,1,96.24,0.0055,0.0,0.0,0,4,1422,4,success,,xpu_a_cpsat_hard.csv,0.4,a,2.4,
1002,1.0,0.01,1,10.0,0.0,56.8,6,0.0,1,0.0,1,96.24,0.0055,0.0,0.0,0,2,721,4,crash,clip,xpu_a_cpsat_hard.csv,0.4,a,2.4,
1003,1.0,0.01,1,10.0,0.0,56.8,6,0.0,1,0.0,1,96.24,0.0055,0.0,0.0,0,2,1443,4,crash,clip,xpu_a_cpsat_hard.csv,0.4,a,2.4,
1004,1.0,0.01,1,10.0,0.0,56.8,6,0.0,1,0.0,1,96.24,0.0055,0.0,0.0,0,1,583,4,crash,clip,xpu_a_cpsat_hard.csv,0.4,a,2.4,
1005,1.0,0.01,1,10.0,0.0,56.8,6,0.0,1,0.0,1,96.24,0.0055,0.0,0.0,0,1,632,4,crash,clip,xpu_a_cpsat_hard.csv,0.4,a,2.4,
1006,1.0,0.01,1,10.0,0.0,56.8,6,0.0,1,0.0,1,96.24,0.0055,0.0,0.0,0,2,870,4,crash,clip,xpu_a_cpsat_hard.csv,0.4,a,2.4,
1007,1.0,0.01,1,10.0,0.0,56.8,6,0.0,1,0.0,1,96.24,0.0055,0.0,0.0,0,2,1800,4,timeout,,xpu_a_cpsat_hard.csv,0.4,a,2.4,
1008,1.0,0.01,1,10.0,0.0,56.8,6,0.0,1,0.0,1,96.24,0.0055,0.0,0.0,0,1,484,4,crash,clip,xpu_a_cpsat_hard.csv,0.4,a,2.4,
1009,1.0,0.01,1,10.0,0.0,56.8,6,0.0,1,0.0,1,96.24,0.0055,0.0,0.0,0,1,335,4,crash,clip,xpu_a_cpsat_hard.csv,0.4,a,2.4,
1010,1.0,0.01,1,10.0,0.0,56.8,6,0.0,1,0.0,1,96.24,0.0055,0.0,0.0,0,3,1129,4,crash,clip,xpu_a_cpsat_hard.csv,0.4,a,2.4,
1011,1.0,0.01,1,10.0,0.0,56.8,6,0.0,1,0.0,1,96.24,0.0055,0.0,0.0,0,4,1425,4,success,,xpu_a_cpsat_hard.csv,0.4,a,2.4,
1000,1.6,0.01,1,10.0,0.0,56.8,6,0.0,1,0.0,1,96.24,0.0055,0.0,0.0,0,2,550,4,crash,clip,xpu_a_cpsat_hard.csv,0.4,a,2.4,
1001,1.6,0.01,1,10.0,0.0,56.8,6,0.0,1,0.0,1,96.24,0.0055,0.0,0.0,0,4,895,4,success,,xpu_a_cpsat_hard.csv,0.4,a,2.4,
1002,1.6,0.01,1,10.0,0.0,56.8,6,0.0,1,0.0,1,96.24,0.0055,0.0,0.0,0,2,543,4,crash,clip,xpu_a_cpsat_hard.csv,0.4,a,2.4,
1003,1.6,0.01,1,10.0,0.0,56.8,6,0.0,1,0.0,1,96.24,0.0055,0.0,0.0,0,1,330,4,crash,clip,xpu_a_cpsat_hard.csv,0.4,a,2.4,
1004,1.6,0.01,1,10.0,0.0,56.8,6,0.0,1,0.0,1,96.24,0.0055,0.0,0.0,0,2,621,4,crash,clip,xpu_a_cpsat_hard.csv,0.4,a,2.4,
1005,1.6,0.01,1,10.0,0.0,56.8,6,0.0,1,0.0,1,96.24,0.0055,0.0,0.0,0,2,648,4,crash,clip,xpu_a_cpsat_hard.csv,0.4,a,2.4,
1006,1.6,0.01,1,10.0,0.0,56.8,6,0.0,1,0.0,1,96.24,0.0055,0.0,0.0,0,2,599,4,crash,clip,xpu_a_cpsat_hard.csv,0.4,a,2.4,
1007,1.6,0.01,1,10.0,0.0,56.8,6,0.0,1,0.0,1,96.24,0.0055,0.0,0.0,0,4,910,4,success,,xpu_a_cpsat_hard.csv,0.4,a,2.4,
1008,1.6,0.01,1,10.0,0.0,56.8,6,0.0,1,0.0,1,96.24,0.0055,0.0,0.0,0,3,826,4,crash,clip,xpu_a_cpsat_hard.csv,0.4,a,2.4,
1009,1.6,0.01,1,10.0,0.0,56.8,6,0.0,1,0.0,1,96.24,0.0055,0.0,0.0,0,1,308,4,crash,clip,xpu_a_cpsat_hard.csv,0.4,a,2.4,
1010,1.6,0.01,1,10.0,0.0,56.8,6,0.0,1,0.0,1,96.24,0.0055,0.0,0.0,0,3,811,4,crash,clip,xpu_a_cpsat_hard.csv,0.4,a,2.4,
1011,1.6,0.01,1,10.0,0.0,56.8,6,0.0,1,0.0,1,96.24,0.0055,0.0,0.0,0,1,323,4,crash,clip,xpu_a_cpsat_hard.csv,0.4,a,2.4,
1000,1.2,0.01,1,10.0,0.0,56.8,6,0.0,1,0.0,1,96.24,0.0055,0.0,0.0,0,3,943,4,crash,clip,xpu_a_cpsat_hard.csv,0.4,a,2.4,
1001,1.2,0.01,1,10.0,0.0,56.8,6,0.0,1,0.0,1,96.24,0.0055,0.0,0.0,0,4,1178,4,success,,xpu_a_cpsat_hard.csv,0.4,a,2.4,
1002,1.2,0.01,1,10.0,0.0,56.8,6,0.0,1,0.0,1,96.24,0.0055,0.0,0.0,0,1,1020,4,crash,clip,xpu_a_cpsat_hard.csv,0.4,a,2.4,
1003,1.2,0.01,1,10.0,0.0,56.8,6,0.0,1,0.0,1,96.24,0.0055,0.0,0.0,0,2,724,4,crash,clip,xpu_a_cpsat_hard.csv,0.4,a,2.4,
1004,1.2,0.01,1,10.0,0.0,56.8,6,0.0,1,0.0,1,96.24,0.0055,0.0,0.0,0,3,963,4,crash,clip,xpu_a_cpsat_hard.csv,0.4,a,2.4,
1005,1.2,0.01,1,10.0,0.0,56.8,6,0.0,1,0.0,1,96.24,0.0055,0.0,0.0,0,2,1623,4,crash,clip,xpu_a_cpsat_hard.csv,0.4,a,2.4,
1006,1.2,0.01,1,10.0,0.0,56.8,6,0.0,1,0.0,1,96.24,0.0055,0.0,0.0,0,3,1127,4,crash,clip,xpu_a_cpsat_hard.csv,0.4,a,2.4,
1007,1.2,0.01,1,10.0,0.0,56.8,6,0.0,1,0.0,1,96.24,0.0055,0.0,0.0,0,1,476,4,crash,clip,xpu_a_cpsat_hard.csv,0.4,a,2.4,
1008,1.2,0.01,1,10.0,0.0,56.8,6,0.0,1,0.0,1,96.24,0.0055,0.0,0.0,0,2,572,4,crash,clip,xpu_a_cpsat_hard.csv,0.4,a,2.4,
1009,1.2,0.01,1,10.0,0.0,56.8,6,0.0,1,0.0,1,96.24,0.0055,0.0,0.0,0,0,649,4,crash,clip,xpu_a_cpsat_hard.csv,0.4,a,2.4,
1010,1.2,0.01,1,10.0,0.0,56.8,6,0.0,1,0.0,1,96.24,0.0055,0.0,0.0,0,2,844,4,crash,clip,xpu_a_cpsat_hard.csv,0.4,a,2.4,
1011,1.2,0.01,1,10.0,0.0,56.8,6,0.0,1,0.0,1,96.24,0.0055,0.0,0.0,0,3,1049,4,crash,clip,xpu_a_cpsat_hard.csv,0.4,a,2.4,
1000,1.8,0.01,1,10.0,0.0,55.9,6,11.1,2,0.0,1,89.29,0.0055,0.0,0.0,0,2,493,4,crash,clip,xpu_a90_cpsat.csv,0.4,a,2.4,
1001,1.8,0.01,1,10.0,0.0,55.9,6,11.1,2,0.0,1,89.29,0.0055,0.0,0.0,0,3,731,4,crash,clip,xpu_a90_cpsat.csv,0.4,a,2.4,
1002,1.8,0.01,1,10.0,0.0,55.9,6,11.1,2,0.0,1,89.29,0.0055,0.0,0.0,0,0,426,4,crash,clip,xpu_a90_cpsat.csv,0.4,a,2.4,
1003,1.8,0.01,1,10.0,0.0,55.9,6,11.1,2,0.0,1,89.29,0.0055,0.0,0.0,0,4,832,4,success,,xpu_a90_cpsat.csv,0.4,a,2.4,
1004,1.8,0.01,1,10.0,0.0,55.9,6,11.1,2,0.0,1,89.29,0.0055,0.0,0.0,0,4,844,4,success,,xpu_a90_cpsat.csv,0.4,a,2.4,
1005,1.8,0.01,1,10.0,0.0,55.9,6,11.1,2,0.0,1,89.29,0.0055,0.0,0.0,0,4,814,4,success,,xpu_a90_cpsat.csv,0.4,a,2.4,
1006,1.8,0.01,1,10.0,0.0,55.9,6,11.1,2,0.0,1,89.29,0.0055,0.0,0.0,0,2,604,4,crash,clip,xpu_a90_cpsat.csv,0.4,a,2.4,
1007,1.8,0.01,1,10.0,0.0,55.9,6,11.1,2,0.0,1,89.29,0.0055,0.0,0.0,0,3,751,4,crash,clip,xpu_a90_cpsat.csv,0.4,a,2.4,
1008,1.8,0.01,1,10.0,0.0,55.9,6,11.1,2,0.0,1,89.29,0.0055,0.0,0.0,0,3,716,4,crash,clip,xpu_a90_cpsat.csv,0.4,a,2.4,
1009,1.8,0.01,1,10.0,0.0,55.9,6,11.1,2,0.0,1,89.29,0.0055,0.0,0.0,0,1,233,4,crash,clip,xpu_a90_cpsat.csv,0.4,a,2.4,
1010,1.8,0.01,1,10.0,0.0,55.9,6,11.1,2,0.0,1,89.29,0.0055,0.0,0.0,0,3,698,4,crash,clip,xpu_a90_cpsat.csv,0.4,a,2.4,
1011,1.8,0.01,1,10.0,0.0,55.9,6,11.1,2,0.0,1,89.29,0.0055,0.0,0.0,0,1,296,4,crash,clip,xpu_a90_cpsat.csv,0.4,a,2.4,
1000,1.4,0.01,1,10.0,0.0,55.9,6,11.1,2,0.0,1,89.29,0.0055,0.0,0.0,0,2,622,4,crash,clip,xpu_a90_cpsat.csv,0.4,a,2.4,
1001,1.4,0.01,1,10.0,0.0,55.9,6,11.1,2,0.0,1,89.29,0.0055,0.0,0.0,0,3,935,4,crash,clip,xpu_a90_cpsat.csv,0.4,a,2.4,
1002,1.4,0.01,1,10.0,0.0,55.9,6,11.1,2,0.0,1,89.29,0.0055,0.0,0.0,0,1,252,4,crash,clip,xpu_a90_cpsat.csv,0.4,a,2.4,
1003,1.4,0.01,1,10.0,0.0,55.9,6,11.1,2,0.0,1,89.29,0.0055,0.0,0.0,0,1,403,4,crash,clip,xpu_a90_cpsat.csv,0.4,a,2.4,
1004,1.4,0.01,1,10.0,0.0,55.9,6,11.1,2,0.0,1,89.29,0.0055,0.0,0.0,0,1,479,4,crash,clip,xpu_a90_cpsat.csv,0.4,a,2.4,
1005,1.4,0.01,1,10.0,0.0,55.9,6,11.1,2,0.0,1,89.29,0.0055,0.0,0.0,0,2,594,4,crash,clip,xpu_a90_cpsat.csv,0.4,a,2.4,
1006,1.4,0.01,1,10.0,0.0,55.9,6,11.1,2,0.0,1,89.29,0.0055,0.0,0.0,0,3,918,4,crash,clip,xpu_a90_cpsat.csv,0.4,a,2.4,
1007,1.4,0.01,1,10.0,0.0,55.9,6,11.1,2,0.0,1,89.29,0.0055,0.0,0.0,0,2,618,4,crash,clip,xpu_a90_cpsat.csv,0.4,a,2.4,
1008,1.4,0.01,1,10.0,0.0,55.9,6,11.1,2,0.0,1,89.29,0.0055,0.0,0.0,0,1,354,4,crash,clip,xpu_a90_cpsat.csv,0.4,a,2.4,
1009,1.4,0.01,1,10.0,0.0,55.9,6,11.1,2,0.0,1,89.29,0.0055,0.0,0.0,0,2,718,4,crash,clip,xpu_a90_cpsat.csv,0.4,a,2.4,
1010,1.4,0.01,1,10.0,0.0,55.9,6,11.1,2,0.0,1,89.29,0.0055,0.0,0.0,0,1,351,4,crash,clip,xpu_a90_cpsat.csv,0.4,a,2.4,
1011,1.4,0.01,1,10.0,0.0,55.9,6,11.1,2,0.0,1,89.29,0.0055,0.0,0.0,0,2,684,4,crash,clip,xpu_a90_cpsat.csv,0.4,a,2.4,
1000,1.0,0.01,1,10.0,0.0,55.9,6,11.1,2,0.0,1,89.29,0.0055,0.0,0.0,0,2,1236,4,crash,clip,xpu_a90_cpsat.csv,0.4,a,2.4,
1001,1.0,0.01,1,10.0,0.0,55.9,6,11.1,2,0.0,1,89.29,0.0055,0.0,0.0,0,4,1403,4,success,,xpu_a90_cpsat.csv,0.4,a,2.4,
1002,1.0,0.01,1,10.0,0.0,55.9,6,11.1,2,0.0,1,89.29,0.0055,0.0,0.0,0,2,720,4,crash,clip,xpu_a90_cpsat.csv,0.4,a,2.4,
1003,1.0,0.01,1,10.0,0.0,55.9,6,11.1,2,0.0,1,89.29,0.0055,0.0,0.0,0,4,1450,4,success,,xpu_a90_cpsat.csv,0.4,a,2.4,
1004,1.0,0.01,1,10.0,0.0,55.9,6,11.1,2,0.0,1,89.29,0.0055,0.0,0.0,0,4,1468,4,success,,xpu_a90_cpsat.csv,0.4,a,2.4,
1005,1.0,0.01,1,10.0,0.0,55.9,6,11.1,2,0.0,1,89.29,0.0055,0.0,0.0,0,1,257,4,crash,clip,xpu_a90_cpsat.csv,0.4,a,2.4,
1006,1.0,0.01,1,10.0,0.0,55.9,6,11.1,2,0.0,1,89.29,0.0055,0.0,0.0,0,3,1217,4,crash,clip,xpu_a90_cpsat.csv,0.4,a,2.4,
1007,1.0,0.01,1,10.0,0.0,55.9,6,11.1,2,0.0,1,89.29,0.0055,0.0,0.0,0,1,773,4,crash,clip,xpu_a90_cpsat.csv,0.4,a,2.4,
1008,1.0,0.01,1,10.0,0.0,55.9,6,11.1,2,0.0,1,89.29,0.0055,0.0,0.0,0,1,487,4,crash,clip,xpu_a90_cpsat.csv,0.4,a,2.4,
1009,1.0,0.01,1,10.0,0.0,55.9,6,11.1,2,0.0,1,89.29,0.0055,0.0,0.0,0,0,530,4,crash,clip,xpu_a90_cpsat.csv,0.4,a,2.4,
1010,1.0,0.01,1,10.0,0.0,55.9,6,11.1,2,0.0,1,89.29,0.0055,0.0,0.0,0,1,527,4,crash,clip,xpu_a90_cpsat.csv,0.4,a,2.4,
1011,1.0,0.01,1,10.0,0.0,55.9,6,11.1,2,0.0,1,89.29,0.0055,0.0,0.0,0,1,360,4,crash,clip,xpu_a90_cpsat.csv,0.4,a,2.4,
1000,1.6,0.01,1,10.0,0.0,55.9,6,11.1,2,0.0,1,89.29,0.0055,0.0,0.0,0,2,548,4,crash,clip,xpu_a90_cpsat.csv,0.4,a,2.4,
1001,1.6,0.01,1,10.0,0.0,55.9,6,11.1,2,0.0,1,89.29,0.0055,0.0,0.0,0,1,314,4,crash,clip,xpu_a90_cpsat.csv,0.4,a,2.4,
1002,1.6,0.01,1,10.0,0.0,55.9,6,11.1,2,0.0,1,89.29,0.0055,0.0,0.0,0,1,220,4,crash,clip,xpu_a90_cpsat.csv,0.4,a,2.4,
1003,1.6,0.01,1,10.0,0.0,55.9,6,11.1,2,0.0,1,89.29,0.0055,0.0,0.0,0,3,791,4,crash,clip,xpu_a90_cpsat.csv,0.4,a,2.4,
1004,1.6,0.01,1,10.0,0.0,55.9,6,11.1,2,0.0,1,89.29,0.0055,0.0,0.0,0,3,704,4,crash,clip,xpu_a90_cpsat.csv,0.4,a,2.4,
1005,1.6,0.01,1,10.0,0.0,55.9,6,11.1,2,0.0,1,89.29,0.0055,0.0,0.0,0,1,316,4,crash,clip,xpu_a90_cpsat.csv,0.4,a,2.4,
1006,1.6,0.01,1,10.0,0.0,55.9,6,11.1,2,0.0,1,89.29,0.0055,0.0,0.0,0,2,566,4,crash,clip,xpu_a90_cpsat.csv,0.4,a,2.4,
1007,1.6,0.01,1,10.0,0.0,55.9,6,11.1,2,0.0,1,89.29,0.0055,0.0,0.0,0,4,912,4,success,,xpu_a90_cpsat.csv,0.4,a,2.4,
1008,1.6,0.01,1,10.0,0.0,55.9,6,11.1,2,0.0,1,89.29,0.0055,0.0,0.0,0,1,340,4,crash,clip,xpu_a90_cpsat.csv,0.4,a,2.4,
1009,1.6,0.01,1,10.0,0.0,55.9,6,11.1,2,0.0,1,89.29,0.0055,0.0,0.0,0,1,293,4,crash,clip,xpu_a90_cpsat.csv,0.4,a,2.4,
1010,1.6,0.01,1,10.0,0.0,55.9,6,11.1,2,0.0,1,89.29,0.0055,0.0,0.0,0,1,915,4,crash,clip,xpu_a90_cpsat.csv,0.4,a,2.4,
1011,1.6,0.01,1,10.0,0.0,55.9,6,11.1,2,0.0,1,89.29,0.0055,0.0,0.0,0,1,299,4,crash,clip,xpu_a90_cpsat.csv,0.4,a,2.4,
1000,1.2,0.01,1,10.0,0.0,55.9,6,11.1,2,0.0,1,89.29,0.0055,0.0,0.0,0,3,938,4,crash,clip,xpu_a90_cpsat.csv,0.4,a,2.4,
1001,1.2,0.01,1,10.0,0.0,55.9,6,11.1,2,0.0,1,89.29,0.0055,0.0,0.0,0,3,929,4,crash,clip,xpu_a90_cpsat.csv,0.4,a,2.4,
1002,1.2,0.01,1,10.0,0.0,55.9,6,11.1,2,0.0,1,89.29,0.0055,0.0,0.0,0,2,647,4,crash,clip,xpu_a90_cpsat.csv,0.4,a,2.4,
1003,1.2,0.01,1,10.0,0.0,55.9,6,11.1,2,0.0,1,89.29,0.0055,0.0,0.0,0,3,942,4,crash,clip,xpu_a90_cpsat.csv,0.4,a,2.4,
1004,1.2,0.01,1,10.0,0.0,55.9,6,11.1,2,0.0,1,89.29,0.0055,0.0,0.0,0,2,831,4,crash,clip,xpu_a90_cpsat.csv,0.4,a,2.4,
1005,1.2,0.01,1,10.0,0.0,55.9,6,11.1,2,0.0,1,89.29,0.0055,0.0,0.0,0,1,458,4,crash,clip,xpu_a90_cpsat.csv,0.4,a,2.4,
1006,1.2,0.01,1,10.0,0.0,55.9,6,11.1,2,0.0,1,89.29,0.0055,0.0,0.0,0,3,1174,4,crash,clip,xpu_a90_cpsat.csv,0.4,a,2.4,
1007,1.2,0.01,1,10.0,0.0,55.9,6,11.1,2,0.0,1,89.29,0.0055,0.0,0.0,0,1,395,4,crash,clip,xpu_a90_cpsat.csv,0.4,a,2.4,
1008,1.2,0.01,1,10.0,0.0,55.9,6,11.1,2,0.0,1,89.29,0.0055,0.0,0.0,0,2,574,4,crash,clip,xpu_a90_cpsat.csv,0.4,a,2.4,
1009,1.2,0.01,1,10.0,0.0,55.9,6,11.1,2,0.0,1,89.29,0.0055,0.0,0.0,0,0,322,4,crash,clip,xpu_a90_cpsat.csv,0.4,a,2.4,
1010,1.2,0.01,1,10.0,0.0,55.9,6,11.1,2,0.0,1,89.29,0.0055,0.0,0.0,0,1,1153,4,crash,clip,xpu_a90_cpsat.csv,0.4,a,2.4,
1011,1.2,0.01,1,10.0,0.0,55.9,6,11.1,2,0.0,1,89.29,0.0055,0.0,0.0,0,1,377,4,crash,clip,xpu_a90_cpsat.csv,0.4,a,2.4,
1000,1.8,0.01,1,10.0,0.0,56.2,6,30.3,4,0.0,1,100.0,0.0055,0.0,0.0,0,2,493,4,crash,clip,ros_p390.csv,0.4,a,2.4,
1001,1.8,0.01,1,10.0,0.0,56.2,6,30.3,4,0.0,1,100.0,0.0055,0.0,0.0,0,3,730,4,crash,clip,ros_p390.csv,0.4,a,2.4,
1002,1.8,0.01,1,10.0,0.0,56.2,6,30.3,4,0.0,1,100.0,0.0055,0.0,0.0,0,0,390,4,crash,clip,ros_p390.csv,0.4,a,2.4,
1003,1.8,0.01,1,10.0,0.0,56.2,6,30.3,4,0.0,1,100.0,0.0055,0.0,0.0,0,1,314,4,crash,clip,ros_p390.csv,0.4,a,2.4,
1004,1.8,0.01,1,10.0,0.0,56.2,6,30.3,4,0.0,1,100.0,0.0055,0.0,0.0,0,2,498,4,crash,clip,ros_p390.csv,0.4,a,2.4,
1005,1.8,0.01,1,10.0,0.0,56.2,6,30.3,4,0.0,1,100.0,0.0055,0.0,0.0,0,2,413,4,crash,clip,ros_p390.csv,0.4,a,2.4,
1006,1.8,0.01,1,10.0,0.0,56.2,6,30.3,4,0.0,1,100.0,0.0055,0.0,0.0,0,3,758,4,crash,clip,ros_p390.csv,0.4,a,2.4,
1007,1.8,0.01,1,10.0,0.0,56.2,6,30.3,4,0.0,1,100.0,0.0055,0.0,0.0,0,3,714,4,crash,clip,ros_p390.csv,0.4,a,2.4,
1008,1.8,0.01,1,10.0,0.0,56.2,6,30.3,4,0.0,1,100.0,0.0055,0.0,0.0,0,2,493,4,crash,clip,ros_p390.csv,0.4,a,2.4,
1009,1.8,0.01,1,10.0,0.0,56.2,6,30.3,4,0.0,1,100.0,0.0055,0.0,0.0,0,2,441,4,crash,clip,ros_p390.csv,0.4,a,2.4,
1010,1.8,0.01,1,10.0,0.0,56.2,6,30.3,4,0.0,1,100.0,0.0055,0.0,0.0,0,1,289,4,crash,clip,ros_p390.csv,0.4,a,2.4,
1011,1.8,0.01,1,10.0,0.0,56.2,6,30.3,4,0.0,1,100.0,0.0055,0.0,0.0,0,1,303,4,crash,clip,ros_p390.csv,0.4,a,2.4,
1000,1.4,0.01,1,10.0,0.0,56.2,6,30.3,4,0.0,1,100.0,0.0055,0.0,0.0,0,2,623,4,crash,clip,ros_p390.csv,0.4,a,2.4,
1001,1.4,0.01,1,10.0,0.0,56.2,6,30.3,4,0.0,1,100.0,0.0055,0.0,0.0,0,4,1021,4,success,,ros_p390.csv,0.4,a,2.4,
1002,1.4,0.01,1,10.0,0.0,56.2,6,30.3,4,0.0,1,100.0,0.0055,0.0,0.0,0,3,1800,4,timeout,,ros_p390.csv,0.4,a,2.4,
1003,1.4,0.01,1,10.0,0.0,56.2,6,30.3,4,0.0,1,100.0,0.0055,0.0,0.0,0,3,857,4,crash,clip,ros_p390.csv,0.4,a,2.4,
1004,1.4,0.01,1,10.0,0.0,56.2,6,30.3,4,0.0,1,100.0,0.0055,0.0,0.0,0,1,427,4,crash,clip,ros_p390.csv,0.4,a,2.4,
1005,1.4,0.01,1,10.0,0.0,56.2,6,30.3,4,0.0,1,100.0,0.0055,0.0,0.0,0,1,716,4,crash,clip,ros_p390.csv,0.4,a,2.4,
1006,1.4,0.01,1,10.0,0.0,56.2,6,30.3,4,0.0,1,100.0,0.0055,0.0,0.0,0,3,948,4,crash,clip,ros_p390.csv,0.4,a,2.4,
1007,1.4,0.01,1,10.0,0.0,56.2,6,30.3,4,0.0,1,100.0,0.0055,0.0,0.0,0,4,1037,4,success,,ros_p390.csv,0.4,a,2.4,
1008,1.4,0.01,1,10.0,0.0,56.2,6,30.3,4,0.0,1,100.0,0.0055,0.0,0.0,0,1,395,4,crash,clip,ros_p390.csv,0.4,a,2.4,
1009,1.4,0.01,1,10.0,0.0,56.2,6,30.3,4,0.0,1,100.0,0.0055,0.0,0.0,0,0,350,4,crash,clip,ros_p390.csv,0.4,a,2.4,
1010,1.4,0.01,1,10.0,0.0,56.2,6,30.3,4,0.0,1,100.0,0.0055,0.0,0.0,0,1,359,4,crash,clip,ros_p390.csv,0.4,a,2.4,
1011,1.4,0.01,1,10.0,0.0,56.2,6,30.3,4,0.0,1,100.0,0.0055,0.0,0.0,0,1,386,4,crash,clip,ros_p390.csv,0.4,a,2.4,
1000,1.0,0.01,1,10.0,0.0,56.2,6,30.3,4,0.0,1,100.0,0.0055,0.0,0.0,0,4,1427,4,success,,ros_p390.csv,0.4,a,2.4,
1001,1.0,0.01,1,10.0,0.0,56.2,6,30.3,4,0.0,1,100.0,0.0055,0.0,0.0,0,1,513,4,crash,clip,ros_p390.csv,0.4,a,2.4,
1002,1.0,0.01,1,10.0,0.0,56.2,6,30.3,4,0.0,1,100.0,0.0055,0.0,0.0,0,2,737,4,crash,clip,ros_p390.csv,0.4,a,2.4,
1003,1.0,0.01,1,10.0,0.0,56.2,6,30.3,4,0.0,1,100.0,0.0055,0.0,0.0,0,1,385,4,crash,clip,ros_p390.csv,0.4,a,2.4,
1004,1.0,0.01,1,10.0,0.0,56.2,6,30.3,4,0.0,1,100.0,0.0055,0.0,0.0,0,3,1261,4,crash,clip,ros_p390.csv,0.4,a,2.4,
1005,1.0,0.01,1,10.0,0.0,56.2,6,30.3,4,0.0,1,100.0,0.0055,0.0,0.0,0,1,258,4,crash,clip,ros_p390.csv,0.4,a,2.4,
1006,1.0,0.01,1,10.0,0.0,56.2,6,30.3,4,0.0,1,100.0,0.0055,0.0,0.0,0,4,1628,4,success,,ros_p390.csv,0.4,a,2.4,
1007,1.0,0.01,1,10.0,0.0,56.2,6,30.3,4,0.0,1,100.0,0.0055,0.0,0.0,0,1,595,4,crash,clip,ros_p390.csv,0.4,a,2.4,
1008,1.0,0.01,1,10.0,0.0,56.2,6,30.3,4,0.0,1,100.0,0.0055,0.0,0.0,0,1,485,4,crash,clip,ros_p390.csv,0.4,a,2.4,
1009,1.0,0.01,1,10.0,0.0,56.2,6,30.3,4,0.0,1,100.0,0.0055,0.0,0.0,0,0,1614,4,crash,clip,ros_p390.csv,0.4,a,2.4,
1010,1.0,0.01,1,10.0,0.0,56.2,6,30.3,4,0.0,1,100.0,0.0055,0.0,0.0,0,0,312,4,crash,clip,ros_p390.csv,0.4,a,2.4,
1011,1.0,0.01,1,10.0,0.0,56.2,6,30.3,4,0.0,1,100.0,0.0055,0.0,0.0,0,4,1440,4,success,,ros_p390.csv,0.4,a,2.4,
1000,1.6,0.01,1,10.0,0.0,56.2,6,30.3,4,0.0,1,100.0,0.0055,0.0,0.0,0,2,585,4,crash,clip,ros_p390.csv,0.4,a,2.4,
1001,1.6,0.01,1,10.0,0.0,56.2,6,30.3,4,0.0,1,100.0,0.0055,0.0,0.0,0,4,897,4,success,,ros_p390.csv,0.4,a,2.4,
1002,1.6,0.01,1,10.0,0.0,56.2,6,30.3,4,0.0,1,100.0,0.0055,0.0,0.0,0,1,211,4,crash,clip,ros_p390.csv,0.4,a,2.4,
1003,1.6,0.01,1,10.0,0.0,56.2,6,30.3,4,0.0,1,100.0,0.0055,0.0,0.0,0,2,477,4,crash,clip,ros_p390.csv,0.4,a,2.4,
1004,1.6,0.01,1,10.0,0.0,56.2,6,30.3,4,0.0,1,100.0,0.0055,0.0,0.0,0,3,704,4,crash,clip,ros_p390.csv,0.4,a,2.4,
1005,1.6,0.01,1,10.0,0.0,56.2,6,30.3,4,0.0,1,100.0,0.0055,0.0,0.0,0,2,576,4,crash,clip,ros_p390.csv,0.4,a,2.4,
1006,1.6,0.01,1,10.0,0.0,56.2,6,30.3,4,0.0,1,100.0,0.0055,0.0,0.0,0,3,816,4,crash,clip,ros_p390.csv,0.4,a,2.4,
1007,1.6,0.01,1,10.0,0.0,56.2,6,30.3,4,0.0,1,100.0,0.0055,0.0,0.0,0,4,914,4,success,,ros_p390.csv,0.4,a,2.4,
1008,1.6,0.01,1,10.0,0.0,56.2,6,30.3,4,0.0,1,100.0,0.0055,0.0,0.0,0,1,345,4,crash,clip,ros_p390.csv,0.4,a,2.4,
1009,1.6,0.01,1,10.0,0.0,56.2,6,30.3,4,0.0,1,100.0,0.0055,0.0,0.0,0,0,129,4,crash,clip,ros_p390.csv,0.4,a,2.4,
1010,1.6,0.01,1,10.0,0.0,56.2,6,30.3,4,0.0,1,100.0,0.0055,0.0,0.0,0,4,895,4,success,,ros_p390.csv,0.4,a,2.4,
1011,1.6,0.01,1,10.0,0.0,56.2,6,30.3,4,0.0,1,100.0,0.0055,0.0,0.0,0,1,321,4,crash,clip,ros_p390.csv,0.4,a,2.4,
1000,1.2,0.01,1,10.0,0.0,56.2,6,30.3,4,0.0,1,100.0,0.0055,0.0,0.0,0,2,722,4,crash,clip,ros_p390.csv,0.4,a,2.4,
1001,1.2,0.01,1,10.0,0.0,56.2,6,30.3,4,0.0,1,100.0,0.0055,0.0,0.0,0,4,1196,4,success,,ros_p390.csv,0.4,a,2.4,
1002,1.2,0.01,1,10.0,0.0,56.2,6,30.3,4,0.0,1,100.0,0.0055,0.0,0.0,0,2,651,4,crash,clip,ros_p390.csv,0.4,a,2.4,
1003,1.2,0.01,1,10.0,0.0,56.2,6,30.3,4,0.0,1,100.0,0.0055,0.0,0.0,0,2,853,4,crash,clip,ros_p390.csv,0.4,a,2.4,
1004,1.2,0.01,1,10.0,0.0,56.2,6,30.3,4,0.0,1,100.0,0.0055,0.0,0.0,0,1,508,4,crash,clip,ros_p390.csv,0.4,a,2.4,
1005,1.2,0.01,1,10.0,0.0,56.2,6,30.3,4,0.0,1,100.0,0.0055,0.0,0.0,0,3,924,4,crash,clip,ros_p390.csv,0.4,a,2.4,
1006,1.2,0.01,1,10.0,0.0,56.2,6,30.3,4,0.0,1,100.0,0.0055,0.0,0.0,0,2,743,4,crash,clip,ros_p390.csv,0.4,a,2.4,
1007,1.2,0.01,1,10.0,0.0,56.2,6,30.3,4,0.0,1,100.0,0.0055,0.0,0.0,0,4,1209,4,success,,ros_p390.csv,0.4,a,2.4,
1008,1.2,0.01,1,10.0,0.0,56.2,6,30.3,4,0.0,1,100.0,0.0055,0.0,0.0,0,4,1159,4,success,,ros_p390.csv,0.4,a,2.4,
1009,1.2,0.01,1,10.0,0.0,56.2,6,30.3,4,0.0,1,100.0,0.0055,0.0,0.0,0,0,107,4,crash,clip,ros_p390.csv,0.4,a,2.4,
1010,1.2,0.01,1,10.0,0.0,56.2,6,30.3,4,0.0,1,100.0,0.0055,0.0,0.0,0,2,569,4,crash,clip,ros_p390.csv,0.4,a,2.4,
1011,1.2,0.01,1,10.0,0.0,56.2,6,30.3,4,0.0,1,100.0,0.0055,0.0,0.0,0,1,306,4,crash,clip,ros_p390.csv,0.4,a,2.4,
1000,1.8,0.01,1,10.0,0.0,136.5,14,30.3,4,0.0,1,100.0,0.0055,0.0,0.0,0,2,525,4,crash,clip,ros_vanilla4tm90.csv,0.4,a,2.4,
1001,1.8,0.01,1,10.0,0.0,136.5,14,30.3,4,0.0,1,100.0,0.0055,0.0,0.0,0,0,186,4,crash,clip,ros_vanilla4tm90.csv,0.4,a,2.4,
1002,1.8,0.01,1,10.0,0.0,136.5,14,30.3,4,0.0,1,100.0,0.0055,0.0,0.0,0,1,200,4,crash,clip,ros_vanilla4tm90.csv,0.4,a,2.4,
1003,1.8,0.01,1,10.0,0.0,136.5,14,30.3,4,0.0,1,100.0,0.0055,0.0,0.0,0,2,499,4,crash,clip,ros_vanilla4tm90.csv,0.4,a,2.4,
1004,1.8,0.01,1,10.0,0.0,136.5,14,30.3,4,0.0,1,100.0,0.0055,0.0,0.0,0,2,558,4,crash,clip,ros_vanilla4tm90.csv,0.4,a,2.4,
1005,1.8,0.01,1,10.0,0.0,136.5,14,30.3,4,0.0,1,100.0,0.0055,0.0,0.0,0,4,809,4,success,,ros_vanilla4tm90.csv,0.4,a,2.4,
1006,1.8,0.01,1,10.0,0.0,136.5,14,30.3,4,0.0,1,100.0,0.0055,0.0,0.0,0,2,529,4,crash,clip,ros_vanilla4tm90.csv,0.4,a,2.4,
1007,1.8,0.01,1,10.0,0.0,136.5,14,30.3,4,0.0,1,100.0,0.0055,0.0,0.0,0,4,823,4,success,,ros_vanilla4tm90.csv,0.4,a,2.4,
1008,1.8,0.01,1,10.0,0.0,136.5,14,30.3,4,0.0,1,100.0,0.0055,0.0,0.0,0,2,488,4,crash,clip,ros_vanilla4tm90.csv,0.4,a,2.4,
1009,1.8,0.01,1,10.0,0.0,136.5,14,30.3,4,0.0,1,100.0,0.0055,0.0,0.0,0,1,270,4,crash,clip,ros_vanilla4tm90.csv,0.4,a,2.4,
1010,1.8,0.01,1,10.0,0.0,136.5,14,30.3,4,0.0,1,100.0,0.0055,0.0,0.0,0,1,270,4,crash,clip,ros_vanilla4tm90.csv,0.4,a,2.4,
1011,1.8,0.01,1,10.0,0.0,136.5,14,30.3,4,0.0,1,100.0,0.0055,0.0,0.0,0,1,273,4,crash,clip,ros_vanilla4tm90.csv,0.4,a,2.4,
1000,1.4,0.01,1,10.0,0.0,136.5,14,30.3,4,0.0,1,100.0,0.0055,0.0,0.0,0,3,811,4,crash,clip,ros_vanilla4tm90.csv,0.4,a,2.4,
1001,1.4,0.01,1,10.0,0.0,136.5,14,30.3,4,0.0,1,100.0,0.0055,0.0,0.0,0,4,1015,4,success,,ros_vanilla4tm90.csv,0.4,a,2.4,
1002,1.4,0.01,1,10.0,0.0,136.5,14,30.3,4,0.0,1,100.0,0.0055,0.0,0.0,0,2,592,4,crash,clip,ros_vanilla4tm90.csv,0.4,a,2.4,
1003,1.4,0.01,1,10.0,0.0,136.5,14,30.3,4,0.0,1,100.0,0.0055,0.0,0.0,0,1,435,4,crash,clip,ros_vanilla4tm90.csv,0.4,a,2.4,
1004,1.4,0.01,1,10.0,0.0,136.5,14,30.3,4,0.0,1,100.0,0.0055,0.0,0.0,0,1,370,4,crash,clip,ros_vanilla4tm90.csv,0.4,a,2.4,
1005,1.4,0.01,1,10.0,0.0,136.5,14,30.3,4,0.0,1,100.0,0.0055,0.0,0.0,0,1,225,4,crash,clip,ros_vanilla4tm90.csv,0.4,a,2.4,
1006,1.4,0.01,1,10.0,0.0,136.5,14,30.3,4,0.0,1,100.0,0.0055,0.0,0.0,0,3,926,4,crash,clip,ros_vanilla4tm90.csv,0.4,a,2.4,
1007,1.4,0.01,1,10.0,0.0,136.5,14,30.3,4,0.0,1,100.0,0.0055,0.0,0.0,0,4,1034,4,success,,ros_vanilla4tm90.csv,0.4,a,2.4,
1008,1.4,0.01,1,10.0,0.0,136.5,14,30.3,4,0.0,1,100.0,0.0055,0.0,0.0,0,2,534,4,crash,clip,ros_vanilla4tm90.csv,0.4,a,2.4,
1009,1.4,0.01,1,10.0,0.0,136.5,14,30.3,4,0.0,1,100.0,0.0055,0.0,0.0,0,2,591,4,crash,clip,ros_vanilla4tm90.csv,0.4,a,2.4,
1010,1.4,0.01,1,10.0,0.0,136.5,14,30.3,4,0.0,1,100.0,0.0055,0.0,0.0,0,3,919,4,crash,clip,ros_vanilla4tm90.csv,0.4,a,2.4,
1011,1.4,0.01,1,10.0,0.0,136.5,14,30.3,4,0.0,1,100.0,0.0055,0.0,0.0,0,2,621,4,crash,clip,ros_vanilla4tm90.csv,0.4,a,2.4,
1000,1.0,0.01,1,10.0,0.0,136.5,14,30.3,4,0.0,1,100.0,0.0055,0.0,0.0,0,1,653,4,crash,clip,ros_vanilla4tm90.csv,0.4,a,2.4,
1001,1.0,0.01,1,10.0,0.0,136.5,14,30.3,4,0.0,1,100.0,0.0055,0.0,0.0,0,2,963,4,crash,clip,ros_vanilla4tm90.csv,0.4,a,2.4,
1002,1.0,0.01,1,10.0,0.0,136.5,14,30.3,4,0.0,1,100.0,0.0055,0.0,0.0,0,2,729,4,crash,clip,ros_vanilla4tm90.csv,0.4,a,2.4,
1003,1.0,0.01,1,10.0,0.0,136.5,14,30.3,4,0.0,1,100.0,0.0055,0.0,0.0,0,4,1463,4,success,,ros_vanilla4tm90.csv,0.4,a,2.4,
1004,1.0,0.01,1,10.0,0.0,136.5,14,30.3,4,0.0,1,100.0,0.0055,0.0,0.0,0,2,1447,4,crash,clip,ros_vanilla4tm90.csv,0.4,a,2.4,
1005,1.0,0.01,1,10.0,0.0,136.5,14,30.3,4,0.0,1,100.0,0.0055,0.0,0.0,0,1,257,4,crash,clip,ros_vanilla4tm90.csv,0.4,a,2.4,
1006,1.0,0.01,1,10.0,0.0,136.5,14,30.3,4,0.0,1,100.0,0.0055,0.0,0.0,0,2,1169,4,crash,clip,ros_vanilla4tm90.csv,0.4,a,2.4,
1007,1.0,0.01,1,10.0,0.0,136.5,14,30.3,4,0.0,1,100.0,0.0055,0.0,0.0,0,1,764,4,crash,clip,ros_vanilla4tm90.csv,0.4,a,2.4,
1008,1.0,0.01,1,10.0,0.0,136.5,14,30.3,4,0.0,1,100.0,0.0055,0.0,0.0,0,2,631,4,crash,clip,ros_vanilla4tm90.csv,0.4,a,2.4,
1009,1.0,0.01,1,10.0,0.0,136.5,14,30.3,4,0.0,1,100.0,0.0055,0.0,0.0,0,0,908,4,crash,clip,ros_vanilla4tm90.csv,0.4,a,2.4,
1010,1.0,0.01,1,10.0,0.0,136.5,14,30.3,4,0.0,1,100.0,0.0055,0.0,0.0,0,3,1423,4,crash,clip,ros_vanilla4tm90.csv,0.4,a,2.4,
1011,1.0,0.01,1,10.0,0.0,136.5,14,30.3,4,0.0,1,100.0,0.0055,0.0,0.0,0,4,1431,4,success,,ros_vanilla4tm90.csv,0.4,a,2.4,
1000,1.6,0.01,1,10.0,0.0,136.5,14,30.3,4,0.0,1,100.0,0.0055,0.0,0.0,0,2,584,4,crash,clip,ros_vanilla4tm90.csv,0.4,a,2.4,
1001,1.6,0.01,1,10.0,0.0,136.5,14,30.3,4,0.0,1,100.0,0.0055,0.0,0.0,0,1,327,4,crash,clip,ros_vanilla4tm90.csv,0.4,a,2.4,
1002,1.6,0.01,1,10.0,0.0,136.5,14,30.3,4,0.0,1,100.0,0.0055,0.0,0.0,0,0,147,4,crash,clip,ros_vanilla4tm90.csv,0.4,a,2.4,
1003,1.6,0.01,1,10.0,0.0,136.5,14,30.3,4,0.0,1,100.0,0.0055,0.0,0.0,0,1,327,4,crash,clip,ros_vanilla4tm90.csv,0.4,a,2.4,
1004,1.6,0.01,1,10.0,0.0,136.5,14,30.3,4,0.0,1,100.0,0.0055,0.0,0.0,0,2,606,4,crash,clip,ros_vanilla4tm90.csv,0.4,a,2.4,
1005,1.6,0.01,1,10.0,0.0,136.5,14,30.3,4,0.0,1,100.0,0.0055,0.0,0.0,0,1,300,4,crash,clip,ros_vanilla4tm90.csv,0.4,a,2.4,
1006,1.6,0.01,1,10.0,0.0,136.5,14,30.3,4,0.0,1,100.0,0.0055,0.0,0.0,0,1,243,4,crash,clip,ros_vanilla4tm90.csv,0.4,a,2.4,
1007,1.6,0.01,1,10.0,0.0,136.5,14,30.3,4,0.0,1,100.0,0.0055,0.0,0.0,0,4,914,4,success,,ros_vanilla4tm90.csv,0.4,a,2.4,
1008,1.6,0.01,1,10.0,0.0,136.5,14,30.3,4,0.0,1,100.0,0.0055,0.0,0.0,0,4,875,4,success,,ros_vanilla4tm90.csv,0.4,a,2.4,
1009,1.6,0.01,1,10.0,0.0,136.5,14,30.3,4,0.0,1,100.0,0.0055,0.0,0.0,0,2,536,4,crash,clip,ros_vanilla4tm90.csv,0.4,a,2.4,
1010,1.6,0.01,1,10.0,0.0,136.5,14,30.3,4,0.0,1,100.0,0.0055,0.0,0.0,0,4,893,4,success,,ros_vanilla4tm90.csv,0.4,a,2.4,
1011,1.6,0.01,1,10.0,0.0,136.5,14,30.3,4,0.0,1,100.0,0.0055,0.0,0.0,0,2,1599,4,crash,clip,ros_vanilla4tm90.csv,0.4,a,2.4,
1000,1.2,0.01,1,10.0,0.0,136.5,14,30.3,4,0.0,1,100.0,0.0055,0.0,0.0,0,4,1189,4,success,,ros_vanilla4tm90.csv,0.4,a,2.4,
1001,1.2,0.01,1,10.0,0.0,136.5,14,30.3,4,0.0,1,100.0,0.0055,0.0,0.0,0,4,1178,4,success,,ros_vanilla4tm90.csv,0.4,a,2.4,
1002,1.2,0.01,1,10.0,0.0,136.5,14,30.3,4,0.0,1,100.0,0.0055,0.0,0.0,0,2,651,4,crash,clip,ros_vanilla4tm90.csv,0.4,a,2.4,
1003,1.2,0.01,1,10.0,0.0,136.5,14,30.3,4,0.0,1,100.0,0.0055,0.0,0.0,0,4,1217,4,success,,ros_vanilla4tm90.csv,0.4,a,2.4,
1004,1.2,0.01,1,10.0,0.0,136.5,14,30.3,4,0.0,1,100.0,0.0055,0.0,0.0,0,1,450,4,crash,clip,ros_vanilla4tm90.csv,0.4,a,2.4,
1005,1.2,0.01,1,10.0,0.0,136.5,14,30.3,4,0.0,1,100.0,0.0055,0.0,0.0,0,1,235,4,crash,clip,ros_vanilla4tm90.csv,0.4,a,2.4,
1006,1.2,0.01,1,10.0,0.0,136.5,14,30.3,4,0.0,1,100.0,0.0055,0.0,0.0,0,3,1001,4,crash,clip,ros_vanilla4tm90.csv,0.4,a,2.4,
1007,1.2,0.01,1,10.0,0.0,136.5,14,30.3,4,0.0,1,100.0,0.0055,0.0,0.0,0,2,770,4,crash,clip,ros_vanilla4tm90.csv,0.4,a,2.4,
1008,1.2,0.01,1,10.0,0.0,136.5,14,30.3,4,0.0,1,100.0,0.0055,0.0,0.0,0,1,430,4,crash,clip,ros_vanilla4tm90.csv,0.4,a,2.4,
1009,1.2,0.01,1,10.0,0.0,136.5,14,30.3,4,0.0,1,100.0,0.0055,0.0,0.0,0,1,348,4,crash,clip,ros_vanilla4tm90.csv,0.4,a,2.4,
1010,1.2,0.01,1,10.0,0.0,136.5,14,30.3,4,0.0,1,100.0,0.0055,0.0,0.0,0,3,1167,4,crash,clip,ros_vanilla4tm90.csv,0.4,a,2.4,
1011,1.2,0.01,1,10.0,0.0,136.5,14,30.3,4,0.0,1,100.0,0.0055,0.0,0.0,0,0,384,4,crash,clip,ros_vanilla4tm90.csv,0.4,a,2.4,
1000,1.8,0.01,1,10.0,0.0,59.9,6,8.3,1,0.0,1,96.24,0.0055,0.0,0.0,0,2,493,4,crash,clip,xpu_a_cpsat_hard.csv,0.4,a,2.4,
1001,1.8,0.01,1,10.0,0.0,59.9,6,8.3,1,0.0,1,96.24,0.0055,0.0,0.0,0,4,802,4,success,,xpu_a_cpsat_hard.csv,0.4,a,2.4,
1002,1.8,0.01,1,10.0,0.0,59.9,6,8.3,1,0.0,1,96.24,0.0055,0.0,0.0,0,1,181,4,crash,clip,xpu_a_cpsat_hard.csv,0.4,a,2.4,
1003,1.8,0.01,1,10.0,0.0,59.9,6,8.3,1,0.0,1,96.24,0.0055,0.0,0.0,0,1,305,4,crash,clip,xpu_a_cpsat_hard.csv,0.4,a,2.4,
1004,1.8,0.01,1,10.0,0.0,59.9,6,8.3,1,0.0,1,96.24,0.0055,0.0,0.0,0,1,309,4,crash,clip,xpu_a_cpsat_hard.csv,0.4,a,2.4,
1005,1.8,0.01,1,10.0,0.0,59.9,6,8.3,1,0.0,1,96.24,0.0055,0.0,0.0,0,1,291,4,crash,clip,xpu_a_cpsat_hard.csv,0.4,a,2.4,
1006,1.8,0.01,1,10.0,0.0,59.9,6,8.3,1,0.0,1,96.24,0.0055,0.0,0.0,0,1,311,4,crash,clip,xpu_a_cpsat_hard.csv,0.4,a,2.4,
1007,1.8,0.01,1,10.0,0.0,59.9,6,8.3,1,0.0,1,96.24,0.0055,0.0,0.0,0,4,817,4,success,,xpu_a_cpsat_hard.csv,0.4,a,2.4,
1008,1.8,0.01,1,10.0,0.0,59.9,6,8.3,1,0.0,1,96.24,0.0055,0.0,0.0,0,4,782,4,success,,xpu_a_cpsat_hard.csv,0.4,a,2.4,
1009,1.8,0.01,1,10.0,0.0,59.9,6,8.3,1,0.0,1,96.24,0.0055,0.0,0.0,0,1,251,4,crash,clip,xpu_a_cpsat_hard.csv,0.4,a,2.4,
1010,1.8,0.01,1,10.0,0.0,59.9,6,8.3,1,0.0,1,96.24,0.0055,0.0,0.0,0,3,724,4,crash,clip,xpu_a_cpsat_hard.csv,0.4,a,2.4,
1011,1.8,0.01,1,10.0,0.0,59.9,6,8.3,1,0.0,1,96.24,0.0055,0.0,0.0,0,0,128,4,crash,clip,xpu_a_cpsat_hard.csv,0.4,a,2.4,
1000,1.4,0.01,1,10.0,0.0,59.9,6,8.3,1,0.0,1,96.24,0.0055,0.0,0.0,0,2,662,4,crash,clip,xpu_a_cpsat_hard.csv,0.4,a,2.4,
1001,1.4,0.01,1,10.0,0.0,59.9,6,8.3,1,0.0,1,96.24,0.0055,0.0,0.0,0,4,1014,4,success,,xpu_a_cpsat_hard.csv,0.4,a,2.4,
1002,1.4,0.01,1,10.0,0.0,59.9,6,8.3,1,0.0,1,96.24,0.0055,0.0,0.0,0,2,588,4,crash,clip,xpu_a_cpsat_hard.csv,0.4,a,2.4,
1003,1.4,0.01,1,10.0,0.0,59.9,6,8.3,1,0.0,1,96.24,0.0055,0.0,0.0,0,4,1046,4,success,,xpu_a_cpsat_hard.csv,0.4,a,2.4,
1004,1.4,0.01,1,10.0,0.0,59.9,6,8.3,1,0.0,1,96.24,0.0055,0.0,0.0,0,1,475,4,crash,clip,xpu_a_cpsat_hard.csv,0.4,a,2.4,
1005,1.4,0.01,1,10.0,0.0,59.9,6,8.3,1,0.0,1,96.24,0.0055,0.0,0.0,0,2,623,4,crash,clip,xpu_a_cpsat_hard.csv,0.4,a,2.4,
1006,1.4,0.01,1,10.0,0.0,59.9,6,8.3,1,0.0,1,96.24,0.0055,0.0,0.0,0,3,920,4,crash,clip,xpu_a_cpsat_hard.csv,0.4,a,2.4,
1007,1.4,0.01,1,10.0,0.0,59.9,6,8.3,1,0.0,1,96.24,0.0055,0.0,0.0,0,2,854,4,crash,clip,xpu_a_cpsat_hard.csv,0.4,a,2.4,
1008,1.4,0.01,1,10.0,0.0,59.9,6,8.3,1,0.0,1,96.24,0.0055,0.0,0.0,0,1,387,4,crash,clip,xpu_a_cpsat_hard.csv,0.4,a,2.4,
1009,1.4,0.01,1,10.0,0.0,59.9,6,8.3,1,0.0,1,96.24,0.0055,0.0,0.0,0,1,361,4,crash,clip,xpu_a_cpsat_hard.csv,0.4,a,2.4,
1010,1.4,0.01,1,10.0,0.0,59.9,6,8.3,1,0.0,1,96.24,0.0055,0.0,0.0,0,3,881,4,crash,clip,xpu_a_cpsat_hard.csv,0.4,a,2.4,
1011,1.4,0.01,1,10.0,0.0,59.9,6,8.3,1,0.0,1,96.24,0.0055,0.0,0.0,0,1,412,4,crash,clip,xpu_a_cpsat_hard.csv,0.4,a,2.4,
1000,1.0,0.01,1,10.0,0.0,59.9,6,8.3,1,0.0,1,96.24,0.0055,0.0,0.0,0,1,657,4,crash,clip,xpu_a_cpsat_hard.csv,0.4,a,2.4,
1001,1.0,0.01,1,10.0,0.0,59.9,6,8.3,1,0.0,1,96.24,0.0055,0.0,0.0,0,1,594,4,crash,clip,xpu_a_cpsat_hard.csv,0.4,a,2.4,
1002,1.0,0.01,1,10.0,0.0,59.9,6,8.3,1,0.0,1,96.24,0.0055,0.0,0.0,0,2,726,4,crash,clip,xpu_a_cpsat_hard.csv,0.4,a,2.4,
1003,1.0,0.01,1,10.0,0.0,59.9,6,8.3,1,0.0,1,96.24,0.0055,0.0,0.0,0,1,737,4,crash,clip,xpu_a_cpsat_hard.csv,0.4,a,2.4,
1004,1.0,0.01,1,10.0,0.0,59.9,6,8.3,1,0.0,1,96.24,0.0055,0.0,0.0,0,2,918,4,crash,clip,xpu_a_cpsat_hard.csv,0.4,a,2.4,
1005,1.0,0.01,1,10.0,0.0,59.9,6,8.3,1,0.0,1,96.24,0.0055,0.0,0.0,0,3,1193,4,crash,clip,xpu_a_cpsat_hard.csv,0.4,a,2.4,
1006,1.0,0.01,1,10.0,0.0,59.9,6,8.3,1,0.0,1,96.24,0.0055,0.0,0.0,0,2,913,4,crash,clip,xpu_a_cpsat_hard.csv,0.4,a,2.4,
1007,1.0,0.01,1,10.0,0.0,59.9,6,8.3,1,0.0,1,96.24,0.0055,0.0,0.0,0,3,1277,4,crash,clip,xpu_a_cpsat_hard.csv,0.4,a,2.4,
1008,1.0,0.01,1,10.0,0.0,59.9,6,8.3,1,0.0,1,96.24,0.0055,0.0,0.0,0,2,627,4,crash,clip,xpu_a_cpsat_hard.csv,0.4,a,2.4,
1009,1.0,0.01,1,10.0,0.0,59.9,6,8.3,1,0.0,1,96.24,0.0055,0.0,0.0,0,0,1800,4,timeout,,xpu_a_cpsat_hard.csv,0.4,a,2.4,
1010,1.0,0.01,1,10.0,0.0,59.9,6,8.3,1,0.0,1,96.24,0.0055,0.0,0.0,0,3,1565,4,crash,clip,xpu_a_cpsat_hard.csv,0.4,a,2.4,
1011,1.0,0.01,1,10.0,0.0,59.9,6,8.3,1,0.0,1,96.24,0.0055,0.0,0.0,0,0,428,4,crash,clip,xpu_a_cpsat_hard.csv,0.4,a,2.4,
1000,1.6,0.01,1,10.0,0.0,59.9,6,8.3,1,0.0,1,96.24,0.0055,0.0,0.0,0,2,548,4,crash,clip,xpu_a_cpsat_hard.csv,0.4,a,2.4,
1001,1.6,0.01,1,10.0,0.0,59.9,6,8.3,1,0.0,1,96.24,0.0055,0.0,0.0,0,1,312,4,crash,clip,xpu_a_cpsat_hard.csv,0.4,a,2.4,
1002,1.6,0.01,1,10.0,0.0,59.9,6,8.3,1,0.0,1,96.24,0.0055,0.0,0.0,0,1,220,4,crash,clip,xpu_a_cpsat_hard.csv,0.4,a,2.4,
1003,1.6,0.01,1,10.0,0.0,59.9,6,8.3,1,0.0,1,96.24,0.0055,0.0,0.0,0,4,937,4,success,,xpu_a_cpsat_hard.csv,0.4,a,2.4,
1004,1.6,0.01,1,10.0,0.0,59.9,6,8.3,1,0.0,1,96.24,0.0055,0.0,0.0,0,3,705,4,crash,clip,xpu_a_cpsat_hard.csv,0.4,a,2.4,
1005,1.6,0.01,1,10.0,0.0,59.9,6,8.3,1,0.0,1,96.24,0.0055,0.0,0.0,0,1,656,4,crash,clip,xpu_a_cpsat_hard.csv,0.4,a,2.4,
1006,1.6,0.01,1,10.0,0.0,59.9,6,8.3,1,0.0,1,96.24,0.0055,0.0,0.0,0,2,668,4,crash,clip,xpu_a_cpsat_hard.csv,0.4,a,2.4,
1007,1.6,0.01,1,10.0,0.0,59.9,6,8.3,1,0.0,1,96.24,0.0055,0.0,0.0,0,4,912,4,success,,xpu_a_cpsat_hard.csv,0.4,a,2.4,
1008,1.6,0.01,1,10.0,0.0,59.9,6,8.3,1,0.0,1,96.24,0.0055,0.0,0.0,0,1,294,4,crash,clip,xpu_a_cpsat_hard.csv,0.4,a,2.4,
1009,1.6,0.01,1,10.0,0.0,59.9,6,8.3,1,0.0,1,96.24,0.0055,0.0,0.0,0,1,267,4,crash,clip,xpu_a_cpsat_hard.csv,0.4,a,2.4,
1010,1.6,0.01,1,10.0,0.0,59.9,6,8.3,1,0.0,1,96.24,0.0055,0.0,0.0,0,1,273,4,crash,clip,xpu_a_cpsat_hard.csv,0.4,a,2.4,
1011,1.6,0.01,1,10.0,0.0,59.9,6,8.3,1,0.0,1,96.24,0.0055,0.0,0.0,0,1,322,4,crash,clip,xpu_a_cpsat_hard.csv,0.4,a,2.4,
1000,1.2,0.01,1,10.0,0.0,59.9,6,8.3,1,0.0,1,96.24,0.0055,0.0,0.0,0,3,942,4,crash,clip,xpu_a_cpsat_hard.csv,0.4,a,2.4,
1001,1.2,0.01,1,10.0,0.0,59.9,6,8.3,1,0.0,1,96.24,0.0055,0.0,0.0,0,2,1378,4,crash,clip,xpu_a_cpsat_hard.csv,0.4,a,2.4,
1002,1.2,0.01,1,10.0,0.0,59.9,6,8.3,1,0.0,1,96.24,0.0055,0.0,0.0,0,2,655,4,crash,clip,xpu_a_cpsat_hard.csv,0.4,a,2.4,
1003,1.2,0.01,1,10.0,0.0,59.9,6,8.3,1,0.0,1,96.24,0.0055,0.0,0.0,0,2,1297,4,crash,clip,xpu_a_cpsat_hard.csv,0.4,a,2.4,
1004,1.2,0.01,1,10.0,0.0,59.9,6,8.3,1,0.0,1,96.24,0.0055,0.0,0.0,0,2,829,4,crash,clip,xpu_a_cpsat_hard.csv,0.4,a,2.4,
1005,1.2,0.01,1,10.0,0.0,59.9,6,8.3,1,0.0,1,96.24,0.0055,0.0,0.0,0,1,432,4,crash,clip,xpu_a_cpsat_hard.csv,0.4,a,2.4,
1006,1.2,0.01,1,10.0,0.0,59.9,6,8.3,1,0.0,1,96.24,0.0055,0.0,0.0,0,3,1015,4,crash,clip,xpu_a_cpsat_hard.csv,0.4,a,2.4,
1007,1.2,0.01,1,10.0,0.0,59.9,6,8.3,1,0.0,1,96.24,0.0055,0.0,0.0,0,3,1418,4,crash,clip,xpu_a_cpsat_hard.csv,0.4,a,2.4,
1008,1.2,0.01,1,10.0,0.0,59.9,6,8.3,1,0.0,1,96.24,0.0055,0.0,0.0,0,1,338,4,crash,clip,xpu_a_cpsat_hard.csv,0.4,a,2.4,
1009,1.2,0.01,1,10.0,0.0,59.9,6,8.3,1,0.0,1,96.24,0.0055,0.0,0.0,0,3,1074,4,crash,clip,xpu_a_cpsat_hard.csv,0.4,a,2.4,
1010,1.2,0.01,1,10.0,0.0,59.9,6,8.3,1,0.0,1,96.24,0.0055,0.0,0.0,0,1,405,4,crash,clip,xpu_a_cpsat_hard.csv,0.4,a,2.4,
1011,1.2,0.01,1,10.0,0.0,59.9,6,8.3,1,0.0,1,96.24,0.0055,0.0,0.0,0,2,834,4,crash,clip,xpu_a_cpsat_hard.csv,0.4,a,2.4,
1000,1.8,0.01,1,10.0,0.0,947.5,95,0.0,1,0.0,1,35.78,0.0055,0.0,0.0,0,0,185,4,crash,ground,xpu_a90_greedy.csv,0.4,a,2.4,
1001,1.8,0.01,1,10.0,0.0,947.5,95,0.0,1,0.0,1,35.78,0.0055,0.0,0.0,0,0,183,4,crash,ground,xpu_a90_greedy.csv,0.4,a,2.4,
1002,1.8,0.01,1,10.0,0.0,947.5,95,0.0,1,0.0,1,35.78,0.0055,0.0,0.0,0,0,183,4,crash,ground,xpu_a90_greedy.csv,0.4,a,2.4,
1003,1.8,0.01,1,10.0,0.0,947.5,95,0.0,1,0.0,1,35.78,0.0055,0.0,0.0,0,0,183,4,crash,ground,xpu_a90_greedy.csv,0.4,a,2.4,
1004,1.8,0.01,1,10.0,0.0,947.5,95,0.0,1,0.0,1,35.78,0.0055,0.0,0.0,0,0,182,4,crash,ground,xpu_a90_greedy.csv,0.4,a,2.4,
1005,1.8,0.01,1,10.0,0.0,947.5,95,0.0,1,0.0,1,35.78,0.0055,0.0,0.0,0,0,183,4,crash,ground,xpu_a90_greedy.csv,0.4,a,2.4,
1006,1.8,0.01,1,10.0,0.0,947.5,95,0.0,1,0.0,1,35.78,0.0055,0.0,0.0,0,0,183,4,crash,ground,xpu_a90_greedy.csv,0.4,a,2.4,
1007,1.8,0.01,1,10.0,0.0,947.5,95,0.0,1,0.0,1,35.78,0.0055,0.0,0.0,0,0,182,4,crash,ground,xpu_a90_greedy.csv,0.4,a,2.4,
1008,1.8,0.01,1,10.0,0.0,947.5,95,0.0,1,0.0,1,35.78,0.0055,0.0,0.0,0,0,185,4,crash,ground,xpu_a90_greedy.csv,0.4,a,2.4,
1009,1.8,0.01,1,10.0,0.0,947.5,95,0.0,1,0.0,1,35.78,0.0055,0.0,0.0,0,0,184,4,crash,ground,xpu_a90_greedy.csv,0.4,a,2.4,
1010,1.8,0.01,1,10.0,0.0,947.5,95,0.0,1,0.0,1,35.78,0.0055,0.0,0.0,0,0,183,4,crash,ground,xpu_a90_greedy.csv,0.4,a,2.4,
1011,1.8,0.01,1,10.0,0.0,947.5,95,0.0,1,0.0,1,35.78,0.0055,0.0,0.0,0,0,181,4,crash,ground,xpu_a90_greedy.csv,0.4,a,2.4,
1000,1.4,0.01,1,10.0,0.0,947.5,95,0.0,1,0.0,1,35.78,0.0055,0.0,0.0,0,0,188,4,crash,ground,xpu_a90_greedy.csv,0.4,a,2.4,
1001,1.4,0.01,1,10.0,0.0,947.5,95,0.0,1,0.0,1,35.78,0.0055,0.0,0.0,0,0,186,4,crash,ground,xpu_a90_greedy.csv,0.4,a,2.4,
1002,1.4,0.01,1,10.0,0.0,947.5,95,0.0,1,0.0,1,35.78,0.0055,0.0,0.0,0,0,187,4,crash,ground,xpu_a90_greedy.csv,0.4,a,2.4,
1003,1.4,0.01,1,10.0,0.0,947.5,95,0.0,1,0.0,1,35.78,0.0055,0.0,0.0,0,0,187,4,crash,ground,xpu_a90_greedy.csv,0.4,a,2.4,
1004,1.4,0.01,1,10.0,0.0,947.5,95,0.0,1,0.0,1,35.78,0.0055,0.0,0.0,0,0,186,4,crash,ground,xpu_a90_greedy.csv,0.4,a,2.4,
1005,1.4,0.01,1,10.0,0.0,947.5,95,0.0,1,0.0,1,35.78,0.0055,0.0,0.0,0,0,186,4,crash,ground,xpu_a90_greedy.csv,0.4,a,2.4,
1006,1.4,0.01,1,10.0,0.0,947.5,95,0.0,1,0.0,1,35.78,0.0055,0.0,0.0,0,0,187,4,crash,ground,xpu_a90_greedy.csv,0.4,a,2.4,
1007,1.4,0.01,1,10.0,0.0,947.5,95,0.0,1,0.0,1,35.78,0.0055,0.0,0.0,0,0,186,4,crash,ground,xpu_a90_greedy.csv,0.4,a,2.4,
1008,1.4,0.01,1,10.0,0.0,947.5,95,0.0,1,0.0,1,35.78,0.0055,0.0,0.0,0,0,188,4,crash,ground,xpu_a90_greedy.csv,0.4,a,2.4,
1009,1.4,0.01,1,10.0,0.0,947.5,95,0.0,1,0.0,1,35.78,0.0055,0.0,0.0,0,0,188,4,crash,ground,xpu_a90_greedy.csv,0.4,a,2.4,
1010,1.4,0.01,1,10.0,0.0,947.5,95,0.0,1,0.0,1,35.78,0.0055,0.0,0.0,0,0,187,4,crash,ground,xpu_a90_greedy.csv,0.4,a,2.4,
1011,1.4,0.01,1,10.0,0.0,947.5,95,0.0,1,0.0,1,35.78,0.0055,0.0,0.0,0,0,184,4,crash,ground,xpu_a90_greedy.csv,0.4,a,2.4,
1000,1.0,0.01,1,10.0,0.0,947.5,95,0.0,1,0.0,1,35.78,0.0055,0.0,0.0,0,0,192,4,crash,ground,xpu_a90_greedy.csv,0.4,a,2.4,
1001,1.0,0.01,1,10.0,0.0,947.5,95,0.0,1,0.0,1,35.78,0.0055,0.0,0.0,0,0,190,4,crash,ground,xpu_a90_greedy.csv,0.4,a,2.4,
1002,1.0,0.01,1,10.0,0.0,947.5,95,0.0,1,0.0,1,35.78,0.0055,0.0,0.0,0,0,191,4,crash,ground,xpu_a90_greedy.csv,0.4,a,2.4,
1003,1.0,0.01,1,10.0,0.0,947.5,95,0.0,1,0.0,1,35.78,0.0055,0.0,0.0,0,0,190,4,crash,ground,xpu_a90_greedy.csv,0.4,a,2.4,
1004,1.0,0.01,1,10.0,0.0,947.5,95,0.0,1,0.0,1,35.78,0.0055,0.0,0.0,0,0,189,4,crash,ground,xpu_a90_greedy.csv,0.4,a,2.4,
1005,1.0,0.01,1,10.0,0.0,947.5,95,0.0,1,0.0,1,35.78,0.0055,0.0,0.0,0,0,190,4,crash,ground,xpu_a90_greedy.csv,0.4,a,2.4,
1006,1.0,0.01,1,10.0,0.0,947.5,95,0.0,1,0.0,1,35.78,0.0055,0.0,0.0,0,0,190,4,crash,ground,xpu_a90_greedy.csv,0.4,a,2.4,
1007,1.0,0.01,1,10.0,0.0,947.5,95,0.0,1,0.0,1,35.78,0.0055,0.0,0.0,0,0,190,4,crash,ground,xpu_a90_greedy.csv,0.4,a,2.4,
1008,1.0,0.01,1,10.0,0.0,947.5,95,0.0,1,0.0,1,35.78,0.0055,0.0,0.0,0,0,192,4,crash,ground,xpu_a90_greedy.csv,0.4,a,2.4,
1009,1.0,0.01,1,10.0,0.0,947.5,95,0.0,1,0.0,1,35.78,0.0055,0.0,0.0,0,0,191,4,crash,ground,xpu_a90_greedy.csv,0.4,a,2.4,
1010,1.0,0.01,1,10.0,0.0,947.5,95,0.0,1,0.0,1,35.78,0.0055,0.0,0.0,0,0,190,4,crash,ground,xpu_a90_greedy.csv,0.4,a,2.4,
1011,1.0,0.01,1,10.0,0.0,947.5,95,0.0,1,0.0,1,35.78,0.0055,0.0,0.0,0,0,189,4,crash,ground,xpu_a90_greedy.csv,0.4,a,2.4,
1000,1.6,0.01,1,10.0,0.0,947.5,95,0.0,1,0.0,1,35.78,0.0055,0.0,0.0,0,0,187,4,crash,ground,xpu_a90_greedy.csv,0.4,a,2.4,
1001,1.6,0.01,1,10.0,0.0,947.5,95,0.0,1,0.0,1,35.78,0.0055,0.0,0.0,0,0,184,4,crash,ground,xpu_a90_greedy.csv,0.4,a,2.4,
1002,1.6,0.01,1,10.0,0.0,947.5,95,0.0,1,0.0,1,35.78,0.0055,0.0,0.0,0,0,187,4,crash,ground,xpu_a90_greedy.csv,0.4,a,2.4,
1003,1.6,0.01,1,10.0,0.0,947.5,95,0.0,1,0.0,1,35.78,0.0055,0.0,0.0,0,0,185,4,crash,ground,xpu_a90_greedy.csv,0.4,a,2.4,
1004,1.6,0.01,1,10.0,0.0,947.5,95,0.0,1,0.0,1,35.78,0.0055,0.0,0.0,0,0,183,4,crash,ground,xpu_a90_greedy.csv,0.4,a,2.4,
1005,1.6,0.01,1,10.0,0.0,947.5,95,0.0,1,0.0,1,35.78,0.0055,0.0,0.0,0,0,184,4,crash,ground,xpu_a90_greedy.csv,0.4,a,2.4,
1006,1.6,0.01,1,10.0,0.0,947.5,95,0.0,1,0.0,1,35.78,0.0055,0.0,0.0,0,0,185,4,crash,ground,xpu_a90_greedy.csv,0.4,a,2.4,
1007,1.6,0.01,1,10.0,0.0,947.5,95,0.0,1,0.0,1,35.78,0.0055,0.0,0.0,0,0,185,4,crash,ground,xpu_a90_greedy.csv,0.4,a,2.4,
1008,1.6,0.01,1,10.0,0.0,947.5,95,0.0,1,0.0,1,35.78,0.0055,0.0,0.0,0,0,187,4,crash,ground,xpu_a90_greedy.csv,0.4,a,2.4,
1009,1.6,0.01,1,10.0,0.0,947.5,95,0.0,1,0.0,1,35.78,0.0055,0.0,0.0,0,0,187,4,crash,ground,xpu_a90_greedy.csv,0.4,a,2.4,
1010,1.6,0.01,1,10.0,0.0,947.5,95,0.0,1,0.0,1,35.78,0.0055,0.0,0.0,0,0,185,4,crash,ground,xpu_a90_greedy.csv,0.4,a,2.4,
1011,1.6,0.01,1,10.0,0.0,947.5,95,0.0,1,0.0,1,35.78,0.0055,0.0,0.0,0,0,183,4,crash,ground,xpu_a90_greedy.csv,0.4,a,2.4,
1000,1.2,0.01,1,10.0,0.0,947.5,95,0.0,1,0.0,1,35.78,0.0055,0.0,0.0,0,0,190,4,crash,ground,xpu_a90_greedy.csv,0.4,a,2.4,
1001,1.2,0.01,1,10.0,0.0,947.5,95,0.0,1,0.0,1,35.78,0.0055,0.0,0.0,0,0,187,4,crash,ground,xpu_a90_greedy.csv,0.4,a,2.4,
1002,1.2,0.01,1,10.0,0.0,947.5,95,0.0,1,0.0,1,35.78,0.0055,0.0,0.0,0,0,188,4,crash,ground,xpu_a90_greedy.csv,0.4,a,2.4,
1003,1.2,0.01,1,10.0,0.0,947.5,95,0.0,1,0.0,1,35.78,0.0055,0.0,0.0,0,0,188,4,crash,ground,xpu_a90_greedy.csv,0.4,a,2.4,
1004,1.2,0.01,1,10.0,0.0,947.5,95,0.0,1,0.0,1,35.78,0.0055,0.0,0.0,0,0,187,4,crash,ground,xpu_a90_greedy.csv,0.4,a,2.4,
1005,1.2,0.01,1,10.0,0.0,947.5,95,0.0,1,0.0,1,35.78,0.0055,0.0,0.0,0,0,188,4,crash,ground,xpu_a90_greedy.csv,0.4,a,2.4,
1006,1.2,0.01,1,10.0,0.0,947.5,95,0.0,1,0.0,1,35.78,0.0055,0.0,0.0,0,0,188,4,crash,ground,xpu_a90_greedy.csv,0.4,a,2.4,
1007,1.2,0.01,1,10.0,0.0,947.5,95,0.0,1,0.0,1,35.78,0.0055,0.0,0.0,0,0,187,4,crash,ground,xpu_a90_greedy.csv,0.4,a,2.4,
1008,1.2,0.01,1,10.0,0.0,947.5,95,0.0,1,0.0,1,35.78,0.0055,0.0,0.0,0,0,189,4,crash,ground,xpu_a90_greedy.csv,0.4,a,2.4,
1009,1.2,0.01,1,10.0,0.0,947.5,95,0.0,1,0.0,1,35.78,0.0055,0.0,0.0,0,0,189,4,crash,ground,xpu_a90_greedy.csv,0.4,a,2.4,
1010,1.2,0.01,1,10.0,0.0,947.5,95,0.0,1,0.0,1,35.78,0.0055,0.0,0.0,0,0,188,4,crash,ground,xpu_a90_greedy.csv,0.4,a,2.4,
1011,1.2,0.01,1,10.0,0.0,947.5,95,0.0,1,0.0,1,35.78,0.0055,0.0,0.0,0,0,186,4,crash,ground,xpu_a90_greedy.csv,0.4,a,2.4,
1000,1.8,0.01,1,10.0,0.0,242.0,24,0.0,1,0.0,1,100.0,0.0055,0.0,0.0,0,2,525,4,crash,clip,ros_vanilla4tm45.csv,0.2,a,2.4,
1001,1.8,0.01,1,10.0,0.0,242.0,24,0.0,1,0.0,1,100.0,0.0055,0.0,0.0,0,0,287,4,crash,clip,ros_vanilla4tm45.csv,0.2,a,2.4,
1002,1.8,0.01,1,10.0,0.0,242.0,24,0.0,1,0.0,1,100.0,0.0055,0.0,0.0,0,1,201,4,crash,clip,ros_vanilla4tm45.csv,0.2,a,2.4,
1003,1.8,0.01,1,10.0,0.0,242.0,24,0.0,1,0.0,1,100.0,0.0055,0.0,0.0,0,4,827,4,success,,ros_vanilla4tm45.csv,0.2,a,2.4,
1004,1.8,0.01,1,10.0,0.0,242.0,24,0.0,1,0.0,1,100.0,0.0055,0.0,0.0,0,2,403,4,crash,clip,ros_vanilla4tm45.csv,0.2,a,2.4,
1005,1.8,0.01,1,10.0,0.0,242.0,24,0.0,1,0.0,1,100.0,0.0055,0.0,0.0,0,2,499,4,crash,clip,ros_vanilla4tm45.csv,0.2,a,2.4,
1006,1.8,0.01,1,10.0,0.0,242.0,24,0.0,1,0.0,1,100.0,0.0055,0.0,0.0,0,1,309,4,crash,clip,ros_vanilla4tm45.csv,0.2,a,2.4,
1007,1.8,0.01,1,10.0,0.0,242.0,24,0.0,1,0.0,1,100.0,0.0055,0.0,0.0,0,1,293,4,crash,clip,ros_vanilla4tm45.csv,0.2,a,2.4,
1008,1.8,0.01,1,10.0,0.0,242.0,24,0.0,1,0.0,1,100.0,0.0055,0.0,0.0,0,0,268,4,crash,clip,ros_vanilla4tm45.csv,0.2,a,2.4,
1009,1.8,0.01,1,10.0,0.0,242.0,24,0.0,1,0.0,1,100.0,0.0055,0.0,0.0,0,1,284,4,crash,clip,ros_vanilla4tm45.csv,0.2,a,2.4,
1010,1.8,0.01,1,10.0,0.0,242.0,24,0.0,1,0.0,1,100.0,0.0055,0.0,0.0,0,2,510,4,crash,clip,ros_vanilla4tm45.csv,0.2,a,2.4,
1011,1.8,0.01,1,10.0,0.0,242.0,24,0.0,1,0.0,1,100.0,0.0055,0.0,0.0,0,3,642,4,crash,clip,ros_vanilla4tm45.csv,0.2,a,2.4,
1000,1.4,0.01,1,10.0,0.0,242.0,24,0.0,1,0.0,1,100.0,0.0055,0.0,0.0,0,1,326,4,crash,clip,ros_vanilla4tm45.csv,0.2,a,2.4,
1001,1.4,0.01,1,10.0,0.0,242.0,24,0.0,1,0.0,1,100.0,0.0055,0.0,0.0,0,4,1048,4,success,,ros_vanilla4tm45.csv,0.2,a,2.4,
1002,1.4,0.01,1,10.0,0.0,242.0,24,0.0,1,0.0,1,100.0,0.0055,0.0,0.0,0,1,330,4,crash,clip,ros_vanilla4tm45.csv,0.2,a,2.4,
1003,1.4,0.01,1,10.0,0.0,242.0,24,0.0,1,0.0,1,100.0,0.0055,0.0,0.0,0,3,857,4,crash,clip,ros_vanilla4tm45.csv,0.2,a,2.4,
1004,1.4,0.01,1,10.0,0.0,242.0,24,0.0,1,0.0,1,100.0,0.0055,0.0,0.0,0,1,388,4,crash,clip,ros_vanilla4tm45.csv,0.2,a,2.4,
1005,1.4,0.01,1,10.0,0.0,242.0,24,0.0,1,0.0,1,100.0,0.0055,0.0,0.0,0,0,478,4,crash,clip,ros_vanilla4tm45.csv,0.2,a,2.4,
1006,1.4,0.01,1,10.0,0.0,242.0,24,0.0,1,0.0,1,100.0,0.0055,0.0,0.0,0,1,273,4,crash,clip,ros_vanilla4tm45.csv,0.2,a,2.4,
1007,1.4,0.01,1,10.0,0.0,242.0,24,0.0,1,0.0,1,100.0,0.0055,0.0,0.0,0,4,1073,4,success,,ros_vanilla4tm45.csv,0.2,a,2.4,
1008,1.4,0.01,1,10.0,0.0,242.0,24,0.0,1,0.0,1,100.0,0.0055,0.0,0.0,0,2,463,4,crash,clip,ros_vanilla4tm45.csv,0.2,a,2.4,
1009,1.4,0.01,1,10.0,0.0,242.0,24,0.0,1,0.0,1,100.0,0.0055,0.0,0.0,0,1,344,4,crash,clip,ros_vanilla4tm45.csv,0.2,a,2.4,
1010,1.4,0.01,1,10.0,0.0,242.0,24,0.0,1,0.0,1,100.0,0.0055,0.0,0.0,0,1,820,4,crash,clip,ros_vanilla4tm45.csv,0.2,a,2.4,
1011,1.4,0.01,1,10.0,0.0,242.0,24,0.0,1,0.0,1,100.0,0.0055,0.0,0.0,0,0,136,4,crash,clip,ros_vanilla4tm45.csv,0.2,a,2.4,
1000,1.0,0.01,1,10.0,0.0,242.0,24,0.0,1,0.0,1,100.0,0.0055,0.0,0.0,0,1,444,4,crash,clip,ros_vanilla4tm45.csv,0.2,a,2.4,
1001,1.0,0.01,1,10.0,0.0,242.0,24,0.0,1,0.0,1,100.0,0.0055,0.0,0.0,0,1,598,4,crash,clip,ros_vanilla4tm45.csv,0.2,a,2.4,
1002,1.0,0.01,1,10.0,0.0,242.0,24,0.0,1,0.0,1,100.0,0.0055,0.0,0.0,0,3,1514,4,crash,clip,ros_vanilla4tm45.csv,0.2,a,2.4,
1003,1.0,0.01,1,10.0,0.0,242.0,24,0.0,1,0.0,1,100.0,0.0055,0.0,0.0,0,4,1671,4,success,,ros_vanilla4tm45.csv,0.2,a,2.4,
1004,1.0,0.01,1,10.0,0.0,242.0,24,0.0,1,0.0,1,100.0,0.0055,0.0,0.0,0,1,580,4,crash,clip,ros_vanilla4tm45.csv,0.2,a,2.4,
1005,1.0,0.01,1,10.0,0.0,242.0,24,0.0,1,0.0,1,100.0,0.0055,0.0,0.0,0,2,854,4,crash,clip,ros_vanilla4tm45.csv,0.2,a,2.4,
1006,1.0,0.01,1,10.0,0.0,242.0,24,0.0,1,0.0,1,100.0,0.0055,0.0,0.0,0,1,1800,4,timeout,,ros_vanilla4tm45.csv,0.2,a,2.4,
1007,1.0,0.01,1,10.0,0.0,242.0,24,0.0,1,0.0,1,100.0,0.0055,0.0,0.0,0,1,631,4,crash,clip,ros_vanilla4tm45.csv,0.2,a,2.4,
1008,1.0,0.01,1,10.0,0.0,242.0,24,0.0,1,0.0,1,100.0,0.0055,0.0,0.0,0,2,969,4,crash,clip,ros_vanilla4tm45.csv,0.2,a,2.4,
1009,1.0,0.01,1,10.0,0.0,242.0,24,0.0,1,0.0,1,100.0,0.0055,0.0,0.0,0,0,447,4,crash,clip,ros_vanilla4tm45.csv,0.2,a,2.4,
1010,1.0,0.01,1,10.0,0.0,242.0,24,0.0,1,0.0,1,100.0,0.0055,0.0,0.0,0,1,512,4,crash,clip,ros_vanilla4tm45.csv,0.2,a,2.4,
1011,1.0,0.01,1,10.0,0.0,242.0,24,0.0,1,0.0,1,100.0,0.0055,0.0,0.0,0,3,1410,4,crash,clip,ros_vanilla4tm45.csv,0.2,a,2.4,
1000,1.6,0.01,1,10.0,0.0,242.0,24,0.0,1,0.0,1,100.0,0.0055,0.0,0.0,0,2,585,4,crash,clip,ros_vanilla4tm45.csv,0.2,a,2.4,
1001,1.6,0.01,1,10.0,0.0,242.0,24,0.0,1,0.0,1,100.0,0.0055,0.0,0.0,0,1,203,4,crash,clip,ros_vanilla4tm45.csv,0.2,a,2.4,
1002,1.6,0.01,1,10.0,0.0,242.0,24,0.0,1,0.0,1,100.0,0.0055,0.0,0.0,0,1,222,4,crash,clip,ros_vanilla4tm45.csv,0.2,a,2.4,
1003,1.6,0.01,1,10.0,0.0,242.0,24,0.0,1,0.0,1,100.0,0.0055,0.0,0.0,0,4,922,4,success,,ros_vanilla4tm45.csv,0.2,a,2.4,
1004,1.6,0.01,1,10.0,0.0,242.0,24,0.0,1,0.0,1,100.0,0.0055,0.0,0.0,0,1,435,4,crash,clip,ros_vanilla4tm45.csv,0.2,a,2.4,
1005,1.6,0.01,1,10.0,0.0,242.0,24,0.0,1,0.0,1,100.0,0.0055,0.0,0.0,0,1,366,4,crash,clip,ros_vanilla4tm45.csv,0.2,a,2.4,
1006,1.6,0.01,1,10.0,0.0,242.0,24,0.0,1,0.0,1,100.0,0.0055,0.0,0.0,0,1,319,4,crash,clip,ros_vanilla4tm45.csv,0.2,a,2.4,
1007,1.6,0.01,1,10.0,0.0,242.0,24,0.0,1,0.0,1,100.0,0.0055,0.0,0.0,0,4,917,4,success,,ros_vanilla4tm45.csv,0.2,a,2.4,
1008,1.6,0.01,1,10.0,0.0,242.0,24,0.0,1,0.0,1,100.0,0.0055,0.0,0.0,0,1,332,4,crash,clip,ros_vanilla4tm45.csv,0.2,a,2.4,
1009,1.6,0.01,1,10.0,0.0,242.0,24,0.0,1,0.0,1,100.0,0.0055,0.0,0.0,0,1,337,4,crash,clip,ros_vanilla4tm45.csv,0.2,a,2.4,
1010,1.6,0.01,1,10.0,0.0,242.0,24,0.0,1,0.0,1,100.0,0.0055,0.0,0.0,0,4,895,4,success,,ros_vanilla4tm45.csv,0.2,a,2.4,
1011,1.6,0.01,1,10.0,0.0,242.0,24,0.0,1,0.0,1,100.0,0.0055,0.0,0.0,0,1,321,4,crash,clip,ros_vanilla4tm45.csv,0.2,a,2.4,
1000,1.2,0.01,1,10.0,0.0,242.0,24,0.0,1,0.0,1,100.0,0.0055,0.0,0.0,0,1,374,4,crash,clip,ros_vanilla4tm45.csv,0.2,a,2.4,
1001,1.2,0.01,1,10.0,0.0,242.0,24,0.0,1,0.0,1,100.0,0.0055,0.0,0.0,0,2,607,4,crash,clip,ros_vanilla4tm45.csv,0.2,a,2.4,
1002,1.2,0.01,1,10.0,0.0,242.0,24,0.0,1,0.0,1,100.0,0.0055,0.0,0.0,0,2,1539,4,crash,clip,ros_vanilla4tm45.csv,0.2,a,2.4,
1003,1.2,0.01,1,10.0,0.0,242.0,24,0.0,1,0.0,1,100.0,0.0055,0.0,0.0,0,1,339,4,crash,clip,ros_vanilla4tm45.csv,0.2,a,2.4,
1004,1.2,0.01,1,10.0,0.0,242.0,24,0.0,1,0.0,1,100.0,0.0055,0.0,0.0,0,1,481,4,crash,clip,ros_vanilla4tm45.csv,0.2,a,2.4,
1005,1.2,0.01,1,10.0,0.0,242.0,24,0.0,1,0.0,1,100.0,0.0055,0.0,0.0,0,1,610,4,crash,clip,ros_vanilla4tm45.csv,0.2,a,2.4,
1006,1.2,0.01,1,10.0,0.0,242.0,24,0.0,1,0.0,1,100.0,0.0055,0.0,0.0,0,1,432,4,crash,clip,ros_vanilla4tm45.csv,0.2,a,2.4,
1007,1.2,0.01,1,10.0,0.0,242.0,24,0.0,1,0.0,1,100.0,0.0055,0.0,0.0,0,1,396,4,crash,clip,ros_vanilla4tm45.csv,0.2,a,2.4,
1008,1.2,0.01,1,10.0,0.0,242.0,24,0.0,1,0.0,1,100.0,0.0055,0.0,0.0,0,0,744,4,crash,clip,ros_vanilla4tm45.csv,0.2,a,2.4,
1009,1.2,0.01,1,10.0,0.0,242.0,24,0.0,1,0.0,1,100.0,0.0055,0.0,0.0,0,1,484,4,crash,clip,ros_vanilla4tm45.csv,0.2,a,2.4,
1010,1.2,0.01,1,10.0,0.0,242.0,24,0.0,1,0.0,1,100.0,0.0055,0.0,0.0,0,1,425,4,crash,clip,ros_vanilla4tm45.csv,0.2,a,2.4,
1011,1.2,0.01,1,10.0,0.0,242.0,24,0.0,1,0.0,1,100.0,0.0055,0.0,0.0,0,2,776,4,crash,clip,ros_vanilla4tm45.csv,0.2,a,2.4,
1000,1.8,0.01,1,10.0,0.0,55.8,6,0.0,1,0.0,1,100.0,0.0055,0.0,0.0,0,2,493,4,crash,clip,ros_p345.csv,0.2,a,2.4,
1001,1.8,0.01,1,10.0,0.0,55.8,6,0.0,1,0.0,1,100.0,0.0055,0.0,0.0,0,4,801,4,success,,ros_p345.csv,0.2,a,2.4,
1002,1.8,0.01,1,10.0,0.0,55.8,6,0.0,1,0.0,1,100.0,0.0055,0.0,0.0,0,1,180,4,crash,clip,ros_p345.csv,0.2,a,2.4,
1003,1.8,0.01,1,10.0,0.0,55.8,6,0.0,1,0.0,1,100.0,0.0055,0.0,0.0,0,4,826,4,success,,ros_p345.csv,0.2,a,2.4,
1004,1.8,0.01,1,10.0,0.0,55.8,6,0.0,1,0.0,1,100.0,0.0055,0.0,0.0,0,2,533,4,crash,clip,ros_p345.csv,0.2,a,2.4,
1005,1.8,0.01,1,10.0,0.0,55.8,6,0.0,1,0.0,1,100.0,0.0055,0.0,0.0,0,3,601,4,crash,clip,ros_p345.csv,0.2,a,2.4,
1006,1.8,0.01,1,10.0,0.0,55.8,6,0.0,1,0.0,1,100.0,0.0055,0.0,0.0,0,3,751,4,crash,clip,ros_p345.csv,0.2,a,2.4,
1007,1.8,0.01,1,10.0,0.0,55.8,6,0.0,1,0.0,1,100.0,0.0055,0.0,0.0,0,2,489,4,crash,clip,ros_p345.csv,0.2,a,2.4,
1008,1.8,0.01,1,10.0,0.0,55.8,6,0.0,1,0.0,1,100.0,0.0055,0.0,0.0,0,4,782,4,success,,ros_p345.csv,0.2,a,2.4,
1009,1.8,0.01,1,10.0,0.0,55.8,6,0.0,1,0.0,1,100.0,0.0055,0.0,0.0,0,3,609,4,crash,clip,ros_p345.csv,0.2,a,2.4,
1010,1.8,0.01,1,10.0,0.0,55.8,6,0.0,1,0.0,1,100.0,0.0055,0.0,0.0,0,1,322,4,crash,clip,ros_p345.csv,0.2,a,2.4,
1011,1.8,0.01,1,10.0,0.0,55.8,6,0.0,1,0.0,1,100.0,0.0055,0.0,0.0,0,1,300,4,crash,clip,ros_p345.csv,0.2,a,2.4,
1000,1.4,0.01,1,10.0,0.0,55.8,6,0.0,1,0.0,1,100.0,0.0055,0.0,0.0,0,2,624,4,crash,clip,ros_p345.csv,0.2,a,2.4,
1001,1.4,0.01,1,10.0,0.0,55.8,6,0.0,1,0.0,1,100.0,0.0055,0.0,0.0,0,2,694,4,crash,clip,ros_p345.csv,0.2,a,2.4,
1002,1.4,0.01,1,10.0,0.0,55.8,6,0.0,1,0.0,1,100.0,0.0055,0.0,0.0,0,1,256,4,crash,clip,ros_p345.csv,0.2,a,2.4,
1003,1.4,0.01,1,10.0,0.0,55.8,6,0.0,1,0.0,1,100.0,0.0055,0.0,0.0,0,2,684,4,crash,clip,ros_p345.csv,0.2,a,2.4,
1004,1.4,0.01,1,10.0,0.0,55.8,6,0.0,1,0.0,1,100.0,0.0055,0.0,0.0,0,2,761,4,crash,clip,ros_p345.csv,0.2,a,2.4,
1005,1.4,0.01,1,10.0,0.0,55.8,6,0.0,1,0.0,1,100.0,0.0055,0.0,0.0,0,2,697,4,crash,clip,ros_p345.csv,0.2,a,2.4,
1006,1.4,0.01,1,10.0,0.0,55.8,6,0.0,1,0.0,1,100.0,0.0055,0.0,0.0,0,2,683,4,crash,clip,ros_p345.csv,0.2,a,2.4,
1007,1.4,0.01,1,10.0,0.0,55.8,6,0.0,1,0.0,1,100.0,0.0055,0.0,0.0,0,2,536,4,crash,clip,ros_p345.csv,0.2,a,2.4,
1008,1.4,0.01,1,10.0,0.0,55.8,6,0.0,1,0.0,1,100.0,0.0055,0.0,0.0,0,4,994,4,success,,ros_p345.csv,0.2,a,2.4,
1009,1.4,0.01,1,10.0,0.0,55.8,6,0.0,1,0.0,1,100.0,0.0055,0.0,0.0,0,1,559,4,crash,clip,ros_p345.csv,0.2,a,2.4,
1010,1.4,0.01,1,10.0,0.0,55.8,6,0.0,1,0.0,1,100.0,0.0055,0.0,0.0,0,2,610,4,crash,clip,ros_p345.csv,0.2,a,2.4,
1011,1.4,0.01,1,10.0,0.0,55.8,6,0.0,1,0.0,1,100.0,0.0055,0.0,0.0,0,1,345,4,crash,clip,ros_p345.csv,0.2,a,2.4,
1000,1.0,0.01,1,10.0,0.0,55.8,6,0.0,1,0.0,1,100.0,0.0055,0.0,0.0,0,1,635,4,crash,clip,ros_p345.csv,0.2,a,2.4,
1001,1.0,0.01,1,10.0,0.0,55.8,6,0.0,1,0.0,1,100.0,0.0055,0.0,0.0,0,4,1405,4,success,,ros_p345.csv,0.2,a,2.4,
1002,1.0,0.01,1,10.0,0.0,55.8,6,0.0,1,0.0,1,100.0,0.0055,0.0,0.0,0,3,1206,4,crash,clip,ros_p345.csv,0.2,a,2.4,
1003,1.0,0.01,1,10.0,0.0,55.8,6,0.0,1,0.0,1,100.0,0.0055,0.0,0.0,0,0,1147,4,crash,clip,ros_p345.csv,0.2,a,2.4,
1004,1.0,0.01,1,10.0,0.0,55.8,6,0.0,1,0.0,1,100.0,0.0055,0.0,0.0,0,4,1498,4,success,,ros_p345.csv,0.2,a,2.4,
1005,1.0,0.01,1,10.0,0.0,55.8,6,0.0,1,0.0,1,100.0,0.0055,0.0,0.0,0,3,1193,4,crash,clip,ros_p345.csv,0.2,a,2.4,
1006,1.0,0.01,1,10.0,0.0,55.8,6,0.0,1,0.0,1,100.0,0.0055,0.0,0.0,0,3,1340,4,crash,clip,ros_p345.csv,0.2,a,2.4,
1007,1.0,0.01,1,10.0,0.0,55.8,6,0.0,1,0.0,1,100.0,0.0055,0.0,0.0,0,4,1439,4,success,,ros_p345.csv,0.2,a,2.4,
1008,1.0,0.01,1,10.0,0.0,55.8,6,0.0,1,0.0,1,100.0,0.0055,0.0,0.0,0,1,681,4,crash,clip,ros_p345.csv,0.2,a,2.4,
1009,1.0,0.01,1,10.0,0.0,55.8,6,0.0,1,0.0,1,100.0,0.0055,0.0,0.0,0,1,682,4,crash,clip,ros_p345.csv,0.2,a,2.4,
1010,1.0,0.01,1,10.0,0.0,55.8,6,0.0,1,0.0,1,100.0,0.0055,0.0,0.0,0,1,614,4,crash,clip,ros_p345.csv,0.2,a,2.4,
1011,1.0,0.01,1,10.0,0.0,55.8,6,0.0,1,0.0,1,100.0,0.0055,0.0,0.0,0,2,906,4,crash,clip,ros_p345.csv,0.2,a,2.4,
1000,1.6,0.01,1,10.0,0.0,55.8,6,0.0,1,0.0,1,100.0,0.0055,0.0,0.0,0,2,548,4,crash,clip,ros_p345.csv,0.2,a,2.4,
1001,1.6,0.01,1,10.0,0.0,55.8,6,0.0,1,0.0,1,100.0,0.0055,0.0,0.0,0,2,578,4,crash,clip,ros_p345.csv,0.2,a,2.4,
1002,1.6,0.01,1,10.0,0.0,55.8,6,0.0,1,0.0,1,100.0,0.0055,0.0,0.0,0,0,435,4,crash,clip,ros_p345.csv,0.2,a,2.4,
1003,1.6,0.01,1,10.0,0.0,55.8,6,0.0,1,0.0,1,100.0,0.0055,0.0,0.0,0,1,347,4,crash,clip,ros_p345.csv,0.2,a,2.4,
1004,1.6,0.01,1,10.0,0.0,55.8,6,0.0,1,0.0,1,100.0,0.0055,0.0,0.0,0,3,703,4,crash,clip,ros_p345.csv,0.2,a,2.4,
1005,1.6,0.01,1,10.0,0.0,55.8,6,0.0,1,0.0,1,100.0,0.0055,0.0,0.0,0,1,496,4,crash,clip,ros_p345.csv,0.2,a,2.4,
1006,1.6,0.01,1,10.0,0.0,55.8,6,0.0,1,0.0,1,100.0,0.0055,0.0,0.0,0,3,826,4,crash,clip,ros_p345.csv,0.2,a,2.4,
1007,1.6,0.01,1,10.0,0.0,55.8,6,0.0,1,0.0,1,100.0,0.0055,0.0,0.0,0,4,912,4,success,,ros_p345.csv,0.2,a,2.4,
1008,1.6,0.01,1,10.0,0.0,55.8,6,0.0,1,0.0,1,100.0,0.0055,0.0,0.0,0,1,362,4,crash,clip,ros_p345.csv,0.2,a,2.4,
1009,1.6,0.01,1,10.0,0.0,55.8,6,0.0,1,0.0,1,100.0,0.0055,0.0,0.0,0,2,511,4,crash,clip,ros_p345.csv,0.2,a,2.4,
1010,1.6,0.01,1,10.0,0.0,55.8,6,0.0,1,0.0,1,100.0,0.0055,0.0,0.0,0,3,789,4,crash,clip,ros_p345.csv,0.2,a,2.4,
1011,1.6,0.01,1,10.0,0.0,55.8,6,0.0,1,0.0,1,100.0,0.0055,0.0,0.0,0,1,323,4,crash,clip,ros_p345.csv,0.2,a,2.4,
1000,1.2,0.01,1,10.0,0.0,55.8,6,0.0,1,0.0,1,100.0,0.0055,0.0,0.0,0,4,1188,4,success,,ros_p345.csv,0.2,a,2.4,
1001,1.2,0.01,1,10.0,0.0,55.8,6,0.0,1,0.0,1,100.0,0.0055,0.0,0.0,0,1,487,4,crash,clip,ros_p345.csv,0.2,a,2.4,
1002,1.2,0.01,1,10.0,0.0,55.8,6,0.0,1,0.0,1,100.0,0.0055,0.0,0.0,0,2,649,4,crash,clip,ros_p345.csv,0.2,a,2.4,
1003,1.2,0.01,1,10.0,0.0,55.8,6,0.0,1,0.0,1,100.0,0.0055,0.0,0.0,0,3,1800,4,timeout,,ros_p345.csv,0.2,a,2.4,
1004,1.2,0.01,1,10.0,0.0,55.8,6,0.0,1,0.0,1,100.0,0.0055,0.0,0.0,0,4,1228,4,success,,ros_p345.csv,0.2,a,2.4,
1005,1.2,0.01,1,10.0,0.0,55.8,6,0.0,1,0.0,1,100.0,0.0055,0.0,0.0,0,2,1387,4,crash,clip,ros_p345.csv,0.2,a,2.4,
1006,1.2,0.01,1,10.0,0.0,55.8,6,0.0,1,0.0,1,100.0,0.0055,0.0,0.0,0,4,1674,4,success,,ros_p345.csv,0.2,a,2.4,
1007,1.2,0.01,1,10.0,0.0,55.8,6,0.0,1,0.0,1,100.0,0.0055,0.0,0.0,0,3,1088,4,crash,clip,ros_p345.csv,0.2,a,2.4,
1008,1.2,0.01,1,10.0,0.0,55.8,6,0.0,1,0.0,1,100.0,0.0055,0.0,0.0,0,2,572,4,crash,clip,ros_p345.csv,0.2,a,2.4,
1009,1.2,0.01,1,10.0,0.0,55.8,6,0.0,1,0.0,1,100.0,0.0055,0.0,0.0,0,1,301,4,crash,clip,ros_p345.csv,0.2,a,2.4,
1010,1.2,0.01,1,10.0,0.0,55.8,6,0.0,1,0.0,1,100.0,0.0055,0.0,0.0,0,1,525,4,crash,clip,ros_p345.csv,0.2,a,2.4,
1011,1.2,0.01,1,10.0,0.0,55.8,6,0.0,1,0.0,1,100.0,0.0055,0.0,0.0,0,0,381,4,crash,clip,ros_p345.csv,0.2,a,2.4,
1000,1.8,0.01,1,10.0,0.0,31.1,3,0.0,1,0.0,1,100.0,0.0055,0.0,0.0,0,2,494,4,crash,clip,ros_p3_q145.csv,0.2,a,2.4,
1001,1.8,0.01,1,10.0,0.0,31.1,3,0.0,1,0.0,1,100.0,0.0055,0.0,0.0,0,3,630,4,crash,clip,ros_p3_q145.csv,0.2,a,2.4,
1002,1.8,0.01,1,10.0,0.0,31.1,3,0.0,1,0.0,1,100.0,0.0055,0.0,0.0,0,1,180,4,crash,clip,ros_p3_q145.csv,0.2,a,2.4,
1003,1.8,0.01,1,10.0,0.0,31.1,3,0.0,1,0.0,1,100.0,0.0055,0.0,0.0,0,0,151,4,crash,clip,ros_p3_q145.csv,0.2,a,2.4,
1004,1.8,0.01,1,10.0,0.0,31.1,3,0.0,1,0.0,1,100.0,0.0055,0.0,0.0,0,1,337,4,crash,clip,ros_p3_q145.csv,0.2,a,2.4,
1005,1.8,0.01,1,10.0,0.0,31.1,3,0.0,1,0.0,1,100.0,0.0055,0.0,0.0,0,1,304,4,crash,clip,ros_p3_q145.csv,0.2,a,2.4,
1006,1.8,0.01,1,10.0,0.0,31.1,3,0.0,1,0.0,1,100.0,0.0055,0.0,0.0,0,3,763,4,crash,clip,ros_p3_q145.csv,0.2,a,2.4,
1007,1.8,0.01,1,10.0,0.0,31.1,3,0.0,1,0.0,1,100.0,0.0055,0.0,0.0,0,1,319,4,crash,clip,ros_p3_q145.csv,0.2,a,2.4,
1008,1.8,0.01,1,10.0,0.0,31.1,3,0.0,1,0.0,1,100.0,0.0055,0.0,0.0,0,4,783,4,success,,ros_p3_q145.csv,0.2,a,2.4,
1009,1.8,0.01,1,10.0,0.0,31.1,3,0.0,1,0.0,1,100.0,0.0055,0.0,0.0,0,2,447,4,crash,clip,ros_p3_q145.csv,0.2,a,2.4,
1010,1.8,0.01,1,10.0,0.0,31.1,3,0.0,1,0.0,1,100.0,0.0055,0.0,0.0,0,4,800,4,success,,ros_p3_q145.csv,0.2,a,2.4,
1011,1.8,0.01,1,10.0,0.0,31.1,3,0.0,1,0.0,1,100.0,0.0055,0.0,0.0,0,1,301,4,crash,clip,ros_p3_q145.csv,0.2,a,2.4,
1000,1.4,0.01,1,10.0,0.0,31.1,3,0.0,1,0.0,1,100.0,0.0055,0.0,0.0,0,3,937,4,crash,clip,ros_p3_q145.csv,0.2,a,2.4,
1001,1.4,0.01,1,10.0,0.0,31.1,3,0.0,1,0.0,1,100.0,0.0055,0.0,0.0,0,2,512,4,crash,clip,ros_p3_q145.csv,0.2,a,2.4,
1002,1.4,0.01,1,10.0,0.0,31.1,3,0.0,1,0.0,1,100.0,0.0055,0.0,0.0,0,1,366,4,crash,clip,ros_p3_q145.csv,0.2,a,2.4,
1003,1.4,0.01,1,10.0,0.0,31.1,3,0.0,1,0.0,1,100.0,0.0055,0.0,0.0,0,4,1052,4,success,,ros_p3_q145.csv,0.2,a,2.4,
1004,1.4,0.01,1,10.0,0.0,31.1,3,0.0,1,0.0,1,100.0,0.0055,0.0,0.0,0,2,760,4,crash,clip,ros_p3_q145.csv,0.2,a,2.4,
1005,1.4,0.01,1,10.0,0.0,31.1,3,0.0,1,0.0,1,100.0,0.0055,0.0,0.0,0,1,372,4,crash,clip,ros_p3_q145.csv,0.2,a,2.4,
1006,1.4,0.01,1,10.0,0.0,31.1,3,0.0,1,0.0,1,100.0,0.0055,0.0,0.0,0,2,697,4,crash,clip,ros_p3_q145.csv,0.2,a,2.4,
1007,1.4,0.01,1,10.0,0.0,31.1,3,0.0,1,0.0,1,100.0,0.0055,0.0,0.0,0,2,611,4,crash,clip,ros_p3_q145.csv,0.2,a,2.4,
1008,1.4,0.01,1,10.0,0.0,31.1,3,0.0,1,0.0,1,100.0,0.0055,0.0,0.0,0,2,491,4,crash,clip,ros_p3_q145.csv,0.2,a,2.4,
1009,1.4,0.01,1,10.0,0.0,31.1,3,0.0,1,0.0,1,100.0,0.0055,0.0,0.0,0,1,373,4,crash,clip,ros_p3_q145.csv,0.2,a,2.4,
1010,1.4,0.01,1,10.0,0.0,31.1,3,0.0,1,0.0,1,100.0,0.0055,0.0,0.0,0,2,603,4,crash,clip,ros_p3_q145.csv,0.2,a,2.4,
1011,1.4,0.01,1,10.0,0.0,31.1,3,0.0,1,0.0,1,100.0,0.0055,0.0,0.0,0,1,346,4,crash,clip,ros_p3_q145.csv,0.2,a,2.4,
1000,1.0,0.01,1,10.0,0.0,31.1,3,0.0,1,0.0,1,100.0,0.0055,0.0,0.0,0,4,1425,4,success,,ros_p3_q145.csv,0.2,a,2.4,
1001,1.0,0.01,1,10.0,0.0,31.1,3,0.0,1,0.0,1,100.0,0.0055,0.0,0.0,0,4,1432,4,success,,ros_p3_q145.csv,0.2,a,2.4,
1002,1.0,0.01,1,10.0,0.0,31.1,3,0.0,1,0.0,1,100.0,0.0055,0.0,0.0,0,1,563,4,crash,clip,ros_p3_q145.csv,0.2,a,2.4,
1003,1.0,0.01,1,10.0,0.0,31.1,3,0.0,1,0.0,1,100.0,0.0055,0.0,0.0,0,4,1458,4,success,,ros_p3_q145.csv,0.2,a,2.4,
1004,1.0,0.01,1,10.0,0.0,31.1,3,0.0,1,0.0,1,100.0,0.0055,0.0,0.0,0,1,577,4,crash,clip,ros_p3_q145.csv,0.2,a,2.4,
1005,1.0,0.01,1,10.0,0.0,31.1,3,0.0,1,0.0,1,100.0,0.0055,0.0,0.0,0,1,262,4,crash,clip,ros_p3_q145.csv,0.2,a,2.4,
1006,1.0,0.01,1,10.0,0.0,31.1,3,0.0,1,0.0,1,100.0,0.0055,0.0,0.0,0,3,1204,4,crash,clip,ros_p3_q145.csv,0.2,a,2.4,
1007,1.0,0.01,1,10.0,0.0,31.1,3,0.0,1,0.0,1,100.0,0.0055,0.0,0.0,0,2,894,4,crash,clip,ros_p3_q145.csv,0.2,a,2.4,
1008,1.0,0.01,1,10.0,0.0,31.1,3,0.0,1,0.0,1,100.0,0.0055,0.0,0.0,0,1,488,4,crash,clip,ros_p3_q145.csv,0.2,a,2.4,
1009,1.0,0.01,1,10.0,0.0,31.1,3,0.0,1,0.0,1,100.0,0.0055,0.0,0.0,0,1,330,4,crash,clip,ros_p3_q145.csv,0.2,a,2.4,
1010,1.0,0.01,1,10.0,0.0,31.1,3,0.0,1,0.0,1,100.0,0.0055,0.0,0.0,0,1,612,4,crash,clip,ros_p3_q145.csv,0.2,a,2.4,
1011,1.0,0.01,1,10.0,0.0,31.1,3,0.0,1,0.0,1,100.0,0.0055,0.0,0.0,0,2,856,4,crash,clip,ros_p3_q145.csv,0.2,a,2.4,
1000,1.6,0.01,1,10.0,0.0,31.1,3,0.0,1,0.0,1,100.0,0.0055,0.0,0.0,0,2,586,4,crash,clip,ros_p3_q145.csv,0.2,a,2.4,
1001,1.6,0.01,1,10.0,0.0,31.1,3,0.0,1,0.0,1,100.0,0.0055,0.0,0.0,0,2,594,4,crash,clip,ros_p3_q145.csv,0.2,a,2.4,
1002,1.6,0.01,1,10.0,0.0,31.1,3,0.0,1,0.0,1,100.0,0.0055,0.0,0.0,0,1,315,4,crash,clip,ros_p3_q145.csv,0.2,a,2.4,
1003,1.6,0.01,1,10.0,0.0,31.1,3,0.0,1,0.0,1,100.0,0.0055,0.0,0.0,0,2,588,4,crash,clip,ros_p3_q145.csv,0.2,a,2.4,
1004,1.6,0.01,1,10.0,0.0,31.1,3,0.0,1,0.0,1,100.0,0.0055,0.0,0.0,0,1,351,4,crash,clip,ros_p3_q145.csv,0.2,a,2.4,
1005,1.6,0.01,1,10.0,0.0,31.1,3,0.0,1,0.0,1,100.0,0.0055,0.0,0.0,0,1,1560,4,crash,clip,ros_p3_q145.csv,0.2,a,2.4,
1006,1.6,0.01,1,10.0,0.0,31.1,3,0.0,1,0.0,1,100.0,0.0055,0.0,0.0,0,2,446,4,crash,clip,ros_p3_q145.csv,0.2,a,2.4,
1007,1.6,0.01,1,10.0,0.0,31.1,3,0.0,1,0.0,1,100.0,0.0055,0.0,0.0,0,4,910,4,success,,ros_p3_q145.csv,0.2,a,2.4,
1008,1.6,0.01,1,10.0,0.0,31.1,3,0.0,1,0.0,1,100.0,0.0055,0.0,0.0,0,1,338,4,crash,clip,ros_p3_q145.csv,0.2,a,2.4,
1009,1.6,0.01,1,10.0,0.0,31.1,3,0.0,1,0.0,1,100.0,0.0055,0.0,0.0,0,3,677,4,crash,clip,ros_p3_q145.csv,0.2,a,2.4,
1010,1.6,0.01,1,10.0,0.0,31.1,3,0.0,1,0.0,1,100.0,0.0055,0.0,0.0,0,2,450,4,crash,clip,ros_p3_q145.csv,0.2,a,2.4,
1011,1.6,0.01,1,10.0,0.0,31.1,3,0.0,1,0.0,1,100.0,0.0055,0.0,0.0,0,1,321,4,crash,clip,ros_p3_q145.csv,0.2,a,2.4,
1000,1.2,0.01,1,10.0,0.0,31.1,3,0.0,1,0.0,1,100.0,0.0055,0.0,0.0,0,3,942,4,crash,clip,ros_p3_q145.csv,0.2,a,2.4,
1001,1.2,0.01,1,10.0,0.0,31.1,3,0.0,1,0.0,1,100.0,0.0055,0.0,0.0,0,2,1264,4,crash,clip,ros_p3_q145.csv,0.2,a,2.4,
1002,1.2,0.01,1,10.0,0.0,31.1,3,0.0,1,0.0,1,100.0,0.0055,0.0,0.0,0,2,649,4,crash,clip,ros_p3_q145.csv,0.2,a,2.4,
1003,1.2,0.01,1,10.0,0.0,31.1,3,0.0,1,0.0,1,100.0,0.0055,0.0,0.0,0,1,466,4,crash,clip,ros_p3_q145.csv,0.2,a,2.4,
1004,1.2,0.01,1,10.0,0.0,31.1,3,0.0,1,0.0,1,100.0,0.0055,0.0,0.0,0,2,827,4,crash,clip,ros_p3_q145.csv,0.2,a,2.4,
1005,1.2,0.01,1,10.0,0.0,31.1,3,0.0,1,0.0,1,100.0,0.0055,0.0,0.0,0,4,1199,4,success,,ros_p3_q145.csv,0.2,a,2.4,
1006,1.2,0.01,1,10.0,0.0,31.1,3,0.0,1,0.0,1,100.0,0.0055,0.0,0.0,0,1,667,4,crash,clip,ros_p3_q145.csv,0.2,a,2.4,
1007,1.2,0.01,1,10.0,0.0,31.1,3,0.0,1,0.0,1,100.0,0.0055,0.0,0.0,0,3,951,4,crash,clip,ros_p3_q145.csv,0.2,a,2.4,
1008,1.2,0.01,1,10.0,0.0,31.1,3,0.0,1,0.0,1,100.0,0.0055,0.0,0.0,0,2,573,4,crash,clip,ros_p3_q145.csv,0.2,a,2.4,
1009,1.2,0.01,1,10.0,0.0,31.1,3,0.0,1,0.0,1,100.0,0.0055,0.0,0.0,0,1,306,4,crash,clip,ros_p3_q145.csv,0.2,a,2.4,
1010,1.2,0.01,1,10.0,0.0,31.1,3,0.0,1,0.0,1,100.0,0.0055,0.0,0.0,0,1,623,4,crash,clip,ros_p3_q145.csv,0.2,a,2.4,
1011,1.2,0.01,1,10.0,0.0,31.1,3,0.0,1,0.0,1,100.0,0.0055,0.0,0.0,0,1,373,4,crash,clip,ros_p3_q145.csv,0.2,a,2.4,
1000,1.8,0.01,1,10.0,0.0,56.8,6,0.0,1,0.0,1,96.24,0.0055,0.0,0.0,0,2,493,4,crash,clip,xpu_a_cpsat_hard.csv,0.2,a,2.4,
1001,1.8,0.01,1,10.0,0.0,56.8,6,0.0,1,0.0,1,96.24,0.0055,0.0,0.0,0,4,803,4,success,,xpu_a_cpsat_hard.csv,0.2,a,2.4,
1002,1.8,0.01,1,10.0,0.0,56.8,6,0.0,1,0.0,1,96.24,0.0055,0.0,0.0,0,1,180,4,crash,clip,xpu_a_cpsat_hard.csv,0.2,a,2.4,
1003,1.8,0.01,1,10.0,0.0,56.8,6,0.0,1,0.0,1,96.24,0.0055,0.0,0.0,0,1,291,4,crash,clip,xpu_a_cpsat_hard.csv,0.2,a,2.4,
1004,1.8,0.01,1,10.0,0.0,56.8,6,0.0,1,0.0,1,96.24,0.0055,0.0,0.0,0,2,576,4,crash,clip,xpu_a_cpsat_hard.csv,0.2,a,2.4,
1005,1.8,0.01,1,10.0,0.0,56.8,6,0.0,1,0.0,1,96.24,0.0055,0.0,0.0,0,1,298,4,crash,clip,xpu_a_cpsat_hard.csv,0.2,a,2.4,
1006,1.8,0.01,1,10.0,0.0,56.8,6,0.0,1,0.0,1,96.24,0.0055,0.0,0.0,0,2,604,4,crash,clip,xpu_a_cpsat_hard.csv,0.2,a,2.4,
1007,1.8,0.01,1,10.0,0.0,56.8,6,0.0,1,0.0,1,96.24,0.0055,0.0,0.0,0,1,342,4,crash,clip,xpu_a_cpsat_hard.csv,0.2,a,2.4,
1008,1.8,0.01,1,10.0,0.0,56.8,6,0.0,1,0.0,1,96.24,0.0055,0.0,0.0,0,2,486,4,crash,clip,xpu_a_cpsat_hard.csv,0.2,a,2.4,
1009,1.8,0.01,1,10.0,0.0,56.8,6,0.0,1,0.0,1,96.24,0.0055,0.0,0.0,0,2,485,4,crash,clip,xpu_a_cpsat_hard.csv,0.2,a,2.4,
1010,1.8,0.01,1,10.0,0.0,56.8,6,0.0,1,0.0,1,96.24,0.0055,0.0,0.0,0,3,790,4,crash,clip,xpu_a_cpsat_hard.csv,0.2,a,2.4,
1011,1.8,0.01,1,10.0,0.0,56.8,6,0.0,1,0.0,1,96.24,0.0055,0.0,0.0,0,1,300,4,crash,clip,xpu_a_cpsat_hard.csv,0.2,a,2.4,
1000,1.4,0.01,1,10.0,0.0,56.8,6,0.0,1,0.0,1,96.24,0.0055,0.0,0.0,0,3,817,4,crash,clip,xpu_a_cpsat_hard.csv,0.2,a,2.4,
1001,1.4,0.01,1,10.0,0.0,56.8,6,0.0,1,0.0,1,96.24,0.0055,0.0,0.0,0,1,336,4,crash,clip,xpu_a_cpsat_hard.csv,0.2,a,2.4,
1002,1.4,0.01,1,10.0,0.0,56.8,6,0.0,1,0.0,1,96.24,0.0055,0.0,0.0,0,2,592,4,crash,clip,xpu_a_cpsat_hard.csv,0.2,a,2.4,
1003,1.4,0.01,1,10.0,0.0,56.8,6,0.0,1,0.0,1,96.24,0.0055,0.0,0.0,0,3,858,4,crash,clip,xpu_a_cpsat_hard.csv,0.2,a,2.4,
1004,1.4,0.01,1,10.0,0.0,56.8,6,0.0,1,0.0,1,96.24,0.0055,0.0,0.0,0,1,384,4,crash,clip,xpu_a_cpsat_hard.csv,0.2,a,2.4,
1005,1.4,0.01,1,10.0,0.0,56.8,6,0.0,1,0.0,1,96.24,0.0055,0.0,0.0,0,2,700,4,crash,clip,xpu_a_cpsat_hard.csv,0.2,a,2.4,
1006,1.4,0.01,1,10.0,0.0,56.8,6,0.0,1,0.0,1,96.24,0.0055,0.0,0.0,0,1,420,4,crash,clip,xpu_a_cpsat_hard.csv,0.2,a,2.4,
1007,1.4,0.01,1,10.0,0.0,56.8,6,0.0,1,0.0,1,96.24,0.0055,0.0,0.0,0,4,1039,4,success,,xpu_a_cpsat_hard.csv,0.2,a,2.4,
1008,1.4,0.01,1,10.0,0.0,56.8,6,0.0,1,0.0,1,96.24,0.0055,0.0,0.0,0,1,669,4,crash,clip,xpu_a_cpsat_hard.csv,0.2,a,2.4,
1009,1.4,0.01,1,10.0,0.0,56.8,6,0.0,1,0.0,1,96.24,0.0055,0.0,0.0,0,1,298,4,crash,clip,xpu_a_cpsat_hard.csv,0.2,a,2.4,
1010,1.4,0.01,1,10.0,0.0,56.8,6,0.0,1,0.0,1,96.24,0.0055,0.0,0.0,0,1,767,4,crash,clip,xpu_a_cpsat_hard.csv,0.2,a,2.4,
1011,1.4,0.01,1,10.0,0.0,56.8,6,0.0,1,0.0,1,96.24,0.0055,0.0,0.0,0,0,674,4,crash,clip,xpu_a_cpsat_hard.csv,0.2,a,2.4,
1000,1.0,0.01,1,10.0,0.0,56.8,6,0.0,1,0.0,1,96.24,0.0055,0.0,0.0,0,4,1428,4,success,,xpu_a_cpsat_hard.csv,0.2,a,2.4,
1001,1.0,0.01,1,10.0,0.0,56.8,6,0.0,1,0.0,1,96.24,0.0055,0.0,0.0,0,4,1399,4,success,,xpu_a_cpsat_hard.csv,0.2,a,2.4,
1002,1.0,0.01,1,10.0,0.0,56.8,6,0.0,1,0.0,1,96.24,0.0055,0.0,0.0,0,1,495,4,crash,clip,xpu_a_cpsat_hard.csv,0.2,a,2.4,
1003,1.0,0.01,1,10.0,0.0,56.8,6,0.0,1,0.0,1,96.24,0.0055,0.0,0.0,0,0,1800,4,timeout,,xpu_a_cpsat_hard.csv,0.2,a,2.4,
1004,1.0,0.01,1,10.0,0.0,56.8,6,0.0,1,0.0,1,96.24,0.0055,0.0,0.0,0,4,1487,4,success,,xpu_a_cpsat_hard.csv,0.2,a,2.4,
1005,1.0,0.01,1,10.0,0.0,56.8,6,0.0,1,0.0,1,96.24,0.0055,0.0,0.0,0,3,1191,4,crash,clip,xpu_a_cpsat_hard.csv,0.2,a,2.4,
1006,1.0,0.01,1,10.0,0.0,56.8,6,0.0,1,0.0,1,96.24,0.0055,0.0,0.0,0,3,1204,4,crash,clip,xpu_a_cpsat_hard.csv,0.2,a,2.4,
1007,1.0,0.01,1,10.0,0.0,56.8,6,0.0,1,0.0,1,96.24,0.0055,0.0,0.0,0,4,1435,4,success,,xpu_a_cpsat_hard.csv,0.2,a,2.4,
1008,1.0,0.01,1,10.0,0.0,56.8,6,0.0,1,0.0,1,96.24,0.0055,0.0,0.0,0,1,398,4,crash,clip,xpu_a_cpsat_hard.csv,0.2,a,2.4,
1009,1.0,0.01,1,10.0,0.0,56.8,6,0.0,1,0.0,1,96.24,0.0055,0.0,0.0,0,1,317,4,crash,clip,xpu_a_cpsat_hard.csv,0.2,a,2.4,
1010,1.0,0.01,1,10.0,0.0,56.8,6,0.0,1,0.0,1,96.24,0.0055,0.0,0.0,0,4,1444,4,success,,xpu_a_cpsat_hard.csv,0.2,a,2.4,
1011,1.0,0.01,1,10.0,0.0,56.8,6,0.0,1,0.0,1,96.24,0.0055,0.0,0.0,0,3,1126,4,crash,clip,xpu_a_cpsat_hard.csv,0.2,a,2.4,
1000,1.6,0.01,1,10.0,0.0,56.8,6,0.0,1,0.0,1,96.24,0.0055,0.0,0.0,0,2,548,4,crash,clip,xpu_a_cpsat_hard.csv,0.2,a,2.4,
1001,1.6,0.01,1,10.0,0.0,56.8,6,0.0,1,0.0,1,96.24,0.0055,0.0,0.0,0,1,315,4,crash,clip,xpu_a_cpsat_hard.csv,0.2,a,2.4,
1002,1.6,0.01,1,10.0,0.0,56.8,6,0.0,1,0.0,1,96.24,0.0055,0.0,0.0,0,3,855,4,crash,clip,xpu_a_cpsat_hard.csv,0.2,a,2.4,
1003,1.6,0.01,1,10.0,0.0,56.8,6,0.0,1,0.0,1,96.24,0.0055,0.0,0.0,0,4,924,4,success,,xpu_a_cpsat_hard.csv,0.2,a,2.4,
1004,1.6,0.01,1,10.0,0.0,56.8,6,0.0,1,0.0,1,96.24,0.0055,0.0,0.0,0,1,398,4,crash,clip,xpu_a_cpsat_hard.csv,0.2,a,2.4,
1005,1.6,0.01,1,10.0,0.0,56.8,6,0.0,1,0.0,1,96.24,0.0055,0.0,0.0,0,1,295,4,crash,clip,xpu_a_cpsat_hard.csv,0.2,a,2.4,
1006,1.6,0.01,1,10.0,0.0,56.8,6,0.0,1,0.0,1,96.24,0.0055,0.0,0.0,0,3,830,4,crash,clip,xpu_a_cpsat_hard.csv,0.2,a,2.4,
1007,1.6,0.01,1,10.0,0.0,56.8,6,0.0,1,0.0,1,96.24,0.0055,0.0,0.0,0,1,393,4,crash,clip,xpu_a_cpsat_hard.csv,0.2,a,2.4,
1008,1.6,0.01,1,10.0,0.0,56.8,6,0.0,1,0.0,1,96.24,0.0055,0.0,0.0,0,1,318,4,crash,clip,xpu_a_cpsat_hard.csv,0.2,a,2.4,
1009,1.6,0.01,1,10.0,0.0,56.8,6,0.0,1,0.0,1,96.24,0.0055,0.0,0.0,0,2,535,4,crash,clip,xpu_a_cpsat_hard.csv,0.2,a,2.4,
1010,1.6,0.01,1,10.0,0.0,56.8,6,0.0,1,0.0,1,96.24,0.0055,0.0,0.0,0,1,275,4,crash,clip,xpu_a_cpsat_hard.csv,0.2,a,2.4,
1011,1.6,0.01,1,10.0,0.0,56.8,6,0.0,1,0.0,1,96.24,0.0055,0.0,0.0,0,1,320,4,crash,clip,xpu_a_cpsat_hard.csv,0.2,a,2.4,
1000,1.2,0.01,1,10.0,0.0,56.8,6,0.0,1,0.0,1,96.24,0.0055,0.0,0.0,0,2,1024,4,crash,clip,xpu_a_cpsat_hard.csv,0.2,a,2.4,
1001,1.2,0.01,1,10.0,0.0,56.8,6,0.0,1,0.0,1,96.24,0.0055,0.0,0.0,0,4,1174,4,success,,xpu_a_cpsat_hard.csv,0.2,a,2.4,
1002,1.2,0.01,1,10.0,0.0,56.8,6,0.0,1,0.0,1,96.24,0.0055,0.0,0.0,0,2,648,4,crash,clip,xpu_a_cpsat_hard.csv,0.2,a,2.4,
1003,1.2,0.01,1,10.0,0.0,56.8,6,0.0,1,0.0,1,96.24,0.0055,0.0,0.0,0,4,1218,4,success,,xpu_a_cpsat_hard.csv,0.2,a,2.4,
1004,1.2,0.01,1,10.0,0.0,56.8,6,0.0,1,0.0,1,96.24,0.0055,0.0,0.0,0,3,1133,4,crash,clip,xpu_a_cpsat_hard.csv,0.2,a,2.4,
1005,1.2,0.01,1,10.0,0.0,56.8,6,0.0,1,0.0,1,96.24,0.0055,0.0,0.0,0,1,241,4,crash,clip,xpu_a_cpsat_hard.csv,0.2,a,2.4,
1006,1.2,0.01,1,10.0,0.0,56.8,6,0.0,1,0.0,1,96.24,0.0055,0.0,0.0,0,3,987,4,crash,clip,xpu_a_cpsat_hard.csv,0.2,a,2.4,
1007,1.2,0.01,1,10.0,0.0,56.8,6,0.0,1,0.0,1,96.24,0.0055,0.0,0.0,0,1,707,4,crash,clip,xpu_a_cpsat_hard.csv,0.2,a,2.4,
1008,1.2,0.01,1,10.0,0.0,56.8,6,0.0,1,0.0,1,96.24,0.0055,0.0,0.0,0,1,427,4,crash,clip,xpu_a_cpsat_hard.csv,0.2,a,2.4,
1009,1.2,0.01,1,10.0,0.0,56.8,6,0.0,1,0.0,1,96.24,0.0055,0.0,0.0,0,1,383,4,crash,clip,xpu_a_cpsat_hard.csv,0.2,a,2.4,
1010,1.2,0.01,1,10.0,0.0,56.8,6,0.0,1,0.0,1,96.24,0.0055,0.0,0.0,0,2,557,4,crash,clip,xpu_a_cpsat_hard.csv,0.2,a,2.4,
1011,1.2,0.01,1,10.0,0.0,56.8,6,0.0,1,0.0,1,96.24,0.0055,0.0,0.0,0,1,408,4,crash,clip,xpu_a_cpsat_hard.csv,0.2,a,2.4,
1000,1.8,0.01,1,10.0,0.0,55.9,6,11.1,2,0.0,1,89.29,0.0055,0.0,0.0,0,2,493,4,crash,clip,xpu_a90_cpsat.csv,0.2,a,2.4,
1001,1.8,0.01,1,10.0,0.0,55.9,6,11.1,2,0.0,1,89.29,0.0055,0.0,0.0,0,4,804,4,success,,xpu_a90_cpsat.csv,0.2,a,2.4,
1002,1.8,0.01,1,10.0,0.0,55.9,6,11.1,2,0.0,1,89.29,0.0055,0.0,0.0,0,1,183,4,crash,clip,xpu_a90_cpsat.csv,0.2,a,2.4,
1003,1.8,0.01,1,10.0,0.0,55.9,6,11.1,2,0.0,1,89.29,0.0055,0.0,0.0,0,4,836,4,success,,xpu_a90_cpsat.csv,0.2,a,2.4,
1004,1.8,0.01,1,10.0,0.0,55.9,6,11.1,2,0.0,1,89.29,0.0055,0.0,0.0,0,1,340,4,crash,clip,xpu_a90_cpsat.csv,0.2,a,2.4,
1005,1.8,0.01,1,10.0,0.0,55.9,6,11.1,2,0.0,1,89.29,0.0055,0.0,0.0,0,3,734,4,crash,clip,xpu_a90_cpsat.csv,0.2,a,2.4,
1006,1.8,0.01,1,10.0,0.0,55.9,6,11.1,2,0.0,1,89.29,0.0055,0.0,0.0,0,1,328,4,crash,clip,xpu_a90_cpsat.csv,0.2,a,2.4,
1007,1.8,0.01,1,10.0,0.0,55.9,6,11.1,2,0.0,1,89.29,0.0055,0.0,0.0,0,4,820,4,success,,xpu_a90_cpsat.csv,0.2,a,2.4,
1008,1.8,0.01,1,10.0,0.0,55.9,6,11.1,2,0.0,1,89.29,0.0055,0.0,0.0,0,3,703,4,crash,clip,xpu_a90_cpsat.csv,0.2,a,2.4,
1009,1.8,0.01,1,10.0,0.0,55.9,6,11.1,2,0.0,1,89.29,0.0055,0.0,0.0,0,1,304,4,crash,clip,xpu_a90_cpsat.csv,0.2,a,2.4,
1010,1.8,0.01,1,10.0,0.0,55.9,6,11.1,2,0.0,1,89.29,0.0055,0.0,0.0,0,4,801,4,success,,xpu_a90_cpsat.csv,0.2,a,2.4,
1011,1.8,0.01,1,10.0,0.0,55.9,6,11.1,2,0.0,1,89.29,0.0055,0.0,0.0,0,1,301,4,crash,clip,xpu_a90_cpsat.csv,0.2,a,2.4,
1000,1.4,0.01,1,10.0,0.0,55.9,6,11.1,2,0.0,1,89.29,0.0055,0.0,0.0,0,2,623,4,crash,clip,xpu_a90_cpsat.csv,0.2,a,2.4,
1001,1.4,0.01,1,10.0,0.0,55.9,6,11.1,2,0.0,1,89.29,0.0055,0.0,0.0,0,4,1017,4,success,,xpu_a90_cpsat.csv,0.2,a,2.4,
1002,1.4,0.01,1,10.0,0.0,55.9,6,11.1,2,0.0,1,89.29,0.0055,0.0,0.0,0,1,347,4,crash,clip,xpu_a90_cpsat.csv,0.2,a,2.4,
1003,1.4,0.01,1,10.0,0.0,55.9,6,11.1,2,0.0,1,89.29,0.0055,0.0,0.0,0,2,672,4,crash,clip,xpu_a90_cpsat.csv,0.2,a,2.4,
1004,1.4,0.01,1,10.0,0.0,55.9,6,11.1,2,0.0,1,89.29,0.0055,0.0,0.0,0,1,473,4,crash,clip,xpu_a90_cpsat.csv,0.2,a,2.4,
1005,1.4,0.01,1,10.0,0.0,55.9,6,11.1,2,0.0,1,89.29,0.0055,0.0,0.0,0,2,701,4,crash,clip,xpu_a90_cpsat.csv,0.2,a,2.4,
1006,1.4,0.01,1,10.0,0.0,55.9,6,11.1,2,0.0,1,89.29,0.0055,0.0,0.0,0,1,417,4,crash,clip,xpu_a90_cpsat.csv,0.2,a,2.4,
1007,1.4,0.01,1,10.0,0.0,55.9,6,11.1,2,0.0,1,89.29,0.0055,0.0,0.0,0,2,630,4,crash,clip,xpu_a90_cpsat.csv,0.2,a,2.4,
1008,1.4,0.01,1,10.0,0.0,55.9,6,11.1,2,0.0,1,89.29,0.0055,0.0,0.0,0,1,301,4,crash,clip,xpu_a90_cpsat.csv,0.2,a,2.4,
1009,1.4,0.01,1,10.0,0.0,55.9,6,11.1,2,0.0,1,89.29,0.0055,0.0,0.0,0,4,1025,4,success,,xpu_a90_cpsat.csv,0.2,a,2.4,
1010,1.4,0.01,1,10.0,0.0,55.9,6,11.1,2,0.0,1,89.29,0.0055,0.0,0.0,0,2,508,4,crash,clip,xpu_a90_cpsat.csv,0.2,a,2.4,
1011,1.4,0.01,1,10.0,0.0,55.9,6,11.1,2,0.0,1,89.29,0.0055,0.0,0.0,0,4,1030,4,success,,xpu_a90_cpsat.csv,0.2,a,2.4,
1000,1.0,0.01,1,10.0,0.0,55.9,6,11.1,2,0.0,1,89.29,0.0055,0.0,0.0,0,4,1428,4,success,,xpu_a90_cpsat.csv,0.2,a,2.4,
1001,1.0,0.01,1,10.0,0.0,55.9,6,11.1,2,0.0,1,89.29,0.0055,0.0,0.0,0,4,1401,4,success,,xpu_a90_cpsat.csv,0.2,a,2.4,
1002,1.0,0.01,1,10.0,0.0,55.9,6,11.1,2,0.0,1,89.29,0.0055,0.0,0.0,0,1,523,4,crash,clip,xpu_a90_cpsat.csv,0.2,a,2.4,
1003,1.0,0.01,1,10.0,0.0,55.9,6,11.1,2,0.0,1,89.29,0.0055,0.0,0.0,0,1,504,4,crash,clip,xpu_a90_cpsat.csv,0.2,a,2.4,
1004,1.0,0.01,1,10.0,0.0,55.9,6,11.1,2,0.0,1,89.29,0.0055,0.0,0.0,0,1,651,4,crash,clip,xpu_a90_cpsat.csv,0.2,a,2.4,
1005,1.0,0.01,1,10.0,0.0,55.9,6,11.1,2,0.0,1,89.29,0.0055,0.0,0.0,0,3,1183,4,crash,clip,xpu_a90_cpsat.csv,0.2,a,2.4,
1006,1.0,0.01,1,10.0,0.0,55.9,6,11.1,2,0.0,1,89.29,0.0055,0.0,0.0,0,3,1206,4,crash,clip,xpu_a90_cpsat.csv,0.2,a,2.4,
1007,1.0,0.01,1,10.0,0.0,55.9,6,11.1,2,0.0,1,89.29,0.0055,0.0,0.0,0,3,1141,4,crash,clip,xpu_a90_cpsat.csv,0.2,a,2.4,
1008,1.0,0.01,1,10.0,0.0,55.9,6,11.1,2,0.0,1,89.29,0.0055,0.0,0.0,0,2,626,4,crash,clip,xpu_a90_cpsat.csv,0.2,a,2.4,
1009,1.0,0.01,1,10.0,0.0,55.9,6,11.1,2,0.0,1,89.29,0.0055,0.0,0.0,0,0,676,4,crash,clip,xpu_a90_cpsat.csv,0.2,a,2.4,
1010,1.0,0.01,1,10.0,0.0,55.9,6,11.1,2,0.0,1,89.29,0.0055,0.0,0.0,0,1,553,4,crash,clip,xpu_a90_cpsat.csv,0.2,a,2.4,
1011,1.0,0.01,1,10.0,0.0,55.9,6,11.1,2,0.0,1,89.29,0.0055,0.0,0.0,0,4,1433,4,success,,xpu_a90_cpsat.csv,0.2,a,2.4,
1000,1.6,0.01,1,10.0,0.0,55.9,6,11.1,2,0.0,1,89.29,0.0055,0.0,0.0,0,2,548,4,crash,clip,xpu_a90_cpsat.csv,0.2,a,2.4,
1001,1.6,0.01,1,10.0,0.0,55.9,6,11.1,2,0.0,1,89.29,0.0055,0.0,0.0,0,2,587,4,crash,clip,xpu_a90_cpsat.csv,0.2,a,2.4,
1002,1.6,0.01,1,10.0,0.0,55.9,6,11.1,2,0.0,1,89.29,0.0055,0.0,0.0,0,0,617,4,crash,clip,xpu_a90_cpsat.csv,0.2,a,2.4,
1003,1.6,0.01,1,10.0,0.0,55.9,6,11.1,2,0.0,1,89.29,0.0055,0.0,0.0,0,1,372,4,crash,clip,xpu_a90_cpsat.csv,0.2,a,2.4,
1004,1.6,0.01,1,10.0,0.0,55.9,6,11.1,2,0.0,1,89.29,0.0055,0.0,0.0,0,3,702,4,crash,clip,xpu_a90_cpsat.csv,0.2,a,2.4,
1005,1.6,0.01,1,10.0,0.0,55.9,6,11.1,2,0.0,1,89.29,0.0055,0.0,0.0,0,2,645,4,crash,clip,xpu_a90_cpsat.csv,0.2,a,2.4,
1006,1.6,0.01,1,10.0,0.0,55.9,6,11.1,2,0.0,1,89.29,0.0055,0.0,0.0,0,3,829,4,crash,clip,xpu_a90_cpsat.csv,0.2,a,2.4,
1007,1.6,0.01,1,10.0,0.0,55.9,6,11.1,2,0.0,1,89.29,0.0055,0.0,0.0,0,2,435,4,crash,clip,xpu_a90_cpsat.csv,0.2,a,2.4,
1008,1.6,0.01,1,10.0,0.0,55.9,6,11.1,2,0.0,1,89.29,0.0055,0.0,0.0,0,1,272,4,crash,clip,xpu_a90_cpsat.csv,0.2,a,2.4,
1009,1.6,0.01,1,10.0,0.0,55.9,6,11.1,2,0.0,1,89.29,0.0055,0.0,0.0,0,2,561,4,crash,clip,xpu_a90_cpsat.csv,0.2,a,2.4,
1010,1.6,0.01,1,10.0,0.0,55.9,6,11.1,2,0.0,1,89.29,0.0055,0.0,0.0,0,1,320,4,crash,clip,xpu_a90_cpsat.csv,0.2,a,2.4,
1011,1.6,0.01,1,10.0,0.0,55.9,6,11.1,2,0.0,1,89.29,0.0055,0.0,0.0,0,1,388,4,crash,clip,xpu_a90_cpsat.csv,0.2,a,2.4,
1000,1.2,0.01,1,10.0,0.0,55.9,6,11.1,2,0.0,1,89.29,0.0055,0.0,0.0,0,2,943,4,crash,clip,xpu_a90_cpsat.csv,0.2,a,2.4,
1001,1.2,0.01,1,10.0,0.0,55.9,6,11.1,2,0.0,1,89.29,0.0055,0.0,0.0,0,4,1180,4,success,,xpu_a90_cpsat.csv,0.2,a,2.4,
1002,1.2,0.01,1,10.0,0.0,55.9,6,11.1,2,0.0,1,89.29,0.0055,0.0,0.0,0,2,656,4,crash,clip,xpu_a90_cpsat.csv,0.2,a,2.4,
1003,1.2,0.01,1,10.0,0.0,55.9,6,11.1,2,0.0,1,89.29,0.0055,0.0,0.0,0,1,474,4,crash,clip,xpu_a90_cpsat.csv,0.2,a,2.4,
1004,1.2,0.01,1,10.0,0.0,55.9,6,11.1,2,0.0,1,89.29,0.0055,0.0,0.0,0,1,521,4,crash,clip,xpu_a90_cpsat.csv,0.2,a,2.4,
1005,1.2,0.01,1,10.0,0.0,55.9,6,11.1,2,0.0,1,89.29,0.0055,0.0,0.0,0,3,1079,4,crash,clip,xpu_a90_cpsat.csv,0.2,a,2.4,
1006,1.2,0.01,1,10.0,0.0,55.9,6,11.1,2,0.0,1,89.29,0.0055,0.0,0.0,0,3,1800,4,timeout,,xpu_a90_cpsat.csv,0.2,a,2.4,
1007,1.2,0.01,1,10.0,0.0,55.9,6,11.1,2,0.0,1,89.29,0.0055,0.0,0.0,0,2,731,4,crash,clip,xpu_a90_cpsat.csv,0.2,a,2.4,
1008,1.2,0.01,1,10.0,0.0,55.9,6,11.1,2,0.0,1,89.29,0.0055,0.0,0.0,0,1,371,4,crash,clip,xpu_a90_cpsat.csv,0.2,a,2.4,
1009,1.2,0.01,1,10.0,0.0,55.9,6,11.1,2,0.0,1,89.29,0.0055,0.0,0.0,0,1,418,4,crash,clip,xpu_a90_cpsat.csv,0.2,a,2.4,
1010,1.2,0.01,1,10.0,0.0,55.9,6,11.1,2,0.0,1,89.29,0.0055,0.0,0.0,0,2,681,4,crash,clip,xpu_a90_cpsat.csv,0.2,a,2.4,
1011,1.2,0.01,1,10.0,0.0,55.9,6,11.1,2,0.0,1,89.29,0.0055,0.0,0.0,0,1,377,4,crash,clip,xpu_a90_cpsat.csv,0.2,a,2.4,
1000,1.8,0.01,1,10.0,0.0,56.2,6,30.3,4,0.0,1,100.0,0.0055,0.0,0.0,0,2,525,4,crash,clip,ros_p390.csv,0.2,a,2.4,
1001,1.8,0.01,1,10.0,0.0,56.2,6,30.3,4,0.0,1,100.0,0.0055,0.0,0.0,0,2,526,4,crash,clip,ros_p390.csv,0.2,a,2.4,
1002,1.8,0.01,1,10.0,0.0,56.2,6,30.3,4,0.0,1,100.0,0.0055,0.0,0.0,0,1,201,4,crash,clip,ros_p390.csv,0.2,a,2.4,
1003,1.8,0.01,1,10.0,0.0,56.2,6,30.3,4,0.0,1,100.0,0.0055,0.0,0.0,0,1,284,4,crash,clip,ros_p390.csv,0.2,a,2.4,
1004,1.8,0.01,1,10.0,0.0,56.2,6,30.3,4,0.0,1,100.0,0.0055,0.0,0.0,0,4,841,4,success,,ros_p390.csv,0.2,a,2.4,
1005,1.8,0.01,1,10.0,0.0,56.2,6,30.3,4,0.0,1,100.0,0.0055,0.0,0.0,0,1,602,4,crash,clip,ros_p390.csv,0.2,a,2.4,
1006,1.8,0.01,1,10.0,0.0,56.2,6,30.3,4,0.0,1,100.0,0.0055,0.0,0.0,0,2,554,4,crash,clip,ros_p390.csv,0.2,a,2.4,
1007,1.8,0.01,1,10.0,0.0,56.2,6,30.3,4,0.0,1,100.0,0.0055,0.0,0.0,0,1,322,4,crash,clip,ros_p390.csv,0.2,a,2.4,
1008,1.8,0.01,1,10.0,0.0,56.2,6,30.3,4,0.0,1,100.0,0.0055,0.0,0.0,0,4,782,4,success,,ros_p390.csv,0.2,a,2.4,
1009,1.8,0.01,1,10.0,0.0,56.2,6,30.3,4,0.0,1,100.0,0.0055,0.0,0.0,0,1,165,4,crash,clip,ros_p390.csv,0.2,a,2.4,
1010,1.8,0.01,1,10.0,0.0,56.2,6,30.3,4,0.0,1,100.0,0.0055,0.0,0.0,0,3,727,4,crash,clip,ros_p390.csv,0.2,a,2.4,
1011,1.8,0.01,1,10.0,0.0,56.2,6,30.3,4,0.0,1,100.0,0.0055,0.0,0.0,0,0,110,4,crash,clip,ros_p390.csv,0.2,a,2.4,
1000,1.4,0.01,1,10.0,0.0,56.2,6,30.3,4,0.0,1,100.0,0.0055,0.0,0.0,0,2,623,4,crash,clip,ros_p390.csv,0.2,a,2.4,
1001,1.4,0.01,1,10.0,0.0,56.2,6,30.3,4,0.0,1,100.0,0.0055,0.0,0.0,0,4,1017,4,success,,ros_p390.csv,0.2,a,2.4,
1002,1.4,0.01,1,10.0,0.0,56.2,6,30.3,4,0.0,1,100.0,0.0055,0.0,0.0,0,1,346,4,crash,clip,ros_p390.csv,0.2,a,2.4,
1003,1.4,0.01,1,10.0,0.0,56.2,6,30.3,4,0.0,1,100.0,0.0055,0.0,0.0,0,3,858,4,crash,clip,ros_p390.csv,0.2,a,2.4,
1004,1.4,0.01,1,10.0,0.0,56.2,6,30.3,4,0.0,1,100.0,0.0055,0.0,0.0,0,2,760,4,crash,clip,ros_p390.csv,0.2,a,2.4,
1005,1.4,0.01,1,10.0,0.0,56.2,6,30.3,4,0.0,1,100.0,0.0055,0.0,0.0,0,1,396,4,crash,clip,ros_p390.csv,0.2,a,2.4,
1006,1.4,0.01,1,10.0,0.0,56.2,6,30.3,4,0.0,1,100.0,0.0055,0.0,0.0,0,1,381,4,crash,clip,ros_p390.csv,0.2,a,2.4,
1007,1.4,0.01,1,10.0,0.0,56.2,6,30.3,4,0.0,1,100.0,0.0055,0.0,0.0,0,2,526,4,crash,clip,ros_p390.csv,0.2,a,2.4,
1008,1.4,0.01,1,10.0,0.0,56.2,6,30.3,4,0.0,1,100.0,0.0055,0.0,0.0,0,2,469,4,crash,clip,ros_p390.csv,0.2,a,2.4,
1009,1.4,0.01,1,10.0,0.0,56.2,6,30.3,4,0.0,1,100.0,0.0055,0.0,0.0,0,0,301,4,crash,clip,ros_p390.csv,0.2,a,2.4,
1010,1.4,0.01,1,10.0,0.0,56.2,6,30.3,4,0.0,1,100.0,0.0055,0.0,0.0,0,1,360,4,crash,clip,ros_p390.csv,0.2,a,2.4,
1011,1.4,0.01,1,10.0,0.0,56.2,6,30.3,4,0.0,1,100.0,0.0055,0.0,0.0,0,0,674,4,crash,clip,ros_p390.csv,0.2,a,2.4,
1000,1.0,0.01,1,10.0,0.0,56.2,6,30.3,4,0.0,1,100.0,0.0055,0.0,0.0,0,4,1438,4,success,,ros_p390.csv,0.2,a,2.4,
1001,1.0,0.01,1,10.0,0.0,56.2,6,30.3,4,0.0,1,100.0,0.0055,0.0,0.0,0,4,1425,4,success,,ros_p390.csv,0.2,a,2.4,
1002,1.0,0.01,1,10.0,0.0,56.2,6,30.3,4,0.0,1,100.0,0.0055,0.0,0.0,0,1,472,4,crash,clip,ros_p390.csv,0.2,a,2.4,
1003,1.0,0.01,1,10.0,0.0,56.2,6,30.3,4,0.0,1,100.0,0.0055,0.0,0.0,0,1,390,4,crash,clip,ros_p390.csv,0.2,a,2.4,
1004,1.0,0.01,1,10.0,0.0,56.2,6,30.3,4,0.0,1,100.0,0.0055,0.0,0.0,0,1,580,4,crash,clip,ros_p390.csv,0.2,a,2.4,
1005,1.0,0.01,1,10.0,0.0,56.2,6,30.3,4,0.0,1,100.0,0.0055,0.0,0.0,0,1,258,4,crash,clip,ros_p390.csv,0.2,a,2.4,
1006,1.0,0.01,1,10.0,0.0,56.2,6,30.3,4,0.0,1,100.0,0.0055,0.0,0.0,0,2,942,4,crash,clip,ros_p390.csv,0.2,a,2.4,
1007,1.0,0.01,1,10.0,0.0,56.2,6,30.3,4,0.0,1,100.0,0.0055,0.0,0.0,0,2,1258,4,crash,clip,ros_p390.csv,0.2,a,2.4,
1008,1.0,0.01,1,10.0,0.0,56.2,6,30.3,4,0.0,1,100.0,0.0055,0.0,0.0,0,1,492,4,crash,clip,ros_p390.csv,0.2,a,2.4,
1009,1.0,0.01,1,10.0,0.0,56.2,6,30.3,4,0.0,1,100.0,0.0055,0.0,0.0,0,1,328,4,crash,clip,ros_p390.csv,0.2,a,2.4,
1010,1.0,0.01,1,10.0,0.0,56.2,6,30.3,4,0.0,1,100.0,0.0055,0.0,0.0,0,2,721,4,crash,clip,ros_p390.csv,0.2,a,2.4,
1011,1.0,0.01,1,10.0,0.0,56.2,6,30.3,4,0.0,1,100.0,0.0055,0.0,0.0,0,3,1800,4,timeout,,ros_p390.csv,0.2,a,2.4,
1000,1.6,0.01,1,10.0,0.0,56.2,6,30.3,4,0.0,1,100.0,0.0055,0.0,0.0,0,2,585,4,crash,clip,ros_p390.csv,0.2,a,2.4,
1001,1.6,0.01,1,10.0,0.0,56.2,6,30.3,4,0.0,1,100.0,0.0055,0.0,0.0,0,4,896,4,success,,ros_p390.csv,0.2,a,2.4,
1002,1.6,0.01,1,10.0,0.0,56.2,6,30.3,4,0.0,1,100.0,0.0055,0.0,0.0,0,3,780,4,crash,clip,ros_p390.csv,0.2,a,2.4,
1003,1.6,0.01,1,10.0,0.0,56.2,6,30.3,4,0.0,1,100.0,0.0055,0.0,0.0,0,0,146,4,crash,clip,ros_p390.csv,0.2,a,2.4,
1004,1.6,0.01,1,10.0,0.0,56.2,6,30.3,4,0.0,1,100.0,0.0055,0.0,0.0,0,0,144,4,crash,clip,ros_p390.csv,0.2,a,2.4,
1005,1.6,0.01,1,10.0,0.0,56.2,6,30.3,4,0.0,1,100.0,0.0055,0.0,0.0,0,4,902,4,success,,ros_p390.csv,0.2,a,2.4,
1006,1.6,0.01,1,10.0,0.0,56.2,6,30.3,4,0.0,1,100.0,0.0055,0.0,0.0,0,3,832,4,crash,clip,ros_p390.csv,0.2,a,2.4,
1007,1.6,0.01,1,10.0,0.0,56.2,6,30.3,4,0.0,1,100.0,0.0055,0.0,0.0,0,1,361,4,crash,clip,ros_p390.csv,0.2,a,2.4,
1008,1.6,0.01,1,10.0,0.0,56.2,6,30.3,4,0.0,1,100.0,0.0055,0.0,0.0,0,4,888,4,success,,ros_p390.csv,0.2,a,2.4,
1009,1.6,0.01,1,10.0,0.0,56.2,6,30.3,4,0.0,1,100.0,0.0055,0.0,0.0,0,1,181,4,crash,clip,ros_p390.csv,0.2,a,2.4,
1010,1.6,0.01,1,10.0,0.0,56.2,6,30.3,4,0.0,1,100.0,0.0055,0.0,0.0,0,4,893,4,success,,ros_p390.csv,0.2,a,2.4,
1011,1.6,0.01,1,10.0,0.0,56.2,6,30.3,4,0.0,1,100.0,0.0055,0.0,0.0,0,1,324,4,crash,clip,ros_p390.csv,0.2,a,2.4,
1000,1.2,0.01,1,10.0,0.0,56.2,6,30.3,4,0.0,1,100.0,0.0055,0.0,0.0,0,4,1206,4,success,,ros_p390.csv,0.2,a,2.4,
1001,1.2,0.01,1,10.0,0.0,56.2,6,30.3,4,0.0,1,100.0,0.0055,0.0,0.0,0,1,430,4,crash,clip,ros_p390.csv,0.2,a,2.4,
1002,1.2,0.01,1,10.0,0.0,56.2,6,30.3,4,0.0,1,100.0,0.0055,0.0,0.0,0,1,363,4,crash,clip,ros_p390.csv,0.2,a,2.4,
1003,1.2,0.01,1,10.0,0.0,56.2,6,30.3,4,0.0,1,100.0,0.0055,0.0,0.0,0,3,946,4,crash,clip,ros_p390.csv,0.2,a,2.4,
1004,1.2,0.01,1,10.0,0.0,56.2,6,30.3,4,0.0,1,100.0,0.0055,0.0,0.0,0,2,798,4,crash,clip,ros_p390.csv,0.2,a,2.4,
1005,1.2,0.01,1,10.0,0.0,56.2,6,30.3,4,0.0,1,100.0,0.0055,0.0,0.0,0,4,1210,4,success,,ros_p390.csv,0.2,a,2.4,
1006,1.2,0.01,1,10.0,0.0,56.2,6,30.3,4,0.0,1,100.0,0.0055,0.0,0.0,0,3,1043,4,crash,clip,ros_p390.csv,0.2,a,2.4,
1007,1.2,0.01,1,10.0,0.0,56.2,6,30.3,4,0.0,1,100.0,0.0055,0.0,0.0,0,2,944,4,crash,clip,ros_p390.csv,0.2,a,2.4,
1008,1.2,0.01,1,10.0,0.0,56.2,6,30.3,4,0.0,1,100.0,0.0055,0.0,0.0,0,1,437,4,crash,clip,ros_p390.csv,0.2,a,2.4,
1009,1.2,0.01,1,10.0,0.0,56.2,6,30.3,4,0.0,1,100.0,0.0055,0.0,0.0,0,1,955,4,crash,clip,ros_p390.csv,0.2,a,2.4,
1010,1.2,0.01,1,10.0,0.0,56.2,6,30.3,4,0.0,1,100.0,0.0055,0.0,0.0,0,2,597,4,crash,clip,ros_p390.csv,0.2,a,2.4,
1011,1.2,0.01,1,10.0,0.0,56.2,6,30.3,4,0.0,1,100.0,0.0055,0.0,0.0,0,1,627,4,crash,clip,ros_p390.csv,0.2,a,2.4,
1000,1.8,0.01,1,10.0,0.0,136.5,14,30.3,4,0.0,1,100.0,0.0055,0.0,0.0,0,2,494,4,crash,clip,ros_vanilla4tm90.csv,0.2,a,2.4,
1001,1.8,0.01,1,10.0,0.0,136.5,14,30.3,4,0.0,1,100.0,0.0055,0.0,0.0,0,2,509,4,crash,clip,ros_vanilla4tm90.csv,0.2,a,2.4,
1002,1.8,0.01,1,10.0,0.0,136.5,14,30.3,4,0.0,1,100.0,0.0055,0.0,0.0,0,0,221,4,crash,clip,ros_vanilla4tm90.csv,0.2,a,2.4,
1003,1.8,0.01,1,10.0,0.0,136.5,14,30.3,4,0.0,1,100.0,0.0055,0.0,0.0,0,3,729,4,crash,clip,ros_vanilla4tm90.csv,0.2,a,2.4,
1004,1.8,0.01,1,10.0,0.0,136.5,14,30.3,4,0.0,1,100.0,0.0055,0.0,0.0,0,3,658,4,crash,clip,ros_vanilla4tm90.csv,0.2,a,2.4,
1005,1.8,0.01,1,10.0,0.0,136.5,14,30.3,4,0.0,1,100.0,0.0055,0.0,0.0,0,1,302,4,crash,clip,ros_vanilla4tm90.csv,0.2,a,2.4,
1006,1.8,0.01,1,10.0,0.0,136.5,14,30.3,4,0.0,1,100.0,0.0055,0.0,0.0,0,2,504,4,crash,clip,ros_vanilla4tm90.csv,0.2,a,2.4,
1007,1.8,0.01,1,10.0,0.0,136.5,14,30.3,4,0.0,1,100.0,0.0055,0.0,0.0,0,4,817,4,success,,ros_vanilla4tm90.csv,0.2,a,2.4,
1008,1.8,0.01,1,10.0,0.0,136.5,14,30.3,4,0.0,1,100.0,0.0055,0.0,0.0,0,1,250,4,crash,clip,ros_vanilla4tm90.csv,0.2,a,2.4,
1009,1.8,0.01,1,10.0,0.0,136.5,14,30.3,4,0.0,1,100.0,0.0055,0.0,0.0,0,2,379,4,crash,clip,ros_vanilla4tm90.csv,0.2,a,2.4,
1010,1.8,0.01,1,10.0,0.0,136.5,14,30.3,4,0.0,1,100.0,0.0055,0.0,0.0,0,2,507,4,crash,clip,ros_vanilla4tm90.csv,0.2,a,2.4,
1011,1.8,0.01,1,10.0,0.0,136.5,14,30.3,4,0.0,1,100.0,0.0055,0.0,0.0,0,1,303,4,crash,clip,ros_vanilla4tm90.csv,0.2,a,2.4,
1000,1.4,0.01,1,10.0,0.0,136.5,14,30.3,4,0.0,1,100.0,0.0055,0.0,0.0,0,3,1012,4,crash,clip,ros_vanilla4tm90.csv,0.2,a,2.4,
1001,1.4,0.01,1,10.0,0.0,136.5,14,30.3,4,0.0,1,100.0,0.0055,0.0,0.0,0,4,1029,4,success,,ros_vanilla4tm90.csv,0.2,a,2.4,
1002,1.4,0.01,1,10.0,0.0,136.5,14,30.3,4,0.0,1,100.0,0.0055,0.0,0.0,0,2,588,4,crash,clip,ros_vanilla4tm90.csv,0.2,a,2.4,
1003,1.4,0.01,1,10.0,0.0,136.5,14,30.3,4,0.0,1,100.0,0.0055,0.0,0.0,0,3,931,4,crash,clip,ros_vanilla4tm90.csv,0.2,a,2.4,
1004,1.4,0.01,1,10.0,0.0,136.5,14,30.3,4,0.0,1,100.0,0.0055,0.0,0.0,0,0,159,4,crash,clip,ros_vanilla4tm90.csv,0.2,a,2.4,
1005,1.4,0.01,1,10.0,0.0,136.5,14,30.3,4,0.0,1,100.0,0.0055,0.0,0.0,0,1,348,4,crash,clip,ros_vanilla4tm90.csv,0.2,a,2.4,
1006,1.4,0.01,1,10.0,0.0,136.5,14,30.3,4,0.0,1,100.0,0.0055,0.0,0.0,0,3,949,4,crash,clip,ros_vanilla4tm90.csv,0.2,a,2.4,
1007,1.4,0.01,1,10.0,0.0,136.5,14,30.3,4,0.0,1,100.0,0.0055,0.0,0.0,0,4,1040,4,success,,ros_vanilla4tm90.csv,0.2,a,2.4,
1008,1.4,0.01,1,10.0,0.0,136.5,14,30.3,4,0.0,1,100.0,0.0055,0.0,0.0,0,2,461,4,crash,clip,ros_vanilla4tm90.csv,0.2,a,2.4,
1009,1.4,0.01,1,10.0,0.0,136.5,14,30.3,4,0.0,1,100.0,0.0055,0.0,0.0,0,4,1003,4,success,,ros_vanilla4tm90.csv,0.2,a,2.4,
1010,1.4,0.01,1,10.0,0.0,136.5,14,30.3,4,0.0,1,100.0,0.0055,0.0,0.0,0,3,983,4,crash,clip,ros_vanilla4tm90.csv,0.2,a,2.4,
1011,1.4,0.01,1,10.0,0.0,136.5,14,30.3,4,0.0,1,100.0,0.0055,0.0,0.0,0,2,750,4,crash,clip,ros_vanilla4tm90.csv,0.2,a,2.4,
1000,1.0,0.01,1,10.0,0.0,136.5,14,30.3,4,0.0,1,100.0,0.0055,0.0,0.0,0,1,647,4,crash,clip,ros_vanilla4tm90.csv,0.2,a,2.4,
1001,1.0,0.01,1,10.0,0.0,136.5,14,30.3,4,0.0,1,100.0,0.0055,0.0,0.0,0,2,872,4,crash,clip,ros_vanilla4tm90.csv,0.2,a,2.4,
1002,1.0,0.01,1,10.0,0.0,136.5,14,30.3,4,0.0,1,100.0,0.0055,0.0,0.0,0,4,1433,4,success,,ros_vanilla4tm90.csv,0.2,a,2.4,
1003,1.0,0.01,1,10.0,0.0,136.5,14,30.3,4,0.0,1,100.0,0.0055,0.0,0.0,0,2,1052,4,crash,clip,ros_vanilla4tm90.csv,0.2,a,2.4,
1004,1.0,0.01,1,10.0,0.0,136.5,14,30.3,4,0.0,1,100.0,0.0055,0.0,0.0,0,4,1482,4,success,,ros_vanilla4tm90.csv,0.2,a,2.4,
1005,1.0,0.01,1,10.0,0.0,136.5,14,30.3,4,0.0,1,100.0,0.0055,0.0,0.0,0,3,1193,4,crash,clip,ros_vanilla4tm90.csv,0.2,a,2.4,
1006,1.0,0.01,1,10.0,0.0,136.5,14,30.3,4,0.0,1,100.0,0.0055,0.0,0.0,0,2,1480,4,crash,clip,ros_vanilla4tm90.csv,0.2,a,2.4,
1007,1.0,0.01,1,10.0,0.0,136.5,14,30.3,4,0.0,1,100.0,0.0055,0.0,0.0,0,1,617,4,crash,clip,ros_vanilla4tm90.csv,0.2,a,2.4,
1008,1.0,0.01,1,10.0,0.0,136.5,14,30.3,4,0.0,1,100.0,0.0055,0.0,0.0,0,1,480,4,crash,clip,ros_vanilla4tm90.csv,0.2,a,2.4,
1009,1.0,0.01,1,10.0,0.0,136.5,14,30.3,4,0.0,1,100.0,0.0055,0.0,0.0,0,0,411,4,crash,clip,ros_vanilla4tm90.csv,0.2,a,2.4,
1010,1.0,0.01,1,10.0,0.0,136.5,14,30.3,4,0.0,1,100.0,0.0055,0.0,0.0,0,3,1207,4,crash,clip,ros_vanilla4tm90.csv,0.2,a,2.4,
1011,1.0,0.01,1,10.0,0.0,136.5,14,30.3,4,0.0,1,100.0,0.0055,0.0,0.0,0,1,410,4,crash,clip,ros_vanilla4tm90.csv,0.2,a,2.4,
1000,1.6,0.01,1,10.0,0.0,136.5,14,30.3,4,0.0,1,100.0,0.0055,0.0,0.0,0,2,550,4,crash,clip,ros_vanilla4tm90.csv,0.2,a,2.4,
1001,1.6,0.01,1,10.0,0.0,136.5,14,30.3,4,0.0,1,100.0,0.0055,0.0,0.0,0,1,203,4,crash,clip,ros_vanilla4tm90.csv,0.2,a,2.4,
1002,1.6,0.01,1,10.0,0.0,136.5,14,30.3,4,0.0,1,100.0,0.0055,0.0,0.0,0,2,540,4,crash,clip,ros_vanilla4tm90.csv,0.2,a,2.4,
1003,1.6,0.01,1,10.0,0.0,136.5,14,30.3,4,0.0,1,100.0,0.0055,0.0,0.0,0,4,929,4,success,,ros_vanilla4tm90.csv,0.2,a,2.4,
1004,1.6,0.01,1,10.0,0.0,136.5,14,30.3,4,0.0,1,100.0,0.0055,0.0,0.0,0,1,343,4,crash,clip,ros_vanilla4tm90.csv,0.2,a,2.4,
1005,1.6,0.01,1,10.0,0.0,136.5,14,30.3,4,0.0,1,100.0,0.0055,0.0,0.0,0,2,646,4,crash,clip,ros_vanilla4tm90.csv,0.2,a,2.4,
1006,1.6,0.01,1,10.0,0.0,136.5,14,30.3,4,0.0,1,100.0,0.0055,0.0,0.0,0,4,933,4,success,,ros_vanilla4tm90.csv,0.2,a,2.4,
1007,1.6,0.01,1,10.0,0.0,136.5,14,30.3,4,0.0,1,100.0,0.0055,0.0,0.0,0,4,910,4,success,,ros_vanilla4tm90.csv,0.2,a,2.4,
1008,1.6,0.01,1,10.0,0.0,136.5,14,30.3,4,0.0,1,100.0,0.0055,0.0,0.0,0,1,355,4,crash,clip,ros_vanilla4tm90.csv,0.2,a,2.4,
1009,1.6,0.01,1,10.0,0.0,136.5,14,30.3,4,0.0,1,100.0,0.0055,0.0,0.0,0,1,260,4,crash,clip,ros_vanilla4tm90.csv,0.2,a,2.4,
1010,1.6,0.01,1,10.0,0.0,136.5,14,30.3,4,0.0,1,100.0,0.0055,0.0,0.0,0,2,541,4,crash,clip,ros_vanilla4tm90.csv,0.2,a,2.4,
1011,1.6,0.01,1,10.0,0.0,136.5,14,30.3,4,0.0,1,100.0,0.0055,0.0,0.0,0,1,326,4,crash,clip,ros_vanilla4tm90.csv,0.2,a,2.4,
1000,1.2,0.01,1,10.0,0.0,454.6,45,0.0,1,0.0,1,59.21,0.0055,0.0,0.0,0,1,381,4,crash,clip,ros_vanilla4x245.csv,0.3,a,2.4,
1001,1.2,0.01,1,10.0,0.0,454.6,45,0.0,1,0.0,1,59.21,0.0055,0.0,0.0,0,1,407,4,crash,clip,ros_vanilla4x245.csv,0.3,a,2.4,
1002,1.2,0.01,1,10.0,0.0,454.6,45,0.0,1,0.0,1,59.21,0.0055,0.0,0.0,0,1,359,4,crash,clip,ros_vanilla4x245.csv,0.3,a,2.4,
1003,1.2,0.01,1,10.0,0.0,454.6,45,0.0,1,0.0,1,59.21,0.0055,0.0,0.0,0,1,472,4,crash,clip,ros_vanilla4x245.csv,0.3,a,2.4,
1004,1.2,0.01,1,10.0,0.0,454.6,45,0.0,1,0.0,1,59.21,0.0055,0.0,0.0,0,0,211,4,crash,clip,ros_vanilla4x245.csv,0.3,a,2.4,
1005,1.2,0.01,1,10.0,0.0,454.6,45,0.0,1,0.0,1,59.21,0.0055,0.0,0.0,0,2,1097,4,crash,clip,ros_vanilla4x245.csv,0.3,a,2.4,
1006,1.2,0.01,1,10.0,0.0,454.6,45,0.0,1,0.0,1,59.21,0.0055,0.0,0.0,0,1,470,4,crash,clip,ros_vanilla4x245.csv,0.3,a,2.4,
1007,1.2,0.01,1,10.0,0.0,454.6,45,0.0,1,0.0,1,59.21,0.0055,0.0,0.0,0,4,1220,4,success,,ros_vanilla4x245.csv,0.3,a,2.4,
1008,1.2,0.01,1,10.0,0.0,454.6,45,0.0,1,0.0,1,59.21,0.0055,0.0,0.0,0,1,378,4,crash,clip,ros_vanilla4x245.csv,0.3,a,2.4,
1009,1.2,0.01,1,10.0,0.0,454.6,45,0.0,1,0.0,1,59.21,0.0055,0.0,0.0,0,0,333,4,crash,clip,ros_vanilla4x245.csv,0.3,a,2.4,
1010,1.2,0.01,1,10.0,0.0,454.6,45,0.0,1,0.0,1,59.21,0.0055,0.0,0.0,0,1,364,4,crash,clip,ros_vanilla4x245.csv,0.3,a,2.4,
1011,1.2,0.01,1,10.0,0.0,454.6,45,0.0,1,0.0,1,59.21,0.0055,0.0,0.0,0,2,824,4,crash,clip,ros_vanilla4x245.csv,0.3,a,2.4,
1000,1.2,0.01,1,10.0,0.0,136.5,14,30.3,4,0.0,1,100.0,0.0055,0.0,0.0,0,4,1189,4,success,,ros_vanilla4tm90.csv,0.2,a,2.4,
1001,1.2,0.01,1,10.0,0.0,136.5,14,30.3,4,0.0,1,100.0,0.0055,0.0,0.0,0,4,1178,4,success,,ros_vanilla4tm90.csv,0.2,a,2.4,
1002,1.2,0.01,1,10.0,0.0,136.5,14,30.3,4,0.0,1,100.0,0.0055,0.0,0.0,0,2,652,4,crash,clip,ros_vanilla4tm90.csv,0.2,a,2.4,
1003,1.2,0.01,1,10.0,0.0,136.5,14,30.3,4,0.0,1,100.0,0.0055,0.0,0.0,0,4,1216,4,success,,ros_vanilla4tm90.csv,0.2,a,2.4,
1004,1.2,0.01,1,10.0,0.0,136.5,14,30.3,4,0.0,1,100.0,0.0055,0.0,0.0,0,1,449,4,crash,clip,ros_vanilla4tm90.csv,0.2,a,2.4,
1005,1.2,0.01,1,10.0,0.0,136.5,14,30.3,4,0.0,1,100.0,0.0055,0.0,0.0,0,1,237,4,crash,clip,ros_vanilla4tm90.csv,0.2,a,2.4,
1006,1.2,0.01,1,10.0,0.0,136.5,14,30.3,4,0.0,1,100.0,0.0055,0.0,0.0,0,1,438,4,crash,clip,ros_vanilla4tm90.csv,0.2,a,2.4,
1007,1.2,0.01,1,10.0,0.0,136.5,14,30.3,4,0.0,1,100.0,0.0055,0.0,0.0,0,4,1199,4,success,,ros_vanilla4tm90.csv,0.2,a,2.4,
1008,1.2,0.01,1,10.0,0.0,136.5,14,30.3,4,0.0,1,100.0,0.0055,0.0,0.0,0,1,431,4,crash,clip,ros_vanilla4tm90.csv,0.2,a,2.4,
1009,1.2,0.01,1,10.0,0.0,136.5,14,30.3,4,0.0,1,100.0,0.0055,0.0,0.0,0,2,726,4,crash,clip,ros_vanilla4tm90.csv,0.2,a,2.4,
1010,1.2,0.01,1,10.0,0.0,136.5,14,30.3,4,0.0,1,100.0,0.0055,0.0,0.0,0,2,570,4,crash,clip,ros_vanilla4tm90.csv,0.2,a,2.4,
1011,1.2,0.01,1,10.0,0.0,136.5,14,30.3,4,0.0,1,100.0,0.0055,0.0,0.0,0,1,304,4,crash,clip,ros_vanilla4tm90.csv,0.2,a,2.4,
1000,1.8,0.01,1,10.0,0.0,59.9,6,8.3,1,0.0,1,96.24,0.0055,0.0,0.0,0,2,493,4,crash,clip,xpu_a_cpsat_hard.csv,0.2,a,2.4,
1001,1.8,0.01,1,10.0,0.0,59.9,6,8.3,1,0.0,1,96.24,0.0055,0.0,0.0,0,4,803,4,success,,xpu_a_cpsat_hard.csv,0.2,a,2.4,
1002,1.8,0.01,1,10.0,0.0,59.9,6,8.3,1,0.0,1,96.24,0.0055,0.0,0.0,0,1,183,4,crash,clip,xpu_a_cpsat_hard.csv,0.2,a,2.4,
1003,1.8,0.01,1,10.0,0.0,59.9,6,8.3,1,0.0,1,96.24,0.0055,0.0,0.0,0,0,133,4,crash,clip,xpu_a_cpsat_hard.csv,0.2,a,2.4,
1004,1.8,0.01,1,10.0,0.0,59.9,6,8.3,1,0.0,1,96.24,0.0055,0.0,0.0,0,3,657,4,crash,clip,xpu_a_cpsat_hard.csv,0.2,a,2.4,
1005,1.8,0.01,1,10.0,0.0,59.9,6,8.3,1,0.0,1,96.24,0.0055,0.0,0.0,0,2,414,4,crash,clip,xpu_a_cpsat_hard.csv,0.2,a,2.4,
1006,1.8,0.01,1,10.0,0.0,59.9,6,8.3,1,0.0,1,96.24,0.0055,0.0,0.0,0,2,539,4,crash,clip,xpu_a_cpsat_hard.csv,0.2,a,2.4,
1007,1.8,0.01,1,10.0,0.0,59.9,6,8.3,1,0.0,1,96.24,0.0055,0.0,0.0,0,4,817,4,success,,xpu_a_cpsat_hard.csv,0.2,a,2.4,
1008,1.8,0.01,1,10.0,0.0,59.9,6,8.3,1,0.0,1,96.24,0.0055,0.0,0.0,0,1,336,4,crash,clip,xpu_a_cpsat_hard.csv,0.2,a,2.4,
1009,1.8,0.01,1,10.0,0.0,59.9,6,8.3,1,0.0,1,96.24,0.0055,0.0,0.0,0,4,782,4,success,,xpu_a_cpsat_hard.csv,0.2,a,2.4,
1010,1.8,0.01,1,10.0,0.0,59.9,6,8.3,1,0.0,1,96.24,0.0055,0.0,0.0,0,2,405,4,crash,clip,xpu_a_cpsat_hard.csv,0.2,a,2.4,
1011,1.8,0.01,1,10.0,0.0,59.9,6,8.3,1,0.0,1,96.24,0.0055,0.0,0.0,0,1,301,4,crash,clip,xpu_a_cpsat_hard.csv,0.2,a,2.4,
1000,1.4,0.01,1,10.0,0.0,59.9,6,8.3,1,0.0,1,96.24,0.0055,0.0,0.0,0,2,916,4,crash,clip,xpu_a_cpsat_hard.csv,0.2,a,2.4,
1001,1.4,0.01,1,10.0,0.0,59.9,6,8.3,1,0.0,1,96.24,0.0055,0.0,0.0,0,2,513,4,crash,clip,xpu_a_cpsat_hard.csv,0.2,a,2.4,
1002,1.4,0.01,1,10.0,0.0,59.9,6,8.3,1,0.0,1,96.24,0.0055,0.0,0.0,0,1,254,4,crash,clip,xpu_a_cpsat_hard.csv,0.2,a,2.4,
1003,1.4,0.01,1,10.0,0.0,59.9,6,8.3,1,0.0,1,96.24,0.0055,0.0,0.0,0,3,861,4,crash,clip,xpu_a_cpsat_hard.csv,0.2,a,2.4,
1004,1.4,0.01,1,10.0,0.0,59.9,6,8.3,1,0.0,1,96.24,0.0055,0.0,0.0,0,2,654,4,crash,clip,xpu_a_cpsat_hard.csv,0.2,a,2.4,
1005,1.4,0.01,1,10.0,0.0,59.9,6,8.3,1,0.0,1,96.24,0.0055,0.0,0.0,0,2,1071,4,crash,clip,xpu_a_cpsat_hard.csv,0.2,a,2.4,
1006,1.4,0.01,1,10.0,0.0,59.9,6,8.3,1,0.0,1,96.24,0.0055,0.0,0.0,0,2,699,4,crash,clip,xpu_a_cpsat_hard.csv,0.2,a,2.4,
1007,1.4,0.01,1,10.0,0.0,59.9,6,8.3,1,0.0,1,96.24,0.0055,0.0,0.0,0,1,583,4,crash,clip,xpu_a_cpsat_hard.csv,0.2,a,2.4,
1008,1.4,0.01,1,10.0,0.0,59.9,6,8.3,1,0.0,1,96.24,0.0055,0.0,0.0,0,1,387,4,crash,clip,xpu_a_cpsat_hard.csv,0.2,a,2.4,
1009,1.4,0.01,1,10.0,0.0,59.9,6,8.3,1,0.0,1,96.24,0.0055,0.0,0.0,0,3,1800,4,timeout,,xpu_a_cpsat_hard.csv,0.2,a,2.4,
1010,1.4,0.01,1,10.0,0.0,59.9,6,8.3,1,0.0,1,96.24,0.0055,0.0,0.0,0,4,1058,4,success,,xpu_a_cpsat_hard.csv,0.2,a,2.4,
1011,1.4,0.01,1,10.0,0.0,59.9,6,8.3,1,0.0,1,96.24,0.0055,0.0,0.0,0,3,755,4,crash,clip,xpu_a_cpsat_hard.csv,0.2,a,2.4,
1000,1.0,0.01,1,10.0,0.0,59.9,6,8.3,1,0.0,1,96.24,0.0055,0.0,0.0,0,1,615,4,crash,clip,xpu_a_cpsat_hard.csv,0.2,a,2.4,
1001,1.0,0.01,1,10.0,0.0,59.9,6,8.3,1,0.0,1,96.24,0.0055,0.0,0.0,0,2,701,4,crash,clip,xpu_a_cpsat_hard.csv,0.2,a,2.4,
1002,1.0,0.01,1,10.0,0.0,59.9,6,8.3,1,0.0,1,96.24,0.0055,0.0,0.0,0,3,1206,4,crash,clip,xpu_a_cpsat_hard.csv,0.2,a,2.4,
1003,1.0,0.01,1,10.0,0.0,59.9,6,8.3,1,0.0,1,96.24,0.0055,0.0,0.0,0,2,1145,4,crash,clip,xpu_a_cpsat_hard.csv,0.2,a,2.4,
1004,1.0,0.01,1,10.0,0.0,59.9,6,8.3,1,0.0,1,96.24,0.0055,0.0,0.0,0,2,914,4,crash,clip,xpu_a_cpsat_hard.csv,0.2,a,2.4,
1005,1.0,0.01,1,10.0,0.0,59.9,6,8.3,1,0.0,1,96.24,0.0055,0.0,0.0,0,3,1184,4,crash,clip,xpu_a_cpsat_hard.csv,0.2,a,2.4,
1006,1.0,0.01,1,10.0,0.0,59.9,6,8.3,1,0.0,1,96.24,0.0055,0.0,0.0,0,3,1224,4,crash,clip,xpu_a_cpsat_hard.csv,0.2,a,2.4,
1007,1.0,0.01,1,10.0,0.0,59.9,6,8.3,1,0.0,1,96.24,0.0055,0.0,0.0,0,2,803,4,crash,clip,xpu_a_cpsat_hard.csv,0.2,a,2.4,
1008,1.0,0.01,1,10.0,0.0,59.9,6,8.3,1,0.0,1,96.24,0.0055,0.0,0.0,0,2,629,4,crash,clip,xpu_a_cpsat_hard.csv,0.2,a,2.4,
1009,1.0,0.01,1,10.0,0.0,59.9,6,8.3,1,0.0,1,96.24,0.0055,0.0,0.0,0,0,714,4,crash,clip,xpu_a_cpsat_hard.csv,0.2,a,2.4,
1010,1.0,0.01,1,10.0,0.0,59.9,6,8.3,1,0.0,1,96.24,0.0055,0.0,0.0,0,2,1445,4,crash,clip,xpu_a_cpsat_hard.csv,0.2,a,2.4,
1011,1.0,0.01,1,10.0,0.0,59.9,6,8.3,1,0.0,1,96.24,0.0055,0.0,0.0,0,1,1800,4,timeout,,xpu_a_cpsat_hard.csv,0.2,a,2.4,
1000,1.6,0.01,1,10.0,0.0,59.9,6,8.3,1,0.0,1,96.24,0.0055,0.0,0.0,0,2,550,4,crash,clip,xpu_a_cpsat_hard.csv,0.2,a,2.4,
1001,1.6,0.01,1,10.0,0.0,59.9,6,8.3,1,0.0,1,96.24,0.0055,0.0,0.0,0,4,897,4,success,,xpu_a_cpsat_hard.csv,0.2,a,2.4,
1002,1.6,0.01,1,10.0,0.0,59.9,6,8.3,1,0.0,1,96.24,0.0055,0.0,0.0,0,1,208,4,crash,clip,xpu_a_cpsat_hard.csv,0.2,a,2.4,
1003,1.6,0.01,1,10.0,0.0,59.9,6,8.3,1,0.0,1,96.24,0.0055,0.0,0.0,0,4,925,4,success,,xpu_a_cpsat_hard.csv,0.2,a,2.4,
1004,1.6,0.01,1,10.0,0.0,59.9,6,8.3,1,0.0,1,96.24,0.0055,0.0,0.0,0,2,621,4,crash,clip,xpu_a_cpsat_hard.csv,0.2,a,2.4,
1005,1.6,0.01,1,10.0,0.0,59.9,6,8.3,1,0.0,1,96.24,0.0055,0.0,0.0,0,2,645,4,crash,clip,xpu_a_cpsat_hard.csv,0.2,a,2.4,
1006,1.6,0.01,1,10.0,0.0,59.9,6,8.3,1,0.0,1,96.24,0.0055,0.0,0.0,0,3,825,4,crash,clip,xpu_a_cpsat_hard.csv,0.2,a,2.4,
1007,1.6,0.01,1,10.0,0.0,59.9,6,8.3,1,0.0,1,96.24,0.0055,0.0,0.0,0,3,839,4,crash,clip,xpu_a_cpsat_hard.csv,0.2,a,2.4,
1008,1.6,0.01,1,10.0,0.0,59.9,6,8.3,1,0.0,1,96.24,0.0055,0.0,0.0,0,2,478,4,crash,clip,xpu_a_cpsat_hard.csv,0.2,a,2.4,
1009,1.6,0.01,1,10.0,0.0,59.9,6,8.3,1,0.0,1,96.24,0.0055,0.0,0.0,0,2,534,4,crash,clip,xpu_a_cpsat_hard.csv,0.2,a,2.4,
1010,1.6,0.01,1,10.0,0.0,59.9,6,8.3,1,0.0,1,96.24,0.0055,0.0,0.0,0,4,892,4,success,,xpu_a_cpsat_hard.csv,0.2,a,2.4,
1011,1.6,0.01,1,10.0,0.0,59.9,6,8.3,1,0.0,1,96.24,0.0055,0.0,0.0,0,1,320,4,crash,clip,xpu_a_cpsat_hard.csv,0.2,a,2.4,
1000,1.2,0.01,1,10.0,0.0,59.9,6,8.3,1,0.0,1,96.24,0.0055,0.0,0.0,0,2,719,4,crash,clip,xpu_a_cpsat_hard.csv,0.2,a,2.4,
1001,1.2,0.01,1,10.0,0.0,59.9,6,8.3,1,0.0,1,96.24,0.0055,0.0,0.0,0,4,1173,4,success,,xpu_a_cpsat_hard.csv,0.2,a,2.4,
1002,1.2,0.01,1,10.0,0.0,59.9,6,8.3,1,0.0,1,96.24,0.0055,0.0,0.0,0,2,623,4,crash,clip,xpu_a_cpsat_hard.csv,0.2,a,2.4,
1003,1.2,0.01,1,10.0,0.0,59.9,6,8.3,1,0.0,1,96.24,0.0055,0.0,0.0,0,4,1211,4,success,,xpu_a_cpsat_hard.csv,0.2,a,2.4,
1004,1.2,0.01,1,10.0,0.0,59.9,6,8.3,1,0.0,1,96.24,0.0055,0.0,0.0,0,1,521,4,crash,clip,xpu_a_cpsat_hard.csv,0.2,a,2.4,
1005,1.2,0.01,1,10.0,0.0,59.9,6,8.3,1,0.0,1,96.24,0.0055,0.0,0.0,0,1,243,4,crash,clip,xpu_a_cpsat_hard.csv,0.2,a,2.4,
1006,1.2,0.01,1,10.0,0.0,59.9,6,8.3,1,0.0,1,96.24,0.0055,0.0,0.0,0,3,1069,4,crash,ground,xpu_a_cpsat_hard.csv,0.2,a,2.4,
1007,1.2,0.01,1,10.0,0.0,59.9,6,8.3,1,0.0,1,96.24,0.0055,0.0,0.0,0,4,1196,4,success,,xpu_a_cpsat_hard.csv,0.2,a,2.4,
1008,1.2,0.01,1,10.0,0.0,59.9,6,8.3,1,0.0,1,96.24,0.0055,0.0,0.0,0,1,428,4,crash,clip,xpu_a_cpsat_hard.csv,0.2,a,2.4,
1009,1.2,0.01,1,10.0,0.0,59.9,6,8.3,1,0.0,1,96.24,0.0055,0.0,0.0,0,1,300,4,crash,clip,xpu_a_cpsat_hard.csv,0.2,a,2.4,
1010,1.2,0.01,1,10.0,0.0,59.9,6,8.3,1,0.0,1,96.24,0.0055,0.0,0.0,0,3,1085,4,crash,clip,xpu_a_cpsat_hard.csv,0.2,a,2.4,
1011,1.2,0.01,1,10.0,0.0,59.9,6,8.3,1,0.0,1,96.24,0.0055,0.0,0.0,0,2,821,4,crash,clip,xpu_a_cpsat_hard.csv,0.2,a,2.4,
1000,1.8,0.01,1,10.0,0.0,947.5,95,0.0,1,0.0,1,35.78,0.0055,0.0,0.0,0,0,185,4,crash,ground,xpu_a90_greedy.csv,0.2,a,2.4,
1001,1.8,0.01,1,10.0,0.0,947.5,95,0.0,1,0.0,1,35.78,0.0055,0.0,0.0,0,0,183,4,crash,ground,xpu_a90_greedy.csv,0.2,a,2.4,
1002,1.8,0.01,1,10.0,0.0,947.5,95,0.0,1,0.0,1,35.78,0.0055,0.0,0.0,0,0,183,4,crash,ground,xpu_a90_greedy.csv,0.2,a,2.4,
1003,1.8,0.01,1,10.0,0.0,947.5,95,0.0,1,0.0,1,35.78,0.0055,0.0,0.0,0,0,183,4,crash,ground,xpu_a90_greedy.csv,0.2,a,2.4,
1004,1.8,0.01,1,10.0,0.0,947.5,95,0.0,1,0.0,1,35.78,0.0055,0.0,0.0,0,0,182,4,crash,ground,xpu_a90_greedy.csv,0.2,a,2.4,
1005,1.8,0.01,1,10.0,0.0,947.5,95,0.0,1,0.0,1,35.78,0.0055,0.0,0.0,0,0,184,4,crash,ground,xpu_a90_greedy.csv,0.2,a,2.4,
1006,1.8,0.01,1,10.0,0.0,947.5,95,0.0,1,0.0,1,35.78,0.0055,0.0,0.0,0,0,183,4,crash,ground,xpu_a90_greedy.csv,0.2,a,2.4,
1007,1.8,0.01,1,10.0,0.0,947.5,95,0.0,1,0.0,1,35.78,0.0055,0.0,0.0,0,0,182,4,crash,ground,xpu_a90_greedy.csv,0.2,a,2.4,
1008,1.8,0.01,1,10.0,0.0,947.5,95,0.0,1,0.0,1,35.78,0.0055,0.0,0.0,0,0,184,4,crash,ground,xpu_a90_greedy.csv,0.2,a,2.4,
1009,1.8,0.01,1,10.0,0.0,947.5,95,0.0,1,0.0,1,35.78,0.0055,0.0,0.0,0,0,185,4,crash,ground,xpu_a90_greedy.csv,0.2,a,2.4,
1010,1.8,0.01,1,10.0,0.0,947.5,95,0.0,1,0.0,1,35.78,0.0055,0.0,0.0,0,0,183,4,crash,ground,xpu_a90_greedy.csv,0.2,a,2.4,
1011,1.8,0.01,1,10.0,0.0,947.5,95,0.0,1,0.0,1,35.78,0.0055,0.0,0.0,0,0,180,4,crash,ground,xpu_a90_greedy.csv,0.2,a,2.4,
1000,1.4,0.01,1,10.0,0.0,947.5,95,0.0,1,0.0,1,35.78,0.0055,0.0,0.0,0,0,188,4,crash,ground,xpu_a90_greedy.csv,0.2,a,2.4,
1001,1.4,0.01,1,10.0,0.0,947.5,95,0.0,1,0.0,1,35.78,0.0055,0.0,0.0,0,0,186,4,crash,ground,xpu_a90_greedy.csv,0.2,a,2.4,
1002,1.4,0.01,1,10.0,0.0,947.5,95,0.0,1,0.0,1,35.78,0.0055,0.0,0.0,0,0,187,4,crash,ground,xpu_a90_greedy.csv,0.2,a,2.4,
1003,1.4,0.01,1,10.0,0.0,947.5,95,0.0,1,0.0,1,35.78,0.0055,0.0,0.0,0,0,187,4,crash,ground,xpu_a90_greedy.csv,0.2,a,2.4,
1004,1.4,0.01,1,10.0,0.0,947.5,95,0.0,1,0.0,1,35.78,0.0055,0.0,0.0,0,0,185,4,crash,ground,xpu_a90_greedy.csv,0.2,a,2.4,
1005,1.4,0.01,1,10.0,0.0,947.5,95,0.0,1,0.0,1,35.78,0.0055,0.0,0.0,0,0,187,4,crash,ground,xpu_a90_greedy.csv,0.2,a,2.4,
1006,1.4,0.01,1,10.0,0.0,947.5,95,0.0,1,0.0,1,35.78,0.0055,0.0,0.0,0,0,188,4,crash,ground,xpu_a90_greedy.csv,0.2,a,2.4,
1007,1.4,0.01,1,10.0,0.0,947.5,95,0.0,1,0.0,1,35.78,0.0055,0.0,0.0,0,0,186,4,crash,ground,xpu_a90_greedy.csv,0.2,a,2.4,
1008,1.4,0.01,1,10.0,0.0,947.5,95,0.0,1,0.0,1,35.78,0.0055,0.0,0.0,0,0,187,4,crash,ground,xpu_a90_greedy.csv,0.2,a,2.4,
1009,1.4,0.01,1,10.0,0.0,947.5,95,0.0,1,0.0,1,35.78,0.0055,0.0,0.0,0,0,188,4,crash,ground,xpu_a90_greedy.csv,0.2,a,2.4,
1010,1.4,0.01,1,10.0,0.0,947.5,95,0.0,1,0.0,1,35.78,0.0055,0.0,0.0,0,0,187,4,crash,ground,xpu_a90_greedy.csv,0.2,a,2.4,
1011,1.4,0.01,1,10.0,0.0,947.5,95,0.0,1,0.0,1,35.78,0.0055,0.0,0.0,0,0,184,4,crash,ground,xpu_a90_greedy.csv,0.2,a,2.4,
1000,1.0,0.01,1,10.0,0.0,454.6,45,0.0,1,0.0,1,59.21,0.0055,0.0,0.0,0,1,665,4,crash,clip,ros_vanilla4x245.csv,0.3,a,2.4,
1001,1.0,0.01,1,10.0,0.0,454.6,45,0.0,1,0.0,1,59.21,0.0055,0.0,0.0,0,1,577,4,crash,clip,ros_vanilla4x245.csv,0.3,a,2.4,
1002,1.0,0.01,1,10.0,0.0,454.6,45,0.0,1,0.0,1,59.21,0.0055,0.0,0.0,0,2,733,4,crash,clip,ros_vanilla4x245.csv,0.3,a,2.4,
1003,1.0,0.01,1,10.0,0.0,454.6,45,0.0,1,0.0,1,59.21,0.0055,0.0,0.0,0,3,1379,4,crash,clip,ros_vanilla4x245.csv,0.3,a,2.4,
1004,1.0,0.01,1,10.0,0.0,454.6,45,0.0,1,0.0,1,59.21,0.0055,0.0,0.0,0,2,736,4,crash,clip,ros_vanilla4x245.csv,0.3,a,2.4,
1005,1.0,0.01,1,10.0,0.0,454.6,45,0.0,1,0.0,1,59.21,0.0055,0.0,0.0,0,0,492,4,crash,clip,ros_vanilla4x245.csv,0.3,a,2.4,
1006,1.0,0.01,1,10.0,0.0,454.6,45,0.0,1,0.0,1,59.21,0.0055,0.0,0.0,0,3,1225,4,crash,clip,ros_vanilla4x245.csv,0.3,a,2.4,
1007,1.0,0.01,1,10.0,0.0,454.6,45,0.0,1,0.0,1,59.21,0.0055,0.0,0.0,0,2,1376,4,crash,clip,ros_vanilla4x245.csv,0.3,a,2.4,
1008,1.0,0.01,1,10.0,0.0,454.6,45,0.0,1,0.0,1,59.21,0.0055,0.0,0.0,0,1,420,4,crash,clip,ros_vanilla4x245.csv,0.3,a,2.4,
1009,1.0,0.01,1,10.0,0.0,454.6,45,0.0,1,0.0,1,59.21,0.0055,0.0,0.0,0,0,1009,4,crash,clip,ros_vanilla4x245.csv,0.3,a,2.4,
1010,1.0,0.01,1,10.0,0.0,454.6,45,0.0,1,0.0,1,59.21,0.0055,0.0,0.0,0,1,634,4,crash,clip,ros_vanilla4x245.csv,0.3,a,2.4,
1011,1.0,0.01,1,10.0,0.0,454.6,45,0.0,1,0.0,1,59.21,0.0055,0.0,0.0,0,1,354,4,crash,clip,ros_vanilla4x245.csv,0.3,a,2.4,
1000,1.0,0.01,1,10.0,0.0,947.5,95,0.0,1,0.0,1,35.78,0.0055,0.0,0.0,0,0,192,4,crash,ground,xpu_a90_greedy.csv,0.2,a,2.4,
1001,1.0,0.01,1,10.0,0.0,947.5,95,0.0,1,0.0,1,35.78,0.0055,0.0,0.0,0,0,190,4,crash,ground,xpu_a90_greedy.csv,0.2,a,2.4,
1002,1.0,0.01,1,10.0,0.0,947.5,95,0.0,1,0.0,1,35.78,0.0055,0.0,0.0,0,0,192,4,crash,ground,xpu_a90_greedy.csv,0.2,a,2.4,
1003,1.0,0.01,1,10.0,0.0,947.5,95,0.0,1,0.0,1,35.78,0.0055,0.0,0.0,0,0,190,4,crash,ground,xpu_a90_greedy.csv,0.2,a,2.4,
1004,1.0,0.01,1,10.0,0.0,947.5,95,0.0,1,0.0,1,35.78,0.0055,0.0,0.0,0,0,189,4,crash,ground,xpu_a90_greedy.csv,0.2,a,2.4,
1005,1.0,0.01,1,10.0,0.0,947.5,95,0.0,1,0.0,1,35.78,0.0055,0.0,0.0,0,0,189,4,crash,ground,xpu_a90_greedy.csv,0.2,a,2.4,
1006,1.0,0.01,1,10.0,0.0,947.5,95,0.0,1,0.0,1,35.78,0.0055,0.0,0.0,0,0,189,4,crash,ground,xpu_a90_greedy.csv,0.2,a,2.4,
1007,1.0,0.01,1,10.0,0.0,947.5,95,0.0,1,0.0,1,35.78,0.0055,0.0,0.0,0,0,189,4,crash,ground,xpu_a90_greedy.csv,0.2,a,2.4,
1008,1.0,0.01,1,10.0,0.0,947.5,95,0.0,1,0.0,1,35.78,0.0055,0.0,0.0,0,0,192,4,crash,ground,xpu_a90_greedy.csv,0.2,a,2.4,
1009,1.0,0.01,1,10.0,0.0,947.5,95,0.0,1,0.0,1,35.78,0.0055,0.0,0.0,0,0,191,4,crash,ground,xpu_a90_greedy.csv,0.2,a,2.4,
1010,1.0,0.01,1,10.0,0.0,947.5,95,0.0,1,0.0,1,35.78,0.0055,0.0,0.0,0,0,190,4,crash,ground,xpu_a90_greedy.csv,0.2,a,2.4,
1011,1.0,0.01,1,10.0,0.0,947.5,95,0.0,1,0.0,1,35.78,0.0055,0.0,0.0,0,0,189,4,crash,ground,xpu_a90_greedy.csv,0.2,a,2.4,
1000,1.6,0.01,1,10.0,0.0,947.5,95,0.0,1,0.0,1,35.78,0.0055,0.0,0.0,0,0,187,4,crash,ground,xpu_a90_greedy.csv,0.2,a,2.4,
1001,1.6,0.01,1,10.0,0.0,947.5,95,0.0,1,0.0,1,35.78,0.0055,0.0,0.0,0,0,185,4,crash,ground,xpu_a90_greedy.csv,0.2,a,2.4,
1002,1.6,0.01,1,10.0,0.0,947.5,95,0.0,1,0.0,1,35.78,0.0055,0.0,0.0,0,0,186,4,crash,ground,xpu_a90_greedy.csv,0.2,a,2.4,
1003,1.6,0.01,1,10.0,0.0,947.5,95,0.0,1,0.0,1,35.78,0.0055,0.0,0.0,0,0,185,4,crash,ground,xpu_a90_greedy.csv,0.2,a,2.4,
1004,1.6,0.01,1,10.0,0.0,947.5,95,0.0,1,0.0,1,35.78,0.0055,0.0,0.0,0,0,184,4,crash,ground,xpu_a90_greedy.csv,0.2,a,2.4,
1005,1.6,0.01,1,10.0,0.0,947.5,95,0.0,1,0.0,1,35.78,0.0055,0.0,0.0,0,0,185,4,crash,ground,xpu_a90_greedy.csv,0.2,a,2.4,
1006,1.6,0.01,1,10.0,0.0,947.5,95,0.0,1,0.0,1,35.78,0.0055,0.0,0.0,0,0,186,4,crash,ground,xpu_a90_greedy.csv,0.2,a,2.4,
1007,1.6,0.01,1,10.0,0.0,947.5,95,0.0,1,0.0,1,35.78,0.0055,0.0,0.0,0,0,185,4,crash,ground,xpu_a90_greedy.csv,0.2,a,2.4,
1008,1.6,0.01,1,10.0,0.0,947.5,95,0.0,1,0.0,1,35.78,0.0055,0.0,0.0,0,0,187,4,crash,ground,xpu_a90_greedy.csv,0.2,a,2.4,
1009,1.6,0.01,1,10.0,0.0,947.5,95,0.0,1,0.0,1,35.78,0.0055,0.0,0.0,0,0,186,4,crash,ground,xpu_a90_greedy.csv,0.2,a,2.4,
1010,1.6,0.01,1,10.0,0.0,947.5,95,0.0,1,0.0,1,35.78,0.0055,0.0,0.0,0,0,185,4,crash,ground,xpu_a90_greedy.csv,0.2,a,2.4,
1011,1.6,0.01,1,10.0,0.0,947.5,95,0.0,1,0.0,1,35.78,0.0055,0.0,0.0,0,0,183,4,crash,ground,xpu_a90_greedy.csv,0.2,a,2.4,
1000,1.4,0.01,1,10.0,0.0,454.6,45,0.0,1,0.0,1,59.21,0.0055,0.0,0.0,0,2,669,4,crash,clip,ros_vanilla4x245.csv,0.3,a,2.4,
1001,1.4,0.01,1,10.0,0.0,454.6,45,0.0,1,0.0,1,59.21,0.0055,0.0,0.0,0,0,342,4,crash,clip,ros_vanilla4x245.csv,0.3,a,2.4,
1002,1.4,0.01,1,10.0,0.0,454.6,45,0.0,1,0.0,1,59.21,0.0055,0.0,0.0,0,0,1560,4,crash,clip,ros_vanilla4x245.csv,0.3,a,2.4,
1003,1.4,0.01,1,10.0,0.0,454.6,45,0.0,1,0.0,1,59.21,0.0055,0.0,0.0,0,0,181,4,crash,clip,ros_vanilla4x245.csv,0.3,a,2.4,
1004,1.4,0.01,1,10.0,0.0,454.6,45,0.0,1,0.0,1,59.21,0.0055,0.0,0.0,0,1,474,4,crash,clip,ros_vanilla4x245.csv,0.3,a,2.4,
1005,1.4,0.01,1,10.0,0.0,454.6,45,0.0,1,0.0,1,59.21,0.0055,0.0,0.0,0,1,218,4,crash,clip,ros_vanilla4x245.csv,0.3,a,2.4,
1006,1.4,0.01,1,10.0,0.0,454.6,45,0.0,1,0.0,1,59.21,0.0055,0.0,0.0,0,3,921,4,crash,clip,ros_vanilla4x245.csv,0.3,a,2.4,
1007,1.4,0.01,1,10.0,0.0,454.6,45,0.0,1,0.0,1,59.21,0.0055,0.0,0.0,0,0,633,4,crash,clip,ros_vanilla4x245.csv,0.3,a,2.4,
1008,1.4,0.01,1,10.0,0.0,454.6,45,0.0,1,0.0,1,59.21,0.0055,0.0,0.0,0,0,423,4,crash,clip,ros_vanilla4x245.csv,0.3,a,2.4,
1009,1.4,0.01,1,10.0,0.0,454.6,45,0.0,1,0.0,1,59.21,0.0055,0.0,0.0,0,3,947,4,crash,clip,ros_vanilla4x245.csv,0.3,a,2.4,
1010,1.4,0.01,1,10.0,0.0,454.6,45,0.0,1,0.0,1,59.21,0.0055,0.0,0.0,0,2,1132,4,crash,clip,ros_vanilla4x245.csv,0.3,a,2.4,
1011,1.4,0.01,1,10.0,0.0,454.6,45,0.0,1,0.0,1,59.21,0.0055,0.0,0.0,0,0,239,4,crash,clip,ros_vanilla4x245.csv,0.3,a,2.4,
1000,1.2,0.01,1,10.0,0.0,947.5,95,0.0,1,0.0,1,35.78,0.0055,0.0,0.0,0,0,190,4,crash,ground,xpu_a90_greedy.csv,0.2,a,2.4,
1001,1.2,0.01,1,10.0,0.0,947.5,95,0.0,1,0.0,1,35.78,0.0055,0.0,0.0,0,0,188,4,crash,ground,xpu_a90_greedy.csv,0.2,a,2.4,
1002,1.2,0.01,1,10.0,0.0,947.5,95,0.0,1,0.0,1,35.78,0.0055,0.0,0.0,0,0,190,4,crash,ground,xpu_a90_greedy.csv,0.2,a,2.4,
1003,1.2,0.01,1,10.0,0.0,947.5,95,0.0,1,0.0,1,35.78,0.0055,0.0,0.0,0,0,188,4,crash,ground,xpu_a90_greedy.csv,0.2,a,2.4,
1004,1.2,0.01,1,10.0,0.0,947.5,95,0.0,1,0.0,1,35.78,0.0055,0.0,0.0,0,0,186,4,crash,ground,xpu_a90_greedy.csv,0.2,a,2.4,
1005,1.2,0.01,1,10.0,0.0,947.5,95,0.0,1,0.0,1,35.78,0.0055,0.0,0.0,0,0,188,4,crash,ground,xpu_a90_greedy.csv,0.2,a,2.4,
1006,1.2,0.01,1,10.0,0.0,947.5,95,0.0,1,0.0,1,35.78,0.0055,0.0,0.0,0,0,189,4,crash,ground,xpu_a90_greedy.csv,0.2,a,2.4,
1007,1.2,0.01,1,10.0,0.0,947.5,95,0.0,1,0.0,1,35.78,0.0055,0.0,0.0,0,0,187,4,crash,ground,xpu_a90_greedy.csv,0.2,a,2.4,
1008,1.2,0.01,1,10.0,0.0,947.5,95,0.0,1,0.0,1,35.78,0.0055,0.0,0.0,0,0,189,4,crash,ground,xpu_a90_greedy.csv,0.2,a,2.4,
1009,1.2,0.01,1,10.0,0.0,947.5,95,0.0,1,0.0,1,35.78,0.0055,0.0,0.0,0,0,189,4,crash,ground,xpu_a90_greedy.csv,0.2,a,2.4,
1010,1.2,0.01,1,10.0,0.0,947.5,95,0.0,1,0.0,1,35.78,0.0055,0.0,0.0,0,0,188,4,crash,ground,xpu_a90_greedy.csv,0.2,a,2.4,
1011,1.2,0.01,1,10.0,0.0,947.5,95,0.0,1,0.0,1,35.78,0.0055,0.0,0.0,0,0,187,4,crash,ground,xpu_a90_greedy.csv,0.2,a,2.4,
1000,1.8,0.01,1,10.0,0.0,454.6,45,0.0,1,0.0,1,59.21,0.0055,0.0,0.0,0,0,173,4,crash,clip,ros_vanilla4x245.csv,0.3,a,2.4,
1001,1.8,0.01,1,10.0,0.0,454.6,45,0.0,1,0.0,1,59.21,0.0055,0.0,0.0,0,3,634,4,crash,clip,ros_vanilla4x245.csv,0.3,a,2.4,
1002,1.8,0.01,1,10.0,0.0,454.6,45,0.0,1,0.0,1,59.21,0.0055,0.0,0.0,0,0,315,4,crash,clip,ros_vanilla4x245.csv,0.3,a,2.4,
1003,1.8,0.01,1,10.0,0.0,454.6,45,0.0,1,0.0,1,59.21,0.0055,0.0,0.0,0,0,269,4,crash,clip,ros_vanilla4x245.csv,0.3,a,2.4,
1004,1.8,0.01,1,10.0,0.0,454.6,45,0.0,1,0.0,1,59.21,0.0055,0.0,0.0,0,1,314,4,crash,clip,ros_vanilla4x245.csv,0.3,a,2.4,
1005,1.8,0.01,1,10.0,0.0,454.6,45,0.0,1,0.0,1,59.21,0.0055,0.0,0.0,0,1,195,4,crash,clip,ros_vanilla4x245.csv,0.3,a,2.4,
1006,1.8,0.01,1,10.0,0.0,454.6,45,0.0,1,0.0,1,59.21,0.0055,0.0,0.0,0,0,161,4,crash,clip,ros_vanilla4x245.csv,0.3,a,2.4,
1007,1.8,0.01,1,10.0,0.0,454.6,45,0.0,1,0.0,1,59.21,0.0055,0.0,0.0,0,1,210,4,crash,clip,ros_vanilla4x245.csv,0.3,a,2.4,
1008,1.8,0.01,1,10.0,0.0,454.6,45,0.0,1,0.0,1,59.21,0.0055,0.0,0.0,0,0,243,4,crash,clip,ros_vanilla4x245.csv,0.3,a,2.4,
1009,1.8,0.01,1,10.0,0.0,454.6,45,0.0,1,0.0,1,59.21,0.0055,0.0,0.0,0,2,455,4,crash,clip,ros_vanilla4x245.csv,0.3,a,2.4,
1010,1.8,0.01,1,10.0,0.0,454.6,45,0.0,1,0.0,1,59.21,0.0055,0.0,0.0,0,4,803,4,success,,ros_vanilla4x245.csv,0.3,a,2.4,
1011,1.8,0.01,1,10.0,0.0,454.6,45,0.0,1,0.0,1,59.21,0.0055,0.0,0.0,0,2,482,4,crash,clip,ros_vanilla4x245.csv,0.3,a,2.4,
1000,1.8,0.01,1,10.0,0.0,242.0,24,0.0,1,0.0,1,100.0,0.0055,0.0,0.0,0,1,331,4,crash,clip,ros_vanilla4tm45.csv,0.3,b,2.4,
1001,1.8,0.01,1,10.0,0.0,242.0,24,0.0,1,0.0,1,100.0,0.0055,0.0,0.0,0,0,1507,4,crash,clip,ros_vanilla4tm45.csv,0.3,b,2.4,
1002,1.8,0.01,1,10.0,0.0,242.0,24,0.0,1,0.0,1,100.0,0.0055,0.0,0.0,0,2,467,4,crash,clip,ros_vanilla4tm45.csv,0.3,b,2.4,
1003,1.8,0.01,1,10.0,0.0,242.0,24,0.0,1,0.0,1,100.0,0.0055,0.0,0.0,0,3,729,4,crash,clip,ros_vanilla4tm45.csv,0.3,b,2.4,
1004,1.8,0.01,1,10.0,0.0,242.0,24,0.0,1,0.0,1,100.0,0.0055,0.0,0.0,0,2,529,4,crash,clip,ros_vanilla4tm45.csv,0.3,b,2.4,
1005,1.8,0.01,1,10.0,0.0,242.0,24,0.0,1,0.0,1,100.0,0.0055,0.0,0.0,0,0,194,4,crash,clip,ros_vanilla4tm45.csv,0.3,b,2.4,
1006,1.8,0.01,1,10.0,0.0,242.0,24,0.0,1,0.0,1,100.0,0.0055,0.0,0.0,0,2,411,4,crash,clip,ros_vanilla4tm45.csv,0.3,b,2.4,
1007,1.8,0.01,1,10.0,0.0,242.0,24,0.0,1,0.0,1,100.0,0.0055,0.0,0.0,0,3,703,4,crash,clip,ros_vanilla4tm45.csv,0.3,b,2.4,
1008,1.8,0.01,1,10.0,0.0,242.0,24,0.0,1,0.0,1,100.0,0.0055,0.0,0.0,0,0,268,4,crash,clip,ros_vanilla4tm45.csv,0.3,b,2.4,
1009,1.8,0.01,1,10.0,0.0,242.0,24,0.0,1,0.0,1,100.0,0.0055,0.0,0.0,0,2,449,4,crash,clip,ros_vanilla4tm45.csv,0.3,b,2.4,
1010,1.8,0.01,1,10.0,0.0,242.0,24,0.0,1,0.0,1,100.0,0.0055,0.0,0.0,0,4,779,4,success,,ros_vanilla4tm45.csv,0.3,b,2.4,
1011,1.8,0.01,1,10.0,0.0,242.0,24,0.0,1,0.0,1,100.0,0.0055,0.0,0.0,0,2,472,4,crash,clip,ros_vanilla4tm45.csv,0.3,b,2.4,
1000,1.6,0.01,1,10.0,0.0,454.6,45,0.0,1,0.0,1,59.21,0.0055,0.0,0.0,0,0,189,4,crash,clip,ros_vanilla4x245.csv,0.3,a,2.4,
1001,1.6,0.01,1,10.0,0.0,454.6,45,0.0,1,0.0,1,59.21,0.0055,0.0,0.0,0,2,456,4,crash,clip,ros_vanilla4x245.csv,0.3,a,2.4,
1002,1.6,0.01,1,10.0,0.0,454.6,45,0.0,1,0.0,1,59.21,0.0055,0.0,0.0,0,0,492,4,crash,clip,ros_vanilla4x245.csv,0.3,a,2.4,
1003,1.6,0.01,1,10.0,0.0,454.6,45,0.0,1,0.0,1,59.21,0.0055,0.0,0.0,0,0,140,4,crash,clip,ros_vanilla4x245.csv,0.3,a,2.4,
1004,1.6,0.01,1,10.0,0.0,454.6,45,0.0,1,0.0,1,59.21,0.0055,0.0,0.0,0,0,234,4,crash,clip,ros_vanilla4x245.csv,0.3,a,2.4,
1005,1.6,0.01,1,10.0,0.0,454.6,45,0.0,1,0.0,1,59.21,0.0055,0.0,0.0,0,1,710,4,crash,clip,ros_vanilla4x245.csv,0.3,a,2.4,
1006,1.6,0.01,1,10.0,0.0,454.6,45,0.0,1,0.0,1,59.21,0.0055,0.0,0.0,0,3,835,4,crash,clip,ros_vanilla4x245.csv,0.3,a,2.4,
1007,1.6,0.01,1,10.0,0.0,454.6,45,0.0,1,0.0,1,59.21,0.0055,0.0,0.0,0,3,795,4,crash,clip,ros_vanilla4x245.csv,0.3,a,2.4,
1008,1.6,0.01,1,10.0,0.0,454.6,45,0.0,1,0.0,1,59.21,0.0055,0.0,0.0,0,0,248,4,crash,clip,ros_vanilla4x245.csv,0.3,a,2.4,
1009,1.6,0.01,1,10.0,0.0,454.6,45,0.0,1,0.0,1,59.21,0.0055,0.0,0.0,0,2,518,4,crash,clip,ros_vanilla4x245.csv,0.3,a,2.4,
1010,1.6,0.01,1,10.0,0.0,454.6,45,0.0,1,0.0,1,59.21,0.0055,0.0,0.0,0,1,317,4,crash,clip,ros_vanilla4x245.csv,0.3,a,2.4,
1011,1.6,0.01,1,10.0,0.0,454.6,45,0.0,1,0.0,1,59.21,0.0055,0.0,0.0,0,2,604,4,crash,clip,ros_vanilla4x245.csv,0.3,a,2.4,
1000,1.2,0.01,1,10.0,0.0,254.3,25,19.6,2,0.0,1,61.34,0.0055,0.0,0.0,0,1,375,4,crash,clip,ros_vanilla4x290.csv,0.3,a,2.4,
1001,1.2,0.01,1,10.0,0.0,254.3,25,19.6,2,0.0,1,61.34,0.0055,0.0,0.0,0,2,659,4,crash,clip,ros_vanilla4x290.csv,0.3,a,2.4,
1002,1.2,0.01,1,10.0,0.0,254.3,25,19.6,2,0.0,1,61.34,0.0055,0.0,0.0,0,1,450,4,crash,clip,ros_vanilla4x290.csv,0.3,a,2.4,
1003,1.2,0.01,1,10.0,0.0,254.3,25,19.6,2,0.0,1,61.34,0.0055,0.0,0.0,0,1,443,4,crash,clip,ros_vanilla4x290.csv,0.3,a,2.4,
1004,1.2,0.01,1,10.0,0.0,254.3,25,19.6,2,0.0,1,61.34,0.0055,0.0,0.0,0,2,1007,4,crash,clip,ros_vanilla4x290.csv,0.3,a,2.4,
1005,1.2,0.01,1,10.0,0.0,254.3,25,19.6,2,0.0,1,61.34,0.0055,0.0,0.0,0,1,235,4,crash,clip,ros_vanilla4x290.csv,0.3,a,2.4,
1006,1.2,0.01,1,10.0,0.0,254.3,25,19.6,2,0.0,1,61.34,0.0055,0.0,0.0,0,1,405,4,crash,clip,ros_vanilla4x290.csv,0.3,a,2.4,
1007,1.2,0.01,1,10.0,0.0,254.3,25,19.6,2,0.0,1,61.34,0.0055,0.0,0.0,0,1,613,4,crash,clip,ros_vanilla4x290.csv,0.3,a,2.4,
1008,1.2,0.01,1,10.0,0.0,254.3,25,19.6,2,0.0,1,61.34,0.0055,0.0,0.0,0,4,1166,4,success,,ros_vanilla4x290.csv,0.3,a,2.4,
1009,1.2,0.01,1,10.0,0.0,254.3,25,19.6,2,0.0,1,61.34,0.0055,0.0,0.0,0,1,230,4,crash,clip,ros_vanilla4x290.csv,0.3,a,2.4,
1010,1.2,0.01,1,10.0,0.0,254.3,25,19.6,2,0.0,1,61.34,0.0055,0.0,0.0,0,1,335,4,crash,clip,ros_vanilla4x290.csv,0.3,a,2.4,
1011,1.2,0.01,1,10.0,0.0,254.3,25,19.6,2,0.0,1,61.34,0.0055,0.0,0.0,0,2,824,4,crash,clip,ros_vanilla4x290.csv,0.3,a,2.4,
1000,1.4,0.01,1,10.0,0.0,242.0,24,0.0,1,0.0,1,100.0,0.0055,0.0,0.0,0,2,627,4,crash,clip,ros_vanilla4tm45.csv,0.3,b,2.4,
1001,1.4,0.01,1,10.0,0.0,242.0,24,0.0,1,0.0,1,100.0,0.0055,0.0,0.0,0,2,589,4,crash,clip,ros_vanilla4tm45.csv,0.3,b,2.4,
1002,1.4,0.01,1,10.0,0.0,242.0,24,0.0,1,0.0,1,100.0,0.0055,0.0,0.0,0,0,312,4,crash,clip,ros_vanilla4tm45.csv,0.3,b,2.4,
1003,1.4,0.01,1,10.0,0.0,242.0,24,0.0,1,0.0,1,100.0,0.0055,0.0,0.0,0,3,894,4,crash,clip,ros_vanilla4tm45.csv,0.3,b,2.4,
1004,1.4,0.01,1,10.0,0.0,242.0,24,0.0,1,0.0,1,100.0,0.0055,0.0,0.0,0,3,759,4,crash,clip,ros_vanilla4tm45.csv,0.3,b,2.4,
1005,1.4,0.01,1,10.0,0.0,242.0,24,0.0,1,0.0,1,100.0,0.0055,0.0,0.0,0,2,703,4,crash,clip,ros_vanilla4tm45.csv,0.3,b,2.4,
1006,1.4,0.01,1,10.0,0.0,242.0,24,0.0,1,0.0,1,100.0,0.0055,0.0,0.0,0,2,1129,4,crash,clip,ros_vanilla4tm45.csv,0.3,b,2.4,
1007,1.4,0.01,1,10.0,0.0,242.0,24,0.0,1,0.0,1,100.0,0.0055,0.0,0.0,0,2,524,4,crash,clip,ros_vanilla4tm45.csv,0.3,b,2.4,
1008,1.4,0.01,1,10.0,0.0,242.0,24,0.0,1,0.0,1,100.0,0.0055,0.0,0.0,0,2,486,4,crash,clip,ros_vanilla4tm45.csv,0.3,b,2.4,
1009,1.4,0.01,1,10.0,0.0,242.0,24,0.0,1,0.0,1,100.0,0.0055,0.0,0.0,0,2,593,4,crash,clip,ros_vanilla4tm45.csv,0.3,b,2.4,
1010,1.4,0.01,1,10.0,0.0,242.0,24,0.0,1,0.0,1,100.0,0.0055,0.0,0.0,0,2,956,4,crash,clip,ros_vanilla4tm45.csv,0.3,b,2.4,
1011,1.4,0.01,1,10.0,0.0,242.0,24,0.0,1,0.0,1,100.0,0.0055,0.0,0.0,0,1,343,4,crash,clip,ros_vanilla4tm45.csv,0.3,b,2.4,
1000,1.0,0.01,1,10.0,0.0,254.3,25,19.6,2,0.0,1,61.34,0.0055,0.0,0.0,0,2,1253,4,crash,clip,ros_vanilla4x290.csv,0.3,a,2.4,
1001,1.0,0.01,1,10.0,0.0,254.3,25,19.6,2,0.0,1,61.34,0.0055,0.0,0.0,0,1,467,4,crash,clip,ros_vanilla4x290.csv,0.3,a,2.4,
1002,1.0,0.01,1,10.0,0.0,254.3,25,19.6,2,0.0,1,61.34,0.0055,0.0,0.0,0,1,490,4,crash,clip,ros_vanilla4x290.csv,0.3,a,2.4,
1003,1.0,0.01,1,10.0,0.0,254.3,25,19.6,2,0.0,1,61.34,0.0055,0.0,0.0,0,4,1507,4,success,,ros_vanilla4x290.csv,0.3,a,2.4,
1004,1.0,0.01,1,10.0,0.0,254.3,25,19.6,2,0.0,1,61.34,0.0055,0.0,0.0,0,1,508,4,crash,clip,ros_vanilla4x290.csv,0.3,a,2.4,
1005,1.0,0.01,1,10.0,0.0,254.3,25,19.6,2,0.0,1,61.34,0.0055,0.0,0.0,0,1,262,4,crash,clip,ros_vanilla4x290.csv,0.3,a,2.4,
1006,1.0,0.01,1,10.0,0.0,254.3,25,19.6,2,0.0,1,61.34,0.0055,0.0,0.0,0,1,400,4,crash,clip,ros_vanilla4x290.csv,0.3,a,2.4,
1007,1.0,0.01,1,10.0,0.0,254.3,25,19.6,2,0.0,1,61.34,0.0055,0.0,0.0,0,1,491,4,crash,clip,ros_vanilla4x290.csv,0.3,a,2.4,
1008,1.0,0.01,1,10.0,0.0,254.3,25,19.6,2,0.0,1,61.34,0.0055,0.0,0.0,0,3,1353,4,crash,clip,ros_vanilla4x290.csv,0.3,a,2.4,
1009,1.0,0.01,1,10.0,0.0,254.3,25,19.6,2,0.0,1,61.34,0.0055,0.0,0.0,0,2,1016,4,crash,clip,ros_vanilla4x290.csv,0.3,a,2.4,
1010,1.0,0.01,1,10.0,0.0,254.3,25,19.6,2,0.0,1,61.34,0.0055,0.0,0.0,0,1,544,4,crash,clip,ros_vanilla4x290.csv,0.3,a,2.4,
1011,1.0,0.01,1,10.0,0.0,254.3,25,19.6,2,0.0,1,61.34,0.0055,0.0,0.0,0,1,362,4,crash,clip,ros_vanilla4x290.csv,0.3,a,2.4,
1000,1.0,0.01,1,10.0,0.0,242.0,24,0.0,1,0.0,1,100.0,0.0055,0.0,0.0,0,2,980,4,crash,clip,ros_vanilla4tm45.csv,0.3,b,2.4,
1001,1.0,0.01,1,10.0,0.0,242.0,24,0.0,1,0.0,1,100.0,0.0055,0.0,0.0,0,4,1393,4,success,,ros_vanilla4tm45.csv,0.3,b,2.4,
1002,1.0,0.01,1,10.0,0.0,242.0,24,0.0,1,0.0,1,100.0,0.0055,0.0,0.0,0,1,530,4,crash,clip,ros_vanilla4tm45.csv,0.3,b,2.4,
1003,1.0,0.01,1,10.0,0.0,242.0,24,0.0,1,0.0,1,100.0,0.0055,0.0,0.0,0,2,876,4,crash,clip,ros_vanilla4tm45.csv,0.3,b,2.4,
1004,1.0,0.01,1,10.0,0.0,242.0,24,0.0,1,0.0,1,100.0,0.0055,0.0,0.0,0,1,539,4,crash,clip,ros_vanilla4tm45.csv,0.3,b,2.4,
1005,1.0,0.01,1,10.0,0.0,242.0,24,0.0,1,0.0,1,100.0,0.0055,0.0,0.0,0,1,421,4,crash,clip,ros_vanilla4tm45.csv,0.3,b,2.4,
1006,1.0,0.01,1,10.0,0.0,242.0,24,0.0,1,0.0,1,100.0,0.0055,0.0,0.0,0,1,768,4,crash,clip,ros_vanilla4tm45.csv,0.3,b,2.4,
1007,1.0,0.01,1,10.0,0.0,242.0,24,0.0,1,0.0,1,100.0,0.0055,0.0,0.0,0,4,1409,4,success,,ros_vanilla4tm45.csv,0.3,b,2.4,
1008,1.0,0.01,1,10.0,0.0,242.0,24,0.0,1,0.0,1,100.0,0.0055,0.0,0.0,0,1,348,4,crash,clip,ros_vanilla4tm45.csv,0.3,b,2.4,
1009,1.0,0.01,1,10.0,0.0,242.0,24,0.0,1,0.0,1,100.0,0.0055,0.0,0.0,0,2,1079,4,crash,clip,ros_vanilla4tm45.csv,0.3,b,2.4,
1010,1.0,0.01,1,10.0,0.0,242.0,24,0.0,1,0.0,1,100.0,0.0055,0.0,0.0,0,2,1089,4,crash,clip,ros_vanilla4tm45.csv,0.3,b,2.4,
1011,1.0,0.01,1,10.0,0.0,242.0,24,0.0,1,0.0,1,100.0,0.0055,0.0,0.0,0,3,1332,4,crash,clip,ros_vanilla4tm45.csv,0.3,b,2.4,
1000,1.4,0.01,1,10.0,0.0,254.3,25,19.6,2,0.0,1,61.34,0.0055,0.0,0.0,0,1,326,4,crash,clip,ros_vanilla4x290.csv,0.3,a,2.4,
1001,1.4,0.01,1,10.0,0.0,254.3,25,19.6,2,0.0,1,61.34,0.0055,0.0,0.0,0,2,516,4,crash,clip,ros_vanilla4x290.csv,0.3,a,2.4,
1002,1.4,0.01,1,10.0,0.0,254.3,25,19.6,2,0.0,1,61.34,0.0055,0.0,0.0,0,1,435,4,crash,clip,ros_vanilla4x290.csv,0.3,a,2.4,
1003,1.4,0.01,1,10.0,0.0,254.3,25,19.6,2,0.0,1,61.34,0.0055,0.0,0.0,0,0,198,4,crash,clip,ros_vanilla4x290.csv,0.3,a,2.4,
1004,1.4,0.01,1,10.0,0.0,254.3,25,19.6,2,0.0,1,61.34,0.0055,0.0,0.0,0,2,765,4,crash,clip,ros_vanilla4x290.csv,0.3,a,2.4,
1005,1.4,0.01,1,10.0,0.0,254.3,25,19.6,2,0.0,1,61.34,0.0055,0.0,0.0,0,2,520,4,crash,clip,ros_vanilla4x290.csv,0.3,a,2.4,
1006,1.4,0.01,1,10.0,0.0,254.3,25,19.6,2,0.0,1,61.34,0.0055,0.0,0.0,0,3,928,4,crash,clip,ros_vanilla4x290.csv,0.3,a,2.4,
1007,1.4,0.01,1,10.0,0.0,254.3,25,19.6,2,0.0,1,61.34,0.0055,0.0,0.0,0,4,1083,4,success,,ros_vanilla4x290.csv,0.3,a,2.4,
1008,1.4,0.01,1,10.0,0.0,254.3,25,19.6,2,0.0,1,61.34,0.0055,0.0,0.0,0,2,474,4,crash,clip,ros_vanilla4x290.csv,0.3,a,2.4,
1009,1.4,0.01,1,10.0,0.0,254.3,25,19.6,2,0.0,1,61.34,0.0055,0.0,0.0,0,4,998,4,success,,ros_vanilla4x290.csv,0.3,a,2.4,
1010,1.4,0.01,1,10.0,0.0,254.3,25,19.6,2,0.0,1,61.34,0.0055,0.0,0.0,0,1,345,4,crash,clip,ros_vanilla4x290.csv,0.3,a,2.4,
1011,1.4,0.01,1,10.0,0.0,254.3,25,19.6,2,0.0,1,61.34,0.0055,0.0,0.0,0,0,143,4,crash,clip,ros_vanilla4x290.csv,0.3,a,2.4,
1000,1.6,0.01,1,10.0,0.0,242.0,24,0.0,1,0.0,1,100.0,0.0055,0.0,0.0,0,2,560,4,crash,clip,ros_vanilla4tm45.csv,0.3,b,2.4,
1001,1.6,0.01,1,10.0,0.0,242.0,24,0.0,1,0.0,1,100.0,0.0055,0.0,0.0,0,1,172,4,crash,clip,ros_vanilla4tm45.csv,0.3,b,2.4,
1002,1.6,0.01,1,10.0,0.0,242.0,24,0.0,1,0.0,1,100.0,0.0055,0.0,0.0,0,0,232,4,crash,clip,ros_vanilla4tm45.csv,0.3,b,2.4,
1003,1.6,0.01,1,10.0,0.0,242.0,24,0.0,1,0.0,1,100.0,0.0055,0.0,0.0,0,3,816,4,crash,clip,ros_vanilla4tm45.csv,0.3,b,2.4,
1004,1.6,0.01,1,10.0,0.0,242.0,24,0.0,1,0.0,1,100.0,0.0055,0.0,0.0,0,1,392,4,crash,clip,ros_vanilla4tm45.csv,0.3,b,2.4,
1005,1.6,0.01,1,10.0,0.0,242.0,24,0.0,1,0.0,1,100.0,0.0055,0.0,0.0,0,3,646,4,crash,clip,ros_vanilla4tm45.csv,0.3,b,2.4,
1006,1.6,0.01,1,10.0,0.0,242.0,24,0.0,1,0.0,1,100.0,0.0055,0.0,0.0,0,1,315,4,crash,clip,ros_vanilla4tm45.csv,0.3,b,2.4,
1007,1.6,0.01,1,10.0,0.0,242.0,24,0.0,1,0.0,1,100.0,0.0055,0.0,0.0,0,3,781,4,crash,clip,ros_vanilla4tm45.csv,0.3,b,2.4,
1008,1.6,0.01,1,10.0,0.0,242.0,24,0.0,1,0.0,1,100.0,0.0055,0.0,0.0,0,0,302,4,crash,clip,ros_vanilla4tm45.csv,0.3,b,2.4,
1009,1.6,0.01,1,10.0,0.0,242.0,24,0.0,1,0.0,1,100.0,0.0055,0.0,0.0,0,2,516,4,crash,clip,ros_vanilla4tm45.csv,0.3,b,2.4,
1010,1.6,0.01,1,10.0,0.0,242.0,24,0.0,1,0.0,1,100.0,0.0055,0.0,0.0,0,3,756,4,crash,clip,ros_vanilla4tm45.csv,0.3,b,2.4,
1011,1.6,0.01,1,10.0,0.0,242.0,24,0.0,1,0.0,1,100.0,0.0055,0.0,0.0,0,2,597,4,crash,clip,ros_vanilla4tm45.csv,0.3,b,2.4,
1000,1.8,0.01,1,10.0,0.0,254.3,25,19.6,2,0.0,1,61.34,0.0055,0.0,0.0,0,1,261,4,crash,clip,ros_vanilla4x290.csv,0.3,a,2.4,
1001,1.8,0.01,1,10.0,0.0,254.3,25,19.6,2,0.0,1,61.34,0.0055,0.0,0.0,0,1,700,4,crash,clip,ros_vanilla4x290.csv,0.3,a,2.4,
1002,1.8,0.01,1,10.0,0.0,254.3,25,19.6,2,0.0,1,61.34,0.0055,0.0,0.0,0,1,180,4,crash,clip,ros_vanilla4x290.csv,0.3,a,2.4,
1003,1.8,0.01,1,10.0,0.0,254.3,25,19.6,2,0.0,1,61.34,0.0055,0.0,0.0,0,0,214,4,crash,clip,ros_vanilla4x290.csv,0.3,a,2.4,
1004,1.8,0.01,1,10.0,0.0,254.3,25,19.6,2,0.0,1,61.34,0.0055,0.0,0.0,0,3,765,4,crash,clip,ros_vanilla4x290.csv,0.3,a,2.4,
1005,1.8,0.01,1,10.0,0.0,254.3,25,19.6,2,0.0,1,61.34,0.0055,0.0,0.0,0,1,319,4,crash,clip,ros_vanilla4x290.csv,0.3,a,2.4,
1006,1.8,0.01,1,10.0,0.0,254.3,25,19.6,2,0.0,1,61.34,0.0055,0.0,0.0,0,0,515,4,crash,clip,ros_vanilla4x290.csv,0.3,a,2.4,
1007,1.8,0.01,1,10.0,0.0,254.3,25,19.6,2,0.0,1,61.34,0.0055,0.0,0.0,0,1,322,4,crash,clip,ros_vanilla4x290.csv,0.3,a,2.4,
1008,1.8,0.01,1,10.0,0.0,254.3,25,19.6,2,0.0,1,61.34,0.0055,0.0,0.0,0,0,274,4,crash,clip,ros_vanilla4x290.csv,0.3,a,2.4,
1009,1.8,0.01,1,10.0,0.0,254.3,25,19.6,2,0.0,1,61.34,0.0055,0.0,0.0,0,1,264,4,crash,clip,ros_vanilla4x290.csv,0.3,a,2.4,
1010,1.8,0.01,1,10.0,0.0,254.3,25,19.6,2,0.0,1,61.34,0.0055,0.0,0.0,0,2,468,4,crash,clip,ros_vanilla4x290.csv,0.3,a,2.4,
1011,1.8,0.01,1,10.0,0.0,254.3,25,19.6,2,0.0,1,61.34,0.0055,0.0,0.0,0,0,131,4,crash,clip,ros_vanilla4x290.csv,0.3,a,2.4,
1000,1.2,0.01,1,10.0,0.0,242.0,24,0.0,1,0.0,1,100.0,0.0055,0.0,0.0,0,4,1489,4,success,,ros_vanilla4tm45.csv,0.3,b,2.4,
1001,1.2,0.01,1,10.0,0.0,242.0,24,0.0,1,0.0,1,100.0,0.0055,0.0,0.0,0,4,1144,4,success,,ros_vanilla4tm45.csv,0.3,b,2.4,
1002,1.2,0.01,1,10.0,0.0,242.0,24,0.0,1,0.0,1,100.0,0.0055,0.0,0.0,0,3,1363,4,crash,clip,ros_vanilla4tm45.csv,0.3,b,2.4,
1003,1.2,0.01,1,10.0,0.0,242.0,24,0.0,1,0.0,1,100.0,0.0055,0.0,0.0,0,2,691,4,crash,clip,ros_vanilla4tm45.csv,0.3,b,2.4,
1004,1.2,0.01,1,10.0,0.0,242.0,24,0.0,1,0.0,1,100.0,0.0055,0.0,0.0,0,1,389,4,crash,clip,ros_vanilla4tm45.csv,0.3,b,2.4,
1005,1.2,0.01,1,10.0,0.0,242.0,24,0.0,1,0.0,1,100.0,0.0055,0.0,0.0,0,2,560,4,crash,clip,ros_vanilla4tm45.csv,0.3,b,2.4,
1006,1.2,0.01,1,10.0,0.0,242.0,24,0.0,1,0.0,1,100.0,0.0055,0.0,0.0,0,1,694,4,crash,clip,ros_vanilla4tm45.csv,0.3,b,2.4,
1007,1.2,0.01,1,10.0,0.0,242.0,24,0.0,1,0.0,1,100.0,0.0055,0.0,0.0,0,2,918,4,crash,clip,ros_vanilla4tm45.csv,0.3,b,2.4,
1008,1.2,0.01,1,10.0,0.0,242.0,24,0.0,1,0.0,1,100.0,0.0055,0.0,0.0,0,2,577,4,crash,clip,ros_vanilla4tm45.csv,0.3,b,2.4,
1009,1.2,0.01,1,10.0,0.0,242.0,24,0.0,1,0.0,1,100.0,0.0055,0.0,0.0,0,4,1134,4,success,,ros_vanilla4tm45.csv,0.3,b,2.4,
1010,1.2,0.01,1,10.0,0.0,242.0,24,0.0,1,0.0,1,100.0,0.0055,0.0,0.0,0,1,419,4,crash,clip,ros_vanilla4tm45.csv,0.3,b,2.4,
1011,1.2,0.01,1,10.0,0.0,242.0,24,0.0,1,0.0,1,100.0,0.0055,0.0,0.0,0,1,378,4,crash,clip,ros_vanilla4tm45.csv,0.3,b,2.4,
1000,1.6,0.01,1,10.0,0.0,254.3,25,19.6,2,0.0,1,61.34,0.0055,0.0,0.0,0,2,586,4,crash,clip,ros_vanilla4x290.csv,0.3,a,2.4,
1001,1.6,0.01,1,10.0,0.0,254.3,25,19.6,2,0.0,1,61.34,0.0055,0.0,0.0,0,0,325,4,crash,clip,ros_vanilla4x290.csv,0.3,a,2.4,
1002,1.6,0.01,1,10.0,0.0,254.3,25,19.6,2,0.0,1,61.34,0.0055,0.0,0.0,0,0,732,4,crash,clip,ros_vanilla4x290.csv,0.3,a,2.4,
1003,1.6,0.01,1,10.0,0.0,254.3,25,19.6,2,0.0,1,61.34,0.0055,0.0,0.0,0,4,922,4,success,,ros_vanilla4x290.csv,0.3,a,2.4,
1004,1.6,0.01,1,10.0,0.0,254.3,25,19.6,2,0.0,1,61.34,0.0055,0.0,0.0,0,1,432,4,crash,clip,ros_vanilla4x290.csv,0.3,a,2.4,
1005,1.6,0.01,1,10.0,0.0,254.3,25,19.6,2,0.0,1,61.34,0.0055,0.0,0.0,0,2,645,4,crash,clip,ros_vanilla4x290.csv,0.3,a,2.4,
1006,1.6,0.01,1,10.0,0.0,254.3,25,19.6,2,0.0,1,61.34,0.0055,0.0,0.0,0,3,831,4,crash,clip,ros_vanilla4x290.csv,0.3,a,2.4,
1007,1.6,0.01,1,10.0,0.0,254.3,25,19.6,2,0.0,1,61.34,0.0055,0.0,0.0,0,4,919,4,success,,ros_vanilla4x290.csv,0.3,a,2.4,
1008,1.6,0.01,1,10.0,0.0,254.3,25,19.6,2,0.0,1,61.34,0.0055,0.0,0.0,0,1,191,4,crash,clip,ros_vanilla4x290.csv,0.3,a,2.4,
1009,1.6,0.01,1,10.0,0.0,254.3,25,19.6,2,0.0,1,61.34,0.0055,0.0,0.0,0,4,872,4,success,,ros_vanilla4x290.csv,0.3,a,2.4,
1010,1.6,0.01,1,10.0,0.0,254.3,25,19.6,2,0.0,1,61.34,0.0055,0.0,0.0,0,1,317,4,crash,clip,ros_vanilla4x290.csv,0.3,a,2.4,
1011,1.6,0.01,1,10.0,0.0,254.3,25,19.6,2,0.0,1,61.34,0.0055,0.0,0.0,0,1,321,4,crash,clip,ros_vanilla4x290.csv,0.3,a,2.4,
1000,1.8,0.01,1,10.0,0.0,55.8,6,0.0,1,0.0,1,100.0,0.0055,0.0,0.0,0,2,492,4,crash,clip,ros_p345.csv,0.3,b,2.4,
1001,1.8,0.01,1,10.0,0.0,55.8,6,0.0,1,0.0,1,100.0,0.0055,0.0,0.0,0,0,1149,4,crash,clip,ros_p345.csv,0.3,b,2.4,
1002,1.8,0.01,1,10.0,0.0,55.8,6,0.0,1,0.0,1,100.0,0.0055,0.0,0.0,0,1,179,4,crash,clip,ros_p345.csv,0.3,b,2.4,
1003,1.8,0.01,1,10.0,0.0,55.8,6,0.0,1,0.0,1,100.0,0.0055,0.0,0.0,0,4,806,4,success,,ros_p345.csv,0.3,b,2.4,
1004,1.8,0.01,1,10.0,0.0,55.8,6,0.0,1,0.0,1,100.0,0.0055,0.0,0.0,0,4,820,4,success,,ros_p345.csv,0.3,b,2.4,
1005,1.8,0.01,1,10.0,0.0,55.8,6,0.0,1,0.0,1,100.0,0.0055,0.0,0.0,0,2,499,4,crash,clip,ros_p345.csv,0.3,b,2.4,
1006,1.8,0.01,1,10.0,0.0,55.8,6,0.0,1,0.0,1,100.0,0.0055,0.0,0.0,0,1,190,4,crash,clip,ros_p345.csv,0.3,b,2.4,
1007,1.8,0.01,1,10.0,0.0,55.8,6,0.0,1,0.0,1,100.0,0.0055,0.0,0.0,0,2,475,4,crash,clip,ros_p345.csv,0.3,b,2.4,
1008,1.8,0.01,1,10.0,0.0,55.8,6,0.0,1,0.0,1,100.0,0.0055,0.0,0.0,0,3,680,4,crash,clip,ros_p345.csv,0.3,b,2.4,
1009,1.8,0.01,1,10.0,0.0,55.8,6,0.0,1,0.0,1,100.0,0.0055,0.0,0.0,0,2,456,4,crash,clip,ros_p345.csv,0.3,b,2.4,
1010,1.8,0.01,1,10.0,0.0,55.8,6,0.0,1,0.0,1,100.0,0.0055,0.0,0.0,0,2,379,4,crash,clip,ros_p345.csv,0.3,b,2.4,
1011,1.8,0.01,1,10.0,0.0,55.8,6,0.0,1,0.0,1,100.0,0.0055,0.0,0.0,0,1,305,4,crash,clip,ros_p345.csv,0.3,b,2.4,
1000,1.2,0.01,1,10.0,0.0,264.7,26,50.1,6,0.0,1,100.0,0.0055,0.0,0.0,0,1,375,4,crash,clip,ros_multi45.csv,0.3,a,2.4,
1001,1.2,0.01,1,10.0,0.0,264.7,26,50.1,6,0.0,1,100.0,0.0055,0.0,0.0,0,2,667,4,crash,clip,ros_multi45.csv,0.3,a,2.4,
1002,1.2,0.01,1,10.0,0.0,264.7,26,50.1,6,0.0,1,100.0,0.0055,0.0,0.0,0,2,649,4,crash,clip,ros_multi45.csv,0.3,a,2.4,
1003,1.2,0.01,1,10.0,0.0,264.7,26,50.1,6,0.0,1,100.0,0.0055,0.0,0.0,0,1,295,4,crash,clip,ros_multi45.csv,0.3,a,2.4,
1004,1.2,0.01,1,10.0,0.0,264.7,26,50.1,6,0.0,1,100.0,0.0055,0.0,0.0,0,1,519,4,crash,clip,ros_multi45.csv,0.3,a,2.4,
1005,1.2,0.01,1,10.0,0.0,264.7,26,50.1,6,0.0,1,100.0,0.0055,0.0,0.0,0,3,1081,4,crash,clip,ros_multi45.csv,0.3,a,2.4,
1006,1.2,0.01,1,10.0,0.0,264.7,26,50.1,6,0.0,1,100.0,0.0055,0.0,0.0,0,2,767,4,crash,clip,ros_multi45.csv,0.3,a,2.4,
1007,1.2,0.01,1,10.0,0.0,264.7,26,50.1,6,0.0,1,100.0,0.0055,0.0,0.0,0,1,582,4,crash,clip,ros_multi45.csv,0.3,a,2.4,
1008,1.2,0.01,1,10.0,0.0,264.7,26,50.1,6,0.0,1,100.0,0.0055,0.0,0.0,0,1,246,4,crash,clip,ros_multi45.csv,0.3,a,2.4,
1009,1.2,0.01,1,10.0,0.0,264.7,26,50.1,6,0.0,1,100.0,0.0055,0.0,0.0,0,1,301,4,crash,clip,ros_multi45.csv,0.3,a,2.4,
1010,1.2,0.01,1,10.0,0.0,264.7,26,50.1,6,0.0,1,100.0,0.0055,0.0,0.0,0,1,325,4,crash,clip,ros_multi45.csv,0.3,a,2.4,
1011,1.2,0.01,1,10.0,0.0,264.7,26,50.1,6,0.0,1,100.0,0.0055,0.0,0.0,0,2,867,4,crash,clip,ros_multi45.csv,0.3,a,2.4,
1000,1.4,0.01,1,10.0,0.0,55.8,6,0.0,1,0.0,1,100.0,0.0055,0.0,0.0,0,2,959,4,crash,clip,ros_p345.csv,0.3,b,2.4,
1001,1.4,0.01,1,10.0,0.0,55.8,6,0.0,1,0.0,1,100.0,0.0055,0.0,0.0,0,4,999,4,success,,ros_p345.csv,0.3,b,2.4,
1002,1.4,0.01,1,10.0,0.0,55.8,6,0.0,1,0.0,1,100.0,0.0055,0.0,0.0,0,2,588,4,crash,clip,ros_p345.csv,0.3,b,2.4,
1003,1.4,0.01,1,10.0,0.0,55.8,6,0.0,1,0.0,1,100.0,0.0055,0.0,0.0,0,4,1014,4,success,,ros_p345.csv,0.3,b,2.4,
1004,1.4,0.01,1,10.0,0.0,55.8,6,0.0,1,0.0,1,100.0,0.0055,0.0,0.0,0,2,471,4,crash,clip,ros_p345.csv,0.3,b,2.4,
1005,1.4,0.01,1,10.0,0.0,55.8,6,0.0,1,0.0,1,100.0,0.0055,0.0,0.0,0,1,1001,4,crash,clip,ros_p345.csv,0.3,b,2.4,
1006,1.4,0.01,1,10.0,0.0,55.8,6,0.0,1,0.0,1,100.0,0.0055,0.0,0.0,0,2,700,4,crash,clip,ros_p345.csv,0.3,b,2.4,
1007,1.4,0.01,1,10.0,0.0,55.8,6,0.0,1,0.0,1,100.0,0.0055,0.0,0.0,0,1,324,4,crash,clip,ros_p345.csv,0.3,b,2.4,
1008,1.4,0.01,1,10.0,0.0,55.8,6,0.0,1,0.0,1,100.0,0.0055,0.0,0.0,0,1,304,4,crash,clip,ros_p345.csv,0.3,b,2.4,
1009,1.4,0.01,1,10.0,0.0,55.8,6,0.0,1,0.0,1,100.0,0.0055,0.0,0.0,0,1,299,4,crash,clip,ros_p345.csv,0.3,b,2.4,
1010,1.4,0.01,1,10.0,0.0,55.8,6,0.0,1,0.0,1,100.0,0.0055,0.0,0.0,0,1,339,4,crash,clip,ros_p345.csv,0.3,b,2.4,
1011,1.4,0.01,1,10.0,0.0,55.8,6,0.0,1,0.0,1,100.0,0.0055,0.0,0.0,0,4,1001,4,success,,ros_p345.csv,0.3,b,2.4,
1000,1.0,0.01,1,10.0,0.0,264.7,26,50.1,6,0.0,1,100.0,0.0055,0.0,0.0,0,1,447,4,crash,clip,ros_multi45.csv,0.3,a,2.4,
1001,1.0,0.01,1,10.0,0.0,264.7,26,50.1,6,0.0,1,100.0,0.0055,0.0,0.0,0,1,444,4,crash,clip,ros_multi45.csv,0.3,a,2.4,
1002,1.0,0.01,1,10.0,0.0,264.7,26,50.1,6,0.0,1,100.0,0.0055,0.0,0.0,0,0,819,4,crash,clip,ros_multi45.csv,0.3,a,2.4,
1003,1.0,0.01,1,10.0,0.0,264.7,26,50.1,6,0.0,1,100.0,0.0055,0.0,0.0,0,2,1174,4,crash,clip,ros_multi45.csv,0.3,a,2.4,
1004,1.0,0.01,1,10.0,0.0,264.7,26,50.1,6,0.0,1,100.0,0.0055,0.0,0.0,0,1,632,4,crash,clip,ros_multi45.csv,0.3,a,2.4,
1005,1.0,0.01,1,10.0,0.0,264.7,26,50.1,6,0.0,1,100.0,0.0055,0.0,0.0,0,0,1005,4,crash,clip,ros_multi45.csv,0.3,a,2.4,
1006,1.0,0.01,1,10.0,0.0,264.7,26,50.1,6,0.0,1,100.0,0.0055,0.0,0.0,0,2,807,4,crash,clip,ros_multi45.csv,0.3,a,2.4,
1007,1.0,0.01,1,10.0,0.0,264.7,26,50.1,6,0.0,1,100.0,0.0055,0.0,0.0,0,1,628,4,crash,clip,ros_multi45.csv,0.3,a,2.4,
1008,1.0,0.01,1,10.0,0.0,264.7,26,50.1,6,0.0,1,100.0,0.0055,0.0,0.0,0,1,485,4,crash,clip,ros_multi45.csv,0.3,a,2.4,
1009,1.0,0.01,1,10.0,0.0,264.7,26,50.1,6,0.0,1,100.0,0.0055,0.0,0.0,0,0,377,4,crash,clip,ros_multi45.csv,0.3,a,2.4,
1010,1.0,0.01,1,10.0,0.0,264.7,26,50.1,6,0.0,1,100.0,0.0055,0.0,0.0,0,1,490,4,crash,clip,ros_multi45.csv,0.3,a,2.4,
1011,1.0,0.01,1,10.0,0.0,264.7,26,50.1,6,0.0,1,100.0,0.0055,0.0,0.0,0,3,1800,4,timeout,,ros_multi45.csv,0.3,a,2.4,
1000,1.4,0.01,1,10.0,0.0,264.7,26,50.1,6,0.0,1,100.0,0.0055,0.0,0.0,0,3,997,4,crash,clip,ros_multi45.csv,0.3,a,2.4,
1001,1.4,0.01,1,10.0,0.0,264.7,26,50.1,6,0.0,1,100.0,0.0055,0.0,0.0,0,1,347,4,crash,clip,ros_multi45.csv,0.3,a,2.4,
1002,1.4,0.01,1,10.0,0.0,264.7,26,50.1,6,0.0,1,100.0,0.0055,0.0,0.0,0,0,764,4,crash,clip,ros_multi45.csv,0.3,a,2.4,
1003,1.4,0.01,1,10.0,0.0,264.7,26,50.1,6,0.0,1,100.0,0.0055,0.0,0.0,0,1,376,4,crash,clip,ros_multi45.csv,0.3,a,2.4,
1004,1.4,0.01,1,10.0,0.0,264.7,26,50.1,6,0.0,1,100.0,0.0055,0.0,0.0,0,1,412,4,crash,clip,ros_multi45.csv,0.3,a,2.4,
1005,1.4,0.01,1,10.0,0.0,264.7,26,50.1,6,0.0,1,100.0,0.0055,0.0,0.0,0,1,222,4,crash,clip,ros_multi45.csv,0.3,a,2.4,
1006,1.4,0.01,1,10.0,0.0,264.7,26,50.1,6,0.0,1,100.0,0.0055,0.0,0.0,0,3,919,4,crash,clip,ros_multi45.csv,0.3,a,2.4,
1007,1.4,0.01,1,10.0,0.0,264.7,26,50.1,6,0.0,1,100.0,0.0055,0.0,0.0,0,4,1033,4,success,,ros_multi45.csv,0.3,a,2.4,
1008,1.4,0.01,1,10.0,0.0,264.7,26,50.1,6,0.0,1,100.0,0.0055,0.0,0.0,0,2,504,4,crash,clip,ros_multi45.csv,0.3,a,2.4,
1009,1.4,0.01,1,10.0,0.0,264.7,26,50.1,6,0.0,1,100.0,0.0055,0.0,0.0,0,1,280,4,crash,clip,ros_multi45.csv,0.3,a,2.4,
1010,1.4,0.01,1,10.0,0.0,264.7,26,50.1,6,0.0,1,100.0,0.0055,0.0,0.0,0,3,1033,4,crash,clip,ros_multi45.csv,0.3,a,2.4,
1011,1.4,0.01,1,10.0,0.0,264.7,26,50.1,6,0.0,1,100.0,0.0055,0.0,0.0,0,1,367,4,crash,clip,ros_multi45.csv,0.3,a,2.4,
1000,1.0,0.01,1,10.0,0.0,55.8,6,0.0,1,0.0,1,100.0,0.0055,0.0,0.0,0,3,1800,4,timeout,,ros_p345.csv,0.3,b,2.4,
1001,1.0,0.01,1,10.0,0.0,55.8,6,0.0,1,0.0,1,100.0,0.0055,0.0,0.0,0,2,1215,4,crash,clip,ros_p345.csv,0.3,b,2.4,
1002,1.0,0.01,1,10.0,0.0,55.8,6,0.0,1,0.0,1,100.0,0.0055,0.0,0.0,0,2,645,4,crash,clip,ros_p345.csv,0.3,b,2.4,
1003,1.0,0.01,1,10.0,0.0,55.8,6,0.0,1,0.0,1,100.0,0.0055,0.0,0.0,0,2,1004,4,crash,clip,ros_p345.csv,0.3,b,2.4,
1004,1.0,0.01,1,10.0,0.0,55.8,6,0.0,1,0.0,1,100.0,0.0055,0.0,0.0,0,1,706,4,crash,clip,ros_p345.csv,0.3,b,2.4,
1005,1.0,0.01,1,10.0,0.0,55.8,6,0.0,1,0.0,1,100.0,0.0055,0.0,0.0,0,1,1235,4,crash,clip,ros_p345.csv,0.3,b,2.4,
1006,1.0,0.01,1,10.0,0.0,55.8,6,0.0,1,0.0,1,100.0,0.0055,0.0,0.0,0,4,1484,4,success,,ros_p345.csv,0.3,b,2.4,
1007,1.0,0.01,1,10.0,0.0,55.8,6,0.0,1,0.0,1,100.0,0.0055,0.0,0.0,0,3,1097,4,crash,clip,ros_p345.csv,0.3,b,2.4,
1008,1.0,0.01,1,10.0,0.0,55.8,6,0.0,1,0.0,1,100.0,0.0055,0.0,0.0,0,2,626,4,crash,clip,ros_p345.csv,0.3,b,2.4,
1009,1.0,0.01,1,10.0,0.0,55.8,6,0.0,1,0.0,1,100.0,0.0055,0.0,0.0,0,3,1203,4,crash,clip,ros_p345.csv,0.3,b,2.4,
1010,1.0,0.01,1,10.0,0.0,55.8,6,0.0,1,0.0,1,100.0,0.0055,0.0,0.0,0,1,530,4,crash,clip,ros_p345.csv,0.3,b,2.4,
1011,1.0,0.01,1,10.0,0.0,55.8,6,0.0,1,0.0,1,100.0,0.0055,0.0,0.0,0,1,475,4,crash,clip,ros_p345.csv,0.3,b,2.4,
1000,1.8,0.01,1,10.0,0.0,264.7,26,50.1,6,0.0,1,100.0,0.0055,0.0,0.0,0,1,261,4,crash,clip,ros_multi45.csv,0.3,a,2.4,
1001,1.8,0.01,1,10.0,0.0,264.7,26,50.1,6,0.0,1,100.0,0.0055,0.0,0.0,0,3,698,4,crash,clip,ros_multi45.csv,0.3,a,2.4,
1002,1.8,0.01,1,10.0,0.0,264.7,26,50.1,6,0.0,1,100.0,0.0055,0.0,0.0,0,1,201,4,crash,clip,ros_multi45.csv,0.3,a,2.4,
1003,1.8,0.01,1,10.0,0.0,264.7,26,50.1,6,0.0,1,100.0,0.0055,0.0,0.0,0,0,133,4,crash,clip,ros_multi45.csv,0.3,a,2.4,
1004,1.8,0.01,1,10.0,0.0,264.7,26,50.1,6,0.0,1,100.0,0.0055,0.0,0.0,0,1,294,4,crash,clip,ros_multi45.csv,0.3,a,2.4,
1005,1.8,0.01,1,10.0,0.0,264.7,26,50.1,6,0.0,1,100.0,0.0055,0.0,0.0,0,0,327,4,crash,clip,ros_multi45.csv,0.3,a,2.4,
1006,1.8,0.01,1,10.0,0.0,264.7,26,50.1,6,0.0,1,100.0,0.0055,0.0,0.0,0,1,224,4,crash,clip,ros_multi45.csv,0.3,a,2.4,
1007,1.8,0.01,1,10.0,0.0,264.7,26,50.1,6,0.0,1,100.0,0.0055,0.0,0.0,0,4,828,4,success,,ros_multi45.csv,0.3,a,2.4,
1008,1.8,0.01,1,10.0,0.0,264.7,26,50.1,6,0.0,1,100.0,0.0055,0.0,0.0,0,1,310,4,crash,clip,ros_multi45.csv,0.3,a,2.4,
1009,1.8,0.01,1,10.0,0.0,264.7,26,50.1,6,0.0,1,100.0,0.0055,0.0,0.0,0,1,242,4,crash,clip,ros_multi45.csv,0.3,a,2.4,
1010,1.8,0.01,1,10.0,0.0,264.7,26,50.1,6,0.0,1,100.0,0.0055,0.0,0.0,0,2,491,4,crash,clip,ros_multi45.csv,0.3,a,2.4,
1011,1.8,0.01,1,10.0,0.0,264.7,26,50.1,6,0.0,1,100.0,0.0055,0.0,0.0,0,1,290,4,crash,clip,ros_multi45.csv,0.3,a,2.4,
1000,1.6,0.01,1,10.0,0.0,55.8,6,0.0,1,0.0,1,100.0,0.0055,0.0,0.0,0,1,392,4,crash,clip,ros_p345.csv,0.3,b,2.4,
1001,1.6,0.01,1,10.0,0.0,55.8,6,0.0,1,0.0,1,100.0,0.0055,0.0,0.0,0,1,172,4,crash,clip,ros_p345.csv,0.3,b,2.4,
1002,1.6,0.01,1,10.0,0.0,55.8,6,0.0,1,0.0,1,100.0,0.0055,0.0,0.0,0,1,219,4,crash,clip,ros_p345.csv,0.3,b,2.4,
1003,1.6,0.01,1,10.0,0.0,55.8,6,0.0,1,0.0,1,100.0,0.0055,0.0,0.0,0,1,342,4,crash,clip,ros_p345.csv,0.3,b,2.4,
1004,1.6,0.01,1,10.0,0.0,55.8,6,0.0,1,0.0,1,100.0,0.0055,0.0,0.0,0,1,328,4,crash,clip,ros_p345.csv,0.3,b,2.4,
1005,1.6,0.01,1,10.0,0.0,55.8,6,0.0,1,0.0,1,100.0,0.0055,0.0,0.0,0,2,516,4,crash,clip,ros_p345.csv,0.3,b,2.4,
1006,1.6,0.01,1,10.0,0.0,55.8,6,0.0,1,0.0,1,100.0,0.0055,0.0,0.0,0,2,653,4,crash,clip,ros_p345.csv,0.3,b,2.4,
1007,1.6,0.01,1,10.0,0.0,55.8,6,0.0,1,0.0,1,100.0,0.0055,0.0,0.0,0,4,882,4,success,,ros_p345.csv,0.3,b,2.4,
1008,1.6,0.01,1,10.0,0.0,55.8,6,0.0,1,0.0,1,100.0,0.0055,0.0,0.0,0,2,507,4,crash,clip,ros_p345.csv,0.3,b,2.4,
1009,1.6,0.01,1,10.0,0.0,55.8,6,0.0,1,0.0,1,100.0,0.0055,0.0,0.0,0,2,541,4,crash,clip,ros_p345.csv,0.3,b,2.4,
1010,1.6,0.01,1,10.0,0.0,55.8,6,0.0,1,0.0,1,100.0,0.0055,0.0,0.0,0,1,284,4,crash,clip,ros_p345.csv,0.3,b,2.4,
1011,1.6,0.01,1,10.0,0.0,55.8,6,0.0,1,0.0,1,100.0,0.0055,0.0,0.0,0,1,320,4,crash,clip,ros_p345.csv,0.3,b,2.4,
1000,1.4,0.01,1,10.0,0.0,31.1,3,0.0,1,0.0,1,100.0,0.0055,0.0,0.0,0,3,965,4,crash,clip,ros_p3_q145.csv,0.3,b,2.4,
1001,1.4,0.01,1,10.0,0.0,31.1,3,0.0,1,0.0,1,100.0,0.0055,0.0,0.0,0,4,988,4,success,,ros_p3_q145.csv,0.3,b,2.4,
1002,1.4,0.01,1,10.0,0.0,31.1,3,0.0,1,0.0,1,100.0,0.0055,0.0,0.0,0,1,318,4,crash,clip,ros_p3_q145.csv,0.3,b,2.4,
1003,1.4,0.01,1,10.0,0.0,31.1,3,0.0,1,0.0,1,100.0,0.0055,0.0,0.0,0,3,952,4,crash,clip,ros_p3_q145.csv,0.3,b,2.4,
1004,1.4,0.01,1,10.0,0.0,31.1,3,0.0,1,0.0,1,100.0,0.0055,0.0,0.0,0,2,473,4,crash,clip,ros_p3_q145.csv,0.3,b,2.4,
1005,1.4,0.01,1,10.0,0.0,31.1,3,0.0,1,0.0,1,100.0,0.0055,0.0,0.0,0,2,486,4,crash,clip,ros_p3_q145.csv,0.3,b,2.4,
1006,1.4,0.01,1,10.0,0.0,31.1,3,0.0,1,0.0,1,100.0,0.0055,0.0,0.0,0,2,662,4,crash,clip,ros_p3_q145.csv,0.3,b,2.4,
1007,1.4,0.01,1,10.0,0.0,31.1,3,0.0,1,0.0,1,100.0,0.0055,0.0,0.0,0,4,1000,4,success,,ros_p3_q145.csv,0.3,b,2.4,
1008,1.4,0.01,1,10.0,0.0,31.1,3,0.0,1,0.0,1,100.0,0.0055,0.0,0.0,0,1,264,4,crash,clip,ros_p3_q145.csv,0.3,b,2.4,
1009,1.4,0.01,1,10.0,0.0,31.1,3,0.0,1,0.0,1,100.0,0.0055,0.0,0.0,0,4,970,4,success,,ros_p3_q145.csv,0.3,b,2.4,
1010,1.4,0.01,1,10.0,0.0,31.1,3,0.0,1,0.0,1,100.0,0.0055,0.0,0.0,0,1,229,4,crash,clip,ros_p3_q145.csv,0.3,b,2.4,
1011,1.4,0.01,1,10.0,0.0,31.1,3,0.0,1,0.0,1,100.0,0.0055,0.0,0.0,0,4,1007,4,success,,ros_p3_q145.csv,0.3,b,2.4,
1000,1.0,0.01,1,10.0,0.0,31.1,3,0.0,1,0.0,1,100.0,0.0055,0.0,0.0,0,4,1389,4,success,,ros_p3_q145.csv,0.3,b,2.4,
1001,1.0,0.01,1,10.0,0.0,31.1,3,0.0,1,0.0,1,100.0,0.0055,0.0,0.0,0,1,455,4,crash,clip,ros_p3_q145.csv,0.3,b,2.4,
1002,1.0,0.01,1,10.0,0.0,31.1,3,0.0,1,0.0,1,100.0,0.0055,0.0,0.0,0,1,400,4,crash,clip,ros_p3_q145.csv,0.3,b,2.4,
1003,1.0,0.01,1,10.0,0.0,31.1,3,0.0,1,0.0,1,100.0,0.0055,0.0,0.0,0,4,1406,4,success,,ros_p3_q145.csv,0.3,b,2.4,
1004,1.0,0.01,1,10.0,0.0,31.1,3,0.0,1,0.0,1,100.0,0.0055,0.0,0.0,0,1,482,4,crash,clip,ros_p3_q145.csv,0.3,b,2.4,
1005,1.0,0.01,1,10.0,0.0,31.1,3,0.0,1,0.0,1,100.0,0.0055,0.0,0.0,0,2,1800,4,timeout,,ros_p3_q145.csv,0.3,b,2.4,
1006,1.0,0.01,1,10.0,0.0,31.1,3,0.0,1,0.0,1,100.0,0.0055,0.0,0.0,0,3,1277,4,crash,clip,ros_p3_q145.csv,0.3,b,2.4,
1007,1.0,0.01,1,10.0,0.0,31.1,3,0.0,1,0.0,1,100.0,0.0055,0.0,0.0,0,4,1380,4,success,,ros_p3_q145.csv,0.3,b,2.4,
1008,1.0,0.01,1,10.0,0.0,31.1,3,0.0,1,0.0,1,100.0,0.0055,0.0,0.0,0,1,479,4,crash,clip,ros_p3_q145.csv,0.3,b,2.4,
1009,1.0,0.01,1,10.0,0.0,31.1,3,0.0,1,0.0,1,100.0,0.0055,0.0,0.0,0,4,1329,4,success,,ros_p3_q145.csv,0.3,b,2.4,
1010,1.0,0.01,1,10.0,0.0,31.1,3,0.0,1,0.0,1,100.0,0.0055,0.0,0.0,0,4,1395,4,success,,ros_p3_q145.csv,0.3,b,2.4,
1011,1.0,0.01,1,10.0,0.0,31.1,3,0.0,1,0.0,1,100.0,0.0055,0.0,0.0,0,0,494,4,crash,clip,ros_p3_q145.csv,0.3,b,2.4,
1000,1.6,0.01,1,10.0,0.0,31.1,3,0.0,1,0.0,1,100.0,0.0055,0.0,0.0,0,1,390,4,crash,clip,ros_p3_q145.csv,0.3,b,2.4,
1001,1.6,0.01,1,10.0,0.0,31.1,3,0.0,1,0.0,1,100.0,0.0055,0.0,0.0,0,1,171,4,crash,clip,ros_p3_q145.csv,0.3,b,2.4,
1002,1.6,0.01,1,10.0,0.0,31.1,3,0.0,1,0.0,1,100.0,0.0055,0.0,0.0,0,2,544,4,crash,clip,ros_p3_q145.csv,0.3,b,2.4,
1003,1.6,0.01,1,10.0,0.0,31.1,3,0.0,1,0.0,1,100.0,0.0055,0.0,0.0,0,1,307,4,crash,clip,ros_p3_q145.csv,0.3,b,2.4,
1004,1.6,0.01,1,10.0,0.0,31.1,3,0.0,1,0.0,1,100.0,0.0055,0.0,0.0,0,1,545,4,crash,clip,ros_p3_q145.csv,0.3,b,2.4,
1005,1.6,0.01,1,10.0,0.0,31.1,3,0.0,1,0.0,1,100.0,0.0055,0.0,0.0,0,2,430,4,crash,clip,ros_p3_q145.csv,0.3,b,2.4,
1006,1.6,0.01,1,10.0,0.0,31.1,3,0.0,1,0.0,1,100.0,0.0055,0.0,0.0,0,2,647,4,crash,clip,ros_p3_q145.csv,0.3,b,2.4,
1007,1.6,0.01,1,10.0,0.0,31.1,3,0.0,1,0.0,1,100.0,0.0055,0.0,0.0,0,4,884,4,success,,ros_p3_q145.csv,0.3,b,2.4,
1008,1.6,0.01,1,10.0,0.0,31.1,3,0.0,1,0.0,1,100.0,0.0055,0.0,0.0,0,1,273,4,crash,clip,ros_p3_q145.csv,0.3,b,2.4,
1009,1.6,0.01,1,10.0,0.0,31.1,3,0.0,1,0.0,1,100.0,0.0055,0.0,0.0,0,2,549,4,crash,clip,ros_p3_q145.csv,0.3,b,2.4,
1010,1.6,0.01,1,10.0,0.0,31.1,3,0.0,1,0.0,1,100.0,0.0055,0.0,0.0,0,2,523,4,crash,clip,ros_p3_q145.csv,0.3,b,2.4,
1011,1.6,0.01,1,10.0,0.0,31.1,3,0.0,1,0.0,1,100.0,0.0055,0.0,0.0,0,1,325,4,crash,clip,ros_p3_q145.csv,0.3,b,2.4,
1000,1.2,0.01,1,10.0,0.0,31.1,3,0.0,1,0.0,1,100.0,0.0055,0.0,0.0,0,2,1254,4,crash,clip,ros_p3_q145.csv,0.3,b,2.4,
1001,1.2,0.01,1,10.0,0.0,31.1,3,0.0,1,0.0,1,100.0,0.0055,0.0,0.0,0,1,644,4,crash,clip,ros_p3_q145.csv,0.3,b,2.4,
1002,1.2,0.01,1,10.0,0.0,31.1,3,0.0,1,0.0,1,100.0,0.0055,0.0,0.0,0,1,238,4,crash,clip,ros_p3_q145.csv,0.3,b,2.4,
1003,1.2,0.01,1,10.0,0.0,31.1,3,0.0,1,0.0,1,100.0,0.0055,0.0,0.0,0,1,483,4,crash,clip,ros_p3_q145.csv,0.3,b,2.4,
1004,1.2,0.01,1,10.0,0.0,31.1,3,0.0,1,0.0,1,100.0,0.0055,0.0,0.0,0,1,683,4,crash,clip,ros_p3_q145.csv,0.3,b,2.4,
1005,1.2,0.01,1,10.0,0.0,31.1,3,0.0,1,0.0,1,100.0,0.0055,0.0,0.0,0,1,689,4,crash,clip,ros_p3_q145.csv,0.3,b,2.4,
1006,1.2,0.01,1,10.0,0.0,31.1,3,0.0,1,0.0,1,100.0,0.0055,0.0,0.0,0,2,597,4,crash,clip,ros_p3_q145.csv,0.3,b,2.4,
1007,1.2,0.01,1,10.0,0.0,31.1,3,0.0,1,0.0,1,100.0,0.0055,0.0,0.0,0,1,692,4,crash,clip,ros_p3_q145.csv,0.3,b,2.4,
1008,1.2,0.01,1,10.0,0.0,31.1,3,0.0,1,0.0,1,100.0,0.0055,0.0,0.0,0,1,430,4,crash,clip,ros_p3_q145.csv,0.3,b,2.4,
1009,1.2,0.01,1,10.0,0.0,31.1,3,0.0,1,0.0,1,100.0,0.0055,0.0,0.0,0,1,329,4,crash,clip,ros_p3_q145.csv,0.3,b,2.4,
1010,1.2,0.01,1,10.0,0.0,31.1,3,0.0,1,0.0,1,100.0,0.0055,0.0,0.0,0,1,344,4,crash,clip,ros_p3_q145.csv,0.3,b,2.4,
1011,1.2,0.01,1,10.0,0.0,31.1,3,0.0,1,0.0,1,100.0,0.0055,0.0,0.0,0,1,377,4,crash,clip,ros_p3_q145.csv,0.3,b,2.4,
1000,1.8,0.01,1,10.0,0.0,56.8,6,0.0,1,0.0,1,96.24,0.0055,0.0,0.0,0,2,528,4,crash,clip,xpu_a_cpsat_hard.csv,0.3,b,2.4,
1001,1.8,0.01,1,10.0,0.0,56.8,6,0.0,1,0.0,1,96.24,0.0055,0.0,0.0,0,0,474,4,crash,clip,xpu_a_cpsat_hard.csv,0.3,b,2.4,
1002,1.8,0.01,1,10.0,0.0,56.8,6,0.0,1,0.0,1,96.24,0.0055,0.0,0.0,0,0,286,4,crash,clip,xpu_a_cpsat_hard.csv,0.3,b,2.4,
1003,1.8,0.01,1,10.0,0.0,56.8,6,0.0,1,0.0,1,96.24,0.0055,0.0,0.0,0,1,292,4,crash,clip,xpu_a_cpsat_hard.csv,0.3,b,2.4,
1004,1.8,0.01,1,10.0,0.0,56.8,6,0.0,1,0.0,1,96.24,0.0055,0.0,0.0,0,2,398,4,crash,clip,xpu_a_cpsat_hard.csv,0.3,b,2.4,
1005,1.8,0.01,1,10.0,0.0,56.8,6,0.0,1,0.0,1,96.24,0.0055,0.0,0.0,0,1,271,4,crash,clip,xpu_a_cpsat_hard.csv,0.3,b,2.4,
1006,1.8,0.01,1,10.0,0.0,56.8,6,0.0,1,0.0,1,96.24,0.0055,0.0,0.0,0,4,807,4,success,,xpu_a_cpsat_hard.csv,0.3,b,2.4,
1007,1.8,0.01,1,10.0,0.0,56.8,6,0.0,1,0.0,1,96.24,0.0055,0.0,0.0,0,1,277,4,crash,clip,xpu_a_cpsat_hard.csv,0.3,b,2.4,
1008,1.8,0.01,1,10.0,0.0,56.8,6,0.0,1,0.0,1,96.24,0.0055,0.0,0.0,0,2,462,4,crash,clip,xpu_a_cpsat_hard.csv,0.3,b,2.4,
1009,1.8,0.01,1,10.0,0.0,56.8,6,0.0,1,0.0,1,96.24,0.0055,0.0,0.0,0,4,755,4,success,,xpu_a_cpsat_hard.csv,0.3,b,2.4,
1010,1.8,0.01,1,10.0,0.0,56.8,6,0.0,1,0.0,1,96.24,0.0055,0.0,0.0,0,4,776,4,success,,xpu_a_cpsat_hard.csv,0.3,b,2.4,
1011,1.8,0.01,1,10.0,0.0,56.8,6,0.0,1,0.0,1,96.24,0.0055,0.0,0.0,0,1,300,4,crash,clip,xpu_a_cpsat_hard.csv,0.3,b,2.4,
1000,1.4,0.01,1,10.0,0.0,56.8,6,0.0,1,0.0,1,96.24,0.0055,0.0,0.0,0,4,1071,4,success,,xpu_a_cpsat_hard.csv,0.3,b,2.4,
1001,1.4,0.01,1,10.0,0.0,56.8,6,0.0,1,0.0,1,96.24,0.0055,0.0,0.0,0,1,665,4,crash,clip,xpu_a_cpsat_hard.csv,0.3,b,2.4,
1002,1.4,0.01,1,10.0,0.0,56.8,6,0.0,1,0.0,1,96.24,0.0055,0.0,0.0,0,1,208,4,crash,clip,xpu_a_cpsat_hard.csv,0.3,b,2.4,
1003,1.4,0.01,1,10.0,0.0,56.8,6,0.0,1,0.0,1,96.24,0.0055,0.0,0.0,0,4,1017,4,success,,xpu_a_cpsat_hard.csv,0.3,b,2.4,
1004,1.4,0.01,1,10.0,0.0,56.8,6,0.0,1,0.0,1,96.24,0.0055,0.0,0.0,0,1,327,4,crash,clip,xpu_a_cpsat_hard.csv,0.3,b,2.4,
1005,1.4,0.01,1,10.0,0.0,56.8,6,0.0,1,0.0,1,96.24,0.0055,0.0,0.0,0,4,989,4,success,,xpu_a_cpsat_hard.csv,0.3,b,2.4,
1006,1.4,0.01,1,10.0,0.0,56.8,6,0.0,1,0.0,1,96.24,0.0055,0.0,0.0,0,1,371,4,crash,clip,xpu_a_cpsat_hard.csv,0.3,b,2.4,
1007,1.4,0.01,1,10.0,0.0,56.8,6,0.0,1,0.0,1,96.24,0.0055,0.0,0.0,0,4,1002,4,success,,xpu_a_cpsat_hard.csv,0.3,b,2.4,
1008,1.4,0.01,1,10.0,0.0,56.8,6,0.0,1,0.0,1,96.24,0.0055,0.0,0.0,0,1,266,4,crash,clip,xpu_a_cpsat_hard.csv,0.3,b,2.4,
1009,1.4,0.01,1,10.0,0.0,56.8,6,0.0,1,0.0,1,96.24,0.0055,0.0,0.0,0,3,860,4,crash,clip,xpu_a_cpsat_hard.csv,0.3,b,2.4,
1010,1.4,0.01,1,10.0,0.0,56.8,6,0.0,1,0.0,1,96.24,0.0055,0.0,0.0,0,1,515,4,crash,clip,xpu_a_cpsat_hard.csv,0.3,b,2.4,
1011,1.4,0.01,1,10.0,0.0,56.8,6,0.0,1,0.0,1,96.24,0.0055,0.0,0.0,0,1,368,4,crash,clip,xpu_a_cpsat_hard.csv,0.3,b,2.4,
1000,1.0,0.01,1,10.0,0.0,56.8,6,0.0,1,0.0,1,96.24,0.0055,0.0,0.0,0,3,1142,4,crash,clip,xpu_a_cpsat_hard.csv,0.3,b,2.4,
1001,1.0,0.01,1,10.0,0.0,56.8,6,0.0,1,0.0,1,96.24,0.0055,0.0,0.0,0,1,547,4,crash,clip,xpu_a_cpsat_hard.csv,0.3,b,2.4,
1002,1.0,0.01,1,10.0,0.0,56.8,6,0.0,1,0.0,1,96.24,0.0055,0.0,0.0,0,2,720,4,crash,clip,xpu_a_cpsat_hard.csv,0.3,b,2.4,
1003,1.0,0.01,1,10.0,0.0,56.8,6,0.0,1,0.0,1,96.24,0.0055,0.0,0.0,0,1,609,4,crash,clip,xpu_a_cpsat_hard.csv,0.3,b,2.4,
1004,1.0,0.01,1,10.0,0.0,56.8,6,0.0,1,0.0,1,96.24,0.0055,0.0,0.0,0,3,1256,4,crash,clip,xpu_a_cpsat_hard.csv,0.3,b,2.4,
1005,1.0,0.01,1,10.0,0.0,56.8,6,0.0,1,0.0,1,96.24,0.0055,0.0,0.0,0,1,1281,4,crash,clip,xpu_a_cpsat_hard.csv,0.3,b,2.4,
1006,1.0,0.01,1,10.0,0.0,56.8,6,0.0,1,0.0,1,96.24,0.0055,0.0,0.0,0,4,1429,4,success,,xpu_a_cpsat_hard.csv,0.3,b,2.4,
1007,1.0,0.01,1,10.0,0.0,56.8,6,0.0,1,0.0,1,96.24,0.0055,0.0,0.0,0,3,1260,4,crash,clip,xpu_a_cpsat_hard.csv,0.3,b,2.4,
1008,1.0,0.01,1,10.0,0.0,56.8,6,0.0,1,0.0,1,96.24,0.0055,0.0,0.0,0,2,630,4,crash,clip,xpu_a_cpsat_hard.csv,0.3,b,2.4,
1009,1.0,0.01,1,10.0,0.0,56.8,6,0.0,1,0.0,1,96.24,0.0055,0.0,0.0,0,1,1209,4,crash,clip,xpu_a_cpsat_hard.csv,0.3,b,2.4,
1010,1.0,0.01,1,10.0,0.0,56.8,6,0.0,1,0.0,1,96.24,0.0055,0.0,0.0,0,1,398,4,crash,clip,xpu_a_cpsat_hard.csv,0.3,b,2.4,
1011,1.0,0.01,1,10.0,0.0,56.8,6,0.0,1,0.0,1,96.24,0.0055,0.0,0.0,0,4,1377,4,success,,xpu_a_cpsat_hard.csv,0.3,b,2.4,
1000,1.6,0.01,1,10.0,0.0,56.8,6,0.0,1,0.0,1,96.24,0.0055,0.0,0.0,0,1,389,4,crash,clip,xpu_a_cpsat_hard.csv,0.3,b,2.4,
1001,1.6,0.01,1,10.0,0.0,56.8,6,0.0,1,0.0,1,96.24,0.0055,0.0,0.0,0,1,171,4,crash,clip,xpu_a_cpsat_hard.csv,0.3,b,2.4,
1002,1.6,0.01,1,10.0,0.0,56.8,6,0.0,1,0.0,1,96.24,0.0055,0.0,0.0,0,1,210,4,crash,clip,xpu_a_cpsat_hard.csv,0.3,b,2.4,
1003,1.6,0.01,1,10.0,0.0,56.8,6,0.0,1,0.0,1,96.24,0.0055,0.0,0.0,0,2,574,4,crash,clip,xpu_a_cpsat_hard.csv,0.3,b,2.4,
1004,1.6,0.01,1,10.0,0.0,56.8,6,0.0,1,0.0,1,96.24,0.0055,0.0,0.0,0,3,704,4,crash,clip,xpu_a_cpsat_hard.csv,0.3,b,2.4,
1005,1.6,0.01,1,10.0,0.0,56.8,6,0.0,1,0.0,1,96.24,0.0055,0.0,0.0,0,2,429,4,crash,clip,xpu_a_cpsat_hard.csv,0.3,b,2.4,
1006,1.6,0.01,1,10.0,0.0,56.8,6,0.0,1,0.0,1,96.24,0.0055,0.0,0.0,0,1,336,4,crash,clip,xpu_a_cpsat_hard.csv,0.3,b,2.4,
1007,1.6,0.01,1,10.0,0.0,56.8,6,0.0,1,0.0,1,96.24,0.0055,0.0,0.0,0,2,541,4,crash,clip,xpu_a_cpsat_hard.csv,0.3,b,2.4,
1008,1.6,0.01,1,10.0,0.0,56.8,6,0.0,1,0.0,1,96.24,0.0055,0.0,0.0,0,4,847,4,success,,xpu_a_cpsat_hard.csv,0.3,b,2.4,
1009,1.6,0.01,1,10.0,0.0,56.8,6,0.0,1,0.0,1,96.24,0.0055,0.0,0.0,0,1,508,4,crash,clip,xpu_a_cpsat_hard.csv,0.3,b,2.4,
1010,1.6,0.01,1,10.0,0.0,56.8,6,0.0,1,0.0,1,96.24,0.0055,0.0,0.0,0,1,329,4,crash,clip,xpu_a_cpsat_hard.csv,0.3,b,2.4,
1011,1.6,0.01,1,10.0,0.0,56.8,6,0.0,1,0.0,1,96.24,0.0055,0.0,0.0,0,1,321,4,crash,clip,xpu_a_cpsat_hard.csv,0.3,b,2.4,
1000,1.2,0.01,1,10.0,0.0,56.8,6,0.0,1,0.0,1,96.24,0.0055,0.0,0.0,0,1,812,4,crash,clip,xpu_a_cpsat_hard.csv,0.3,b,2.4,
1001,1.2,0.01,1,10.0,0.0,56.8,6,0.0,1,0.0,1,96.24,0.0055,0.0,0.0,0,2,895,4,crash,clip,xpu_a_cpsat_hard.csv,0.3,b,2.4,
1002,1.2,0.01,1,10.0,0.0,56.8,6,0.0,1,0.0,1,96.24,0.0055,0.0,0.0,0,2,649,4,crash,clip,xpu_a_cpsat_hard.csv,0.3,b,2.4,
1003,1.2,0.01,1,10.0,0.0,56.8,6,0.0,1,0.0,1,96.24,0.0055,0.0,0.0,0,1,420,4,crash,clip,xpu_a_cpsat_hard.csv,0.3,b,2.4,
1004,1.2,0.01,1,10.0,0.0,56.8,6,0.0,1,0.0,1,96.24,0.0055,0.0,0.0,0,2,831,4,crash,clip,xpu_a_cpsat_hard.csv,0.3,b,2.4,
1005,1.2,0.01,1,10.0,0.0,56.8,6,0.0,1,0.0,1,96.24,0.0055,0.0,0.0,0,1,363,4,crash,clip,xpu_a_cpsat_hard.csv,0.3,b,2.4,
1006,1.2,0.01,1,10.0,0.0,56.8,6,0.0,1,0.0,1,96.24,0.0055,0.0,0.0,0,1,445,4,crash,clip,xpu_a_cpsat_hard.csv,0.3,b,2.4,
1007,1.2,0.01,1,10.0,0.0,56.8,6,0.0,1,0.0,1,96.24,0.0055,0.0,0.0,0,1,390,4,crash,clip,xpu_a_cpsat_hard.csv,0.3,b,2.4,
1008,1.2,0.01,1,10.0,0.0,56.8,6,0.0,1,0.0,1,96.24,0.0055,0.0,0.0,0,1,305,4,crash,clip,xpu_a_cpsat_hard.csv,0.3,b,2.4,
1009,1.2,0.01,1,10.0,0.0,56.8,6,0.0,1,0.0,1,96.24,0.0055,0.0,0.0,0,4,1168,4,success,,xpu_a_cpsat_hard.csv,0.3,b,2.4,
1010,1.2,0.01,1,10.0,0.0,56.8,6,0.0,1,0.0,1,96.24,0.0055,0.0,0.0,0,1,746,4,crash,clip,xpu_a_cpsat_hard.csv,0.3,b,2.4,
1011,1.2,0.01,1,10.0,0.0,56.8,6,0.0,1,0.0,1,96.24,0.0055,0.0,0.0,0,1,379,4,crash,clip,xpu_a_cpsat_hard.csv,0.3,b,2.4,
1000,1.8,0.01,1,10.0,0.0,55.9,6,11.1,2,0.0,1,89.29,0.0055,0.0,0.0,0,2,527,4,crash,clip,xpu_a90_cpsat.csv,0.3,b,2.4,
1001,1.8,0.01,1,10.0,0.0,55.9,6,11.1,2,0.0,1,89.29,0.0055,0.0,0.0,0,0,215,4,crash,clip,xpu_a90_cpsat.csv,0.3,b,2.4,
1002,1.8,0.01,1,10.0,0.0,55.9,6,11.1,2,0.0,1,89.29,0.0055,0.0,0.0,0,1,170,4,crash,clip,xpu_a90_cpsat.csv,0.3,b,2.4,
1003,1.8,0.01,1,10.0,0.0,55.9,6,11.1,2,0.0,1,89.29,0.0055,0.0,0.0,0,3,736,4,crash,clip,xpu_a90_cpsat.csv,0.3,b,2.4,
1004,1.8,0.01,1,10.0,0.0,55.9,6,11.1,2,0.0,1,89.29,0.0055,0.0,0.0,0,2,548,4,crash,clip,xpu_a90_cpsat.csv,0.3,b,2.4,
1005,1.8,0.01,1,10.0,0.0,55.9,6,11.1,2,0.0,1,89.29,0.0055,0.0,0.0,0,3,601,4,crash,clip,xpu_a90_cpsat.csv,0.3,b,2.4,
1006,1.8,0.01,1,10.0,0.0,55.9,6,11.1,2,0.0,1,89.29,0.0055,0.0,0.0,0,4,808,4,success,,xpu_a90_cpsat.csv,0.3,b,2.4,
1007,1.8,0.01,1,10.0,0.0,55.9,6,11.1,2,0.0,1,89.29,0.0055,0.0,0.0,0,4,788,4,success,,xpu_a90_cpsat.csv,0.3,b,2.4,
1008,1.8,0.01,1,10.0,0.0,55.9,6,11.1,2,0.0,1,89.29,0.0055,0.0,0.0,0,2,332,4,crash,clip,xpu_a90_cpsat.csv,0.3,b,2.4,
1009,1.8,0.01,1,10.0,0.0,55.9,6,11.1,2,0.0,1,89.29,0.0055,0.0,0.0,0,2,655,4,crash,clip,xpu_a90_cpsat.csv,0.3,b,2.4,
1010,1.8,0.01,1,10.0,0.0,55.9,6,11.1,2,0.0,1,89.29,0.0055,0.0,0.0,0,1,291,4,crash,clip,xpu_a90_cpsat.csv,0.3,b,2.4,
1011,1.8,0.01,1,10.0,0.0,55.9,6,11.1,2,0.0,1,89.29,0.0055,0.0,0.0,0,1,300,4,crash,clip,xpu_a90_cpsat.csv,0.3,b,2.4,
1000,1.4,0.01,1,10.0,0.0,55.9,6,11.1,2,0.0,1,89.29,0.0055,0.0,0.0,0,2,666,4,crash,clip,xpu_a90_cpsat.csv,0.3,b,2.4,
1001,1.4,0.01,1,10.0,0.0,55.9,6,11.1,2,0.0,1,89.29,0.0055,0.0,0.0,0,0,602,4,crash,clip,xpu_a90_cpsat.csv,0.3,b,2.4,
1002,1.4,0.01,1,10.0,0.0,55.9,6,11.1,2,0.0,1,89.29,0.0055,0.0,0.0,0,1,280,4,crash,clip,xpu_a90_cpsat.csv,0.3,b,2.4,
1003,1.4,0.01,1,10.0,0.0,55.9,6,11.1,2,0.0,1,89.29,0.0055,0.0,0.0,0,2,629,4,crash,clip,xpu_a90_cpsat.csv,0.3,b,2.4,
1004,1.4,0.01,1,10.0,0.0,55.9,6,11.1,2,0.0,1,89.29,0.0055,0.0,0.0,0,1,362,4,crash,clip,xpu_a90_cpsat.csv,0.3,b,2.4,
1005,1.4,0.01,1,10.0,0.0,55.9,6,11.1,2,0.0,1,89.29,0.0055,0.0,0.0,0,1,325,4,crash,clip,xpu_a90_cpsat.csv,0.3,b,2.4,
1006,1.4,0.01,1,10.0,0.0,55.9,6,11.1,2,0.0,1,89.29,0.0055,0.0,0.0,0,1,425,4,crash,clip,xpu_a90_cpsat.csv,0.3,b,2.4,
1007,1.4,0.01,1,10.0,0.0,55.9,6,11.1,2,0.0,1,89.29,0.0055,0.0,0.0,0,4,1000,4,success,,xpu_a90_cpsat.csv,0.3,b,2.4,
1008,1.4,0.01,1,10.0,0.0,55.9,6,11.1,2,0.0,1,89.29,0.0055,0.0,0.0,0,1,387,4,crash,clip,xpu_a90_cpsat.csv,0.3,b,2.4,
1009,1.4,0.01,1,10.0,0.0,55.9,6,11.1,2,0.0,1,89.29,0.0055,0.0,0.0,0,4,962,4,success,,xpu_a90_cpsat.csv,0.3,b,2.4,
1010,1.4,0.01,1,10.0,0.0,55.9,6,11.1,2,0.0,1,89.29,0.0055,0.0,0.0,0,3,992,4,crash,clip,xpu_a90_cpsat.csv,0.3,b,2.4,
1011,1.4,0.01,1,10.0,0.0,55.9,6,11.1,2,0.0,1,89.29,0.0055,0.0,0.0,0,1,352,4,crash,clip,xpu_a90_cpsat.csv,0.3,b,2.4,
1000,1.0,0.01,1,10.0,0.0,242.0,24,0.0,1,0.0,1,39.15,0.0055,0.0,0.0,0,1,349,4,crash,clip,ros_vanilla445.csv,0.3,a,2.4,
1001,1.0,0.01,1,10.0,0.0,242.0,24,0.0,1,0.0,1,39.15,0.0055,0.0,0.0,0,1,655,4,crash,clip,ros_vanilla445.csv,0.3,a,2.4,
1002,1.0,0.01,1,10.0,0.0,242.0,24,0.0,1,0.0,1,39.15,0.0055,0.0,0.0,0,0,387,4,crash,clip,ros_vanilla445.csv,0.3,a,2.4,
1003,1.0,0.01,1,10.0,0.0,242.0,24,0.0,1,0.0,1,39.15,0.0055,0.0,0.0,0,1,604,4,crash,clip,ros_vanilla445.csv,0.3,a,2.4,
1004,1.0,0.01,1,10.0,0.0,242.0,24,0.0,1,0.0,1,39.15,0.0055,0.0,0.0,0,0,515,4,crash,clip,ros_vanilla445.csv,0.3,a,2.4,
1005,1.0,0.01,1,10.0,0.0,242.0,24,0.0,1,0.0,1,39.15,0.0055,0.0,0.0,0,1,266,4,crash,clip,ros_vanilla445.csv,0.3,a,2.4,
1006,1.0,0.01,1,10.0,0.0,242.0,24,0.0,1,0.0,1,39.15,0.0055,0.0,0.0,0,1,666,4,crash,clip,ros_vanilla445.csv,0.3,a,2.4,
1007,1.0,0.01,1,10.0,0.0,242.0,24,0.0,1,0.0,1,39.15,0.0055,0.0,0.0,0,0,464,4,crash,clip,ros_vanilla445.csv,0.3,a,2.4,
1008,1.0,0.01,1,10.0,0.0,242.0,24,0.0,1,0.0,1,39.15,0.0055,0.0,0.0,0,0,384,4,crash,clip,ros_vanilla445.csv,0.3,a,2.4,
1009,1.0,0.01,1,10.0,0.0,242.0,24,0.0,1,0.0,1,39.15,0.0055,0.0,0.0,0,1,415,4,crash,clip,ros_vanilla445.csv,0.3,a,2.4,
1010,1.0,0.01,1,10.0,0.0,242.0,24,0.0,1,0.0,1,39.15,0.0055,0.0,0.0,0,0,422,4,crash,clip,ros_vanilla445.csv,0.3,a,2.4,
1011,1.0,0.01,1,10.0,0.0,242.0,24,0.0,1,0.0,1,39.15,0.0055,0.0,0.0,0,1,483,4,crash,clip,ros_vanilla445.csv,0.3,a,2.4,
1000,1.0,0.01,1,10.0,0.0,55.9,6,11.1,2,0.0,1,89.29,0.0055,0.0,0.0,0,2,1320,4,crash,clip,xpu_a90_cpsat.csv,0.3,b,2.4,
1001,1.0,0.01,1,10.0,0.0,55.9,6,11.1,2,0.0,1,89.29,0.0055,0.0,0.0,0,3,1236,4,crash,clip,xpu_a90_cpsat.csv,0.3,b,2.4,
1002,1.0,0.01,1,10.0,0.0,55.9,6,11.1,2,0.0,1,89.29,0.0055,0.0,0.0,0,2,724,4,crash,clip,xpu_a90_cpsat.csv,0.3,b,2.4,
1003,1.0,0.01,1,10.0,0.0,55.9,6,11.1,2,0.0,1,89.29,0.0055,0.0,0.0,0,3,1051,4,crash,clip,xpu_a90_cpsat.csv,0.3,b,2.4,
1004,1.0,0.01,1,10.0,0.0,55.9,6,11.1,2,0.0,1,89.29,0.0055,0.0,0.0,0,3,1258,4,crash,clip,xpu_a90_cpsat.csv,0.3,b,2.4,
1005,1.0,0.01,1,10.0,0.0,55.9,6,11.1,2,0.0,1,89.29,0.0055,0.0,0.0,0,3,1269,4,crash,clip,xpu_a90_cpsat.csv,0.3,b,2.4,
1006,1.0,0.01,1,10.0,0.0,55.9,6,11.1,2,0.0,1,89.29,0.0055,0.0,0.0,0,1,1075,4,crash,clip,xpu_a90_cpsat.csv,0.3,b,2.4,
1007,1.0,0.01,1,10.0,0.0,55.9,6,11.1,2,0.0,1,89.29,0.0055,0.0,0.0,0,1,756,4,crash,clip,xpu_a90_cpsat.csv,0.3,b,2.4,
1008,1.0,0.01,1,10.0,0.0,55.9,6,11.1,2,0.0,1,89.29,0.0055,0.0,0.0,0,2,626,4,crash,clip,xpu_a90_cpsat.csv,0.3,b,2.4,
1009,1.0,0.01,1,10.0,0.0,55.9,6,11.1,2,0.0,1,89.29,0.0055,0.0,0.0,0,4,1470,4,success,,xpu_a90_cpsat.csv,0.3,b,2.4,
1010,1.0,0.01,1,10.0,0.0,55.9,6,11.1,2,0.0,1,89.29,0.0055,0.0,0.0,0,2,612,4,crash,clip,xpu_a90_cpsat.csv,0.3,b,2.4,
1011,1.0,0.01,1,10.0,0.0,55.9,6,11.1,2,0.0,1,89.29,0.0055,0.0,0.0,0,2,936,4,crash,clip,xpu_a90_cpsat.csv,0.3,b,2.4,
1000,1.2,0.01,1,10.0,0.0,242.0,24,0.0,1,0.0,1,39.15,0.0055,0.0,0.0,0,1,547,4,crash,clip,ros_vanilla445.csv,0.3,a,2.4,
1001,1.2,0.01,1,10.0,0.0,242.0,24,0.0,1,0.0,1,39.15,0.0055,0.0,0.0,0,1,677,4,crash,clip,ros_vanilla445.csv,0.3,a,2.4,
1002,1.2,0.01,1,10.0,0.0,242.0,24,0.0,1,0.0,1,39.15,0.0055,0.0,0.0,0,2,735,4,crash,clip,ros_vanilla445.csv,0.3,a,2.4,
1003,1.2,0.01,1,10.0,0.0,242.0,24,0.0,1,0.0,1,39.15,0.0055,0.0,0.0,0,1,334,4,crash,clip,ros_vanilla445.csv,0.3,a,2.4,
1004,1.2,0.01,1,10.0,0.0,242.0,24,0.0,1,0.0,1,39.15,0.0055,0.0,0.0,0,1,604,4,crash,clip,ros_vanilla445.csv,0.3,a,2.4,
1005,1.2,0.01,1,10.0,0.0,242.0,24,0.0,1,0.0,1,39.15,0.0055,0.0,0.0,0,2,1320,4,crash,clip,ros_vanilla445.csv,0.3,a,2.4,
1006,1.2,0.01,1,10.0,0.0,242.0,24,0.0,1,0.0,1,39.15,0.0055,0.0,0.0,0,1,560,4,crash,clip,ros_vanilla445.csv,0.3,a,2.4,
1007,1.2,0.01,1,10.0,0.0,242.0,24,0.0,1,0.0,1,39.15,0.0055,0.0,0.0,0,0,374,4,crash,clip,ros_vanilla445.csv,0.3,a,2.4,
1008,1.2,0.01,1,10.0,0.0,242.0,24,0.0,1,0.0,1,39.15,0.0055,0.0,0.0,0,0,507,4,crash,clip,ros_vanilla445.csv,0.3,a,2.4,
1009,1.2,0.01,1,10.0,0.0,242.0,24,0.0,1,0.0,1,39.15,0.0055,0.0,0.0,0,1,445,4,crash,clip,ros_vanilla445.csv,0.3,a,2.4,
1010,1.2,0.01,1,10.0,0.0,242.0,24,0.0,1,0.0,1,39.15,0.0055,0.0,0.0,0,1,394,4,crash,clip,ros_vanilla445.csv,0.3,a,2.4,
1011,1.2,0.01,1,10.0,0.0,242.0,24,0.0,1,0.0,1,39.15,0.0055,0.0,0.0,0,1,312,4,crash,clip,ros_vanilla445.csv,0.3,a,2.4,
1000,1.6,0.01,1,10.0,0.0,55.9,6,11.1,2,0.0,1,89.29,0.0055,0.0,0.0,0,2,588,4,crash,clip,xpu_a90_cpsat.csv,0.3,b,2.4,
1001,1.6,0.01,1,10.0,0.0,55.9,6,11.1,2,0.0,1,89.29,0.0055,0.0,0.0,0,0,785,4,crash,clip,xpu_a90_cpsat.csv,0.3,b,2.4,
1002,1.6,0.01,1,10.0,0.0,55.9,6,11.1,2,0.0,1,89.29,0.0055,0.0,0.0,0,1,210,4,crash,clip,xpu_a90_cpsat.csv,0.3,b,2.4,
1003,1.6,0.01,1,10.0,0.0,55.9,6,11.1,2,0.0,1,89.29,0.0055,0.0,0.0,0,4,893,4,success,,xpu_a90_cpsat.csv,0.3,b,2.4,
1004,1.6,0.01,1,10.0,0.0,55.9,6,11.1,2,0.0,1,89.29,0.0055,0.0,0.0,0,1,334,4,crash,clip,xpu_a90_cpsat.csv,0.3,b,2.4,
1005,1.6,0.01,1,10.0,0.0,55.9,6,11.1,2,0.0,1,89.29,0.0055,0.0,0.0,0,1,179,4,crash,clip,xpu_a90_cpsat.csv,0.3,b,2.4,
1006,1.6,0.01,1,10.0,0.0,55.9,6,11.1,2,0.0,1,89.29,0.0055,0.0,0.0,0,3,824,4,crash,clip,xpu_a90_cpsat.csv,0.3,b,2.4,
1007,1.6,0.01,1,10.0,0.0,55.9,6,11.1,2,0.0,1,89.29,0.0055,0.0,0.0,0,2,529,4,crash,clip,xpu_a90_cpsat.csv,0.3,b,2.4,
1008,1.6,0.01,1,10.0,0.0,55.9,6,11.1,2,0.0,1,89.29,0.0055,0.0,0.0,0,1,262,4,crash,clip,xpu_a90_cpsat.csv,0.3,b,2.4,
1009,1.6,0.01,1,10.0,0.0,55.9,6,11.1,2,0.0,1,89.29,0.0055,0.0,0.0,0,1,242,4,crash,clip,xpu_a90_cpsat.csv,0.3,b,2.4,
1010,1.6,0.01,1,10.0,0.0,55.9,6,11.1,2,0.0,1,89.29,0.0055,0.0,0.0,0,2,533,4,crash,clip,xpu_a90_cpsat.csv,0.3,b,2.4,
1011,1.6,0.01,1,10.0,0.0,55.9,6,11.1,2,0.0,1,89.29,0.0055,0.0,0.0,0,1,323,4,crash,clip,xpu_a90_cpsat.csv,0.3,b,2.4,
1000,1.4,0.01,1,10.0,0.0,242.0,24,0.0,1,0.0,1,39.15,0.0055,0.0,0.0,0,3,955,4,crash,clip,ros_vanilla445.csv,0.3,a,2.4,
1001,1.4,0.01,1,10.0,0.0,242.0,24,0.0,1,0.0,1,39.15,0.0055,0.0,0.0,0,1,403,4,crash,clip,ros_vanilla445.csv,0.3,a,2.4,
1002,1.4,0.01,1,10.0,0.0,242.0,24,0.0,1,0.0,1,39.15,0.0055,0.0,0.0,0,0,1800,4,timeout,,ros_vanilla445.csv,0.3,a,2.4,
1003,1.4,0.01,1,10.0,0.0,242.0,24,0.0,1,0.0,1,39.15,0.0055,0.0,0.0,0,2,671,4,crash,clip,ros_vanilla445.csv,0.3,a,2.4,
1004,1.4,0.01,1,10.0,0.0,242.0,24,0.0,1,0.0,1,39.15,0.0055,0.0,0.0,0,2,576,4,crash,clip,ros_vanilla445.csv,0.3,a,2.4,
1005,1.4,0.01,1,10.0,0.0,242.0,24,0.0,1,0.0,1,39.15,0.0055,0.0,0.0,0,2,697,4,crash,clip,ros_vanilla445.csv,0.3,a,2.4,
1006,1.4,0.01,1,10.0,0.0,242.0,24,0.0,1,0.0,1,39.15,0.0055,0.0,0.0,0,2,735,4,crash,clip,ros_vanilla445.csv,0.3,a,2.4,
1007,1.4,0.01,1,10.0,0.0,242.0,24,0.0,1,0.0,1,39.15,0.0055,0.0,0.0,0,2,611,4,crash,clip,ros_vanilla445.csv,0.3,a,2.4,
1008,1.4,0.01,1,10.0,0.0,242.0,24,0.0,1,0.0,1,39.15,0.0055,0.0,0.0,0,0,279,4,crash,clip,ros_vanilla445.csv,0.3,a,2.4,
1009,1.4,0.01,1,10.0,0.0,242.0,24,0.0,1,0.0,1,39.15,0.0055,0.0,0.0,0,1,391,4,crash,clip,ros_vanilla445.csv,0.3,a,2.4,
1010,1.4,0.01,1,10.0,0.0,242.0,24,0.0,1,0.0,1,39.15,0.0055,0.0,0.0,0,0,355,4,crash,clip,ros_vanilla445.csv,0.3,a,2.4,
1011,1.4,0.01,1,10.0,0.0,242.0,24,0.0,1,0.0,1,39.15,0.0055,0.0,0.0,0,1,353,4,crash,clip,ros_vanilla445.csv,0.3,a,2.4,
1000,1.2,0.01,1,10.0,0.0,55.9,6,11.1,2,0.0,1,89.29,0.0055,0.0,0.0,0,4,1164,4,success,,xpu_a90_cpsat.csv,0.3,b,2.4,
1001,1.2,0.01,1,10.0,0.0,55.9,6,11.1,2,0.0,1,89.29,0.0055,0.0,0.0,0,4,1139,4,success,,xpu_a90_cpsat.csv,0.3,b,2.4,
1002,1.2,0.01,1,10.0,0.0,55.9,6,11.1,2,0.0,1,89.29,0.0055,0.0,0.0,0,2,648,4,crash,clip,xpu_a90_cpsat.csv,0.3,b,2.4,
1003,1.2,0.01,1,10.0,0.0,55.9,6,11.1,2,0.0,1,89.29,0.0055,0.0,0.0,0,4,1171,4,success,,xpu_a90_cpsat.csv,0.3,b,2.4,
1004,1.2,0.01,1,10.0,0.0,55.9,6,11.1,2,0.0,1,89.29,0.0055,0.0,0.0,0,1,521,4,crash,clip,xpu_a90_cpsat.csv,0.3,b,2.4,
1005,1.2,0.01,1,10.0,0.0,55.9,6,11.1,2,0.0,1,89.29,0.0055,0.0,0.0,0,2,581,4,crash,clip,xpu_a90_cpsat.csv,0.3,b,2.4,
1006,1.2,0.01,1,10.0,0.0,55.9,6,11.1,2,0.0,1,89.29,0.0055,0.0,0.0,0,3,1242,4,crash,clip,xpu_a90_cpsat.csv,0.3,b,2.4,
1007,1.2,0.01,1,10.0,0.0,55.9,6,11.1,2,0.0,1,89.29,0.0055,0.0,0.0,0,4,1186,4,success,,xpu_a90_cpsat.csv,0.3,b,2.4,
1008,1.2,0.01,1,10.0,0.0,55.9,6,11.1,2,0.0,1,89.29,0.0055,0.0,0.0,0,2,571,4,crash,clip,xpu_a90_cpsat.csv,0.3,b,2.4,
1009,1.2,0.01,1,10.0,0.0,55.9,6,11.1,2,0.0,1,89.29,0.0055,0.0,0.0,0,4,1124,4,success,,xpu_a90_cpsat.csv,0.3,b,2.4,
1010,1.2,0.01,1,10.0,0.0,55.9,6,11.1,2,0.0,1,89.29,0.0055,0.0,0.0,0,3,1011,4,crash,clip,xpu_a90_cpsat.csv,0.3,b,2.4,
1011,1.2,0.01,1,10.0,0.0,55.9,6,11.1,2,0.0,1,89.29,0.0055,0.0,0.0,0,2,819,4,crash,clip,xpu_a90_cpsat.csv,0.3,b,2.4,
1000,1.6,0.01,1,10.0,0.0,242.0,24,0.0,1,0.0,1,39.15,0.0055,0.0,0.0,0,2,601,4,crash,clip,ros_vanilla445.csv,0.3,a,2.4,
1001,1.6,0.01,1,10.0,0.0,242.0,24,0.0,1,0.0,1,39.15,0.0055,0.0,0.0,0,0,210,4,crash,clip,ros_vanilla445.csv,0.3,a,2.4,
1002,1.6,0.01,1,10.0,0.0,242.0,24,0.0,1,0.0,1,39.15,0.0055,0.0,0.0,0,1,227,4,crash,clip,ros_vanilla445.csv,0.3,a,2.4,
1003,1.6,0.01,1,10.0,0.0,242.0,24,0.0,1,0.0,1,39.15,0.0055,0.0,0.0,0,1,390,4,crash,clip,ros_vanilla445.csv,0.3,a,2.4,
1004,1.6,0.01,1,10.0,0.0,242.0,24,0.0,1,0.0,1,39.15,0.0055,0.0,0.0,0,3,753,4,crash,clip,ros_vanilla445.csv,0.3,a,2.4,
1005,1.6,0.01,1,10.0,0.0,242.0,24,0.0,1,0.0,1,39.15,0.0055,0.0,0.0,0,2,809,4,crash,clip,ros_vanilla445.csv,0.3,a,2.4,
1006,1.6,0.01,1,10.0,0.0,242.0,24,0.0,1,0.0,1,39.15,0.0055,0.0,0.0,0,1,505,4,crash,clip,ros_vanilla445.csv,0.3,a,2.4,
1007,1.6,0.01,1,10.0,0.0,242.0,24,0.0,1,0.0,1,39.15,0.0055,0.0,0.0,0,1,334,4,crash,clip,ros_vanilla445.csv,0.3,a,2.4,
1008,1.6,0.01,1,10.0,0.0,242.0,24,0.0,1,0.0,1,39.15,0.0055,0.0,0.0,0,0,643,4,crash,clip,ros_vanilla445.csv,0.3,a,2.4,
1009,1.6,0.01,1,10.0,0.0,242.0,24,0.0,1,0.0,1,39.15,0.0055,0.0,0.0,0,1,265,4,crash,clip,ros_vanilla445.csv,0.3,a,2.4,
1010,1.6,0.01,1,10.0,0.0,242.0,24,0.0,1,0.0,1,39.15,0.0055,0.0,0.0,0,3,724,4,crash,clip,ros_vanilla445.csv,0.3,a,2.4,
1011,1.6,0.01,1,10.0,0.0,242.0,24,0.0,1,0.0,1,39.15,0.0055,0.0,0.0,0,2,487,4,crash,clip,ros_vanilla445.csv,0.3,a,2.4,
1000,1.8,0.01,1,10.0,0.0,56.2,6,30.3,4,0.0,1,100.0,0.0055,0.0,0.0,0,2,524,4,crash,clip,ros_p390.csv,0.3,b,2.4,
1001,1.8,0.01,1,10.0,0.0,56.2,6,30.3,4,0.0,1,100.0,0.0055,0.0,0.0,0,0,264,4,crash,clip,ros_p390.csv,0.3,b,2.4,
1002,1.8,0.01,1,10.0,0.0,56.2,6,30.3,4,0.0,1,100.0,0.0055,0.0,0.0,0,1,181,4,crash,clip,ros_p390.csv,0.3,b,2.4,
1003,1.8,0.01,1,10.0,0.0,56.2,6,30.3,4,0.0,1,100.0,0.0055,0.0,0.0,0,4,803,4,success,,ros_p390.csv,0.3,b,2.4,
1004,1.8,0.01,1,10.0,0.0,56.2,6,30.3,4,0.0,1,100.0,0.0055,0.0,0.0,0,2,503,4,crash,clip,ros_p390.csv,0.3,b,2.4,
1005,1.8,0.01,1,10.0,0.0,56.2,6,30.3,4,0.0,1,100.0,0.0055,0.0,0.0,0,1,164,4,crash,clip,ros_p390.csv,0.3,b,2.4,
1006,1.8,0.01,1,10.0,0.0,56.2,6,30.3,4,0.0,1,100.0,0.0055,0.0,0.0,0,1,293,4,crash,clip,ros_p390.csv,0.3,b,2.4,
1007,1.8,0.01,1,10.0,0.0,56.2,6,30.3,4,0.0,1,100.0,0.0055,0.0,0.0,0,1,272,4,crash,clip,ros_p390.csv,0.3,b,2.4,
1008,1.8,0.01,1,10.0,0.0,56.2,6,30.3,4,0.0,1,100.0,0.0055,0.0,0.0,0,1,239,4,crash,clip,ros_p390.csv,0.3,b,2.4,
1009,1.8,0.01,1,10.0,0.0,56.2,6,30.3,4,0.0,1,100.0,0.0055,0.0,0.0,0,2,443,4,crash,clip,ros_p390.csv,0.3,b,2.4,
1010,1.8,0.01,1,10.0,0.0,56.2,6,30.3,4,0.0,1,100.0,0.0055,0.0,0.0,0,4,774,4,success,,ros_p390.csv,0.3,b,2.4,
1011,1.8,0.01,1,10.0,0.0,56.2,6,30.3,4,0.0,1,100.0,0.0055,0.0,0.0,0,1,259,4,crash,clip,ros_p390.csv,0.3,b,2.4,
1000,1.8,0.01,1,10.0,0.0,242.0,24,0.0,1,0.0,1,39.15,0.0055,0.0,0.0,0,2,506,4,crash,clip,ros_vanilla445.csv,0.3,a,2.4,
1001,1.8,0.01,1,10.0,0.0,242.0,24,0.0,1,0.0,1,39.15,0.0055,0.0,0.0,0,2,540,4,crash,clip,ros_vanilla445.csv,0.3,a,2.4,
1002,1.8,0.01,1,10.0,0.0,242.0,24,0.0,1,0.0,1,39.15,0.0055,0.0,0.0,0,0,368,4,crash,clip,ros_vanilla445.csv,0.3,a,2.4,
1003,1.8,0.01,1,10.0,0.0,242.0,24,0.0,1,0.0,1,39.15,0.0055,0.0,0.0,0,1,309,4,crash,clip,ros_vanilla445.csv,0.3,a,2.4,
1004,1.8,0.01,1,10.0,0.0,242.0,24,0.0,1,0.0,1,39.15,0.0055,0.0,0.0,0,3,766,4,crash,clip,ros_vanilla445.csv,0.3,a,2.4,
1005,1.8,0.01,1,10.0,0.0,242.0,24,0.0,1,0.0,1,39.15,0.0055,0.0,0.0,0,0,308,4,crash,clip,ros_vanilla445.csv,0.3,a,2.4,
1006,1.8,0.01,1,10.0,0.0,242.0,24,0.0,1,0.0,1,39.15,0.0055,0.0,0.0,0,0,405,4,crash,clip,ros_vanilla445.csv,0.3,a,2.4,
1007,1.8,0.01,1,10.0,0.0,242.0,24,0.0,1,0.0,1,39.15,0.0055,0.0,0.0,0,1,350,4,crash,clip,ros_vanilla445.csv,0.3,a,2.4,
1008,1.8,0.01,1,10.0,0.0,242.0,24,0.0,1,0.0,1,39.15,0.0055,0.0,0.0,0,0,411,4,crash,clip,ros_vanilla445.csv,0.3,a,2.4,
1009,1.8,0.01,1,10.0,0.0,242.0,24,0.0,1,0.0,1,39.15,0.0055,0.0,0.0,0,1,257,4,crash,clip,ros_vanilla445.csv,0.3,a,2.4,
1010,1.8,0.01,1,10.0,0.0,242.0,24,0.0,1,0.0,1,39.15,0.0055,0.0,0.0,0,3,832,4,crash,clip,ros_vanilla445.csv,0.3,a,2.4,
1011,1.8,0.01,1,10.0,0.0,242.0,24,0.0,1,0.0,1,39.15,0.0055,0.0,0.0,0,1,327,4,crash,clip,ros_vanilla445.csv,0.3,a,2.4,
1000,1.4,0.01,1,10.0,0.0,56.2,6,30.3,4,0.0,1,100.0,0.0055,0.0,0.0,0,2,623,4,crash,clip,ros_p390.csv,0.3,b,2.4,
1001,1.4,0.01,1,10.0,0.0,56.2,6,30.3,4,0.0,1,100.0,0.0055,0.0,0.0,0,2,685,4,crash,clip,ros_p390.csv,0.3,b,2.4,
1002,1.4,0.01,1,10.0,0.0,56.2,6,30.3,4,0.0,1,100.0,0.0055,0.0,0.0,0,1,209,4,crash,clip,ros_p390.csv,0.3,b,2.4,
1003,1.4,0.01,1,10.0,0.0,56.2,6,30.3,4,0.0,1,100.0,0.0055,0.0,0.0,0,4,1012,4,success,,ros_p390.csv,0.3,b,2.4,
1004,1.4,0.01,1,10.0,0.0,56.2,6,30.3,4,0.0,1,100.0,0.0055,0.0,0.0,0,1,427,4,crash,clip,ros_p390.csv,0.3,b,2.4,
1005,1.4,0.01,1,10.0,0.0,56.2,6,30.3,4,0.0,1,100.0,0.0055,0.0,0.0,0,1,333,4,crash,clip,ros_p390.csv,0.3,b,2.4,
1006,1.4,0.01,1,10.0,0.0,56.2,6,30.3,4,0.0,1,100.0,0.0055,0.0,0.0,0,3,918,4,crash,clip,ros_p390.csv,0.3,b,2.4,
1007,1.4,0.01,1,10.0,0.0,56.2,6,30.3,4,0.0,1,100.0,0.0055,0.0,0.0,0,3,910,4,crash,clip,ros_p390.csv,0.3,b,2.4,
1008,1.4,0.01,1,10.0,0.0,56.2,6,30.3,4,0.0,1,100.0,0.0055,0.0,0.0,0,1,265,4,crash,clip,ros_p390.csv,0.3,b,2.4,
1009,1.4,0.01,1,10.0,0.0,56.2,6,30.3,4,0.0,1,100.0,0.0055,0.0,0.0,0,4,956,4,success,,ros_p390.csv,0.3,b,2.4,
1010,1.4,0.01,1,10.0,0.0,56.2,6,30.3,4,0.0,1,100.0,0.0055,0.0,0.0,0,3,1800,4,timeout,,ros_p390.csv,0.3,b,2.4,
1011,1.4,0.01,1,10.0,0.0,56.2,6,30.3,4,0.0,1,100.0,0.0055,0.0,0.0,0,3,748,4,crash,clip,ros_p390.csv,0.3,b,2.4,
1000,0.8,0.01,1,10.0,0.0,242.0,24,0.0,1,0.0,1,39.15,0.0055,0.0,0.0,0,0,554,4,crash,clip,ros_vanilla445.csv,0.3,a,2.4,
1001,0.8,0.01,1,10.0,0.0,242.0,24,0.0,1,0.0,1,39.15,0.0055,0.0,0.0,0,1,583,4,crash,clip,ros_vanilla445.csv,0.3,a,2.4,
1002,0.8,0.01,1,10.0,0.0,242.0,24,0.0,1,0.0,1,39.15,0.0055,0.0,0.0,0,0,1800,4,timeout,,ros_vanilla445.csv,0.3,a,2.4,
1003,0.8,0.01,1,10.0,0.0,242.0,24,0.0,1,0.0,1,39.15,0.0055,0.0,0.0,0,0,661,4,crash,clip,ros_vanilla445.csv,0.3,a,2.4,
1004,0.8,0.01,1,10.0,0.0,242.0,24,0.0,1,0.0,1,39.15,0.0055,0.0,0.0,0,0,1800,4,timeout,,ros_vanilla445.csv,0.3,a,2.4,
1005,0.8,0.01,1,10.0,0.0,242.0,24,0.0,1,0.0,1,39.15,0.0055,0.0,0.0,0,0,288,4,crash,clip,ros_vanilla445.csv,0.3,a,2.4,
1006,0.8,0.01,1,10.0,0.0,242.0,24,0.0,1,0.0,1,39.15,0.0055,0.0,0.0,0,0,526,4,crash,clip,ros_vanilla445.csv,0.3,a,2.4,
1007,0.8,0.01,1,10.0,0.0,242.0,24,0.0,1,0.0,1,39.15,0.0055,0.0,0.0,0,0,1800,4,timeout,,ros_vanilla445.csv,0.3,a,2.4,
1008,0.8,0.01,1,10.0,0.0,242.0,24,0.0,1,0.0,1,39.15,0.0055,0.0,0.0,0,0,1800,4,timeout,,ros_vanilla445.csv,0.3,a,2.4,
1009,0.8,0.01,1,10.0,0.0,242.0,24,0.0,1,0.0,1,39.15,0.0055,0.0,0.0,0,0,1364,4,crash,clip,ros_vanilla445.csv,0.3,a,2.4,
1010,0.8,0.01,1,10.0,0.0,242.0,24,0.0,1,0.0,1,39.15,0.0055,0.0,0.0,0,0,1399,4,crash,clip,ros_vanilla445.csv,0.3,a,2.4,
1011,0.8,0.01,1,10.0,0.0,242.0,24,0.0,1,0.0,1,39.15,0.0055,0.0,0.0,0,0,1800,4,timeout,,ros_vanilla445.csv,0.3,a,2.4,
1000,1.0,0.01,1,10.0,0.0,242.0,24,0.0,1,0.0,1,39.15,0.0055,0.0,0.0,0,1,471,4,crash,clip,ros_vanilla445.csv,0.3,a,2.4,
1001,1.0,0.01,1,10.0,0.0,242.0,24,0.0,1,0.0,1,39.15,0.0055,0.0,0.0,0,1,717,4,crash,clip,ros_vanilla445.csv,0.3,a,2.4,
1002,1.0,0.01,1,10.0,0.0,242.0,24,0.0,1,0.0,1,39.15,0.0055,0.0,0.0,0,0,422,4,crash,clip,ros_vanilla445.csv,0.3,a,2.4,
1003,1.0,0.01,1,10.0,0.0,242.0,24,0.0,1,0.0,1,39.15,0.0055,0.0,0.0,0,1,413,4,crash,clip,ros_vanilla445.csv,0.3,a,2.4,
1004,1.0,0.01,1,10.0,0.0,242.0,24,0.0,1,0.0,1,39.15,0.0055,0.0,0.0,0,0,1384,4,crash,clip,ros_vanilla445.csv,0.3,a,2.4,
1005,1.0,0.01,1,10.0,0.0,242.0,24,0.0,1,0.0,1,39.15,0.0055,0.0,0.0,0,1,274,4,crash,clip,ros_vanilla445.csv,0.3,a,2.4,
1006,1.0,0.01,1,10.0,0.0,242.0,24,0.0,1,0.0,1,39.15,0.0055,0.0,0.0,0,1,398,4,crash,clip,ros_vanilla445.csv,0.3,a,2.4,
1007,1.0,0.01,1,10.0,0.0,242.0,24,0.0,1,0.0,1,39.15,0.0055,0.0,0.0,0,0,449,4,crash,clip,ros_vanilla445.csv,0.3,a,2.4,
1008,1.0,0.01,1,10.0,0.0,242.0,24,0.0,1,0.0,1,39.15,0.0055,0.0,0.0,0,0,390,4,crash,clip,ros_vanilla445.csv,0.3,a,2.4,
1009,1.0,0.01,1,10.0,0.0,242.0,24,0.0,1,0.0,1,39.15,0.0055,0.0,0.0,0,1,393,4,crash,clip,ros_vanilla445.csv,0.3,a,2.4,
1010,1.0,0.01,1,10.0,0.0,242.0,24,0.0,1,0.0,1,39.15,0.0055,0.0,0.0,0,0,416,4,crash,clip,ros_vanilla445.csv,0.3,a,2.4,
1011,1.0,0.01,1,10.0,0.0,242.0,24,0.0,1,0.0,1,39.15,0.0055,0.0,0.0,0,1,591,4,crash,clip,ros_vanilla445.csv,0.3,a,2.4,
1000,1.0,0.01,1,10.0,0.0,56.2,6,30.3,4,0.0,1,100.0,0.0055,0.0,0.0,0,4,1418,4,success,,ros_p390.csv,0.3,b,2.4,
1001,1.0,0.01,1,10.0,0.0,56.2,6,30.3,4,0.0,1,100.0,0.0055,0.0,0.0,0,3,1628,4,crash,clip,ros_p390.csv,0.3,b,2.4,
1002,1.0,0.01,1,10.0,0.0,56.2,6,30.3,4,0.0,1,100.0,0.0055,0.0,0.0,0,2,728,4,crash,clip,ros_p390.csv,0.3,b,2.4,
1003,1.0,0.01,1,10.0,0.0,56.2,6,30.3,4,0.0,1,100.0,0.0055,0.0,0.0,0,2,1800,4,timeout,,ros_p390.csv,0.3,b,2.4,
1004,1.0,0.01,1,10.0,0.0,56.2,6,30.3,4,0.0,1,100.0,0.0055,0.0,0.0,0,4,1423,4,success,,ros_p390.csv,0.3,b,2.4,
1005,1.0,0.01,1,10.0,0.0,56.2,6,30.3,4,0.0,1,100.0,0.0055,0.0,0.0,0,3,1188,4,crash,clip,ros_p390.csv,0.3,b,2.4,
1006,1.0,0.01,1,10.0,0.0,56.2,6,30.3,4,0.0,1,100.0,0.0055,0.0,0.0,0,4,1418,4,success,,ros_p390.csv,0.3,b,2.4,
1007,1.0,0.01,1,10.0,0.0,56.2,6,30.3,4,0.0,1,100.0,0.0055,0.0,0.0,0,3,1800,4,timeout,,ros_p390.csv,0.3,b,2.4,
1008,1.0,0.01,1,10.0,0.0,56.2,6,30.3,4,0.0,1,100.0,0.0055,0.0,0.0,0,2,627,4,crash,clip,ros_p390.csv,0.3,b,2.4,
1009,1.0,0.01,1,10.0,0.0,56.2,6,30.3,4,0.0,1,100.0,0.0055,0.0,0.0,0,2,998,4,crash,clip,ros_p390.csv,0.3,b,2.4,
1010,1.0,0.01,1,10.0,0.0,56.2,6,30.3,4,0.0,1,100.0,0.0055,0.0,0.0,0,4,1509,4,success,,ros_p390.csv,0.3,b,2.4,
1011,1.0,0.01,1,10.0,0.0,56.2,6,30.3,4,0.0,1,100.0,0.0055,0.0,0.0,0,1,301,4,crash,clip,ros_p390.csv,0.3,b,2.4,
1000,1.2,0.01,1,10.0,0.0,242.0,24,0.0,1,0.0,1,39.15,0.0055,0.0,0.0,0,1,545,4,crash,clip,ros_vanilla445.csv,0.3,a,2.4,
1001,1.2,0.01,1,10.0,0.0,242.0,24,0.0,1,0.0,1,39.15,0.0055,0.0,0.0,0,2,648,4,crash,clip,ros_vanilla445.csv,0.3,a,2.4,
1002,1.2,0.01,1,10.0,0.0,242.0,24,0.0,1,0.0,1,39.15,0.0055,0.0,0.0,0,1,347,4,crash,clip,ros_vanilla445.csv,0.3,a,2.4,
1003,1.2,0.01,1,10.0,0.0,242.0,24,0.0,1,0.0,1,39.15,0.0055,0.0,0.0,0,1,586,4,crash,clip,ros_vanilla445.csv,0.3,a,2.4,
1004,1.2,0.01,1,10.0,0.0,242.0,24,0.0,1,0.0,1,39.15,0.0055,0.0,0.0,0,1,611,4,crash,clip,ros_vanilla445.csv,0.3,a,2.4,
1005,1.2,0.01,1,10.0,0.0,242.0,24,0.0,1,0.0,1,39.15,0.0055,0.0,0.0,0,2,887,4,crash,clip,ros_vanilla445.csv,0.3,a,2.4,
1006,1.2,0.01,1,10.0,0.0,242.0,24,0.0,1,0.0,1,39.15,0.0055,0.0,0.0,0,1,733,4,crash,clip,ros_vanilla445.csv,0.3,a,2.4,
1007,1.2,0.01,1,10.0,0.0,242.0,24,0.0,1,0.0,1,39.15,0.0055,0.0,0.0,0,0,373,4,crash,clip,ros_vanilla445.csv,0.3,a,2.4,
1008,1.2,0.01,1,10.0,0.0,242.0,24,0.0,1,0.0,1,39.15,0.0055,0.0,0.0,0,1,473,4,crash,clip,ros_vanilla445.csv,0.3,a,2.4,
1009,1.2,0.01,1,10.0,0.0,242.0,24,0.0,1,0.0,1,39.15,0.0055,0.0,0.0,0,1,269,4,crash,clip,ros_vanilla445.csv,0.3,a,2.4,
1010,1.2,0.01,1,10.0,0.0,242.0,24,0.0,1,0.0,1,39.15,0.0055,0.0,0.0,0,1,539,4,crash,clip,ros_vanilla445.csv,0.3,a,2.4,
1011,1.2,0.01,1,10.0,0.0,242.0,24,0.0,1,0.0,1,39.15,0.0055,0.0,0.0,0,0,387,4,crash,clip,ros_vanilla445.csv,0.3,a,2.4,
1000,1.6,0.01,1,10.0,0.0,56.2,6,30.3,4,0.0,1,100.0,0.0055,0.0,0.0,0,1,389,4,crash,clip,ros_p390.csv,0.3,b,2.4,
1001,1.6,0.01,1,10.0,0.0,56.2,6,30.3,4,0.0,1,100.0,0.0055,0.0,0.0,0,1,172,4,crash,clip,ros_p390.csv,0.3,b,2.4,
1002,1.6,0.01,1,10.0,0.0,56.2,6,30.3,4,0.0,1,100.0,0.0055,0.0,0.0,0,1,300,4,crash,clip,ros_p390.csv,0.3,b,2.4,
1003,1.6,0.01,1,10.0,0.0,56.2,6,30.3,4,0.0,1,100.0,0.0055,0.0,0.0,0,1,314,4,crash,clip,ros_p390.csv,0.3,b,2.4,
1004,1.6,0.01,1,10.0,0.0,56.2,6,30.3,4,0.0,1,100.0,0.0055,0.0,0.0,0,1,393,4,crash,clip,ros_p390.csv,0.3,b,2.4,
1005,1.6,0.01,1,10.0,0.0,56.2,6,30.3,4,0.0,1,100.0,0.0055,0.0,0.0,0,2,429,4,crash,clip,ros_p390.csv,0.3,b,2.4,
1006,1.6,0.01,1,10.0,0.0,56.2,6,30.3,4,0.0,1,100.0,0.0055,0.0,0.0,0,3,826,4,crash,clip,ros_p390.csv,0.3,b,2.4,
1007,1.6,0.01,1,10.0,0.0,56.2,6,30.3,4,0.0,1,100.0,0.0055,0.0,0.0,0,1,291,4,crash,clip,ros_p390.csv,0.3,b,2.4,
1008,1.6,0.01,1,10.0,0.0,56.2,6,30.3,4,0.0,1,100.0,0.0055,0.0,0.0,0,2,579,4,crash,clip,ros_p390.csv,0.3,b,2.4,
1009,1.6,0.01,1,10.0,0.0,56.2,6,30.3,4,0.0,1,100.0,0.0055,0.0,0.0,0,1,461,4,crash,clip,ros_p390.csv,0.3,b,2.4,
1010,1.6,0.01,1,10.0,0.0,56.2,6,30.3,4,0.0,1,100.0,0.0055,0.0,0.0,0,2,420,4,crash,clip,ros_p390.csv,0.3,b,2.4,
1011,1.6,0.01,1,10.0,0.0,56.2,6,30.3,4,0.0,1,100.0,0.0055,0.0,0.0,0,1,314,4,crash,clip,ros_p390.csv,0.3,b,2.4,
1000,1.4,0.01,1,10.0,0.0,242.0,24,0.0,1,0.0,1,39.15,0.0055,0.0,0.0,0,1,334,4,crash,clip,ros_vanilla445.csv,0.3,a,2.4,
1001,1.4,0.01,1,10.0,0.0,242.0,24,0.0,1,0.0,1,39.15,0.0055,0.0,0.0,0,1,394,4,crash,clip,ros_vanilla445.csv,0.3,a,2.4,
1002,1.4,0.01,1,10.0,0.0,242.0,24,0.0,1,0.0,1,39.15,0.0055,0.0,0.0,0,0,453,4,crash,clip,ros_vanilla445.csv,0.3,a,2.4,
1003,1.4,0.01,1,10.0,0.0,242.0,24,0.0,1,0.0,1,39.15,0.0055,0.0,0.0,0,2,650,4,crash,clip,ros_vanilla445.csv,0.3,a,2.4,
1004,1.4,0.01,1,10.0,0.0,242.0,24,0.0,1,0.0,1,39.15,0.0055,0.0,0.0,0,1,478,4,crash,clip,ros_vanilla445.csv,0.3,a,2.4,
1005,1.4,0.01,1,10.0,0.0,242.0,24,0.0,1,0.0,1,39.15,0.0055,0.0,0.0,0,3,1109,4,crash,clip,ros_vanilla445.csv,0.3,a,2.4,
1006,1.4,0.01,1,10.0,0.0,242.0,24,0.0,1,0.0,1,39.15,0.0055,0.0,0.0,0,2,817,4,crash,clip,ros_vanilla445.csv,0.3,a,2.4,
1007,1.4,0.01,1,10.0,0.0,242.0,24,0.0,1,0.0,1,39.15,0.0055,0.0,0.0,0,1,522,4,crash,clip,ros_vanilla445.csv,0.3,a,2.4,
1008,1.4,0.01,1,10.0,0.0,242.0,24,0.0,1,0.0,1,39.15,0.0055,0.0,0.0,0,1,386,4,crash,clip,ros_vanilla445.csv,0.3,a,2.4,
1009,1.4,0.01,1,10.0,0.0,242.0,24,0.0,1,0.0,1,39.15,0.0055,0.0,0.0,0,1,325,4,crash,clip,ros_vanilla445.csv,0.3,a,2.4,
1010,1.4,0.01,1,10.0,0.0,242.0,24,0.0,1,0.0,1,39.15,0.0055,0.0,0.0,0,1,351,4,crash,clip,ros_vanilla445.csv,0.3,a,2.4,
1011,1.4,0.01,1,10.0,0.0,242.0,24,0.0,1,0.0,1,39.15,0.0055,0.0,0.0,0,1,409,4,crash,clip,ros_vanilla445.csv,0.3,a,2.4,
1000,1.2,0.01,1,10.0,0.0,56.2,6,30.3,4,0.0,1,100.0,0.0055,0.0,0.0,0,1,861,4,crash,clip,ros_p390.csv,0.3,b,2.4,
1001,1.2,0.01,1,10.0,0.0,56.2,6,30.3,4,0.0,1,100.0,0.0055,0.0,0.0,0,1,376,4,crash,clip,ros_p390.csv,0.3,b,2.4,
1002,1.2,0.01,1,10.0,0.0,56.2,6,30.3,4,0.0,1,100.0,0.0055,0.0,0.0,0,3,1800,4,timeout,,ros_p390.csv,0.3,b,2.4,
1003,1.2,0.01,1,10.0,0.0,56.2,6,30.3,4,0.0,1,100.0,0.0055,0.0,0.0,0,3,943,4,crash,clip,ros_p390.csv,0.3,b,2.4,
1004,1.2,0.01,1,10.0,0.0,56.2,6,30.3,4,0.0,1,100.0,0.0055,0.0,0.0,0,2,967,4,crash,clip,ros_p390.csv,0.3,b,2.4,
1005,1.2,0.01,1,10.0,0.0,56.2,6,30.3,4,0.0,1,100.0,0.0055,0.0,0.0,0,1,1036,4,crash,clip,ros_p390.csv,0.3,b,2.4,
1006,1.2,0.01,1,10.0,0.0,56.2,6,30.3,4,0.0,1,100.0,0.0055,0.0,0.0,0,1,596,4,crash,clip,ros_p390.csv,0.3,b,2.4,
1007,1.2,0.01,1,10.0,0.0,56.2,6,30.3,4,0.0,1,100.0,0.0055,0.0,0.0,0,4,1163,4,success,,ros_p390.csv,0.3,b,2.4,
1008,1.2,0.01,1,10.0,0.0,56.2,6,30.3,4,0.0,1,100.0,0.0055,0.0,0.0,0,2,667,4,crash,clip,ros_p390.csv,0.3,b,2.4,
1009,1.2,0.01,1,10.0,0.0,56.2,6,30.3,4,0.0,1,100.0,0.0055,0.0,0.0,0,2,640,4,crash,clip,ros_p390.csv,0.3,b,2.4,
1010,1.2,0.01,1,10.0,0.0,56.2,6,30.3,4,0.0,1,100.0,0.0055,0.0,0.0,0,1,318,4,crash,clip,ros_p390.csv,0.3,b,2.4,
1011,1.2,0.01,1,10.0,0.0,56.2,6,30.3,4,0.0,1,100.0,0.0055,0.0,0.0,0,1,395,4,crash,clip,ros_p390.csv,0.3,b,2.4,
1000,1.6,0.01,1,10.0,0.0,242.0,24,0.0,1,0.0,1,39.15,0.0055,0.0,0.0,0,2,601,4,crash,clip,ros_vanilla445.csv,0.3,a,2.4,
1001,1.6,0.01,1,10.0,0.0,242.0,24,0.0,1,0.0,1,39.15,0.0055,0.0,0.0,0,0,322,4,crash,clip,ros_vanilla445.csv,0.3,a,2.4,
1002,1.6,0.01,1,10.0,0.0,242.0,24,0.0,1,0.0,1,39.15,0.0055,0.0,0.0,0,0,141,4,crash,clip,ros_vanilla445.csv,0.3,a,2.4,
1003,1.6,0.01,1,10.0,0.0,242.0,24,0.0,1,0.0,1,39.15,0.0055,0.0,0.0,0,1,684,4,crash,clip,ros_vanilla445.csv,0.3,a,2.4,
1004,1.6,0.01,1,10.0,0.0,242.0,24,0.0,1,0.0,1,39.15,0.0055,0.0,0.0,0,3,718,4,crash,clip,ros_vanilla445.csv,0.3,a,2.4,
1005,1.6,0.01,1,10.0,0.0,242.0,24,0.0,1,0.0,1,39.15,0.0055,0.0,0.0,0,2,728,4,crash,clip,ros_vanilla445.csv,0.3,a,2.4,
1006,1.6,0.01,1,10.0,0.0,242.0,24,0.0,1,0.0,1,39.15,0.0055,0.0,0.0,0,2,878,4,crash,clip,ros_vanilla445.csv,0.3,a,2.4,
1007,1.6,0.01,1,10.0,0.0,242.0,24,0.0,1,0.0,1,39.15,0.0055,0.0,0.0,0,1,237,4,crash,clip,ros_vanilla445.csv,0.3,a,2.4,
1008,1.6,0.01,1,10.0,0.0,242.0,24,0.0,1,0.0,1,39.15,0.0055,0.0,0.0,0,0,424,4,crash,clip,ros_vanilla445.csv,0.3,a,2.4,
1009,1.6,0.01,1,10.0,0.0,242.0,24,0.0,1,0.0,1,39.15,0.0055,0.0,0.0,0,0,128,4,crash,clip,ros_vanilla445.csv,0.3,a,2.4,
1010,1.6,0.01,1,10.0,0.0,242.0,24,0.0,1,0.0,1,39.15,0.0055,0.0,0.0,0,2,1093,4,crash,clip,ros_vanilla445.csv,0.3,a,2.4,
1011,1.6,0.01,1,10.0,0.0,242.0,24,0.0,1,0.0,1,39.15,0.0055,0.0,0.0,0,1,327,4,crash,clip,ros_vanilla445.csv,0.3,a,2.4,
1000,1.8,0.01,1,10.0,0.0,136.5,14,30.3,4,0.0,1,100.0,0.0055,0.0,0.0,0,2,531,4,crash,clip,ros_vanilla4tm90.csv,0.3,b,2.4,
1001,1.8,0.01,1,10.0,0.0,136.5,14,30.3,4,0.0,1,100.0,0.0055,0.0,0.0,0,0,1377,4,crash,clip,ros_vanilla4tm90.csv,0.3,b,2.4,
1002,1.8,0.01,1,10.0,0.0,136.5,14,30.3,4,0.0,1,100.0,0.0055,0.0,0.0,0,0,126,4,crash,clip,ros_vanilla4tm90.csv,0.3,b,2.4,
1003,1.8,0.01,1,10.0,0.0,136.5,14,30.3,4,0.0,1,100.0,0.0055,0.0,0.0,0,2,487,4,crash,clip,ros_vanilla4tm90.csv,0.3,b,2.4,
1004,1.8,0.01,1,10.0,0.0,136.5,14,30.3,4,0.0,1,100.0,0.0055,0.0,0.0,0,2,504,4,crash,clip,ros_vanilla4tm90.csv,0.3,b,2.4,
1005,1.8,0.01,1,10.0,0.0,136.5,14,30.3,4,0.0,1,100.0,0.0055,0.0,0.0,0,0,192,4,crash,clip,ros_vanilla4tm90.csv,0.3,b,2.4,
1006,1.8,0.01,1,10.0,0.0,136.5,14,30.3,4,0.0,1,100.0,0.0055,0.0,0.0,0,2,509,4,crash,clip,ros_vanilla4tm90.csv,0.3,b,2.4,
1007,1.8,0.01,1,10.0,0.0,136.5,14,30.3,4,0.0,1,100.0,0.0055,0.0,0.0,0,4,790,4,success,,ros_vanilla4tm90.csv,0.3,b,2.4,
1008,1.8,0.01,1,10.0,0.0,136.5,14,30.3,4,0.0,1,100.0,0.0055,0.0,0.0,0,3,658,4,crash,clip,ros_vanilla4tm90.csv,0.3,b,2.4,
1009,1.8,0.01,1,10.0,0.0,136.5,14,30.3,4,0.0,1,100.0,0.0055,0.0,0.0,0,2,456,4,crash,clip,ros_vanilla4tm90.csv,0.3,b,2.4,
1010,1.8,0.01,1,10.0,0.0,136.5,14,30.3,4,0.0,1,100.0,0.0055,0.0,0.0,0,3,597,4,crash,clip,ros_vanilla4tm90.csv,0.3,b,2.4,
1011,1.8,0.01,1,10.0,0.0,136.5,14,30.3,4,0.0,1,100.0,0.0055,0.0,0.0,0,1,300,4,crash,clip,ros_vanilla4tm90.csv,0.3,b,2.4,
1000,1.8,0.01,1,10.0,0.0,242.0,24,0.0,1,0.0,1,39.15,0.0055,0.0,0.0,0,2,538,4,crash,clip,ros_vanilla445.csv,0.3,a,2.4,
1001,1.8,0.01,1,10.0,0.0,242.0,24,0.0,1,0.0,1,39.15,0.0055,0.0,0.0,0,0,438,4,crash,clip,ros_vanilla445.csv,0.3,a,2.4,
1002,1.8,0.01,1,10.0,0.0,242.0,24,0.0,1,0.0,1,39.15,0.0055,0.0,0.0,0,1,200,4,crash,clip,ros_vanilla445.csv,0.3,a,2.4,
1003,1.8,0.01,1,10.0,0.0,242.0,24,0.0,1,0.0,1,39.15,0.0055,0.0,0.0,0,1,305,4,crash,clip,ros_vanilla445.csv,0.3,a,2.4,
1004,1.8,0.01,1,10.0,0.0,242.0,24,0.0,1,0.0,1,39.15,0.0055,0.0,0.0,0,2,410,4,crash,clip,ros_vanilla445.csv,0.3,a,2.4,
1005,1.8,0.01,1,10.0,0.0,242.0,24,0.0,1,0.0,1,39.15,0.0055,0.0,0.0,0,1,852,4,crash,clip,ros_vanilla445.csv,0.3,a,2.4,
1006,1.8,0.01,1,10.0,0.0,242.0,24,0.0,1,0.0,1,39.15,0.0055,0.0,0.0,0,3,792,4,crash,clip,ros_vanilla445.csv,0.3,a,2.4,
1007,1.8,0.01,1,10.0,0.0,242.0,24,0.0,1,0.0,1,39.15,0.0055,0.0,0.0,0,2,537,4,crash,clip,ros_vanilla445.csv,0.3,a,2.4,
1008,1.8,0.01,1,10.0,0.0,242.0,24,0.0,1,0.0,1,39.15,0.0055,0.0,0.0,0,0,271,4,crash,clip,ros_vanilla445.csv,0.3,a,2.4,
1009,1.8,0.01,1,10.0,0.0,242.0,24,0.0,1,0.0,1,39.15,0.0055,0.0,0.0,0,1,170,4,crash,clip,ros_vanilla445.csv,0.3,a,2.4,
1010,1.8,0.01,1,10.0,0.0,242.0,24,0.0,1,0.0,1,39.15,0.0055,0.0,0.0,0,4,823,4,success,,ros_vanilla445.csv,0.3,a,2.4,
1011,1.8,0.01,1,10.0,0.0,242.0,24,0.0,1,0.0,1,39.15,0.0055,0.0,0.0,0,1,304,4,crash,clip,ros_vanilla445.csv,0.3,a,2.4,
1000,1.4,0.01,1,10.0,0.0,136.5,14,30.3,4,0.0,1,100.0,0.0055,0.0,0.0,0,2,624,4,crash,clip,ros_vanilla4tm90.csv,0.3,b,2.4,
1001,1.4,0.01,1,10.0,0.0,136.5,14,30.3,4,0.0,1,100.0,0.0055,0.0,0.0,0,3,881,4,crash,clip,ros_vanilla4tm90.csv,0.3,b,2.4,
1002,1.4,0.01,1,10.0,0.0,136.5,14,30.3,4,0.0,1,100.0,0.0055,0.0,0.0,0,0,948,4,crash,clip,ros_vanilla4tm90.csv,0.3,b,2.4,
1003,1.4,0.01,1,10.0,0.0,136.5,14,30.3,4,0.0,1,100.0,0.0055,0.0,0.0,0,4,1016,4,success,,ros_vanilla4tm90.csv,0.3,b,2.4,
1004,1.4,0.01,1,10.0,0.0,136.5,14,30.3,4,0.0,1,100.0,0.0055,0.0,0.0,0,2,474,4,crash,clip,ros_vanilla4tm90.csv,0.3,b,2.4,
1005,1.4,0.01,1,10.0,0.0,136.5,14,30.3,4,0.0,1,100.0,0.0055,0.0,0.0,0,2,698,4,crash,clip,ros_vanilla4tm90.csv,0.3,b,2.4,
1006,1.4,0.01,1,10.0,0.0,136.5,14,30.3,4,0.0,1,100.0,0.0055,0.0,0.0,0,1,382,4,crash,clip,ros_vanilla4tm90.csv,0.3,b,2.4,
1007,1.4,0.01,1,10.0,0.0,136.5,14,30.3,4,0.0,1,100.0,0.0055,0.0,0.0,0,4,1003,4,success,,ros_vanilla4tm90.csv,0.3,b,2.4,
1008,1.4,0.01,1,10.0,0.0,136.5,14,30.3,4,0.0,1,100.0,0.0055,0.0,0.0,0,1,389,4,crash,clip,ros_vanilla4tm90.csv,0.3,b,2.4,
1009,1.4,0.01,1,10.0,0.0,136.5,14,30.3,4,0.0,1,100.0,0.0055,0.0,0.0,0,4,960,4,success,,ros_vanilla4tm90.csv,0.3,b,2.4,
1010,1.4,0.01,1,10.0,0.0,136.5,14,30.3,4,0.0,1,100.0,0.0055,0.0,0.0,0,4,982,4,success,,ros_vanilla4tm90.csv,0.3,b,2.4,
1011,1.4,0.01,1,10.0,0.0,136.5,14,30.3,4,0.0,1,100.0,0.0055,0.0,0.0,0,1,344,4,crash,clip,ros_vanilla4tm90.csv,0.3,b,2.4,
1000,0.8,0.01,1,10.0,0.0,242.0,24,0.0,1,0.0,1,39.15,0.0055,0.0,0.0,0,0,661,4,crash,clip,ros_vanilla445.csv,0.3,a,2.4,
1001,0.8,0.01,1,10.0,0.0,242.0,24,0.0,1,0.0,1,39.15,0.0055,0.0,0.0,0,0,613,4,crash,clip,ros_vanilla445.csv,0.3,a,2.4,
1002,0.8,0.01,1,10.0,0.0,242.0,24,0.0,1,0.0,1,39.15,0.0055,0.0,0.0,0,0,1513,4,crash,clip,ros_vanilla445.csv,0.3,a,2.4,
1003,0.8,0.01,1,10.0,0.0,242.0,24,0.0,1,0.0,1,39.15,0.0055,0.0,0.0,0,0,1800,4,timeout,,ros_vanilla445.csv,0.3,a,2.4,
1004,0.8,0.01,1,10.0,0.0,242.0,24,0.0,1,0.0,1,39.15,0.0055,0.0,0.0,0,0,1800,4,timeout,,ros_vanilla445.csv,0.3,a,2.4,
1005,0.8,0.01,1,10.0,0.0,242.0,24,0.0,1,0.0,1,39.15,0.0055,0.0,0.0,0,0,1353,4,crash,clip,ros_vanilla445.csv,0.3,a,2.4,
1006,0.8,0.01,1,10.0,0.0,242.0,24,0.0,1,0.0,1,39.15,0.0055,0.0,0.0,0,0,1478,4,crash,clip,ros_vanilla445.csv,0.3,a,2.4,
1007,0.8,0.01,1,10.0,0.0,242.0,24,0.0,1,0.0,1,39.15,0.0055,0.0,0.0,0,0,1800,4,timeout,,ros_vanilla445.csv,0.3,a,2.4,
1008,0.8,0.01,1,10.0,0.0,242.0,24,0.0,1,0.0,1,39.15,0.0055,0.0,0.0,0,0,437,4,crash,clip,ros_vanilla445.csv,0.3,a,2.4,
1009,0.8,0.01,1,10.0,0.0,242.0,24,0.0,1,0.0,1,39.15,0.0055,0.0,0.0,0,0,1800,4,timeout,,ros_vanilla445.csv,0.3,a,2.4,
1010,0.8,0.01,1,10.0,0.0,242.0,24,0.0,1,0.0,1,39.15,0.0055,0.0,0.0,0,0,465,4,crash,clip,ros_vanilla445.csv,0.3,a,2.4,
1011,0.8,0.01,1,10.0,0.0,242.0,24,0.0,1,0.0,1,39.15,0.0055,0.0,0.0,0,0,1800,4,timeout,,ros_vanilla445.csv,0.3,a,2.4,
1000,1.0,0.01,1,10.0,0.0,136.5,14,30.3,4,0.0,1,100.0,0.0055,0.0,0.0,0,2,899,4,crash,clip,ros_vanilla4tm90.csv,0.3,b,2.4,
1001,1.0,0.01,1,10.0,0.0,136.5,14,30.3,4,0.0,1,100.0,0.0055,0.0,0.0,0,2,803,4,crash,clip,ros_vanilla4tm90.csv,0.3,b,2.4,
1002,1.0,0.01,1,10.0,0.0,136.5,14,30.3,4,0.0,1,100.0,0.0055,0.0,0.0,0,1,495,4,crash,clip,ros_vanilla4tm90.csv,0.3,b,2.4,
1003,1.0,0.01,1,10.0,0.0,136.5,14,30.3,4,0.0,1,100.0,0.0055,0.0,0.0,0,4,1400,4,success,,ros_vanilla4tm90.csv,0.3,b,2.4,
1004,1.0,0.01,1,10.0,0.0,136.5,14,30.3,4,0.0,1,100.0,0.0055,0.0,0.0,0,1,580,4,crash,clip,ros_vanilla4tm90.csv,0.3,b,2.4,
1005,1.0,0.01,1,10.0,0.0,136.5,14,30.3,4,0.0,1,100.0,0.0055,0.0,0.0,0,3,1195,4,crash,clip,ros_vanilla4tm90.csv,0.3,b,2.4,
1006,1.0,0.01,1,10.0,0.0,136.5,14,30.3,4,0.0,1,100.0,0.0055,0.0,0.0,0,3,1212,4,crash,clip,ros_vanilla4tm90.csv,0.3,b,2.4,
1007,1.0,0.01,1,10.0,0.0,136.5,14,30.3,4,0.0,1,100.0,0.0055,0.0,0.0,0,4,1403,4,success,,ros_vanilla4tm90.csv,0.3,b,2.4,
1008,1.0,0.01,1,10.0,0.0,136.5,14,30.3,4,0.0,1,100.0,0.0055,0.0,0.0,0,2,633,4,crash,clip,ros_vanilla4tm90.csv,0.3,b,2.4,
1009,1.0,0.01,1,10.0,0.0,136.5,14,30.3,4,0.0,1,100.0,0.0055,0.0,0.0,0,1,330,4,crash,clip,ros_vanilla4tm90.csv,0.3,b,2.4,
1010,1.0,0.01,1,10.0,0.0,136.5,14,30.3,4,0.0,1,100.0,0.0055,0.0,0.0,0,3,1317,4,crash,clip,ros_vanilla4tm90.csv,0.3,b,2.4,
1011,1.0,0.01,1,10.0,0.0,136.5,14,30.3,4,0.0,1,100.0,0.0055,0.0,0.0,0,4,1470,4,success,,ros_vanilla4tm90.csv,0.3,b,2.4,
1000,1.2,0.01,1,10.0,0.0,748.0,75,0.0,1,0.0,1,75.31,0.0055,0.0,0.0,0,0,198,4,crash,ground,xpu_a_greedy.csv,0.3,a,2.4,
1001,1.2,0.01,1,10.0,0.0,748.0,75,0.0,1,0.0,1,75.31,0.0055,0.0,0.0,0,0,196,4,crash,ground,xpu_a_greedy.csv,0.3,a,2.4,
1002,1.2,0.01,1,10.0,0.0,748.0,75,0.0,1,0.0,1,75.31,0.0055,0.0,0.0,0,0,198,4,crash,ground,xpu_a_greedy.csv,0.3,a,2.4,
1003,1.2,0.01,1,10.0,0.0,748.0,75,0.0,1,0.0,1,75.31,0.0055,0.0,0.0,0,0,197,4,crash,ground,xpu_a_greedy.csv,0.3,a,2.4,
1004,1.2,0.01,1,10.0,0.0,748.0,75,0.0,1,0.0,1,75.31,0.0055,0.0,0.0,0,0,197,4,crash,ground,xpu_a_greedy.csv,0.3,a,2.4,
1005,1.2,0.01,1,10.0,0.0,748.0,75,0.0,1,0.0,1,75.31,0.0055,0.0,0.0,0,0,196,4,crash,ground,xpu_a_greedy.csv,0.3,a,2.4,
1006,1.2,0.01,1,10.0,0.0,748.0,75,0.0,1,0.0,1,75.31,0.0055,0.0,0.0,0,0,196,4,crash,ground,xpu_a_greedy.csv,0.3,a,2.4,
1007,1.2,0.01,1,10.0,0.0,748.0,75,0.0,1,0.0,1,75.31,0.0055,0.0,0.0,0,0,196,4,crash,ground,xpu_a_greedy.csv,0.3,a,2.4,
1008,1.2,0.01,1,10.0,0.0,748.0,75,0.0,1,0.0,1,75.31,0.0055,0.0,0.0,0,0,199,4,crash,ground,xpu_a_greedy.csv,0.3,a,2.4,
1009,1.2,0.01,1,10.0,0.0,748.0,75,0.0,1,0.0,1,75.31,0.0055,0.0,0.0,0,0,197,4,crash,ground,xpu_a_greedy.csv,0.3,a,2.4,
1010,1.2,0.01,1,10.0,0.0,748.0,75,0.0,1,0.0,1,75.31,0.0055,0.0,0.0,0,0,196,4,crash,ground,xpu_a_greedy.csv,0.3,a,2.4,
1011,1.2,0.01,1,10.0,0.0,748.0,75,0.0,1,0.0,1,75.31,0.0055,0.0,0.0,0,0,197,4,crash,ground,xpu_a_greedy.csv,0.3,a,2.4,
1000,1.6,0.01,1,10.0,0.0,748.0,75,0.0,1,0.0,1,75.31,0.0055,0.0,0.0,0,0,194,4,crash,ground,xpu_a_greedy.csv,0.3,a,2.4,
1001,1.6,0.01,1,10.0,0.0,748.0,75,0.0,1,0.0,1,75.31,0.0055,0.0,0.0,0,0,192,4,crash,ground,xpu_a_greedy.csv,0.3,a,2.4,
1002,1.6,0.01,1,10.0,0.0,748.0,75,0.0,1,0.0,1,75.31,0.0055,0.0,0.0,0,0,193,4,crash,ground,xpu_a_greedy.csv,0.3,a,2.4,
1003,1.6,0.01,1,10.0,0.0,748.0,75,0.0,1,0.0,1,75.31,0.0055,0.0,0.0,0,0,192,4,crash,ground,xpu_a_greedy.csv,0.3,a,2.4,
1004,1.6,0.01,1,10.0,0.0,748.0,75,0.0,1,0.0,1,75.31,0.0055,0.0,0.0,0,0,192,4,crash,ground,xpu_a_greedy.csv,0.3,a,2.4,
1005,1.6,0.01,1,10.0,0.0,748.0,75,0.0,1,0.0,1,75.31,0.0055,0.0,0.0,0,0,193,4,crash,ground,xpu_a_greedy.csv,0.3,a,2.4,
1006,1.6,0.01,1,10.0,0.0,748.0,75,0.0,1,0.0,1,75.31,0.0055,0.0,0.0,0,0,193,4,crash,ground,xpu_a_greedy.csv,0.3,a,2.4,
1007,1.6,0.01,1,10.0,0.0,748.0,75,0.0,1,0.0,1,75.31,0.0055,0.0,0.0,0,0,192,4,crash,ground,xpu_a_greedy.csv,0.3,a,2.4,
1008,1.6,0.01,1,10.0,0.0,748.0,75,0.0,1,0.0,1,75.31,0.0055,0.0,0.0,0,0,194,4,crash,ground,xpu_a_greedy.csv,0.3,a,2.4,
1009,1.6,0.01,1,10.0,0.0,748.0,75,0.0,1,0.0,1,75.31,0.0055,0.0,0.0,0,0,193,4,crash,ground,xpu_a_greedy.csv,0.3,a,2.4,
1010,1.6,0.01,1,10.0,0.0,748.0,75,0.0,1,0.0,1,75.31,0.0055,0.0,0.0,0,0,192,4,crash,ground,xpu_a_greedy.csv,0.3,a,2.4,
1011,1.6,0.01,1,10.0,0.0,748.0,75,0.0,1,0.0,1,75.31,0.0055,0.0,0.0,0,0,191,4,crash,ground,xpu_a_greedy.csv,0.3,a,2.4,
1000,1.6,0.01,1,10.0,0.0,136.5,14,30.3,4,0.0,1,100.0,0.0055,0.0,0.0,0,1,389,4,crash,clip,ros_vanilla4tm90.csv,0.3,b,2.4,
1001,1.6,0.01,1,10.0,0.0,136.5,14,30.3,4,0.0,1,100.0,0.0055,0.0,0.0,0,1,171,4,crash,clip,ros_vanilla4tm90.csv,0.3,b,2.4,
1002,1.6,0.01,1,10.0,0.0,136.5,14,30.3,4,0.0,1,100.0,0.0055,0.0,0.0,0,1,186,4,crash,clip,ros_vanilla4tm90.csv,0.3,b,2.4,
1003,1.6,0.01,1,10.0,0.0,136.5,14,30.3,4,0.0,1,100.0,0.0055,0.0,0.0,0,1,406,4,crash,clip,ros_vanilla4tm90.csv,0.3,b,2.4,
1004,1.6,0.01,1,10.0,0.0,136.5,14,30.3,4,0.0,1,100.0,0.0055,0.0,0.0,0,2,590,4,crash,clip,ros_vanilla4tm90.csv,0.3,b,2.4,
1005,1.6,0.01,1,10.0,0.0,136.5,14,30.3,4,0.0,1,100.0,0.0055,0.0,0.0,0,1,320,4,crash,clip,ros_vanilla4tm90.csv,0.3,b,2.4,
1006,1.6,0.01,1,10.0,0.0,136.5,14,30.3,4,0.0,1,100.0,0.0055,0.0,0.0,0,1,294,4,crash,clip,ros_vanilla4tm90.csv,0.3,b,2.4,
1007,1.6,0.01,1,10.0,0.0,136.5,14,30.3,4,0.0,1,100.0,0.0055,0.0,0.0,0,1,304,4,crash,clip,ros_vanilla4tm90.csv,0.3,b,2.4,
1008,1.6,0.01,1,10.0,0.0,136.5,14,30.3,4,0.0,1,100.0,0.0055,0.0,0.0,0,0,291,4,crash,clip,ros_vanilla4tm90.csv,0.3,b,2.4,
1009,1.6,0.01,1,10.0,0.0,136.5,14,30.3,4,0.0,1,100.0,0.0055,0.0,0.0,0,2,552,4,crash,clip,ros_vanilla4tm90.csv,0.3,b,2.4,
1010,1.6,0.01,1,10.0,0.0,136.5,14,30.3,4,0.0,1,100.0,0.0055,0.0,0.0,0,1,250,4,crash,clip,ros_vanilla4tm90.csv,0.3,b,2.4,
1011,1.6,0.01,1,10.0,0.0,136.5,14,30.3,4,0.0,1,100.0,0.0055,0.0,0.0,0,1,320,4,crash,clip,ros_vanilla4tm90.csv,0.3,b,2.4,
1000,0.8,0.01,1,10.0,0.0,748.0,75,0.0,1,0.0,1,75.31,0.0055,0.0,0.0,0,0,204,4,crash,ground,xpu_a_greedy.csv,0.3,a,2.4,
1001,0.8,0.01,1,10.0,0.0,748.0,75,0.0,1,0.0,1,75.31,0.0055,0.0,0.0,0,0,200,4,crash,ground,xpu_a_greedy.csv,0.3,a,2.4,
1002,0.8,0.01,1,10.0,0.0,748.0,75,0.0,1,0.0,1,75.31,0.0055,0.0,0.0,0,0,206,4,crash,ground,xpu_a_greedy.csv,0.3,a,2.4,
1003,0.8,0.01,1,10.0,0.0,748.0,75,0.0,1,0.0,1,75.31,0.0055,0.0,0.0,0,0,202,4,crash,ground,xpu_a_greedy.csv,0.3,a,2.4,
1004,0.8,0.01,1,10.0,0.0,748.0,75,0.0,1,0.0,1,75.31,0.0055,0.0,0.0,0,0,208,4,crash,ground,xpu_a_greedy.csv,0.3,a,2.4,
1005,0.8,0.01,1,10.0,0.0,748.0,75,0.0,1,0.0,1,75.31,0.0055,0.0,0.0,0,0,201,4,crash,ground,xpu_a_greedy.csv,0.3,a,2.4,
1006,0.8,0.01,1,10.0,0.0,748.0,75,0.0,1,0.0,1,75.31,0.0055,0.0,0.0,0,0,199,4,crash,ground,xpu_a_greedy.csv,0.3,a,2.4,
1007,0.8,0.01,1,10.0,0.0,748.0,75,0.0,1,0.0,1,75.31,0.0055,0.0,0.0,0,0,203,4,crash,ground,xpu_a_greedy.csv,0.3,a,2.4,
1008,0.8,0.01,1,10.0,0.0,748.0,75,0.0,1,0.0,1,75.31,0.0055,0.0,0.0,0,0,206,4,crash,ground,xpu_a_greedy.csv,0.3,a,2.4,
1009,0.8,0.01,1,10.0,0.0,748.0,75,0.0,1,0.0,1,75.31,0.0055,0.0,0.0,0,0,202,4,crash,ground,xpu_a_greedy.csv,0.3,a,2.4,
1010,0.8,0.01,1,10.0,0.0,748.0,75,0.0,1,0.0,1,75.31,0.0055,0.0,0.0,0,0,201,4,crash,ground,xpu_a_greedy.csv,0.3,a,2.4,
1011,0.8,0.01,1,10.0,0.0,748.0,75,0.0,1,0.0,1,75.31,0.0055,0.0,0.0,0,0,206,4,crash,ground,xpu_a_greedy.csv,0.3,a,2.4,
1000,1.0,0.01,1,10.0,0.0,748.0,75,0.0,1,0.0,1,75.31,0.0055,0.0,0.0,0,0,200,4,crash,ground,xpu_a_greedy.csv,0.3,a,2.4,
1001,1.0,0.01,1,10.0,0.0,748.0,75,0.0,1,0.0,1,75.31,0.0055,0.0,0.0,0,0,197,4,crash,ground,xpu_a_greedy.csv,0.3,a,2.4,
1002,1.0,0.01,1,10.0,0.0,748.0,75,0.0,1,0.0,1,75.31,0.0055,0.0,0.0,0,0,199,4,crash,ground,xpu_a_greedy.csv,0.3,a,2.4,
1003,1.0,0.01,1,10.0,0.0,748.0,75,0.0,1,0.0,1,75.31,0.0055,0.0,0.0,0,0,198,4,crash,ground,xpu_a_greedy.csv,0.3,a,2.4,
1004,1.0,0.01,1,10.0,0.0,748.0,75,0.0,1,0.0,1,75.31,0.0055,0.0,0.0,0,0,200,4,crash,ground,xpu_a_greedy.csv,0.3,a,2.4,
1005,1.0,0.01,1,10.0,0.0,748.0,75,0.0,1,0.0,1,75.31,0.0055,0.0,0.0,0,0,198,4,crash,ground,xpu_a_greedy.csv,0.3,a,2.4,
1006,1.0,0.01,1,10.0,0.0,748.0,75,0.0,1,0.0,1,75.31,0.0055,0.0,0.0,0,0,197,4,crash,ground,xpu_a_greedy.csv,0.3,a,2.4,
1007,1.0,0.01,1,10.0,0.0,748.0,75,0.0,1,0.0,1,75.31,0.0055,0.0,0.0,0,0,198,4,crash,ground,xpu_a_greedy.csv,0.3,a,2.4,
1008,1.0,0.01,1,10.0,0.0,748.0,75,0.0,1,0.0,1,75.31,0.0055,0.0,0.0,0,0,202,4,crash,ground,xpu_a_greedy.csv,0.3,a,2.4,
1009,1.0,0.01,1,10.0,0.0,748.0,75,0.0,1,0.0,1,75.31,0.0055,0.0,0.0,0,0,199,4,crash,ground,xpu_a_greedy.csv,0.3,a,2.4,
1010,1.0,0.01,1,10.0,0.0,748.0,75,0.0,1,0.0,1,75.31,0.0055,0.0,0.0,0,0,199,4,crash,ground,xpu_a_greedy.csv,0.3,a,2.4,
1011,1.0,0.01,1,10.0,0.0,748.0,75,0.0,1,0.0,1,75.31,0.0055,0.0,0.0,0,0,198,4,crash,ground,xpu_a_greedy.csv,0.3,a,2.4,
1000,1.2,0.01,1,10.0,0.0,136.5,14,30.3,4,0.0,1,100.0,0.0055,0.0,0.0,0,2,780,4,crash,clip,ros_vanilla4tm90.csv,0.3,b,2.4,
1001,1.2,0.01,1,10.0,0.0,136.5,14,30.3,4,0.0,1,100.0,0.0055,0.0,0.0,0,4,1161,4,success,,ros_vanilla4tm90.csv,0.3,b,2.4,
1002,1.2,0.01,1,10.0,0.0,136.5,14,30.3,4,0.0,1,100.0,0.0055,0.0,0.0,0,1,401,4,crash,clip,ros_vanilla4tm90.csv,0.3,b,2.4,
1003,1.2,0.01,1,10.0,0.0,136.5,14,30.3,4,0.0,1,100.0,0.0055,0.0,0.0,0,1,404,4,crash,clip,ros_vanilla4tm90.csv,0.3,b,2.4,
1004,1.2,0.01,1,10.0,0.0,136.5,14,30.3,4,0.0,1,100.0,0.0055,0.0,0.0,0,1,525,4,crash,clip,ros_vanilla4tm90.csv,0.3,b,2.4,
1005,1.2,0.01,1,10.0,0.0,136.5,14,30.3,4,0.0,1,100.0,0.0055,0.0,0.0,0,1,355,4,crash,clip,ros_vanilla4tm90.csv,0.3,b,2.4,
1006,1.2,0.01,1,10.0,0.0,136.5,14,30.3,4,0.0,1,100.0,0.0055,0.0,0.0,0,1,266,4,crash,clip,ros_vanilla4tm90.csv,0.3,b,2.4,
1007,1.2,0.01,1,10.0,0.0,136.5,14,30.3,4,0.0,1,100.0,0.0055,0.0,0.0,0,1,621,4,crash,clip,ros_vanilla4tm90.csv,0.3,b,2.4,
1008,1.2,0.01,1,10.0,0.0,136.5,14,30.3,4,0.0,1,100.0,0.0055,0.0,0.0,0,1,382,4,crash,clip,ros_vanilla4tm90.csv,0.3,b,2.4,
1009,1.2,0.01,1,10.0,0.0,136.5,14,30.3,4,0.0,1,100.0,0.0055,0.0,0.0,0,4,1118,4,success,,ros_vanilla4tm90.csv,0.3,b,2.4,
1010,1.2,0.01,1,10.0,0.0,136.5,14,30.3,4,0.0,1,100.0,0.0055,0.0,0.0,0,2,553,4,crash,clip,ros_vanilla4tm90.csv,0.3,b,2.4,
1011,1.2,0.01,1,10.0,0.0,136.5,14,30.3,4,0.0,1,100.0,0.0055,0.0,0.0,0,2,823,4,crash,clip,ros_vanilla4tm90.csv,0.3,b,2.4,
1000,1.2,0.01,1,10.0,0.0,748.0,75,0.0,1,0.0,1,75.31,0.0055,0.0,0.0,0,0,198,4,crash,ground,xpu_a_greedy.csv,0.3,a,2.4,
1001,1.2,0.01,1,10.0,0.0,748.0,75,0.0,1,0.0,1,75.31,0.0055,0.0,0.0,0,0,196,4,crash,ground,xpu_a_greedy.csv,0.3,a,2.4,
1002,1.2,0.01,1,10.0,0.0,748.0,75,0.0,1,0.0,1,75.31,0.0055,0.0,0.0,0,0,198,4,crash,ground,xpu_a_greedy.csv,0.3,a,2.4,
1003,1.2,0.01,1,10.0,0.0,748.0,75,0.0,1,0.0,1,75.31,0.0055,0.0,0.0,0,0,196,4,crash,ground,xpu_a_greedy.csv,0.3,a,2.4,
1004,1.2,0.01,1,10.0,0.0,748.0,75,0.0,1,0.0,1,75.31,0.0055,0.0,0.0,0,0,197,4,crash,ground,xpu_a_greedy.csv,0.3,a,2.4,
1005,1.2,0.01,1,10.0,0.0,748.0,75,0.0,1,0.0,1,75.31,0.0055,0.0,0.0,0,0,197,4,crash,ground,xpu_a_greedy.csv,0.3,a,2.4,
1006,1.2,0.01,1,10.0,0.0,748.0,75,0.0,1,0.0,1,75.31,0.0055,0.0,0.0,0,0,195,4,crash,ground,xpu_a_greedy.csv,0.3,a,2.4,
1007,1.2,0.01,1,10.0,0.0,748.0,75,0.0,1,0.0,1,75.31,0.0055,0.0,0.0,0,0,196,4,crash,ground,xpu_a_greedy.csv,0.3,a,2.4,
1008,1.2,0.01,1,10.0,0.0,748.0,75,0.0,1,0.0,1,75.31,0.0055,0.0,0.0,0,0,198,4,crash,ground,xpu_a_greedy.csv,0.3,a,2.4,
1009,1.2,0.01,1,10.0,0.0,748.0,75,0.0,1,0.0,1,75.31,0.0055,0.0,0.0,0,0,196,4,crash,ground,xpu_a_greedy.csv,0.3,a,2.4,
1010,1.2,0.01,1,10.0,0.0,748.0,75,0.0,1,0.0,1,75.31,0.0055,0.0,0.0,0,0,196,4,crash,ground,xpu_a_greedy.csv,0.3,a,2.4,
1011,1.2,0.01,1,10.0,0.0,748.0,75,0.0,1,0.0,1,75.31,0.0055,0.0,0.0,0,0,197,4,crash,ground,xpu_a_greedy.csv,0.3,a,2.4,
1000,1.8,0.01,1,10.0,0.0,59.9,6,8.3,1,0.0,1,96.24,0.0055,0.0,0.0,0,2,492,4,crash,clip,xpu_a_cpsat_hard.csv,0.3,b,2.4,
1001,1.8,0.01,1,10.0,0.0,59.9,6,8.3,1,0.0,1,96.24,0.0055,0.0,0.0,0,0,860,4,crash,clip,xpu_a_cpsat_hard.csv,0.3,b,2.4,
1002,1.8,0.01,1,10.0,0.0,59.9,6,8.3,1,0.0,1,96.24,0.0055,0.0,0.0,0,1,180,4,crash,clip,xpu_a_cpsat_hard.csv,0.3,b,2.4,
1003,1.8,0.01,1,10.0,0.0,59.9,6,8.3,1,0.0,1,96.24,0.0055,0.0,0.0,0,3,711,4,crash,clip,xpu_a_cpsat_hard.csv,0.3,b,2.4,
1004,1.8,0.01,1,10.0,0.0,59.9,6,8.3,1,0.0,1,96.24,0.0055,0.0,0.0,0,3,655,4,crash,clip,xpu_a_cpsat_hard.csv,0.3,b,2.4,
1005,1.8,0.01,1,10.0,0.0,59.9,6,8.3,1,0.0,1,96.24,0.0055,0.0,0.0,0,1,637,4,crash,clip,xpu_a_cpsat_hard.csv,0.3,b,2.4,
1006,1.8,0.01,1,10.0,0.0,59.9,6,8.3,1,0.0,1,96.24,0.0055,0.0,0.0,0,3,607,4,crash,clip,xpu_a_cpsat_hard.csv,0.3,b,2.4,
1007,1.8,0.01,1,10.0,0.0,59.9,6,8.3,1,0.0,1,96.24,0.0055,0.0,0.0,0,1,284,4,crash,clip,xpu_a_cpsat_hard.csv,0.3,b,2.4,
1008,1.8,0.01,1,10.0,0.0,59.9,6,8.3,1,0.0,1,96.24,0.0055,0.0,0.0,0,1,275,4,crash,clip,xpu_a_cpsat_hard.csv,0.3,b,2.4,
1009,1.8,0.01,1,10.0,0.0,59.9,6,8.3,1,0.0,1,96.24,0.0055,0.0,0.0,0,2,442,4,crash,clip,xpu_a_cpsat_hard.csv,0.3,b,2.4,
1010,1.8,0.01,1,10.0,0.0,59.9,6,8.3,1,0.0,1,96.24,0.0055,0.0,0.0,0,2,379,4,crash,clip,xpu_a_cpsat_hard.csv,0.3,b,2.4,
1011,1.8,0.01,1,10.0,0.0,59.9,6,8.3,1,0.0,1,96.24,0.0055,0.0,0.0,0,1,301,4,crash,clip,xpu_a_cpsat_hard.csv,0.3,b,2.4,
1000,1.4,0.01,1,10.0,0.0,748.0,75,0.0,1,0.0,1,75.31,0.0055,0.0,0.0,0,0,195,4,crash,ground,xpu_a_greedy.csv,0.3,a,2.4,
1001,1.4,0.01,1,10.0,0.0,748.0,75,0.0,1,0.0,1,75.31,0.0055,0.0,0.0,0,0,193,4,crash,ground,xpu_a_greedy.csv,0.3,a,2.4,
1002,1.4,0.01,1,10.0,0.0,748.0,75,0.0,1,0.0,1,75.31,0.0055,0.0,0.0,0,0,196,4,crash,ground,xpu_a_greedy.csv,0.3,a,2.4,
1003,1.4,0.01,1,10.0,0.0,748.0,75,0.0,1,0.0,1,75.31,0.0055,0.0,0.0,0,0,194,4,crash,ground,xpu_a_greedy.csv,0.3,a,2.4,
1004,1.4,0.01,1,10.0,0.0,748.0,75,0.0,1,0.0,1,75.31,0.0055,0.0,0.0,0,0,195,4,crash,ground,xpu_a_greedy.csv,0.3,a,2.4,
1005,1.4,0.01,1,10.0,0.0,748.0,75,0.0,1,0.0,1,75.31,0.0055,0.0,0.0,0,0,194,4,crash,ground,xpu_a_greedy.csv,0.3,a,2.4,
1006,1.4,0.01,1,10.0,0.0,748.0,75,0.0,1,0.0,1,75.31,0.0055,0.0,0.0,0,0,194,4,crash,ground,xpu_a_greedy.csv,0.3,a,2.4,
1007,1.4,0.01,1,10.0,0.0,748.0,75,0.0,1,0.0,1,75.31,0.0055,0.0,0.0,0,0,194,4,crash,ground,xpu_a_greedy.csv,0.3,a,2.4,
1008,1.4,0.01,1,10.0,0.0,748.0,75,0.0,1,0.0,1,75.31,0.0055,0.0,0.0,0,0,195,4,crash,ground,xpu_a_greedy.csv,0.3,a,2.4,
1009,1.4,0.01,1,10.0,0.0,748.0,75,0.0,1,0.0,1,75.31,0.0055,0.0,0.0,0,0,195,4,crash,ground,xpu_a_greedy.csv,0.3,a,2.4,
1010,1.4,0.01,1,10.0,0.0,748.0,75,0.0,1,0.0,1,75.31,0.0055,0.0,0.0,0,0,194,4,crash,ground,xpu_a_greedy.csv,0.3,a,2.4,
1011,1.4,0.01,1,10.0,0.0,748.0,75,0.0,1,0.0,1,75.31,0.0055,0.0,0.0,0,0,194,4,crash,ground,xpu_a_greedy.csv,0.3,a,2.4,
1000,1.6,0.01,1,10.0,0.0,748.0,75,0.0,1,0.0,1,75.31,0.0055,0.0,0.0,0,0,194,4,crash,ground,xpu_a_greedy.csv,0.3,a,2.4,
1001,1.6,0.01,1,10.0,0.0,748.0,75,0.0,1,0.0,1,75.31,0.0055,0.0,0.0,0,0,192,4,crash,ground,xpu_a_greedy.csv,0.3,a,2.4,
1002,1.6,0.01,1,10.0,0.0,748.0,75,0.0,1,0.0,1,75.31,0.0055,0.0,0.0,0,0,193,4,crash,ground,xpu_a_greedy.csv,0.3,a,2.4,
1003,1.6,0.01,1,10.0,0.0,748.0,75,0.0,1,0.0,1,75.31,0.0055,0.0,0.0,0,0,192,4,crash,ground,xpu_a_greedy.csv,0.3,a,2.4,
1004,1.6,0.01,1,10.0,0.0,748.0,75,0.0,1,0.0,1,75.31,0.0055,0.0,0.0,0,0,192,4,crash,ground,xpu_a_greedy.csv,0.3,a,2.4,
1005,1.6,0.01,1,10.0,0.0,748.0,75,0.0,1,0.0,1,75.31,0.0055,0.0,0.0,0,0,192,4,crash,ground,xpu_a_greedy.csv,0.3,a,2.4,
1006,1.6,0.01,1,10.0,0.0,748.0,75,0.0,1,0.0,1,75.31,0.0055,0.0,0.0,0,0,192,4,crash,ground,xpu_a_greedy.csv,0.3,a,2.4,
1007,1.6,0.01,1,10.0,0.0,748.0,75,0.0,1,0.0,1,75.31,0.0055,0.0,0.0,0,0,192,4,crash,ground,xpu_a_greedy.csv,0.3,a,2.4,
1008,1.6,0.01,1,10.0,0.0,748.0,75,0.0,1,0.0,1,75.31,0.0055,0.0,0.0,0,0,194,4,crash,ground,xpu_a_greedy.csv,0.3,a,2.4,
1009,1.6,0.01,1,10.0,0.0,748.0,75,0.0,1,0.0,1,75.31,0.0055,0.0,0.0,0,0,193,4,crash,ground,xpu_a_greedy.csv,0.3,a,2.4,
1010,1.6,0.01,1,10.0,0.0,748.0,75,0.0,1,0.0,1,75.31,0.0055,0.0,0.0,0,0,192,4,crash,ground,xpu_a_greedy.csv,0.3,a,2.4,
1011,1.6,0.01,1,10.0,0.0,748.0,75,0.0,1,0.0,1,75.31,0.0055,0.0,0.0,0,0,191,4,crash,ground,xpu_a_greedy.csv,0.3,a,2.4,
1000,1.4,0.01,1,10.0,0.0,59.9,6,8.3,1,0.0,1,96.24,0.0055,0.0,0.0,0,2,622,4,crash,clip,xpu_a_cpsat_hard.csv,0.3,b,2.4,
1001,1.4,0.01,1,10.0,0.0,59.9,6,8.3,1,0.0,1,96.24,0.0055,0.0,0.0,0,2,582,4,crash,clip,xpu_a_cpsat_hard.csv,0.3,b,2.4,
1002,1.4,0.01,1,10.0,0.0,59.9,6,8.3,1,0.0,1,96.24,0.0055,0.0,0.0,0,2,591,4,crash,clip,xpu_a_cpsat_hard.csv,0.3,b,2.4,
1003,1.4,0.01,1,10.0,0.0,59.9,6,8.3,1,0.0,1,96.24,0.0055,0.0,0.0,0,4,1017,4,success,,xpu_a_cpsat_hard.csv,0.3,b,2.4,
1004,1.4,0.01,1,10.0,0.0,59.9,6,8.3,1,0.0,1,96.24,0.0055,0.0,0.0,0,2,475,4,crash,clip,xpu_a_cpsat_hard.csv,0.3,b,2.4,
1005,1.4,0.01,1,10.0,0.0,59.9,6,8.3,1,0.0,1,96.24,0.0055,0.0,0.0,0,2,698,4,crash,clip,xpu_a_cpsat_hard.csv,0.3,b,2.4,
1006,1.4,0.01,1,10.0,0.0,59.9,6,8.3,1,0.0,1,96.24,0.0055,0.0,0.0,0,3,924,4,crash,clip,xpu_a_cpsat_hard.csv,0.3,b,2.4,
1007,1.4,0.01,1,10.0,0.0,59.9,6,8.3,1,0.0,1,96.24,0.0055,0.0,0.0,0,1,331,4,crash,clip,xpu_a_cpsat_hard.csv,0.3,b,2.4,
1008,1.4,0.01,1,10.0,0.0,59.9,6,8.3,1,0.0,1,96.24,0.0055,0.0,0.0,0,2,393,4,crash,clip,xpu_a_cpsat_hard.csv,0.3,b,2.4,
1009,1.4,0.01,1,10.0,0.0,59.9,6,8.3,1,0.0,1,96.24,0.0055,0.0,0.0,0,4,956,4,success,,xpu_a_cpsat_hard.csv,0.3,b,2.4,
1010,1.4,0.01,1,10.0,0.0,59.9,6,8.3,1,0.0,1,96.24,0.0055,0.0,0.0,0,1,304,4,crash,clip,xpu_a_cpsat_hard.csv,0.3,b,2.4,
1011,1.4,0.01,1,10.0,0.0,59.9,6,8.3,1,0.0,1,96.24,0.0055,0.0,0.0,0,3,751,4,crash,clip,xpu_a_cpsat_hard.csv,0.3,b,2.4,
1000,1.8,0.01,1,10.0,0.0,748.0,75,0.0,1,0.0,1,75.31,0.0055,0.0,0.0,0,0,192,4,crash,ground,xpu_a_greedy.csv,0.3,a,2.4,
1001,1.8,0.01,1,10.0,0.0,748.0,75,0.0,1,0.0,1,75.31,0.0055,0.0,0.0,0,0,190,4,crash,ground,xpu_a_greedy.csv,0.3,a,2.4,
1002,1.8,0.01,1,10.0,0.0,748.0,75,0.0,1,0.0,1,75.31,0.0055,0.0,0.0,0,0,191,4,crash,ground,xpu_a_greedy.csv,0.3,a,2.4,
1003,1.8,0.01,1,10.0,0.0,748.0,75,0.0,1,0.0,1,75.31,0.0055,0.0,0.0,0,0,190,4,crash,ground,xpu_a_greedy.csv,0.3,a,2.4,
1004,1.8,0.01,1,10.0,0.0,748.0,75,0.0,1,0.0,1,75.31,0.0055,0.0,0.0,0,0,190,4,crash,ground,xpu_a_greedy.csv,0.3,a,2.4,
1005,1.8,0.01,1,10.0,0.0,748.0,75,0.0,1,0.0,1,75.31,0.0055,0.0,0.0,0,0,190,4,crash,ground,xpu_a_greedy.csv,0.3,a,2.4,
1006,1.8,0.01,1,10.0,0.0,748.0,75,0.0,1,0.0,1,75.31,0.0055,0.0,0.0,0,0,190,4,crash,ground,xpu_a_greedy.csv,0.3,a,2.4,
1007,1.8,0.01,1,10.0,0.0,748.0,75,0.0,1,0.0,1,75.31,0.0055,0.0,0.0,0,0,190,4,crash,ground,xpu_a_greedy.csv,0.3,a,2.4,
1008,1.8,0.01,1,10.0,0.0,748.0,75,0.0,1,0.0,1,75.31,0.0055,0.0,0.0,0,0,192,4,crash,ground,xpu_a_greedy.csv,0.3,a,2.4,
1009,1.8,0.01,1,10.0,0.0,748.0,75,0.0,1,0.0,1,75.31,0.0055,0.0,0.0,0,0,192,4,crash,ground,xpu_a_greedy.csv,0.3,a,2.4,
1010,1.8,0.01,1,10.0,0.0,748.0,75,0.0,1,0.0,1,75.31,0.0055,0.0,0.0,0,0,190,4,crash,ground,xpu_a_greedy.csv,0.3,a,2.4,
1011,1.8,0.01,1,10.0,0.0,748.0,75,0.0,1,0.0,1,75.31,0.0055,0.0,0.0,0,0,189,4,crash,ground,xpu_a_greedy.csv,0.3,a,2.4,
1000,1.0,0.01,1,10.0,0.0,748.0,75,0.0,1,0.0,1,75.31,0.0055,0.0,0.0,0,0,200,4,crash,ground,xpu_a_greedy.csv,0.3,a,2.4,
1001,1.0,0.01,1,10.0,0.0,748.0,75,0.0,1,0.0,1,75.31,0.0055,0.0,0.0,0,0,198,4,crash,ground,xpu_a_greedy.csv,0.3,a,2.4,
1002,1.0,0.01,1,10.0,0.0,748.0,75,0.0,1,0.0,1,75.31,0.0055,0.0,0.0,0,0,199,4,crash,ground,xpu_a_greedy.csv,0.3,a,2.4,
1003,1.0,0.01,1,10.0,0.0,748.0,75,0.0,1,0.0,1,75.31,0.0055,0.0,0.0,0,0,199,4,crash,ground,xpu_a_greedy.csv,0.3,a,2.4,
1004,1.0,0.01,1,10.0,0.0,748.0,75,0.0,1,0.0,1,75.31,0.0055,0.0,0.0,0,0,199,4,crash,ground,xpu_a_greedy.csv,0.3,a,2.4,
1005,1.0,0.01,1,10.0,0.0,748.0,75,0.0,1,0.0,1,75.31,0.0055,0.0,0.0,0,0,198,4,crash,ground,xpu_a_greedy.csv,0.3,a,2.4,
1006,1.0,0.01,1,10.0,0.0,748.0,75,0.0,1,0.0,1,75.31,0.0055,0.0,0.0,0,0,198,4,crash,ground,xpu_a_greedy.csv,0.3,a,2.4,
1007,1.0,0.01,1,10.0,0.0,748.0,75,0.0,1,0.0,1,75.31,0.0055,0.0,0.0,0,0,197,4,crash,ground,xpu_a_greedy.csv,0.3,a,2.4,
1008,1.0,0.01,1,10.0,0.0,748.0,75,0.0,1,0.0,1,75.31,0.0055,0.0,0.0,0,0,205,4,crash,ground,xpu_a_greedy.csv,0.3,a,2.4,
1009,1.0,0.01,1,10.0,0.0,748.0,75,0.0,1,0.0,1,75.31,0.0055,0.0,0.0,0,0,199,4,crash,ground,xpu_a_greedy.csv,0.3,a,2.4,
1010,1.0,0.01,1,10.0,0.0,748.0,75,0.0,1,0.0,1,75.31,0.0055,0.0,0.0,0,0,198,4,crash,ground,xpu_a_greedy.csv,0.3,a,2.4,
1011,1.0,0.01,1,10.0,0.0,748.0,75,0.0,1,0.0,1,75.31,0.0055,0.0,0.0,0,0,199,4,crash,ground,xpu_a_greedy.csv,0.3,a,2.4,
1000,1.2,0.01,1,10.0,0.0,748.0,75,0.0,1,0.0,1,75.31,0.0055,0.0,0.0,0,0,198,4,crash,ground,xpu_a_greedy.csv,0.3,a,2.4,
1001,1.2,0.01,1,10.0,0.0,748.0,75,0.0,1,0.0,1,75.31,0.0055,0.0,0.0,0,0,196,4,crash,ground,xpu_a_greedy.csv,0.3,a,2.4,
1002,1.2,0.01,1,10.0,0.0,748.0,75,0.0,1,0.0,1,75.31,0.0055,0.0,0.0,0,0,198,4,crash,ground,xpu_a_greedy.csv,0.3,a,2.4,
1003,1.2,0.01,1,10.0,0.0,748.0,75,0.0,1,0.0,1,75.31,0.0055,0.0,0.0,0,0,197,4,crash,ground,xpu_a_greedy.csv,0.3,a,2.4,
1004,1.2,0.01,1,10.0,0.0,748.0,75,0.0,1,0.0,1,75.31,0.0055,0.0,0.0,0,0,196,4,crash,ground,xpu_a_greedy.csv,0.3,a,2.4,
1005,1.2,0.01,1,10.0,0.0,748.0,75,0.0,1,0.0,1,75.31,0.0055,0.0,0.0,0,0,197,4,crash,ground,xpu_a_greedy.csv,0.3,a,2.4,
1006,1.2,0.01,1,10.0,0.0,748.0,75,0.0,1,0.0,1,75.31,0.0055,0.0,0.0,0,0,195,4,crash,ground,xpu_a_greedy.csv,0.3,a,2.4,
1007,1.2,0.01,1,10.0,0.0,748.0,75,0.0,1,0.0,1,75.31,0.0055,0.0,0.0,0,0,197,4,crash,ground,xpu_a_greedy.csv,0.3,a,2.4,
1008,1.2,0.01,1,10.0,0.0,748.0,75,0.0,1,0.0,1,75.31,0.0055,0.0,0.0,0,0,199,4,crash,ground,xpu_a_greedy.csv,0.3,a,2.4,
1009,1.2,0.01,1,10.0,0.0,748.0,75,0.0,1,0.0,1,75.31,0.0055,0.0,0.0,0,0,197,4,crash,ground,xpu_a_greedy.csv,0.3,a,2.4,
1010,1.2,0.01,1,10.0,0.0,748.0,75,0.0,1,0.0,1,75.31,0.0055,0.0,0.0,0,0,196,4,crash,ground,xpu_a_greedy.csv,0.3,a,2.4,
1011,1.2,0.01,1,10.0,0.0,748.0,75,0.0,1,0.0,1,75.31,0.0055,0.0,0.0,0,0,196,4,crash,ground,xpu_a_greedy.csv,0.3,a,2.4,
1000,1.4,0.01,1,10.0,0.0,748.0,75,0.0,1,0.0,1,75.31,0.0055,0.0,0.0,0,0,195,4,crash,ground,xpu_a_greedy.csv,0.3,a,2.4,
1001,1.4,0.01,1,10.0,0.0,748.0,75,0.0,1,0.0,1,75.31,0.0055,0.0,0.0,0,0,193,4,crash,ground,xpu_a_greedy.csv,0.3,a,2.4,
1002,1.4,0.01,1,10.0,0.0,748.0,75,0.0,1,0.0,1,75.31,0.0055,0.0,0.0,0,0,196,4,crash,ground,xpu_a_greedy.csv,0.3,a,2.4,
1003,1.4,0.01,1,10.0,0.0,748.0,75,0.0,1,0.0,1,75.31,0.0055,0.0,0.0,0,0,194,4,crash,ground,xpu_a_greedy.csv,0.3,a,2.4,
1004,1.4,0.01,1,10.0,0.0,748.0,75,0.0,1,0.0,1,75.31,0.0055,0.0,0.0,0,0,194,4,crash,ground,xpu_a_greedy.csv,0.3,a,2.4,
1005,1.4,0.01,1,10.0,0.0,748.0,75,0.0,1,0.0,1,75.31,0.0055,0.0,0.0,0,0,194,4,crash,ground,xpu_a_greedy.csv,0.3,a,2.4,
1006,1.4,0.01,1,10.0,0.0,748.0,75,0.0,1,0.0,1,75.31,0.0055,0.0,0.0,0,0,194,4,crash,ground,xpu_a_greedy.csv,0.3,a,2.4,
1007,1.4,0.01,1,10.0,0.0,748.0,75,0.0,1,0.0,1,75.31,0.0055,0.0,0.0,0,0,194,4,crash,ground,xpu_a_greedy.csv,0.3,a,2.4,
1008,1.4,0.01,1,10.0,0.0,748.0,75,0.0,1,0.0,1,75.31,0.0055,0.0,0.0,0,0,195,4,crash,ground,xpu_a_greedy.csv,0.3,a,2.4,
1009,1.4,0.01,1,10.0,0.0,748.0,75,0.0,1,0.0,1,75.31,0.0055,0.0,0.0,0,0,195,4,crash,ground,xpu_a_greedy.csv,0.3,a,2.4,
1010,1.4,0.01,1,10.0,0.0,748.0,75,0.0,1,0.0,1,75.31,0.0055,0.0,0.0,0,0,194,4,crash,ground,xpu_a_greedy.csv,0.3,a,2.4,
1011,1.4,0.01,1,10.0,0.0,748.0,75,0.0,1,0.0,1,75.31,0.0055,0.0,0.0,0,0,193,4,crash,ground,xpu_a_greedy.csv,0.3,a,2.4,
1000,1.0,0.01,1,10.0,0.0,59.9,6,8.3,1,0.0,1,96.24,0.0055,0.0,0.0,0,4,1416,4,success,,xpu_a_cpsat_hard.csv,0.3,b,2.4,
1001,1.0,0.01,1,10.0,0.0,59.9,6,8.3,1,0.0,1,96.24,0.0055,0.0,0.0,0,4,1358,4,success,,xpu_a_cpsat_hard.csv,0.3,b,2.4,
1002,1.0,0.01,1,10.0,0.0,59.9,6,8.3,1,0.0,1,96.24,0.0055,0.0,0.0,0,1,296,4,crash,clip,xpu_a_cpsat_hard.csv,0.3,b,2.4,
1003,1.0,0.01,1,10.0,0.0,59.9,6,8.3,1,0.0,1,96.24,0.0055,0.0,0.0,0,3,1063,4,crash,clip,xpu_a_cpsat_hard.csv,0.3,b,2.4,
1004,1.0,0.01,1,10.0,0.0,59.9,6,8.3,1,0.0,1,96.24,0.0055,0.0,0.0,0,1,522,4,crash,clip,xpu_a_cpsat_hard.csv,0.3,b,2.4,
1005,1.0,0.01,1,10.0,0.0,59.9,6,8.3,1,0.0,1,96.24,0.0055,0.0,0.0,0,3,1184,4,crash,clip,xpu_a_cpsat_hard.csv,0.3,b,2.4,
1006,1.0,0.01,1,10.0,0.0,59.9,6,8.3,1,0.0,1,96.24,0.0055,0.0,0.0,0,1,903,4,crash,clip,xpu_a_cpsat_hard.csv,0.3,b,2.4,
1007,1.0,0.01,1,10.0,0.0,59.9,6,8.3,1,0.0,1,96.24,0.0055,0.0,0.0,0,4,1398,4,success,,xpu_a_cpsat_hard.csv,0.3,b,2.4,
1008,1.0,0.01,1,10.0,0.0,59.9,6,8.3,1,0.0,1,96.24,0.0055,0.0,0.0,0,1,487,4,crash,clip,xpu_a_cpsat_hard.csv,0.3,b,2.4,
1009,1.0,0.01,1,10.0,0.0,59.9,6,8.3,1,0.0,1,96.24,0.0055,0.0,0.0,0,3,1227,4,crash,clip,xpu_a_cpsat_hard.csv,0.3,b,2.4,
1010,1.0,0.01,1,10.0,0.0,59.9,6,8.3,1,0.0,1,96.24,0.0055,0.0,0.0,0,2,611,4,crash,clip,xpu_a_cpsat_hard.csv,0.3,b,2.4,
1011,1.0,0.01,1,10.0,0.0,59.9,6,8.3,1,0.0,1,96.24,0.0055,0.0,0.0,0,4,1394,4,success,,xpu_a_cpsat_hard.csv,0.3,b,2.4,
1000,1.6,0.01,1,10.0,0.0,748.0,75,0.0,1,0.0,1,75.31,0.0055,0.0,0.0,0,0,194,4,crash,ground,xpu_a_greedy.csv,0.3,a,2.4,
1001,1.6,0.01,1,10.0,0.0,748.0,75,0.0,1,0.0,1,75.31,0.0055,0.0,0.0,0,0,192,4,crash,ground,xpu_a_greedy.csv,0.3,a,2.4,
1002,1.6,0.01,1,10.0,0.0,748.0,75,0.0,1,0.0,1,75.31,0.0055,0.0,0.0,0,0,193,4,crash,ground,xpu_a_greedy.csv,0.3,a,2.4,
1003,1.6,0.01,1,10.0,0.0,748.0,75,0.0,1,0.0,1,75.31,0.0055,0.0,0.0,0,0,192,4,crash,ground,xpu_a_greedy.csv,0.3,a,2.4,
1004,1.6,0.01,1,10.0,0.0,748.0,75,0.0,1,0.0,1,75.31,0.0055,0.0,0.0,0,0,191,4,crash,ground,xpu_a_greedy.csv,0.3,a,2.4,
1005,1.6,0.01,1,10.0,0.0,748.0,75,0.0,1,0.0,1,75.31,0.0055,0.0,0.0,0,0,193,4,crash,ground,xpu_a_greedy.csv,0.3,a,2.4,
1006,1.6,0.01,1,10.0,0.0,748.0,75,0.0,1,0.0,1,75.31,0.0055,0.0,0.0,0,0,192,4,crash,ground,xpu_a_greedy.csv,0.3,a,2.4,
1007,1.6,0.01,1,10.0,0.0,748.0,75,0.0,1,0.0,1,75.31,0.0055,0.0,0.0,0,0,191,4,crash,ground,xpu_a_greedy.csv,0.3,a,2.4,
1008,1.6,0.01,1,10.0,0.0,748.0,75,0.0,1,0.0,1,75.31,0.0055,0.0,0.0,0,0,194,4,crash,ground,xpu_a_greedy.csv,0.3,a,2.4,
1009,1.6,0.01,1,10.0,0.0,748.0,75,0.0,1,0.0,1,75.31,0.0055,0.0,0.0,0,0,194,4,crash,ground,xpu_a_greedy.csv,0.3,a,2.4,
1010,1.6,0.01,1,10.0,0.0,748.0,75,0.0,1,0.0,1,75.31,0.0055,0.0,0.0,0,0,192,4,crash,ground,xpu_a_greedy.csv,0.3,a,2.4,
1011,1.6,0.01,1,10.0,0.0,748.0,75,0.0,1,0.0,1,75.31,0.0055,0.0,0.0,0,0,191,4,crash,ground,xpu_a_greedy.csv,0.3,a,2.4,
1000,1.8,0.01,1,10.0,0.0,748.0,75,0.0,1,0.0,1,75.31,0.0055,0.0,0.0,0,0,192,4,crash,ground,xpu_a_greedy.csv,0.3,a,2.4,
1001,1.8,0.01,1,10.0,0.0,748.0,75,0.0,1,0.0,1,75.31,0.0055,0.0,0.0,0,0,190,4,crash,ground,xpu_a_greedy.csv,0.3,a,2.4,
1002,1.8,0.01,1,10.0,0.0,748.0,75,0.0,1,0.0,1,75.31,0.0055,0.0,0.0,0,0,191,4,crash,ground,xpu_a_greedy.csv,0.3,a,2.4,
1003,1.8,0.01,1,10.0,0.0,748.0,75,0.0,1,0.0,1,75.31,0.0055,0.0,0.0,0,0,190,4,crash,ground,xpu_a_greedy.csv,0.3,a,2.4,
1004,1.8,0.01,1,10.0,0.0,748.0,75,0.0,1,0.0,1,75.31,0.0055,0.0,0.0,0,0,190,4,crash,ground,xpu_a_greedy.csv,0.3,a,2.4,
1005,1.8,0.01,1,10.0,0.0,748.0,75,0.0,1,0.0,1,75.31,0.0055,0.0,0.0,0,0,190,4,crash,ground,xpu_a_greedy.csv,0.3,a,2.4,
1006,1.8,0.01,1,10.0,0.0,748.0,75,0.0,1,0.0,1,75.31,0.0055,0.0,0.0,0,0,190,4,crash,ground,xpu_a_greedy.csv,0.3,a,2.4,
1007,1.8,0.01,1,10.0,0.0,748.0,75,0.0,1,0.0,1,75.31,0.0055,0.0,0.0,0,0,190,4,crash,ground,xpu_a_greedy.csv,0.3,a,2.4,
1008,1.8,0.01,1,10.0,0.0,748.0,75,0.0,1,0.0,1,75.31,0.0055,0.0,0.0,0,0,193,4,crash,ground,xpu_a_greedy.csv,0.3,a,2.4,
1009,1.8,0.01,1,10.0,0.0,748.0,75,0.0,1,0.0,1,75.31,0.0055,0.0,0.0,0,0,191,4,crash,ground,xpu_a_greedy.csv,0.3,a,2.4,
1010,1.8,0.01,1,10.0,0.0,748.0,75,0.0,1,0.0,1,75.31,0.0055,0.0,0.0,0,0,190,4,crash,ground,xpu_a_greedy.csv,0.3,a,2.4,
1011,1.8,0.01,1,10.0,0.0,748.0,75,0.0,1,0.0,1,75.31,0.0055,0.0,0.0,0,0,189,4,crash,ground,xpu_a_greedy.csv,0.3,a,2.4,
1000,1.6,0.01,1,10.0,0.0,59.9,6,8.3,1,0.0,1,96.24,0.0055,0.0,0.0,0,1,389,4,crash,clip,xpu_a_cpsat_hard.csv,0.3,b,2.4,
1001,1.6,0.01,1,10.0,0.0,59.9,6,8.3,1,0.0,1,96.24,0.0055,0.0,0.0,0,1,171,4,crash,clip,xpu_a_cpsat_hard.csv,0.3,b,2.4,
1002,1.6,0.01,1,10.0,0.0,59.9,6,8.3,1,0.0,1,96.24,0.0055,0.0,0.0,0,1,212,4,crash,clip,xpu_a_cpsat_hard.csv,0.3,b,2.4,
1003,1.6,0.01,1,10.0,0.0,59.9,6,8.3,1,0.0,1,96.24,0.0055,0.0,0.0,0,1,334,4,crash,clip,xpu_a_cpsat_hard.csv,0.3,b,2.4,
1004,1.6,0.01,1,10.0,0.0,59.9,6,8.3,1,0.0,1,96.24,0.0055,0.0,0.0,0,2,584,4,crash,clip,xpu_a_cpsat_hard.csv,0.3,b,2.4,
1005,1.6,0.01,1,10.0,0.0,59.9,6,8.3,1,0.0,1,96.24,0.0055,0.0,0.0,0,1,293,4,crash,clip,xpu_a_cpsat_hard.csv,0.3,b,2.4,
1006,1.6,0.01,1,10.0,0.0,59.9,6,8.3,1,0.0,1,96.24,0.0055,0.0,0.0,0,1,298,4,crash,clip,xpu_a_cpsat_hard.csv,0.3,b,2.4,
1007,1.6,0.01,1,10.0,0.0,59.9,6,8.3,1,0.0,1,96.24,0.0055,0.0,0.0,0,3,778,4,crash,clip,xpu_a_cpsat_hard.csv,0.3,b,2.4,
1008,1.6,0.01,1,10.0,0.0,59.9,6,8.3,1,0.0,1,96.24,0.0055,0.0,0.0,0,1,279,4,crash,clip,xpu_a_cpsat_hard.csv,0.3,b,2.4,
1009,1.6,0.01,1,10.0,0.0,59.9,6,8.3,1,0.0,1,96.24,0.0055,0.0,0.0,0,2,558,4,crash,clip,xpu_a_cpsat_hard.csv,0.3,b,2.4,
1010,1.6,0.01,1,10.0,0.0,59.9,6,8.3,1,0.0,1,96.24,0.0055,0.0,0.0,0,1,421,4,crash,clip,xpu_a_cpsat_hard.csv,0.3,b,2.4,
1011,1.6,0.01,1,10.0,0.0,59.9,6,8.3,1,0.0,1,96.24,0.0055,0.0,0.0,0,1,320,4,crash,clip,xpu_a_cpsat_hard.csv,0.3,b,2.4,
1000,1.2,0.01,1,10.0,0.0,59.9,6,8.3,1,0.0,1,96.24,0.0055,0.0,0.0,0,2,1154,4,crash,clip,xpu_a_cpsat_hard.csv,0.3,b,2.4,
1001,1.2,0.01,1,10.0,0.0,59.9,6,8.3,1,0.0,1,96.24,0.0055,0.0,0.0,0,1,577,4,crash,clip,xpu_a_cpsat_hard.csv,0.3,b,2.4,
1002,1.2,0.01,1,10.0,0.0,59.9,6,8.3,1,0.0,1,96.24,0.0055,0.0,0.0,0,4,1160,4,success,,xpu_a_cpsat_hard.csv,0.3,b,2.4,
1003,1.2,0.01,1,10.0,0.0,59.9,6,8.3,1,0.0,1,96.24,0.0055,0.0,0.0,0,3,1062,4,crash,clip,xpu_a_cpsat_hard.csv,0.3,b,2.4,
1004,1.2,0.01,1,10.0,0.0,59.9,6,8.3,1,0.0,1,96.24,0.0055,0.0,0.0,0,1,523,4,crash,clip,xpu_a_cpsat_hard.csv,0.3,b,2.4,
1005,1.2,0.01,1,10.0,0.0,59.9,6,8.3,1,0.0,1,96.24,0.0055,0.0,0.0,0,3,886,4,crash,clip,xpu_a_cpsat_hard.csv,0.3,b,2.4,
1006,1.2,0.01,1,10.0,0.0,59.9,6,8.3,1,0.0,1,96.24,0.0055,0.0,0.0,0,3,1056,4,crash,clip,xpu_a_cpsat_hard.csv,0.3,b,2.4,
1007,1.2,0.01,1,10.0,0.0,59.9,6,8.3,1,0.0,1,96.24,0.0055,0.0,0.0,0,3,1094,4,crash,clip,xpu_a_cpsat_hard.csv,0.3,b,2.4,
1008,1.2,0.01,1,10.0,0.0,59.9,6,8.3,1,0.0,1,96.24,0.0055,0.0,0.0,0,1,429,4,crash,clip,xpu_a_cpsat_hard.csv,0.3,b,2.4,
1009,1.2,0.01,1,10.0,0.0,59.9,6,8.3,1,0.0,1,96.24,0.0055,0.0,0.0,0,2,660,4,crash,clip,xpu_a_cpsat_hard.csv,0.3,b,2.4,
1010,1.2,0.01,1,10.0,0.0,59.9,6,8.3,1,0.0,1,96.24,0.0055,0.0,0.0,0,3,1082,4,crash,clip,xpu_a_cpsat_hard.csv,0.3,b,2.4,
1011,1.2,0.01,1,10.0,0.0,59.9,6,8.3,1,0.0,1,96.24,0.0055,0.0,0.0,0,2,834,4,crash,clip,xpu_a_cpsat_hard.csv,0.3,b,2.4,
1000,1.8,0.01,1,10.0,0.0,947.5,95,0.0,1,0.0,1,35.78,0.0055,0.0,0.0,0,0,184,4,crash,ground,xpu_a90_greedy.csv,0.3,b,2.4,
1001,1.8,0.01,1,10.0,0.0,947.5,95,0.0,1,0.0,1,35.78,0.0055,0.0,0.0,0,0,182,4,crash,ground,xpu_a90_greedy.csv,0.3,b,2.4,
1002,1.8,0.01,1,10.0,0.0,947.5,95,0.0,1,0.0,1,35.78,0.0055,0.0,0.0,0,0,184,4,crash,ground,xpu_a90_greedy.csv,0.3,b,2.4,
1003,1.8,0.01,1,10.0,0.0,947.5,95,0.0,1,0.0,1,35.78,0.0055,0.0,0.0,0,0,182,4,crash,ground,xpu_a90_greedy.csv,0.3,b,2.4,
1004,1.8,0.01,1,10.0,0.0,947.5,95,0.0,1,0.0,1,35.78,0.0055,0.0,0.0,0,0,181,4,crash,ground,xpu_a90_greedy.csv,0.3,b,2.4,
1005,1.8,0.01,1,10.0,0.0,947.5,95,0.0,1,0.0,1,35.78,0.0055,0.0,0.0,0,0,184,4,crash,ground,xpu_a90_greedy.csv,0.3,b,2.4,
1006,1.8,0.01,1,10.0,0.0,947.5,95,0.0,1,0.0,1,35.78,0.0055,0.0,0.0,0,0,183,4,crash,ground,xpu_a90_greedy.csv,0.3,b,2.4,
1007,1.8,0.01,1,10.0,0.0,947.5,95,0.0,1,0.0,1,35.78,0.0055,0.0,0.0,0,0,182,4,crash,ground,xpu_a90_greedy.csv,0.3,b,2.4,
1008,1.8,0.01,1,10.0,0.0,947.5,95,0.0,1,0.0,1,35.78,0.0055,0.0,0.0,0,0,183,4,crash,ground,xpu_a90_greedy.csv,0.3,b,2.4,
1009,1.8,0.01,1,10.0,0.0,947.5,95,0.0,1,0.0,1,35.78,0.0055,0.0,0.0,0,0,184,4,crash,ground,xpu_a90_greedy.csv,0.3,b,2.4,
1010,1.8,0.01,1,10.0,0.0,947.5,95,0.0,1,0.0,1,35.78,0.0055,0.0,0.0,0,0,183,4,crash,ground,xpu_a90_greedy.csv,0.3,b,2.4,
1011,1.8,0.01,1,10.0,0.0,947.5,95,0.0,1,0.0,1,35.78,0.0055,0.0,0.0,0,0,181,4,crash,ground,xpu_a90_greedy.csv,0.3,b,2.4,
1000,1.4,0.01,1,10.0,0.0,947.5,95,0.0,1,0.0,1,35.78,0.0055,0.0,0.0,0,0,188,4,crash,ground,xpu_a90_greedy.csv,0.3,b,2.4,
1001,1.4,0.01,1,10.0,0.0,947.5,95,0.0,1,0.0,1,35.78,0.0055,0.0,0.0,0,0,186,4,crash,ground,xpu_a90_greedy.csv,0.3,b,2.4,
1002,1.4,0.01,1,10.0,0.0,947.5,95,0.0,1,0.0,1,35.78,0.0055,0.0,0.0,0,0,187,4,crash,ground,xpu_a90_greedy.csv,0.3,b,2.4,
1003,1.4,0.01,1,10.0,0.0,947.5,95,0.0,1,0.0,1,35.78,0.0055,0.0,0.0,0,0,187,4,crash,ground,xpu_a90_greedy.csv,0.3,b,2.4,
1004,1.4,0.01,1,10.0,0.0,947.5,95,0.0,1,0.0,1,35.78,0.0055,0.0,0.0,0,0,186,4,crash,ground,xpu_a90_greedy.csv,0.3,b,2.4,
1005,1.4,0.01,1,10.0,0.0,947.5,95,0.0,1,0.0,1,35.78,0.0055,0.0,0.0,0,0,187,4,crash,ground,xpu_a90_greedy.csv,0.3,b,2.4,
1006,1.4,0.01,1,10.0,0.0,947.5,95,0.0,1,0.0,1,35.78,0.0055,0.0,0.0,0,0,187,4,crash,ground,xpu_a90_greedy.csv,0.3,b,2.4,
1007,1.4,0.01,1,10.0,0.0,947.5,95,0.0,1,0.0,1,35.78,0.0055,0.0,0.0,0,0,186,4,crash,ground,xpu_a90_greedy.csv,0.3,b,2.4,
1008,1.4,0.01,1,10.0,0.0,947.5,95,0.0,1,0.0,1,35.78,0.0055,0.0,0.0,0,0,188,4,crash,ground,xpu_a90_greedy.csv,0.3,b,2.4,
1009,1.4,0.01,1,10.0,0.0,947.5,95,0.0,1,0.0,1,35.78,0.0055,0.0,0.0,0,0,188,4,crash,ground,xpu_a90_greedy.csv,0.3,b,2.4,
1010,1.4,0.01,1,10.0,0.0,947.5,95,0.0,1,0.0,1,35.78,0.0055,0.0,0.0,0,0,187,4,crash,ground,xpu_a90_greedy.csv,0.3,b,2.4,
1011,1.4,0.01,1,10.0,0.0,947.5,95,0.0,1,0.0,1,35.78,0.0055,0.0,0.0,0,0,185,4,crash,ground,xpu_a90_greedy.csv,0.3,b,2.4,
1000,1.0,0.01,1,10.0,0.0,947.5,95,0.0,1,0.0,1,35.78,0.0055,0.0,0.0,0,0,192,4,crash,ground,xpu_a90_greedy.csv,0.3,b,2.4,
1001,1.0,0.01,1,10.0,0.0,947.5,95,0.0,1,0.0,1,35.78,0.0055,0.0,0.0,0,0,189,4,crash,ground,xpu_a90_greedy.csv,0.3,b,2.4,
1002,1.0,0.01,1,10.0,0.0,947.5,95,0.0,1,0.0,1,35.78,0.0055,0.0,0.0,0,0,191,4,crash,ground,xpu_a90_greedy.csv,0.3,b,2.4,
1003,1.0,0.01,1,10.0,0.0,947.5,95,0.0,1,0.0,1,35.78,0.0055,0.0,0.0,0,0,189,4,crash,ground,xpu_a90_greedy.csv,0.3,b,2.4,
1004,1.0,0.01,1,10.0,0.0,947.5,95,0.0,1,0.0,1,35.78,0.0055,0.0,0.0,0,0,189,4,crash,ground,xpu_a90_greedy.csv,0.3,b,2.4,
1005,1.0,0.01,1,10.0,0.0,947.5,95,0.0,1,0.0,1,35.78,0.0055,0.0,0.0,0,0,189,4,crash,ground,xpu_a90_greedy.csv,0.3,b,2.4,
1006,1.0,0.01,1,10.0,0.0,947.5,95,0.0,1,0.0,1,35.78,0.0055,0.0,0.0,0,0,190,4,crash,ground,xpu_a90_greedy.csv,0.3,b,2.4,
1007,1.0,0.01,1,10.0,0.0,947.5,95,0.0,1,0.0,1,35.78,0.0055,0.0,0.0,0,0,189,4,crash,ground,xpu_a90_greedy.csv,0.3,b,2.4,
1008,1.0,0.01,1,10.0,0.0,947.5,95,0.0,1,0.0,1,35.78,0.0055,0.0,0.0,0,0,192,4,crash,ground,xpu_a90_greedy.csv,0.3,b,2.4,
1009,1.0,0.01,1,10.0,0.0,947.5,95,0.0,1,0.0,1,35.78,0.0055,0.0,0.0,0,0,190,4,crash,ground,xpu_a90_greedy.csv,0.3,b,2.4,
1010,1.0,0.01,1,10.0,0.0,947.5,95,0.0,1,0.0,1,35.78,0.0055,0.0,0.0,0,0,190,4,crash,ground,xpu_a90_greedy.csv,0.3,b,2.4,
1011,1.0,0.01,1,10.0,0.0,947.5,95,0.0,1,0.0,1,35.78,0.0055,0.0,0.0,0,0,189,4,crash,ground,xpu_a90_greedy.csv,0.3,b,2.4,
1000,1.6,0.01,1,10.0,0.0,947.5,95,0.0,1,0.0,1,35.78,0.0055,0.0,0.0,0,0,187,4,crash,ground,xpu_a90_greedy.csv,0.3,b,2.4,
1001,1.6,0.01,1,10.0,0.0,947.5,95,0.0,1,0.0,1,35.78,0.0055,0.0,0.0,0,0,185,4,crash,ground,xpu_a90_greedy.csv,0.3,b,2.4,
1002,1.6,0.01,1,10.0,0.0,947.5,95,0.0,1,0.0,1,35.78,0.0055,0.0,0.0,0,0,186,4,crash,ground,xpu_a90_greedy.csv,0.3,b,2.4,
1003,1.6,0.01,1,10.0,0.0,947.5,95,0.0,1,0.0,1,35.78,0.0055,0.0,0.0,0,0,184,4,crash,ground,xpu_a90_greedy.csv,0.3,b,2.4,
1004,1.6,0.01,1,10.0,0.0,947.5,95,0.0,1,0.0,1,35.78,0.0055,0.0,0.0,0,0,183,4,crash,ground,xpu_a90_greedy.csv,0.3,b,2.4,
1005,1.6,0.01,1,10.0,0.0,947.5,95,0.0,1,0.0,1,35.78,0.0055,0.0,0.0,0,0,186,4,crash,ground,xpu_a90_greedy.csv,0.3,b,2.4,
1006,1.6,0.01,1,10.0,0.0,947.5,95,0.0,1,0.0,1,35.78,0.0055,0.0,0.0,0,0,185,4,crash,ground,xpu_a90_greedy.csv,0.3,b,2.4,
1007,1.6,0.01,1,10.0,0.0,947.5,95,0.0,1,0.0,1,35.78,0.0055,0.0,0.0,0,0,185,4,crash,ground,xpu_a90_greedy.csv,0.3,b,2.4,
1008,1.6,0.01,1,10.0,0.0,947.5,95,0.0,1,0.0,1,35.78,0.0055,0.0,0.0,0,0,185,4,crash,ground,xpu_a90_greedy.csv,0.3,b,2.4,
1009,1.6,0.01,1,10.0,0.0,947.5,95,0.0,1,0.0,1,35.78,0.0055,0.0,0.0,0,0,187,4,crash,ground,xpu_a90_greedy.csv,0.3,b,2.4,
1010,1.6,0.01,1,10.0,0.0,947.5,95,0.0,1,0.0,1,35.78,0.0055,0.0,0.0,0,0,185,4,crash,ground,xpu_a90_greedy.csv,0.3,b,2.4,
1011,1.6,0.01,1,10.0,0.0,947.5,95,0.0,1,0.0,1,35.78,0.0055,0.0,0.0,0,0,183,4,crash,ground,xpu_a90_greedy.csv,0.3,b,2.4,
1000,1.2,0.01,1,10.0,0.0,947.5,95,0.0,1,0.0,1,35.78,0.0055,0.0,0.0,0,0,190,4,crash,ground,xpu_a90_greedy.csv,0.3,b,2.4,
1001,1.2,0.01,1,10.0,0.0,947.5,95,0.0,1,0.0,1,35.78,0.0055,0.0,0.0,0,0,188,4,crash,ground,xpu_a90_greedy.csv,0.3,b,2.4,
1002,1.2,0.01,1,10.0,0.0,947.5,95,0.0,1,0.0,1,35.78,0.0055,0.0,0.0,0,0,191,4,crash,ground,xpu_a90_greedy.csv,0.3,b,2.4,
1003,1.2,0.01,1,10.0,0.0,947.5,95,0.0,1,0.0,1,35.78,0.0055,0.0,0.0,0,0,188,4,crash,ground,xpu_a90_greedy.csv,0.3,b,2.4,
1004,1.2,0.01,1,10.0,0.0,947.5,95,0.0,1,0.0,1,35.78,0.0055,0.0,0.0,0,0,187,4,crash,ground,xpu_a90_greedy.csv,0.3,b,2.4,
1005,1.2,0.01,1,10.0,0.0,947.5,95,0.0,1,0.0,1,35.78,0.0055,0.0,0.0,0,0,188,4,crash,ground,xpu_a90_greedy.csv,0.3,b,2.4,
1006,1.2,0.01,1,10.0,0.0,947.5,95,0.0,1,0.0,1,35.78,0.0055,0.0,0.0,0,0,188,4,crash,ground,xpu_a90_greedy.csv,0.3,b,2.4,
1007,1.2,0.01,1,10.0,0.0,947.5,95,0.0,1,0.0,1,35.78,0.0055,0.0,0.0,0,0,187,4,crash,ground,xpu_a90_greedy.csv,0.3,b,2.4,
1008,1.2,0.01,1,10.0,0.0,947.5,95,0.0,1,0.0,1,35.78,0.0055,0.0,0.0,0,0,190,4,crash,ground,xpu_a90_greedy.csv,0.3,b,2.4,
1009,1.2,0.01,1,10.0,0.0,947.5,95,0.0,1,0.0,1,35.78,0.0055,0.0,0.0,0,0,189,4,crash,ground,xpu_a90_greedy.csv,0.3,b,2.4,
1010,1.2,0.01,1,10.0,0.0,947.5,95,0.0,1,0.0,1,35.78,0.0055,0.0,0.0,0,0,188,4,crash,ground,xpu_a90_greedy.csv,0.3,b,2.4,
1011,1.2,0.01,1,10.0,0.0,947.5,95,0.0,1,0.0,1,35.78,0.0055,0.0,0.0,0,0,187,4,crash,ground,xpu_a90_greedy.csv,0.3,b,2.4,
1000,1.8,0.01,1,10.0,0.0,242.0,24,0.0,1,0.0,1,100.0,0.0055,0.0,0.0,0,2,501,4,crash,clip,ros_vanilla4tm45.csv,0.4,b,2.4,
1001,1.8,0.01,1,10.0,0.0,242.0,24,0.0,1,0.0,1,100.0,0.0055,0.0,0.0,0,0,157,4,crash,clip,ros_vanilla4tm45.csv,0.4,b,2.4,
1002,1.8,0.01,1,10.0,0.0,242.0,24,0.0,1,0.0,1,100.0,0.0055,0.0,0.0,0,1,170,4,crash,clip,ros_vanilla4tm45.csv,0.4,b,2.4,
1003,1.8,0.01,1,10.0,0.0,242.0,24,0.0,1,0.0,1,100.0,0.0055,0.0,0.0,0,4,836,4,success,,ros_vanilla4tm45.csv,0.4,b,2.4,
1004,1.8,0.01,1,10.0,0.0,242.0,24,0.0,1,0.0,1,100.0,0.0055,0.0,0.0,0,3,656,4,crash,clip,ros_vanilla4tm45.csv,0.4,b,2.4,
1005,1.8,0.01,1,10.0,0.0,242.0,24,0.0,1,0.0,1,100.0,0.0055,0.0,0.0,0,3,610,4,crash,clip,ros_vanilla4tm45.csv,0.4,b,2.4,
1006,1.8,0.01,1,10.0,0.0,242.0,24,0.0,1,0.0,1,100.0,0.0055,0.0,0.0,0,0,460,4,crash,clip,ros_vanilla4tm45.csv,0.4,b,2.4,
1007,1.8,0.01,1,10.0,0.0,242.0,24,0.0,1,0.0,1,100.0,0.0055,0.0,0.0,0,1,251,4,crash,clip,ros_vanilla4tm45.csv,0.4,b,2.4,
1008,1.8,0.01,1,10.0,0.0,242.0,24,0.0,1,0.0,1,100.0,0.0055,0.0,0.0,0,0,185,4,crash,clip,ros_vanilla4tm45.csv,0.4,b,2.4,
1009,1.8,0.01,1,10.0,0.0,242.0,24,0.0,1,0.0,1,100.0,0.0055,0.0,0.0,0,1,218,4,crash,clip,ros_vanilla4tm45.csv,0.4,b,2.4,
1010,1.8,0.01,1,10.0,0.0,242.0,24,0.0,1,0.0,1,100.0,0.0055,0.0,0.0,0,4,773,4,success,,ros_vanilla4tm45.csv,0.4,b,2.4,
1011,1.8,0.01,1,10.0,0.0,242.0,24,0.0,1,0.0,1,100.0,0.0055,0.0,0.0,0,3,612,4,crash,clip,ros_vanilla4tm45.csv,0.4,b,2.4,
1000,1.4,0.01,1,10.0,0.0,242.0,24,0.0,1,0.0,1,100.0,0.0055,0.0,0.0,0,2,1029,4,crash,clip,ros_vanilla4tm45.csv,0.4,b,2.4,
1001,1.4,0.01,1,10.0,0.0,242.0,24,0.0,1,0.0,1,100.0,0.0055,0.0,0.0,0,1,191,4,crash,clip,ros_vanilla4tm45.csv,0.4,b,2.4,
1002,1.4,0.01,1,10.0,0.0,242.0,24,0.0,1,0.0,1,100.0,0.0055,0.0,0.0,0,1,208,4,crash,clip,ros_vanilla4tm45.csv,0.4,b,2.4,
1003,1.4,0.01,1,10.0,0.0,242.0,24,0.0,1,0.0,1,100.0,0.0055,0.0,0.0,0,2,630,4,crash,clip,ros_vanilla4tm45.csv,0.4,b,2.4,
1004,1.4,0.01,1,10.0,0.0,242.0,24,0.0,1,0.0,1,100.0,0.0055,0.0,0.0,0,2,678,4,crash,clip,ros_vanilla4tm45.csv,0.4,b,2.4,
1005,1.4,0.01,1,10.0,0.0,242.0,24,0.0,1,0.0,1,100.0,0.0055,0.0,0.0,0,2,701,4,crash,clip,ros_vanilla4tm45.csv,0.4,b,2.4,
1006,1.4,0.01,1,10.0,0.0,242.0,24,0.0,1,0.0,1,100.0,0.0055,0.0,0.0,0,3,926,4,crash,clip,ros_vanilla4tm45.csv,0.4,b,2.4,
1007,1.4,0.01,1,10.0,0.0,242.0,24,0.0,1,0.0,1,100.0,0.0055,0.0,0.0,0,3,1049,4,crash,clip,ros_vanilla4tm45.csv,0.4,b,2.4,
1008,1.4,0.01,1,10.0,0.0,242.0,24,0.0,1,0.0,1,100.0,0.0055,0.0,0.0,0,2,393,4,crash,clip,ros_vanilla4tm45.csv,0.4,b,2.4,
1009,1.4,0.01,1,10.0,0.0,242.0,24,0.0,1,0.0,1,100.0,0.0055,0.0,0.0,0,3,1066,4,crash,clip,ros_vanilla4tm45.csv,0.4,b,2.4,
1010,1.4,0.01,1,10.0,0.0,242.0,24,0.0,1,0.0,1,100.0,0.0055,0.0,0.0,0,1,339,4,crash,clip,ros_vanilla4tm45.csv,0.4,b,2.4,
1011,1.4,0.01,1,10.0,0.0,242.0,24,0.0,1,0.0,1,100.0,0.0055,0.0,0.0,0,1,314,4,crash,clip,ros_vanilla4tm45.csv,0.4,b,2.4,
1000,1.0,0.01,1,10.0,0.0,242.0,24,0.0,1,0.0,1,100.0,0.0055,0.0,0.0,0,2,985,4,crash,clip,ros_vanilla4tm45.csv,0.4,b,2.4,
1001,1.0,0.01,1,10.0,0.0,242.0,24,0.0,1,0.0,1,100.0,0.0055,0.0,0.0,0,1,400,4,crash,clip,ros_vanilla4tm45.csv,0.4,b,2.4,
1002,1.0,0.01,1,10.0,0.0,242.0,24,0.0,1,0.0,1,100.0,0.0055,0.0,0.0,0,1,565,4,crash,clip,ros_vanilla4tm45.csv,0.4,b,2.4,
1003,1.0,0.01,1,10.0,0.0,242.0,24,0.0,1,0.0,1,100.0,0.0055,0.0,0.0,0,1,519,4,crash,clip,ros_vanilla4tm45.csv,0.4,b,2.4,
1004,1.0,0.01,1,10.0,0.0,242.0,24,0.0,1,0.0,1,100.0,0.0055,0.0,0.0,0,1,501,4,crash,clip,ros_vanilla4tm45.csv,0.4,b,2.4,
1005,1.0,0.01,1,10.0,0.0,242.0,24,0.0,1,0.0,1,100.0,0.0055,0.0,0.0,0,1,633,4,crash,clip,ros_vanilla4tm45.csv,0.4,b,2.4,
1006,1.0,0.01,1,10.0,0.0,242.0,24,0.0,1,0.0,1,100.0,0.0055,0.0,0.0,0,1,531,4,crash,clip,ros_vanilla4tm45.csv,0.4,b,2.4,
1007,1.0,0.01,1,10.0,0.0,242.0,24,0.0,1,0.0,1,100.0,0.0055,0.0,0.0,0,1,759,4,crash,clip,ros_vanilla4tm45.csv,0.4,b,2.4,
1008,1.0,0.01,1,10.0,0.0,242.0,24,0.0,1,0.0,1,100.0,0.0055,0.0,0.0,0,2,632,4,crash,clip,ros_vanilla4tm45.csv,0.4,b,2.4,
1009,1.0,0.01,1,10.0,0.0,242.0,24,0.0,1,0.0,1,100.0,0.0055,0.0,0.0,0,3,1515,4,crash,clip,ros_vanilla4tm45.csv,0.4,b,2.4,
1010,1.0,0.01,1,10.0,0.0,242.0,24,0.0,1,0.0,1,100.0,0.0055,0.0,0.0,0,1,889,4,crash,clip,ros_vanilla4tm45.csv,0.4,b,2.4,
1011,1.0,0.01,1,10.0,0.0,242.0,24,0.0,1,0.0,1,100.0,0.0055,0.0,0.0,0,1,272,4,crash,clip,ros_vanilla4tm45.csv,0.4,b,2.4,
1000,1.6,0.01,1,10.0,0.0,242.0,24,0.0,1,0.0,1,100.0,0.0055,0.0,0.0,0,1,389,4,crash,clip,ros_vanilla4tm45.csv,0.4,b,2.4,
1001,1.6,0.01,1,10.0,0.0,242.0,24,0.0,1,0.0,1,100.0,0.0055,0.0,0.0,0,1,172,4,crash,clip,ros_vanilla4tm45.csv,0.4,b,2.4,
1002,1.6,0.01,1,10.0,0.0,242.0,24,0.0,1,0.0,1,100.0,0.0055,0.0,0.0,0,0,296,4,crash,clip,ros_vanilla4tm45.csv,0.4,b,2.4,
1003,1.6,0.01,1,10.0,0.0,242.0,24,0.0,1,0.0,1,100.0,0.0055,0.0,0.0,0,3,790,4,crash,clip,ros_vanilla4tm45.csv,0.4,b,2.4,
1004,1.6,0.01,1,10.0,0.0,242.0,24,0.0,1,0.0,1,100.0,0.0055,0.0,0.0,0,1,327,4,crash,clip,ros_vanilla4tm45.csv,0.4,b,2.4,
1005,1.6,0.01,1,10.0,0.0,242.0,24,0.0,1,0.0,1,100.0,0.0055,0.0,0.0,0,4,875,4,success,,ros_vanilla4tm45.csv,0.4,b,2.4,
1006,1.6,0.01,1,10.0,0.0,242.0,24,0.0,1,0.0,1,100.0,0.0055,0.0,0.0,0,1,594,4,crash,clip,ros_vanilla4tm45.csv,0.4,b,2.4,
1007,1.6,0.01,1,10.0,0.0,242.0,24,0.0,1,0.0,1,100.0,0.0055,0.0,0.0,0,2,537,4,crash,clip,ros_vanilla4tm45.csv,0.4,b,2.4,
1008,1.6,0.01,1,10.0,0.0,242.0,24,0.0,1,0.0,1,100.0,0.0055,0.0,0.0,0,0,432,4,crash,clip,ros_vanilla4tm45.csv,0.4,b,2.4,
1009,1.6,0.01,1,10.0,0.0,242.0,24,0.0,1,0.0,1,100.0,0.0055,0.0,0.0,0,1,312,4,crash,clip,ros_vanilla4tm45.csv,0.4,b,2.4,
1010,1.6,0.01,1,10.0,0.0,242.0,24,0.0,1,0.0,1,100.0,0.0055,0.0,0.0,0,1,315,4,crash,clip,ros_vanilla4tm45.csv,0.4,b,2.4,
1011,1.6,0.01,1,10.0,0.0,242.0,24,0.0,1,0.0,1,100.0,0.0055,0.0,0.0,0,3,689,4,crash,clip,ros_vanilla4tm45.csv,0.4,b,2.4,
1000,1.2,0.01,1,10.0,0.0,242.0,24,0.0,1,0.0,1,100.0,0.0055,0.0,0.0,0,1,629,4,crash,clip,ros_vanilla4tm45.csv,0.4,b,2.4,
1001,1.2,0.01,1,10.0,0.0,242.0,24,0.0,1,0.0,1,100.0,0.0055,0.0,0.0,0,2,553,4,crash,clip,ros_vanilla4tm45.csv,0.4,b,2.4,
1002,1.2,0.01,1,10.0,0.0,242.0,24,0.0,1,0.0,1,100.0,0.0055,0.0,0.0,0,2,747,4,crash,clip,ros_vanilla4tm45.csv,0.4,b,2.4,
1003,1.2,0.01,1,10.0,0.0,242.0,24,0.0,1,0.0,1,100.0,0.0055,0.0,0.0,0,2,1141,4,crash,clip,ros_vanilla4tm45.csv,0.4,b,2.4,
1004,1.2,0.01,1,10.0,0.0,242.0,24,0.0,1,0.0,1,100.0,0.0055,0.0,0.0,0,2,1068,4,crash,clip,ros_vanilla4tm45.csv,0.4,b,2.4,
1005,1.2,0.01,1,10.0,0.0,242.0,24,0.0,1,0.0,1,100.0,0.0055,0.0,0.0,0,1,394,4,crash,clip,ros_vanilla4tm45.csv,0.4,b,2.4,
1006,1.2,0.01,1,10.0,0.0,242.0,24,0.0,1,0.0,1,100.0,0.0055,0.0,0.0,0,3,1059,4,crash,clip,ros_vanilla4tm45.csv,0.4,b,2.4,
1007,1.2,0.01,1,10.0,0.0,242.0,24,0.0,1,0.0,1,100.0,0.0055,0.0,0.0,0,1,437,4,crash,clip,ros_vanilla4tm45.csv,0.4,b,2.4,
1008,1.2,0.01,1,10.0,0.0,242.0,24,0.0,1,0.0,1,100.0,0.0055,0.0,0.0,0,1,199,4,crash,clip,ros_vanilla4tm45.csv,0.4,b,2.4,
1009,1.2,0.01,1,10.0,0.0,242.0,24,0.0,1,0.0,1,100.0,0.0055,0.0,0.0,0,3,1136,4,crash,clip,ros_vanilla4tm45.csv,0.4,b,2.4,
1010,1.2,0.01,1,10.0,0.0,242.0,24,0.0,1,0.0,1,100.0,0.0055,0.0,0.0,0,1,457,4,crash,clip,ros_vanilla4tm45.csv,0.4,b,2.4,
1011,1.2,0.01,1,10.0,0.0,242.0,24,0.0,1,0.0,1,100.0,0.0055,0.0,0.0,0,1,355,4,crash,clip,ros_vanilla4tm45.csv,0.4,b,2.4,
1000,1.8,0.01,1,10.0,0.0,55.8,6,0.0,1,0.0,1,100.0,0.0055,0.0,0.0,0,2,493,4,crash,clip,ros_p345.csv,0.4,b,2.4,
1001,1.8,0.01,1,10.0,0.0,55.8,6,0.0,1,0.0,1,100.0,0.0055,0.0,0.0,0,0,251,4,crash,clip,ros_p345.csv,0.4,b,2.4,
1002,1.8,0.01,1,10.0,0.0,55.8,6,0.0,1,0.0,1,100.0,0.0055,0.0,0.0,0,0,247,4,crash,clip,ros_p345.csv,0.4,b,2.4,
1003,1.8,0.01,1,10.0,0.0,55.8,6,0.0,1,0.0,1,100.0,0.0055,0.0,0.0,0,2,524,4,crash,clip,ros_p345.csv,0.4,b,2.4,
1004,1.8,0.01,1,10.0,0.0,55.8,6,0.0,1,0.0,1,100.0,0.0055,0.0,0.0,0,4,824,4,success,,ros_p345.csv,0.4,b,2.4,
1005,1.8,0.01,1,10.0,0.0,55.8,6,0.0,1,0.0,1,100.0,0.0055,0.0,0.0,0,2,473,4,crash,clip,ros_p345.csv,0.4,b,2.4,
1006,1.8,0.01,1,10.0,0.0,55.8,6,0.0,1,0.0,1,100.0,0.0055,0.0,0.0,0,3,762,4,crash,clip,ros_p345.csv,0.4,b,2.4,
1007,1.8,0.01,1,10.0,0.0,55.8,6,0.0,1,0.0,1,100.0,0.0055,0.0,0.0,0,4,791,4,success,,ros_p345.csv,0.4,b,2.4,
1008,1.8,0.01,1,10.0,0.0,55.8,6,0.0,1,0.0,1,100.0,0.0055,0.0,0.0,0,4,771,4,success,,ros_p345.csv,0.4,b,2.4,
1009,1.8,0.01,1,10.0,0.0,55.8,6,0.0,1,0.0,1,100.0,0.0055,0.0,0.0,0,3,579,4,crash,clip,ros_p345.csv,0.4,b,2.4,
1010,1.8,0.01,1,10.0,0.0,55.8,6,0.0,1,0.0,1,100.0,0.0055,0.0,0.0,0,1,1063,4,crash,clip,ros_p345.csv,0.4,b,2.4,
1011,1.8,0.01,1,10.0,0.0,55.8,6,0.0,1,0.0,1,100.0,0.0055,0.0,0.0,0,1,304,4,crash,clip,ros_p345.csv,0.4,b,2.4,
1000,1.4,0.01,1,10.0,0.0,55.8,6,0.0,1,0.0,1,100.0,0.0055,0.0,0.0,0,2,1045,4,crash,clip,ros_p345.csv,0.4,b,2.4,
1001,1.4,0.01,1,10.0,0.0,55.8,6,0.0,1,0.0,1,100.0,0.0055,0.0,0.0,0,3,919,4,crash,clip,ros_p345.csv,0.4,b,2.4,
1002,1.4,0.01,1,10.0,0.0,55.8,6,0.0,1,0.0,1,100.0,0.0055,0.0,0.0,0,2,591,4,crash,clip,ros_p345.csv,0.4,b,2.4,
1003,1.4,0.01,1,10.0,0.0,55.8,6,0.0,1,0.0,1,100.0,0.0055,0.0,0.0,0,4,1018,4,success,,ros_p345.csv,0.4,b,2.4,
1004,1.4,0.01,1,10.0,0.0,55.8,6,0.0,1,0.0,1,100.0,0.0055,0.0,0.0,0,1,374,4,crash,clip,ros_p345.csv,0.4,b,2.4,
1005,1.4,0.01,1,10.0,0.0,55.8,6,0.0,1,0.0,1,100.0,0.0055,0.0,0.0,0,2,696,4,crash,clip,ros_p345.csv,0.4,b,2.4,
1006,1.4,0.01,1,10.0,0.0,55.8,6,0.0,1,0.0,1,100.0,0.0055,0.0,0.0,0,2,516,4,crash,clip,ros_p345.csv,0.4,b,2.4,
1007,1.4,0.01,1,10.0,0.0,55.8,6,0.0,1,0.0,1,100.0,0.0055,0.0,0.0,0,4,998,4,success,,ros_p345.csv,0.4,b,2.4,
1008,1.4,0.01,1,10.0,0.0,55.8,6,0.0,1,0.0,1,100.0,0.0055,0.0,0.0,0,2,390,4,crash,clip,ros_p345.csv,0.4,b,2.4,
1009,1.4,0.01,1,10.0,0.0,55.8,6,0.0,1,0.0,1,100.0,0.0055,0.0,0.0,0,3,754,4,crash,clip,ros_p345.csv,0.4,b,2.4,
1010,1.4,0.01,1,10.0,0.0,55.8,6,0.0,1,0.0,1,100.0,0.0055,0.0,0.0,0,1,337,4,crash,clip,ros_p345.csv,0.4,b,2.4,
1011,1.4,0.01,1,10.0,0.0,55.8,6,0.0,1,0.0,1,100.0,0.0055,0.0,0.0,0,2,627,4,crash,clip,ros_p345.csv,0.4,b,2.4,
1000,1.0,0.01,1,10.0,0.0,55.8,6,0.0,1,0.0,1,100.0,0.0055,0.0,0.0,0,2,924,4,crash,clip,ros_p345.csv,0.4,b,2.4,
1001,1.0,0.01,1,10.0,0.0,55.8,6,0.0,1,0.0,1,100.0,0.0055,0.0,0.0,0,3,1528,4,crash,clip,ros_p345.csv,0.4,b,2.4,
1002,1.0,0.01,1,10.0,0.0,55.8,6,0.0,1,0.0,1,100.0,0.0055,0.0,0.0,0,1,521,4,crash,clip,ros_p345.csv,0.4,b,2.4,
1003,1.0,0.01,1,10.0,0.0,55.8,6,0.0,1,0.0,1,100.0,0.0055,0.0,0.0,0,3,1271,4,crash,clip,ros_p345.csv,0.4,b,2.4,
1004,1.0,0.01,1,10.0,0.0,55.8,6,0.0,1,0.0,1,100.0,0.0055,0.0,0.0,0,1,586,4,crash,clip,ros_p345.csv,0.4,b,2.4,
1005,1.0,0.01,1,10.0,0.0,55.8,6,0.0,1,0.0,1,100.0,0.0055,0.0,0.0,0,3,1192,4,crash,clip,ros_p345.csv,0.4,b,2.4,
1006,1.0,0.01,1,10.0,0.0,55.8,6,0.0,1,0.0,1,100.0,0.0055,0.0,0.0,0,4,1424,4,success,,ros_p345.csv,0.4,b,2.4,
1007,1.0,0.01,1,10.0,0.0,55.8,6,0.0,1,0.0,1,100.0,0.0055,0.0,0.0,0,4,1389,4,success,,ros_p345.csv,0.4,b,2.4,
1008,1.0,0.01,1,10.0,0.0,55.8,6,0.0,1,0.0,1,100.0,0.0055,0.0,0.0,0,2,626,4,crash,clip,ros_p345.csv,0.4,b,2.4,
1009,1.0,0.01,1,10.0,0.0,55.8,6,0.0,1,0.0,1,100.0,0.0055,0.0,0.0,0,4,1335,4,success,,ros_p345.csv,0.4,b,2.4,
1010,1.0,0.01,1,10.0,0.0,55.8,6,0.0,1,0.0,1,100.0,0.0055,0.0,0.0,0,2,1800,4,timeout,,ros_p345.csv,0.4,b,2.4,
1011,1.0,0.01,1,10.0,0.0,55.8,6,0.0,1,0.0,1,100.0,0.0055,0.0,0.0,0,1,453,4,crash,clip,ros_p345.csv,0.4,b,2.4,
1000,1.6,0.01,1,10.0,0.0,55.8,6,0.0,1,0.0,1,100.0,0.0055,0.0,0.0,0,3,760,4,crash,clip,ros_p345.csv,0.4,b,2.4,
1001,1.6,0.01,1,10.0,0.0,55.8,6,0.0,1,0.0,1,100.0,0.0055,0.0,0.0,0,1,947,4,crash,clip,ros_p345.csv,0.4,b,2.4,
1002,1.6,0.01,1,10.0,0.0,55.8,6,0.0,1,0.0,1,100.0,0.0055,0.0,0.0,0,0,188,4,crash,clip,ros_p345.csv,0.4,b,2.4,
1003,1.6,0.01,1,10.0,0.0,55.8,6,0.0,1,0.0,1,100.0,0.0055,0.0,0.0,0,3,828,4,crash,clip,ros_p345.csv,0.4,b,2.4,
1004,1.6,0.01,1,10.0,0.0,55.8,6,0.0,1,0.0,1,100.0,0.0055,0.0,0.0,0,1,338,4,crash,clip,ros_p345.csv,0.4,b,2.4,
1005,1.6,0.01,1,10.0,0.0,55.8,6,0.0,1,0.0,1,100.0,0.0055,0.0,0.0,0,2,540,4,crash,clip,ros_p345.csv,0.4,b,2.4,
1006,1.6,0.01,1,10.0,0.0,55.8,6,0.0,1,0.0,1,100.0,0.0055,0.0,0.0,0,2,649,4,crash,clip,ros_p345.csv,0.4,b,2.4,
1007,1.6,0.01,1,10.0,0.0,55.8,6,0.0,1,0.0,1,100.0,0.0055,0.0,0.0,0,2,558,4,crash,clip,ros_p345.csv,0.4,b,2.4,
1008,1.6,0.01,1,10.0,0.0,55.8,6,0.0,1,0.0,1,100.0,0.0055,0.0,0.0,0,1,257,4,crash,clip,ros_p345.csv,0.4,b,2.4,
1009,1.6,0.01,1,10.0,0.0,55.8,6,0.0,1,0.0,1,100.0,0.0055,0.0,0.0,0,1,327,4,crash,clip,ros_p345.csv,0.4,b,2.4,
1010,1.6,0.01,1,10.0,0.0,55.8,6,0.0,1,0.0,1,100.0,0.0055,0.0,0.0,0,1,1580,4,crash,clip,ros_p345.csv,0.4,b,2.4,
1011,1.6,0.01,1,10.0,0.0,55.8,6,0.0,1,0.0,1,100.0,0.0055,0.0,0.0,0,1,320,4,crash,clip,ros_p345.csv,0.4,b,2.4,
1000,1.2,0.01,1,10.0,0.0,55.8,6,0.0,1,0.0,1,100.0,0.0055,0.0,0.0,0,1,1800,4,timeout,,ros_p345.csv,0.4,b,2.4,
1001,1.2,0.01,1,10.0,0.0,55.8,6,0.0,1,0.0,1,100.0,0.0055,0.0,0.0,0,1,554,4,crash,clip,ros_p345.csv,0.4,b,2.4,
1002,1.2,0.01,1,10.0,0.0,55.8,6,0.0,1,0.0,1,100.0,0.0055,0.0,0.0,0,2,648,4,crash,clip,ros_p345.csv,0.4,b,2.4,
1003,1.2,0.01,1,10.0,0.0,55.8,6,0.0,1,0.0,1,100.0,0.0055,0.0,0.0,0,1,387,4,crash,clip,ros_p345.csv,0.4,b,2.4,
1004,1.2,0.01,1,10.0,0.0,55.8,6,0.0,1,0.0,1,100.0,0.0055,0.0,0.0,0,1,479,4,crash,clip,ros_p345.csv,0.4,b,2.4,
1005,1.2,0.01,1,10.0,0.0,55.8,6,0.0,1,0.0,1,100.0,0.0055,0.0,0.0,0,2,1481,4,crash,clip,ros_p345.csv,0.4,b,2.4,
1006,1.2,0.01,1,10.0,0.0,55.8,6,0.0,1,0.0,1,100.0,0.0055,0.0,0.0,0,2,674,4,crash,clip,ros_p345.csv,0.4,b,2.4,
1007,1.2,0.01,1,10.0,0.0,55.8,6,0.0,1,0.0,1,100.0,0.0055,0.0,0.0,0,3,920,4,crash,clip,ros_p345.csv,0.4,b,2.4,
1008,1.2,0.01,1,10.0,0.0,55.8,6,0.0,1,0.0,1,100.0,0.0055,0.0,0.0,0,1,429,4,crash,clip,ros_p345.csv,0.4,b,2.4,
1009,1.2,0.01,1,10.0,0.0,55.8,6,0.0,1,0.0,1,100.0,0.0055,0.0,0.0,0,4,1175,4,success,,ros_p345.csv,0.4,b,2.4,
1010,1.2,0.01,1,10.0,0.0,55.8,6,0.0,1,0.0,1,100.0,0.0055,0.0,0.0,0,1,569,4,crash,clip,ros_p345.csv,0.4,b,2.4,
1011,1.2,0.01,1,10.0,0.0,55.8,6,0.0,1,0.0,1,100.0,0.0055,0.0,0.0,0,1,378,4,crash,clip,ros_p345.csv,0.4,b,2.4,
1000,1.8,0.01,1,10.0,0.0,31.1,3,0.0,1,0.0,1,100.0,0.0055,0.0,0.0,0,2,492,4,crash,clip,ros_p3_q145.csv,0.4,b,2.4,
1001,1.8,0.01,1,10.0,0.0,31.1,3,0.0,1,0.0,1,100.0,0.0055,0.0,0.0,0,0,675,4,crash,clip,ros_p3_q145.csv,0.4,b,2.4,
1002,1.8,0.01,1,10.0,0.0,31.1,3,0.0,1,0.0,1,100.0,0.0055,0.0,0.0,0,1,179,4,crash,clip,ros_p3_q145.csv,0.4,b,2.4,
1003,1.8,0.01,1,10.0,0.0,31.1,3,0.0,1,0.0,1,100.0,0.0055,0.0,0.0,0,1,333,4,crash,clip,ros_p3_q145.csv,0.4,b,2.4,
1004,1.8,0.01,1,10.0,0.0,31.1,3,0.0,1,0.0,1,100.0,0.0055,0.0,0.0,0,3,655,4,crash,clip,ros_p3_q145.csv,0.4,b,2.4,
1005,1.8,0.01,1,10.0,0.0,31.1,3,0.0,1,0.0,1,100.0,0.0055,0.0,0.0,0,1,324,4,crash,clip,ros_p3_q145.csv,0.4,b,2.4,
1006,1.8,0.01,1,10.0,0.0,31.1,3,0.0,1,0.0,1,100.0,0.0055,0.0,0.0,0,3,762,4,crash,clip,ros_p3_q145.csv,0.4,b,2.4,
1007,1.8,0.01,1,10.0,0.0,31.1,3,0.0,1,0.0,1,100.0,0.0055,0.0,0.0,0,3,684,4,crash,clip,ros_p3_q145.csv,0.4,b,2.4,
1008,1.8,0.01,1,10.0,0.0,31.1,3,0.0,1,0.0,1,100.0,0.0055,0.0,0.0,0,1,216,4,crash,clip,ros_p3_q145.csv,0.4,b,2.4,
1009,1.8,0.01,1,10.0,0.0,31.1,3,0.0,1,0.0,1,100.0,0.0055,0.0,0.0,0,3,673,4,crash,clip,ros_p3_q145.csv,0.4,b,2.4,
1010,1.8,0.01,1,10.0,0.0,31.1,3,0.0,1,0.0,1,100.0,0.0055,0.0,0.0,0,1,283,4,crash,clip,ros_p3_q145.csv,0.4,b,2.4,
1011,1.8,0.01,1,10.0,0.0,31.1,3,0.0,1,0.0,1,100.0,0.0055,0.0,0.0,0,1,301,4,crash,clip,ros_p3_q145.csv,0.4,b,2.4,
1000,1.4,0.01,1,10.0,0.0,31.1,3,0.0,1,0.0,1,100.0,0.0055,0.0,0.0,0,1,565,4,crash,clip,ros_p3_q145.csv,0.4,b,2.4,
1001,1.4,0.01,1,10.0,0.0,31.1,3,0.0,1,0.0,1,100.0,0.0055,0.0,0.0,0,1,351,4,crash,clip,ros_p3_q145.csv,0.4,b,2.4,
1002,1.4,0.01,1,10.0,0.0,31.1,3,0.0,1,0.0,1,100.0,0.0055,0.0,0.0,0,2,662,4,crash,clip,ros_p3_q145.csv,0.4,b,2.4,
1003,1.4,0.01,1,10.0,0.0,31.1,3,0.0,1,0.0,1,100.0,0.0055,0.0,0.0,0,2,507,4,crash,clip,ros_p3_q145.csv,0.4,b,2.4,
1004,1.4,0.01,1,10.0,0.0,31.1,3,0.0,1,0.0,1,100.0,0.0055,0.0,0.0,0,3,760,4,crash,clip,ros_p3_q145.csv,0.4,b,2.4,
1005,1.4,0.01,1,10.0,0.0,31.1,3,0.0,1,0.0,1,100.0,0.0055,0.0,0.0,0,1,323,4,crash,clip,ros_p3_q145.csv,0.4,b,2.4,
1006,1.4,0.01,1,10.0,0.0,31.1,3,0.0,1,0.0,1,100.0,0.0055,0.0,0.0,0,3,917,4,crash,clip,ros_p3_q145.csv,0.4,b,2.4,
1007,1.4,0.01,1,10.0,0.0,31.1,3,0.0,1,0.0,1,100.0,0.0055,0.0,0.0,0,1,545,4,crash,clip,ros_p3_q145.csv,0.4,b,2.4,
1008,1.4,0.01,1,10.0,0.0,31.1,3,0.0,1,0.0,1,100.0,0.0055,0.0,0.0,0,1,386,4,crash,clip,ros_p3_q145.csv,0.4,b,2.4,
1009,1.4,0.01,1,10.0,0.0,31.1,3,0.0,1,0.0,1,100.0,0.0055,0.0,0.0,0,4,958,4,success,,ros_p3_q145.csv,0.4,b,2.4,
1010,1.4,0.01,1,10.0,0.0,31.1,3,0.0,1,0.0,1,100.0,0.0055,0.0,0.0,0,1,340,4,crash,clip,ros_p3_q145.csv,0.4,b,2.4,
1011,1.4,0.01,1,10.0,0.0,31.1,3,0.0,1,0.0,1,100.0,0.0055,0.0,0.0,0,1,345,4,crash,clip,ros_p3_q145.csv,0.4,b,2.4,
1000,1.0,0.01,1,10.0,0.0,31.1,3,0.0,1,0.0,1,100.0,0.0055,0.0,0.0,0,4,1425,4,success,,ros_p3_q145.csv,0.4,b,2.4,
1001,1.0,0.01,1,10.0,0.0,31.1,3,0.0,1,0.0,1,100.0,0.0055,0.0,0.0,0,4,1358,4,success,,ros_p3_q145.csv,0.4,b,2.4,
1002,1.0,0.01,1,10.0,0.0,31.1,3,0.0,1,0.0,1,100.0,0.0055,0.0,0.0,0,2,1711,4,crash,clip,ros_p3_q145.csv,0.4,b,2.4,
1003,1.0,0.01,1,10.0,0.0,31.1,3,0.0,1,0.0,1,100.0,0.0055,0.0,0.0,0,3,1049,4,crash,clip,ros_p3_q145.csv,0.4,b,2.4,
1004,1.0,0.01,1,10.0,0.0,31.1,3,0.0,1,0.0,1,100.0,0.0055,0.0,0.0,0,2,850,4,crash,clip,ros_p3_q145.csv,0.4,b,2.4,
1005,1.0,0.01,1,10.0,0.0,31.1,3,0.0,1,0.0,1,100.0,0.0055,0.0,0.0,0,2,666,4,crash,clip,ros_p3_q145.csv,0.4,b,2.4,
1006,1.0,0.01,1,10.0,0.0,31.1,3,0.0,1,0.0,1,100.0,0.0055,0.0,0.0,0,3,1218,4,crash,clip,ros_p3_q145.csv,0.4,b,2.4,
1007,1.0,0.01,1,10.0,0.0,31.1,3,0.0,1,0.0,1,100.0,0.0055,0.0,0.0,0,4,1435,4,success,,ros_p3_q145.csv,0.4,b,2.4,
1008,1.0,0.01,1,10.0,0.0,31.1,3,0.0,1,0.0,1,100.0,0.0055,0.0,0.0,0,2,1006,4,crash,clip,ros_p3_q145.csv,0.4,b,2.4,
1009,1.0,0.01,1,10.0,0.0,31.1,3,0.0,1,0.0,1,100.0,0.0055,0.0,0.0,0,4,1335,4,success,,ros_p3_q145.csv,0.4,b,2.4,
1010,1.0,0.01,1,10.0,0.0,31.1,3,0.0,1,0.0,1,100.0,0.0055,0.0,0.0,0,2,629,4,crash,clip,ros_p3_q145.csv,0.4,b,2.4,
1011,1.0,0.01,1,10.0,0.0,31.1,3,0.0,1,0.0,1,100.0,0.0055,0.0,0.0,0,2,1800,4,timeout,,ros_p3_q145.csv,0.4,b,2.4,
1000,1.6,0.01,1,10.0,0.0,31.1,3,0.0,1,0.0,1,100.0,0.0055,0.0,0.0,0,2,588,4,crash,clip,ros_p3_q145.csv,0.4,b,2.4,
1001,1.6,0.01,1,10.0,0.0,31.1,3,0.0,1,0.0,1,100.0,0.0055,0.0,0.0,0,0,172,4,crash,clip,ros_p3_q145.csv,0.4,b,2.4,
1002,1.6,0.01,1,10.0,0.0,31.1,3,0.0,1,0.0,1,100.0,0.0055,0.0,0.0,0,2,541,4,crash,clip,ros_p3_q145.csv,0.4,b,2.4,
1003,1.6,0.01,1,10.0,0.0,31.1,3,0.0,1,0.0,1,100.0,0.0055,0.0,0.0,0,2,561,4,crash,clip,ros_p3_q145.csv,0.4,b,2.4,
1004,1.6,0.01,1,10.0,0.0,31.1,3,0.0,1,0.0,1,100.0,0.0055,0.0,0.0,0,2,434,4,crash,clip,ros_p3_q145.csv,0.4,b,2.4,
1005,1.6,0.01,1,10.0,0.0,31.1,3,0.0,1,0.0,1,100.0,0.0055,0.0,0.0,0,2,523,4,crash,clip,ros_p3_q145.csv,0.4,b,2.4,
1006,1.6,0.01,1,10.0,0.0,31.1,3,0.0,1,0.0,1,100.0,0.0055,0.0,0.0,0,3,840,4,crash,clip,ros_p3_q145.csv,0.4,b,2.4,
1007,1.6,0.01,1,10.0,0.0,31.1,3,0.0,1,0.0,1,100.0,0.0055,0.0,0.0,0,2,565,4,crash,clip,ros_p3_q145.csv,0.4,b,2.4,
1008,1.6,0.01,1,10.0,0.0,31.1,3,0.0,1,0.0,1,100.0,0.0055,0.0,0.0,0,1,278,4,crash,clip,ros_p3_q145.csv,0.4,b,2.4,
1009,1.6,0.01,1,10.0,0.0,31.1,3,0.0,1,0.0,1,100.0,0.0055,0.0,0.0,0,2,506,4,crash,clip,ros_p3_q145.csv,0.4,b,2.4,
1010,1.6,0.01,1,10.0,0.0,31.1,3,0.0,1,0.0,1,100.0,0.0055,0.0,0.0,0,2,500,4,crash,clip,ros_p3_q145.csv,0.4,b,2.4,
1011,1.6,0.01,1,10.0,0.0,31.1,3,0.0,1,0.0,1,100.0,0.0055,0.0,0.0,0,1,320,4,crash,clip,ros_p3_q145.csv,0.4,b,2.4,
1000,1.2,0.01,1,10.0,0.0,31.1,3,0.0,1,0.0,1,100.0,0.0055,0.0,0.0,0,4,1173,4,success,,ros_p3_q145.csv,0.4,b,2.4,
1001,1.2,0.01,1,10.0,0.0,31.1,3,0.0,1,0.0,1,100.0,0.0055,0.0,0.0,0,2,1157,4,crash,clip,ros_p3_q145.csv,0.4,b,2.4,
1002,1.2,0.01,1,10.0,0.0,31.1,3,0.0,1,0.0,1,100.0,0.0055,0.0,0.0,0,1,522,4,crash,clip,ros_p3_q145.csv,0.4,b,2.4,
1003,1.2,0.01,1,10.0,0.0,31.1,3,0.0,1,0.0,1,100.0,0.0055,0.0,0.0,0,1,420,4,crash,clip,ros_p3_q145.csv,0.4,b,2.4,
1004,1.2,0.01,1,10.0,0.0,31.1,3,0.0,1,0.0,1,100.0,0.0055,0.0,0.0,0,2,716,4,crash,clip,ros_p3_q145.csv,0.4,b,2.4,
1005,1.2,0.01,1,10.0,0.0,31.1,3,0.0,1,0.0,1,100.0,0.0055,0.0,0.0,0,1,360,4,crash,clip,ros_p3_q145.csv,0.4,b,2.4,
1006,1.2,0.01,1,10.0,0.0,31.1,3,0.0,1,0.0,1,100.0,0.0055,0.0,0.0,0,1,675,4,crash,clip,ros_p3_q145.csv,0.4,b,2.4,
1007,1.2,0.01,1,10.0,0.0,31.1,3,0.0,1,0.0,1,100.0,0.0055,0.0,0.0,0,4,1169,4,success,,ros_p3_q145.csv,0.4,b,2.4,
1008,1.2,0.01,1,10.0,0.0,31.1,3,0.0,1,0.0,1,100.0,0.0055,0.0,0.0,0,1,430,4,crash,clip,ros_p3_q145.csv,0.4,b,2.4,
1009,1.2,0.01,1,10.0,0.0,31.1,3,0.0,1,0.0,1,100.0,0.0055,0.0,0.0,0,4,1104,4,success,,ros_p3_q145.csv,0.4,b,2.4,
1010,1.2,0.01,1,10.0,0.0,31.1,3,0.0,1,0.0,1,100.0,0.0055,0.0,0.0,0,2,668,4,crash,clip,ros_p3_q145.csv,0.4,b,2.4,
1011,1.2,0.01,1,10.0,0.0,31.1,3,0.0,1,0.0,1,100.0,0.0055,0.0,0.0,0,2,821,4,crash,clip,ros_p3_q145.csv,0.4,b,2.4,
1000,1.8,0.01,1,10.0,0.0,56.8,6,0.0,1,0.0,1,96.24,0.0055,0.0,0.0,0,2,493,4,crash,clip,xpu_a_cpsat_hard.csv,0.4,b,2.4,
1001,1.8,0.01,1,10.0,0.0,56.8,6,0.0,1,0.0,1,96.24,0.0055,0.0,0.0,0,0,251,4,crash,clip,xpu_a_cpsat_hard.csv,0.4,b,2.4,
1002,1.8,0.01,1,10.0,0.0,56.8,6,0.0,1,0.0,1,96.24,0.0055,0.0,0.0,0,1,170,4,crash,clip,xpu_a_cpsat_hard.csv,0.4,b,2.4,
1003,1.8,0.01,1,10.0,0.0,56.8,6,0.0,1,0.0,1,96.24,0.0055,0.0,0.0,0,1,308,4,crash,clip,xpu_a_cpsat_hard.csv,0.4,b,2.4,
1004,1.8,0.01,1,10.0,0.0,56.8,6,0.0,1,0.0,1,96.24,0.0055,0.0,0.0,0,3,656,4,crash,clip,xpu_a_cpsat_hard.csv,0.4,b,2.4,
1005,1.8,0.01,1,10.0,0.0,56.8,6,0.0,1,0.0,1,96.24,0.0055,0.0,0.0,0,1,315,4,crash,clip,xpu_a_cpsat_hard.csv,0.4,b,2.4,
1006,1.8,0.01,1,10.0,0.0,56.8,6,0.0,1,0.0,1,96.24,0.0055,0.0,0.0,0,3,764,4,crash,clip,xpu_a_cpsat_hard.csv,0.4,b,2.4,
1007,1.8,0.01,1,10.0,0.0,56.8,6,0.0,1,0.0,1,96.24,0.0055,0.0,0.0,0,1,285,4,crash,clip,xpu_a_cpsat_hard.csv,0.4,b,2.4,
1008,1.8,0.01,1,10.0,0.0,56.8,6,0.0,1,0.0,1,96.24,0.0055,0.0,0.0,0,4,760,4,success,,xpu_a_cpsat_hard.csv,0.4,b,2.4,
1009,1.8,0.01,1,10.0,0.0,56.8,6,0.0,1,0.0,1,96.24,0.0055,0.0,0.0,0,2,444,4,crash,clip,xpu_a_cpsat_hard.csv,0.4,b,2.4,
1010,1.8,0.01,1,10.0,0.0,56.8,6,0.0,1,0.0,1,96.24,0.0055,0.0,0.0,0,4,780,4,success,,xpu_a_cpsat_hard.csv,0.4,b,2.4,
1011,1.8,0.01,1,10.0,0.0,56.8,6,0.0,1,0.0,1,96.24,0.0055,0.0,0.0,0,1,303,4,crash,clip,xpu_a_cpsat_hard.csv,0.4,b,2.4,
1000,1.4,0.01,1,10.0,0.0,56.8,6,0.0,1,0.0,1,96.24,0.0055,0.0,0.0,0,2,624,4,crash,clip,xpu_a_cpsat_hard.csv,0.4,b,2.4,
1001,1.4,0.01,1,10.0,0.0,56.8,6,0.0,1,0.0,1,96.24,0.0055,0.0,0.0,0,2,479,4,crash,clip,xpu_a_cpsat_hard.csv,0.4,b,2.4,
1002,1.4,0.01,1,10.0,0.0,56.8,6,0.0,1,0.0,1,96.24,0.0055,0.0,0.0,0,2,1104,4,crash,clip,xpu_a_cpsat_hard.csv,0.4,b,2.4,
1003,1.4,0.01,1,10.0,0.0,56.8,6,0.0,1,0.0,1,96.24,0.0055,0.0,0.0,0,2,954,4,crash,clip,xpu_a_cpsat_hard.csv,0.4,b,2.4,
1004,1.4,0.01,1,10.0,0.0,56.8,6,0.0,1,0.0,1,96.24,0.0055,0.0,0.0,0,2,469,4,crash,clip,xpu_a_cpsat_hard.csv,0.4,b,2.4,
1005,1.4,0.01,1,10.0,0.0,56.8,6,0.0,1,0.0,1,96.24,0.0055,0.0,0.0,0,2,484,4,crash,clip,xpu_a_cpsat_hard.csv,0.4,b,2.4,
1006,1.4,0.01,1,10.0,0.0,56.8,6,0.0,1,0.0,1,96.24,0.0055,0.0,0.0,0,2,516,4,crash,clip,xpu_a_cpsat_hard.csv,0.4,b,2.4,
1007,1.4,0.01,1,10.0,0.0,56.8,6,0.0,1,0.0,1,96.24,0.0055,0.0,0.0,0,1,580,4,crash,clip,xpu_a_cpsat_hard.csv,0.4,b,2.4,
1008,1.4,0.01,1,10.0,0.0,56.8,6,0.0,1,0.0,1,96.24,0.0055,0.0,0.0,0,1,386,4,crash,clip,xpu_a_cpsat_hard.csv,0.4,b,2.4,
1009,1.4,0.01,1,10.0,0.0,56.8,6,0.0,1,0.0,1,96.24,0.0055,0.0,0.0,0,3,866,4,crash,clip,xpu_a_cpsat_hard.csv,0.4,b,2.4,
1010,1.4,0.01,1,10.0,0.0,56.8,6,0.0,1,0.0,1,96.24,0.0055,0.0,0.0,0,1,339,4,crash,clip,xpu_a_cpsat_hard.csv,0.4,b,2.4,
1011,1.4,0.01,1,10.0,0.0,56.8,6,0.0,1,0.0,1,96.24,0.0055,0.0,0.0,0,1,292,4,crash,clip,xpu_a_cpsat_hard.csv,0.4,b,2.4,
1000,1.0,0.01,1,10.0,0.0,56.8,6,0.0,1,0.0,1,96.24,0.0055,0.0,0.0,0,3,1631,4,crash,clip,xpu_a_cpsat_hard.csv,0.4,b,2.4,
1001,1.0,0.01,1,10.0,0.0,56.8,6,0.0,1,0.0,1,96.24,0.0055,0.0,0.0,0,4,1374,4,success,,xpu_a_cpsat_hard.csv,0.4,b,2.4,
1002,1.0,0.01,1,10.0,0.0,56.8,6,0.0,1,0.0,1,96.24,0.0055,0.0,0.0,0,1,300,4,crash,clip,xpu_a_cpsat_hard.csv,0.4,b,2.4,
1003,1.0,0.01,1,10.0,0.0,56.8,6,0.0,1,0.0,1,96.24,0.0055,0.0,0.0,0,4,1395,4,success,,xpu_a_cpsat_hard.csv,0.4,b,2.4,
1004,1.0,0.01,1,10.0,0.0,56.8,6,0.0,1,0.0,1,96.24,0.0055,0.0,0.0,0,4,1436,4,success,,xpu_a_cpsat_hard.csv,0.4,b,2.4,
1005,1.0,0.01,1,10.0,0.0,56.8,6,0.0,1,0.0,1,96.24,0.0055,0.0,0.0,0,2,690,4,crash,clip,xpu_a_cpsat_hard.csv,0.4,b,2.4,
1006,1.0,0.01,1,10.0,0.0,56.8,6,0.0,1,0.0,1,96.24,0.0055,0.0,0.0,0,2,751,4,crash,clip,xpu_a_cpsat_hard.csv,0.4,b,2.4,
1007,1.0,0.01,1,10.0,0.0,56.8,6,0.0,1,0.0,1,96.24,0.0055,0.0,0.0,0,4,1398,4,success,,xpu_a_cpsat_hard.csv,0.4,b,2.4,
1008,1.0,0.01,1,10.0,0.0,56.8,6,0.0,1,0.0,1,96.24,0.0055,0.0,0.0,0,1,478,4,crash,clip,xpu_a_cpsat_hard.csv,0.4,b,2.4,
1009,1.0,0.01,1,10.0,0.0,56.8,6,0.0,1,0.0,1,96.24,0.0055,0.0,0.0,0,4,1341,4,success,,xpu_a_cpsat_hard.csv,0.4,b,2.4,
1010,1.0,0.01,1,10.0,0.0,56.8,6,0.0,1,0.0,1,96.24,0.0055,0.0,0.0,0,4,1370,4,success,,xpu_a_cpsat_hard.csv,0.4,b,2.4,
1011,1.0,0.01,1,10.0,0.0,56.8,6,0.0,1,0.0,1,96.24,0.0055,0.0,0.0,0,1,408,4,crash,clip,xpu_a_cpsat_hard.csv,0.4,b,2.4,
1000,1.6,0.01,1,10.0,0.0,56.8,6,0.0,1,0.0,1,96.24,0.0055,0.0,0.0,0,2,589,4,crash,clip,xpu_a_cpsat_hard.csv,0.4,b,2.4,
1001,1.6,0.01,1,10.0,0.0,56.8,6,0.0,1,0.0,1,96.24,0.0055,0.0,0.0,0,0,269,4,crash,clip,xpu_a_cpsat_hard.csv,0.4,b,2.4,
1002,1.6,0.01,1,10.0,0.0,56.8,6,0.0,1,0.0,1,96.24,0.0055,0.0,0.0,0,1,186,4,crash,clip,xpu_a_cpsat_hard.csv,0.4,b,2.4,
1003,1.6,0.01,1,10.0,0.0,56.8,6,0.0,1,0.0,1,96.24,0.0055,0.0,0.0,0,1,293,4,crash,clip,xpu_a_cpsat_hard.csv,0.4,b,2.4,
1004,1.6,0.01,1,10.0,0.0,56.8,6,0.0,1,0.0,1,96.24,0.0055,0.0,0.0,0,2,432,4,crash,clip,xpu_a_cpsat_hard.csv,0.4,b,2.4,
1005,1.6,0.01,1,10.0,0.0,56.8,6,0.0,1,0.0,1,96.24,0.0055,0.0,0.0,0,3,651,4,crash,clip,xpu_a_cpsat_hard.csv,0.4,b,2.4,
1006,1.6,0.01,1,10.0,0.0,56.8,6,0.0,1,0.0,1,96.24,0.0055,0.0,0.0,0,3,827,4,crash,clip,xpu_a_cpsat_hard.csv,0.4,b,2.4,
1007,1.6,0.01,1,10.0,0.0,56.8,6,0.0,1,0.0,1,96.24,0.0055,0.0,0.0,0,4,881,4,success,,xpu_a_cpsat_hard.csv,0.4,b,2.4,
1008,1.6,0.01,1,10.0,0.0,56.8,6,0.0,1,0.0,1,96.24,0.0055,0.0,0.0,0,1,273,4,crash,clip,xpu_a_cpsat_hard.csv,0.4,b,2.4,
1009,1.6,0.01,1,10.0,0.0,56.8,6,0.0,1,0.0,1,96.24,0.0055,0.0,0.0,0,2,540,4,crash,clip,xpu_a_cpsat_hard.csv,0.4,b,2.4,
1010,1.6,0.01,1,10.0,0.0,56.8,6,0.0,1,0.0,1,96.24,0.0055,0.0,0.0,0,4,893,4,success,,xpu_a_cpsat_hard.csv,0.4,b,2.4,
1011,1.6,0.01,1,10.0,0.0,56.8,6,0.0,1,0.0,1,96.24,0.0055,0.0,0.0,0,1,320,4,crash,clip,xpu_a_cpsat_hard.csv,0.4,b,2.4,
1000,1.2,0.01,1,10.0,0.0,56.8,6,0.0,1,0.0,1,96.24,0.0055,0.0,0.0,0,2,721,4,crash,clip,xpu_a_cpsat_hard.csv,0.4,b,2.4,
1001,1.2,0.01,1,10.0,0.0,56.8,6,0.0,1,0.0,1,96.24,0.0055,0.0,0.0,0,4,1137,4,success,,xpu_a_cpsat_hard.csv,0.4,b,2.4,
1002,1.2,0.01,1,10.0,0.0,56.8,6,0.0,1,0.0,1,96.24,0.0055,0.0,0.0,0,1,520,4,crash,clip,xpu_a_cpsat_hard.csv,0.4,b,2.4,
1003,1.2,0.01,1,10.0,0.0,56.8,6,0.0,1,0.0,1,96.24,0.0055,0.0,0.0,0,1,392,4,crash,clip,xpu_a_cpsat_hard.csv,0.4,b,2.4,
1004,1.2,0.01,1,10.0,0.0,56.8,6,0.0,1,0.0,1,96.24,0.0055,0.0,0.0,0,1,519,4,crash,clip,xpu_a_cpsat_hard.csv,0.4,b,2.4,
1005,1.2,0.01,1,10.0,0.0,56.8,6,0.0,1,0.0,1,96.24,0.0055,0.0,0.0,0,3,1063,4,crash,clip,xpu_a_cpsat_hard.csv,0.4,b,2.4,
1006,1.2,0.01,1,10.0,0.0,56.8,6,0.0,1,0.0,1,96.24,0.0055,0.0,0.0,0,3,1112,4,crash,clip,xpu_a_cpsat_hard.csv,0.4,b,2.4,
1007,1.2,0.01,1,10.0,0.0,56.8,6,0.0,1,0.0,1,96.24,0.0055,0.0,0.0,0,4,1160,4,success,,xpu_a_cpsat_hard.csv,0.4,b,2.4,
1008,1.2,0.01,1,10.0,0.0,56.8,6,0.0,1,0.0,1,96.24,0.0055,0.0,0.0,0,1,431,4,crash,clip,xpu_a_cpsat_hard.csv,0.4,b,2.4,
1009,1.2,0.01,1,10.0,0.0,56.8,6,0.0,1,0.0,1,96.24,0.0055,0.0,0.0,0,2,935,4,crash,clip,xpu_a_cpsat_hard.csv,0.4,b,2.4,
1010,1.2,0.01,1,10.0,0.0,56.8,6,0.0,1,0.0,1,96.24,0.0055,0.0,0.0,0,1,404,4,crash,clip,xpu_a_cpsat_hard.csv,0.4,b,2.4,
1011,1.2,0.01,1,10.0,0.0,56.8,6,0.0,1,0.0,1,96.24,0.0055,0.0,0.0,0,2,820,4,crash,clip,xpu_a_cpsat_hard.csv,0.4,b,2.4,
1000,1.8,0.01,1,10.0,0.0,55.9,6,11.1,2,0.0,1,89.29,0.0055,0.0,0.0,0,2,527,4,crash,clip,xpu_a90_cpsat.csv,0.4,b,2.4,
1001,1.8,0.01,1,10.0,0.0,55.9,6,11.1,2,0.0,1,89.29,0.0055,0.0,0.0,0,0,215,4,crash,clip,xpu_a90_cpsat.csv,0.4,b,2.4,
1002,1.8,0.01,1,10.0,0.0,55.9,6,11.1,2,0.0,1,89.29,0.0055,0.0,0.0,0,1,170,4,crash,clip,xpu_a90_cpsat.csv,0.4,b,2.4,
1003,1.8,0.01,1,10.0,0.0,55.9,6,11.1,2,0.0,1,89.29,0.0055,0.0,0.0,0,3,729,4,crash,clip,xpu_a90_cpsat.csv,0.4,b,2.4,
1004,1.8,0.01,1,10.0,0.0,55.9,6,11.1,2,0.0,1,89.29,0.0055,0.0,0.0,0,2,399,4,crash,clip,xpu_a90_cpsat.csv,0.4,b,2.4,
1005,1.8,0.01,1,10.0,0.0,55.9,6,11.1,2,0.0,1,89.29,0.0055,0.0,0.0,0,3,603,4,crash,clip,xpu_a90_cpsat.csv,0.4,b,2.4,
1006,1.8,0.01,1,10.0,0.0,55.9,6,11.1,2,0.0,1,89.29,0.0055,0.0,0.0,0,1,271,4,crash,clip,xpu_a90_cpsat.csv,0.4,b,2.4,
1007,1.8,0.01,1,10.0,0.0,55.9,6,11.1,2,0.0,1,89.29,0.0055,0.0,0.0,0,3,714,4,crash,clip,xpu_a90_cpsat.csv,0.4,b,2.4,
1008,1.8,0.01,1,10.0,0.0,55.9,6,11.1,2,0.0,1,89.29,0.0055,0.0,0.0,0,4,765,4,success,,xpu_a90_cpsat.csv,0.4,b,2.4,
1009,1.8,0.01,1,10.0,0.0,55.9,6,11.1,2,0.0,1,89.29,0.0055,0.0,0.0,0,2,453,4,crash,clip,xpu_a90_cpsat.csv,0.4,b,2.4,
1010,1.8,0.01,1,10.0,0.0,55.9,6,11.1,2,0.0,1,89.29,0.0055,0.0,0.0,0,2,479,4,crash,clip,xpu_a90_cpsat.csv,0.4,b,2.4,
1011,1.8,0.01,1,10.0,0.0,55.9,6,11.1,2,0.0,1,89.29,0.0055,0.0,0.0,0,1,300,4,crash,clip,xpu_a90_cpsat.csv,0.4,b,2.4,
1000,1.4,0.01,1,10.0,0.0,55.9,6,11.1,2,0.0,1,89.29,0.0055,0.0,0.0,0,1,572,4,crash,clip,xpu_a90_cpsat.csv,0.4,b,2.4,
1001,1.4,0.01,1,10.0,0.0,55.9,6,11.1,2,0.0,1,89.29,0.0055,0.0,0.0,0,1,481,4,crash,clip,xpu_a90_cpsat.csv,0.4,b,2.4,
1002,1.4,0.01,1,10.0,0.0,55.9,6,11.1,2,0.0,1,89.29,0.0055,0.0,0.0,0,4,1011,4,success,,xpu_a90_cpsat.csv,0.4,b,2.4,
1003,1.4,0.01,1,10.0,0.0,55.9,6,11.1,2,0.0,1,89.29,0.0055,0.0,0.0,0,4,1014,4,success,,xpu_a90_cpsat.csv,0.4,b,2.4,
1004,1.4,0.01,1,10.0,0.0,55.9,6,11.1,2,0.0,1,89.29,0.0055,0.0,0.0,0,1,423,4,crash,clip,xpu_a90_cpsat.csv,0.4,b,2.4,
1005,1.4,0.01,1,10.0,0.0,55.9,6,11.1,2,0.0,1,89.29,0.0055,0.0,0.0,0,2,700,4,crash,clip,xpu_a90_cpsat.csv,0.4,b,2.4,
1006,1.4,0.01,1,10.0,0.0,55.9,6,11.1,2,0.0,1,89.29,0.0055,0.0,0.0,0,1,345,4,crash,clip,xpu_a90_cpsat.csv,0.4,b,2.4,
1007,1.4,0.01,1,10.0,0.0,55.9,6,11.1,2,0.0,1,89.29,0.0055,0.0,0.0,0,1,334,4,crash,clip,xpu_a90_cpsat.csv,0.4,b,2.4,
1008,1.4,0.01,1,10.0,0.0,55.9,6,11.1,2,0.0,1,89.29,0.0055,0.0,0.0,0,2,507,4,crash,clip,xpu_a90_cpsat.csv,0.4,b,2.4,
1009,1.4,0.01,1,10.0,0.0,55.9,6,11.1,2,0.0,1,89.29,0.0055,0.0,0.0,0,2,567,4,crash,clip,xpu_a90_cpsat.csv,0.4,b,2.4,
1010,1.4,0.01,1,10.0,0.0,55.9,6,11.1,2,0.0,1,89.29,0.0055,0.0,0.0,0,1,342,4,crash,clip,xpu_a90_cpsat.csv,0.4,b,2.4,
1011,1.4,0.01,1,10.0,0.0,55.9,6,11.1,2,0.0,1,89.29,0.0055,0.0,0.0,0,1,333,4,crash,clip,xpu_a90_cpsat.csv,0.4,b,2.4,
1000,1.0,0.01,1,10.0,0.0,55.9,6,11.1,2,0.0,1,89.29,0.0055,0.0,0.0,0,3,1560,4,crash,clip,xpu_a90_cpsat.csv,0.4,b,2.4,
1001,1.0,0.01,1,10.0,0.0,55.9,6,11.1,2,0.0,1,89.29,0.0055,0.0,0.0,0,3,1800,4,timeout,,xpu_a90_cpsat.csv,0.4,b,2.4,
1002,1.0,0.01,1,10.0,0.0,55.9,6,11.1,2,0.0,1,89.29,0.0055,0.0,0.0,0,2,722,4,crash,clip,xpu_a90_cpsat.csv,0.4,b,2.4,
1003,1.0,0.01,1,10.0,0.0,55.9,6,11.1,2,0.0,1,89.29,0.0055,0.0,0.0,0,2,886,4,crash,clip,xpu_a90_cpsat.csv,0.4,b,2.4,
1004,1.0,0.01,1,10.0,0.0,55.9,6,11.1,2,0.0,1,89.29,0.0055,0.0,0.0,0,1,455,4,crash,clip,xpu_a90_cpsat.csv,0.4,b,2.4,
1005,1.0,0.01,1,10.0,0.0,55.9,6,11.1,2,0.0,1,89.29,0.0055,0.0,0.0,0,2,698,4,crash,clip,xpu_a90_cpsat.csv,0.4,b,2.4,
1006,1.0,0.01,1,10.0,0.0,55.9,6,11.1,2,0.0,1,89.29,0.0055,0.0,0.0,0,1,772,4,crash,clip,xpu_a90_cpsat.csv,0.4,b,2.4,
1007,1.0,0.01,1,10.0,0.0,55.9,6,11.1,2,0.0,1,89.29,0.0055,0.0,0.0,0,1,487,4,crash,clip,xpu_a90_cpsat.csv,0.4,b,2.4,
1008,1.0,0.01,1,10.0,0.0,55.9,6,11.1,2,0.0,1,89.29,0.0055,0.0,0.0,0,2,677,4,crash,clip,xpu_a90_cpsat.csv,0.4,b,2.4,
1009,1.0,0.01,1,10.0,0.0,55.9,6,11.1,2,0.0,1,89.29,0.0055,0.0,0.0,0,4,1409,4,success,,xpu_a90_cpsat.csv,0.4,b,2.4,
1010,1.0,0.01,1,10.0,0.0,55.9,6,11.1,2,0.0,1,89.29,0.0055,0.0,0.0,0,3,1102,4,crash,clip,xpu_a90_cpsat.csv,0.4,b,2.4,
1011,1.0,0.01,1,10.0,0.0,55.9,6,11.1,2,0.0,1,89.29,0.0055,0.0,0.0,0,4,1374,4,success,,xpu_a90_cpsat.csv,0.4,b,2.4,
1000,1.6,0.01,1,10.0,0.0,55.9,6,11.1,2,0.0,1,89.29,0.0055,0.0,0.0,0,2,589,4,crash,clip,xpu_a90_cpsat.csv,0.4,b,2.4,
1001,1.6,0.01,1,10.0,0.0,55.9,6,11.1,2,0.0,1,89.29,0.0055,0.0,0.0,0,0,172,4,crash,clip,xpu_a90_cpsat.csv,0.4,b,2.4,
1002,1.6,0.01,1,10.0,0.0,55.9,6,11.1,2,0.0,1,89.29,0.0055,0.0,0.0,0,1,187,4,crash,clip,xpu_a90_cpsat.csv,0.4,b,2.4,
1003,1.6,0.01,1,10.0,0.0,55.9,6,11.1,2,0.0,1,89.29,0.0055,0.0,0.0,0,4,894,4,success,,xpu_a90_cpsat.csv,0.4,b,2.4,
1004,1.6,0.01,1,10.0,0.0,55.9,6,11.1,2,0.0,1,89.29,0.0055,0.0,0.0,0,2,597,4,crash,clip,xpu_a90_cpsat.csv,0.4,b,2.4,
1005,1.6,0.01,1,10.0,0.0,55.9,6,11.1,2,0.0,1,89.29,0.0055,0.0,0.0,0,1,304,4,crash,clip,xpu_a90_cpsat.csv,0.4,b,2.4,
1006,1.6,0.01,1,10.0,0.0,55.9,6,11.1,2,0.0,1,89.29,0.0055,0.0,0.0,0,4,913,4,success,,xpu_a90_cpsat.csv,0.4,b,2.4,
1007,1.6,0.01,1,10.0,0.0,55.9,6,11.1,2,0.0,1,89.29,0.0055,0.0,0.0,0,4,881,4,success,,xpu_a90_cpsat.csv,0.4,b,2.4,
1008,1.6,0.01,1,10.0,0.0,55.9,6,11.1,2,0.0,1,89.29,0.0055,0.0,0.0,0,1,321,4,crash,clip,xpu_a90_cpsat.csv,0.4,b,2.4,
1009,1.6,0.01,1,10.0,0.0,55.9,6,11.1,2,0.0,1,89.29,0.0055,0.0,0.0,0,3,808,4,crash,clip,xpu_a90_cpsat.csv,0.4,b,2.4,
1010,1.6,0.01,1,10.0,0.0,55.9,6,11.1,2,0.0,1,89.29,0.0055,0.0,0.0,0,4,861,4,success,,xpu_a90_cpsat.csv,0.4,b,2.4,
1011,1.6,0.01,1,10.0,0.0,55.9,6,11.1,2,0.0,1,89.29,0.0055,0.0,0.0,0,1,324,4,crash,clip,xpu_a90_cpsat.csv,0.4,b,2.4,
1000,1.2,0.01,1,10.0,0.0,55.9,6,11.1,2,0.0,1,89.29,0.0055,0.0,0.0,0,1,1800,4,timeout,,xpu_a90_cpsat.csv,0.4,b,2.4,
1001,1.2,0.01,1,10.0,0.0,55.9,6,11.1,2,0.0,1,89.29,0.0055,0.0,0.0,0,2,552,4,crash,clip,xpu_a90_cpsat.csv,0.4,b,2.4,
1002,1.2,0.01,1,10.0,0.0,55.9,6,11.1,2,0.0,1,89.29,0.0055,0.0,0.0,0,2,649,4,crash,clip,xpu_a90_cpsat.csv,0.4,b,2.4,
1003,1.2,0.01,1,10.0,0.0,55.9,6,11.1,2,0.0,1,89.29,0.0055,0.0,0.0,0,4,1193,4,success,,xpu_a90_cpsat.csv,0.4,b,2.4,
1004,1.2,0.01,1,10.0,0.0,55.9,6,11.1,2,0.0,1,89.29,0.0055,0.0,0.0,0,1,434,4,crash,clip,xpu_a90_cpsat.csv,0.4,b,2.4,
1005,1.2,0.01,1,10.0,0.0,55.9,6,11.1,2,0.0,1,89.29,0.0055,0.0,0.0,0,2,676,4,crash,clip,xpu_a90_cpsat.csv,0.4,b,2.4,
1006,1.2,0.01,1,10.0,0.0,55.9,6,11.1,2,0.0,1,89.29,0.0055,0.0,0.0,0,1,647,4,crash,clip,xpu_a90_cpsat.csv,0.4,b,2.4,
1007,1.2,0.01,1,10.0,0.0,55.9,6,11.1,2,0.0,1,89.29,0.0055,0.0,0.0,0,3,1154,4,crash,clip,xpu_a90_cpsat.csv,0.4,b,2.4,
1008,1.2,0.01,1,10.0,0.0,55.9,6,11.1,2,0.0,1,89.29,0.0055,0.0,0.0,0,1,428,4,crash,clip,xpu_a90_cpsat.csv,0.4,b,2.4,
1009,1.2,0.01,1,10.0,0.0,55.9,6,11.1,2,0.0,1,89.29,0.0055,0.0,0.0,0,4,1116,4,success,,xpu_a90_cpsat.csv,0.4,b,2.4,
1010,1.2,0.01,1,10.0,0.0,55.9,6,11.1,2,0.0,1,89.29,0.0055,0.0,0.0,0,1,795,4,crash,clip,xpu_a90_cpsat.csv,0.4,b,2.4,
1011,1.2,0.01,1,10.0,0.0,55.9,6,11.1,2,0.0,1,89.29,0.0055,0.0,0.0,0,2,769,4,crash,clip,xpu_a90_cpsat.csv,0.4,b,2.4,
1000,1.8,0.01,1,10.0,0.0,56.2,6,30.3,4,0.0,1,100.0,0.0055,0.0,0.0,0,2,525,4,crash,clip,ros_p390.csv,0.4,b,2.4,
1001,1.8,0.01,1,10.0,0.0,56.2,6,30.3,4,0.0,1,100.0,0.0055,0.0,0.0,0,0,1481,4,crash,clip,ros_p390.csv,0.4,b,2.4,
1002,1.8,0.01,1,10.0,0.0,56.2,6,30.3,4,0.0,1,100.0,0.0055,0.0,0.0,0,2,483,4,crash,clip,ros_p390.csv,0.4,b,2.4,
1003,1.8,0.01,1,10.0,0.0,56.2,6,30.3,4,0.0,1,100.0,0.0055,0.0,0.0,0,2,525,4,crash,clip,ros_p390.csv,0.4,b,2.4,
1004,1.8,0.01,1,10.0,0.0,56.2,6,30.3,4,0.0,1,100.0,0.0055,0.0,0.0,0,2,505,4,crash,clip,ros_p390.csv,0.4,b,2.4,
1005,1.8,0.01,1,10.0,0.0,56.2,6,30.3,4,0.0,1,100.0,0.0055,0.0,0.0,0,2,386,4,crash,clip,ros_p390.csv,0.4,b,2.4,
1006,1.8,0.01,1,10.0,0.0,56.2,6,30.3,4,0.0,1,100.0,0.0055,0.0,0.0,0,3,763,4,crash,clip,ros_p390.csv,0.4,b,2.4,
1007,1.8,0.01,1,10.0,0.0,56.2,6,30.3,4,0.0,1,100.0,0.0055,0.0,0.0,0,4,792,4,success,,ros_p390.csv,0.4,b,2.4,
1008,1.8,0.01,1,10.0,0.0,56.2,6,30.3,4,0.0,1,100.0,0.0055,0.0,0.0,0,2,481,4,crash,clip,ros_p390.csv,0.4,b,2.4,
1009,1.8,0.01,1,10.0,0.0,56.2,6,30.3,4,0.0,1,100.0,0.0055,0.0,0.0,0,2,436,4,crash,clip,ros_p390.csv,0.4,b,2.4,
1010,1.8,0.01,1,10.0,0.0,56.2,6,30.3,4,0.0,1,100.0,0.0055,0.0,0.0,0,1,455,4,crash,clip,ros_p390.csv,0.4,b,2.4,
1011,1.8,0.01,1,10.0,0.0,56.2,6,30.3,4,0.0,1,100.0,0.0055,0.0,0.0,0,1,300,4,crash,clip,ros_p390.csv,0.4,b,2.4,
1000,1.4,0.01,1,10.0,0.0,56.2,6,30.3,4,0.0,1,100.0,0.0055,0.0,0.0,0,2,624,4,crash,clip,ros_p390.csv,0.4,b,2.4,
1001,1.4,0.01,1,10.0,0.0,56.2,6,30.3,4,0.0,1,100.0,0.0055,0.0,0.0,0,3,876,4,crash,clip,ros_p390.csv,0.4,b,2.4,
1002,1.4,0.01,1,10.0,0.0,56.2,6,30.3,4,0.0,1,100.0,0.0055,0.0,0.0,0,0,839,4,crash,clip,ros_p390.csv,0.4,b,2.4,
1003,1.4,0.01,1,10.0,0.0,56.2,6,30.3,4,0.0,1,100.0,0.0055,0.0,0.0,0,4,1012,4,success,,ros_p390.csv,0.4,b,2.4,
1004,1.4,0.01,1,10.0,0.0,56.2,6,30.3,4,0.0,1,100.0,0.0055,0.0,0.0,0,3,759,4,crash,clip,ros_p390.csv,0.4,b,2.4,
1005,1.4,0.01,1,10.0,0.0,56.2,6,30.3,4,0.0,1,100.0,0.0055,0.0,0.0,0,2,698,4,crash,clip,ros_p390.csv,0.4,b,2.4,
1006,1.4,0.01,1,10.0,0.0,56.2,6,30.3,4,0.0,1,100.0,0.0055,0.0,0.0,0,3,909,4,crash,clip,ros_p390.csv,0.4,b,2.4,
1007,1.4,0.01,1,10.0,0.0,56.2,6,30.3,4,0.0,1,100.0,0.0055,0.0,0.0,0,4,1008,4,success,,ros_p390.csv,0.4,b,2.4,
1008,1.4,0.01,1,10.0,0.0,56.2,6,30.3,4,0.0,1,100.0,0.0055,0.0,0.0,0,1,387,4,crash,clip,ros_p390.csv,0.4,b,2.4,
1009,1.4,0.01,1,10.0,0.0,56.2,6,30.3,4,0.0,1,100.0,0.0055,0.0,0.0,0,4,954,4,success,,ros_p390.csv,0.4,b,2.4,
1010,1.4,0.01,1,10.0,0.0,56.2,6,30.3,4,0.0,1,100.0,0.0055,0.0,0.0,0,3,872,4,crash,clip,ros_p390.csv,0.4,b,2.4,
1011,1.4,0.01,1,10.0,0.0,56.2,6,30.3,4,0.0,1,100.0,0.0055,0.0,0.0,0,1,344,4,crash,clip,ros_p390.csv,0.4,b,2.4,
1000,1.0,0.01,1,10.0,0.0,56.2,6,30.3,4,0.0,1,100.0,0.0055,0.0,0.0,0,1,749,4,crash,clip,ros_p390.csv,0.4,b,2.4,
1001,1.0,0.01,1,10.0,0.0,56.2,6,30.3,4,0.0,1,100.0,0.0055,0.0,0.0,0,3,1642,4,crash,clip,ros_p390.csv,0.4,b,2.4,
1002,1.0,0.01,1,10.0,0.0,56.2,6,30.3,4,0.0,1,100.0,0.0055,0.0,0.0,0,1,592,4,crash,clip,ros_p390.csv,0.4,b,2.4,
1003,1.0,0.01,1,10.0,0.0,56.2,6,30.3,4,0.0,1,100.0,0.0055,0.0,0.0,0,4,1467,4,success,,ros_p390.csv,0.4,b,2.4,
1004,1.0,0.01,1,10.0,0.0,56.2,6,30.3,4,0.0,1,100.0,0.0055,0.0,0.0,0,1,441,4,crash,clip,ros_p390.csv,0.4,b,2.4,
1005,1.0,0.01,1,10.0,0.0,56.2,6,30.3,4,0.0,1,100.0,0.0055,0.0,0.0,0,2,677,4,crash,clip,ros_p390.csv,0.4,b,2.4,
1006,1.0,0.01,1,10.0,0.0,56.2,6,30.3,4,0.0,1,100.0,0.0055,0.0,0.0,0,1,344,4,crash,clip,ros_p390.csv,0.4,b,2.4,
1007,1.0,0.01,1,10.0,0.0,56.2,6,30.3,4,0.0,1,100.0,0.0055,0.0,0.0,0,2,799,4,crash,clip,ros_p390.csv,0.4,b,2.4,
1008,1.0,0.01,1,10.0,0.0,56.2,6,30.3,4,0.0,1,100.0,0.0055,0.0,0.0,0,1,347,4,crash,clip,ros_p390.csv,0.4,b,2.4,
1009,1.0,0.01,1,10.0,0.0,56.2,6,30.3,4,0.0,1,100.0,0.0055,0.0,0.0,0,2,702,4,crash,clip,ros_p390.csv,0.4,b,2.4,
1010,1.0,0.01,1,10.0,0.0,56.2,6,30.3,4,0.0,1,100.0,0.0055,0.0,0.0,0,2,907,4,crash,clip,ros_p390.csv,0.4,b,2.4,
1011,1.0,0.01,1,10.0,0.0,56.2,6,30.3,4,0.0,1,100.0,0.0055,0.0,0.0,0,1,408,4,crash,clip,ros_p390.csv,0.4,b,2.4,
1000,1.6,0.01,1,10.0,0.0,56.2,6,30.3,4,0.0,1,100.0,0.0055,0.0,0.0,0,1,389,4,crash,clip,ros_p390.csv,0.4,b,2.4,
1001,1.6,0.01,1,10.0,0.0,56.2,6,30.3,4,0.0,1,100.0,0.0055,0.0,0.0,0,1,172,4,crash,clip,ros_p390.csv,0.4,b,2.4,
1002,1.6,0.01,1,10.0,0.0,56.2,6,30.3,4,0.0,1,100.0,0.0055,0.0,0.0,0,1,210,4,crash,clip,ros_p390.csv,0.4,b,2.4,
1003,1.6,0.01,1,10.0,0.0,56.2,6,30.3,4,0.0,1,100.0,0.0055,0.0,0.0,0,1,446,4,crash,clip,ros_p390.csv,0.4,b,2.4,
1004,1.6,0.01,1,10.0,0.0,56.2,6,30.3,4,0.0,1,100.0,0.0055,0.0,0.0,0,2,437,4,crash,clip,ros_p390.csv,0.4,b,2.4,
1005,1.6,0.01,1,10.0,0.0,56.2,6,30.3,4,0.0,1,100.0,0.0055,0.0,0.0,0,4,876,4,success,,ros_p390.csv,0.4,b,2.4,
1006,1.6,0.01,1,10.0,0.0,56.2,6,30.3,4,0.0,1,100.0,0.0055,0.0,0.0,0,1,459,4,crash,clip,ros_p390.csv,0.4,b,2.4,
1007,1.6,0.01,1,10.0,0.0,56.2,6,30.3,4,0.0,1,100.0,0.0055,0.0,0.0,0,4,901,4,success,,ros_p390.csv,0.4,b,2.4,
1008,1.6,0.01,1,10.0,0.0,56.2,6,30.3,4,0.0,1,100.0,0.0055,0.0,0.0,0,1,289,4,crash,clip,ros_p390.csv,0.4,b,2.4,
1009,1.6,0.01,1,10.0,0.0,56.2,6,30.3,4,0.0,1,100.0,0.0055,0.0,0.0,0,1,1568,4,crash,clip,ros_p390.csv,0.4,b,2.4,
1010,1.6,0.01,1,10.0,0.0,56.2,6,30.3,4,0.0,1,100.0,0.0055,0.0,0.0,0,2,420,4,crash,clip,ros_p390.csv,0.4,b,2.4,
1011,1.6,0.01,1,10.0,0.0,56.2,6,30.3,4,0.0,1,100.0,0.0055,0.0,0.0,0,1,287,4,crash,clip,ros_p390.csv,0.4,b,2.4,
1000,1.2,0.01,1,10.0,0.0,56.2,6,30.3,4,0.0,1,100.0,0.0055,0.0,0.0,0,4,1163,4,success,,ros_p390.csv,0.4,b,2.4,
1001,1.2,0.01,1,10.0,0.0,56.2,6,30.3,4,0.0,1,100.0,0.0055,0.0,0.0,0,1,386,4,crash,clip,ros_p390.csv,0.4,b,2.4,
1002,1.2,0.01,1,10.0,0.0,56.2,6,30.3,4,0.0,1,100.0,0.0055,0.0,0.0,0,1,330,4,crash,clip,ros_p390.csv,0.4,b,2.4,
1003,1.2,0.01,1,10.0,0.0,56.2,6,30.3,4,0.0,1,100.0,0.0055,0.0,0.0,0,4,1177,4,success,,ros_p390.csv,0.4,b,2.4,
1004,1.2,0.01,1,10.0,0.0,56.2,6,30.3,4,0.0,1,100.0,0.0055,0.0,0.0,0,1,422,4,crash,clip,ros_p390.csv,0.4,b,2.4,
1005,1.2,0.01,1,10.0,0.0,56.2,6,30.3,4,0.0,1,100.0,0.0055,0.0,0.0,0,3,1106,4,crash,clip,ros_p390.csv,0.4,b,2.4,
1006,1.2,0.01,1,10.0,0.0,56.2,6,30.3,4,0.0,1,100.0,0.0055,0.0,0.0,0,4,1185,4,success,,ros_p390.csv,0.4,b,2.4,
1007,1.2,0.01,1,10.0,0.0,56.2,6,30.3,4,0.0,1,100.0,0.0055,0.0,0.0,0,4,1166,4,success,,ros_p390.csv,0.4,b,2.4,
1008,1.2,0.01,1,10.0,0.0,56.2,6,30.3,4,0.0,1,100.0,0.0055,0.0,0.0,0,2,571,4,crash,clip,ros_p390.csv,0.4,b,2.4,
1009,1.2,0.01,1,10.0,0.0,56.2,6,30.3,4,0.0,1,100.0,0.0055,0.0,0.0,0,3,893,4,crash,clip,ros_p390.csv,0.4,b,2.4,
1010,1.2,0.01,1,10.0,0.0,56.2,6,30.3,4,0.0,1,100.0,0.0055,0.0,0.0,0,1,341,4,crash,clip,ros_p390.csv,0.4,b,2.4,
1011,1.2,0.01,1,10.0,0.0,56.2,6,30.3,4,0.0,1,100.0,0.0055,0.0,0.0,0,1,403,4,crash,clip,ros_p390.csv,0.4,b,2.4,
1000,1.8,0.01,1,10.0,0.0,136.5,14,30.3,4,0.0,1,100.0,0.0055,0.0,0.0,0,1,331,4,crash,clip,ros_vanilla4tm90.csv,0.4,b,2.4,
1001,1.8,0.01,1,10.0,0.0,136.5,14,30.3,4,0.0,1,100.0,0.0055,0.0,0.0,0,0,1089,4,crash,clip,ros_vanilla4tm90.csv,0.4,b,2.4,
1002,1.8,0.01,1,10.0,0.0,136.5,14,30.3,4,0.0,1,100.0,0.0055,0.0,0.0,0,1,181,4,crash,clip,ros_vanilla4tm90.csv,0.4,b,2.4,
1003,1.8,0.01,1,10.0,0.0,136.5,14,30.3,4,0.0,1,100.0,0.0055,0.0,0.0,0,1,279,4,crash,clip,ros_vanilla4tm90.csv,0.4,b,2.4,
1004,1.8,0.01,1,10.0,0.0,136.5,14,30.3,4,0.0,1,100.0,0.0055,0.0,0.0,0,3,656,4,crash,clip,ros_vanilla4tm90.csv,0.4,b,2.4,
1005,1.8,0.01,1,10.0,0.0,136.5,14,30.3,4,0.0,1,100.0,0.0055,0.0,0.0,0,1,501,4,crash,clip,ros_vanilla4tm90.csv,0.4,b,2.4,
1006,1.8,0.01,1,10.0,0.0,136.5,14,30.3,4,0.0,1,100.0,0.0055,0.0,0.0,0,0,955,4,crash,clip,ros_vanilla4tm90.csv,0.4,b,2.4,
1007,1.8,0.01,1,10.0,0.0,136.5,14,30.3,4,0.0,1,100.0,0.0055,0.0,0.0,0,4,792,4,success,,ros_vanilla4tm90.csv,0.4,b,2.4,
1008,1.8,0.01,1,10.0,0.0,136.5,14,30.3,4,0.0,1,100.0,0.0055,0.0,0.0,0,1,221,4,crash,clip,ros_vanilla4tm90.csv,0.4,b,2.4,
1009,1.8,0.01,1,10.0,0.0,136.5,14,30.3,4,0.0,1,100.0,0.0055,0.0,0.0,0,1,244,4,crash,clip,ros_vanilla4tm90.csv,0.4,b,2.4,
1010,1.8,0.01,1,10.0,0.0,136.5,14,30.3,4,0.0,1,100.0,0.0055,0.0,0.0,0,2,462,4,crash,clip,ros_vanilla4tm90.csv,0.4,b,2.4,
1011,1.8,0.01,1,10.0,0.0,136.5,14,30.3,4,0.0,1,100.0,0.0055,0.0,0.0,0,1,245,4,crash,clip,ros_vanilla4tm90.csv,0.4,b,2.4,
1000,1.4,0.01,1,10.0,0.0,136.5,14,30.3,4,0.0,1,100.0,0.0055,0.0,0.0,0,2,624,4,crash,clip,ros_vanilla4tm90.csv,0.4,b,2.4,
1001,1.4,0.01,1,10.0,0.0,136.5,14,30.3,4,0.0,1,100.0,0.0055,0.0,0.0,0,3,879,4,crash,clip,ros_vanilla4tm90.csv,0.4,b,2.4,
1002,1.4,0.01,1,10.0,0.0,136.5,14,30.3,4,0.0,1,100.0,0.0055,0.0,0.0,0,0,762,4,crash,clip,ros_vanilla4tm90.csv,0.4,b,2.4,
1003,1.4,0.01,1,10.0,0.0,136.5,14,30.3,4,0.0,1,100.0,0.0055,0.0,0.0,0,4,1016,4,success,,ros_vanilla4tm90.csv,0.4,b,2.4,
1004,1.4,0.01,1,10.0,0.0,136.5,14,30.3,4,0.0,1,100.0,0.0055,0.0,0.0,0,1,374,4,crash,clip,ros_vanilla4tm90.csv,0.4,b,2.4,
1005,1.4,0.01,1,10.0,0.0,136.5,14,30.3,4,0.0,1,100.0,0.0055,0.0,0.0,0,0,220,4,crash,clip,ros_vanilla4tm90.csv,0.4,b,2.4,
1006,1.4,0.01,1,10.0,0.0,136.5,14,30.3,4,0.0,1,100.0,0.0055,0.0,0.0,0,4,1022,4,success,,ros_vanilla4tm90.csv,0.4,b,2.4,
1007,1.4,0.01,1,10.0,0.0,136.5,14,30.3,4,0.0,1,100.0,0.0055,0.0,0.0,0,4,1003,4,success,,ros_vanilla4tm90.csv,0.4,b,2.4,
1008,1.4,0.01,1,10.0,0.0,136.5,14,30.3,4,0.0,1,100.0,0.0055,0.0,0.0,0,2,399,4,crash,clip,ros_vanilla4tm90.csv,0.4,b,2.4,
1009,1.4,0.01,1,10.0,0.0,136.5,14,30.3,4,0.0,1,100.0,0.0055,0.0,0.0,0,4,964,4,success,,ros_vanilla4tm90.csv,0.4,b,2.4,
1010,1.4,0.01,1,10.0,0.0,136.5,14,30.3,4,0.0,1,100.0,0.0055,0.0,0.0,0,1,320,4,crash,clip,ros_vanilla4tm90.csv,0.4,b,2.4,
1011,1.4,0.01,1,10.0,0.0,136.5,14,30.3,4,0.0,1,100.0,0.0055,0.0,0.0,0,1,350,4,crash,clip,ros_vanilla4tm90.csv,0.4,b,2.4,
1000,1.0,0.01,1,10.0,0.0,136.5,14,30.3,4,0.0,1,100.0,0.0055,0.0,0.0,0,2,961,4,crash,clip,ros_vanilla4tm90.csv,0.4,b,2.4,
1001,1.0,0.01,1,10.0,0.0,136.5,14,30.3,4,0.0,1,100.0,0.0055,0.0,0.0,0,2,1428,4,crash,clip,ros_vanilla4tm90.csv,0.4,b,2.4,
1002,1.0,0.01,1,10.0,0.0,136.5,14,30.3,4,0.0,1,100.0,0.0055,0.0,0.0,0,0,179,4,crash,clip,ros_vanilla4tm90.csv,0.4,b,2.4,
1003,1.0,0.01,1,10.0,0.0,136.5,14,30.3,4,0.0,1,100.0,0.0055,0.0,0.0,0,2,880,4,crash,clip,ros_vanilla4tm90.csv,0.4,b,2.4,
1004,1.0,0.01,1,10.0,0.0,136.5,14,30.3,4,0.0,1,100.0,0.0055,0.0,0.0,0,2,1104,4,crash,clip,ros_vanilla4tm90.csv,0.4,b,2.4,
1005,1.0,0.01,1,10.0,0.0,136.5,14,30.3,4,0.0,1,100.0,0.0055,0.0,0.0,0,1,1182,4,crash,clip,ros_vanilla4tm90.csv,0.4,b,2.4,
1006,1.0,0.01,1,10.0,0.0,136.5,14,30.3,4,0.0,1,100.0,0.0055,0.0,0.0,0,3,1217,4,crash,clip,ros_vanilla4tm90.csv,0.4,b,2.4,
1007,1.0,0.01,1,10.0,0.0,136.5,14,30.3,4,0.0,1,100.0,0.0055,0.0,0.0,0,2,1055,4,crash,clip,ros_vanilla4tm90.csv,0.4,b,2.4,
1008,1.0,0.01,1,10.0,0.0,136.5,14,30.3,4,0.0,1,100.0,0.0055,0.0,0.0,0,1,502,4,crash,clip,ros_vanilla4tm90.csv,0.4,b,2.4,
1009,1.0,0.01,1,10.0,0.0,136.5,14,30.3,4,0.0,1,100.0,0.0055,0.0,0.0,0,3,1026,4,crash,clip,ros_vanilla4tm90.csv,0.4,b,2.4,
1010,1.0,0.01,1,10.0,0.0,136.5,14,30.3,4,0.0,1,100.0,0.0055,0.0,0.0,0,3,1317,4,crash,clip,ros_vanilla4tm90.csv,0.4,b,2.4,
1011,1.0,0.01,1,10.0,0.0,136.5,14,30.3,4,0.0,1,100.0,0.0055,0.0,0.0,0,1,409,4,crash,clip,ros_vanilla4tm90.csv,0.4,b,2.4,
1000,1.6,0.01,1,10.0,0.0,136.5,14,30.3,4,0.0,1,100.0,0.0055,0.0,0.0,0,1,389,4,crash,clip,ros_vanilla4tm90.csv,0.4,b,2.4,
1001,1.6,0.01,1,10.0,0.0,136.5,14,30.3,4,0.0,1,100.0,0.0055,0.0,0.0,0,1,171,4,crash,clip,ros_vanilla4tm90.csv,0.4,b,2.4,
1002,1.6,0.01,1,10.0,0.0,136.5,14,30.3,4,0.0,1,100.0,0.0055,0.0,0.0,0,1,187,4,crash,clip,ros_vanilla4tm90.csv,0.4,b,2.4,
1003,1.6,0.01,1,10.0,0.0,136.5,14,30.3,4,0.0,1,100.0,0.0055,0.0,0.0,0,1,310,4,crash,clip,ros_vanilla4tm90.csv,0.4,b,2.4,
1004,1.6,0.01,1,10.0,0.0,136.5,14,30.3,4,0.0,1,100.0,0.0055,0.0,0.0,0,2,432,4,crash,clip,ros_vanilla4tm90.csv,0.4,b,2.4,
1005,1.6,0.01,1,10.0,0.0,136.5,14,30.3,4,0.0,1,100.0,0.0055,0.0,0.0,0,3,676,4,crash,clip,ros_vanilla4tm90.csv,0.4,b,2.4,
1006,1.6,0.01,1,10.0,0.0,136.5,14,30.3,4,0.0,1,100.0,0.0055,0.0,0.0,0,1,209,4,crash,clip,ros_vanilla4tm90.csv,0.4,b,2.4,
1007,1.6,0.01,1,10.0,0.0,136.5,14,30.3,4,0.0,1,100.0,0.0055,0.0,0.0,0,4,886,4,success,,ros_vanilla4tm90.csv,0.4,b,2.4,
1008,1.6,0.01,1,10.0,0.0,136.5,14,30.3,4,0.0,1,100.0,0.0055,0.0,0.0,0,1,258,4,crash,clip,ros_vanilla4tm90.csv,0.4,b,2.4,
1009,1.6,0.01,1,10.0,0.0,136.5,14,30.3,4,0.0,1,100.0,0.0055,0.0,0.0,0,2,563,4,crash,clip,ros_vanilla4tm90.csv,0.4,b,2.4,
1010,1.6,0.01,1,10.0,0.0,136.5,14,30.3,4,0.0,1,100.0,0.0055,0.0,0.0,0,4,870,4,success,,ros_vanilla4tm90.csv,0.4,b,2.4,
1011,1.6,0.01,1,10.0,0.0,136.5,14,30.3,4,0.0,1,100.0,0.0055,0.0,0.0,0,1,321,4,crash,clip,ros_vanilla4tm90.csv,0.4,b,2.4,
1000,1.2,0.01,1,10.0,0.0,136.5,14,30.3,4,0.0,1,100.0,0.0055,0.0,0.0,0,3,911,4,crash,clip,ros_vanilla4tm90.csv,0.4,b,2.4,
1001,1.2,0.01,1,10.0,0.0,136.5,14,30.3,4,0.0,1,100.0,0.0055,0.0,0.0,0,2,556,4,crash,clip,ros_vanilla4tm90.csv,0.4,b,2.4,
1002,1.2,0.01,1,10.0,0.0,136.5,14,30.3,4,0.0,1,100.0,0.0055,0.0,0.0,0,2,647,4,crash,clip,ros_vanilla4tm90.csv,0.4,b,2.4,
1003,1.2,0.01,1,10.0,0.0,136.5,14,30.3,4,0.0,1,100.0,0.0055,0.0,0.0,0,4,1183,4,success,,ros_vanilla4tm90.csv,0.4,b,2.4,
1004,1.2,0.01,1,10.0,0.0,136.5,14,30.3,4,0.0,1,100.0,0.0055,0.0,0.0,0,1,467,4,crash,clip,ros_vanilla4tm90.csv,0.4,b,2.4,
1005,1.2,0.01,1,10.0,0.0,136.5,14,30.3,4,0.0,1,100.0,0.0055,0.0,0.0,0,4,1170,4,success,,ros_vanilla4tm90.csv,0.4,b,2.4,
1006,1.2,0.01,1,10.0,0.0,136.5,14,30.3,4,0.0,1,100.0,0.0055,0.0,0.0,0,3,1120,4,crash,clip,ros_vanilla4tm90.csv,0.4,b,2.4,
1007,1.2,0.01,1,10.0,0.0,136.5,14,30.3,4,0.0,1,100.0,0.0055,0.0,0.0,0,2,736,4,crash,clip,ros_vanilla4tm90.csv,0.4,b,2.4,
1008,1.2,0.01,1,10.0,0.0,136.5,14,30.3,4,0.0,1,100.0,0.0055,0.0,0.0,0,2,577,4,crash,clip,ros_vanilla4tm90.csv,0.4,b,2.4,
1009,1.2,0.01,1,10.0,0.0,136.5,14,30.3,4,0.0,1,100.0,0.0055,0.0,0.0,0,2,669,4,crash,clip,ros_vanilla4tm90.csv,0.4,b,2.4,
1010,1.2,0.01,1,10.0,0.0,136.5,14,30.3,4,0.0,1,100.0,0.0055,0.0,0.0,0,1,368,4,crash,clip,ros_vanilla4tm90.csv,0.4,b,2.4,
1011,1.2,0.01,1,10.0,0.0,136.5,14,30.3,4,0.0,1,100.0,0.0055,0.0,0.0,0,1,351,4,crash,clip,ros_vanilla4tm90.csv,0.4,b,2.4,
1000,1.8,0.01,1,10.0,0.0,59.9,6,8.3,1,0.0,1,96.24,0.0055,0.0,0.0,0,2,493,4,crash,clip,xpu_a_cpsat_hard.csv,0.4,b,2.4,
1001,1.8,0.01,1,10.0,0.0,59.9,6,8.3,1,0.0,1,96.24,0.0055,0.0,0.0,0,0,251,4,crash,clip,xpu_a_cpsat_hard.csv,0.4,b,2.4,
1002,1.8,0.01,1,10.0,0.0,59.9,6,8.3,1,0.0,1,96.24,0.0055,0.0,0.0,0,0,246,4,crash,clip,xpu_a_cpsat_hard.csv,0.4,b,2.4,
1003,1.8,0.01,1,10.0,0.0,59.9,6,8.3,1,0.0,1,96.24,0.0055,0.0,0.0,0,3,703,4,crash,clip,xpu_a_cpsat_hard.csv,0.4,b,2.4,
1004,1.8,0.01,1,10.0,0.0,59.9,6,8.3,1,0.0,1,96.24,0.0055,0.0,0.0,0,1,311,4,crash,clip,xpu_a_cpsat_hard.csv,0.4,b,2.4,
1005,1.8,0.01,1,10.0,0.0,59.9,6,8.3,1,0.0,1,96.24,0.0055,0.0,0.0,0,1,237,4,crash,clip,xpu_a_cpsat_hard.csv,0.4,b,2.4,
1006,1.8,0.01,1,10.0,0.0,59.9,6,8.3,1,0.0,1,96.24,0.0055,0.0,0.0,0,2,527,4,crash,clip,xpu_a_cpsat_hard.csv,0.4,b,2.4,
1007,1.8,0.01,1,10.0,0.0,59.9,6,8.3,1,0.0,1,96.24,0.0055,0.0,0.0,0,4,793,4,success,,xpu_a_cpsat_hard.csv,0.4,b,2.4,
1008,1.8,0.01,1,10.0,0.0,59.9,6,8.3,1,0.0,1,96.24,0.0055,0.0,0.0,0,1,239,4,crash,clip,xpu_a_cpsat_hard.csv,0.4,b,2.4,
1009,1.8,0.01,1,10.0,0.0,59.9,6,8.3,1,0.0,1,96.24,0.0055,0.0,0.0,0,3,578,4,crash,clip,xpu_a_cpsat_hard.csv,0.4,b,2.4,
1010,1.8,0.01,1,10.0,0.0,59.9,6,8.3,1,0.0,1,96.24,0.0055,0.0,0.0,0,1,379,4,crash,clip,xpu_a_cpsat_hard.csv,0.4,b,2.4,
1011,1.8,0.01,1,10.0,0.0,59.9,6,8.3,1,0.0,1,96.24,0.0055,0.0,0.0,0,1,264,4,crash,clip,xpu_a_cpsat_hard.csv,0.4,b,2.4,
1000,1.4,0.01,1,10.0,0.0,59.9,6,8.3,1,0.0,1,96.24,0.0055,0.0,0.0,0,2,628,4,crash,clip,xpu_a_cpsat_hard.csv,0.4,b,2.4,
1001,1.4,0.01,1,10.0,0.0,59.9,6,8.3,1,0.0,1,96.24,0.0055,0.0,0.0,0,1,316,4,crash,clip,xpu_a_cpsat_hard.csv,0.4,b,2.4,
1002,1.4,0.01,1,10.0,0.0,59.9,6,8.3,1,0.0,1,96.24,0.0055,0.0,0.0,0,0,323,4,crash,clip,xpu_a_cpsat_hard.csv,0.4,b,2.4,
1003,1.4,0.01,1,10.0,0.0,59.9,6,8.3,1,0.0,1,96.24,0.0055,0.0,0.0,0,4,1018,4,success,,xpu_a_cpsat_hard.csv,0.4,b,2.4,
1004,1.4,0.01,1,10.0,0.0,59.9,6,8.3,1,0.0,1,96.24,0.0055,0.0,0.0,0,3,759,4,crash,clip,xpu_a_cpsat_hard.csv,0.4,b,2.4,
1005,1.4,0.01,1,10.0,0.0,59.9,6,8.3,1,0.0,1,96.24,0.0055,0.0,0.0,0,2,703,4,crash,clip,xpu_a_cpsat_hard.csv,0.4,b,2.4,
1006,1.4,0.01,1,10.0,0.0,59.9,6,8.3,1,0.0,1,96.24,0.0055,0.0,0.0,0,4,1046,4,success,,xpu_a_cpsat_hard.csv,0.4,b,2.4,
1007,1.4,0.01,1,10.0,0.0,59.9,6,8.3,1,0.0,1,96.24,0.0055,0.0,0.0,0,2,602,4,crash,clip,xpu_a_cpsat_hard.csv,0.4,b,2.4,
1008,1.4,0.01,1,10.0,0.0,59.9,6,8.3,1,0.0,1,96.24,0.0055,0.0,0.0,0,1,388,4,crash,clip,xpu_a_cpsat_hard.csv,0.4,b,2.4,
1009,1.4,0.01,1,10.0,0.0,59.9,6,8.3,1,0.0,1,96.24,0.0055,0.0,0.0,0,4,978,4,success,,xpu_a_cpsat_hard.csv,0.4,b,2.4,
1010,1.4,0.01,1,10.0,0.0,59.9,6,8.3,1,0.0,1,96.24,0.0055,0.0,0.0,0,1,328,4,crash,clip,xpu_a_cpsat_hard.csv,0.4,b,2.4,
1011,1.4,0.01,1,10.0,0.0,59.9,6,8.3,1,0.0,1,96.24,0.0055,0.0,0.0,0,1,346,4,crash,clip,xpu_a_cpsat_hard.csv,0.4,b,2.4,
1000,1.0,0.01,1,10.0,0.0,59.9,6,8.3,1,0.0,1,96.24,0.0055,0.0,0.0,0,2,933,4,crash,clip,xpu_a_cpsat_hard.csv,0.4,b,2.4,
1001,1.0,0.01,1,10.0,0.0,59.9,6,8.3,1,0.0,1,96.24,0.0055,0.0,0.0,0,4,1374,4,success,,xpu_a_cpsat_hard.csv,0.4,b,2.4,
1002,1.0,0.01,1,10.0,0.0,59.9,6,8.3,1,0.0,1,96.24,0.0055,0.0,0.0,0,1,551,4,crash,clip,xpu_a_cpsat_hard.csv,0.4,b,2.4,
1003,1.0,0.01,1,10.0,0.0,59.9,6,8.3,1,0.0,1,96.24,0.0055,0.0,0.0,0,4,1405,4,success,,xpu_a_cpsat_hard.csv,0.4,b,2.4,
1004,1.0,0.01,1,10.0,0.0,59.9,6,8.3,1,0.0,1,96.24,0.0055,0.0,0.0,0,4,1418,4,success,,xpu_a_cpsat_hard.csv,0.4,b,2.4,
1005,1.0,0.01,1,10.0,0.0,59.9,6,8.3,1,0.0,1,96.24,0.0055,0.0,0.0,0,3,1184,4,crash,clip,xpu_a_cpsat_hard.csv,0.4,b,2.4,
1006,1.0,0.01,1,10.0,0.0,59.9,6,8.3,1,0.0,1,96.24,0.0055,0.0,0.0,0,1,453,4,crash,clip,xpu_a_cpsat_hard.csv,0.4,b,2.4,
1007,1.0,0.01,1,10.0,0.0,59.9,6,8.3,1,0.0,1,96.24,0.0055,0.0,0.0,0,4,1382,4,success,,xpu_a_cpsat_hard.csv,0.4,b,2.4,
1008,1.0,0.01,1,10.0,0.0,59.9,6,8.3,1,0.0,1,96.24,0.0055,0.0,0.0,0,2,640,4,crash,clip,xpu_a_cpsat_hard.csv,0.4,b,2.4,
1009,1.0,0.01,1,10.0,0.0,59.9,6,8.3,1,0.0,1,96.24,0.0055,0.0,0.0,0,4,1354,4,success,,xpu_a_cpsat_hard.csv,0.4,b,2.4,
1010,1.0,0.01,1,10.0,0.0,59.9,6,8.3,1,0.0,1,96.24,0.0055,0.0,0.0,0,2,621,4,crash,clip,xpu_a_cpsat_hard.csv,0.4,b,2.4,
1011,1.0,0.01,1,10.0,0.0,59.9,6,8.3,1,0.0,1,96.24,0.0055,0.0,0.0,0,1,297,4,crash,clip,xpu_a_cpsat_hard.csv,0.4,b,2.4,
1000,1.6,0.01,1,10.0,0.0,59.9,6,8.3,1,0.0,1,96.24,0.0055,0.0,0.0,0,2,571,4,crash,clip,xpu_a_cpsat_hard.csv,0.4,b,2.4,
1001,1.6,0.01,1,10.0,0.0,59.9,6,8.3,1,0.0,1,96.24,0.0055,0.0,0.0,0,0,172,4,crash,clip,xpu_a_cpsat_hard.csv,0.4,b,2.4,
1002,1.6,0.01,1,10.0,0.0,59.9,6,8.3,1,0.0,1,96.24,0.0055,0.0,0.0,0,1,209,4,crash,clip,xpu_a_cpsat_hard.csv,0.4,b,2.4,
1003,1.6,0.01,1,10.0,0.0,59.9,6,8.3,1,0.0,1,96.24,0.0055,0.0,0.0,0,3,1044,4,crash,clip,xpu_a_cpsat_hard.csv,0.4,b,2.4,
1004,1.6,0.01,1,10.0,0.0,59.9,6,8.3,1,0.0,1,96.24,0.0055,0.0,0.0,0,3,704,4,crash,clip,xpu_a_cpsat_hard.csv,0.4,b,2.4,
1005,1.6,0.01,1,10.0,0.0,59.9,6,8.3,1,0.0,1,96.24,0.0055,0.0,0.0,0,4,877,4,success,,xpu_a_cpsat_hard.csv,0.4,b,2.4,
1006,1.6,0.01,1,10.0,0.0,59.9,6,8.3,1,0.0,1,96.24,0.0055,0.0,0.0,0,2,456,4,crash,clip,xpu_a_cpsat_hard.csv,0.4,b,2.4,
1007,1.6,0.01,1,10.0,0.0,59.9,6,8.3,1,0.0,1,96.24,0.0055,0.0,0.0,0,1,270,4,crash,clip,xpu_a_cpsat_hard.csv,0.4,b,2.4,
1008,1.6,0.01,1,10.0,0.0,59.9,6,8.3,1,0.0,1,96.24,0.0055,0.0,0.0,0,2,495,4,crash,clip,xpu_a_cpsat_hard.csv,0.4,b,2.4,
1009,1.6,0.01,1,10.0,0.0,59.9,6,8.3,1,0.0,1,96.24,0.0055,0.0,0.0,0,1,230,4,crash,clip,xpu_a_cpsat_hard.csv,0.4,b,2.4,
1010,1.6,0.01,1,10.0,0.0,59.9,6,8.3,1,0.0,1,96.24,0.0055,0.0,0.0,0,1,268,4,crash,clip,xpu_a_cpsat_hard.csv,0.4,b,2.4,
1011,1.6,0.01,1,10.0,0.0,59.9,6,8.3,1,0.0,1,96.24,0.0055,0.0,0.0,0,1,325,4,crash,clip,xpu_a_cpsat_hard.csv,0.4,b,2.4,
1000,1.2,0.01,1,10.0,0.0,59.9,6,8.3,1,0.0,1,96.24,0.0055,0.0,0.0,0,1,1213,4,crash,clip,xpu_a_cpsat_hard.csv,0.4,b,2.4,
1001,1.2,0.01,1,10.0,0.0,59.9,6,8.3,1,0.0,1,96.24,0.0055,0.0,0.0,0,2,881,4,crash,clip,xpu_a_cpsat_hard.csv,0.4,b,2.4,
1002,1.2,0.01,1,10.0,0.0,59.9,6,8.3,1,0.0,1,96.24,0.0055,0.0,0.0,0,1,401,4,crash,clip,xpu_a_cpsat_hard.csv,0.4,b,2.4,
1003,1.2,0.01,1,10.0,0.0,59.9,6,8.3,1,0.0,1,96.24,0.0055,0.0,0.0,0,2,688,4,crash,clip,xpu_a_cpsat_hard.csv,0.4,b,2.4,
1004,1.2,0.01,1,10.0,0.0,59.9,6,8.3,1,0.0,1,96.24,0.0055,0.0,0.0,0,2,800,4,crash,clip,xpu_a_cpsat_hard.csv,0.4,b,2.4,
1005,1.2,0.01,1,10.0,0.0,59.9,6,8.3,1,0.0,1,96.24,0.0055,0.0,0.0,0,3,1060,4,crash,clip,xpu_a_cpsat_hard.csv,0.4,b,2.4,
1006,1.2,0.01,1,10.0,0.0,59.9,6,8.3,1,0.0,1,96.24,0.0055,0.0,0.0,0,2,776,4,crash,clip,xpu_a_cpsat_hard.csv,0.4,b,2.4,
1007,1.2,0.01,1,10.0,0.0,59.9,6,8.3,1,0.0,1,96.24,0.0055,0.0,0.0,0,1,699,4,crash,clip,xpu_a_cpsat_hard.csv,0.4,b,2.4,
1008,1.2,0.01,1,10.0,0.0,59.9,6,8.3,1,0.0,1,96.24,0.0055,0.0,0.0,0,1,426,4,crash,clip,xpu_a_cpsat_hard.csv,0.4,b,2.4,
1009,1.2,0.01,1,10.0,0.0,59.9,6,8.3,1,0.0,1,96.24,0.0055,0.0,0.0,0,3,943,4,crash,clip,xpu_a_cpsat_hard.csv,0.4,b,2.4,
1010,1.2,0.01,1,10.0,0.0,59.9,6,8.3,1,0.0,1,96.24,0.0055,0.0,0.0,0,1,312,4,crash,clip,xpu_a_cpsat_hard.csv,0.4,b,2.4,
1011,1.2,0.01,1,10.0,0.0,59.9,6,8.3,1,0.0,1,96.24,0.0055,0.0,0.0,0,1,372,4,crash,clip,xpu_a_cpsat_hard.csv,0.4,b,2.4,
1000,1.8,0.01,1,10.0,0.0,947.5,95,0.0,1,0.0,1,35.78,0.0055,0.0,0.0,0,0,184,4,crash,ground,xpu_a90_greedy.csv,0.4,b,2.4,
1001,1.8,0.01,1,10.0,0.0,947.5,95,0.0,1,0.0,1,35.78,0.0055,0.0,0.0,0,0,182,4,crash,ground,xpu_a90_greedy.csv,0.4,b,2.4,
1002,1.8,0.01,1,10.0,0.0,947.5,95,0.0,1,0.0,1,35.78,0.0055,0.0,0.0,0,0,184,4,crash,ground,xpu_a90_greedy.csv,0.4,b,2.4,
1003,1.8,0.01,1,10.0,0.0,947.5,95,0.0,1,0.0,1,35.78,0.0055,0.0,0.0,0,0,184,4,crash,ground,xpu_a90_greedy.csv,0.4,b,2.4,
1004,1.8,0.01,1,10.0,0.0,947.5,95,0.0,1,0.0,1,35.78,0.0055,0.0,0.0,0,0,181,4,crash,ground,xpu_a90_greedy.csv,0.4,b,2.4,
1005,1.8,0.01,1,10.0,0.0,947.5,95,0.0,1,0.0,1,35.78,0.0055,0.0,0.0,0,0,186,4,crash,ground,xpu_a90_greedy.csv,0.4,b,2.4,
1006,1.8,0.01,1,10.0,0.0,947.5,95,0.0,1,0.0,1,35.78,0.0055,0.0,0.0,0,0,184,4,crash,ground,xpu_a90_greedy.csv,0.4,b,2.4,
1007,1.8,0.01,1,10.0,0.0,947.5,95,0.0,1,0.0,1,35.78,0.0055,0.0,0.0,0,0,182,4,crash,ground,xpu_a90_greedy.csv,0.4,b,2.4,
1008,1.8,0.01,1,10.0,0.0,947.5,95,0.0,1,0.0,1,35.78,0.0055,0.0,0.0,0,0,184,4,crash,ground,xpu_a90_greedy.csv,0.4,b,2.4,
1009,1.8,0.01,1,10.0,0.0,947.5,95,0.0,1,0.0,1,35.78,0.0055,0.0,0.0,0,0,184,4,crash,ground,xpu_a90_greedy.csv,0.4,b,2.4,
1010,1.8,0.01,1,10.0,0.0,947.5,95,0.0,1,0.0,1,35.78,0.0055,0.0,0.0,0,0,183,4,crash,ground,xpu_a90_greedy.csv,0.4,b,2.4,
1011,1.8,0.01,1,10.0,0.0,947.5,95,0.0,1,0.0,1,35.78,0.0055,0.0,0.0,0,0,181,4,crash,ground,xpu_a90_greedy.csv,0.4,b,2.4,
1000,1.4,0.01,1,10.0,0.0,947.5,95,0.0,1,0.0,1,35.78,0.0055,0.0,0.0,0,0,188,4,crash,ground,xpu_a90_greedy.csv,0.4,b,2.4,
1001,1.4,0.01,1,10.0,0.0,947.5,95,0.0,1,0.0,1,35.78,0.0055,0.0,0.0,0,0,186,4,crash,ground,xpu_a90_greedy.csv,0.4,b,2.4,
1002,1.4,0.01,1,10.0,0.0,947.5,95,0.0,1,0.0,1,35.78,0.0055,0.0,0.0,0,0,187,4,crash,ground,xpu_a90_greedy.csv,0.4,b,2.4,
1003,1.4,0.01,1,10.0,0.0,947.5,95,0.0,1,0.0,1,35.78,0.0055,0.0,0.0,0,0,187,4,crash,ground,xpu_a90_greedy.csv,0.4,b,2.4,
1004,1.4,0.01,1,10.0,0.0,947.5,95,0.0,1,0.0,1,35.78,0.0055,0.0,0.0,0,0,185,4,crash,ground,xpu_a90_greedy.csv,0.4,b,2.4,
1005,1.4,0.01,1,10.0,0.0,947.5,95,0.0,1,0.0,1,35.78,0.0055,0.0,0.0,0,0,187,4,crash,ground,xpu_a90_greedy.csv,0.4,b,2.4,
1006,1.4,0.01,1,10.0,0.0,947.5,95,0.0,1,0.0,1,35.78,0.0055,0.0,0.0,0,0,187,4,crash,ground,xpu_a90_greedy.csv,0.4,b,2.4,
1007,1.4,0.01,1,10.0,0.0,947.5,95,0.0,1,0.0,1,35.78,0.0055,0.0,0.0,0,0,186,4,crash,ground,xpu_a90_greedy.csv,0.4,b,2.4,
1008,1.4,0.01,1,10.0,0.0,947.5,95,0.0,1,0.0,1,35.78,0.0055,0.0,0.0,0,0,188,4,crash,ground,xpu_a90_greedy.csv,0.4,b,2.4,
1009,1.4,0.01,1,10.0,0.0,947.5,95,0.0,1,0.0,1,35.78,0.0055,0.0,0.0,0,0,188,4,crash,ground,xpu_a90_greedy.csv,0.4,b,2.4,
1010,1.4,0.01,1,10.0,0.0,947.5,95,0.0,1,0.0,1,35.78,0.0055,0.0,0.0,0,0,187,4,crash,ground,xpu_a90_greedy.csv,0.4,b,2.4,
1011,1.4,0.01,1,10.0,0.0,947.5,95,0.0,1,0.0,1,35.78,0.0055,0.0,0.0,0,0,185,4,crash,ground,xpu_a90_greedy.csv,0.4,b,2.4,
1000,1.0,0.01,1,10.0,0.0,947.5,95,0.0,1,0.0,1,35.78,0.0055,0.0,0.0,0,0,192,4,crash,ground,xpu_a90_greedy.csv,0.4,b,2.4,
1001,1.0,0.01,1,10.0,0.0,947.5,95,0.0,1,0.0,1,35.78,0.0055,0.0,0.0,0,0,189,4,crash,ground,xpu_a90_greedy.csv,0.4,b,2.4,
1002,1.0,0.01,1,10.0,0.0,947.5,95,0.0,1,0.0,1,35.78,0.0055,0.0,0.0,0,0,191,4,crash,ground,xpu_a90_greedy.csv,0.4,b,2.4,
1003,1.0,0.01,1,10.0,0.0,947.5,95,0.0,1,0.0,1,35.78,0.0055,0.0,0.0,0,0,189,4,crash,ground,xpu_a90_greedy.csv,0.4,b,2.4,
1004,1.0,0.01,1,10.0,0.0,947.5,95,0.0,1,0.0,1,35.78,0.0055,0.0,0.0,0,0,189,4,crash,ground,xpu_a90_greedy.csv,0.4,b,2.4,
1005,1.0,0.01,1,10.0,0.0,947.5,95,0.0,1,0.0,1,35.78,0.0055,0.0,0.0,0,0,189,4,crash,ground,xpu_a90_greedy.csv,0.4,b,2.4,
1006,1.0,0.01,1,10.0,0.0,947.5,95,0.0,1,0.0,1,35.78,0.0055,0.0,0.0,0,0,189,4,crash,ground,xpu_a90_greedy.csv,0.4,b,2.4,
1007,1.0,0.01,1,10.0,0.0,947.5,95,0.0,1,0.0,1,35.78,0.0055,0.0,0.0,0,0,189,4,crash,ground,xpu_a90_greedy.csv,0.4,b,2.4,
1008,1.0,0.01,1,10.0,0.0,947.5,95,0.0,1,0.0,1,35.78,0.0055,0.0,0.0,0,0,192,4,crash,ground,xpu_a90_greedy.csv,0.4,b,2.4,
1009,1.0,0.01,1,10.0,0.0,947.5,95,0.0,1,0.0,1,35.78,0.0055,0.0,0.0,0,0,191,4,crash,ground,xpu_a90_greedy.csv,0.4,b,2.4,
1010,1.0,0.01,1,10.0,0.0,947.5,95,0.0,1,0.0,1,35.78,0.0055,0.0,0.0,0,0,190,4,crash,ground,xpu_a90_greedy.csv,0.4,b,2.4,
1011,1.0,0.01,1,10.0,0.0,947.5,95,0.0,1,0.0,1,35.78,0.0055,0.0,0.0,0,0,189,4,crash,ground,xpu_a90_greedy.csv,0.4,b,2.4,
1000,1.6,0.01,1,10.0,0.0,947.5,95,0.0,1,0.0,1,35.78,0.0055,0.0,0.0,0,0,187,4,crash,ground,xpu_a90_greedy.csv,0.4,b,2.4,
1001,1.6,0.01,1,10.0,0.0,947.5,95,0.0,1,0.0,1,35.78,0.0055,0.0,0.0,0,0,185,4,crash,ground,xpu_a90_greedy.csv,0.4,b,2.4,
1002,1.6,0.01,1,10.0,0.0,947.5,95,0.0,1,0.0,1,35.78,0.0055,0.0,0.0,0,0,186,4,crash,ground,xpu_a90_greedy.csv,0.4,b,2.4,
1003,1.6,0.01,1,10.0,0.0,947.5,95,0.0,1,0.0,1,35.78,0.0055,0.0,0.0,0,0,185,4,crash,ground,xpu_a90_greedy.csv,0.4,b,2.4,
1004,1.6,0.01,1,10.0,0.0,947.5,95,0.0,1,0.0,1,35.78,0.0055,0.0,0.0,0,0,183,4,crash,ground,xpu_a90_greedy.csv,0.4,b,2.4,
1005,1.6,0.01,1,10.0,0.0,947.5,95,0.0,1,0.0,1,35.78,0.0055,0.0,0.0,0,0,184,4,crash,ground,xpu_a90_greedy.csv,0.4,b,2.4,
1006,1.6,0.01,1,10.0,0.0,947.5,95,0.0,1,0.0,1,35.78,0.0055,0.0,0.0,0,0,185,4,crash,ground,xpu_a90_greedy.csv,0.4,b,2.4,
1007,1.6,0.01,1,10.0,0.0,947.5,95,0.0,1,0.0,1,35.78,0.0055,0.0,0.0,0,0,185,4,crash,ground,xpu_a90_greedy.csv,0.4,b,2.4,
1008,1.6,0.01,1,10.0,0.0,947.5,95,0.0,1,0.0,1,35.78,0.0055,0.0,0.0,0,0,186,4,crash,ground,xpu_a90_greedy.csv,0.4,b,2.4,
1009,1.6,0.01,1,10.0,0.0,947.5,95,0.0,1,0.0,1,35.78,0.0055,0.0,0.0,0,0,187,4,crash,ground,xpu_a90_greedy.csv,0.4,b,2.4,
1010,1.6,0.01,1,10.0,0.0,947.5,95,0.0,1,0.0,1,35.78,0.0055,0.0,0.0,0,0,185,4,crash,ground,xpu_a90_greedy.csv,0.4,b,2.4,
1011,1.6,0.01,1,10.0,0.0,947.5,95,0.0,1,0.0,1,35.78,0.0055,0.0,0.0,0,0,183,4,crash,ground,xpu_a90_greedy.csv,0.4,b,2.4,
1000,1.2,0.01,1,10.0,0.0,947.5,95,0.0,1,0.0,1,35.78,0.0055,0.0,0.0,0,0,190,4,crash,ground,xpu_a90_greedy.csv,0.4,b,2.4,
1001,1.2,0.01,1,10.0,0.0,947.5,95,0.0,1,0.0,1,35.78,0.0055,0.0,0.0,0,0,187,4,crash,ground,xpu_a90_greedy.csv,0.4,b,2.4,
1002,1.2,0.01,1,10.0,0.0,947.5,95,0.0,1,0.0,1,35.78,0.0055,0.0,0.0,0,0,188,4,crash,ground,xpu_a90_greedy.csv,0.4,b,2.4,
1003,1.2,0.01,1,10.0,0.0,947.5,95,0.0,1,0.0,1,35.78,0.0055,0.0,0.0,0,0,188,4,crash,ground,xpu_a90_greedy.csv,0.4,b,2.4,
1004,1.2,0.01,1,10.0,0.0,947.5,95,0.0,1,0.0,1,35.78,0.0055,0.0,0.0,0,0,187,4,crash,ground,xpu_a90_greedy.csv,0.4,b,2.4,
1005,1.2,0.01,1,10.0,0.0,947.5,95,0.0,1,0.0,1,35.78,0.0055,0.0,0.0,0,0,188,4,crash,ground,xpu_a90_greedy.csv,0.4,b,2.4,
1006,1.2,0.01,1,10.0,0.0,947.5,95,0.0,1,0.0,1,35.78,0.0055,0.0,0.0,0,0,188,4,crash,ground,xpu_a90_greedy.csv,0.4,b,2.4,
1007,1.2,0.01,1,10.0,0.0,947.5,95,0.0,1,0.0,1,35.78,0.0055,0.0,0.0,0,0,187,4,crash,ground,xpu_a90_greedy.csv,0.4,b,2.4,
1008,1.2,0.01,1,10.0,0.0,947.5,95,0.0,1,0.0,1,35.78,0.0055,0.0,0.0,0,0,189,4,crash,ground,xpu_a90_greedy.csv,0.4,b,2.4,
1009,1.2,0.01,1,10.0,0.0,947.5,95,0.0,1,0.0,1,35.78,0.0055,0.0,0.0,0,0,189,4,crash,ground,xpu_a90_greedy.csv,0.4,b,2.4,
1010,1.2,0.01,1,10.0,0.0,947.5,95,0.0,1,0.0,1,35.78,0.0055,0.0,0.0,0,0,188,4,crash,ground,xpu_a90_greedy.csv,0.4,b,2.4,
1011,1.2,0.01,1,10.0,0.0,947.5,95,0.0,1,0.0,1,35.78,0.0055,0.0,0.0,0,0,186,4,crash,ground,xpu_a90_greedy.csv,0.4,b,2.4,
1000,1.8,0.01,1,10.0,0.0,242.0,24,0.0,1,0.0,1,100.0,0.0055,0.0,0.0,0,1,331,4,crash,clip,ros_vanilla4tm45.csv,0.2,b,2.4,
1001,1.8,0.01,1,10.0,0.0,242.0,24,0.0,1,0.0,1,100.0,0.0055,0.0,0.0,0,0,871,4,crash,clip,ros_vanilla4tm45.csv,0.2,b,2.4,
1002,1.8,0.01,1,10.0,0.0,242.0,24,0.0,1,0.0,1,100.0,0.0055,0.0,0.0,0,1,180,4,crash,clip,ros_vanilla4tm45.csv,0.2,b,2.4,
1003,1.8,0.01,1,10.0,0.0,242.0,24,0.0,1,0.0,1,100.0,0.0055,0.0,0.0,0,1,255,4,crash,clip,ros_vanilla4tm45.csv,0.2,b,2.4,
1004,1.8,0.01,1,10.0,0.0,242.0,24,0.0,1,0.0,1,100.0,0.0055,0.0,0.0,0,2,522,4,crash,clip,ros_vanilla4tm45.csv,0.2,b,2.4,
1005,1.8,0.01,1,10.0,0.0,242.0,24,0.0,1,0.0,1,100.0,0.0055,0.0,0.0,0,0,386,4,crash,clip,ros_vanilla4tm45.csv,0.2,b,2.4,
1006,1.8,0.01,1,10.0,0.0,242.0,24,0.0,1,0.0,1,100.0,0.0055,0.0,0.0,0,3,604,4,crash,clip,ros_vanilla4tm45.csv,0.2,b,2.4,
1007,1.8,0.01,1,10.0,0.0,242.0,24,0.0,1,0.0,1,100.0,0.0055,0.0,0.0,0,2,502,4,crash,clip,ros_vanilla4tm45.csv,0.2,b,2.4,
1008,1.8,0.01,1,10.0,0.0,242.0,24,0.0,1,0.0,1,100.0,0.0055,0.0,0.0,0,3,700,4,crash,clip,ros_vanilla4tm45.csv,0.2,b,2.4,
1009,1.8,0.01,1,10.0,0.0,242.0,24,0.0,1,0.0,1,100.0,0.0055,0.0,0.0,0,2,456,4,crash,clip,ros_vanilla4tm45.csv,0.2,b,2.4,
1010,1.8,0.01,1,10.0,0.0,242.0,24,0.0,1,0.0,1,100.0,0.0055,0.0,0.0,0,2,511,4,crash,clip,ros_vanilla4tm45.csv,0.2,b,2.4,
1011,1.8,0.01,1,10.0,0.0,242.0,24,0.0,1,0.0,1,100.0,0.0055,0.0,0.0,0,2,495,4,crash,clip,ros_vanilla4tm45.csv,0.2,b,2.4,
1000,1.4,0.01,1,10.0,0.0,242.0,24,0.0,1,0.0,1,100.0,0.0055,0.0,0.0,0,2,638,4,crash,clip,ros_vanilla4tm45.csv,0.2,b,2.4,
1001,1.4,0.01,1,10.0,0.0,242.0,24,0.0,1,0.0,1,100.0,0.0055,0.0,0.0,0,4,991,4,success,,ros_vanilla4tm45.csv,0.2,b,2.4,
1002,1.4,0.01,1,10.0,0.0,242.0,24,0.0,1,0.0,1,100.0,0.0055,0.0,0.0,0,2,594,4,crash,clip,ros_vanilla4tm45.csv,0.2,b,2.4,
1003,1.4,0.01,1,10.0,0.0,242.0,24,0.0,1,0.0,1,100.0,0.0055,0.0,0.0,0,1,439,4,crash,clip,ros_vanilla4tm45.csv,0.2,b,2.4,
1004,1.4,0.01,1,10.0,0.0,242.0,24,0.0,1,0.0,1,100.0,0.0055,0.0,0.0,0,2,613,4,crash,clip,ros_vanilla4tm45.csv,0.2,b,2.4,
1005,1.4,0.01,1,10.0,0.0,242.0,24,0.0,1,0.0,1,100.0,0.0055,0.0,0.0,0,1,1185,4,crash,clip,ros_vanilla4tm45.csv,0.2,b,2.4,
1006,1.4,0.01,1,10.0,0.0,242.0,24,0.0,1,0.0,1,100.0,0.0055,0.0,0.0,0,1,438,4,crash,clip,ros_vanilla4tm45.csv,0.2,b,2.4,
1007,1.4,0.01,1,10.0,0.0,242.0,24,0.0,1,0.0,1,100.0,0.0055,0.0,0.0,0,1,319,4,crash,clip,ros_vanilla4tm45.csv,0.2,b,2.4,
1008,1.4,0.01,1,10.0,0.0,242.0,24,0.0,1,0.0,1,100.0,0.0055,0.0,0.0,0,1,244,4,crash,clip,ros_vanilla4tm45.csv,0.2,b,2.4,
1009,1.4,0.01,1,10.0,0.0,242.0,24,0.0,1,0.0,1,100.0,0.0055,0.0,0.0,0,1,569,4,crash,clip,ros_vanilla4tm45.csv,0.2,b,2.4,
1010,1.4,0.01,1,10.0,0.0,242.0,24,0.0,1,0.0,1,100.0,0.0055,0.0,0.0,0,4,1158,4,success,,ros_vanilla4tm45.csv,0.2,b,2.4,
1011,1.4,0.01,1,10.0,0.0,242.0,24,0.0,1,0.0,1,100.0,0.0055,0.0,0.0,0,4,1001,4,success,,ros_vanilla4tm45.csv,0.2,b,2.4,
1000,1.0,0.01,1,10.0,0.0,242.0,24,0.0,1,0.0,1,100.0,0.0055,0.0,0.0,0,2,985,4,crash,clip,ros_vanilla4tm45.csv,0.2,b,2.4,
1001,1.0,0.01,1,10.0,0.0,242.0,24,0.0,1,0.0,1,100.0,0.0055,0.0,0.0,0,1,458,4,crash,clip,ros_vanilla4tm45.csv,0.2,b,2.4,
1002,1.0,0.01,1,10.0,0.0,242.0,24,0.0,1,0.0,1,100.0,0.0055,0.0,0.0,0,1,280,4,crash,clip,ros_vanilla4tm45.csv,0.2,b,2.4,
1003,1.0,0.01,1,10.0,0.0,242.0,24,0.0,1,0.0,1,100.0,0.0055,0.0,0.0,0,1,441,4,crash,clip,ros_vanilla4tm45.csv,0.2,b,2.4,
1004,1.0,0.01,1,10.0,0.0,242.0,24,0.0,1,0.0,1,100.0,0.0055,0.0,0.0,0,1,579,4,crash,clip,ros_vanilla4tm45.csv,0.2,b,2.4,
1005,1.0,0.01,1,10.0,0.0,242.0,24,0.0,1,0.0,1,100.0,0.0055,0.0,0.0,0,3,1346,4,crash,clip,ros_vanilla4tm45.csv,0.2,b,2.4,
1006,1.0,0.01,1,10.0,0.0,242.0,24,0.0,1,0.0,1,100.0,0.0055,0.0,0.0,0,1,607,4,crash,clip,ros_vanilla4tm45.csv,0.2,b,2.4,
1007,1.0,0.01,1,10.0,0.0,242.0,24,0.0,1,0.0,1,100.0,0.0055,0.0,0.0,0,1,755,4,crash,clip,ros_vanilla4tm45.csv,0.2,b,2.4,
1008,1.0,0.01,1,10.0,0.0,242.0,24,0.0,1,0.0,1,100.0,0.0055,0.0,0.0,0,1,363,4,crash,clip,ros_vanilla4tm45.csv,0.2,b,2.4,
1009,1.0,0.01,1,10.0,0.0,242.0,24,0.0,1,0.0,1,100.0,0.0055,0.0,0.0,0,4,1411,4,success,,ros_vanilla4tm45.csv,0.2,b,2.4,
1010,1.0,0.01,1,10.0,0.0,242.0,24,0.0,1,0.0,1,100.0,0.0055,0.0,0.0,0,1,476,4,crash,clip,ros_vanilla4tm45.csv,0.2,b,2.4,
1011,1.0,0.01,1,10.0,0.0,242.0,24,0.0,1,0.0,1,100.0,0.0055,0.0,0.0,0,3,1081,4,crash,clip,ros_vanilla4tm45.csv,0.2,b,2.4,
1000,1.6,0.01,1,10.0,0.0,242.0,24,0.0,1,0.0,1,100.0,0.0055,0.0,0.0,0,2,558,4,crash,clip,ros_vanilla4tm45.csv,0.2,b,2.4,
1001,1.6,0.01,1,10.0,0.0,242.0,24,0.0,1,0.0,1,100.0,0.0055,0.0,0.0,0,1,171,4,crash,clip,ros_vanilla4tm45.csv,0.2,b,2.4,
1002,1.6,0.01,1,10.0,0.0,242.0,24,0.0,1,0.0,1,100.0,0.0055,0.0,0.0,0,0,555,4,crash,clip,ros_vanilla4tm45.csv,0.2,b,2.4,
1003,1.6,0.01,1,10.0,0.0,242.0,24,0.0,1,0.0,1,100.0,0.0055,0.0,0.0,0,1,293,4,crash,clip,ros_vanilla4tm45.csv,0.2,b,2.4,
1004,1.6,0.01,1,10.0,0.0,242.0,24,0.0,1,0.0,1,100.0,0.0055,0.0,0.0,0,3,705,4,crash,clip,ros_vanilla4tm45.csv,0.2,b,2.4,
1005,1.6,0.01,1,10.0,0.0,242.0,24,0.0,1,0.0,1,100.0,0.0055,0.0,0.0,0,1,308,4,crash,clip,ros_vanilla4tm45.csv,0.2,b,2.4,
1006,1.6,0.01,1,10.0,0.0,242.0,24,0.0,1,0.0,1,100.0,0.0055,0.0,0.0,0,0,286,4,crash,clip,ros_vanilla4tm45.csv,0.2,b,2.4,
1007,1.6,0.01,1,10.0,0.0,242.0,24,0.0,1,0.0,1,100.0,0.0055,0.0,0.0,0,2,559,4,crash,clip,ros_vanilla4tm45.csv,0.2,b,2.4,
1008,1.6,0.01,1,10.0,0.0,242.0,24,0.0,1,0.0,1,100.0,0.0055,0.0,0.0,0,0,241,4,crash,clip,ros_vanilla4tm45.csv,0.2,b,2.4,
1009,1.6,0.01,1,10.0,0.0,242.0,24,0.0,1,0.0,1,100.0,0.0055,0.0,0.0,0,2,537,4,crash,clip,ros_vanilla4tm45.csv,0.2,b,2.4,
1010,1.6,0.01,1,10.0,0.0,242.0,24,0.0,1,0.0,1,100.0,0.0055,0.0,0.0,0,1,281,4,crash,clip,ros_vanilla4tm45.csv,0.2,b,2.4,
1011,1.6,0.01,1,10.0,0.0,242.0,24,0.0,1,0.0,1,100.0,0.0055,0.0,0.0,0,1,312,4,crash,clip,ros_vanilla4tm45.csv,0.2,b,2.4,
1000,1.2,0.01,1,10.0,0.0,242.0,24,0.0,1,0.0,1,100.0,0.0055,0.0,0.0,0,2,722,4,crash,clip,ros_vanilla4tm45.csv,0.2,b,2.4,
1001,1.2,0.01,1,10.0,0.0,242.0,24,0.0,1,0.0,1,100.0,0.0055,0.0,0.0,0,4,1150,4,success,,ros_vanilla4tm45.csv,0.2,b,2.4,
1002,1.2,0.01,1,10.0,0.0,242.0,24,0.0,1,0.0,1,100.0,0.0055,0.0,0.0,0,2,660,4,crash,clip,ros_vanilla4tm45.csv,0.2,b,2.4,
1003,1.2,0.01,1,10.0,0.0,242.0,24,0.0,1,0.0,1,100.0,0.0055,0.0,0.0,0,4,1175,4,success,,ros_vanilla4tm45.csv,0.2,b,2.4,
1004,1.2,0.01,1,10.0,0.0,242.0,24,0.0,1,0.0,1,100.0,0.0055,0.0,0.0,0,2,714,4,crash,clip,ros_vanilla4tm45.csv,0.2,b,2.4,
1005,1.2,0.01,1,10.0,0.0,242.0,24,0.0,1,0.0,1,100.0,0.0055,0.0,0.0,0,1,632,4,crash,clip,ros_vanilla4tm45.csv,0.2,b,2.4,
1006,1.2,0.01,1,10.0,0.0,242.0,24,0.0,1,0.0,1,100.0,0.0055,0.0,0.0,0,2,724,4,crash,clip,ros_vanilla4tm45.csv,0.2,b,2.4,
1007,1.2,0.01,1,10.0,0.0,242.0,24,0.0,1,0.0,1,100.0,0.0055,0.0,0.0,0,4,1204,4,success,,ros_vanilla4tm45.csv,0.2,b,2.4,
1008,1.2,0.01,1,10.0,0.0,242.0,24,0.0,1,0.0,1,100.0,0.0055,0.0,0.0,0,1,359,4,crash,clip,ros_vanilla4tm45.csv,0.2,b,2.4,
1009,1.2,0.01,1,10.0,0.0,242.0,24,0.0,1,0.0,1,100.0,0.0055,0.0,0.0,0,1,314,4,crash,clip,ros_vanilla4tm45.csv,0.2,b,2.4,
1010,1.2,0.01,1,10.0,0.0,242.0,24,0.0,1,0.0,1,100.0,0.0055,0.0,0.0,0,2,765,4,crash,clip,ros_vanilla4tm45.csv,0.2,b,2.4,
1011,1.2,0.01,1,10.0,0.0,242.0,24,0.0,1,0.0,1,100.0,0.0055,0.0,0.0,0,2,823,4,crash,clip,ros_vanilla4tm45.csv,0.2,b,2.4,
1000,1.8,0.01,1,10.0,0.0,55.8,6,0.0,1,0.0,1,100.0,0.0055,0.0,0.0,0,2,493,4,crash,clip,ros_p345.csv,0.2,b,2.4,
1001,1.8,0.01,1,10.0,0.0,55.8,6,0.0,1,0.0,1,100.0,0.0055,0.0,0.0,0,0,251,4,crash,clip,ros_p345.csv,0.2,b,2.4,
1002,1.8,0.01,1,10.0,0.0,55.8,6,0.0,1,0.0,1,100.0,0.0055,0.0,0.0,0,0,245,4,crash,clip,ros_p345.csv,0.2,b,2.4,
1003,1.8,0.01,1,10.0,0.0,55.8,6,0.0,1,0.0,1,100.0,0.0055,0.0,0.0,0,4,799,4,success,,ros_p345.csv,0.2,b,2.4,
1004,1.8,0.01,1,10.0,0.0,55.8,6,0.0,1,0.0,1,100.0,0.0055,0.0,0.0,0,4,817,4,success,,ros_p345.csv,0.2,b,2.4,
1005,1.8,0.01,1,10.0,0.0,55.8,6,0.0,1,0.0,1,100.0,0.0055,0.0,0.0,0,2,480,4,crash,clip,ros_p345.csv,0.2,b,2.4,
1006,1.8,0.01,1,10.0,0.0,55.8,6,0.0,1,0.0,1,100.0,0.0055,0.0,0.0,0,2,508,4,crash,clip,ros_p345.csv,0.2,b,2.4,
1007,1.8,0.01,1,10.0,0.0,55.8,6,0.0,1,0.0,1,100.0,0.0055,0.0,0.0,0,1,292,4,crash,clip,ros_p345.csv,0.2,b,2.4,
1008,1.8,0.01,1,10.0,0.0,55.8,6,0.0,1,0.0,1,100.0,0.0055,0.0,0.0,0,1,240,4,crash,clip,ros_p345.csv,0.2,b,2.4,
1009,1.8,0.01,1,10.0,0.0,55.8,6,0.0,1,0.0,1,100.0,0.0055,0.0,0.0,0,4,755,4,success,,ros_p345.csv,0.2,b,2.4,
1010,1.8,0.01,1,10.0,0.0,55.8,6,0.0,1,0.0,1,100.0,0.0055,0.0,0.0,0,1,601,4,crash,clip,ros_p345.csv,0.2,b,2.4,
1011,1.8,0.01,1,10.0,0.0,55.8,6,0.0,1,0.0,1,100.0,0.0055,0.0,0.0,0,1,274,4,crash,clip,ros_p345.csv,0.2,b,2.4,
1000,1.4,0.01,1,10.0,0.0,55.8,6,0.0,1,0.0,1,100.0,0.0055,0.0,0.0,0,3,973,4,crash,clip,ros_p345.csv,0.2,b,2.4,
1001,1.4,0.01,1,10.0,0.0,55.8,6,0.0,1,0.0,1,100.0,0.0055,0.0,0.0,0,2,477,4,crash,clip,ros_p345.csv,0.2,b,2.4,
1002,1.4,0.01,1,10.0,0.0,55.8,6,0.0,1,0.0,1,100.0,0.0055,0.0,0.0,0,1,259,4,crash,clip,ros_p345.csv,0.2,b,2.4,
1003,1.4,0.01,1,10.0,0.0,55.8,6,0.0,1,0.0,1,100.0,0.0055,0.0,0.0,0,3,856,4,crash,clip,ros_p345.csv,0.2,b,2.4,
1004,1.4,0.01,1,10.0,0.0,55.8,6,0.0,1,0.0,1,100.0,0.0055,0.0,0.0,0,3,763,4,crash,clip,ros_p345.csv,0.2,b,2.4,
1005,1.4,0.01,1,10.0,0.0,55.8,6,0.0,1,0.0,1,100.0,0.0055,0.0,0.0,0,2,484,4,crash,clip,ros_p345.csv,0.2,b,2.4,
1006,1.4,0.01,1,10.0,0.0,55.8,6,0.0,1,0.0,1,100.0,0.0055,0.0,0.0,0,2,680,4,crash,clip,ros_p345.csv,0.2,b,2.4,
1007,1.4,0.01,1,10.0,0.0,55.8,6,0.0,1,0.0,1,100.0,0.0055,0.0,0.0,0,4,1006,4,success,,ros_p345.csv,0.2,b,2.4,
1008,1.4,0.01,1,10.0,0.0,55.8,6,0.0,1,0.0,1,100.0,0.0055,0.0,0.0,0,1,386,4,crash,clip,ros_p345.csv,0.2,b,2.4,
1009,1.4,0.01,1,10.0,0.0,55.8,6,0.0,1,0.0,1,100.0,0.0055,0.0,0.0,0,3,895,4,crash,clip,ros_p345.csv,0.2,b,2.4,
1010,1.4,0.01,1,10.0,0.0,55.8,6,0.0,1,0.0,1,100.0,0.0055,0.0,0.0,0,1,341,4,crash,clip,ros_p345.csv,0.2,b,2.4,
1011,1.4,0.01,1,10.0,0.0,55.8,6,0.0,1,0.0,1,100.0,0.0055,0.0,0.0,0,1,356,4,crash,clip,ros_p345.csv,0.2,b,2.4,
1000,1.0,0.01,1,10.0,0.0,55.8,6,0.0,1,0.0,1,100.0,0.0055,0.0,0.0,0,4,1406,4,success,,ros_p345.csv,0.2,b,2.4,
1001,1.0,0.01,1,10.0,0.0,55.8,6,0.0,1,0.0,1,100.0,0.0055,0.0,0.0,0,4,1352,4,success,,ros_p345.csv,0.2,b,2.4,
1002,1.0,0.01,1,10.0,0.0,55.8,6,0.0,1,0.0,1,100.0,0.0055,0.0,0.0,0,1,526,4,crash,clip,ros_p345.csv,0.2,b,2.4,
1003,1.0,0.01,1,10.0,0.0,55.8,6,0.0,1,0.0,1,100.0,0.0055,0.0,0.0,0,4,1406,4,success,,ros_p345.csv,0.2,b,2.4,
1004,1.0,0.01,1,10.0,0.0,55.8,6,0.0,1,0.0,1,100.0,0.0055,0.0,0.0,0,1,580,4,crash,clip,ros_p345.csv,0.2,b,2.4,
1005,1.0,0.01,1,10.0,0.0,55.8,6,0.0,1,0.0,1,100.0,0.0055,0.0,0.0,0,1,270,4,crash,clip,ros_p345.csv,0.2,b,2.4,
1006,1.0,0.01,1,10.0,0.0,55.8,6,0.0,1,0.0,1,100.0,0.0055,0.0,0.0,0,2,875,4,crash,clip,ros_p345.csv,0.2,b,2.4,
1007,1.0,0.01,1,10.0,0.0,55.8,6,0.0,1,0.0,1,100.0,0.0055,0.0,0.0,0,4,1376,4,success,,ros_p345.csv,0.2,b,2.4,
1008,1.0,0.01,1,10.0,0.0,55.8,6,0.0,1,0.0,1,100.0,0.0055,0.0,0.0,0,2,637,4,crash,clip,ros_p345.csv,0.2,b,2.4,
1009,1.0,0.01,1,10.0,0.0,55.8,6,0.0,1,0.0,1,100.0,0.0055,0.0,0.0,0,1,769,4,crash,clip,ros_p345.csv,0.2,b,2.4,
1010,1.0,0.01,1,10.0,0.0,55.8,6,0.0,1,0.0,1,100.0,0.0055,0.0,0.0,0,1,494,4,crash,clip,ros_p345.csv,0.2,b,2.4,
1011,1.0,0.01,1,10.0,0.0,55.8,6,0.0,1,0.0,1,100.0,0.0055,0.0,0.0,0,1,299,4,crash,clip,ros_p345.csv,0.2,b,2.4,
1000,1.6,0.01,1,10.0,0.0,55.8,6,0.0,1,0.0,1,100.0,0.0055,0.0,0.0,0,2,549,4,crash,clip,ros_p345.csv,0.2,b,2.4,
1001,1.6,0.01,1,10.0,0.0,55.8,6,0.0,1,0.0,1,100.0,0.0055,0.0,0.0,0,0,172,4,crash,clip,ros_p345.csv,0.2,b,2.4,
1002,1.6,0.01,1,10.0,0.0,55.8,6,0.0,1,0.0,1,100.0,0.0055,0.0,0.0,0,1,210,4,crash,clip,ros_p345.csv,0.2,b,2.4,
1003,1.6,0.01,1,10.0,0.0,55.8,6,0.0,1,0.0,1,100.0,0.0055,0.0,0.0,0,4,935,4,success,,ros_p345.csv,0.2,b,2.4,
1004,1.6,0.01,1,10.0,0.0,55.8,6,0.0,1,0.0,1,100.0,0.0055,0.0,0.0,0,1,335,4,crash,clip,ros_p345.csv,0.2,b,2.4,
1005,1.6,0.01,1,10.0,0.0,55.8,6,0.0,1,0.0,1,100.0,0.0055,0.0,0.0,0,4,876,4,success,,ros_p345.csv,0.2,b,2.4,
1006,1.6,0.01,1,10.0,0.0,55.8,6,0.0,1,0.0,1,100.0,0.0055,0.0,0.0,0,3,827,4,crash,clip,ros_p345.csv,0.2,b,2.4,
1007,1.6,0.01,1,10.0,0.0,55.8,6,0.0,1,0.0,1,100.0,0.0055,0.0,0.0,0,2,534,4,crash,clip,ros_p345.csv,0.2,b,2.4,
1008,1.6,0.01,1,10.0,0.0,55.8,6,0.0,1,0.0,1,100.0,0.0055,0.0,0.0,0,1,157,4,crash,clip,ros_p345.csv,0.2,b,2.4,
1009,1.6,0.01,1,10.0,0.0,55.8,6,0.0,1,0.0,1,100.0,0.0055,0.0,0.0,0,2,539,4,crash,clip,ros_p345.csv,0.2,b,2.4,
1010,1.6,0.01,1,10.0,0.0,55.8,6,0.0,1,0.0,1,100.0,0.0055,0.0,0.0,0,4,867,4,success,,ros_p345.csv,0.2,b,2.4,
1011,1.6,0.01,1,10.0,0.0,55.8,6,0.0,1,0.0,1,100.0,0.0055,0.0,0.0,0,1,336,4,crash,clip,ros_p345.csv,0.2,b,2.4,
1000,1.2,0.01,1,10.0,0.0,55.8,6,0.0,1,0.0,1,100.0,0.0055,0.0,0.0,0,4,1212,4,success,,ros_p345.csv,0.2,b,2.4,
1001,1.2,0.01,1,10.0,0.0,55.8,6,0.0,1,0.0,1,100.0,0.0055,0.0,0.0,0,1,376,4,crash,clip,ros_p345.csv,0.2,b,2.4,
1002,1.2,0.01,1,10.0,0.0,55.8,6,0.0,1,0.0,1,100.0,0.0055,0.0,0.0,0,1,239,4,crash,clip,ros_p345.csv,0.2,b,2.4,
1003,1.2,0.01,1,10.0,0.0,55.8,6,0.0,1,0.0,1,100.0,0.0055,0.0,0.0,0,2,725,4,crash,clip,ros_p345.csv,0.2,b,2.4,
1004,1.2,0.01,1,10.0,0.0,55.8,6,0.0,1,0.0,1,100.0,0.0055,0.0,0.0,0,2,761,4,crash,clip,ros_p345.csv,0.2,b,2.4,
1005,1.2,0.01,1,10.0,0.0,55.8,6,0.0,1,0.0,1,100.0,0.0055,0.0,0.0,0,2,560,4,crash,clip,ros_p345.csv,0.2,b,2.4,
1006,1.2,0.01,1,10.0,0.0,55.8,6,0.0,1,0.0,1,100.0,0.0055,0.0,0.0,0,1,640,4,crash,clip,ros_p345.csv,0.2,b,2.4,
1007,1.2,0.01,1,10.0,0.0,55.8,6,0.0,1,0.0,1,100.0,0.0055,0.0,0.0,0,2,700,4,crash,clip,ros_p345.csv,0.2,b,2.4,
1008,1.2,0.01,1,10.0,0.0,55.8,6,0.0,1,0.0,1,100.0,0.0055,0.0,0.0,0,1,436,4,crash,clip,ros_p345.csv,0.2,b,2.4,
1009,1.2,0.01,1,10.0,0.0,55.8,6,0.0,1,0.0,1,100.0,0.0055,0.0,0.0,0,4,1111,4,success,,ros_p345.csv,0.2,b,2.4,
1010,1.2,0.01,1,10.0,0.0,55.8,6,0.0,1,0.0,1,100.0,0.0055,0.0,0.0,0,3,1800,4,timeout,,ros_p345.csv,0.2,b,2.4,
1011,1.2,0.01,1,10.0,0.0,55.8,6,0.0,1,0.0,1,100.0,0.0055,0.0,0.0,0,3,1132,4,crash,clip,ros_p345.csv,0.2,b,2.4,
1000,1.8,0.01,1,10.0,0.0,31.1,3,0.0,1,0.0,1,100.0,0.0055,0.0,0.0,0,2,492,4,crash,clip,ros_p3_q145.csv,0.2,b,2.4,
1001,1.8,0.01,1,10.0,0.0,31.1,3,0.0,1,0.0,1,100.0,0.0055,0.0,0.0,0,0,1153,4,crash,clip,ros_p3_q145.csv,0.2,b,2.4,
1002,1.8,0.01,1,10.0,0.0,31.1,3,0.0,1,0.0,1,100.0,0.0055,0.0,0.0,0,1,179,4,crash,clip,ros_p3_q145.csv,0.2,b,2.4,
1003,1.8,0.01,1,10.0,0.0,31.1,3,0.0,1,0.0,1,100.0,0.0055,0.0,0.0,0,1,338,4,crash,clip,ros_p3_q145.csv,0.2,b,2.4,
1004,1.8,0.01,1,10.0,0.0,31.1,3,0.0,1,0.0,1,100.0,0.0055,0.0,0.0,0,2,501,4,crash,clip,ros_p3_q145.csv,0.2,b,2.4,
1005,1.8,0.01,1,10.0,0.0,31.1,3,0.0,1,0.0,1,100.0,0.0055,0.0,0.0,0,2,386,4,crash,clip,ros_p3_q145.csv,0.2,b,2.4,
1006,1.8,0.01,1,10.0,0.0,31.1,3,0.0,1,0.0,1,100.0,0.0055,0.0,0.0,0,3,606,4,crash,clip,ros_p3_q145.csv,0.2,b,2.4,
1007,1.8,0.01,1,10.0,0.0,31.1,3,0.0,1,0.0,1,100.0,0.0055,0.0,0.0,0,4,789,4,success,,ros_p3_q145.csv,0.2,b,2.4,
1008,1.8,0.01,1,10.0,0.0,31.1,3,0.0,1,0.0,1,100.0,0.0055,0.0,0.0,0,1,254,4,crash,clip,ros_p3_q145.csv,0.2,b,2.4,
1009,1.8,0.01,1,10.0,0.0,31.1,3,0.0,1,0.0,1,100.0,0.0055,0.0,0.0,0,2,474,4,crash,clip,ros_p3_q145.csv,0.2,b,2.4,
1010,1.8,0.01,1,10.0,0.0,31.1,3,0.0,1,0.0,1,100.0,0.0055,0.0,0.0,0,1,379,4,crash,clip,ros_p3_q145.csv,0.2,b,2.4,
1011,1.8,0.01,1,10.0,0.0,31.1,3,0.0,1,0.0,1,100.0,0.0055,0.0,0.0,0,1,639,4,crash,clip,ros_p3_q145.csv,0.2,b,2.4,
1000,1.4,0.01,1,10.0,0.0,31.1,3,0.0,1,0.0,1,100.0,0.0055,0.0,0.0,0,4,1019,4,success,,ros_p3_q145.csv,0.2,b,2.4,
1001,1.4,0.01,1,10.0,0.0,31.1,3,0.0,1,0.0,1,100.0,0.0055,0.0,0.0,0,2,573,4,crash,clip,ros_p3_q145.csv,0.2,b,2.4,
1002,1.4,0.01,1,10.0,0.0,31.1,3,0.0,1,0.0,1,100.0,0.0055,0.0,0.0,0,2,591,4,crash,clip,ros_p3_q145.csv,0.2,b,2.4,
1003,1.4,0.01,1,10.0,0.0,31.1,3,0.0,1,0.0,1,100.0,0.0055,0.0,0.0,0,3,922,4,crash,clip,ros_p3_q145.csv,0.2,b,2.4,
1004,1.4,0.01,1,10.0,0.0,31.1,3,0.0,1,0.0,1,100.0,0.0055,0.0,0.0,0,2,618,4,crash,clip,ros_p3_q145.csv,0.2,b,2.4,
1005,1.4,0.01,1,10.0,0.0,31.1,3,0.0,1,0.0,1,100.0,0.0055,0.0,0.0,0,2,696,4,crash,clip,ros_p3_q145.csv,0.2,b,2.4,
1006,1.4,0.01,1,10.0,0.0,31.1,3,0.0,1,0.0,1,100.0,0.0055,0.0,0.0,0,3,925,4,crash,clip,ros_p3_q145.csv,0.2,b,2.4,
1007,1.4,0.01,1,10.0,0.0,31.1,3,0.0,1,0.0,1,100.0,0.0055,0.0,0.0,0,4,999,4,success,,ros_p3_q145.csv,0.2,b,2.4,
1008,1.4,0.01,1,10.0,0.0,31.1,3,0.0,1,0.0,1,100.0,0.0055,0.0,0.0,0,2,388,4,crash,clip,ros_p3_q145.csv,0.2,b,2.4,
1009,1.4,0.01,1,10.0,0.0,31.1,3,0.0,1,0.0,1,100.0,0.0055,0.0,0.0,0,2,553,4,crash,clip,ros_p3_q145.csv,0.2,b,2.4,
1010,1.4,0.01,1,10.0,0.0,31.1,3,0.0,1,0.0,1,100.0,0.0055,0.0,0.0,0,2,564,4,crash,clip,ros_p3_q145.csv,0.2,b,2.4,
1011,1.4,0.01,1,10.0,0.0,31.1,3,0.0,1,0.0,1,100.0,0.0055,0.0,0.0,0,1,344,4,crash,clip,ros_p3_q145.csv,0.2,b,2.4,
1000,1.0,0.01,1,10.0,0.0,31.1,3,0.0,1,0.0,1,100.0,0.0055,0.0,0.0,0,4,1390,4,success,,ros_p3_q145.csv,0.2,b,2.4,
1001,1.0,0.01,1,10.0,0.0,31.1,3,0.0,1,0.0,1,100.0,0.0055,0.0,0.0,0,4,1355,4,success,,ros_p3_q145.csv,0.2,b,2.4,
1002,1.0,0.01,1,10.0,0.0,31.1,3,0.0,1,0.0,1,100.0,0.0055,0.0,0.0,0,2,724,4,crash,clip,ros_p3_q145.csv,0.2,b,2.4,
1003,1.0,0.01,1,10.0,0.0,31.1,3,0.0,1,0.0,1,100.0,0.0055,0.0,0.0,0,2,857,4,crash,clip,ros_p3_q145.csv,0.2,b,2.4,
1004,1.0,0.01,1,10.0,0.0,31.1,3,0.0,1,0.0,1,100.0,0.0055,0.0,0.0,0,2,1103,4,crash,clip,ros_p3_q145.csv,0.2,b,2.4,
1005,1.0,0.01,1,10.0,0.0,31.1,3,0.0,1,0.0,1,100.0,0.0055,0.0,0.0,0,3,1185,4,crash,clip,ros_p3_q145.csv,0.2,b,2.4,
1006,1.0,0.01,1,10.0,0.0,31.1,3,0.0,1,0.0,1,100.0,0.0055,0.0,0.0,0,3,1213,4,crash,clip,ros_p3_q145.csv,0.2,b,2.4,
1007,1.0,0.01,1,10.0,0.0,31.1,3,0.0,1,0.0,1,100.0,0.0055,0.0,0.0,0,4,1384,4,success,,ros_p3_q145.csv,0.2,b,2.4,
1008,1.0,0.01,1,10.0,0.0,31.1,3,0.0,1,0.0,1,100.0,0.0055,0.0,0.0,0,2,629,4,crash,clip,ros_p3_q145.csv,0.2,b,2.4,
1009,1.0,0.01,1,10.0,0.0,31.1,3,0.0,1,0.0,1,100.0,0.0055,0.0,0.0,0,2,1052,4,crash,clip,ros_p3_q145.csv,0.2,b,2.4,
1010,1.0,0.01,1,10.0,0.0,31.1,3,0.0,1,0.0,1,100.0,0.0055,0.0,0.0,0,1,441,4,crash,clip,ros_p3_q145.csv,0.2,b,2.4,
1011,1.0,0.01,1,10.0,0.0,31.1,3,0.0,1,0.0,1,100.0,0.0055,0.0,0.0,0,1,302,4,crash,clip,ros_p3_q145.csv,0.2,b,2.4,
1000,1.6,0.01,1,10.0,0.0,31.1,3,0.0,1,0.0,1,100.0,0.0055,0.0,0.0,0,1,392,4,crash,clip,ros_p3_q145.csv,0.2,b,2.4,
1001,1.6,0.01,1,10.0,0.0,31.1,3,0.0,1,0.0,1,100.0,0.0055,0.0,0.0,0,1,171,4,crash,clip,ros_p3_q145.csv,0.2,b,2.4,
1002,1.6,0.01,1,10.0,0.0,31.1,3,0.0,1,0.0,1,100.0,0.0055,0.0,0.0,0,3,1589,4,crash,clip,ros_p3_q145.csv,0.2,b,2.4,
1003,1.6,0.01,1,10.0,0.0,31.1,3,0.0,1,0.0,1,100.0,0.0055,0.0,0.0,0,4,899,4,success,,ros_p3_q145.csv,0.2,b,2.4,
1004,1.6,0.01,1,10.0,0.0,31.1,3,0.0,1,0.0,1,100.0,0.0055,0.0,0.0,0,1,390,4,crash,clip,ros_p3_q145.csv,0.2,b,2.4,
1005,1.6,0.01,1,10.0,0.0,31.1,3,0.0,1,0.0,1,100.0,0.0055,0.0,0.0,0,4,875,4,success,,ros_p3_q145.csv,0.2,b,2.4,
1006,1.6,0.01,1,10.0,0.0,31.1,3,0.0,1,0.0,1,100.0,0.0055,0.0,0.0,0,1,304,4,crash,clip,ros_p3_q145.csv,0.2,b,2.4,
1007,1.6,0.01,1,10.0,0.0,31.1,3,0.0,1,0.0,1,100.0,0.0055,0.0,0.0,0,4,886,4,success,,ros_p3_q145.csv,0.2,b,2.4,
1008,1.6,0.01,1,10.0,0.0,31.1,3,0.0,1,0.0,1,100.0,0.0055,0.0,0.0,0,1,274,4,crash,clip,ros_p3_q145.csv,0.2,b,2.4,
1009,1.6,0.01,1,10.0,0.0,31.1,3,0.0,1,0.0,1,100.0,0.0055,0.0,0.0,0,2,550,4,crash,clip,ros_p3_q145.csv,0.2,b,2.4,
1010,1.6,0.01,1,10.0,0.0,31.1,3,0.0,1,0.0,1,100.0,0.0055,0.0,0.0,0,1,855,4,crash,clip,ros_p3_q145.csv,0.2,b,2.4,
1011,1.6,0.01,1,10.0,0.0,31.1,3,0.0,1,0.0,1,100.0,0.0055,0.0,0.0,0,2,428,4,crash,clip,ros_p3_q145.csv,0.2,b,2.4,
1000,1.2,0.01,1,10.0,0.0,31.1,3,0.0,1,0.0,1,100.0,0.0055,0.0,0.0,0,4,1196,4,success,,ros_p3_q145.csv,0.2,b,2.4,
1001,1.2,0.01,1,10.0,0.0,31.1,3,0.0,1,0.0,1,100.0,0.0055,0.0,0.0,0,1,373,4,crash,clip,ros_p3_q145.csv,0.2,b,2.4,
1002,1.2,0.01,1,10.0,0.0,31.1,3,0.0,1,0.0,1,100.0,0.0055,0.0,0.0,0,2,651,4,crash,clip,ros_p3_q145.csv,0.2,b,2.4,
1003,1.2,0.01,1,10.0,0.0,31.1,3,0.0,1,0.0,1,100.0,0.0055,0.0,0.0,0,4,1193,4,success,,ros_p3_q145.csv,0.2,b,2.4,
1004,1.2,0.01,1,10.0,0.0,31.1,3,0.0,1,0.0,1,100.0,0.0055,0.0,0.0,0,1,521,4,crash,clip,ros_p3_q145.csv,0.2,b,2.4,
1005,1.2,0.01,1,10.0,0.0,31.1,3,0.0,1,0.0,1,100.0,0.0055,0.0,0.0,0,1,1172,4,crash,clip,ros_p3_q145.csv,0.2,b,2.4,
1006,1.2,0.01,1,10.0,0.0,31.1,3,0.0,1,0.0,1,100.0,0.0055,0.0,0.0,0,3,1043,4,crash,clip,ros_p3_q145.csv,0.2,b,2.4,
1007,1.2,0.01,1,10.0,0.0,31.1,3,0.0,1,0.0,1,100.0,0.0055,0.0,0.0,0,2,697,4,crash,clip,ros_p3_q145.csv,0.2,b,2.4,
1008,1.2,0.01,1,10.0,0.0,31.1,3,0.0,1,0.0,1,100.0,0.0055,0.0,0.0,0,1,427,4,crash,clip,ros_p3_q145.csv,0.2,b,2.4,
1009,1.2,0.01,1,10.0,0.0,31.1,3,0.0,1,0.0,1,100.0,0.0055,0.0,0.0,0,4,1111,4,success,,ros_p3_q145.csv,0.2,b,2.4,
1010,1.2,0.01,1,10.0,0.0,31.1,3,0.0,1,0.0,1,100.0,0.0055,0.0,0.0,0,3,1057,4,crash,clip,ros_p3_q145.csv,0.2,b,2.4,
1011,1.2,0.01,1,10.0,0.0,31.1,3,0.0,1,0.0,1,100.0,0.0055,0.0,0.0,0,1,376,4,crash,clip,ros_p3_q145.csv,0.2,b,2.4,
1000,1.8,0.01,1,10.0,0.0,56.8,6,0.0,1,0.0,1,96.24,0.0055,0.0,0.0,0,2,493,4,crash,clip,xpu_a_cpsat_hard.csv,0.2,b,2.4,
1001,1.8,0.01,1,10.0,0.0,56.8,6,0.0,1,0.0,1,96.24,0.0055,0.0,0.0,0,0,252,4,crash,clip,xpu_a_cpsat_hard.csv,0.2,b,2.4,
1002,1.8,0.01,1,10.0,0.0,56.8,6,0.0,1,0.0,1,96.24,0.0055,0.0,0.0,0,1,170,4,crash,clip,xpu_a_cpsat_hard.csv,0.2,b,2.4,
1003,1.8,0.01,1,10.0,0.0,56.8,6,0.0,1,0.0,1,96.24,0.0055,0.0,0.0,0,1,379,4,crash,clip,xpu_a_cpsat_hard.csv,0.2,b,2.4,
1004,1.8,0.01,1,10.0,0.0,56.8,6,0.0,1,0.0,1,96.24,0.0055,0.0,0.0,0,2,399,4,crash,clip,xpu_a_cpsat_hard.csv,0.2,b,2.4,
1005,1.8,0.01,1,10.0,0.0,56.8,6,0.0,1,0.0,1,96.24,0.0055,0.0,0.0,0,1,324,4,crash,clip,xpu_a_cpsat_hard.csv,0.2,b,2.4,
1006,1.8,0.01,1,10.0,0.0,56.8,6,0.0,1,0.0,1,96.24,0.0055,0.0,0.0,0,1,291,4,crash,clip,xpu_a_cpsat_hard.csv,0.2,b,2.4,
1007,1.8,0.01,1,10.0,0.0,56.8,6,0.0,1,0.0,1,96.24,0.0055,0.0,0.0,0,4,788,4,success,,xpu_a_cpsat_hard.csv,0.2,b,2.4,
1008,1.8,0.01,1,10.0,0.0,56.8,6,0.0,1,0.0,1,96.24,0.0055,0.0,0.0,0,3,661,4,crash,clip,xpu_a_cpsat_hard.csv,0.2,b,2.4,
1009,1.8,0.01,1,10.0,0.0,56.8,6,0.0,1,0.0,1,96.24,0.0055,0.0,0.0,0,4,754,4,success,,xpu_a_cpsat_hard.csv,0.2,b,2.4,
1010,1.8,0.01,1,10.0,0.0,56.8,6,0.0,1,0.0,1,96.24,0.0055,0.0,0.0,0,1,301,4,crash,clip,xpu_a_cpsat_hard.csv,0.2,b,2.4,
1011,1.8,0.01,1,10.0,0.0,56.8,6,0.0,1,0.0,1,96.24,0.0055,0.0,0.0,0,1,256,4,crash,clip,xpu_a_cpsat_hard.csv,0.2,b,2.4,
1000,1.4,0.01,1,10.0,0.0,56.8,6,0.0,1,0.0,1,96.24,0.0055,0.0,0.0,0,3,974,4,crash,clip,xpu_a_cpsat_hard.csv,0.2,b,2.4,
1001,1.4,0.01,1,10.0,0.0,56.8,6,0.0,1,0.0,1,96.24,0.0055,0.0,0.0,0,1,480,4,crash,clip,xpu_a_cpsat_hard.csv,0.2,b,2.4,
1002,1.4,0.01,1,10.0,0.0,56.8,6,0.0,1,0.0,1,96.24,0.0055,0.0,0.0,0,2,590,4,crash,clip,xpu_a_cpsat_hard.csv,0.2,b,2.4,
1003,1.4,0.01,1,10.0,0.0,56.8,6,0.0,1,0.0,1,96.24,0.0055,0.0,0.0,0,2,630,4,crash,clip,xpu_a_cpsat_hard.csv,0.2,b,2.4,
1004,1.4,0.01,1,10.0,0.0,56.8,6,0.0,1,0.0,1,96.24,0.0055,0.0,0.0,0,1,426,4,crash,clip,xpu_a_cpsat_hard.csv,0.2,b,2.4,
1005,1.4,0.01,1,10.0,0.0,56.8,6,0.0,1,0.0,1,96.24,0.0055,0.0,0.0,0,2,704,4,crash,clip,xpu_a_cpsat_hard.csv,0.2,b,2.4,
1006,1.4,0.01,1,10.0,0.0,56.8,6,0.0,1,0.0,1,96.24,0.0055,0.0,0.0,0,1,821,4,crash,clip,xpu_a_cpsat_hard.csv,0.2,b,2.4,
1007,1.4,0.01,1,10.0,0.0,56.8,6,0.0,1,0.0,1,96.24,0.0055,0.0,0.0,0,1,332,4,crash,clip,xpu_a_cpsat_hard.csv,0.2,b,2.4,
1008,1.4,0.01,1,10.0,0.0,56.8,6,0.0,1,0.0,1,96.24,0.0055,0.0,0.0,0,2,500,4,crash,clip,xpu_a_cpsat_hard.csv,0.2,b,2.4,
1009,1.4,0.01,1,10.0,0.0,56.8,6,0.0,1,0.0,1,96.24,0.0055,0.0,0.0,0,3,874,4,crash,clip,xpu_a_cpsat_hard.csv,0.2,b,2.4,
1010,1.4,0.01,1,10.0,0.0,56.8,6,0.0,1,0.0,1,96.24,0.0055,0.0,0.0,0,1,332,4,crash,clip,xpu_a_cpsat_hard.csv,0.2,b,2.4,
1011,1.4,0.01,1,10.0,0.0,56.8,6,0.0,1,0.0,1,96.24,0.0055,0.0,0.0,0,1,344,4,crash,clip,xpu_a_cpsat_hard.csv,0.2,b,2.4,
1000,1.0,0.01,1,10.0,0.0,56.8,6,0.0,1,0.0,1,96.24,0.0055,0.0,0.0,0,4,1456,4,success,,xpu_a_cpsat_hard.csv,0.2,b,2.4,
1001,1.0,0.01,1,10.0,0.0,56.8,6,0.0,1,0.0,1,96.24,0.0055,0.0,0.0,0,4,1591,4,success,,xpu_a_cpsat_hard.csv,0.2,b,2.4,
1002,1.0,0.01,1,10.0,0.0,56.8,6,0.0,1,0.0,1,96.24,0.0055,0.0,0.0,0,2,1800,4,timeout,,xpu_a_cpsat_hard.csv,0.2,b,2.4,
1003,1.0,0.01,1,10.0,0.0,56.8,6,0.0,1,0.0,1,96.24,0.0055,0.0,0.0,0,1,1800,4,timeout,,xpu_a_cpsat_hard.csv,0.2,b,2.4,
1004,1.0,0.01,1,10.0,0.0,56.8,6,0.0,1,0.0,1,96.24,0.0055,0.0,0.0,0,1,519,4,crash,clip,xpu_a_cpsat_hard.csv,0.2,b,2.4,
1005,1.0,0.01,1,10.0,0.0,56.8,6,0.0,1,0.0,1,96.24,0.0055,0.0,0.0,0,3,1396,4,crash,clip,xpu_a_cpsat_hard.csv,0.2,b,2.4,
1006,1.0,0.01,1,10.0,0.0,56.8,6,0.0,1,0.0,1,96.24,0.0055,0.0,0.0,0,1,763,4,crash,clip,xpu_a_cpsat_hard.csv,0.2,b,2.4,
1007,1.0,0.01,1,10.0,0.0,56.8,6,0.0,1,0.0,1,96.24,0.0055,0.0,0.0,0,1,574,4,crash,clip,xpu_a_cpsat_hard.csv,0.2,b,2.4,
1008,1.0,0.01,1,10.0,0.0,56.8,6,0.0,1,0.0,1,96.24,0.0055,0.0,0.0,0,2,627,4,crash,clip,xpu_a_cpsat_hard.csv,0.2,b,2.4,
1009,1.0,0.01,1,10.0,0.0,56.8,6,0.0,1,0.0,1,96.24,0.0055,0.0,0.0,0,3,1800,4,timeout,,xpu_a_cpsat_hard.csv,0.2,b,2.4,
1010,1.0,0.01,1,10.0,0.0,56.8,6,0.0,1,0.0,1,96.24,0.0055,0.0,0.0,0,4,1486,4,success,,xpu_a_cpsat_hard.csv,0.2,b,2.4,
1011,1.0,0.01,1,10.0,0.0,56.8,6,0.0,1,0.0,1,96.24,0.0055,0.0,0.0,0,1,271,4,crash,clip,xpu_a_cpsat_hard.csv,0.2,b,2.4,
1000,1.6,0.01,1,10.0,0.0,56.8,6,0.0,1,0.0,1,96.24,0.0055,0.0,0.0,0,1,393,4,crash,clip,xpu_a_cpsat_hard.csv,0.2,b,2.4,
1001,1.6,0.01,1,10.0,0.0,56.8,6,0.0,1,0.0,1,96.24,0.0055,0.0,0.0,0,1,171,4,crash,clip,xpu_a_cpsat_hard.csv,0.2,b,2.4,
1002,1.6,0.01,1,10.0,0.0,56.8,6,0.0,1,0.0,1,96.24,0.0055,0.0,0.0,0,1,210,4,crash,clip,xpu_a_cpsat_hard.csv,0.2,b,2.4,
1003,1.6,0.01,1,10.0,0.0,56.8,6,0.0,1,0.0,1,96.24,0.0055,0.0,0.0,0,2,548,4,crash,clip,xpu_a_cpsat_hard.csv,0.2,b,2.4,
1004,1.6,0.01,1,10.0,0.0,56.8,6,0.0,1,0.0,1,96.24,0.0055,0.0,0.0,0,2,434,4,crash,clip,xpu_a_cpsat_hard.csv,0.2,b,2.4,
1005,1.6,0.01,1,10.0,0.0,56.8,6,0.0,1,0.0,1,96.24,0.0055,0.0,0.0,0,1,662,4,crash,clip,xpu_a_cpsat_hard.csv,0.2,b,2.4,
1006,1.6,0.01,1,10.0,0.0,56.8,6,0.0,1,0.0,1,96.24,0.0055,0.0,0.0,0,3,826,4,crash,clip,xpu_a_cpsat_hard.csv,0.2,b,2.4,
1007,1.6,0.01,1,10.0,0.0,56.8,6,0.0,1,0.0,1,96.24,0.0055,0.0,0.0,0,1,304,4,crash,clip,xpu_a_cpsat_hard.csv,0.2,b,2.4,
1008,1.6,0.01,1,10.0,0.0,56.8,6,0.0,1,0.0,1,96.24,0.0055,0.0,0.0,0,4,849,4,success,,xpu_a_cpsat_hard.csv,0.2,b,2.4,
1009,1.6,0.01,1,10.0,0.0,56.8,6,0.0,1,0.0,1,96.24,0.0055,0.0,0.0,0,1,447,4,crash,clip,xpu_a_cpsat_hard.csv,0.2,b,2.4,
1010,1.6,0.01,1,10.0,0.0,56.8,6,0.0,1,0.0,1,96.24,0.0055,0.0,0.0,0,4,866,4,success,,xpu_a_cpsat_hard.csv,0.2,b,2.4,
1011,1.6,0.01,1,10.0,0.0,56.8,6,0.0,1,0.0,1,96.24,0.0055,0.0,0.0,0,2,512,4,crash,clip,xpu_a_cpsat_hard.csv,0.2,b,2.4,
1000,1.2,0.01,1,10.0,0.0,56.8,6,0.0,1,0.0,1,96.24,0.0055,0.0,0.0,0,4,1217,4,success,,xpu_a_cpsat_hard.csv,0.2,b,2.4,
1001,1.2,0.01,1,10.0,0.0,56.8,6,0.0,1,0.0,1,96.24,0.0055,0.0,0.0,0,2,553,4,crash,clip,xpu_a_cpsat_hard.csv,0.2,b,2.4,
1002,1.2,0.01,1,10.0,0.0,56.8,6,0.0,1,0.0,1,96.24,0.0055,0.0,0.0,0,2,649,4,crash,clip,xpu_a_cpsat_hard.csv,0.2,b,2.4,
1003,1.2,0.01,1,10.0,0.0,56.8,6,0.0,1,0.0,1,96.24,0.0055,0.0,0.0,0,2,835,4,crash,clip,xpu_a_cpsat_hard.csv,0.2,b,2.4,
1004,1.2,0.01,1,10.0,0.0,56.8,6,0.0,1,0.0,1,96.24,0.0055,0.0,0.0,0,1,431,4,crash,clip,xpu_a_cpsat_hard.csv,0.2,b,2.4,
1005,1.2,0.01,1,10.0,0.0,56.8,6,0.0,1,0.0,1,96.24,0.0055,0.0,0.0,0,1,683,4,crash,clip,xpu_a_cpsat_hard.csv,0.2,b,2.4,
1006,1.2,0.01,1,10.0,0.0,56.8,6,0.0,1,0.0,1,96.24,0.0055,0.0,0.0,0,3,999,4,crash,clip,xpu_a_cpsat_hard.csv,0.2,b,2.4,
1007,1.2,0.01,1,10.0,0.0,56.8,6,0.0,1,0.0,1,96.24,0.0055,0.0,0.0,0,4,1229,4,success,,xpu_a_cpsat_hard.csv,0.2,b,2.4,
1008,1.2,0.01,1,10.0,0.0,56.8,6,0.0,1,0.0,1,96.24,0.0055,0.0,0.0,0,2,575,4,crash,clip,xpu_a_cpsat_hard.csv,0.2,b,2.4,
1009,1.2,0.01,1,10.0,0.0,56.8,6,0.0,1,0.0,1,96.24,0.0055,0.0,0.0,0,2,701,4,crash,clip,xpu_a_cpsat_hard.csv,0.2,b,2.4,
1010,1.2,0.01,1,10.0,0.0,56.8,6,0.0,1,0.0,1,96.24,0.0055,0.0,0.0,0,4,1178,4,success,,xpu_a_cpsat_hard.csv,0.2,b,2.4,
1011,1.2,0.01,1,10.0,0.0,56.8,6,0.0,1,0.0,1,96.24,0.0055,0.0,0.0,0,2,826,4,crash,clip,xpu_a_cpsat_hard.csv,0.2,b,2.4,
1000,1.8,0.01,1,10.0,0.0,55.9,6,11.1,2,0.0,1,89.29,0.0055,0.0,0.0,0,2,526,4,crash,clip,xpu_a90_cpsat.csv,0.2,b,2.4,
1001,1.8,0.01,1,10.0,0.0,55.9,6,11.1,2,0.0,1,89.29,0.0055,0.0,0.0,0,0,255,4,crash,clip,xpu_a90_cpsat.csv,0.2,b,2.4,
1002,1.8,0.01,1,10.0,0.0,55.9,6,11.1,2,0.0,1,89.29,0.0055,0.0,0.0,0,0,359,4,crash,clip,xpu_a90_cpsat.csv,0.2,b,2.4,
1003,1.8,0.01,1,10.0,0.0,55.9,6,11.1,2,0.0,1,89.29,0.0055,0.0,0.0,0,1,298,4,crash,clip,xpu_a90_cpsat.csv,0.2,b,2.4,
1004,1.8,0.01,1,10.0,0.0,55.9,6,11.1,2,0.0,1,89.29,0.0055,0.0,0.0,0,3,656,4,crash,clip,xpu_a90_cpsat.csv,0.2,b,2.4,
1005,1.8,0.01,1,10.0,0.0,55.9,6,11.1,2,0.0,1,89.29,0.0055,0.0,0.0,0,1,292,4,crash,clip,xpu_a90_cpsat.csv,0.2,b,2.4,
1006,1.8,0.01,1,10.0,0.0,55.9,6,11.1,2,0.0,1,89.29,0.0055,0.0,0.0,0,3,604,4,crash,clip,xpu_a90_cpsat.csv,0.2,b,2.4,
1007,1.8,0.01,1,10.0,0.0,55.9,6,11.1,2,0.0,1,89.29,0.0055,0.0,0.0,0,4,790,4,success,,xpu_a90_cpsat.csv,0.2,b,2.4,
1008,1.8,0.01,1,10.0,0.0,55.9,6,11.1,2,0.0,1,89.29,0.0055,0.0,0.0,0,2,335,4,crash,clip,xpu_a90_cpsat.csv,0.2,b,2.4,
1009,1.8,0.01,1,10.0,0.0,55.9,6,11.1,2,0.0,1,89.29,0.0055,0.0,0.0,0,2,460,4,crash,clip,xpu_a90_cpsat.csv,0.2,b,2.4,
1010,1.8,0.01,1,10.0,0.0,55.9,6,11.1,2,0.0,1,89.29,0.0055,0.0,0.0,0,4,775,4,success,,xpu_a90_cpsat.csv,0.2,b,2.4,
1011,1.8,0.01,1,10.0,0.0,55.9,6,11.1,2,0.0,1,89.29,0.0055,0.0,0.0,0,1,271,4,crash,clip,xpu_a90_cpsat.csv,0.2,b,2.4,
1000,1.4,0.01,1,10.0,0.0,55.9,6,11.1,2,0.0,1,89.29,0.0055,0.0,0.0,0,2,621,4,crash,clip,xpu_a90_cpsat.csv,0.2,b,2.4,
1001,1.4,0.01,1,10.0,0.0,55.9,6,11.1,2,0.0,1,89.29,0.0055,0.0,0.0,0,4,984,4,success,,xpu_a90_cpsat.csv,0.2,b,2.4,
1002,1.4,0.01,1,10.0,0.0,55.9,6,11.1,2,0.0,1,89.29,0.0055,0.0,0.0,0,2,595,4,crash,clip,xpu_a90_cpsat.csv,0.2,b,2.4,
1003,1.4,0.01,1,10.0,0.0,55.9,6,11.1,2,0.0,1,89.29,0.0055,0.0,0.0,0,4,1011,4,success,,xpu_a90_cpsat.csv,0.2,b,2.4,
1004,1.4,0.01,1,10.0,0.0,55.9,6,11.1,2,0.0,1,89.29,0.0055,0.0,0.0,0,2,475,4,crash,clip,xpu_a90_cpsat.csv,0.2,b,2.4,
1005,1.4,0.01,1,10.0,0.0,55.9,6,11.1,2,0.0,1,89.29,0.0055,0.0,0.0,0,2,616,4,crash,clip,xpu_a90_cpsat.csv,0.2,b,2.4,
1006,1.4,0.01,1,10.0,0.0,55.9,6,11.1,2,0.0,1,89.29,0.0055,0.0,0.0,0,0,234,4,crash,clip,xpu_a90_cpsat.csv,0.2,b,2.4,
1007,1.4,0.01,1,10.0,0.0,55.9,6,11.1,2,0.0,1,89.29,0.0055,0.0,0.0,0,3,874,4,crash,clip,xpu_a90_cpsat.csv,0.2,b,2.4,
1008,1.4,0.01,1,10.0,0.0,55.9,6,11.1,2,0.0,1,89.29,0.0055,0.0,0.0,0,2,475,4,crash,clip,xpu_a90_cpsat.csv,0.2,b,2.4,
1009,1.4,0.01,1,10.0,0.0,55.9,6,11.1,2,0.0,1,89.29,0.0055,0.0,0.0,0,3,707,4,crash,clip,xpu_a90_cpsat.csv,0.2,b,2.4,
1010,1.4,0.01,1,10.0,0.0,55.9,6,11.1,2,0.0,1,89.29,0.0055,0.0,0.0,0,1,327,4,crash,clip,xpu_a90_cpsat.csv,0.2,b,2.4,
1011,1.4,0.01,1,10.0,0.0,55.9,6,11.1,2,0.0,1,89.29,0.0055,0.0,0.0,0,1,343,4,crash,clip,xpu_a90_cpsat.csv,0.2,b,2.4,
1000,1.0,0.01,1,10.0,0.0,55.9,6,11.1,2,0.0,1,89.29,0.0055,0.0,0.0,0,4,1419,4,success,,xpu_a90_cpsat.csv,0.2,b,2.4,
1001,1.0,0.01,1,10.0,0.0,55.9,6,11.1,2,0.0,1,89.29,0.0055,0.0,0.0,0,4,1465,4,success,,xpu_a90_cpsat.csv,0.2,b,2.4,
1002,1.0,0.01,1,10.0,0.0,55.9,6,11.1,2,0.0,1,89.29,0.0055,0.0,0.0,0,1,1082,4,crash,clip,xpu_a90_cpsat.csv,0.2,b,2.4,
1003,1.0,0.01,1,10.0,0.0,55.9,6,11.1,2,0.0,1,89.29,0.0055,0.0,0.0,0,2,864,4,crash,clip,xpu_a90_cpsat.csv,0.2,b,2.4,
1004,1.0,0.01,1,10.0,0.0,55.9,6,11.1,2,0.0,1,89.29,0.0055,0.0,0.0,0,4,1410,4,success,,xpu_a90_cpsat.csv,0.2,b,2.4,
1005,1.0,0.01,1,10.0,0.0,55.9,6,11.1,2,0.0,1,89.29,0.0055,0.0,0.0,0,1,614,4,crash,clip,xpu_a90_cpsat.csv,0.2,b,2.4,
1006,1.0,0.01,1,10.0,0.0,55.9,6,11.1,2,0.0,1,89.29,0.0055,0.0,0.0,0,3,1228,4,crash,clip,xpu_a90_cpsat.csv,0.2,b,2.4,
1007,1.0,0.01,1,10.0,0.0,55.9,6,11.1,2,0.0,1,89.29,0.0055,0.0,0.0,0,4,1436,4,success,,xpu_a90_cpsat.csv,0.2,b,2.4,
1008,1.0,0.01,1,10.0,0.0,55.9,6,11.1,2,0.0,1,89.29,0.0055,0.0,0.0,0,1,479,4,crash,clip,xpu_a90_cpsat.csv,0.2,b,2.4,
1009,1.0,0.01,1,10.0,0.0,55.9,6,11.1,2,0.0,1,89.29,0.0055,0.0,0.0,0,1,331,4,crash,clip,xpu_a90_cpsat.csv,0.2,b,2.4,
1010,1.0,0.01,1,10.0,0.0,55.9,6,11.1,2,0.0,1,89.29,0.0055,0.0,0.0,0,2,804,4,crash,clip,xpu_a90_cpsat.csv,0.2,b,2.4,
1011,1.0,0.01,1,10.0,0.0,55.9,6,11.1,2,0.0,1,89.29,0.0055,0.0,0.0,0,2,845,4,crash,clip,xpu_a90_cpsat.csv,0.2,b,2.4,
1000,1.6,0.01,1,10.0,0.0,55.9,6,11.1,2,0.0,1,89.29,0.0055,0.0,0.0,0,2,588,4,crash,clip,xpu_a90_cpsat.csv,0.2,b,2.4,
1001,1.6,0.01,1,10.0,0.0,55.9,6,11.1,2,0.0,1,89.29,0.0055,0.0,0.0,0,0,172,4,crash,clip,xpu_a90_cpsat.csv,0.2,b,2.4,
1002,1.6,0.01,1,10.0,0.0,55.9,6,11.1,2,0.0,1,89.29,0.0055,0.0,0.0,0,1,207,4,crash,clip,xpu_a90_cpsat.csv,0.2,b,2.4,
1003,1.6,0.01,1,10.0,0.0,55.9,6,11.1,2,0.0,1,89.29,0.0055,0.0,0.0,0,4,896,4,success,,xpu_a90_cpsat.csv,0.2,b,2.4,
1004,1.6,0.01,1,10.0,0.0,55.9,6,11.1,2,0.0,1,89.29,0.0055,0.0,0.0,0,3,706,4,crash,clip,xpu_a90_cpsat.csv,0.2,b,2.4,
1005,1.6,0.01,1,10.0,0.0,55.9,6,11.1,2,0.0,1,89.29,0.0055,0.0,0.0,0,2,429,4,crash,clip,xpu_a90_cpsat.csv,0.2,b,2.4,
1006,1.6,0.01,1,10.0,0.0,55.9,6,11.1,2,0.0,1,89.29,0.0055,0.0,0.0,0,2,649,4,crash,clip,xpu_a90_cpsat.csv,0.2,b,2.4,
1007,1.6,0.01,1,10.0,0.0,55.9,6,11.1,2,0.0,1,89.29,0.0055,0.0,0.0,0,2,546,4,crash,clip,xpu_a90_cpsat.csv,0.2,b,2.4,
1008,1.6,0.01,1,10.0,0.0,55.9,6,11.1,2,0.0,1,89.29,0.0055,0.0,0.0,0,4,845,4,success,,xpu_a90_cpsat.csv,0.2,b,2.4,
1009,1.6,0.01,1,10.0,0.0,55.9,6,11.1,2,0.0,1,89.29,0.0055,0.0,0.0,0,1,584,4,crash,clip,xpu_a90_cpsat.csv,0.2,b,2.4,
1010,1.6,0.01,1,10.0,0.0,55.9,6,11.1,2,0.0,1,89.29,0.0055,0.0,0.0,0,2,419,4,crash,clip,xpu_a90_cpsat.csv,0.2,b,2.4,
1011,1.6,0.01,1,10.0,0.0,55.9,6,11.1,2,0.0,1,89.29,0.0055,0.0,0.0,0,1,320,4,crash,clip,xpu_a90_cpsat.csv,0.2,b,2.4,
1000,1.2,0.01,1,10.0,0.0,55.9,6,11.1,2,0.0,1,89.29,0.0055,0.0,0.0,0,4,1220,4,success,,xpu_a90_cpsat.csv,0.2,b,2.4,
1001,1.2,0.01,1,10.0,0.0,55.9,6,11.1,2,0.0,1,89.29,0.0055,0.0,0.0,0,4,1171,4,success,,xpu_a90_cpsat.csv,0.2,b,2.4,
1002,1.2,0.01,1,10.0,0.0,55.9,6,11.1,2,0.0,1,89.29,0.0055,0.0,0.0,0,1,378,4,crash,clip,xpu_a90_cpsat.csv,0.2,b,2.4,
1003,1.2,0.01,1,10.0,0.0,55.9,6,11.1,2,0.0,1,89.29,0.0055,0.0,0.0,0,2,1800,4,timeout,,xpu_a90_cpsat.csv,0.2,b,2.4,
1004,1.2,0.01,1,10.0,0.0,55.9,6,11.1,2,0.0,1,89.29,0.0055,0.0,0.0,0,1,522,4,crash,clip,xpu_a90_cpsat.csv,0.2,b,2.4,
1005,1.2,0.01,1,10.0,0.0,55.9,6,11.1,2,0.0,1,89.29,0.0055,0.0,0.0,0,3,1059,4,crash,clip,xpu_a90_cpsat.csv,0.2,b,2.4,
1006,1.2,0.01,1,10.0,0.0,55.9,6,11.1,2,0.0,1,89.29,0.0055,0.0,0.0,0,3,868,4,crash,clip,xpu_a90_cpsat.csv,0.2,b,2.4,
1007,1.2,0.01,1,10.0,0.0,55.9,6,11.1,2,0.0,1,89.29,0.0055,0.0,0.0,0,4,1182,4,success,,xpu_a90_cpsat.csv,0.2,b,2.4,
1008,1.2,0.01,1,10.0,0.0,55.9,6,11.1,2,0.0,1,89.29,0.0055,0.0,0.0,0,1,427,4,crash,clip,xpu_a90_cpsat.csv,0.2,b,2.4,
1009,1.2,0.01,1,10.0,0.0,55.9,6,11.1,2,0.0,1,89.29,0.0055,0.0,0.0,0,4,1112,4,success,,xpu_a90_cpsat.csv,0.2,b,2.4,
1010,1.2,0.01,1,10.0,0.0,55.9,6,11.1,2,0.0,1,89.29,0.0055,0.0,0.0,0,1,443,4,crash,clip,xpu_a90_cpsat.csv,0.2,b,2.4,
1011,1.2,0.01,1,10.0,0.0,55.9,6,11.1,2,0.0,1,89.29,0.0055,0.0,0.0,0,1,374,4,crash,clip,xpu_a90_cpsat.csv,0.2,b,2.4,
1000,1.8,0.01,1,10.0,0.0,56.2,6,30.3,4,0.0,1,100.0,0.0055,0.0,0.0,0,2,524,4,crash,clip,ros_p390.csv,0.2,b,2.4,
1001,1.8,0.01,1,10.0,0.0,56.2,6,30.3,4,0.0,1,100.0,0.0055,0.0,0.0,0,0,263,4,crash,clip,ros_p390.csv,0.2,b,2.4,
1002,1.8,0.01,1,10.0,0.0,56.2,6,30.3,4,0.0,1,100.0,0.0055,0.0,0.0,0,2,501,4,crash,clip,ros_p390.csv,0.2,b,2.4,
1003,1.8,0.01,1,10.0,0.0,56.2,6,30.3,4,0.0,1,100.0,0.0055,0.0,0.0,0,4,798,4,success,,ros_p390.csv,0.2,b,2.4,
1004,1.8,0.01,1,10.0,0.0,56.2,6,30.3,4,0.0,1,100.0,0.0055,0.0,0.0,0,3,661,4,crash,clip,ros_p390.csv,0.2,b,2.4,
1005,1.8,0.01,1,10.0,0.0,56.2,6,30.3,4,0.0,1,100.0,0.0055,0.0,0.0,0,3,603,4,crash,clip,ros_p390.csv,0.2,b,2.4,
1006,1.8,0.01,1,10.0,0.0,56.2,6,30.3,4,0.0,1,100.0,0.0055,0.0,0.0,0,2,499,4,crash,clip,ros_p390.csv,0.2,b,2.4,
1007,1.8,0.01,1,10.0,0.0,56.2,6,30.3,4,0.0,1,100.0,0.0055,0.0,0.0,0,4,789,4,success,,ros_p390.csv,0.2,b,2.4,
1008,1.8,0.01,1,10.0,0.0,56.2,6,30.3,4,0.0,1,100.0,0.0055,0.0,0.0,0,2,335,4,crash,clip,ros_p390.csv,0.2,b,2.4,
1009,1.8,0.01,1,10.0,0.0,56.2,6,30.3,4,0.0,1,100.0,0.0055,0.0,0.0,0,2,581,4,crash,clip,ros_p390.csv,0.2,b,2.4,
1010,1.8,0.01,1,10.0,0.0,56.2,6,30.3,4,0.0,1,100.0,0.0055,0.0,0.0,0,2,491,4,crash,clip,ros_p390.csv,0.2,b,2.4,
1011,1.8,0.01,1,10.0,0.0,56.2,6,30.3,4,0.0,1,100.0,0.0055,0.0,0.0,0,1,301,4,crash,clip,ros_p390.csv,0.2,b,2.4,
1000,1.4,0.01,1,10.0,0.0,56.2,6,30.3,4,0.0,1,100.0,0.0055,0.0,0.0,0,2,628,4,crash,clip,ros_p390.csv,0.2,b,2.4,
1001,1.4,0.01,1,10.0,0.0,56.2,6,30.3,4,0.0,1,100.0,0.0055,0.0,0.0,0,1,314,4,crash,clip,ros_p390.csv,0.2,b,2.4,
1002,1.4,0.01,1,10.0,0.0,56.2,6,30.3,4,0.0,1,100.0,0.0055,0.0,0.0,0,0,596,4,crash,clip,ros_p390.csv,0.2,b,2.4,
1003,1.4,0.01,1,10.0,0.0,56.2,6,30.3,4,0.0,1,100.0,0.0055,0.0,0.0,0,3,857,4,crash,clip,ros_p390.csv,0.2,b,2.4,
1004,1.4,0.01,1,10.0,0.0,56.2,6,30.3,4,0.0,1,100.0,0.0055,0.0,0.0,0,2,628,4,crash,clip,ros_p390.csv,0.2,b,2.4,
1005,1.4,0.01,1,10.0,0.0,56.2,6,30.3,4,0.0,1,100.0,0.0055,0.0,0.0,0,1,1058,4,crash,clip,ros_p390.csv,0.2,b,2.4,
1006,1.4,0.01,1,10.0,0.0,56.2,6,30.3,4,0.0,1,100.0,0.0055,0.0,0.0,0,3,934,4,crash,clip,ros_p390.csv,0.2,b,2.4,
1007,1.4,0.01,1,10.0,0.0,56.2,6,30.3,4,0.0,1,100.0,0.0055,0.0,0.0,0,1,335,4,crash,clip,ros_p390.csv,0.2,b,2.4,
1008,1.4,0.01,1,10.0,0.0,56.2,6,30.3,4,0.0,1,100.0,0.0055,0.0,0.0,0,3,855,4,crash,clip,ros_p390.csv,0.2,b,2.4,
1009,1.4,0.01,1,10.0,0.0,56.2,6,30.3,4,0.0,1,100.0,0.0055,0.0,0.0,0,2,618,4,crash,clip,ros_p390.csv,0.2,b,2.4,
1010,1.4,0.01,1,10.0,0.0,56.2,6,30.3,4,0.0,1,100.0,0.0055,0.0,0.0,0,1,312,4,crash,clip,ros_p390.csv,0.2,b,2.4,
1011,1.4,0.01,1,10.0,0.0,56.2,6,30.3,4,0.0,1,100.0,0.0055,0.0,0.0,0,1,304,4,crash,clip,ros_p390.csv,0.2,b,2.4,
1000,1.0,0.01,1,10.0,0.0,56.2,6,30.3,4,0.0,1,100.0,0.0055,0.0,0.0,0,2,1232,4,crash,clip,ros_p390.csv,0.2,b,2.4,
1001,1.0,0.01,1,10.0,0.0,56.2,6,30.3,4,0.0,1,100.0,0.0055,0.0,0.0,0,2,1505,4,crash,clip,ros_p390.csv,0.2,b,2.4,
1002,1.0,0.01,1,10.0,0.0,56.2,6,30.3,4,0.0,1,100.0,0.0055,0.0,0.0,0,2,722,4,crash,clip,ros_p390.csv,0.2,b,2.4,
1003,1.0,0.01,1,10.0,0.0,56.2,6,30.3,4,0.0,1,100.0,0.0055,0.0,0.0,0,2,1481,4,crash,clip,ros_p390.csv,0.2,b,2.4,
1004,1.0,0.01,1,10.0,0.0,56.2,6,30.3,4,0.0,1,100.0,0.0055,0.0,0.0,0,2,919,4,crash,clip,ros_p390.csv,0.2,b,2.4,
1005,1.0,0.01,1,10.0,0.0,56.2,6,30.3,4,0.0,1,100.0,0.0055,0.0,0.0,0,3,1196,4,crash,clip,ros_p390.csv,0.2,b,2.4,
1006,1.0,0.01,1,10.0,0.0,56.2,6,30.3,4,0.0,1,100.0,0.0055,0.0,0.0,0,3,1209,4,crash,clip,ros_p390.csv,0.2,b,2.4,
1007,1.0,0.01,1,10.0,0.0,56.2,6,30.3,4,0.0,1,100.0,0.0055,0.0,0.0,0,1,308,4,crash,clip,ros_p390.csv,0.2,b,2.4,
1008,1.0,0.01,1,10.0,0.0,56.2,6,30.3,4,0.0,1,100.0,0.0055,0.0,0.0,0,2,628,4,crash,clip,ros_p390.csv,0.2,b,2.4,
1009,1.0,0.01,1,10.0,0.0,56.2,6,30.3,4,0.0,1,100.0,0.0055,0.0,0.0,0,2,624,4,crash,clip,ros_p390.csv,0.2,b,2.4,
1010,1.0,0.01,1,10.0,0.0,56.2,6,30.3,4,0.0,1,100.0,0.0055,0.0,0.0,0,3,1047,4,crash,clip,ros_p390.csv,0.2,b,2.4,
1011,1.0,0.01,1,10.0,0.0,56.2,6,30.3,4,0.0,1,100.0,0.0055,0.0,0.0,0,2,894,4,crash,clip,ros_p390.csv,0.2,b,2.4,
1000,1.6,0.01,1,10.0,0.0,56.2,6,30.3,4,0.0,1,100.0,0.0055,0.0,0.0,0,2,585,4,crash,clip,ros_p390.csv,0.2,b,2.4,
1001,1.6,0.01,1,10.0,0.0,56.2,6,30.3,4,0.0,1,100.0,0.0055,0.0,0.0,0,1,172,4,crash,clip,ros_p390.csv,0.2,b,2.4,
1002,1.6,0.01,1,10.0,0.0,56.2,6,30.3,4,0.0,1,100.0,0.0055,0.0,0.0,0,1,209,4,crash,clip,ros_p390.csv,0.2,b,2.4,
1003,1.6,0.01,1,10.0,0.0,56.2,6,30.3,4,0.0,1,100.0,0.0055,0.0,0.0,0,4,921,4,success,,ros_p390.csv,0.2,b,2.4,
1004,1.6,0.01,1,10.0,0.0,56.2,6,30.3,4,0.0,1,100.0,0.0055,0.0,0.0,0,3,706,4,crash,clip,ros_p390.csv,0.2,b,2.4,
1005,1.6,0.01,1,10.0,0.0,56.2,6,30.3,4,0.0,1,100.0,0.0055,0.0,0.0,0,3,645,4,crash,clip,ros_p390.csv,0.2,b,2.4,
1006,1.6,0.01,1,10.0,0.0,56.2,6,30.3,4,0.0,1,100.0,0.0055,0.0,0.0,0,2,650,4,crash,clip,ros_p390.csv,0.2,b,2.4,
1007,1.6,0.01,1,10.0,0.0,56.2,6,30.3,4,0.0,1,100.0,0.0055,0.0,0.0,0,1,291,4,crash,clip,ros_p390.csv,0.2,b,2.4,
1008,1.6,0.01,1,10.0,0.0,56.2,6,30.3,4,0.0,1,100.0,0.0055,0.0,0.0,0,4,842,4,success,,ros_p390.csv,0.2,b,2.4,
1009,1.6,0.01,1,10.0,0.0,56.2,6,30.3,4,0.0,1,100.0,0.0055,0.0,0.0,0,1,243,4,crash,clip,ros_p390.csv,0.2,b,2.4,
1010,1.6,0.01,1,10.0,0.0,56.2,6,30.3,4,0.0,1,100.0,0.0055,0.0,0.0,0,3,789,4,crash,clip,ros_p390.csv,0.2,b,2.4,
1011,1.6,0.01,1,10.0,0.0,56.2,6,30.3,4,0.0,1,100.0,0.0055,0.0,0.0,0,1,321,4,crash,clip,ros_p390.csv,0.2,b,2.4,
1000,1.2,0.01,1,10.0,0.0,56.2,6,30.3,4,0.0,1,100.0,0.0055,0.0,0.0,0,2,1115,4,crash,clip,ros_p390.csv,0.2,b,2.4,
1001,1.2,0.01,1,10.0,0.0,56.2,6,30.3,4,0.0,1,100.0,0.0055,0.0,0.0,0,2,553,4,crash,clip,ros_p390.csv,0.2,b,2.4,
1002,1.2,0.01,1,10.0,0.0,56.2,6,30.3,4,0.0,1,100.0,0.0055,0.0,0.0,0,1,534,4,crash,ground,ros_p390.csv,0.2,b,2.4,
1003,1.2,0.01,1,10.0,0.0,56.2,6,30.3,4,0.0,1,100.0,0.0055,0.0,0.0,0,3,947,4,crash,clip,ros_p390.csv,0.2,b,2.4,
1004,1.2,0.01,1,10.0,0.0,56.2,6,30.3,4,0.0,1,100.0,0.0055,0.0,0.0,0,2,828,4,crash,clip,ros_p390.csv,0.2,b,2.4,
1005,1.2,0.01,1,10.0,0.0,56.2,6,30.3,4,0.0,1,100.0,0.0055,0.0,0.0,0,3,1120,4,crash,clip,ros_p390.csv,0.2,b,2.4,
1006,1.2,0.01,1,10.0,0.0,56.2,6,30.3,4,0.0,1,100.0,0.0055,0.0,0.0,0,3,1011,4,crash,clip,ros_p390.csv,0.2,b,2.4,
1007,1.2,0.01,1,10.0,0.0,56.2,6,30.3,4,0.0,1,100.0,0.0055,0.0,0.0,0,4,1184,4,success,,ros_p390.csv,0.2,b,2.4,
1008,1.2,0.01,1,10.0,0.0,56.2,6,30.3,4,0.0,1,100.0,0.0055,0.0,0.0,0,2,572,4,crash,clip,ros_p390.csv,0.2,b,2.4,
1009,1.2,0.01,1,10.0,0.0,56.2,6,30.3,4,0.0,1,100.0,0.0055,0.0,0.0,0,1,314,4,crash,clip,ros_p390.csv,0.2,b,2.4,
1010,1.2,0.01,1,10.0,0.0,56.2,6,30.3,4,0.0,1,100.0,0.0055,0.0,0.0,0,1,316,4,crash,clip,ros_p390.csv,0.2,b,2.4,
1011,1.2,0.01,1,10.0,0.0,56.2,6,30.3,4,0.0,1,100.0,0.0055,0.0,0.0,0,1,409,4,crash,clip,ros_p390.csv,0.2,b,2.4,
1000,1.8,0.01,1,10.0,0.0,136.5,14,30.3,4,0.0,1,100.0,0.0055,0.0,0.0,0,1,331,4,crash,clip,ros_vanilla4tm90.csv,0.2,b,2.4,
1001,1.8,0.01,1,10.0,0.0,136.5,14,30.3,4,0.0,1,100.0,0.0055,0.0,0.0,0,0,867,4,crash,clip,ros_vanilla4tm90.csv,0.2,b,2.4,
1002,1.8,0.01,1,10.0,0.0,136.5,14,30.3,4,0.0,1,100.0,0.0055,0.0,0.0,0,4,783,4,success,,ros_vanilla4tm90.csv,0.2,b,2.4,
1003,1.8,0.01,1,10.0,0.0,136.5,14,30.3,4,0.0,1,100.0,0.0055,0.0,0.0,0,4,807,4,success,,ros_vanilla4tm90.csv,0.2,b,2.4,
1004,1.8,0.01,1,10.0,0.0,136.5,14,30.3,4,0.0,1,100.0,0.0055,0.0,0.0,0,2,489,4,crash,clip,ros_vanilla4tm90.csv,0.2,b,2.4,
1005,1.8,0.01,1,10.0,0.0,136.5,14,30.3,4,0.0,1,100.0,0.0055,0.0,0.0,0,1,267,4,crash,clip,ros_vanilla4tm90.csv,0.2,b,2.4,
1006,1.8,0.01,1,10.0,0.0,136.5,14,30.3,4,0.0,1,100.0,0.0055,0.0,0.0,0,1,285,4,crash,clip,ros_vanilla4tm90.csv,0.2,b,2.4,
1007,1.8,0.01,1,10.0,0.0,136.5,14,30.3,4,0.0,1,100.0,0.0055,0.0,0.0,0,1,288,4,crash,clip,ros_vanilla4tm90.csv,0.2,b,2.4,
1008,1.8,0.01,1,10.0,0.0,136.5,14,30.3,4,0.0,1,100.0,0.0055,0.0,0.0,0,1,143,4,crash,clip,ros_vanilla4tm90.csv,0.2,b,2.4,
1009,1.8,0.01,1,10.0,0.0,136.5,14,30.3,4,0.0,1,100.0,0.0055,0.0,0.0,0,2,442,4,crash,clip,ros_vanilla4tm90.csv,0.2,b,2.4,
1010,1.8,0.01,1,10.0,0.0,136.5,14,30.3,4,0.0,1,100.0,0.0055,0.0,0.0,0,2,379,4,crash,clip,ros_vanilla4tm90.csv,0.2,b,2.4,
1011,1.8,0.01,1,10.0,0.0,136.5,14,30.3,4,0.0,1,100.0,0.0055,0.0,0.0,0,1,288,4,crash,clip,ros_vanilla4tm90.csv,0.2,b,2.4,
1000,1.4,0.01,1,10.0,0.0,136.5,14,30.3,4,0.0,1,100.0,0.0055,0.0,0.0,0,2,623,4,crash,clip,ros_vanilla4tm90.csv,0.2,b,2.4,
1001,1.4,0.01,1,10.0,0.0,136.5,14,30.3,4,0.0,1,100.0,0.0055,0.0,0.0,0,1,520,4,crash,clip,ros_vanilla4tm90.csv,0.2,b,2.4,
1002,1.4,0.01,1,10.0,0.0,136.5,14,30.3,4,0.0,1,100.0,0.0055,0.0,0.0,0,2,597,4,crash,clip,ros_vanilla4tm90.csv,0.2,b,2.4,
1003,1.4,0.01,1,10.0,0.0,136.5,14,30.3,4,0.0,1,100.0,0.0055,0.0,0.0,0,1,343,4,crash,clip,ros_vanilla4tm90.csv,0.2,b,2.4,
1004,1.4,0.01,1,10.0,0.0,136.5,14,30.3,4,0.0,1,100.0,0.0055,0.0,0.0,0,1,430,4,crash,clip,ros_vanilla4tm90.csv,0.2,b,2.4,
1005,1.4,0.01,1,10.0,0.0,136.5,14,30.3,4,0.0,1,100.0,0.0055,0.0,0.0,0,2,579,4,crash,clip,ros_vanilla4tm90.csv,0.2,b,2.4,
1006,1.4,0.01,1,10.0,0.0,136.5,14,30.3,4,0.0,1,100.0,0.0055,0.0,0.0,0,1,367,4,crash,clip,ros_vanilla4tm90.csv,0.2,b,2.4,
1007,1.4,0.01,1,10.0,0.0,136.5,14,30.3,4,0.0,1,100.0,0.0055,0.0,0.0,0,2,638,4,crash,clip,ros_vanilla4tm90.csv,0.2,b,2.4,
1008,1.4,0.01,1,10.0,0.0,136.5,14,30.3,4,0.0,1,100.0,0.0055,0.0,0.0,0,2,475,4,crash,clip,ros_vanilla4tm90.csv,0.2,b,2.4,
1009,1.4,0.01,1,10.0,0.0,136.5,14,30.3,4,0.0,1,100.0,0.0055,0.0,0.0,0,4,989,4,success,,ros_vanilla4tm90.csv,0.2,b,2.4,
1010,1.4,0.01,1,10.0,0.0,136.5,14,30.3,4,0.0,1,100.0,0.0055,0.0,0.0,0,2,617,4,crash,clip,ros_vanilla4tm90.csv,0.2,b,2.4,
1011,1.4,0.01,1,10.0,0.0,136.5,14,30.3,4,0.0,1,100.0,0.0055,0.0,0.0,0,1,350,4,crash,clip,ros_vanilla4tm90.csv,0.2,b,2.4,
1000,1.0,0.01,1,10.0,0.0,136.5,14,30.3,4,0.0,1,100.0,0.0055,0.0,0.0,0,1,1155,4,crash,clip,ros_vanilla4tm90.csv,0.2,b,2.4,
1001,1.0,0.01,1,10.0,0.0,136.5,14,30.3,4,0.0,1,100.0,0.0055,0.0,0.0,0,4,1361,4,success,,ros_vanilla4tm90.csv,0.2,b,2.4,
1002,1.0,0.01,1,10.0,0.0,136.5,14,30.3,4,0.0,1,100.0,0.0055,0.0,0.0,0,2,723,4,crash,clip,ros_vanilla4tm90.csv,0.2,b,2.4,
1003,1.0,0.01,1,10.0,0.0,136.5,14,30.3,4,0.0,1,100.0,0.0055,0.0,0.0,0,2,854,4,crash,clip,ros_vanilla4tm90.csv,0.2,b,2.4,
1004,1.0,0.01,1,10.0,0.0,136.5,14,30.3,4,0.0,1,100.0,0.0055,0.0,0.0,0,2,935,4,crash,clip,ros_vanilla4tm90.csv,0.2,b,2.4,
1005,1.0,0.01,1,10.0,0.0,136.5,14,30.3,4,0.0,1,100.0,0.0055,0.0,0.0,0,1,790,4,crash,clip,ros_vanilla4tm90.csv,0.2,b,2.4,
1006,1.0,0.01,1,10.0,0.0,136.5,14,30.3,4,0.0,1,100.0,0.0055,0.0,0.0,0,3,1162,4,crash,clip,ros_vanilla4tm90.csv,0.2,b,2.4,
1007,1.0,0.01,1,10.0,0.0,136.5,14,30.3,4,0.0,1,100.0,0.0055,0.0,0.0,0,2,824,4,crash,clip,ros_vanilla4tm90.csv,0.2,b,2.4,
1008,1.0,0.01,1,10.0,0.0,136.5,14,30.3,4,0.0,1,100.0,0.0055,0.0,0.0,0,2,636,4,crash,clip,ros_vanilla4tm90.csv,0.2,b,2.4,
1009,1.0,0.01,1,10.0,0.0,136.5,14,30.3,4,0.0,1,100.0,0.0055,0.0,0.0,0,1,379,4,crash,clip,ros_vanilla4tm90.csv,0.2,b,2.4,
1010,1.0,0.01,1,10.0,0.0,136.5,14,30.3,4,0.0,1,100.0,0.0055,0.0,0.0,0,1,712,4,crash,clip,ros_vanilla4tm90.csv,0.2,b,2.4,
1011,1.0,0.01,1,10.0,0.0,136.5,14,30.3,4,0.0,1,100.0,0.0055,0.0,0.0,0,1,430,4,crash,clip,ros_vanilla4tm90.csv,0.2,b,2.4,
1000,1.6,0.01,1,10.0,0.0,136.5,14,30.3,4,0.0,1,100.0,0.0055,0.0,0.0,0,2,587,4,crash,clip,ros_vanilla4tm90.csv,0.2,b,2.4,
1001,1.6,0.01,1,10.0,0.0,136.5,14,30.3,4,0.0,1,100.0,0.0055,0.0,0.0,0,0,277,4,crash,clip,ros_vanilla4tm90.csv,0.2,b,2.4,
1002,1.6,0.01,1,10.0,0.0,136.5,14,30.3,4,0.0,1,100.0,0.0055,0.0,0.0,0,0,228,4,crash,clip,ros_vanilla4tm90.csv,0.2,b,2.4,
1003,1.6,0.01,1,10.0,0.0,136.5,14,30.3,4,0.0,1,100.0,0.0055,0.0,0.0,0,3,817,4,crash,clip,ros_vanilla4tm90.csv,0.2,b,2.4,
1004,1.6,0.01,1,10.0,0.0,136.5,14,30.3,4,0.0,1,100.0,0.0055,0.0,0.0,0,1,390,4,crash,clip,ros_vanilla4tm90.csv,0.2,b,2.4,
1005,1.6,0.01,1,10.0,0.0,136.5,14,30.3,4,0.0,1,100.0,0.0055,0.0,0.0,0,3,646,4,crash,clip,ros_vanilla4tm90.csv,0.2,b,2.4,
1006,1.6,0.01,1,10.0,0.0,136.5,14,30.3,4,0.0,1,100.0,0.0055,0.0,0.0,0,3,826,4,crash,clip,ros_vanilla4tm90.csv,0.2,b,2.4,
1007,1.6,0.01,1,10.0,0.0,136.5,14,30.3,4,0.0,1,100.0,0.0055,0.0,0.0,0,1,313,4,crash,clip,ros_vanilla4tm90.csv,0.2,b,2.4,
1008,1.6,0.01,1,10.0,0.0,136.5,14,30.3,4,0.0,1,100.0,0.0055,0.0,0.0,0,0,409,4,crash,clip,ros_vanilla4tm90.csv,0.2,b,2.4,
1009,1.6,0.01,1,10.0,0.0,136.5,14,30.3,4,0.0,1,100.0,0.0055,0.0,0.0,0,2,535,4,crash,clip,ros_vanilla4tm90.csv,0.2,b,2.4,
1010,1.6,0.01,1,10.0,0.0,136.5,14,30.3,4,0.0,1,100.0,0.0055,0.0,0.0,0,4,863,4,success,,ros_vanilla4tm90.csv,0.2,b,2.4,
1011,1.6,0.01,1,10.0,0.0,136.5,14,30.3,4,0.0,1,100.0,0.0055,0.0,0.0,0,1,321,4,crash,clip,ros_vanilla4tm90.csv,0.2,b,2.4,
1000,1.2,0.01,1,10.0,0.0,136.5,14,30.3,4,0.0,1,100.0,0.0055,0.0,0.0,0,3,1190,4,crash,clip,ros_vanilla4tm90.csv,0.2,b,2.4,
1001,1.2,0.01,1,10.0,0.0,136.5,14,30.3,4,0.0,1,100.0,0.0055,0.0,0.0,0,4,1137,4,success,,ros_vanilla4tm90.csv,0.2,b,2.4,
1002,1.2,0.01,1,10.0,0.0,136.5,14,30.3,4,0.0,1,100.0,0.0055,0.0,0.0,0,2,648,4,crash,clip,ros_vanilla4tm90.csv,0.2,b,2.4,
1003,1.2,0.01,1,10.0,0.0,136.5,14,30.3,4,0.0,1,100.0,0.0055,0.0,0.0,0,1,613,4,crash,clip,ros_vanilla4tm90.csv,0.2,b,2.4,
1004,1.2,0.01,1,10.0,0.0,136.5,14,30.3,4,0.0,1,100.0,0.0055,0.0,0.0,0,1,690,4,crash,clip,ros_vanilla4tm90.csv,0.2,b,2.4,
1005,1.2,0.01,1,10.0,0.0,136.5,14,30.3,4,0.0,1,100.0,0.0055,0.0,0.0,0,4,1167,4,success,,ros_vanilla4tm90.csv,0.2,b,2.4,
1006,1.2,0.01,1,10.0,0.0,136.5,14,30.3,4,0.0,1,100.0,0.0055,0.0,0.0,0,2,845,4,crash,clip,ros_vanilla4tm90.csv,0.2,b,2.4,
1007,1.2,0.01,1,10.0,0.0,136.5,14,30.3,4,0.0,1,100.0,0.0055,0.0,0.0,0,2,798,4,crash,clip,ros_vanilla4tm90.csv,0.2,b,2.4,
1008,1.2,0.01,1,10.0,0.0,136.5,14,30.3,4,0.0,1,100.0,0.0055,0.0,0.0,0,1,326,4,crash,clip,ros_vanilla4tm90.csv,0.2,b,2.4,
1009,1.2,0.01,1,10.0,0.0,136.5,14,30.3,4,0.0,1,100.0,0.0055,0.0,0.0,0,3,1800,4,timeout,,ros_vanilla4tm90.csv,0.2,b,2.4,
1010,1.2,0.01,1,10.0,0.0,136.5,14,30.3,4,0.0,1,100.0,0.0055,0.0,0.0,0,2,696,4,crash,clip,ros_vanilla4tm90.csv,0.2,b,2.4,
1011,1.2,0.01,1,10.0,0.0,136.5,14,30.3,4,0.0,1,100.0,0.0055,0.0,0.0,0,1,372,4,crash,clip,ros_vanilla4tm90.csv,0.2,b,2.4,
1000,1.8,0.01,1,10.0,0.0,59.9,6,8.3,1,0.0,1,96.24,0.0055,0.0,0.0,0,2,528,4,crash,clip,xpu_a_cpsat_hard.csv,0.2,b,2.4,
1001,1.8,0.01,1,10.0,0.0,59.9,6,8.3,1,0.0,1,96.24,0.0055,0.0,0.0,0,0,477,4,crash,clip,xpu_a_cpsat_hard.csv,0.2,b,2.4,
1002,1.8,0.01,1,10.0,0.0,59.9,6,8.3,1,0.0,1,96.24,0.0055,0.0,0.0,0,0,231,4,crash,clip,xpu_a_cpsat_hard.csv,0.2,b,2.4,
1003,1.8,0.01,1,10.0,0.0,59.9,6,8.3,1,0.0,1,96.24,0.0055,0.0,0.0,0,3,710,4,crash,clip,xpu_a_cpsat_hard.csv,0.2,b,2.4,
1004,1.8,0.01,1,10.0,0.0,59.9,6,8.3,1,0.0,1,96.24,0.0055,0.0,0.0,0,1,297,4,crash,clip,xpu_a_cpsat_hard.csv,0.2,b,2.4,
1005,1.8,0.01,1,10.0,0.0,59.9,6,8.3,1,0.0,1,96.24,0.0055,0.0,0.0,0,1,163,4,crash,clip,xpu_a_cpsat_hard.csv,0.2,b,2.4,
1006,1.8,0.01,1,10.0,0.0,59.9,6,8.3,1,0.0,1,96.24,0.0055,0.0,0.0,0,2,512,4,crash,clip,xpu_a_cpsat_hard.csv,0.2,b,2.4,
1007,1.8,0.01,1,10.0,0.0,59.9,6,8.3,1,0.0,1,96.24,0.0055,0.0,0.0,0,1,256,4,crash,clip,xpu_a_cpsat_hard.csv,0.2,b,2.4,
1008,1.8,0.01,1,10.0,0.0,59.9,6,8.3,1,0.0,1,96.24,0.0055,0.0,0.0,0,4,762,4,success,,xpu_a_cpsat_hard.csv,0.2,b,2.4,
1009,1.8,0.01,1,10.0,0.0,59.9,6,8.3,1,0.0,1,96.24,0.0055,0.0,0.0,0,4,757,4,success,,xpu_a_cpsat_hard.csv,0.2,b,2.4,
1010,1.8,0.01,1,10.0,0.0,59.9,6,8.3,1,0.0,1,96.24,0.0055,0.0,0.0,0,4,775,4,success,,xpu_a_cpsat_hard.csv,0.2,b,2.4,
1011,1.8,0.01,1,10.0,0.0,59.9,6,8.3,1,0.0,1,96.24,0.0055,0.0,0.0,0,1,300,4,crash,clip,xpu_a_cpsat_hard.csv,0.2,b,2.4,
1000,1.4,0.01,1,10.0,0.0,59.9,6,8.3,1,0.0,1,96.24,0.0055,0.0,0.0,0,3,975,4,crash,clip,xpu_a_cpsat_hard.csv,0.2,b,2.4,
1001,1.4,0.01,1,10.0,0.0,59.9,6,8.3,1,0.0,1,96.24,0.0055,0.0,0.0,0,2,478,4,crash,clip,xpu_a_cpsat_hard.csv,0.2,b,2.4,
1002,1.4,0.01,1,10.0,0.0,59.9,6,8.3,1,0.0,1,96.24,0.0055,0.0,0.0,0,1,268,4,crash,clip,xpu_a_cpsat_hard.csv,0.2,b,2.4,
1003,1.4,0.01,1,10.0,0.0,59.9,6,8.3,1,0.0,1,96.24,0.0055,0.0,0.0,0,1,368,4,crash,clip,xpu_a_cpsat_hard.csv,0.2,b,2.4,
1004,1.4,0.01,1,10.0,0.0,59.9,6,8.3,1,0.0,1,96.24,0.0055,0.0,0.0,0,1,387,4,crash,clip,xpu_a_cpsat_hard.csv,0.2,b,2.4,
1005,1.4,0.01,1,10.0,0.0,59.9,6,8.3,1,0.0,1,96.24,0.0055,0.0,0.0,0,2,698,4,crash,clip,xpu_a_cpsat_hard.csv,0.2,b,2.4,
1006,1.4,0.01,1,10.0,0.0,59.9,6,8.3,1,0.0,1,96.24,0.0055,0.0,0.0,0,3,923,4,crash,clip,xpu_a_cpsat_hard.csv,0.2,b,2.4,
1007,1.4,0.01,1,10.0,0.0,59.9,6,8.3,1,0.0,1,96.24,0.0055,0.0,0.0,0,2,595,4,crash,clip,xpu_a_cpsat_hard.csv,0.2,b,2.4,
1008,1.4,0.01,1,10.0,0.0,59.9,6,8.3,1,0.0,1,96.24,0.0055,0.0,0.0,0,2,476,4,crash,clip,xpu_a_cpsat_hard.csv,0.2,b,2.4,
1009,1.4,0.01,1,10.0,0.0,59.9,6,8.3,1,0.0,1,96.24,0.0055,0.0,0.0,0,2,546,4,crash,clip,xpu_a_cpsat_hard.csv,0.2,b,2.4,
1010,1.4,0.01,1,10.0,0.0,59.9,6,8.3,1,0.0,1,96.24,0.0055,0.0,0.0,0,1,227,4,crash,clip,xpu_a_cpsat_hard.csv,0.2,b,2.4,
1011,1.4,0.01,1,10.0,0.0,59.9,6,8.3,1,0.0,1,96.24,0.0055,0.0,0.0,0,2,696,4,crash,clip,xpu_a_cpsat_hard.csv,0.2,b,2.4,
1000,1.0,0.01,1,10.0,0.0,59.9,6,8.3,1,0.0,1,96.24,0.0055,0.0,0.0,0,3,1419,4,crash,clip,xpu_a_cpsat_hard.csv,0.2,b,2.4,
1001,1.0,0.01,1,10.0,0.0,59.9,6,8.3,1,0.0,1,96.24,0.0055,0.0,0.0,0,4,1352,4,success,,xpu_a_cpsat_hard.csv,0.2,b,2.4,
1002,1.0,0.01,1,10.0,0.0,59.9,6,8.3,1,0.0,1,96.24,0.0055,0.0,0.0,0,1,599,4,crash,clip,xpu_a_cpsat_hard.csv,0.2,b,2.4,
1003,1.0,0.01,1,10.0,0.0,59.9,6,8.3,1,0.0,1,96.24,0.0055,0.0,0.0,0,4,1410,4,success,,xpu_a_cpsat_hard.csv,0.2,b,2.4,
1004,1.0,0.01,1,10.0,0.0,59.9,6,8.3,1,0.0,1,96.24,0.0055,0.0,0.0,0,1,518,4,crash,clip,xpu_a_cpsat_hard.csv,0.2,b,2.4,
1005,1.0,0.01,1,10.0,0.0,59.9,6,8.3,1,0.0,1,96.24,0.0055,0.0,0.0,0,1,1633,4,crash,clip,xpu_a_cpsat_hard.csv,0.2,b,2.4,
1006,1.0,0.01,1,10.0,0.0,59.9,6,8.3,1,0.0,1,96.24,0.0055,0.0,0.0,0,4,1422,4,success,,xpu_a_cpsat_hard.csv,0.2,b,2.4,
1007,1.0,0.01,1,10.0,0.0,59.9,6,8.3,1,0.0,1,96.24,0.0055,0.0,0.0,0,1,805,4,crash,clip,xpu_a_cpsat_hard.csv,0.2,b,2.4,
1008,1.0,0.01,1,10.0,0.0,59.9,6,8.3,1,0.0,1,96.24,0.0055,0.0,0.0,0,2,631,4,crash,clip,xpu_a_cpsat_hard.csv,0.2,b,2.4,
1009,1.0,0.01,1,10.0,0.0,59.9,6,8.3,1,0.0,1,96.24,0.0055,0.0,0.0,0,3,1061,4,crash,clip,xpu_a_cpsat_hard.csv,0.2,b,2.4,
1010,1.0,0.01,1,10.0,0.0,59.9,6,8.3,1,0.0,1,96.24,0.0055,0.0,0.0,0,2,623,4,crash,clip,xpu_a_cpsat_hard.csv,0.2,b,2.4,
1011,1.0,0.01,1,10.0,0.0,59.9,6,8.3,1,0.0,1,96.24,0.0055,0.0,0.0,0,1,468,4,crash,clip,xpu_a_cpsat_hard.csv,0.2,b,2.4,
1000,1.6,0.01,1,10.0,0.0,59.9,6,8.3,1,0.0,1,96.24,0.0055,0.0,0.0,0,1,393,4,crash,clip,xpu_a_cpsat_hard.csv,0.2,b,2.4,
1001,1.6,0.01,1,10.0,0.0,59.9,6,8.3,1,0.0,1,96.24,0.0055,0.0,0.0,0,1,171,4,crash,clip,xpu_a_cpsat_hard.csv,0.2,b,2.4,
1002,1.6,0.01,1,10.0,0.0,59.9,6,8.3,1,0.0,1,96.24,0.0055,0.0,0.0,0,1,210,4,crash,clip,xpu_a_cpsat_hard.csv,0.2,b,2.4,
1003,1.6,0.01,1,10.0,0.0,59.9,6,8.3,1,0.0,1,96.24,0.0055,0.0,0.0,0,2,548,4,crash,clip,xpu_a_cpsat_hard.csv,0.2,b,2.4,
1004,1.6,0.01,1,10.0,0.0,59.9,6,8.3,1,0.0,1,96.24,0.0055,0.0,0.0,0,1,390,4,crash,clip,xpu_a_cpsat_hard.csv,0.2,b,2.4,
1005,1.6,0.01,1,10.0,0.0,59.9,6,8.3,1,0.0,1,96.24,0.0055,0.0,0.0,0,1,323,4,crash,clip,xpu_a_cpsat_hard.csv,0.2,b,2.4,
1006,1.6,0.01,1,10.0,0.0,59.9,6,8.3,1,0.0,1,96.24,0.0055,0.0,0.0,0,3,825,4,crash,clip,xpu_a_cpsat_hard.csv,0.2,b,2.4,
1007,1.6,0.01,1,10.0,0.0,59.9,6,8.3,1,0.0,1,96.24,0.0055,0.0,0.0,0,2,457,4,crash,clip,xpu_a_cpsat_hard.csv,0.2,b,2.4,
1008,1.6,0.01,1,10.0,0.0,59.9,6,8.3,1,0.0,1,96.24,0.0055,0.0,0.0,0,4,847,4,success,,xpu_a_cpsat_hard.csv,0.2,b,2.4,
1009,1.6,0.01,1,10.0,0.0,59.9,6,8.3,1,0.0,1,96.24,0.0055,0.0,0.0,0,1,527,4,crash,clip,xpu_a_cpsat_hard.csv,0.2,b,2.4,
1010,1.6,0.01,1,10.0,0.0,59.9,6,8.3,1,0.0,1,96.24,0.0055,0.0,0.0,0,1,270,4,crash,clip,xpu_a_cpsat_hard.csv,0.2,b,2.4,
1011,1.6,0.01,1,10.0,0.0,59.9,6,8.3,1,0.0,1,96.24,0.0055,0.0,0.0,0,1,651,4,crash,clip,xpu_a_cpsat_hard.csv,0.2,b,2.4,
1000,1.2,0.01,1,10.0,0.0,59.9,6,8.3,1,0.0,1,96.24,0.0055,0.0,0.0,0,4,1177,4,success,,xpu_a_cpsat_hard.csv,0.2,b,2.4,
1001,1.2,0.01,1,10.0,0.0,59.9,6,8.3,1,0.0,1,96.24,0.0055,0.0,0.0,0,4,1132,4,success,,xpu_a_cpsat_hard.csv,0.2,b,2.4,
1002,1.2,0.01,1,10.0,0.0,59.9,6,8.3,1,0.0,1,96.24,0.0055,0.0,0.0,0,2,647,4,crash,clip,xpu_a_cpsat_hard.csv,0.2,b,2.4,
1003,1.2,0.01,1,10.0,0.0,59.9,6,8.3,1,0.0,1,96.24,0.0055,0.0,0.0,0,4,1181,4,success,,xpu_a_cpsat_hard.csv,0.2,b,2.4,
1004,1.2,0.01,1,10.0,0.0,59.9,6,8.3,1,0.0,1,96.24,0.0055,0.0,0.0,0,1,520,4,crash,clip,xpu_a_cpsat_hard.csv,0.2,b,2.4,
1005,1.2,0.01,1,10.0,0.0,59.9,6,8.3,1,0.0,1,96.24,0.0055,0.0,0.0,0,4,1162,4,success,,xpu_a_cpsat_hard.csv,0.2,b,2.4,
1006,1.2,0.01,1,10.0,0.0,59.9,6,8.3,1,0.0,1,96.24,0.0055,0.0,0.0,0,3,1053,4,crash,clip,xpu_a_cpsat_hard.csv,0.2,b,2.4,
1007,1.2,0.01,1,10.0,0.0,59.9,6,8.3,1,0.0,1,96.24,0.0055,0.0,0.0,0,4,1160,4,success,,xpu_a_cpsat_hard.csv,0.2,b,2.4,
1008,1.2,0.01,1,10.0,0.0,59.9,6,8.3,1,0.0,1,96.24,0.0055,0.0,0.0,0,1,434,4,crash,clip,xpu_a_cpsat_hard.csv,0.2,b,2.4,
1009,1.2,0.01,1,10.0,0.0,59.9,6,8.3,1,0.0,1,96.24,0.0055,0.0,0.0,0,1,325,4,crash,clip,xpu_a_cpsat_hard.csv,0.2,b,2.4,
1010,1.2,0.01,1,10.0,0.0,59.9,6,8.3,1,0.0,1,96.24,0.0055,0.0,0.0,0,2,516,4,crash,clip,xpu_a_cpsat_hard.csv,0.2,b,2.4,
1011,1.2,0.01,1,10.0,0.0,59.9,6,8.3,1,0.0,1,96.24,0.0055,0.0,0.0,0,1,376,4,crash,clip,xpu_a_cpsat_hard.csv,0.2,b,2.4,
1000,1.8,0.01,1,10.0,0.0,947.5,95,0.0,1,0.0,1,35.78,0.0055,0.0,0.0,0,0,185,4,crash,ground,xpu_a90_greedy.csv,0.2,b,2.4,
1001,1.8,0.01,1,10.0,0.0,947.5,95,0.0,1,0.0,1,35.78,0.0055,0.0,0.0,0,0,183,4,crash,ground,xpu_a90_greedy.csv,0.2,b,2.4,
1002,1.8,0.01,1,10.0,0.0,947.5,95,0.0,1,0.0,1,35.78,0.0055,0.0,0.0,0,0,183,4,crash,ground,xpu_a90_greedy.csv,0.2,b,2.4,
1003,1.8,0.01,1,10.0,0.0,947.5,95,0.0,1,0.0,1,35.78,0.0055,0.0,0.0,0,0,183,4,crash,ground,xpu_a90_greedy.csv,0.2,b,2.4,
1004,1.8,0.01,1,10.0,0.0,947.5,95,0.0,1,0.0,1,35.78,0.0055,0.0,0.0,0,0,182,4,crash,ground,xpu_a90_greedy.csv,0.2,b,2.4,
1005,1.8,0.01,1,10.0,0.0,947.5,95,0.0,1,0.0,1,35.78,0.0055,0.0,0.0,0,0,184,4,crash,ground,xpu_a90_greedy.csv,0.2,b,2.4,
1006,1.8,0.01,1,10.0,0.0,947.5,95,0.0,1,0.0,1,35.78,0.0055,0.0,0.0,0,0,183,4,crash,ground,xpu_a90_greedy.csv,0.2,b,2.4,
1007,1.8,0.01,1,10.0,0.0,947.5,95,0.0,1,0.0,1,35.78,0.0055,0.0,0.0,0,0,182,4,crash,ground,xpu_a90_greedy.csv,0.2,b,2.4,
1008,1.8,0.01,1,10.0,0.0,947.5,95,0.0,1,0.0,1,35.78,0.0055,0.0,0.0,0,0,184,4,crash,ground,xpu_a90_greedy.csv,0.2,b,2.4,
1009,1.8,0.01,1,10.0,0.0,947.5,95,0.0,1,0.0,1,35.78,0.0055,0.0,0.0,0,0,185,4,crash,ground,xpu_a90_greedy.csv,0.2,b,2.4,
1010,1.8,0.01,1,10.0,0.0,947.5,95,0.0,1,0.0,1,35.78,0.0055,0.0,0.0,0,0,183,4,crash,ground,xpu_a90_greedy.csv,0.2,b,2.4,
1011,1.8,0.01,1,10.0,0.0,947.5,95,0.0,1,0.0,1,35.78,0.0055,0.0,0.0,0,0,181,4,crash,ground,xpu_a90_greedy.csv,0.2,b,2.4,
1000,1.4,0.01,1,10.0,0.0,947.5,95,0.0,1,0.0,1,35.78,0.0055,0.0,0.0,0,0,188,4,crash,ground,xpu_a90_greedy.csv,0.2,b,2.4,
1001,1.4,0.01,1,10.0,0.0,947.5,95,0.0,1,0.0,1,35.78,0.0055,0.0,0.0,0,0,186,4,crash,ground,xpu_a90_greedy.csv,0.2,b,2.4,
1002,1.4,0.01,1,10.0,0.0,947.5,95,0.0,1,0.0,1,35.78,0.0055,0.0,0.0,0,0,188,4,crash,ground,xpu_a90_greedy.csv,0.2,b,2.4,
1003,1.4,0.01,1,10.0,0.0,947.5,95,0.0,1,0.0,1,35.78,0.0055,0.0,0.0,0,0,186,4,crash,ground,xpu_a90_greedy.csv,0.2,b,2.4,
1004,1.4,0.01,1,10.0,0.0,947.5,95,0.0,1,0.0,1,35.78,0.0055,0.0,0.0,0,0,186,4,crash,ground,xpu_a90_greedy.csv,0.2,b,2.4,
1005,1.4,0.01,1,10.0,0.0,947.5,95,0.0,1,0.0,1,35.78,0.0055,0.0,0.0,0,0,188,4,crash,ground,xpu_a90_greedy.csv,0.2,b,2.4,
1006,1.4,0.01,1,10.0,0.0,947.5,95,0.0,1,0.0,1,35.78,0.0055,0.0,0.0,0,0,187,4,crash,ground,xpu_a90_greedy.csv,0.2,b,2.4,
1007,1.4,0.01,1,10.0,0.0,947.5,95,0.0,1,0.0,1,35.78,0.0055,0.0,0.0,0,0,186,4,crash,ground,xpu_a90_greedy.csv,0.2,b,2.4,
1008,1.4,0.01,1,10.0,0.0,947.5,95,0.0,1,0.0,1,35.78,0.0055,0.0,0.0,0,0,188,4,crash,ground,xpu_a90_greedy.csv,0.2,b,2.4,
1009,1.4,0.01,1,10.0,0.0,947.5,95,0.0,1,0.0,1,35.78,0.0055,0.0,0.0,0,0,187,4,crash,ground,xpu_a90_greedy.csv,0.2,b,2.4,
1010,1.4,0.01,1,10.0,0.0,947.5,95,0.0,1,0.0,1,35.78,0.0055,0.0,0.0,0,0,187,4,crash,ground,xpu_a90_greedy.csv,0.2,b,2.4,
1011,1.4,0.01,1,10.0,0.0,947.5,95,0.0,1,0.0,1,35.78,0.0055,0.0,0.0,0,0,185,4,crash,ground,xpu_a90_greedy.csv,0.2,b,2.4,
1000,1.0,0.01,1,10.0,0.0,947.5,95,0.0,1,0.0,1,35.78,0.0055,0.0,0.0,0,0,192,4,crash,ground,xpu_a90_greedy.csv,0.2,b,2.4,
1001,1.0,0.01,1,10.0,0.0,947.5,95,0.0,1,0.0,1,35.78,0.0055,0.0,0.0,0,0,189,4,crash,ground,xpu_a90_greedy.csv,0.2,b,2.4,
1002,1.0,0.01,1,10.0,0.0,947.5,95,0.0,1,0.0,1,35.78,0.0055,0.0,0.0,0,0,193,4,crash,ground,xpu_a90_greedy.csv,0.2,b,2.4,
1003,1.0,0.01,1,10.0,0.0,947.5,95,0.0,1,0.0,1,35.78,0.0055,0.0,0.0,0,0,190,4,crash,ground,xpu_a90_greedy.csv,0.2,b,2.4,
1004,1.0,0.01,1,10.0,0.0,947.5,95,0.0,1,0.0,1,35.78,0.0055,0.0,0.0,0,0,189,4,crash,ground,xpu_a90_greedy.csv,0.2,b,2.4,
1005,1.0,0.01,1,10.0,0.0,947.5,95,0.0,1,0.0,1,35.78,0.0055,0.0,0.0,0,0,190,4,crash,ground,xpu_a90_greedy.csv,0.2,b,2.4,
1006,1.0,0.01,1,10.0,0.0,947.5,95,0.0,1,0.0,1,35.78,0.0055,0.0,0.0,0,0,190,4,crash,ground,xpu_a90_greedy.csv,0.2,b,2.4,
1007,1.0,0.01,1,10.0,0.0,947.5,95,0.0,1,0.0,1,35.78,0.0055,0.0,0.0,0,0,189,4,crash,ground,xpu_a90_greedy.csv,0.2,b,2.4,
1008,1.0,0.01,1,10.0,0.0,947.5,95,0.0,1,0.0,1,35.78,0.0055,0.0,0.0,0,0,192,4,crash,ground,xpu_a90_greedy.csv,0.2,b,2.4,
1009,1.0,0.01,1,10.0,0.0,947.5,95,0.0,1,0.0,1,35.78,0.0055,0.0,0.0,0,0,191,4,crash,ground,xpu_a90_greedy.csv,0.2,b,2.4,
1010,1.0,0.01,1,10.0,0.0,947.5,95,0.0,1,0.0,1,35.78,0.0055,0.0,0.0,0,0,190,4,crash,ground,xpu_a90_greedy.csv,0.2,b,2.4,
1011,1.0,0.01,1,10.0,0.0,947.5,95,0.0,1,0.0,1,35.78,0.0055,0.0,0.0,0,0,189,4,crash,ground,xpu_a90_greedy.csv,0.2,b,2.4,
1000,1.6,0.01,1,10.0,0.0,947.5,95,0.0,1,0.0,1,35.78,0.0055,0.0,0.0,0,0,187,4,crash,ground,xpu_a90_greedy.csv,0.2,b,2.4,
1001,1.6,0.01,1,10.0,0.0,947.5,95,0.0,1,0.0,1,35.78,0.0055,0.0,0.0,0,0,184,4,crash,ground,xpu_a90_greedy.csv,0.2,b,2.4,
1002,1.6,0.01,1,10.0,0.0,947.5,95,0.0,1,0.0,1,35.78,0.0055,0.0,0.0,0,0,186,4,crash,ground,xpu_a90_greedy.csv,0.2,b,2.4,
1003,1.6,0.01,1,10.0,0.0,947.5,95,0.0,1,0.0,1,35.78,0.0055,0.0,0.0,0,0,185,4,crash,ground,xpu_a90_greedy.csv,0.2,b,2.4,
1004,1.6,0.01,1,10.0,0.0,947.5,95,0.0,1,0.0,1,35.78,0.0055,0.0,0.0,0,0,184,4,crash,ground,xpu_a90_greedy.csv,0.2,b,2.4,
1005,1.6,0.01,1,10.0,0.0,947.5,95,0.0,1,0.0,1,35.78,0.0055,0.0,0.0,0,0,185,4,crash,ground,xpu_a90_greedy.csv,0.2,b,2.4,
1006,1.6,0.01,1,10.0,0.0,947.5,95,0.0,1,0.0,1,35.78,0.0055,0.0,0.0,0,0,186,4,crash,ground,xpu_a90_greedy.csv,0.2,b,2.4,
1007,1.6,0.01,1,10.0,0.0,947.5,95,0.0,1,0.0,1,35.78,0.0055,0.0,0.0,0,0,185,4,crash,ground,xpu_a90_greedy.csv,0.2,b,2.4,
1008,1.6,0.01,1,10.0,0.0,947.5,95,0.0,1,0.0,1,35.78,0.0055,0.0,0.0,0,0,186,4,crash,ground,xpu_a90_greedy.csv,0.2,b,2.4,
1009,1.6,0.01,1,10.0,0.0,947.5,95,0.0,1,0.0,1,35.78,0.0055,0.0,0.0,0,0,186,4,crash,ground,xpu_a90_greedy.csv,0.2,b,2.4,
1010,1.6,0.01,1,10.0,0.0,947.5,95,0.0,1,0.0,1,35.78,0.0055,0.0,0.0,0,0,185,4,crash,ground,xpu_a90_greedy.csv,0.2,b,2.4,
1011,1.6,0.01,1,10.0,0.0,947.5,95,0.0,1,0.0,1,35.78,0.0055,0.0,0.0,0,0,183,4,crash,ground,xpu_a90_greedy.csv,0.2,b,2.4,
1000,1.2,0.01,1,10.0,0.0,947.5,95,0.0,1,0.0,1,35.78,0.0055,0.0,0.0,0,0,190,4,crash,ground,xpu_a90_greedy.csv,0.2,b,2.4,
1001,1.2,0.01,1,10.0,0.0,947.5,95,0.0,1,0.0,1,35.78,0.0055,0.0,0.0,0,0,188,4,crash,ground,xpu_a90_greedy.csv,0.2,b,2.4,
1002,1.2,0.01,1,10.0,0.0,947.5,95,0.0,1,0.0,1,35.78,0.0055,0.0,0.0,0,0,190,4,crash,ground,xpu_a90_greedy.csv,0.2,b,2.4,
1003,1.2,0.01,1,10.0,0.0,947.5,95,0.0,1,0.0,1,35.78,0.0055,0.0,0.0,0,0,188,4,crash,ground,xpu_a90_greedy.csv,0.2,b,2.4,
1004,1.2,0.01,1,10.0,0.0,947.5,95,0.0,1,0.0,1,35.78,0.0055,0.0,0.0,0,0,188,4,crash,ground,xpu_a90_greedy.csv,0.2,b,2.4,
1005,1.2,0.01,1,10.0,0.0,947.5,95,0.0,1,0.0,1,35.78,0.0055,0.0,0.0,0,0,188,4,crash,ground,xpu_a90_greedy.csv,0.2,b,2.4,
1006,1.2,0.01,1,10.0,0.0,947.5,95,0.0,1,0.0,1,35.78,0.0055,0.0,0.0,0,0,188,4,crash,ground,xpu_a90_greedy.csv,0.2,b,2.4,
1007,1.2,0.01,1,10.0,0.0,947.5,95,0.0,1,0.0,1,35.78,0.0055,0.0,0.0,0,0,187,4,crash,ground,xpu_a90_greedy.csv,0.2,b,2.4,
1008,1.2,0.01,1,10.0,0.0,947.5,95,0.0,1,0.0,1,35.78,0.0055,0.0,0.0,0,0,190,4,crash,ground,xpu_a90_greedy.csv,0.2,b,2.4,
1009,1.2,0.01,1,10.0,0.0,947.5,95,0.0,1,0.0,1,35.78,0.0055,0.0,0.0,0,0,189,4,crash,ground,xpu_a90_greedy.csv,0.2,b,2.4,
1010,1.2,0.01,1,10.0,0.0,947.5,95,0.0,1,0.0,1,35.78,0.0055,0.0,0.0,0,0,187,4,crash,ground,xpu_a90_greedy.csv,0.2,b,2.4,
1011,1.2,0.01,1,10.0,0.0,947.5,95,0.0,1,0.0,1,35.78,0.0055,0.0,0.0,0,0,186,4,crash,ground,xpu_a90_greedy.csv,0.2,b,2.4,
1000,1.8,0.01,1,10.0,0.0,242.0,24,0.0,1,0.0,1,100.0,0.0055,0.0,0.0,0,1,243,4,crash,clip,ros_vanilla4tm45.csv,0.3,c,2.4,
1001,1.8,0.01,1,10.0,0.0,242.0,24,0.0,1,0.0,1,100.0,0.0055,0.0,0.0,0,0,482,4,crash,clip,ros_vanilla4tm45.csv,0.3,c,2.4,
1002,1.8,0.01,1,10.0,0.0,242.0,24,0.0,1,0.0,1,100.0,0.0055,0.0,0.0,0,0,1120,4,crash,clip,ros_vanilla4tm45.csv,0.3,c,2.4,
1003,1.8,0.01,1,10.0,0.0,242.0,24,0.0,1,0.0,1,100.0,0.0055,0.0,0.0,0,1,280,4,crash,clip,ros_vanilla4tm45.csv,0.3,c,2.4,
1004,1.8,0.01,1,10.0,0.0,242.0,24,0.0,1,0.0,1,100.0,0.0055,0.0,0.0,0,1,268,4,crash,clip,ros_vanilla4tm45.csv,0.3,c,2.4,
1005,1.8,0.01,1,10.0,0.0,242.0,24,0.0,1,0.0,1,100.0,0.0055,0.0,0.0,0,3,603,4,crash,clip,ros_vanilla4tm45.csv,0.3,c,2.4,
1006,1.8,0.01,1,10.0,0.0,242.0,24,0.0,1,0.0,1,100.0,0.0055,0.0,0.0,0,1,270,4,crash,clip,ros_vanilla4tm45.csv,0.3,c,2.4,
1007,1.8,0.01,1,10.0,0.0,242.0,24,0.0,1,0.0,1,100.0,0.0055,0.0,0.0,0,1,253,4,crash,clip,ros_vanilla4tm45.csv,0.3,c,2.4,
1008,1.8,0.01,1,10.0,0.0,242.0,24,0.0,1,0.0,1,100.0,0.0055,0.0,0.0,0,0,267,4,crash,clip,ros_vanilla4tm45.csv,0.3,c,2.4,
1009,1.8,0.01,1,10.0,0.0,242.0,24,0.0,1,0.0,1,100.0,0.0055,0.0,0.0,0,2,448,4,crash,clip,ros_vanilla4tm45.csv,0.3,c,2.4,
1010,1.8,0.01,1,10.0,0.0,242.0,24,0.0,1,0.0,1,100.0,0.0055,0.0,0.0,0,2,482,4,crash,clip,ros_vanilla4tm45.csv,0.3,c,2.4,
1011,1.8,0.01,1,10.0,0.0,242.0,24,0.0,1,0.0,1,100.0,0.0055,0.0,0.0,0,1,300,4,crash,clip,ros_vanilla4tm45.csv,0.3,c,2.4,
1000,1.4,0.01,1,10.0,0.0,242.0,24,0.0,1,0.0,1,100.0,0.0055,0.0,0.0,0,1,292,4,crash,clip,ros_vanilla4tm45.csv,0.3,c,2.4,
1001,1.4,0.01,1,10.0,0.0,242.0,24,0.0,1,0.0,1,100.0,0.0055,0.0,0.0,0,2,468,4,crash,clip,ros_vanilla4tm45.csv,0.3,c,2.4,
1002,1.4,0.01,1,10.0,0.0,242.0,24,0.0,1,0.0,1,100.0,0.0055,0.0,0.0,0,1,196,4,crash,clip,ros_vanilla4tm45.csv,0.3,c,2.4,
1003,1.4,0.01,1,10.0,0.0,242.0,24,0.0,1,0.0,1,100.0,0.0055,0.0,0.0,0,1,216,4,crash,clip,ros_vanilla4tm45.csv,0.3,c,2.4,
1004,1.4,0.01,1,10.0,0.0,242.0,24,0.0,1,0.0,1,100.0,0.0055,0.0,0.0,0,2,647,4,crash,clip,ros_vanilla4tm45.csv,0.3,c,2.4,
1005,1.4,0.01,1,10.0,0.0,242.0,24,0.0,1,0.0,1,100.0,0.0055,0.0,0.0,0,1,632,4,crash,clip,ros_vanilla4tm45.csv,0.3,c,2.4,
1006,1.4,0.01,1,10.0,0.0,242.0,24,0.0,1,0.0,1,100.0,0.0055,0.0,0.0,0,3,796,4,crash,clip,ros_vanilla4tm45.csv,0.3,c,2.4,
1007,1.4,0.01,1,10.0,0.0,242.0,24,0.0,1,0.0,1,100.0,0.0055,0.0,0.0,0,2,483,4,crash,clip,ros_vanilla4tm45.csv,0.3,c,2.4,
1008,1.4,0.01,1,10.0,0.0,242.0,24,0.0,1,0.0,1,100.0,0.0055,0.0,0.0,0,2,392,4,crash,clip,ros_vanilla4tm45.csv,0.3,c,2.4,
1009,1.4,0.01,1,10.0,0.0,242.0,24,0.0,1,0.0,1,100.0,0.0055,0.0,0.0,0,1,312,4,crash,clip,ros_vanilla4tm45.csv,0.3,c,2.4,
1010,1.4,0.01,1,10.0,0.0,242.0,24,0.0,1,0.0,1,100.0,0.0055,0.0,0.0,0,1,332,4,crash,clip,ros_vanilla4tm45.csv,0.3,c,2.4,
1011,1.4,0.01,1,10.0,0.0,242.0,24,0.0,1,0.0,1,100.0,0.0055,0.0,0.0,0,1,343,4,crash,clip,ros_vanilla4tm45.csv,0.3,c,2.4,
1000,1.0,0.01,1,10.0,0.0,242.0,24,0.0,1,0.0,1,100.0,0.0055,0.0,0.0,0,2,1199,4,crash,clip,ros_vanilla4tm45.csv,0.3,c,2.4,
1001,1.0,0.01,1,10.0,0.0,242.0,24,0.0,1,0.0,1,100.0,0.0055,0.0,0.0,0,1,528,4,crash,clip,ros_vanilla4tm45.csv,0.3,c,2.4,
1002,1.0,0.01,1,10.0,0.0,242.0,24,0.0,1,0.0,1,100.0,0.0055,0.0,0.0,0,1,722,4,crash,clip,ros_vanilla4tm45.csv,0.3,c,2.4,
1003,1.0,0.01,1,10.0,0.0,242.0,24,0.0,1,0.0,1,100.0,0.0055,0.0,0.0,0,3,1078,4,crash,clip,ros_vanilla4tm45.csv,0.3,c,2.4,
1004,1.0,0.01,1,10.0,0.0,242.0,24,0.0,1,0.0,1,100.0,0.0055,0.0,0.0,0,2,926,4,crash,clip,ros_vanilla4tm45.csv,0.3,c,2.4,
1005,1.0,0.01,1,10.0,0.0,242.0,24,0.0,1,0.0,1,100.0,0.0055,0.0,0.0,0,4,1379,4,success,,ros_vanilla4tm45.csv,0.3,c,2.4,
1006,1.0,0.01,1,10.0,0.0,242.0,24,0.0,1,0.0,1,100.0,0.0055,0.0,0.0,0,1,493,4,crash,clip,ros_vanilla4tm45.csv,0.3,c,2.4,
1007,1.0,0.01,1,10.0,0.0,242.0,24,0.0,1,0.0,1,100.0,0.0055,0.0,0.0,0,3,1582,4,crash,clip,ros_vanilla4tm45.csv,0.3,c,2.4,
1008,1.0,0.01,1,10.0,0.0,242.0,24,0.0,1,0.0,1,100.0,0.0055,0.0,0.0,0,2,642,4,crash,clip,ros_vanilla4tm45.csv,0.3,c,2.4,
1009,1.0,0.01,1,10.0,0.0,242.0,24,0.0,1,0.0,1,100.0,0.0055,0.0,0.0,0,3,1422,4,crash,clip,ros_vanilla4tm45.csv,0.3,c,2.4,
1010,1.0,0.01,1,10.0,0.0,242.0,24,0.0,1,0.0,1,100.0,0.0055,0.0,0.0,0,1,423,4,crash,clip,ros_vanilla4tm45.csv,0.3,c,2.4,
1011,1.0,0.01,1,10.0,0.0,242.0,24,0.0,1,0.0,1,100.0,0.0055,0.0,0.0,0,4,1484,4,success,,ros_vanilla4tm45.csv,0.3,c,2.4,
1000,1.6,0.01,1,10.0,0.0,242.0,24,0.0,1,0.0,1,100.0,0.0055,0.0,0.0,0,1,261,4,crash,clip,ros_vanilla4tm45.csv,0.3,c,2.4,
1001,1.6,0.01,1,10.0,0.0,242.0,24,0.0,1,0.0,1,100.0,0.0055,0.0,0.0,0,1,162,4,crash,clip,ros_vanilla4tm45.csv,0.3,c,2.4,
1002,1.6,0.01,1,10.0,0.0,242.0,24,0.0,1,0.0,1,100.0,0.0055,0.0,0.0,0,1,208,4,crash,clip,ros_vanilla4tm45.csv,0.3,c,2.4,
1003,1.6,0.01,1,10.0,0.0,242.0,24,0.0,1,0.0,1,100.0,0.0055,0.0,0.0,0,1,694,4,crash,clip,ros_vanilla4tm45.csv,0.3,c,2.4,
1004,1.6,0.01,1,10.0,0.0,242.0,24,0.0,1,0.0,1,100.0,0.0055,0.0,0.0,0,1,392,4,crash,clip,ros_vanilla4tm45.csv,0.3,c,2.4,
1005,1.6,0.01,1,10.0,0.0,242.0,24,0.0,1,0.0,1,100.0,0.0055,0.0,0.0,0,1,999,4,crash,clip,ros_vanilla4tm45.csv,0.3,c,2.4,
1006,1.6,0.01,1,10.0,0.0,242.0,24,0.0,1,0.0,1,100.0,0.0055,0.0,0.0,0,0,287,4,crash,clip,ros_vanilla4tm45.csv,0.3,c,2.4,
1007,1.6,0.01,1,10.0,0.0,242.0,24,0.0,1,0.0,1,100.0,0.0055,0.0,0.0,0,2,538,4,crash,clip,ros_vanilla4tm45.csv,0.3,c,2.4,
1008,1.6,0.01,1,10.0,0.0,242.0,24,0.0,1,0.0,1,100.0,0.0055,0.0,0.0,0,0,307,4,crash,clip,ros_vanilla4tm45.csv,0.3,c,2.4,
1009,1.6,0.01,1,10.0,0.0,242.0,24,0.0,1,0.0,1,100.0,0.0055,0.0,0.0,0,1,426,4,crash,clip,ros_vanilla4tm45.csv,0.3,c,2.4,
1010,1.6,0.01,1,10.0,0.0,242.0,24,0.0,1,0.0,1,100.0,0.0055,0.0,0.0,0,1,161,4,crash,clip,ros_vanilla4tm45.csv,0.3,c,2.4,
1011,1.6,0.01,1,10.0,0.0,242.0,24,0.0,1,0.0,1,100.0,0.0055,0.0,0.0,0,1,320,4,crash,clip,ros_vanilla4tm45.csv,0.3,c,2.4,
1000,1.2,0.01,1,10.0,0.0,242.0,24,0.0,1,0.0,1,100.0,0.0055,0.0,0.0,0,4,1154,4,success,,ros_vanilla4tm45.csv,0.3,c,2.4,
1001,1.2,0.01,1,10.0,0.0,242.0,24,0.0,1,0.0,1,100.0,0.0055,0.0,0.0,0,1,591,4,crash,clip,ros_vanilla4tm45.csv,0.3,c,2.4,
1002,1.2,0.01,1,10.0,0.0,242.0,24,0.0,1,0.0,1,100.0,0.0055,0.0,0.0,0,1,337,4,crash,clip,ros_vanilla4tm45.csv,0.3,c,2.4,
1003,1.2,0.01,1,10.0,0.0,242.0,24,0.0,1,0.0,1,100.0,0.0055,0.0,0.0,0,1,443,4,crash,clip,ros_vanilla4tm45.csv,0.3,c,2.4,
1004,1.2,0.01,1,10.0,0.0,242.0,24,0.0,1,0.0,1,100.0,0.0055,0.0,0.0,0,2,520,4,crash,clip,ros_vanilla4tm45.csv,0.3,c,2.4,
1005,1.2,0.01,1,10.0,0.0,242.0,24,0.0,1,0.0,1,100.0,0.0055,0.0,0.0,0,4,1186,4,success,,ros_vanilla4tm45.csv,0.3,c,2.4,
1006,1.2,0.01,1,10.0,0.0,242.0,24,0.0,1,0.0,1,100.0,0.0055,0.0,0.0,0,2,1432,4,crash,clip,ros_vanilla4tm45.csv,0.3,c,2.4,
1007,1.2,0.01,1,10.0,0.0,242.0,24,0.0,1,0.0,1,100.0,0.0055,0.0,0.0,0,2,750,4,crash,clip,ros_vanilla4tm45.csv,0.3,c,2.4,
1008,1.2,0.01,1,10.0,0.0,242.0,24,0.0,1,0.0,1,100.0,0.0055,0.0,0.0,0,0,318,4,crash,clip,ros_vanilla4tm45.csv,0.3,c,2.4,
1009,1.2,0.01,1,10.0,0.0,242.0,24,0.0,1,0.0,1,100.0,0.0055,0.0,0.0,0,2,848,4,crash,clip,ros_vanilla4tm45.csv,0.3,c,2.4,
1010,1.2,0.01,1,10.0,0.0,242.0,24,0.0,1,0.0,1,100.0,0.0055,0.0,0.0,0,2,813,4,crash,clip,ros_vanilla4tm45.csv,0.3,c,2.4,
1011,1.2,0.01,1,10.0,0.0,242.0,24,0.0,1,0.0,1,100.0,0.0055,0.0,0.0,0,1,380,4,crash,clip,ros_vanilla4tm45.csv,0.3,c,2.4,
1000,1.8,0.01,1,10.0,0.0,55.8,6,0.0,1,0.0,1,100.0,0.0055,0.0,0.0,0,1,247,4,crash,clip,ros_p345.csv,0.3,c,2.4,
1001,1.8,0.01,1,10.0,0.0,55.8,6,0.0,1,0.0,1,100.0,0.0055,0.0,0.0,0,0,243,4,crash,clip,ros_p345.csv,0.3,c,2.4,
1002,1.8,0.01,1,10.0,0.0,55.8,6,0.0,1,0.0,1,100.0,0.0055,0.0,0.0,0,0,400,4,crash,clip,ros_p345.csv,0.3,c,2.4,
1003,1.8,0.01,1,10.0,0.0,55.8,6,0.0,1,0.0,1,100.0,0.0055,0.0,0.0,0,1,298,4,crash,clip,ros_p345.csv,0.3,c,2.4,
1004,1.8,0.01,1,10.0,0.0,55.8,6,0.0,1,0.0,1,100.0,0.0055,0.0,0.0,0,2,485,4,crash,clip,ros_p345.csv,0.3,c,2.4,
1005,1.8,0.01,1,10.0,0.0,55.8,6,0.0,1,0.0,1,100.0,0.0055,0.0,0.0,0,2,483,4,crash,clip,ros_p345.csv,0.3,c,2.4,
1006,1.8,0.01,1,10.0,0.0,55.8,6,0.0,1,0.0,1,100.0,0.0055,0.0,0.0,0,3,604,4,crash,clip,ros_p345.csv,0.3,c,2.4,
1007,1.8,0.01,1,10.0,0.0,55.8,6,0.0,1,0.0,1,100.0,0.0055,0.0,0.0,0,4,796,4,success,,ros_p345.csv,0.3,c,2.4,
1008,1.8,0.01,1,10.0,0.0,55.8,6,0.0,1,0.0,1,100.0,0.0055,0.0,0.0,0,2,336,4,crash,clip,ros_p345.csv,0.3,c,2.4,
1009,1.8,0.01,1,10.0,0.0,55.8,6,0.0,1,0.0,1,100.0,0.0055,0.0,0.0,0,1,239,4,crash,clip,ros_p345.csv,0.3,c,2.4,
1010,1.8,0.01,1,10.0,0.0,55.8,6,0.0,1,0.0,1,100.0,0.0055,0.0,0.0,0,2,370,4,crash,clip,ros_p345.csv,0.3,c,2.4,
1011,1.8,0.01,1,10.0,0.0,55.8,6,0.0,1,0.0,1,100.0,0.0055,0.0,0.0,0,1,422,4,crash,clip,ros_p345.csv,0.3,c,2.4,
1000,1.4,0.01,1,10.0,0.0,55.8,6,0.0,1,0.0,1,100.0,0.0055,0.0,0.0,0,1,300,4,crash,clip,ros_p345.csv,0.3,c,2.4,
1001,1.4,0.01,1,10.0,0.0,55.8,6,0.0,1,0.0,1,100.0,0.0055,0.0,0.0,0,2,469,4,crash,clip,ros_p345.csv,0.3,c,2.4,
1002,1.4,0.01,1,10.0,0.0,55.8,6,0.0,1,0.0,1,100.0,0.0055,0.0,0.0,0,1,337,4,crash,clip,ros_p345.csv,0.3,c,2.4,
1003,1.4,0.01,1,10.0,0.0,55.8,6,0.0,1,0.0,1,100.0,0.0055,0.0,0.0,0,4,1017,4,success,,ros_p345.csv,0.3,c,2.4,
1004,1.4,0.01,1,10.0,0.0,55.8,6,0.0,1,0.0,1,100.0,0.0055,0.0,0.0,0,3,760,4,crash,clip,ros_p345.csv,0.3,c,2.4,
1005,1.4,0.01,1,10.0,0.0,55.8,6,0.0,1,0.0,1,100.0,0.0055,0.0,0.0,0,2,474,4,crash,clip,ros_p345.csv,0.3,c,2.4,
1006,1.4,0.01,1,10.0,0.0,55.8,6,0.0,1,0.0,1,100.0,0.0055,0.0,0.0,0,2,698,4,crash,clip,ros_p345.csv,0.3,c,2.4,
1007,1.4,0.01,1,10.0,0.0,55.8,6,0.0,1,0.0,1,100.0,0.0055,0.0,0.0,0,1,307,4,crash,clip,ros_p345.csv,0.3,c,2.4,
1008,1.4,0.01,1,10.0,0.0,55.8,6,0.0,1,0.0,1,100.0,0.0055,0.0,0.0,0,2,468,4,crash,clip,ros_p345.csv,0.3,c,2.4,
1009,1.4,0.01,1,10.0,0.0,55.8,6,0.0,1,0.0,1,100.0,0.0055,0.0,0.0,0,4,948,4,success,,ros_p345.csv,0.3,c,2.4,
1010,1.4,0.01,1,10.0,0.0,55.8,6,0.0,1,0.0,1,100.0,0.0055,0.0,0.0,0,1,236,4,crash,clip,ros_p345.csv,0.3,c,2.4,
1011,1.4,0.01,1,10.0,0.0,55.8,6,0.0,1,0.0,1,100.0,0.0055,0.0,0.0,0,1,346,4,crash,clip,ros_p345.csv,0.3,c,2.4,
1000,1.0,0.01,1,10.0,0.0,55.8,6,0.0,1,0.0,1,100.0,0.0055,0.0,0.0,0,3,1066,4,crash,clip,ros_p345.csv,0.3,c,2.4,
1001,1.0,0.01,1,10.0,0.0,55.8,6,0.0,1,0.0,1,100.0,0.0055,0.0,0.0,0,2,1272,4,crash,clip,ros_p345.csv,0.3,c,2.4,
1002,1.0,0.01,1,10.0,0.0,55.8,6,0.0,1,0.0,1,100.0,0.0055,0.0,0.0,0,2,724,4,crash,clip,ros_p345.csv,0.3,c,2.4,
1003,1.0,0.01,1,10.0,0.0,55.8,6,0.0,1,0.0,1,100.0,0.0055,0.0,0.0,0,3,1048,4,crash,clip,ros_p345.csv,0.3,c,2.4,
1004,1.0,0.01,1,10.0,0.0,55.8,6,0.0,1,0.0,1,100.0,0.0055,0.0,0.0,0,3,1701,4,crash,clip,ros_p345.csv,0.3,c,2.4,
1005,1.0,0.01,1,10.0,0.0,55.8,6,0.0,1,0.0,1,100.0,0.0055,0.0,0.0,0,1,495,4,crash,clip,ros_p345.csv,0.3,c,2.4,
1006,1.0,0.01,1,10.0,0.0,55.8,6,0.0,1,0.0,1,100.0,0.0055,0.0,0.0,0,3,1800,4,timeout,,ros_p345.csv,0.3,c,2.4,
1007,1.0,0.01,1,10.0,0.0,55.8,6,0.0,1,0.0,1,100.0,0.0055,0.0,0.0,0,4,1371,4,success,,ros_p345.csv,0.3,c,2.4,
1008,1.0,0.01,1,10.0,0.0,55.8,6,0.0,1,0.0,1,100.0,0.0055,0.0,0.0,0,2,636,4,crash,clip,ros_p345.csv,0.3,c,2.4,
1009,1.0,0.01,1,10.0,0.0,55.8,6,0.0,1,0.0,1,100.0,0.0055,0.0,0.0,0,1,494,4,crash,clip,ros_p345.csv,0.3,c,2.4,
1010,1.0,0.01,1,10.0,0.0,55.8,6,0.0,1,0.0,1,100.0,0.0055,0.0,0.0,0,1,447,4,crash,clip,ros_p345.csv,0.3,c,2.4,
1011,1.0,0.01,1,10.0,0.0,55.8,6,0.0,1,0.0,1,100.0,0.0055,0.0,0.0,0,4,1386,4,success,,ros_p345.csv,0.3,c,2.4,
1000,1.6,0.01,1,10.0,0.0,55.8,6,0.0,1,0.0,1,100.0,0.0055,0.0,0.0,0,1,274,4,crash,clip,ros_p345.csv,0.3,c,2.4,
1001,1.6,0.01,1,10.0,0.0,55.8,6,0.0,1,0.0,1,100.0,0.0055,0.0,0.0,0,0,280,4,crash,clip,ros_p345.csv,0.3,c,2.4,
1002,1.6,0.01,1,10.0,0.0,55.8,6,0.0,1,0.0,1,100.0,0.0055,0.0,0.0,0,0,539,4,crash,clip,ros_p345.csv,0.3,c,2.4,
1003,1.6,0.01,1,10.0,0.0,55.8,6,0.0,1,0.0,1,100.0,0.0055,0.0,0.0,0,2,524,4,crash,clip,ros_p345.csv,0.3,c,2.4,
1004,1.6,0.01,1,10.0,0.0,55.8,6,0.0,1,0.0,1,100.0,0.0055,0.0,0.0,0,2,565,4,crash,clip,ros_p345.csv,0.3,c,2.4,
1005,1.6,0.01,1,10.0,0.0,55.8,6,0.0,1,0.0,1,100.0,0.0055,0.0,0.0,0,1,281,4,crash,clip,ros_p345.csv,0.3,c,2.4,
1006,1.6,0.01,1,10.0,0.0,55.8,6,0.0,1,0.0,1,100.0,0.0055,0.0,0.0,0,1,318,4,crash,clip,ros_p345.csv,0.3,c,2.4,
1007,1.6,0.01,1,10.0,0.0,55.8,6,0.0,1,0.0,1,100.0,0.0055,0.0,0.0,0,1,297,4,crash,clip,ros_p345.csv,0.3,c,2.4,
1008,1.6,0.01,1,10.0,0.0,55.8,6,0.0,1,0.0,1,100.0,0.0055,0.0,0.0,0,1,260,4,crash,clip,ros_p345.csv,0.3,c,2.4,
1009,1.6,0.01,1,10.0,0.0,55.8,6,0.0,1,0.0,1,100.0,0.0055,0.0,0.0,0,1,563,4,crash,clip,ros_p345.csv,0.3,c,2.4,
1010,1.6,0.01,1,10.0,0.0,55.8,6,0.0,1,0.0,1,100.0,0.0055,0.0,0.0,0,1,257,4,crash,clip,ros_p345.csv,0.3,c,2.4,
1011,1.6,0.01,1,10.0,0.0,55.8,6,0.0,1,0.0,1,100.0,0.0055,0.0,0.0,0,1,283,4,crash,clip,ros_p345.csv,0.3,c,2.4,
1000,1.2,0.01,1,10.0,0.0,55.8,6,0.0,1,0.0,1,100.0,0.0055,0.0,0.0,0,1,350,4,crash,clip,ros_p345.csv,0.3,c,2.4,
1001,1.2,0.01,1,10.0,0.0,55.8,6,0.0,1,0.0,1,100.0,0.0055,0.0,0.0,0,4,1134,4,success,,ros_p345.csv,0.3,c,2.4,
1002,1.2,0.01,1,10.0,0.0,55.8,6,0.0,1,0.0,1,100.0,0.0055,0.0,0.0,0,2,647,4,crash,clip,ros_p345.csv,0.3,c,2.4,
1003,1.2,0.01,1,10.0,0.0,55.8,6,0.0,1,0.0,1,100.0,0.0055,0.0,0.0,0,3,950,4,crash,clip,ros_p345.csv,0.3,c,2.4,
1004,1.2,0.01,1,10.0,0.0,55.8,6,0.0,1,0.0,1,100.0,0.0055,0.0,0.0,0,1,464,4,crash,clip,ros_p345.csv,0.3,c,2.4,
1005,1.2,0.01,1,10.0,0.0,55.8,6,0.0,1,0.0,1,100.0,0.0055,0.0,0.0,0,2,799,4,crash,clip,ros_p345.csv,0.3,c,2.4,
1006,1.2,0.01,1,10.0,0.0,55.8,6,0.0,1,0.0,1,100.0,0.0055,0.0,0.0,0,1,626,4,crash,clip,ros_p345.csv,0.3,c,2.4,
1007,1.2,0.01,1,10.0,0.0,55.8,6,0.0,1,0.0,1,100.0,0.0055,0.0,0.0,0,2,555,4,crash,clip,ros_p345.csv,0.3,c,2.4,
1008,1.2,0.01,1,10.0,0.0,55.8,6,0.0,1,0.0,1,100.0,0.0055,0.0,0.0,0,1,431,4,crash,clip,ros_p345.csv,0.3,c,2.4,
1009,1.2,0.01,1,10.0,0.0,55.8,6,0.0,1,0.0,1,100.0,0.0055,0.0,0.0,0,1,518,4,crash,clip,ros_p345.csv,0.3,c,2.4,
1010,1.2,0.01,1,10.0,0.0,55.8,6,0.0,1,0.0,1,100.0,0.0055,0.0,0.0,0,2,881,4,crash,clip,ros_p345.csv,0.3,c,2.4,
1011,1.2,0.01,1,10.0,0.0,55.8,6,0.0,1,0.0,1,100.0,0.0055,0.0,0.0,0,1,375,4,crash,clip,ros_p345.csv,0.3,c,2.4,
1000,1.8,0.01,1,10.0,0.0,31.1,3,0.0,1,0.0,1,100.0,0.0055,0.0,0.0,0,4,775,4,success,,ros_p3_q145.csv,0.3,c,2.4,
1001,1.8,0.01,1,10.0,0.0,31.1,3,0.0,1,0.0,1,100.0,0.0055,0.0,0.0,0,0,1375,4,crash,clip,ros_p3_q145.csv,0.3,c,2.4,
1002,1.8,0.01,1,10.0,0.0,31.1,3,0.0,1,0.0,1,100.0,0.0055,0.0,0.0,0,0,162,4,crash,clip,ros_p3_q145.csv,0.3,c,2.4,
1003,1.8,0.01,1,10.0,0.0,31.1,3,0.0,1,0.0,1,100.0,0.0055,0.0,0.0,0,4,791,4,success,,ros_p3_q145.csv,0.3,c,2.4,
1004,1.8,0.01,1,10.0,0.0,31.1,3,0.0,1,0.0,1,100.0,0.0055,0.0,0.0,0,1,362,4,crash,clip,ros_p3_q145.csv,0.3,c,2.4,
1005,1.8,0.01,1,10.0,0.0,31.1,3,0.0,1,0.0,1,100.0,0.0055,0.0,0.0,0,1,258,4,crash,clip,ros_p3_q145.csv,0.3,c,2.4,
1006,1.8,0.01,1,10.0,0.0,31.1,3,0.0,1,0.0,1,100.0,0.0055,0.0,0.0,0,4,795,4,success,,ros_p3_q145.csv,0.3,c,2.4,
1007,1.8,0.01,1,10.0,0.0,31.1,3,0.0,1,0.0,1,100.0,0.0055,0.0,0.0,0,4,783,4,success,,ros_p3_q145.csv,0.3,c,2.4,
1008,1.8,0.01,1,10.0,0.0,31.1,3,0.0,1,0.0,1,100.0,0.0055,0.0,0.0,0,1,271,4,crash,clip,ros_p3_q145.csv,0.3,c,2.4,
1009,1.8,0.01,1,10.0,0.0,31.1,3,0.0,1,0.0,1,100.0,0.0055,0.0,0.0,0,2,450,4,crash,clip,ros_p3_q145.csv,0.3,c,2.4,
1010,1.8,0.01,1,10.0,0.0,31.1,3,0.0,1,0.0,1,100.0,0.0055,0.0,0.0,0,3,679,4,crash,clip,ros_p3_q145.csv,0.3,c,2.4,
1011,1.8,0.01,1,10.0,0.0,31.1,3,0.0,1,0.0,1,100.0,0.0055,0.0,0.0,0,1,260,4,crash,clip,ros_p3_q145.csv,0.3,c,2.4,
1000,1.4,0.01,1,10.0,0.0,31.1,3,0.0,1,0.0,1,100.0,0.0055,0.0,0.0,0,1,301,4,crash,clip,ros_p3_q145.csv,0.3,c,2.4,
1001,1.4,0.01,1,10.0,0.0,31.1,3,0.0,1,0.0,1,100.0,0.0055,0.0,0.0,0,1,179,4,crash,clip,ros_p3_q145.csv,0.3,c,2.4,
1002,1.4,0.01,1,10.0,0.0,31.1,3,0.0,1,0.0,1,100.0,0.0055,0.0,0.0,0,1,329,4,crash,clip,ros_p3_q145.csv,0.3,c,2.4,
1003,1.4,0.01,1,10.0,0.0,31.1,3,0.0,1,0.0,1,100.0,0.0055,0.0,0.0,0,2,851,4,crash,clip,ros_p3_q145.csv,0.3,c,2.4,
1004,1.4,0.01,1,10.0,0.0,31.1,3,0.0,1,0.0,1,100.0,0.0055,0.0,0.0,0,3,764,4,crash,clip,ros_p3_q145.csv,0.3,c,2.4,
1005,1.4,0.01,1,10.0,0.0,31.1,3,0.0,1,0.0,1,100.0,0.0055,0.0,0.0,0,1,344,4,crash,clip,ros_p3_q145.csv,0.3,c,2.4,
1006,1.4,0.01,1,10.0,0.0,31.1,3,0.0,1,0.0,1,100.0,0.0055,0.0,0.0,0,1,424,4,crash,clip,ros_p3_q145.csv,0.3,c,2.4,
1007,1.4,0.01,1,10.0,0.0,31.1,3,0.0,1,0.0,1,100.0,0.0055,0.0,0.0,0,3,1134,4,crash,clip,ros_p3_q145.csv,0.3,c,2.4,
1008,1.4,0.01,1,10.0,0.0,31.1,3,0.0,1,0.0,1,100.0,0.0055,0.0,0.0,0,2,488,4,crash,clip,ros_p3_q145.csv,0.3,c,2.4,
1009,1.4,0.01,1,10.0,0.0,31.1,3,0.0,1,0.0,1,100.0,0.0055,0.0,0.0,0,3,706,4,crash,clip,ros_p3_q145.csv,0.3,c,2.4,
1010,1.4,0.01,1,10.0,0.0,31.1,3,0.0,1,0.0,1,100.0,0.0055,0.0,0.0,0,1,336,4,crash,clip,ros_p3_q145.csv,0.3,c,2.4,
1011,1.4,0.01,1,10.0,0.0,31.1,3,0.0,1,0.0,1,100.0,0.0055,0.0,0.0,0,2,498,4,crash,clip,ros_p3_q145.csv,0.3,c,2.4,
1000,1.0,0.01,1,10.0,0.0,31.1,3,0.0,1,0.0,1,100.0,0.0055,0.0,0.0,0,4,1361,4,success,,ros_p3_q145.csv,0.3,c,2.4,
1001,1.0,0.01,1,10.0,0.0,31.1,3,0.0,1,0.0,1,100.0,0.0055,0.0,0.0,0,4,1335,4,success,,ros_p3_q145.csv,0.3,c,2.4,
1002,1.0,0.01,1,10.0,0.0,31.1,3,0.0,1,0.0,1,100.0,0.0055,0.0,0.0,0,1,376,4,crash,clip,ros_p3_q145.csv,0.3,c,2.4,
1003,1.0,0.01,1,10.0,0.0,31.1,3,0.0,1,0.0,1,100.0,0.0055,0.0,0.0,0,1,1800,4,timeout,,ros_p3_q145.csv,0.3,c,2.4,
1004,1.0,0.01,1,10.0,0.0,31.1,3,0.0,1,0.0,1,100.0,0.0055,0.0,0.0,0,1,586,4,crash,clip,ros_p3_q145.csv,0.3,c,2.4,
1005,1.0,0.01,1,10.0,0.0,31.1,3,0.0,1,0.0,1,100.0,0.0055,0.0,0.0,0,3,1266,4,crash,clip,ros_p3_q145.csv,0.3,c,2.4,
1006,1.0,0.01,1,10.0,0.0,31.1,3,0.0,1,0.0,1,100.0,0.0055,0.0,0.0,0,4,1398,4,success,,ros_p3_q145.csv,0.3,c,2.4,
1007,1.0,0.01,1,10.0,0.0,31.1,3,0.0,1,0.0,1,100.0,0.0055,0.0,0.0,0,4,1385,4,success,,ros_p3_q145.csv,0.3,c,2.4,
1008,1.0,0.01,1,10.0,0.0,31.1,3,0.0,1,0.0,1,100.0,0.0055,0.0,0.0,0,1,480,4,crash,clip,ros_p3_q145.csv,0.3,c,2.4,
1009,1.0,0.01,1,10.0,0.0,31.1,3,0.0,1,0.0,1,100.0,0.0055,0.0,0.0,0,3,1023,4,crash,clip,ros_p3_q145.csv,0.3,c,2.4,
1010,1.0,0.01,1,10.0,0.0,31.1,3,0.0,1,0.0,1,100.0,0.0055,0.0,0.0,0,3,1308,4,crash,clip,ros_p3_q145.csv,0.3,c,2.4,
1011,1.0,0.01,1,10.0,0.0,31.1,3,0.0,1,0.0,1,100.0,0.0055,0.0,0.0,0,1,281,4,crash,clip,ros_p3_q145.csv,0.3,c,2.4,
1000,1.6,0.01,1,10.0,0.0,31.1,3,0.0,1,0.0,1,100.0,0.0055,0.0,0.0,0,4,865,4,success,,ros_p3_q145.csv,0.3,c,2.4,
1001,1.6,0.01,1,10.0,0.0,31.1,3,0.0,1,0.0,1,100.0,0.0055,0.0,0.0,0,0,162,4,crash,clip,ros_p3_q145.csv,0.3,c,2.4,
1002,1.6,0.01,1,10.0,0.0,31.1,3,0.0,1,0.0,1,100.0,0.0055,0.0,0.0,0,1,299,4,crash,clip,ros_p3_q145.csv,0.3,c,2.4,
1003,1.6,0.01,1,10.0,0.0,31.1,3,0.0,1,0.0,1,100.0,0.0055,0.0,0.0,0,3,798,4,crash,clip,ros_p3_q145.csv,0.3,c,2.4,
1004,1.6,0.01,1,10.0,0.0,31.1,3,0.0,1,0.0,1,100.0,0.0055,0.0,0.0,0,2,433,4,crash,clip,ros_p3_q145.csv,0.3,c,2.4,
1005,1.6,0.01,1,10.0,0.0,31.1,3,0.0,1,0.0,1,100.0,0.0055,0.0,0.0,0,3,651,4,crash,clip,ros_p3_q145.csv,0.3,c,2.4,
1006,1.6,0.01,1,10.0,0.0,31.1,3,0.0,1,0.0,1,100.0,0.0055,0.0,0.0,0,3,826,4,crash,clip,ros_p3_q145.csv,0.3,c,2.4,
1007,1.6,0.01,1,10.0,0.0,31.1,3,0.0,1,0.0,1,100.0,0.0055,0.0,0.0,0,1,315,4,crash,clip,ros_p3_q145.csv,0.3,c,2.4,
1008,1.6,0.01,1,10.0,0.0,31.1,3,0.0,1,0.0,1,100.0,0.0055,0.0,0.0,0,1,326,4,crash,clip,ros_p3_q145.csv,0.3,c,2.4,
1009,1.6,0.01,1,10.0,0.0,31.1,3,0.0,1,0.0,1,100.0,0.0055,0.0,0.0,0,1,233,4,crash,clip,ros_p3_q145.csv,0.3,c,2.4,
1010,1.6,0.01,1,10.0,0.0,31.1,3,0.0,1,0.0,1,100.0,0.0055,0.0,0.0,0,4,858,4,success,,ros_p3_q145.csv,0.3,c,2.4,
1011,1.6,0.01,1,10.0,0.0,31.1,3,0.0,1,0.0,1,100.0,0.0055,0.0,0.0,0,1,320,4,crash,clip,ros_p3_q145.csv,0.3,c,2.4,
1000,1.2,0.01,1,10.0,0.0,31.1,3,0.0,1,0.0,1,100.0,0.0055,0.0,0.0,0,4,1138,4,success,,ros_p3_q145.csv,0.3,c,2.4,
1001,1.2,0.01,1,10.0,0.0,31.1,3,0.0,1,0.0,1,100.0,0.0055,0.0,0.0,0,4,1123,4,success,,ros_p3_q145.csv,0.3,c,2.4,
1002,1.2,0.01,1,10.0,0.0,31.1,3,0.0,1,0.0,1,100.0,0.0055,0.0,0.0,0,2,647,4,crash,clip,ros_p3_q145.csv,0.3,c,2.4,
1003,1.2,0.01,1,10.0,0.0,31.1,3,0.0,1,0.0,1,100.0,0.0055,0.0,0.0,0,4,1160,4,success,,ros_p3_q145.csv,0.3,c,2.4,
1004,1.2,0.01,1,10.0,0.0,31.1,3,0.0,1,0.0,1,100.0,0.0055,0.0,0.0,0,1,444,4,crash,clip,ros_p3_q145.csv,0.3,c,2.4,
1005,1.2,0.01,1,10.0,0.0,31.1,3,0.0,1,0.0,1,100.0,0.0055,0.0,0.0,0,2,713,4,crash,clip,ros_p3_q145.csv,0.3,c,2.4,
1006,1.2,0.01,1,10.0,0.0,31.1,3,0.0,1,0.0,1,100.0,0.0055,0.0,0.0,0,3,1038,4,crash,clip,ros_p3_q145.csv,0.3,c,2.4,
1007,1.2,0.01,1,10.0,0.0,31.1,3,0.0,1,0.0,1,100.0,0.0055,0.0,0.0,0,4,1163,4,success,,ros_p3_q145.csv,0.3,c,2.4,
1008,1.2,0.01,1,10.0,0.0,31.1,3,0.0,1,0.0,1,100.0,0.0055,0.0,0.0,0,1,429,4,crash,clip,ros_p3_q145.csv,0.3,c,2.4,
1009,1.2,0.01,1,10.0,0.0,31.1,3,0.0,1,0.0,1,100.0,0.0055,0.0,0.0,0,4,1097,4,success,,ros_p3_q145.csv,0.3,c,2.4,
1010,1.2,0.01,1,10.0,0.0,31.1,3,0.0,1,0.0,1,100.0,0.0055,0.0,0.0,0,1,349,4,crash,clip,ros_p3_q145.csv,0.3,c,2.4,
1011,1.2,0.01,1,10.0,0.0,31.1,3,0.0,1,0.0,1,100.0,0.0055,0.0,0.0,0,1,373,4,crash,clip,ros_p3_q145.csv,0.3,c,2.4,
1000,1.8,0.01,1,10.0,0.0,56.8,6,0.0,1,0.0,1,96.24,0.0055,0.0,0.0,0,1,247,4,crash,clip,xpu_a_cpsat_hard.csv,0.3,c,2.4,
1001,1.8,0.01,1,10.0,0.0,56.8,6,0.0,1,0.0,1,96.24,0.0055,0.0,0.0,0,0,243,4,crash,clip,xpu_a_cpsat_hard.csv,0.3,c,2.4,
1002,1.8,0.01,1,10.0,0.0,56.8,6,0.0,1,0.0,1,96.24,0.0055,0.0,0.0,0,0,287,4,crash,clip,xpu_a_cpsat_hard.csv,0.3,c,2.4,
1003,1.8,0.01,1,10.0,0.0,56.8,6,0.0,1,0.0,1,96.24,0.0055,0.0,0.0,0,1,292,4,crash,clip,xpu_a_cpsat_hard.csv,0.3,c,2.4,
1004,1.8,0.01,1,10.0,0.0,56.8,6,0.0,1,0.0,1,96.24,0.0055,0.0,0.0,0,2,398,4,crash,clip,xpu_a_cpsat_hard.csv,0.3,c,2.4,
1005,1.8,0.01,1,10.0,0.0,56.8,6,0.0,1,0.0,1,96.24,0.0055,0.0,0.0,0,1,321,4,crash,clip,xpu_a_cpsat_hard.csv,0.3,c,2.4,
1006,1.8,0.01,1,10.0,0.0,56.8,6,0.0,1,0.0,1,96.24,0.0055,0.0,0.0,0,1,181,4,crash,clip,xpu_a_cpsat_hard.csv,0.3,c,2.4,
1007,1.8,0.01,1,10.0,0.0,56.8,6,0.0,1,0.0,1,96.24,0.0055,0.0,0.0,0,4,779,4,success,,xpu_a_cpsat_hard.csv,0.3,c,2.4,
1008,1.8,0.01,1,10.0,0.0,56.8,6,0.0,1,0.0,1,96.24,0.0055,0.0,0.0,0,1,202,4,crash,clip,xpu_a_cpsat_hard.csv,0.3,c,2.4,
1009,1.8,0.01,1,10.0,0.0,56.8,6,0.0,1,0.0,1,96.24,0.0055,0.0,0.0,0,1,211,4,crash,clip,xpu_a_cpsat_hard.csv,0.3,c,2.4,
1010,1.8,0.01,1,10.0,0.0,56.8,6,0.0,1,0.0,1,96.24,0.0055,0.0,0.0,0,1,1378,4,crash,clip,xpu_a_cpsat_hard.csv,0.3,c,2.4,
1011,1.8,0.01,1,10.0,0.0,56.8,6,0.0,1,0.0,1,96.24,0.0055,0.0,0.0,0,1,502,4,crash,clip,xpu_a_cpsat_hard.csv,0.3,c,2.4,
1000,1.4,0.01,1,10.0,0.0,56.8,6,0.0,1,0.0,1,96.24,0.0055,0.0,0.0,0,4,980,4,success,,xpu_a_cpsat_hard.csv,0.3,c,2.4,
1001,1.4,0.01,1,10.0,0.0,56.8,6,0.0,1,0.0,1,96.24,0.0055,0.0,0.0,0,0,1800,4,timeout,,xpu_a_cpsat_hard.csv,0.3,c,2.4,
1002,1.4,0.01,1,10.0,0.0,56.8,6,0.0,1,0.0,1,96.24,0.0055,0.0,0.0,0,2,589,4,crash,clip,xpu_a_cpsat_hard.csv,0.3,c,2.4,
1003,1.4,0.01,1,10.0,0.0,56.8,6,0.0,1,0.0,1,96.24,0.0055,0.0,0.0,0,4,1001,4,success,,xpu_a_cpsat_hard.csv,0.3,c,2.4,
1004,1.4,0.01,1,10.0,0.0,56.8,6,0.0,1,0.0,1,96.24,0.0055,0.0,0.0,0,2,684,4,crash,clip,xpu_a_cpsat_hard.csv,0.3,c,2.4,
1005,1.4,0.01,1,10.0,0.0,56.8,6,0.0,1,0.0,1,96.24,0.0055,0.0,0.0,0,1,371,4,crash,clip,xpu_a_cpsat_hard.csv,0.3,c,2.4,
1006,1.4,0.01,1,10.0,0.0,56.8,6,0.0,1,0.0,1,96.24,0.0055,0.0,0.0,0,3,925,4,crash,clip,xpu_a_cpsat_hard.csv,0.3,c,2.4,
1007,1.4,0.01,1,10.0,0.0,56.8,6,0.0,1,0.0,1,96.24,0.0055,0.0,0.0,0,2,635,4,crash,clip,xpu_a_cpsat_hard.csv,0.3,c,2.4,
1008,1.4,0.01,1,10.0,0.0,56.8,6,0.0,1,0.0,1,96.24,0.0055,0.0,0.0,0,2,388,4,crash,clip,xpu_a_cpsat_hard.csv,0.3,c,2.4,
1009,1.4,0.01,1,10.0,0.0,56.8,6,0.0,1,0.0,1,96.24,0.0055,0.0,0.0,0,4,953,4,success,,xpu_a_cpsat_hard.csv,0.3,c,2.4,
1010,1.4,0.01,1,10.0,0.0,56.8,6,0.0,1,0.0,1,96.24,0.0055,0.0,0.0,0,1,864,4,crash,clip,xpu_a_cpsat_hard.csv,0.3,c,2.4,
1011,1.4,0.01,1,10.0,0.0,56.8,6,0.0,1,0.0,1,96.24,0.0055,0.0,0.0,0,1,345,4,crash,clip,xpu_a_cpsat_hard.csv,0.3,c,2.4,
1000,1.0,0.01,1,10.0,0.0,56.8,6,0.0,1,0.0,1,96.24,0.0055,0.0,0.0,0,2,1044,4,crash,clip,xpu_a_cpsat_hard.csv,0.3,c,2.4,
1001,1.0,0.01,1,10.0,0.0,56.8,6,0.0,1,0.0,1,96.24,0.0055,0.0,0.0,0,3,1646,4,crash,clip,xpu_a_cpsat_hard.csv,0.3,c,2.4,
1002,1.0,0.01,1,10.0,0.0,56.8,6,0.0,1,0.0,1,96.24,0.0055,0.0,0.0,0,2,725,4,crash,clip,xpu_a_cpsat_hard.csv,0.3,c,2.4,
1003,1.0,0.01,1,10.0,0.0,56.8,6,0.0,1,0.0,1,96.24,0.0055,0.0,0.0,0,3,1171,4,crash,clip,xpu_a_cpsat_hard.csv,0.3,c,2.4,
1004,1.0,0.01,1,10.0,0.0,56.8,6,0.0,1,0.0,1,96.24,0.0055,0.0,0.0,0,1,580,4,crash,clip,xpu_a_cpsat_hard.csv,0.3,c,2.4,
1005,1.0,0.01,1,10.0,0.0,56.8,6,0.0,1,0.0,1,96.24,0.0055,0.0,0.0,0,1,477,4,crash,clip,xpu_a_cpsat_hard.csv,0.3,c,2.4,
1006,1.0,0.01,1,10.0,0.0,56.8,6,0.0,1,0.0,1,96.24,0.0055,0.0,0.0,0,3,1206,4,crash,clip,xpu_a_cpsat_hard.csv,0.3,c,2.4,
1007,1.0,0.01,1,10.0,0.0,56.8,6,0.0,1,0.0,1,96.24,0.0055,0.0,0.0,0,1,387,4,crash,clip,xpu_a_cpsat_hard.csv,0.3,c,2.4,
1008,1.0,0.01,1,10.0,0.0,56.8,6,0.0,1,0.0,1,96.24,0.0055,0.0,0.0,0,1,479,4,crash,clip,xpu_a_cpsat_hard.csv,0.3,c,2.4,
1009,1.0,0.01,1,10.0,0.0,56.8,6,0.0,1,0.0,1,96.24,0.0055,0.0,0.0,0,3,1040,4,crash,clip,xpu_a_cpsat_hard.csv,0.3,c,2.4,
1010,1.0,0.01,1,10.0,0.0,56.8,6,0.0,1,0.0,1,96.24,0.0055,0.0,0.0,0,2,615,4,crash,clip,xpu_a_cpsat_hard.csv,0.3,c,2.4,
1011,1.0,0.01,1,10.0,0.0,56.8,6,0.0,1,0.0,1,96.24,0.0055,0.0,0.0,0,1,409,4,crash,clip,xpu_a_cpsat_hard.csv,0.3,c,2.4,
1000,1.6,0.01,1,10.0,0.0,56.8,6,0.0,1,0.0,1,96.24,0.0055,0.0,0.0,0,4,864,4,success,,xpu_a_cpsat_hard.csv,0.3,c,2.4,
1001,1.6,0.01,1,10.0,0.0,56.8,6,0.0,1,0.0,1,96.24,0.0055,0.0,0.0,0,0,1015,4,crash,clip,xpu_a_cpsat_hard.csv,0.3,c,2.4,
1002,1.6,0.01,1,10.0,0.0,56.8,6,0.0,1,0.0,1,96.24,0.0055,0.0,0.0,0,2,518,4,crash,clip,xpu_a_cpsat_hard.csv,0.3,c,2.4,
1003,1.6,0.01,1,10.0,0.0,56.8,6,0.0,1,0.0,1,96.24,0.0055,0.0,0.0,0,4,885,4,success,,xpu_a_cpsat_hard.csv,0.3,c,2.4,
1004,1.6,0.01,1,10.0,0.0,56.8,6,0.0,1,0.0,1,96.24,0.0055,0.0,0.0,0,2,430,4,crash,clip,xpu_a_cpsat_hard.csv,0.3,c,2.4,
1005,1.6,0.01,1,10.0,0.0,56.8,6,0.0,1,0.0,1,96.24,0.0055,0.0,0.0,0,3,645,4,crash,clip,xpu_a_cpsat_hard.csv,0.3,c,2.4,
1006,1.6,0.01,1,10.0,0.0,56.8,6,0.0,1,0.0,1,96.24,0.0055,0.0,0.0,0,3,827,4,crash,clip,xpu_a_cpsat_hard.csv,0.3,c,2.4,
1007,1.6,0.01,1,10.0,0.0,56.8,6,0.0,1,0.0,1,96.24,0.0055,0.0,0.0,0,1,508,4,crash,clip,xpu_a_cpsat_hard.csv,0.3,c,2.4,
1008,1.6,0.01,1,10.0,0.0,56.8,6,0.0,1,0.0,1,96.24,0.0055,0.0,0.0,0,1,333,4,crash,clip,xpu_a_cpsat_hard.csv,0.3,c,2.4,
1009,1.6,0.01,1,10.0,0.0,56.8,6,0.0,1,0.0,1,96.24,0.0055,0.0,0.0,0,1,245,4,crash,clip,xpu_a_cpsat_hard.csv,0.3,c,2.4,
1010,1.6,0.01,1,10.0,0.0,56.8,6,0.0,1,0.0,1,96.24,0.0055,0.0,0.0,0,4,855,4,success,,xpu_a_cpsat_hard.csv,0.3,c,2.4,
1011,1.6,0.01,1,10.0,0.0,56.8,6,0.0,1,0.0,1,96.24,0.0055,0.0,0.0,0,3,690,4,crash,clip,xpu_a_cpsat_hard.csv,0.3,c,2.4,
1000,1.2,0.01,1,10.0,0.0,56.8,6,0.0,1,0.0,1,96.24,0.0055,0.0,0.0,0,1,346,4,crash,clip,xpu_a_cpsat_hard.csv,0.3,c,2.4,
1001,1.2,0.01,1,10.0,0.0,56.8,6,0.0,1,0.0,1,96.24,0.0055,0.0,0.0,0,4,1126,4,success,,xpu_a_cpsat_hard.csv,0.3,c,2.4,
1002,1.2,0.01,1,10.0,0.0,56.8,6,0.0,1,0.0,1,96.24,0.0055,0.0,0.0,0,2,648,4,crash,clip,xpu_a_cpsat_hard.csv,0.3,c,2.4,
1003,1.2,0.01,1,10.0,0.0,56.8,6,0.0,1,0.0,1,96.24,0.0055,0.0,0.0,0,4,1162,4,success,,xpu_a_cpsat_hard.csv,0.3,c,2.4,
1004,1.2,0.01,1,10.0,0.0,56.8,6,0.0,1,0.0,1,96.24,0.0055,0.0,0.0,0,1,469,4,crash,clip,xpu_a_cpsat_hard.csv,0.3,c,2.4,
1005,1.2,0.01,1,10.0,0.0,56.8,6,0.0,1,0.0,1,96.24,0.0055,0.0,0.0,0,1,433,4,crash,clip,xpu_a_cpsat_hard.csv,0.3,c,2.4,
1006,1.2,0.01,1,10.0,0.0,56.8,6,0.0,1,0.0,1,96.24,0.0055,0.0,0.0,0,1,808,4,crash,clip,xpu_a_cpsat_hard.csv,0.3,c,2.4,
1007,1.2,0.01,1,10.0,0.0,56.8,6,0.0,1,0.0,1,96.24,0.0055,0.0,0.0,0,3,920,4,crash,clip,xpu_a_cpsat_hard.csv,0.3,c,2.4,
1008,1.2,0.01,1,10.0,0.0,56.8,6,0.0,1,0.0,1,96.24,0.0055,0.0,0.0,0,1,349,4,crash,clip,xpu_a_cpsat_hard.csv,0.3,c,2.4,
1009,1.2,0.01,1,10.0,0.0,56.8,6,0.0,1,0.0,1,96.24,0.0055,0.0,0.0,0,1,603,4,crash,clip,xpu_a_cpsat_hard.csv,0.3,c,2.4,
1010,1.2,0.01,1,10.0,0.0,56.8,6,0.0,1,0.0,1,96.24,0.0055,0.0,0.0,0,3,1164,4,crash,clip,xpu_a_cpsat_hard.csv,0.3,c,2.4,
1011,1.2,0.01,1,10.0,0.0,56.8,6,0.0,1,0.0,1,96.24,0.0055,0.0,0.0,0,1,740,4,crash,clip,xpu_a_cpsat_hard.csv,0.3,c,2.4,
1000,1.8,0.01,1,10.0,0.0,55.9,6,11.1,2,0.0,1,89.29,0.0055,0.0,0.0,0,1,246,4,crash,clip,xpu_a90_cpsat.csv,0.3,c,2.4,
1001,1.8,0.01,1,10.0,0.0,55.9,6,11.1,2,0.0,1,89.29,0.0055,0.0,0.0,0,0,189,4,crash,clip,xpu_a90_cpsat.csv,0.3,c,2.4,
1002,1.8,0.01,1,10.0,0.0,55.9,6,11.1,2,0.0,1,89.29,0.0055,0.0,0.0,0,1,184,4,crash,clip,xpu_a90_cpsat.csv,0.3,c,2.4,
1003,1.8,0.01,1,10.0,0.0,55.9,6,11.1,2,0.0,1,89.29,0.0055,0.0,0.0,0,1,843,4,crash,clip,xpu_a90_cpsat.csv,0.3,c,2.4,
1004,1.8,0.01,1,10.0,0.0,55.9,6,11.1,2,0.0,1,89.29,0.0055,0.0,0.0,0,1,273,4,crash,clip,xpu_a90_cpsat.csv,0.3,c,2.4,
1005,1.8,0.01,1,10.0,0.0,55.9,6,11.1,2,0.0,1,89.29,0.0055,0.0,0.0,0,2,378,4,crash,clip,xpu_a90_cpsat.csv,0.3,c,2.4,
1006,1.8,0.01,1,10.0,0.0,55.9,6,11.1,2,0.0,1,89.29,0.0055,0.0,0.0,0,1,282,4,crash,clip,xpu_a90_cpsat.csv,0.3,c,2.4,
1007,1.8,0.01,1,10.0,0.0,55.9,6,11.1,2,0.0,1,89.29,0.0055,0.0,0.0,0,2,481,4,crash,clip,xpu_a90_cpsat.csv,0.3,c,2.4,
1008,1.8,0.01,1,10.0,0.0,55.9,6,11.1,2,0.0,1,89.29,0.0055,0.0,0.0,0,4,749,4,success,,xpu_a90_cpsat.csv,0.3,c,2.4,
1009,1.8,0.01,1,10.0,0.0,55.9,6,11.1,2,0.0,1,89.29,0.0055,0.0,0.0,0,1,219,4,crash,clip,xpu_a90_cpsat.csv,0.3,c,2.4,
1010,1.8,0.01,1,10.0,0.0,55.9,6,11.1,2,0.0,1,89.29,0.0055,0.0,0.0,0,4,772,4,success,,xpu_a90_cpsat.csv,0.3,c,2.4,
1011,1.8,0.01,1,10.0,0.0,55.9,6,11.1,2,0.0,1,89.29,0.0055,0.0,0.0,0,1,279,4,crash,clip,xpu_a90_cpsat.csv,0.3,c,2.4,
1000,1.4,0.01,1,10.0,0.0,55.9,6,11.1,2,0.0,1,89.29,0.0055,0.0,0.0,0,1,300,4,crash,clip,xpu_a90_cpsat.csv,0.3,c,2.4,
1001,1.4,0.01,1,10.0,0.0,55.9,6,11.1,2,0.0,1,89.29,0.0055,0.0,0.0,0,2,469,4,crash,clip,xpu_a90_cpsat.csv,0.3,c,2.4,
1002,1.4,0.01,1,10.0,0.0,55.9,6,11.1,2,0.0,1,89.29,0.0055,0.0,0.0,0,1,337,4,crash,clip,xpu_a90_cpsat.csv,0.3,c,2.4,
1003,1.4,0.01,1,10.0,0.0,55.9,6,11.1,2,0.0,1,89.29,0.0055,0.0,0.0,0,4,1016,4,success,,xpu_a90_cpsat.csv,0.3,c,2.4,
1004,1.4,0.01,1,10.0,0.0,55.9,6,11.1,2,0.0,1,89.29,0.0055,0.0,0.0,0,3,759,4,crash,clip,xpu_a90_cpsat.csv,0.3,c,2.4,
1005,1.4,0.01,1,10.0,0.0,55.9,6,11.1,2,0.0,1,89.29,0.0055,0.0,0.0,0,1,340,4,crash,clip,xpu_a90_cpsat.csv,0.3,c,2.4,
1006,1.4,0.01,1,10.0,0.0,55.9,6,11.1,2,0.0,1,89.29,0.0055,0.0,0.0,0,3,942,4,crash,clip,xpu_a90_cpsat.csv,0.3,c,2.4,
1007,1.4,0.01,1,10.0,0.0,55.9,6,11.1,2,0.0,1,89.29,0.0055,0.0,0.0,0,2,625,4,crash,clip,xpu_a90_cpsat.csv,0.3,c,2.4,
1008,1.4,0.01,1,10.0,0.0,55.9,6,11.1,2,0.0,1,89.29,0.0055,0.0,0.0,0,2,555,4,crash,clip,xpu_a90_cpsat.csv,0.3,c,2.4,
1009,1.4,0.01,1,10.0,0.0,55.9,6,11.1,2,0.0,1,89.29,0.0055,0.0,0.0,0,2,464,4,crash,clip,xpu_a90_cpsat.csv,0.3,c,2.4,
1010,1.4,0.01,1,10.0,0.0,55.9,6,11.1,2,0.0,1,89.29,0.0055,0.0,0.0,0,4,986,4,success,,xpu_a90_cpsat.csv,0.3,c,2.4,
1011,1.4,0.01,1,10.0,0.0,55.9,6,11.1,2,0.0,1,89.29,0.0055,0.0,0.0,0,1,344,4,crash,clip,xpu_a90_cpsat.csv,0.3,c,2.4,
1000,1.0,0.01,1,10.0,0.0,55.9,6,11.1,2,0.0,1,89.29,0.0055,0.0,0.0,0,4,1357,4,success,,xpu_a90_cpsat.csv,0.3,c,2.4,
1001,1.0,0.01,1,10.0,0.0,55.9,6,11.1,2,0.0,1,89.29,0.0055,0.0,0.0,0,4,1346,4,success,,xpu_a90_cpsat.csv,0.3,c,2.4,
1002,1.0,0.01,1,10.0,0.0,55.9,6,11.1,2,0.0,1,89.29,0.0055,0.0,0.0,0,2,722,4,crash,clip,xpu_a90_cpsat.csv,0.3,c,2.4,
1003,1.0,0.01,1,10.0,0.0,55.9,6,11.1,2,0.0,1,89.29,0.0055,0.0,0.0,0,4,1383,4,success,,xpu_a90_cpsat.csv,0.3,c,2.4,
1004,1.0,0.01,1,10.0,0.0,55.9,6,11.1,2,0.0,1,89.29,0.0055,0.0,0.0,0,1,492,4,crash,clip,xpu_a90_cpsat.csv,0.3,c,2.4,
1005,1.0,0.01,1,10.0,0.0,55.9,6,11.1,2,0.0,1,89.29,0.0055,0.0,0.0,0,2,777,4,crash,clip,xpu_a90_cpsat.csv,0.3,c,2.4,
1006,1.0,0.01,1,10.0,0.0,55.9,6,11.1,2,0.0,1,89.29,0.0055,0.0,0.0,0,0,748,4,crash,clip,xpu_a90_cpsat.csv,0.3,c,2.4,
1007,1.0,0.01,1,10.0,0.0,55.9,6,11.1,2,0.0,1,89.29,0.0055,0.0,0.0,0,2,949,4,crash,clip,xpu_a90_cpsat.csv,0.3,c,2.4,
1008,1.0,0.01,1,10.0,0.0,55.9,6,11.1,2,0.0,1,89.29,0.0055,0.0,0.0,0,2,631,4,crash,clip,xpu_a90_cpsat.csv,0.3,c,2.4,
1009,1.0,0.01,1,10.0,0.0,55.9,6,11.1,2,0.0,1,89.29,0.0055,0.0,0.0,0,1,331,4,crash,clip,xpu_a90_cpsat.csv,0.3,c,2.4,
1010,1.0,0.01,1,10.0,0.0,55.9,6,11.1,2,0.0,1,89.29,0.0055,0.0,0.0,0,2,615,4,crash,clip,xpu_a90_cpsat.csv,0.3,c,2.4,
1011,1.0,0.01,1,10.0,0.0,55.9,6,11.1,2,0.0,1,89.29,0.0055,0.0,0.0,0,2,803,4,crash,clip,xpu_a90_cpsat.csv,0.3,c,2.4,
1000,1.6,0.01,1,10.0,0.0,55.9,6,11.1,2,0.0,1,89.29,0.0055,0.0,0.0,0,4,864,4,success,,xpu_a90_cpsat.csv,0.3,c,2.4,
1001,1.6,0.01,1,10.0,0.0,55.9,6,11.1,2,0.0,1,89.29,0.0055,0.0,0.0,0,0,1548,4,crash,clip,xpu_a90_cpsat.csv,0.3,c,2.4,
1002,1.6,0.01,1,10.0,0.0,55.9,6,11.1,2,0.0,1,89.29,0.0055,0.0,0.0,0,0,230,4,crash,clip,xpu_a90_cpsat.csv,0.3,c,2.4,
1003,1.6,0.01,1,10.0,0.0,55.9,6,11.1,2,0.0,1,89.29,0.0055,0.0,0.0,0,4,887,4,success,,xpu_a90_cpsat.csv,0.3,c,2.4,
1004,1.6,0.01,1,10.0,0.0,55.9,6,11.1,2,0.0,1,89.29,0.0055,0.0,0.0,0,3,703,4,crash,clip,xpu_a90_cpsat.csv,0.3,c,2.4,
1005,1.6,0.01,1,10.0,0.0,55.9,6,11.1,2,0.0,1,89.29,0.0055,0.0,0.0,0,2,506,4,crash,clip,xpu_a90_cpsat.csv,0.3,c,2.4,
1006,1.6,0.01,1,10.0,0.0,55.9,6,11.1,2,0.0,1,89.29,0.0055,0.0,0.0,0,2,605,4,crash,clip,xpu_a90_cpsat.csv,0.3,c,2.4,
1007,1.6,0.01,1,10.0,0.0,55.9,6,11.1,2,0.0,1,89.29,0.0055,0.0,0.0,0,2,576,4,crash,clip,xpu_a90_cpsat.csv,0.3,c,2.4,
1008,1.6,0.01,1,10.0,0.0,55.9,6,11.1,2,0.0,1,89.29,0.0055,0.0,0.0,0,1,229,4,crash,clip,xpu_a90_cpsat.csv,0.3,c,2.4,
1009,1.6,0.01,1,10.0,0.0,55.9,6,11.1,2,0.0,1,89.29,0.0055,0.0,0.0,0,2,547,4,crash,clip,xpu_a90_cpsat.csv,0.3,c,2.4,
1010,1.6,0.01,1,10.0,0.0,55.9,6,11.1,2,0.0,1,89.29,0.0055,0.0,0.0,0,4,852,4,success,,xpu_a90_cpsat.csv,0.3,c,2.4,
1011,1.6,0.01,1,10.0,0.0,55.9,6,11.1,2,0.0,1,89.29,0.0055,0.0,0.0,0,1,293,4,crash,clip,xpu_a90_cpsat.csv,0.3,c,2.4,
1000,1.2,0.01,1,10.0,0.0,55.9,6,11.1,2,0.0,1,89.29,0.0055,0.0,0.0,0,1,346,4,crash,clip,xpu_a90_cpsat.csv,0.3,c,2.4,
1001,1.2,0.01,1,10.0,0.0,55.9,6,11.1,2,0.0,1,89.29,0.0055,0.0,0.0,0,4,1126,4,success,,xpu_a90_cpsat.csv,0.3,c,2.4,
1002,1.2,0.01,1,10.0,0.0,55.9,6,11.1,2,0.0,1,89.29,0.0055,0.0,0.0,0,2,648,4,crash,clip,xpu_a90_cpsat.csv,0.3,c,2.4,
1003,1.2,0.01,1,10.0,0.0,55.9,6,11.1,2,0.0,1,89.29,0.0055,0.0,0.0,0,4,1162,4,success,,xpu_a90_cpsat.csv,0.3,c,2.4,
1004,1.2,0.01,1,10.0,0.0,55.9,6,11.1,2,0.0,1,89.29,0.0055,0.0,0.0,0,1,471,4,crash,clip,xpu_a90_cpsat.csv,0.3,c,2.4,
1005,1.2,0.01,1,10.0,0.0,55.9,6,11.1,2,0.0,1,89.29,0.0055,0.0,0.0,0,2,547,4,crash,clip,xpu_a90_cpsat.csv,0.3,c,2.4,
1006,1.2,0.01,1,10.0,0.0,55.9,6,11.1,2,0.0,1,89.29,0.0055,0.0,0.0,0,1,525,4,crash,clip,xpu_a90_cpsat.csv,0.3,c,2.4,
1007,1.2,0.01,1,10.0,0.0,55.9,6,11.1,2,0.0,1,89.29,0.0055,0.0,0.0,0,1,1033,4,crash,clip,xpu_a90_cpsat.csv,0.3,c,2.4,
1008,1.2,0.01,1,10.0,0.0,55.9,6,11.1,2,0.0,1,89.29,0.0055,0.0,0.0,0,1,426,4,crash,clip,xpu_a90_cpsat.csv,0.3,c,2.4,
1009,1.2,0.01,1,10.0,0.0,55.9,6,11.1,2,0.0,1,89.29,0.0055,0.0,0.0,0,1,330,4,crash,clip,xpu_a90_cpsat.csv,0.3,c,2.4,
1010,1.2,0.01,1,10.0,0.0,55.9,6,11.1,2,0.0,1,89.29,0.0055,0.0,0.0,0,2,552,4,crash,clip,xpu_a90_cpsat.csv,0.3,c,2.4,
1011,1.2,0.01,1,10.0,0.0,55.9,6,11.1,2,0.0,1,89.29,0.0055,0.0,0.0,0,1,373,4,crash,clip,xpu_a90_cpsat.csv,0.3,c,2.4,
1000,1.8,0.01,1,10.0,0.0,56.2,6,30.3,4,0.0,1,100.0,0.0055,0.0,0.0,0,4,776,4,success,,ros_p390.csv,0.3,c,2.4,
1001,1.8,0.01,1,10.0,0.0,56.2,6,30.3,4,0.0,1,100.0,0.0055,0.0,0.0,0,0,1375,4,crash,clip,ros_p390.csv,0.3,c,2.4,
1002,1.8,0.01,1,10.0,0.0,56.2,6,30.3,4,0.0,1,100.0,0.0055,0.0,0.0,0,0,364,4,crash,clip,ros_p390.csv,0.3,c,2.4,
1003,1.8,0.01,1,10.0,0.0,56.2,6,30.3,4,0.0,1,100.0,0.0055,0.0,0.0,0,1,266,4,crash,clip,ros_p390.csv,0.3,c,2.4,
1004,1.8,0.01,1,10.0,0.0,56.2,6,30.3,4,0.0,1,100.0,0.0055,0.0,0.0,0,1,255,4,crash,clip,ros_p390.csv,0.3,c,2.4,
1005,1.8,0.01,1,10.0,0.0,56.2,6,30.3,4,0.0,1,100.0,0.0055,0.0,0.0,0,4,776,4,success,,ros_p390.csv,0.3,c,2.4,
1006,1.8,0.01,1,10.0,0.0,56.2,6,30.3,4,0.0,1,100.0,0.0055,0.0,0.0,0,3,714,4,crash,clip,ros_p390.csv,0.3,c,2.4,
1007,1.8,0.01,1,10.0,0.0,56.2,6,30.3,4,0.0,1,100.0,0.0055,0.0,0.0,0,3,723,4,crash,clip,ros_p390.csv,0.3,c,2.4,
1008,1.8,0.01,1,10.0,0.0,56.2,6,30.3,4,0.0,1,100.0,0.0055,0.0,0.0,0,1,228,4,crash,clip,ros_p390.csv,0.3,c,2.4,
1009,1.8,0.01,1,10.0,0.0,56.2,6,30.3,4,0.0,1,100.0,0.0055,0.0,0.0,0,1,225,4,crash,clip,ros_p390.csv,0.3,c,2.4,
1010,1.8,0.01,1,10.0,0.0,56.2,6,30.3,4,0.0,1,100.0,0.0055,0.0,0.0,0,2,479,4,crash,clip,ros_p390.csv,0.3,c,2.4,
1011,1.8,0.01,1,10.0,0.0,56.2,6,30.3,4,0.0,1,100.0,0.0055,0.0,0.0,0,1,249,4,crash,clip,ros_p390.csv,0.3,c,2.4,
1000,1.4,0.01,1,10.0,0.0,56.2,6,30.3,4,0.0,1,100.0,0.0055,0.0,0.0,0,4,982,4,success,,ros_p390.csv,0.3,c,2.4,
1001,1.4,0.01,1,10.0,0.0,56.2,6,30.3,4,0.0,1,100.0,0.0055,0.0,0.0,0,0,328,4,crash,clip,ros_p390.csv,0.3,c,2.4,
1002,1.4,0.01,1,10.0,0.0,56.2,6,30.3,4,0.0,1,100.0,0.0055,0.0,0.0,0,1,196,4,crash,clip,ros_p390.csv,0.3,c,2.4,
1003,1.4,0.01,1,10.0,0.0,56.2,6,30.3,4,0.0,1,100.0,0.0055,0.0,0.0,0,4,1001,4,success,,ros_p390.csv,0.3,c,2.4,
1004,1.4,0.01,1,10.0,0.0,56.2,6,30.3,4,0.0,1,100.0,0.0055,0.0,0.0,0,3,759,4,crash,clip,ros_p390.csv,0.3,c,2.4,
1005,1.4,0.01,1,10.0,0.0,56.2,6,30.3,4,0.0,1,100.0,0.0055,0.0,0.0,0,1,297,4,crash,clip,ros_p390.csv,0.3,c,2.4,
1006,1.4,0.01,1,10.0,0.0,56.2,6,30.3,4,0.0,1,100.0,0.0055,0.0,0.0,0,1,342,4,crash,clip,ros_p390.csv,0.3,c,2.4,
1007,1.4,0.01,1,10.0,0.0,56.2,6,30.3,4,0.0,1,100.0,0.0055,0.0,0.0,0,3,928,4,crash,clip,ros_p390.csv,0.3,c,2.4,
1008,1.4,0.01,1,10.0,0.0,56.2,6,30.3,4,0.0,1,100.0,0.0055,0.0,0.0,0,2,471,4,crash,clip,ros_p390.csv,0.3,c,2.4,
1009,1.4,0.01,1,10.0,0.0,56.2,6,30.3,4,0.0,1,100.0,0.0055,0.0,0.0,0,3,714,4,crash,clip,ros_p390.csv,0.3,c,2.4,
1010,1.4,0.01,1,10.0,0.0,56.2,6,30.3,4,0.0,1,100.0,0.0055,0.0,0.0,0,3,904,4,crash,clip,ros_p390.csv,0.3,c,2.4,
1011,1.4,0.01,1,10.0,0.0,56.2,6,30.3,4,0.0,1,100.0,0.0055,0.0,0.0,0,1,345,4,crash,clip,ros_p390.csv,0.3,c,2.4,
1000,1.0,0.01,1,10.0,0.0,56.2,6,30.3,4,0.0,1,100.0,0.0055,0.0,0.0,0,4,1420,4,success,,ros_p390.csv,0.3,c,2.4,
1001,1.0,0.01,1,10.0,0.0,56.2,6,30.3,4,0.0,1,100.0,0.0055,0.0,0.0,0,2,1023,4,crash,clip,ros_p390.csv,0.3,c,2.4,
1002,1.0,0.01,1,10.0,0.0,56.2,6,30.3,4,0.0,1,100.0,0.0055,0.0,0.0,0,1,597,4,crash,clip,ros_p390.csv,0.3,c,2.4,
1003,1.0,0.01,1,10.0,0.0,56.2,6,30.3,4,0.0,1,100.0,0.0055,0.0,0.0,0,3,1338,4,crash,clip,ros_p390.csv,0.3,c,2.4,
1004,1.0,0.01,1,10.0,0.0,56.2,6,30.3,4,0.0,1,100.0,0.0055,0.0,0.0,0,1,581,4,crash,clip,ros_p390.csv,0.3,c,2.4,
1005,1.0,0.01,1,10.0,0.0,56.2,6,30.3,4,0.0,1,100.0,0.0055,0.0,0.0,0,3,1220,4,crash,clip,ros_p390.csv,0.3,c,2.4,
1006,1.0,0.01,1,10.0,0.0,56.2,6,30.3,4,0.0,1,100.0,0.0055,0.0,0.0,0,4,1507,4,success,,ros_p390.csv,0.3,c,2.4,
1007,1.0,0.01,1,10.0,0.0,56.2,6,30.3,4,0.0,1,100.0,0.0055,0.0,0.0,0,3,1485,4,crash,clip,ros_p390.csv,0.3,c,2.4,
1008,1.0,0.01,1,10.0,0.0,56.2,6,30.3,4,0.0,1,100.0,0.0055,0.0,0.0,0,1,480,4,crash,clip,ros_p390.csv,0.3,c,2.4,
1009,1.0,0.01,1,10.0,0.0,56.2,6,30.3,4,0.0,1,100.0,0.0055,0.0,0.0,0,4,1336,4,success,,ros_p390.csv,0.3,c,2.4,
1010,1.0,0.01,1,10.0,0.0,56.2,6,30.3,4,0.0,1,100.0,0.0055,0.0,0.0,0,2,711,4,crash,clip,ros_p390.csv,0.3,c,2.4,
1011,1.0,0.01,1,10.0,0.0,56.2,6,30.3,4,0.0,1,100.0,0.0055,0.0,0.0,0,1,414,4,crash,clip,ros_p390.csv,0.3,c,2.4,
1000,1.6,0.01,1,10.0,0.0,56.2,6,30.3,4,0.0,1,100.0,0.0055,0.0,0.0,0,4,865,4,success,,ros_p390.csv,0.3,c,2.4,
1001,1.6,0.01,1,10.0,0.0,56.2,6,30.3,4,0.0,1,100.0,0.0055,0.0,0.0,0,0,1538,4,crash,clip,ros_p390.csv,0.3,c,2.4,
1002,1.6,0.01,1,10.0,0.0,56.2,6,30.3,4,0.0,1,100.0,0.0055,0.0,0.0,0,0,297,4,crash,clip,ros_p390.csv,0.3,c,2.4,
1003,1.6,0.01,1,10.0,0.0,56.2,6,30.3,4,0.0,1,100.0,0.0055,0.0,0.0,0,1,294,4,crash,clip,ros_p390.csv,0.3,c,2.4,
1004,1.6,0.01,1,10.0,0.0,56.2,6,30.3,4,0.0,1,100.0,0.0055,0.0,0.0,0,1,317,4,crash,clip,ros_p390.csv,0.3,c,2.4,
1005,1.6,0.01,1,10.0,0.0,56.2,6,30.3,4,0.0,1,100.0,0.0055,0.0,0.0,0,3,646,4,crash,clip,ros_p390.csv,0.3,c,2.4,
1006,1.6,0.01,1,10.0,0.0,56.2,6,30.3,4,0.0,1,100.0,0.0055,0.0,0.0,0,3,828,4,crash,clip,ros_p390.csv,0.3,c,2.4,
1007,1.6,0.01,1,10.0,0.0,56.2,6,30.3,4,0.0,1,100.0,0.0055,0.0,0.0,0,1,292,4,crash,clip,ros_p390.csv,0.3,c,2.4,
1008,1.6,0.01,1,10.0,0.0,56.2,6,30.3,4,0.0,1,100.0,0.0055,0.0,0.0,0,4,833,4,success,,ros_p390.csv,0.3,c,2.4,
1009,1.6,0.01,1,10.0,0.0,56.2,6,30.3,4,0.0,1,100.0,0.0055,0.0,0.0,0,2,561,4,crash,clip,ros_p390.csv,0.3,c,2.4,
1010,1.6,0.01,1,10.0,0.0,56.2,6,30.3,4,0.0,1,100.0,0.0055,0.0,0.0,0,4,864,4,success,,ros_p390.csv,0.3,c,2.4,
1011,1.6,0.01,1,10.0,0.0,56.2,6,30.3,4,0.0,1,100.0,0.0055,0.0,0.0,0,1,320,4,crash,clip,ros_p390.csv,0.3,c,2.4,
1000,1.2,0.01,1,10.0,0.0,56.2,6,30.3,4,0.0,1,100.0,0.0055,0.0,0.0,0,4,1147,4,success,,ros_p390.csv,0.3,c,2.4,
1001,1.2,0.01,1,10.0,0.0,56.2,6,30.3,4,0.0,1,100.0,0.0055,0.0,0.0,0,4,1162,4,success,,ros_p390.csv,0.3,c,2.4,
1002,1.2,0.01,1,10.0,0.0,56.2,6,30.3,4,0.0,1,100.0,0.0055,0.0,0.0,0,2,647,4,crash,clip,ros_p390.csv,0.3,c,2.4,
1003,1.2,0.01,1,10.0,0.0,56.2,6,30.3,4,0.0,1,100.0,0.0055,0.0,0.0,0,4,1160,4,success,,ros_p390.csv,0.3,c,2.4,
1004,1.2,0.01,1,10.0,0.0,56.2,6,30.3,4,0.0,1,100.0,0.0055,0.0,0.0,0,2,524,4,crash,clip,ros_p390.csv,0.3,c,2.4,
1005,1.2,0.01,1,10.0,0.0,56.2,6,30.3,4,0.0,1,100.0,0.0055,0.0,0.0,0,3,1090,4,crash,clip,ros_p390.csv,0.3,c,2.4,
1006,1.2,0.01,1,10.0,0.0,56.2,6,30.3,4,0.0,1,100.0,0.0055,0.0,0.0,0,2,596,4,crash,clip,ros_p390.csv,0.3,c,2.4,
1007,1.2,0.01,1,10.0,0.0,56.2,6,30.3,4,0.0,1,100.0,0.0055,0.0,0.0,0,3,1039,4,crash,clip,ros_p390.csv,0.3,c,2.4,
1008,1.2,0.01,1,10.0,0.0,56.2,6,30.3,4,0.0,1,100.0,0.0055,0.0,0.0,0,2,572,4,crash,clip,ros_p390.csv,0.3,c,2.4,
1009,1.2,0.01,1,10.0,0.0,56.2,6,30.3,4,0.0,1,100.0,0.0055,0.0,0.0,0,4,1093,4,success,,ros_p390.csv,0.3,c,2.4,
1010,1.2,0.01,1,10.0,0.0,56.2,6,30.3,4,0.0,1,100.0,0.0055,0.0,0.0,0,1,383,4,crash,clip,ros_p390.csv,0.3,c,2.4,
1011,1.2,0.01,1,10.0,0.0,56.2,6,30.3,4,0.0,1,100.0,0.0055,0.0,0.0,0,1,375,4,crash,clip,ros_p390.csv,0.3,c,2.4,
1000,1.8,0.01,1,10.0,0.0,136.5,14,30.3,4,0.0,1,100.0,0.0055,0.0,0.0,0,1,248,4,crash,clip,ros_vanilla4tm90.csv,0.3,c,2.4,
1001,1.8,0.01,1,10.0,0.0,136.5,14,30.3,4,0.0,1,100.0,0.0055,0.0,0.0,0,0,463,4,crash,clip,ros_vanilla4tm90.csv,0.3,c,2.4,
1002,1.8,0.01,1,10.0,0.0,136.5,14,30.3,4,0.0,1,100.0,0.0055,0.0,0.0,0,0,1397,4,crash,clip,ros_vanilla4tm90.csv,0.3,c,2.4,
1003,1.8,0.01,1,10.0,0.0,136.5,14,30.3,4,0.0,1,100.0,0.0055,0.0,0.0,0,0,387,4,crash,clip,ros_vanilla4tm90.csv,0.3,c,2.4,
1004,1.8,0.01,1,10.0,0.0,136.5,14,30.3,4,0.0,1,100.0,0.0055,0.0,0.0,0,1,363,4,crash,clip,ros_vanilla4tm90.csv,0.3,c,2.4,
1005,1.8,0.01,1,10.0,0.0,136.5,14,30.3,4,0.0,1,100.0,0.0055,0.0,0.0,0,3,606,4,crash,clip,ros_vanilla4tm90.csv,0.3,c,2.4,
1006,1.8,0.01,1,10.0,0.0,136.5,14,30.3,4,0.0,1,100.0,0.0055,0.0,0.0,0,1,304,4,crash,clip,ros_vanilla4tm90.csv,0.3,c,2.4,
1007,1.8,0.01,1,10.0,0.0,136.5,14,30.3,4,0.0,1,100.0,0.0055,0.0,0.0,0,4,783,4,success,,ros_vanilla4tm90.csv,0.3,c,2.4,
1008,1.8,0.01,1,10.0,0.0,136.5,14,30.3,4,0.0,1,100.0,0.0055,0.0,0.0,0,1,201,4,crash,clip,ros_vanilla4tm90.csv,0.3,c,2.4,
1009,1.8,0.01,1,10.0,0.0,136.5,14,30.3,4,0.0,1,100.0,0.0055,0.0,0.0,0,2,447,4,crash,clip,ros_vanilla4tm90.csv,0.3,c,2.4,
1010,1.8,0.01,1,10.0,0.0,136.5,14,30.3,4,0.0,1,100.0,0.0055,0.0,0.0,0,1,217,4,crash,clip,ros_vanilla4tm90.csv,0.3,c,2.4,
1011,1.8,0.01,1,10.0,0.0,136.5,14,30.3,4,0.0,1,100.0,0.0055,0.0,0.0,0,1,243,4,crash,clip,ros_vanilla4tm90.csv,0.3,c,2.4,
1000,1.4,0.01,1,10.0,0.0,136.5,14,30.3,4,0.0,1,100.0,0.0055,0.0,0.0,0,1,299,4,crash,clip,ros_vanilla4tm90.csv,0.3,c,2.4,
1001,1.4,0.01,1,10.0,0.0,136.5,14,30.3,4,0.0,1,100.0,0.0055,0.0,0.0,0,4,979,4,success,,ros_vanilla4tm90.csv,0.3,c,2.4,
1002,1.4,0.01,1,10.0,0.0,136.5,14,30.3,4,0.0,1,100.0,0.0055,0.0,0.0,0,2,588,4,crash,clip,ros_vanilla4tm90.csv,0.3,c,2.4,
1003,1.4,0.01,1,10.0,0.0,136.5,14,30.3,4,0.0,1,100.0,0.0055,0.0,0.0,0,1,360,4,crash,clip,ros_vanilla4tm90.csv,0.3,c,2.4,
1004,1.4,0.01,1,10.0,0.0,136.5,14,30.3,4,0.0,1,100.0,0.0055,0.0,0.0,0,2,688,4,crash,clip,ros_vanilla4tm90.csv,0.3,c,2.4,
1005,1.4,0.01,1,10.0,0.0,136.5,14,30.3,4,0.0,1,100.0,0.0055,0.0,0.0,0,4,986,4,success,,ros_vanilla4tm90.csv,0.3,c,2.4,
1006,1.4,0.01,1,10.0,0.0,136.5,14,30.3,4,0.0,1,100.0,0.0055,0.0,0.0,0,2,706,4,crash,clip,ros_vanilla4tm90.csv,0.3,c,2.4,
1007,1.4,0.01,1,10.0,0.0,136.5,14,30.3,4,0.0,1,100.0,0.0055,0.0,0.0,0,1,565,4,crash,clip,ros_vanilla4tm90.csv,0.3,c,2.4,
1008,1.4,0.01,1,10.0,0.0,136.5,14,30.3,4,0.0,1,100.0,0.0055,0.0,0.0,0,2,387,4,crash,clip,ros_vanilla4tm90.csv,0.3,c,2.4,
1009,1.4,0.01,1,10.0,0.0,136.5,14,30.3,4,0.0,1,100.0,0.0055,0.0,0.0,0,2,597,4,crash,clip,ros_vanilla4tm90.csv,0.3,c,2.4,
1010,1.4,0.01,1,10.0,0.0,136.5,14,30.3,4,0.0,1,100.0,0.0055,0.0,0.0,0,2,462,4,crash,clip,ros_vanilla4tm90.csv,0.3,c,2.4,
1011,1.4,0.01,1,10.0,0.0,136.5,14,30.3,4,0.0,1,100.0,0.0055,0.0,0.0,0,1,350,4,crash,clip,ros_vanilla4tm90.csv,0.3,c,2.4,
1000,1.0,0.01,1,10.0,0.0,136.5,14,30.3,4,0.0,1,100.0,0.0055,0.0,0.0,0,3,1333,4,crash,clip,ros_vanilla4tm90.csv,0.3,c,2.4,
1001,1.0,0.01,1,10.0,0.0,136.5,14,30.3,4,0.0,1,100.0,0.0055,0.0,0.0,0,4,1344,4,success,,ros_vanilla4tm90.csv,0.3,c,2.4,
1002,1.0,0.01,1,10.0,0.0,136.5,14,30.3,4,0.0,1,100.0,0.0055,0.0,0.0,0,1,522,4,crash,clip,ros_vanilla4tm90.csv,0.3,c,2.4,
1003,1.0,0.01,1,10.0,0.0,136.5,14,30.3,4,0.0,1,100.0,0.0055,0.0,0.0,0,3,1750,4,crash,clip,ros_vanilla4tm90.csv,0.3,c,2.4,
1004,1.0,0.01,1,10.0,0.0,136.5,14,30.3,4,0.0,1,100.0,0.0055,0.0,0.0,0,3,1280,4,crash,clip,ros_vanilla4tm90.csv,0.3,c,2.4,
1005,1.0,0.01,1,10.0,0.0,136.5,14,30.3,4,0.0,1,100.0,0.0055,0.0,0.0,0,2,650,4,crash,clip,ros_vanilla4tm90.csv,0.3,c,2.4,
1006,1.0,0.01,1,10.0,0.0,136.5,14,30.3,4,0.0,1,100.0,0.0055,0.0,0.0,0,4,1775,4,success,,ros_vanilla4tm90.csv,0.3,c,2.4,
1007,1.0,0.01,1,10.0,0.0,136.5,14,30.3,4,0.0,1,100.0,0.0055,0.0,0.0,0,1,594,4,crash,clip,ros_vanilla4tm90.csv,0.3,c,2.4,
1008,1.0,0.01,1,10.0,0.0,136.5,14,30.3,4,0.0,1,100.0,0.0055,0.0,0.0,0,1,373,4,crash,clip,ros_vanilla4tm90.csv,0.3,c,2.4,
1009,1.0,0.01,1,10.0,0.0,136.5,14,30.3,4,0.0,1,100.0,0.0055,0.0,0.0,0,1,1098,4,crash,clip,ros_vanilla4tm90.csv,0.3,c,2.4,
1010,1.0,0.01,1,10.0,0.0,136.5,14,30.3,4,0.0,1,100.0,0.0055,0.0,0.0,0,2,624,4,crash,clip,ros_vanilla4tm90.csv,0.3,c,2.4,
1011,1.0,0.01,1,10.0,0.0,136.5,14,30.3,4,0.0,1,100.0,0.0055,0.0,0.0,0,1,402,4,crash,clip,ros_vanilla4tm90.csv,0.3,c,2.4,
1000,1.6,0.01,1,10.0,0.0,136.5,14,30.3,4,0.0,1,100.0,0.0055,0.0,0.0,0,1,266,4,crash,clip,ros_vanilla4tm90.csv,0.3,c,2.4,
1001,1.6,0.01,1,10.0,0.0,136.5,14,30.3,4,0.0,1,100.0,0.0055,0.0,0.0,0,0,555,4,crash,clip,ros_vanilla4tm90.csv,0.3,c,2.4,
1002,1.6,0.01,1,10.0,0.0,136.5,14,30.3,4,0.0,1,100.0,0.0055,0.0,0.0,0,2,536,4,crash,clip,ros_vanilla4tm90.csv,0.3,c,2.4,
1003,1.6,0.01,1,10.0,0.0,136.5,14,30.3,4,0.0,1,100.0,0.0055,0.0,0.0,0,3,808,4,crash,clip,ros_vanilla4tm90.csv,0.3,c,2.4,
1004,1.6,0.01,1,10.0,0.0,136.5,14,30.3,4,0.0,1,100.0,0.0055,0.0,0.0,0,3,706,4,crash,clip,ros_vanilla4tm90.csv,0.3,c,2.4,
1005,1.6,0.01,1,10.0,0.0,136.5,14,30.3,4,0.0,1,100.0,0.0055,0.0,0.0,0,1,322,4,crash,clip,ros_vanilla4tm90.csv,0.3,c,2.4,
1006,1.6,0.01,1,10.0,0.0,136.5,14,30.3,4,0.0,1,100.0,0.0055,0.0,0.0,0,3,650,4,crash,clip,ros_vanilla4tm90.csv,0.3,c,2.4,
1007,1.6,0.01,1,10.0,0.0,136.5,14,30.3,4,0.0,1,100.0,0.0055,0.0,0.0,0,1,466,4,crash,clip,ros_vanilla4tm90.csv,0.3,c,2.4,
1008,1.6,0.01,1,10.0,0.0,136.5,14,30.3,4,0.0,1,100.0,0.0055,0.0,0.0,0,2,1800,4,timeout,,ros_vanilla4tm90.csv,0.3,c,2.4,
1009,1.6,0.01,1,10.0,0.0,136.5,14,30.3,4,0.0,1,100.0,0.0055,0.0,0.0,0,2,479,4,crash,clip,ros_vanilla4tm90.csv,0.3,c,2.4,
1010,1.6,0.01,1,10.0,0.0,136.5,14,30.3,4,0.0,1,100.0,0.0055,0.0,0.0,0,2,411,4,crash,clip,ros_vanilla4tm90.csv,0.3,c,2.4,
1011,1.6,0.01,1,10.0,0.0,136.5,14,30.3,4,0.0,1,100.0,0.0055,0.0,0.0,0,1,323,4,crash,clip,ros_vanilla4tm90.csv,0.3,c,2.4,
1000,1.2,0.01,1,10.0,0.0,136.5,14,30.3,4,0.0,1,100.0,0.0055,0.0,0.0,0,1,348,4,crash,clip,ros_vanilla4tm90.csv,0.3,c,2.4,
1001,1.2,0.01,1,10.0,0.0,136.5,14,30.3,4,0.0,1,100.0,0.0055,0.0,0.0,0,3,1024,4,crash,clip,ros_vanilla4tm90.csv,0.3,c,2.4,
1002,1.2,0.01,1,10.0,0.0,136.5,14,30.3,4,0.0,1,100.0,0.0055,0.0,0.0,0,2,652,4,crash,clip,ros_vanilla4tm90.csv,0.3,c,2.4,
1003,1.2,0.01,1,10.0,0.0,136.5,14,30.3,4,0.0,1,100.0,0.0055,0.0,0.0,0,1,401,4,crash,clip,ros_vanilla4tm90.csv,0.3,c,2.4,
1004,1.2,0.01,1,10.0,0.0,136.5,14,30.3,4,0.0,1,100.0,0.0055,0.0,0.0,0,2,832,4,crash,clip,ros_vanilla4tm90.csv,0.3,c,2.4,
1005,1.2,0.01,1,10.0,0.0,136.5,14,30.3,4,0.0,1,100.0,0.0055,0.0,0.0,0,1,382,4,crash,clip,ros_vanilla4tm90.csv,0.3,c,2.4,
1006,1.2,0.01,1,10.0,0.0,136.5,14,30.3,4,0.0,1,100.0,0.0055,0.0,0.0,0,1,890,4,crash,clip,ros_vanilla4tm90.csv,0.3,c,2.4,
1007,1.2,0.01,1,10.0,0.0,136.5,14,30.3,4,0.0,1,100.0,0.0055,0.0,0.0,0,1,386,4,crash,clip,ros_vanilla4tm90.csv,0.3,c,2.4,
1008,1.2,0.01,1,10.0,0.0,136.5,14,30.3,4,0.0,1,100.0,0.0055,0.0,0.0,0,1,437,4,crash,clip,ros_vanilla4tm90.csv,0.3,c,2.4,
1009,1.2,0.01,1,10.0,0.0,136.5,14,30.3,4,0.0,1,100.0,0.0055,0.0,0.0,0,2,1800,4,timeout,,ros_vanilla4tm90.csv,0.3,c,2.4,
1010,1.2,0.01,1,10.0,0.0,136.5,14,30.3,4,0.0,1,100.0,0.0055,0.0,0.0,0,2,590,4,crash,clip,ros_vanilla4tm90.csv,0.3,c,2.4,
1011,1.2,0.01,1,10.0,0.0,136.5,14,30.3,4,0.0,1,100.0,0.0055,0.0,0.0,0,1,347,4,crash,clip,ros_vanilla4tm90.csv,0.3,c,2.4,
1000,1.8,0.01,1,10.0,0.0,59.9,6,8.3,1,0.0,1,96.24,0.0055,0.0,0.0,0,1,246,4,crash,clip,xpu_a_cpsat_hard.csv,0.3,c,2.4,
1001,1.8,0.01,1,10.0,0.0,59.9,6,8.3,1,0.0,1,96.24,0.0055,0.0,0.0,0,0,509,4,crash,clip,xpu_a_cpsat_hard.csv,0.3,c,2.4,
1002,1.8,0.01,1,10.0,0.0,59.9,6,8.3,1,0.0,1,96.24,0.0055,0.0,0.0,0,1,191,4,crash,clip,xpu_a_cpsat_hard.csv,0.3,c,2.4,
1003,1.8,0.01,1,10.0,0.0,59.9,6,8.3,1,0.0,1,96.24,0.0055,0.0,0.0,0,1,280,4,crash,clip,xpu_a_cpsat_hard.csv,0.3,c,2.4,
1004,1.8,0.01,1,10.0,0.0,59.9,6,8.3,1,0.0,1,96.24,0.0055,0.0,0.0,0,1,366,4,crash,clip,xpu_a_cpsat_hard.csv,0.3,c,2.4,
1005,1.8,0.01,1,10.0,0.0,59.9,6,8.3,1,0.0,1,96.24,0.0055,0.0,0.0,0,1,284,4,crash,clip,xpu_a_cpsat_hard.csv,0.3,c,2.4,
1006,1.8,0.01,1,10.0,0.0,59.9,6,8.3,1,0.0,1,96.24,0.0055,0.0,0.0,0,3,762,4,crash,clip,xpu_a_cpsat_hard.csv,0.3,c,2.4,
1007,1.8,0.01,1,10.0,0.0,59.9,6,8.3,1,0.0,1,96.24,0.0055,0.0,0.0,0,1,309,4,crash,clip,xpu_a_cpsat_hard.csv,0.3,c,2.4,
1008,1.8,0.01,1,10.0,0.0,59.9,6,8.3,1,0.0,1,96.24,0.0055,0.0,0.0,0,2,468,4,crash,clip,xpu_a_cpsat_hard.csv,0.3,c,2.4,
1009,1.8,0.01,1,10.0,0.0,59.9,6,8.3,1,0.0,1,96.24,0.0055,0.0,0.0,0,4,746,4,success,,xpu_a_cpsat_hard.csv,0.3,c,2.4,
1010,1.8,0.01,1,10.0,0.0,59.9,6,8.3,1,0.0,1,96.24,0.0055,0.0,0.0,0,2,370,4,crash,clip,xpu_a_cpsat_hard.csv,0.3,c,2.4,
1011,1.8,0.01,1,10.0,0.0,59.9,6,8.3,1,0.0,1,96.24,0.0055,0.0,0.0,0,2,377,4,crash,clip,xpu_a_cpsat_hard.csv,0.3,c,2.4,
1000,1.4,0.01,1,10.0,0.0,59.9,6,8.3,1,0.0,1,96.24,0.0055,0.0,0.0,0,1,300,4,crash,clip,xpu_a_cpsat_hard.csv,0.3,c,2.4,
1001,1.4,0.01,1,10.0,0.0,59.9,6,8.3,1,0.0,1,96.24,0.0055,0.0,0.0,0,2,469,4,crash,clip,xpu_a_cpsat_hard.csv,0.3,c,2.4,
1002,1.4,0.01,1,10.0,0.0,59.9,6,8.3,1,0.0,1,96.24,0.0055,0.0,0.0,0,1,263,4,crash,clip,xpu_a_cpsat_hard.csv,0.3,c,2.4,
1003,1.4,0.01,1,10.0,0.0,59.9,6,8.3,1,0.0,1,96.24,0.0055,0.0,0.0,0,2,594,4,crash,clip,xpu_a_cpsat_hard.csv,0.3,c,2.4,
1004,1.4,0.01,1,10.0,0.0,59.9,6,8.3,1,0.0,1,96.24,0.0055,0.0,0.0,0,3,763,4,crash,clip,xpu_a_cpsat_hard.csv,0.3,c,2.4,
1005,1.4,0.01,1,10.0,0.0,59.9,6,8.3,1,0.0,1,96.24,0.0055,0.0,0.0,0,1,321,4,crash,clip,xpu_a_cpsat_hard.csv,0.3,c,2.4,
1006,1.4,0.01,1,10.0,0.0,59.9,6,8.3,1,0.0,1,96.24,0.0055,0.0,0.0,0,1,815,4,crash,clip,xpu_a_cpsat_hard.csv,0.3,c,2.4,
1007,1.4,0.01,1,10.0,0.0,59.9,6,8.3,1,0.0,1,96.24,0.0055,0.0,0.0,0,4,991,4,success,,xpu_a_cpsat_hard.csv,0.3,c,2.4,
1008,1.4,0.01,1,10.0,0.0,59.9,6,8.3,1,0.0,1,96.24,0.0055,0.0,0.0,0,1,238,4,crash,clip,xpu_a_cpsat_hard.csv,0.3,c,2.4,
1009,1.4,0.01,1,10.0,0.0,59.9,6,8.3,1,0.0,1,96.24,0.0055,0.0,0.0,0,1,520,4,crash,clip,xpu_a_cpsat_hard.csv,0.3,c,2.4,
1010,1.4,0.01,1,10.0,0.0,59.9,6,8.3,1,0.0,1,96.24,0.0055,0.0,0.0,0,1,231,4,crash,clip,xpu_a_cpsat_hard.csv,0.3,c,2.4,
1011,1.4,0.01,1,10.0,0.0,59.9,6,8.3,1,0.0,1,96.24,0.0055,0.0,0.0,0,1,350,4,crash,clip,xpu_a_cpsat_hard.csv,0.3,c,2.4,
1000,1.0,0.01,1,10.0,0.0,59.9,6,8.3,1,0.0,1,96.24,0.0055,0.0,0.0,0,4,1387,4,success,,xpu_a_cpsat_hard.csv,0.3,c,2.4,
1001,1.0,0.01,1,10.0,0.0,59.9,6,8.3,1,0.0,1,96.24,0.0055,0.0,0.0,0,1,737,4,crash,clip,xpu_a_cpsat_hard.csv,0.3,c,2.4,
1002,1.0,0.01,1,10.0,0.0,59.9,6,8.3,1,0.0,1,96.24,0.0055,0.0,0.0,0,2,722,4,crash,clip,xpu_a_cpsat_hard.csv,0.3,c,2.4,
1003,1.0,0.01,1,10.0,0.0,59.9,6,8.3,1,0.0,1,96.24,0.0055,0.0,0.0,0,3,1048,4,crash,clip,xpu_a_cpsat_hard.csv,0.3,c,2.4,
1004,1.0,0.01,1,10.0,0.0,59.9,6,8.3,1,0.0,1,96.24,0.0055,0.0,0.0,0,1,517,4,crash,clip,xpu_a_cpsat_hard.csv,0.3,c,2.4,
1005,1.0,0.01,1,10.0,0.0,59.9,6,8.3,1,0.0,1,96.24,0.0055,0.0,0.0,0,3,1192,4,crash,clip,xpu_a_cpsat_hard.csv,0.3,c,2.4,
1006,1.0,0.01,1,10.0,0.0,59.9,6,8.3,1,0.0,1,96.24,0.0055,0.0,0.0,0,2,1254,4,crash,clip,xpu_a_cpsat_hard.csv,0.3,c,2.4,
1007,1.0,0.01,1,10.0,0.0,59.9,6,8.3,1,0.0,1,96.24,0.0055,0.0,0.0,0,2,1159,4,crash,clip,xpu_a_cpsat_hard.csv,0.3,c,2.4,
1008,1.0,0.01,1,10.0,0.0,59.9,6,8.3,1,0.0,1,96.24,0.0055,0.0,0.0,0,1,360,4,crash,clip,xpu_a_cpsat_hard.csv,0.3,c,2.4,
1009,1.0,0.01,1,10.0,0.0,59.9,6,8.3,1,0.0,1,96.24,0.0055,0.0,0.0,0,2,921,4,crash,clip,xpu_a_cpsat_hard.csv,0.3,c,2.4,
1010,1.0,0.01,1,10.0,0.0,59.9,6,8.3,1,0.0,1,96.24,0.0055,0.0,0.0,0,3,1800,4,timeout,,xpu_a_cpsat_hard.csv,0.3,c,2.4,
1011,1.0,0.01,1,10.0,0.0,59.9,6,8.3,1,0.0,1,96.24,0.0055,0.0,0.0,0,4,1364,4,success,,xpu_a_cpsat_hard.csv,0.3,c,2.4,
1000,1.6,0.01,1,10.0,0.0,59.9,6,8.3,1,0.0,1,96.24,0.0055,0.0,0.0,0,4,864,4,success,,xpu_a_cpsat_hard.csv,0.3,c,2.4,
1001,1.6,0.01,1,10.0,0.0,59.9,6,8.3,1,0.0,1,96.24,0.0055,0.0,0.0,0,0,1015,4,crash,clip,xpu_a_cpsat_hard.csv,0.3,c,2.4,
1002,1.6,0.01,1,10.0,0.0,59.9,6,8.3,1,0.0,1,96.24,0.0055,0.0,0.0,0,2,519,4,crash,clip,xpu_a_cpsat_hard.csv,0.3,c,2.4,
1003,1.6,0.01,1,10.0,0.0,59.9,6,8.3,1,0.0,1,96.24,0.0055,0.0,0.0,0,3,788,4,crash,clip,xpu_a_cpsat_hard.csv,0.3,c,2.4,
1004,1.6,0.01,1,10.0,0.0,59.9,6,8.3,1,0.0,1,96.24,0.0055,0.0,0.0,0,2,606,4,crash,clip,xpu_a_cpsat_hard.csv,0.3,c,2.4,
1005,1.6,0.01,1,10.0,0.0,59.9,6,8.3,1,0.0,1,96.24,0.0055,0.0,0.0,0,3,645,4,crash,clip,xpu_a_cpsat_hard.csv,0.3,c,2.4,
1006,1.6,0.01,1,10.0,0.0,59.9,6,8.3,1,0.0,1,96.24,0.0055,0.0,0.0,0,1,319,4,crash,clip,xpu_a_cpsat_hard.csv,0.3,c,2.4,
1007,1.6,0.01,1,10.0,0.0,59.9,6,8.3,1,0.0,1,96.24,0.0055,0.0,0.0,0,4,872,4,success,,xpu_a_cpsat_hard.csv,0.3,c,2.4,
1008,1.6,0.01,1,10.0,0.0,59.9,6,8.3,1,0.0,1,96.24,0.0055,0.0,0.0,0,1,324,4,crash,clip,xpu_a_cpsat_hard.csv,0.3,c,2.4,
1009,1.6,0.01,1,10.0,0.0,59.9,6,8.3,1,0.0,1,96.24,0.0055,0.0,0.0,0,2,486,4,crash,clip,xpu_a_cpsat_hard.csv,0.3,c,2.4,
1010,1.6,0.01,1,10.0,0.0,59.9,6,8.3,1,0.0,1,96.24,0.0055,0.0,0.0,0,4,852,4,success,,xpu_a_cpsat_hard.csv,0.3,c,2.4,
1011,1.6,0.01,1,10.0,0.0,59.9,6,8.3,1,0.0,1,96.24,0.0055,0.0,0.0,0,1,295,4,crash,clip,xpu_a_cpsat_hard.csv,0.3,c,2.4,
1000,1.2,0.01,1,10.0,0.0,59.9,6,8.3,1,0.0,1,96.24,0.0055,0.0,0.0,0,2,572,4,crash,clip,xpu_a_cpsat_hard.csv,0.3,c,2.4,
1001,1.2,0.01,1,10.0,0.0,59.9,6,8.3,1,0.0,1,96.24,0.0055,0.0,0.0,0,4,1133,4,success,,xpu_a_cpsat_hard.csv,0.3,c,2.4,
1002,1.2,0.01,1,10.0,0.0,59.9,6,8.3,1,0.0,1,96.24,0.0055,0.0,0.0,0,3,883,4,crash,clip,xpu_a_cpsat_hard.csv,0.3,c,2.4,
1003,1.2,0.01,1,10.0,0.0,59.9,6,8.3,1,0.0,1,96.24,0.0055,0.0,0.0,0,3,901,4,crash,clip,xpu_a_cpsat_hard.csv,0.3,c,2.4,
1004,1.2,0.01,1,10.0,0.0,59.9,6,8.3,1,0.0,1,96.24,0.0055,0.0,0.0,0,2,519,4,crash,clip,xpu_a_cpsat_hard.csv,0.3,c,2.4,
1005,1.2,0.01,1,10.0,0.0,59.9,6,8.3,1,0.0,1,96.24,0.0055,0.0,0.0,0,4,1152,4,success,,xpu_a_cpsat_hard.csv,0.3,c,2.4,
1006,1.2,0.01,1,10.0,0.0,59.9,6,8.3,1,0.0,1,96.24,0.0055,0.0,0.0,0,4,1172,4,success,,xpu_a_cpsat_hard.csv,0.3,c,2.4,
1007,1.2,0.01,1,10.0,0.0,59.9,6,8.3,1,0.0,1,96.24,0.0055,0.0,0.0,0,1,364,4,crash,clip,xpu_a_cpsat_hard.csv,0.3,c,2.4,
1008,1.2,0.01,1,10.0,0.0,59.9,6,8.3,1,0.0,1,96.24,0.0055,0.0,0.0,0,1,375,4,crash,clip,xpu_a_cpsat_hard.csv,0.3,c,2.4,
1009,1.2,0.01,1,10.0,0.0,59.9,6,8.3,1,0.0,1,96.24,0.0055,0.0,0.0,0,3,927,4,crash,clip,xpu_a_cpsat_hard.csv,0.3,c,2.4,
1010,1.2,0.01,1,10.0,0.0,59.9,6,8.3,1,0.0,1,96.24,0.0055,0.0,0.0,0,2,786,4,crash,clip,xpu_a_cpsat_hard.csv,0.3,c,2.4,
1011,1.2,0.01,1,10.0,0.0,59.9,6,8.3,1,0.0,1,96.24,0.0055,0.0,0.0,0,1,378,4,crash,clip,xpu_a_cpsat_hard.csv,0.3,c,2.4,
1000,1.8,0.01,1,10.0,0.0,947.5,95,0.0,1,0.0,1,35.78,0.0055,0.0,0.0,0,0,185,4,crash,ground,xpu_a90_greedy.csv,0.3,c,2.4,
1001,1.8,0.01,1,10.0,0.0,947.5,95,0.0,1,0.0,1,35.78,0.0055,0.0,0.0,0,0,183,4,crash,ground,xpu_a90_greedy.csv,0.3,c,2.4,
1002,1.8,0.01,1,10.0,0.0,947.5,95,0.0,1,0.0,1,35.78,0.0055,0.0,0.0,0,0,184,4,crash,ground,xpu_a90_greedy.csv,0.3,c,2.4,
1003,1.8,0.01,1,10.0,0.0,947.5,95,0.0,1,0.0,1,35.78,0.0055,0.0,0.0,0,0,183,4,crash,ground,xpu_a90_greedy.csv,0.3,c,2.4,
1004,1.8,0.01,1,10.0,0.0,947.5,95,0.0,1,0.0,1,35.78,0.0055,0.0,0.0,0,0,182,4,crash,ground,xpu_a90_greedy.csv,0.3,c,2.4,
1005,1.8,0.01,1,10.0,0.0,947.5,95,0.0,1,0.0,1,35.78,0.0055,0.0,0.0,0,0,184,4,crash,ground,xpu_a90_greedy.csv,0.3,c,2.4,
1006,1.8,0.01,1,10.0,0.0,947.5,95,0.0,1,0.0,1,35.78,0.0055,0.0,0.0,0,0,183,4,crash,ground,xpu_a90_greedy.csv,0.3,c,2.4,
1007,1.8,0.01,1,10.0,0.0,947.5,95,0.0,1,0.0,1,35.78,0.0055,0.0,0.0,0,0,182,4,crash,ground,xpu_a90_greedy.csv,0.3,c,2.4,
1008,1.8,0.01,1,10.0,0.0,947.5,95,0.0,1,0.0,1,35.78,0.0055,0.0,0.0,0,0,185,4,crash,ground,xpu_a90_greedy.csv,0.3,c,2.4,
1009,1.8,0.01,1,10.0,0.0,947.5,95,0.0,1,0.0,1,35.78,0.0055,0.0,0.0,0,0,184,4,crash,ground,xpu_a90_greedy.csv,0.3,c,2.4,
1010,1.8,0.01,1,10.0,0.0,947.5,95,0.0,1,0.0,1,35.78,0.0055,0.0,0.0,0,0,183,4,crash,ground,xpu_a90_greedy.csv,0.3,c,2.4,
1011,1.8,0.01,1,10.0,0.0,947.5,95,0.0,1,0.0,1,35.78,0.0055,0.0,0.0,0,0,181,4,crash,ground,xpu_a90_greedy.csv,0.3,c,2.4,
1000,1.4,0.01,1,10.0,0.0,947.5,95,0.0,1,0.0,1,35.78,0.0055,0.0,0.0,0,0,188,4,crash,ground,xpu_a90_greedy.csv,0.3,c,2.4,
1001,1.4,0.01,1,10.0,0.0,947.5,95,0.0,1,0.0,1,35.78,0.0055,0.0,0.0,0,0,186,4,crash,ground,xpu_a90_greedy.csv,0.3,c,2.4,
1002,1.4,0.01,1,10.0,0.0,947.5,95,0.0,1,0.0,1,35.78,0.0055,0.0,0.0,0,0,187,4,crash,ground,xpu_a90_greedy.csv,0.3,c,2.4,
1003,1.4,0.01,1,10.0,0.0,947.5,95,0.0,1,0.0,1,35.78,0.0055,0.0,0.0,0,0,186,4,crash,ground,xpu_a90_greedy.csv,0.3,c,2.4,
1004,1.4,0.01,1,10.0,0.0,947.5,95,0.0,1,0.0,1,35.78,0.0055,0.0,0.0,0,0,185,4,crash,ground,xpu_a90_greedy.csv,0.3,c,2.4,
1005,1.4,0.01,1,10.0,0.0,947.5,95,0.0,1,0.0,1,35.78,0.0055,0.0,0.0,0,0,187,4,crash,ground,xpu_a90_greedy.csv,0.3,c,2.4,
1006,1.4,0.01,1,10.0,0.0,947.5,95,0.0,1,0.0,1,35.78,0.0055,0.0,0.0,0,0,187,4,crash,ground,xpu_a90_greedy.csv,0.3,c,2.4,
1007,1.4,0.01,1,10.0,0.0,947.5,95,0.0,1,0.0,1,35.78,0.0055,0.0,0.0,0,0,186,4,crash,ground,xpu_a90_greedy.csv,0.3,c,2.4,
1008,1.4,0.01,1,10.0,0.0,947.5,95,0.0,1,0.0,1,35.78,0.0055,0.0,0.0,0,0,187,4,crash,ground,xpu_a90_greedy.csv,0.3,c,2.4,
1009,1.4,0.01,1,10.0,0.0,947.5,95,0.0,1,0.0,1,35.78,0.0055,0.0,0.0,0,0,188,4,crash,ground,xpu_a90_greedy.csv,0.3,c,2.4,
1010,1.4,0.01,1,10.0,0.0,947.5,95,0.0,1,0.0,1,35.78,0.0055,0.0,0.0,0,0,187,4,crash,ground,xpu_a90_greedy.csv,0.3,c,2.4,
1011,1.4,0.01,1,10.0,0.0,947.5,95,0.0,1,0.0,1,35.78,0.0055,0.0,0.0,0,0,185,4,crash,ground,xpu_a90_greedy.csv,0.3,c,2.4,
1000,1.0,0.01,1,10.0,0.0,947.5,95,0.0,1,0.0,1,35.78,0.0055,0.0,0.0,0,0,192,4,crash,ground,xpu_a90_greedy.csv,0.3,c,2.4,
1001,1.0,0.01,1,10.0,0.0,947.5,95,0.0,1,0.0,1,35.78,0.0055,0.0,0.0,0,0,189,4,crash,ground,xpu_a90_greedy.csv,0.3,c,2.4,
1002,1.0,0.01,1,10.0,0.0,947.5,95,0.0,1,0.0,1,35.78,0.0055,0.0,0.0,0,0,193,4,crash,ground,xpu_a90_greedy.csv,0.3,c,2.4,
1003,1.0,0.01,1,10.0,0.0,947.5,95,0.0,1,0.0,1,35.78,0.0055,0.0,0.0,0,0,190,4,crash,ground,xpu_a90_greedy.csv,0.3,c,2.4,
1004,1.0,0.01,1,10.0,0.0,947.5,95,0.0,1,0.0,1,35.78,0.0055,0.0,0.0,0,0,189,4,crash,ground,xpu_a90_greedy.csv,0.3,c,2.4,
1005,1.0,0.01,1,10.0,0.0,947.5,95,0.0,1,0.0,1,35.78,0.0055,0.0,0.0,0,0,189,4,crash,ground,xpu_a90_greedy.csv,0.3,c,2.4,
1006,1.0,0.01,1,10.0,0.0,947.5,95,0.0,1,0.0,1,35.78,0.0055,0.0,0.0,0,0,190,4,crash,ground,xpu_a90_greedy.csv,0.3,c,2.4,
1007,1.0,0.01,1,10.0,0.0,947.5,95,0.0,1,0.0,1,35.78,0.0055,0.0,0.0,0,0,189,4,crash,ground,xpu_a90_greedy.csv,0.3,c,2.4,
1008,1.0,0.01,1,10.0,0.0,947.5,95,0.0,1,0.0,1,35.78,0.0055,0.0,0.0,0,0,192,4,crash,ground,xpu_a90_greedy.csv,0.3,c,2.4,
1009,1.0,0.01,1,10.0,0.0,947.5,95,0.0,1,0.0,1,35.78,0.0055,0.0,0.0,0,0,191,4,crash,ground,xpu_a90_greedy.csv,0.3,c,2.4,
1010,1.0,0.01,1,10.0,0.0,947.5,95,0.0,1,0.0,1,35.78,0.0055,0.0,0.0,0,0,189,4,crash,ground,xpu_a90_greedy.csv,0.3,c,2.4,
1011,1.0,0.01,1,10.0,0.0,947.5,95,0.0,1,0.0,1,35.78,0.0055,0.0,0.0,0,0,189,4,crash,ground,xpu_a90_greedy.csv,0.3,c,2.4,
1000,1.6,0.01,1,10.0,0.0,947.5,95,0.0,1,0.0,1,35.78,0.0055,0.0,0.0,0,0,187,4,crash,ground,xpu_a90_greedy.csv,0.3,c,2.4,
1001,1.6,0.01,1,10.0,0.0,947.5,95,0.0,1,0.0,1,35.78,0.0055,0.0,0.0,0,0,184,4,crash,ground,xpu_a90_greedy.csv,0.3,c,2.4,
1002,1.6,0.01,1,10.0,0.0,947.5,95,0.0,1,0.0,1,35.78,0.0055,0.0,0.0,0,0,188,4,crash,ground,xpu_a90_greedy.csv,0.3,c,2.4,
1003,1.6,0.01,1,10.0,0.0,947.5,95,0.0,1,0.0,1,35.78,0.0055,0.0,0.0,0,0,185,4,crash,ground,xpu_a90_greedy.csv,0.3,c,2.4,
1004,1.6,0.01,1,10.0,0.0,947.5,95,0.0,1,0.0,1,35.78,0.0055,0.0,0.0,0,0,184,4,crash,ground,xpu_a90_greedy.csv,0.3,c,2.4,
1005,1.6,0.01,1,10.0,0.0,947.5,95,0.0,1,0.0,1,35.78,0.0055,0.0,0.0,0,0,186,4,crash,ground,xpu_a90_greedy.csv,0.3,c,2.4,
1006,1.6,0.01,1,10.0,0.0,947.5,95,0.0,1,0.0,1,35.78,0.0055,0.0,0.0,0,0,185,4,crash,ground,xpu_a90_greedy.csv,0.3,c,2.4,
1007,1.6,0.01,1,10.0,0.0,947.5,95,0.0,1,0.0,1,35.78,0.0055,0.0,0.0,0,0,184,4,crash,ground,xpu_a90_greedy.csv,0.3,c,2.4,
1008,1.6,0.01,1,10.0,0.0,947.5,95,0.0,1,0.0,1,35.78,0.0055,0.0,0.0,0,0,187,4,crash,ground,xpu_a90_greedy.csv,0.3,c,2.4,
1009,1.6,0.01,1,10.0,0.0,947.5,95,0.0,1,0.0,1,35.78,0.0055,0.0,0.0,0,0,186,4,crash,ground,xpu_a90_greedy.csv,0.3,c,2.4,
1010,1.6,0.01,1,10.0,0.0,947.5,95,0.0,1,0.0,1,35.78,0.0055,0.0,0.0,0,0,185,4,crash,ground,xpu_a90_greedy.csv,0.3,c,2.4,
1011,1.6,0.01,1,10.0,0.0,947.5,95,0.0,1,0.0,1,35.78,0.0055,0.0,0.0,0,0,183,4,crash,ground,xpu_a90_greedy.csv,0.3,c,2.4,
1000,1.2,0.01,1,10.0,0.0,947.5,95,0.0,1,0.0,1,35.78,0.0055,0.0,0.0,0,0,190,4,crash,ground,xpu_a90_greedy.csv,0.3,c,2.4,
1001,1.2,0.01,1,10.0,0.0,947.5,95,0.0,1,0.0,1,35.78,0.0055,0.0,0.0,0,0,187,4,crash,ground,xpu_a90_greedy.csv,0.3,c,2.4,
1002,1.2,0.01,1,10.0,0.0,947.5,95,0.0,1,0.0,1,35.78,0.0055,0.0,0.0,0,0,190,4,crash,ground,xpu_a90_greedy.csv,0.3,c,2.4,
1003,1.2,0.01,1,10.0,0.0,947.5,95,0.0,1,0.0,1,35.78,0.0055,0.0,0.0,0,0,188,4,crash,ground,xpu_a90_greedy.csv,0.3,c,2.4,
1004,1.2,0.01,1,10.0,0.0,947.5,95,0.0,1,0.0,1,35.78,0.0055,0.0,0.0,0,0,187,4,crash,ground,xpu_a90_greedy.csv,0.3,c,2.4,
1005,1.2,0.01,1,10.0,0.0,947.5,95,0.0,1,0.0,1,35.78,0.0055,0.0,0.0,0,0,188,4,crash,ground,xpu_a90_greedy.csv,0.3,c,2.4,
1006,1.2,0.01,1,10.0,0.0,947.5,95,0.0,1,0.0,1,35.78,0.0055,0.0,0.0,0,0,188,4,crash,ground,xpu_a90_greedy.csv,0.3,c,2.4,
1007,1.2,0.01,1,10.0,0.0,947.5,95,0.0,1,0.0,1,35.78,0.0055,0.0,0.0,0,0,187,4,crash,ground,xpu_a90_greedy.csv,0.3,c,2.4,
1008,1.2,0.01,1,10.0,0.0,947.5,95,0.0,1,0.0,1,35.78,0.0055,0.0,0.0,0,0,190,4,crash,ground,xpu_a90_greedy.csv,0.3,c,2.4,
1009,1.2,0.01,1,10.0,0.0,947.5,95,0.0,1,0.0,1,35.78,0.0055,0.0,0.0,0,0,189,4,crash,ground,xpu_a90_greedy.csv,0.3,c,2.4,
1010,1.2,0.01,1,10.0,0.0,947.5,95,0.0,1,0.0,1,35.78,0.0055,0.0,0.0,0,0,188,4,crash,ground,xpu_a90_greedy.csv,0.3,c,2.4,
1011,1.2,0.01,1,10.0,0.0,947.5,95,0.0,1,0.0,1,35.78,0.0055,0.0,0.0,0,0,187,4,crash,ground,xpu_a90_greedy.csv,0.3,c,2.4,
1000,1.8,0.01,1,10.0,0.0,242.0,24,0.0,1,0.0,1,100.0,0.0055,0.0,0.0,0,1,236,4,crash,clip,ros_vanilla4tm45.csv,0.4,c,2.4,
1001,1.8,0.01,1,10.0,0.0,242.0,24,0.0,1,0.0,1,100.0,0.0055,0.0,0.0,0,0,257,4,crash,clip,ros_vanilla4tm45.csv,0.4,c,2.4,
1002,1.8,0.01,1,10.0,0.0,242.0,24,0.0,1,0.0,1,100.0,0.0055,0.0,0.0,0,2,473,4,crash,clip,ros_vanilla4tm45.csv,0.4,c,2.4,
1003,1.8,0.01,1,10.0,0.0,242.0,24,0.0,1,0.0,1,100.0,0.0055,0.0,0.0,0,2,480,4,crash,clip,ros_vanilla4tm45.csv,0.4,c,2.4,
1004,1.8,0.01,1,10.0,0.0,242.0,24,0.0,1,0.0,1,100.0,0.0055,0.0,0.0,0,1,301,4,crash,clip,ros_vanilla4tm45.csv,0.4,c,2.4,
1005,1.8,0.01,1,10.0,0.0,242.0,24,0.0,1,0.0,1,100.0,0.0055,0.0,0.0,0,1,466,4,crash,clip,ros_vanilla4tm45.csv,0.4,c,2.4,
1006,1.8,0.01,1,10.0,0.0,242.0,24,0.0,1,0.0,1,100.0,0.0055,0.0,0.0,0,0,243,4,crash,clip,ros_vanilla4tm45.csv,0.4,c,2.4,
1007,1.8,0.01,1,10.0,0.0,242.0,24,0.0,1,0.0,1,100.0,0.0055,0.0,0.0,0,2,473,4,crash,clip,ros_vanilla4tm45.csv,0.4,c,2.4,
1008,1.8,0.01,1,10.0,0.0,242.0,24,0.0,1,0.0,1,100.0,0.0055,0.0,0.0,0,0,264,4,crash,clip,ros_vanilla4tm45.csv,0.4,c,2.4,
1009,1.8,0.01,1,10.0,0.0,242.0,24,0.0,1,0.0,1,100.0,0.0055,0.0,0.0,0,2,441,4,crash,clip,ros_vanilla4tm45.csv,0.4,c,2.4,
1010,1.8,0.01,1,10.0,0.0,242.0,24,0.0,1,0.0,1,100.0,0.0055,0.0,0.0,0,3,732,4,crash,clip,ros_vanilla4tm45.csv,0.4,c,2.4,
1011,1.8,0.01,1,10.0,0.0,242.0,24,0.0,1,0.0,1,100.0,0.0055,0.0,0.0,0,1,242,4,crash,clip,ros_vanilla4tm45.csv,0.4,c,2.4,
1000,1.4,0.01,1,10.0,0.0,242.0,24,0.0,1,0.0,1,100.0,0.0055,0.0,0.0,0,1,292,4,crash,clip,ros_vanilla4tm45.csv,0.4,c,2.4,
1001,1.4,0.01,1,10.0,0.0,242.0,24,0.0,1,0.0,1,100.0,0.0055,0.0,0.0,0,2,468,4,crash,clip,ros_vanilla4tm45.csv,0.4,c,2.4,
1002,1.4,0.01,1,10.0,0.0,242.0,24,0.0,1,0.0,1,100.0,0.0055,0.0,0.0,0,1,196,4,crash,clip,ros_vanilla4tm45.csv,0.4,c,2.4,
1003,1.4,0.01,1,10.0,0.0,242.0,24,0.0,1,0.0,1,100.0,0.0055,0.0,0.0,0,1,428,4,crash,clip,ros_vanilla4tm45.csv,0.4,c,2.4,
1004,1.4,0.01,1,10.0,0.0,242.0,24,0.0,1,0.0,1,100.0,0.0055,0.0,0.0,0,2,469,4,crash,clip,ros_vanilla4tm45.csv,0.4,c,2.4,
1005,1.4,0.01,1,10.0,0.0,242.0,24,0.0,1,0.0,1,100.0,0.0055,0.0,0.0,0,1,488,4,crash,clip,ros_vanilla4tm45.csv,0.4,c,2.4,
1006,1.4,0.01,1,10.0,0.0,242.0,24,0.0,1,0.0,1,100.0,0.0055,0.0,0.0,0,2,507,4,crash,clip,ros_vanilla4tm45.csv,0.4,c,2.4,
1007,1.4,0.01,1,10.0,0.0,242.0,24,0.0,1,0.0,1,100.0,0.0055,0.0,0.0,0,1,339,4,crash,clip,ros_vanilla4tm45.csv,0.4,c,2.4,
1008,1.4,0.01,1,10.0,0.0,242.0,24,0.0,1,0.0,1,100.0,0.0055,0.0,0.0,0,0,229,4,crash,clip,ros_vanilla4tm45.csv,0.4,c,2.4,
1009,1.4,0.01,1,10.0,0.0,242.0,24,0.0,1,0.0,1,100.0,0.0055,0.0,0.0,0,2,436,4,crash,clip,ros_vanilla4tm45.csv,0.4,c,2.4,
1010,1.4,0.01,1,10.0,0.0,242.0,24,0.0,1,0.0,1,100.0,0.0055,0.0,0.0,0,2,585,4,crash,clip,ros_vanilla4tm45.csv,0.4,c,2.4,
1011,1.4,0.01,1,10.0,0.0,242.0,24,0.0,1,0.0,1,100.0,0.0055,0.0,0.0,0,1,334,4,crash,clip,ros_vanilla4tm45.csv,0.4,c,2.4,
1000,1.0,0.01,1,10.0,0.0,242.0,24,0.0,1,0.0,1,100.0,0.0055,0.0,0.0,0,3,1336,4,crash,clip,ros_vanilla4tm45.csv,0.4,c,2.4,
1001,1.0,0.01,1,10.0,0.0,242.0,24,0.0,1,0.0,1,100.0,0.0055,0.0,0.0,0,4,1381,4,success,,ros_vanilla4tm45.csv,0.4,c,2.4,
1002,1.0,0.01,1,10.0,0.0,242.0,24,0.0,1,0.0,1,100.0,0.0055,0.0,0.0,0,1,895,4,crash,clip,ros_vanilla4tm45.csv,0.4,c,2.4,
1003,1.0,0.01,1,10.0,0.0,242.0,24,0.0,1,0.0,1,100.0,0.0055,0.0,0.0,0,1,1408,4,crash,clip,ros_vanilla4tm45.csv,0.4,c,2.4,
1004,1.0,0.01,1,10.0,0.0,242.0,24,0.0,1,0.0,1,100.0,0.0055,0.0,0.0,0,2,919,4,crash,clip,ros_vanilla4tm45.csv,0.4,c,2.4,
1005,1.0,0.01,1,10.0,0.0,242.0,24,0.0,1,0.0,1,100.0,0.0055,0.0,0.0,0,1,445,4,crash,clip,ros_vanilla4tm45.csv,0.4,c,2.4,
1006,1.0,0.01,1,10.0,0.0,242.0,24,0.0,1,0.0,1,100.0,0.0055,0.0,0.0,0,1,495,4,crash,clip,ros_vanilla4tm45.csv,0.4,c,2.4,
1007,1.0,0.01,1,10.0,0.0,242.0,24,0.0,1,0.0,1,100.0,0.0055,0.0,0.0,0,2,693,4,crash,clip,ros_vanilla4tm45.csv,0.4,c,2.4,
1008,1.0,0.01,1,10.0,0.0,242.0,24,0.0,1,0.0,1,100.0,0.0055,0.0,0.0,0,2,626,4,crash,clip,ros_vanilla4tm45.csv,0.4,c,2.4,
1009,1.0,0.01,1,10.0,0.0,242.0,24,0.0,1,0.0,1,100.0,0.0055,0.0,0.0,0,1,432,4,crash,clip,ros_vanilla4tm45.csv,0.4,c,2.4,
1010,1.0,0.01,1,10.0,0.0,242.0,24,0.0,1,0.0,1,100.0,0.0055,0.0,0.0,0,3,1214,4,crash,clip,ros_vanilla4tm45.csv,0.4,c,2.4,
1011,1.0,0.01,1,10.0,0.0,242.0,24,0.0,1,0.0,1,100.0,0.0055,0.0,0.0,0,3,1358,4,crash,clip,ros_vanilla4tm45.csv,0.4,c,2.4,
1000,1.6,0.01,1,10.0,0.0,242.0,24,0.0,1,0.0,1,100.0,0.0055,0.0,0.0,0,4,870,4,success,,ros_vanilla4tm45.csv,0.4,c,2.4,
1001,1.6,0.01,1,10.0,0.0,242.0,24,0.0,1,0.0,1,100.0,0.0055,0.0,0.0,0,0,115,4,crash,clip,ros_vanilla4tm45.csv,0.4,c,2.4,
1002,1.6,0.01,1,10.0,0.0,242.0,24,0.0,1,0.0,1,100.0,0.0055,0.0,0.0,0,1,214,4,crash,clip,ros_vanilla4tm45.csv,0.4,c,2.4,
1003,1.6,0.01,1,10.0,0.0,242.0,24,0.0,1,0.0,1,100.0,0.0055,0.0,0.0,0,1,302,4,crash,clip,ros_vanilla4tm45.csv,0.4,c,2.4,
1004,1.6,0.01,1,10.0,0.0,242.0,24,0.0,1,0.0,1,100.0,0.0055,0.0,0.0,0,2,537,4,crash,clip,ros_vanilla4tm45.csv,0.4,c,2.4,
1005,1.6,0.01,1,10.0,0.0,242.0,24,0.0,1,0.0,1,100.0,0.0055,0.0,0.0,0,0,228,4,crash,clip,ros_vanilla4tm45.csv,0.4,c,2.4,
1006,1.6,0.01,1,10.0,0.0,242.0,24,0.0,1,0.0,1,100.0,0.0055,0.0,0.0,0,4,893,4,success,,ros_vanilla4tm45.csv,0.4,c,2.4,
1007,1.6,0.01,1,10.0,0.0,242.0,24,0.0,1,0.0,1,100.0,0.0055,0.0,0.0,0,4,872,4,success,,ros_vanilla4tm45.csv,0.4,c,2.4,
1008,1.6,0.01,1,10.0,0.0,242.0,24,0.0,1,0.0,1,100.0,0.0055,0.0,0.0,0,1,144,4,crash,clip,ros_vanilla4tm45.csv,0.4,c,2.4,
1009,1.6,0.01,1,10.0,0.0,242.0,24,0.0,1,0.0,1,100.0,0.0055,0.0,0.0,0,2,535,4,crash,clip,ros_vanilla4tm45.csv,0.4,c,2.4,
1010,1.6,0.01,1,10.0,0.0,242.0,24,0.0,1,0.0,1,100.0,0.0055,0.0,0.0,0,2,522,4,crash,clip,ros_vanilla4tm45.csv,0.4,c,2.4,
1011,1.6,0.01,1,10.0,0.0,242.0,24,0.0,1,0.0,1,100.0,0.0055,0.0,0.0,0,1,294,4,crash,clip,ros_vanilla4tm45.csv,0.4,c,2.4,
1000,1.2,0.01,1,10.0,0.0,242.0,24,0.0,1,0.0,1,100.0,0.0055,0.0,0.0,0,1,353,4,crash,clip,ros_vanilla4tm45.csv,0.4,c,2.4,
1001,1.2,0.01,1,10.0,0.0,242.0,24,0.0,1,0.0,1,100.0,0.0055,0.0,0.0,0,0,205,4,crash,clip,ros_vanilla4tm45.csv,0.4,c,2.4,
1002,1.2,0.01,1,10.0,0.0,242.0,24,0.0,1,0.0,1,100.0,0.0055,0.0,0.0,0,2,657,4,crash,clip,ros_vanilla4tm45.csv,0.4,c,2.4,
1003,1.2,0.01,1,10.0,0.0,242.0,24,0.0,1,0.0,1,100.0,0.0055,0.0,0.0,0,2,1075,4,crash,clip,ros_vanilla4tm45.csv,0.4,c,2.4,
1004,1.2,0.01,1,10.0,0.0,242.0,24,0.0,1,0.0,1,100.0,0.0055,0.0,0.0,0,2,520,4,crash,clip,ros_vanilla4tm45.csv,0.4,c,2.4,
1005,1.2,0.01,1,10.0,0.0,242.0,24,0.0,1,0.0,1,100.0,0.0055,0.0,0.0,0,2,720,4,crash,clip,ros_vanilla4tm45.csv,0.4,c,2.4,
1006,1.2,0.01,1,10.0,0.0,242.0,24,0.0,1,0.0,1,100.0,0.0055,0.0,0.0,0,1,697,4,crash,clip,ros_vanilla4tm45.csv,0.4,c,2.4,
1007,1.2,0.01,1,10.0,0.0,242.0,24,0.0,1,0.0,1,100.0,0.0055,0.0,0.0,0,4,1145,4,success,,ros_vanilla4tm45.csv,0.4,c,2.4,
1008,1.2,0.01,1,10.0,0.0,242.0,24,0.0,1,0.0,1,100.0,0.0055,0.0,0.0,0,2,576,4,crash,clip,ros_vanilla4tm45.csv,0.4,c,2.4,
1009,1.2,0.01,1,10.0,0.0,242.0,24,0.0,1,0.0,1,100.0,0.0055,0.0,0.0,0,1,570,4,crash,clip,ros_vanilla4tm45.csv,0.4,c,2.4,
1010,1.2,0.01,1,10.0,0.0,242.0,24,0.0,1,0.0,1,100.0,0.0055,0.0,0.0,0,2,732,4,crash,clip,ros_vanilla4tm45.csv,0.4,c,2.4,
1011,1.2,0.01,1,10.0,0.0,242.0,24,0.0,1,0.0,1,100.0,0.0055,0.0,0.0,0,1,372,4,crash,clip,ros_vanilla4tm45.csv,0.4,c,2.4,
1000,1.8,0.01,1,10.0,0.0,55.8,6,0.0,1,0.0,1,100.0,0.0055,0.0,0.0,0,1,246,4,crash,clip,ros_p345.csv,0.4,c,2.4,
1001,1.8,0.01,1,10.0,0.0,55.8,6,0.0,1,0.0,1,100.0,0.0055,0.0,0.0,0,0,264,4,crash,clip,ros_p345.csv,0.4,c,2.4,
1002,1.8,0.01,1,10.0,0.0,55.8,6,0.0,1,0.0,1,100.0,0.0055,0.0,0.0,0,1,179,4,crash,clip,ros_p345.csv,0.4,c,2.4,
1003,1.8,0.01,1,10.0,0.0,55.8,6,0.0,1,0.0,1,100.0,0.0055,0.0,0.0,0,1,380,4,crash,clip,ros_p345.csv,0.4,c,2.4,
1004,1.8,0.01,1,10.0,0.0,55.8,6,0.0,1,0.0,1,100.0,0.0055,0.0,0.0,0,2,399,4,crash,clip,ros_p345.csv,0.4,c,2.4,
1005,1.8,0.01,1,10.0,0.0,55.8,6,0.0,1,0.0,1,100.0,0.0055,0.0,0.0,0,2,378,4,crash,clip,ros_p345.csv,0.4,c,2.4,
1006,1.8,0.01,1,10.0,0.0,55.8,6,0.0,1,0.0,1,100.0,0.0055,0.0,0.0,0,3,605,4,crash,clip,ros_p345.csv,0.4,c,2.4,
1007,1.8,0.01,1,10.0,0.0,55.8,6,0.0,1,0.0,1,100.0,0.0055,0.0,0.0,0,2,507,4,crash,clip,ros_p345.csv,0.4,c,2.4,
1008,1.8,0.01,1,10.0,0.0,55.8,6,0.0,1,0.0,1,100.0,0.0055,0.0,0.0,0,1,232,4,crash,clip,ros_p345.csv,0.4,c,2.4,
1009,1.8,0.01,1,10.0,0.0,55.8,6,0.0,1,0.0,1,100.0,0.0055,0.0,0.0,0,4,747,4,success,,ros_p345.csv,0.4,c,2.4,
1010,1.8,0.01,1,10.0,0.0,55.8,6,0.0,1,0.0,1,100.0,0.0055,0.0,0.0,0,1,240,4,crash,clip,ros_p345.csv,0.4,c,2.4,
1011,1.8,0.01,1,10.0,0.0,55.8,6,0.0,1,0.0,1,100.0,0.0055,0.0,0.0,0,1,301,4,crash,clip,ros_p345.csv,0.4,c,2.4,
1000,1.4,0.01,1,10.0,0.0,55.8,6,0.0,1,0.0,1,100.0,0.0055,0.0,0.0,0,1,300,4,crash,clip,ros_p345.csv,0.4,c,2.4,
1001,1.4,0.01,1,10.0,0.0,55.8,6,0.0,1,0.0,1,100.0,0.0055,0.0,0.0,0,2,469,4,crash,clip,ros_p345.csv,0.4,c,2.4,
1002,1.4,0.01,1,10.0,0.0,55.8,6,0.0,1,0.0,1,100.0,0.0055,0.0,0.0,0,1,339,4,crash,clip,ros_p345.csv,0.4,c,2.4,
1003,1.4,0.01,1,10.0,0.0,55.8,6,0.0,1,0.0,1,100.0,0.0055,0.0,0.0,0,4,1003,4,success,,ros_p345.csv,0.4,c,2.4,
1004,1.4,0.01,1,10.0,0.0,55.8,6,0.0,1,0.0,1,100.0,0.0055,0.0,0.0,0,2,474,4,crash,clip,ros_p345.csv,0.4,c,2.4,
1005,1.4,0.01,1,10.0,0.0,55.8,6,0.0,1,0.0,1,100.0,0.0055,0.0,0.0,0,1,353,4,crash,clip,ros_p345.csv,0.4,c,2.4,
1006,1.4,0.01,1,10.0,0.0,55.8,6,0.0,1,0.0,1,100.0,0.0055,0.0,0.0,0,2,517,4,crash,clip,ros_p345.csv,0.4,c,2.4,
1007,1.4,0.01,1,10.0,0.0,55.8,6,0.0,1,0.0,1,100.0,0.0055,0.0,0.0,0,2,529,4,crash,clip,ros_p345.csv,0.4,c,2.4,
1008,1.4,0.01,1,10.0,0.0,55.8,6,0.0,1,0.0,1,100.0,0.0055,0.0,0.0,0,1,275,4,crash,clip,ros_p345.csv,0.4,c,2.4,
1009,1.4,0.01,1,10.0,0.0,55.8,6,0.0,1,0.0,1,100.0,0.0055,0.0,0.0,0,2,597,4,crash,clip,ros_p345.csv,0.4,c,2.4,
1010,1.4,0.01,1,10.0,0.0,55.8,6,0.0,1,0.0,1,100.0,0.0055,0.0,0.0,0,1,337,4,crash,clip,ros_p345.csv,0.4,c,2.4,
1011,1.4,0.01,1,10.0,0.0,55.8,6,0.0,1,0.0,1,100.0,0.0055,0.0,0.0,0,1,348,4,crash,clip,ros_p345.csv,0.4,c,2.4,
1000,1.0,0.01,1,10.0,0.0,55.8,6,0.0,1,0.0,1,100.0,0.0055,0.0,0.0,0,4,1397,4,success,,ros_p345.csv,0.4,c,2.4,
1001,1.0,0.01,1,10.0,0.0,55.8,6,0.0,1,0.0,1,100.0,0.0055,0.0,0.0,0,1,396,4,crash,clip,ros_p345.csv,0.4,c,2.4,
1002,1.0,0.01,1,10.0,0.0,55.8,6,0.0,1,0.0,1,100.0,0.0055,0.0,0.0,0,2,724,4,crash,clip,ros_p345.csv,0.4,c,2.4,
1003,1.0,0.01,1,10.0,0.0,55.8,6,0.0,1,0.0,1,100.0,0.0055,0.0,0.0,0,1,428,4,crash,clip,ros_p345.csv,0.4,c,2.4,
1004,1.0,0.01,1,10.0,0.0,55.8,6,0.0,1,0.0,1,100.0,0.0055,0.0,0.0,0,4,1404,4,success,,ros_p345.csv,0.4,c,2.4,
1005,1.0,0.01,1,10.0,0.0,55.8,6,0.0,1,0.0,1,100.0,0.0055,0.0,0.0,0,4,1524,4,success,,ros_p345.csv,0.4,c,2.4,
1006,1.0,0.01,1,10.0,0.0,55.8,6,0.0,1,0.0,1,100.0,0.0055,0.0,0.0,0,2,1132,4,crash,clip,ros_p345.csv,0.4,c,2.4,
1007,1.0,0.01,1,10.0,0.0,55.8,6,0.0,1,0.0,1,100.0,0.0055,0.0,0.0,0,2,1535,4,crash,clip,ros_p345.csv,0.4,c,2.4,
1008,1.0,0.01,1,10.0,0.0,55.8,6,0.0,1,0.0,1,100.0,0.0055,0.0,0.0,0,2,626,4,crash,clip,ros_p345.csv,0.4,c,2.4,
1009,1.0,0.01,1,10.0,0.0,55.8,6,0.0,1,0.0,1,100.0,0.0055,0.0,0.0,0,2,1160,4,crash,clip,ros_p345.csv,0.4,c,2.4,
1010,1.0,0.01,1,10.0,0.0,55.8,6,0.0,1,0.0,1,100.0,0.0055,0.0,0.0,0,2,750,4,crash,clip,ros_p345.csv,0.4,c,2.4,
1011,1.0,0.01,1,10.0,0.0,55.8,6,0.0,1,0.0,1,100.0,0.0055,0.0,0.0,0,1,680,4,crash,clip,ros_p345.csv,0.4,c,2.4,
1000,1.6,0.01,1,10.0,0.0,55.8,6,0.0,1,0.0,1,100.0,0.0055,0.0,0.0,0,1,274,4,crash,clip,ros_p345.csv,0.4,c,2.4,
1001,1.6,0.01,1,10.0,0.0,55.8,6,0.0,1,0.0,1,100.0,0.0055,0.0,0.0,0,0,280,4,crash,clip,ros_p345.csv,0.4,c,2.4,
1002,1.6,0.01,1,10.0,0.0,55.8,6,0.0,1,0.0,1,100.0,0.0055,0.0,0.0,0,0,540,4,crash,clip,ros_p345.csv,0.4,c,2.4,
1003,1.6,0.01,1,10.0,0.0,55.8,6,0.0,1,0.0,1,100.0,0.0055,0.0,0.0,0,4,886,4,success,,ros_p345.csv,0.4,c,2.4,
1004,1.6,0.01,1,10.0,0.0,55.8,6,0.0,1,0.0,1,100.0,0.0055,0.0,0.0,0,1,394,4,crash,clip,ros_p345.csv,0.4,c,2.4,
1005,1.6,0.01,1,10.0,0.0,55.8,6,0.0,1,0.0,1,100.0,0.0055,0.0,0.0,0,2,419,4,crash,clip,ros_p345.csv,0.4,c,2.4,
1006,1.6,0.01,1,10.0,0.0,55.8,6,0.0,1,0.0,1,100.0,0.0055,0.0,0.0,0,1,198,4,crash,clip,ros_p345.csv,0.4,c,2.4,
1007,1.6,0.01,1,10.0,0.0,55.8,6,0.0,1,0.0,1,100.0,0.0055,0.0,0.0,0,2,445,4,crash,clip,ros_p345.csv,0.4,c,2.4,
1008,1.6,0.01,1,10.0,0.0,55.8,6,0.0,1,0.0,1,100.0,0.0055,0.0,0.0,0,2,339,4,crash,clip,ros_p345.csv,0.4,c,2.4,
1009,1.6,0.01,1,10.0,0.0,55.8,6,0.0,1,0.0,1,100.0,0.0055,0.0,0.0,0,2,386,4,crash,clip,ros_p345.csv,0.4,c,2.4,
1010,1.6,0.01,1,10.0,0.0,55.8,6,0.0,1,0.0,1,100.0,0.0055,0.0,0.0,0,2,499,4,crash,clip,ros_p345.csv,0.4,c,2.4,
1011,1.6,0.01,1,10.0,0.0,55.8,6,0.0,1,0.0,1,100.0,0.0055,0.0,0.0,0,2,759,4,crash,clip,ros_p345.csv,0.4,c,2.4,
1000,1.2,0.01,1,10.0,0.0,55.8,6,0.0,1,0.0,1,100.0,0.0055,0.0,0.0,0,4,1138,4,success,,ros_p345.csv,0.4,c,2.4,
1001,1.2,0.01,1,10.0,0.0,55.8,6,0.0,1,0.0,1,100.0,0.0055,0.0,0.0,0,4,1129,4,success,,ros_p345.csv,0.4,c,2.4,
1002,1.2,0.01,1,10.0,0.0,55.8,6,0.0,1,0.0,1,100.0,0.0055,0.0,0.0,0,1,344,4,crash,clip,ros_p345.csv,0.4,c,2.4,
1003,1.2,0.01,1,10.0,0.0,55.8,6,0.0,1,0.0,1,100.0,0.0055,0.0,0.0,0,1,420,4,crash,clip,ros_p345.csv,0.4,c,2.4,
1004,1.2,0.01,1,10.0,0.0,55.8,6,0.0,1,0.0,1,100.0,0.0055,0.0,0.0,0,2,521,4,crash,clip,ros_p345.csv,0.4,c,2.4,
1005,1.2,0.01,1,10.0,0.0,55.8,6,0.0,1,0.0,1,100.0,0.0055,0.0,0.0,0,4,1151,4,success,,ros_p345.csv,0.4,c,2.4,
1006,1.2,0.01,1,10.0,0.0,55.8,6,0.0,1,0.0,1,100.0,0.0055,0.0,0.0,0,3,1070,4,crash,clip,ros_p345.csv,0.4,c,2.4,
1007,1.2,0.01,1,10.0,0.0,55.8,6,0.0,1,0.0,1,100.0,0.0055,0.0,0.0,0,4,1169,4,success,,ros_p345.csv,0.4,c,2.4,
1008,1.2,0.01,1,10.0,0.0,55.8,6,0.0,1,0.0,1,100.0,0.0055,0.0,0.0,0,2,701,4,crash,clip,ros_p345.csv,0.4,c,2.4,
1009,1.2,0.01,1,10.0,0.0,55.8,6,0.0,1,0.0,1,100.0,0.0055,0.0,0.0,0,4,1093,4,success,,ros_p345.csv,0.4,c,2.4,
1010,1.2,0.01,1,10.0,0.0,55.8,6,0.0,1,0.0,1,100.0,0.0055,0.0,0.0,0,3,1087,4,crash,clip,ros_p345.csv,0.4,c,2.4,
1011,1.2,0.01,1,10.0,0.0,55.8,6,0.0,1,0.0,1,100.0,0.0055,0.0,0.0,0,1,373,4,crash,clip,ros_p345.csv,0.4,c,2.4,
1000,1.8,0.01,1,10.0,0.0,31.1,3,0.0,1,0.0,1,100.0,0.0055,0.0,0.0,0,1,242,4,crash,clip,ros_p3_q145.csv,0.4,c,2.4,
1001,1.8,0.01,1,10.0,0.0,31.1,3,0.0,1,0.0,1,100.0,0.0055,0.0,0.0,0,1,148,4,crash,clip,ros_p3_q145.csv,0.4,c,2.4,
1002,1.8,0.01,1,10.0,0.0,31.1,3,0.0,1,0.0,1,100.0,0.0055,0.0,0.0,0,1,180,4,crash,clip,ros_p3_q145.csv,0.4,c,2.4,
1003,1.8,0.01,1,10.0,0.0,31.1,3,0.0,1,0.0,1,100.0,0.0055,0.0,0.0,0,1,379,4,crash,clip,ros_p3_q145.csv,0.4,c,2.4,
1004,1.8,0.01,1,10.0,0.0,31.1,3,0.0,1,0.0,1,100.0,0.0055,0.0,0.0,0,1,279,4,crash,clip,ros_p3_q145.csv,0.4,c,2.4,
1005,1.8,0.01,1,10.0,0.0,31.1,3,0.0,1,0.0,1,100.0,0.0055,0.0,0.0,0,2,502,4,crash,clip,ros_p3_q145.csv,0.4,c,2.4,
1006,1.8,0.01,1,10.0,0.0,31.1,3,0.0,1,0.0,1,100.0,0.0055,0.0,0.0,0,1,258,4,crash,clip,ros_p3_q145.csv,0.4,c,2.4,
1007,1.8,0.01,1,10.0,0.0,31.1,3,0.0,1,0.0,1,100.0,0.0055,0.0,0.0,0,2,493,4,crash,clip,ros_p3_q145.csv,0.4,c,2.4,
1008,1.8,0.01,1,10.0,0.0,31.1,3,0.0,1,0.0,1,100.0,0.0055,0.0,0.0,0,2,431,4,crash,clip,ros_p3_q145.csv,0.4,c,2.4,
1009,1.8,0.01,1,10.0,0.0,31.1,3,0.0,1,0.0,1,100.0,0.0055,0.0,0.0,0,4,745,4,success,,ros_p3_q145.csv,0.4,c,2.4,
1010,1.8,0.01,1,10.0,0.0,31.1,3,0.0,1,0.0,1,100.0,0.0055,0.0,0.0,0,1,319,4,crash,clip,ros_p3_q145.csv,0.4,c,2.4,
1011,1.8,0.01,1,10.0,0.0,31.1,3,0.0,1,0.0,1,100.0,0.0055,0.0,0.0,0,1,269,4,crash,clip,ros_p3_q145.csv,0.4,c,2.4,
1000,1.4,0.01,1,10.0,0.0,31.1,3,0.0,1,0.0,1,100.0,0.0055,0.0,0.0,0,1,299,4,crash,clip,ros_p3_q145.csv,0.4,c,2.4,
1001,1.4,0.01,1,10.0,0.0,31.1,3,0.0,1,0.0,1,100.0,0.0055,0.0,0.0,0,2,581,4,crash,clip,ros_p3_q145.csv,0.4,c,2.4,
1002,1.4,0.01,1,10.0,0.0,31.1,3,0.0,1,0.0,1,100.0,0.0055,0.0,0.0,0,1,576,4,crash,clip,ros_p3_q145.csv,0.4,c,2.4,
1003,1.4,0.01,1,10.0,0.0,31.1,3,0.0,1,0.0,1,100.0,0.0055,0.0,0.0,0,2,522,4,crash,clip,ros_p3_q145.csv,0.4,c,2.4,
1004,1.4,0.01,1,10.0,0.0,31.1,3,0.0,1,0.0,1,100.0,0.0055,0.0,0.0,0,2,475,4,crash,clip,ros_p3_q145.csv,0.4,c,2.4,
1005,1.4,0.01,1,10.0,0.0,31.1,3,0.0,1,0.0,1,100.0,0.0055,0.0,0.0,0,1,343,4,crash,clip,ros_p3_q145.csv,0.4,c,2.4,
1006,1.4,0.01,1,10.0,0.0,31.1,3,0.0,1,0.0,1,100.0,0.0055,0.0,0.0,0,2,650,4,crash,clip,ros_p3_q145.csv,0.4,c,2.4,
1007,1.4,0.01,1,10.0,0.0,31.1,3,0.0,1,0.0,1,100.0,0.0055,0.0,0.0,0,1,1574,4,crash,clip,ros_p3_q145.csv,0.4,c,2.4,
1008,1.4,0.01,1,10.0,0.0,31.1,3,0.0,1,0.0,1,100.0,0.0055,0.0,0.0,0,2,514,4,crash,clip,ros_p3_q145.csv,0.4,c,2.4,
1009,1.4,0.01,1,10.0,0.0,31.1,3,0.0,1,0.0,1,100.0,0.0055,0.0,0.0,0,1,309,4,crash,clip,ros_p3_q145.csv,0.4,c,2.4,
1010,1.4,0.01,1,10.0,0.0,31.1,3,0.0,1,0.0,1,100.0,0.0055,0.0,0.0,0,1,223,4,crash,clip,ros_p3_q145.csv,0.4,c,2.4,
1011,1.4,0.01,1,10.0,0.0,31.1,3,0.0,1,0.0,1,100.0,0.0055,0.0,0.0,0,3,754,4,crash,clip,ros_p3_q145.csv,0.4,c,2.4,
1000,1.0,0.01,1,10.0,0.0,31.1,3,0.0,1,0.0,1,100.0,0.0055,0.0,0.0,0,3,1077,4,crash,clip,ros_p3_q145.csv,0.4,c,2.4,
1001,1.0,0.01,1,10.0,0.0,31.1,3,0.0,1,0.0,1,100.0,0.0055,0.0,0.0,0,4,1375,4,success,,ros_p3_q145.csv,0.4,c,2.4,
1002,1.0,0.01,1,10.0,0.0,31.1,3,0.0,1,0.0,1,100.0,0.0055,0.0,0.0,0,1,705,4,crash,clip,ros_p3_q145.csv,0.4,c,2.4,
1003,1.0,0.01,1,10.0,0.0,31.1,3,0.0,1,0.0,1,100.0,0.0055,0.0,0.0,0,2,745,4,crash,clip,ros_p3_q145.csv,0.4,c,2.4,
1004,1.0,0.01,1,10.0,0.0,31.1,3,0.0,1,0.0,1,100.0,0.0055,0.0,0.0,0,1,522,4,crash,clip,ros_p3_q145.csv,0.4,c,2.4,
1005,1.0,0.01,1,10.0,0.0,31.1,3,0.0,1,0.0,1,100.0,0.0055,0.0,0.0,0,2,1591,4,crash,clip,ros_p3_q145.csv,0.4,c,2.4,
1006,1.0,0.01,1,10.0,0.0,31.1,3,0.0,1,0.0,1,100.0,0.0055,0.0,0.0,0,1,1000,4,crash,clip,ros_p3_q145.csv,0.4,c,2.4,
1007,1.0,0.01,1,10.0,0.0,31.1,3,0.0,1,0.0,1,100.0,0.0055,0.0,0.0,0,2,811,4,crash,clip,ros_p3_q145.csv,0.4,c,2.4,
1008,1.0,0.01,1,10.0,0.0,31.1,3,0.0,1,0.0,1,100.0,0.0055,0.0,0.0,0,2,1800,4,timeout,,ros_p3_q145.csv,0.4,c,2.4,
1009,1.0,0.01,1,10.0,0.0,31.1,3,0.0,1,0.0,1,100.0,0.0055,0.0,0.0,0,3,1034,4,crash,clip,ros_p3_q145.csv,0.4,c,2.4,
1010,1.0,0.01,1,10.0,0.0,31.1,3,0.0,1,0.0,1,100.0,0.0055,0.0,0.0,0,1,421,4,crash,clip,ros_p3_q145.csv,0.4,c,2.4,
1011,1.0,0.01,1,10.0,0.0,31.1,3,0.0,1,0.0,1,100.0,0.0055,0.0,0.0,0,2,1330,4,crash,clip,ros_p3_q145.csv,0.4,c,2.4,
1000,1.6,0.01,1,10.0,0.0,31.1,3,0.0,1,0.0,1,100.0,0.0055,0.0,0.0,0,1,268,4,crash,clip,ros_p3_q145.csv,0.4,c,2.4,
1001,1.6,0.01,1,10.0,0.0,31.1,3,0.0,1,0.0,1,100.0,0.0055,0.0,0.0,0,1,162,4,crash,clip,ros_p3_q145.csv,0.4,c,2.4,
1002,1.6,0.01,1,10.0,0.0,31.1,3,0.0,1,0.0,1,100.0,0.0055,0.0,0.0,0,2,529,4,crash,clip,ros_p3_q145.csv,0.4,c,2.4,
1003,1.6,0.01,1,10.0,0.0,31.1,3,0.0,1,0.0,1,100.0,0.0055,0.0,0.0,0,4,882,4,success,,ros_p3_q145.csv,0.4,c,2.4,
1004,1.6,0.01,1,10.0,0.0,31.1,3,0.0,1,0.0,1,100.0,0.0055,0.0,0.0,0,2,575,4,crash,clip,ros_p3_q145.csv,0.4,c,2.4,
1005,1.6,0.01,1,10.0,0.0,31.1,3,0.0,1,0.0,1,100.0,0.0055,0.0,0.0,0,3,743,4,crash,clip,ros_p3_q145.csv,0.4,c,2.4,
1006,1.6,0.01,1,10.0,0.0,31.1,3,0.0,1,0.0,1,100.0,0.0055,0.0,0.0,0,2,647,4,crash,clip,ros_p3_q145.csv,0.4,c,2.4,
1007,1.6,0.01,1,10.0,0.0,31.1,3,0.0,1,0.0,1,100.0,0.0055,0.0,0.0,0,3,757,4,crash,clip,ros_p3_q145.csv,0.4,c,2.4,
1008,1.6,0.01,1,10.0,0.0,31.1,3,0.0,1,0.0,1,100.0,0.0055,0.0,0.0,0,3,759,4,crash,clip,ros_p3_q145.csv,0.4,c,2.4,
1009,1.6,0.01,1,10.0,0.0,31.1,3,0.0,1,0.0,1,100.0,0.0055,0.0,0.0,0,1,285,4,crash,clip,ros_p3_q145.csv,0.4,c,2.4,
1010,1.6,0.01,1,10.0,0.0,31.1,3,0.0,1,0.0,1,100.0,0.0055,0.0,0.0,0,4,853,4,success,,ros_p3_q145.csv,0.4,c,2.4,
1011,1.6,0.01,1,10.0,0.0,31.1,3,0.0,1,0.0,1,100.0,0.0055,0.0,0.0,0,1,320,4,crash,clip,ros_p3_q145.csv,0.4,c,2.4,
1000,1.2,0.01,1,10.0,0.0,31.1,3,0.0,1,0.0,1,100.0,0.0055,0.0,0.0,0,4,1184,4,success,,ros_p3_q145.csv,0.4,c,2.4,
1001,1.2,0.01,1,10.0,0.0,31.1,3,0.0,1,0.0,1,100.0,0.0055,0.0,0.0,0,3,1439,4,crash,clip,ros_p3_q145.csv,0.4,c,2.4,
1002,1.2,0.01,1,10.0,0.0,31.1,3,0.0,1,0.0,1,100.0,0.0055,0.0,0.0,0,1,341,4,crash,clip,ros_p3_q145.csv,0.4,c,2.4,
1003,1.2,0.01,1,10.0,0.0,31.1,3,0.0,1,0.0,1,100.0,0.0055,0.0,0.0,0,1,383,4,crash,clip,ros_p3_q145.csv,0.4,c,2.4,
1004,1.2,0.01,1,10.0,0.0,31.1,3,0.0,1,0.0,1,100.0,0.0055,0.0,0.0,0,2,831,4,crash,clip,ros_p3_q145.csv,0.4,c,2.4,
1005,1.2,0.01,1,10.0,0.0,31.1,3,0.0,1,0.0,1,100.0,0.0055,0.0,0.0,0,1,392,4,crash,clip,ros_p3_q145.csv,0.4,c,2.4,
1006,1.2,0.01,1,10.0,0.0,31.1,3,0.0,1,0.0,1,100.0,0.0055,0.0,0.0,0,1,490,4,crash,clip,ros_p3_q145.csv,0.4,c,2.4,
1007,1.2,0.01,1,10.0,0.0,31.1,3,0.0,1,0.0,1,100.0,0.0055,0.0,0.0,0,4,1148,4,success,,ros_p3_q145.csv,0.4,c,2.4,
1008,1.2,0.01,1,10.0,0.0,31.1,3,0.0,1,0.0,1,100.0,0.0055,0.0,0.0,0,1,426,4,crash,clip,ros_p3_q145.csv,0.4,c,2.4,
1009,1.2,0.01,1,10.0,0.0,31.1,3,0.0,1,0.0,1,100.0,0.0055,0.0,0.0,0,1,313,4,crash,clip,ros_p3_q145.csv,0.4,c,2.4,
1010,1.2,0.01,1,10.0,0.0,31.1,3,0.0,1,0.0,1,100.0,0.0055,0.0,0.0,0,1,357,4,crash,clip,ros_p3_q145.csv,0.4,c,2.4,
1011,1.2,0.01,1,10.0,0.0,31.1,3,0.0,1,0.0,1,100.0,0.0055,0.0,0.0,0,4,1141,4,success,,ros_p3_q145.csv,0.4,c,2.4,
1000,1.8,0.01,1,10.0,0.0,56.8,6,0.0,1,0.0,1,96.24,0.0055,0.0,0.0,0,1,246,4,crash,clip,xpu_a_cpsat_hard.csv,0.4,c,2.4,
1001,1.8,0.01,1,10.0,0.0,56.8,6,0.0,1,0.0,1,96.24,0.0055,0.0,0.0,0,0,189,4,crash,clip,xpu_a_cpsat_hard.csv,0.4,c,2.4,
1002,1.8,0.01,1,10.0,0.0,56.8,6,0.0,1,0.0,1,96.24,0.0055,0.0,0.0,0,3,728,4,crash,clip,xpu_a_cpsat_hard.csv,0.4,c,2.4,
1003,1.8,0.01,1,10.0,0.0,56.8,6,0.0,1,0.0,1,96.24,0.0055,0.0,0.0,0,4,793,4,success,,xpu_a_cpsat_hard.csv,0.4,c,2.4,
1004,1.8,0.01,1,10.0,0.0,56.8,6,0.0,1,0.0,1,96.24,0.0055,0.0,0.0,0,2,489,4,crash,clip,xpu_a_cpsat_hard.csv,0.4,c,2.4,
1005,1.8,0.01,1,10.0,0.0,56.8,6,0.0,1,0.0,1,96.24,0.0055,0.0,0.0,0,0,191,4,crash,clip,xpu_a_cpsat_hard.csv,0.4,c,2.4,
1006,1.8,0.01,1,10.0,0.0,56.8,6,0.0,1,0.0,1,96.24,0.0055,0.0,0.0,0,2,481,4,crash,clip,xpu_a_cpsat_hard.csv,0.4,c,2.4,
1007,1.8,0.01,1,10.0,0.0,56.8,6,0.0,1,0.0,1,96.24,0.0055,0.0,0.0,0,1,249,4,crash,clip,xpu_a_cpsat_hard.csv,0.4,c,2.4,
1008,1.8,0.01,1,10.0,0.0,56.8,6,0.0,1,0.0,1,96.24,0.0055,0.0,0.0,0,4,751,4,success,,xpu_a_cpsat_hard.csv,0.4,c,2.4,
1009,1.8,0.01,1,10.0,0.0,56.8,6,0.0,1,0.0,1,96.24,0.0055,0.0,0.0,0,1,438,4,crash,clip,xpu_a_cpsat_hard.csv,0.4,c,2.4,
1010,1.8,0.01,1,10.0,0.0,56.8,6,0.0,1,0.0,1,96.24,0.0055,0.0,0.0,0,1,371,4,crash,clip,xpu_a_cpsat_hard.csv,0.4,c,2.4,
1011,1.8,0.01,1,10.0,0.0,56.8,6,0.0,1,0.0,1,96.24,0.0055,0.0,0.0,0,1,301,4,crash,clip,xpu_a_cpsat_hard.csv,0.4,c,2.4,
1000,1.4,0.01,1,10.0,0.0,56.8,6,0.0,1,0.0,1,96.24,0.0055,0.0,0.0,0,1,300,4,crash,clip,xpu_a_cpsat_hard.csv,0.4,c,2.4,
1001,1.4,0.01,1,10.0,0.0,56.8,6,0.0,1,0.0,1,96.24,0.0055,0.0,0.0,0,2,469,4,crash,clip,xpu_a_cpsat_hard.csv,0.4,c,2.4,
1002,1.4,0.01,1,10.0,0.0,56.8,6,0.0,1,0.0,1,96.24,0.0055,0.0,0.0,0,1,334,4,crash,clip,xpu_a_cpsat_hard.csv,0.4,c,2.4,
1003,1.4,0.01,1,10.0,0.0,56.8,6,0.0,1,0.0,1,96.24,0.0055,0.0,0.0,0,1,301,4,crash,clip,xpu_a_cpsat_hard.csv,0.4,c,2.4,
1004,1.4,0.01,1,10.0,0.0,56.8,6,0.0,1,0.0,1,96.24,0.0055,0.0,0.0,0,1,322,4,crash,clip,xpu_a_cpsat_hard.csv,0.4,c,2.4,
1005,1.4,0.01,1,10.0,0.0,56.8,6,0.0,1,0.0,1,96.24,0.0055,0.0,0.0,0,1,315,4,crash,clip,xpu_a_cpsat_hard.csv,0.4,c,2.4,
1006,1.4,0.01,1,10.0,0.0,56.8,6,0.0,1,0.0,1,96.24,0.0055,0.0,0.0,0,1,819,4,crash,clip,xpu_a_cpsat_hard.csv,0.4,c,2.4,
1007,1.4,0.01,1,10.0,0.0,56.8,6,0.0,1,0.0,1,96.24,0.0055,0.0,0.0,0,4,989,4,success,,xpu_a_cpsat_hard.csv,0.4,c,2.4,
1008,1.4,0.01,1,10.0,0.0,56.8,6,0.0,1,0.0,1,96.24,0.0055,0.0,0.0,0,1,285,4,crash,clip,xpu_a_cpsat_hard.csv,0.4,c,2.4,
1009,1.4,0.01,1,10.0,0.0,56.8,6,0.0,1,0.0,1,96.24,0.0055,0.0,0.0,0,4,950,4,success,,xpu_a_cpsat_hard.csv,0.4,c,2.4,
1010,1.4,0.01,1,10.0,0.0,56.8,6,0.0,1,0.0,1,96.24,0.0055,0.0,0.0,0,1,339,4,crash,clip,xpu_a_cpsat_hard.csv,0.4,c,2.4,
1011,1.4,0.01,1,10.0,0.0,56.8,6,0.0,1,0.0,1,96.24,0.0055,0.0,0.0,0,1,343,4,crash,clip,xpu_a_cpsat_hard.csv,0.4,c,2.4,
1000,1.0,0.01,1,10.0,0.0,56.8,6,0.0,1,0.0,1,96.24,0.0055,0.0,0.0,0,3,1391,4,crash,clip,xpu_a_cpsat_hard.csv,0.4,c,2.4,
1001,1.0,0.01,1,10.0,0.0,56.8,6,0.0,1,0.0,1,96.24,0.0055,0.0,0.0,0,1,395,4,crash,clip,xpu_a_cpsat_hard.csv,0.4,c,2.4,
1002,1.0,0.01,1,10.0,0.0,56.8,6,0.0,1,0.0,1,96.24,0.0055,0.0,0.0,0,2,724,4,crash,clip,xpu_a_cpsat_hard.csv,0.4,c,2.4,
1003,1.0,0.01,1,10.0,0.0,56.8,6,0.0,1,0.0,1,96.24,0.0055,0.0,0.0,0,1,984,4,crash,clip,xpu_a_cpsat_hard.csv,0.4,c,2.4,
1004,1.0,0.01,1,10.0,0.0,56.8,6,0.0,1,0.0,1,96.24,0.0055,0.0,0.0,0,1,445,4,crash,clip,xpu_a_cpsat_hard.csv,0.4,c,2.4,
1005,1.0,0.01,1,10.0,0.0,56.8,6,0.0,1,0.0,1,96.24,0.0055,0.0,0.0,0,3,1188,4,crash,clip,xpu_a_cpsat_hard.csv,0.4,c,2.4,
1006,1.0,0.01,1,10.0,0.0,56.8,6,0.0,1,0.0,1,96.24,0.0055,0.0,0.0,0,1,526,4,crash,clip,xpu_a_cpsat_hard.csv,0.4,c,2.4,
1007,1.0,0.01,1,10.0,0.0,56.8,6,0.0,1,0.0,1,96.24,0.0055,0.0,0.0,0,1,776,4,crash,clip,xpu_a_cpsat_hard.csv,0.4,c,2.4,
1008,1.0,0.01,1,10.0,0.0,56.8,6,0.0,1,0.0,1,96.24,0.0055,0.0,0.0,0,3,1800,4,timeout,,xpu_a_cpsat_hard.csv,0.4,c,2.4,
1009,1.0,0.01,1,10.0,0.0,56.8,6,0.0,1,0.0,1,96.24,0.0055,0.0,0.0,0,2,943,4,crash,clip,xpu_a_cpsat_hard.csv,0.4,c,2.4,
1010,1.0,0.01,1,10.0,0.0,56.8,6,0.0,1,0.0,1,96.24,0.0055,0.0,0.0,0,1,1391,4,crash,clip,xpu_a_cpsat_hard.csv,0.4,c,2.4,
1011,1.0,0.01,1,10.0,0.0,56.8,6,0.0,1,0.0,1,96.24,0.0055,0.0,0.0,0,2,1226,4,crash,clip,xpu_a_cpsat_hard.csv,0.4,c,2.4,
1000,1.6,0.01,1,10.0,0.0,56.8,6,0.0,1,0.0,1,96.24,0.0055,0.0,0.0,0,4,865,4,success,,xpu_a_cpsat_hard.csv,0.4,c,2.4,
1001,1.6,0.01,1,10.0,0.0,56.8,6,0.0,1,0.0,1,96.24,0.0055,0.0,0.0,0,0,1538,4,crash,clip,xpu_a_cpsat_hard.csv,0.4,c,2.4,
1002,1.6,0.01,1,10.0,0.0,56.8,6,0.0,1,0.0,1,96.24,0.0055,0.0,0.0,0,0,301,4,crash,clip,xpu_a_cpsat_hard.csv,0.4,c,2.4,
1003,1.6,0.01,1,10.0,0.0,56.8,6,0.0,1,0.0,1,96.24,0.0055,0.0,0.0,0,2,536,4,crash,clip,xpu_a_cpsat_hard.csv,0.4,c,2.4,
1004,1.6,0.01,1,10.0,0.0,56.8,6,0.0,1,0.0,1,96.24,0.0055,0.0,0.0,0,3,707,4,crash,clip,xpu_a_cpsat_hard.csv,0.4,c,2.4,
1005,1.6,0.01,1,10.0,0.0,56.8,6,0.0,1,0.0,1,96.24,0.0055,0.0,0.0,0,3,645,4,crash,clip,xpu_a_cpsat_hard.csv,0.4,c,2.4,
1006,1.6,0.01,1,10.0,0.0,56.8,6,0.0,1,0.0,1,96.24,0.0055,0.0,0.0,0,3,796,4,crash,clip,xpu_a_cpsat_hard.csv,0.4,c,2.4,
1007,1.6,0.01,1,10.0,0.0,56.8,6,0.0,1,0.0,1,96.24,0.0055,0.0,0.0,0,3,773,4,crash,clip,xpu_a_cpsat_hard.csv,0.4,c,2.4,
1008,1.6,0.01,1,10.0,0.0,56.8,6,0.0,1,0.0,1,96.24,0.0055,0.0,0.0,0,2,338,4,crash,clip,xpu_a_cpsat_hard.csv,0.4,c,2.4,
1009,1.6,0.01,1,10.0,0.0,56.8,6,0.0,1,0.0,1,96.24,0.0055,0.0,0.0,0,2,537,4,crash,clip,xpu_a_cpsat_hard.csv,0.4,c,2.4,
1010,1.6,0.01,1,10.0,0.0,56.8,6,0.0,1,0.0,1,96.24,0.0055,0.0,0.0,0,4,855,4,success,,xpu_a_cpsat_hard.csv,0.4,c,2.4,
1011,1.6,0.01,1,10.0,0.0,56.8,6,0.0,1,0.0,1,96.24,0.0055,0.0,0.0,0,1,320,4,crash,clip,xpu_a_cpsat_hard.csv,0.4,c,2.4,
1000,1.2,0.01,1,10.0,0.0,56.8,6,0.0,1,0.0,1,96.24,0.0055,0.0,0.0,0,1,345,4,crash,clip,xpu_a_cpsat_hard.csv,0.4,c,2.4,
1001,1.2,0.01,1,10.0,0.0,56.8,6,0.0,1,0.0,1,96.24,0.0055,0.0,0.0,0,1,548,4,crash,clip,xpu_a_cpsat_hard.csv,0.4,c,2.4,
1002,1.2,0.01,1,10.0,0.0,56.8,6,0.0,1,0.0,1,96.24,0.0055,0.0,0.0,0,2,648,4,crash,clip,xpu_a_cpsat_hard.csv,0.4,c,2.4,
1003,1.2,0.01,1,10.0,0.0,56.8,6,0.0,1,0.0,1,96.24,0.0055,0.0,0.0,0,3,1084,4,crash,clip,xpu_a_cpsat_hard.csv,0.4,c,2.4,
1004,1.2,0.01,1,10.0,0.0,56.8,6,0.0,1,0.0,1,96.24,0.0055,0.0,0.0,0,1,383,4,crash,clip,xpu_a_cpsat_hard.csv,0.4,c,2.4,
1005,1.2,0.01,1,10.0,0.0,56.8,6,0.0,1,0.0,1,96.24,0.0055,0.0,0.0,0,3,992,4,crash,clip,xpu_a_cpsat_hard.csv,0.4,c,2.4,
1006,1.2,0.01,1,10.0,0.0,56.8,6,0.0,1,0.0,1,96.24,0.0055,0.0,0.0,0,2,761,4,crash,clip,xpu_a_cpsat_hard.csv,0.4,c,2.4,
1007,1.2,0.01,1,10.0,0.0,56.8,6,0.0,1,0.0,1,96.24,0.0055,0.0,0.0,0,2,615,4,crash,clip,xpu_a_cpsat_hard.csv,0.4,c,2.4,
1008,1.2,0.01,1,10.0,0.0,56.8,6,0.0,1,0.0,1,96.24,0.0055,0.0,0.0,0,2,572,4,crash,clip,xpu_a_cpsat_hard.csv,0.4,c,2.4,
1009,1.2,0.01,1,10.0,0.0,56.8,6,0.0,1,0.0,1,96.24,0.0055,0.0,0.0,0,3,1109,4,crash,clip,xpu_a_cpsat_hard.csv,0.4,c,2.4,
1010,1.2,0.01,1,10.0,0.0,56.8,6,0.0,1,0.0,1,96.24,0.0055,0.0,0.0,0,3,1091,4,crash,clip,xpu_a_cpsat_hard.csv,0.4,c,2.4,
1011,1.2,0.01,1,10.0,0.0,56.8,6,0.0,1,0.0,1,96.24,0.0055,0.0,0.0,0,1,371,4,crash,clip,xpu_a_cpsat_hard.csv,0.4,c,2.4,
1000,1.8,0.01,1,10.0,0.0,55.9,6,11.1,2,0.0,1,89.29,0.0055,0.0,0.0,0,4,775,4,success,,xpu_a90_cpsat.csv,0.4,c,2.4,
1001,1.8,0.01,1,10.0,0.0,55.9,6,11.1,2,0.0,1,89.29,0.0055,0.0,0.0,0,0,1376,4,crash,clip,xpu_a90_cpsat.csv,0.4,c,2.4,
1002,1.8,0.01,1,10.0,0.0,55.9,6,11.1,2,0.0,1,89.29,0.0055,0.0,0.0,0,0,427,4,crash,clip,xpu_a90_cpsat.csv,0.4,c,2.4,
1003,1.8,0.01,1,10.0,0.0,55.9,6,11.1,2,0.0,1,89.29,0.0055,0.0,0.0,0,1,253,4,crash,clip,xpu_a90_cpsat.csv,0.4,c,2.4,
1004,1.8,0.01,1,10.0,0.0,55.9,6,11.1,2,0.0,1,89.29,0.0055,0.0,0.0,0,3,656,4,crash,clip,xpu_a90_cpsat.csv,0.4,c,2.4,
1005,1.8,0.01,1,10.0,0.0,55.9,6,11.1,2,0.0,1,89.29,0.0055,0.0,0.0,0,3,602,4,crash,clip,xpu_a90_cpsat.csv,0.4,c,2.4,
1006,1.8,0.01,1,10.0,0.0,55.9,6,11.1,2,0.0,1,89.29,0.0055,0.0,0.0,0,1,267,4,crash,clip,xpu_a90_cpsat.csv,0.4,c,2.4,
1007,1.8,0.01,1,10.0,0.0,55.9,6,11.1,2,0.0,1,89.29,0.0055,0.0,0.0,0,1,238,4,crash,clip,xpu_a90_cpsat.csv,0.4,c,2.4,
1008,1.8,0.01,1,10.0,0.0,55.9,6,11.1,2,0.0,1,89.29,0.0055,0.0,0.0,0,1,200,4,crash,clip,xpu_a90_cpsat.csv,0.4,c,2.4,
1009,1.8,0.01,1,10.0,0.0,55.9,6,11.1,2,0.0,1,89.29,0.0055,0.0,0.0,0,2,458,4,crash,clip,xpu_a90_cpsat.csv,0.4,c,2.4,
1010,1.8,0.01,1,10.0,0.0,55.9,6,11.1,2,0.0,1,89.29,0.0055,0.0,0.0,0,2,500,4,crash,clip,xpu_a90_cpsat.csv,0.4,c,2.4,
1011,1.8,0.01,1,10.0,0.0,55.9,6,11.1,2,0.0,1,89.29,0.0055,0.0,0.0,0,1,271,4,crash,clip,xpu_a90_cpsat.csv,0.4,c,2.4,
1000,1.4,0.01,1,10.0,0.0,55.9,6,11.1,2,0.0,1,89.29,0.0055,0.0,0.0,0,1,300,4,crash,clip,xpu_a90_cpsat.csv,0.4,c,2.4,
1001,1.4,0.01,1,10.0,0.0,55.9,6,11.1,2,0.0,1,89.29,0.0055,0.0,0.0,0,2,469,4,crash,clip,xpu_a90_cpsat.csv,0.4,c,2.4,
1002,1.4,0.01,1,10.0,0.0,55.9,6,11.1,2,0.0,1,89.29,0.0055,0.0,0.0,0,2,569,4,crash,clip,xpu_a90_cpsat.csv,0.4,c,2.4,
1003,1.4,0.01,1,10.0,0.0,55.9,6,11.1,2,0.0,1,89.29,0.0055,0.0,0.0,0,2,649,4,crash,clip,xpu_a90_cpsat.csv,0.4,c,2.4,
1004,1.4,0.01,1,10.0,0.0,55.9,6,11.1,2,0.0,1,89.29,0.0055,0.0,0.0,0,3,760,4,crash,clip,xpu_a90_cpsat.csv,0.4,c,2.4,
1005,1.4,0.01,1,10.0,0.0,55.9,6,11.1,2,0.0,1,89.29,0.0055,0.0,0.0,0,1,307,4,crash,clip,xpu_a90_cpsat.csv,0.4,c,2.4,
1006,1.4,0.01,1,10.0,0.0,55.9,6,11.1,2,0.0,1,89.29,0.0055,0.0,0.0,0,1,222,4,crash,clip,xpu_a90_cpsat.csv,0.4,c,2.4,
1007,1.4,0.01,1,10.0,0.0,55.9,6,11.1,2,0.0,1,89.29,0.0055,0.0,0.0,0,1,481,4,crash,clip,xpu_a90_cpsat.csv,0.4,c,2.4,
1008,1.4,0.01,1,10.0,0.0,55.9,6,11.1,2,0.0,1,89.29,0.0055,0.0,0.0,0,2,387,4,crash,clip,xpu_a90_cpsat.csv,0.4,c,2.4,
1009,1.4,0.01,1,10.0,0.0,55.9,6,11.1,2,0.0,1,89.29,0.0055,0.0,0.0,0,4,942,4,success,,xpu_a90_cpsat.csv,0.4,c,2.4,
1010,1.4,0.01,1,10.0,0.0,55.9,6,11.1,2,0.0,1,89.29,0.0055,0.0,0.0,0,1,228,4,crash,clip,xpu_a90_cpsat.csv,0.4,c,2.4,
1011,1.4,0.01,1,10.0,0.0,55.9,6,11.1,2,0.0,1,89.29,0.0055,0.0,0.0,0,1,343,4,crash,clip,xpu_a90_cpsat.csv,0.4,c,2.4,
1000,1.0,0.01,1,10.0,0.0,55.9,6,11.1,2,0.0,1,89.29,0.0055,0.0,0.0,0,3,1800,4,timeout,,xpu_a90_cpsat.csv,0.4,c,2.4,
1001,1.0,0.01,1,10.0,0.0,55.9,6,11.1,2,0.0,1,89.29,0.0055,0.0,0.0,0,1,1215,4,crash,clip,xpu_a90_cpsat.csv,0.4,c,2.4,
1002,1.0,0.01,1,10.0,0.0,55.9,6,11.1,2,0.0,1,89.29,0.0055,0.0,0.0,0,1,449,4,crash,clip,xpu_a90_cpsat.csv,0.4,c,2.4,
1003,1.0,0.01,1,10.0,0.0,55.9,6,11.1,2,0.0,1,89.29,0.0055,0.0,0.0,0,1,1662,4,crash,clip,xpu_a90_cpsat.csv,0.4,c,2.4,
1004,1.0,0.01,1,10.0,0.0,55.9,6,11.1,2,0.0,1,89.29,0.0055,0.0,0.0,0,2,917,4,crash,clip,xpu_a90_cpsat.csv,0.4,c,2.4,
1005,1.0,0.01,1,10.0,0.0,55.9,6,11.1,2,0.0,1,89.29,0.0055,0.0,0.0,0,3,1187,4,crash,clip,xpu_a90_cpsat.csv,0.4,c,2.4,
1006,1.0,0.01,1,10.0,0.0,55.9,6,11.1,2,0.0,1,89.29,0.0055,0.0,0.0,0,1,984,4,crash,clip,xpu_a90_cpsat.csv,0.4,c,2.4,
1007,1.0,0.01,1,10.0,0.0,55.9,6,11.1,2,0.0,1,89.29,0.0055,0.0,0.0,0,3,1567,4,crash,clip,xpu_a90_cpsat.csv,0.4,c,2.4,
1008,1.0,0.01,1,10.0,0.0,55.9,6,11.1,2,0.0,1,89.29,0.0055,0.0,0.0,0,1,479,4,crash,clip,xpu_a90_cpsat.csv,0.4,c,2.4,
1009,1.0,0.01,1,10.0,0.0,55.9,6,11.1,2,0.0,1,89.29,0.0055,0.0,0.0,0,2,1201,4,crash,clip,xpu_a90_cpsat.csv,0.4,c,2.4,
1010,1.0,0.01,1,10.0,0.0,55.9,6,11.1,2,0.0,1,89.29,0.0055,0.0,0.0,0,1,432,4,crash,clip,xpu_a90_cpsat.csv,0.4,c,2.4,
1011,1.0,0.01,1,10.0,0.0,55.9,6,11.1,2,0.0,1,89.29,0.0055,0.0,0.0,0,1,421,4,crash,clip,xpu_a90_cpsat.csv,0.4,c,2.4,
1000,1.6,0.01,1,10.0,0.0,55.9,6,11.1,2,0.0,1,89.29,0.0055,0.0,0.0,0,1,273,4,crash,clip,xpu_a90_cpsat.csv,0.4,c,2.4,
1001,1.6,0.01,1,10.0,0.0,55.9,6,11.1,2,0.0,1,89.29,0.0055,0.0,0.0,0,1,162,4,crash,clip,xpu_a90_cpsat.csv,0.4,c,2.4,
1002,1.6,0.01,1,10.0,0.0,55.9,6,11.1,2,0.0,1,89.29,0.0055,0.0,0.0,0,1,208,4,crash,clip,xpu_a90_cpsat.csv,0.4,c,2.4,
1003,1.6,0.01,1,10.0,0.0,55.9,6,11.1,2,0.0,1,89.29,0.0055,0.0,0.0,0,4,892,4,success,,xpu_a90_cpsat.csv,0.4,c,2.4,
1004,1.6,0.01,1,10.0,0.0,55.9,6,11.1,2,0.0,1,89.29,0.0055,0.0,0.0,0,3,706,4,crash,clip,xpu_a90_cpsat.csv,0.4,c,2.4,
1005,1.6,0.01,1,10.0,0.0,55.9,6,11.1,2,0.0,1,89.29,0.0055,0.0,0.0,0,1,301,4,crash,clip,xpu_a90_cpsat.csv,0.4,c,2.4,
1006,1.6,0.01,1,10.0,0.0,55.9,6,11.1,2,0.0,1,89.29,0.0055,0.0,0.0,0,1,198,4,crash,clip,xpu_a90_cpsat.csv,0.4,c,2.4,
1007,1.6,0.01,1,10.0,0.0,55.9,6,11.1,2,0.0,1,89.29,0.0055,0.0,0.0,0,4,881,4,success,,xpu_a90_cpsat.csv,0.4,c,2.4,
1008,1.6,0.01,1,10.0,0.0,55.9,6,11.1,2,0.0,1,89.29,0.0055,0.0,0.0,0,1,253,4,crash,clip,xpu_a90_cpsat.csv,0.4,c,2.4,
1009,1.6,0.01,1,10.0,0.0,55.9,6,11.1,2,0.0,1,89.29,0.0055,0.0,0.0,0,2,1530,4,crash,clip,xpu_a90_cpsat.csv,0.4,c,2.4,
1010,1.6,0.01,1,10.0,0.0,55.9,6,11.1,2,0.0,1,89.29,0.0055,0.0,0.0,0,1,287,4,crash,clip,xpu_a90_cpsat.csv,0.4,c,2.4,
1011,1.6,0.01,1,10.0,0.0,55.9,6,11.1,2,0.0,1,89.29,0.0055,0.0,0.0,0,1,322,4,crash,clip,xpu_a90_cpsat.csv,0.4,c,2.4,
1000,1.2,0.01,1,10.0,0.0,55.9,6,11.1,2,0.0,1,89.29,0.0055,0.0,0.0,0,4,1138,4,success,,xpu_a90_cpsat.csv,0.4,c,2.4,
1001,1.2,0.01,1,10.0,0.0,55.9,6,11.1,2,0.0,1,89.29,0.0055,0.0,0.0,0,1,203,4,crash,clip,xpu_a90_cpsat.csv,0.4,c,2.4,
1002,1.2,0.01,1,10.0,0.0,55.9,6,11.1,2,0.0,1,89.29,0.0055,0.0,0.0,0,2,650,4,crash,clip,xpu_a90_cpsat.csv,0.4,c,2.4,
1003,1.2,0.01,1,10.0,0.0,55.9,6,11.1,2,0.0,1,89.29,0.0055,0.0,0.0,0,2,1011,4,crash,clip,xpu_a90_cpsat.csv,0.4,c,2.4,
1004,1.2,0.01,1,10.0,0.0,55.9,6,11.1,2,0.0,1,89.29,0.0055,0.0,0.0,0,3,916,4,crash,clip,xpu_a90_cpsat.csv,0.4,c,2.4,
1005,1.2,0.01,1,10.0,0.0,55.9,6,11.1,2,0.0,1,89.29,0.0055,0.0,0.0,0,3,1343,4,crash,clip,xpu_a90_cpsat.csv,0.4,c,2.4,
1006,1.2,0.01,1,10.0,0.0,55.9,6,11.1,2,0.0,1,89.29,0.0055,0.0,0.0,0,3,1127,4,crash,clip,xpu_a90_cpsat.csv,0.4,c,2.4,
1007,1.2,0.01,1,10.0,0.0,55.9,6,11.1,2,0.0,1,89.29,0.0055,0.0,0.0,0,2,730,4,crash,clip,xpu_a90_cpsat.csv,0.4,c,2.4,
1008,1.2,0.01,1,10.0,0.0,55.9,6,11.1,2,0.0,1,89.29,0.0055,0.0,0.0,0,2,572,4,crash,clip,xpu_a90_cpsat.csv,0.4,c,2.4,
1009,1.2,0.01,1,10.0,0.0,55.9,6,11.1,2,0.0,1,89.29,0.0055,0.0,0.0,0,4,1110,4,success,,xpu_a90_cpsat.csv,0.4,c,2.4,
1010,1.2,0.01,1,10.0,0.0,55.9,6,11.1,2,0.0,1,89.29,0.0055,0.0,0.0,0,2,581,4,crash,clip,xpu_a90_cpsat.csv,0.4,c,2.4,
1011,1.2,0.01,1,10.0,0.0,55.9,6,11.1,2,0.0,1,89.29,0.0055,0.0,0.0,0,1,372,4,crash,clip,xpu_a90_cpsat.csv,0.4,c,2.4,
1000,1.8,0.01,1,10.0,0.0,56.2,6,30.3,4,0.0,1,100.0,0.0055,0.0,0.0,0,1,243,4,crash,clip,ros_p390.csv,0.4,c,2.4,
1001,1.8,0.01,1,10.0,0.0,56.2,6,30.3,4,0.0,1,100.0,0.0055,0.0,0.0,0,0,149,4,crash,clip,ros_p390.csv,0.4,c,2.4,
1002,1.8,0.01,1,10.0,0.0,56.2,6,30.3,4,0.0,1,100.0,0.0055,0.0,0.0,0,1,160,4,crash,clip,ros_p390.csv,0.4,c,2.4,
1003,1.8,0.01,1,10.0,0.0,56.2,6,30.3,4,0.0,1,100.0,0.0055,0.0,0.0,0,4,802,4,success,,ros_p390.csv,0.4,c,2.4,
1004,1.8,0.01,1,10.0,0.0,56.2,6,30.3,4,0.0,1,100.0,0.0055,0.0,0.0,0,1,366,4,crash,clip,ros_p390.csv,0.4,c,2.4,
1005,1.8,0.01,1,10.0,0.0,56.2,6,30.3,4,0.0,1,100.0,0.0055,0.0,0.0,0,1,236,4,crash,clip,ros_p390.csv,0.4,c,2.4,
1006,1.8,0.01,1,10.0,0.0,56.2,6,30.3,4,0.0,1,100.0,0.0055,0.0,0.0,0,2,489,4,crash,clip,ros_p390.csv,0.4,c,2.4,
1007,1.8,0.01,1,10.0,0.0,56.2,6,30.3,4,0.0,1,100.0,0.0055,0.0,0.0,0,4,781,4,success,,ros_p390.csv,0.4,c,2.4,
1008,1.8,0.01,1,10.0,0.0,56.2,6,30.3,4,0.0,1,100.0,0.0055,0.0,0.0,0,2,333,4,crash,clip,ros_p390.csv,0.4,c,2.4,
1009,1.8,0.01,1,10.0,0.0,56.2,6,30.3,4,0.0,1,100.0,0.0055,0.0,0.0,0,4,751,4,success,,ros_p390.csv,0.4,c,2.4,
1010,1.8,0.01,1,10.0,0.0,56.2,6,30.3,4,0.0,1,100.0,0.0055,0.0,0.0,0,1,931,4,crash,clip,ros_p390.csv,0.4,c,2.4,
1011,1.8,0.01,1,10.0,0.0,56.2,6,30.3,4,0.0,1,100.0,0.0055,0.0,0.0,0,2,377,4,crash,clip,ros_p390.csv,0.4,c,2.4,
1000,1.4,0.01,1,10.0,0.0,56.2,6,30.3,4,0.0,1,100.0,0.0055,0.0,0.0,0,4,982,4,success,,ros_p390.csv,0.4,c,2.4,
1001,1.4,0.01,1,10.0,0.0,56.2,6,30.3,4,0.0,1,100.0,0.0055,0.0,0.0,0,0,329,4,crash,clip,ros_p390.csv,0.4,c,2.4,
1002,1.4,0.01,1,10.0,0.0,56.2,6,30.3,4,0.0,1,100.0,0.0055,0.0,0.0,0,1,196,4,crash,clip,ros_p390.csv,0.4,c,2.4,
1003,1.4,0.01,1,10.0,0.0,56.2,6,30.3,4,0.0,1,100.0,0.0055,0.0,0.0,0,3,924,4,crash,clip,ros_p390.csv,0.4,c,2.4,
1004,1.4,0.01,1,10.0,0.0,56.2,6,30.3,4,0.0,1,100.0,0.0055,0.0,0.0,0,4,1014,4,success,,ros_p390.csv,0.4,c,2.4,
1005,1.4,0.01,1,10.0,0.0,56.2,6,30.3,4,0.0,1,100.0,0.0055,0.0,0.0,0,3,703,4,crash,clip,ros_p390.csv,0.4,c,2.4,
1006,1.4,0.01,1,10.0,0.0,56.2,6,30.3,4,0.0,1,100.0,0.0055,0.0,0.0,0,3,926,4,crash,clip,ros_p390.csv,0.4,c,2.4,
1007,1.4,0.01,1,10.0,0.0,56.2,6,30.3,4,0.0,1,100.0,0.0055,0.0,0.0,0,2,767,4,crash,clip,ros_p390.csv,0.4,c,2.4,
1008,1.4,0.01,1,10.0,0.0,56.2,6,30.3,4,0.0,1,100.0,0.0055,0.0,0.0,0,1,290,4,crash,clip,ros_p390.csv,0.4,c,2.4,
1009,1.4,0.01,1,10.0,0.0,56.2,6,30.3,4,0.0,1,100.0,0.0055,0.0,0.0,0,2,569,4,crash,clip,ros_p390.csv,0.4,c,2.4,
1010,1.4,0.01,1,10.0,0.0,56.2,6,30.3,4,0.0,1,100.0,0.0055,0.0,0.0,0,2,597,4,crash,clip,ros_p390.csv,0.4,c,2.4,
1011,1.4,0.01,1,10.0,0.0,56.2,6,30.3,4,0.0,1,100.0,0.0055,0.0,0.0,0,3,756,4,crash,clip,ros_p390.csv,0.4,c,2.4,
1000,1.0,0.01,1,10.0,0.0,56.2,6,30.3,4,0.0,1,100.0,0.0055,0.0,0.0,0,3,1319,4,crash,clip,ros_p390.csv,0.4,c,2.4,
1001,1.0,0.01,1,10.0,0.0,56.2,6,30.3,4,0.0,1,100.0,0.0055,0.0,0.0,0,4,1346,4,success,,ros_p390.csv,0.4,c,2.4,
1002,1.0,0.01,1,10.0,0.0,56.2,6,30.3,4,0.0,1,100.0,0.0055,0.0,0.0,0,3,1365,4,crash,clip,ros_p390.csv,0.4,c,2.4,
1003,1.0,0.01,1,10.0,0.0,56.2,6,30.3,4,0.0,1,100.0,0.0055,0.0,0.0,0,3,1049,4,crash,clip,ros_p390.csv,0.4,c,2.4,
1004,1.0,0.01,1,10.0,0.0,56.2,6,30.3,4,0.0,1,100.0,0.0055,0.0,0.0,0,4,1400,4,success,,ros_p390.csv,0.4,c,2.4,
1005,1.0,0.01,1,10.0,0.0,56.2,6,30.3,4,0.0,1,100.0,0.0055,0.0,0.0,0,1,1170,4,crash,clip,ros_p390.csv,0.4,c,2.4,
1006,1.0,0.01,1,10.0,0.0,56.2,6,30.3,4,0.0,1,100.0,0.0055,0.0,0.0,0,3,1120,4,crash,clip,ros_p390.csv,0.4,c,2.4,
1007,1.0,0.01,1,10.0,0.0,56.2,6,30.3,4,0.0,1,100.0,0.0055,0.0,0.0,0,1,763,4,crash,clip,ros_p390.csv,0.4,c,2.4,
1008,1.0,0.01,1,10.0,0.0,56.2,6,30.3,4,0.0,1,100.0,0.0055,0.0,0.0,0,2,627,4,crash,clip,ros_p390.csv,0.4,c,2.4,
1009,1.0,0.01,1,10.0,0.0,56.2,6,30.3,4,0.0,1,100.0,0.0055,0.0,0.0,0,3,1180,4,crash,clip,ros_p390.csv,0.4,c,2.4,
1010,1.0,0.01,1,10.0,0.0,56.2,6,30.3,4,0.0,1,100.0,0.0055,0.0,0.0,0,1,1364,4,crash,clip,ros_p390.csv,0.4,c,2.4,
1011,1.0,0.01,1,10.0,0.0,56.2,6,30.3,4,0.0,1,100.0,0.0055,0.0,0.0,0,1,452,4,crash,clip,ros_p390.csv,0.4,c,2.4,
1000,1.6,0.01,1,10.0,0.0,56.2,6,30.3,4,0.0,1,100.0,0.0055,0.0,0.0,0,1,268,4,crash,clip,ros_p390.csv,0.4,c,2.4,
1001,1.6,0.01,1,10.0,0.0,56.2,6,30.3,4,0.0,1,100.0,0.0055,0.0,0.0,0,1,247,4,crash,clip,ros_p390.csv,0.4,c,2.4,
1002,1.6,0.01,1,10.0,0.0,56.2,6,30.3,4,0.0,1,100.0,0.0055,0.0,0.0,0,1,208,4,crash,clip,ros_p390.csv,0.4,c,2.4,
1003,1.6,0.01,1,10.0,0.0,56.2,6,30.3,4,0.0,1,100.0,0.0055,0.0,0.0,0,1,311,4,crash,clip,ros_p390.csv,0.4,c,2.4,
1004,1.6,0.01,1,10.0,0.0,56.2,6,30.3,4,0.0,1,100.0,0.0055,0.0,0.0,0,1,355,4,crash,clip,ros_p390.csv,0.4,c,2.4,
1005,1.6,0.01,1,10.0,0.0,56.2,6,30.3,4,0.0,1,100.0,0.0055,0.0,0.0,0,2,502,4,crash,clip,ros_p390.csv,0.4,c,2.4,
1006,1.6,0.01,1,10.0,0.0,56.2,6,30.3,4,0.0,1,100.0,0.0055,0.0,0.0,0,3,798,4,crash,clip,ros_p390.csv,0.4,c,2.4,
1007,1.6,0.01,1,10.0,0.0,56.2,6,30.3,4,0.0,1,100.0,0.0055,0.0,0.0,0,2,512,4,crash,clip,ros_p390.csv,0.4,c,2.4,
1008,1.6,0.01,1,10.0,0.0,56.2,6,30.3,4,0.0,1,100.0,0.0055,0.0,0.0,0,1,144,4,crash,clip,ros_p390.csv,0.4,c,2.4,
1009,1.6,0.01,1,10.0,0.0,56.2,6,30.3,4,0.0,1,100.0,0.0055,0.0,0.0,0,1,414,4,crash,clip,ros_p390.csv,0.4,c,2.4,
1010,1.6,0.01,1,10.0,0.0,56.2,6,30.3,4,0.0,1,100.0,0.0055,0.0,0.0,0,1,291,4,crash,clip,ros_p390.csv,0.4,c,2.4,
1011,1.6,0.01,1,10.0,0.0,56.2,6,30.3,4,0.0,1,100.0,0.0055,0.0,0.0,0,1,572,4,crash,clip,ros_p390.csv,0.4,c,2.4,
1000,1.2,0.01,1,10.0,0.0,56.2,6,30.3,4,0.0,1,100.0,0.0055,0.0,0.0,0,4,1138,4,success,,ros_p390.csv,0.4,c,2.4,
1001,1.2,0.01,1,10.0,0.0,56.2,6,30.3,4,0.0,1,100.0,0.0055,0.0,0.0,0,4,1130,4,success,,ros_p390.csv,0.4,c,2.4,
1002,1.2,0.01,1,10.0,0.0,56.2,6,30.3,4,0.0,1,100.0,0.0055,0.0,0.0,0,1,1800,4,timeout,,ros_p390.csv,0.4,c,2.4,
1003,1.2,0.01,1,10.0,0.0,56.2,6,30.3,4,0.0,1,100.0,0.0055,0.0,0.0,0,1,364,4,crash,clip,ros_p390.csv,0.4,c,2.4,
1004,1.2,0.01,1,10.0,0.0,56.2,6,30.3,4,0.0,1,100.0,0.0055,0.0,0.0,0,1,403,4,crash,clip,ros_p390.csv,0.4,c,2.4,
1005,1.2,0.01,1,10.0,0.0,56.2,6,30.3,4,0.0,1,100.0,0.0055,0.0,0.0,0,4,1150,4,success,,ros_p390.csv,0.4,c,2.4,
1006,1.2,0.01,1,10.0,0.0,56.2,6,30.3,4,0.0,1,100.0,0.0055,0.0,0.0,0,2,721,4,crash,clip,ros_p390.csv,0.4,c,2.4,
1007,1.2,0.01,1,10.0,0.0,56.2,6,30.3,4,0.0,1,100.0,0.0055,0.0,0.0,0,3,1079,4,crash,clip,ros_p390.csv,0.4,c,2.4,
1008,1.2,0.01,1,10.0,0.0,56.2,6,30.3,4,0.0,1,100.0,0.0055,0.0,0.0,0,2,573,4,crash,clip,ros_p390.csv,0.4,c,2.4,
1009,1.2,0.01,1,10.0,0.0,56.2,6,30.3,4,0.0,1,100.0,0.0055,0.0,0.0,0,2,697,4,crash,clip,ros_p390.csv,0.4,c,2.4,
1010,1.2,0.01,1,10.0,0.0,56.2,6,30.3,4,0.0,1,100.0,0.0055,0.0,0.0,0,3,1119,4,crash,clip,ros_p390.csv,0.4,c,2.4,
1011,1.2,0.01,1,10.0,0.0,56.2,6,30.3,4,0.0,1,100.0,0.0055,0.0,0.0,0,3,1214,4,crash,clip,ros_p390.csv,0.4,c,2.4,
1000,1.8,0.01,1,10.0,0.0,136.5,14,30.3,4,0.0,1,100.0,0.0055,0.0,0.0,0,1,243,4,crash,clip,ros_vanilla4tm90.csv,0.4,c,2.4,
1001,1.8,0.01,1,10.0,0.0,136.5,14,30.3,4,0.0,1,100.0,0.0055,0.0,0.0,0,1,149,4,crash,clip,ros_vanilla4tm90.csv,0.4,c,2.4,
1002,1.8,0.01,1,10.0,0.0,136.5,14,30.3,4,0.0,1,100.0,0.0055,0.0,0.0,0,0,162,4,crash,clip,ros_vanilla4tm90.csv,0.4,c,2.4,
1003,1.8,0.01,1,10.0,0.0,136.5,14,30.3,4,0.0,1,100.0,0.0055,0.0,0.0,0,1,272,4,crash,clip,ros_vanilla4tm90.csv,0.4,c,2.4,
1004,1.8,0.01,1,10.0,0.0,136.5,14,30.3,4,0.0,1,100.0,0.0055,0.0,0.0,0,1,286,4,crash,clip,ros_vanilla4tm90.csv,0.4,c,2.4,
1005,1.8,0.01,1,10.0,0.0,136.5,14,30.3,4,0.0,1,100.0,0.0055,0.0,0.0,0,1,251,4,crash,clip,ros_vanilla4tm90.csv,0.4,c,2.4,
1006,1.8,0.01,1,10.0,0.0,136.5,14,30.3,4,0.0,1,100.0,0.0055,0.0,0.0,0,0,291,4,crash,clip,ros_vanilla4tm90.csv,0.4,c,2.4,
1007,1.8,0.01,1,10.0,0.0,136.5,14,30.3,4,0.0,1,100.0,0.0055,0.0,0.0,0,2,507,4,crash,clip,ros_vanilla4tm90.csv,0.4,c,2.4,
1008,1.8,0.01,1,10.0,0.0,136.5,14,30.3,4,0.0,1,100.0,0.0055,0.0,0.0,0,0,187,4,crash,clip,ros_vanilla4tm90.csv,0.4,c,2.4,
1009,1.8,0.01,1,10.0,0.0,136.5,14,30.3,4,0.0,1,100.0,0.0055,0.0,0.0,0,1,217,4,crash,clip,ros_vanilla4tm90.csv,0.4,c,2.4,
1010,1.8,0.01,1,10.0,0.0,136.5,14,30.3,4,0.0,1,100.0,0.0055,0.0,0.0,0,1,255,4,crash,clip,ros_vanilla4tm90.csv,0.4,c,2.4,
1011,1.8,0.01,1,10.0,0.0,136.5,14,30.3,4,0.0,1,100.0,0.0055,0.0,0.0,0,1,300,4,crash,clip,ros_vanilla4tm90.csv,0.4,c,2.4,
1000,1.4,0.01,1,10.0,0.0,136.5,14,30.3,4,0.0,1,100.0,0.0055,0.0,0.0,0,1,319,4,crash,clip,ros_vanilla4tm90.csv,0.4,c,2.4,
1001,1.4,0.01,1,10.0,0.0,136.5,14,30.3,4,0.0,1,100.0,0.0055,0.0,0.0,0,1,180,4,crash,clip,ros_vanilla4tm90.csv,0.4,c,2.4,
1002,1.4,0.01,1,10.0,0.0,136.5,14,30.3,4,0.0,1,100.0,0.0055,0.0,0.0,0,1,196,4,crash,clip,ros_vanilla4tm90.csv,0.4,c,2.4,
1003,1.4,0.01,1,10.0,0.0,136.5,14,30.3,4,0.0,1,100.0,0.0055,0.0,0.0,0,2,1191,4,crash,clip,ros_vanilla4tm90.csv,0.4,c,2.4,
1004,1.4,0.01,1,10.0,0.0,136.5,14,30.3,4,0.0,1,100.0,0.0055,0.0,0.0,0,2,676,4,crash,clip,ros_vanilla4tm90.csv,0.4,c,2.4,
1005,1.4,0.01,1,10.0,0.0,136.5,14,30.3,4,0.0,1,100.0,0.0055,0.0,0.0,0,2,698,4,crash,clip,ros_vanilla4tm90.csv,0.4,c,2.4,
1006,1.4,0.01,1,10.0,0.0,136.5,14,30.3,4,0.0,1,100.0,0.0055,0.0,0.0,0,2,654,4,crash,clip,ros_vanilla4tm90.csv,0.4,c,2.4,
1007,1.4,0.01,1,10.0,0.0,136.5,14,30.3,4,0.0,1,100.0,0.0055,0.0,0.0,0,1,206,4,crash,clip,ros_vanilla4tm90.csv,0.4,c,2.4,
1008,1.4,0.01,1,10.0,0.0,136.5,14,30.3,4,0.0,1,100.0,0.0055,0.0,0.0,0,2,467,4,crash,clip,ros_vanilla4tm90.csv,0.4,c,2.4,
1009,1.4,0.01,1,10.0,0.0,136.5,14,30.3,4,0.0,1,100.0,0.0055,0.0,0.0,0,2,598,4,crash,clip,ros_vanilla4tm90.csv,0.4,c,2.4,
1010,1.4,0.01,1,10.0,0.0,136.5,14,30.3,4,0.0,1,100.0,0.0055,0.0,0.0,0,4,974,4,success,,ros_vanilla4tm90.csv,0.4,c,2.4,
1011,1.4,0.01,1,10.0,0.0,136.5,14,30.3,4,0.0,1,100.0,0.0055,0.0,0.0,0,1,346,4,crash,clip,ros_vanilla4tm90.csv,0.4,c,2.4,
1000,1.0,0.01,1,10.0,0.0,136.5,14,30.3,4,0.0,1,100.0,0.0055,0.0,0.0,0,2,687,4,crash,clip,ros_vanilla4tm90.csv,0.4,c,2.4,
1001,1.0,0.01,1,10.0,0.0,136.5,14,30.3,4,0.0,1,100.0,0.0055,0.0,0.0,0,1,368,4,crash,clip,ros_vanilla4tm90.csv,0.4,c,2.4,
1002,1.0,0.01,1,10.0,0.0,136.5,14,30.3,4,0.0,1,100.0,0.0055,0.0,0.0,0,1,496,4,crash,clip,ros_vanilla4tm90.csv,0.4,c,2.4,
1003,1.0,0.01,1,10.0,0.0,136.5,14,30.3,4,0.0,1,100.0,0.0055,0.0,0.0,0,1,544,4,crash,clip,ros_vanilla4tm90.csv,0.4,c,2.4,
1004,1.0,0.01,1,10.0,0.0,136.5,14,30.3,4,0.0,1,100.0,0.0055,0.0,0.0,0,2,863,4,crash,clip,ros_vanilla4tm90.csv,0.4,c,2.4,
1005,1.0,0.01,1,10.0,0.0,136.5,14,30.3,4,0.0,1,100.0,0.0055,0.0,0.0,0,0,256,4,crash,clip,ros_vanilla4tm90.csv,0.4,c,2.4,
1006,1.0,0.01,1,10.0,0.0,136.5,14,30.3,4,0.0,1,100.0,0.0055,0.0,0.0,0,3,1210,4,crash,clip,ros_vanilla4tm90.csv,0.4,c,2.4,
1007,1.0,0.01,1,10.0,0.0,136.5,14,30.3,4,0.0,1,100.0,0.0055,0.0,0.0,0,1,436,4,crash,clip,ros_vanilla4tm90.csv,0.4,c,2.4,
1008,1.0,0.01,1,10.0,0.0,136.5,14,30.3,4,0.0,1,100.0,0.0055,0.0,0.0,0,3,1234,4,crash,clip,ros_vanilla4tm90.csv,0.4,c,2.4,
1009,1.0,0.01,1,10.0,0.0,136.5,14,30.3,4,0.0,1,100.0,0.0055,0.0,0.0,0,2,1800,4,timeout,,ros_vanilla4tm90.csv,0.4,c,2.4,
1010,1.0,0.01,1,10.0,0.0,136.5,14,30.3,4,0.0,1,100.0,0.0055,0.0,0.0,0,2,1635,4,crash,clip,ros_vanilla4tm90.csv,0.4,c,2.4,
1011,1.0,0.01,1,10.0,0.0,136.5,14,30.3,4,0.0,1,100.0,0.0055,0.0,0.0,0,1,542,4,crash,clip,ros_vanilla4tm90.csv,0.4,c,2.4,
1000,1.6,0.01,1,10.0,0.0,136.5,14,30.3,4,0.0,1,100.0,0.0055,0.0,0.0,0,1,266,4,crash,clip,ros_vanilla4tm90.csv,0.4,c,2.4,
1001,1.6,0.01,1,10.0,0.0,136.5,14,30.3,4,0.0,1,100.0,0.0055,0.0,0.0,0,0,421,4,crash,clip,ros_vanilla4tm90.csv,0.4,c,2.4,
1002,1.6,0.01,1,10.0,0.0,136.5,14,30.3,4,0.0,1,100.0,0.0055,0.0,0.0,0,2,542,4,crash,clip,ros_vanilla4tm90.csv,0.4,c,2.4,
1003,1.6,0.01,1,10.0,0.0,136.5,14,30.3,4,0.0,1,100.0,0.0055,0.0,0.0,0,1,408,4,crash,clip,ros_vanilla4tm90.csv,0.4,c,2.4,
1004,1.6,0.01,1,10.0,0.0,136.5,14,30.3,4,0.0,1,100.0,0.0055,0.0,0.0,0,2,431,4,crash,clip,ros_vanilla4tm90.csv,0.4,c,2.4,
1005,1.6,0.01,1,10.0,0.0,136.5,14,30.3,4,0.0,1,100.0,0.0055,0.0,0.0,0,2,421,4,crash,clip,ros_vanilla4tm90.csv,0.4,c,2.4,
1006,1.6,0.01,1,10.0,0.0,136.5,14,30.3,4,0.0,1,100.0,0.0055,0.0,0.0,0,3,650,4,crash,clip,ros_vanilla4tm90.csv,0.4,c,2.4,
1007,1.6,0.01,1,10.0,0.0,136.5,14,30.3,4,0.0,1,100.0,0.0055,0.0,0.0,0,3,788,4,crash,clip,ros_vanilla4tm90.csv,0.4,c,2.4,
1008,1.6,0.01,1,10.0,0.0,136.5,14,30.3,4,0.0,1,100.0,0.0055,0.0,0.0,0,1,144,4,crash,clip,ros_vanilla4tm90.csv,0.4,c,2.4,
1009,1.6,0.01,1,10.0,0.0,136.5,14,30.3,4,0.0,1,100.0,0.0055,0.0,0.0,0,1,312,4,crash,clip,ros_vanilla4tm90.csv,0.4,c,2.4,
1010,1.6,0.01,1,10.0,0.0,136.5,14,30.3,4,0.0,1,100.0,0.0055,0.0,0.0,0,1,491,4,crash,clip,ros_vanilla4tm90.csv,0.4,c,2.4,
1011,1.6,0.01,1,10.0,0.0,136.5,14,30.3,4,0.0,1,100.0,0.0055,0.0,0.0,0,1,271,4,crash,clip,ros_vanilla4tm90.csv,0.4,c,2.4,
1000,1.2,0.01,1,10.0,0.0,136.5,14,30.3,4,0.0,1,100.0,0.0055,0.0,0.0,0,4,1176,4,success,,ros_vanilla4tm90.csv,0.4,c,2.4,
1001,1.2,0.01,1,10.0,0.0,136.5,14,30.3,4,0.0,1,100.0,0.0055,0.0,0.0,0,2,682,4,crash,clip,ros_vanilla4tm90.csv,0.4,c,2.4,
1002,1.2,0.01,1,10.0,0.0,136.5,14,30.3,4,0.0,1,100.0,0.0055,0.0,0.0,0,2,648,4,crash,clip,ros_vanilla4tm90.csv,0.4,c,2.4,
1003,1.2,0.01,1,10.0,0.0,136.5,14,30.3,4,0.0,1,100.0,0.0055,0.0,0.0,0,2,572,4,crash,clip,ros_vanilla4tm90.csv,0.4,c,2.4,
1004,1.2,0.01,1,10.0,0.0,136.5,14,30.3,4,0.0,1,100.0,0.0055,0.0,0.0,0,1,464,4,crash,clip,ros_vanilla4tm90.csv,0.4,c,2.4,
1005,1.2,0.01,1,10.0,0.0,136.5,14,30.3,4,0.0,1,100.0,0.0055,0.0,0.0,0,3,1045,4,crash,clip,ros_vanilla4tm90.csv,0.4,c,2.4,
1006,1.2,0.01,1,10.0,0.0,136.5,14,30.3,4,0.0,1,100.0,0.0055,0.0,0.0,0,2,933,4,crash,clip,ros_vanilla4tm90.csv,0.4,c,2.4,
1007,1.2,0.01,1,10.0,0.0,136.5,14,30.3,4,0.0,1,100.0,0.0055,0.0,0.0,0,4,1248,4,success,,ros_vanilla4tm90.csv,0.4,c,2.4,
1008,1.2,0.01,1,10.0,0.0,136.5,14,30.3,4,0.0,1,100.0,0.0055,0.0,0.0,0,1,327,4,crash,clip,ros_vanilla4tm90.csv,0.4,c,2.4,
1009,1.2,0.01,1,10.0,0.0,136.5,14,30.3,4,0.0,1,100.0,0.0055,0.0,0.0,0,2,931,4,crash,clip,ros_vanilla4tm90.csv,0.4,c,2.4,
1010,1.2,0.01,1,10.0,0.0,136.5,14,30.3,4,0.0,1,100.0,0.0055,0.0,0.0,0,2,776,4,crash,clip,ros_vanilla4tm90.csv,0.4,c,2.4,
1011,1.2,0.01,1,10.0,0.0,136.5,14,30.3,4,0.0,1,100.0,0.0055,0.0,0.0,0,1,378,4,crash,clip,ros_vanilla4tm90.csv,0.4,c,2.4,
1000,1.8,0.01,1,10.0,0.0,59.9,6,8.3,1,0.0,1,96.24,0.0055,0.0,0.0,0,1,246,4,crash,clip,xpu_a_cpsat_hard.csv,0.4,c,2.4,
1001,1.8,0.01,1,10.0,0.0,59.9,6,8.3,1,0.0,1,96.24,0.0055,0.0,0.0,0,0,189,4,crash,clip,xpu_a_cpsat_hard.csv,0.4,c,2.4,
1002,1.8,0.01,1,10.0,0.0,59.9,6,8.3,1,0.0,1,96.24,0.0055,0.0,0.0,0,3,724,4,crash,clip,xpu_a_cpsat_hard.csv,0.4,c,2.4,
1003,1.8,0.01,1,10.0,0.0,59.9,6,8.3,1,0.0,1,96.24,0.0055,0.0,0.0,0,1,270,4,crash,clip,xpu_a_cpsat_hard.csv,0.4,c,2.4,
1004,1.8,0.01,1,10.0,0.0,59.9,6,8.3,1,0.0,1,96.24,0.0055,0.0,0.0,0,2,405,4,crash,clip,xpu_a_cpsat_hard.csv,0.4,c,2.4,
1005,1.8,0.01,1,10.0,0.0,59.9,6,8.3,1,0.0,1,96.24,0.0055,0.0,0.0,0,3,1473,4,crash,clip,xpu_a_cpsat_hard.csv,0.4,c,2.4,
1006,1.8,0.01,1,10.0,0.0,59.9,6,8.3,1,0.0,1,96.24,0.0055,0.0,0.0,0,1,296,4,crash,clip,xpu_a_cpsat_hard.csv,0.4,c,2.4,
1007,1.8,0.01,1,10.0,0.0,59.9,6,8.3,1,0.0,1,96.24,0.0055,0.0,0.0,0,4,789,4,success,,xpu_a_cpsat_hard.csv,0.4,c,2.4,
1008,1.8,0.01,1,10.0,0.0,59.9,6,8.3,1,0.0,1,96.24,0.0055,0.0,0.0,0,2,331,4,crash,clip,xpu_a_cpsat_hard.csv,0.4,c,2.4,
1009,1.8,0.01,1,10.0,0.0,59.9,6,8.3,1,0.0,1,96.24,0.0055,0.0,0.0,0,2,451,4,crash,clip,xpu_a_cpsat_hard.csv,0.4,c,2.4,
1010,1.8,0.01,1,10.0,0.0,59.9,6,8.3,1,0.0,1,96.24,0.0055,0.0,0.0,0,4,768,4,success,,xpu_a_cpsat_hard.csv,0.4,c,2.4,
1011,1.8,0.01,1,10.0,0.0,59.9,6,8.3,1,0.0,1,96.24,0.0055,0.0,0.0,0,1,261,4,crash,clip,xpu_a_cpsat_hard.csv,0.4,c,2.4,
1000,1.4,0.01,1,10.0,0.0,59.9,6,8.3,1,0.0,1,96.24,0.0055,0.0,0.0,0,1,300,4,crash,clip,xpu_a_cpsat_hard.csv,0.4,c,2.4,
1001,1.4,0.01,1,10.0,0.0,59.9,6,8.3,1,0.0,1,96.24,0.0055,0.0,0.0,0,2,469,4,crash,clip,xpu_a_cpsat_hard.csv,0.4,c,2.4,
1002,1.4,0.01,1,10.0,0.0,59.9,6,8.3,1,0.0,1,96.24,0.0055,0.0,0.0,0,1,335,4,crash,clip,xpu_a_cpsat_hard.csv,0.4,c,2.4,
1003,1.4,0.01,1,10.0,0.0,59.9,6,8.3,1,0.0,1,96.24,0.0055,0.0,0.0,0,4,1012,4,success,,xpu_a_cpsat_hard.csv,0.4,c,2.4,
1004,1.4,0.01,1,10.0,0.0,59.9,6,8.3,1,0.0,1,96.24,0.0055,0.0,0.0,0,3,760,4,crash,clip,xpu_a_cpsat_hard.csv,0.4,c,2.4,
1005,1.4,0.01,1,10.0,0.0,59.9,6,8.3,1,0.0,1,96.24,0.0055,0.0,0.0,0,4,981,4,success,,xpu_a_cpsat_hard.csv,0.4,c,2.4,
1006,1.4,0.01,1,10.0,0.0,59.9,6,8.3,1,0.0,1,96.24,0.0055,0.0,0.0,0,3,927,4,crash,clip,xpu_a_cpsat_hard.csv,0.4,c,2.4,
1007,1.4,0.01,1,10.0,0.0,59.9,6,8.3,1,0.0,1,96.24,0.0055,0.0,0.0,0,4,991,4,success,,xpu_a_cpsat_hard.csv,0.4,c,2.4,
1008,1.4,0.01,1,10.0,0.0,59.9,6,8.3,1,0.0,1,96.24,0.0055,0.0,0.0,0,2,430,4,crash,clip,xpu_a_cpsat_hard.csv,0.4,c,2.4,
1009,1.4,0.01,1,10.0,0.0,59.9,6,8.3,1,0.0,1,96.24,0.0055,0.0,0.0,0,2,561,4,crash,clip,xpu_a_cpsat_hard.csv,0.4,c,2.4,
1010,1.4,0.01,1,10.0,0.0,59.9,6,8.3,1,0.0,1,96.24,0.0055,0.0,0.0,0,1,337,4,crash,clip,xpu_a_cpsat_hard.csv,0.4,c,2.4,
1011,1.4,0.01,1,10.0,0.0,59.9,6,8.3,1,0.0,1,96.24,0.0055,0.0,0.0,0,1,344,4,crash,clip,xpu_a_cpsat_hard.csv,0.4,c,2.4,
