cpu,t_ms,busy_pct,epoch_ms,rdtime_ticks
0,101,0.0,1789526163347,119316737114074
1,101,0.0,1789526163347,119316737114074
2,101,0.0,1789526163347,119316737114074
3,101,0.0,1789526163347,119316737114074
4,101,9.1,1789526163347,119316737114074
5,101,0.0,1789526163347,119316737114074
6,101,0.0,1789526163347,119316737114074
7,101,9.1,1789526163347,119316737114074
0,201,0.0,1789526163447,119316739529498
1,201,0.0,1789526163447,119316739529498
2,201,0.0,1789526163447,119316739529498
3,201,0.0,1789526163447,119316739529498
4,201,0.0,1789526163447,119316739529498
5,201,0.0,1789526163447,119316739529498
6,201,0.0,1789526163447,119316739529498
7,201,0.0,1789526163447,119316739529498
0,302,0.0,1789526163548,119316741938425
1,302,0.0,1789526163548,119316741938425
2,302,0.0,1789526163548,119316741938425
3,302,0.0,1789526163548,119316741938425
4,302,0.0,1789526163548,119316741938425
5,302,0.0,1789526163548,119316741938425
6,302,0.0,1789526163548,119316741938425
7,302,0.0,1789526163548,119316741938425
0,402,0.0,1789526163648,119316744345198
1,402,0.0,1789526163648,119316744345198
2,402,0.0,1789526163648,119316744345198
3,402,0.0,1789526163648,119316744345198
4,402,0.0,1789526163648,119316744345198
5,402,0.0,1789526163648,119316744345198
6,402,0.0,1789526163648,119316744345198
7,402,0.0,1789526163648,119316744345198
0,502,0.0,1789526163748,119316746751670
1,502,0.0,1789526163748,119316746751670
2,502,0.0,1789526163748,119316746751670
3,502,0.0,1789526163748,119316746751670
4,502,0.0,1789526163748,119316746751670
5,502,0.0,1789526163748,119316746751670
6,502,0.0,1789526163748,119316746751670
7,502,0.0,1789526163748,119316746751670
0,603,0.0,1789526163849,119316749162786
1,603,10.0,1789526163849,119316749162786
2,603,11.1,1789526163849,119316749162786
3,603,0.0,1789526163849,119316749162786
4,603,30.0,1789526163849,119316749162786
5,603,0.0,1789526163849,119316749162786
6,603,0.0,1789526163849,119316749162786
7,603,27.3,1789526163849,119316749162786
0,703,0.0,1789526163949,119316751574953
1,703,44.4,1789526163949,119316751574953
2,703,0.0,1789526163949,119316751574953
3,703,0.0,1789526163949,119316751574953
4,703,20.0,1789526163949,119316751574953
5,703,0.0,1789526163949,119316751574953
6,703,0.0,1789526163949,119316751574953
7,703,0.0,1789526163949,119316751574953
0,804,9.1,1789526164050,119316753987085
1,804,0.0,1789526164050,119316753987085
2,804,10.0,1789526164050,119316753987085
3,804,0.0,1789526164050,119316753987085
4,804,22.2,1789526164050,119316753987085
5,804,0.0,1789526164050,119316753987085
6,804,10.0,1789526164050,119316753987085
7,804,10.0,1789526164050,119316753987085
0,904,10.0,1789526164150,119316756400886
1,904,9.1,1789526164150,119316756400886
2,904,18.2,1789526164150,119316756400886
3,904,10.0,1789526164150,119316756400886
4,904,0.0,1789526164150,119316756400886
5,904,11.1,1789526164150,119316756400886
6,904,0.0,1789526164150,119316756400886
7,904,0.0,1789526164150,119316756400886
0,1005,0.0,1789526164251,119316758814434
1,1005,0.0,1789526164251,119316758814434
2,1005,0.0,1789526164251,119316758814434
3,1005,0.0,1789526164251,119316758814434
4,1005,0.0,1789526164251,119316758814434
5,1005,100.0,1789526164251,119316758814434
6,1005,0.0,1789526164251,119316758814434
7,1005,0.0,1789526164251,119316758814434
0,1105,0.0,1789526164351,119316761227155
1,1105,0.0,1789526164351,119316761227155
2,1105,0.0,1789526164351,119316761227155
3,1105,0.0,1789526164351,119316761227155
4,1105,0.0,1789526164351,119316761227155
5,1105,100.0,1789526164351,119316761227155
6,1105,0.0,1789526164351,119316761227155
7,1105,9.1,1789526164351,119316761227155
0,1206,0.0,1789526164452,119316763639172
1,1206,0.0,1789526164452,119316763639172
2,1206,0.0,1789526164452,119316763639172
3,1206,0.0,1789526164452,119316763639172
4,1206,0.0,1789526164452,119316763639172
5,1206,100.0,1789526164452,119316763639172
6,1206,0.0,1789526164452,119316763639172
7,1206,0.0,1789526164452,119316763639172
0,1306,0.0,1789526164552,119316766048745
1,1306,0.0,1789526164552,119316766048745
2,1306,0.0,1789526164552,119316766048745
3,1306,0.0,1789526164552,119316766048745
4,1306,0.0,1789526164552,119316766048745
5,1306,100.0,1789526164552,119316766048745
6,1306,0.0,1789526164552,119316766048745
7,1306,0.0,1789526164552,119316766048745
0,1407,0.0,1789526164653,119316768459226
1,1407,0.0,1789526164653,119316768459226
2,1407,0.0,1789526164653,119316768459226
3,1407,0.0,1789526164653,119316768459226
4,1407,0.0,1789526164653,119316768459226
5,1407,100.0,1789526164653,119316768459226
6,1407,0.0,1789526164653,119316768459226
7,1407,0.0,1789526164653,119316768459226
0,1507,0.0,1789526164753,119316770868533
1,1507,0.0,1789526164753,119316770868533
2,1507,0.0,1789526164753,119316770868533
3,1507,0.0,1789526164753,119316770868533
4,1507,0.0,1789526164753,119316770868533
5,1507,100.0,1789526164753,119316770868533
6,1507,0.0,1789526164753,119316770868533
7,1507,0.0,1789526164753,119316770868533
0,1608,0.0,1789526164854,119316773277768
1,1608,0.0,1789526164854,119316773277768
2,1608,0.0,1789526164854,119316773277768
3,1608,0.0,1789526164854,119316773277768
4,1608,0.0,1789526164854,119316773277768
5,1608,100.0,1789526164854,119316773277768
6,1608,0.0,1789526164854,119316773277768
7,1608,0.0,1789526164854,119316773277768
0,1708,0.0,1789526164954,119316775687408
1,1708,0.0,1789526164954,119316775687408
2,1708,0.0,1789526164954,119316775687408
3,1708,0.0,1789526164954,119316775687408
4,1708,0.0,1789526164954,119316775687408
5,1708,100.0,1789526164954,119316775687408
6,1708,0.0,1789526164954,119316775687408
7,1708,0.0,1789526164954,119316775687408
0,1808,0.0,1789526165054,119316778097891
1,1808,9.1,1789526165054,119316778097891
2,1808,0.0,1789526165054,119316778097891
3,1808,0.0,1789526165054,119316778097891
4,1808,0.0,1789526165054,119316778097891
5,1808,100.0,1789526165054,119316778097891
6,1808,0.0,1789526165054,119316778097891
7,1808,0.0,1789526165054,119316778097891
0,1909,0.0,1789526165155,119316780507686
1,1909,0.0,1789526165155,119316780507686
2,1909,0.0,1789526165155,119316780507686
3,1909,0.0,1789526165155,119316780507686
4,1909,0.0,1789526165155,119316780507686
5,1909,100.0,1789526165155,119316780507686
6,1909,0.0,1789526165155,119316780507686
7,1909,0.0,1789526165155,119316780507686
0,2009,0.0,1789526165255,119316782920938
1,2009,0.0,1789526165255,119316782920938
2,2009,9.1,1789526165255,119316782920938
3,2009,0.0,1789526165255,119316782920938
4,2009,0.0,1789526165255,119316782920938
5,2009,100.0,1789526165255,119316782920938
6,2009,0.0,1789526165255,119316782920938
7,2009,0.0,1789526165255,119316782920938
0,2110,10.0,1789526165356,119316785333903
1,2110,50.0,1789526165356,119316785333903
2,2110,0.0,1789526165356,119316785333903
3,2110,0.0,1789526165356,119316785333903
4,2110,0.0,1789526165356,119316785333903
5,2110,40.0,1789526165356,119316785333903
6,2110,0.0,1789526165356,119316785333903
7,2110,0.0,1789526165356,119316785333903
0,2210,0.0,1789526165456,119316787746363
1,2210,100.0,1789526165456,119316787746363
2,2210,0.0,1789526165456,119316787746363
3,2210,0.0,1789526165456,119316787746363
4,2210,0.0,1789526165456,119316787746363
5,2210,0.0,1789526165456,119316787746363
6,2210,0.0,1789526165456,119316787746363
7,2210,9.1,1789526165456,119316787746363
0,2311,0.0,1789526165557,119316790158482
1,2311,100.0,1789526165557,119316790158482
2,2311,0.0,1789526165557,119316790158482
3,2311,0.0,1789526165557,119316790158482
4,2311,0.0,1789526165557,119316790158482
5,2311,0.0,1789526165557,119316790158482
6,2311,0.0,1789526165557,119316790158482
7,2311,0.0,1789526165557,119316790158482
0,2412,0.0,1789526165658,119316792572201
1,2412,90.9,1789526165658,119316792572201
2,2412,0.0,1789526165658,119316792572201
3,2412,0.0,1789526165658,119316792572201
4,2412,0.0,1789526165658,119316792572201
5,2412,0.0,1789526165658,119316792572201
6,2412,0.0,1789526165658,119316792572201
7,2412,0.0,1789526165658,119316792572201
0,2512,0.0,1789526165758,119316794984786
1,2512,100.0,1789526165758,119316794984786
2,2512,0.0,1789526165758,119316794984786
3,2512,0.0,1789526165758,119316794984786
4,2512,0.0,1789526165758,119316794984786
5,2512,0.0,1789526165758,119316794984786
6,2512,0.0,1789526165758,119316794984786
7,2512,0.0,1789526165758,119316794984786
0,2613,0.0,1789526165859,119316797398785
1,2613,100.0,1789526165859,119316797398785
2,2613,0.0,1789526165859,119316797398785
3,2613,0.0,1789526165859,119316797398785
4,2613,0.0,1789526165859,119316797398785
5,2613,0.0,1789526165859,119316797398785
6,2613,0.0,1789526165859,119316797398785
7,2613,0.0,1789526165859,119316797398785
0,2713,0.0,1789526165959,119316799813870
1,2713,100.0,1789526165959,119316799813870
2,2713,0.0,1789526165959,119316799813870
3,2713,0.0,1789526165959,119316799813870
4,2713,0.0,1789526165959,119316799813870
5,2713,0.0,1789526165959,119316799813870
6,2713,0.0,1789526165959,119316799813870
7,2713,0.0,1789526165959,119316799813870
0,2814,25.0,1789526166060,119316802227405
1,2814,33.3,1789526166060,119316802227405
2,2814,10.0,1789526166060,119316802227405
3,2814,10.0,1789526166060,119316802227405
4,2814,22.2,1789526166060,119316802227405
5,2814,10.0,1789526166060,119316802227405
6,2814,33.3,1789526166060,119316802227405
7,2814,18.2,1789526166060,119316802227405
0,2915,0.0,1789526166161,119316804652417
1,2915,60.0,1789526166161,119316804652417
2,2915,0.0,1789526166161,119316804652417
3,2915,60.0,1789526166161,119316804652417
4,2915,18.2,1789526166161,119316804652417
5,2915,60.0,1789526166161,119316804652417
6,2915,60.0,1789526166161,119316804652417
7,2915,0.0,1789526166161,119316804652417
0,3016,0.0,1789526166262,119316807078582
1,3016,100.0,1789526166262,119316807078582
2,3016,0.0,1789526166262,119316807078582
3,3016,100.0,1789526166262,119316807078582
4,3016,0.0,1789526166262,119316807078582
5,3016,100.0,1789526166262,119316807078582
6,3016,100.0,1789526166262,119316807078582
7,3016,0.0,1789526166262,119316807078582
0,3117,0.0,1789526166363,119316809507388
1,3117,100.0,1789526166363,119316809507388
2,3117,0.0,1789526166363,119316809507388
3,3117,100.0,1789526166363,119316809507388
4,3117,0.0,1789526166363,119316809507388
5,3117,100.0,1789526166363,119316809507388
6,3117,100.0,1789526166363,119316809507388
7,3117,0.0,1789526166363,119316809507388
0,3218,0.0,1789526166464,119316811923947
1,3218,100.0,1789526166464,119316811923947
2,3218,0.0,1789526166464,119316811923947
3,3218,100.0,1789526166464,119316811923947
4,3218,80.0,1789526166464,119316811923947
5,3218,100.0,1789526166464,119316811923947
6,3218,30.0,1789526166464,119316811923947
7,3218,0.0,1789526166464,119316811923947
0,3318,18.2,1789526166564,119316814337143
1,3318,100.0,1789526166564,119316814337143
2,3318,18.2,1789526166564,119316814337143
3,3318,100.0,1789526166564,119316814337143
4,3318,100.0,1789526166564,119316814337143
5,3318,100.0,1789526166564,119316814337143
6,3318,11.1,1789526166564,119316814337143
7,3318,27.3,1789526166564,119316814337143
0,3419,20.0,1789526166665,119316816751859
1,3419,70.0,1789526166665,119316816751859
2,3419,12.5,1789526166665,119316816751859
3,3419,100.0,1789526166665,119316816751859
4,3419,100.0,1789526166665,119316816751859
5,3419,90.0,1789526166665,119316816751859
6,3419,30.0,1789526166665,119316816751859
7,3419,44.4,1789526166665,119316816751859
0,3520,33.3,1789526166766,119316819175512
1,3520,45.5,1789526166766,119316819175512
2,3520,20.0,1789526166766,119316819175512
3,3520,60.0,1789526166766,119316819175512
4,3520,100.0,1789526166766,119316819175512
5,3520,0.0,1789526166766,119316819175512
6,3520,30.0,1789526166766,119316819175512
7,3520,44.4,1789526166766,119316819175512
0,3621,30.0,1789526166867,119316821589812
1,3621,18.2,1789526166867,119316821589812
2,3621,0.0,1789526166867,119316821589812
3,3621,60.0,1789526166867,119316821589812
4,3621,80.0,1789526166867,119316821589812
5,3621,22.2,1789526166867,119316821589812
6,3621,45.5,1789526166867,119316821589812
7,3621,44.4,1789526166867,119316821589812
0,3721,10.0,1789526166967,119316824004504
1,3721,0.0,1789526166967,119316824004504
2,3721,9.1,1789526166967,119316824004504
3,3721,50.0,1789526166967,119316824004504
4,3721,100.0,1789526166967,119316824004504
5,3721,90.9,1789526166967,119316824004504
6,3721,81.8,1789526166967,119316824004504
7,3721,83.3,1789526166967,119316824004504
0,3822,9.1,1789526167068,119316826418089
1,3822,0.0,1789526167068,119316826418089
2,3822,0.0,1789526167068,119316826418089
3,3822,50.0,1789526167068,119316826418089
4,3822,90.9,1789526167068,119316826418089
5,3822,90.0,1789526167068,119316826418089
6,3822,90.0,1789526167068,119316826418089
7,3822,90.0,1789526167068,119316826418089
0,3922,16.7,1789526167168,119316828833490
1,3922,0.0,1789526167168,119316828833490
2,3922,54.5,1789526167168,119316828833490
3,3922,55.6,1789526167168,119316828833490
4,3922,100.0,1789526167168,119316828833490
5,3922,80.0,1789526167168,119316828833490
6,3922,80.0,1789526167168,119316828833490
7,3922,80.0,1789526167168,119316828833490
0,4024,18.2,1789526167270,119316831272393
1,4024,0.0,1789526167270,119316831272393
2,4024,100.0,1789526167270,119316831272393
3,4024,50.0,1789526167270,119316831272393
4,4024,88.9,1789526167270,119316831272393
5,4024,77.8,1789526167270,119316831272393
6,4024,88.9,1789526167270,119316831272393
7,4024,77.8,1789526167270,119316831272393
0,4125,60.0,1789526167371,119316833690163
1,4125,0.0,1789526167371,119316833690163
2,4125,44.4,1789526167371,119316833690163
3,4125,60.0,1789526167371,119316833690163
4,4125,90.9,1789526167371,119316833690163
5,4125,77.8,1789526167371,119316833690163
6,4125,81.8,1789526167371,119316833690163
7,4125,80.0,1789526167371,119316833690163
0,4226,100.0,1789526167472,119316836112789
1,4226,0.0,1789526167472,119316836112789
2,4226,0.0,1789526167472,119316836112789
3,4226,50.0,1789526167472,119316836112789
4,4226,100.0,1789526167472,119316836112789
5,4226,88.9,1789526167472,119316836112789
6,4226,75.0,1789526167472,119316836112789
7,4226,88.9,1789526167472,119316836112789
0,4326,100.0,1789526167572,119316838526251
1,4326,10.0,1789526167572,119316838526251
2,4326,0.0,1789526167572,119316838526251
3,4326,55.6,1789526167572,119316838526251
4,4326,90.9,1789526167572,119316838526251
5,4326,80.0,1789526167572,119316838526251
6,4326,90.0,1789526167572,119316838526251
7,4326,77.8,1789526167572,119316838526251
0,4427,9.1,1789526167673,119316840939493
1,4427,0.0,1789526167673,119316840939493
2,4427,0.0,1789526167673,119316840939493
3,4427,54.5,1789526167673,119316840939493
4,4427,100.0,1789526167673,119316840939493
5,4427,77.8,1789526167673,119316840939493
6,4427,80.0,1789526167673,119316840939493
7,4427,77.8,1789526167673,119316840939493
0,4527,0.0,1789526167773,119316843353066
1,4527,0.0,1789526167773,119316843353066
2,4527,0.0,1789526167773,119316843353066
3,4527,55.6,1789526167773,119316843353066
4,4527,90.0,1789526167773,119316843353066
5,4527,88.9,1789526167773,119316843353066
6,4527,80.0,1789526167773,119316843353066
7,4527,88.9,1789526167773,119316843353066
0,4628,0.0,1789526167874,119316845773077
1,4628,10.0,1789526167874,119316845773077
2,4628,0.0,1789526167874,119316845773077
3,4628,50.0,1789526167874,119316845773077
4,4628,100.0,1789526167874,119316845773077
5,4628,81.8,1789526167874,119316845773077
6,4628,90.0,1789526167874,119316845773077
7,4628,81.8,1789526167874,119316845773077
0,4729,9.1,1789526167975,119316848187087
1,4729,0.0,1789526167975,119316848187087
2,4729,0.0,1789526167975,119316848187087
3,4729,50.0,1789526167975,119316848187087
4,4729,100.0,1789526167975,119316848187087
5,4729,88.9,1789526167975,119316848187087
6,4729,77.8,1789526167975,119316848187087
7,4729,90.0,1789526167975,119316848187087
0,4829,18.2,1789526168075,119316850602042
1,4829,0.0,1789526168075,119316850602042
2,4829,0.0,1789526168075,119316850602042
3,4829,60.0,1789526168075,119316850602042
4,4829,100.0,1789526168075,119316850602042
5,4829,81.8,1789526168075,119316850602042
6,4829,88.9,1789526168075,119316850602042
7,4829,77.8,1789526168075,119316850602042
0,4930,16.7,1789526168176,119316853022321
1,4930,0.0,1789526168176,119316853022321
2,4930,0.0,1789526168176,119316853022321
3,4930,50.0,1789526168176,119316853022321
4,4930,88.9,1789526168176,119316853022321
5,4930,90.0,1789526168176,119316853022321
6,4930,80.0,1789526168176,119316853022321
7,4930,88.9,1789526168176,119316853022321
0,5031,0.0,1789526168277,119316855435667
1,5031,0.0,1789526168277,119316855435667
2,5031,0.0,1789526168277,119316855435667
3,5031,55.6,1789526168277,119316855435667
4,5031,100.0,1789526168277,119316855435667
5,5031,88.9,1789526168277,119316855435667
6,5031,88.9,1789526168277,119316855435667
7,5031,90.0,1789526168277,119316855435667
0,5131,16.7,1789526168377,119316857850027
1,5131,0.0,1789526168377,119316857850027
2,5131,0.0,1789526168377,119316857850027
3,5131,50.0,1789526168377,119316857850027
4,5131,100.0,1789526168377,119316857850027
5,5131,88.9,1789526168377,119316857850027
6,5131,88.9,1789526168377,119316857850027
7,5131,80.0,1789526168377,119316857850027
0,5232,10.0,1789526168478,119316860263996
1,5232,9.1,1789526168478,119316860263996
2,5232,0.0,1789526168478,119316860263996
3,5232,60.0,1789526168478,119316860263996
4,5232,100.0,1789526168478,119316860263996
5,5232,80.0,1789526168478,119316860263996
6,5232,80.0,1789526168478,119316860263996
7,5232,87.5,1789526168478,119316860263996
0,5333,0.0,1789526168579,119316862686145
1,5333,10.0,1789526168579,119316862686145
2,5333,0.0,1789526168579,119316862686145
3,5333,50.0,1789526168579,119316862686145
4,5333,90.9,1789526168579,119316862686145
5,5333,88.9,1789526168579,119316862686145
6,5333,88.9,1789526168579,119316862686145
7,5333,81.8,1789526168579,119316862686145
0,5434,0.0,1789526168680,119316865099409
1,5434,9.1,1789526168680,119316865099409
2,5434,0.0,1789526168680,119316865099409
3,5434,50.0,1789526168680,119316865099409
4,5434,100.0,1789526168680,119316865099409
5,5434,81.8,1789526168680,119316865099409
6,5434,81.8,1789526168680,119316865099409
7,5434,90.0,1789526168680,119316865099409
0,5534,0.0,1789526168780,119316867519089
1,5534,0.0,1789526168780,119316867519089
2,5534,0.0,1789526168780,119316867519089
3,5534,55.6,1789526168780,119316867519089
4,5534,100.0,1789526168780,119316867519089
5,5534,88.9,1789526168780,119316867519089
6,5534,88.9,1789526168780,119316867519089
7,5534,88.9,1789526168780,119316867519089
0,5635,9.1,1789526168881,119316869946497
1,5635,9.1,1789526168881,119316869946497
2,5635,0.0,1789526168881,119316869946497
3,5635,50.0,1789526168881,119316869946497
4,5635,100.0,1789526168881,119316869946497
5,5635,88.9,1789526168881,119316869946497
6,5635,80.0,1789526168881,119316869946497
7,5635,81.8,1789526168881,119316869946497
0,5736,0.0,1789526168982,119316872364064
1,5736,0.0,1789526168982,119316872364064
2,5736,0.0,1789526168982,119316872364064
3,5736,54.5,1789526168982,119316872364064
4,5736,100.0,1789526168982,119316872364064
5,5736,81.8,1789526168982,119316872364064
6,5736,90.0,1789526168982,119316872364064
7,5736,90.0,1789526168982,119316872364064
0,5837,0.0,1789526169083,119316874793886
1,5837,9.1,1789526169083,119316874793886
2,5837,0.0,1789526169083,119316874793886
3,5837,50.0,1789526169083,119316874793886
4,5837,90.0,1789526169083,119316874793886
5,5837,90.0,1789526169083,119316874793886
6,5837,90.0,1789526169083,119316874793886
7,5837,88.9,1789526169083,119316874793886
0,5938,0.0,1789526169184,119316877207001
1,5938,9.1,1789526169184,119316877207001
2,5938,0.0,1789526169184,119316877207001
3,5938,55.6,1789526169184,119316877207001
4,5938,100.0,1789526169184,119316877207001
5,5938,88.9,1789526169184,119316877207001
6,5938,80.0,1789526169184,119316877207001
7,5938,80.0,1789526169184,119316877207001
0,6039,0.0,1789526169285,119316879620648
1,6039,11.1,1789526169285,119316879620648
2,6039,0.0,1789526169285,119316879620648
3,6039,50.0,1789526169285,119316879620648
4,6039,100.0,1789526169285,119316879620648
5,6039,90.0,1789526169285,119316879620648
6,6039,88.9,1789526169285,119316879620648
7,6039,88.9,1789526169285,119316879620648
0,6139,0.0,1789526169385,119316882037206
1,6139,9.1,1789526169385,119316882037206
2,6139,0.0,1789526169385,119316882037206
3,6139,55.6,1789526169385,119316882037206
4,6139,100.0,1789526169385,119316882037206
5,6139,80.0,1789526169385,119316882037206
6,6139,81.8,1789526169385,119316882037206
7,6139,90.9,1789526169385,119316882037206
0,6240,0.0,1789526169486,119316884460401
1,6240,10.0,1789526169486,119316884460401
2,6240,9.1,1789526169486,119316884460401
3,6240,54.5,1789526169486,119316884460401
4,6240,100.0,1789526169486,119316884460401
5,6240,88.9,1789526169486,119316884460401
6,6240,88.9,1789526169486,119316884460401
7,6240,77.8,1789526169486,119316884460401
0,6341,18.2,1789526169587,119316886883208
1,6341,18.2,1789526169587,119316886883208
2,6341,0.0,1789526169587,119316886883208
3,6341,50.0,1789526169587,119316886883208
4,6341,90.0,1789526169587,119316886883208
5,6341,90.0,1789526169587,119316886883208
6,6341,88.9,1789526169587,119316886883208
7,6341,90.0,1789526169587,119316886883208
0,6442,0.0,1789526169688,119316889296442
1,6442,9.1,1789526169688,119316889296442
2,6442,0.0,1789526169688,119316889296442
3,6442,50.0,1789526169688,119316889296442
4,6442,100.0,1789526169688,119316889296442
5,6442,81.8,1789526169688,119316889296442
6,6442,81.8,1789526169688,119316889296442
7,6442,80.0,1789526169688,119316889296442
0,6542,9.1,1789526169788,119316891709510
1,6542,0.0,1789526169788,119316891709510
2,6542,0.0,1789526169788,119316891709510
3,6542,55.6,1789526169788,119316891709510
4,6542,100.0,1789526169788,119316891709510
5,6542,88.9,1789526169788,119316891709510
6,6542,88.9,1789526169788,119316891709510
7,6542,88.9,1789526169788,119316891709510
0,6644,0.0,1789526169890,119316894145536
1,6644,0.0,1789526169890,119316894145536
2,6644,0.0,1789526169890,119316894145536
3,6644,50.0,1789526169890,119316894145536
4,6644,100.0,1789526169890,119316894145536
5,6644,90.0,1789526169890,119316894145536
6,6644,80.0,1789526169890,119316894145536
7,6644,90.0,1789526169890,119316894145536
0,6744,0.0,1789526169990,119316896558703
1,6744,9.1,1789526169990,119316896558703
2,6744,0.0,1789526169990,119316896558703
3,6744,54.5,1789526169990,119316896558703
4,6744,100.0,1789526169990,119316896558703
5,6744,80.0,1789526169990,119316896558703
6,6744,87.5,1789526169990,119316896558703
7,6744,80.0,1789526169990,119316896558703
0,6845,18.2,1789526170091,119316898972682
1,6845,10.0,1789526170091,119316898972682
2,6845,0.0,1789526170091,119316898972682
3,6845,55.6,1789526170091,119316898972682
4,6845,90.9,1789526170091,119316898972682
5,6845,88.9,1789526170091,119316898972682
6,6845,81.8,1789526170091,119316898972682
7,6845,87.5,1789526170091,119316898972682
0,6945,50.0,1789526170191,119316901385775
1,6945,36.4,1789526170191,119316901385775
2,6945,20.0,1789526170191,119316901385775
3,6945,50.0,1789526170191,119316901385775
4,6945,100.0,1789526170191,119316901385775
5,6945,77.8,1789526170191,119316901385775
6,6945,62.5,1789526170191,119316901385775
7,6945,60.0,1789526170191,119316901385775
0,7046,100.0,1789526170292,119316903798976
1,7046,22.2,1789526170292,119316903798976
2,7046,20.0,1789526170292,119316903798976
3,7046,55.6,1789526170292,119316903798976
4,7046,88.9,1789526170292,119316903798976
5,7046,80.0,1789526170292,119316903798976
6,7046,81.8,1789526170292,119316903798976
7,7046,80.0,1789526170292,119316903798976
0,7147,70.0,1789526170393,119316906226605
1,7147,55.6,1789526170393,119316906226605
2,7147,40.0,1789526170393,119316906226605
3,7147,72.7,1789526170393,119316906226605
4,7147,100.0,1789526170393,119316906226605
5,7147,77.8,1789526170393,119316906226605
6,7147,77.8,1789526170393,119316906226605
7,7147,87.5,1789526170393,119316906226605
0,7248,33.3,1789526170494,119316908640132
1,7248,72.7,1789526170494,119316908640132
2,7248,37.5,1789526170494,119316908640132
3,7248,90.0,1789526170494,119316908640132
4,7248,100.0,1789526170494,119316908640132
5,7248,90.0,1789526170494,119316908640132
6,7248,80.0,1789526170494,119316908640132
7,7248,77.8,1789526170494,119316908640132
0,7348,37.5,1789526170594,119316911055213
1,7348,72.7,1789526170594,119316911055213
2,7348,40.0,1789526170594,119316911055213
3,7348,90.0,1789526170594,119316911055213
4,7348,90.0,1789526170594,119316911055213
5,7348,90.9,1789526170594,119316911055213
6,7348,90.0,1789526170594,119316911055213
7,7348,81.8,1789526170594,119316911055213
0,7449,66.7,1789526170695,119316913469763
1,7449,55.6,1789526170695,119316913469763
2,7449,77.8,1789526170695,119316913469763
3,7449,44.4,1789526170695,119316913469763
4,7449,100.0,1789526170695,119316913469763
5,7449,80.0,1789526170695,119316913469763
6,7449,90.0,1789526170695,119316913469763
7,7449,90.0,1789526170695,119316913469763
0,7550,50.0,1789526170796,119316915884740
1,7550,66.7,1789526170796,119316915884740
2,7550,90.0,1789526170796,119316915884740
3,7550,37.5,1789526170796,119316915884740
4,7550,90.0,1789526170796,119316915884740
5,7550,88.9,1789526170796,119316915884740
6,7550,80.0,1789526170796,119316915884740
7,7550,87.5,1789526170796,119316915884740
0,7651,50.0,1789526170897,119316918317692
1,7651,66.7,1789526170897,119316918317692
2,7651,37.5,1789526170897,119316918317692
3,7651,77.8,1789526170897,119316918317692
4,7651,88.9,1789526170897,119316918317692
5,7651,88.9,1789526170897,119316918317692
6,7651,88.9,1789526170897,119316918317692
7,7651,81.8,1789526170897,119316918317692
0,7752,60.0,1789526170998,119316920732327
1,7752,60.0,1789526170998,119316920732327
2,7752,60.0,1789526170998,119316920732327
3,7752,70.0,1789526170998,119316920732327
4,7752,100.0,1789526170998,119316920732327
5,7752,90.0,1789526170998,119316920732327
6,7752,81.8,1789526170998,119316920732327
7,7752,88.9,1789526170998,119316920732327
0,7852,50.0,1789526171098,119316923145917
1,7852,62.5,1789526171098,119316923145917
2,7852,66.7,1789526171098,119316923145917
3,7852,70.0,1789526171098,119316923145917
4,7852,100.0,1789526171098,119316923145917
5,7852,90.0,1789526171098,119316923145917
6,7852,90.0,1789526171098,119316923145917
7,7852,90.0,1789526171098,119316923145917
0,7953,55.6,1789526171199,119316925559210
1,7953,66.7,1789526171199,119316925559210
2,7953,70.0,1789526171199,119316925559210
3,7953,55.6,1789526171199,119316925559210
4,7953,90.9,1789526171199,119316925559210
5,7953,90.0,1789526171199,119316925559210
6,7953,88.9,1789526171199,119316925559210
7,7953,90.0,1789526171199,119316925559210
0,8053,80.0,1789526171299,119316927973157
1,8053,81.8,1789526171299,119316927973157
2,8053,66.7,1789526171299,119316927973157
3,8053,81.8,1789526171299,119316927973157
4,8053,62.5,1789526171299,119316927973157
5,8053,55.6,1789526171299,119316927973157
6,8053,90.9,1789526171299,119316927973157
7,8053,54.5,1789526171299,119316927973157
0,8154,80.0,1789526171400,119316930393020
1,8154,77.8,1789526171400,119316930393020
2,8154,77.8,1789526171400,119316930393020
3,8154,77.8,1789526171400,119316930393020
4,8154,50.0,1789526171400,119316930393020
5,8154,55.6,1789526171400,119316930393020
6,8154,100.0,1789526171400,119316930393020
7,8154,55.6,1789526171400,119316930393020
0,8255,100.0,1789526171501,119316932813600
1,8255,88.9,1789526171501,119316932813600
2,8255,81.8,1789526171501,119316932813600
3,8255,90.0,1789526171501,119316932813600
4,8255,50.0,1789526171501,119316932813600
5,8255,33.3,1789526171501,119316932813600
6,8255,90.9,1789526171501,119316932813600
7,8255,66.7,1789526171501,119316932813600
0,8356,100.0,1789526171602,119316935227216
1,8356,80.0,1789526171602,119316935227216
2,8356,87.5,1789526171602,119316935227216
3,8356,80.0,1789526171602,119316935227216
4,8356,50.0,1789526171602,119316935227216
5,8356,55.6,1789526171602,119316935227216
6,8356,77.8,1789526171602,119316935227216
7,8356,77.8,1789526171602,119316935227216
0,8456,100.0,1789526171702,119316937641015
1,8456,88.9,1789526171702,119316937641015
2,8456,80.0,1789526171702,119316937641015
3,8456,88.9,1789526171702,119316937641015
4,8456,70.0,1789526171702,119316937641015
5,8456,37.5,1789526171702,119316937641015
6,8456,90.0,1789526171702,119316937641015
7,8456,44.4,1789526171702,119316937641015
0,8557,100.0,1789526171803,119316940057091
1,8557,88.9,1789526171803,119316940057091
2,8557,88.9,1789526171803,119316940057091
3,8557,87.5,1789526171803,119316940057091
4,8557,75.0,1789526171803,119316940057091
5,8557,50.0,1789526171803,119316940057091
6,8557,50.0,1789526171803,119316940057091
7,8557,70.0,1789526171803,119316940057091
0,8657,90.9,1789526171903,119316942473225
1,8657,90.0,1789526171903,119316942473225
2,8657,90.0,1789526171903,119316942473225
3,8657,81.8,1789526171903,119316942473225
4,8657,70.0,1789526171903,119316942473225
5,8657,54.5,1789526171903,119316942473225
6,8657,90.9,1789526171903,119316942473225
7,8657,33.3,1789526171903,119316942473225
0,8758,100.0,1789526172004,119316944887585
1,8758,90.0,1789526172004,119316944887585
2,8758,77.8,1789526172004,119316944887585
3,8758,87.5,1789526172004,119316944887585
4,8758,55.6,1789526172004,119316944887585
5,8758,44.4,1789526172004,119316944887585
6,8758,88.9,1789526172004,119316944887585
7,8758,44.4,1789526172004,119316944887585
0,8860,88.9,1789526172106,119316947324833
1,8860,75.0,1789526172106,119316947324833
2,8860,75.0,1789526172106,119316947324833
3,8860,77.8,1789526172106,119316947324833
4,8860,60.0,1789526172106,119316947324833
5,8860,66.7,1789526172106,119316947324833
6,8860,50.0,1789526172106,119316947324833
7,8860,90.9,1789526172106,119316947324833
0,8960,100.0,1789526172206,119316949738008
1,8960,90.0,1789526172206,119316949738008
2,8960,90.9,1789526172206,119316949738008
3,8960,90.0,1789526172206,119316949738008
4,8960,37.5,1789526172206,119316949738008
5,8960,66.7,1789526172206,119316949738008
6,8960,25.0,1789526172206,119316949738008
7,8960,87.5,1789526172206,119316949738008
0,9061,100.0,1789526172307,119316952151283
1,9061,81.8,1789526172307,119316952151283
2,9061,88.9,1789526172307,119316952151283
3,9061,90.0,1789526172307,119316952151283
4,9061,60.0,1789526172307,119316952151283
5,9061,75.0,1789526172307,119316952151283
6,9061,90.0,1789526172307,119316952151283
7,9061,33.3,1789526172307,119316952151283
0,9161,90.0,1789526172407,119316954564571
1,9161,88.9,1789526172407,119316954564571
2,9161,81.8,1789526172407,119316954564571
3,9161,81.8,1789526172407,119316954564571
4,9161,50.0,1789526172407,119316954564571
5,9161,55.6,1789526172407,119316954564571
6,9161,88.9,1789526172407,119316954564571
7,9161,33.3,1789526172407,119316954564571
0,9262,50.0,1789526172508,119316956978632
1,9262,90.9,1789526172508,119316956978632
2,9262,44.4,1789526172508,119316956978632
3,9262,55.6,1789526172508,119316956978632
4,9262,80.0,1789526172508,119316956978632
5,9262,90.0,1789526172508,119316956978632
6,9262,70.0,1789526172508,119316956978632
7,9262,66.7,1789526172508,119316956978632
0,9362,80.0,1789526172608,119316959393617
1,9362,90.0,1789526172608,119316959393617
2,9362,54.5,1789526172608,119316959393617
3,9362,37.5,1789526172608,119316959393617
4,9362,100.0,1789526172608,119316959393617
5,9362,90.0,1789526172608,119316959393617
6,9362,88.9,1789526172608,119316959393617
7,9362,90.9,1789526172608,119316959393617
0,9463,66.7,1789526172709,119316961812699
1,9463,100.0,1789526172709,119316961812699
2,9463,55.6,1789526172709,119316961812699
3,9463,60.0,1789526172709,119316961812699
4,9463,100.0,1789526172709,119316961812699
5,9463,88.9,1789526172709,119316961812699
6,9463,80.0,1789526172709,119316961812699
7,9463,88.9,1789526172709,119316961812699
0,9564,50.0,1789526172810,119316964230426
1,9564,90.0,1789526172810,119316964230426
2,9564,58.3,1789526172810,119316964230426
3,9564,66.7,1789526172810,119316964230426
4,9564,90.9,1789526172810,119316964230426
5,9564,81.8,1789526172810,119316964230426
6,9564,90.0,1789526172810,119316964230426
7,9564,83.3,1789526172810,119316964230426
0,9665,70.0,1789526172911,119316966655663
1,9665,55.6,1789526172911,119316966655663
2,9665,50.0,1789526172911,119316966655663
3,9665,75.0,1789526172911,119316966655663
4,9665,100.0,1789526172911,119316966655663
5,9665,90.0,1789526172911,119316966655663
6,9665,90.0,1789526172911,119316966655663
7,9665,90.0,1789526172911,119316966655663
0,9766,66.7,1789526173012,119316969069805
1,9766,70.0,1789526173012,119316969069805
2,9766,45.5,1789526173012,119316969069805
3,9766,63.6,1789526173012,119316969069805
4,9766,100.0,1789526173012,119316969069805
5,9766,90.0,1789526173012,119316969069805
6,9766,80.0,1789526173012,119316969069805
7,9766,90.0,1789526173012,119316969069805
0,9866,44.4,1789526173112,119316971483636
1,9866,90.9,1789526173112,119316971483636
2,9866,44.4,1789526173112,119316971483636
3,9866,66.7,1789526173112,119316971483636
4,9866,100.0,1789526173112,119316971483636
5,9866,87.5,1789526173112,119316971483636
6,9866,88.9,1789526173112,119316971483636
7,9866,77.8,1789526173112,119316971483636
0,9967,77.8,1789526173213,119316973901988
1,9967,75.0,1789526173213,119316973901988
2,9967,75.0,1789526173213,119316973901988
3,9967,88.9,1789526173213,119316973901988
4,9967,50.0,1789526173213,119316973901988
5,9967,100.0,1789526173213,119316973901988
6,9967,55.6,1789526173213,119316973901988
7,9967,50.0,1789526173213,119316973901988
0,10068,90.0,1789526173314,119316976316829
1,10068,77.8,1789526173314,119316976316829
2,10068,81.8,1789526173314,119316976316829
3,10068,77.8,1789526173314,119316976316829
4,10068,50.0,1789526173314,119316976316829
5,10068,81.8,1789526173314,119316976316829
6,10068,66.7,1789526173314,119316976316829
7,10068,55.6,1789526173314,119316976316829
0,10168,87.5,1789526173414,119316978730492
1,10168,80.0,1789526173414,119316978730492
2,10168,90.9,1789526173414,119316978730492
3,10168,80.0,1789526173414,119316978730492
4,10168,44.4,1789526173414,119316978730492
5,10168,37.5,1789526173414,119316978730492
6,10168,70.0,1789526173414,119316978730492
7,10168,90.9,1789526173414,119316978730492
0,10269,100.0,1789526173515,119316981144426
1,10269,87.5,1789526173515,119316981144426
2,10269,88.9,1789526173515,119316981144426
3,10269,87.5,1789526173515,119316981144426
4,10269,37.5,1789526173515,119316981144426
5,10269,80.0,1789526173515,119316981144426
6,10269,77.8,1789526173515,119316981144426
7,10269,55.6,1789526173515,119316981144426
0,10370,88.9,1789526173616,119316983567086
1,10370,77.8,1789526173616,119316983567086
2,10370,88.9,1789526173616,119316983567086
3,10370,80.0,1789526173616,119316983567086
4,10370,70.0,1789526173616,119316983567086
5,10370,81.8,1789526173616,119316983567086
6,10370,55.6,1789526173616,119316983567086
7,10370,40.0,1789526173616,119316983567086
0,10470,87.5,1789526173716,119316985981061
1,10470,81.8,1789526173716,119316985981061
2,10470,90.9,1789526173716,119316985981061
3,10470,88.9,1789526173716,119316985981061
4,10470,28.6,1789526173716,119316985981061
5,10470,50.0,1789526173716,119316985981061
6,10470,42.9,1789526173716,119316985981061
7,10470,90.0,1789526173716,119316985981061
0,10571,100.0,1789526173817,119316988394751
1,10571,88.9,1789526173817,119316988394751
2,10571,80.0,1789526173817,119316988394751
3,10571,77.8,1789526173817,119316988394751
4,10571,50.0,1789526173817,119316988394751
5,10571,70.0,1789526173817,119316988394751
6,10571,60.0,1789526173817,119316988394751
7,10571,62.5,1789526173817,119316988394751
0,10672,90.9,1789526173918,119316990811346
1,10672,90.0,1789526173918,119316990811346
2,10672,90.0,1789526173918,119316990811346
3,10672,90.0,1789526173918,119316990811346
4,10672,77.8,1789526173918,119316990811346
5,10672,60.0,1789526173918,119316990811346
6,10672,37.5,1789526173918,119316990811346
7,10672,37.5,1789526173918,119316990811346
0,10772,100.0,1789526174018,119316993231562
1,10772,90.0,1789526174018,119316993231562
2,10772,90.9,1789526174018,119316993231562
3,10772,90.9,1789526174018,119316993231562
4,10772,44.4,1789526174018,119316993231562
5,10772,75.0,1789526174018,119316993231562
6,10772,90.0,1789526174018,119316993231562
7,10772,40.0,1789526174018,119316993231562
0,10873,90.0,1789526174119,119316995646273
1,10873,80.0,1789526174119,119316995646273
2,10873,80.0,1789526174119,119316995646273
3,10873,80.0,1789526174119,119316995646273
4,10873,55.6,1789526174119,119316995646273
5,10873,62.5,1789526174119,119316995646273
6,10873,100.0,1789526174119,119316995646273
7,10873,60.0,1789526174119,119316995646273
0,10974,90.0,1789526174220,119316998060387
1,10974,80.0,1789526174220,119316998060387
2,10974,88.9,1789526174220,119316998060387
3,10974,90.0,1789526174220,119316998060387
4,10974,44.4,1789526174220,119316998060387
5,10974,60.0,1789526174220,119316998060387
6,10974,72.7,1789526174220,119316998060387
7,10974,80.0,1789526174220,119316998060387
0,11075,100.0,1789526174321,119317000484749
1,11075,90.0,1789526174321,119317000484749
2,11075,81.8,1789526174321,119317000484749
3,11075,80.0,1789526174321,119317000484749
4,11075,44.4,1789526174321,119317000484749
5,11075,90.9,1789526174321,119317000484749
6,11075,28.6,1789526174321,119317000484749
7,11075,50.0,1789526174321,119317000484749
0,11175,100.0,1789526174421,119317002899295
1,11175,90.0,1789526174421,119317002899295
2,11175,90.0,1789526174421,119317002899295
3,11175,90.0,1789526174421,119317002899295
4,11175,55.6,1789526174421,119317002899295
5,11175,88.9,1789526174421,119317002899295
6,11175,33.3,1789526174421,119317002899295
7,11175,70.0,1789526174421,119317002899295
0,11276,100.0,1789526174522,119317005314450
1,11276,90.9,1789526174522,119317005314450
2,11276,90.9,1789526174522,119317005314450
3,11276,90.9,1789526174522,119317005314450
4,11276,60.0,1789526174522,119317005314450
5,11276,90.9,1789526174522,119317005314450
6,11276,44.4,1789526174522,119317005314450
7,11276,77.8,1789526174522,119317005314450
0,11376,90.9,1789526174622,119317007728754
1,11376,80.0,1789526174622,119317007728754
2,11376,88.9,1789526174622,119317007728754
3,11376,80.0,1789526174622,119317007728754
4,11376,54.5,1789526174622,119317007728754
5,11376,90.0,1789526174622,119317007728754
6,11376,50.0,1789526174622,119317007728754
7,11376,70.0,1789526174622,119317007728754
0,11477,90.0,1789526174723,119317010144156
1,11477,77.8,1789526174723,119317010144156
2,11477,80.0,1789526174723,119317010144156
3,11477,87.5,1789526174723,119317010144156
4,11477,77.8,1789526174723,119317010144156
5,11477,70.0,1789526174723,119317010144156
6,11477,50.0,1789526174723,119317010144156
7,11477,45.5,1789526174723,119317010144156
0,11578,100.0,1789526174824,119317012562790
1,11578,90.9,1789526174824,119317012562790
2,11578,87.5,1789526174824,119317012562790
3,11578,88.9,1789526174824,119317012562790
4,11578,77.8,1789526174824,119317012562790
5,11578,90.9,1789526174824,119317012562790
6,11578,44.4,1789526174824,119317012562790
7,11578,54.5,1789526174824,119317012562790
0,11678,100.0,1789526174924,119317014976122
1,11678,87.5,1789526174924,119317014976122
2,11678,88.9,1789526174924,119317014976122
3,11678,90.0,1789526174924,119317014976122
4,11678,25.0,1789526174924,119317014976122
5,11678,100.0,1789526174924,119317014976122
6,11678,66.7,1789526174924,119317014976122
7,11678,37.5,1789526174924,119317014976122
0,11779,90.0,1789526175025,119317017391114
1,11779,81.8,1789526175025,119317017391114
2,11779,81.8,1789526175025,119317017391114
3,11779,80.0,1789526175025,119317017391114
4,11779,42.9,1789526175025,119317017391114
5,11779,88.9,1789526175025,119317017391114
6,11779,62.5,1789526175025,119317017391114
7,11779,50.0,1789526175025,119317017391114
0,11880,90.0,1789526175126,119317019807369
1,11880,77.8,1789526175126,119317019807369
2,11880,90.0,1789526175126,119317019807369
3,11880,88.9,1789526175126,119317019807369
4,11880,60.0,1789526175126,119317019807369
5,11880,100.0,1789526175126,119317019807369
6,11880,60.0,1789526175126,119317019807369
7,11880,50.0,1789526175126,119317019807369
0,11981,100.0,1789526175227,119317022245884
1,11981,90.9,1789526175227,119317022245884
2,11981,81.8,1789526175227,119317022245884
3,11981,83.3,1789526175227,119317022245884
4,11981,44.4,1789526175227,119317022245884
5,11981,80.0,1789526175227,119317022245884
6,11981,72.7,1789526175227,119317022245884
7,11981,44.4,1789526175227,119317022245884
0,12082,90.0,1789526175328,119317024661677
1,12082,88.9,1789526175328,119317024661677
2,12082,80.0,1789526175328,119317024661677
3,12082,77.8,1789526175328,119317024661677
4,12082,60.0,1789526175328,119317024661677
5,12082,50.0,1789526175328,119317024661677
6,12082,55.6,1789526175328,119317024661677
7,12082,90.0,1789526175328,119317024661677
0,12183,100.0,1789526175429,119317027082902
1,12183,88.9,1789526175429,119317027082902
2,12183,87.5,1789526175429,119317027082902
3,12183,88.9,1789526175429,119317027082902
4,12183,77.8,1789526175429,119317027082902
5,12183,50.0,1789526175429,119317027082902
6,12183,70.0,1789526175429,119317027082902
7,12183,75.0,1789526175429,119317027082902
0,12284,90.0,1789526175530,119317029499606
1,12284,81.8,1789526175530,119317029499606
2,12284,90.0,1789526175530,119317029499606
3,12284,81.8,1789526175530,119317029499606
4,12284,66.7,1789526175530,119317029499606
5,12284,44.4,1789526175530,119317029499606
6,12284,88.9,1789526175530,119317029499606
7,12284,33.3,1789526175530,119317029499606
0,12384,100.0,1789526175630,119317031915146
1,12384,90.0,1789526175630,119317031915146
2,12384,80.0,1789526175630,119317031915146
3,12384,88.9,1789526175630,119317031915146
4,12384,44.4,1789526175630,119317031915146
5,12384,75.0,1789526175630,119317031915146
6,12384,90.0,1789526175630,119317031915146
7,12384,40.0,1789526175630,119317031915146
0,12485,100.0,1789526175731,119317034331029
1,12485,88.9,1789526175731,119317034331029
2,12485,90.0,1789526175731,119317034331029
3,12485,90.9,1789526175731,119317034331029
4,12485,44.4,1789526175731,119317034331029
5,12485,62.5,1789526175731,119317034331029
6,12485,90.0,1789526175731,119317034331029
7,12485,44.4,1789526175731,119317034331029
0,12586,100.0,1789526175832,119317036745762
1,12586,87.5,1789526175832,119317036745762
2,12586,75.0,1789526175832,119317036745762
3,12586,85.7,1789526175832,119317036745762
4,12586,44.4,1789526175832,119317036745762
5,12586,66.7,1789526175832,119317036745762
6,12586,100.0,1789526175832,119317036745762
7,12586,55.6,1789526175832,119317036745762
0,12687,90.0,1789526175933,119317039175873
1,12687,90.0,1789526175933,119317039175873
2,12687,88.9,1789526175933,119317039175873
3,12687,88.9,1789526175933,119317039175873
4,12687,44.4,1789526175933,119317039175873
5,12687,66.7,1789526175933,119317039175873
6,12687,90.9,1789526175933,119317039175873
7,12687,45.5,1789526175933,119317039175873
0,12787,100.0,1789526176033,119317041590775
1,12787,81.8,1789526176033,119317041590775
2,12787,88.9,1789526176033,119317041590775
3,12787,81.8,1789526176033,119317041590775
4,12787,44.4,1789526176033,119317041590775
5,12787,70.0,1789526176033,119317041590775
6,12787,100.0,1789526176033,119317041590775
7,12787,44.4,1789526176033,119317041590775
0,12888,100.0,1789526176134,119317044005953
1,12888,87.5,1789526176134,119317044005953
2,12888,80.0,1789526176134,119317044005953
3,12888,88.9,1789526176134,119317044005953
4,12888,60.0,1789526176134,119317044005953
5,12888,77.8,1789526176134,119317044005953
6,12888,90.0,1789526176134,119317044005953
7,12888,54.5,1789526176134,119317044005953
0,12989,100.0,1789526176235,119317046421600
1,12989,88.9,1789526176235,119317046421600
2,12989,88.9,1789526176235,119317046421600
3,12989,88.9,1789526176235,119317046421600
4,12989,55.6,1789526176235,119317046421600
5,12989,75.0,1789526176235,119317046421600
6,12989,88.9,1789526176235,119317046421600
7,12989,28.6,1789526176235,119317046421600
0,13089,100.0,1789526176335,119317048839717
1,13089,88.9,1789526176335,119317048839717
2,13089,80.0,1789526176335,119317048839717
3,13089,88.9,1789526176335,119317048839717
4,13089,55.6,1789526176335,119317048839717
5,13089,70.0,1789526176335,119317048839717
6,13089,55.6,1789526176335,119317048839717
7,13089,80.0,1789526176335,119317048839717
0,13190,90.9,1789526176436,119317051259280
1,13190,88.9,1789526176436,119317051259280
2,13190,90.0,1789526176436,119317051259280
3,13190,88.9,1789526176436,119317051259280
4,13190,50.0,1789526176436,119317051259280
5,13190,66.7,1789526176436,119317051259280
6,13190,72.7,1789526176436,119317051259280
7,13190,50.0,1789526176436,119317051259280
0,13291,100.0,1789526176537,119317053673365
1,13291,83.3,1789526176537,119317053673365
2,13291,90.9,1789526176537,119317053673365
3,13291,80.0,1789526176537,119317053673365
4,13291,66.7,1789526176537,119317053673365
5,13291,77.8,1789526176537,119317053673365
6,13291,77.8,1789526176537,119317053673365
7,13291,50.0,1789526176537,119317053673365
0,13391,100.0,1789526176637,119317056088418
1,13391,66.7,1789526176637,119317056088418
2,13391,66.7,1789526176637,119317056088418
3,13391,70.0,1789526176637,119317056088418
4,13391,50.0,1789526176637,119317056088418
5,13391,60.0,1789526176637,119317056088418
6,13391,80.0,1789526176637,119317056088418
7,13391,54.5,1789526176637,119317056088418
0,13492,88.9,1789526176738,119317058509972
1,13492,80.0,1789526176738,119317058509972
2,13492,80.0,1789526176738,119317058509972
3,13492,81.8,1789526176738,119317058509972
4,13492,60.0,1789526176738,119317058509972
5,13492,66.7,1789526176738,119317058509972
6,13492,70.0,1789526176738,119317058509972
7,13492,62.5,1789526176738,119317058509972
0,13593,100.0,1789526176839,119317060932566
1,13593,88.9,1789526176839,119317060932566
2,13593,88.9,1789526176839,119317060932566
3,13593,90.0,1789526176839,119317060932566
4,13593,54.5,1789526176839,119317060932566
5,13593,77.8,1789526176839,119317060932566
6,13593,50.0,1789526176839,119317060932566
7,13593,55.6,1789526176839,119317060932566
0,13694,90.9,1789526176940,119317063352281
1,13694,90.0,1789526176940,119317063352281
2,13694,81.8,1789526176940,119317063352281
3,13694,90.0,1789526176940,119317063352281
4,13694,44.4,1789526176940,119317063352281
5,13694,45.5,1789526176940,119317063352281
6,13694,90.9,1789526176940,119317063352281
7,13694,70.0,1789526176940,119317063352281
0,13795,100.0,1789526177041,119317065767087
1,13795,81.8,1789526177041,119317065767087
2,13795,88.9,1789526177041,119317065767087
3,13795,88.9,1789526177041,119317065767087
4,13795,37.5,1789526177041,119317065767087
5,13795,44.4,1789526177041,119317065767087
6,13795,100.0,1789526177041,119317065767087
7,13795,77.8,1789526177041,119317065767087
0,13896,100.0,1789526177142,119317068185487
1,13896,88.9,1789526177142,119317068185487
2,13896,87.5,1789526177142,119317068185487
3,13896,80.0,1789526177142,119317068185487
4,13896,50.0,1789526177142,119317068185487
5,13896,60.0,1789526177142,119317068185487
6,13896,90.9,1789526177142,119317068185487
7,13896,70.0,1789526177142,119317068185487
0,13996,100.0,1789526177242,119317070603100
1,13996,90.0,1789526177242,119317070603100
2,13996,81.8,1789526177242,119317070603100
3,13996,88.9,1789526177242,119317070603100
4,13996,37.5,1789526177242,119317070603100
5,13996,50.0,1789526177242,119317070603100
6,13996,88.9,1789526177242,119317070603100
7,13996,66.7,1789526177242,119317070603100
0,14097,90.0,1789526177343,119317073018710
1,14097,80.0,1789526177343,119317073018710
2,14097,88.9,1789526177343,119317073018710
3,14097,80.0,1789526177343,119317073018710
4,14097,77.8,1789526177343,119317073018710
5,14097,60.0,1789526177343,119317073018710
6,14097,100.0,1789526177343,119317073018710
7,14097,40.0,1789526177343,119317073018710
0,14198,100.0,1789526177444,119317075434446
1,14198,90.9,1789526177444,119317075434446
2,14198,90.0,1789526177444,119317075434446
3,14198,90.0,1789526177444,119317075434446
4,14198,66.7,1789526177444,119317075434446
5,14198,33.3,1789526177444,119317075434446
6,14198,70.0,1789526177444,119317075434446
7,14198,55.6,1789526177444,119317075434446
0,14298,90.0,1789526177544,119317077848592
1,14298,87.5,1789526177544,119317077848592
2,14298,81.8,1789526177544,119317077848592
3,14298,80.0,1789526177544,119317077848592
4,14298,77.8,1789526177544,119317077848592
5,14298,62.5,1789526177544,119317077848592
6,14298,44.4,1789526177544,119317077848592
7,14298,66.7,1789526177544,119317077848592
0,14399,100.0,1789526177645,119317080262157
1,14399,88.9,1789526177645,119317080262157
2,14399,87.5,1789526177645,119317080262157
3,14399,88.9,1789526177645,119317080262157
4,14399,72.7,1789526177645,119317080262157
5,14399,81.8,1789526177645,119317080262157
6,14399,60.0,1789526177645,119317080262157
7,14399,70.0,1789526177645,119317080262157
0,14499,100.0,1789526177745,119317082677166
1,14499,80.0,1789526177745,119317082677166
2,14499,80.0,1789526177745,119317082677166
3,14499,80.0,1789526177745,119317082677166
4,14499,28.6,1789526177745,119317082677166
5,14499,100.0,1789526177745,119317082677166
6,14499,33.3,1789526177745,119317082677166
7,14499,66.7,1789526177745,119317082677166
0,14600,100.0,1789526177846,119317085098473
1,14600,88.9,1789526177846,119317085098473
2,14600,88.9,1789526177846,119317085098473
3,14600,90.0,1789526177846,119317085098473
4,14600,44.4,1789526177846,119317085098473
5,14600,90.0,1789526177846,119317085098473
6,14600,60.0,1789526177846,119317085098473
7,14600,70.0,1789526177846,119317085098473
0,14701,90.0,1789526177947,119317087513108
1,14701,87.5,1789526177947,119317087513108
2,14701,88.9,1789526177947,119317087513108
3,14701,88.9,1789526177947,119317087513108
4,14701,25.0,1789526177947,119317087513108
5,14701,90.0,1789526177947,119317087513108
6,14701,40.0,1789526177947,119317087513108
7,14701,62.5,1789526177947,119317087513108
0,14802,100.0,1789526178048,119317089929465
1,14802,90.9,1789526178048,119317089929465
2,14802,81.8,1789526178048,119317089929465
3,14802,90.0,1789526178048,119317089929465
4,14802,44.4,1789526178048,119317089929465
5,14802,90.0,1789526178048,119317089929465
6,14802,50.0,1789526178048,119317089929465
7,14802,62.5,1789526178048,119317089929465
0,14902,100.0,1789526178148,119317092347881
1,14902,88.9,1789526178148,119317092347881
2,14902,87.5,1789526178148,119317092347881
3,14902,88.9,1789526178148,119317092347881
4,14902,44.4,1789526178148,119317092347881
5,14902,90.0,1789526178148,119317092347881
6,14902,44.4,1789526178148,119317092347881
7,14902,70.0,1789526178148,119317092347881
0,15003,90.9,1789526178249,119317094760824
1,15003,81.8,1789526178249,119317094760824
2,15003,90.0,1789526178249,119317094760824
3,15003,81.8,1789526178249,119317094760824
4,15003,28.6,1789526178249,119317094760824
5,15003,90.0,1789526178249,119317094760824
6,15003,40.0,1789526178249,119317094760824
7,15003,66.7,1789526178249,119317094760824
0,15103,100.0,1789526178349,119317097174214
1,15103,90.0,1789526178349,119317097174214
2,15103,81.8,1789526178349,119317097174214
3,15103,90.0,1789526178349,119317097174214
4,15103,44.4,1789526178349,119317097174214
5,15103,88.9,1789526178349,119317097174214
6,15103,55.6,1789526178349,119317097174214
7,15103,80.0,1789526178349,119317097174214
0,15205,77.8,1789526178451,119317099611912
1,15205,88.9,1789526178451,119317099611912
2,15205,77.8,1789526178451,119317099611912
3,15205,66.7,1789526178451,119317099611912
4,15205,60.0,1789526178451,119317099611912
5,15205,90.0,1789526178451,119317099611912
6,15205,54.5,1789526178451,119317099611912
7,15205,72.7,1789526178451,119317099611912
0,15306,44.4,1789526178552,119317102032477
1,15306,100.0,1789526178552,119317102032477
2,15306,50.0,1789526178552,119317102032477
3,15306,44.4,1789526178552,119317102032477
4,15306,90.0,1789526178552,119317102032477
5,15306,81.8,1789526178552,119317102032477
6,15306,81.8,1789526178552,119317102032477
7,15306,81.8,1789526178552,119317102032477
0,15406,37.5,1789526178652,119317104446067
1,15406,90.0,1789526178652,119317104446067
2,15406,71.4,1789526178652,119317104446067
3,15406,25.0,1789526178652,119317104446067
4,15406,90.0,1789526178652,119317104446067
5,15406,81.8,1789526178652,119317104446067
6,15406,90.9,1789526178652,119317104446067
7,15406,90.0,1789526178652,119317104446067
0,15507,50.0,1789526178753,119317106859584
1,15507,88.9,1789526178753,119317106859584
2,15507,63.6,1789526178753,119317106859584
3,15507,33.3,1789526178753,119317106859584
4,15507,90.0,1789526178753,119317106859584
5,15507,85.7,1789526178753,119317106859584
6,15507,87.5,1789526178753,119317106859584
7,15507,71.4,1789526178753,119317106859584
0,15608,66.7,1789526178854,119317109275966
1,15608,100.0,1789526178854,119317109275966
2,15608,37.5,1789526178854,119317109275966
3,15608,28.6,1789526178854,119317109275966
4,15608,100.0,1789526178854,119317109275966
5,15608,88.9,1789526178854,119317109275966
6,15608,88.9,1789526178854,119317109275966
7,15608,88.9,1789526178854,119317109275966
0,15708,66.7,1789526178954,119317111690172
1,15708,81.8,1789526178954,119317111690172
2,15708,63.6,1789526178954,119317111690172
3,15708,50.0,1789526178954,119317111690172
4,15708,100.0,1789526178954,119317111690172
5,15708,90.0,1789526178954,119317111690172
6,15708,80.0,1789526178954,119317111690172
7,15708,90.0,1789526178954,119317111690172
0,15809,66.7,1789526179055,119317114104373
1,15809,66.7,1789526179055,119317114104373
2,15809,55.6,1789526179055,119317114104373
3,15809,40.0,1789526179055,119317114104373
4,15809,100.0,1789526179055,119317114104373
5,15809,88.9,1789526179055,119317114104373
6,15809,87.5,1789526179055,119317114104373
7,15809,80.0,1789526179055,119317114104373
0,15909,33.3,1789526179155,119317116519229
1,15909,90.0,1789526179155,119317116519229
2,15909,70.0,1789526179155,119317116519229
3,15909,58.3,1789526179155,119317116519229
4,15909,90.9,1789526179155,119317116519229
5,15909,81.8,1789526179155,119317116519229
6,15909,90.0,1789526179155,119317116519229
7,15909,88.9,1789526179155,119317116519229
0,16010,37.5,1789526179256,119317118935554
1,16010,88.9,1789526179256,119317118935554
2,16010,70.0,1789526179256,119317118935554
3,16010,37.5,1789526179256,119317118935554
4,16010,100.0,1789526179256,119317118935554
5,16010,88.9,1789526179256,119317118935554
6,16010,88.9,1789526179256,119317118935554
7,16010,88.9,1789526179256,119317118935554
0,16111,50.0,1789526179357,119317121357885
1,16111,81.8,1789526179357,119317121357885
2,16111,66.7,1789526179357,119317121357885
3,16111,60.0,1789526179357,119317121357885
4,16111,100.0,1789526179357,119317121357885
5,16111,88.9,1789526179357,119317121357885
6,16111,80.0,1789526179357,119317121357885
7,16111,80.0,1789526179357,119317121357885
0,16212,72.7,1789526179458,119317123772178
1,16212,60.0,1789526179458,119317123772178
2,16212,70.0,1789526179458,119317123772178
3,16212,50.0,1789526179458,119317123772178
4,16212,100.0,1789526179458,119317123772178
5,16212,90.0,1789526179458,119317123772178
6,16212,90.0,1789526179458,119317123772178
7,16212,90.0,1789526179458,119317123772178
0,16313,42.9,1789526179559,119317126197540
1,16313,90.0,1789526179559,119317126197540
2,16313,70.0,1789526179559,119317126197540
3,16313,50.0,1789526179559,119317126197540
4,16313,90.9,1789526179559,119317126197540
5,16313,90.9,1789526179559,119317126197540
6,16313,90.0,1789526179559,119317126197540
7,16313,90.9,1789526179559,119317126197540
0,16413,60.0,1789526179659,119317128610299
1,16413,66.7,1789526179659,119317128610299
2,16413,75.0,1789526179659,119317128610299
3,16413,54.5,1789526179659,119317128610299
4,16413,100.0,1789526179659,119317128610299
5,16413,81.8,1789526179659,119317128610299
6,16413,81.8,1789526179659,119317128610299
7,16413,90.0,1789526179659,119317128610299
0,16514,80.0,1789526179760,119317131023600
1,16514,70.0,1789526179760,119317131023600
2,16514,70.0,1789526179760,119317131023600
3,16514,50.0,1789526179760,119317131023600
4,16514,100.0,1789526179760,119317131023600
5,16514,87.5,1789526179760,119317131023600
6,16514,87.5,1789526179760,119317131023600
7,16514,87.5,1789526179760,119317131023600
0,16614,55.6,1789526179860,119317133437483
1,16614,77.8,1789526179860,119317133437483
2,16614,77.8,1789526179860,119317133437483
3,16614,60.0,1789526179860,119317133437483
4,16614,77.8,1789526179860,119317133437483
5,16614,77.8,1789526179860,119317133437483
6,16614,100.0,1789526179860,119317133437483
7,16614,66.7,1789526179860,119317133437483
0,16715,90.0,1789526179961,119317135851342
1,16715,80.0,1789526179961,119317135851342
2,16715,81.8,1789526179961,119317135851342
3,16715,88.9,1789526179961,119317135851342
4,16715,50.0,1789526179961,119317135851342
5,16715,33.3,1789526179961,119317135851342
6,16715,90.0,1789526179961,119317135851342
7,16715,60.0,1789526179961,119317135851342
0,16816,90.0,1789526180062,119317138265038
1,16816,88.9,1789526180062,119317138265038
2,16816,90.0,1789526180062,119317138265038
3,16816,81.8,1789526180062,119317138265038
4,16816,70.0,1789526180062,119317138265038
5,16816,33.3,1789526180062,119317138265038
6,16816,90.0,1789526180062,119317138265038
7,16816,55.6,1789526180062,119317138265038
0,16917,100.0,1789526180163,119317140698460
1,16917,87.5,1789526180163,119317140698460
2,16917,87.5,1789526180163,119317140698460
3,16917,85.7,1789526180163,119317140698460
4,16917,70.0,1789526180163,119317140698460
5,16917,50.0,1789526180163,119317140698460
6,16917,44.4,1789526180163,119317140698460
7,16917,88.9,1789526180163,119317140698460
0,17018,100.0,1789526180264,119317143113138
1,17018,90.0,1789526180264,119317143113138
2,17018,81.8,1789526180264,119317143113138
3,17018,90.0,1789526180264,119317143113138
4,17018,70.0,1789526180264,119317143113138
5,17018,100.0,1789526180264,119317143113138
6,17018,50.0,1789526180264,119317143113138
7,17018,45.5,1789526180264,119317143113138
0,17118,90.0,1789526180364,119317145533223
1,17118,81.8,1789526180364,119317145533223
2,17118,90.0,1789526180364,119317145533223
3,17118,90.0,1789526180364,119317145533223
4,17118,62.5,1789526180364,119317145533223
5,17118,50.0,1789526180364,119317145533223
6,17118,50.0,1789526180364,119317145533223
7,17118,90.0,1789526180364,119317145533223
0,17219,100.0,1789526180465,119317147949110
1,17219,90.0,1789526180465,119317147949110
2,17219,80.0,1789526180465,119317147949110
3,17219,83.3,1789526180465,119317147949110
4,17219,50.0,1789526180465,119317147949110
5,17219,70.0,1789526180465,119317147949110
6,17219,50.0,1789526180465,119317147949110
7,17219,90.0,1789526180465,119317147949110
0,17320,100.0,1789526180566,119317150363785
1,17320,90.0,1789526180566,119317150363785
2,17320,90.0,1789526180566,119317150363785
3,17320,88.9,1789526180566,119317150363785
4,17320,50.0,1789526180566,119317150363785
5,17320,62.5,1789526180566,119317150363785
6,17320,70.0,1789526180566,119317150363785
7,17320,70.0,1789526180566,119317150363785
0,17420,90.0,1789526180666,119317152777723
1,17420,85.7,1789526180666,119317152777723
2,17420,87.5,1789526180666,119317152777723
3,17420,85.7,1789526180666,119317152777723
4,17420,37.5,1789526180666,119317152777723
5,17420,55.6,1789526180666,119317152777723
6,17420,60.0,1789526180666,119317152777723
7,17420,66.7,1789526180666,119317152777723
0,17521,100.0,1789526180767,119317155195959
1,17521,81.8,1789526180767,119317155195959
2,17521,81.8,1789526180767,119317155195959
3,17521,88.9,1789526180767,119317155195959
4,17521,77.8,1789526180767,119317155195959
5,17521,60.0,1789526180767,119317155195959
6,17521,66.7,1789526180767,119317155195959
7,17521,40.0,1789526180767,119317155195959
0,17622,100.0,1789526180868,119317157610916
1,17622,87.5,1789526180868,119317157610916
2,17622,87.5,1789526180868,119317157610916
3,17622,87.5,1789526180868,119317157610916
4,17622,80.0,1789526180868,119317157610916
5,17622,100.0,1789526180868,119317157610916
6,17622,50.0,1789526180868,119317157610916
7,17622,55.6,1789526180868,119317157610916
0,17723,100.0,1789526180969,119317160038991
1,17723,90.0,1789526180969,119317160038991
2,17723,88.9,1789526180969,119317160038991
3,17723,81.8,1789526180969,119317160038991
4,17723,50.0,1789526180969,119317160038991
5,17723,90.9,1789526180969,119317160038991
6,17723,75.0,1789526180969,119317160038991
7,17723,54.5,1789526180969,119317160038991
0,17823,90.9,1789526181069,119317162452872
1,17823,88.9,1789526181069,119317162452872
2,17823,81.8,1789526181069,119317162452872
3,17823,90.0,1789526181069,119317162452872
4,17823,50.0,1789526181069,119317162452872
5,17823,90.0,1789526181069,119317162452872
6,17823,70.0,1789526181069,119317162452872
7,17823,44.4,1789526181069,119317162452872
0,17924,90.0,1789526181170,119317164866578
1,17924,88.9,1789526181170,119317164866578
2,17924,75.0,1789526181170,119317164866578
3,17924,77.8,1789526181170,119317164866578
4,17924,42.9,1789526181170,119317164866578
5,17924,70.0,1789526181170,119317164866578
6,17924,88.9,1789526181170,119317164866578
7,17924,55.6,1789526181170,119317164866578
0,18025,100.0,1789526181271,119317167280518
1,18025,88.9,1789526181271,119317167280518
2,18025,90.0,1789526181271,119317167280518
3,18025,77.8,1789526181271,119317167280518
4,18025,55.6,1789526181271,119317167280518
5,18025,40.0,1789526181271,119317167280518
6,18025,90.0,1789526181271,119317167280518
7,18025,77.8,1789526181271,119317167280518
0,18125,90.0,1789526181371,119317169695794
1,18125,75.0,1789526181371,119317169695794
2,18125,90.0,1789526181371,119317169695794
3,18125,80.0,1789526181371,119317169695794
4,18125,50.0,1789526181371,119317169695794
5,18125,88.9,1789526181371,119317169695794
6,18125,44.4,1789526181371,119317169695794
7,18125,66.7,1789526181371,119317169695794
0,18226,50.0,1789526181472,119317172110531
1,18226,87.5,1789526181472,119317172110531
2,18226,62.5,1789526181472,119317172110531
3,18226,42.9,1789526181472,119317172110531
4,18226,80.0,1789526181472,119317172110531
5,18226,60.0,1789526181472,119317172110531
6,18226,80.0,1789526181472,119317172110531
7,18226,55.6,1789526181472,119317172110531
0,18326,55.6,1789526181572,119317174525999
1,18326,90.0,1789526181572,119317174525999
2,18326,44.4,1789526181572,119317174525999
3,18326,50.0,1789526181572,119317174525999
4,18326,100.0,1789526181572,119317174525999
5,18326,80.0,1789526181572,119317174525999
6,18326,90.0,1789526181572,119317174525999
7,18326,88.9,1789526181572,119317174525999
0,18428,75.0,1789526181674,119317176956304
1,18428,88.9,1789526181674,119317176956304
2,18428,44.4,1789526181674,119317176956304
3,18428,44.4,1789526181674,119317176956304
4,18428,90.0,1789526181674,119317176956304
5,18428,90.0,1789526181674,119317176956304
6,18428,90.0,1789526181674,119317176956304
7,18428,90.0,1789526181674,119317176956304
0,18528,70.0,1789526181774,119317179369688
1,18528,90.9,1789526181774,119317179369688
2,18528,81.8,1789526181774,119317179369688
3,18528,70.0,1789526181774,119317179369688
4,18528,75.0,1789526181774,119317179369688
5,18528,66.7,1789526181774,119317179369688
6,18528,88.9,1789526181774,119317179369688
7,18528,63.6,1789526181774,119317179369688
0,18629,88.9,1789526181875,119317181787065
1,18629,81.8,1789526181875,119317181787065
2,18629,80.0,1789526181875,119317181787065
3,18629,80.0,1789526181875,119317181787065
4,18629,44.4,1789526181875,119317181787065
5,18629,54.5,1789526181875,119317181787065
6,18629,90.9,1789526181875,119317181787065
7,18629,55.6,1789526181875,119317181787065
0,18730,60.0,1789526181976,119317184200849
1,18730,100.0,1789526181976,119317184200849
2,18730,70.0,1789526181976,119317184200849
3,18730,63.6,1789526181976,119317184200849
4,18730,80.0,1789526181976,119317184200849
5,18730,77.8,1789526181976,119317184200849
6,18730,81.8,1789526181976,119317184200849
7,18730,80.0,1789526181976,119317184200849
0,18830,44.4,1789526182076,119317186613909
1,18830,81.8,1789526182076,119317186613909
2,18830,66.7,1789526182076,119317186613909
3,18830,44.4,1789526182076,119317186613909
4,18830,88.9,1789526182076,119317186613909
5,18830,90.0,1789526182076,119317186613909
6,18830,87.5,1789526182076,119317186613909
7,18830,90.0,1789526182076,119317186613909
0,18931,55.6,1789526182177,119317189027609
1,18931,100.0,1789526182177,119317189027609
2,18931,50.0,1789526182177,119317189027609
3,18931,60.0,1789526182177,119317189027609
4,18931,100.0,1789526182177,119317189027609
5,18931,81.8,1789526182177,119317189027609
6,18931,90.9,1789526182177,119317189027609
7,18931,81.8,1789526182177,119317189027609
0,19031,44.4,1789526182277,119317191441016
1,19031,90.0,1789526182277,119317191441016
2,19031,40.0,1789526182277,119317191441016
3,19031,66.7,1789526182277,119317191441016
4,19031,100.0,1789526182277,119317191441016
5,19031,90.9,1789526182277,119317191441016
6,19031,90.0,1789526182277,119317191441016
7,19031,90.9,1789526182277,119317191441016
0,19132,55.6,1789526182378,119317193864175
1,19132,90.0,1789526182378,119317193864175
2,19132,25.0,1789526182378,119317193864175
3,19132,66.7,1789526182378,119317193864175
4,19132,90.0,1789526182378,119317193864175
5,19132,88.9,1789526182378,119317193864175
6,19132,81.8,1789526182378,119317193864175
7,19132,87.5,1789526182378,119317193864175
0,19233,54.5,1789526182479,119317196277445
1,19233,66.7,1789526182479,119317196277445
2,19233,66.7,1789526182479,119317196277445
3,19233,66.7,1789526182479,119317196277445
4,19233,100.0,1789526182479,119317196277445
5,19233,90.0,1789526182479,119317196277445
6,19233,90.0,1789526182479,119317196277445
7,19233,81.8,1789526182479,119317196277445
0,19333,50.0,1789526182579,119317198694365
1,19333,90.9,1789526182579,119317198694365
2,19333,40.0,1789526182579,119317198694365
3,19333,66.7,1789526182579,119317198694365
4,19333,100.0,1789526182579,119317198694365
5,19333,83.3,1789526182579,119317198694365
6,19333,90.0,1789526182579,119317198694365
7,19333,88.9,1789526182579,119317198694365
0,19434,55.6,1789526182680,119317201108211
1,19434,55.6,1789526182680,119317201108211
2,19434,75.0,1789526182680,119317201108211
3,19434,66.7,1789526182680,119317201108211
4,19434,90.0,1789526182680,119317201108211
5,19434,87.5,1789526182680,119317201108211
6,19434,80.0,1789526182680,119317201108211
7,19434,88.9,1789526182680,119317201108211
0,19535,50.0,1789526182781,119317203521797
1,19535,44.4,1789526182781,119317203521797
2,19535,90.9,1789526182781,119317203521797
3,19535,70.0,1789526182781,119317203521797
4,19535,100.0,1789526182781,119317203521797
5,19535,88.9,1789526182781,119317203521797
6,19535,90.0,1789526182781,119317203521797
7,19535,90.9,1789526182781,119317203521797
0,19636,50.0,1789526182882,119317205944253
1,19636,77.8,1789526182882,119317205944253
2,19636,50.0,1789526182882,119317205944253
3,19636,66.7,1789526182882,119317205944253
4,19636,100.0,1789526182882,119317205944253
5,19636,88.9,1789526182882,119317205944253
6,19636,87.5,1789526182882,119317205944253
7,19636,87.5,1789526182882,119317205944253
0,19736,60.0,1789526182982,119317208357785
1,19736,40.0,1789526182982,119317208357785
2,19736,90.0,1789526182982,119317208357785
3,19736,75.0,1789526182982,119317208357785
4,19736,90.9,1789526182982,119317208357785
5,19736,80.0,1789526182982,119317208357785
6,19736,77.8,1789526182982,119317208357785
7,19736,80.0,1789526182982,119317208357785
0,19837,37.5,1789526183083,119317210771953
1,19837,28.6,1789526183083,119317210771953
2,19837,88.9,1789526183083,119317210771953
3,19837,62.5,1789526183083,119317210771953
4,19837,90.0,1789526183083,119317210771953
5,19837,87.5,1789526183083,119317210771953
6,19837,88.9,1789526183083,119317210771953
7,19837,87.5,1789526183083,119317210771953
0,19937,33.3,1789526183183,119317213191085
1,19937,72.7,1789526183183,119317213191085
2,19937,55.6,1789526183183,119317213191085
3,19937,70.0,1789526183183,119317213191085
4,19937,100.0,1789526183183,119317213191085
5,19937,81.8,1789526183183,119317213191085
6,19937,88.9,1789526183183,119317213191085
7,19937,90.9,1789526183183,119317213191085
0,20038,60.0,1789526183284,119317215605815
1,20038,60.0,1789526183284,119317215605815
2,20038,100.0,1789526183284,119317215605815
3,20038,80.0,1789526183284,119317215605815
4,20038,100.0,1789526183284,119317215605815
5,20038,88.9,1789526183284,119317215605815
6,20038,90.9,1789526183284,119317215605815
7,20038,80.0,1789526183284,119317215605815
0,20139,37.5,1789526183385,119317218019260
1,20139,50.0,1789526183385,119317218019260
2,20139,90.0,1789526183385,119317218019260
3,20139,66.7,1789526183385,119317218019260
4,20139,81.8,1789526183385,119317218019260
5,20139,80.0,1789526183385,119317218019260
6,20139,80.0,1789526183385,119317218019260
7,20139,90.0,1789526183385,119317218019260
0,20239,37.5,1789526183485,119317220437473
1,20239,50.0,1789526183485,119317220437473
2,20239,88.9,1789526183485,119317220437473
3,20239,70.0,1789526183485,119317220437473
4,20239,100.0,1789526183485,119317220437473
5,20239,83.3,1789526183485,119317220437473
6,20239,90.0,1789526183485,119317220437473
7,20239,90.9,1789526183485,119317220437473
0,20340,50.0,1789526183586,119317222852252
1,20340,58.3,1789526183586,119317222852252
2,20340,90.9,1789526183586,119317222852252
3,20340,72.7,1789526183586,119317222852252
4,20340,100.0,1789526183586,119317222852252
5,20340,90.0,1789526183586,119317222852252
6,20340,81.8,1789526183586,119317222852252
7,20340,88.9,1789526183586,119317222852252
0,20441,44.4,1789526183687,119317225268006
1,20441,50.0,1789526183687,119317225268006
2,20441,100.0,1789526183687,119317225268006
3,20441,70.0,1789526183687,119317225268006
4,20441,90.9,1789526183687,119317225268006
5,20441,90.0,1789526183687,119317225268006
6,20441,88.9,1789526183687,119317225268006
7,20441,90.0,1789526183687,119317225268006
0,20541,28.6,1789526183787,119317227684881
1,20541,44.4,1789526183787,119317227684881
2,20541,81.8,1789526183787,119317227684881
3,20541,50.0,1789526183787,119317227684881
4,20541,100.0,1789526183787,119317227684881
5,20541,90.0,1789526183787,119317227684881
6,20541,90.9,1789526183787,119317227684881
7,20541,81.8,1789526183787,119317227684881
0,20642,90.9,1789526183888,119317230100618
1,20642,44.4,1789526183888,119317230100618
2,20642,12.5,1789526183888,119317230100618
3,20642,80.0,1789526183888,119317230100618
4,20642,100.0,1789526183888,119317230100618
5,20642,88.9,1789526183888,119317230100618
6,20642,88.9,1789526183888,119317230100618
7,20642,88.9,1789526183888,119317230100618
0,20743,66.7,1789526183989,119317232520782
1,20743,60.0,1789526183989,119317232520782
2,20743,60.0,1789526183989,119317232520782
3,20743,50.0,1789526183989,119317232520782
4,20743,88.9,1789526183989,119317232520782
5,20743,80.0,1789526183989,119317232520782
6,20743,90.0,1789526183989,119317232520782
7,20743,77.8,1789526183989,119317232520782
0,20844,44.4,1789526184090,119317234939027
1,20844,54.5,1789526184090,119317234939027
2,20844,80.0,1789526184090,119317234939027
3,20844,55.6,1789526184090,119317234939027
4,20844,88.9,1789526184090,119317234939027
5,20844,81.8,1789526184090,119317234939027
6,20844,88.9,1789526184090,119317234939027
7,20844,80.0,1789526184090,119317234939027
0,20944,75.0,1789526184190,119317237356198
1,20944,55.6,1789526184190,119317237356198
2,20944,44.4,1789526184190,119317237356198
3,20944,100.0,1789526184190,119317237356198
4,20944,100.0,1789526184190,119317237356198
5,20944,90.0,1789526184190,119317237356198
6,20944,80.0,1789526184190,119317237356198
7,20944,88.9,1789526184190,119317237356198
0,21045,50.0,1789526184291,119317239771269
1,21045,50.0,1789526184291,119317239771269
2,21045,62.5,1789526184291,119317239771269
3,21045,88.9,1789526184291,119317239771269
4,21045,90.9,1789526184291,119317239771269
5,21045,88.9,1789526184291,119317239771269
6,21045,90.0,1789526184291,119317239771269
7,21045,81.8,1789526184291,119317239771269
0,21146,70.0,1789526184392,119317242185285
1,21146,55.6,1789526184392,119317242185285
2,21146,55.6,1789526184392,119317242185285
3,21146,33.3,1789526184392,119317242185285
4,21146,90.0,1789526184392,119317242185285
5,21146,90.0,1789526184392,119317242185285
6,21146,80.0,1789526184392,119317242185285
7,21146,80.0,1789526184392,119317242185285
0,21246,54.5,1789526184492,119317244598886
1,21246,75.0,1789526184492,119317244598886
2,21246,62.5,1789526184492,119317244598886
3,21246,55.6,1789526184492,119317244598886
4,21246,87.5,1789526184492,119317244598886
5,21246,77.8,1789526184492,119317244598886
6,21246,90.0,1789526184492,119317244598886
7,21246,77.8,1789526184492,119317244598886
0,21347,60.0,1789526184593,119317247022108
1,21347,33.3,1789526184593,119317247022108
2,21347,66.7,1789526184593,119317247022108
3,21347,90.0,1789526184593,119317247022108
4,21347,100.0,1789526184593,119317247022108
5,21347,90.0,1789526184593,119317247022108
6,21347,88.9,1789526184593,119317247022108
7,21347,88.9,1789526184593,119317247022108
0,21448,44.4,1789526184694,119317249436290
1,21448,50.0,1789526184694,119317249436290
2,21448,77.8,1789526184694,119317249436290
3,21448,100.0,1789526184694,119317249436290
4,21448,90.0,1789526184694,119317249436290
5,21448,80.0,1789526184694,119317249436290
6,21448,88.9,1789526184694,119317249436290
7,21448,81.8,1789526184694,119317249436290
0,21548,77.8,1789526184794,119317251853710
1,21548,70.0,1789526184794,119317251853710
2,21548,81.8,1789526184794,119317251853710
3,21548,81.8,1789526184794,119317251853710
4,21548,62.5,1789526184794,119317251853710
5,21548,66.7,1789526184794,119317251853710
6,21548,55.6,1789526184794,119317251853710
7,21548,100.0,1789526184794,119317251853710
0,21649,100.0,1789526184895,119317254268309
1,21649,77.8,1789526184895,119317254268309
2,21649,88.9,1789526184895,119317254268309
3,21649,77.8,1789526184895,119317254268309
4,21649,42.9,1789526184895,119317254268309
5,21649,57.1,1789526184895,119317254268309
6,21649,28.6,1789526184895,119317254268309
7,21649,90.0,1789526184895,119317254268309
0,21750,90.9,1789526184996,119317256684471
1,21750,88.9,1789526184996,119317256684471
2,21750,88.9,1789526184996,119317256684471
3,21750,88.9,1789526184996,119317256684471
4,21750,50.0,1789526184996,119317256684471
5,21750,70.0,1789526184996,119317256684471
6,21750,90.9,1789526184996,119317256684471
7,21750,44.4,1789526184996,119317256684471
0,21851,88.9,1789526185097,119317259112534
1,21851,80.0,1789526185097,119317259112534
2,21851,80.0,1789526185097,119317259112534
3,21851,90.0,1789526185097,119317259112534
4,21851,44.4,1789526185097,119317259112534
5,21851,77.8,1789526185097,119317259112534
6,21851,77.8,1789526185097,119317259112534
7,21851,60.0,1789526185097,119317259112534
0,21951,100.0,1789526185197,119317261526385
1,21951,88.9,1789526185197,119317261526385
2,21951,87.5,1789526185197,119317261526385
3,21951,87.5,1789526185197,119317261526385
4,21951,50.0,1789526185197,119317261526385
5,21951,66.7,1789526185197,119317261526385
6,21951,50.0,1789526185197,119317261526385
7,21951,90.0,1789526185197,119317261526385
0,22052,90.0,1789526185298,119317263941321
1,22052,90.0,1789526185298,119317263941321
2,22052,88.9,1789526185298,119317263941321
3,22052,80.0,1789526185298,119317263941321
4,22052,44.4,1789526185298,119317263941321
5,22052,50.0,1789526185298,119317263941321
6,22052,66.7,1789526185298,119317263941321
7,22052,90.0,1789526185298,119317263941321
0,22153,77.8,1789526185399,119317266354842
1,22153,60.0,1789526185399,119317266354842
2,22153,70.0,1789526185399,119317266354842
3,22153,90.0,1789526185399,119317266354842
4,22153,62.5,1789526185399,119317266354842
5,22153,50.0,1789526185399,119317266354842
6,22153,70.0,1789526185399,119317266354842
7,22153,70.0,1789526185399,119317266354842
0,22253,90.0,1789526185499,119317268768641
1,22253,80.0,1789526185499,119317268768641
2,22253,70.0,1789526185499,119317268768641
3,22253,88.9,1789526185499,119317268768641
4,22253,44.4,1789526185499,119317268768641
5,22253,75.0,1789526185499,119317268768641
6,22253,60.0,1789526185499,119317268768641
7,22253,50.0,1789526185499,119317268768641
0,22354,77.8,1789526185600,119317271182204
1,22354,77.8,1789526185600,119317271182204
2,22354,77.8,1789526185600,119317271182204
3,22354,88.9,1789526185600,119317271182204
4,22354,62.5,1789526185600,119317271182204
5,22354,90.9,1789526185600,119317271182204
6,22354,60.0,1789526185600,119317271182204
7,22354,50.0,1789526185600,119317271182204
0,22454,77.8,1789526185700,119317273595761
1,22454,66.7,1789526185700,119317273595761
2,22454,66.7,1789526185700,119317273595761
3,22454,88.9,1789526185700,119317273595761
4,22454,60.0,1789526185700,119317273595761
5,22454,55.6,1789526185700,119317273595761
6,22454,44.4,1789526185700,119317273595761
7,22454,100.0,1789526185700,119317273595761
0,22555,70.0,1789526185801,119317276010006
1,22555,66.7,1789526185801,119317276010006
2,22555,55.6,1789526185801,119317276010006
3,22555,90.0,1789526185801,119317276010006
4,22555,70.0,1789526185801,119317276010006
5,22555,44.4,1789526185801,119317276010006
6,22555,37.5,1789526185801,119317276010006
7,22555,90.9,1789526185801,119317276010006
0,22656,100.0,1789526185902,119317278423970
1,22656,77.8,1789526185902,119317278423970
2,22656,87.5,1789526185902,119317278423970
3,22656,88.9,1789526185902,119317278423970
4,22656,50.0,1789526185902,119317278423970
5,22656,90.0,1789526185902,119317278423970
6,22656,55.6,1789526185902,119317278423970
7,22656,50.0,1789526185902,119317278423970
0,22756,55.6,1789526186002,119317280844434
1,22756,55.6,1789526186002,119317280844434
2,22756,37.5,1789526186002,119317280844434
3,22756,90.0,1789526186002,119317280844434
4,22756,66.7,1789526186002,119317280844434
5,22756,66.7,1789526186002,119317280844434
6,22756,77.8,1789526186002,119317280844434
7,22756,77.8,1789526186002,119317280844434
0,22858,66.7,1789526186104,119317283279381
1,22858,55.6,1789526186104,119317283279381
2,22858,50.0,1789526186104,119317283279381
3,22858,100.0,1789526186104,119317283279381
4,22858,100.0,1789526186104,119317283279381
5,22858,88.9,1789526186104,119317283279381
6,22858,77.8,1789526186104,119317283279381
7,22858,88.9,1789526186104,119317283279381
0,22958,44.4,1789526186204,119317285693103
1,22958,45.5,1789526186204,119317285693103
2,22958,60.0,1789526186204,119317285693103
3,22958,90.9,1789526186204,119317285693103
4,22958,90.9,1789526186204,119317285693103
5,22958,80.0,1789526186204,119317285693103
6,22958,90.9,1789526186204,119317285693103
7,22958,90.0,1789526186204,119317285693103
0,23059,28.6,1789526186305,119317288108570
1,23059,54.5,1789526186305,119317288108570
2,23059,66.7,1789526186305,119317288108570
3,23059,88.9,1789526186305,119317288108570
4,23059,100.0,1789526186305,119317288108570
5,23059,88.9,1789526186305,119317288108570
6,23059,88.9,1789526186305,119317288108570
7,23059,88.9,1789526186305,119317288108570
0,23160,44.4,1789526186406,119317290524882
1,23160,44.4,1789526186406,119317290524882
2,23160,66.7,1789526186406,119317290524882
3,23160,100.0,1789526186406,119317290524882
4,23160,100.0,1789526186406,119317290524882
5,23160,88.9,1789526186406,119317290524882
6,23160,80.0,1789526186406,119317290524882
7,23160,81.8,1789526186406,119317290524882
0,23260,50.0,1789526186506,119317292940588
1,23260,55.6,1789526186506,119317292940588
2,23260,72.7,1789526186506,119317292940588
3,23260,90.9,1789526186506,119317292940588
4,23260,100.0,1789526186506,119317292940588
5,23260,88.9,1789526186506,119317292940588
6,23260,88.9,1789526186506,119317292940588
7,23260,88.9,1789526186506,119317292940588
0,23362,44.4,1789526186608,119317295369284
1,23362,44.4,1789526186608,119317295369284
2,23362,77.8,1789526186608,119317295369284
3,23362,90.9,1789526186608,119317295369284
4,23362,90.0,1789526186608,119317295369284
5,23362,90.9,1789526186608,119317295369284
6,23362,90.0,1789526186608,119317295369284
7,23362,90.0,1789526186608,119317295369284
0,23462,44.4,1789526186708,119317297790026
1,23462,70.0,1789526186708,119317297790026
2,23462,55.6,1789526186708,119317297790026
3,23462,90.0,1789526186708,119317297790026
4,23462,100.0,1789526186708,119317297790026
5,23462,77.8,1789526186708,119317297790026
6,23462,88.9,1789526186708,119317297790026
7,23462,80.0,1789526186708,119317297790026
0,23564,66.7,1789526186810,119317300218788
1,23564,100.0,1789526186810,119317300218788
2,23564,50.0,1789526186810,119317300218788
3,23564,88.9,1789526186810,119317300218788
4,23564,100.0,1789526186810,119317300218788
5,23564,80.0,1789526186810,119317300218788
6,23564,72.7,1789526186810,119317300218788
7,23564,88.9,1789526186810,119317300218788
0,23664,70.0,1789526186910,119317302633112
1,23664,87.5,1789526186910,119317302633112
2,23664,55.6,1789526186910,119317302633112
3,23664,45.5,1789526186910,119317302633112
4,23664,90.9,1789526186910,119317302633112
5,23664,40.0,1789526186910,119317302633112
6,23664,22.2,1789526186910,119317302633112
7,23664,25.0,1789526186910,119317302633112
0,23765,77.8,1789526187011,119317305049385
1,23765,70.0,1789526187011,119317305049385
2,23765,80.0,1789526187011,119317305049385
3,23765,88.9,1789526187011,119317305049385
4,23765,20.0,1789526187011,119317305049385
5,23765,0.0,1789526187011,119317305049385
6,23765,60.0,1789526187011,119317305049385
7,23765,9.1,1789526187011,119317305049385
0,23866,100.0,1789526187112,119317307473220
1,23866,80.0,1789526187112,119317307473220
2,23866,90.0,1789526187112,119317307473220
3,23866,77.8,1789526187112,119317307473220
4,23866,0.0,1789526187112,119317307473220
5,23866,30.0,1789526187112,119317307473220
6,23866,60.0,1789526187112,119317307473220
7,23866,20.0,1789526187112,119317307473220
0,23968,100.0,1789526187214,119317309913376
1,23968,88.9,1789526187214,119317309913376
2,23968,80.0,1789526187214,119317309913376
3,23968,80.0,1789526187214,119317309913376
4,23968,0.0,1789526187214,119317309913376
5,23968,0.0,1789526187214,119317309913376
6,23968,0.0,1789526187214,119317309913376
7,23968,11.1,1789526187214,119317309913376
0,24068,100.0,1789526187314,119317312330792
1,24068,88.9,1789526187314,119317312330792
2,24068,87.5,1789526187314,119317312330792
3,24068,88.9,1789526187314,119317312330792
4,24068,0.0,1789526187314,119317312330792
5,24068,0.0,1789526187314,119317312330792
6,24068,0.0,1789526187314,119317312330792
7,24068,20.0,1789526187314,119317312330792
0,24169,90.9,1789526187415,119317314753709
1,24169,87.5,1789526187415,119317314753709
2,24169,77.8,1789526187415,119317314753709
3,24169,77.8,1789526187415,119317314753709
4,24169,0.0,1789526187415,119317314753709
5,24169,0.0,1789526187415,119317314753709
6,24169,0.0,1789526187415,119317314753709
7,24169,36.4,1789526187415,119317314753709
0,24270,90.0,1789526187516,119317317173394
1,24270,80.0,1789526187516,119317317173394
2,24270,80.0,1789526187516,119317317173394
3,24270,80.0,1789526187516,119317317173394
4,24270,0.0,1789526187516,119317317173394
5,24270,0.0,1789526187516,119317317173394
6,24270,0.0,1789526187516,119317317173394
7,24270,70.0,1789526187516,119317317173394
0,24371,100.0,1789526187617,119317319602186
1,24371,90.0,1789526187617,119317319602186
2,24371,88.9,1789526187617,119317319602186
3,24371,81.8,1789526187617,119317319602186
4,24371,0.0,1789526187617,119317319602186
5,24371,0.0,1789526187617,119317319602186
6,24371,20.0,1789526187617,119317319602186
7,24371,100.0,1789526187617,119317319602186
0,24472,100.0,1789526187718,119317322016427
1,24472,90.0,1789526187718,119317322016427
2,24472,81.8,1789526187718,119317322016427
3,24472,88.9,1789526187718,119317322016427
4,24472,0.0,1789526187718,119317322016427
5,24472,0.0,1789526187718,119317322016427
6,24472,10.0,1789526187718,119317322016427
7,24472,100.0,1789526187718,119317322016427
0,24573,90.0,1789526187819,119317324431307
1,24573,81.8,1789526187819,119317324431307
2,24573,90.0,1789526187819,119317324431307
3,24573,90.9,1789526187819,119317324431307
4,24573,0.0,1789526187819,119317324431307
5,24573,0.0,1789526187819,119317324431307
6,24573,20.0,1789526187819,119317324431307
7,24573,100.0,1789526187819,119317324431307
0,24673,90.0,1789526187919,119317326849305
1,24673,88.9,1789526187919,119317326849305
2,24673,80.0,1789526187919,119317326849305
3,24673,70.0,1789526187919,119317326849305
4,24673,0.0,1789526187919,119317326849305
5,24673,0.0,1789526187919,119317326849305
6,24673,27.3,1789526187919,119317326849305
7,24673,77.8,1789526187919,119317326849305
0,24774,100.0,1789526188020,119317329268894
1,24774,88.9,1789526188020,119317329268894
2,24774,88.9,1789526188020,119317329268894
3,24774,87.5,1789526188020,119317329268894
4,24774,0.0,1789526188020,119317329268894
5,24774,0.0,1789526188020,119317329268894
6,24774,20.0,1789526188020,119317329268894
7,24774,0.0,1789526188020,119317329268894
0,24875,100.0,1789526188121,119317331682143
1,24875,90.0,1789526188121,119317331682143
2,24875,88.9,1789526188121,119317331682143
3,24875,81.8,1789526188121,119317331682143
4,24875,0.0,1789526188121,119317331682143
5,24875,0.0,1789526188121,119317331682143
6,24875,11.1,1789526188121,119317331682143
7,24875,0.0,1789526188121,119317331682143
0,24976,100.0,1789526188222,119317334108365
1,24976,80.0,1789526188222,119317334108365
2,24976,81.8,1789526188222,119317334108365
3,24976,88.9,1789526188222,119317334108365
4,24976,0.0,1789526188222,119317334108365
5,24976,0.0,1789526188222,119317334108365
6,24976,20.0,1789526188222,119317334108365
7,24976,0.0,1789526188222,119317334108365
0,25076,100.0,1789526188322,119317336522044
1,25076,88.9,1789526188322,119317336522044
2,25076,90.0,1789526188322,119317336522044
3,25076,80.0,1789526188322,119317336522044
4,25076,0.0,1789526188322,119317336522044
5,25076,0.0,1789526188322,119317336522044
6,25076,20.0,1789526188322,119317336522044
7,25076,0.0,1789526188322,119317336522044
0,25177,100.0,1789526188423,119317338936647
1,25177,90.0,1789526188423,119317338936647
2,25177,88.9,1789526188423,119317338936647
3,25177,90.0,1789526188423,119317338936647
4,25177,0.0,1789526188423,119317338936647
5,25177,0.0,1789526188423,119317338936647
6,25177,20.0,1789526188423,119317338936647
7,25177,9.1,1789526188423,119317338936647
0,25277,90.9,1789526188523,119317341349758
1,25277,90.0,1789526188523,119317341349758
2,25277,90.9,1789526188523,119317341349758
3,25277,88.9,1789526188523,119317341349758
4,25277,0.0,1789526188523,119317341349758
5,25277,0.0,1789526188523,119317341349758
6,25277,18.2,1789526188523,119317341349758
7,25277,0.0,1789526188523,119317341349758
0,25378,100.0,1789526188624,119317343766066
1,25378,88.9,1789526188624,119317343766066
2,25378,88.9,1789526188624,119317343766066
3,25378,81.8,1789526188624,119317343766066
4,25378,0.0,1789526188624,119317343766066
5,25378,0.0,1789526188624,119317343766066
6,25378,20.0,1789526188624,119317343766066
7,25378,0.0,1789526188624,119317343766066
0,25479,100.0,1789526188725,119317346182969
1,25479,83.3,1789526188725,119317346182969
2,25479,81.8,1789526188725,119317346182969
3,25479,90.0,1789526188725,119317346182969
4,25479,0.0,1789526188725,119317346182969
5,25479,0.0,1789526188725,119317346182969
6,25479,20.0,1789526188725,119317346182969
7,25479,0.0,1789526188725,119317346182969
0,25580,100.0,1789526188826,119317348609102
1,25580,90.0,1789526188826,119317348609102
2,25580,90.0,1789526188826,119317348609102
3,25580,80.0,1789526188826,119317348609102
4,25580,0.0,1789526188826,119317348609102
5,25580,0.0,1789526188826,119317348609102
6,25580,20.0,1789526188826,119317348609102
7,25580,0.0,1789526188826,119317348609102
0,25681,100.0,1789526188927,119317351034600
1,25681,90.0,1789526188927,119317351034600
2,25681,90.0,1789526188927,119317351034600
3,25681,90.0,1789526188927,119317351034600
4,25681,0.0,1789526188927,119317351034600
5,25681,9.1,1789526188927,119317351034600
6,25681,20.0,1789526188927,119317351034600
7,25681,0.0,1789526188927,119317351034600
0,25782,100.0,1789526189028,119317353454431
1,25782,90.0,1789526189028,119317353454431
2,25782,81.8,1789526189028,119317353454431
3,25782,83.3,1789526189028,119317353454431
4,25782,0.0,1789526189028,119317353454431
5,25782,0.0,1789526189028,119317353454431
6,25782,18.2,1789526189028,119317353454431
7,25782,0.0,1789526189028,119317353454431
0,25882,100.0,1789526189128,119317355868850
1,25882,81.8,1789526189128,119317355868850
2,25882,90.0,1789526189128,119317355868850
3,25882,90.0,1789526189128,119317355868850
4,25882,0.0,1789526189128,119317355868850
5,25882,0.0,1789526189128,119317355868850
6,25882,20.0,1789526189128,119317355868850
7,25882,0.0,1789526189128,119317355868850
0,25983,100.0,1789526189229,119317358286356
1,25983,90.0,1789526189229,119317358286356
2,25983,88.9,1789526189229,119317358286356
3,25983,88.9,1789526189229,119317358286356
4,25983,0.0,1789526189229,119317358286356
5,25983,0.0,1789526189229,119317358286356
6,25983,20.0,1789526189229,119317358286356
7,25983,0.0,1789526189229,119317358286356
0,26084,90.9,1789526189330,119317360715811
1,26084,88.9,1789526189330,119317360715811
2,26084,90.0,1789526189330,119317360715811
3,26084,81.8,1789526189330,119317360715811
4,26084,0.0,1789526189330,119317360715811
5,26084,0.0,1789526189330,119317360715811
6,26084,20.0,1789526189330,119317360715811
7,26084,0.0,1789526189330,119317360715811
0,26185,100.0,1789526189431,119317363129672
1,26185,88.9,1789526189431,119317363129672
2,26185,77.8,1789526189431,119317363129672
3,26185,88.9,1789526189431,119317363129672
4,26185,0.0,1789526189431,119317363129672
5,26185,0.0,1789526189431,119317363129672
6,26185,11.1,1789526189431,119317363129672
7,26185,0.0,1789526189431,119317363129672
0,26286,100.0,1789526189532,119317365542728
1,26286,81.8,1789526189532,119317365542728
2,26286,88.9,1789526189532,119317365542728
3,26286,81.8,1789526189532,119317365542728
4,26286,0.0,1789526189532,119317365542728
5,26286,0.0,1789526189532,119317365542728
6,26286,20.0,1789526189532,119317365542728
7,26286,0.0,1789526189532,119317365542728
0,26386,100.0,1789526189632,119317367956380
1,26386,88.9,1789526189632,119317367956380
2,26386,90.9,1789526189632,119317367956380
3,26386,88.9,1789526189632,119317367956380
4,26386,0.0,1789526189632,119317367956380
5,26386,0.0,1789526189632,119317367956380
6,26386,18.2,1789526189632,119317367956380
7,26386,0.0,1789526189632,119317367956380
0,26487,100.0,1789526189733,119317370373838
1,26487,90.0,1789526189733,119317370373838
2,26487,81.8,1789526189733,119317370373838
3,26487,90.0,1789526189733,119317370373838
4,26487,0.0,1789526189733,119317370373838
5,26487,0.0,1789526189733,119317370373838
6,26487,20.0,1789526189733,119317370373838
7,26487,0.0,1789526189733,119317370373838
0,26587,100.0,1789526189833,119317372788363
1,26587,90.9,1789526189833,119317372788363
2,26587,90.9,1789526189833,119317372788363
3,26587,81.8,1789526189833,119317372788363
4,26587,0.0,1789526189833,119317372788363
5,26587,0.0,1789526189833,119317372788363
6,26587,11.1,1789526189833,119317372788363
7,26587,0.0,1789526189833,119317372788363
0,26688,100.0,1789526189934,119317375205610
1,26688,80.0,1789526189934,119317375205610
2,26688,90.0,1789526189934,119317375205610
3,26688,88.9,1789526189934,119317375205610
4,26688,0.0,1789526189934,119317375205610
5,26688,0.0,1789526189934,119317375205610
6,26688,20.0,1789526189934,119317375205610
7,26688,0.0,1789526189934,119317375205610
0,26789,100.0,1789526190035,119317377631681
1,26789,88.9,1789526190035,119317377631681
2,26789,88.9,1789526190035,119317377631681
3,26789,81.8,1789526190035,119317377631681
4,26789,0.0,1789526190035,119317377631681
5,26789,0.0,1789526190035,119317377631681
6,26789,27.3,1789526190035,119317377631681
7,26789,9.1,1789526190035,119317377631681
0,26890,100.0,1789526190136,119317380046637
1,26890,90.9,1789526190136,119317380046637
2,26890,81.8,1789526190136,119317380046637
3,26890,90.0,1789526190136,119317380046637
4,26890,0.0,1789526190136,119317380046637
5,26890,0.0,1789526190136,119317380046637
6,26890,20.0,1789526190136,119317380046637
7,26890,0.0,1789526190136,119317380046637
0,26991,90.9,1789526190237,119317382480298
1,26991,90.0,1789526190237,119317382480298
2,26991,90.9,1789526190237,119317382480298
3,26991,90.0,1789526190237,119317382480298
4,26991,0.0,1789526190237,119317382480298
5,26991,0.0,1789526190237,119317382480298
6,26991,80.0,1789526190237,119317382480298
7,26991,0.0,1789526190237,119317382480298
0,27092,100.0,1789526190338,119317384895164
1,27092,70.0,1789526190338,119317384895164
2,27092,70.0,1789526190338,119317384895164
3,27092,60.0,1789526190338,119317384895164
4,27092,0.0,1789526190338,119317384895164
5,27092,0.0,1789526190338,119317384895164
6,27092,44.4,1789526190338,119317384895164
7,27092,0.0,1789526190338,119317384895164
0,27193,100.0,1789526190439,119317387309748
1,27193,0.0,1789526190439,119317387309748
2,27193,0.0,1789526190439,119317387309748
3,27193,0.0,1789526190439,119317387309748
4,27193,10.0,1789526190439,119317387309748
5,27193,9.1,1789526190439,119317387309748
6,27193,10.0,1789526190439,119317387309748
7,27193,44.4,1789526190439,119317387309748
0,27293,100.0,1789526190539,119317389725001
1,27293,0.0,1789526190539,119317389725001
2,27293,0.0,1789526190539,119317389725001
3,27293,0.0,1789526190539,119317389725001
4,27293,0.0,1789526190539,119317389725001
5,27293,0.0,1789526190539,119317389725001
6,27293,0.0,1789526190539,119317389725001
7,27293,10.0,1789526190539,119317389725001
0,27394,100.0,1789526190640,119317392137911
1,27394,0.0,1789526190640,119317392137911
2,27394,0.0,1789526190640,119317392137911
3,27394,0.0,1789526190640,119317392137911
4,27394,0.0,1789526190640,119317392137911
5,27394,0.0,1789526190640,119317392137911
6,27394,0.0,1789526190640,119317392137911
7,27394,0.0,1789526190640,119317392137911
0,27494,100.0,1789526190740,119317394549469
1,27494,0.0,1789526190740,119317394549469
2,27494,0.0,1789526190740,119317394549469
3,27494,0.0,1789526190740,119317394549469
4,27494,0.0,1789526190740,119317394549469
5,27494,0.0,1789526190740,119317394549469
6,27494,0.0,1789526190740,119317394549469
7,27494,0.0,1789526190740,119317394549469
0,27595,100.0,1789526190841,119317396961150
1,27595,0.0,1789526190841,119317396961150
2,27595,0.0,1789526190841,119317396961150
3,27595,0.0,1789526190841,119317396961150
4,27595,0.0,1789526190841,119317396961150
5,27595,0.0,1789526190841,119317396961150
6,27595,0.0,1789526190841,119317396961150
7,27595,0.0,1789526190841,119317396961150
0,27695,100.0,1789526190941,119317399372720
1,27695,0.0,1789526190941,119317399372720
2,27695,0.0,1789526190941,119317399372720
3,27695,0.0,1789526190941,119317399372720
4,27695,0.0,1789526190941,119317399372720
5,27695,0.0,1789526190941,119317399372720
6,27695,0.0,1789526190941,119317399372720
7,27695,0.0,1789526190941,119317399372720
0,27796,100.0,1789526191042,119317401784724
1,27796,0.0,1789526191042,119317401784724
2,27796,0.0,1789526191042,119317401784724
3,27796,0.0,1789526191042,119317401784724
4,27796,0.0,1789526191042,119317401784724
5,27796,0.0,1789526191042,119317401784724
6,27796,0.0,1789526191042,119317401784724
7,27796,9.1,1789526191042,119317401784724
0,27896,100.0,1789526191142,119317404196579
1,27896,0.0,1789526191142,119317404196579
2,27896,0.0,1789526191142,119317404196579
3,27896,0.0,1789526191142,119317404196579
4,27896,0.0,1789526191142,119317404196579
5,27896,0.0,1789526191142,119317404196579
6,27896,0.0,1789526191142,119317404196579
7,27896,0.0,1789526191142,119317404196579
0,27997,100.0,1789526191243,119317406608860
1,27997,0.0,1789526191243,119317406608860
2,27997,0.0,1789526191243,119317406608860
3,27997,0.0,1789526191243,119317406608860
4,27997,0.0,1789526191243,119317406608860
5,27997,0.0,1789526191243,119317406608860
6,27997,0.0,1789526191243,119317406608860
7,27997,0.0,1789526191243,119317406608860
0,28097,100.0,1789526191343,119317409021601
1,28097,0.0,1789526191343,119317409021601
2,28097,0.0,1789526191343,119317409021601
3,28097,0.0,1789526191343,119317409021601
4,28097,0.0,1789526191343,119317409021601
5,28097,0.0,1789526191343,119317409021601
6,28097,0.0,1789526191343,119317409021601
7,28097,0.0,1789526191343,119317409021601
0,28198,87.5,1789526191444,119317411433395
1,28198,0.0,1789526191444,119317411433395
2,28198,0.0,1789526191444,119317411433395
3,28198,0.0,1789526191444,119317411433395
4,28198,0.0,1789526191444,119317411433395
5,28198,10.0,1789526191444,119317411433395
6,28198,0.0,1789526191444,119317411433395
7,28198,0.0,1789526191444,119317411433395
0,28298,100.0,1789526191544,119317413845026
1,28298,0.0,1789526191544,119317413845026
2,28298,0.0,1789526191544,119317413845026
3,28298,0.0,1789526191544,119317413845026
4,28298,0.0,1789526191544,119317413845026
5,28298,0.0,1789526191544,119317413845026
6,28298,0.0,1789526191544,119317413845026
7,28298,0.0,1789526191544,119317413845026
0,28399,100.0,1789526191645,119317416257320
1,28399,0.0,1789526191645,119317416257320
2,28399,0.0,1789526191645,119317416257320
3,28399,0.0,1789526191645,119317416257320
4,28399,0.0,1789526191645,119317416257320
5,28399,0.0,1789526191645,119317416257320
6,28399,0.0,1789526191645,119317416257320
7,28399,0.0,1789526191645,119317416257320
0,28499,0.0,1789526191745,119317418671069
1,28499,0.0,1789526191745,119317418671069
2,28499,0.0,1789526191745,119317418671069
3,28499,0.0,1789526191745,119317418671069
4,28499,0.0,1789526191745,119317418671069
5,28499,0.0,1789526191745,119317418671069
6,28499,0.0,1789526191745,119317418671069
7,28499,0.0,1789526191745,119317418671069
0,28600,80.0,1789526191846,119317421084110
1,28600,10.0,1789526191846,119317421084110
2,28600,22.2,1789526191846,119317421084110
3,28600,18.2,1789526191846,119317421084110
4,28600,10.0,1789526191846,119317421084110
5,28600,0.0,1789526191846,119317421084110
6,28600,18.2,1789526191846,119317421084110
7,28600,10.0,1789526191846,119317421084110
0,28700,10.0,1789526191946,119317423497035
1,28700,0.0,1789526191946,119317423497035
2,28700,0.0,1789526191946,119317423497035
3,28700,0.0,1789526191946,119317423497035
4,28700,50.0,1789526191946,119317423497035
5,28700,0.0,1789526191946,119317423497035
6,28700,0.0,1789526191946,119317423497035
7,28700,9.1,1789526191946,119317423497035
0,28801,40.0,1789526192047,119317425920210
1,28801,10.0,1789526192047,119317425920210
2,28801,0.0,1789526192047,119317425920210
3,28801,0.0,1789526192047,119317425920210
4,28801,0.0,1789526192047,119317425920210
5,28801,0.0,1789526192047,119317425920210
6,28801,0.0,1789526192047,119317425920210
7,28801,10.0,1789526192047,119317425920210
0,28902,10.0,1789526192148,119317428333503
1,28902,0.0,1789526192148,119317428333503
2,28902,0.0,1789526192148,119317428333503
3,28902,10.0,1789526192148,119317428333503
4,28902,0.0,1789526192148,119317428333503
5,28902,0.0,1789526192148,119317428333503
6,28902,11.1,1789526192148,119317428333503
7,28902,18.2,1789526192148,119317428333503
0,29002,0.0,1789526192248,119317430748011
1,29002,0.0,1789526192248,119317430748011
2,29002,18.2,1789526192248,119317430748011
3,29002,0.0,1789526192248,119317430748011
4,29002,0.0,1789526192248,119317430748011
5,29002,40.0,1789526192248,119317430748011
6,29002,0.0,1789526192248,119317430748011
7,29002,0.0,1789526192248,119317430748011
0,29105,0.0,1789526192351,119317433216626
1,29105,0.0,1789526192351,119317433216626
2,29105,0.0,1789526192351,119317433216626
3,29105,0.0,1789526192351,119317433216626
4,29105,0.0,1789526192351,119317433216626
5,29105,100.0,1789526192351,119317433216626
6,29105,0.0,1789526192351,119317433216626
7,29105,0.0,1789526192351,119317433216626
0,29206,0.0,1789526192452,119317435630603
1,29206,0.0,1789526192452,119317435630603
2,29206,0.0,1789526192452,119317435630603
3,29206,0.0,1789526192452,119317435630603
4,29206,0.0,1789526192452,119317435630603
5,29206,100.0,1789526192452,119317435630603
6,29206,0.0,1789526192452,119317435630603
7,29206,0.0,1789526192452,119317435630603
0,29306,0.0,1789526192552,119317438044211
1,29306,0.0,1789526192552,119317438044211
2,29306,0.0,1789526192552,119317438044211
3,29306,0.0,1789526192552,119317438044211
4,29306,0.0,1789526192552,119317438044211
5,29306,100.0,1789526192552,119317438044211
6,29306,0.0,1789526192552,119317438044211
7,29306,0.0,1789526192552,119317438044211
0,29407,0.0,1789526192653,119317440457156
1,29407,0.0,1789526192653,119317440457156
2,29407,0.0,1789526192653,119317440457156
3,29407,0.0,1789526192653,119317440457156
4,29407,0.0,1789526192653,119317440457156
5,29407,100.0,1789526192653,119317440457156
6,29407,0.0,1789526192653,119317440457156
7,29407,0.0,1789526192653,119317440457156
0,29508,0.0,1789526192754,119317442870050
1,29508,0.0,1789526192754,119317442870050
2,29508,0.0,1789526192754,119317442870050
3,29508,0.0,1789526192754,119317442870050
4,29508,0.0,1789526192754,119317442870050
5,29508,100.0,1789526192754,119317442870050
6,29508,0.0,1789526192754,119317442870050
7,29508,0.0,1789526192754,119317442870050
0,29608,0.0,1789526192854,119317445282647
1,29608,0.0,1789526192854,119317445282647
2,29608,0.0,1789526192854,119317445282647
3,29608,0.0,1789526192854,119317445282647
4,29608,0.0,1789526192854,119317445282647
5,29608,10.0,1789526192854,119317445282647
6,29608,100.0,1789526192854,119317445282647
7,29608,0.0,1789526192854,119317445282647
0,29709,0.0,1789526192955,119317447694683
1,29709,0.0,1789526192955,119317447694683
2,29709,0.0,1789526192955,119317447694683
3,29709,0.0,1789526192955,119317447694683
4,29709,0.0,1789526192955,119317447694683
5,29709,0.0,1789526192955,119317447694683
6,29709,100.0,1789526192955,119317447694683
7,29709,0.0,1789526192955,119317447694683
0,29809,0.0,1789526193055,119317450107548
1,29809,0.0,1789526193055,119317450107548
2,29809,0.0,1789526193055,119317450107548
3,29809,0.0,1789526193055,119317450107548
4,29809,0.0,1789526193055,119317450107548
5,29809,0.0,1789526193055,119317450107548
6,29809,100.0,1789526193055,119317450107548
7,29809,0.0,1789526193055,119317450107548
0,29910,0.0,1789526193156,119317452519141
1,29910,0.0,1789526193156,119317452519141
2,29910,0.0,1789526193156,119317452519141
3,29910,0.0,1789526193156,119317452519141
4,29910,0.0,1789526193156,119317452519141
5,29910,0.0,1789526193156,119317452519141
6,29910,100.0,1789526193156,119317452519141
7,29910,0.0,1789526193156,119317452519141
0,30010,0.0,1789526193256,119317454930577
1,30010,0.0,1789526193256,119317454930577
2,30010,0.0,1789526193256,119317454930577
3,30010,0.0,1789526193256,119317454930577
4,30010,0.0,1789526193256,119317454930577
5,30010,0.0,1789526193256,119317454930577
6,30010,100.0,1789526193256,119317454930577
7,30010,0.0,1789526193256,119317454930577
0,30111,0.0,1789526193357,119317457344066
1,30111,0.0,1789526193357,119317457344066
2,30111,0.0,1789526193357,119317457344066
3,30111,0.0,1789526193357,119317457344066
4,30111,0.0,1789526193357,119317457344066
5,30111,0.0,1789526193357,119317457344066
6,30111,100.0,1789526193357,119317457344066
7,30111,0.0,1789526193357,119317457344066
0,30211,0.0,1789526193457,119317459756931
1,30211,10.0,1789526193457,119317459756931
2,30211,0.0,1789526193457,119317459756931
3,30211,0.0,1789526193457,119317459756931
4,30211,81.8,1789526193457,119317459756931
5,30211,0.0,1789526193457,119317459756931
6,30211,20.0,1789526193457,119317459756931
7,30211,0.0,1789526193457,119317459756931
0,30312,0.0,1789526193558,119317462170335
1,30312,0.0,1789526193558,119317462170335
2,30312,0.0,1789526193558,119317462170335
3,30312,0.0,1789526193558,119317462170335
4,30312,100.0,1789526193558,119317462170335
5,30312,0.0,1789526193558,119317462170335
6,30312,0.0,1789526193558,119317462170335
7,30312,0.0,1789526193558,119317462170335
0,30412,0.0,1789526193658,119317464584364
1,30412,0.0,1789526193658,119317464584364
2,30412,0.0,1789526193658,119317464584364
3,30412,0.0,1789526193658,119317464584364
4,30412,100.0,1789526193658,119317464584364
5,30412,0.0,1789526193658,119317464584364
6,30412,0.0,1789526193658,119317464584364
7,30412,9.1,1789526193658,119317464584364
0,30513,0.0,1789526193759,119317467001422
1,30513,0.0,1789526193759,119317467001422
2,30513,9.1,1789526193759,119317467001422
3,30513,0.0,1789526193759,119317467001422
4,30513,90.0,1789526193759,119317467001422
5,30513,0.0,1789526193759,119317467001422
6,30513,0.0,1789526193759,119317467001422
7,30513,0.0,1789526193759,119317467001422
0,30614,0.0,1789526193860,119317469413931
1,30614,0.0,1789526193860,119317469413931
2,30614,0.0,1789526193860,119317469413931
3,30614,0.0,1789526193860,119317469413931
4,30614,100.0,1789526193860,119317469413931
5,30614,9.1,1789526193860,119317469413931
6,30614,0.0,1789526193860,119317469413931
7,30614,0.0,1789526193860,119317469413931
0,30714,0.0,1789526193960,119317471827365
1,30714,0.0,1789526193960,119317471827365
2,30714,0.0,1789526193960,119317471827365
3,30714,0.0,1789526193960,119317471827365
4,30714,100.0,1789526193960,119317471827365
5,30714,0.0,1789526193960,119317471827365
6,30714,0.0,1789526193960,119317471827365
7,30714,0.0,1789526193960,119317471827365
0,30815,0.0,1789526194061,119317474240833
1,30815,0.0,1789526194061,119317474240833
2,30815,0.0,1789526194061,119317474240833
3,30815,0.0,1789526194061,119317474240833
4,30815,100.0,1789526194061,119317474240833
5,30815,0.0,1789526194061,119317474240833
6,30815,0.0,1789526194061,119317474240833
7,30815,0.0,1789526194061,119317474240833
0,30915,20.0,1789526194161,119317476653629
1,30915,0.0,1789526194161,119317476653629
2,30915,30.0,1789526194161,119317476653629
3,30915,18.2,1789526194161,119317476653629
4,30915,10.0,1789526194161,119317476653629
5,30915,10.0,1789526194161,119317476653629
6,30915,20.0,1789526194161,119317476653629
7,30915,20.0,1789526194161,119317476653629
0,30929,0.0,1789526194175,119317476974740
1,30929,50.0,1789526194175,119317476974740
2,30929,0.0,1789526194175,119317476974740
3,30929,0.0,1789526194175,119317476974740
4,30929,50.0,1789526194175,119317476974740
5,30929,0.0,1789526194175,119317476974740
6,30929,50.0,1789526194175,119317476974740
7,30929,0.0,1789526194175,119317476974740
